60.0 APEX_CODE,FINEST;APEX_PROFILING,INFO;CALLOUT,INFO;DATA_ACCESS,INFO;DB,INFO;NBA,INFO;SYSTEM,DEBUG;VALIDATION,INFO;VISUALFORCE,INFO;WAVE,INFO;WORKFLOW,INFO
11:31:48.1 (1467276)|USER_INFO|[EXTERNAL]|005g80000010N45|sabrina.jesus@resourceful-moose-fmmd11.com|(GMT-03:00) Brasilia Standard Time (America/Sao_Paulo)|GMT-03:00
11:31:48.1 (1556613)|EXECUTION_STARTED
11:31:48.1 (1583508)|CODE_UNIT_STARTED|[EXTERNAL]|Validation:Account:new
11:31:48.1 (1668799)|VALIDATION_RULE|03dg8000000honx|Obrigatorio_AccountGroup
11:31:48.1 (2116572)|VALIDATION_FORMULA|ISBLANK(AccountGroup__c)|AccountGroup__c=a02g8000002871Z
11:31:48.1 (2148109)|VALIDATION_PASS
11:31:48.1 (2164573)|VALIDATION_RULE|03dg8000000hbab|validacao_CNPJ
11:31:48.1 (2332055)|VALIDATION_FORMULA|NOT(
    REGEX(CNPJ__c, "^(\\d{2}\\.\\d{3}\\.\\d{3}/\\d{4}\\-\\d{2})?$")
)|CNPJ__c=55.595.711/0001-48
11:31:48.1 (2341621)|VALIDATION_PASS
11:31:48.1 (2355891)|CODE_UNIT_FINISHED|Validation:Account:new
11:31:48.1 (2367543)|EXECUTION_FINISHED
11:31:48.70 (70991250)|USER_INFO|[EXTERNAL]|005g80000010N45|sabrina.jesus@resourceful-moose-fmmd11.com|(GMT-03:00) Brasilia Standard Time (America/Sao_Paulo)|GMT-03:00
11:31:48.70 (71019022)|EXECUTION_STARTED
11:31:48.70 (71044284)|CODE_UNIT_STARTED|[EXTERNAL]|Validation:Order:new
11:31:48.70 (71084286)|VALIDATION_RULE|03dg8000000aS4D|Bloquear_Alteracao_Conta_Pedido
11:31:48.70 (71419056)|VALIDATION_FORMULA|ISCHANGED(AccountId) && NOT(ISNEW())|AccountId=001g800000DSnO5
11:31:48.70 (71439059)|VALIDATION_PASS
11:31:48.70 (71448855)|CODE_UNIT_FINISHED|Validation:Order:new
11:31:48.70 (71458702)|EXECUTION_FINISHED
11:31:48.151 (151235155)|USER_INFO|[EXTERNAL]|005g80000010N45|sabrina.jesus@resourceful-moose-fmmd11.com|(GMT-03:00) Brasilia Standard Time (America/Sao_Paulo)|GMT-03:00
11:31:48.151 (151277336)|EXECUTION_STARTED
11:31:48.151 (151301357)|CODE_UNIT_STARTED|[EXTERNAL]|TRIGGERS
11:31:48.151 (151334122)|CODE_UNIT_STARTED|[EXTERNAL]|01qg8000000Fou9|OrdemItemTrigger on OrderItem trigger event BeforeInsert|__sfdc_trigger/OrdemItemTrigger
11:31:48.151 (151425697)|HEAP_ALLOCATE|[EXTERNAL]|Bytes:12
11:31:48.151 (152083460)|HEAP_ALLOCATE|[95]|Bytes:3
11:31:48.151 (152171243)|HEAP_ALLOCATE|[100]|Bytes:152
11:31:48.151 (152186742)|HEAP_ALLOCATE|[417]|Bytes:408
11:31:48.151 (152198305)|HEAP_ALLOCATE|[430]|Bytes:408
11:31:48.151 (152218911)|HEAP_ALLOCATE|[317]|Bytes:6
11:31:48.151 (152241489)|HEAP_ALLOCATE|[EXTERNAL]|Bytes:4
11:31:48.151 (152322715)|VARIABLE_SCOPE_BEGIN|[1]|this|OrdemItemTrigger|true|false
11:31:48.151 (152505626)|VARIABLE_ASSIGNMENT|[1]|this|{}|0x2c271cb0
11:31:48.151 (152559959)|HEAP_ALLOCATE|[EXTERNAL]|Bytes:4
11:31:48.151 (152571556)|VARIABLE_SCOPE_BEGIN|[1]|this|OrdemItemTrigger|true|false
11:31:48.151 (152595452)|VARIABLE_ASSIGNMENT|[1]|this|{}|0x2c271cb0
11:31:48.151 (152632856)|STATEMENT_EXECUTE|[1]
11:31:48.151 (152638932)|STATEMENT_EXECUTE|[2]
11:31:48.151 (160503037)|VARIABLE_SCOPE_BEGIN|[63]|TriggerHandler.BYPASS_ALL_ALIAS|String|false|true
11:31:48.151 (160535394)|VARIABLE_SCOPE_BEGIN|[839]|TriggerHandler.ERROR_TRIGGERCONTEXT|String|false|true
11:31:48.151 (160592102)|VARIABLE_SCOPE_BEGIN|[26]|TriggerHandler.bypassedHandlers|Set<String>|true|true
11:31:48.151 (160606607)|VARIABLE_SCOPE_BEGIN|[32]|TriggerHandler.globalBypass|Boolean|false|true
11:31:48.151 (161060786)|VARIABLE_SCOPE_BEGIN|[20]|TriggerHandler.loopCountMap|Map<String,TriggerHandler.LoopCount>|true|true
11:31:48.151 (161073265)|VARIABLE_SCOPE_BEGIN|[44]|TriggerHandler.showDebug|Boolean|false|true
11:31:48.151 (161081368)|VARIABLE_SCOPE_BEGIN|[38]|TriggerHandler.showLimits|Boolean|false|true
11:31:48.151 (161114397)|HEAP_ALLOCATE|[2]|Bytes:21
11:31:48.151 (161135464)|HEAP_ALLOCATE|[2]|Bytes:6
11:31:48.151 (161180834)|METHOD_ENTRY|[1]|01pg8000001EZwd|OrdemItemHandler.OrdemItemHandler()
11:31:48.151 (161208309)|STATEMENT_EXECUTE|[1]
11:31:48.151 (161222120)|STATEMENT_EXECUTE|[1]
11:31:48.151 (161236957)|METHOD_EXIT|[1]|OrdemItemHandler
11:31:48.151 (161384581)|HEAP_ALLOCATE|[2]|Bytes:32
11:31:48.151 (161426077)|CONSTRUCTOR_ENTRY|[2]|01pg8000001EZwd|<init>()|OrdemItemHandler
11:31:48.151 (161516189)|VARIABLE_SCOPE_BEGIN|[9]|this|OrdemItemHandler|true|false
11:31:48.151 (161736048)|VARIABLE_ASSIGNMENT|[9]|this|{}|0x630a513d
11:31:48.151 (161750964)|STATEMENT_EXECUTE|[1]
11:31:48.151 (161754704)|STATEMENT_EXECUTE|[3]
11:31:48.151 (161815116)|STATEMENT_EXECUTE|[4]
11:31:48.151 (161818879)|STATEMENT_EXECUTE|[5]
11:31:48.151 (161821651)|STATEMENT_EXECUTE|[6]
11:31:48.151 (161824486)|STATEMENT_EXECUTE|[10]
11:31:48.151 (161829614)|HEAP_ALLOCATE|[10]|Bytes:16
11:31:48.151 (161841680)|HEAP_ALLOCATE|[10]|Bytes:33
11:31:48.151 (161848374)|HEAP_ALLOCATE|[10]|Bytes:166
11:31:48.151 (161852064)|HEAP_ALLOCATE|[10]|Bytes:55
11:31:48.151 (161855250)|HEAP_ALLOCATE|[10]|Bytes:9
11:31:48.151 (161913454)|VARIABLE_ASSIGNMENT|[10]|TriggerHandler.BYPASS_ALL_ALIAS|"BypassAll"
11:31:48.151 (161917615)|HEAP_ALLOCATE|[10]|Bytes:51
11:31:48.151 (161929020)|VARIABLE_ASSIGNMENT|[10]|TriggerHandler.ERROR_TRIGGERCONTEXT|"Trigger handler call (31 more) ..."
11:31:48.151 (161946457)|METHOD_ENTRY|[15]|01pg80000019iSf|TriggerHandler.TriggerHandler()
11:31:48.151 (161951861)|STATEMENT_EXECUTE|[15]
11:31:48.151 (161957067)|STATEMENT_EXECUTE|[15]
11:31:48.151 (161959856)|STATEMENT_EXECUTE|[66]
11:31:48.151 (161962485)|STATEMENT_EXECUTE|[67]
11:31:48.151 (161976960)|HEAP_ALLOCATE|[67]|Bytes:4
11:31:48.151 (162028481)|VARIABLE_ASSIGNMENT|[67]|TriggerHandler.loopCountMap|{}|0x17e524ed
11:31:48.151 (162035366)|STATEMENT_EXECUTE|[68]
11:31:48.151 (162044762)|HEAP_ALLOCATE|[68]|Bytes:4
11:31:48.151 (162161235)|VARIABLE_ASSIGNMENT|[68]|TriggerHandler.bypassedHandlers|[]|0x26d70c95
11:31:48.151 (162168561)|STATEMENT_EXECUTE|[69]
11:31:48.151 (162188201)|HEAP_ALLOCATE|[68]|Bytes:5
11:31:48.151 (162220878)|HEAP_ALLOCATE|[74]|Bytes:5
11:31:48.151 (162231588)|HEAP_ALLOCATE|[82]|Bytes:7
11:31:48.151 (162605694)|HEAP_ALLOCATE|[69]|Bytes:5
11:31:48.151 (162634815)|VARIABLE_ASSIGNMENT|[69]|TriggerHandler.globalBypass|false
11:31:48.151 (162646958)|STATEMENT_EXECUTE|[70]
11:31:48.151 (162652246)|HEAP_ALLOCATE|[70]|Bytes:5
11:31:48.151 (162663232)|VARIABLE_ASSIGNMENT|[70]|TriggerHandler.showLimits|false
11:31:48.151 (162669347)|STATEMENT_EXECUTE|[71]
11:31:48.151 (162672597)|HEAP_ALLOCATE|[71]|Bytes:5
11:31:48.151 (162681121)|VARIABLE_ASSIGNMENT|[71]|TriggerHandler.showDebug|false
11:31:48.151 (162686422)|STATEMENT_EXECUTE|[755]
11:31:48.151 (162689923)|STATEMENT_EXECUTE|[832]
11:31:48.151 (162699036)|METHOD_EXIT|[15]|TriggerHandler
11:31:48.151 (162715212)|CONSTRUCTOR_ENTRY|[10]|01pg80000019iSf|<init>(String)|TriggerHandler
11:31:48.151 (162840251)|VARIABLE_SCOPE_BEGIN|[107]|this|TriggerHandler|true|false
11:31:48.151 (162915141)|VARIABLE_ASSIGNMENT|[107]|this|{}|0x630a513d
11:31:48.151 (162925755)|VARIABLE_SCOPE_BEGIN|[107]|handlerName|String|false|false
11:31:48.151 (162939432)|VARIABLE_ASSIGNMENT|[107]|handlerName|"OrderItemHandler"
11:31:48.151 (162947951)|STATEMENT_EXECUTE|[15]
11:31:48.151 (162951147)|STATEMENT_EXECUTE|[50]
11:31:48.151 (162953916)|STATEMENT_EXECUTE|[57]
11:31:48.151 (162956656)|STATEMENT_EXECUTE|[671]
11:31:48.151 (162964796)|HEAP_ALLOCATE|[108]|Bytes:6
11:31:48.151 (165429558)|STATEMENT_EXECUTE|[107]
11:31:48.151 (165441137)|STATEMENT_EXECUTE|[108]
11:31:48.151 (165465460)|STATEMENT_EXECUTE|[109]
11:31:48.151 (165521203)|METHOD_ENTRY|[109]|01pg80000019iSf|TriggerHandler.setTriggerContext()
11:31:48.151 (165571366)|VARIABLE_SCOPE_BEGIN|[565]|this|TriggerHandler|true|false
11:31:48.151 (165679397)|VARIABLE_ASSIGNMENT|[565]|this|{"handlerName":"OrderItemHandler"}|0x630a513d
11:31:48.151 (165692131)|STATEMENT_EXECUTE|[565]
11:31:48.151 (165695397)|STATEMENT_EXECUTE|[566]
11:31:48.151 (165819328)|HEAP_ALLOCATE|[566]|Bytes:16
11:31:48.151 (165853190)|METHOD_ENTRY|[566]|01pg80000019iSf|TriggerHandler.setTriggerContext(System.TriggerOperation, Boolean)
11:31:48.151 (165863630)|VARIABLE_SCOPE_BEGIN|[582]|this|TriggerHandler|true|false
11:31:48.151 (165901982)|VARIABLE_ASSIGNMENT|[582]|this|{"handlerName":"OrderItemHandler"}|0x630a513d
11:31:48.151 (165912014)|VARIABLE_SCOPE_BEGIN|[582]|opType|System.TriggerOperation|true|false
11:31:48.151 (165951685)|VARIABLE_ASSIGNMENT|[582]|opType|"BEFORE_INSERT"|0x7fbe9122
11:31:48.151 (165966817)|VARIABLE_SCOPE_BEGIN|[582]|testMode|Boolean|false|false
11:31:48.151 (165978173)|VARIABLE_ASSIGNMENT|[582]|testMode|false
11:31:48.151 (165986137)|STATEMENT_EXECUTE|[582]
11:31:48.151 (165999392)|STATEMENT_EXECUTE|[586]
11:31:48.151 (166002050)|STATEMENT_EXECUTE|[587]
11:31:48.151 (166007405)|HEAP_ALLOCATE|[587]|Bytes:5
11:31:48.151 (166040774)|STATEMENT_EXECUTE|[590]
11:31:48.151 (166043974)|STATEMENT_EXECUTE|[592]
11:31:48.151 (166070499)|HEAP_ALLOCATE|[592]|Bytes:16
11:31:48.151 (166081337)|STATEMENT_EXECUTE|[595]
11:31:48.151 (166113198)|VARIABLE_SCOPE_BEGIN|[595]|context|String|false|false
11:31:48.151 (166142093)|VARIABLE_ASSIGNMENT|[595]|context|"BEFORE_INSERT"
11:31:48.151 (166146911)|STATEMENT_EXECUTE|[597]
11:31:48.151 (166151936)|HEAP_ALLOCATE|[598]|Bytes:13
11:31:48.151 (166209680)|STATEMENT_EXECUTE|[598]
11:31:48.151 (166212516)|STATEMENT_EXECUTE|[599]
11:31:48.151 (166235544)|METHOD_EXIT|[566]|01pg80000019iSf|TriggerHandler.setTriggerContext(System.TriggerOperation, Boolean)
11:31:48.151 (166239791)|METHOD_EXIT|[109]|01pg80000019iSf|TriggerHandler.setTriggerContext()
11:31:48.151 (166251358)|CONSTRUCTOR_EXIT|[10]|01pg80000019iSf|<init>(String)|TriggerHandler
11:31:48.151 (166258283)|STATEMENT_EXECUTE|[9]
11:31:48.151 (166269101)|STATEMENT_EXECUTE|[11]
11:31:48.151 (176523252)|VARIABLE_ASSIGNMENT|[11]|this.newRecords|[{"Product_Code_Display__c":"P003","IsDeleted":false,"UnitPrice":1350000.00,"Product2Id":"01tg8000001BArVAAW","PricebookEntryId":"01ug8000000XnbRAAS","TotalPrice":2700000.00,"Quantity":2.00,"ExternalId__c":"orderItem004","ListPrice":1350000.00,"OrderId":"801g800000DSnO6AAL"},{"Product_Code_Display__c":"P010","IsDeleted":false,"UnitPrice":19500.00,"Product2Id":"01tg8000001BArcAAG","PricebookEntryId":"01ug8000000XoZ7AAK","TotalPrice":19500.00,"Quantity":1.00,"ExternalId__c":"orderItem005","ListPrice":19500.00,"OrderId":"801g800000DSnO6AAL"}]|0x630a513d
11:31:48.151 (176646941)|STATEMENT_EXECUTE|[12]
11:31:48.151 (176718348)|VARIABLE_ASSIGNMENT|[12]|this.oldRecords|null|0x630a513d
11:31:48.151 (176726369)|STATEMENT_EXECUTE|[13]
11:31:48.151 (177389535)|VARIABLE_ASSIGNMENT|[13]|this.newRecordsMap|null|0x630a513d
11:31:48.151 (177401223)|STATEMENT_EXECUTE|[14]
11:31:48.151 (177524615)|VARIABLE_ASSIGNMENT|[14]|this.oldRecordsMap|null|0x630a513d
11:31:48.151 (177546345)|CONSTRUCTOR_EXIT|[2]|01pg8000001EZwd|<init>()|OrdemItemHandler
11:31:48.151 (177586528)|METHOD_ENTRY|[2]|01pg80000019iSf|TriggerHandler.run()
11:31:48.151 (177627065)|VARIABLE_SCOPE_BEGIN|[120]|this|TriggerHandler|true|false
11:31:48.151 (177733228)|VARIABLE_ASSIGNMENT|[120]|this|{"newRecords":"0x246febe0","handlerName":"OrderItemHandler","isTriggerExecuting":true,"triggerEvent":"0x7fbe9122"}|0x630a513d
11:31:48.151 (177744823)|STATEMENT_EXECUTE|[120]
11:31:48.151 (177797859)|METHOD_ENTRY|[121]|01pg80000019iSf|TriggerHandler.validateRun()
11:31:48.151 (177828262)|VARIABLE_SCOPE_BEGIN|[661]|this|TriggerHandler|true|false
11:31:48.151 (177866250)|VARIABLE_ASSIGNMENT|[661]|this|{"newRecords":"0x246febe0","handlerName":"OrderItemHandler","isTriggerExecuting":true,"triggerEvent":"0x7fbe9122"}|0x630a513d
11:31:48.151 (177874770)|STATEMENT_EXECUTE|[661]
11:31:48.151 (177885760)|STATEMENT_EXECUTE|[662]
11:31:48.151 (177914188)|STATEMENT_EXECUTE|[665]
11:31:48.151 (177925253)|METHOD_ENTRY|[665]|01pg80000019iSf|TriggerHandler.getHandlerName()
11:31:48.151 (177945803)|VARIABLE_SCOPE_BEGIN|[680]|this|TriggerHandler|true|false
11:31:48.151 (177980425)|VARIABLE_ASSIGNMENT|[680]|this|{"newRecords":"0x246febe0","handlerName":"OrderItemHandler","isTriggerExecuting":true,"triggerEvent":"0x7fbe9122"}|0x630a513d
11:31:48.151 (177988573)|STATEMENT_EXECUTE|[680]
11:31:48.151 (178034801)|STATEMENT_EXECUTE|[681]
11:31:48.151 (178055725)|STATEMENT_EXECUTE|[684]
11:31:48.151 (178062180)|METHOD_EXIT|[665]|01pg80000019iSf|TriggerHandler.getHandlerName()
11:31:48.151 (178085132)|METHOD_EXIT|[121]|01pg80000019iSf|TriggerHandler.validateRun()
11:31:48.151 (178089287)|STATEMENT_EXECUTE|[121]
11:31:48.151 (178094215)|METHOD_ENTRY|[126]|01pg80000019iSf|TriggerHandler.incrementCheckLoopCount()
11:31:48.151 (178107147)|VARIABLE_SCOPE_BEGIN|[634]|this|TriggerHandler|true|false
11:31:48.151 (178148192)|VARIABLE_ASSIGNMENT|[634]|this|{"newRecords":"0x246febe0","handlerName":"OrderItemHandler","isTriggerExecuting":true,"triggerEvent":"0x7fbe9122"}|0x630a513d
11:31:48.151 (178158834)|STATEMENT_EXECUTE|[634]
11:31:48.151 (178161180)|STATEMENT_EXECUTE|[635]
11:31:48.151 (178183040)|METHOD_ENTRY|[635]|01pg80000019iSf|TriggerHandler.getHandlerName()
11:31:48.151 (178193248)|VARIABLE_SCOPE_BEGIN|[680]|this|TriggerHandler|true|false
11:31:48.151 (178225838)|VARIABLE_ASSIGNMENT|[680]|this|{"newRecords":"0x246febe0","handlerName":"OrderItemHandler","isTriggerExecuting":true,"triggerEvent":"0x7fbe9122"}|0x630a513d
11:31:48.151 (178232801)|STATEMENT_EXECUTE|[680]
11:31:48.151 (178244460)|STATEMENT_EXECUTE|[681]
11:31:48.151 (178246671)|STATEMENT_EXECUTE|[684]
11:31:48.151 (178250108)|METHOD_EXIT|[635]|01pg80000019iSf|TriggerHandler.getHandlerName()
11:31:48.151 (178257251)|VARIABLE_SCOPE_BEGIN|[635]|handlerName|String|false|false
11:31:48.151 (178271958)|VARIABLE_ASSIGNMENT|[635]|handlerName|"OrderItemHandler"
11:31:48.151 (178307393)|STATEMENT_EXECUTE|[636]
11:31:48.151 (178309843)|STATEMENT_EXECUTE|[649]
11:31:48.151 (178313003)|METHOD_EXIT|[126]|01pg80000019iSf|TriggerHandler.incrementCheckLoopCount()
11:31:48.151 (178317156)|STATEMENT_EXECUTE|[126]
11:31:48.151 (178321433)|STATEMENT_EXECUTE|[130]
11:31:48.151 (178323455)|STATEMENT_EXECUTE|[135]
11:31:48.151 (178409915)|STATEMENT_EXECUTE|[136]
11:31:48.151 (178412167)|STATEMENT_EXECUTE|[137]
11:31:48.151 (178427329)|METHOD_ENTRY|[137]|01pg8000001EZwd|OrdemItemHandler.beforeInsert()
11:31:48.151 (178445829)|VARIABLE_SCOPE_BEGIN|[18]|this|OrdemItemHandler|true|false
11:31:48.151 (178484204)|VARIABLE_ASSIGNMENT|[18]|this|{"newRecords":"0x246febe0","handlerName":"OrderItemHandler","isTriggerExecuting":true,"triggerEvent":"0x7fbe9122"}|0x630a513d
11:31:48.151 (178493303)|STATEMENT_EXECUTE|[18]
11:31:48.151 (178496138)|STATEMENT_EXECUTE|[19]
11:31:48.151 (178501709)|METHOD_ENTRY|[19]|01pg8000001EZwd|OrdemItemHandler.checkActiveOrderItem()
11:31:48.151 (178515892)|VARIABLE_SCOPE_BEGIN|[181]|this|OrdemItemHandler|true|false
11:31:48.151 (178902770)|VARIABLE_ASSIGNMENT|[181]|this|{"newRecords":"0x246febe0","handlerName":"OrderItemHandler","isTriggerExecuting":true,"triggerEvent":"0x7fbe9122"}|0x630a513d
11:31:48.151 (178944162)|STATEMENT_EXECUTE|[181]
11:31:48.151 (178953622)|STATEMENT_EXECUTE|[182]
11:31:48.151 (178961957)|VARIABLE_SCOPE_BEGIN|[182]|listaParaValidar|List<OrderItem>|true|false
11:31:48.151 (178981989)|VARIABLE_ASSIGNMENT|[182]|listaParaValidar|null|
11:31:48.151 (178987346)|STATEMENT_EXECUTE|[183]
11:31:48.151 (179012968)|HEAP_ALLOCATE|[183]|Bytes:4
11:31:48.151 (179049229)|VARIABLE_SCOPE_BEGIN|[183]|idOrders|Set<Id>|true|false
11:31:48.151 (179089496)|VARIABLE_ASSIGNMENT|[183]|idOrders|[]|0x7a87d163
11:31:48.151 (179095289)|STATEMENT_EXECUTE|[184]
11:31:48.151 (179214640)|HEAP_ALLOCATE|[184]|Bytes:4
11:31:48.151 (179254901)|VARIABLE_SCOPE_BEGIN|[184]|idMapOrders|Map<Id,Order>|true|false
11:31:48.151 (179276528)|VARIABLE_ASSIGNMENT|[184]|idMapOrders|{}|0x5f4a4c1
11:31:48.151 (179293547)|STATEMENT_EXECUTE|[188]
11:31:48.151 (179296312)|STATEMENT_EXECUTE|[189]
11:31:48.151 (180267146)|VARIABLE_ASSIGNMENT|[189]|listaParaValidar|[{"Product_Code_Display__c":"P003","IsDeleted":false,"UnitPrice":1350000.00,"Product2Id":"01tg8000001BArVAAW","PricebookEntryId":"01ug8000000XnbRAAS","TotalPrice":2700000.00,"Quantity":2.00,"ExternalId__c":"orderItem004","ListPrice":1350000.00,"OrderId":"801g800000DSnO6AAL"},{"Product_Code_Display__c":"P010","IsDeleted":false,"UnitPrice":19500.00,"Product2Id":"01tg8000001BArcAAG","PricebookEntryId":"01ug8000000XoZ7AAK","TotalPrice":19500.00,"Quantity":1.00,"ExternalId__c":"orderItem005","ListPrice":19500.00,"OrderId":"801g800000DSnO6AAL"}]|0x246febe0
11:31:48.151 (180489235)|HEAP_ALLOCATE|[192]|Bytes:5
11:31:48.151 (180552525)|HEAP_ALLOCATE|[192]|Bytes:4
11:31:48.151 (180563887)|VARIABLE_SCOPE_BEGIN|[192]|ot|OrderItem|true|false
11:31:48.151 (180975696)|VARIABLE_ASSIGNMENT|[192]|ot|{"Product_Code_Display__c":"P003","IsDeleted":false,"UnitPrice":1350000.00,"Product2Id":"01tg8000001BArVAAW","PricebookEntryId":"01ug8000000XnbRAAS","TotalPrice":2700000.00,"Quantity":2.00,"ExternalId__c":"orderItem004","ListPrice":1350000.00,"OrderId":"801g800000DSnO6AAL"}|0x6eac3646
11:31:48.151 (180990654)|STATEMENT_EXECUTE|[192]
11:31:48.151 (180994007)|STATEMENT_EXECUTE|[193]
11:31:48.151 (181049257)|HEAP_ALLOCATE|[EXTERNAL]|Bytes:4
11:31:48.151 (181062548)|HEAP_ALLOCATE|[192]|Bytes:5
11:31:48.151 (181072387)|HEAP_ALLOCATE|[192]|Bytes:4
11:31:48.151 (181078057)|VARIABLE_SCOPE_BEGIN|[192]|ot|OrderItem|true|false
11:31:48.151 (181599070)|VARIABLE_ASSIGNMENT|[192]|ot|{"Product_Code_Display__c":"P010","IsDeleted":false,"UnitPrice":19500.00,"Product2Id":"01tg8000001BArcAAG","PricebookEntryId":"01ug8000000XoZ7AAK","TotalPrice":19500.00,"Quantity":1.00,"ExternalId__c":"orderItem005","ListPrice":19500.00,"OrderId":"801g800000DSnO6AAL"}|0x2b64733
11:31:48.151 (181619888)|STATEMENT_EXECUTE|[192]
11:31:48.151 (181622773)|STATEMENT_EXECUTE|[193]
11:31:48.151 (181632219)|HEAP_ALLOCATE|[EXTERNAL]|Bytes:4
11:31:48.151 (181641389)|HEAP_ALLOCATE|[192]|Bytes:5
11:31:48.151 (181658186)|VARIABLE_ASSIGNMENT|[192]|ot|null|
11:31:48.151 (181665299)|STATEMENT_EXECUTE|[196]
11:31:48.151 (184248036)|HEAP_ALLOCATE|[196]|Bytes:1
11:31:48.151 (184297231)|METHOD_ENTRY|[1]|01pg8000001w1Md|OrderSelector.OrderSelector()
11:31:48.151 (184331880)|STATEMENT_EXECUTE|[1]
11:31:48.151 (184344131)|STATEMENT_EXECUTE|[1]
11:31:48.151 (184352475)|METHOD_EXIT|[1]|OrderSelector
11:31:48.151 (184394549)|METHOD_ENTRY|[196]|01pg8000001w1Md|OrderSelector.getOrdersByIds(Set<Id>)
11:31:48.151 (184437456)|VARIABLE_SCOPE_BEGIN|[2]|ids|Set<Id>|true|false
11:31:48.151 (184468864)|VARIABLE_ASSIGNMENT|[2]|ids|["801g800000DSnO6AAL"]|0x7a87d163
11:31:48.151 (184477222)|STATEMENT_EXECUTE|[2]
11:31:48.151 (184483324)|STATEMENT_EXECUTE|[3]
11:31:48.151 (184497527)|HEAP_ALLOCATE|[3]|Bytes:4
11:31:48.151 (184503800)|HEAP_ALLOCATE|[3]|Bytes:113
11:31:48.151 (184513284)|HEAP_ALLOCATE|[3]|Bytes:4
11:31:48.151 (184522322)|HEAP_ALLOCATE|[3]|Bytes:7
11:31:48.151 (185242283)|SOQL_EXECUTE_BEGIN|[3]|Aggregations:0|SELECT Id, DistributionCenter__c, State__c, City__c, Country__c, AccountId, Status FROM Order WHERE Id = :tmpVar1
11:31:48.151 (192534095)|SOQL_EXECUTE_END|[3]|Rows:1
11:31:48.151 (192569816)|HEAP_ALLOCATE|[3]|Bytes:8
11:31:48.151 (192586533)|HEAP_ALLOCATE|[3]|Bytes:209
11:31:48.151 (192655119)|HEAP_ALLOCATE|[3]|Bytes:8
11:31:48.151 (192704409)|HEAP_ALLOCATE|[3]|Bytes:32
11:31:48.151 (192716689)|HEAP_ALLOCATE|[3]|Bytes:4
11:31:48.151 (192733663)|METHOD_EXIT|[196]|01pg8000001w1Md|OrderSelector.getOrdersByIds(Set<Id>)
11:31:48.151 (192908283)|VARIABLE_ASSIGNMENT|[196]|idMapOrders|{"801g800000DSnO6AAL":{"Status":"Draft","City__c":"a05g8000001KAc9AAG","Country__c":"a03g8000004x8aeAAA","AccountId":"001g800000DSnO5AAL","DistributionCenter__c":"a06g8000000wkLpAAI","Id":"801g800000DSnO6AAL","State__c":"a04g8000000QmaTAAS"}}|0x44721ca0
11:31:48.151 (192978743)|HEAP_ALLOCATE|[198]|Bytes:5
11:31:48.151 (193000428)|HEAP_ALLOCATE|[198]|Bytes:4
11:31:48.151 (193011104)|VARIABLE_SCOPE_BEGIN|[198]|ot|OrderItem|true|false
11:31:48.151 (193574811)|VARIABLE_ASSIGNMENT|[198]|ot|{"Product_Code_Display__c":"P003","IsDeleted":false,"UnitPrice":1350000.00,"Product2Id":"01tg8000001BArVAAW","PricebookEntryId":"01ug8000000XnbRAAS","TotalPrice":2700000.00,"Quantity":2.00,"ExternalId__c":"orderItem004","ListPrice":1350000.00,"OrderId":"801g800000DSnO6AAL"}|0x6eac3646
11:31:48.151 (193595779)|STATEMENT_EXECUTE|[198]
11:31:48.151 (193599521)|STATEMENT_EXECUTE|[199]
11:31:48.151 (193651451)|VARIABLE_SCOPE_BEGIN|[199]|pedido|Order|true|false
11:31:48.151 (193730350)|VARIABLE_ASSIGNMENT|[199]|pedido|{"Status":"Draft","City__c":"a05g8000001KAc9AAG","Country__c":"a03g8000004x8aeAAA","AccountId":"001g800000DSnO5AAL","DistributionCenter__c":"a06g8000000wkLpAAI","Id":"801g800000DSnO6AAL","State__c":"a04g8000000QmaTAAS"}|0x34ece860
11:31:48.151 (193783565)|HEAP_ALLOCATE|[200]|Bytes:5
11:31:48.151 (193819272)|STATEMENT_EXECUTE|[200]
11:31:48.151 (193829385)|HEAP_ALLOCATE|[198]|Bytes:5
11:31:48.151 (193839985)|HEAP_ALLOCATE|[198]|Bytes:4
11:31:48.151 (193845270)|VARIABLE_SCOPE_BEGIN|[198]|ot|OrderItem|true|false
11:31:48.151 (194302316)|VARIABLE_ASSIGNMENT|[198]|ot|{"Product_Code_Display__c":"P010","IsDeleted":false,"UnitPrice":19500.00,"Product2Id":"01tg8000001BArcAAG","PricebookEntryId":"01ug8000000XoZ7AAK","TotalPrice":19500.00,"Quantity":1.00,"ExternalId__c":"orderItem005","ListPrice":19500.00,"OrderId":"801g800000DSnO6AAL"}|0x2b64733
11:31:48.151 (194313569)|STATEMENT_EXECUTE|[198]
11:31:48.151 (194316096)|STATEMENT_EXECUTE|[199]
11:31:48.151 (194330675)|VARIABLE_SCOPE_BEGIN|[199]|pedido|Order|true|false
11:31:48.151 (194376717)|VARIABLE_ASSIGNMENT|[199]|pedido|{"Status":"Draft","City__c":"a05g8000001KAc9AAG","Country__c":"a03g8000004x8aeAAA","AccountId":"001g800000DSnO5AAL","DistributionCenter__c":"a06g8000000wkLpAAI","Id":"801g800000DSnO6AAL","State__c":"a04g8000000QmaTAAS"}|0x34ece860
11:31:48.151 (194391145)|STATEMENT_EXECUTE|[200]
11:31:48.151 (194398425)|HEAP_ALLOCATE|[198]|Bytes:5
11:31:48.151 (194423663)|VARIABLE_ASSIGNMENT|[198]|ot|null|
11:31:48.151 (194433665)|METHOD_EXIT|[19]|01pg8000001EZwd|OrdemItemHandler.checkActiveOrderItem()
11:31:48.151 (194439192)|STATEMENT_EXECUTE|[20]
11:31:48.151 (194453084)|METHOD_ENTRY|[20]|01pg8000001EZwd|OrdemItemHandler.executePricingLogic()
11:31:48.151 (194487444)|VARIABLE_SCOPE_BEGIN|[35]|this|OrdemItemHandler|true|false
11:31:48.151 (194593089)|VARIABLE_ASSIGNMENT|[35]|this|{"newRecords":"0x246febe0","handlerName":"OrderItemHandler","isTriggerExecuting":true,"triggerEvent":"0x7fbe9122"}|0x630a513d
11:31:48.151 (194606210)|STATEMENT_EXECUTE|[35]
11:31:48.151 (194608710)|STATEMENT_EXECUTE|[37]
11:31:48.151 (194622864)|HEAP_ALLOCATE|[37]|Bytes:4
11:31:48.151 (194657257)|VARIABLE_SCOPE_BEGIN|[37]|setOrderIds|Set<Id>|true|false
11:31:48.151 (194695001)|VARIABLE_ASSIGNMENT|[37]|setOrderIds|[]|0xf050287
11:31:48.151 (194700268)|STATEMENT_EXECUTE|[38]
11:31:48.151 (194704661)|HEAP_ALLOCATE|[38]|Bytes:4
11:31:48.151 (194716991)|VARIABLE_SCOPE_BEGIN|[38]|setProductIds|Set<Id>|true|false
11:31:48.151 (194731028)|VARIABLE_ASSIGNMENT|[38]|setProductIds|[]|0x61df5c64
11:31:48.151 (194747939)|STATEMENT_EXECUTE|[39]
11:31:48.151 (194752135)|HEAP_ALLOCATE|[39]|Bytes:4
11:31:48.151 (194763993)|VARIABLE_SCOPE_BEGIN|[39]|setAccountIds|Set<Id>|true|false
11:31:48.151 (194781566)|VARIABLE_ASSIGNMENT|[39]|setAccountIds|[]|0x32a307d7
11:31:48.151 (194786404)|STATEMENT_EXECUTE|[42]
11:31:48.151 (194841627)|HEAP_ALLOCATE|[42]|Bytes:4
11:31:48.151 (194872653)|VARIABLE_SCOPE_BEGIN|[42]|itemsByOrderId|Map<Id,List<OrderItem>>|true|false
11:31:48.151 (194890724)|VARIABLE_ASSIGNMENT|[42]|itemsByOrderId|{}|0x5d984fca
11:31:48.151 (194923516)|HEAP_ALLOCATE|[45]|Bytes:5
11:31:48.151 (194935916)|HEAP_ALLOCATE|[45]|Bytes:4
11:31:48.151 (194941895)|VARIABLE_SCOPE_BEGIN|[45]|item|OrderItem|true|false
11:31:48.151 (195459183)|VARIABLE_ASSIGNMENT|[45]|item|{"Product_Code_Display__c":"P003","IsDeleted":false,"UnitPrice":1350000.00,"Product2Id":"01tg8000001BArVAAW","PricebookEntryId":"01ug8000000XnbRAAS","TotalPrice":2700000.00,"Quantity":2.00,"ExternalId__c":"orderItem004","ListPrice":1350000.00,"OrderId":"801g800000DSnO6AAL"}|0x6eac3646
11:31:48.151 (195474078)|STATEMENT_EXECUTE|[45]
11:31:48.151 (195482778)|STATEMENT_EXECUTE|[46]
11:31:48.151 (195484971)|STATEMENT_EXECUTE|[47]
11:31:48.151 (195511220)|HEAP_ALLOCATE|[EXTERNAL]|Bytes:4
11:31:48.151 (195534937)|STATEMENT_EXECUTE|[49]
11:31:48.151 (195546781)|HEAP_ALLOCATE|[49]|Bytes:4
11:31:48.151 (195568026)|HEAP_ALLOCATE|[EXTERNAL]|Bytes:4
11:31:48.151 (195572039)|HEAP_ALLOCATE|[EXTERNAL]|Bytes:-4
11:31:48.151 (195576385)|STATEMENT_EXECUTE|[50]
11:31:48.151 (195608836)|HEAP_ALLOCATE|[EXTERNAL]|Bytes:4
11:31:48.151 (195629801)|STATEMENT_EXECUTE|[52]
11:31:48.151 (195639704)|HEAP_ALLOCATE|[EXTERNAL]|Bytes:4
11:31:48.151 (195649295)|HEAP_ALLOCATE|[45]|Bytes:5
11:31:48.151 (195658575)|HEAP_ALLOCATE|[45]|Bytes:4
11:31:48.151 (195665235)|VARIABLE_SCOPE_BEGIN|[45]|item|OrderItem|true|false
11:31:48.151 (196088723)|VARIABLE_ASSIGNMENT|[45]|item|{"Product_Code_Display__c":"P010","IsDeleted":false,"UnitPrice":19500.00,"Product2Id":"01tg8000001BArcAAG","PricebookEntryId":"01ug8000000XoZ7AAK","TotalPrice":19500.00,"Quantity":1.00,"ExternalId__c":"orderItem005","ListPrice":19500.00,"OrderId":"801g800000DSnO6AAL"}|0x2b64733
11:31:48.151 (196098209)|STATEMENT_EXECUTE|[45]
11:31:48.151 (196102770)|STATEMENT_EXECUTE|[46]
11:31:48.151 (196104853)|STATEMENT_EXECUTE|[47]
11:31:48.151 (196110391)|HEAP_ALLOCATE|[EXTERNAL]|Bytes:4
11:31:48.151 (196119954)|STATEMENT_EXECUTE|[49]
11:31:48.151 (196121986)|STATEMENT_EXECUTE|[50]
11:31:48.151 (196138644)|HEAP_ALLOCATE|[EXTERNAL]|Bytes:4
11:31:48.151 (196143826)|STATEMENT_EXECUTE|[52]
11:31:48.151 (196147602)|HEAP_ALLOCATE|[EXTERNAL]|Bytes:4
11:31:48.151 (196154726)|HEAP_ALLOCATE|[45]|Bytes:5
11:31:48.151 (196170602)|VARIABLE_ASSIGNMENT|[45]|item|null|
11:31:48.151 (196206079)|STATEMENT_EXECUTE|[56]
11:31:48.151 (196213996)|METHOD_ENTRY|[56]|01pg8000001w1Md|OrderSelector.getOrdersByIds(Set<Id>)
11:31:48.151 (196232042)|VARIABLE_SCOPE_BEGIN|[2]|ids|Set<Id>|true|false
11:31:48.151 (196249014)|VARIABLE_ASSIGNMENT|[2]|ids|["801g800000DSnO6AAL"]|0xf050287
11:31:48.151 (196255566)|STATEMENT_EXECUTE|[2]
11:31:48.151 (196257479)|STATEMENT_EXECUTE|[3]
11:31:48.151 (196265949)|HEAP_ALLOCATE|[3]|Bytes:4
11:31:48.151 (196278299)|HEAP_ALLOCATE|[3]|Bytes:4
11:31:48.151 (196729318)|SOQL_EXECUTE_BEGIN|[3]|Aggregations:0|SELECT Id, DistributionCenter__c, State__c, City__c, Country__c, AccountId, Status FROM Order WHERE Id = :tmpVar1
11:31:48.151 (200927733)|SOQL_EXECUTE_END|[3]|Rows:1
11:31:48.151 (200958520)|HEAP_ALLOCATE|[3]|Bytes:8
11:31:48.151 (200973211)|HEAP_ALLOCATE|[3]|Bytes:209
11:31:48.151 (201012074)|HEAP_ALLOCATE|[3]|Bytes:8
11:31:48.151 (201039744)|HEAP_ALLOCATE|[3]|Bytes:32
11:31:48.151 (201056991)|HEAP_ALLOCATE|[3]|Bytes:4
11:31:48.151 (201070929)|METHOD_EXIT|[56]|01pg8000001w1Md|OrderSelector.getOrdersByIds(Set<Id>)
11:31:48.151 (201087802)|VARIABLE_SCOPE_BEGIN|[56]|mapOrders|Map<Id,Order>|true|false
11:31:48.151 (201212016)|VARIABLE_ASSIGNMENT|[56]|mapOrders|{"801g800000DSnO6AAL":{"Status":"Draft","City__c":"a05g8000001KAc9AAG","Country__c":"a03g8000004x8aeAAA","AccountId":"001g800000DSnO5AAL","DistributionCenter__c":"a06g8000000wkLpAAI","Id":"801g800000DSnO6AAL","State__c":"a04g8000000QmaTAAS"}}|0x57bd790
11:31:48.151 (201262259)|HEAP_ALLOCATE|[EXTERNAL]|Bytes:8
11:31:48.151 (201286273)|HEAP_ALLOCATE|[58]|Bytes:216
11:31:48.151 (201443030)|HEAP_ALLOCATE|[58]|Bytes:5
11:31:48.151 (201460015)|HEAP_ALLOCATE|[58]|Bytes:32
11:31:48.151 (201468167)|VARIABLE_SCOPE_BEGIN|[58]|o|Order|true|false
11:31:48.151 (201525167)|VARIABLE_ASSIGNMENT|[58]|o|{"Status":"Draft","City__c":"a05g8000001KAc9AAG","Country__c":"a03g8000004x8aeAAA","AccountId":"001g800000DSnO5AAL","DistributionCenter__c":"a06g8000000wkLpAAI","Id":"801g800000DSnO6AAL","State__c":"a04g8000000QmaTAAS"}|0x506ebf0
11:31:48.151 (201543430)|STATEMENT_EXECUTE|[58]
11:31:48.151 (201570986)|HEAP_ALLOCATE|[EXTERNAL]|Bytes:4
11:31:48.151 (201579061)|HEAP_ALLOCATE|[58]|Bytes:5
11:31:48.151 (201593874)|VARIABLE_ASSIGNMENT|[58]|o|null|
11:31:48.151 (201600197)|STATEMENT_EXECUTE|[60]
11:31:48.151 (204220108)|HEAP_ALLOCATE|[60]|Bytes:1
11:31:48.151 (204276926)|METHOD_ENTRY|[1]|01pg8000001w1MX|AccountSelector.AccountSelector()
11:31:48.151 (204288316)|STATEMENT_EXECUTE|[1]
11:31:48.151 (204301963)|STATEMENT_EXECUTE|[1]
11:31:48.151 (204310681)|METHOD_EXIT|[1]|AccountSelector
11:31:48.151 (204342585)|METHOD_ENTRY|[60]|01pg8000001w1MX|AccountSelector.getAccountByIds(Set<Id>)
11:31:48.151 (204434050)|VARIABLE_SCOPE_BEGIN|[2]|ids|Set<Id>|true|false
11:31:48.151 (204465330)|VARIABLE_ASSIGNMENT|[2]|ids|["001g800000DSnO5AAL"]|0x32a307d7
11:31:48.151 (204489062)|STATEMENT_EXECUTE|[2]
11:31:48.151 (204491252)|STATEMENT_EXECUTE|[3]
11:31:48.151 (204507570)|HEAP_ALLOCATE|[3]|Bytes:4
11:31:48.151 (204513270)|HEAP_ALLOCATE|[3]|Bytes:59
11:31:48.151 (204520799)|HEAP_ALLOCATE|[3]|Bytes:4
11:31:48.151 (204976595)|SOQL_EXECUTE_BEGIN|[3]|Aggregations:0|SELECT Id, AccountGroup__c FROM Account WHERE Id = :tmpVar1
11:31:48.151 (212431052)|SOQL_EXECUTE_END|[3]|Rows:1
11:31:48.151 (212464561)|HEAP_ALLOCATE|[3]|Bytes:8
11:31:48.151 (212482336)|HEAP_ALLOCATE|[3]|Bytes:66
11:31:48.151 (212548203)|HEAP_ALLOCATE|[3]|Bytes:8
11:31:48.151 (212615672)|HEAP_ALLOCATE|[3]|Bytes:12
11:31:48.151 (212629091)|HEAP_ALLOCATE|[3]|Bytes:4
11:31:48.151 (212645408)|METHOD_EXIT|[60]|01pg8000001w1MX|AccountSelector.getAccountByIds(Set<Id>)
11:31:48.151 (212658840)|VARIABLE_SCOPE_BEGIN|[60]|mapAccounts|Map<Id,Account>|true|false
11:31:48.151 (212785270)|VARIABLE_ASSIGNMENT|[60]|mapAccounts|{"001g800000DSnO5AAL":{"AccountGroup__c":"a02g8000002871ZAAQ","Id":"001g800000DSnO5AAL"}}|0x43b6ef30
11:31:48.151 (212833545)|STATEMENT_EXECUTE|[62]
11:31:48.151 (216185006)|HEAP_ALLOCATE|[62]|Bytes:1
11:31:48.151 (216320196)|METHOD_ENTRY|[1]|01pg8000001w1Mf|ProductSelector.ProductSelector()
11:31:48.151 (216330820)|STATEMENT_EXECUTE|[1]
11:31:48.151 (216356442)|STATEMENT_EXECUTE|[1]
11:31:48.151 (216380709)|METHOD_EXIT|[1]|ProductSelector
11:31:48.151 (216415953)|METHOD_ENTRY|[62]|01pg8000001w1Mf|ProductSelector.getProductByIds(Set<Id>)
11:31:48.151 (216530816)|VARIABLE_SCOPE_BEGIN|[2]|ids|Set<Id>|true|false
11:31:48.151 (216568371)|VARIABLE_ASSIGNMENT|[2]|ids|["01tg8000001BArVAAW","01tg8000001BArcAAG"]|0x61df5c64
11:31:48.151 (216576441)|STATEMENT_EXECUTE|[2]
11:31:48.151 (216577865)|STATEMENT_EXECUTE|[3]
11:31:48.151 (216590070)|HEAP_ALLOCATE|[3]|Bytes:4
11:31:48.151 (216596470)|HEAP_ALLOCATE|[3]|Bytes:83
11:31:48.151 (216603919)|HEAP_ALLOCATE|[3]|Bytes:4
11:31:48.151 (217197317)|SOQL_EXECUTE_BEGIN|[3]|Aggregations:0|SELECT Id, ProductionCost__c, ProductHierarchy__c FROM Product2 WHERE Id = :tmpVar1
11:31:48.151 (223849729)|SOQL_EXECUTE_END|[3]|Rows:2
11:31:48.151 (223880946)|HEAP_ALLOCATE|[3]|Bytes:12
11:31:48.151 (223899875)|HEAP_ALLOCATE|[3]|Bytes:254
11:31:48.151 (223963160)|HEAP_ALLOCATE|[3]|Bytes:12
11:31:48.151 (224026702)|HEAP_ALLOCATE|[3]|Bytes:16
11:31:48.151 (224039234)|HEAP_ALLOCATE|[3]|Bytes:4
11:31:48.151 (224044686)|HEAP_ALLOCATE|[3]|Bytes:16
11:31:48.151 (224048227)|HEAP_ALLOCATE|[3]|Bytes:4
11:31:48.151 (224060522)|METHOD_EXIT|[62]|01pg8000001w1Mf|ProductSelector.getProductByIds(Set<Id>)
11:31:48.151 (224072872)|VARIABLE_SCOPE_BEGIN|[62]|mapProducts|Map<Id,Product2>|true|false
11:31:48.151 (224193907)|VARIABLE_ASSIGNMENT|[62]|mapProducts|{"01tg8000001BArVAAW":{"ProductionCost__c":900000.00,"ProductHierarchy__c":"a01g8000007otrhAAA","Id":"01tg8000001BArVAAW"},"01tg8000001BArcAAG":{"ProductionCost__c":12000.00,"ProductHierarchy__c":"a01g8000007otrpAAA","Id":"01tg8000001BArcAAG"}}|0x6b4a2fa
11:31:48.151 (224210506)|STATEMENT_EXECUTE|[65]
11:31:48.151 (227036037)|HEAP_ALLOCATE|[65]|Bytes:1
11:31:48.151 (227148436)|METHOD_ENTRY|[1]|01pg8000001w1MZ|MargemSelector.MargemSelector()
11:31:48.151 (227162722)|STATEMENT_EXECUTE|[1]
11:31:48.151 (227197395)|STATEMENT_EXECUTE|[1]
11:31:48.151 (227226774)|METHOD_EXIT|[1]|MargemSelector
11:31:48.151 (227263933)|METHOD_ENTRY|[65]|01pg8000001w1MZ|MargemSelector.getMargemApproved()
11:31:48.151 (227367448)|STATEMENT_EXECUTE|[2]
11:31:48.151 (227369189)|STATEMENT_EXECUTE|[3]
11:31:48.151 (227372796)|HEAP_ALLOCATE|[3]|Bytes:165
11:31:48.151 (227389356)|HEAP_ALLOCATE|[3]|Bytes:4
11:31:48.151 (229732987)|SOQL_EXECUTE_BEGIN|[3]|Aggregations:0|SELECT Product__c, ProductHierarchy__c, Account__c, AccountGroup__c, City__c, State__c, Country__c, MarginValuePercent__c FROM Margem__c WHERE Status__c = 'Approved'
11:31:48.151 (240727361)|SOQL_EXECUTE_END|[3]|Rows:7
11:31:48.151 (240770468)|HEAP_ALLOCATE|[3]|Bytes:32
11:31:48.151 (240801669)|HEAP_ALLOCATE|[3]|Bytes:1354
11:31:48.151 (240872058)|HEAP_ALLOCATE|[3]|Bytes:32
11:31:48.151 (240912273)|METHOD_EXIT|[65]|01pg8000001w1MZ|MargemSelector.getMargemApproved()
11:31:48.151 (240932125)|VARIABLE_SCOPE_BEGIN|[65]|listMargins|List<Margem__c>|true|false
11:31:48.151 (241024865)|VARIABLE_ASSIGNMENT|[65]|listMargins|"List of size 7 too large to display"|0x6d98fc53
11:31:48.151 (241113486)|STATEMENT_EXECUTE|[68]
11:31:48.151 (241183480)|HEAP_ALLOCATE|[68]|Bytes:4
11:31:48.151 (241240333)|VARIABLE_SCOPE_BEGIN|[68]|mapMargin|Map<String,Margem__c>|true|false
11:31:48.151 (241489558)|VARIABLE_ASSIGNMENT|[68]|mapMargin|{}|0x59d05266
11:31:48.151 (241723081)|HEAP_ALLOCATE|[69]|Bytes:5
11:31:48.151 (241756587)|HEAP_ALLOCATE|[69]|Bytes:24
11:31:48.151 (241770040)|VARIABLE_SCOPE_BEGIN|[69]|m|Margem__c|true|false
11:31:48.151 (241928621)|VARIABLE_ASSIGNMENT|[69]|m|{"Id":"a00g800000JZjxxAAD","AccountGroup__c":"a02g8000002871ZAAQ","ProductHierarchy__c":"a01g8000007otrhAAA","State__c":"a04g8000000QmaTAAS","MarginValuePercent__c":15.00}|0x428670e4
11:31:48.151 (242017438)|STATEMENT_EXECUTE|[69]
11:31:48.151 (242042698)|STATEMENT_EXECUTE|[70]
11:31:48.151 (242147852)|HEAP_ALLOCATE|[70]|Bytes:18
11:31:48.151 (242166278)|VARIABLE_SCOPE_BEGIN|[70]|p|String|false|false
11:31:48.151 (242188439)|VARIABLE_ASSIGNMENT|[70]|p|"a01g8000007otrhAAA"
11:31:48.151 (242194936)|STATEMENT_EXECUTE|[71]
11:31:48.151 (242234351)|HEAP_ALLOCATE|[71]|Bytes:18
11:31:48.151 (242246866)|VARIABLE_SCOPE_BEGIN|[71]|a|String|false|false
11:31:48.151 (242263396)|VARIABLE_ASSIGNMENT|[71]|a|"a02g8000002871ZAAQ"
11:31:48.151 (242271479)|STATEMENT_EXECUTE|[72]
11:31:48.151 (242302152)|HEAP_ALLOCATE|[72]|Bytes:18
11:31:48.151 (242313569)|VARIABLE_SCOPE_BEGIN|[72]|l|String|false|false
11:31:48.151 (242327553)|VARIABLE_ASSIGNMENT|[72]|l|"a04g8000000QmaTAAS"
11:31:48.151 (242347712)|STATEMENT_EXECUTE|[75]
11:31:48.151 (242351824)|HEAP_ALLOCATE|[75]|Bytes:1
11:31:48.151 (242366642)|HEAP_ALLOCATE|[75]|Bytes:56
11:31:48.151 (242404884)|VARIABLE_SCOPE_BEGIN|[75]|compositeKey|String|false|false
11:31:48.151 (242420574)|VARIABLE_ASSIGNMENT|[75]|compositeKey|"a01g8000007otrhAAA_a (36 more) ..."
11:31:48.151 (242425406)|STATEMENT_EXECUTE|[76]
11:31:48.151 (242462438)|HEAP_ALLOCATE|[EXTERNAL]|Bytes:-4
11:31:48.151 (242471198)|STATEMENT_EXECUTE|[77]
11:31:48.151 (242474134)|HEAP_ALLOCATE|[77]|Bytes:28
11:31:48.151 (242484669)|HEAP_ALLOCATE|[77]|Bytes:84
11:31:48.151 (242527215)|USER_DEBUG|[77]|DEBUG|MAPA MARGEM - Chave Gerada: a01g8000007otrhAAA_a02g8000002871ZAAQ_a04g8000000QmaTAAS
11:31:48.151 (242550182)|HEAP_ALLOCATE|[69]|Bytes:5
11:31:48.151 (242568015)|HEAP_ALLOCATE|[69]|Bytes:24
11:31:48.151 (242577344)|VARIABLE_SCOPE_BEGIN|[69]|m|Margem__c|true|false
11:31:48.151 (242673065)|VARIABLE_ASSIGNMENT|[69]|m|{"Account__c":"001g8000005VaOHAA0","City__c":"a05g8000001KAc9AAG","Id":"a00g800000JZjxyAAD","ProductHierarchy__c":"a01g8000007otrjAAA","MarginValuePercent__c":25.00}|0x58168131
11:31:48.151 (242682480)|STATEMENT_EXECUTE|[69]
11:31:48.151 (242684079)|STATEMENT_EXECUTE|[70]
11:31:48.151 (242700931)|HEAP_ALLOCATE|[70]|Bytes:18
11:31:48.151 (242711870)|VARIABLE_SCOPE_BEGIN|[70]|p|String|false|false
11:31:48.151 (242727438)|VARIABLE_ASSIGNMENT|[70]|p|"a01g8000007otrjAAA"
11:31:48.151 (242732207)|STATEMENT_EXECUTE|[71]
11:31:48.151 (242755346)|HEAP_ALLOCATE|[71]|Bytes:18
11:31:48.151 (242766774)|VARIABLE_SCOPE_BEGIN|[71]|a|String|false|false
11:31:48.151 (242780587)|VARIABLE_ASSIGNMENT|[71]|a|"001g8000005VaOHAA0"
11:31:48.151 (242785076)|STATEMENT_EXECUTE|[72]
11:31:48.151 (242812866)|HEAP_ALLOCATE|[72]|Bytes:18
11:31:48.151 (242824755)|VARIABLE_SCOPE_BEGIN|[72]|l|String|false|false
11:31:48.151 (242870690)|VARIABLE_ASSIGNMENT|[72]|l|"a05g8000001KAc9AAG"
11:31:48.151 (242875967)|STATEMENT_EXECUTE|[75]
11:31:48.151 (242881434)|HEAP_ALLOCATE|[75]|Bytes:56
11:31:48.151 (242887328)|VARIABLE_SCOPE_BEGIN|[75]|compositeKey|String|false|false
11:31:48.151 (242900811)|VARIABLE_ASSIGNMENT|[75]|compositeKey|"a01g8000007otrjAAA_0 (36 more) ..."
11:31:48.151 (242905026)|STATEMENT_EXECUTE|[76]
11:31:48.151 (242913394)|HEAP_ALLOCATE|[EXTERNAL]|Bytes:-4
11:31:48.151 (242919084)|STATEMENT_EXECUTE|[77]
11:31:48.151 (242922983)|HEAP_ALLOCATE|[77]|Bytes:84
11:31:48.151 (242934149)|USER_DEBUG|[77]|DEBUG|MAPA MARGEM - Chave Gerada: a01g8000007otrjAAA_001g8000005VaOHAA0_a05g8000001KAc9AAG
11:31:48.151 (242951363)|HEAP_ALLOCATE|[69]|Bytes:5
11:31:48.151 (242963585)|HEAP_ALLOCATE|[69]|Bytes:24
11:31:48.151 (242971847)|VARIABLE_SCOPE_BEGIN|[69]|m|Margem__c|true|false
11:31:48.151 (243038949)|VARIABLE_ASSIGNMENT|[69]|m|{"Account__c":"001g8000005VaOHAA0","Product__c":"01tg8000001BArcAAG","Id":"a00g800000JZjxzAAD","State__c":"a04g8000000QmaTAAS","MarginValuePercent__c":5.00}|0x2666aa0d
11:31:48.151 (243048657)|STATEMENT_EXECUTE|[69]
11:31:48.151 (243050515)|STATEMENT_EXECUTE|[70]
11:31:48.151 (243072907)|HEAP_ALLOCATE|[70]|Bytes:18
11:31:48.151 (243084341)|VARIABLE_SCOPE_BEGIN|[70]|p|String|false|false
11:31:48.151 (243460927)|VARIABLE_ASSIGNMENT|[70]|p|"01tg8000001BArcAAG"
11:31:48.151 (243469423)|STATEMENT_EXECUTE|[71]
11:31:48.151 (243486688)|HEAP_ALLOCATE|[71]|Bytes:18
11:31:48.151 (243504158)|VARIABLE_SCOPE_BEGIN|[71]|a|String|false|false
11:31:48.151 (243523360)|VARIABLE_ASSIGNMENT|[71]|a|"001g8000005VaOHAA0"
11:31:48.151 (243528313)|STATEMENT_EXECUTE|[72]
11:31:48.151 (243540549)|HEAP_ALLOCATE|[72]|Bytes:18
11:31:48.151 (243622014)|VARIABLE_SCOPE_BEGIN|[72]|l|String|false|false
11:31:48.151 (243636051)|VARIABLE_ASSIGNMENT|[72]|l|"a04g8000000QmaTAAS"
11:31:48.151 (243640727)|STATEMENT_EXECUTE|[75]
11:31:48.151 (243646284)|HEAP_ALLOCATE|[75]|Bytes:56
11:31:48.151 (243651354)|VARIABLE_SCOPE_BEGIN|[75]|compositeKey|String|false|false
11:31:48.151 (243664280)|VARIABLE_ASSIGNMENT|[75]|compositeKey|"01tg8000001BArcAAG_0 (36 more) ..."
11:31:48.151 (243668639)|STATEMENT_EXECUTE|[76]
11:31:48.151 (243677278)|HEAP_ALLOCATE|[EXTERNAL]|Bytes:-4
11:31:48.151 (243683168)|STATEMENT_EXECUTE|[77]
11:31:48.151 (243687247)|HEAP_ALLOCATE|[77]|Bytes:84
11:31:48.151 (243699298)|USER_DEBUG|[77]|DEBUG|MAPA MARGEM - Chave Gerada: 01tg8000001BArcAAG_001g8000005VaOHAA0_a04g8000000QmaTAAS
11:31:48.151 (243717184)|HEAP_ALLOCATE|[69]|Bytes:5
11:31:48.151 (243743403)|HEAP_ALLOCATE|[69]|Bytes:24
11:31:48.151 (243751302)|VARIABLE_SCOPE_BEGIN|[69]|m|Margem__c|true|false
11:31:48.151 (244198941)|VARIABLE_ASSIGNMENT|[69]|m|{"Country__c":"a03g8000004x8aeAAA","Id":"a00g800000JZjy0AAD","AccountGroup__c":"a02g8000002871ZAAQ","ProductHierarchy__c":"a01g8000007otrqAAA","MarginValuePercent__c":30.00}|0x6e0dbf4a
11:31:48.151 (244209838)|STATEMENT_EXECUTE|[69]
11:31:48.151 (244211231)|STATEMENT_EXECUTE|[70]
11:31:48.151 (244231346)|HEAP_ALLOCATE|[70]|Bytes:18
11:31:48.151 (244241284)|VARIABLE_SCOPE_BEGIN|[70]|p|String|false|false
11:31:48.151 (244256308)|VARIABLE_ASSIGNMENT|[70]|p|"a01g8000007otrqAAA"
11:31:48.151 (244259290)|STATEMENT_EXECUTE|[71]
11:31:48.151 (244266019)|HEAP_ALLOCATE|[71]|Bytes:18
11:31:48.151 (244271139)|VARIABLE_SCOPE_BEGIN|[71]|a|String|false|false
11:31:48.151 (244278864)|VARIABLE_ASSIGNMENT|[71]|a|"a02g8000002871ZAAQ"
11:31:48.151 (244281280)|STATEMENT_EXECUTE|[72]
11:31:48.151 (244301806)|HEAP_ALLOCATE|[72]|Bytes:18
11:31:48.151 (244307225)|VARIABLE_SCOPE_BEGIN|[72]|l|String|false|false
11:31:48.151 (244314803)|VARIABLE_ASSIGNMENT|[72]|l|"a03g8000004x8aeAAA"
11:31:48.151 (244317159)|STATEMENT_EXECUTE|[75]
11:31:48.151 (244320012)|HEAP_ALLOCATE|[75]|Bytes:56
11:31:48.151 (244322511)|VARIABLE_SCOPE_BEGIN|[75]|compositeKey|String|false|false
11:31:48.151 (244329638)|VARIABLE_ASSIGNMENT|[75]|compositeKey|"a01g8000007otrqAAA_a (36 more) ..."
11:31:48.151 (244332261)|STATEMENT_EXECUTE|[76]
11:31:48.151 (244338050)|HEAP_ALLOCATE|[EXTERNAL]|Bytes:-4
11:31:48.151 (244341730)|STATEMENT_EXECUTE|[77]
11:31:48.151 (244343922)|HEAP_ALLOCATE|[77]|Bytes:84
11:31:48.151 (244352288)|USER_DEBUG|[77]|DEBUG|MAPA MARGEM - Chave Gerada: a01g8000007otrqAAA_a02g8000002871ZAAQ_a03g8000004x8aeAAA
11:31:48.151 (244363955)|HEAP_ALLOCATE|[69]|Bytes:5
11:31:48.151 (244372295)|HEAP_ALLOCATE|[69]|Bytes:24
11:31:48.151 (244376778)|VARIABLE_SCOPE_BEGIN|[69]|m|Margem__c|true|false
11:31:48.151 (244420642)|VARIABLE_ASSIGNMENT|[69]|m|{"Id":"a00g800000JiEZdAAN","AccountGroup__c":"a02g8000002871ZAAQ","ProductHierarchy__c":"a01g8000007otrhAAA","State__c":"a04g8000000VkhhAAC","MarginValuePercent__c":15.00}|0x1f7df33f
11:31:48.151 (244425524)|STATEMENT_EXECUTE|[69]
11:31:48.151 (244426479)|STATEMENT_EXECUTE|[70]
11:31:48.151 (244434360)|HEAP_ALLOCATE|[70]|Bytes:18
11:31:48.151 (244440178)|VARIABLE_SCOPE_BEGIN|[70]|p|String|false|false
11:31:48.151 (244447763)|VARIABLE_ASSIGNMENT|[70]|p|"a01g8000007otrhAAA"
11:31:48.151 (244450150)|STATEMENT_EXECUTE|[71]
11:31:48.151 (244455731)|HEAP_ALLOCATE|[71]|Bytes:18
11:31:48.151 (244460401)|VARIABLE_SCOPE_BEGIN|[71]|a|String|false|false
11:31:48.151 (244466838)|VARIABLE_ASSIGNMENT|[71]|a|"a02g8000002871ZAAQ"
11:31:48.151 (244469171)|STATEMENT_EXECUTE|[72]
11:31:48.151 (244475295)|HEAP_ALLOCATE|[72]|Bytes:18
11:31:48.151 (244479760)|VARIABLE_SCOPE_BEGIN|[72]|l|String|false|false
11:31:48.151 (244486047)|VARIABLE_ASSIGNMENT|[72]|l|"a04g8000000VkhhAAC"
11:31:48.151 (244488455)|STATEMENT_EXECUTE|[75]
11:31:48.151 (244501306)|HEAP_ALLOCATE|[75]|Bytes:56
11:31:48.151 (244504771)|VARIABLE_SCOPE_BEGIN|[75]|compositeKey|String|false|false
11:31:48.151 (244516565)|VARIABLE_ASSIGNMENT|[75]|compositeKey|"a01g8000007otrhAAA_a (36 more) ..."
11:31:48.151 (244519062)|STATEMENT_EXECUTE|[76]
11:31:48.151 (244522748)|HEAP_ALLOCATE|[EXTERNAL]|Bytes:-4
11:31:48.151 (244525830)|STATEMENT_EXECUTE|[77]
11:31:48.151 (244527527)|HEAP_ALLOCATE|[77]|Bytes:84
11:31:48.151 (244533115)|USER_DEBUG|[77]|DEBUG|MAPA MARGEM - Chave Gerada: a01g8000007otrhAAA_a02g8000002871ZAAQ_a04g8000000VkhhAAC
11:31:48.151 (244540025)|HEAP_ALLOCATE|[69]|Bytes:5
11:31:48.151 (244545242)|HEAP_ALLOCATE|[69]|Bytes:24
11:31:48.151 (244548804)|VARIABLE_SCOPE_BEGIN|[69]|m|Margem__c|true|false
11:31:48.151 (244582226)|VARIABLE_ASSIGNMENT|[69]|m|{"Product__c":"01tg8000001BArcAAG","Id":"a00g800000OgMOPAA3","AccountGroup__c":"a02g8000002871ZAAQ","State__c":"a04g8000000QmaTAAS","MarginValuePercent__c":10.00}|0x730ef6e8
11:31:48.151 (244586854)|STATEMENT_EXECUTE|[69]
11:31:48.151 (244587864)|STATEMENT_EXECUTE|[70]
11:31:48.151 (244595496)|HEAP_ALLOCATE|[70]|Bytes:18
11:31:48.151 (244600866)|VARIABLE_SCOPE_BEGIN|[70]|p|String|false|false
11:31:48.151 (244612643)|VARIABLE_ASSIGNMENT|[70]|p|"01tg8000001BArcAAG"
11:31:48.151 (244615469)|STATEMENT_EXECUTE|[71]
11:31:48.151 (244620927)|HEAP_ALLOCATE|[71]|Bytes:18
11:31:48.151 (244625643)|VARIABLE_SCOPE_BEGIN|[71]|a|String|false|false
11:31:48.151 (245070697)|VARIABLE_ASSIGNMENT|[71]|a|"a02g8000002871ZAAQ"
11:31:48.151 (245074049)|STATEMENT_EXECUTE|[72]
11:31:48.151 (245080071)|HEAP_ALLOCATE|[72]|Bytes:18
11:31:48.151 (245084697)|VARIABLE_SCOPE_BEGIN|[72]|l|String|false|false
11:31:48.151 (245093723)|VARIABLE_ASSIGNMENT|[72]|l|"a04g8000000QmaTAAS"
11:31:48.151 (245096197)|STATEMENT_EXECUTE|[75]
11:31:48.151 (245098386)|HEAP_ALLOCATE|[75]|Bytes:56
11:31:48.151 (245100834)|VARIABLE_SCOPE_BEGIN|[75]|compositeKey|String|false|false
11:31:48.151 (245118404)|VARIABLE_ASSIGNMENT|[75]|compositeKey|"01tg8000001BArcAAG_a (36 more) ..."
11:31:48.151 (245120924)|STATEMENT_EXECUTE|[76]
11:31:48.151 (245124413)|HEAP_ALLOCATE|[EXTERNAL]|Bytes:-4
11:31:48.151 (245127292)|STATEMENT_EXECUTE|[77]
11:31:48.151 (245129063)|HEAP_ALLOCATE|[77]|Bytes:84
11:31:48.151 (245133976)|USER_DEBUG|[77]|DEBUG|MAPA MARGEM - Chave Gerada: 01tg8000001BArcAAG_a02g8000002871ZAAQ_a04g8000000QmaTAAS
11:31:48.151 (245141224)|HEAP_ALLOCATE|[69]|Bytes:5
11:31:48.151 (245146192)|HEAP_ALLOCATE|[69]|Bytes:24
11:31:48.151 (245149859)|VARIABLE_SCOPE_BEGIN|[69]|m|Margem__c|true|false
11:31:48.151 (245188015)|VARIABLE_ASSIGNMENT|[69]|m|{"Account__c":"001g8000005VaOHAA0","Id":"a00g800000Y90MLAAZ","ProductHierarchy__c":"a01g8000007otrhAAA","State__c":"a04g8000000Vm3ZAAS","MarginValuePercent__c":15.00}|0x602b1c46
11:31:48.151 (245193173)|STATEMENT_EXECUTE|[69]
11:31:48.151 (245194121)|STATEMENT_EXECUTE|[70]
11:31:48.151 (245201093)|HEAP_ALLOCATE|[70]|Bytes:18
11:31:48.151 (245206530)|VARIABLE_SCOPE_BEGIN|[70]|p|String|false|false
11:31:48.151 (245214075)|VARIABLE_ASSIGNMENT|[70]|p|"a01g8000007otrhAAA"
11:31:48.151 (245216425)|STATEMENT_EXECUTE|[71]
11:31:48.151 (245222079)|HEAP_ALLOCATE|[71]|Bytes:18
11:31:48.151 (245226699)|VARIABLE_SCOPE_BEGIN|[71]|a|String|false|false
11:31:48.151 (245232953)|VARIABLE_ASSIGNMENT|[71]|a|"001g8000005VaOHAA0"
11:31:48.151 (245235380)|STATEMENT_EXECUTE|[72]
11:31:48.151 (245240511)|HEAP_ALLOCATE|[72]|Bytes:18
11:31:48.151 (245244950)|VARIABLE_SCOPE_BEGIN|[72]|l|String|false|false
11:31:48.151 (245251449)|VARIABLE_ASSIGNMENT|[72]|l|"a04g8000000Vm3ZAAS"
11:31:48.151 (245253659)|STATEMENT_EXECUTE|[75]
11:31:48.151 (245255923)|HEAP_ALLOCATE|[75]|Bytes:56
11:31:48.151 (245258377)|VARIABLE_SCOPE_BEGIN|[75]|compositeKey|String|false|false
11:31:48.151 (245265010)|VARIABLE_ASSIGNMENT|[75]|compositeKey|"a01g8000007otrhAAA_0 (36 more) ..."
11:31:48.151 (245267265)|STATEMENT_EXECUTE|[76]
11:31:48.151 (245270389)|HEAP_ALLOCATE|[EXTERNAL]|Bytes:-4
11:31:48.151 (245273319)|STATEMENT_EXECUTE|[77]
11:31:48.151 (245275045)|HEAP_ALLOCATE|[77]|Bytes:84
11:31:48.151 (245279695)|USER_DEBUG|[77]|DEBUG|MAPA MARGEM - Chave Gerada: a01g8000007otrhAAA_001g8000005VaOHAA0_a04g8000000Vm3ZAAS
11:31:48.151 (245285919)|HEAP_ALLOCATE|[69]|Bytes:5
11:31:48.151 (245294796)|VARIABLE_ASSIGNMENT|[69]|m|null|
11:31:48.151 (245299461)|STATEMENT_EXECUTE|[81]
11:31:48.151 (248732992)|HEAP_ALLOCATE|[81]|Bytes:1
11:31:48.151 (248804272)|METHOD_ENTRY|[1]|01pg8000001w1Mg|TaxSelector.TaxSelector()
11:31:48.151 (248822070)|STATEMENT_EXECUTE|[1]
11:31:48.151 (248830019)|STATEMENT_EXECUTE|[1]
11:31:48.151 (248846933)|METHOD_EXIT|[1]|TaxSelector
11:31:48.151 (248882583)|METHOD_ENTRY|[81]|01pg8000001w1Mg|TaxSelector.getTaxApproved()
11:31:48.151 (249001767)|STATEMENT_EXECUTE|[2]
11:31:48.151 (249005335)|STATEMENT_EXECUTE|[3]
11:31:48.151 (249010329)|HEAP_ALLOCATE|[3]|Bytes:103
11:31:48.151 (249030642)|HEAP_ALLOCATE|[3]|Bytes:4
11:31:48.151 (251444172)|SOQL_EXECUTE_BEGIN|[3]|Aggregations:0|SELECT Product__c, State__c, DistributionCenter__c, TaxRate__c FROM Tax__c WHERE Status__c = 'Approved'
11:31:48.151 (260292433)|SOQL_EXECUTE_END|[3]|Rows:7
11:31:48.151 (260335331)|HEAP_ALLOCATE|[3]|Bytes:32
11:31:48.151 (260369172)|HEAP_ALLOCATE|[3]|Bytes:1288
11:31:48.151 (260444469)|HEAP_ALLOCATE|[3]|Bytes:32
11:31:48.151 (260478463)|METHOD_EXIT|[81]|01pg8000001w1Mg|TaxSelector.getTaxApproved()
11:31:48.151 (260504466)|VARIABLE_SCOPE_BEGIN|[81]|listTaxes|List<Tax__c>|true|false
11:31:48.151 (260738900)|VARIABLE_ASSIGNMENT|[81]|listTaxes|"List of size 7 too large to display"|0x2a696005
11:31:48.151 (260757338)|STATEMENT_EXECUTE|[83]
11:31:48.151 (260833163)|HEAP_ALLOCATE|[83]|Bytes:4
11:31:48.151 (260893059)|VARIABLE_SCOPE_BEGIN|[83]|mapTaxByCompositeKey|Map<String,Tax__c>|true|false
11:31:48.151 (260950767)|VARIABLE_ASSIGNMENT|[83]|mapTaxByCompositeKey|{}|0x111c1d57
11:31:48.151 (261147610)|HEAP_ALLOCATE|[84]|Bytes:5
11:31:48.151 (261172679)|HEAP_ALLOCATE|[84]|Bytes:24
11:31:48.151 (261191293)|VARIABLE_SCOPE_BEGIN|[84]|t|Tax__c|true|false
11:31:48.151 (261363694)|VARIABLE_ASSIGNMENT|[84]|t|{"DistributionCenter__c":"a06g8000000wkLpAAI","Product__c":"01tg8000001BArVAAW","TaxRate__c":18.00,"Id":"a09g8000001l5i1AAA","State__c":"a04g8000000QmaTAAS"}|0x6f32ff58
11:31:48.151 (261378477)|STATEMENT_EXECUTE|[84]
11:31:48.151 (261380754)|STATEMENT_EXECUTE|[85]
11:31:48.151 (261460219)|HEAP_ALLOCATE|[85]|Bytes:18
11:31:48.151 (261482702)|HEAP_ALLOCATE|[86]|Bytes:18
11:31:48.151 (261497312)|HEAP_ALLOCATE|[87]|Bytes:18
11:31:48.151 (261509681)|HEAP_ALLOCATE|[85]|Bytes:54
11:31:48.151 (261512721)|VARIABLE_SCOPE_BEGIN|[85]|key|String|false|false
11:31:48.151 (261838656)|VARIABLE_ASSIGNMENT|[85]|key|"01tg8000001BArVAAWa0 (34 more) ..."
11:31:48.151 (261846351)|STATEMENT_EXECUTE|[88]
11:31:48.151 (261878922)|HEAP_ALLOCATE|[EXTERNAL]|Bytes:-4
11:31:48.151 (261896976)|HEAP_ALLOCATE|[84]|Bytes:5
11:31:48.151 (261909623)|HEAP_ALLOCATE|[84]|Bytes:24
11:31:48.151 (261917054)|VARIABLE_SCOPE_BEGIN|[84]|t|Tax__c|true|false
11:31:48.151 (261987340)|VARIABLE_ASSIGNMENT|[84]|t|{"DistributionCenter__c":"a06g8000000wkLpAAI","Product__c":"01tg8000001BArXAAW","TaxRate__c":18.00,"Id":"a09g8000001l5i2AAA","State__c":"a04g8000000QmaTAAS"}|0x51192efb
11:31:48.151 (261993741)|STATEMENT_EXECUTE|[84]
11:31:48.151 (261994865)|STATEMENT_EXECUTE|[85]
11:31:48.151 (262006439)|HEAP_ALLOCATE|[85]|Bytes:18
11:31:48.151 (262015816)|HEAP_ALLOCATE|[86]|Bytes:18
11:31:48.151 (262022781)|HEAP_ALLOCATE|[87]|Bytes:18
11:31:48.151 (262027842)|HEAP_ALLOCATE|[85]|Bytes:54
11:31:48.151 (262030743)|VARIABLE_SCOPE_BEGIN|[85]|key|String|false|false
11:31:48.151 (262040087)|VARIABLE_ASSIGNMENT|[85]|key|"01tg8000001BArXAAWa0 (34 more) ..."
11:31:48.151 (262042756)|STATEMENT_EXECUTE|[88]
11:31:48.151 (262046910)|HEAP_ALLOCATE|[EXTERNAL]|Bytes:-4
11:31:48.151 (262054054)|HEAP_ALLOCATE|[84]|Bytes:5
11:31:48.151 (262060131)|HEAP_ALLOCATE|[84]|Bytes:24
11:31:48.151 (262063213)|VARIABLE_SCOPE_BEGIN|[84]|t|Tax__c|true|false
11:31:48.151 (262091647)|VARIABLE_ASSIGNMENT|[84]|t|{"DistributionCenter__c":"a06g8000000wkLpAAI","Product__c":"01tg8000001BArcAAG","TaxRate__c":18.00,"Id":"a09g8000001l5i3AAA","State__c":"a04g8000000QmaTAAS"}|0x218c6fcb
11:31:48.151 (262096338)|STATEMENT_EXECUTE|[84]
11:31:48.151 (262097297)|STATEMENT_EXECUTE|[85]
11:31:48.151 (262103492)|HEAP_ALLOCATE|[85]|Bytes:18
11:31:48.151 (262110674)|HEAP_ALLOCATE|[86]|Bytes:18
11:31:48.151 (262117297)|HEAP_ALLOCATE|[87]|Bytes:18
11:31:48.151 (262121598)|HEAP_ALLOCATE|[85]|Bytes:54
11:31:48.151 (262123824)|VARIABLE_SCOPE_BEGIN|[85]|key|String|false|false
11:31:48.151 (262130721)|VARIABLE_ASSIGNMENT|[85]|key|"01tg8000001BArcAAGa0 (34 more) ..."
11:31:48.151 (262133041)|STATEMENT_EXECUTE|[88]
11:31:48.151 (262136004)|HEAP_ALLOCATE|[EXTERNAL]|Bytes:-4
11:31:48.151 (262141551)|HEAP_ALLOCATE|[84]|Bytes:5
11:31:48.151 (262146063)|HEAP_ALLOCATE|[84]|Bytes:24
11:31:48.151 (262148876)|VARIABLE_SCOPE_BEGIN|[84]|t|Tax__c|true|false
11:31:48.151 (262171813)|VARIABLE_ASSIGNMENT|[84]|t|{"DistributionCenter__c":"a06g8000000wkLpAAI","Product__c":"01tg8000001BArWAAW","TaxRate__c":10.00,"Id":"a09g8000001l5i4AAA","State__c":"a04g8000000Vm3ZAAS"}|0x2e5a0be6
11:31:48.151 (262176156)|STATEMENT_EXECUTE|[84]
11:31:48.151 (262177089)|STATEMENT_EXECUTE|[85]
11:31:48.151 (262182488)|HEAP_ALLOCATE|[85]|Bytes:18
11:31:48.151 (262189303)|HEAP_ALLOCATE|[86]|Bytes:18
11:31:48.151 (262195742)|HEAP_ALLOCATE|[87]|Bytes:18
11:31:48.151 (262199960)|HEAP_ALLOCATE|[85]|Bytes:54
11:31:48.151 (262202118)|VARIABLE_SCOPE_BEGIN|[85]|key|String|false|false
11:31:48.151 (262208351)|VARIABLE_ASSIGNMENT|[85]|key|"01tg8000001BArWAAWa0 (34 more) ..."
11:31:48.151 (262210796)|STATEMENT_EXECUTE|[88]
11:31:48.151 (262213528)|HEAP_ALLOCATE|[EXTERNAL]|Bytes:-4
11:31:48.151 (262218699)|HEAP_ALLOCATE|[84]|Bytes:5
11:31:48.151 (262223043)|HEAP_ALLOCATE|[84]|Bytes:24
11:31:48.151 (262225749)|VARIABLE_SCOPE_BEGIN|[84]|t|Tax__c|true|false
11:31:48.151 (262265683)|VARIABLE_ASSIGNMENT|[84]|t|{"DistributionCenter__c":"a06g8000000wkLpAAI","Product__c":"01tg8000001BArWAAW","TaxRate__c":18.00,"Id":"a09g8000001lvJXAAY","State__c":"a04g8000000VkhhAAC"}|0x56eae94a
11:31:48.151 (262269977)|STATEMENT_EXECUTE|[84]
11:31:48.151 (262270943)|STATEMENT_EXECUTE|[85]
11:31:48.151 (262276401)|HEAP_ALLOCATE|[85]|Bytes:18
11:31:48.151 (262283259)|HEAP_ALLOCATE|[86]|Bytes:18
11:31:48.151 (262289714)|HEAP_ALLOCATE|[87]|Bytes:18
11:31:48.151 (262294057)|HEAP_ALLOCATE|[85]|Bytes:54
11:31:48.151 (262373827)|VARIABLE_SCOPE_BEGIN|[85]|key|String|false|false
11:31:48.151 (262382644)|VARIABLE_ASSIGNMENT|[85]|key|"01tg8000001BArWAAWa0 (34 more) ..."
11:31:48.151 (262385557)|STATEMENT_EXECUTE|[88]
11:31:48.151 (262389150)|HEAP_ALLOCATE|[EXTERNAL]|Bytes:-4
11:31:48.151 (262395055)|HEAP_ALLOCATE|[84]|Bytes:5
11:31:48.151 (262399695)|HEAP_ALLOCATE|[84]|Bytes:24
11:31:48.151 (262402746)|VARIABLE_SCOPE_BEGIN|[84]|t|Tax__c|true|false
11:31:48.151 (262550223)|VARIABLE_ASSIGNMENT|[84]|t|{"DistributionCenter__c":"a06g8000000wkLpAAI","Product__c":"01tg8000001BArcAAG","TaxRate__c":18.00,"Id":"a09g8000001mWeXAAU","State__c":"a04g8000000VkhhAAC"}|0x4e9c6b9a
11:31:48.151 (262555094)|STATEMENT_EXECUTE|[84]
11:31:48.151 (262556243)|STATEMENT_EXECUTE|[85]
11:31:48.151 (262562561)|HEAP_ALLOCATE|[85]|Bytes:18
11:31:48.151 (262569828)|HEAP_ALLOCATE|[86]|Bytes:18
11:31:48.151 (262576336)|HEAP_ALLOCATE|[87]|Bytes:18
11:31:48.151 (262580643)|HEAP_ALLOCATE|[85]|Bytes:54
11:31:48.151 (262582957)|VARIABLE_SCOPE_BEGIN|[85]|key|String|false|false
11:31:48.151 (262589531)|VARIABLE_ASSIGNMENT|[85]|key|"01tg8000001BArcAAGa0 (34 more) ..."
11:31:48.151 (262591960)|STATEMENT_EXECUTE|[88]
11:31:48.151 (262594739)|HEAP_ALLOCATE|[EXTERNAL]|Bytes:-4
11:31:48.151 (262600346)|HEAP_ALLOCATE|[84]|Bytes:5
11:31:48.151 (262604579)|HEAP_ALLOCATE|[84]|Bytes:24
11:31:48.151 (262607559)|VARIABLE_SCOPE_BEGIN|[84]|t|Tax__c|true|false
11:31:48.151 (262629879)|VARIABLE_ASSIGNMENT|[84]|t|{"DistributionCenter__c":"a06g8000000wkLpAAI","Product__c":"01tg8000001BArdAAG","TaxRate__c":18.00,"Id":"a09g8000001mYgLAAU","State__c":"a04g8000000VkhhAAC"}|0xcacb7b5
11:31:48.151 (262634019)|STATEMENT_EXECUTE|[84]
11:31:48.151 (262634929)|STATEMENT_EXECUTE|[85]
11:31:48.151 (262640425)|HEAP_ALLOCATE|[85]|Bytes:18
11:31:48.151 (262647495)|HEAP_ALLOCATE|[86]|Bytes:18
11:31:48.151 (262653984)|HEAP_ALLOCATE|[87]|Bytes:18
11:31:48.151 (262658167)|HEAP_ALLOCATE|[85]|Bytes:54
11:31:48.151 (262660364)|VARIABLE_SCOPE_BEGIN|[85]|key|String|false|false
11:31:48.151 (262669429)|VARIABLE_ASSIGNMENT|[85]|key|"01tg8000001BArdAAGa0 (34 more) ..."
11:31:48.151 (262671905)|STATEMENT_EXECUTE|[88]
11:31:48.151 (262674582)|HEAP_ALLOCATE|[EXTERNAL]|Bytes:-4
11:31:48.151 (262679778)|HEAP_ALLOCATE|[84]|Bytes:5
11:31:48.151 (262688316)|VARIABLE_ASSIGNMENT|[84]|t|null|
11:31:48.151 (262692885)|STATEMENT_EXECUTE|[92]
11:31:48.151 (265094118)|HEAP_ALLOCATE|[92]|Bytes:1
11:31:48.151 (265140935)|METHOD_ENTRY|[1]|01pg8000001w1MY|FreightSelector.FreightSelector()
11:31:48.151 (265148230)|STATEMENT_EXECUTE|[1]
11:31:48.151 (265153903)|STATEMENT_EXECUTE|[1]
11:31:48.151 (265163247)|METHOD_EXIT|[1]|FreightSelector
11:31:48.151 (265195713)|METHOD_ENTRY|[92]|01pg8000001w1MY|FreightSelector.getFreightApproved()
11:31:48.151 (265299470)|STATEMENT_EXECUTE|[2]
11:31:48.151 (265300449)|STATEMENT_EXECUTE|[3]
11:31:48.151 (265303978)|HEAP_ALLOCATE|[3]|Bytes:154
11:31:48.151 (265317850)|HEAP_ALLOCATE|[3]|Bytes:4
11:31:48.151 (267805763)|SOQL_EXECUTE_BEGIN|[3]|Aggregations:0|SELECT Product__c, City__c, State__c, Country__c, DistributionCenter__c, FreightValue__c, ProductHierarchy__c FROM Freight__c WHERE Status__c = 'Approved'
11:31:48.151 (276123885)|SOQL_EXECUTE_END|[3]|Rows:7
11:31:48.151 (276157968)|HEAP_ALLOCATE|[3]|Bytes:32
11:31:48.151 (276183384)|HEAP_ALLOCATE|[3]|Bytes:1371
11:31:48.151 (276235649)|HEAP_ALLOCATE|[3]|Bytes:32
11:31:48.151 (276258728)|METHOD_EXIT|[92]|01pg8000001w1MY|FreightSelector.getFreightApproved()
11:31:48.151 (276268936)|VARIABLE_SCOPE_BEGIN|[92]|listFreights|List<Freight__c>|true|false
11:31:48.151 (276352799)|VARIABLE_ASSIGNMENT|[92]|listFreights|"List of size 7 too large to display"|0x1cadcdf7
11:31:48.151 (276365857)|STATEMENT_EXECUTE|[94]
11:31:48.151 (276413954)|HEAP_ALLOCATE|[94]|Bytes:4
11:31:48.151 (276451233)|VARIABLE_SCOPE_BEGIN|[94]|mapFreight|Map<String,Freight__c>|true|false
11:31:48.151 (276470104)|VARIABLE_ASSIGNMENT|[94]|mapFreight|{}|0x3e5a1f47
11:31:48.151 (276765314)|HEAP_ALLOCATE|[95]|Bytes:5
11:31:48.151 (276784765)|HEAP_ALLOCATE|[95]|Bytes:24
11:31:48.151 (276791608)|VARIABLE_SCOPE_BEGIN|[95]|f|Freight__c|true|false
11:31:48.151 (276900820)|VARIABLE_ASSIGNMENT|[95]|f|{"DistributionCenter__c":"a06g8000000wkLpAAI","Id":"a0Ag8000000XacwEAC","State__c":"a04g8000000QmaTAAS","ProductHierarchy__c":"a01g8000007otrhAAA","FreightValue__c":800.00}|0x783872a6
11:31:48.151 (276909064)|STATEMENT_EXECUTE|[95]
11:31:48.151 (276910694)|STATEMENT_EXECUTE|[96]
11:31:48.151 (276980425)|HEAP_ALLOCATE|[96]|Bytes:18
11:31:48.151 (276988165)|VARIABLE_SCOPE_BEGIN|[96]|quem|String|false|false
11:31:48.151 (277005149)|VARIABLE_ASSIGNMENT|[96]|quem|"a01g8000007otrhAAA"
11:31:48.151 (277008867)|STATEMENT_EXECUTE|[97]
11:31:48.151 (277028023)|HEAP_ALLOCATE|[97]|Bytes:18
11:31:48.151 (277033405)|VARIABLE_SCOPE_BEGIN|[97]|onde|String|false|false
11:31:48.151 (277039290)|VARIABLE_ASSIGNMENT|[97]|onde|"a04g8000000QmaTAAS"
11:31:48.151 (277041868)|STATEMENT_EXECUTE|[99]
11:31:48.151 (277050409)|HEAP_ALLOCATE|[99]|Bytes:37
11:31:48.151 (277052774)|VARIABLE_SCOPE_BEGIN|[99]|key|String|false|false
11:31:48.151 (277059141)|VARIABLE_ASSIGNMENT|[99]|key|"a01g8000007otrhAAA_a (17 more) ..."
11:31:48.151 (277061601)|STATEMENT_EXECUTE|[101]
11:31:48.151 (277082765)|HEAP_ALLOCATE|[EXTERNAL]|Bytes:-4
11:31:48.151 (277087976)|STATEMENT_EXECUTE|[102]
11:31:48.151 (277089928)|HEAP_ALLOCATE|[102]|Bytes:27
11:31:48.151 (277096080)|HEAP_ALLOCATE|[102]|Bytes:64
11:31:48.151 (277123814)|USER_DEBUG|[102]|DEBUG|MAPA FRETE - Chave Gerada: a01g8000007otrhAAA_a04g8000000QmaTAAS
11:31:48.151 (277134091)|HEAP_ALLOCATE|[95]|Bytes:5
11:31:48.151 (277141584)|HEAP_ALLOCATE|[95]|Bytes:24
11:31:48.151 (277145095)|VARIABLE_SCOPE_BEGIN|[95]|f|Freight__c|true|false
11:31:48.151 (277181005)|VARIABLE_ASSIGNMENT|[95]|f|{"DistributionCenter__c":"a06g8000000wkLpAAI","City__c":"a05g8000001KAc9AAG","Id":"a0Ag8000000XacxEAC","ProductHierarchy__c":"a01g8000007otrjAAA","FreightValue__c":500.00}|0x1b3d64cf
11:31:48.151 (277185613)|STATEMENT_EXECUTE|[95]
11:31:48.151 (277186646)|STATEMENT_EXECUTE|[96]
11:31:48.151 (277195300)|HEAP_ALLOCATE|[96]|Bytes:18
11:31:48.151 (277200173)|VARIABLE_SCOPE_BEGIN|[96]|quem|String|false|false
11:31:48.151 (277205899)|VARIABLE_ASSIGNMENT|[96]|quem|"a01g8000007otrjAAA"
11:31:48.151 (277208414)|STATEMENT_EXECUTE|[97]
11:31:48.151 (277218075)|HEAP_ALLOCATE|[97]|Bytes:18
11:31:48.151 (277222519)|VARIABLE_SCOPE_BEGIN|[97]|onde|String|false|false
11:31:48.151 (277595491)|VARIABLE_ASSIGNMENT|[97]|onde|"a05g8000001KAc9AAG"
11:31:48.151 (277600573)|STATEMENT_EXECUTE|[99]
11:31:48.151 (277604441)|HEAP_ALLOCATE|[99]|Bytes:37
11:31:48.151 (277608958)|VARIABLE_SCOPE_BEGIN|[99]|key|String|false|false
11:31:48.151 (277618182)|VARIABLE_ASSIGNMENT|[99]|key|"a01g8000007otrjAAA_a (17 more) ..."
11:31:48.151 (277621843)|STATEMENT_EXECUTE|[101]
11:31:48.151 (277628892)|HEAP_ALLOCATE|[EXTERNAL]|Bytes:-4
11:31:48.151 (277633810)|STATEMENT_EXECUTE|[102]
11:31:48.151 (277636701)|HEAP_ALLOCATE|[102]|Bytes:64
11:31:48.151 (277644557)|USER_DEBUG|[102]|DEBUG|MAPA FRETE - Chave Gerada: a01g8000007otrjAAA_a05g8000001KAc9AAG
11:31:48.151 (277653181)|HEAP_ALLOCATE|[95]|Bytes:5
11:31:48.151 (277659191)|HEAP_ALLOCATE|[95]|Bytes:24
11:31:48.151 (277665172)|VARIABLE_SCOPE_BEGIN|[95]|f|Freight__c|true|false
11:31:48.151 (277886046)|VARIABLE_ASSIGNMENT|[95]|f|{"DistributionCenter__c":"a06g8000000wkLpAAI","Product__c":"01tg8000001BArcAAG","Id":"a0Ag8000000XacyEAC","State__c":"a04g8000000QmaTAAS","FreightValue__c":150.00}|0x6a020c74
11:31:48.151 (277891426)|STATEMENT_EXECUTE|[95]
11:31:48.151 (277892431)|STATEMENT_EXECUTE|[96]
11:31:48.151 (277905116)|HEAP_ALLOCATE|[96]|Bytes:18
11:31:48.151 (277912141)|VARIABLE_SCOPE_BEGIN|[96]|quem|String|false|false
11:31:48.151 (277918649)|VARIABLE_ASSIGNMENT|[96]|quem|"01tg8000001BArcAAG"
11:31:48.151 (277921031)|STATEMENT_EXECUTE|[97]
11:31:48.151 (277927110)|HEAP_ALLOCATE|[97]|Bytes:18
11:31:48.151 (277940059)|VARIABLE_SCOPE_BEGIN|[97]|onde|String|false|false
11:31:48.151 (277957552)|VARIABLE_ASSIGNMENT|[97]|onde|"a04g8000000QmaTAAS"
11:31:48.151 (277960006)|STATEMENT_EXECUTE|[99]
11:31:48.151 (277962148)|HEAP_ALLOCATE|[99]|Bytes:37
11:31:48.151 (277964407)|VARIABLE_SCOPE_BEGIN|[99]|key|String|false|false
11:31:48.151 (277982122)|VARIABLE_ASSIGNMENT|[99]|key|"01tg8000001BArcAAG_a (17 more) ..."
11:31:48.151 (277984627)|STATEMENT_EXECUTE|[101]
11:31:48.151 (277987939)|HEAP_ALLOCATE|[EXTERNAL]|Bytes:-4
11:31:48.151 (277991139)|STATEMENT_EXECUTE|[102]
11:31:48.151 (277993276)|HEAP_ALLOCATE|[102]|Bytes:64
11:31:48.151 (277998527)|USER_DEBUG|[102]|DEBUG|MAPA FRETE - Chave Gerada: 01tg8000001BArcAAG_a04g8000000QmaTAAS
11:31:48.151 (278005184)|HEAP_ALLOCATE|[95]|Bytes:5
11:31:48.151 (278010729)|HEAP_ALLOCATE|[95]|Bytes:24
11:31:48.151 (278013819)|VARIABLE_SCOPE_BEGIN|[95]|f|Freight__c|true|false
11:31:48.151 (278040319)|VARIABLE_ASSIGNMENT|[95]|f|{"DistributionCenter__c":"a06g8000000wkLpAAI","Country__c":"a03g8000004x8aeAAA","Id":"a0Ag8000000XaczEAC","ProductHierarchy__c":"a01g8000007otrqAAA","FreightValue__c":50.00}|0x71519503
11:31:48.151 (278044899)|STATEMENT_EXECUTE|[95]
11:31:48.151 (278045888)|STATEMENT_EXECUTE|[96]
11:31:48.151 (278053715)|HEAP_ALLOCATE|[96]|Bytes:18
11:31:48.151 (278058410)|VARIABLE_SCOPE_BEGIN|[96]|quem|String|false|false
11:31:48.151 (278063878)|VARIABLE_ASSIGNMENT|[96]|quem|"a01g8000007otrqAAA"
11:31:48.151 (278066396)|STATEMENT_EXECUTE|[97]
11:31:48.151 (278077474)|HEAP_ALLOCATE|[97]|Bytes:18
11:31:48.151 (278082124)|VARIABLE_SCOPE_BEGIN|[97]|onde|String|false|false
11:31:48.151 (278087038)|VARIABLE_ASSIGNMENT|[97]|onde|"a03g8000004x8aeAAA"
11:31:48.151 (278089344)|STATEMENT_EXECUTE|[99]
11:31:48.151 (278091260)|HEAP_ALLOCATE|[99]|Bytes:37
11:31:48.151 (278093252)|VARIABLE_SCOPE_BEGIN|[99]|key|String|false|false
11:31:48.151 (278098145)|VARIABLE_ASSIGNMENT|[99]|key|"a01g8000007otrqAAA_a (17 more) ..."
11:31:48.151 (278100388)|STATEMENT_EXECUTE|[101]
11:31:48.151 (278103409)|HEAP_ALLOCATE|[EXTERNAL]|Bytes:-4
11:31:48.151 (278106473)|STATEMENT_EXECUTE|[102]
11:31:48.151 (278107999)|HEAP_ALLOCATE|[102]|Bytes:64
11:31:48.151 (278112633)|USER_DEBUG|[102]|DEBUG|MAPA FRETE - Chave Gerada: a01g8000007otrqAAA_a03g8000004x8aeAAA
11:31:48.151 (278118483)|HEAP_ALLOCATE|[95]|Bytes:5
11:31:48.151 (278122860)|HEAP_ALLOCATE|[95]|Bytes:24
11:31:48.151 (278125625)|VARIABLE_SCOPE_BEGIN|[95]|f|Freight__c|true|false
11:31:48.151 (278146679)|VARIABLE_ASSIGNMENT|[95]|f|{"DistributionCenter__c":"a06g8000000wkLpAAI","Id":"a0Ag8000000Y0NNEA0","State__c":"a04g8000000VkhhAAC","ProductHierarchy__c":"a01g8000007otrhAAA","FreightValue__c":800.00}|0x4a4764cd
11:31:48.151 (278150917)|STATEMENT_EXECUTE|[95]
11:31:48.151 (278152009)|STATEMENT_EXECUTE|[96]
11:31:48.151 (278158863)|HEAP_ALLOCATE|[96]|Bytes:18
11:31:48.151 (278163445)|VARIABLE_SCOPE_BEGIN|[96]|quem|String|false|false
11:31:48.151 (278168490)|VARIABLE_ASSIGNMENT|[96]|quem|"a01g8000007otrhAAA"
11:31:48.151 (278170740)|STATEMENT_EXECUTE|[97]
11:31:48.151 (278175980)|HEAP_ALLOCATE|[97]|Bytes:18
11:31:48.151 (278179953)|VARIABLE_SCOPE_BEGIN|[97]|onde|String|false|false
11:31:48.151 (278184618)|VARIABLE_ASSIGNMENT|[97]|onde|"a04g8000000VkhhAAC"
11:31:48.151 (278186813)|STATEMENT_EXECUTE|[99]
11:31:48.151 (278188523)|HEAP_ALLOCATE|[99]|Bytes:37
11:31:48.151 (278191532)|VARIABLE_SCOPE_BEGIN|[99]|key|String|false|false
11:31:48.151 (278196323)|VARIABLE_ASSIGNMENT|[99]|key|"a01g8000007otrhAAA_a (17 more) ..."
11:31:48.151 (278198441)|STATEMENT_EXECUTE|[101]
11:31:48.151 (278201296)|HEAP_ALLOCATE|[EXTERNAL]|Bytes:-4
11:31:48.151 (278204342)|STATEMENT_EXECUTE|[102]
11:31:48.151 (278205847)|HEAP_ALLOCATE|[102]|Bytes:64
11:31:48.151 (278210065)|USER_DEBUG|[102]|DEBUG|MAPA FRETE - Chave Gerada: a01g8000007otrhAAA_a04g8000000VkhhAAC
11:31:48.151 (278215710)|HEAP_ALLOCATE|[95]|Bytes:5
11:31:48.151 (278219855)|HEAP_ALLOCATE|[95]|Bytes:24
11:31:48.151 (278222654)|VARIABLE_SCOPE_BEGIN|[95]|f|Freight__c|true|false
11:31:48.151 (278244734)|VARIABLE_ASSIGNMENT|[95]|f|{"DistributionCenter__c":"a06g8000000wkLpAAI","Id":"a0Ag8000000Y25pEAC","State__c":"a04g8000000Vm3ZAAS","ProductHierarchy__c":"a01g8000007otrhAAA","FreightValue__c":800.00}|0x3a2c6a56
11:31:48.151 (278250180)|STATEMENT_EXECUTE|[95]
11:31:48.151 (278251490)|STATEMENT_EXECUTE|[96]
11:31:48.151 (278260881)|HEAP_ALLOCATE|[96]|Bytes:18
11:31:48.151 (278267105)|VARIABLE_SCOPE_BEGIN|[96]|quem|String|false|false
11:31:48.151 (278274294)|VARIABLE_ASSIGNMENT|[96]|quem|"a01g8000007otrhAAA"
11:31:48.151 (278277831)|STATEMENT_EXECUTE|[97]
11:31:48.151 (278284707)|HEAP_ALLOCATE|[97]|Bytes:18
11:31:48.151 (278290634)|VARIABLE_SCOPE_BEGIN|[97]|onde|String|false|false
11:31:48.151 (278297332)|VARIABLE_ASSIGNMENT|[97]|onde|"a04g8000000Vm3ZAAS"
11:31:48.151 (278300446)|STATEMENT_EXECUTE|[99]
11:31:48.151 (278302730)|HEAP_ALLOCATE|[99]|Bytes:37
11:31:48.151 (278305520)|VARIABLE_SCOPE_BEGIN|[99]|key|String|false|false
11:31:48.151 (278312789)|VARIABLE_ASSIGNMENT|[99]|key|"a01g8000007otrhAAA_a (17 more) ..."
11:31:48.151 (278316183)|STATEMENT_EXECUTE|[101]
11:31:48.151 (278320515)|HEAP_ALLOCATE|[EXTERNAL]|Bytes:-4
11:31:48.151 (278324779)|STATEMENT_EXECUTE|[102]
11:31:48.151 (278327275)|HEAP_ALLOCATE|[102]|Bytes:64
11:31:48.151 (278333910)|USER_DEBUG|[102]|DEBUG|MAPA FRETE - Chave Gerada: a01g8000007otrhAAA_a04g8000000Vm3ZAAS
11:31:48.151 (278342279)|HEAP_ALLOCATE|[95]|Bytes:5
11:31:48.151 (278347163)|HEAP_ALLOCATE|[95]|Bytes:24
11:31:48.151 (278349970)|VARIABLE_SCOPE_BEGIN|[95]|f|Freight__c|true|false
11:31:48.151 (278377459)|VARIABLE_ASSIGNMENT|[95]|f|{"DistributionCenter__c":"a06g8000000wkLpAAI","Country__c":"a03g8000004x8aeAAA","Product__c":"01tg8000001BArcAAG","Id":"a0Ag8000000ej3FEAQ","FreightValue__c":900.00}|0x4037a0cb
11:31:48.151 (278381734)|STATEMENT_EXECUTE|[95]
11:31:48.151 (278382725)|STATEMENT_EXECUTE|[96]
11:31:48.151 (278389731)|HEAP_ALLOCATE|[96]|Bytes:18
11:31:48.151 (278394293)|VARIABLE_SCOPE_BEGIN|[96]|quem|String|false|false
11:31:48.151 (278399380)|VARIABLE_ASSIGNMENT|[96]|quem|"01tg8000001BArcAAG"
11:31:48.151 (278401717)|STATEMENT_EXECUTE|[97]
11:31:48.151 (278407779)|HEAP_ALLOCATE|[97]|Bytes:18
11:31:48.151 (278411830)|VARIABLE_SCOPE_BEGIN|[97]|onde|String|false|false
11:31:48.151 (278416504)|VARIABLE_ASSIGNMENT|[97]|onde|"a03g8000004x8aeAAA"
11:31:48.151 (278418807)|STATEMENT_EXECUTE|[99]
11:31:48.151 (278420565)|HEAP_ALLOCATE|[99]|Bytes:37
11:31:48.151 (278422579)|VARIABLE_SCOPE_BEGIN|[99]|key|String|false|false
11:31:48.151 (278427475)|VARIABLE_ASSIGNMENT|[99]|key|"01tg8000001BArcAAG_a (17 more) ..."
11:31:48.151 (278429690)|STATEMENT_EXECUTE|[101]
11:31:48.151 (278432707)|HEAP_ALLOCATE|[EXTERNAL]|Bytes:-4
11:31:48.151 (278435847)|STATEMENT_EXECUTE|[102]
11:31:48.151 (278437639)|HEAP_ALLOCATE|[102]|Bytes:64
11:31:48.151 (278442085)|USER_DEBUG|[102]|DEBUG|MAPA FRETE - Chave Gerada: 01tg8000001BArcAAG_a03g8000004x8aeAAA
11:31:48.151 (278447915)|HEAP_ALLOCATE|[95]|Bytes:5
11:31:48.151 (278454297)|VARIABLE_ASSIGNMENT|[95]|f|null|
11:31:48.151 (278494229)|HEAP_ALLOCATE|[106]|Bytes:5
11:31:48.151 (278507818)|HEAP_ALLOCATE|[106]|Bytes:4
11:31:48.151 (278511840)|VARIABLE_SCOPE_BEGIN|[106]|item|OrderItem|true|false
11:31:48.151 (279210122)|VARIABLE_ASSIGNMENT|[106]|item|{"Product_Code_Display__c":"P003","IsDeleted":false,"UnitPrice":1350000.00,"Product2Id":"01tg8000001BArVAAW","PricebookEntryId":"01ug8000000XnbRAAS","TotalPrice":2700000.00,"Quantity":2.00,"ExternalId__c":"orderItem004","ListPrice":1350000.00,"OrderId":"801g800000DSnO6AAL"}|0x6eac3646
11:31:48.151 (279223126)|STATEMENT_EXECUTE|[106]
11:31:48.151 (279224776)|STATEMENT_EXECUTE|[107]
11:31:48.151 (279276943)|VARIABLE_SCOPE_BEGIN|[107]|pedido|Order|true|false
11:31:48.151 (279356390)|VARIABLE_ASSIGNMENT|[107]|pedido|{"Status":"Draft","City__c":"a05g8000001KAc9AAG","Country__c":"a03g8000004x8aeAAA","AccountId":"001g800000DSnO5AAL","DistributionCenter__c":"a06g8000000wkLpAAI","Id":"801g800000DSnO6AAL","State__c":"a04g8000000QmaTAAS"}|0x506ebf0
11:31:48.151 (279362810)|STATEMENT_EXECUTE|[108]
11:31:48.151 (279387846)|VARIABLE_SCOPE_BEGIN|[108]|produto|Product2|true|false
11:31:48.151 (279422583)|VARIABLE_ASSIGNMENT|[108]|produto|{"ProductionCost__c":900000.00,"ProductHierarchy__c":"a01g8000007otrhAAA","Id":"01tg8000001BArVAAW"}|0x1f501d49
11:31:48.151 (279426360)|STATEMENT_EXECUTE|[109]
11:31:48.151 (279446564)|VARIABLE_SCOPE_BEGIN|[109]|cliente|Account|true|false
11:31:48.151 (279475912)|VARIABLE_ASSIGNMENT|[109]|cliente|{"AccountGroup__c":"a02g8000002871ZAAQ","Id":"001g800000DSnO5AAL"}|0x71d5b087
11:31:48.151 (279537597)|HEAP_ALLOCATE|[113]|Bytes:28
11:31:48.151 (279541602)|HEAP_ALLOCATE|[113]|Bytes:28
11:31:48.151 (279602048)|HEAP_ALLOCATE|[113]|Bytes:28
11:31:48.151 (279605791)|HEAP_ALLOCATE|[113]|Bytes:28
11:31:48.151 (279621757)|STATEMENT_EXECUTE|[113]
11:31:48.151 (279625898)|STATEMENT_EXECUTE|[119]
11:31:48.151 (279627417)|STATEMENT_EXECUTE|[121]
11:31:48.151 (279642586)|HEAP_ALLOCATE|[121]|Bytes:18
11:31:48.151 (279661193)|HEAP_ALLOCATE|[122]|Bytes:18
11:31:48.151 (279675374)|HEAP_ALLOCATE|[123]|Bytes:18
11:31:48.151 (279681925)|HEAP_ALLOCATE|[121]|Bytes:54
11:31:48.151 (279684369)|VARIABLE_SCOPE_BEGIN|[121]|keyOrderItemImposto|String|false|false
11:31:48.151 (279693773)|VARIABLE_ASSIGNMENT|[121]|keyOrderItemImposto|"01tg8000001BArVAAWa0 (34 more) ..."
11:31:48.151 (279696944)|STATEMENT_EXECUTE|[125]
11:31:48.151 (279714037)|VARIABLE_SCOPE_BEGIN|[125]|impostoEncontrado|Tax__c|true|false
11:31:48.151 (279750823)|VARIABLE_ASSIGNMENT|[125]|impostoEncontrado|{"DistributionCenter__c":"a06g8000000wkLpAAI","Product__c":"01tg8000001BArVAAW","TaxRate__c":18.00,"Id":"a09g8000001l5i1AAA","State__c":"a04g8000000QmaTAAS"}|0x6f32ff58
11:31:48.151 (279755230)|STATEMENT_EXECUTE|[127]
11:31:48.151 (280502350)|VARIABLE_ASSIGNMENT|[127]|this.TaxPercentage__c|18.00|0x6eac3646
11:31:48.151 (280509584)|STATEMENT_EXECUTE|[130]
11:31:48.151 (284259127)|HEAP_ALLOCATE|[130]|Bytes:7
11:31:48.151 (284336638)|METHOD_ENTRY|[1]|01pg8000001F8kf|PricingService.PricingService()
11:31:48.151 (284343240)|STATEMENT_EXECUTE|[1]
11:31:48.151 (284349756)|STATEMENT_EXECUTE|[1]
11:31:48.151 (284371202)|METHOD_EXIT|[1]|PricingService
11:31:48.151 (284418486)|METHOD_ENTRY|[130]|01pg8000001F8kf|PricingService.findMargin(OrderItem, Order, Map<String,Margem__c>, Id, Account)
11:31:48.151 (284925604)|VARIABLE_SCOPE_BEGIN|[21]|item|OrderItem|true|false
11:31:48.151 (285553511)|VARIABLE_ASSIGNMENT|[21]|item|{"Product_Code_Display__c":"P003","IsDeleted":false,"UnitPrice":1350000.00,"Product2Id":"01tg8000001BArVAAW","PricebookEntryId":"01ug8000000XnbRAAS","TotalPrice":2700000.00,"Quantity":2.00,"ExternalId__c":"orderItem004","TaxPercentage__c":18.00,"ListPrice":1350000.00,"OrderId":"801g800000DSnO6AAL"}|0x6eac3646
11:31:48.151 (285572431)|VARIABLE_SCOPE_BEGIN|[21]|pedido|Order|true|false
11:31:48.151 (285649869)|VARIABLE_ASSIGNMENT|[21]|pedido|{"Status":"Draft","City__c":"a05g8000001KAc9AAG","Country__c":"a03g8000004x8aeAAA","AccountId":"001g800000DSnO5AAL","DistributionCenter__c":"a06g8000000wkLpAAI","Id":"801g800000DSnO6AAL","State__c":"a04g8000000QmaTAAS"}|0x506ebf0
11:31:48.151 (285661936)|VARIABLE_SCOPE_BEGIN|[21]|mapMargin|Map<String,Margem__c>|true|false
11:31:48.151 (285672547)|VARIABLE_ASSIGNMENT|[21]|mapMargin|"Map of size 7 too large to display"|0x59d05266
11:31:48.151 (285678973)|VARIABLE_SCOPE_BEGIN|[21]|h|Id|false|false
11:31:48.151 (285941793)|VARIABLE_ASSIGNMENT|[21]|h|"a01g8000007otrhAAA"
11:31:48.151 (285952843)|VARIABLE_SCOPE_BEGIN|[21]|cliente|Account|true|false
11:31:48.151 (285990148)|VARIABLE_ASSIGNMENT|[21]|cliente|{"AccountGroup__c":"a02g8000002871ZAAQ","Id":"001g800000DSnO5AAL"}|0x71d5b087
11:31:48.151 (286001497)|STATEMENT_EXECUTE|[21]
11:31:48.151 (286003363)|STATEMENT_EXECUTE|[22]
11:31:48.151 (286016044)|VARIABLE_SCOPE_BEGIN|[22]|p|Id|false|false
11:31:48.151 (286057207)|VARIABLE_ASSIGNMENT|[22]|p|"01tg8000001BArVAAW"
11:31:48.151 (286060455)|STATEMENT_EXECUTE|[23]
11:31:48.151 (286065993)|VARIABLE_SCOPE_BEGIN|[23]|a|Id|false|false
11:31:48.151 (286086373)|VARIABLE_ASSIGNMENT|[23]|a|"001g800000DSnO5AAL"
11:31:48.151 (286089110)|STATEMENT_EXECUTE|[24]
11:31:48.151 (286103057)|VARIABLE_SCOPE_BEGIN|[24]|g|Id|false|false
11:31:48.151 (286124063)|VARIABLE_ASSIGNMENT|[24]|g|"a02g8000002871ZAAQ"
11:31:48.151 (286126768)|STATEMENT_EXECUTE|[25]
11:31:48.151 (286135248)|VARIABLE_SCOPE_BEGIN|[25]|c|Id|false|false
11:31:48.151 (286155208)|VARIABLE_ASSIGNMENT|[25]|c|"a05g8000001KAc9AAG"
11:31:48.151 (286157964)|STATEMENT_EXECUTE|[26]
11:31:48.151 (286160864)|VARIABLE_SCOPE_BEGIN|[26]|e|Id|false|false
11:31:48.151 (286179288)|VARIABLE_ASSIGNMENT|[26]|e|"a04g8000000QmaTAAS"
11:31:48.151 (286182139)|STATEMENT_EXECUTE|[27]
11:31:48.151 (286189604)|VARIABLE_SCOPE_BEGIN|[27]|pa|Id|false|false
11:31:48.151 (286209448)|VARIABLE_ASSIGNMENT|[27]|pa|"a03g8000004x8aeAAA"
11:31:48.151 (286281847)|HEAP_ALLOCATE|[30]|Bytes:18
11:31:48.151 (286297642)|HEAP_ALLOCATE|[30]|Bytes:18
11:31:48.151 (286304071)|HEAP_ALLOCATE|[30]|Bytes:18
11:31:48.151 (286311904)|HEAP_ALLOCATE|[30]|Bytes:56
11:31:48.151 (286325954)|STATEMENT_EXECUTE|[30]
11:31:48.151 (286334759)|HEAP_ALLOCATE|[31]|Bytes:18
11:31:48.151 (286341736)|HEAP_ALLOCATE|[31]|Bytes:18
11:31:48.151 (286347670)|HEAP_ALLOCATE|[31]|Bytes:18
11:31:48.151 (286352239)|HEAP_ALLOCATE|[31]|Bytes:56
11:31:48.151 (286357129)|STATEMENT_EXECUTE|[31]
11:31:48.151 (286363040)|HEAP_ALLOCATE|[32]|Bytes:18
11:31:48.151 (286369320)|HEAP_ALLOCATE|[32]|Bytes:18
11:31:48.151 (286375345)|HEAP_ALLOCATE|[32]|Bytes:18
11:31:48.151 (286379474)|HEAP_ALLOCATE|[32]|Bytes:56
11:31:48.151 (286384192)|STATEMENT_EXECUTE|[32]
11:31:48.151 (286390097)|HEAP_ALLOCATE|[33]|Bytes:18
11:31:48.151 (286396468)|HEAP_ALLOCATE|[33]|Bytes:18
11:31:48.151 (286402480)|HEAP_ALLOCATE|[33]|Bytes:18
11:31:48.151 (286406611)|HEAP_ALLOCATE|[33]|Bytes:56
11:31:48.151 (286411713)|STATEMENT_EXECUTE|[33]
11:31:48.151 (286417410)|HEAP_ALLOCATE|[34]|Bytes:18
11:31:48.151 (286423601)|HEAP_ALLOCATE|[34]|Bytes:18
11:31:48.151 (286429384)|HEAP_ALLOCATE|[34]|Bytes:18
11:31:48.151 (286433553)|HEAP_ALLOCATE|[34]|Bytes:56
11:31:48.151 (286438041)|STATEMENT_EXECUTE|[34]
11:31:48.151 (286443510)|HEAP_ALLOCATE|[35]|Bytes:18
11:31:48.151 (286449577)|HEAP_ALLOCATE|[35]|Bytes:18
11:31:48.151 (286455438)|HEAP_ALLOCATE|[35]|Bytes:18
11:31:48.151 (286459499)|HEAP_ALLOCATE|[35]|Bytes:56
11:31:48.151 (286463929)|STATEMENT_EXECUTE|[35]
11:31:48.151 (286469719)|HEAP_ALLOCATE|[37]|Bytes:18
11:31:48.151 (286475881)|HEAP_ALLOCATE|[37]|Bytes:18
11:31:48.151 (286481735)|HEAP_ALLOCATE|[37]|Bytes:18
11:31:48.151 (286485851)|HEAP_ALLOCATE|[37]|Bytes:56
11:31:48.151 (286490528)|STATEMENT_EXECUTE|[37]
11:31:48.151 (286496093)|HEAP_ALLOCATE|[38]|Bytes:18
11:31:48.151 (286502099)|HEAP_ALLOCATE|[38]|Bytes:18
11:31:48.151 (286507947)|HEAP_ALLOCATE|[38]|Bytes:18
11:31:48.151 (286512056)|HEAP_ALLOCATE|[38]|Bytes:56
11:31:48.151 (286516454)|STATEMENT_EXECUTE|[38]
11:31:48.151 (286522029)|HEAP_ALLOCATE|[39]|Bytes:18
11:31:48.151 (286528049)|HEAP_ALLOCATE|[39]|Bytes:18
11:31:48.151 (286533985)|HEAP_ALLOCATE|[39]|Bytes:18
11:31:48.151 (286538150)|HEAP_ALLOCATE|[39]|Bytes:56
11:31:48.151 (286542370)|STATEMENT_EXECUTE|[39]
11:31:48.151 (286547769)|HEAP_ALLOCATE|[40]|Bytes:18
11:31:48.151 (286553805)|HEAP_ALLOCATE|[40]|Bytes:18
11:31:48.151 (286559707)|HEAP_ALLOCATE|[40]|Bytes:18
11:31:48.151 (286563852)|HEAP_ALLOCATE|[40]|Bytes:56
11:31:48.151 (286568167)|STATEMENT_EXECUTE|[40]
11:31:48.151 (286573727)|HEAP_ALLOCATE|[41]|Bytes:18
11:31:48.151 (286579744)|HEAP_ALLOCATE|[41]|Bytes:18
11:31:48.151 (286585679)|HEAP_ALLOCATE|[41]|Bytes:18
11:31:48.151 (286589788)|HEAP_ALLOCATE|[41]|Bytes:56
11:31:48.151 (286594544)|STATEMENT_EXECUTE|[41]
11:31:48.151 (286597624)|HEAP_ALLOCATE|[41]|Bytes:18
11:31:48.151 (286603525)|HEAP_ALLOCATE|[41]|Bytes:18
11:31:48.151 (286609342)|HEAP_ALLOCATE|[41]|Bytes:18
11:31:48.151 (286613465)|HEAP_ALLOCATE|[41]|Bytes:56
11:31:48.151 (286633304)|METHOD_EXIT|[130]|01pg8000001F8kf|PricingService.findMargin(OrderItem, Order, Map<String,Margem__c>, Id, Account)
11:31:48.151 (286638381)|VARIABLE_SCOPE_BEGIN|[130]|margem|Margem__c|true|false
11:31:48.151 (286698018)|VARIABLE_ASSIGNMENT|[130]|margem|{"Id":"a00g800000JZjxxAAD","AccountGroup__c":"a02g8000002871ZAAQ","ProductHierarchy__c":"a01g8000007otrhAAA","State__c":"a04g8000000QmaTAAS","MarginValuePercent__c":15.00}|0x428670e4
11:31:48.151 (286704412)|STATEMENT_EXECUTE|[131]
11:31:48.151 (287325883)|VARIABLE_ASSIGNMENT|[131]|this.MarginPercentage__c|15.00|0x6eac3646
11:31:48.151 (287333702)|STATEMENT_EXECUTE|[134]
11:31:48.151 (287362595)|METHOD_ENTRY|[134]|01pg8000001F8kf|PricingService.findFreightValue(OrderItem, Order, Map<String,Freight__c>, Id)
11:31:48.151 (287394346)|VARIABLE_SCOPE_BEGIN|[4]|item|OrderItem|true|false
11:31:48.151 (287973177)|VARIABLE_ASSIGNMENT|[4]|item|{"Product_Code_Display__c":"P003","IsDeleted":false,"UnitPrice":1350000.00,"Product2Id":"01tg8000001BArVAAW","PricebookEntryId":"01ug8000000XnbRAAS","TotalPrice":2700000.00,"Quantity":2.00,"ExternalId__c":"orderItem004","MarginPercentage__c":15.00,"TaxPercentage__c":18.00,"ListPrice":1350000.00,"OrderId":"801g800000DSnO6AAL"}|0x6eac3646
11:31:48.151 (287988796)|VARIABLE_SCOPE_BEGIN|[4]|pedido|Order|true|false
11:31:48.151 (288043729)|VARIABLE_ASSIGNMENT|[4]|pedido|{"Status":"Draft","City__c":"a05g8000001KAc9AAG","Country__c":"a03g8000004x8aeAAA","AccountId":"001g800000DSnO5AAL","DistributionCenter__c":"a06g8000000wkLpAAI","Id":"801g800000DSnO6AAL","State__c":"a04g8000000QmaTAAS"}|0x506ebf0
11:31:48.151 (288055499)|VARIABLE_SCOPE_BEGIN|[4]|mapFrete|Map<String,Freight__c>|true|false
11:31:48.151 (288064929)|VARIABLE_ASSIGNMENT|[4]|mapFrete|"Map of size 7 too large to display"|0x3e5a1f47
11:31:48.151 (288071309)|VARIABLE_SCOPE_BEGIN|[4]|h|Id|false|false
11:31:48.151 (288158061)|VARIABLE_ASSIGNMENT|[4]|h|"a01g8000007otrhAAA"
11:31:48.151 (288165221)|STATEMENT_EXECUTE|[4]
11:31:48.151 (288166437)|STATEMENT_EXECUTE|[5]
11:31:48.151 (288173281)|VARIABLE_SCOPE_BEGIN|[5]|p|Id|false|false
11:31:48.151 (288197310)|VARIABLE_ASSIGNMENT|[5]|p|"01tg8000001BArVAAW"
11:31:48.151 (288200331)|STATEMENT_EXECUTE|[6]
11:31:48.151 (288203757)|VARIABLE_SCOPE_BEGIN|[6]|c|Id|false|false
11:31:48.151 (288222706)|VARIABLE_ASSIGNMENT|[6]|c|"a05g8000001KAc9AAG"
11:31:48.151 (288225136)|STATEMENT_EXECUTE|[7]
11:31:48.151 (288227759)|VARIABLE_SCOPE_BEGIN|[7]|e|Id|false|false
11:31:48.151 (288246124)|VARIABLE_ASSIGNMENT|[7]|e|"a04g8000000QmaTAAS"
11:31:48.151 (288248532)|STATEMENT_EXECUTE|[8]
11:31:48.151 (288251315)|VARIABLE_SCOPE_BEGIN|[8]|pa|Id|false|false
11:31:48.151 (288269018)|VARIABLE_ASSIGNMENT|[8]|pa|"a03g8000004x8aeAAA"
11:31:48.151 (288301170)|HEAP_ALLOCATE|[10]|Bytes:18
11:31:48.151 (288313662)|HEAP_ALLOCATE|[10]|Bytes:18
11:31:48.151 (288320766)|HEAP_ALLOCATE|[10]|Bytes:37
11:31:48.151 (288332310)|STATEMENT_EXECUTE|[10]
11:31:48.151 (288339530)|HEAP_ALLOCATE|[11]|Bytes:18
11:31:48.151 (288346172)|HEAP_ALLOCATE|[11]|Bytes:18
11:31:48.151 (288350692)|HEAP_ALLOCATE|[11]|Bytes:37
11:31:48.151 (288355526)|STATEMENT_EXECUTE|[11]
11:31:48.151 (288361376)|HEAP_ALLOCATE|[12]|Bytes:18
11:31:48.151 (288367790)|HEAP_ALLOCATE|[12]|Bytes:18
11:31:48.151 (288371921)|HEAP_ALLOCATE|[12]|Bytes:37
11:31:48.151 (288376301)|STATEMENT_EXECUTE|[12]
11:31:48.151 (288382252)|HEAP_ALLOCATE|[13]|Bytes:18
11:31:48.151 (288388520)|HEAP_ALLOCATE|[13]|Bytes:18
11:31:48.151 (288392624)|HEAP_ALLOCATE|[13]|Bytes:37
11:31:48.151 (288397616)|STATEMENT_EXECUTE|[13]
11:31:48.151 (288403240)|HEAP_ALLOCATE|[14]|Bytes:18
11:31:48.151 (288409382)|HEAP_ALLOCATE|[14]|Bytes:18
11:31:48.151 (288413587)|HEAP_ALLOCATE|[14]|Bytes:37
11:31:48.151 (288418662)|STATEMENT_EXECUTE|[14]
11:31:48.151 (288421766)|HEAP_ALLOCATE|[14]|Bytes:18
11:31:48.151 (288427655)|HEAP_ALLOCATE|[14]|Bytes:18
11:31:48.151 (288431668)|HEAP_ALLOCATE|[14]|Bytes:37
11:31:48.151 (288469535)|METHOD_EXIT|[134]|01pg8000001F8kf|PricingService.findFreightValue(OrderItem, Order, Map<String,Freight__c>, Id)
11:31:48.151 (288945911)|VARIABLE_ASSIGNMENT|[134]|this.FreightValue__c|800.00|0x6eac3646
11:31:48.151 (288952798)|STATEMENT_EXECUTE|[137]
11:31:48.151 (288970564)|VARIABLE_SCOPE_BEGIN|[137]|custoUnitario|Decimal|false|false
11:31:48.151 (288978968)|VARIABLE_ASSIGNMENT|[137]|custoUnitario|900000.00
11:31:48.151 (288995339)|HEAP_ALLOCATE|[139]|Bytes:28
11:31:48.151 (288998188)|HEAP_ALLOCATE|[139]|Bytes:28
11:31:48.151 (289037581)|HEAP_ALLOCATE|[139]|Bytes:28
11:31:48.151 (289046414)|HEAP_ALLOCATE|[139]|Bytes:28
11:31:48.151 (289050369)|HEAP_ALLOCATE|[139]|Bytes:28
11:31:48.151 (289052115)|HEAP_ALLOCATE|[139]|Bytes:28
11:31:48.151 (289062899)|STATEMENT_EXECUTE|[139]
11:31:48.151 (289064141)|STATEMENT_EXECUTE|[145]
11:31:48.151 (289066822)|HEAP_ALLOCATE|[145]|Bytes:28
11:31:48.151 (289073151)|HEAP_ALLOCATE|[145]|Bytes:28
11:31:48.151 (289088165)|METHOD_ENTRY|[145]|01pg8000001F8kf|PricingService.calculateFinalPrice(OrderItem, Decimal, Margem__c, Decimal, Decimal)
11:31:48.151 (289113034)|VARIABLE_SCOPE_BEGIN|[47]|item|OrderItem|true|false
11:31:48.151 (289503590)|VARIABLE_ASSIGNMENT|[47]|item|{"Product_Code_Display__c":"P003","IsDeleted":false,"Quantity":2.00,"TaxPercentage__c":18.00,"ListPrice":1350000.00,"OrderId":"801g800000DSnO6AAL","FreightValue__c":800.00,"UnitPrice":1350000.00,"Product2Id":"01tg8000001BArVAAW","PricebookEntryId":"01ug8000000XnbRAAS","TotalPrice":2700000.00,"ExternalId__c":"orderItem004","MarginPercentage__c":15.00}|0x6eac3646
11:31:48.151 (289516246)|VARIABLE_SCOPE_BEGIN|[47]|frete|Decimal|false|false
11:31:48.151 (289523230)|VARIABLE_ASSIGNMENT|[47]|frete|800.00
11:31:48.151 (289528481)|VARIABLE_SCOPE_BEGIN|[47]|margem|Margem__c|true|false
11:31:48.151 (289571210)|VARIABLE_ASSIGNMENT|[47]|margem|{"Id":"a00g800000JZjxxAAD","AccountGroup__c":"a02g8000002871ZAAQ","ProductHierarchy__c":"a01g8000007otrhAAA","State__c":"a04g8000000QmaTAAS","MarginValuePercent__c":15.00}|0x428670e4
11:31:48.151 (289578343)|VARIABLE_SCOPE_BEGIN|[47]|impostoPercent|Decimal|false|false
11:31:48.151 (289584164)|VARIABLE_ASSIGNMENT|[47]|impostoPercent|18.00
11:31:48.151 (289612666)|VARIABLE_SCOPE_BEGIN|[47]|custo|Decimal|false|false
11:31:48.151 (289618362)|VARIABLE_ASSIGNMENT|[47]|custo|900000.00
11:31:48.151 (289624257)|STATEMENT_EXECUTE|[47]
11:31:48.151 (289625300)|STATEMENT_EXECUTE|[48]
11:31:48.151 (289636775)|VARIABLE_SCOPE_BEGIN|[48]|mPerc|Decimal|false|false
11:31:48.151 (289642096)|VARIABLE_ASSIGNMENT|[48]|mPerc|15.00
11:31:48.151 (289644301)|STATEMENT_EXECUTE|[49]
11:31:48.151 (289645803)|VARIABLE_SCOPE_BEGIN|[49]|iPerc|Decimal|false|false
11:31:48.151 (289650038)|VARIABLE_ASSIGNMENT|[49]|iPerc|18.00
11:31:48.151 (289652121)|STATEMENT_EXECUTE|[50]
11:31:48.151 (289653516)|VARIABLE_SCOPE_BEGIN|[50]|custoProd|Decimal|false|false
11:31:48.151 (289657776)|VARIABLE_ASSIGNMENT|[50]|custoProd|900000.00
11:31:48.151 (289659972)|STATEMENT_EXECUTE|[51]
11:31:48.151 (289661451)|VARIABLE_SCOPE_BEGIN|[51]|freteVal|Decimal|false|false
11:31:48.151 (289665685)|VARIABLE_ASSIGNMENT|[51]|freteVal|800.00
11:31:48.151 (289667780)|STATEMENT_EXECUTE|[54]
11:31:48.151 (289703456)|HEAP_ALLOCATE|[54]|Bytes:28
11:31:48.151 (289710036)|VARIABLE_SCOPE_BEGIN|[54]|precoBase|Decimal|false|false
11:31:48.151 (289714980)|VARIABLE_ASSIGNMENT|[54]|precoBase|900800.00
11:31:48.151 (289717341)|STATEMENT_EXECUTE|[57]
11:31:48.151 (289721991)|HEAP_ALLOCATE|[57]|Bytes:28
11:31:48.151 (289723755)|HEAP_ALLOCATE|[57]|Bytes:28
11:31:48.151 (289727319)|HEAP_ALLOCATE|[57]|Bytes:28
11:31:48.151 (289831116)|HEAP_ALLOCATE|[57]|Bytes:28
11:31:48.151 (289833261)|HEAP_ALLOCATE|[57]|Bytes:28
11:31:48.151 (289841741)|HEAP_ALLOCATE|[57]|Bytes:28
11:31:48.151 (289863357)|HEAP_ALLOCATE|[57]|Bytes:28
11:31:48.151 (289867541)|VARIABLE_SCOPE_BEGIN|[57]|precoSemMargem|Decimal|false|false
11:31:48.151 (289874082)|VARIABLE_ASSIGNMENT|[57]|precoSemMargem|1062944.0000
11:31:48.151 (289876640)|STATEMENT_EXECUTE|[60]
11:31:48.151 (289879087)|HEAP_ALLOCATE|[60]|Bytes:28
11:31:48.151 (289880774)|HEAP_ALLOCATE|[60]|Bytes:28
11:31:48.151 (289883706)|HEAP_ALLOCATE|[60]|Bytes:28
11:31:48.151 (289896088)|HEAP_ALLOCATE|[60]|Bytes:28
11:31:48.151 (289897850)|HEAP_ALLOCATE|[60]|Bytes:28
11:31:48.151 (289905098)|HEAP_ALLOCATE|[60]|Bytes:28
11:31:48.151 (289912285)|HEAP_ALLOCATE|[60]|Bytes:28
11:31:48.151 (289916382)|VARIABLE_SCOPE_BEGIN|[60]|precoCalculado|Decimal|false|false
11:31:48.151 (289921564)|VARIABLE_ASSIGNMENT|[60]|precoCalculado|1222385.600000
11:31:48.151 (289924051)|STATEMENT_EXECUTE|[63]
11:31:48.151 (290405350)|VARIABLE_ASSIGNMENT|[63]|this.ProductionCost__c|900000.00|0x6eac3646
11:31:48.151 (290411694)|STATEMENT_EXECUTE|[64]
11:31:48.151 (290790442)|VARIABLE_ASSIGNMENT|[64]|this.MarginPercentage__c|15.00|0x6eac3646
11:31:48.151 (290794535)|STATEMENT_EXECUTE|[65]
11:31:48.151 (291195673)|VARIABLE_ASSIGNMENT|[65]|this.FreightValue__c|800.00|0x6eac3646
11:31:48.151 (291202654)|STATEMENT_EXECUTE|[66]
11:31:48.151 (291568028)|VARIABLE_ASSIGNMENT|[66]|this.TaxPercentage__c|18.00|0x6eac3646
11:31:48.151 (291572075)|STATEMENT_EXECUTE|[67]
11:31:48.151 (291931126)|VARIABLE_ASSIGNMENT|[67]|this.PriceWithoutMargin__c|1062944.0000|0x6eac3646
11:31:48.151 (291935169)|STATEMENT_EXECUTE|[68]
11:31:48.151 (292286886)|VARIABLE_ASSIGNMENT|[68]|this.FinalPrice__c|1222385.600000|0x6eac3646
11:31:48.151 (292290777)|STATEMENT_EXECUTE|[71]
11:31:48.151 (292305600)|VARIABLE_SCOPE_BEGIN|[71]|unitPriceDigitado|Decimal|false|false
11:31:48.151 (292313134)|VARIABLE_ASSIGNMENT|[71]|unitPriceDigitado|1350000.00
11:31:48.151 (292325802)|HEAP_ALLOCATE|[74]|Bytes:28
11:31:48.151 (292329427)|HEAP_ALLOCATE|[74]|Bytes:28
11:31:48.151 (292361776)|STATEMENT_EXECUTE|[74]
11:31:48.151 (292362783)|STATEMENT_EXECUTE|[75]
11:31:48.151 (292381634)|HEAP_ALLOCATE|[75]|Bytes:28
11:31:48.151 (292588132)|HEAP_ALLOCATE|[75]|Bytes:28
11:31:48.151 (292592131)|HEAP_ALLOCATE|[75]|Bytes:28
11:31:48.151 (293036960)|VARIABLE_ASSIGNMENT|[75]|this.DiscountPercentage__c|-0.104397826675968695966313739297976|0x6eac3646
11:31:48.151 (293043936)|STATEMENT_EXECUTE|[76]
11:31:48.151 (293063971)|HEAP_ALLOCATE|[76]|Bytes:28
11:31:48.151 (293454312)|VARIABLE_ASSIGNMENT|[76]|this.DiscountValue__c|-127614.400000|0x6eac3646
11:31:48.151 (293459763)|STATEMENT_EXECUTE|[79]
11:31:48.151 (293472265)|HEAP_ALLOCATE|[79]|Bytes:28
11:31:48.151 (293865012)|VARIABLE_ASSIGNMENT|[79]|this.UnitPrice|1222385.600000|0x6eac3646
11:31:48.151 (293876953)|METHOD_EXIT|[145]|01pg8000001F8kf|PricingService.calculateFinalPrice(OrderItem, Decimal, Margem__c, Decimal, Decimal)
11:31:48.151 (293898011)|HEAP_ALLOCATE|[106]|Bytes:5
11:31:48.151 (293917407)|HEAP_ALLOCATE|[106]|Bytes:4
11:31:48.151 (293924782)|VARIABLE_SCOPE_BEGIN|[106]|item|OrderItem|true|false
11:31:48.151 (294322272)|VARIABLE_ASSIGNMENT|[106]|item|{"Product_Code_Display__c":"P010","IsDeleted":false,"UnitPrice":19500.00,"Product2Id":"01tg8000001BArcAAG","PricebookEntryId":"01ug8000000XoZ7AAK","TotalPrice":19500.00,"Quantity":1.00,"ExternalId__c":"orderItem005","ListPrice":19500.00,"OrderId":"801g800000DSnO6AAL"}|0x2b64733
11:31:48.151 (294331234)|STATEMENT_EXECUTE|[106]
11:31:48.151 (294332519)|STATEMENT_EXECUTE|[107]
11:31:48.151 (294351737)|VARIABLE_SCOPE_BEGIN|[107]|pedido|Order|true|false
11:31:48.151 (294413550)|VARIABLE_ASSIGNMENT|[107]|pedido|{"Status":"Draft","City__c":"a05g8000001KAc9AAG","Country__c":"a03g8000004x8aeAAA","AccountId":"001g800000DSnO5AAL","DistributionCenter__c":"a06g8000000wkLpAAI","Id":"801g800000DSnO6AAL","State__c":"a04g8000000QmaTAAS"}|0x506ebf0
11:31:48.151 (294419548)|STATEMENT_EXECUTE|[108]
11:31:48.151 (294429881)|VARIABLE_SCOPE_BEGIN|[108]|produto|Product2|true|false
11:31:48.151 (294461916)|VARIABLE_ASSIGNMENT|[108]|produto|{"ProductionCost__c":12000.00,"ProductHierarchy__c":"a01g8000007otrpAAA","Id":"01tg8000001BArcAAG"}|0x595760ee
11:31:48.151 (294465444)|STATEMENT_EXECUTE|[109]
11:31:48.151 (294477915)|VARIABLE_SCOPE_BEGIN|[109]|cliente|Account|true|false
11:31:48.151 (294502294)|VARIABLE_ASSIGNMENT|[109]|cliente|{"AccountGroup__c":"a02g8000002871ZAAQ","Id":"001g800000DSnO5AAL"}|0x71d5b087
11:31:48.151 (294515725)|HEAP_ALLOCATE|[113]|Bytes:28
11:31:48.151 (294518146)|HEAP_ALLOCATE|[113]|Bytes:28
11:31:48.151 (294537856)|HEAP_ALLOCATE|[113]|Bytes:28
11:31:48.151 (294539657)|HEAP_ALLOCATE|[113]|Bytes:28
11:31:48.151 (294548454)|STATEMENT_EXECUTE|[113]
11:31:48.151 (294551433)|STATEMENT_EXECUTE|[119]
11:31:48.151 (294552538)|STATEMENT_EXECUTE|[121]
11:31:48.151 (294559736)|HEAP_ALLOCATE|[121]|Bytes:18
11:31:48.151 (294568411)|HEAP_ALLOCATE|[122]|Bytes:18
11:31:48.151 (294576010)|HEAP_ALLOCATE|[123]|Bytes:18
11:31:48.151 (294582341)|HEAP_ALLOCATE|[121]|Bytes:54
11:31:48.151 (294585256)|VARIABLE_SCOPE_BEGIN|[121]|keyOrderItemImposto|String|false|false
11:31:48.151 (294593585)|VARIABLE_ASSIGNMENT|[121]|keyOrderItemImposto|"01tg8000001BArcAAGa0 (34 more) ..."
11:31:48.151 (294596101)|STATEMENT_EXECUTE|[125]
11:31:48.151 (294605338)|VARIABLE_SCOPE_BEGIN|[125]|impostoEncontrado|Tax__c|true|false
11:31:48.151 (294640044)|VARIABLE_ASSIGNMENT|[125]|impostoEncontrado|{"DistributionCenter__c":"a06g8000000wkLpAAI","Product__c":"01tg8000001BArcAAG","TaxRate__c":18.00,"Id":"a09g8000001l5i3AAA","State__c":"a04g8000000QmaTAAS"}|0x218c6fcb
11:31:48.151 (294644130)|STATEMENT_EXECUTE|[127]
11:31:48.151 (295068952)|VARIABLE_ASSIGNMENT|[127]|this.TaxPercentage__c|18.00|0x2b64733
11:31:48.151 (295074852)|STATEMENT_EXECUTE|[130]
11:31:48.151 (295089852)|METHOD_ENTRY|[130]|01pg8000001F8kf|PricingService.findMargin(OrderItem, Order, Map<String,Margem__c>, Id, Account)
11:31:48.151 (295109627)|VARIABLE_SCOPE_BEGIN|[21]|item|OrderItem|true|false
11:31:48.151 (295514444)|VARIABLE_ASSIGNMENT|[21]|item|{"Product_Code_Display__c":"P010","IsDeleted":false,"UnitPrice":19500.00,"Product2Id":"01tg8000001BArcAAG","PricebookEntryId":"01ug8000000XoZ7AAK","TotalPrice":19500.00,"Quantity":1.00,"ExternalId__c":"orderItem005","TaxPercentage__c":18.00,"ListPrice":19500.00,"OrderId":"801g800000DSnO6AAL"}|0x2b64733
11:31:48.151 (295525960)|VARIABLE_SCOPE_BEGIN|[21]|pedido|Order|true|false
11:31:48.151 (295568874)|VARIABLE_ASSIGNMENT|[21]|pedido|{"Status":"Draft","City__c":"a05g8000001KAc9AAG","Country__c":"a03g8000004x8aeAAA","AccountId":"001g800000DSnO5AAL","DistributionCenter__c":"a06g8000000wkLpAAI","Id":"801g800000DSnO6AAL","State__c":"a04g8000000QmaTAAS"}|0x506ebf0
11:31:48.151 (295577921)|VARIABLE_SCOPE_BEGIN|[21]|mapMargin|Map<String,Margem__c>|true|false
11:31:48.151 (295587969)|VARIABLE_ASSIGNMENT|[21]|mapMargin|"Map of size 7 too large to display"|0x59d05266
11:31:48.151 (295594606)|VARIABLE_SCOPE_BEGIN|[21]|h|Id|false|false
11:31:48.151 (295703010)|VARIABLE_ASSIGNMENT|[21]|h|"a01g8000007otrpAAA"
11:31:48.151 (295710214)|VARIABLE_SCOPE_BEGIN|[21]|cliente|Account|true|false
11:31:48.151 (295740574)|VARIABLE_ASSIGNMENT|[21]|cliente|{"AccountGroup__c":"a02g8000002871ZAAQ","Id":"001g800000DSnO5AAL"}|0x71d5b087
11:31:48.151 (295750620)|STATEMENT_EXECUTE|[21]
11:31:48.151 (295752224)|STATEMENT_EXECUTE|[22]
11:31:48.151 (295759359)|VARIABLE_SCOPE_BEGIN|[22]|p|Id|false|false
11:31:48.151 (295787225)|VARIABLE_ASSIGNMENT|[22]|p|"01tg8000001BArcAAG"
11:31:48.151 (295790260)|STATEMENT_EXECUTE|[23]
11:31:48.151 (295794435)|VARIABLE_SCOPE_BEGIN|[23]|a|Id|false|false
11:31:48.151 (295814709)|VARIABLE_ASSIGNMENT|[23]|a|"001g800000DSnO5AAL"
11:31:48.151 (295817423)|STATEMENT_EXECUTE|[24]
11:31:48.151 (295821525)|VARIABLE_SCOPE_BEGIN|[24]|g|Id|false|false
11:31:48.151 (295840513)|VARIABLE_ASSIGNMENT|[24]|g|"a02g8000002871ZAAQ"
11:31:48.151 (295842886)|STATEMENT_EXECUTE|[25]
11:31:48.151 (295845247)|VARIABLE_SCOPE_BEGIN|[25]|c|Id|false|false
11:31:48.151 (295873529)|VARIABLE_ASSIGNMENT|[25]|c|"a05g8000001KAc9AAG"
11:31:48.151 (295876957)|STATEMENT_EXECUTE|[26]
11:31:48.151 (295879854)|VARIABLE_SCOPE_BEGIN|[26]|e|Id|false|false
11:31:48.151 (295899696)|VARIABLE_ASSIGNMENT|[26]|e|"a04g8000000QmaTAAS"
11:31:48.151 (295902307)|STATEMENT_EXECUTE|[27]
11:31:48.151 (295905199)|VARIABLE_SCOPE_BEGIN|[27]|pa|Id|false|false
11:31:48.151 (295925030)|VARIABLE_ASSIGNMENT|[27]|pa|"a03g8000004x8aeAAA"
11:31:48.151 (295940080)|HEAP_ALLOCATE|[30]|Bytes:18
11:31:48.151 (295951829)|HEAP_ALLOCATE|[30]|Bytes:18
11:31:48.151 (295958058)|HEAP_ALLOCATE|[30]|Bytes:18
11:31:48.151 (295965266)|HEAP_ALLOCATE|[30]|Bytes:56
11:31:48.151 (295975225)|STATEMENT_EXECUTE|[30]
11:31:48.151 (295979218)|HEAP_ALLOCATE|[31]|Bytes:18
11:31:48.151 (295985905)|HEAP_ALLOCATE|[31]|Bytes:18
11:31:48.151 (295995981)|HEAP_ALLOCATE|[31]|Bytes:18
11:31:48.151 (296002801)|HEAP_ALLOCATE|[31]|Bytes:56
11:31:48.151 (296008914)|STATEMENT_EXECUTE|[31]
11:31:48.151 (296012719)|HEAP_ALLOCATE|[32]|Bytes:18
11:31:48.151 (296018854)|HEAP_ALLOCATE|[32]|Bytes:18
11:31:48.151 (296024847)|HEAP_ALLOCATE|[32]|Bytes:18
11:31:48.151 (296029110)|HEAP_ALLOCATE|[32]|Bytes:56
11:31:48.151 (296034099)|STATEMENT_EXECUTE|[32]
11:31:48.151 (296037875)|HEAP_ALLOCATE|[33]|Bytes:18
11:31:48.151 (296044214)|HEAP_ALLOCATE|[33]|Bytes:18
11:31:48.151 (296050079)|HEAP_ALLOCATE|[33]|Bytes:18
11:31:48.151 (296054141)|HEAP_ALLOCATE|[33]|Bytes:56
11:31:48.151 (296058495)|STATEMENT_EXECUTE|[33]
11:31:48.151 (296061928)|HEAP_ALLOCATE|[34]|Bytes:18
11:31:48.151 (296067977)|HEAP_ALLOCATE|[34]|Bytes:18
11:31:48.151 (296073877)|HEAP_ALLOCATE|[34]|Bytes:18
11:31:48.151 (296081247)|HEAP_ALLOCATE|[34]|Bytes:56
11:31:48.151 (296086416)|STATEMENT_EXECUTE|[34]
11:31:48.151 (296091364)|HEAP_ALLOCATE|[34]|Bytes:18
11:31:48.151 (296097337)|HEAP_ALLOCATE|[34]|Bytes:18
11:31:48.151 (296103240)|HEAP_ALLOCATE|[34]|Bytes:18
11:31:48.151 (296107844)|HEAP_ALLOCATE|[34]|Bytes:56
11:31:48.151 (296126731)|METHOD_EXIT|[130]|01pg8000001F8kf|PricingService.findMargin(OrderItem, Order, Map<String,Margem__c>, Id, Account)
11:31:48.151 (296133271)|VARIABLE_SCOPE_BEGIN|[130]|margem|Margem__c|true|false
11:31:48.151 (296175871)|VARIABLE_ASSIGNMENT|[130]|margem|{"Product__c":"01tg8000001BArcAAG","Id":"a00g800000OgMOPAA3","AccountGroup__c":"a02g8000002871ZAAQ","State__c":"a04g8000000QmaTAAS","MarginValuePercent__c":10.00}|0x730ef6e8
11:31:48.151 (296181696)|STATEMENT_EXECUTE|[131]
11:31:48.151 (296667599)|VARIABLE_ASSIGNMENT|[131]|this.MarginPercentage__c|10.00|0x2b64733
11:31:48.151 (296673579)|STATEMENT_EXECUTE|[134]
11:31:48.151 (296685462)|METHOD_ENTRY|[134]|01pg8000001F8kf|PricingService.findFreightValue(OrderItem, Order, Map<String,Freight__c>, Id)
11:31:48.151 (296699770)|VARIABLE_SCOPE_BEGIN|[4]|item|OrderItem|true|false
11:31:48.151 (297093408)|VARIABLE_ASSIGNMENT|[4]|item|{"Product_Code_Display__c":"P010","IsDeleted":false,"UnitPrice":19500.00,"Product2Id":"01tg8000001BArcAAG","PricebookEntryId":"01ug8000000XoZ7AAK","TotalPrice":19500.00,"Quantity":1.00,"ExternalId__c":"orderItem005","MarginPercentage__c":10.00,"TaxPercentage__c":18.00,"ListPrice":19500.00,"OrderId":"801g800000DSnO6AAL"}|0x2b64733
11:31:48.151 (297104728)|VARIABLE_SCOPE_BEGIN|[4]|pedido|Order|true|false
11:31:48.151 (297145727)|VARIABLE_ASSIGNMENT|[4]|pedido|{"Status":"Draft","City__c":"a05g8000001KAc9AAG","Country__c":"a03g8000004x8aeAAA","AccountId":"001g800000DSnO5AAL","DistributionCenter__c":"a06g8000000wkLpAAI","Id":"801g800000DSnO6AAL","State__c":"a04g8000000QmaTAAS"}|0x506ebf0
11:31:48.151 (297154147)|VARIABLE_SCOPE_BEGIN|[4]|mapFrete|Map<String,Freight__c>|true|false
11:31:48.151 (297161659)|VARIABLE_ASSIGNMENT|[4]|mapFrete|"Map of size 7 too large to display"|0x3e5a1f47
11:31:48.151 (297166087)|VARIABLE_SCOPE_BEGIN|[4]|h|Id|false|false
11:31:48.151 (297232109)|VARIABLE_ASSIGNMENT|[4]|h|"a01g8000007otrpAAA"
11:31:48.151 (297238052)|STATEMENT_EXECUTE|[4]
11:31:48.151 (297239252)|STATEMENT_EXECUTE|[5]
11:31:48.151 (297244664)|VARIABLE_SCOPE_BEGIN|[5]|p|Id|false|false
11:31:48.151 (297267695)|VARIABLE_ASSIGNMENT|[5]|p|"01tg8000001BArcAAG"
11:31:48.151 (297271109)|STATEMENT_EXECUTE|[6]
11:31:48.151 (297274704)|VARIABLE_SCOPE_BEGIN|[6]|c|Id|false|false
11:31:48.151 (297300784)|VARIABLE_ASSIGNMENT|[6]|c|"a05g8000001KAc9AAG"
11:31:48.151 (297303736)|STATEMENT_EXECUTE|[7]
11:31:48.151 (297306201)|VARIABLE_SCOPE_BEGIN|[7]|e|Id|false|false
11:31:48.151 (297324994)|VARIABLE_ASSIGNMENT|[7]|e|"a04g8000000QmaTAAS"
11:31:48.151 (297327344)|STATEMENT_EXECUTE|[8]
11:31:48.151 (297329832)|VARIABLE_SCOPE_BEGIN|[8]|pa|Id|false|false
11:31:48.151 (297355203)|VARIABLE_ASSIGNMENT|[8]|pa|"a03g8000004x8aeAAA"
11:31:48.151 (297368279)|HEAP_ALLOCATE|[10]|Bytes:18
11:31:48.151 (297377526)|HEAP_ALLOCATE|[10]|Bytes:18
11:31:48.151 (297383361)|HEAP_ALLOCATE|[10]|Bytes:37
11:31:48.151 (297392424)|STATEMENT_EXECUTE|[10]
11:31:48.151 (297396276)|HEAP_ALLOCATE|[11]|Bytes:18
11:31:48.151 (297402452)|HEAP_ALLOCATE|[11]|Bytes:18
11:31:48.151 (297406739)|HEAP_ALLOCATE|[11]|Bytes:37
11:31:48.151 (297411977)|STATEMENT_EXECUTE|[11]
11:31:48.151 (297416311)|HEAP_ALLOCATE|[11]|Bytes:18
11:31:48.151 (297422437)|HEAP_ALLOCATE|[11]|Bytes:18
11:31:48.151 (297426865)|HEAP_ALLOCATE|[11]|Bytes:37
11:31:48.151 (297447298)|METHOD_EXIT|[134]|01pg8000001F8kf|PricingService.findFreightValue(OrderItem, Order, Map<String,Freight__c>, Id)
11:31:48.151 (297926160)|VARIABLE_ASSIGNMENT|[134]|this.FreightValue__c|150.00|0x2b64733
11:31:48.151 (297933320)|STATEMENT_EXECUTE|[137]
11:31:48.151 (297943506)|VARIABLE_SCOPE_BEGIN|[137]|custoUnitario|Decimal|false|false
11:31:48.151 (297951099)|VARIABLE_ASSIGNMENT|[137]|custoUnitario|12000.00
11:31:48.151 (297962819)|HEAP_ALLOCATE|[139]|Bytes:28
11:31:48.151 (297965236)|HEAP_ALLOCATE|[139]|Bytes:28
11:31:48.151 (297983422)|HEAP_ALLOCATE|[139]|Bytes:28
11:31:48.151 (297989148)|HEAP_ALLOCATE|[139]|Bytes:28
11:31:48.151 (297992559)|HEAP_ALLOCATE|[139]|Bytes:28
11:31:48.151 (297994125)|HEAP_ALLOCATE|[139]|Bytes:28
11:31:48.151 (298004103)|STATEMENT_EXECUTE|[139]
11:31:48.151 (298005960)|STATEMENT_EXECUTE|[145]
11:31:48.151 (298008573)|HEAP_ALLOCATE|[145]|Bytes:28
11:31:48.151 (298013008)|HEAP_ALLOCATE|[145]|Bytes:28
11:31:48.151 (298019325)|METHOD_ENTRY|[145]|01pg8000001F8kf|PricingService.calculateFinalPrice(OrderItem, Decimal, Margem__c, Decimal, Decimal)
11:31:48.151 (298032957)|VARIABLE_SCOPE_BEGIN|[47]|item|OrderItem|true|false
11:31:48.151 (298424050)|VARIABLE_ASSIGNMENT|[47]|item|{"Product_Code_Display__c":"P010","IsDeleted":false,"Quantity":1.00,"TaxPercentage__c":18.00,"ListPrice":19500.00,"OrderId":"801g800000DSnO6AAL","FreightValue__c":150.00,"UnitPrice":19500.00,"Product2Id":"01tg8000001BArcAAG","PricebookEntryId":"01ug8000000XoZ7AAK","TotalPrice":19500.00,"ExternalId__c":"orderItem005","MarginPercentage__c":10.00}|0x2b64733
11:31:48.151 (298436903)|VARIABLE_SCOPE_BEGIN|[47]|frete|Decimal|false|false
11:31:48.151 (298443314)|VARIABLE_ASSIGNMENT|[47]|frete|150.00
11:31:48.151 (298447867)|VARIABLE_SCOPE_BEGIN|[47]|margem|Margem__c|true|false
11:31:48.151 (298622803)|VARIABLE_ASSIGNMENT|[47]|margem|{"Product__c":"01tg8000001BArcAAG","Id":"a00g800000OgMOPAA3","AccountGroup__c":"a02g8000002871ZAAQ","State__c":"a04g8000000QmaTAAS","MarginValuePercent__c":10.00}|0x730ef6e8
11:31:48.151 (298630464)|VARIABLE_SCOPE_BEGIN|[47]|impostoPercent|Decimal|false|false
11:31:48.151 (298635615)|VARIABLE_ASSIGNMENT|[47]|impostoPercent|18.00
11:31:48.151 (298639658)|VARIABLE_SCOPE_BEGIN|[47]|custo|Decimal|false|false
11:31:48.151 (298644438)|VARIABLE_ASSIGNMENT|[47]|custo|12000.00
11:31:48.151 (298664335)|STATEMENT_EXECUTE|[47]
11:31:48.151 (298665399)|STATEMENT_EXECUTE|[48]
11:31:48.151 (298676101)|VARIABLE_SCOPE_BEGIN|[48]|mPerc|Decimal|false|false
11:31:48.151 (298681831)|VARIABLE_ASSIGNMENT|[48]|mPerc|10.00
11:31:48.151 (298683946)|STATEMENT_EXECUTE|[49]
11:31:48.151 (298685621)|VARIABLE_SCOPE_BEGIN|[49]|iPerc|Decimal|false|false
11:31:48.151 (298689762)|VARIABLE_ASSIGNMENT|[49]|iPerc|18.00
11:31:48.151 (298691832)|STATEMENT_EXECUTE|[50]
11:31:48.151 (298693161)|VARIABLE_SCOPE_BEGIN|[50]|custoProd|Decimal|false|false
11:31:48.151 (298697339)|VARIABLE_ASSIGNMENT|[50]|custoProd|12000.00
11:31:48.151 (298699536)|STATEMENT_EXECUTE|[51]
11:31:48.151 (298700995)|VARIABLE_SCOPE_BEGIN|[51]|freteVal|Decimal|false|false
11:31:48.151 (298705250)|VARIABLE_ASSIGNMENT|[51]|freteVal|150.00
11:31:48.151 (298707469)|STATEMENT_EXECUTE|[54]
11:31:48.151 (298719609)|HEAP_ALLOCATE|[54]|Bytes:28
11:31:48.151 (298725414)|VARIABLE_SCOPE_BEGIN|[54]|precoBase|Decimal|false|false
11:31:48.151 (298730104)|VARIABLE_ASSIGNMENT|[54]|precoBase|12150.00
11:31:48.151 (298732409)|STATEMENT_EXECUTE|[57]
11:31:48.151 (298736111)|HEAP_ALLOCATE|[57]|Bytes:28
11:31:48.151 (298737931)|HEAP_ALLOCATE|[57]|Bytes:28
11:31:48.151 (298741775)|HEAP_ALLOCATE|[57]|Bytes:28
11:31:48.151 (298830841)|HEAP_ALLOCATE|[57]|Bytes:28
11:31:48.151 (298833402)|HEAP_ALLOCATE|[57]|Bytes:28
11:31:48.151 (298843596)|HEAP_ALLOCATE|[57]|Bytes:28
11:31:48.151 (298855303)|HEAP_ALLOCATE|[57]|Bytes:28
11:31:48.151 (298859271)|VARIABLE_SCOPE_BEGIN|[57]|precoSemMargem|Decimal|false|false
11:31:48.151 (298865992)|VARIABLE_ASSIGNMENT|[57]|precoSemMargem|14337.0000
11:31:48.151 (298868432)|STATEMENT_EXECUTE|[60]
11:31:48.151 (298870967)|HEAP_ALLOCATE|[60]|Bytes:28
11:31:48.151 (298872778)|HEAP_ALLOCATE|[60]|Bytes:28
11:31:48.151 (298875412)|HEAP_ALLOCATE|[60]|Bytes:28
11:31:48.151 (298904322)|HEAP_ALLOCATE|[60]|Bytes:28
11:31:48.151 (298906028)|HEAP_ALLOCATE|[60]|Bytes:28
11:31:48.151 (298913407)|HEAP_ALLOCATE|[60]|Bytes:28
11:31:48.151 (298920366)|HEAP_ALLOCATE|[60]|Bytes:28
11:31:48.151 (298924257)|VARIABLE_SCOPE_BEGIN|[60]|precoCalculado|Decimal|false|false
11:31:48.151 (298929456)|VARIABLE_ASSIGNMENT|[60]|precoCalculado|15770.700000
11:31:48.151 (298931779)|STATEMENT_EXECUTE|[63]
11:31:48.151 (299409153)|VARIABLE_ASSIGNMENT|[63]|this.ProductionCost__c|12000.00|0x2b64733
11:31:48.151 (299415923)|STATEMENT_EXECUTE|[64]
11:31:48.151 (299816568)|VARIABLE_ASSIGNMENT|[64]|this.MarginPercentage__c|10.00|0x2b64733
11:31:48.151 (299820805)|STATEMENT_EXECUTE|[65]
11:31:48.151 (300204873)|VARIABLE_ASSIGNMENT|[65]|this.FreightValue__c|150.00|0x2b64733
11:31:48.151 (300209604)|STATEMENT_EXECUTE|[66]
11:31:48.151 (300565891)|VARIABLE_ASSIGNMENT|[66]|this.TaxPercentage__c|18.00|0x2b64733
11:31:48.151 (300569781)|STATEMENT_EXECUTE|[67]
11:31:48.151 (300925059)|VARIABLE_ASSIGNMENT|[67]|this.PriceWithoutMargin__c|14337.0000|0x2b64733
11:31:48.151 (300928685)|STATEMENT_EXECUTE|[68]
11:31:48.151 (301279370)|VARIABLE_ASSIGNMENT|[68]|this.FinalPrice__c|15770.700000|0x2b64733
11:31:48.151 (301282985)|STATEMENT_EXECUTE|[71]
11:31:48.151 (301296494)|VARIABLE_SCOPE_BEGIN|[71]|unitPriceDigitado|Decimal|false|false
11:31:48.151 (301303951)|VARIABLE_ASSIGNMENT|[71]|unitPriceDigitado|19500.00
11:31:48.151 (301313398)|HEAP_ALLOCATE|[74]|Bytes:28
11:31:48.151 (301317364)|HEAP_ALLOCATE|[74]|Bytes:28
11:31:48.151 (301337215)|STATEMENT_EXECUTE|[74]
11:31:48.151 (301338215)|STATEMENT_EXECUTE|[75]
11:31:48.151 (301346541)|HEAP_ALLOCATE|[75]|Bytes:28
11:31:48.151 (301412730)|HEAP_ALLOCATE|[75]|Bytes:28
11:31:48.151 (301414776)|HEAP_ALLOCATE|[75]|Bytes:28
11:31:48.151 (301835211)|VARIABLE_ASSIGNMENT|[75]|this.DiscountPercentage__c|-0.236470163023835340219521010481462|0x2b64733
11:31:48.151 (301840727)|STATEMENT_EXECUTE|[76]
11:31:48.151 (301854262)|HEAP_ALLOCATE|[76]|Bytes:28
11:31:48.151 (302219414)|VARIABLE_ASSIGNMENT|[76]|this.DiscountValue__c|-3729.300000|0x2b64733
11:31:48.151 (302224591)|STATEMENT_EXECUTE|[79]
11:31:48.151 (302230894)|HEAP_ALLOCATE|[79]|Bytes:28
11:31:48.151 (302644364)|VARIABLE_ASSIGNMENT|[79]|this.UnitPrice|15770.700000|0x2b64733
11:31:48.151 (302657527)|METHOD_EXIT|[145]|01pg8000001F8kf|PricingService.calculateFinalPrice(OrderItem, Decimal, Margem__c, Decimal, Decimal)
11:31:48.151 (302680643)|HEAP_ALLOCATE|[106]|Bytes:5
11:31:48.151 (302697572)|VARIABLE_ASSIGNMENT|[106]|item|null|
11:31:48.151 (302705882)|METHOD_EXIT|[20]|01pg8000001EZwd|OrdemItemHandler.executePricingLogic()
11:31:48.151 (302711949)|STATEMENT_EXECUTE|[21]
11:31:48.151 (302727716)|METHOD_ENTRY|[21]|01pg8000001EZwd|OrdemItemHandler.checkDuplicateProducts()
11:31:48.151 (302779013)|VARIABLE_SCOPE_BEGIN|[150]|this|OrdemItemHandler|true|false
11:31:48.151 (302920169)|VARIABLE_ASSIGNMENT|[150]|this|{"newRecords":"0x246febe0","handlerName":"OrderItemHandler","isTriggerExecuting":true,"triggerEvent":"0x7fbe9122"}|0x630a513d
11:31:48.151 (302931845)|STATEMENT_EXECUTE|[150]
11:31:48.151 (302933261)|STATEMENT_EXECUTE|[151]
11:31:48.151 (302951935)|HEAP_ALLOCATE|[151]|Bytes:4
11:31:48.151 (302993943)|VARIABLE_SCOPE_BEGIN|[151]|setOrderIds|Set<Id>|true|false
11:31:48.151 (303034818)|VARIABLE_ASSIGNMENT|[151]|setOrderIds|[]|0x3e976d18
11:31:48.151 (303038962)|STATEMENT_EXECUTE|[152]
11:31:48.151 (303042491)|HEAP_ALLOCATE|[152]|Bytes:4
11:31:48.151 (303052023)|VARIABLE_SCOPE_BEGIN|[152]|setProductIds|Set<Id>|true|false
11:31:48.151 (303060809)|VARIABLE_ASSIGNMENT|[152]|setProductIds|[]|0x5c252a34
11:31:48.151 (303098200)|HEAP_ALLOCATE|[154]|Bytes:5
11:31:48.151 (303118896)|HEAP_ALLOCATE|[154]|Bytes:40
11:31:48.151 (303124746)|VARIABLE_SCOPE_BEGIN|[154]|ot|OrderItem|true|false
11:31:48.151 (303768764)|VARIABLE_ASSIGNMENT|[154]|ot|{"Product_Code_Display__c":"P003","DiscountPercentage__c":-0.104397826675968695966313739297976,"IsDeleted":false,"DiscountValue__c":-127614.400000,"Quantity":2.00,"FinalPrice__c":1222385.600000,"TaxPercentage__c":18.00,"ListPrice":1350000.00,"OrderId":"801g800000DSnO6AAL","PriceWithoutMargin__c":1062944.0000,"FreightValue__c":800.00,"UnitPrice":1222385.600000,"Product2Id":"01tg8000001BArVAAW","ProductionCost__c":900000.00,"PricebookEntryId":"01ug8000000XnbRAAS","TotalPrice":2700000.00,"ExternalId__c":"orderItem004","MarginPercentage__c":15.00}|0x6eac3646
11:31:48.151 (303781418)|STATEMENT_EXECUTE|[154]
11:31:48.151 (303782743)|STATEMENT_EXECUTE|[155]
11:31:48.151 (303821630)|HEAP_ALLOCATE|[EXTERNAL]|Bytes:4
11:31:48.151 (303828370)|STATEMENT_EXECUTE|[156]
11:31:48.151 (303838037)|HEAP_ALLOCATE|[EXTERNAL]|Bytes:4
11:31:48.151 (303847899)|HEAP_ALLOCATE|[154]|Bytes:5
11:31:48.151 (303859351)|HEAP_ALLOCATE|[154]|Bytes:40
11:31:48.151 (303864258)|VARIABLE_SCOPE_BEGIN|[154]|ot|OrderItem|true|false
11:31:48.151 (304289959)|VARIABLE_ASSIGNMENT|[154]|ot|{"Product_Code_Display__c":"P010","DiscountPercentage__c":-0.236470163023835340219521010481462,"IsDeleted":false,"DiscountValue__c":-3729.300000,"Quantity":1.00,"FinalPrice__c":15770.700000,"TaxPercentage__c":18.00,"ListPrice":19500.00,"OrderId":"801g800000DSnO6AAL","PriceWithoutMargin__c":14337.0000,"FreightValue__c":150.00,"UnitPrice":15770.700000,"Product2Id":"01tg8000001BArcAAG","ProductionCost__c":12000.00,"PricebookEntryId":"01ug8000000XoZ7AAK","TotalPrice":19500.00,"ExternalId__c":"orderItem005","MarginPercentage__c":10.00}|0x2b64733
11:31:48.151 (304299597)|STATEMENT_EXECUTE|[154]
11:31:48.151 (304300632)|STATEMENT_EXECUTE|[155]
11:31:48.151 (304306913)|HEAP_ALLOCATE|[EXTERNAL]|Bytes:4
11:31:48.151 (304310792)|STATEMENT_EXECUTE|[156]
11:31:48.151 (304313624)|HEAP_ALLOCATE|[EXTERNAL]|Bytes:4
11:31:48.151 (304320334)|HEAP_ALLOCATE|[154]|Bytes:5
11:31:48.151 (304329273)|VARIABLE_ASSIGNMENT|[154]|ot|null|
11:31:48.151 (304333127)|STATEMENT_EXECUTE|[159]
11:31:48.151 (307379496)|HEAP_ALLOCATE|[159]|Bytes:4
11:31:48.151 (307417977)|METHOD_ENTRY|[1]|01pg8000001w1Mc|OrderItemSelector.OrderItemSelector()
11:31:48.151 (307423320)|STATEMENT_EXECUTE|[1]
11:31:48.151 (307429184)|STATEMENT_EXECUTE|[1]
11:31:48.151 (307435333)|METHOD_EXIT|[1]|OrderItemSelector
11:31:48.151 (307474718)|METHOD_ENTRY|[159]|01pg8000001w1Mc|OrderItemSelector.getOrderItemByIds(Set<Id>, Set<Id>)
11:31:48.151 (307539014)|VARIABLE_SCOPE_BEGIN|[2]|orderIds|Set<Id>|true|false
11:31:48.151 (307568025)|VARIABLE_ASSIGNMENT|[2]|orderIds|["801g800000DSnO6AAL"]|0x3e976d18
11:31:48.151 (307575199)|VARIABLE_SCOPE_BEGIN|[2]|productIds|Set<Id>|true|false
11:31:48.151 (307583108)|VARIABLE_ASSIGNMENT|[2]|productIds|["01tg8000001BArVAAW","01tg8000001BArcAAG"]|0x5c252a34
11:31:48.151 (307588842)|STATEMENT_EXECUTE|[2]
11:31:48.151 (307589829)|STATEMENT_EXECUTE|[3]
11:31:48.151 (307592605)|HEAP_ALLOCATE|[3]|Bytes:98
11:31:48.151 (307611593)|HEAP_ALLOCATE|[3]|Bytes:4
11:31:48.151 (307627498)|HEAP_ALLOCATE|[3]|Bytes:7
11:31:48.151 (308243113)|SOQL_EXECUTE_BEGIN|[3]|Aggregations:0|SELECT Id, OrderId, Product2Id FROM OrderItem WHERE (OrderId = :tmpVar1 AND Product2Id = :tmpVar2)
11:31:48.151 (321512531)|SOQL_EXECUTE_END|[3]|Rows:0
11:31:48.151 (321563291)|HEAP_ALLOCATE|[3]|Bytes:4
11:31:48.151 (321584541)|HEAP_ALLOCATE|[3]|Bytes:0
11:31:48.151 (321648248)|HEAP_ALLOCATE|[3]|Bytes:4
11:31:48.151 (321679573)|METHOD_EXIT|[159]|01pg8000001w1Mc|OrderItemSelector.getOrderItemByIds(Set<Id>, Set<Id>)
11:31:48.151 (321688257)|VARIABLE_SCOPE_BEGIN|[159]|existingItens|List<OrderItem>|true|false
11:31:48.151 (321730311)|VARIABLE_ASSIGNMENT|[159]|existingItens|[]|0x195f1299
11:31:48.151 (321742411)|STATEMENT_EXECUTE|[161]
11:31:48.151 (321757712)|HEAP_ALLOCATE|[161]|Bytes:4
11:31:48.151 (321819371)|VARIABLE_SCOPE_BEGIN|[161]|comparacao|Set<String>|true|false
11:31:48.151 (321840612)|VARIABLE_ASSIGNMENT|[161]|comparacao|[]|0xc6a2a16
11:31:48.151 (321891955)|HEAP_ALLOCATE|[162]|Bytes:5
11:31:48.151 (321908574)|VARIABLE_ASSIGNMENT|[162]|it|null|
11:31:48.151 (321913312)|STATEMENT_EXECUTE|[162]
11:31:48.151 (321929049)|HEAP_ALLOCATE|[166]|Bytes:5
11:31:48.151 (321951723)|HEAP_ALLOCATE|[166]|Bytes:40
11:31:48.151 (321958292)|VARIABLE_SCOPE_BEGIN|[166]|newItem|OrderItem|true|false
11:31:48.151 (322604635)|VARIABLE_ASSIGNMENT|[166]|newItem|{"Product_Code_Display__c":"P003","DiscountPercentage__c":-0.104397826675968695966313739297976,"IsDeleted":false,"DiscountValue__c":-127614.400000,"Quantity":2.00,"FinalPrice__c":1222385.600000,"TaxPercentage__c":18.00,"ListPrice":1350000.00,"OrderId":"801g800000DSnO6AAL","PriceWithoutMargin__c":1062944.0000,"FreightValue__c":800.00,"UnitPrice":1222385.600000,"Product2Id":"01tg8000001BArVAAW","ProductionCost__c":900000.00,"PricebookEntryId":"01ug8000000XnbRAAS","TotalPrice":2700000.00,"ExternalId__c":"orderItem004","MarginPercentage__c":15.00}|0x6eac3646
11:31:48.151 (322617030)|STATEMENT_EXECUTE|[166]
11:31:48.151 (322618639)|STATEMENT_EXECUTE|[167]
11:31:48.151 (322675094)|HEAP_ALLOCATE|[167]|Bytes:18
11:31:48.151 (322683829)|HEAP_ALLOCATE|[167]|Bytes:1
11:31:48.151 (322692603)|HEAP_ALLOCATE|[167]|Bytes:18
11:31:48.151 (322701124)|HEAP_ALLOCATE|[167]|Bytes:37
11:31:48.151 (322703723)|VARIABLE_SCOPE_BEGIN|[167]|keyCombo|String|false|false
11:31:48.151 (322714018)|VARIABLE_ASSIGNMENT|[167]|keyCombo|"801g800000DSnO6AAL-0 (17 more) ..."
11:31:48.151 (322736300)|STATEMENT_EXECUTE|[171]
11:31:48.151 (322737458)|STATEMENT_EXECUTE|[173]
11:31:48.151 (322747111)|HEAP_ALLOCATE|[EXTERNAL]|Bytes:4
11:31:48.151 (322759180)|HEAP_ALLOCATE|[166]|Bytes:5
11:31:48.151 (322771075)|HEAP_ALLOCATE|[166]|Bytes:40
11:31:48.151 (322774748)|VARIABLE_SCOPE_BEGIN|[166]|newItem|OrderItem|true|false
11:31:48.151 (323226111)|VARIABLE_ASSIGNMENT|[166]|newItem|{"Product_Code_Display__c":"P010","DiscountPercentage__c":-0.236470163023835340219521010481462,"IsDeleted":false,"DiscountValue__c":-3729.300000,"Quantity":1.00,"FinalPrice__c":15770.700000,"TaxPercentage__c":18.00,"ListPrice":19500.00,"OrderId":"801g800000DSnO6AAL","PriceWithoutMargin__c":14337.0000,"FreightValue__c":150.00,"UnitPrice":15770.700000,"Product2Id":"01tg8000001BArcAAG","ProductionCost__c":12000.00,"PricebookEntryId":"01ug8000000XoZ7AAK","TotalPrice":19500.00,"ExternalId__c":"orderItem005","MarginPercentage__c":10.00}|0x2b64733
11:31:48.151 (323237405)|STATEMENT_EXECUTE|[166]
11:31:48.151 (323238670)|STATEMENT_EXECUTE|[167]
11:31:48.151 (323251296)|HEAP_ALLOCATE|[167]|Bytes:18
11:31:48.151 (323260892)|HEAP_ALLOCATE|[167]|Bytes:18
11:31:48.151 (323266135)|HEAP_ALLOCATE|[167]|Bytes:37
11:31:48.151 (323268568)|VARIABLE_SCOPE_BEGIN|[167]|keyCombo|String|false|false
11:31:48.151 (323277236)|VARIABLE_ASSIGNMENT|[167]|keyCombo|"801g800000DSnO6AAL-0 (17 more) ..."
11:31:48.151 (323285377)|STATEMENT_EXECUTE|[171]
11:31:48.151 (323286288)|STATEMENT_EXECUTE|[173]
11:31:48.151 (323289354)|HEAP_ALLOCATE|[EXTERNAL]|Bytes:4
11:31:48.151 (323297919)|HEAP_ALLOCATE|[166]|Bytes:5
11:31:48.151 (323305576)|VARIABLE_ASSIGNMENT|[166]|newItem|null|
11:31:48.151 (323315142)|METHOD_EXIT|[21]|01pg8000001EZwd|OrdemItemHandler.checkDuplicateProducts()
11:31:48.151 (323321058)|METHOD_EXIT|[137]|01pg8000001EZwd|OrdemItemHandler.beforeInsert()
11:31:48.151 (323324507)|STATEMENT_EXECUTE|[158]
11:31:48.151 (323342844)|METHOD_ENTRY|[158]|01pg80000019iSf|TriggerHandler.andFinally()
11:31:48.151 (323385963)|VARIABLE_SCOPE_BEGIN|[746]|this|TriggerHandler|true|false
11:31:48.151 (323476862)|VARIABLE_ASSIGNMENT|[746]|this|{"newRecords":"0x246febe0","handlerName":"OrderItemHandler","isTriggerExecuting":true,"triggerEvent":"0x7fbe9122"}|0x630a513d
11:31:48.151 (323484032)|STATEMENT_EXECUTE|[746]
11:31:48.151 (323486548)|METHOD_EXIT|[158]|01pg80000019iSf|TriggerHandler.andFinally()
11:31:48.151 (323492778)|STATEMENT_EXECUTE|[160]
11:31:48.151 (323495783)|STATEMENT_EXECUTE|[176]
11:31:48.151 (323498708)|METHOD_EXIT|[2]|01pg80000019iSf|TriggerHandler.run()
11:31:48.323 (323510347)|CUMULATIVE_LIMIT_USAGE
11:31:48.323 (323510347)|LIMIT_USAGE_FOR_NS|(default)|
  Number of SOQL queries: 8 out of 100
  Number of query rows: 26 out of 50000
  Number of SOSL queries: 0 out of 20
  Number of DML statements: 0 out of 150
  Number of Publish Immediate DML: 0 out of 150
  Number of DML rows: 0 out of 10000
  Maximum CPU time: 0 out of 10000
  Maximum heap size: 0 out of 6000000
  Number of callouts: 0 out of 100
  Number of Email Invocations: 0 out of 10
  Number of future calls: 0 out of 50
  Number of queueable jobs added to the queue: 0 out of 50
  Number of Mobile Apex push calls: 0 out of 10

11:31:48.323 (323510347)|CUMULATIVE_LIMIT_USAGE_END

11:31:48.151 (324179793)|CODE_UNIT_FINISHED|OrdemItemTrigger on OrderItem trigger event BeforeInsert|__sfdc_trigger/OrdemItemTrigger
11:31:48.151 (409818876)|CODE_UNIT_STARTED|[EXTERNAL]|01qg8000000GdOn|OrderTrigger on Order trigger event BeforeUpdate|__sfdc_trigger/OrderTrigger
11:31:48.151 (409885079)|HEAP_ALLOCATE|[EXTERNAL]|Bytes:8
11:31:48.151 (409975406)|HEAP_ALLOCATE|[EXTERNAL]|Bytes:8
11:31:48.151 (410118099)|HEAP_ALLOCATE|[EXTERNAL]|Bytes:4
11:31:48.151 (410174850)|VARIABLE_SCOPE_BEGIN|[1]|this|OrderTrigger|true|false
11:31:48.151 (410264675)|VARIABLE_ASSIGNMENT|[1]|this|{}|0x4fa915b
11:31:48.151 (410996317)|HEAP_ALLOCATE|[EXTERNAL]|Bytes:4
11:31:48.151 (411020555)|VARIABLE_SCOPE_BEGIN|[1]|this|OrderTrigger|true|false
11:31:48.151 (411095913)|VARIABLE_ASSIGNMENT|[1]|this|{}|0x4fa915b
11:31:48.151 (411110708)|STATEMENT_EXECUTE|[1]
11:31:48.151 (411113302)|STATEMENT_EXECUTE|[2]
11:31:48.151 (413652642)|HEAP_ALLOCATE|[2]|Bytes:16
11:31:48.151 (413697722)|METHOD_ENTRY|[1]|01pg8000001LXzh|OrderHandler.OrderHandler()
11:31:48.151 (413705744)|STATEMENT_EXECUTE|[1]
11:31:48.151 (413712197)|STATEMENT_EXECUTE|[1]
11:31:48.151 (413719108)|METHOD_EXIT|[1]|OrderHandler
11:31:48.151 (413737530)|HEAP_ALLOCATE|[2]|Bytes:32
11:31:48.151 (413769629)|CONSTRUCTOR_ENTRY|[2]|01pg8000001LXzh|<init>()|OrderHandler
11:31:48.151 (413811692)|VARIABLE_SCOPE_BEGIN|[8]|this|OrderHandler|true|false
11:31:48.151 (413896480)|VARIABLE_ASSIGNMENT|[8]|this|{}|0x711775e
11:31:48.151 (413903014)|STATEMENT_EXECUTE|[1]
11:31:48.151 (413904504)|STATEMENT_EXECUTE|[3]
11:31:48.151 (413905749)|STATEMENT_EXECUTE|[4]
11:31:48.151 (413906592)|STATEMENT_EXECUTE|[5]
11:31:48.151 (413907424)|STATEMENT_EXECUTE|[6]
11:31:48.151 (413908216)|STATEMENT_EXECUTE|[9]
11:31:48.151 (413911278)|HEAP_ALLOCATE|[9]|Bytes:12
11:31:48.151 (413924258)|CONSTRUCTOR_ENTRY|[9]|01pg80000019iSf|<init>(String)|TriggerHandler
11:31:48.151 (413976141)|VARIABLE_SCOPE_BEGIN|[107]|this|TriggerHandler|true|false
11:31:48.151 (413999183)|VARIABLE_ASSIGNMENT|[107]|this|{}|0x711775e
11:31:48.151 (414005800)|VARIABLE_SCOPE_BEGIN|[107]|handlerName|String|false|false
11:31:48.151 (414025758)|VARIABLE_ASSIGNMENT|[107]|handlerName|"OrderHandler"
11:31:48.151 (414029819)|STATEMENT_EXECUTE|[15]
11:31:48.151 (414030832)|STATEMENT_EXECUTE|[50]
11:31:48.151 (414031728)|STATEMENT_EXECUTE|[57]
11:31:48.151 (414033106)|STATEMENT_EXECUTE|[671]
11:31:48.151 (414056458)|STATEMENT_EXECUTE|[107]
11:31:48.151 (414057481)|STATEMENT_EXECUTE|[108]
11:31:48.151 (414065579)|STATEMENT_EXECUTE|[109]
11:31:48.151 (414073520)|METHOD_ENTRY|[109]|01pg80000019iSf|TriggerHandler.setTriggerContext()
11:31:48.151 (414080465)|VARIABLE_SCOPE_BEGIN|[565]|this|TriggerHandler|true|false
11:31:48.151 (414820748)|VARIABLE_ASSIGNMENT|[565]|this|{"handlerName":"OrderHandler"}|0x711775e
11:31:48.151 (414828882)|STATEMENT_EXECUTE|[565]
11:31:48.151 (414829771)|STATEMENT_EXECUTE|[566]
11:31:48.151 (414895901)|HEAP_ALLOCATE|[566]|Bytes:16
11:31:48.151 (414908791)|METHOD_ENTRY|[566]|01pg80000019iSf|TriggerHandler.setTriggerContext(System.TriggerOperation, Boolean)
11:31:48.151 (414920007)|VARIABLE_SCOPE_BEGIN|[582]|this|TriggerHandler|true|false
11:31:48.151 (414973849)|VARIABLE_ASSIGNMENT|[582]|this|{"handlerName":"OrderHandler"}|0x711775e
11:31:48.151 (414980926)|VARIABLE_SCOPE_BEGIN|[582]|opType|System.TriggerOperation|true|false
11:31:48.151 (414995817)|VARIABLE_ASSIGNMENT|[582]|opType|"BEFORE_UPDATE"|0x63f45e05
11:31:48.151 (415005882)|VARIABLE_SCOPE_BEGIN|[582]|testMode|Boolean|false|false
11:31:48.151 (415012304)|VARIABLE_ASSIGNMENT|[582]|testMode|false
11:31:48.151 (415016160)|STATEMENT_EXECUTE|[582]
11:31:48.151 (415032898)|STATEMENT_EXECUTE|[586]
11:31:48.151 (415033940)|STATEMENT_EXECUTE|[587]
11:31:48.151 (415036679)|HEAP_ALLOCATE|[587]|Bytes:5
11:31:48.151 (415044838)|STATEMENT_EXECUTE|[590]
11:31:48.151 (415045846)|STATEMENT_EXECUTE|[592]
11:31:48.151 (415060286)|HEAP_ALLOCATE|[592]|Bytes:16
11:31:48.151 (415066217)|STATEMENT_EXECUTE|[595]
11:31:48.151 (415092067)|VARIABLE_SCOPE_BEGIN|[595]|context|String|false|false
11:31:48.151 (415098777)|VARIABLE_ASSIGNMENT|[595]|context|"BEFORE_UPDATE"
11:31:48.151 (415101217)|STATEMENT_EXECUTE|[597]
11:31:48.151 (415122891)|HEAP_ALLOCATE|[601]|Bytes:13
11:31:48.151 (415153659)|STATEMENT_EXECUTE|[601]
11:31:48.151 (415154621)|STATEMENT_EXECUTE|[602]
11:31:48.151 (415165074)|METHOD_EXIT|[566]|01pg80000019iSf|TriggerHandler.setTriggerContext(System.TriggerOperation, Boolean)
11:31:48.151 (415194509)|METHOD_EXIT|[109]|01pg80000019iSf|TriggerHandler.setTriggerContext()
11:31:48.151 (415206973)|CONSTRUCTOR_EXIT|[9]|01pg80000019iSf|<init>(String)|TriggerHandler
11:31:48.151 (415210664)|STATEMENT_EXECUTE|[8]
11:31:48.151 (415211774)|STATEMENT_EXECUTE|[10]
11:31:48.151 (416395640)|VARIABLE_ASSIGNMENT|[10]|this.newRecords|[{"Status":"Draft","LastModifiedDate":"2026-04-30T14:31:48.000Z","Country__c":"a03g8000004x8aeAAA","IsDeleted":false,"AccountId":"001g800000DSnO5AAL","FreightType__c":"CIF","OrderNumber":"00000134","TotalAmount":2460541.90,"StatusCode":"Draft","PaymentCondition__c":"a07g8000004MONnAAO","IsReductionOrder":false,"SystemModstamp":"2026-04-30T14:31:49.000Z","City__c":"a05g8000001KAc9AAG","OwnerId":"005g80000010N45AAE","CreatedById":"005g80000010N45AAE","DistributionCenter__c":"a06g8000000wkLpAAI","CreatedDate":"2026-04-30T14:31:48.000Z","Pricebook2Id":"01sg80000015mKTAAY","ExternalId__c":"order002","Id":"801g800000DSnO6AAL","LastModifiedById":"005g80000010N45AAE","State__c":"a04g8000000QmaTAAS","EffectiveDate":"2026-04-27T00:00:00.000Z"}]|0x711775e
11:31:48.151 (416413989)|STATEMENT_EXECUTE|[11]
11:31:48.151 (416896713)|VARIABLE_ASSIGNMENT|[11]|this.oldRecords|[{"Status":"Draft","LastModifiedDate":"2026-04-30T14:31:48.000Z","Country__c":"a03g8000004x8aeAAA","IsDeleted":false,"AccountId":"001g800000DSnO5AAL","FreightType__c":"CIF","OrderNumber":"00000134","TotalAmount":0.00,"StatusCode":"Draft","PaymentCondition__c":"a07g8000004MONnAAO","IsReductionOrder":false,"SystemModstamp":"2026-04-30T14:31:48.000Z","City__c":"a05g8000001KAc9AAG","OwnerId":"005g80000010N45AAE","CreatedById":"005g80000010N45AAE","DistributionCenter__c":"a06g8000000wkLpAAI","CreatedDate":"2026-04-30T14:31:48.000Z","Pricebook2Id":"01sg80000015mKTAAY","ExternalId__c":"order002","Id":"801g800000DSnO6AAL","LastModifiedById":"005g80000010N45AAE","State__c":"a04g8000000QmaTAAS","EffectiveDate":"2026-04-27T00:00:00.000Z"}]|0x711775e
11:31:48.151 (416908260)|STATEMENT_EXECUTE|[12]
11:31:48.151 (417260767)|VARIABLE_ASSIGNMENT|[12]|this.newRecordsMap|{"801g800000DSnO6AAL":{"Status":"Draft","LastModifiedDate":"2026-04-30T14:31:48.000Z","Country__c":"a03g8000004x8aeAAA","IsDeleted":false,"AccountId":"001g800000DSnO5AAL","FreightType__c":"CIF","OrderNumber":"00000134","TotalAmount":2460541.90,"StatusCode":"Draft","PaymentCondition__c":"a07g8000004MONnAAO","IsReductionOrder":false,"SystemModstamp":"2026-04-30T14:31:49.000Z","City__c":"a05g8000001KAc9AAG","OwnerId":"005g80000010N45AAE","CreatedById":"005g80000010N45AAE","DistributionCenter__c":"a06g8000000wkLpAAI","CreatedDate":"2026-04-30T14:31:48.000Z","Pricebook2Id":"01sg80000015mKTAAY","ExternalId__c":"order002","Id":"801g800000DSnO6AAL","LastModifiedById":"005g80000010N45AAE","State__c":"a04g8000000QmaTAAS","EffectiveDate":"2026-04-27T00:00:00.000Z"}}|0x711775e
11:31:48.151 (417270526)|STATEMENT_EXECUTE|[13]
11:31:48.151 (417583104)|VARIABLE_ASSIGNMENT|[13]|this.oldRecordsMap|{"801g800000DSnO6AAL":{"Status":"Draft","LastModifiedDate":"2026-04-30T14:31:48.000Z","Country__c":"a03g8000004x8aeAAA","IsDeleted":false,"AccountId":"001g800000DSnO5AAL","FreightType__c":"CIF","OrderNumber":"00000134","TotalAmount":0.00,"StatusCode":"Draft","PaymentCondition__c":"a07g8000004MONnAAO","IsReductionOrder":false,"SystemModstamp":"2026-04-30T14:31:48.000Z","City__c":"a05g8000001KAc9AAG","OwnerId":"005g80000010N45AAE","CreatedById":"005g80000010N45AAE","DistributionCenter__c":"a06g8000000wkLpAAI","CreatedDate":"2026-04-30T14:31:48.000Z","Pricebook2Id":"01sg80000015mKTAAY","ExternalId__c":"order002","Id":"801g800000DSnO6AAL","LastModifiedById":"005g80000010N45AAE","State__c":"a04g8000000QmaTAAS","EffectiveDate":"2026-04-27T00:00:00.000Z"}}|0x711775e
11:31:48.151 (417604531)|CONSTRUCTOR_EXIT|[2]|01pg8000001LXzh|<init>()|OrderHandler
11:31:48.151 (417631728)|METHOD_ENTRY|[2]|01pg80000019iSf|TriggerHandler.run()
11:31:48.151 (417648768)|VARIABLE_SCOPE_BEGIN|[120]|this|TriggerHandler|true|false
11:31:48.151 (417712321)|VARIABLE_ASSIGNMENT|[120]|this|{"newRecords":"0x9903bea","newRecordsMap":"0x7a3f13ac","oldRecords":"0x3bfa6e98","oldRecordsMap":"0x64c4d5d","handlerName":"OrderHandler","isTriggerExecuting":true,"triggerEvent":"0x63f45e05"}|0x711775e
11:31:48.151 (417719090)|STATEMENT_EXECUTE|[120]
11:31:48.151 (417723499)|METHOD_ENTRY|[121]|01pg80000019iSf|TriggerHandler.validateRun()
11:31:48.151 (417730512)|VARIABLE_SCOPE_BEGIN|[661]|this|TriggerHandler|true|false
11:31:48.151 (417752958)|VARIABLE_ASSIGNMENT|[661]|this|{"newRecords":"0x9903bea","newRecordsMap":"0x7a3f13ac","oldRecords":"0x3bfa6e98","oldRecordsMap":"0x64c4d5d","handlerName":"OrderHandler","isTriggerExecuting":true,"triggerEvent":"0x63f45e05"}|0x711775e
11:31:48.151 (417758088)|STATEMENT_EXECUTE|[661]
11:31:48.151 (417764906)|STATEMENT_EXECUTE|[662]
11:31:48.151 (417766034)|STATEMENT_EXECUTE|[665]
11:31:48.151 (417772243)|METHOD_ENTRY|[665]|01pg80000019iSf|TriggerHandler.getHandlerName()
11:31:48.151 (417778150)|VARIABLE_SCOPE_BEGIN|[680]|this|TriggerHandler|true|false
11:31:48.151 (417837835)|VARIABLE_ASSIGNMENT|[680]|this|{"newRecords":"0x9903bea","newRecordsMap":"0x7a3f13ac","oldRecords":"0x3bfa6e98","oldRecordsMap":"0x64c4d5d","handlerName":"OrderHandler","isTriggerExecuting":true,"triggerEvent":"0x63f45e05"}|0x711775e
11:31:48.151 (417842685)|STATEMENT_EXECUTE|[680]
11:31:48.151 (417863952)|STATEMENT_EXECUTE|[681]
11:31:48.151 (417865126)|STATEMENT_EXECUTE|[684]
11:31:48.151 (417868564)|METHOD_EXIT|[665]|01pg80000019iSf|TriggerHandler.getHandlerName()
11:31:48.151 (417886722)|METHOD_EXIT|[121]|01pg80000019iSf|TriggerHandler.validateRun()
11:31:48.151 (417889817)|STATEMENT_EXECUTE|[121]
11:31:48.151 (417892858)|METHOD_ENTRY|[126]|01pg80000019iSf|TriggerHandler.incrementCheckLoopCount()
11:31:48.151 (417899533)|VARIABLE_SCOPE_BEGIN|[634]|this|TriggerHandler|true|false
11:31:48.151 (417919942)|VARIABLE_ASSIGNMENT|[634]|this|{"newRecords":"0x9903bea","newRecordsMap":"0x7a3f13ac","oldRecords":"0x3bfa6e98","oldRecordsMap":"0x64c4d5d","handlerName":"OrderHandler","isTriggerExecuting":true,"triggerEvent":"0x63f45e05"}|0x711775e
11:31:48.151 (417925524)|STATEMENT_EXECUTE|[634]
11:31:48.151 (417926346)|STATEMENT_EXECUTE|[635]
11:31:48.151 (417928900)|METHOD_ENTRY|[635]|01pg80000019iSf|TriggerHandler.getHandlerName()
11:31:48.151 (417933495)|VARIABLE_SCOPE_BEGIN|[680]|this|TriggerHandler|true|false
11:31:48.151 (417951807)|VARIABLE_ASSIGNMENT|[680]|this|{"newRecords":"0x9903bea","newRecordsMap":"0x7a3f13ac","oldRecords":"0x3bfa6e98","oldRecordsMap":"0x64c4d5d","handlerName":"OrderHandler","isTriggerExecuting":true,"triggerEvent":"0x63f45e05"}|0x711775e
11:31:48.151 (417955555)|STATEMENT_EXECUTE|[680]
11:31:48.151 (417962498)|STATEMENT_EXECUTE|[681]
11:31:48.151 (417963409)|STATEMENT_EXECUTE|[684]
11:31:48.151 (417965379)|METHOD_EXIT|[635]|01pg80000019iSf|TriggerHandler.getHandlerName()
11:31:48.151 (417968793)|VARIABLE_SCOPE_BEGIN|[635]|handlerName|String|false|false
11:31:48.151 (417974836)|VARIABLE_ASSIGNMENT|[635]|handlerName|"OrderHandler"
11:31:48.151 (417984979)|STATEMENT_EXECUTE|[636]
11:31:48.151 (417986086)|STATEMENT_EXECUTE|[649]
11:31:48.151 (417987866)|METHOD_EXIT|[126]|01pg80000019iSf|TriggerHandler.incrementCheckLoopCount()
11:31:48.151 (417990900)|STATEMENT_EXECUTE|[126]
11:31:48.151 (417993263)|STATEMENT_EXECUTE|[130]
11:31:48.151 (417994093)|STATEMENT_EXECUTE|[135]
11:31:48.151 (418069793)|STATEMENT_EXECUTE|[139]
11:31:48.151 (418071355)|STATEMENT_EXECUTE|[140]
11:31:48.151 (418086969)|METHOD_ENTRY|[140]|01pg8000001LXzh|OrderHandler.beforeUpdate()
11:31:48.151 (418101287)|VARIABLE_SCOPE_BEGIN|[16]|this|OrderHandler|true|false
11:31:48.151 (418124195)|VARIABLE_ASSIGNMENT|[16]|this|{"newRecords":"0x9903bea","newRecordsMap":"0x7a3f13ac","oldRecords":"0x3bfa6e98","oldRecordsMap":"0x64c4d5d","handlerName":"OrderHandler","isTriggerExecuting":true,"triggerEvent":"0x63f45e05"}|0x711775e
11:31:48.151 (418129529)|STATEMENT_EXECUTE|[16]
11:31:48.151 (418130420)|STATEMENT_EXECUTE|[17]
11:31:48.151 (418135725)|METHOD_ENTRY|[17]|01pg8000001LXzh|OrderHandler.checkActiveOrder()
11:31:48.151 (418145730)|VARIABLE_SCOPE_BEGIN|[30]|this|OrderHandler|true|false
11:31:48.151 (418164790)|VARIABLE_ASSIGNMENT|[30]|this|{"newRecords":"0x9903bea","newRecordsMap":"0x7a3f13ac","oldRecords":"0x3bfa6e98","oldRecordsMap":"0x64c4d5d","handlerName":"OrderHandler","isTriggerExecuting":true,"triggerEvent":"0x63f45e05"}|0x711775e
11:31:48.151 (418170149)|STATEMENT_EXECUTE|[30]
11:31:48.151 (418171011)|STATEMENT_EXECUTE|[31]
11:31:48.151 (418175959)|VARIABLE_SCOPE_BEGIN|[31]|listaParaValidar|List<Order>|true|false
11:31:48.151 (418181440)|VARIABLE_ASSIGNMENT|[31]|listaParaValidar|null|
11:31:48.151 (418189675)|STATEMENT_EXECUTE|[35]
11:31:48.151 (418190657)|STATEMENT_EXECUTE|[36]
11:31:48.151 (418652819)|VARIABLE_ASSIGNMENT|[36]|listaParaValidar|[{"Status":"Draft","LastModifiedDate":"2026-04-30T14:31:48.000Z","Country__c":"a03g8000004x8aeAAA","IsDeleted":false,"AccountId":"001g800000DSnO5AAL","FreightType__c":"CIF","OrderNumber":"00000134","TotalAmount":2460541.90,"StatusCode":"Draft","PaymentCondition__c":"a07g8000004MONnAAO","IsReductionOrder":false,"SystemModstamp":"2026-04-30T14:31:49.000Z","City__c":"a05g8000001KAc9AAG","OwnerId":"005g80000010N45AAE","CreatedById":"005g80000010N45AAE","DistributionCenter__c":"a06g8000000wkLpAAI","CreatedDate":"2026-04-30T14:31:48.000Z","Pricebook2Id":"01sg80000015mKTAAY","ExternalId__c":"order002","Id":"801g800000DSnO6AAL","LastModifiedById":"005g80000010N45AAE","State__c":"a04g8000000QmaTAAS","EffectiveDate":"2026-04-27T00:00:00.000Z"}]|0x9903bea
11:31:48.151 (418710249)|HEAP_ALLOCATE|[40]|Bytes:5
11:31:48.151 (418731061)|HEAP_ALLOCATE|[40]|Bytes:4
11:31:48.151 (418739557)|VARIABLE_SCOPE_BEGIN|[40]|pedido|Order|true|false
11:31:48.151 (419085703)|VARIABLE_ASSIGNMENT|[40]|pedido|{"Status":"Draft","LastModifiedDate":"2026-04-30T14:31:48.000Z","Country__c":"a03g8000004x8aeAAA","IsDeleted":false,"AccountId":"001g800000DSnO5AAL","FreightType__c":"CIF","OrderNumber":"00000134","TotalAmount":2460541.90,"StatusCode":"Draft","PaymentCondition__c":"a07g8000004MONnAAO","IsReductionOrder":false,"SystemModstamp":"2026-04-30T14:31:49.000Z","City__c":"a05g8000001KAc9AAG","OwnerId":"005g80000010N45AAE","CreatedById":"005g80000010N45AAE","DistributionCenter__c":"a06g8000000wkLpAAI","CreatedDate":"2026-04-30T14:31:48.000Z","Pricebook2Id":"01sg80000015mKTAAY","ExternalId__c":"order002","Id":"801g800000DSnO6AAL","LastModifiedById":"005g80000010N45AAE","State__c":"a04g8000000QmaTAAS","EffectiveDate":"2026-04-27T00:00:00.000Z"}|0x8f17d9
11:31:48.151 (419097175)|STATEMENT_EXECUTE|[40]
11:31:48.151 (419098462)|STATEMENT_EXECUTE|[42]
11:31:48.151 (419153296)|VARIABLE_SCOPE_BEGIN|[42]|pedidoAntigo|Order|true|false
11:31:48.151 (419496947)|VARIABLE_ASSIGNMENT|[42]|pedidoAntigo|{"Status":"Draft","LastModifiedDate":"2026-04-30T14:31:48.000Z","Country__c":"a03g8000004x8aeAAA","IsDeleted":false,"AccountId":"001g800000DSnO5AAL","FreightType__c":"CIF","OrderNumber":"00000134","TotalAmount":0.00,"StatusCode":"Draft","PaymentCondition__c":"a07g8000004MONnAAO","IsReductionOrder":false,"SystemModstamp":"2026-04-30T14:31:48.000Z","City__c":"a05g8000001KAc9AAG","OwnerId":"005g80000010N45AAE","CreatedById":"005g80000010N45AAE","DistributionCenter__c":"a06g8000000wkLpAAI","CreatedDate":"2026-04-30T14:31:48.000Z","Pricebook2Id":"01sg80000015mKTAAY","ExternalId__c":"order002","Id":"801g800000DSnO6AAL","LastModifiedById":"005g80000010N45AAE","State__c":"a04g8000000QmaTAAS","EffectiveDate":"2026-04-27T00:00:00.000Z"}|0x5599851c
11:31:48.151 (419507388)|STATEMENT_EXECUTE|[45]
11:31:48.151 (419517572)|VARIABLE_SCOPE_BEGIN|[45]|validacaoStatus|String|false|false
11:31:48.151 (419525166)|VARIABLE_ASSIGNMENT|[45]|validacaoStatus|"Draft"
11:31:48.151 (419537981)|HEAP_ALLOCATE|[40]|Bytes:5
11:31:48.151 (419549384)|VARIABLE_ASSIGNMENT|[40]|pedido|null|
11:31:48.151 (419557499)|METHOD_EXIT|[17]|01pg8000001LXzh|OrderHandler.checkActiveOrder()
11:31:48.151 (419561825)|METHOD_EXIT|[140]|01pg8000001LXzh|OrderHandler.beforeUpdate()
11:31:48.151 (419564832)|STATEMENT_EXECUTE|[158]
11:31:48.151 (419570374)|METHOD_ENTRY|[158]|01pg80000019iSf|TriggerHandler.andFinally()
11:31:48.151 (419586483)|VARIABLE_SCOPE_BEGIN|[746]|this|TriggerHandler|true|false
11:31:48.151 (419637442)|VARIABLE_ASSIGNMENT|[746]|this|{"newRecords":"0x9903bea","newRecordsMap":"0x7a3f13ac","oldRecords":"0x3bfa6e98","oldRecordsMap":"0x64c4d5d","handlerName":"OrderHandler","isTriggerExecuting":true,"triggerEvent":"0x63f45e05"}|0x711775e
11:31:48.151 (419642888)|STATEMENT_EXECUTE|[746]
11:31:48.151 (419645282)|METHOD_EXIT|[158]|01pg80000019iSf|TriggerHandler.andFinally()
11:31:48.151 (419649169)|STATEMENT_EXECUTE|[160]
11:31:48.151 (419651502)|STATEMENT_EXECUTE|[176]
11:31:48.151 (419653801)|METHOD_EXIT|[2]|01pg80000019iSf|TriggerHandler.run()
11:31:48.419 (419664391)|CUMULATIVE_LIMIT_USAGE
11:31:48.419 (419664391)|LIMIT_USAGE_FOR_NS|(default)|
  Number of SOQL queries: 8 out of 100
  Number of query rows: 26 out of 50000
  Number of SOSL queries: 0 out of 20
  Number of DML statements: 0 out of 150
  Number of Publish Immediate DML: 0 out of 150
  Number of DML rows: 0 out of 10000
  Maximum CPU time: 0 out of 10000
  Maximum heap size: 0 out of 6000000
  Number of callouts: 0 out of 100
  Number of Email Invocations: 0 out of 10
  Number of future calls: 0 out of 50
  Number of queueable jobs added to the queue: 0 out of 50
  Number of Mobile Apex push calls: 0 out of 10

11:31:48.419 (419664391)|CUMULATIVE_LIMIT_USAGE_END

11:31:48.151 (419901026)|CODE_UNIT_FINISHED|OrderTrigger on Order trigger event BeforeUpdate|__sfdc_trigger/OrderTrigger
11:31:48.151 (422654222)|CODE_UNIT_STARTED|[EXTERNAL]|Validation:Order:801g800000DSnO6
11:31:48.151 (422677044)|VALIDATION_RULE|03dg8000000aS4D|Bloquear_Alteracao_Conta_Pedido
11:31:48.151 (422826034)|VALIDATION_FORMULA|ISCHANGED(AccountId) && NOT(ISNEW())|AccountId=001g800000DSnO5
11:31:48.151 (422834089)|VALIDATION_PASS
11:31:48.151 (422850797)|CODE_UNIT_FINISHED|Validation:Order:801g800000DSnO6
11:31:48.151 (438821476)|CODE_UNIT_STARTED|[EXTERNAL]|01qg8000000GdOn|OrderTrigger on Order trigger event AfterUpdate|__sfdc_trigger/OrderTrigger
11:31:48.151 (438883338)|HEAP_ALLOCATE|[EXTERNAL]|Bytes:8
11:31:48.151 (438952769)|HEAP_ALLOCATE|[EXTERNAL]|Bytes:8
11:31:48.151 (439033514)|HEAP_ALLOCATE|[EXTERNAL]|Bytes:4
11:31:48.151 (439065135)|VARIABLE_SCOPE_BEGIN|[1]|this|OrderTrigger|true|false
11:31:48.151 (439162196)|VARIABLE_ASSIGNMENT|[1]|this|{}|0x3c67996d
11:31:48.151 (439223313)|HEAP_ALLOCATE|[EXTERNAL]|Bytes:4
11:31:48.151 (439232455)|VARIABLE_SCOPE_BEGIN|[1]|this|OrderTrigger|true|false
11:31:48.151 (439241860)|VARIABLE_ASSIGNMENT|[1]|this|{}|0x3c67996d
11:31:48.151 (439250452)|STATEMENT_EXECUTE|[1]
11:31:48.151 (439252402)|STATEMENT_EXECUTE|[2]
11:31:48.151 (439257638)|HEAP_ALLOCATE|[2]|Bytes:32
11:31:48.151 (439280931)|CONSTRUCTOR_ENTRY|[2]|01pg8000001LXzh|<init>()|OrderHandler
11:31:48.151 (439295128)|VARIABLE_SCOPE_BEGIN|[8]|this|OrderHandler|true|false
11:31:48.151 (439389143)|VARIABLE_ASSIGNMENT|[8]|this|{}|0x1515ac17
11:31:48.151 (439393975)|STATEMENT_EXECUTE|[1]
11:31:48.151 (439395168)|STATEMENT_EXECUTE|[3]
11:31:48.151 (439396113)|STATEMENT_EXECUTE|[4]
11:31:48.151 (439397025)|STATEMENT_EXECUTE|[5]
11:31:48.151 (439398010)|STATEMENT_EXECUTE|[6]
11:31:48.151 (439398800)|STATEMENT_EXECUTE|[9]
11:31:48.151 (439414242)|CONSTRUCTOR_ENTRY|[9]|01pg80000019iSf|<init>(String)|TriggerHandler
11:31:48.151 (439421235)|VARIABLE_SCOPE_BEGIN|[107]|this|TriggerHandler|true|false
11:31:48.151 (439431255)|VARIABLE_ASSIGNMENT|[107]|this|{}|0x1515ac17
11:31:48.151 (439436332)|VARIABLE_SCOPE_BEGIN|[107]|handlerName|String|false|false
11:31:48.151 (439446221)|VARIABLE_ASSIGNMENT|[107]|handlerName|"OrderHandler"
11:31:48.151 (439449968)|STATEMENT_EXECUTE|[15]
11:31:48.151 (439450914)|STATEMENT_EXECUTE|[50]
11:31:48.151 (439451953)|STATEMENT_EXECUTE|[57]
11:31:48.151 (439453302)|STATEMENT_EXECUTE|[671]
11:31:48.151 (439474769)|STATEMENT_EXECUTE|[107]
11:31:48.151 (439475731)|STATEMENT_EXECUTE|[108]
11:31:48.151 (439483916)|STATEMENT_EXECUTE|[109]
11:31:48.151 (439490875)|METHOD_ENTRY|[109]|01pg80000019iSf|TriggerHandler.setTriggerContext()
11:31:48.151 (439496790)|VARIABLE_SCOPE_BEGIN|[565]|this|TriggerHandler|true|false
11:31:48.151 (439521311)|VARIABLE_ASSIGNMENT|[565]|this|{"handlerName":"OrderHandler"}|0x1515ac17
11:31:48.151 (439526268)|STATEMENT_EXECUTE|[565]
11:31:48.151 (439527157)|STATEMENT_EXECUTE|[566]
11:31:48.151 (439590979)|HEAP_ALLOCATE|[566]|Bytes:16
11:31:48.151 (439602658)|METHOD_ENTRY|[566]|01pg80000019iSf|TriggerHandler.setTriggerContext(System.TriggerOperation, Boolean)
11:31:48.151 (439608252)|VARIABLE_SCOPE_BEGIN|[582]|this|TriggerHandler|true|false
11:31:48.151 (439618593)|VARIABLE_ASSIGNMENT|[582]|this|{"handlerName":"OrderHandler"}|0x1515ac17
11:31:48.151 (439623499)|VARIABLE_SCOPE_BEGIN|[582]|opType|System.TriggerOperation|true|false
11:31:48.151 (439638126)|VARIABLE_ASSIGNMENT|[582]|opType|"AFTER_UPDATE"|0x4a4bf7a5
11:31:48.151 (439647421)|VARIABLE_SCOPE_BEGIN|[582]|testMode|Boolean|false|false
11:31:48.151 (439653594)|VARIABLE_ASSIGNMENT|[582]|testMode|false
11:31:48.151 (439657276)|STATEMENT_EXECUTE|[582]
11:31:48.151 (439664954)|STATEMENT_EXECUTE|[586]
11:31:48.151 (439665805)|STATEMENT_EXECUTE|[587]
11:31:48.151 (439668404)|HEAP_ALLOCATE|[587]|Bytes:5
11:31:48.151 (439675048)|STATEMENT_EXECUTE|[590]
11:31:48.151 (439675909)|STATEMENT_EXECUTE|[592]
11:31:48.151 (439686457)|HEAP_ALLOCATE|[592]|Bytes:16
11:31:48.151 (439692492)|STATEMENT_EXECUTE|[595]
11:31:48.151 (439701902)|VARIABLE_SCOPE_BEGIN|[595]|context|String|false|false
11:31:48.151 (439708563)|VARIABLE_ASSIGNMENT|[595]|context|"AFTER_UPDATE"
11:31:48.151 (439710715)|STATEMENT_EXECUTE|[597]
11:31:48.151 (439739350)|HEAP_ALLOCATE|[604]|Bytes:13
11:31:48.151 (439773917)|HEAP_ALLOCATE|[607]|Bytes:12
11:31:48.151 (439784066)|HEAP_ALLOCATE|[610]|Bytes:12
11:31:48.151 (439793082)|STATEMENT_EXECUTE|[610]
11:31:48.151 (439794239)|STATEMENT_EXECUTE|[611]
11:31:48.151 (439803935)|METHOD_EXIT|[566]|01pg80000019iSf|TriggerHandler.setTriggerContext(System.TriggerOperation, Boolean)
11:31:48.151 (439807288)|METHOD_EXIT|[109]|01pg80000019iSf|TriggerHandler.setTriggerContext()
11:31:48.151 (439816127)|CONSTRUCTOR_EXIT|[9]|01pg80000019iSf|<init>(String)|TriggerHandler
11:31:48.151 (439819897)|STATEMENT_EXECUTE|[8]
11:31:48.151 (439821091)|STATEMENT_EXECUTE|[10]
11:31:48.151 (440544460)|VARIABLE_ASSIGNMENT|[10]|this.newRecords|[{"Status":"Draft","LastModifiedDate":"2026-04-30T14:31:49.000Z","Country__c":"a03g8000004x8aeAAA","IsDeleted":false,"AccountId":"001g800000DSnO5AAL","FreightType__c":"CIF","OrderNumber":"00000134","TotalAmount":2460541.90,"StatusCode":"Draft","PaymentCondition__c":"a07g8000004MONnAAO","IsReductionOrder":false,"SystemModstamp":"2026-04-30T14:31:49.000Z","City__c":"a05g8000001KAc9AAG","OwnerId":"005g80000010N45AAE","CreatedById":"005g80000010N45AAE","DistributionCenter__c":"a06g8000000wkLpAAI","CreatedDate":"2026-04-30T14:31:48.000Z","Pricebook2Id":"01sg80000015mKTAAY","ExternalId__c":"order002","Id":"801g800000DSnO6AAL","LastModifiedById":"005g80000010N45AAE","State__c":"a04g8000000QmaTAAS","EffectiveDate":"2026-04-27T00:00:00.000Z"}]|0x1515ac17
11:31:48.151 (440559404)|STATEMENT_EXECUTE|[11]
11:31:48.151 (440996591)|VARIABLE_ASSIGNMENT|[11]|this.oldRecords|[{"Status":"Draft","LastModifiedDate":"2026-04-30T14:31:48.000Z","Country__c":"a03g8000004x8aeAAA","IsDeleted":false,"AccountId":"001g800000DSnO5AAL","FreightType__c":"CIF","OrderNumber":"00000134","TotalAmount":0.00,"StatusCode":"Draft","PaymentCondition__c":"a07g8000004MONnAAO","IsReductionOrder":false,"SystemModstamp":"2026-04-30T14:31:48.000Z","City__c":"a05g8000001KAc9AAG","OwnerId":"005g80000010N45AAE","CreatedById":"005g80000010N45AAE","DistributionCenter__c":"a06g8000000wkLpAAI","CreatedDate":"2026-04-30T14:31:48.000Z","Pricebook2Id":"01sg80000015mKTAAY","ExternalId__c":"order002","Id":"801g800000DSnO6AAL","LastModifiedById":"005g80000010N45AAE","State__c":"a04g8000000QmaTAAS","EffectiveDate":"2026-04-27T00:00:00.000Z"}]|0x1515ac17
11:31:48.151 (441006940)|STATEMENT_EXECUTE|[12]
11:31:48.151 (441633073)|VARIABLE_ASSIGNMENT|[12]|this.newRecordsMap|{"801g800000DSnO6AAL":{"Status":"Draft","LastModifiedDate":"2026-04-30T14:31:49.000Z","Country__c":"a03g8000004x8aeAAA","IsDeleted":false,"AccountId":"001g800000DSnO5AAL","FreightType__c":"CIF","OrderNumber":"00000134","TotalAmount":2460541.90,"StatusCode":"Draft","PaymentCondition__c":"a07g8000004MONnAAO","IsReductionOrder":false,"SystemModstamp":"2026-04-30T14:31:49.000Z","City__c":"a05g8000001KAc9AAG","OwnerId":"005g80000010N45AAE","CreatedById":"005g80000010N45AAE","DistributionCenter__c":"a06g8000000wkLpAAI","CreatedDate":"2026-04-30T14:31:48.000Z","Pricebook2Id":"01sg80000015mKTAAY","ExternalId__c":"order002","Id":"801g800000DSnO6AAL","LastModifiedById":"005g80000010N45AAE","State__c":"a04g8000000QmaTAAS","EffectiveDate":"2026-04-27T00:00:00.000Z"}}|0x1515ac17
11:31:48.151 (441644675)|STATEMENT_EXECUTE|[13]
11:31:48.151 (441983034)|VARIABLE_ASSIGNMENT|[13]|this.oldRecordsMap|{"801g800000DSnO6AAL":{"Status":"Draft","LastModifiedDate":"2026-04-30T14:31:48.000Z","Country__c":"a03g8000004x8aeAAA","IsDeleted":false,"AccountId":"001g800000DSnO5AAL","FreightType__c":"CIF","OrderNumber":"00000134","TotalAmount":0.00,"StatusCode":"Draft","PaymentCondition__c":"a07g8000004MONnAAO","IsReductionOrder":false,"SystemModstamp":"2026-04-30T14:31:48.000Z","City__c":"a05g8000001KAc9AAG","OwnerId":"005g80000010N45AAE","CreatedById":"005g80000010N45AAE","DistributionCenter__c":"a06g8000000wkLpAAI","CreatedDate":"2026-04-30T14:31:48.000Z","Pricebook2Id":"01sg80000015mKTAAY","ExternalId__c":"order002","Id":"801g800000DSnO6AAL","LastModifiedById":"005g80000010N45AAE","State__c":"a04g8000000QmaTAAS","EffectiveDate":"2026-04-27T00:00:00.000Z"}}|0x1515ac17
11:31:48.151 (442005261)|CONSTRUCTOR_EXIT|[2]|01pg8000001LXzh|<init>()|OrderHandler
11:31:48.151 (442016471)|METHOD_ENTRY|[2]|01pg80000019iSf|TriggerHandler.run()
11:31:48.151 (442033544)|VARIABLE_SCOPE_BEGIN|[120]|this|TriggerHandler|true|false
11:31:48.151 (442138586)|VARIABLE_ASSIGNMENT|[120]|this|{"newRecords":"0x6bdd6d73","newRecordsMap":"0x5605d21b","oldRecords":"0x9399162","oldRecordsMap":"0x5554b30","handlerName":"OrderHandler","isTriggerExecuting":true,"triggerEvent":"0x4a4bf7a5"}|0x1515ac17
11:31:48.151 (442147330)|STATEMENT_EXECUTE|[120]
11:31:48.151 (442152015)|METHOD_ENTRY|[121]|01pg80000019iSf|TriggerHandler.validateRun()
11:31:48.151 (442205793)|VARIABLE_SCOPE_BEGIN|[661]|this|TriggerHandler|true|false
11:31:48.151 (442230290)|VARIABLE_ASSIGNMENT|[661]|this|{"newRecords":"0x6bdd6d73","newRecordsMap":"0x5605d21b","oldRecords":"0x9399162","oldRecordsMap":"0x5554b30","handlerName":"OrderHandler","isTriggerExecuting":true,"triggerEvent":"0x4a4bf7a5"}|0x1515ac17
11:31:48.151 (442237559)|STATEMENT_EXECUTE|[661]
11:31:48.151 (442245550)|STATEMENT_EXECUTE|[662]
11:31:48.151 (442247717)|STATEMENT_EXECUTE|[665]
11:31:48.151 (442259812)|METHOD_ENTRY|[665]|01pg80000019iSf|TriggerHandler.getHandlerName()
11:31:48.151 (442268245)|VARIABLE_SCOPE_BEGIN|[680]|this|TriggerHandler|true|false
11:31:48.151 (442287200)|VARIABLE_ASSIGNMENT|[680]|this|{"newRecords":"0x6bdd6d73","newRecordsMap":"0x5605d21b","oldRecords":"0x9399162","oldRecordsMap":"0x5554b30","handlerName":"OrderHandler","isTriggerExecuting":true,"triggerEvent":"0x4a4bf7a5"}|0x1515ac17
11:31:48.151 (442294056)|STATEMENT_EXECUTE|[680]
11:31:48.151 (442320227)|STATEMENT_EXECUTE|[681]
11:31:48.151 (442321780)|STATEMENT_EXECUTE|[684]
11:31:48.151 (442326278)|METHOD_EXIT|[665]|01pg80000019iSf|TriggerHandler.getHandlerName()
11:31:48.151 (442347062)|METHOD_EXIT|[121]|01pg80000019iSf|TriggerHandler.validateRun()
11:31:48.151 (442351413)|STATEMENT_EXECUTE|[121]
11:31:48.151 (442354857)|METHOD_ENTRY|[126]|01pg80000019iSf|TriggerHandler.incrementCheckLoopCount()
11:31:48.151 (442362847)|VARIABLE_SCOPE_BEGIN|[634]|this|TriggerHandler|true|false
11:31:48.151 (442381932)|VARIABLE_ASSIGNMENT|[634]|this|{"newRecords":"0x6bdd6d73","newRecordsMap":"0x5605d21b","oldRecords":"0x9399162","oldRecordsMap":"0x5554b30","handlerName":"OrderHandler","isTriggerExecuting":true,"triggerEvent":"0x4a4bf7a5"}|0x1515ac17
11:31:48.151 (442389532)|STATEMENT_EXECUTE|[634]
11:31:48.151 (442391062)|STATEMENT_EXECUTE|[635]
11:31:48.151 (442394735)|METHOD_ENTRY|[635]|01pg80000019iSf|TriggerHandler.getHandlerName()
11:31:48.151 (442400612)|VARIABLE_SCOPE_BEGIN|[680]|this|TriggerHandler|true|false
11:31:48.151 (442417095)|VARIABLE_ASSIGNMENT|[680]|this|{"newRecords":"0x6bdd6d73","newRecordsMap":"0x5605d21b","oldRecords":"0x9399162","oldRecordsMap":"0x5554b30","handlerName":"OrderHandler","isTriggerExecuting":true,"triggerEvent":"0x4a4bf7a5"}|0x1515ac17
11:31:48.151 (442422605)|STATEMENT_EXECUTE|[680]
11:31:48.151 (442432250)|STATEMENT_EXECUTE|[681]
11:31:48.151 (442433517)|STATEMENT_EXECUTE|[684]
11:31:48.151 (442436025)|METHOD_EXIT|[635]|01pg80000019iSf|TriggerHandler.getHandlerName()
11:31:48.151 (442440781)|VARIABLE_SCOPE_BEGIN|[635]|handlerName|String|false|false
11:31:48.151 (442448779)|VARIABLE_ASSIGNMENT|[635]|handlerName|"OrderHandler"
11:31:48.151 (442462219)|STATEMENT_EXECUTE|[636]
11:31:48.151 (442463890)|STATEMENT_EXECUTE|[649]
11:31:48.151 (442466583)|METHOD_EXIT|[126]|01pg80000019iSf|TriggerHandler.incrementCheckLoopCount()
11:31:48.151 (442470754)|STATEMENT_EXECUTE|[126]
11:31:48.151 (442474106)|STATEMENT_EXECUTE|[130]
11:31:48.151 (442475333)|STATEMENT_EXECUTE|[135]
11:31:48.151 (442608141)|STATEMENT_EXECUTE|[148]
11:31:48.151 (442609557)|STATEMENT_EXECUTE|[149]
11:31:48.151 (442626248)|METHOD_ENTRY|[149]|01pg8000001LXzh|OrderHandler.afterUpdate()
11:31:48.151 (442643946)|VARIABLE_SCOPE_BEGIN|[20]|this|OrderHandler|true|false
11:31:48.151 (442664460)|VARIABLE_ASSIGNMENT|[20]|this|{"newRecords":"0x6bdd6d73","newRecordsMap":"0x5605d21b","oldRecords":"0x9399162","oldRecordsMap":"0x5554b30","handlerName":"OrderHandler","isTriggerExecuting":true,"triggerEvent":"0x4a4bf7a5"}|0x1515ac17
11:31:48.151 (442671944)|STATEMENT_EXECUTE|[20]
11:31:48.151 (442673270)|STATEMENT_EXECUTE|[21]
11:31:48.151 (442680940)|METHOD_ENTRY|[21]|01pg8000001LXzh|OrderHandler.checkActiveOrder()
11:31:48.151 (442691053)|VARIABLE_SCOPE_BEGIN|[30]|this|OrderHandler|true|false
11:31:48.151 (442708008)|VARIABLE_ASSIGNMENT|[30]|this|{"newRecords":"0x6bdd6d73","newRecordsMap":"0x5605d21b","oldRecords":"0x9399162","oldRecordsMap":"0x5554b30","handlerName":"OrderHandler","isTriggerExecuting":true,"triggerEvent":"0x4a4bf7a5"}|0x1515ac17
11:31:48.151 (442715088)|STATEMENT_EXECUTE|[30]
11:31:48.151 (442716634)|STATEMENT_EXECUTE|[31]
11:31:48.151 (442720136)|VARIABLE_SCOPE_BEGIN|[31]|listaParaValidar|List<Order>|true|false
11:31:48.151 (442726968)|VARIABLE_ASSIGNMENT|[31]|listaParaValidar|null|
11:31:48.151 (442736599)|STATEMENT_EXECUTE|[35]
11:31:48.151 (442737989)|STATEMENT_EXECUTE|[36]
11:31:48.151 (443487653)|VARIABLE_ASSIGNMENT|[36]|listaParaValidar|[{"Status":"Draft","LastModifiedDate":"2026-04-30T14:31:49.000Z","Country__c":"a03g8000004x8aeAAA","IsDeleted":false,"AccountId":"001g800000DSnO5AAL","FreightType__c":"CIF","OrderNumber":"00000134","TotalAmount":2460541.90,"StatusCode":"Draft","PaymentCondition__c":"a07g8000004MONnAAO","IsReductionOrder":false,"SystemModstamp":"2026-04-30T14:31:49.000Z","City__c":"a05g8000001KAc9AAG","OwnerId":"005g80000010N45AAE","CreatedById":"005g80000010N45AAE","DistributionCenter__c":"a06g8000000wkLpAAI","CreatedDate":"2026-04-30T14:31:48.000Z","Pricebook2Id":"01sg80000015mKTAAY","ExternalId__c":"order002","Id":"801g800000DSnO6AAL","LastModifiedById":"005g80000010N45AAE","State__c":"a04g8000000QmaTAAS","EffectiveDate":"2026-04-27T00:00:00.000Z"}]|0x6bdd6d73
11:31:48.151 (443547325)|HEAP_ALLOCATE|[40]|Bytes:5
11:31:48.151 (443581285)|VARIABLE_SCOPE_BEGIN|[40]|pedido|Order|true|false
11:31:48.151 (444078991)|VARIABLE_ASSIGNMENT|[40]|pedido|{"Status":"Draft","LastModifiedDate":"2026-04-30T14:31:49.000Z","Country__c":"a03g8000004x8aeAAA","IsDeleted":false,"AccountId":"001g800000DSnO5AAL","FreightType__c":"CIF","OrderNumber":"00000134","TotalAmount":2460541.90,"StatusCode":"Draft","PaymentCondition__c":"a07g8000004MONnAAO","IsReductionOrder":false,"SystemModstamp":"2026-04-30T14:31:49.000Z","City__c":"a05g8000001KAc9AAG","OwnerId":"005g80000010N45AAE","CreatedById":"005g80000010N45AAE","DistributionCenter__c":"a06g8000000wkLpAAI","CreatedDate":"2026-04-30T14:31:48.000Z","Pricebook2Id":"01sg80000015mKTAAY","ExternalId__c":"order002","Id":"801g800000DSnO6AAL","LastModifiedById":"005g80000010N45AAE","State__c":"a04g8000000QmaTAAS","EffectiveDate":"2026-04-27T00:00:00.000Z"}|0x7d8e87a1
11:31:48.151 (444094169)|STATEMENT_EXECUTE|[40]
11:31:48.151 (444096133)|STATEMENT_EXECUTE|[42]
11:31:48.151 (444126043)|VARIABLE_SCOPE_BEGIN|[42]|pedidoAntigo|Order|true|false
11:31:48.151 (444468569)|VARIABLE_ASSIGNMENT|[42]|pedidoAntigo|{"Status":"Draft","LastModifiedDate":"2026-04-30T14:31:48.000Z","Country__c":"a03g8000004x8aeAAA","IsDeleted":false,"AccountId":"001g800000DSnO5AAL","FreightType__c":"CIF","OrderNumber":"00000134","TotalAmount":0.00,"StatusCode":"Draft","PaymentCondition__c":"a07g8000004MONnAAO","IsReductionOrder":false,"SystemModstamp":"2026-04-30T14:31:48.000Z","City__c":"a05g8000001KAc9AAG","OwnerId":"005g80000010N45AAE","CreatedById":"005g80000010N45AAE","DistributionCenter__c":"a06g8000000wkLpAAI","CreatedDate":"2026-04-30T14:31:48.000Z","Pricebook2Id":"01sg80000015mKTAAY","ExternalId__c":"order002","Id":"801g800000DSnO6AAL","LastModifiedById":"005g80000010N45AAE","State__c":"a04g8000000QmaTAAS","EffectiveDate":"2026-04-27T00:00:00.000Z"}|0x3879bbf3
11:31:48.151 (444477535)|STATEMENT_EXECUTE|[45]
11:31:48.151 (444483651)|VARIABLE_SCOPE_BEGIN|[45]|validacaoStatus|String|false|false
11:31:48.151 (444488924)|VARIABLE_ASSIGNMENT|[45]|validacaoStatus|"Draft"
11:31:48.151 (444500703)|HEAP_ALLOCATE|[40]|Bytes:5
11:31:48.151 (444510981)|VARIABLE_ASSIGNMENT|[40]|pedido|null|
11:31:48.151 (444520464)|METHOD_EXIT|[21]|01pg8000001LXzh|OrderHandler.checkActiveOrder()
11:31:48.151 (444523864)|STATEMENT_EXECUTE|[22]
11:31:48.151 (444532631)|METHOD_ENTRY|[22]|01pg8000001LXzh|OrderHandler.itemsRecalculation()
11:31:48.151 (444572877)|VARIABLE_SCOPE_BEGIN|[54]|this|OrderHandler|true|false
11:31:48.151 (444604782)|VARIABLE_ASSIGNMENT|[54]|this|{"newRecords":"0x6bdd6d73","newRecordsMap":"0x5605d21b","oldRecords":"0x9399162","oldRecordsMap":"0x5554b30","handlerName":"OrderHandler","isTriggerExecuting":true,"triggerEvent":"0x4a4bf7a5"}|0x1515ac17
11:31:48.151 (444611254)|STATEMENT_EXECUTE|[54]
11:31:48.151 (444612087)|STATEMENT_EXECUTE|[55]
11:31:48.151 (444626988)|HEAP_ALLOCATE|[55]|Bytes:4
11:31:48.151 (444658260)|VARIABLE_SCOPE_BEGIN|[55]|ordersToRecalculate|Set<Id>|true|false
11:31:48.151 (444684456)|VARIABLE_ASSIGNMENT|[55]|ordersToRecalculate|[]|0xae42208
11:31:48.151 (444714546)|HEAP_ALLOCATE|[57]|Bytes:5
11:31:48.151 (444725138)|VARIABLE_SCOPE_BEGIN|[57]|pedido|Order|true|false
11:31:48.151 (445109372)|VARIABLE_ASSIGNMENT|[57]|pedido|{"Status":"Draft","LastModifiedDate":"2026-04-30T14:31:49.000Z","Country__c":"a03g8000004x8aeAAA","IsDeleted":false,"AccountId":"001g800000DSnO5AAL","FreightType__c":"CIF","OrderNumber":"00000134","TotalAmount":2460541.90,"StatusCode":"Draft","PaymentCondition__c":"a07g8000004MONnAAO","IsReductionOrder":false,"SystemModstamp":"2026-04-30T14:31:49.000Z","City__c":"a05g8000001KAc9AAG","OwnerId":"005g80000010N45AAE","CreatedById":"005g80000010N45AAE","DistributionCenter__c":"a06g8000000wkLpAAI","CreatedDate":"2026-04-30T14:31:48.000Z","Pricebook2Id":"01sg80000015mKTAAY","ExternalId__c":"order002","Id":"801g800000DSnO6AAL","LastModifiedById":"005g80000010N45AAE","State__c":"a04g8000000QmaTAAS","EffectiveDate":"2026-04-27T00:00:00.000Z"}|0x7d8e87a1
11:31:48.151 (445120392)|STATEMENT_EXECUTE|[57]
11:31:48.151 (445121396)|STATEMENT_EXECUTE|[58]
11:31:48.151 (445147642)|VARIABLE_SCOPE_BEGIN|[58]|pedidoAntigo|Order|true|false
11:31:48.151 (445477653)|VARIABLE_ASSIGNMENT|[58]|pedidoAntigo|{"Status":"Draft","LastModifiedDate":"2026-04-30T14:31:48.000Z","Country__c":"a03g8000004x8aeAAA","IsDeleted":false,"AccountId":"001g800000DSnO5AAL","FreightType__c":"CIF","OrderNumber":"00000134","TotalAmount":0.00,"StatusCode":"Draft","PaymentCondition__c":"a07g8000004MONnAAO","IsReductionOrder":false,"SystemModstamp":"2026-04-30T14:31:48.000Z","City__c":"a05g8000001KAc9AAG","OwnerId":"005g80000010N45AAE","CreatedById":"005g80000010N45AAE","DistributionCenter__c":"a06g8000000wkLpAAI","CreatedDate":"2026-04-30T14:31:48.000Z","Pricebook2Id":"01sg80000015mKTAAY","ExternalId__c":"order002","Id":"801g800000DSnO6AAL","LastModifiedById":"005g80000010N45AAE","State__c":"a04g8000000QmaTAAS","EffectiveDate":"2026-04-27T00:00:00.000Z"}|0x3879bbf3
11:31:48.151 (445553848)|STATEMENT_EXECUTE|[60]
11:31:48.151 (445560171)|HEAP_ALLOCATE|[57]|Bytes:5
11:31:48.151 (445568099)|VARIABLE_ASSIGNMENT|[57]|pedido|null|
11:31:48.151 (445582663)|STATEMENT_EXECUTE|[67]
11:31:48.151 (445586451)|METHOD_EXIT|[22]|01pg8000001LXzh|OrderHandler.itemsRecalculation()
11:31:48.151 (445590866)|METHOD_EXIT|[149]|01pg8000001LXzh|OrderHandler.afterUpdate()
11:31:48.151 (445593583)|STATEMENT_EXECUTE|[158]
11:31:48.151 (445598263)|METHOD_ENTRY|[158]|01pg80000019iSf|TriggerHandler.andFinally()
11:31:48.151 (445611559)|VARIABLE_SCOPE_BEGIN|[746]|this|TriggerHandler|true|false
11:31:48.151 (445639213)|VARIABLE_ASSIGNMENT|[746]|this|{"newRecords":"0x6bdd6d73","newRecordsMap":"0x5605d21b","oldRecords":"0x9399162","oldRecordsMap":"0x5554b30","handlerName":"OrderHandler","isTriggerExecuting":true,"triggerEvent":"0x4a4bf7a5"}|0x1515ac17
11:31:48.151 (445644789)|STATEMENT_EXECUTE|[746]
11:31:48.151 (445646868)|METHOD_EXIT|[158]|01pg80000019iSf|TriggerHandler.andFinally()
11:31:48.151 (445650545)|STATEMENT_EXECUTE|[160]
11:31:48.151 (445652477)|STATEMENT_EXECUTE|[176]
11:31:48.151 (445654922)|METHOD_EXIT|[2]|01pg80000019iSf|TriggerHandler.run()
11:31:48.445 (445666378)|CUMULATIVE_LIMIT_USAGE
11:31:48.445 (445666378)|LIMIT_USAGE_FOR_NS|(default)|
  Number of SOQL queries: 8 out of 100
  Number of query rows: 26 out of 50000
  Number of SOSL queries: 0 out of 20
  Number of DML statements: 0 out of 150
  Number of Publish Immediate DML: 0 out of 150
  Number of DML rows: 0 out of 10000
  Maximum CPU time: 0 out of 10000
  Maximum heap size: 0 out of 6000000
  Number of callouts: 0 out of 100
  Number of Email Invocations: 0 out of 10
  Number of future calls: 0 out of 50
  Number of queueable jobs added to the queue: 0 out of 50
  Number of Mobile Apex push calls: 0 out of 10

11:31:48.445 (445666378)|CUMULATIVE_LIMIT_USAGE_END

11:31:48.151 (445877083)|CODE_UNIT_FINISHED|OrderTrigger on Order trigger event AfterUpdate|__sfdc_trigger/OrderTrigger
11:31:48.151 (508941113)|CODE_UNIT_FINISHED|TRIGGERS
11:31:48.151 (508973481)|EXECUTION_FINISHED
