66.0 APEX_CODE,FINEST;APEX_PROFILING,INFO;CALLOUT,INFO;DATA_ACCESS,INFO;DB,INFO;NBA,INFO;SYSTEM,DEBUG;VALIDATION,INFO;VISUALFORCE,INFO;WAVE,INFO;WORKFLOW,INFO
11:42:23.1 (1293343)|USER_INFO|[EXTERNAL]|005g80000010N45|sabrina.jesus@resourceful-moose-fmmd11.com|(GMT-03:00) Brasilia Standard Time (America/Sao_Paulo)|GMT-03:00
11:42:23.1 (1359569)|EXECUTION_STARTED
11:42:23.1 (1379923)|CODE_UNIT_STARTED|[EXTERNAL]|TRIGGERS
11:42:23.1 (1410463)|CODE_UNIT_STARTED|[EXTERNAL]|01qg8000000Fou9|OrdemItemTrigger on OrderItem trigger event BeforeInsert|__sfdc_trigger/OrdemItemTrigger
11:42:23.1 (1471266)|HEAP_ALLOCATE|[EXTERNAL]|Bytes:24
11:42:23.1 (2138421)|HEAP_ALLOCATE|[95]|Bytes:3
11:42:23.1 (2187946)|HEAP_ALLOCATE|[100]|Bytes:152
11:42:23.1 (2201039)|HEAP_ALLOCATE|[417]|Bytes:408
11:42:23.1 (2211392)|HEAP_ALLOCATE|[430]|Bytes:408
11:42:23.1 (2229374)|HEAP_ALLOCATE|[317]|Bytes:6
11:42:23.1 (2252970)|HEAP_ALLOCATE|[EXTERNAL]|Bytes:4
11:42:23.1 (2270649)|VARIABLE_SCOPE_BEGIN|[1]|this|OrdemItemTrigger|true|false
11:42:23.1 (2379258)|VARIABLE_ASSIGNMENT|[1]|this|{}|0x336aff43
11:42:23.1 (2432307)|HEAP_ALLOCATE|[EXTERNAL]|Bytes:4
11:42:23.1 (2436664)|VARIABLE_SCOPE_BEGIN|[1]|this|OrdemItemTrigger|true|false
11:42:23.1 (2444300)|VARIABLE_ASSIGNMENT|[1]|this|{}|0x336aff43
11:42:23.1 (2454129)|STATEMENT_EXECUTE|[1]
11:42:23.1 (2455049)|STATEMENT_EXECUTE|[2]
11:42:23.1 (19714617)|VARIABLE_SCOPE_BEGIN|[63]|TriggerHandler.BYPASS_ALL_ALIAS|String|false|true
11:42:23.1 (19733745)|VARIABLE_SCOPE_BEGIN|[839]|TriggerHandler.ERROR_TRIGGERCONTEXT|String|false|true
11:42:23.1 (19773976)|VARIABLE_SCOPE_BEGIN|[26]|TriggerHandler.bypassedHandlers|Set<String>|true|true
11:42:23.1 (19784019)|VARIABLE_SCOPE_BEGIN|[32]|TriggerHandler.globalBypass|Boolean|false|true
11:42:23.1 (19942605)|VARIABLE_SCOPE_BEGIN|[20]|TriggerHandler.loopCountMap|Map<String,TriggerHandler.LoopCount>|true|true
11:42:23.1 (19948071)|VARIABLE_SCOPE_BEGIN|[44]|TriggerHandler.showDebug|Boolean|false|true
11:42:23.1 (19951650)|VARIABLE_SCOPE_BEGIN|[38]|TriggerHandler.showLimits|Boolean|false|true
11:42:23.1 (19973686)|HEAP_ALLOCATE|[2]|Bytes:22
11:42:23.1 (19983519)|HEAP_ALLOCATE|[2]|Bytes:26
11:42:23.1 (20021315)|METHOD_ENTRY|[1]|01pg8000001EZwd|OrdemItemHandler.OrdemItemHandler()
11:42:23.1 (20027646)|STATEMENT_EXECUTE|[1]
11:42:23.1 (20035351)|STATEMENT_EXECUTE|[1]
11:42:23.1 (20044876)|METHOD_EXIT|[1]|OrdemItemHandler
11:42:23.1 (20150486)|HEAP_ALLOCATE|[2]|Bytes:32
11:42:23.1 (20182346)|CONSTRUCTOR_ENTRY|[2]|01pg8000001EZwd|<init>()|OrdemItemHandler
11:42:23.1 (20235511)|VARIABLE_SCOPE_BEGIN|[10]|this|OrdemItemHandler|true|false
11:42:23.1 (20367033)|VARIABLE_ASSIGNMENT|[10]|this|{}|0x784438af
11:42:23.1 (20372745)|STATEMENT_EXECUTE|[1]
11:42:23.1 (20373629)|STATEMENT_EXECUTE|[4]
11:42:23.1 (20374980)|STATEMENT_EXECUTE|[5]
11:42:23.1 (20375940)|STATEMENT_EXECUTE|[6]
11:42:23.1 (20377017)|STATEMENT_EXECUTE|[7]
11:42:23.1 (20377845)|STATEMENT_EXECUTE|[11]
11:42:23.1 (20381516)|HEAP_ALLOCATE|[11]|Bytes:16
11:42:23.1 (20389228)|HEAP_ALLOCATE|[11]|Bytes:33
11:42:23.1 (20394789)|HEAP_ALLOCATE|[11]|Bytes:166
11:42:23.1 (20397302)|HEAP_ALLOCATE|[11]|Bytes:55
11:42:23.1 (20399169)|HEAP_ALLOCATE|[11]|Bytes:9
11:42:23.1 (20423673)|VARIABLE_ASSIGNMENT|[11]|TriggerHandler.BYPASS_ALL_ALIAS|"BypassAll"
11:42:23.1 (20426720)|HEAP_ALLOCATE|[11]|Bytes:51
11:42:23.1 (20431431)|VARIABLE_ASSIGNMENT|[11]|TriggerHandler.ERROR_TRIGGERCONTEXT|"Trigger handler call (31 more) ..."
11:42:23.1 (20444219)|METHOD_ENTRY|[15]|01pg80000019iSf|TriggerHandler.TriggerHandler()
11:42:23.1 (20446417)|STATEMENT_EXECUTE|[15]
11:42:23.1 (20448165)|STATEMENT_EXECUTE|[15]
11:42:23.1 (20449170)|STATEMENT_EXECUTE|[66]
11:42:23.1 (20449885)|STATEMENT_EXECUTE|[67]
11:42:23.1 (20462108)|HEAP_ALLOCATE|[67]|Bytes:4
11:42:23.1 (20503045)|VARIABLE_ASSIGNMENT|[67]|TriggerHandler.loopCountMap|{}|0x5abca6b
11:42:23.1 (20506382)|STATEMENT_EXECUTE|[68]
11:42:23.1 (20512737)|HEAP_ALLOCATE|[68]|Bytes:4
11:42:23.1 (20577592)|VARIABLE_ASSIGNMENT|[68]|TriggerHandler.bypassedHandlers|[]|0x5c730b31
11:42:23.1 (20581393)|STATEMENT_EXECUTE|[69]
11:42:23.1 (20597995)|HEAP_ALLOCATE|[68]|Bytes:5
11:42:23.1 (20617983)|HEAP_ALLOCATE|[74]|Bytes:5
11:42:23.1 (20623953)|HEAP_ALLOCATE|[82]|Bytes:7
11:42:23.1 (21026267)|HEAP_ALLOCATE|[69]|Bytes:5
11:42:23.1 (21036544)|VARIABLE_ASSIGNMENT|[69]|TriggerHandler.globalBypass|false
11:42:23.1 (21039272)|STATEMENT_EXECUTE|[70]
11:42:23.1 (21042676)|HEAP_ALLOCATE|[70]|Bytes:5
11:42:23.1 (21046891)|VARIABLE_ASSIGNMENT|[70]|TriggerHandler.showLimits|false
11:42:23.1 (21049105)|STATEMENT_EXECUTE|[71]
11:42:23.1 (21050825)|HEAP_ALLOCATE|[71]|Bytes:5
11:42:23.1 (21053852)|VARIABLE_ASSIGNMENT|[71]|TriggerHandler.showDebug|false
11:42:23.1 (21055981)|STATEMENT_EXECUTE|[755]
11:42:23.1 (21057115)|STATEMENT_EXECUTE|[832]
11:42:23.1 (21061955)|METHOD_EXIT|[15]|TriggerHandler
11:42:23.1 (21068972)|CONSTRUCTOR_ENTRY|[11]|01pg80000019iSf|<init>(String)|TriggerHandler
11:42:23.1 (21163726)|VARIABLE_SCOPE_BEGIN|[107]|this|TriggerHandler|true|false
11:42:23.1 (21187562)|VARIABLE_ASSIGNMENT|[107]|this|{}|0x784438af
11:42:23.1 (21190852)|VARIABLE_SCOPE_BEGIN|[107]|handlerName|String|false|false
11:42:23.1 (21197259)|VARIABLE_ASSIGNMENT|[107]|handlerName|"OrderItemHandler"
11:42:23.1 (21200439)|STATEMENT_EXECUTE|[15]
11:42:23.1 (21201244)|STATEMENT_EXECUTE|[50]
11:42:23.1 (21202116)|STATEMENT_EXECUTE|[57]
11:42:23.1 (21202984)|STATEMENT_EXECUTE|[671]
11:42:23.1 (21207765)|HEAP_ALLOCATE|[108]|Bytes:6
11:42:23.1 (22629343)|STATEMENT_EXECUTE|[107]
11:42:23.1 (22632129)|STATEMENT_EXECUTE|[108]
11:42:23.1 (22643898)|STATEMENT_EXECUTE|[109]
11:42:23.1 (22682747)|METHOD_ENTRY|[109]|01pg80000019iSf|TriggerHandler.setTriggerContext()
11:42:23.1 (22720311)|VARIABLE_SCOPE_BEGIN|[565]|this|TriggerHandler|true|false
11:42:23.1 (22761879)|VARIABLE_ASSIGNMENT|[565]|this|{"handlerName":"OrderItemHandler"}|0x784438af
11:42:23.1 (22768887)|STATEMENT_EXECUTE|[565]
11:42:23.1 (22769689)|STATEMENT_EXECUTE|[566]
11:42:23.1 (22878903)|HEAP_ALLOCATE|[566]|Bytes:16
11:42:23.1 (22898548)|METHOD_ENTRY|[566]|01pg80000019iSf|TriggerHandler.setTriggerContext(System.TriggerOperation, Boolean)
11:42:23.1 (22902277)|VARIABLE_SCOPE_BEGIN|[582]|this|TriggerHandler|true|false
11:42:23.1 (22912932)|VARIABLE_ASSIGNMENT|[582]|this|{"handlerName":"OrderItemHandler"}|0x784438af
11:42:23.1 (22917205)|VARIABLE_SCOPE_BEGIN|[582]|opType|System.TriggerOperation|true|false
11:42:23.1 (22940617)|VARIABLE_ASSIGNMENT|[582]|opType|"BEFORE_INSERT"|0x75360a1b
11:42:23.1 (22949242)|VARIABLE_SCOPE_BEGIN|[582]|testMode|Boolean|false|false
11:42:23.1 (22954275)|VARIABLE_ASSIGNMENT|[582]|testMode|false
11:42:23.1 (22957938)|STATEMENT_EXECUTE|[582]
11:42:23.1 (22971159)|STATEMENT_EXECUTE|[586]
11:42:23.1 (22972021)|STATEMENT_EXECUTE|[587]
11:42:23.1 (22975040)|HEAP_ALLOCATE|[587]|Bytes:5
11:42:23.1 (22981061)|STATEMENT_EXECUTE|[590]
11:42:23.1 (22981832)|STATEMENT_EXECUTE|[592]
11:42:23.1 (22997737)|HEAP_ALLOCATE|[592]|Bytes:16
11:42:23.1 (23002860)|STATEMENT_EXECUTE|[595]
11:42:23.1 (23018588)|VARIABLE_SCOPE_BEGIN|[595]|context|String|false|false
11:42:23.1 (23026148)|VARIABLE_ASSIGNMENT|[595]|context|"BEFORE_INSERT"
11:42:23.1 (23028288)|STATEMENT_EXECUTE|[597]
11:42:23.1 (23031004)|HEAP_ALLOCATE|[598]|Bytes:13
11:42:23.1 (23078035)|STATEMENT_EXECUTE|[598]
11:42:23.1 (23078836)|STATEMENT_EXECUTE|[599]
11:42:23.1 (23086020)|METHOD_EXIT|[566]|01pg80000019iSf|TriggerHandler.setTriggerContext(System.TriggerOperation, Boolean)
11:42:23.1 (23089337)|METHOD_EXIT|[109]|01pg80000019iSf|TriggerHandler.setTriggerContext()
11:42:23.1 (23095033)|CONSTRUCTOR_EXIT|[11]|01pg80000019iSf|<init>(String)|TriggerHandler
11:42:23.1 (23098208)|STATEMENT_EXECUTE|[10]
11:42:23.1 (23099354)|STATEMENT_EXECUTE|[12]
11:42:23.1 (26047077)|VARIABLE_ASSIGNMENT|[12]|this.newRecords|[{"IsDeleted":false,"UnitPrice":1350000.00,"Product2Id":"01tg8000001BArVAAW","PricebookEntryId":"01ug8000000XnbRAAS","TotalPrice":1350000.00,"Quantity":1.00,"ListPrice":1350000.00,"OrderId":"801g8000007E9NdAAK"},{"IsDeleted":false,"UnitPrice":19500.00,"Product2Id":"01tg8000001BArcAAG","PricebookEntryId":"01ug8000000XoZ7AAK","TotalPrice":19500.00,"Quantity":1.00,"ListPrice":19500.00,"OrderId":"801g8000007E9NdAAK"},{"IsDeleted":false,"UnitPrice":1280000.00,"Product2Id":"01tg8000001BArWAAW","PricebookEntryId":"01ug8000000XnjVAAS","TotalPrice":1280000.00,"Quantity":1.00,"ListPrice":1280000.00,"OrderId":"801g8000007DOjhAAG"},{"IsDeleted":false,"UnitPrice":2800.00,"Product2Id":"01tg8000001BArdAAG","PricebookEntryId":"01ug8000000XmilAAC","TotalPrice":28000.00,"Quantity":10.00,"ListPrice":2800.00,"OrderId":"801g8000007DOjhAAG"},{"IsDeleted":false,"UnitPrice":1280000.00,"Product2Id":"01tg8000001BArWAAW","PricebookEntryId":"01ug8000000XnjVAAS","TotalPrice":1280000.00,"Quantity":1.00,"ListPrice":1280000.00,"OrderId":"801g8000007DgjnAAC"}]|0x784438af
11:42:23.1 (26075668)|STATEMENT_EXECUTE|[13]
11:42:23.1 (26114045)|VARIABLE_ASSIGNMENT|[13]|this.oldRecords|null|0x784438af
11:42:23.1 (26118735)|STATEMENT_EXECUTE|[14]
11:42:23.1 (26132475)|VARIABLE_ASSIGNMENT|[14]|this.newRecordsMap|null|0x784438af
11:42:23.1 (26136327)|STATEMENT_EXECUTE|[15]
11:42:23.1 (26144344)|VARIABLE_ASSIGNMENT|[15]|this.oldRecordsMap|null|0x784438af
11:42:23.1 (26155647)|CONSTRUCTOR_EXIT|[2]|01pg8000001EZwd|<init>()|OrdemItemHandler
11:42:23.1 (26193708)|METHOD_ENTRY|[2]|01pg80000019iSf|TriggerHandler.run()
11:42:23.1 (26202745)|VARIABLE_SCOPE_BEGIN|[120]|this|TriggerHandler|true|false
11:42:23.1 (26245897)|VARIABLE_ASSIGNMENT|[120]|this|{"newRecords":"0xe61dff7","handlerName":"OrderItemHandler","isTriggerExecuting":true,"triggerEvent":"0x75360a1b"}|0x784438af
11:42:23.1 (26253104)|STATEMENT_EXECUTE|[120]
11:42:23.1 (26258434)|METHOD_ENTRY|[121]|01pg80000019iSf|TriggerHandler.validateRun()
11:42:23.1 (26279503)|VARIABLE_SCOPE_BEGIN|[661]|this|TriggerHandler|true|false
11:42:23.1 (26294051)|VARIABLE_ASSIGNMENT|[661]|this|{"newRecords":"0xe61dff7","handlerName":"OrderItemHandler","isTriggerExecuting":true,"triggerEvent":"0x75360a1b"}|0x784438af
11:42:23.1 (26299309)|STATEMENT_EXECUTE|[661]
11:42:23.1 (26308831)|STATEMENT_EXECUTE|[662]
11:42:23.1 (26310105)|STATEMENT_EXECUTE|[665]
11:42:23.1 (26319863)|METHOD_ENTRY|[665]|01pg80000019iSf|TriggerHandler.getHandlerName()
11:42:23.1 (26328151)|VARIABLE_SCOPE_BEGIN|[680]|this|TriggerHandler|true|false
11:42:23.1 (26340566)|VARIABLE_ASSIGNMENT|[680]|this|{"newRecords":"0xe61dff7","handlerName":"OrderItemHandler","isTriggerExecuting":true,"triggerEvent":"0x75360a1b"}|0x784438af
11:42:23.1 (26345396)|STATEMENT_EXECUTE|[680]
11:42:23.1 (26387163)|STATEMENT_EXECUTE|[681]
11:42:23.1 (26388312)|STATEMENT_EXECUTE|[684]
11:42:23.1 (26393114)|METHOD_EXIT|[665]|01pg80000019iSf|TriggerHandler.getHandlerName()
11:42:23.1 (26419111)|METHOD_EXIT|[121]|01pg80000019iSf|TriggerHandler.validateRun()
11:42:23.1 (26423685)|STATEMENT_EXECUTE|[121]
11:42:23.1 (26426981)|METHOD_ENTRY|[126]|01pg80000019iSf|TriggerHandler.incrementCheckLoopCount()
11:42:23.1 (26435004)|VARIABLE_SCOPE_BEGIN|[634]|this|TriggerHandler|true|false
11:42:23.1 (26448627)|VARIABLE_ASSIGNMENT|[634]|this|{"newRecords":"0xe61dff7","handlerName":"OrderItemHandler","isTriggerExecuting":true,"triggerEvent":"0x75360a1b"}|0x784438af
11:42:23.1 (26454293)|STATEMENT_EXECUTE|[634]
11:42:23.1 (26455399)|STATEMENT_EXECUTE|[635]
11:42:23.1 (26458948)|METHOD_ENTRY|[635]|01pg80000019iSf|TriggerHandler.getHandlerName()
11:42:23.1 (26464584)|VARIABLE_SCOPE_BEGIN|[680]|this|TriggerHandler|true|false
11:42:23.1 (26477087)|VARIABLE_ASSIGNMENT|[680]|this|{"newRecords":"0xe61dff7","handlerName":"OrderItemHandler","isTriggerExecuting":true,"triggerEvent":"0x75360a1b"}|0x784438af
11:42:23.1 (26481097)|STATEMENT_EXECUTE|[680]
11:42:23.1 (26490723)|STATEMENT_EXECUTE|[681]
11:42:23.1 (26491847)|STATEMENT_EXECUTE|[684]
11:42:23.1 (26494318)|METHOD_EXIT|[635]|01pg80000019iSf|TriggerHandler.getHandlerName()
11:42:23.1 (26498154)|VARIABLE_SCOPE_BEGIN|[635]|handlerName|String|false|false
11:42:23.1 (26506892)|VARIABLE_ASSIGNMENT|[635]|handlerName|"OrderItemHandler"
11:42:23.1 (26541517)|STATEMENT_EXECUTE|[636]
11:42:23.1 (26542616)|STATEMENT_EXECUTE|[649]
11:42:23.1 (26545686)|METHOD_EXIT|[126]|01pg80000019iSf|TriggerHandler.incrementCheckLoopCount()
11:42:23.1 (26549771)|STATEMENT_EXECUTE|[126]
11:42:23.1 (26552710)|STATEMENT_EXECUTE|[130]
11:42:23.1 (26553789)|STATEMENT_EXECUTE|[135]
11:42:23.1 (26603576)|STATEMENT_EXECUTE|[136]
11:42:23.1 (26604995)|STATEMENT_EXECUTE|[137]
11:42:23.1 (26614678)|METHOD_ENTRY|[137]|01pg8000001EZwd|OrdemItemHandler.beforeInsert()
11:42:23.1 (26629653)|VARIABLE_SCOPE_BEGIN|[22]|this|OrdemItemHandler|true|false
11:42:23.1 (26676834)|VARIABLE_ASSIGNMENT|[22]|this|{"newRecords":"0xe61dff7","handlerName":"OrderItemHandler","isTriggerExecuting":true,"triggerEvent":"0x75360a1b"}|0x784438af
11:42:23.1 (26682567)|STATEMENT_EXECUTE|[22]
11:42:23.1 (26683785)|STATEMENT_EXECUTE|[23]
11:42:23.1 (26688587)|METHOD_ENTRY|[23]|01pg8000001EZwd|OrdemItemHandler.checkActiveOrderItem()
11:42:23.1 (26698649)|VARIABLE_SCOPE_BEGIN|[226]|this|OrdemItemHandler|true|false
11:42:23.1 (26711102)|VARIABLE_ASSIGNMENT|[226]|this|{"newRecords":"0xe61dff7","handlerName":"OrderItemHandler","isTriggerExecuting":true,"triggerEvent":"0x75360a1b"}|0x784438af
11:42:23.1 (26716328)|STATEMENT_EXECUTE|[226]
11:42:23.1 (26717568)|STATEMENT_EXECUTE|[227]
11:42:23.1 (26723272)|VARIABLE_SCOPE_BEGIN|[227]|listaParaValidar|List<OrderItem>|true|false
11:42:23.1 (26730686)|VARIABLE_ASSIGNMENT|[227]|listaParaValidar|null|
11:42:23.1 (26745365)|STATEMENT_EXECUTE|[228]
11:42:23.1 (26764363)|HEAP_ALLOCATE|[228]|Bytes:4
11:42:23.1 (26789776)|VARIABLE_SCOPE_BEGIN|[228]|idOrders|Set<Id>|true|false
11:42:23.1 (26820898)|VARIABLE_ASSIGNMENT|[228]|idOrders|[]|0x1d867104
11:42:23.1 (26824999)|STATEMENT_EXECUTE|[229]
11:42:23.1 (26893267)|HEAP_ALLOCATE|[229]|Bytes:4
11:42:23.1 (26925176)|VARIABLE_SCOPE_BEGIN|[229]|idMapOrders|Map<Id,Order>|true|false
11:42:23.1 (26938490)|VARIABLE_ASSIGNMENT|[229]|idMapOrders|{}|0x22070ebf
11:42:23.1 (26952731)|STATEMENT_EXECUTE|[233]
11:42:23.1 (26954136)|STATEMENT_EXECUTE|[234]
11:42:23.1 (28968526)|VARIABLE_ASSIGNMENT|[234]|listaParaValidar|[{"IsDeleted":false,"UnitPrice":1350000.00,"Product2Id":"01tg8000001BArVAAW","PricebookEntryId":"01ug8000000XnbRAAS","TotalPrice":1350000.00,"Quantity":1.00,"ListPrice":1350000.00,"OrderId":"801g8000007E9NdAAK"},{"IsDeleted":false,"UnitPrice":19500.00,"Product2Id":"01tg8000001BArcAAG","PricebookEntryId":"01ug8000000XoZ7AAK","TotalPrice":19500.00,"Quantity":1.00,"ListPrice":19500.00,"OrderId":"801g8000007E9NdAAK"},{"IsDeleted":false,"UnitPrice":1280000.00,"Product2Id":"01tg8000001BArWAAW","PricebookEntryId":"01ug8000000XnjVAAS","TotalPrice":1280000.00,"Quantity":1.00,"ListPrice":1280000.00,"OrderId":"801g8000007DOjhAAG"},{"IsDeleted":false,"UnitPrice":2800.00,"Product2Id":"01tg8000001BArdAAG","PricebookEntryId":"01ug8000000XmilAAC","TotalPrice":28000.00,"Quantity":10.00,"ListPrice":2800.00,"OrderId":"801g8000007DOjhAAG"},{"IsDeleted":false,"UnitPrice":1280000.00,"Product2Id":"01tg8000001BArWAAW","PricebookEntryId":"01ug8000000XnjVAAS","TotalPrice":1280000.00,"Quantity":1.00,"ListPrice":1280000.00,"OrderId":"801g8000007DgjnAAC"}]|0xe61dff7
11:42:23.1 (29155933)|HEAP_ALLOCATE|[237]|Bytes:5
11:42:23.1 (29199192)|HEAP_ALLOCATE|[237]|Bytes:4
11:42:23.1 (29207433)|VARIABLE_SCOPE_BEGIN|[237]|ot|OrderItem|true|false
11:42:23.1 (29564370)|VARIABLE_ASSIGNMENT|[237]|ot|{"IsDeleted":false,"UnitPrice":1350000.00,"Product2Id":"01tg8000001BArVAAW","PricebookEntryId":"01ug8000000XnbRAAS","TotalPrice":1350000.00,"Quantity":1.00,"ListPrice":1350000.00,"OrderId":"801g8000007E9NdAAK"}|0x3ce514e0
11:42:23.1 (29570062)|STATEMENT_EXECUTE|[237]
11:42:23.1 (29570999)|STATEMENT_EXECUTE|[238]
11:42:23.1 (29621881)|HEAP_ALLOCATE|[EXTERNAL]|Bytes:4
11:42:23.1 (29633037)|HEAP_ALLOCATE|[237]|Bytes:5
11:42:23.1 (29639071)|HEAP_ALLOCATE|[237]|Bytes:4
11:42:23.1 (29642751)|VARIABLE_SCOPE_BEGIN|[237]|ot|OrderItem|true|false
11:42:23.1 (29974351)|VARIABLE_ASSIGNMENT|[237]|ot|{"IsDeleted":false,"UnitPrice":19500.00,"Product2Id":"01tg8000001BArcAAG","PricebookEntryId":"01ug8000000XoZ7AAK","TotalPrice":19500.00,"Quantity":1.00,"ListPrice":19500.00,"OrderId":"801g8000007E9NdAAK"}|0x268d8735
11:42:23.1 (29978929)|STATEMENT_EXECUTE|[237]
11:42:23.1 (29979741)|STATEMENT_EXECUTE|[238]
11:42:23.1 (29986813)|HEAP_ALLOCATE|[EXTERNAL]|Bytes:4
11:42:23.1 (29993038)|HEAP_ALLOCATE|[237]|Bytes:5
11:42:23.1 (29997211)|HEAP_ALLOCATE|[237]|Bytes:4
11:42:23.1 (29999894)|VARIABLE_SCOPE_BEGIN|[237]|ot|OrderItem|true|false
11:42:23.1 (30318807)|VARIABLE_ASSIGNMENT|[237]|ot|{"IsDeleted":false,"UnitPrice":1280000.00,"Product2Id":"01tg8000001BArWAAW","PricebookEntryId":"01ug8000000XnjVAAS","TotalPrice":1280000.00,"Quantity":1.00,"ListPrice":1280000.00,"OrderId":"801g8000007DOjhAAG"}|0x725afdb4
11:42:23.1 (30323056)|STATEMENT_EXECUTE|[237]
11:42:23.1 (30323857)|STATEMENT_EXECUTE|[238]
11:42:23.1 (30328001)|HEAP_ALLOCATE|[EXTERNAL]|Bytes:4
11:42:23.1 (30334048)|HEAP_ALLOCATE|[237]|Bytes:5
11:42:23.1 (30337758)|HEAP_ALLOCATE|[237]|Bytes:4
11:42:23.1 (30340201)|VARIABLE_SCOPE_BEGIN|[237]|ot|OrderItem|true|false
11:42:23.1 (30657072)|VARIABLE_ASSIGNMENT|[237]|ot|{"IsDeleted":false,"UnitPrice":2800.00,"Product2Id":"01tg8000001BArdAAG","PricebookEntryId":"01ug8000000XmilAAC","TotalPrice":28000.00,"Quantity":10.00,"ListPrice":2800.00,"OrderId":"801g8000007DOjhAAG"}|0x4ae8c823
11:42:23.1 (30660806)|STATEMENT_EXECUTE|[237]
11:42:23.1 (30661690)|STATEMENT_EXECUTE|[238]
11:42:23.1 (30665561)|HEAP_ALLOCATE|[EXTERNAL]|Bytes:4
11:42:23.1 (30671151)|HEAP_ALLOCATE|[237]|Bytes:5
11:42:23.1 (30675234)|HEAP_ALLOCATE|[237]|Bytes:4
11:42:23.1 (30677732)|VARIABLE_SCOPE_BEGIN|[237]|ot|OrderItem|true|false
11:42:23.1 (31013514)|VARIABLE_ASSIGNMENT|[237]|ot|{"IsDeleted":false,"UnitPrice":1280000.00,"Product2Id":"01tg8000001BArWAAW","PricebookEntryId":"01ug8000000XnjVAAS","TotalPrice":1280000.00,"Quantity":1.00,"ListPrice":1280000.00,"OrderId":"801g8000007DgjnAAC"}|0x5e3e878a
11:42:23.1 (31018340)|STATEMENT_EXECUTE|[237]
11:42:23.1 (31019065)|STATEMENT_EXECUTE|[238]
11:42:23.1 (31024247)|HEAP_ALLOCATE|[EXTERNAL]|Bytes:4
11:42:23.1 (31030872)|HEAP_ALLOCATE|[237]|Bytes:5
11:42:23.1 (31036843)|VARIABLE_ASSIGNMENT|[237]|ot|null|
11:42:23.1 (31039868)|STATEMENT_EXECUTE|[241]
11:42:23.1 (31042227)|HEAP_ALLOCATE|[241]|Bytes:48
11:42:23.1 (31057119)|HEAP_ALLOCATE|[241]|Bytes:4
11:42:23.1 (31065833)|HEAP_ALLOCATE|[241]|Bytes:7
11:42:23.1 (31661019)|SOQL_EXECUTE_BEGIN|[241]|Aggregations:0|SELECT Id, Status FROM Order WHERE Id = :tmpVar1
11:42:23.1 (44024618)|SOQL_EXECUTE_END|[241]|Rows:3
11:42:23.1 (44058843)|HEAP_ALLOCATE|[241]|Bytes:16
11:42:23.1 (44073913)|HEAP_ALLOCATE|[241]|Bytes:132
11:42:23.1 (44140958)|HEAP_ALLOCATE|[241]|Bytes:16
11:42:23.1 (44160432)|VARIABLE_SCOPE_BEGIN|[241]|listOrder|List<Order>|true|false
11:42:23.1 (44253037)|VARIABLE_ASSIGNMENT|[241]|listOrder|[{"Status":"Draft","Id":"801g8000007DOjhAAG"},{"Status":"Draft","Id":"801g8000007DgjnAAC"},{"Status":"Draft","Id":"801g8000007E9NdAAK"}]|0xb47ef59
11:42:23.1 (44449597)|HEAP_ALLOCATE|[246]|Bytes:5
11:42:23.1 (44481209)|HEAP_ALLOCATE|[246]|Bytes:12
11:42:23.1 (44489804)|VARIABLE_SCOPE_BEGIN|[246]|o|Order|true|false
11:42:23.1 (44511565)|VARIABLE_ASSIGNMENT|[246]|o|{"Status":"Draft","Id":"801g8000007DOjhAAG"}|0x29c7592b
11:42:23.1 (44516849)|STATEMENT_EXECUTE|[246]
11:42:23.1 (44555560)|HEAP_ALLOCATE|[EXTERNAL]|Bytes:-4
11:42:23.1 (44564823)|HEAP_ALLOCATE|[246]|Bytes:5
11:42:23.1 (44569597)|HEAP_ALLOCATE|[246]|Bytes:12
11:42:23.1 (44572505)|VARIABLE_SCOPE_BEGIN|[246]|o|Order|true|false
11:42:23.1 (44584816)|VARIABLE_ASSIGNMENT|[246]|o|{"Status":"Draft","Id":"801g8000007DgjnAAC"}|0x10ede9f
11:42:23.1 (44587718)|STATEMENT_EXECUTE|[246]
11:42:23.1 (44593374)|HEAP_ALLOCATE|[EXTERNAL]|Bytes:-4
11:42:23.1 (44598682)|HEAP_ALLOCATE|[246]|Bytes:5
11:42:23.1 (44602682)|HEAP_ALLOCATE|[246]|Bytes:12
11:42:23.1 (44605079)|VARIABLE_SCOPE_BEGIN|[246]|o|Order|true|false
11:42:23.1 (44615868)|VARIABLE_ASSIGNMENT|[246]|o|{"Status":"Draft","Id":"801g8000007E9NdAAK"}|0x5a02c99c
11:42:23.1 (44618682)|STATEMENT_EXECUTE|[246]
11:42:23.1 (44622488)|HEAP_ALLOCATE|[EXTERNAL]|Bytes:-4
11:42:23.1 (44627219)|HEAP_ALLOCATE|[246]|Bytes:5
11:42:23.1 (44633082)|VARIABLE_ASSIGNMENT|[246]|o|null|
11:42:23.1 (44652188)|HEAP_ALLOCATE|[248]|Bytes:5
11:42:23.1 (44662230)|HEAP_ALLOCATE|[248]|Bytes:4
11:42:23.1 (44665101)|VARIABLE_SCOPE_BEGIN|[248]|ot|OrderItem|true|false
11:42:23.1 (45208024)|VARIABLE_ASSIGNMENT|[248]|ot|{"IsDeleted":false,"UnitPrice":1350000.00,"Product2Id":"01tg8000001BArVAAW","PricebookEntryId":"01ug8000000XnbRAAS","TotalPrice":1350000.00,"Quantity":1.00,"ListPrice":1350000.00,"OrderId":"801g8000007E9NdAAK"}|0x3ce514e0
11:42:23.1 (45215053)|STATEMENT_EXECUTE|[248]
11:42:23.1 (45216014)|STATEMENT_EXECUTE|[249]
11:42:23.1 (45251711)|VARIABLE_SCOPE_BEGIN|[249]|pedido|Order|true|false
11:42:23.1 (45269707)|VARIABLE_ASSIGNMENT|[249]|pedido|{"Status":"Draft","Id":"801g8000007E9NdAAK"}|0x5a02c99c
11:42:23.1 (45283513)|HEAP_ALLOCATE|[250]|Bytes:5
11:42:23.1 (45307319)|STATEMENT_EXECUTE|[250]
11:42:23.1 (45312612)|HEAP_ALLOCATE|[248]|Bytes:5
11:42:23.1 (45319530)|HEAP_ALLOCATE|[248]|Bytes:4
11:42:23.1 (45322532)|VARIABLE_SCOPE_BEGIN|[248]|ot|OrderItem|true|false
11:42:23.1 (45686616)|VARIABLE_ASSIGNMENT|[248]|ot|{"IsDeleted":false,"UnitPrice":19500.00,"Product2Id":"01tg8000001BArcAAG","PricebookEntryId":"01ug8000000XoZ7AAK","TotalPrice":19500.00,"Quantity":1.00,"ListPrice":19500.00,"OrderId":"801g8000007E9NdAAK"}|0x268d8735
11:42:23.1 (45691372)|STATEMENT_EXECUTE|[248]
11:42:23.1 (45692139)|STATEMENT_EXECUTE|[249]
11:42:23.1 (45699592)|VARIABLE_SCOPE_BEGIN|[249]|pedido|Order|true|false
11:42:23.1 (45712665)|VARIABLE_ASSIGNMENT|[249]|pedido|{"Status":"Draft","Id":"801g8000007E9NdAAK"}|0x5a02c99c
11:42:23.1 (45719663)|STATEMENT_EXECUTE|[250]
11:42:23.1 (45723764)|HEAP_ALLOCATE|[248]|Bytes:5
11:42:23.1 (45728510)|HEAP_ALLOCATE|[248]|Bytes:4
11:42:23.1 (45730810)|VARIABLE_SCOPE_BEGIN|[248]|ot|OrderItem|true|false
11:42:23.1 (46072298)|VARIABLE_ASSIGNMENT|[248]|ot|{"IsDeleted":false,"UnitPrice":1280000.00,"Product2Id":"01tg8000001BArWAAW","PricebookEntryId":"01ug8000000XnjVAAS","TotalPrice":1280000.00,"Quantity":1.00,"ListPrice":1280000.00,"OrderId":"801g8000007DOjhAAG"}|0x725afdb4
11:42:23.1 (46076987)|STATEMENT_EXECUTE|[248]
11:42:23.1 (46077847)|STATEMENT_EXECUTE|[249]
11:42:23.1 (46084188)|VARIABLE_SCOPE_BEGIN|[249]|pedido|Order|true|false
11:42:23.1 (46095687)|VARIABLE_ASSIGNMENT|[249]|pedido|{"Status":"Draft","Id":"801g8000007DOjhAAG"}|0x29c7592b
11:42:23.1 (46101391)|STATEMENT_EXECUTE|[250]
11:42:23.1 (46105445)|HEAP_ALLOCATE|[248]|Bytes:5
11:42:23.1 (46109491)|HEAP_ALLOCATE|[248]|Bytes:4
11:42:23.1 (46111889)|VARIABLE_SCOPE_BEGIN|[248]|ot|OrderItem|true|false
11:42:23.1 (46502923)|VARIABLE_ASSIGNMENT|[248]|ot|{"IsDeleted":false,"UnitPrice":2800.00,"Product2Id":"01tg8000001BArdAAG","PricebookEntryId":"01ug8000000XmilAAC","TotalPrice":28000.00,"Quantity":10.00,"ListPrice":2800.00,"OrderId":"801g8000007DOjhAAG"}|0x4ae8c823
11:42:23.1 (46509118)|STATEMENT_EXECUTE|[248]
11:42:23.1 (46510005)|STATEMENT_EXECUTE|[249]
11:42:23.1 (46520842)|VARIABLE_SCOPE_BEGIN|[249]|pedido|Order|true|false
11:42:23.1 (46536424)|VARIABLE_ASSIGNMENT|[249]|pedido|{"Status":"Draft","Id":"801g8000007DOjhAAG"}|0x29c7592b
11:42:23.1 (46544400)|STATEMENT_EXECUTE|[250]
11:42:23.1 (46550597)|HEAP_ALLOCATE|[248]|Bytes:5
11:42:23.1 (46555692)|HEAP_ALLOCATE|[248]|Bytes:4
11:42:23.1 (46558474)|VARIABLE_SCOPE_BEGIN|[248]|ot|OrderItem|true|false
11:42:23.1 (46914527)|VARIABLE_ASSIGNMENT|[248]|ot|{"IsDeleted":false,"UnitPrice":1280000.00,"Product2Id":"01tg8000001BArWAAW","PricebookEntryId":"01ug8000000XnjVAAS","TotalPrice":1280000.00,"Quantity":1.00,"ListPrice":1280000.00,"OrderId":"801g8000007DgjnAAC"}|0x5e3e878a
11:42:23.1 (46919192)|STATEMENT_EXECUTE|[248]
11:42:23.1 (46919933)|STATEMENT_EXECUTE|[249]
11:42:23.1 (46926810)|VARIABLE_SCOPE_BEGIN|[249]|pedido|Order|true|false
11:42:23.1 (46939217)|VARIABLE_ASSIGNMENT|[249]|pedido|{"Status":"Draft","Id":"801g8000007DgjnAAC"}|0x10ede9f
11:42:23.1 (46945943)|STATEMENT_EXECUTE|[250]
11:42:23.1 (46950023)|HEAP_ALLOCATE|[248]|Bytes:5
11:42:23.1 (46955492)|VARIABLE_ASSIGNMENT|[248]|ot|null|
11:42:23.1 (46963316)|METHOD_EXIT|[23]|01pg8000001EZwd|OrdemItemHandler.checkActiveOrderItem()
11:42:23.1 (46966758)|STATEMENT_EXECUTE|[24]
11:42:23.1 (46979057)|METHOD_ENTRY|[24]|01pg8000001EZwd|OrdemItemHandler.executePricingLogic()
11:42:23.1 (47002967)|VARIABLE_SCOPE_BEGIN|[40]|this|OrdemItemHandler|true|false
11:42:23.1 (47046842)|VARIABLE_ASSIGNMENT|[40]|this|{"newRecords":"0xe61dff7","handlerName":"OrderItemHandler","isTriggerExecuting":true,"triggerEvent":"0x75360a1b"}|0x784438af
11:42:23.1 (47053900)|STATEMENT_EXECUTE|[40]
11:42:23.1 (47054693)|STATEMENT_EXECUTE|[42]
11:42:23.1 (47066898)|HEAP_ALLOCATE|[42]|Bytes:4
11:42:23.1 (47090086)|VARIABLE_SCOPE_BEGIN|[42]|setOrderIds|Set<Id>|true|false
11:42:23.1 (47114899)|VARIABLE_ASSIGNMENT|[42]|setOrderIds|[]|0x260d1796
11:42:23.1 (47117831)|STATEMENT_EXECUTE|[43]
11:42:23.1 (47120293)|HEAP_ALLOCATE|[43]|Bytes:4
11:42:23.1 (47127278)|VARIABLE_SCOPE_BEGIN|[43]|setProductIds|Set<Id>|true|false
11:42:23.1 (47134131)|VARIABLE_ASSIGNMENT|[43]|setProductIds|[]|0x5180cfee
11:42:23.1 (47136629)|STATEMENT_EXECUTE|[44]
11:42:23.1 (47138429)|HEAP_ALLOCATE|[44]|Bytes:4
11:42:23.1 (47145066)|VARIABLE_SCOPE_BEGIN|[44]|setAccountIds|Set<Id>|true|false
11:42:23.1 (47151396)|VARIABLE_ASSIGNMENT|[44]|setAccountIds|[]|0x1d02a26b
11:42:23.1 (47154044)|STATEMENT_EXECUTE|[46]
11:42:23.1 (47190517)|HEAP_ALLOCATE|[46]|Bytes:4
11:42:23.1 (47214120)|VARIABLE_SCOPE_BEGIN|[46]|itemsByOrderId|Map<Id,List<OrderItem>>|true|false
11:42:23.1 (47223093)|VARIABLE_ASSIGNMENT|[46]|itemsByOrderId|{}|0x2ac5ac50
11:42:23.1 (47247104)|HEAP_ALLOCATE|[49]|Bytes:5
11:42:23.1 (47254299)|HEAP_ALLOCATE|[49]|Bytes:4
11:42:23.1 (47257985)|VARIABLE_SCOPE_BEGIN|[49]|item|OrderItem|true|false
11:42:23.1 (47642144)|VARIABLE_ASSIGNMENT|[49]|item|{"IsDeleted":false,"UnitPrice":1350000.00,"Product2Id":"01tg8000001BArVAAW","PricebookEntryId":"01ug8000000XnbRAAS","TotalPrice":1350000.00,"Quantity":1.00,"ListPrice":1350000.00,"OrderId":"801g8000007E9NdAAK"}|0x3ce514e0
11:42:23.1 (47647515)|STATEMENT_EXECUTE|[49]
11:42:23.1 (47652519)|STATEMENT_EXECUTE|[50]
11:42:23.1 (47653474)|STATEMENT_EXECUTE|[51]
11:42:23.1 (47671681)|HEAP_ALLOCATE|[EXTERNAL]|Bytes:4
11:42:23.1 (47693154)|STATEMENT_EXECUTE|[53]
11:42:23.1 (47700843)|HEAP_ALLOCATE|[53]|Bytes:4
11:42:23.1 (47715607)|HEAP_ALLOCATE|[EXTERNAL]|Bytes:4
11:42:23.1 (47718126)|HEAP_ALLOCATE|[EXTERNAL]|Bytes:-4
11:42:23.1 (47721428)|STATEMENT_EXECUTE|[54]
11:42:23.1 (47749090)|HEAP_ALLOCATE|[EXTERNAL]|Bytes:4
11:42:23.1 (47771388)|STATEMENT_EXECUTE|[56]
11:42:23.1 (47784848)|HEAP_ALLOCATE|[EXTERNAL]|Bytes:4
11:42:23.1 (47796608)|HEAP_ALLOCATE|[49]|Bytes:5
11:42:23.1 (47805374)|HEAP_ALLOCATE|[49]|Bytes:4
11:42:23.1 (47810493)|VARIABLE_SCOPE_BEGIN|[49]|item|OrderItem|true|false
11:42:23.1 (48201102)|VARIABLE_ASSIGNMENT|[49]|item|{"IsDeleted":false,"UnitPrice":19500.00,"Product2Id":"01tg8000001BArcAAG","PricebookEntryId":"01ug8000000XoZ7AAK","TotalPrice":19500.00,"Quantity":1.00,"ListPrice":19500.00,"OrderId":"801g8000007E9NdAAK"}|0x268d8735
11:42:23.1 (48207346)|STATEMENT_EXECUTE|[49]
11:42:23.1 (48210544)|STATEMENT_EXECUTE|[50]
11:42:23.1 (48211383)|STATEMENT_EXECUTE|[51]
11:42:23.1 (48216963)|HEAP_ALLOCATE|[EXTERNAL]|Bytes:4
11:42:23.1 (48226717)|STATEMENT_EXECUTE|[53]
11:42:23.1 (48227776)|STATEMENT_EXECUTE|[54]
11:42:23.1 (48246485)|HEAP_ALLOCATE|[EXTERNAL]|Bytes:4
11:42:23.1 (48250958)|STATEMENT_EXECUTE|[56]
11:42:23.1 (48254189)|HEAP_ALLOCATE|[EXTERNAL]|Bytes:4
11:42:23.1 (48260745)|HEAP_ALLOCATE|[49]|Bytes:5
11:42:23.1 (48266014)|HEAP_ALLOCATE|[49]|Bytes:4
11:42:23.1 (48269354)|VARIABLE_SCOPE_BEGIN|[49]|item|OrderItem|true|false
11:42:23.1 (48639033)|VARIABLE_ASSIGNMENT|[49]|item|{"IsDeleted":false,"UnitPrice":1280000.00,"Product2Id":"01tg8000001BArWAAW","PricebookEntryId":"01ug8000000XnjVAAS","TotalPrice":1280000.00,"Quantity":1.00,"ListPrice":1280000.00,"OrderId":"801g8000007DOjhAAG"}|0x725afdb4
11:42:23.1 (48643689)|STATEMENT_EXECUTE|[49]
11:42:23.1 (48646334)|STATEMENT_EXECUTE|[50]
11:42:23.1 (48647138)|STATEMENT_EXECUTE|[51]
11:42:23.1 (48651196)|HEAP_ALLOCATE|[EXTERNAL]|Bytes:4
11:42:23.1 (48659602)|STATEMENT_EXECUTE|[53]
11:42:23.1 (48664729)|HEAP_ALLOCATE|[53]|Bytes:4
11:42:23.1 (48673505)|HEAP_ALLOCATE|[EXTERNAL]|Bytes:4
11:42:23.1 (48675750)|HEAP_ALLOCATE|[EXTERNAL]|Bytes:-4
11:42:23.1 (48678695)|STATEMENT_EXECUTE|[54]
11:42:23.1 (48691598)|HEAP_ALLOCATE|[EXTERNAL]|Bytes:4
11:42:23.1 (48695607)|STATEMENT_EXECUTE|[56]
11:42:23.1 (48698607)|HEAP_ALLOCATE|[EXTERNAL]|Bytes:4
11:42:23.1 (48704668)|HEAP_ALLOCATE|[49]|Bytes:5
11:42:23.1 (48709501)|HEAP_ALLOCATE|[49]|Bytes:4
11:42:23.1 (48712465)|VARIABLE_SCOPE_BEGIN|[49]|item|OrderItem|true|false
11:42:23.1 (49215423)|VARIABLE_ASSIGNMENT|[49]|item|{"IsDeleted":false,"UnitPrice":2800.00,"Product2Id":"01tg8000001BArdAAG","PricebookEntryId":"01ug8000000XmilAAC","TotalPrice":28000.00,"Quantity":10.00,"ListPrice":2800.00,"OrderId":"801g8000007DOjhAAG"}|0x4ae8c823
11:42:23.1 (49225259)|STATEMENT_EXECUTE|[49]
11:42:23.1 (49229951)|STATEMENT_EXECUTE|[50]
11:42:23.1 (49231024)|STATEMENT_EXECUTE|[51]
11:42:23.1 (49238136)|HEAP_ALLOCATE|[EXTERNAL]|Bytes:4
11:42:23.1 (49251936)|STATEMENT_EXECUTE|[53]
11:42:23.1 (49253037)|STATEMENT_EXECUTE|[54]
11:42:23.1 (49274157)|HEAP_ALLOCATE|[EXTERNAL]|Bytes:4
11:42:23.1 (49280147)|STATEMENT_EXECUTE|[56]
11:42:23.1 (49284627)|HEAP_ALLOCATE|[EXTERNAL]|Bytes:4
11:42:23.1 (49294952)|HEAP_ALLOCATE|[49]|Bytes:5
11:42:23.1 (49302548)|HEAP_ALLOCATE|[49]|Bytes:4
11:42:23.1 (49307430)|VARIABLE_SCOPE_BEGIN|[49]|item|OrderItem|true|false
11:42:23.1 (50010383)|VARIABLE_ASSIGNMENT|[49]|item|{"IsDeleted":false,"UnitPrice":1280000.00,"Product2Id":"01tg8000001BArWAAW","PricebookEntryId":"01ug8000000XnjVAAS","TotalPrice":1280000.00,"Quantity":1.00,"ListPrice":1280000.00,"OrderId":"801g8000007DgjnAAC"}|0x5e3e878a
11:42:23.1 (50021219)|STATEMENT_EXECUTE|[49]
11:42:23.1 (50026989)|STATEMENT_EXECUTE|[50]
11:42:23.1 (50028060)|STATEMENT_EXECUTE|[51]
11:42:23.1 (50036811)|HEAP_ALLOCATE|[EXTERNAL]|Bytes:4
11:42:23.1 (50052233)|STATEMENT_EXECUTE|[53]
11:42:23.1 (50060383)|HEAP_ALLOCATE|[53]|Bytes:4
11:42:23.1 (50072820)|HEAP_ALLOCATE|[EXTERNAL]|Bytes:4
11:42:23.1 (50076058)|HEAP_ALLOCATE|[EXTERNAL]|Bytes:-4
11:42:23.1 (50080481)|STATEMENT_EXECUTE|[54]
11:42:23.1 (50103600)|HEAP_ALLOCATE|[EXTERNAL]|Bytes:4
11:42:23.1 (50110670)|STATEMENT_EXECUTE|[56]
11:42:23.1 (50114960)|HEAP_ALLOCATE|[EXTERNAL]|Bytes:4
11:42:23.1 (50125900)|HEAP_ALLOCATE|[49]|Bytes:5
11:42:23.1 (50136966)|VARIABLE_ASSIGNMENT|[49]|item|null|
11:42:23.1 (50141121)|STATEMENT_EXECUTE|[61]
11:42:23.1 (50150570)|HEAP_ALLOCATE|[61]|Bytes:4
11:42:23.1 (50156663)|HEAP_ALLOCATE|[61]|Bytes:105
11:42:23.1 (50164325)|HEAP_ALLOCATE|[61]|Bytes:4
11:42:23.1 (50701519)|SOQL_EXECUTE_BEGIN|[61]|Aggregations:0|SELECT Id, DistributionCenter__c, State__c, City__c, Country__c, AccountId FROM Order WHERE Id = :tmpVar1
11:42:23.1 (61572760)|SOQL_EXECUTE_END|[61]|Rows:3
11:42:23.1 (61606146)|HEAP_ALLOCATE|[61]|Bytes:16
11:42:23.1 (61632212)|HEAP_ALLOCATE|[61]|Bytes:582
11:42:23.1 (61675435)|HEAP_ALLOCATE|[61]|Bytes:16
11:42:23.1 (61712724)|HEAP_ALLOCATE|[61]|Bytes:28
11:42:23.1 (61736067)|HEAP_ALLOCATE|[61]|Bytes:4
11:42:23.1 (61741994)|HEAP_ALLOCATE|[61]|Bytes:28
11:42:23.1 (61746799)|HEAP_ALLOCATE|[61]|Bytes:4
11:42:23.1 (61749500)|HEAP_ALLOCATE|[61]|Bytes:28
11:42:23.1 (61754684)|HEAP_ALLOCATE|[61]|Bytes:4
11:42:23.1 (61763044)|VARIABLE_SCOPE_BEGIN|[61]|mapOrders|Map<Id,Order>|true|false
11:42:23.1 (61940518)|VARIABLE_ASSIGNMENT|[61]|mapOrders|{"801g8000007DOjhAAG":{"DistributionCenter__c":"a06g8000000wkLpAAI","City__c":"a05g8000001i8KfAAI","Country__c":"a03g8000004x8aeAAA","Id":"801g8000007DOjhAAG","AccountId":"001g8000005VaOHAA0","State__c":"a04g8000000VkhhAAC"},"801g8000007DgjnAAC":{"DistributionCenter__c":"a06g8000000wkLpAAI","City__c":"a05g8000001i7ZuAAI","Country__c":"a03g8000004x8aeAAA","Id":"801g8000007DgjnAAC","AccountId":"001g8000005VaOHAA0","State__c":"a04g8000000Vm3ZAAS"},"801g8000007E9NdAAK":{"DistributionCenter__c":"a06g8000000wkLpAAI","City__c":"a05g8000001KAc9AAG","Country__c":"a03g8000004x8aeAAA","Id":"801g8000007E9NdAAK","AccountId":"001g8000005VaOHAA0","State__c":"a04g8000000QmaTAAS"}}|0x7b37bed5
11:42:23.1 (61993635)|HEAP_ALLOCATE|[EXTERNAL]|Bytes:16
11:42:23.1 (62000930)|HEAP_ALLOCATE|[67]|Bytes:595
11:42:23.1 (62033380)|HEAP_ALLOCATE|[67]|Bytes:5
11:42:23.1 (62044190)|HEAP_ALLOCATE|[67]|Bytes:28
11:42:23.1 (62051449)|VARIABLE_SCOPE_BEGIN|[67]|o|Order|true|false
11:42:23.1 (62082989)|VARIABLE_ASSIGNMENT|[67]|o|{"DistributionCenter__c":"a06g8000000wkLpAAI","City__c":"a05g8000001i8KfAAI","Country__c":"a03g8000004x8aeAAA","Id":"801g8000007DOjhAAG","AccountId":"001g8000005VaOHAA0","State__c":"a04g8000000VkhhAAC"}|0x3b6136a1
11:42:23.1 (62088970)|STATEMENT_EXECUTE|[67]
11:42:23.1 (62118829)|HEAP_ALLOCATE|[EXTERNAL]|Bytes:4
11:42:23.1 (62126904)|HEAP_ALLOCATE|[67]|Bytes:5
11:42:23.1 (62131222)|HEAP_ALLOCATE|[67]|Bytes:28
11:42:23.1 (62139274)|VARIABLE_SCOPE_BEGIN|[67]|o|Order|true|false
11:42:23.1 (62162050)|VARIABLE_ASSIGNMENT|[67]|o|{"DistributionCenter__c":"a06g8000000wkLpAAI","City__c":"a05g8000001i7ZuAAI","Country__c":"a03g8000004x8aeAAA","Id":"801g8000007DgjnAAC","AccountId":"001g8000005VaOHAA0","State__c":"a04g8000000Vm3ZAAS"}|0x63d5f9b9
11:42:23.1 (62166035)|STATEMENT_EXECUTE|[67]
11:42:23.1 (62171797)|HEAP_ALLOCATE|[EXTERNAL]|Bytes:4
11:42:23.1 (62177170)|HEAP_ALLOCATE|[67]|Bytes:5
11:42:23.1 (62180980)|HEAP_ALLOCATE|[67]|Bytes:28
11:42:23.1 (62183581)|VARIABLE_SCOPE_BEGIN|[67]|o|Order|true|false
11:42:23.1 (62203940)|VARIABLE_ASSIGNMENT|[67]|o|{"DistributionCenter__c":"a06g8000000wkLpAAI","City__c":"a05g8000001KAc9AAG","Country__c":"a03g8000004x8aeAAA","Id":"801g8000007E9NdAAK","AccountId":"001g8000005VaOHAA0","State__c":"a04g8000000QmaTAAS"}|0x14053bbc
11:42:23.1 (62207852)|STATEMENT_EXECUTE|[67]
11:42:23.1 (62211623)|HEAP_ALLOCATE|[EXTERNAL]|Bytes:4
11:42:23.1 (62216493)|HEAP_ALLOCATE|[67]|Bytes:5
11:42:23.1 (62222520)|VARIABLE_ASSIGNMENT|[67]|o|null|
11:42:23.1 (62226114)|STATEMENT_EXECUTE|[69]
11:42:23.1 (62268425)|HEAP_ALLOCATE|[69]|Bytes:4
11:42:23.1 (62272578)|HEAP_ALLOCATE|[69]|Bytes:59
11:42:23.1 (62279539)|HEAP_ALLOCATE|[69]|Bytes:4
11:42:23.1 (63750554)|SOQL_EXECUTE_BEGIN|[69]|Aggregations:0|SELECT Id, AccountGroup__c FROM Account WHERE Id = :tmpVar1
11:42:23.1 (81425707)|SOQL_EXECUTE_END|[69]|Rows:1
11:42:23.1 (81463706)|HEAP_ALLOCATE|[69]|Bytes:8
11:42:23.1 (81486303)|HEAP_ALLOCATE|[69]|Bytes:66
11:42:23.1 (81569996)|HEAP_ALLOCATE|[69]|Bytes:8
11:42:23.1 (81652268)|HEAP_ALLOCATE|[69]|Bytes:12
11:42:23.1 (81668098)|HEAP_ALLOCATE|[69]|Bytes:4
11:42:23.1 (81685977)|VARIABLE_SCOPE_BEGIN|[69]|mapAccounts|Map<Id,Account>|true|false
11:42:23.1 (81794243)|VARIABLE_ASSIGNMENT|[69]|mapAccounts|{"001g8000005VaOHAA0":{"AccountGroup__c":"a02g8000002871ZAAQ","Id":"001g8000005VaOHAA0"}}|0x580cc20a
11:42:23.1 (81804583)|STATEMENT_EXECUTE|[71]
11:42:23.1 (81895203)|HEAP_ALLOCATE|[71]|Bytes:4
11:42:23.1 (81902462)|HEAP_ALLOCATE|[71]|Bytes:83
11:42:23.1 (81911512)|HEAP_ALLOCATE|[71]|Bytes:4
11:42:23.1 (84598202)|SOQL_EXECUTE_BEGIN|[71]|Aggregations:0|SELECT Id, ProductionCost__c, ProductHierarchy__c FROM Product2 WHERE Id = :tmpVar1
11:42:23.1 (97821492)|SOQL_EXECUTE_END|[71]|Rows:4
11:42:23.1 (97857788)|HEAP_ALLOCATE|[71]|Bytes:20
11:42:23.1 (97886291)|HEAP_ALLOCATE|[71]|Bytes:508
11:42:23.1 (97961392)|HEAP_ALLOCATE|[71]|Bytes:20
11:42:23.1 (98033779)|HEAP_ALLOCATE|[71]|Bytes:16
11:42:23.1 (98046741)|HEAP_ALLOCATE|[71]|Bytes:4
11:42:23.1 (98051838)|HEAP_ALLOCATE|[71]|Bytes:16
11:42:23.1 (98054674)|HEAP_ALLOCATE|[71]|Bytes:4
11:42:23.1 (98056463)|HEAP_ALLOCATE|[71]|Bytes:16
11:42:23.1 (98059267)|HEAP_ALLOCATE|[71]|Bytes:4
11:42:23.1 (98060864)|HEAP_ALLOCATE|[71]|Bytes:16
11:42:23.1 (98063439)|HEAP_ALLOCATE|[71]|Bytes:4
11:42:23.1 (98076458)|VARIABLE_SCOPE_BEGIN|[71]|mapProducts|Map<Id,Product2>|true|false
11:42:23.1 (98202148)|VARIABLE_ASSIGNMENT|[71]|mapProducts|{"01tg8000001BArVAAW":{"ProductionCost__c":900000.00,"ProductHierarchy__c":"a01g8000007otrhAAA","Id":"01tg8000001BArVAAW"},"01tg8000001BArWAAW":{"ProductionCost__c":850000.00,"ProductHierarchy__c":"a01g8000007otrhAAA","Id":"01tg8000001BArWAAW"},"01tg8000001BArcAAG":{"ProductionCost__c":12000.00,"ProductHierarchy__c":"a01g8000007otrpAAA","Id":"01tg8000001BArcAAG"},"01tg8000001BArdAAG":{"ProductionCost__c":1500.00,"ProductHierarchy__c":"a01g8000007otrqAAA","Id":"01tg8000001BArdAAG"}}|0x1a5dea0f
11:42:23.1 (98212831)|STATEMENT_EXECUTE|[78]
11:42:23.1 (98216605)|HEAP_ALLOCATE|[78]|Bytes:165
11:42:23.1 (98230839)|HEAP_ALLOCATE|[78]|Bytes:4
11:42:23.1 (100387698)|SOQL_EXECUTE_BEGIN|[78]|Aggregations:0|SELECT Product__c, ProductHierarchy__c, Account__c, AccountGroup__c, City__c, State__c, Country__c, MarginValuePercent__c FROM Margem__c WHERE Status__c = 'Approved'
11:42:23.1 (117441790)|SOQL_EXECUTE_END|[78]|Rows:4
11:42:23.1 (117474009)|HEAP_ALLOCATE|[78]|Bytes:20
11:42:23.1 (117497675)|HEAP_ALLOCATE|[78]|Bytes:774
11:42:23.1 (117587571)|HEAP_ALLOCATE|[78]|Bytes:20
11:42:23.1 (117611970)|VARIABLE_SCOPE_BEGIN|[78]|listMargins|List<Margem__c>|true|false
11:42:23.1 (117766086)|VARIABLE_ASSIGNMENT|[78]|listMargins|[{"Id":"a00g800000JZjxxAAD","AccountGroup__c":"a02g8000002871ZAAQ","ProductHierarchy__c":"a01g8000007otrhAAA","State__c":"a04g8000000QmaTAAS","MarginValuePercent__c":15.00},{"Account__c":"001g8000005VaOHAA0","City__c":"a05g8000001KAc9AAG","Id":"a00g800000JZjxyAAD","ProductHierarchy__c":"a01g8000007otrjAAA","MarginValuePercent__c":25.00},{"Account__c":"001g8000005VaOHAA0","Product__c":"01tg8000001BArcAAG","Id":"a00g800000JZjxzAAD","State__c":"a04g8000000QmaTAAS","MarginValuePercent__c":5.00},{"Country__c":"a03g8000004x8aeAAA","Id":"a00g800000JZjy0AAD","AccountGroup__c":"a02g8000002871ZAAQ","ProductHierarchy__c":"a01g8000007otrqAAA","MarginValuePercent__c":30.00}]|0x662b05a1
11:42:23.1 (117783008)|STATEMENT_EXECUTE|[85]
11:42:23.1 (117819426)|HEAP_ALLOCATE|[85]|Bytes:4
11:42:23.1 (117859251)|VARIABLE_SCOPE_BEGIN|[85]|mapMargin|Map<String,Margem__c>|true|false
11:42:23.1 (117872134)|VARIABLE_ASSIGNMENT|[85]|mapMargin|{}|0x7161ec47
11:42:23.1 (118043996)|HEAP_ALLOCATE|[86]|Bytes:5
11:42:23.1 (118067005)|HEAP_ALLOCATE|[86]|Bytes:24
11:42:23.1 (118075030)|VARIABLE_SCOPE_BEGIN|[86]|m|Margem__c|true|false
11:42:23.1 (118107972)|VARIABLE_ASSIGNMENT|[86]|m|{"Id":"a00g800000JZjxxAAD","AccountGroup__c":"a02g8000002871ZAAQ","ProductHierarchy__c":"a01g8000007otrhAAA","State__c":"a04g8000000QmaTAAS","MarginValuePercent__c":15.00}|0x1ed2e687
11:42:23.1 (118113625)|STATEMENT_EXECUTE|[86]
11:42:23.1 (118114880)|STATEMENT_EXECUTE|[87]
11:42:23.1 (118187253)|HEAP_ALLOCATE|[87]|Bytes:18
11:42:23.1 (118193628)|VARIABLE_SCOPE_BEGIN|[87]|p|String|false|false
11:42:23.1 (118199466)|VARIABLE_ASSIGNMENT|[87]|p|"a01g8000007otrhAAA"
11:42:23.1 (118201629)|STATEMENT_EXECUTE|[88]
11:42:23.1 (118221119)|HEAP_ALLOCATE|[88]|Bytes:18
11:42:23.1 (118226732)|VARIABLE_SCOPE_BEGIN|[88]|a|String|false|false
11:42:23.1 (118231085)|VARIABLE_ASSIGNMENT|[88]|a|"a02g8000002871ZAAQ"
11:42:23.1 (118232979)|STATEMENT_EXECUTE|[89]
11:42:23.1 (118248396)|HEAP_ALLOCATE|[89]|Bytes:18
11:42:23.1 (118253411)|VARIABLE_SCOPE_BEGIN|[89]|l|String|false|false
11:42:23.1 (118258027)|VARIABLE_ASSIGNMENT|[89]|l|"a04g8000000QmaTAAS"
11:42:23.1 (118260233)|STATEMENT_EXECUTE|[92]
11:42:23.1 (118263145)|HEAP_ALLOCATE|[92]|Bytes:1
11:42:23.1 (118273131)|HEAP_ALLOCATE|[92]|Bytes:56
11:42:23.1 (118275174)|VARIABLE_SCOPE_BEGIN|[92]|compositeKey|String|false|false
11:42:23.1 (118281276)|VARIABLE_ASSIGNMENT|[92]|compositeKey|"a01g8000007otrhAAA_a (36 more) ..."
11:42:23.1 (118283439)|STATEMENT_EXECUTE|[93]
11:42:23.1 (118303897)|HEAP_ALLOCATE|[EXTERNAL]|Bytes:-4
11:42:23.1 (118308564)|STATEMENT_EXECUTE|[94]
11:42:23.1 (118310033)|HEAP_ALLOCATE|[94]|Bytes:28
11:42:23.1 (118315292)|HEAP_ALLOCATE|[94]|Bytes:84
11:42:23.1 (118352922)|USER_DEBUG|[94]|DEBUG|MAPA MARGEM - Chave Gerada: a01g8000007otrhAAA_a02g8000002871ZAAQ_a04g8000000QmaTAAS
11:42:23.1 (118363292)|HEAP_ALLOCATE|[86]|Bytes:5
11:42:23.1 (118369251)|HEAP_ALLOCATE|[86]|Bytes:24
11:42:23.1 (118372780)|VARIABLE_SCOPE_BEGIN|[86]|m|Margem__c|true|false
11:42:23.1 (118402209)|VARIABLE_ASSIGNMENT|[86]|m|{"Account__c":"001g8000005VaOHAA0","City__c":"a05g8000001KAc9AAG","Id":"a00g800000JZjxyAAD","ProductHierarchy__c":"a01g8000007otrjAAA","MarginValuePercent__c":25.00}|0x7a6c27c
11:42:23.1 (118406510)|STATEMENT_EXECUTE|[86]
11:42:23.1 (118407334)|STATEMENT_EXECUTE|[87]
11:42:23.1 (118415436)|HEAP_ALLOCATE|[87]|Bytes:18
11:42:23.1 (118419815)|VARIABLE_SCOPE_BEGIN|[87]|p|String|false|false
11:42:23.1 (118424125)|VARIABLE_ASSIGNMENT|[87]|p|"a01g8000007otrjAAA"
11:42:23.1 (118426058)|STATEMENT_EXECUTE|[88]
11:42:23.1 (118435357)|HEAP_ALLOCATE|[88]|Bytes:18
11:42:23.1 (118439404)|VARIABLE_SCOPE_BEGIN|[88]|a|String|false|false
11:42:23.1 (118443674)|VARIABLE_ASSIGNMENT|[88]|a|"001g8000005VaOHAA0"
11:42:23.1 (118445572)|STATEMENT_EXECUTE|[89]
11:42:23.1 (118452837)|HEAP_ALLOCATE|[89]|Bytes:18
11:42:23.1 (118456853)|VARIABLE_SCOPE_BEGIN|[89]|l|String|false|false
11:42:23.1 (118460901)|VARIABLE_ASSIGNMENT|[89]|l|"a05g8000001KAc9AAG"
11:42:23.1 (118462803)|STATEMENT_EXECUTE|[92]
11:42:23.1 (118465029)|HEAP_ALLOCATE|[92]|Bytes:56
11:42:23.1 (118466863)|VARIABLE_SCOPE_BEGIN|[92]|compositeKey|String|false|false
11:42:23.1 (118471417)|VARIABLE_ASSIGNMENT|[92]|compositeKey|"a01g8000007otrjAAA_0 (36 more) ..."
11:42:23.1 (118473738)|STATEMENT_EXECUTE|[93]
11:42:23.1 (118477618)|HEAP_ALLOCATE|[EXTERNAL]|Bytes:-4
11:42:23.1 (118480683)|STATEMENT_EXECUTE|[94]
11:42:23.1 (118482304)|HEAP_ALLOCATE|[94]|Bytes:84
11:42:23.1 (118487712)|USER_DEBUG|[94]|DEBUG|MAPA MARGEM - Chave Gerada: a01g8000007otrjAAA_001g8000005VaOHAA0_a05g8000001KAc9AAG
11:42:23.1 (118493941)|HEAP_ALLOCATE|[86]|Bytes:5
11:42:23.1 (118498112)|HEAP_ALLOCATE|[86]|Bytes:24
11:42:23.1 (118500715)|VARIABLE_SCOPE_BEGIN|[86]|m|Margem__c|true|false
11:42:23.1 (118521717)|VARIABLE_ASSIGNMENT|[86]|m|{"Account__c":"001g8000005VaOHAA0","Product__c":"01tg8000001BArcAAG","Id":"a00g800000JZjxzAAD","State__c":"a04g8000000QmaTAAS","MarginValuePercent__c":5.00}|0x5fe09439
11:42:23.1 (118525302)|STATEMENT_EXECUTE|[86]
11:42:23.1 (118526037)|STATEMENT_EXECUTE|[87]
11:42:23.1 (118535470)|HEAP_ALLOCATE|[87]|Bytes:18
11:42:23.1 (118539815)|VARIABLE_SCOPE_BEGIN|[87]|p|String|false|false
11:42:23.1 (118544030)|VARIABLE_ASSIGNMENT|[87]|p|"01tg8000001BArcAAG"
11:42:23.1 (118545993)|STATEMENT_EXECUTE|[88]
11:42:23.1 (118550861)|HEAP_ALLOCATE|[88]|Bytes:18
11:42:23.1 (118554706)|VARIABLE_SCOPE_BEGIN|[88]|a|String|false|false
11:42:23.1 (118558556)|VARIABLE_ASSIGNMENT|[88]|a|"001g8000005VaOHAA0"
11:42:23.1 (118560440)|STATEMENT_EXECUTE|[89]
11:42:23.1 (118565766)|HEAP_ALLOCATE|[89]|Bytes:18
11:42:23.1 (118569525)|VARIABLE_SCOPE_BEGIN|[89]|l|String|false|false
11:42:23.1 (118573501)|VARIABLE_ASSIGNMENT|[89]|l|"a04g8000000QmaTAAS"
11:42:23.1 (118575464)|STATEMENT_EXECUTE|[92]
11:42:23.1 (118577236)|HEAP_ALLOCATE|[92]|Bytes:56
11:42:23.1 (118579016)|VARIABLE_SCOPE_BEGIN|[92]|compositeKey|String|false|false
11:42:23.1 (118583306)|VARIABLE_ASSIGNMENT|[92]|compositeKey|"01tg8000001BArcAAG_0 (36 more) ..."
11:42:23.1 (118585186)|STATEMENT_EXECUTE|[93]
11:42:23.1 (118588135)|HEAP_ALLOCATE|[EXTERNAL]|Bytes:-4
11:42:23.1 (118590763)|STATEMENT_EXECUTE|[94]
11:42:23.1 (118592316)|HEAP_ALLOCATE|[94]|Bytes:84
11:42:23.1 (118596306)|USER_DEBUG|[94]|DEBUG|MAPA MARGEM - Chave Gerada: 01tg8000001BArcAAG_001g8000005VaOHAA0_a04g8000000QmaTAAS
11:42:23.1 (118602211)|HEAP_ALLOCATE|[86]|Bytes:5
11:42:23.1 (118606165)|HEAP_ALLOCATE|[86]|Bytes:24
11:42:23.1 (118608788)|VARIABLE_SCOPE_BEGIN|[86]|m|Margem__c|true|false
11:42:23.1 (118628927)|VARIABLE_ASSIGNMENT|[86]|m|{"Country__c":"a03g8000004x8aeAAA","Id":"a00g800000JZjy0AAD","AccountGroup__c":"a02g8000002871ZAAQ","ProductHierarchy__c":"a01g8000007otrqAAA","MarginValuePercent__c":30.00}|0x10506828
11:42:23.1 (118632557)|STATEMENT_EXECUTE|[86]
11:42:23.1 (118633289)|STATEMENT_EXECUTE|[87]
11:42:23.1 (118639336)|HEAP_ALLOCATE|[87]|Bytes:18
11:42:23.1 (118643414)|VARIABLE_SCOPE_BEGIN|[87]|p|String|false|false
11:42:23.1 (118647549)|VARIABLE_ASSIGNMENT|[87]|p|"a01g8000007otrqAAA"
11:42:23.1 (118649435)|STATEMENT_EXECUTE|[88]
11:42:23.1 (118654796)|HEAP_ALLOCATE|[88]|Bytes:18
11:42:23.1 (118658711)|VARIABLE_SCOPE_BEGIN|[88]|a|String|false|false
11:42:23.1 (118662560)|VARIABLE_ASSIGNMENT|[88]|a|"a02g8000002871ZAAQ"
11:42:23.1 (118664417)|STATEMENT_EXECUTE|[89]
11:42:23.1 (118674695)|HEAP_ALLOCATE|[89]|Bytes:18
11:42:23.1 (118678590)|VARIABLE_SCOPE_BEGIN|[89]|l|String|false|false
11:42:23.1 (118682691)|VARIABLE_ASSIGNMENT|[89]|l|"a03g8000004x8aeAAA"
11:42:23.1 (118684555)|STATEMENT_EXECUTE|[92]
11:42:23.1 (118686402)|HEAP_ALLOCATE|[92]|Bytes:56
11:42:23.1 (118688174)|VARIABLE_SCOPE_BEGIN|[92]|compositeKey|String|false|false
11:42:23.1 (118692296)|VARIABLE_ASSIGNMENT|[92]|compositeKey|"a01g8000007otrqAAA_a (36 more) ..."
11:42:23.1 (118694171)|STATEMENT_EXECUTE|[93]
11:42:23.1 (118697060)|HEAP_ALLOCATE|[EXTERNAL]|Bytes:-4
11:42:23.1 (118699675)|STATEMENT_EXECUTE|[94]
11:42:23.1 (118701094)|HEAP_ALLOCATE|[94]|Bytes:84
11:42:23.1 (118704865)|USER_DEBUG|[94]|DEBUG|MAPA MARGEM - Chave Gerada: a01g8000007otrqAAA_a02g8000002871ZAAQ_a03g8000004x8aeAAA
11:42:23.1 (118710454)|HEAP_ALLOCATE|[86]|Bytes:5
11:42:23.1 (118716205)|VARIABLE_ASSIGNMENT|[86]|m|null|
11:42:23.1 (118720180)|STATEMENT_EXECUTE|[98]
11:42:23.1 (118721736)|HEAP_ALLOCATE|[98]|Bytes:103
11:42:23.1 (118731419)|HEAP_ALLOCATE|[98]|Bytes:4
11:42:23.1 (120500774)|SOQL_EXECUTE_BEGIN|[98]|Aggregations:0|SELECT Product__c, State__c, DistributionCenter__c, TaxRate__c FROM Tax__c WHERE Status__c = 'Approved'
11:42:23.1 (135948201)|SOQL_EXECUTE_END|[98]|Rows:3
11:42:23.1 (135982756)|HEAP_ALLOCATE|[98]|Bytes:16
11:42:23.1 (136001702)|HEAP_ALLOCATE|[98]|Bytes:552
11:42:23.1 (136097944)|HEAP_ALLOCATE|[98]|Bytes:16
11:42:23.1 (136121791)|VARIABLE_SCOPE_BEGIN|[98]|listTaxes|List<Tax__c>|true|false
11:42:23.1 (136246300)|VARIABLE_ASSIGNMENT|[98]|listTaxes|[{"DistributionCenter__c":"a06g8000000wkLpAAI","Product__c":"01tg8000001BArVAAW","TaxRate__c":18.00,"Id":"a09g8000001l5i1AAA","State__c":"a04g8000000QmaTAAS"},{"DistributionCenter__c":"a06g8000000wkLpAAI","Product__c":"01tg8000001BArXAAW","TaxRate__c":18.00,"Id":"a09g8000001l5i2AAA","State__c":"a04g8000000QmaTAAS"},{"DistributionCenter__c":"a06g8000000wkLpAAI","Product__c":"01tg8000001BArcAAG","TaxRate__c":18.00,"Id":"a09g8000001l5i3AAA","State__c":"a04g8000000QmaTAAS"}]|0x5449f3a3
11:42:23.1 (136255594)|STATEMENT_EXECUTE|[104]
11:42:23.1 (136291033)|HEAP_ALLOCATE|[104]|Bytes:4
11:42:23.1 (136367504)|VARIABLE_SCOPE_BEGIN|[104]|mapTaxByCompositeKey|Map<String,Tax__c>|true|false
11:42:23.1 (136381527)|VARIABLE_ASSIGNMENT|[104]|mapTaxByCompositeKey|{}|0x6ed0508b
11:42:23.1 (136549797)|HEAP_ALLOCATE|[105]|Bytes:5
11:42:23.1 (136570509)|HEAP_ALLOCATE|[105]|Bytes:24
11:42:23.1 (136578037)|VARIABLE_SCOPE_BEGIN|[105]|t|Tax__c|true|false
11:42:23.1 (136615958)|VARIABLE_ASSIGNMENT|[105]|t|{"DistributionCenter__c":"a06g8000000wkLpAAI","Product__c":"01tg8000001BArVAAW","TaxRate__c":18.00,"Id":"a09g8000001l5i1AAA","State__c":"a04g8000000QmaTAAS"}|0x415a4c74
11:42:23.1 (136621041)|STATEMENT_EXECUTE|[105]
11:42:23.1 (136621967)|STATEMENT_EXECUTE|[106]
11:42:23.1 (136686836)|HEAP_ALLOCATE|[106]|Bytes:18
11:42:23.1 (136706261)|HEAP_ALLOCATE|[107]|Bytes:18
11:42:23.1 (136721538)|HEAP_ALLOCATE|[108]|Bytes:18
11:42:23.1 (136732946)|HEAP_ALLOCATE|[106]|Bytes:54
11:42:23.1 (136735421)|VARIABLE_SCOPE_BEGIN|[106]|key|String|false|false
11:42:23.1 (136742022)|VARIABLE_ASSIGNMENT|[106]|key|"01tg8000001BArVAAWa0 (34 more) ..."
11:42:23.1 (136744524)|STATEMENT_EXECUTE|[109]
11:42:23.1 (136767337)|HEAP_ALLOCATE|[EXTERNAL]|Bytes:-4
11:42:23.1 (136777595)|HEAP_ALLOCATE|[105]|Bytes:5
11:42:23.1 (136783478)|HEAP_ALLOCATE|[105]|Bytes:24
11:42:23.1 (136786725)|VARIABLE_SCOPE_BEGIN|[105]|t|Tax__c|true|false
11:42:23.1 (136809633)|VARIABLE_ASSIGNMENT|[105]|t|{"DistributionCenter__c":"a06g8000000wkLpAAI","Product__c":"01tg8000001BArXAAW","TaxRate__c":18.00,"Id":"a09g8000001l5i2AAA","State__c":"a04g8000000QmaTAAS"}|0x3add2bc9
11:42:23.1 (136813382)|STATEMENT_EXECUTE|[105]
11:42:23.1 (136814143)|STATEMENT_EXECUTE|[106]
11:42:23.1 (136821971)|HEAP_ALLOCATE|[106]|Bytes:18
11:42:23.1 (136829333)|HEAP_ALLOCATE|[107]|Bytes:18
11:42:23.1 (136836143)|HEAP_ALLOCATE|[108]|Bytes:18
11:42:23.1 (136840536)|HEAP_ALLOCATE|[106]|Bytes:54
11:42:23.1 (136842680)|VARIABLE_SCOPE_BEGIN|[106]|key|String|false|false
11:42:23.1 (136847659)|VARIABLE_ASSIGNMENT|[106]|key|"01tg8000001BArXAAWa0 (34 more) ..."
11:42:23.1 (136849696)|STATEMENT_EXECUTE|[109]
11:42:23.1 (136853284)|HEAP_ALLOCATE|[EXTERNAL]|Bytes:-4
11:42:23.1 (136859055)|HEAP_ALLOCATE|[105]|Bytes:5
11:42:23.1 (136863244)|HEAP_ALLOCATE|[105]|Bytes:24
11:42:23.1 (136865817)|VARIABLE_SCOPE_BEGIN|[105]|t|Tax__c|true|false
11:42:23.1 (136884816)|VARIABLE_ASSIGNMENT|[105]|t|{"DistributionCenter__c":"a06g8000000wkLpAAI","Product__c":"01tg8000001BArcAAG","TaxRate__c":18.00,"Id":"a09g8000001l5i3AAA","State__c":"a04g8000000QmaTAAS"}|0x7282904
11:42:23.1 (136888512)|STATEMENT_EXECUTE|[105]
11:42:23.1 (136889248)|STATEMENT_EXECUTE|[106]
11:42:23.1 (136894567)|HEAP_ALLOCATE|[106]|Bytes:18
11:42:23.1 (136901531)|HEAP_ALLOCATE|[107]|Bytes:18
11:42:23.1 (136908118)|HEAP_ALLOCATE|[108]|Bytes:18
11:42:23.1 (136912234)|HEAP_ALLOCATE|[106]|Bytes:54
11:42:23.1 (136914220)|VARIABLE_SCOPE_BEGIN|[106]|key|String|false|false
11:42:23.1 (136918711)|VARIABLE_ASSIGNMENT|[106]|key|"01tg8000001BArcAAGa0 (34 more) ..."
11:42:23.1 (136920640)|STATEMENT_EXECUTE|[109]
11:42:23.1 (136923570)|HEAP_ALLOCATE|[EXTERNAL]|Bytes:-4
11:42:23.1 (136928691)|HEAP_ALLOCATE|[105]|Bytes:5
11:42:23.1 (136934446)|VARIABLE_ASSIGNMENT|[105]|t|null|
11:42:23.1 (136938757)|STATEMENT_EXECUTE|[113]
11:42:23.1 (136941334)|HEAP_ALLOCATE|[113]|Bytes:154
11:42:23.1 (136951275)|HEAP_ALLOCATE|[113]|Bytes:4
11:42:23.1 (138759776)|SOQL_EXECUTE_BEGIN|[113]|Aggregations:0|SELECT Product__c, City__c, State__c, Country__c, DistributionCenter__c, FreightValue__c, ProductHierarchy__c FROM Freight__c WHERE Status__c = 'Approved'
11:42:23.1 (153354829)|SOQL_EXECUTE_END|[113]|Rows:4
11:42:23.1 (153395274)|HEAP_ALLOCATE|[113]|Bytes:20
11:42:23.1 (153426519)|HEAP_ALLOCATE|[113]|Bytes:784
11:42:23.1 (153545988)|HEAP_ALLOCATE|[113]|Bytes:20
11:42:23.1 (153574138)|VARIABLE_SCOPE_BEGIN|[113]|listFreights|List<Freight__c>|true|false
11:42:23.1 (153785598)|VARIABLE_ASSIGNMENT|[113]|listFreights|[{"DistributionCenter__c":"a06g8000000wkLpAAI","Id":"a0Ag8000000XacwEAC","State__c":"a04g8000000QmaTAAS","ProductHierarchy__c":"a01g8000007otrhAAA","FreightValue__c":800.00},{"DistributionCenter__c":"a06g8000000wkLpAAI","City__c":"a05g8000001KAc9AAG","Id":"a0Ag8000000XacxEAC","ProductHierarchy__c":"a01g8000007otrjAAA","FreightValue__c":500.00},{"DistributionCenter__c":"a06g8000000wkLpAAI","Product__c":"01tg8000001BArcAAG","Id":"a0Ag8000000XacyEAC","State__c":"a04g8000000QmaTAAS","FreightValue__c":150.00},{"DistributionCenter__c":"a06g8000000wkLpAAI","Country__c":"a03g8000004x8aeAAA","Id":"a0Ag8000000XaczEAC","ProductHierarchy__c":"a01g8000007otrqAAA","FreightValue__c":50.00}]|0x7eab5e3b
11:42:23.1 (153803251)|STATEMENT_EXECUTE|[119]
11:42:23.1 (153849828)|HEAP_ALLOCATE|[119]|Bytes:4
11:42:23.1 (153901918)|VARIABLE_SCOPE_BEGIN|[119]|mapFreight|Map<String,Freight__c>|true|false
11:42:23.1 (153921128)|VARIABLE_ASSIGNMENT|[119]|mapFreight|{}|0x2d6ee35f
11:42:23.1 (154125459)|HEAP_ALLOCATE|[120]|Bytes:5
11:42:23.1 (154149786)|HEAP_ALLOCATE|[120]|Bytes:24
11:42:23.1 (154158454)|VARIABLE_SCOPE_BEGIN|[120]|f|Freight__c|true|false
11:42:23.1 (154208963)|VARIABLE_ASSIGNMENT|[120]|f|{"DistributionCenter__c":"a06g8000000wkLpAAI","Id":"a0Ag8000000XacwEAC","State__c":"a04g8000000QmaTAAS","ProductHierarchy__c":"a01g8000007otrhAAA","FreightValue__c":800.00}|0x41bb3078
11:42:23.1 (154215108)|STATEMENT_EXECUTE|[120]
11:42:23.1 (154216309)|STATEMENT_EXECUTE|[121]
11:42:23.1 (154254677)|HEAP_ALLOCATE|[121]|Bytes:18
11:42:23.1 (154258829)|VARIABLE_SCOPE_BEGIN|[121]|quem|String|false|false
11:42:23.1 (154264714)|VARIABLE_ASSIGNMENT|[121]|quem|"a01g8000007otrhAAA"
11:42:23.1 (154267264)|STATEMENT_EXECUTE|[122]
11:42:23.1 (154278242)|HEAP_ALLOCATE|[122]|Bytes:18
11:42:23.1 (154281206)|VARIABLE_SCOPE_BEGIN|[122]|onde|String|false|false
11:42:23.1 (154285757)|VARIABLE_ASSIGNMENT|[122]|onde|"a04g8000000QmaTAAS"
11:42:23.1 (154288205)|STATEMENT_EXECUTE|[125]
11:42:23.1 (154295795)|HEAP_ALLOCATE|[125]|Bytes:37
11:42:23.1 (154297989)|VARIABLE_SCOPE_BEGIN|[125]|key|String|false|false
11:42:23.1 (154303623)|VARIABLE_ASSIGNMENT|[125]|key|"a01g8000007otrhAAA_a (17 more) ..."
11:42:23.1 (154305765)|STATEMENT_EXECUTE|[126]
11:42:23.1 (154343813)|HEAP_ALLOCATE|[EXTERNAL]|Bytes:-4
11:42:23.1 (154354609)|HEAP_ALLOCATE|[120]|Bytes:5
11:42:23.1 (154360649)|HEAP_ALLOCATE|[120]|Bytes:24
11:42:23.1 (154364030)|VARIABLE_SCOPE_BEGIN|[120]|f|Freight__c|true|false
11:42:23.1 (154390513)|VARIABLE_ASSIGNMENT|[120]|f|{"DistributionCenter__c":"a06g8000000wkLpAAI","City__c":"a05g8000001KAc9AAG","Id":"a0Ag8000000XacxEAC","ProductHierarchy__c":"a01g8000007otrjAAA","FreightValue__c":500.00}|0xe607f23
11:42:23.1 (154395062)|STATEMENT_EXECUTE|[120]
11:42:23.1 (154395947)|STATEMENT_EXECUTE|[121]
11:42:23.1 (154400365)|HEAP_ALLOCATE|[121]|Bytes:18
11:42:23.1 (154402832)|VARIABLE_SCOPE_BEGIN|[121]|quem|String|false|false
11:42:23.1 (154407093)|VARIABLE_ASSIGNMENT|[121]|quem|"a01g8000007otrjAAA"
11:42:23.1 (154409129)|STATEMENT_EXECUTE|[122]
11:42:23.1 (154415529)|HEAP_ALLOCATE|[122]|Bytes:18
11:42:23.1 (154417748)|VARIABLE_SCOPE_BEGIN|[122]|onde|String|false|false
11:42:23.1 (154421759)|VARIABLE_ASSIGNMENT|[122]|onde|"a05g8000001KAc9AAG"
11:42:23.1 (154423758)|STATEMENT_EXECUTE|[125]
11:42:23.1 (154425689)|HEAP_ALLOCATE|[125]|Bytes:37
11:42:23.1 (154427622)|VARIABLE_SCOPE_BEGIN|[125]|key|String|false|false
11:42:23.1 (154431989)|VARIABLE_ASSIGNMENT|[125]|key|"a01g8000007otrjAAA_a (17 more) ..."
11:42:23.1 (154434013)|STATEMENT_EXECUTE|[126]
11:42:23.1 (154437987)|HEAP_ALLOCATE|[EXTERNAL]|Bytes:-4
11:42:23.1 (154443866)|HEAP_ALLOCATE|[120]|Bytes:5
11:42:23.1 (154448463)|HEAP_ALLOCATE|[120]|Bytes:24
11:42:23.1 (154451204)|VARIABLE_SCOPE_BEGIN|[120]|f|Freight__c|true|false
11:42:23.1 (154473992)|VARIABLE_ASSIGNMENT|[120]|f|{"DistributionCenter__c":"a06g8000000wkLpAAI","Product__c":"01tg8000001BArcAAG","Id":"a0Ag8000000XacyEAC","State__c":"a04g8000000QmaTAAS","FreightValue__c":150.00}|0x5a2dc2f6
11:42:23.1 (154477717)|STATEMENT_EXECUTE|[120]
11:42:23.1 (154478482)|STATEMENT_EXECUTE|[121]
11:42:23.1 (154485046)|HEAP_ALLOCATE|[121]|Bytes:18
11:42:23.1 (154487730)|VARIABLE_SCOPE_BEGIN|[121]|quem|String|false|false
11:42:23.1 (154491902)|VARIABLE_ASSIGNMENT|[121]|quem|"01tg8000001BArcAAG"
11:42:23.1 (154493950)|STATEMENT_EXECUTE|[122]
11:42:23.1 (154497231)|HEAP_ALLOCATE|[122]|Bytes:18
11:42:23.1 (154499232)|VARIABLE_SCOPE_BEGIN|[122]|onde|String|false|false
11:42:23.1 (154503250)|VARIABLE_ASSIGNMENT|[122]|onde|"a04g8000000QmaTAAS"
11:42:23.1 (154505124)|STATEMENT_EXECUTE|[125]
11:42:23.1 (154506693)|HEAP_ALLOCATE|[125]|Bytes:37
11:42:23.1 (154508676)|VARIABLE_SCOPE_BEGIN|[125]|key|String|false|false
11:42:23.1 (154513067)|VARIABLE_ASSIGNMENT|[125]|key|"01tg8000001BArcAAG_a (17 more) ..."
11:42:23.1 (154514955)|STATEMENT_EXECUTE|[126]
11:42:23.1 (154517879)|HEAP_ALLOCATE|[EXTERNAL]|Bytes:-4
11:42:23.1 (154523433)|HEAP_ALLOCATE|[120]|Bytes:5
11:42:23.1 (154527560)|HEAP_ALLOCATE|[120]|Bytes:24
11:42:23.1 (154530055)|VARIABLE_SCOPE_BEGIN|[120]|f|Freight__c|true|false
11:42:23.1 (154549276)|VARIABLE_ASSIGNMENT|[120]|f|{"DistributionCenter__c":"a06g8000000wkLpAAI","Country__c":"a03g8000004x8aeAAA","Id":"a0Ag8000000XaczEAC","ProductHierarchy__c":"a01g8000007otrqAAA","FreightValue__c":50.00}|0x20f3aef2
11:42:23.1 (154553122)|STATEMENT_EXECUTE|[120]
11:42:23.1 (154553922)|STATEMENT_EXECUTE|[121]
11:42:23.1 (154557209)|HEAP_ALLOCATE|[121]|Bytes:18
11:42:23.1 (154559553)|VARIABLE_SCOPE_BEGIN|[121]|quem|String|false|false
11:42:23.1 (154563503)|VARIABLE_ASSIGNMENT|[121]|quem|"a01g8000007otrqAAA"
11:42:23.1 (154565490)|STATEMENT_EXECUTE|[122]
11:42:23.1 (154572740)|HEAP_ALLOCATE|[122]|Bytes:18
11:42:23.1 (154574892)|VARIABLE_SCOPE_BEGIN|[122]|onde|String|false|false
11:42:23.1 (154578942)|VARIABLE_ASSIGNMENT|[122]|onde|"a03g8000004x8aeAAA"
11:42:23.1 (154580891)|STATEMENT_EXECUTE|[125]
11:42:23.1 (154582467)|HEAP_ALLOCATE|[125]|Bytes:37
11:42:23.1 (154584338)|VARIABLE_SCOPE_BEGIN|[125]|key|String|false|false
11:42:23.1 (154588525)|VARIABLE_ASSIGNMENT|[125]|key|"a01g8000007otrqAAA_a (17 more) ..."
11:42:23.1 (154590451)|STATEMENT_EXECUTE|[126]
11:42:23.1 (154593305)|HEAP_ALLOCATE|[EXTERNAL]|Bytes:-4
11:42:23.1 (154598466)|HEAP_ALLOCATE|[120]|Bytes:5
11:42:23.1 (154604346)|VARIABLE_ASSIGNMENT|[120]|f|null|
11:42:23.1 (154629919)|HEAP_ALLOCATE|[130]|Bytes:5
11:42:23.1 (154641839)|HEAP_ALLOCATE|[130]|Bytes:4
11:42:23.1 (154645155)|VARIABLE_SCOPE_BEGIN|[130]|item|OrderItem|true|false
11:42:23.1 (155220193)|VARIABLE_ASSIGNMENT|[130]|item|{"IsDeleted":false,"UnitPrice":1350000.00,"Product2Id":"01tg8000001BArVAAW","PricebookEntryId":"01ug8000000XnbRAAS","TotalPrice":1350000.00,"Quantity":1.00,"ListPrice":1350000.00,"OrderId":"801g8000007E9NdAAK"}|0x3ce514e0
11:42:23.1 (155228438)|STATEMENT_EXECUTE|[130]
11:42:23.1 (155229369)|STATEMENT_EXECUTE|[131]
11:42:23.1 (155265426)|VARIABLE_SCOPE_BEGIN|[131]|pedido|Order|true|false
11:42:23.1 (155321255)|VARIABLE_ASSIGNMENT|[131]|pedido|{"DistributionCenter__c":"a06g8000000wkLpAAI","City__c":"a05g8000001KAc9AAG","Country__c":"a03g8000004x8aeAAA","Id":"801g8000007E9NdAAK","AccountId":"001g8000005VaOHAA0","State__c":"a04g8000000QmaTAAS"}|0x14053bbc
11:42:23.1 (155325803)|STATEMENT_EXECUTE|[132]
11:42:23.1 (155345273)|VARIABLE_SCOPE_BEGIN|[132]|produto|Product2|true|false
11:42:23.1 (155373717)|VARIABLE_ASSIGNMENT|[132]|produto|{"ProductionCost__c":900000.00,"ProductHierarchy__c":"a01g8000007otrhAAA","Id":"01tg8000001BArVAAW"}|0xaeeee03
11:42:23.1 (155376946)|STATEMENT_EXECUTE|[133]
11:42:23.1 (155395179)|VARIABLE_SCOPE_BEGIN|[133]|cliente|Account|true|false
11:42:23.1 (155421919)|VARIABLE_ASSIGNMENT|[133]|cliente|{"AccountGroup__c":"a02g8000002871ZAAQ","Id":"001g8000005VaOHAA0"}|0x59a56473
11:42:23.1 (155480675)|HEAP_ALLOCATE|[135]|Bytes:28
11:42:23.1 (155483218)|HEAP_ALLOCATE|[135]|Bytes:28
11:42:23.1 (155532858)|HEAP_ALLOCATE|[135]|Bytes:28
11:42:23.1 (155534870)|HEAP_ALLOCATE|[135]|Bytes:28
11:42:23.1 (155545191)|STATEMENT_EXECUTE|[135]
11:42:23.1 (155548303)|STATEMENT_EXECUTE|[142]
11:42:23.1 (155549243)|STATEMENT_EXECUTE|[146]
11:42:23.1 (155563473)|HEAP_ALLOCATE|[146]|Bytes:18
11:42:23.1 (155580095)|HEAP_ALLOCATE|[147]|Bytes:18
11:42:23.1 (155593980)|HEAP_ALLOCATE|[148]|Bytes:18
11:42:23.1 (155599822)|HEAP_ALLOCATE|[146]|Bytes:54
11:42:23.1 (155602153)|VARIABLE_SCOPE_BEGIN|[146]|keyOrderItemImposto|String|false|false
11:42:23.1 (155609003)|VARIABLE_ASSIGNMENT|[146]|keyOrderItemImposto|"01tg8000001BArVAAWa0 (34 more) ..."
11:42:23.1 (155611186)|STATEMENT_EXECUTE|[150]
11:42:23.1 (155626264)|VARIABLE_SCOPE_BEGIN|[150]|impostoEncontrado|Tax__c|true|false
11:42:23.1 (155660332)|VARIABLE_ASSIGNMENT|[150]|impostoEncontrado|{"DistributionCenter__c":"a06g8000000wkLpAAI","Product__c":"01tg8000001BArVAAW","TaxRate__c":18.00,"Id":"a09g8000001l5i1AAA","State__c":"a04g8000000QmaTAAS"}|0x415a4c74
11:42:23.1 (155664457)|STATEMENT_EXECUTE|[152]
11:42:23.1 (156142445)|VARIABLE_ASSIGNMENT|[152]|this.TaxPercentage__c|18.00|0x3ce514e0
11:42:23.1 (156147313)|STATEMENT_EXECUTE|[155]
11:42:23.1 (170224290)|HEAP_ALLOCATE|[155]|Bytes:7
11:42:23.1 (170277520)|METHOD_ENTRY|[1]|01pg8000001F8kf|PricingService.PricingService()
11:42:23.1 (170284436)|STATEMENT_EXECUTE|[1]
11:42:23.1 (170290354)|STATEMENT_EXECUTE|[1]
11:42:23.1 (170297082)|METHOD_EXIT|[1]|PricingService
11:42:23.1 (170350033)|METHOD_ENTRY|[155]|01pg8000001F8kf|PricingService.findMargin(OrderItem, Order, Map<String,Margem__c>, Id, Account)
11:42:23.1 (170388538)|VARIABLE_SCOPE_BEGIN|[20]|item|OrderItem|true|false
11:42:23.1 (171039614)|VARIABLE_ASSIGNMENT|[20]|item|{"IsDeleted":false,"UnitPrice":1350000.00,"Product2Id":"01tg8000001BArVAAW","PricebookEntryId":"01ug8000000XnbRAAS","TotalPrice":1350000.00,"Quantity":1.00,"TaxPercentage__c":18.00,"ListPrice":1350000.00,"OrderId":"801g8000007E9NdAAK"}|0x3ce514e0
11:42:23.1 (171050391)|VARIABLE_SCOPE_BEGIN|[20]|pedido|Order|true|false
11:42:23.1 (171129346)|VARIABLE_ASSIGNMENT|[20]|pedido|{"DistributionCenter__c":"a06g8000000wkLpAAI","City__c":"a05g8000001KAc9AAG","Country__c":"a03g8000004x8aeAAA","Id":"801g8000007E9NdAAK","AccountId":"001g8000005VaOHAA0","State__c":"a04g8000000QmaTAAS"}|0x14053bbc
11:42:23.1 (171136330)|VARIABLE_SCOPE_BEGIN|[20]|mapMargin|Map<String,Margem__c>|true|false
11:42:23.1 (171236925)|VARIABLE_ASSIGNMENT|[20]|mapMargin|{"a01g8000007otrhAAA_a02g8000002871ZAAQ_a04g8000000QmaTAAS":{"Id":"a00g800000JZjxxAAD","AccountGroup__c":"a02g8000002871ZAAQ","ProductHierarchy__c":"a01g8000007otrhAAA","State__c":"a04g8000000QmaTAAS","MarginValuePercent__c":15.00},"a01g8000007otrjAAA_001g8000005VaOHAA0_a05g8000001KAc9AAG":{"Account__c":"001g8000005VaOHAA0","City__c":"a05g8000001KAc9AAG","Id":"a00g800000JZjxyAAD","ProductHierarchy__c":"a01g8000007otrjAAA","MarginValuePercent__c":25.00},"01tg8000001BArcAAG_001g8000005VaOHAA0_a04g8000000QmaTAAS":{"Account__c":"001g8000005VaOHAA0","Product__c":"01tg8000001BArcAAG","Id":"a00g800000JZjxzAAD","State__c":"a04g8000000QmaTAAS","MarginValuePercent__c":5.00},"a01g8000007otrqAAA_a02g8000002871ZAAQ_a03g8000004x8aeAAA":{"Country__c":"a03g8000004x8aeAAA","Id":"a00g800000JZjy0AAD","AccountGroup__c":"a02g8000002871ZAAQ","ProductHierarchy__c":"a01g8000007otrqAAA","MarginValuePercent__c":30.00}}|0x7161ec47
11:42:23.1 (171247705)|VARIABLE_SCOPE_BEGIN|[20]|h|Id|false|false
11:42:23.1 (171471601)|VARIABLE_ASSIGNMENT|[20]|h|"a01g8000007otrhAAA"
11:42:23.1 (171478256)|VARIABLE_SCOPE_BEGIN|[20]|cliente|Account|true|false
11:42:23.1 (171517288)|VARIABLE_ASSIGNMENT|[20]|cliente|{"AccountGroup__c":"a02g8000002871ZAAQ","Id":"001g8000005VaOHAA0"}|0x59a56473
11:42:23.1 (171528896)|STATEMENT_EXECUTE|[20]
11:42:23.1 (171530060)|STATEMENT_EXECUTE|[21]
11:42:23.1 (171549954)|VARIABLE_SCOPE_BEGIN|[21]|p|Id|false|false
11:42:23.1 (171601192)|VARIABLE_ASSIGNMENT|[21]|p|"01tg8000001BArVAAW"
11:42:23.1 (171603682)|STATEMENT_EXECUTE|[22]
11:42:23.1 (171609338)|VARIABLE_SCOPE_BEGIN|[22]|a|Id|false|false
11:42:23.1 (171627969)|VARIABLE_ASSIGNMENT|[22]|a|"001g8000005VaOHAA0"
11:42:23.1 (171630088)|STATEMENT_EXECUTE|[23]
11:42:23.1 (171649561)|VARIABLE_SCOPE_BEGIN|[23]|g|Id|false|false
11:42:23.1 (171679341)|VARIABLE_ASSIGNMENT|[23]|g|"a02g8000002871ZAAQ"
11:42:23.1 (171682819)|STATEMENT_EXECUTE|[24]
11:42:23.1 (171696190)|VARIABLE_SCOPE_BEGIN|[24]|c|Id|false|false
11:42:23.1 (171716050)|VARIABLE_ASSIGNMENT|[24]|c|"a05g8000001KAc9AAG"
11:42:23.1 (171718239)|STATEMENT_EXECUTE|[25]
11:42:23.1 (171721742)|VARIABLE_SCOPE_BEGIN|[25]|e|Id|false|false
11:42:23.1 (171738504)|VARIABLE_ASSIGNMENT|[25]|e|"a04g8000000QmaTAAS"
11:42:23.1 (171740959)|STATEMENT_EXECUTE|[26]
11:42:23.1 (171747600)|VARIABLE_SCOPE_BEGIN|[26]|pa|Id|false|false
11:42:23.1 (171765082)|VARIABLE_ASSIGNMENT|[26]|pa|"a03g8000004x8aeAAA"
11:42:23.1 (171863316)|HEAP_ALLOCATE|[29]|Bytes:18
11:42:23.1 (171881575)|HEAP_ALLOCATE|[29]|Bytes:18
11:42:23.1 (171888253)|HEAP_ALLOCATE|[29]|Bytes:18
11:42:23.1 (171897304)|HEAP_ALLOCATE|[29]|Bytes:56
11:42:23.1 (171915207)|STATEMENT_EXECUTE|[29]
11:42:23.1 (171924019)|HEAP_ALLOCATE|[30]|Bytes:18
11:42:23.1 (171930941)|HEAP_ALLOCATE|[30]|Bytes:18
11:42:23.1 (171937434)|HEAP_ALLOCATE|[30]|Bytes:18
11:42:23.1 (171941765)|HEAP_ALLOCATE|[30]|Bytes:56
11:42:23.1 (171946709)|STATEMENT_EXECUTE|[30]
11:42:23.1 (171953094)|HEAP_ALLOCATE|[31]|Bytes:18
11:42:23.1 (171959330)|HEAP_ALLOCATE|[31]|Bytes:18
11:42:23.1 (171965279)|HEAP_ALLOCATE|[31]|Bytes:18
11:42:23.1 (171969486)|HEAP_ALLOCATE|[31]|Bytes:56
11:42:23.1 (171973875)|STATEMENT_EXECUTE|[31]
11:42:23.1 (171979924)|HEAP_ALLOCATE|[32]|Bytes:18
11:42:23.1 (171986122)|HEAP_ALLOCATE|[32]|Bytes:18
11:42:23.1 (171991992)|HEAP_ALLOCATE|[32]|Bytes:18
11:42:23.1 (171996099)|HEAP_ALLOCATE|[32]|Bytes:56
11:42:23.1 (172000640)|STATEMENT_EXECUTE|[32]
11:42:23.1 (172007476)|HEAP_ALLOCATE|[33]|Bytes:18
11:42:23.1 (172013866)|HEAP_ALLOCATE|[33]|Bytes:18
11:42:23.1 (172019645)|HEAP_ALLOCATE|[33]|Bytes:18
11:42:23.1 (172023780)|HEAP_ALLOCATE|[33]|Bytes:56
11:42:23.1 (172028087)|STATEMENT_EXECUTE|[33]
11:42:23.1 (172033798)|HEAP_ALLOCATE|[34]|Bytes:18
11:42:23.1 (172039938)|HEAP_ALLOCATE|[34]|Bytes:18
11:42:23.1 (172045895)|HEAP_ALLOCATE|[34]|Bytes:18
11:42:23.1 (172050040)|HEAP_ALLOCATE|[34]|Bytes:56
11:42:23.1 (172054260)|STATEMENT_EXECUTE|[34]
11:42:23.1 (172060047)|HEAP_ALLOCATE|[36]|Bytes:18
11:42:23.1 (172066181)|HEAP_ALLOCATE|[36]|Bytes:18
11:42:23.1 (172071987)|HEAP_ALLOCATE|[36]|Bytes:18
11:42:23.1 (172076047)|HEAP_ALLOCATE|[36]|Bytes:56
11:42:23.1 (172080695)|STATEMENT_EXECUTE|[36]
11:42:23.1 (172086168)|HEAP_ALLOCATE|[37]|Bytes:18
11:42:23.1 (172094495)|HEAP_ALLOCATE|[37]|Bytes:18
11:42:23.1 (172104089)|HEAP_ALLOCATE|[37]|Bytes:18
11:42:23.1 (172110252)|HEAP_ALLOCATE|[37]|Bytes:56
11:42:23.1 (172117195)|STATEMENT_EXECUTE|[37]
11:42:23.1 (172127570)|HEAP_ALLOCATE|[38]|Bytes:18
11:42:23.1 (172142947)|HEAP_ALLOCATE|[38]|Bytes:18
11:42:23.1 (172149216)|HEAP_ALLOCATE|[38]|Bytes:18
11:42:23.1 (172153325)|HEAP_ALLOCATE|[38]|Bytes:56
11:42:23.1 (172158614)|STATEMENT_EXECUTE|[38]
11:42:23.1 (172164877)|HEAP_ALLOCATE|[39]|Bytes:18
11:42:23.1 (172171312)|HEAP_ALLOCATE|[39]|Bytes:18
11:42:23.1 (172177162)|HEAP_ALLOCATE|[39]|Bytes:18
11:42:23.1 (172181444)|HEAP_ALLOCATE|[39]|Bytes:56
11:42:23.1 (172186190)|STATEMENT_EXECUTE|[39]
11:42:23.1 (172192016)|HEAP_ALLOCATE|[40]|Bytes:18
11:42:23.1 (172198146)|HEAP_ALLOCATE|[40]|Bytes:18
11:42:23.1 (172204064)|HEAP_ALLOCATE|[40]|Bytes:18
11:42:23.1 (172208079)|HEAP_ALLOCATE|[40]|Bytes:56
11:42:23.1 (172212715)|STATEMENT_EXECUTE|[40]
11:42:23.1 (172215844)|HEAP_ALLOCATE|[40]|Bytes:18
11:42:23.1 (172221755)|HEAP_ALLOCATE|[40]|Bytes:18
11:42:23.1 (172227639)|HEAP_ALLOCATE|[40]|Bytes:18
11:42:23.1 (172231649)|HEAP_ALLOCATE|[40]|Bytes:56
11:42:23.1 (172253609)|METHOD_EXIT|[155]|01pg8000001F8kf|PricingService.findMargin(OrderItem, Order, Map<String,Margem__c>, Id, Account)
11:42:23.1 (172259910)|VARIABLE_SCOPE_BEGIN|[155]|margem|Margem__c|true|false
11:42:23.1 (172362165)|VARIABLE_ASSIGNMENT|[155]|margem|{"Id":"a00g800000JZjxxAAD","AccountGroup__c":"a02g8000002871ZAAQ","ProductHierarchy__c":"a01g8000007otrhAAA","State__c":"a04g8000000QmaTAAS","MarginValuePercent__c":15.00}|0x1ed2e687
11:42:23.1 (172367887)|STATEMENT_EXECUTE|[156]
11:42:23.1 (172907077)|VARIABLE_ASSIGNMENT|[156]|this.MarginPercentage__c|15.00|0x3ce514e0
11:42:23.1 (172911856)|STATEMENT_EXECUTE|[159]
11:42:23.1 (172938563)|METHOD_ENTRY|[159]|01pg8000001F8kf|PricingService.findFreightValue(OrderItem, Order, Map<String,Freight__c>, Id)
11:42:23.1 (172957606)|VARIABLE_SCOPE_BEGIN|[4]|item|OrderItem|true|false
11:42:23.1 (173354380)|VARIABLE_ASSIGNMENT|[4]|item|{"IsDeleted":false,"UnitPrice":1350000.00,"Product2Id":"01tg8000001BArVAAW","PricebookEntryId":"01ug8000000XnbRAAS","TotalPrice":1350000.00,"Quantity":1.00,"MarginPercentage__c":15.00,"TaxPercentage__c":18.00,"ListPrice":1350000.00,"OrderId":"801g8000007E9NdAAK"}|0x3ce514e0
11:42:23.1 (173361133)|VARIABLE_SCOPE_BEGIN|[4]|pedido|Order|true|false
11:42:23.1 (173408422)|VARIABLE_ASSIGNMENT|[4]|pedido|{"DistributionCenter__c":"a06g8000000wkLpAAI","City__c":"a05g8000001KAc9AAG","Country__c":"a03g8000004x8aeAAA","Id":"801g8000007E9NdAAK","AccountId":"001g8000005VaOHAA0","State__c":"a04g8000000QmaTAAS"}|0x14053bbc
11:42:23.1 (173412939)|VARIABLE_SCOPE_BEGIN|[4]|mapFrete|Map<String,Freight__c>|true|false
11:42:23.1 (173489891)|VARIABLE_ASSIGNMENT|[4]|mapFrete|{"a01g8000007otrhAAA_a04g8000000QmaTAAS":{"DistributionCenter__c":"a06g8000000wkLpAAI","Id":"a0Ag8000000XacwEAC","State__c":"a04g8000000QmaTAAS","ProductHierarchy__c":"a01g8000007otrhAAA","FreightValue__c":800.00},"a01g8000007otrjAAA_a05g8000001KAc9AAG":{"DistributionCenter__c":"a06g8000000wkLpAAI","City__c":"a05g8000001KAc9AAG","Id":"a0Ag8000000XacxEAC","ProductHierarchy__c":"a01g8000007otrjAAA","FreightValue__c":500.00},"01tg8000001BArcAAG_a04g8000000QmaTAAS":{"DistributionCenter__c":"a06g8000000wkLpAAI","Product__c":"01tg8000001BArcAAG","Id":"a0Ag8000000XacyEAC","State__c":"a04g8000000QmaTAAS","FreightValue__c":150.00},"a01g8000007otrqAAA_a03g8000004x8aeAAA":{"DistributionCenter__c":"a06g8000000wkLpAAI","Country__c":"a03g8000004x8aeAAA","Id":"a0Ag8000000XaczEAC","ProductHierarchy__c":"a01g8000007otrqAAA","FreightValue__c":50.00}}|0x2d6ee35f
11:42:23.1 (173498585)|VARIABLE_SCOPE_BEGIN|[4]|h|Id|false|false
11:42:23.1 (173564413)|VARIABLE_ASSIGNMENT|[4]|h|"a01g8000007otrhAAA"
11:42:23.1 (173569735)|STATEMENT_EXECUTE|[4]
11:42:23.1 (173570689)|STATEMENT_EXECUTE|[5]
11:42:23.1 (173576788)|VARIABLE_SCOPE_BEGIN|[5]|p|Id|false|false
11:42:23.1 (173598156)|VARIABLE_ASSIGNMENT|[5]|p|"01tg8000001BArVAAW"
11:42:23.1 (173600819)|STATEMENT_EXECUTE|[6]
11:42:23.1 (173603991)|VARIABLE_SCOPE_BEGIN|[6]|c|Id|false|false
11:42:23.1 (173621506)|VARIABLE_ASSIGNMENT|[6]|c|"a05g8000001KAc9AAG"
11:42:23.1 (173624010)|STATEMENT_EXECUTE|[7]
11:42:23.1 (173626534)|VARIABLE_SCOPE_BEGIN|[7]|e|Id|false|false
11:42:23.1 (173643345)|VARIABLE_ASSIGNMENT|[7]|e|"a04g8000000QmaTAAS"
11:42:23.1 (173645755)|STATEMENT_EXECUTE|[8]
11:42:23.1 (173648234)|VARIABLE_SCOPE_BEGIN|[8]|pa|Id|false|false
11:42:23.1 (173664825)|VARIABLE_ASSIGNMENT|[8]|pa|"a03g8000004x8aeAAA"
11:42:23.1 (173695015)|HEAP_ALLOCATE|[10]|Bytes:18
11:42:23.1 (173707567)|HEAP_ALLOCATE|[10]|Bytes:18
11:42:23.1 (173714918)|HEAP_ALLOCATE|[10]|Bytes:37
11:42:23.1 (173725175)|STATEMENT_EXECUTE|[10]
11:42:23.1 (173733232)|HEAP_ALLOCATE|[11]|Bytes:18
11:42:23.1 (173740002)|HEAP_ALLOCATE|[11]|Bytes:18
11:42:23.1 (173744591)|HEAP_ALLOCATE|[11]|Bytes:37
11:42:23.1 (173749144)|STATEMENT_EXECUTE|[11]
11:42:23.1 (173755491)|HEAP_ALLOCATE|[12]|Bytes:18
11:42:23.1 (173761994)|HEAP_ALLOCATE|[12]|Bytes:18
11:42:23.1 (173765990)|HEAP_ALLOCATE|[12]|Bytes:37
11:42:23.1 (173771528)|STATEMENT_EXECUTE|[12]
11:42:23.1 (173780014)|HEAP_ALLOCATE|[13]|Bytes:18
11:42:23.1 (173789101)|HEAP_ALLOCATE|[13]|Bytes:18
11:42:23.1 (173794915)|HEAP_ALLOCATE|[13]|Bytes:37
11:42:23.1 (173801796)|STATEMENT_EXECUTE|[13]
11:42:23.1 (173811317)|HEAP_ALLOCATE|[14]|Bytes:18
11:42:23.1 (173820139)|HEAP_ALLOCATE|[14]|Bytes:18
11:42:23.1 (173826200)|HEAP_ALLOCATE|[14]|Bytes:37
11:42:23.1 (173832433)|STATEMENT_EXECUTE|[14]
11:42:23.1 (173837734)|HEAP_ALLOCATE|[14]|Bytes:18
11:42:23.1 (173846759)|HEAP_ALLOCATE|[14]|Bytes:18
11:42:23.1 (173853054)|HEAP_ALLOCATE|[14]|Bytes:37
11:42:23.1 (173892145)|METHOD_EXIT|[159]|01pg8000001F8kf|PricingService.findFreightValue(OrderItem, Order, Map<String,Freight__c>, Id)
11:42:23.1 (174497348)|VARIABLE_ASSIGNMENT|[159]|this.FreightValue__c|800.00|0x3ce514e0
11:42:23.1 (174507330)|STATEMENT_EXECUTE|[162]
11:42:23.1 (174534761)|VARIABLE_SCOPE_BEGIN|[162]|custoUnitario|Decimal|false|false
11:42:23.1 (174544508)|VARIABLE_ASSIGNMENT|[162]|custoUnitario|900000.00
11:42:23.1 (174548141)|STATEMENT_EXECUTE|[165]
11:42:23.1 (174552010)|HEAP_ALLOCATE|[165]|Bytes:57
11:42:23.1 (174593737)|HEAP_ALLOCATE|[165]|Bytes:18
11:42:23.1 (174606363)|HEAP_ALLOCATE|[165]|Bytes:75
11:42:23.1 (174641469)|USER_DEBUG|[165]|DEBUG|>>> [DIAGNÓSTICO] Verificando parâmetros para o produto: 01tg8000001BArVAAW
11:42:23.1 (174652063)|STATEMENT_EXECUTE|[166]
11:42:23.1 (174653941)|HEAP_ALLOCATE|[166]|Bytes:23
11:42:23.1 (174668193)|HEAP_ALLOCATE|[166]|Bytes:9
11:42:23.1 (174673571)|HEAP_ALLOCATE|[166]|Bytes:32
11:42:23.1 (174678264)|USER_DEBUG|[166]|DEBUG|>>> Custo de Produção: 900000.00
11:42:23.1 (174682776)|STATEMENT_EXECUTE|[167]
11:42:23.1 (174684015)|HEAP_ALLOCATE|[167]|Bytes:20
11:42:23.1 (174708141)|HEAP_ALLOCATE|[167]|Bytes:28
11:42:23.1 (174718439)|HEAP_ALLOCATE|[167]|Bytes:6
11:42:23.1 (174723104)|HEAP_ALLOCATE|[167]|Bytes:26
11:42:23.1 (174727341)|USER_DEBUG|[167]|DEBUG|>>> Valor de Frete: 800.00
11:42:23.1 (174730897)|STATEMENT_EXECUTE|[168]
11:42:23.1 (174759871)|HEAP_ALLOCATE|[168]|Bytes:28
11:42:23.1 (174774769)|HEAP_ALLOCATE|[168]|Bytes:28
11:42:23.1 (174787755)|HEAP_ALLOCATE|[168]|Bytes:5
11:42:23.1 (174794681)|HEAP_ALLOCATE|[168]|Bytes:33
11:42:23.1 (174802088)|USER_DEBUG|[168]|DEBUG|>>> Porcentagem de Imposto: 18.00
11:42:23.1 (174807483)|STATEMENT_EXECUTE|[169]
11:42:23.1 (174810034)|HEAP_ALLOCATE|[169]|Bytes:23
11:42:23.1 (174825341)|HEAP_ALLOCATE|[169]|Bytes:4
11:42:23.1 (174832139)|HEAP_ALLOCATE|[169]|Bytes:27
11:42:23.1 (174837839)|USER_DEBUG|[169]|DEBUG|>>> Margem encontrada? true
11:42:23.1 (174843069)|STATEMENT_EXECUTE|[170]
11:42:23.1 (174844137)|STATEMENT_EXECUTE|[171]
11:42:23.1 (174845834)|HEAP_ALLOCATE|[171]|Bytes:27
11:42:23.1 (174866589)|HEAP_ALLOCATE|[171]|Bytes:5
11:42:23.1 (174873605)|HEAP_ALLOCATE|[171]|Bytes:32
11:42:23.1 (174879443)|USER_DEBUG|[171]|DEBUG|>>> Porcentagem de Margem: 15.00
11:42:23.1 (174892592)|HEAP_ALLOCATE|[175]|Bytes:28
11:42:23.1 (174895154)|HEAP_ALLOCATE|[175]|Bytes:28
11:42:23.1 (174927816)|HEAP_ALLOCATE|[176]|Bytes:28
11:42:23.1 (174943870)|HEAP_ALLOCATE|[178]|Bytes:28
11:42:23.1 (174949811)|HEAP_ALLOCATE|[178]|Bytes:28
11:42:23.1 (174952188)|HEAP_ALLOCATE|[178]|Bytes:28
11:42:23.1 (174977901)|STATEMENT_EXECUTE|[175]
11:42:23.1 (174979368)|STATEMENT_EXECUTE|[185]
11:42:23.1 (174983886)|HEAP_ALLOCATE|[185]|Bytes:28
11:42:23.1 (174989291)|HEAP_ALLOCATE|[185]|Bytes:28
11:42:23.1 (175007613)|METHOD_ENTRY|[185]|01pg8000001F8kf|PricingService.calculateFinalPrice(OrderItem, Decimal, Margem__c, Decimal, Decimal)
11:42:23.1 (175027251)|VARIABLE_SCOPE_BEGIN|[46]|item|OrderItem|true|false
11:42:23.1 (175717022)|VARIABLE_ASSIGNMENT|[46]|item|{"IsDeleted":false,"UnitPrice":1350000.00,"Product2Id":"01tg8000001BArVAAW","PricebookEntryId":"01ug8000000XnbRAAS","TotalPrice":1350000.00,"Quantity":1.00,"MarginPercentage__c":15.00,"TaxPercentage__c":18.00,"ListPrice":1350000.00,"OrderId":"801g8000007E9NdAAK","FreightValue__c":800.00}|0x3ce514e0
11:42:23.1 (175735413)|VARIABLE_SCOPE_BEGIN|[46]|frete|Decimal|false|false
11:42:23.1 (175745254)|VARIABLE_ASSIGNMENT|[46]|frete|800.00
11:42:23.1 (175751150)|VARIABLE_SCOPE_BEGIN|[46]|margem|Margem__c|true|false
11:42:23.1 (175816931)|VARIABLE_ASSIGNMENT|[46]|margem|{"Id":"a00g800000JZjxxAAD","AccountGroup__c":"a02g8000002871ZAAQ","ProductHierarchy__c":"a01g8000007otrhAAA","State__c":"a04g8000000QmaTAAS","MarginValuePercent__c":15.00}|0x1ed2e687
11:42:23.1 (175823606)|VARIABLE_SCOPE_BEGIN|[46]|impostoPercent|Decimal|false|false
11:42:23.1 (175830734)|VARIABLE_ASSIGNMENT|[46]|impostoPercent|18.00
11:42:23.1 (175834359)|VARIABLE_SCOPE_BEGIN|[46]|custo|Decimal|false|false
11:42:23.1 (175839770)|VARIABLE_ASSIGNMENT|[46]|custo|900000.00
11:42:23.1 (175848573)|STATEMENT_EXECUTE|[46]
11:42:23.1 (175850005)|STATEMENT_EXECUTE|[47]
11:42:23.1 (175873718)|VARIABLE_SCOPE_BEGIN|[47]|mPerc|Decimal|false|false
11:42:23.1 (175881922)|VARIABLE_ASSIGNMENT|[47]|mPerc|15.00
11:42:23.1 (175884775)|STATEMENT_EXECUTE|[48]
11:42:23.1 (175886516)|VARIABLE_SCOPE_BEGIN|[48]|iPerc|Decimal|false|false
11:42:23.1 (175892040)|VARIABLE_ASSIGNMENT|[48]|iPerc|18.00
11:42:23.1 (175894557)|STATEMENT_EXECUTE|[49]
11:42:23.1 (175896299)|VARIABLE_SCOPE_BEGIN|[49]|custoProd|Decimal|false|false
11:42:23.1 (175901626)|VARIABLE_ASSIGNMENT|[49]|custoProd|900000.00
11:42:23.1 (175904171)|STATEMENT_EXECUTE|[50]
11:42:23.1 (175905634)|VARIABLE_SCOPE_BEGIN|[50]|freteVal|Decimal|false|false
11:42:23.1 (175911159)|VARIABLE_ASSIGNMENT|[50]|freteVal|800.00
11:42:23.1 (175914104)|STATEMENT_EXECUTE|[53]
11:42:23.1 (175992527)|HEAP_ALLOCATE|[53]|Bytes:28
11:42:23.1 (176006221)|VARIABLE_SCOPE_BEGIN|[53]|precoBase|Decimal|false|false
11:42:23.1 (176014094)|VARIABLE_ASSIGNMENT|[53]|precoBase|900800.00
11:42:23.1 (176017355)|STATEMENT_EXECUTE|[56]
11:42:23.1 (176030134)|HEAP_ALLOCATE|[56]|Bytes:28
11:42:23.1 (176032742)|HEAP_ALLOCATE|[56]|Bytes:28
11:42:23.1 (176038191)|HEAP_ALLOCATE|[56]|Bytes:28
11:42:23.1 (176206501)|HEAP_ALLOCATE|[56]|Bytes:28
11:42:23.1 (176210842)|HEAP_ALLOCATE|[56]|Bytes:28
11:42:23.1 (176229819)|HEAP_ALLOCATE|[56]|Bytes:28
11:42:23.1 (176258667)|HEAP_ALLOCATE|[56]|Bytes:28
11:42:23.1 (176266413)|VARIABLE_SCOPE_BEGIN|[56]|precoSemMargem|Decimal|false|false
11:42:23.1 (176275628)|VARIABLE_ASSIGNMENT|[56]|precoSemMargem|1062944.0000
11:42:23.1 (176278779)|STATEMENT_EXECUTE|[59]
11:42:23.1 (176283457)|HEAP_ALLOCATE|[59]|Bytes:28
11:42:23.1 (176286156)|HEAP_ALLOCATE|[59]|Bytes:28
11:42:23.1 (176325451)|HEAP_ALLOCATE|[59]|Bytes:28
11:42:23.1 (176361026)|HEAP_ALLOCATE|[59]|Bytes:28
11:42:23.1 (176364071)|HEAP_ALLOCATE|[59]|Bytes:28
11:42:23.1 (176375995)|HEAP_ALLOCATE|[59]|Bytes:28
11:42:23.1 (176386531)|HEAP_ALLOCATE|[59]|Bytes:28
11:42:23.1 (176392675)|VARIABLE_SCOPE_BEGIN|[59]|precoCalculado|Decimal|false|false
11:42:23.1 (176399946)|VARIABLE_ASSIGNMENT|[59]|precoCalculado|1222385.600000
11:42:23.1 (176403407)|STATEMENT_EXECUTE|[62]
11:42:23.1 (177102901)|VARIABLE_ASSIGNMENT|[62]|this.MarginPercentage__c|15.00|0x3ce514e0
11:42:23.1 (177112329)|STATEMENT_EXECUTE|[63]
11:42:23.1 (177490156)|VARIABLE_ASSIGNMENT|[63]|this.FreightValue__c|800.00|0x3ce514e0
11:42:23.1 (177493795)|STATEMENT_EXECUTE|[64]
11:42:23.1 (177825866)|VARIABLE_ASSIGNMENT|[64]|this.TaxPercentage__c|18.00|0x3ce514e0
11:42:23.1 (177829512)|STATEMENT_EXECUTE|[65]
11:42:23.1 (178247963)|VARIABLE_ASSIGNMENT|[65]|this.PriceWithoutMargin__c|1062944.0000|0x3ce514e0
11:42:23.1 (178253299)|STATEMENT_EXECUTE|[66]
11:42:23.1 (178597838)|VARIABLE_ASSIGNMENT|[66]|this.FinalPrice__c|1222385.600000|0x3ce514e0
11:42:23.1 (178601391)|STATEMENT_EXECUTE|[69]
11:42:23.1 (178634920)|VARIABLE_SCOPE_BEGIN|[69]|unitPriceDigitado|Decimal|false|false
11:42:23.1 (178642718)|VARIABLE_ASSIGNMENT|[69]|unitPriceDigitado|1350000.00
11:42:23.1 (178657136)|HEAP_ALLOCATE|[72]|Bytes:28
11:42:23.1 (178660334)|HEAP_ALLOCATE|[72]|Bytes:28
11:42:23.1 (178707151)|STATEMENT_EXECUTE|[72]
11:42:23.1 (178708316)|STATEMENT_EXECUTE|[73]
11:42:23.1 (178744130)|HEAP_ALLOCATE|[73]|Bytes:28
11:42:23.1 (178848137)|HEAP_ALLOCATE|[73]|Bytes:28
11:42:23.1 (178850050)|HEAP_ALLOCATE|[73]|Bytes:28
11:42:23.1 (179268745)|VARIABLE_ASSIGNMENT|[73]|this.DiscountPercentage__c|-0.104397826675968695966313739297976|0x3ce514e0
11:42:23.1 (179282411)|METHOD_EXIT|[185]|01pg8000001F8kf|PricingService.calculateFinalPrice(OrderItem, Decimal, Margem__c, Decimal, Decimal)
11:42:23.1 (179306751)|HEAP_ALLOCATE|[130]|Bytes:5
11:42:23.1 (179326908)|HEAP_ALLOCATE|[130]|Bytes:4
11:42:23.1 (179336793)|VARIABLE_SCOPE_BEGIN|[130]|item|OrderItem|true|false
11:42:23.1 (179685483)|VARIABLE_ASSIGNMENT|[130]|item|{"IsDeleted":false,"UnitPrice":19500.00,"Product2Id":"01tg8000001BArcAAG","PricebookEntryId":"01ug8000000XoZ7AAK","TotalPrice":19500.00,"Quantity":1.00,"ListPrice":19500.00,"OrderId":"801g8000007E9NdAAK"}|0x268d8735
11:42:23.1 (179691771)|STATEMENT_EXECUTE|[130]
11:42:23.1 (179692870)|STATEMENT_EXECUTE|[131]
11:42:23.1 (179715220)|VARIABLE_SCOPE_BEGIN|[131]|pedido|Order|true|false
11:42:23.1 (179770564)|VARIABLE_ASSIGNMENT|[131]|pedido|{"DistributionCenter__c":"a06g8000000wkLpAAI","City__c":"a05g8000001KAc9AAG","Country__c":"a03g8000004x8aeAAA","Id":"801g8000007E9NdAAK","AccountId":"001g8000005VaOHAA0","State__c":"a04g8000000QmaTAAS"}|0x14053bbc
11:42:23.1 (179775110)|STATEMENT_EXECUTE|[132]
11:42:23.1 (179786106)|VARIABLE_SCOPE_BEGIN|[132]|produto|Product2|true|false
11:42:23.1 (179815243)|VARIABLE_ASSIGNMENT|[132]|produto|{"ProductionCost__c":12000.00,"ProductHierarchy__c":"a01g8000007otrpAAA","Id":"01tg8000001BArcAAG"}|0x6731161
11:42:23.1 (179818886)|STATEMENT_EXECUTE|[133]
11:42:23.1 (179831099)|VARIABLE_SCOPE_BEGIN|[133]|cliente|Account|true|false
11:42:23.1 (179853226)|VARIABLE_ASSIGNMENT|[133]|cliente|{"AccountGroup__c":"a02g8000002871ZAAQ","Id":"001g8000005VaOHAA0"}|0x59a56473
11:42:23.1 (179867181)|HEAP_ALLOCATE|[135]|Bytes:28
11:42:23.1 (179869347)|HEAP_ALLOCATE|[135]|Bytes:28
11:42:23.1 (179888998)|HEAP_ALLOCATE|[135]|Bytes:28
11:42:23.1 (179890685)|HEAP_ALLOCATE|[135]|Bytes:28
11:42:23.1 (179899579)|STATEMENT_EXECUTE|[135]
11:42:23.1 (179902366)|STATEMENT_EXECUTE|[142]
11:42:23.1 (179903312)|STATEMENT_EXECUTE|[146]
11:42:23.1 (179910676)|HEAP_ALLOCATE|[146]|Bytes:18
11:42:23.1 (179919988)|HEAP_ALLOCATE|[147]|Bytes:18
11:42:23.1 (179928446)|HEAP_ALLOCATE|[148]|Bytes:18
11:42:23.1 (179934851)|HEAP_ALLOCATE|[146]|Bytes:54
11:42:23.1 (179937846)|VARIABLE_SCOPE_BEGIN|[146]|keyOrderItemImposto|String|false|false
11:42:23.1 (179944466)|VARIABLE_ASSIGNMENT|[146]|keyOrderItemImposto|"01tg8000001BArcAAGa0 (34 more) ..."
11:42:23.1 (179947208)|STATEMENT_EXECUTE|[150]
11:42:23.1 (179959525)|VARIABLE_SCOPE_BEGIN|[150]|impostoEncontrado|Tax__c|true|false
11:42:23.1 (180008711)|VARIABLE_ASSIGNMENT|[150]|impostoEncontrado|{"DistributionCenter__c":"a06g8000000wkLpAAI","Product__c":"01tg8000001BArcAAG","TaxRate__c":18.00,"Id":"a09g8000001l5i3AAA","State__c":"a04g8000000QmaTAAS"}|0x7282904
11:42:23.1 (180015025)|STATEMENT_EXECUTE|[152]
11:42:23.1 (180441428)|VARIABLE_ASSIGNMENT|[152]|this.TaxPercentage__c|18.00|0x268d8735
11:42:23.1 (180445764)|STATEMENT_EXECUTE|[155]
11:42:23.1 (180459621)|METHOD_ENTRY|[155]|01pg8000001F8kf|PricingService.findMargin(OrderItem, Order, Map<String,Margem__c>, Id, Account)
11:42:23.1 (180464839)|VARIABLE_SCOPE_BEGIN|[20]|item|OrderItem|true|false
11:42:23.1 (180805579)|VARIABLE_ASSIGNMENT|[20]|item|{"IsDeleted":false,"UnitPrice":19500.00,"Product2Id":"01tg8000001BArcAAG","PricebookEntryId":"01ug8000000XoZ7AAK","TotalPrice":19500.00,"Quantity":1.00,"TaxPercentage__c":18.00,"ListPrice":19500.00,"OrderId":"801g8000007E9NdAAK"}|0x268d8735
11:42:23.1 (180810725)|VARIABLE_SCOPE_BEGIN|[20]|pedido|Order|true|false
11:42:23.1 (180847092)|VARIABLE_ASSIGNMENT|[20]|pedido|{"DistributionCenter__c":"a06g8000000wkLpAAI","City__c":"a05g8000001KAc9AAG","Country__c":"a03g8000004x8aeAAA","Id":"801g8000007E9NdAAK","AccountId":"001g8000005VaOHAA0","State__c":"a04g8000000QmaTAAS"}|0x14053bbc
11:42:23.1 (180851105)|VARIABLE_SCOPE_BEGIN|[20]|mapMargin|Map<String,Margem__c>|true|false
11:42:23.1 (180951250)|VARIABLE_ASSIGNMENT|[20]|mapMargin|{"a01g8000007otrhAAA_a02g8000002871ZAAQ_a04g8000000QmaTAAS":{"Id":"a00g800000JZjxxAAD","AccountGroup__c":"a02g8000002871ZAAQ","ProductHierarchy__c":"a01g8000007otrhAAA","State__c":"a04g8000000QmaTAAS","MarginValuePercent__c":15.00},"a01g8000007otrjAAA_001g8000005VaOHAA0_a05g8000001KAc9AAG":{"Account__c":"001g8000005VaOHAA0","City__c":"a05g8000001KAc9AAG","Id":"a00g800000JZjxyAAD","ProductHierarchy__c":"a01g8000007otrjAAA","MarginValuePercent__c":25.00},"01tg8000001BArcAAG_001g8000005VaOHAA0_a04g8000000QmaTAAS":{"Account__c":"001g8000005VaOHAA0","Product__c":"01tg8000001BArcAAG","Id":"a00g800000JZjxzAAD","State__c":"a04g8000000QmaTAAS","MarginValuePercent__c":5.00},"a01g8000007otrqAAA_a02g8000002871ZAAQ_a03g8000004x8aeAAA":{"Country__c":"a03g8000004x8aeAAA","Id":"a00g800000JZjy0AAD","AccountGroup__c":"a02g8000002871ZAAQ","ProductHierarchy__c":"a01g8000007otrqAAA","MarginValuePercent__c":30.00}}|0x7161ec47
11:42:23.1 (180967016)|VARIABLE_SCOPE_BEGIN|[20]|h|Id|false|false
11:42:23.1 (181088887)|VARIABLE_ASSIGNMENT|[20]|h|"a01g8000007otrpAAA"
11:42:23.1 (181093325)|VARIABLE_SCOPE_BEGIN|[20]|cliente|Account|true|false
11:42:23.1 (181121532)|VARIABLE_ASSIGNMENT|[20]|cliente|{"AccountGroup__c":"a02g8000002871ZAAQ","Id":"001g8000005VaOHAA0"}|0x59a56473
11:42:23.1 (181129058)|STATEMENT_EXECUTE|[20]
11:42:23.1 (181130306)|STATEMENT_EXECUTE|[21]
11:42:23.1 (181137391)|VARIABLE_SCOPE_BEGIN|[21]|p|Id|false|false
11:42:23.1 (181171941)|VARIABLE_ASSIGNMENT|[21]|p|"01tg8000001BArcAAG"
11:42:23.1 (181175713)|STATEMENT_EXECUTE|[22]
11:42:23.1 (181180520)|VARIABLE_SCOPE_BEGIN|[22]|a|Id|false|false
11:42:23.1 (181209084)|VARIABLE_ASSIGNMENT|[22]|a|"001g8000005VaOHAA0"
11:42:23.1 (181212309)|STATEMENT_EXECUTE|[23]
11:42:23.1 (181217480)|VARIABLE_SCOPE_BEGIN|[23]|g|Id|false|false
11:42:23.1 (181245770)|VARIABLE_ASSIGNMENT|[23]|g|"a02g8000002871ZAAQ"
11:42:23.1 (181249634)|STATEMENT_EXECUTE|[24]
11:42:23.1 (181253366)|VARIABLE_SCOPE_BEGIN|[24]|c|Id|false|false
11:42:23.1 (181279824)|VARIABLE_ASSIGNMENT|[24]|c|"a05g8000001KAc9AAG"
11:42:23.1 (181283161)|STATEMENT_EXECUTE|[25]
11:42:23.1 (181286451)|VARIABLE_SCOPE_BEGIN|[25]|e|Id|false|false
11:42:23.1 (181311233)|VARIABLE_ASSIGNMENT|[25]|e|"a04g8000000QmaTAAS"
11:42:23.1 (181314798)|STATEMENT_EXECUTE|[26]
11:42:23.1 (181318510)|VARIABLE_SCOPE_BEGIN|[26]|pa|Id|false|false
11:42:23.1 (181343171)|VARIABLE_ASSIGNMENT|[26]|pa|"a03g8000004x8aeAAA"
11:42:23.1 (181364387)|HEAP_ALLOCATE|[29]|Bytes:18
11:42:23.1 (181379171)|HEAP_ALLOCATE|[29]|Bytes:18
11:42:23.1 (181388739)|HEAP_ALLOCATE|[29]|Bytes:18
11:42:23.1 (181398267)|HEAP_ALLOCATE|[29]|Bytes:56
11:42:23.1 (181411724)|STATEMENT_EXECUTE|[29]
11:42:23.1 (181417098)|HEAP_ALLOCATE|[30]|Bytes:18
11:42:23.1 (181426631)|HEAP_ALLOCATE|[30]|Bytes:18
11:42:23.1 (181436011)|HEAP_ALLOCATE|[30]|Bytes:18
11:42:23.1 (181442218)|HEAP_ALLOCATE|[30]|Bytes:56
11:42:23.1 (181448765)|STATEMENT_EXECUTE|[30]
11:42:23.1 (181455615)|HEAP_ALLOCATE|[30]|Bytes:18
11:42:23.1 (181466107)|HEAP_ALLOCATE|[30]|Bytes:18
11:42:23.1 (181476155)|HEAP_ALLOCATE|[30]|Bytes:18
11:42:23.1 (181483106)|HEAP_ALLOCATE|[30]|Bytes:56
11:42:23.1 (181502467)|METHOD_EXIT|[155]|01pg8000001F8kf|PricingService.findMargin(OrderItem, Order, Map<String,Margem__c>, Id, Account)
11:42:23.1 (181509430)|VARIABLE_SCOPE_BEGIN|[155]|margem|Margem__c|true|false
11:42:23.1 (181559684)|VARIABLE_ASSIGNMENT|[155]|margem|{"Account__c":"001g8000005VaOHAA0","Product__c":"01tg8000001BArcAAG","Id":"a00g800000JZjxzAAD","State__c":"a04g8000000QmaTAAS","MarginValuePercent__c":5.00}|0x5fe09439
11:42:23.1 (181565394)|STATEMENT_EXECUTE|[156]
11:42:23.1 (182269310)|VARIABLE_ASSIGNMENT|[156]|this.MarginPercentage__c|5.00|0x268d8735
11:42:23.1 (182283389)|STATEMENT_EXECUTE|[159]
11:42:23.1 (182308136)|METHOD_ENTRY|[159]|01pg8000001F8kf|PricingService.findFreightValue(OrderItem, Order, Map<String,Freight__c>, Id)
11:42:23.1 (182318046)|VARIABLE_SCOPE_BEGIN|[4]|item|OrderItem|true|false
11:42:23.1 (182791776)|VARIABLE_ASSIGNMENT|[4]|item|{"IsDeleted":false,"UnitPrice":19500.00,"Product2Id":"01tg8000001BArcAAG","PricebookEntryId":"01ug8000000XoZ7AAK","TotalPrice":19500.00,"Quantity":1.00,"MarginPercentage__c":5.00,"TaxPercentage__c":18.00,"ListPrice":19500.00,"OrderId":"801g8000007E9NdAAK"}|0x268d8735
11:42:23.1 (182800025)|VARIABLE_SCOPE_BEGIN|[4]|pedido|Order|true|false
11:42:23.1 (182850020)|VARIABLE_ASSIGNMENT|[4]|pedido|{"DistributionCenter__c":"a06g8000000wkLpAAI","City__c":"a05g8000001KAc9AAG","Country__c":"a03g8000004x8aeAAA","Id":"801g8000007E9NdAAK","AccountId":"001g8000005VaOHAA0","State__c":"a04g8000000QmaTAAS"}|0x14053bbc
11:42:23.1 (182854403)|VARIABLE_SCOPE_BEGIN|[4]|mapFrete|Map<String,Freight__c>|true|false
11:42:23.1 (182931015)|VARIABLE_ASSIGNMENT|[4]|mapFrete|{"a01g8000007otrhAAA_a04g8000000QmaTAAS":{"DistributionCenter__c":"a06g8000000wkLpAAI","Id":"a0Ag8000000XacwEAC","State__c":"a04g8000000QmaTAAS","ProductHierarchy__c":"a01g8000007otrhAAA","FreightValue__c":800.00},"a01g8000007otrjAAA_a05g8000001KAc9AAG":{"DistributionCenter__c":"a06g8000000wkLpAAI","City__c":"a05g8000001KAc9AAG","Id":"a0Ag8000000XacxEAC","ProductHierarchy__c":"a01g8000007otrjAAA","FreightValue__c":500.00},"01tg8000001BArcAAG_a04g8000000QmaTAAS":{"DistributionCenter__c":"a06g8000000wkLpAAI","Product__c":"01tg8000001BArcAAG","Id":"a0Ag8000000XacyEAC","State__c":"a04g8000000QmaTAAS","FreightValue__c":150.00},"a01g8000007otrqAAA_a03g8000004x8aeAAA":{"DistributionCenter__c":"a06g8000000wkLpAAI","Country__c":"a03g8000004x8aeAAA","Id":"a0Ag8000000XaczEAC","ProductHierarchy__c":"a01g8000007otrqAAA","FreightValue__c":50.00}}|0x2d6ee35f
11:42:23.1 (182939645)|VARIABLE_SCOPE_BEGIN|[4]|h|Id|false|false
11:42:23.1 (183014515)|VARIABLE_ASSIGNMENT|[4]|h|"a01g8000007otrpAAA"
11:42:23.1 (183020864)|STATEMENT_EXECUTE|[4]
11:42:23.1 (183021781)|STATEMENT_EXECUTE|[5]
11:42:23.1 (183031206)|VARIABLE_SCOPE_BEGIN|[5]|p|Id|false|false
11:42:23.1 (183053691)|VARIABLE_ASSIGNMENT|[5]|p|"01tg8000001BArcAAG"
11:42:23.1 (183056662)|STATEMENT_EXECUTE|[6]
11:42:23.1 (183060378)|VARIABLE_SCOPE_BEGIN|[6]|c|Id|false|false
11:42:23.1 (183077808)|VARIABLE_ASSIGNMENT|[6]|c|"a05g8000001KAc9AAG"
11:42:23.1 (183080288)|STATEMENT_EXECUTE|[7]
11:42:23.1 (183082416)|VARIABLE_SCOPE_BEGIN|[7]|e|Id|false|false
11:42:23.1 (183099451)|VARIABLE_ASSIGNMENT|[7]|e|"a04g8000000QmaTAAS"
11:42:23.1 (183101675)|STATEMENT_EXECUTE|[8]
11:42:23.1 (183104345)|VARIABLE_SCOPE_BEGIN|[8]|pa|Id|false|false
11:42:23.1 (183120881)|VARIABLE_ASSIGNMENT|[8]|pa|"a03g8000004x8aeAAA"
11:42:23.1 (183140553)|HEAP_ALLOCATE|[10]|Bytes:18
11:42:23.1 (183153272)|HEAP_ALLOCATE|[10]|Bytes:18
11:42:23.1 (183160107)|HEAP_ALLOCATE|[10]|Bytes:37
11:42:23.1 (183170998)|STATEMENT_EXECUTE|[10]
11:42:23.1 (183174882)|HEAP_ALLOCATE|[11]|Bytes:18
11:42:23.1 (183181449)|HEAP_ALLOCATE|[11]|Bytes:18
11:42:23.1 (183185637)|HEAP_ALLOCATE|[11]|Bytes:37
11:42:23.1 (183190281)|STATEMENT_EXECUTE|[11]
11:42:23.1 (183195443)|HEAP_ALLOCATE|[11]|Bytes:18
11:42:23.1 (183201675)|HEAP_ALLOCATE|[11]|Bytes:18
11:42:23.1 (183206803)|HEAP_ALLOCATE|[11]|Bytes:37
11:42:23.1 (183233195)|METHOD_EXIT|[159]|01pg8000001F8kf|PricingService.findFreightValue(OrderItem, Order, Map<String,Freight__c>, Id)
11:42:23.1 (183674488)|VARIABLE_ASSIGNMENT|[159]|this.FreightValue__c|150.00|0x268d8735
11:42:23.1 (183678961)|STATEMENT_EXECUTE|[162]
11:42:23.1 (183689112)|VARIABLE_SCOPE_BEGIN|[162]|custoUnitario|Decimal|false|false
11:42:23.1 (183694766)|VARIABLE_ASSIGNMENT|[162]|custoUnitario|12000.00
11:42:23.1 (183697044)|STATEMENT_EXECUTE|[165]
11:42:23.1 (183707128)|HEAP_ALLOCATE|[165]|Bytes:18
11:42:23.1 (183714730)|HEAP_ALLOCATE|[165]|Bytes:75
11:42:23.1 (183737952)|USER_DEBUG|[165]|DEBUG|>>> [DIAGNÓSTICO] Verificando parâmetros para o produto: 01tg8000001BArcAAG
11:42:23.1 (183744900)|STATEMENT_EXECUTE|[166]
11:42:23.1 (183749630)|HEAP_ALLOCATE|[166]|Bytes:8
11:42:23.1 (183754626)|HEAP_ALLOCATE|[166]|Bytes:31
11:42:23.1 (183758796)|USER_DEBUG|[166]|DEBUG|>>> Custo de Produção: 12000.00
11:42:23.1 (183762844)|STATEMENT_EXECUTE|[167]
11:42:23.1 (183770981)|HEAP_ALLOCATE|[167]|Bytes:28
11:42:23.1 (183776907)|HEAP_ALLOCATE|[167]|Bytes:6
11:42:23.1 (183781396)|HEAP_ALLOCATE|[167]|Bytes:26
11:42:23.1 (183785223)|USER_DEBUG|[167]|DEBUG|>>> Valor de Frete: 150.00
11:42:23.1 (183788668)|STATEMENT_EXECUTE|[168]
11:42:23.1 (183793142)|HEAP_ALLOCATE|[168]|Bytes:28
11:42:23.1 (183797959)|HEAP_ALLOCATE|[168]|Bytes:5
11:42:23.1 (183802420)|HEAP_ALLOCATE|[168]|Bytes:33
11:42:23.1 (183806037)|USER_DEBUG|[168]|DEBUG|>>> Porcentagem de Imposto: 18.00
11:42:23.1 (183809282)|STATEMENT_EXECUTE|[169]
11:42:23.1 (183814907)|HEAP_ALLOCATE|[169]|Bytes:4
11:42:23.1 (183819448)|HEAP_ALLOCATE|[169]|Bytes:27
11:42:23.1 (183823186)|USER_DEBUG|[169]|DEBUG|>>> Margem encontrada? true
11:42:23.1 (183826891)|STATEMENT_EXECUTE|[170]
11:42:23.1 (183827801)|STATEMENT_EXECUTE|[171]
11:42:23.1 (183835939)|HEAP_ALLOCATE|[171]|Bytes:4
11:42:23.1 (183840530)|HEAP_ALLOCATE|[171]|Bytes:31
11:42:23.1 (183844297)|USER_DEBUG|[171]|DEBUG|>>> Porcentagem de Margem: 5.00
11:42:23.1 (183851311)|HEAP_ALLOCATE|[175]|Bytes:28
11:42:23.1 (183853112)|HEAP_ALLOCATE|[175]|Bytes:28
11:42:23.1 (183868008)|HEAP_ALLOCATE|[176]|Bytes:28
11:42:23.1 (183873015)|HEAP_ALLOCATE|[178]|Bytes:28
11:42:23.1 (183876045)|HEAP_ALLOCATE|[178]|Bytes:28
11:42:23.1 (183877528)|HEAP_ALLOCATE|[178]|Bytes:28
11:42:23.1 (183886424)|STATEMENT_EXECUTE|[175]
11:42:23.1 (183887387)|STATEMENT_EXECUTE|[185]
11:42:23.1 (183889870)|HEAP_ALLOCATE|[185]|Bytes:28
11:42:23.1 (183893270)|HEAP_ALLOCATE|[185]|Bytes:28
11:42:23.1 (183899251)|METHOD_ENTRY|[185]|01pg8000001F8kf|PricingService.calculateFinalPrice(OrderItem, Decimal, Margem__c, Decimal, Decimal)
11:42:23.1 (183902845)|VARIABLE_SCOPE_BEGIN|[46]|item|OrderItem|true|false
11:42:23.1 (184423689)|VARIABLE_ASSIGNMENT|[46]|item|{"IsDeleted":false,"UnitPrice":19500.00,"Product2Id":"01tg8000001BArcAAG","PricebookEntryId":"01ug8000000XoZ7AAK","TotalPrice":19500.00,"Quantity":1.00,"MarginPercentage__c":5.00,"TaxPercentage__c":18.00,"ListPrice":19500.00,"OrderId":"801g8000007E9NdAAK","FreightValue__c":150.00}|0x268d8735
11:42:23.1 (184431105)|VARIABLE_SCOPE_BEGIN|[46]|frete|Decimal|false|false
11:42:23.1 (184435815)|VARIABLE_ASSIGNMENT|[46]|frete|150.00
11:42:23.1 (184438682)|VARIABLE_SCOPE_BEGIN|[46]|margem|Margem__c|true|false
11:42:23.1 (184477120)|VARIABLE_ASSIGNMENT|[46]|margem|{"Account__c":"001g8000005VaOHAA0","Product__c":"01tg8000001BArcAAG","Id":"a00g800000JZjxzAAD","State__c":"a04g8000000QmaTAAS","MarginValuePercent__c":5.00}|0x5fe09439
11:42:23.1 (184480805)|VARIABLE_SCOPE_BEGIN|[46]|impostoPercent|Decimal|false|false
11:42:23.1 (184484671)|VARIABLE_ASSIGNMENT|[46]|impostoPercent|18.00
11:42:23.1 (184487220)|VARIABLE_SCOPE_BEGIN|[46]|custo|Decimal|false|false
11:42:23.1 (184490525)|VARIABLE_ASSIGNMENT|[46]|custo|12000.00
11:42:23.1 (184494553)|STATEMENT_EXECUTE|[46]
11:42:23.1 (184495713)|STATEMENT_EXECUTE|[47]
11:42:23.1 (184506543)|VARIABLE_SCOPE_BEGIN|[47]|mPerc|Decimal|false|false
11:42:23.1 (184511242)|VARIABLE_ASSIGNMENT|[47]|mPerc|5.00
11:42:23.1 (184513459)|STATEMENT_EXECUTE|[48]
11:42:23.1 (184514643)|VARIABLE_SCOPE_BEGIN|[48]|iPerc|Decimal|false|false
11:42:23.1 (184518377)|VARIABLE_ASSIGNMENT|[48]|iPerc|18.00
11:42:23.1 (184520202)|STATEMENT_EXECUTE|[49]
11:42:23.1 (184521476)|VARIABLE_SCOPE_BEGIN|[49]|custoProd|Decimal|false|false
11:42:23.1 (184525305)|VARIABLE_ASSIGNMENT|[49]|custoProd|12000.00
11:42:23.1 (184527274)|STATEMENT_EXECUTE|[50]
11:42:23.1 (184528474)|VARIABLE_SCOPE_BEGIN|[50]|freteVal|Decimal|false|false
11:42:23.1 (184532097)|VARIABLE_ASSIGNMENT|[50]|freteVal|150.00
11:42:23.1 (184534080)|STATEMENT_EXECUTE|[53]
11:42:23.1 (184546730)|HEAP_ALLOCATE|[53]|Bytes:28
11:42:23.1 (184552374)|VARIABLE_SCOPE_BEGIN|[53]|precoBase|Decimal|false|false
11:42:23.1 (184556392)|VARIABLE_ASSIGNMENT|[53]|precoBase|12150.00
11:42:23.1 (184558526)|STATEMENT_EXECUTE|[56]
11:42:23.1 (184562813)|HEAP_ALLOCATE|[56]|Bytes:28
11:42:23.1 (184564568)|HEAP_ALLOCATE|[56]|Bytes:28
11:42:23.1 (184568362)|HEAP_ALLOCATE|[56]|Bytes:28
11:42:23.1 (184597920)|HEAP_ALLOCATE|[56]|Bytes:28
11:42:23.1 (184599503)|HEAP_ALLOCATE|[56]|Bytes:28
11:42:23.1 (184607579)|HEAP_ALLOCATE|[56]|Bytes:28
11:42:23.1 (184617697)|HEAP_ALLOCATE|[56]|Bytes:28
11:42:23.1 (184621752)|VARIABLE_SCOPE_BEGIN|[56]|precoSemMargem|Decimal|false|false
11:42:23.1 (184626636)|VARIABLE_ASSIGNMENT|[56]|precoSemMargem|14337.0000
11:42:23.1 (184628656)|STATEMENT_EXECUTE|[59]
11:42:23.1 (184631255)|HEAP_ALLOCATE|[59]|Bytes:28
11:42:23.1 (184632821)|HEAP_ALLOCATE|[59]|Bytes:28
11:42:23.1 (184635260)|HEAP_ALLOCATE|[59]|Bytes:28
11:42:23.1 (184645213)|HEAP_ALLOCATE|[59]|Bytes:28
11:42:23.1 (184646756)|HEAP_ALLOCATE|[59]|Bytes:28
11:42:23.1 (184653617)|HEAP_ALLOCATE|[59]|Bytes:28
11:42:23.1 (184660480)|HEAP_ALLOCATE|[59]|Bytes:28
11:42:23.1 (184664445)|VARIABLE_SCOPE_BEGIN|[59]|precoCalculado|Decimal|false|false
11:42:23.1 (184668838)|VARIABLE_ASSIGNMENT|[59]|precoCalculado|15053.850000
11:42:23.1 (184671100)|STATEMENT_EXECUTE|[62]
11:42:23.1 (185050815)|VARIABLE_ASSIGNMENT|[62]|this.MarginPercentage__c|5.00|0x268d8735
11:42:23.1 (185054672)|STATEMENT_EXECUTE|[63]
11:42:23.1 (185386474)|VARIABLE_ASSIGNMENT|[63]|this.FreightValue__c|150.00|0x268d8735
11:42:23.1 (185389752)|STATEMENT_EXECUTE|[64]
11:42:23.1 (185709020)|VARIABLE_ASSIGNMENT|[64]|this.TaxPercentage__c|18.00|0x268d8735
11:42:23.1 (185712375)|STATEMENT_EXECUTE|[65]
11:42:23.1 (186029385)|VARIABLE_ASSIGNMENT|[65]|this.PriceWithoutMargin__c|14337.0000|0x268d8735
11:42:23.1 (186032888)|STATEMENT_EXECUTE|[66]
11:42:23.1 (186349897)|VARIABLE_ASSIGNMENT|[66]|this.FinalPrice__c|15053.850000|0x268d8735
11:42:23.1 (186353040)|STATEMENT_EXECUTE|[69]
11:42:23.1 (186360889)|VARIABLE_SCOPE_BEGIN|[69]|unitPriceDigitado|Decimal|false|false
11:42:23.1 (186365770)|VARIABLE_ASSIGNMENT|[69]|unitPriceDigitado|19500.00
11:42:23.1 (186371374)|HEAP_ALLOCATE|[72]|Bytes:28
11:42:23.1 (186373193)|HEAP_ALLOCATE|[72]|Bytes:28
11:42:23.1 (186387509)|STATEMENT_EXECUTE|[72]
11:42:23.1 (186388328)|STATEMENT_EXECUTE|[73]
11:42:23.1 (186395527)|HEAP_ALLOCATE|[73]|Bytes:28
11:42:23.1 (186435345)|HEAP_ALLOCATE|[73]|Bytes:28
11:42:23.1 (186437326)|HEAP_ALLOCATE|[73]|Bytes:28
11:42:23.1 (186792904)|VARIABLE_ASSIGNMENT|[73]|this.DiscountPercentage__c|-0.295349694596398927849022010980580|0x268d8735
11:42:23.1 (186804011)|METHOD_EXIT|[185]|01pg8000001F8kf|PricingService.calculateFinalPrice(OrderItem, Decimal, Margem__c, Decimal, Decimal)
11:42:23.1 (186824911)|HEAP_ALLOCATE|[130]|Bytes:5
11:42:23.1 (186842409)|HEAP_ALLOCATE|[130]|Bytes:4
11:42:23.1 (186850243)|VARIABLE_SCOPE_BEGIN|[130]|item|OrderItem|true|false
11:42:23.1 (187194170)|VARIABLE_ASSIGNMENT|[130]|item|{"IsDeleted":false,"UnitPrice":1280000.00,"Product2Id":"01tg8000001BArWAAW","PricebookEntryId":"01ug8000000XnjVAAS","TotalPrice":1280000.00,"Quantity":1.00,"ListPrice":1280000.00,"OrderId":"801g8000007DOjhAAG"}|0x725afdb4
11:42:23.1 (187200748)|STATEMENT_EXECUTE|[130]
11:42:23.1 (187201675)|STATEMENT_EXECUTE|[131]
11:42:23.1 (187219438)|VARIABLE_SCOPE_BEGIN|[131]|pedido|Order|true|false
11:42:23.1 (187266710)|VARIABLE_ASSIGNMENT|[131]|pedido|{"DistributionCenter__c":"a06g8000000wkLpAAI","City__c":"a05g8000001i8KfAAI","Country__c":"a03g8000004x8aeAAA","Id":"801g8000007DOjhAAG","AccountId":"001g8000005VaOHAA0","State__c":"a04g8000000VkhhAAC"}|0x3b6136a1
11:42:23.1 (187273916)|STATEMENT_EXECUTE|[132]
11:42:23.1 (187284821)|VARIABLE_SCOPE_BEGIN|[132]|produto|Product2|true|false
11:42:23.1 (187310431)|VARIABLE_ASSIGNMENT|[132]|produto|{"ProductionCost__c":850000.00,"ProductHierarchy__c":"a01g8000007otrhAAA","Id":"01tg8000001BArWAAW"}|0x56fbb172
11:42:23.1 (187313637)|STATEMENT_EXECUTE|[133]
11:42:23.1 (187324926)|VARIABLE_SCOPE_BEGIN|[133]|cliente|Account|true|false
11:42:23.1 (187343747)|VARIABLE_ASSIGNMENT|[133]|cliente|{"AccountGroup__c":"a02g8000002871ZAAQ","Id":"001g8000005VaOHAA0"}|0x59a56473
11:42:23.1 (187354330)|HEAP_ALLOCATE|[135]|Bytes:28
11:42:23.1 (187356272)|HEAP_ALLOCATE|[135]|Bytes:28
11:42:23.1 (187371650)|HEAP_ALLOCATE|[135]|Bytes:28
11:42:23.1 (187373487)|HEAP_ALLOCATE|[135]|Bytes:28
11:42:23.1 (187382018)|STATEMENT_EXECUTE|[135]
11:42:23.1 (187384432)|STATEMENT_EXECUTE|[142]
11:42:23.1 (187385446)|STATEMENT_EXECUTE|[146]
11:42:23.1 (187392217)|HEAP_ALLOCATE|[146]|Bytes:18
11:42:23.1 (187400479)|HEAP_ALLOCATE|[147]|Bytes:18
11:42:23.1 (187408617)|HEAP_ALLOCATE|[148]|Bytes:18
11:42:23.1 (187414375)|HEAP_ALLOCATE|[146]|Bytes:54
11:42:23.1 (187417272)|VARIABLE_SCOPE_BEGIN|[146]|keyOrderItemImposto|String|false|false
11:42:23.1 (187423436)|VARIABLE_ASSIGNMENT|[146]|keyOrderItemImposto|"01tg8000001BArWAAWa0 (34 more) ..."
11:42:23.1 (187425620)|STATEMENT_EXECUTE|[150]
11:42:23.1 (187433590)|VARIABLE_SCOPE_BEGIN|[150]|impostoEncontrado|Tax__c|true|false
11:42:23.1 (187438288)|VARIABLE_ASSIGNMENT|[150]|impostoEncontrado|null|
11:42:23.1 (187440530)|STATEMENT_EXECUTE|[152]
11:42:23.1 (187444545)|HEAP_ALLOCATE|[152]|Bytes:28
11:42:23.1 (187446281)|HEAP_ALLOCATE|[152]|Bytes:28
11:42:23.1 (187803371)|VARIABLE_ASSIGNMENT|[152]|this.TaxPercentage__c|0|0x725afdb4
11:42:23.1 (187808640)|STATEMENT_EXECUTE|[155]
11:42:23.1 (187821405)|METHOD_ENTRY|[155]|01pg8000001F8kf|PricingService.findMargin(OrderItem, Order, Map<String,Margem__c>, Id, Account)
11:42:23.1 (187827209)|VARIABLE_SCOPE_BEGIN|[20]|item|OrderItem|true|false
11:42:23.1 (188275568)|VARIABLE_ASSIGNMENT|[20]|item|{"IsDeleted":false,"UnitPrice":1280000.00,"Product2Id":"01tg8000001BArWAAW","PricebookEntryId":"01ug8000000XnjVAAS","TotalPrice":1280000.00,"Quantity":1.00,"TaxPercentage__c":0,"ListPrice":1280000.00,"OrderId":"801g8000007DOjhAAG"}|0x725afdb4
11:42:23.1 (188285685)|VARIABLE_SCOPE_BEGIN|[20]|pedido|Order|true|false
11:42:23.1 (188372040)|VARIABLE_ASSIGNMENT|[20]|pedido|{"DistributionCenter__c":"a06g8000000wkLpAAI","City__c":"a05g8000001i8KfAAI","Country__c":"a03g8000004x8aeAAA","Id":"801g8000007DOjhAAG","AccountId":"001g8000005VaOHAA0","State__c":"a04g8000000VkhhAAC"}|0x3b6136a1
11:42:23.1 (188379045)|VARIABLE_SCOPE_BEGIN|[20]|mapMargin|Map<String,Margem__c>|true|false
11:42:23.1 (188490292)|VARIABLE_ASSIGNMENT|[20]|mapMargin|{"a01g8000007otrhAAA_a02g8000002871ZAAQ_a04g8000000QmaTAAS":{"Id":"a00g800000JZjxxAAD","AccountGroup__c":"a02g8000002871ZAAQ","ProductHierarchy__c":"a01g8000007otrhAAA","State__c":"a04g8000000QmaTAAS","MarginValuePercent__c":15.00},"a01g8000007otrjAAA_001g8000005VaOHAA0_a05g8000001KAc9AAG":{"Account__c":"001g8000005VaOHAA0","City__c":"a05g8000001KAc9AAG","Id":"a00g800000JZjxyAAD","ProductHierarchy__c":"a01g8000007otrjAAA","MarginValuePercent__c":25.00},"01tg8000001BArcAAG_001g8000005VaOHAA0_a04g8000000QmaTAAS":{"Account__c":"001g8000005VaOHAA0","Product__c":"01tg8000001BArcAAG","Id":"a00g800000JZjxzAAD","State__c":"a04g8000000QmaTAAS","MarginValuePercent__c":5.00},"a01g8000007otrqAAA_a02g8000002871ZAAQ_a03g8000004x8aeAAA":{"Country__c":"a03g8000004x8aeAAA","Id":"a00g800000JZjy0AAD","AccountGroup__c":"a02g8000002871ZAAQ","ProductHierarchy__c":"a01g8000007otrqAAA","MarginValuePercent__c":30.00}}|0x7161ec47
11:42:23.1 (188504552)|VARIABLE_SCOPE_BEGIN|[20]|h|Id|false|false
11:42:23.1 (188599265)|VARIABLE_ASSIGNMENT|[20]|h|"a01g8000007otrhAAA"
11:42:23.1 (188602990)|VARIABLE_SCOPE_BEGIN|[20]|cliente|Account|true|false
11:42:23.1 (188629592)|VARIABLE_ASSIGNMENT|[20]|cliente|{"AccountGroup__c":"a02g8000002871ZAAQ","Id":"001g8000005VaOHAA0"}|0x59a56473
11:42:23.1 (188637207)|STATEMENT_EXECUTE|[20]
11:42:23.1 (188638625)|STATEMENT_EXECUTE|[21]
11:42:23.1 (188648943)|VARIABLE_SCOPE_BEGIN|[21]|p|Id|false|false
11:42:23.1 (188684191)|VARIABLE_ASSIGNMENT|[21]|p|"01tg8000001BArWAAW"
11:42:23.1 (188687960)|STATEMENT_EXECUTE|[22]
11:42:23.1 (188692531)|VARIABLE_SCOPE_BEGIN|[22]|a|Id|false|false
11:42:23.1 (188720027)|VARIABLE_ASSIGNMENT|[22]|a|"001g8000005VaOHAA0"
11:42:23.1 (188723113)|STATEMENT_EXECUTE|[23]
11:42:23.1 (188727423)|VARIABLE_SCOPE_BEGIN|[23]|g|Id|false|false
11:42:23.1 (188753055)|VARIABLE_ASSIGNMENT|[23]|g|"a02g8000002871ZAAQ"
11:42:23.1 (188756391)|STATEMENT_EXECUTE|[24]
11:42:23.1 (188760090)|VARIABLE_SCOPE_BEGIN|[24]|c|Id|false|false
11:42:23.1 (188785252)|VARIABLE_ASSIGNMENT|[24]|c|"a05g8000001i8KfAAI"
11:42:23.1 (188788444)|STATEMENT_EXECUTE|[25]
11:42:23.1 (188791705)|VARIABLE_SCOPE_BEGIN|[25]|e|Id|false|false
11:42:23.1 (188816832)|VARIABLE_ASSIGNMENT|[25]|e|"a04g8000000VkhhAAC"
11:42:23.1 (188820071)|STATEMENT_EXECUTE|[26]
11:42:23.1 (188823992)|VARIABLE_SCOPE_BEGIN|[26]|pa|Id|false|false
11:42:23.1 (188849571)|VARIABLE_ASSIGNMENT|[26]|pa|"a03g8000004x8aeAAA"
11:42:23.1 (188872195)|HEAP_ALLOCATE|[29]|Bytes:18
11:42:23.1 (188887429)|HEAP_ALLOCATE|[29]|Bytes:18
11:42:23.1 (188896762)|HEAP_ALLOCATE|[29]|Bytes:18
11:42:23.1 (188905413)|HEAP_ALLOCATE|[29]|Bytes:56
11:42:23.1 (188917907)|STATEMENT_EXECUTE|[29]
11:42:23.1 (188923277)|HEAP_ALLOCATE|[30]|Bytes:18
11:42:23.1 (188932955)|HEAP_ALLOCATE|[30]|Bytes:18
11:42:23.1 (188942231)|HEAP_ALLOCATE|[30]|Bytes:18
11:42:23.1 (188948682)|HEAP_ALLOCATE|[30]|Bytes:56
11:42:23.1 (188955331)|STATEMENT_EXECUTE|[30]
11:42:23.1 (188960282)|HEAP_ALLOCATE|[31]|Bytes:18
11:42:23.1 (188970016)|HEAP_ALLOCATE|[31]|Bytes:18
11:42:23.1 (188978957)|HEAP_ALLOCATE|[31]|Bytes:18
11:42:23.1 (188985032)|HEAP_ALLOCATE|[31]|Bytes:56
11:42:23.1 (188991991)|STATEMENT_EXECUTE|[31]
11:42:23.1 (188997314)|HEAP_ALLOCATE|[32]|Bytes:18
11:42:23.1 (189006862)|HEAP_ALLOCATE|[32]|Bytes:18
11:42:23.1 (189016448)|HEAP_ALLOCATE|[32]|Bytes:18
11:42:23.1 (189022909)|HEAP_ALLOCATE|[32]|Bytes:56
11:42:23.1 (189029496)|STATEMENT_EXECUTE|[32]
11:42:23.1 (189034785)|HEAP_ALLOCATE|[33]|Bytes:18
11:42:23.1 (189044217)|HEAP_ALLOCATE|[33]|Bytes:18
11:42:23.1 (189052818)|HEAP_ALLOCATE|[33]|Bytes:18
11:42:23.1 (189059529)|HEAP_ALLOCATE|[33]|Bytes:56
11:42:23.1 (189065647)|STATEMENT_EXECUTE|[33]
11:42:23.1 (189070533)|HEAP_ALLOCATE|[34]|Bytes:18
11:42:23.1 (189080272)|HEAP_ALLOCATE|[34]|Bytes:18
11:42:23.1 (189089465)|HEAP_ALLOCATE|[34]|Bytes:18
11:42:23.1 (189095496)|HEAP_ALLOCATE|[34]|Bytes:56
11:42:23.1 (189101940)|STATEMENT_EXECUTE|[34]
11:42:23.1 (189107596)|HEAP_ALLOCATE|[36]|Bytes:18
11:42:23.1 (189114418)|HEAP_ALLOCATE|[36]|Bytes:18
11:42:23.1 (189124201)|HEAP_ALLOCATE|[36]|Bytes:18
11:42:23.1 (189128457)|HEAP_ALLOCATE|[36]|Bytes:56
11:42:23.1 (189133035)|STATEMENT_EXECUTE|[36]
11:42:23.1 (189136482)|HEAP_ALLOCATE|[37]|Bytes:18
11:42:23.1 (189142458)|HEAP_ALLOCATE|[37]|Bytes:18
11:42:23.1 (189148392)|HEAP_ALLOCATE|[37]|Bytes:18
11:42:23.1 (189152430)|HEAP_ALLOCATE|[37]|Bytes:56
11:42:23.1 (189156883)|STATEMENT_EXECUTE|[37]
11:42:23.1 (189160350)|HEAP_ALLOCATE|[38]|Bytes:18
11:42:23.1 (189166533)|HEAP_ALLOCATE|[38]|Bytes:18
11:42:23.1 (189172273)|HEAP_ALLOCATE|[38]|Bytes:18
11:42:23.1 (189176577)|HEAP_ALLOCATE|[38]|Bytes:56
11:42:23.1 (189181067)|STATEMENT_EXECUTE|[38]
11:42:23.1 (189184563)|HEAP_ALLOCATE|[39]|Bytes:18
11:42:23.1 (189190545)|HEAP_ALLOCATE|[39]|Bytes:18
11:42:23.1 (189196286)|HEAP_ALLOCATE|[39]|Bytes:18
11:42:23.1 (189200540)|HEAP_ALLOCATE|[39]|Bytes:56
11:42:23.1 (189205045)|STATEMENT_EXECUTE|[39]
11:42:23.1 (189208301)|HEAP_ALLOCATE|[40]|Bytes:18
11:42:23.1 (189214304)|HEAP_ALLOCATE|[40]|Bytes:18
11:42:23.1 (189220121)|HEAP_ALLOCATE|[40]|Bytes:18
11:42:23.1 (189224227)|HEAP_ALLOCATE|[40]|Bytes:56
11:42:23.1 (189228601)|STATEMENT_EXECUTE|[40]
11:42:23.1 (189259526)|HEAP_ALLOCATE|[41]|Bytes:18
11:42:23.1 (189267320)|HEAP_ALLOCATE|[41]|Bytes:18
11:42:23.1 (189277203)|HEAP_ALLOCATE|[41]|Bytes:18
11:42:23.1 (189283226)|HEAP_ALLOCATE|[41]|Bytes:56
11:42:23.1 (189291393)|STATEMENT_EXECUTE|[41]
11:42:23.1 (189292260)|STATEMENT_EXECUTE|[43]
11:42:23.1 (189326171)|HEAP_ALLOCATE|[43]|Bytes:4
11:42:23.1 (189425531)|HEAP_ALLOCATE|[43]|Bytes:28
11:42:23.1 (189427719)|HEAP_ALLOCATE|[43]|Bytes:28
11:42:23.1 (189456165)|VARIABLE_ASSIGNMENT|[43]|this.MarginValuePercent__c|0|0x3961f1e2
11:42:23.1 (189484524)|METHOD_EXIT|[155]|01pg8000001F8kf|PricingService.findMargin(OrderItem, Order, Map<String,Margem__c>, Id, Account)
11:42:23.1 (189491220)|VARIABLE_SCOPE_BEGIN|[155]|margem|Margem__c|true|false
11:42:23.1 (189501922)|VARIABLE_ASSIGNMENT|[155]|margem|{"MarginValuePercent__c":0}|0x3961f1e2
11:42:23.1 (189504979)|STATEMENT_EXECUTE|[156]
11:42:23.1 (189512350)|HEAP_ALLOCATE|[156]|Bytes:28
11:42:23.1 (189949051)|VARIABLE_ASSIGNMENT|[156]|this.MarginPercentage__c|0|0x725afdb4
11:42:23.1 (189952860)|STATEMENT_EXECUTE|[159]
11:42:23.1 (189963492)|METHOD_ENTRY|[159]|01pg8000001F8kf|PricingService.findFreightValue(OrderItem, Order, Map<String,Freight__c>, Id)
11:42:23.1 (189968155)|VARIABLE_SCOPE_BEGIN|[4]|item|OrderItem|true|false
11:42:23.1 (190314350)|VARIABLE_ASSIGNMENT|[4]|item|{"IsDeleted":false,"UnitPrice":1280000.00,"Product2Id":"01tg8000001BArWAAW","PricebookEntryId":"01ug8000000XnjVAAS","TotalPrice":1280000.00,"Quantity":1.00,"MarginPercentage__c":0,"TaxPercentage__c":0,"ListPrice":1280000.00,"OrderId":"801g8000007DOjhAAG"}|0x725afdb4
11:42:23.1 (190320633)|VARIABLE_SCOPE_BEGIN|[4]|pedido|Order|true|false
11:42:23.1 (190362134)|VARIABLE_ASSIGNMENT|[4]|pedido|{"DistributionCenter__c":"a06g8000000wkLpAAI","City__c":"a05g8000001i8KfAAI","Country__c":"a03g8000004x8aeAAA","Id":"801g8000007DOjhAAG","AccountId":"001g8000005VaOHAA0","State__c":"a04g8000000VkhhAAC"}|0x3b6136a1
11:42:23.1 (190366441)|VARIABLE_SCOPE_BEGIN|[4]|mapFrete|Map<String,Freight__c>|true|false
11:42:23.1 (190441212)|VARIABLE_ASSIGNMENT|[4]|mapFrete|{"a01g8000007otrhAAA_a04g8000000QmaTAAS":{"DistributionCenter__c":"a06g8000000wkLpAAI","Id":"a0Ag8000000XacwEAC","State__c":"a04g8000000QmaTAAS","ProductHierarchy__c":"a01g8000007otrhAAA","FreightValue__c":800.00},"a01g8000007otrjAAA_a05g8000001KAc9AAG":{"DistributionCenter__c":"a06g8000000wkLpAAI","City__c":"a05g8000001KAc9AAG","Id":"a0Ag8000000XacxEAC","ProductHierarchy__c":"a01g8000007otrjAAA","FreightValue__c":500.00},"01tg8000001BArcAAG_a04g8000000QmaTAAS":{"DistributionCenter__c":"a06g8000000wkLpAAI","Product__c":"01tg8000001BArcAAG","Id":"a0Ag8000000XacyEAC","State__c":"a04g8000000QmaTAAS","FreightValue__c":150.00},"a01g8000007otrqAAA_a03g8000004x8aeAAA":{"DistributionCenter__c":"a06g8000000wkLpAAI","Country__c":"a03g8000004x8aeAAA","Id":"a0Ag8000000XaczEAC","ProductHierarchy__c":"a01g8000007otrqAAA","FreightValue__c":50.00}}|0x2d6ee35f
11:42:23.1 (190449580)|VARIABLE_SCOPE_BEGIN|[4]|h|Id|false|false
11:42:23.1 (190508313)|VARIABLE_ASSIGNMENT|[4]|h|"a01g8000007otrhAAA"
11:42:23.1 (190513010)|STATEMENT_EXECUTE|[4]
11:42:23.1 (190513886)|STATEMENT_EXECUTE|[5]
11:42:23.1 (190518902)|VARIABLE_SCOPE_BEGIN|[5]|p|Id|false|false
11:42:23.1 (190539968)|VARIABLE_ASSIGNMENT|[5]|p|"01tg8000001BArWAAW"
11:42:23.1 (190542652)|STATEMENT_EXECUTE|[6]
11:42:23.1 (190545784)|VARIABLE_SCOPE_BEGIN|[6]|c|Id|false|false
11:42:23.1 (190563123)|VARIABLE_ASSIGNMENT|[6]|c|"a05g8000001i8KfAAI"
11:42:23.1 (190565596)|STATEMENT_EXECUTE|[7]
11:42:23.1 (190567808)|VARIABLE_SCOPE_BEGIN|[7]|e|Id|false|false
11:42:23.1 (190585144)|VARIABLE_ASSIGNMENT|[7]|e|"a04g8000000VkhhAAC"
11:42:23.1 (190587293)|STATEMENT_EXECUTE|[8]
11:42:23.1 (190589950)|VARIABLE_SCOPE_BEGIN|[8]|pa|Id|false|false
11:42:23.1 (190606231)|VARIABLE_ASSIGNMENT|[8]|pa|"a03g8000004x8aeAAA"
11:42:23.1 (190618242)|HEAP_ALLOCATE|[10]|Bytes:18
11:42:23.1 (190627611)|HEAP_ALLOCATE|[10]|Bytes:18
11:42:23.1 (190633358)|HEAP_ALLOCATE|[10]|Bytes:37
11:42:23.1 (190641520)|STATEMENT_EXECUTE|[10]
11:42:23.1 (190645359)|HEAP_ALLOCATE|[11]|Bytes:18
11:42:23.1 (190651743)|HEAP_ALLOCATE|[11]|Bytes:18
11:42:23.1 (190656106)|HEAP_ALLOCATE|[11]|Bytes:37
11:42:23.1 (190660323)|STATEMENT_EXECUTE|[11]
11:42:23.1 (190663800)|HEAP_ALLOCATE|[12]|Bytes:18
11:42:23.1 (190669976)|HEAP_ALLOCATE|[12]|Bytes:18
11:42:23.1 (190674015)|HEAP_ALLOCATE|[12]|Bytes:37
11:42:23.1 (190678586)|STATEMENT_EXECUTE|[12]
11:42:23.1 (190682221)|HEAP_ALLOCATE|[13]|Bytes:18
11:42:23.1 (190688128)|HEAP_ALLOCATE|[13]|Bytes:18
11:42:23.1 (190692058)|HEAP_ALLOCATE|[13]|Bytes:37
11:42:23.1 (190696540)|STATEMENT_EXECUTE|[13]
11:42:23.1 (190700242)|HEAP_ALLOCATE|[14]|Bytes:18
11:42:23.1 (190706234)|HEAP_ALLOCATE|[14]|Bytes:18
11:42:23.1 (190710215)|HEAP_ALLOCATE|[14]|Bytes:37
11:42:23.1 (190714476)|STATEMENT_EXECUTE|[14]
11:42:23.1 (190751313)|HEAP_ALLOCATE|[15]|Bytes:18
11:42:23.1 (190759634)|HEAP_ALLOCATE|[15]|Bytes:18
11:42:23.1 (190764102)|HEAP_ALLOCATE|[15]|Bytes:37
11:42:23.1 (190770110)|STATEMENT_EXECUTE|[15]
11:42:23.1 (190771001)|STATEMENT_EXECUTE|[17]
11:42:23.1 (190780065)|HEAP_ALLOCATE|[17]|Bytes:28
11:42:23.1 (190781882)|HEAP_ALLOCATE|[17]|Bytes:28
11:42:23.1 (190787171)|METHOD_EXIT|[159]|01pg8000001F8kf|PricingService.findFreightValue(OrderItem, Order, Map<String,Freight__c>, Id)
11:42:23.1 (191181227)|VARIABLE_ASSIGNMENT|[159]|this.FreightValue__c|0|0x725afdb4
11:42:23.1 (191185657)|STATEMENT_EXECUTE|[162]
11:42:23.1 (191195982)|VARIABLE_SCOPE_BEGIN|[162]|custoUnitario|Decimal|false|false
11:42:23.1 (191201836)|VARIABLE_ASSIGNMENT|[162]|custoUnitario|850000.00
11:42:23.1 (191203987)|STATEMENT_EXECUTE|[165]
11:42:23.1 (191212437)|HEAP_ALLOCATE|[165]|Bytes:18
11:42:23.1 (191218972)|HEAP_ALLOCATE|[165]|Bytes:75
11:42:23.1 (191240800)|USER_DEBUG|[165]|DEBUG|>>> [DIAGNÓSTICO] Verificando parâmetros para o produto: 01tg8000001BArWAAW
11:42:23.1 (191247801)|STATEMENT_EXECUTE|[166]
11:42:23.1 (191252714)|HEAP_ALLOCATE|[166]|Bytes:9
11:42:23.1 (191257726)|HEAP_ALLOCATE|[166]|Bytes:32
11:42:23.1 (191261910)|USER_DEBUG|[166]|DEBUG|>>> Custo de Produção: 850000.00
11:42:23.1 (191266147)|STATEMENT_EXECUTE|[167]
11:42:23.1 (191270676)|HEAP_ALLOCATE|[167]|Bytes:28
11:42:23.1 (191275716)|HEAP_ALLOCATE|[167]|Bytes:1
11:42:23.1 (191280177)|HEAP_ALLOCATE|[167]|Bytes:21
11:42:23.1 (191283865)|USER_DEBUG|[167]|DEBUG|>>> Valor de Frete: 0
11:42:23.1 (191287158)|STATEMENT_EXECUTE|[168]
11:42:23.1 (191291159)|HEAP_ALLOCATE|[168]|Bytes:28
11:42:23.1 (191295702)|HEAP_ALLOCATE|[168]|Bytes:1
11:42:23.1 (191299872)|HEAP_ALLOCATE|[168]|Bytes:29
11:42:23.1 (191303444)|USER_DEBUG|[168]|DEBUG|>>> Porcentagem de Imposto: 0
11:42:23.1 (191306592)|STATEMENT_EXECUTE|[169]
11:42:23.1 (191312125)|HEAP_ALLOCATE|[169]|Bytes:4
11:42:23.1 (191316536)|HEAP_ALLOCATE|[169]|Bytes:27
11:42:23.1 (191320178)|USER_DEBUG|[169]|DEBUG|>>> Margem encontrada? true
11:42:23.1 (191323787)|STATEMENT_EXECUTE|[170]
11:42:23.1 (191324629)|STATEMENT_EXECUTE|[171]
11:42:23.1 (191329024)|HEAP_ALLOCATE|[171]|Bytes:28
11:42:23.1 (191334100)|HEAP_ALLOCATE|[171]|Bytes:1
11:42:23.1 (191338296)|HEAP_ALLOCATE|[171]|Bytes:28
11:42:23.1 (191341982)|USER_DEBUG|[171]|DEBUG|>>> Porcentagem de Margem: 0
11:42:23.1 (191347604)|HEAP_ALLOCATE|[175]|Bytes:28
11:42:23.1 (191349223)|HEAP_ALLOCATE|[175]|Bytes:28
11:42:23.1 (191362785)|HEAP_ALLOCATE|[176]|Bytes:28
11:42:23.1 (191366147)|STATEMENT_EXECUTE|[178]
11:42:23.1 (191367037)|STATEMENT_EXECUTE|[180]
11:42:23.1 (191370213)|HEAP_ALLOCATE|[180]|Bytes:107
11:42:23.1 (191448266)|STATEMENT_EXECUTE|[181]
11:42:23.1 (191462387)|HEAP_ALLOCATE|[130]|Bytes:5
11:42:23.1 (191476765)|HEAP_ALLOCATE|[130]|Bytes:4
11:42:23.1 (191483366)|VARIABLE_SCOPE_BEGIN|[130]|item|OrderItem|true|false
11:42:23.1 (191849712)|VARIABLE_ASSIGNMENT|[130]|item|{"IsDeleted":false,"UnitPrice":2800.00,"Product2Id":"01tg8000001BArdAAG","PricebookEntryId":"01ug8000000XmilAAC","TotalPrice":28000.00,"Quantity":10.00,"ListPrice":2800.00,"OrderId":"801g8000007DOjhAAG"}|0x4ae8c823
11:42:23.1 (191855570)|STATEMENT_EXECUTE|[130]
11:42:23.1 (191856335)|STATEMENT_EXECUTE|[131]
11:42:23.1 (191870617)|VARIABLE_SCOPE_BEGIN|[131]|pedido|Order|true|false
11:42:23.1 (191911215)|VARIABLE_ASSIGNMENT|[131]|pedido|{"DistributionCenter__c":"a06g8000000wkLpAAI","City__c":"a05g8000001i8KfAAI","Country__c":"a03g8000004x8aeAAA","Id":"801g8000007DOjhAAG","AccountId":"001g8000005VaOHAA0","State__c":"a04g8000000VkhhAAC"}|0x3b6136a1
11:42:23.1 (191915105)|STATEMENT_EXECUTE|[132]
11:42:23.1 (191924161)|VARIABLE_SCOPE_BEGIN|[132]|produto|Product2|true|false
11:42:23.1 (191948711)|VARIABLE_ASSIGNMENT|[132]|produto|{"ProductionCost__c":1500.00,"ProductHierarchy__c":"a01g8000007otrqAAA","Id":"01tg8000001BArdAAG"}|0x154b5fcf
11:42:23.1 (191951790)|STATEMENT_EXECUTE|[133]
11:42:23.1 (191962006)|VARIABLE_SCOPE_BEGIN|[133]|cliente|Account|true|false
11:42:23.1 (191977912)|VARIABLE_ASSIGNMENT|[133]|cliente|{"AccountGroup__c":"a02g8000002871ZAAQ","Id":"001g8000005VaOHAA0"}|0x59a56473
11:42:23.1 (191986596)|HEAP_ALLOCATE|[135]|Bytes:28
11:42:23.1 (191988602)|HEAP_ALLOCATE|[135]|Bytes:28
11:42:23.1 (192002815)|HEAP_ALLOCATE|[135]|Bytes:28
11:42:23.1 (192005197)|HEAP_ALLOCATE|[135]|Bytes:28
11:42:23.1 (192013507)|STATEMENT_EXECUTE|[135]
11:42:23.1 (192015716)|STATEMENT_EXECUTE|[142]
11:42:23.1 (192016608)|STATEMENT_EXECUTE|[146]
11:42:23.1 (192021752)|HEAP_ALLOCATE|[146]|Bytes:18
11:42:23.1 (192029648)|HEAP_ALLOCATE|[147]|Bytes:18
11:42:23.1 (192037531)|HEAP_ALLOCATE|[148]|Bytes:18
11:42:23.1 (192043017)|HEAP_ALLOCATE|[146]|Bytes:54
11:42:23.1 (192045452)|VARIABLE_SCOPE_BEGIN|[146]|keyOrderItemImposto|String|false|false
11:42:23.1 (192051800)|VARIABLE_ASSIGNMENT|[146]|keyOrderItemImposto|"01tg8000001BArdAAGa0 (34 more) ..."
11:42:23.1 (192054068)|STATEMENT_EXECUTE|[150]
11:42:23.1 (192061582)|VARIABLE_SCOPE_BEGIN|[150]|impostoEncontrado|Tax__c|true|false
11:42:23.1 (192065975)|VARIABLE_ASSIGNMENT|[150]|impostoEncontrado|null|
11:42:23.1 (192068150)|STATEMENT_EXECUTE|[152]
11:42:23.1 (192071260)|HEAP_ALLOCATE|[152]|Bytes:28
11:42:23.1 (192072985)|HEAP_ALLOCATE|[152]|Bytes:28
11:42:23.1 (192463931)|VARIABLE_ASSIGNMENT|[152]|this.TaxPercentage__c|0|0x4ae8c823
11:42:23.1 (192468263)|STATEMENT_EXECUTE|[155]
11:42:23.1 (192479143)|METHOD_ENTRY|[155]|01pg8000001F8kf|PricingService.findMargin(OrderItem, Order, Map<String,Margem__c>, Id, Account)
11:42:23.1 (192483701)|VARIABLE_SCOPE_BEGIN|[20]|item|OrderItem|true|false
11:42:23.1 (192815892)|VARIABLE_ASSIGNMENT|[20]|item|{"IsDeleted":false,"UnitPrice":2800.00,"Product2Id":"01tg8000001BArdAAG","PricebookEntryId":"01ug8000000XmilAAC","TotalPrice":28000.00,"Quantity":10.00,"TaxPercentage__c":0,"ListPrice":2800.00,"OrderId":"801g8000007DOjhAAG"}|0x4ae8c823
11:42:23.1 (192820388)|VARIABLE_SCOPE_BEGIN|[20]|pedido|Order|true|false
11:42:23.1 (192849893)|VARIABLE_ASSIGNMENT|[20]|pedido|{"DistributionCenter__c":"a06g8000000wkLpAAI","City__c":"a05g8000001i8KfAAI","Country__c":"a03g8000004x8aeAAA","Id":"801g8000007DOjhAAG","AccountId":"001g8000005VaOHAA0","State__c":"a04g8000000VkhhAAC"}|0x3b6136a1
11:42:23.1 (192853930)|VARIABLE_SCOPE_BEGIN|[20]|mapMargin|Map<String,Margem__c>|true|false
11:42:23.1 (192926155)|VARIABLE_ASSIGNMENT|[20]|mapMargin|{"a01g8000007otrhAAA_a02g8000002871ZAAQ_a04g8000000QmaTAAS":{"Id":"a00g800000JZjxxAAD","AccountGroup__c":"a02g8000002871ZAAQ","ProductHierarchy__c":"a01g8000007otrhAAA","State__c":"a04g8000000QmaTAAS","MarginValuePercent__c":15.00},"a01g8000007otrjAAA_001g8000005VaOHAA0_a05g8000001KAc9AAG":{"Account__c":"001g8000005VaOHAA0","City__c":"a05g8000001KAc9AAG","Id":"a00g800000JZjxyAAD","ProductHierarchy__c":"a01g8000007otrjAAA","MarginValuePercent__c":25.00},"01tg8000001BArcAAG_001g8000005VaOHAA0_a04g8000000QmaTAAS":{"Account__c":"001g8000005VaOHAA0","Product__c":"01tg8000001BArcAAG","Id":"a00g800000JZjxzAAD","State__c":"a04g8000000QmaTAAS","MarginValuePercent__c":5.00},"a01g8000007otrqAAA_a02g8000002871ZAAQ_a03g8000004x8aeAAA":{"Country__c":"a03g8000004x8aeAAA","Id":"a00g800000JZjy0AAD","AccountGroup__c":"a02g8000002871ZAAQ","ProductHierarchy__c":"a01g8000007otrqAAA","MarginValuePercent__c":30.00}}|0x7161ec47
11:42:23.1 (192935056)|VARIABLE_SCOPE_BEGIN|[20]|h|Id|false|false
11:42:23.1 (192995822)|VARIABLE_ASSIGNMENT|[20]|h|"a01g8000007otrqAAA"
11:42:23.1 (192998424)|VARIABLE_SCOPE_BEGIN|[20]|cliente|Account|true|false
11:42:23.1 (193015123)|VARIABLE_ASSIGNMENT|[20]|cliente|{"AccountGroup__c":"a02g8000002871ZAAQ","Id":"001g8000005VaOHAA0"}|0x59a56473
11:42:23.1 (193020479)|STATEMENT_EXECUTE|[20]
11:42:23.1 (193021405)|STATEMENT_EXECUTE|[21]
11:42:23.1 (193025788)|VARIABLE_SCOPE_BEGIN|[21]|p|Id|false|false
11:42:23.1 (193048456)|VARIABLE_ASSIGNMENT|[21]|p|"01tg8000001BArdAAG"
11:42:23.1 (193051161)|STATEMENT_EXECUTE|[22]
11:42:23.1 (193053806)|VARIABLE_SCOPE_BEGIN|[22]|a|Id|false|false
11:42:23.1 (193076953)|VARIABLE_ASSIGNMENT|[22]|a|"001g8000005VaOHAA0"
11:42:23.1 (193079232)|STATEMENT_EXECUTE|[23]
11:42:23.1 (193083214)|VARIABLE_SCOPE_BEGIN|[23]|g|Id|false|false
11:42:23.1 (193100201)|VARIABLE_ASSIGNMENT|[23]|g|"a02g8000002871ZAAQ"
11:42:23.1 (193102343)|STATEMENT_EXECUTE|[24]
11:42:23.1 (193104651)|VARIABLE_SCOPE_BEGIN|[24]|c|Id|false|false
11:42:23.1 (193121022)|VARIABLE_ASSIGNMENT|[24]|c|"a05g8000001i8KfAAI"
11:42:23.1 (193123091)|STATEMENT_EXECUTE|[25]
11:42:23.1 (193125145)|VARIABLE_SCOPE_BEGIN|[25]|e|Id|false|false
11:42:23.1 (193141841)|VARIABLE_ASSIGNMENT|[25]|e|"a04g8000000VkhhAAC"
11:42:23.1 (193144073)|STATEMENT_EXECUTE|[26]
11:42:23.1 (193146674)|VARIABLE_SCOPE_BEGIN|[26]|pa|Id|false|false
11:42:23.1 (193163341)|VARIABLE_ASSIGNMENT|[26]|pa|"a03g8000004x8aeAAA"
11:42:23.1 (193175001)|HEAP_ALLOCATE|[29]|Bytes:18
11:42:23.1 (193184703)|HEAP_ALLOCATE|[29]|Bytes:18
11:42:23.1 (193191097)|HEAP_ALLOCATE|[29]|Bytes:18
11:42:23.1 (193196891)|HEAP_ALLOCATE|[29]|Bytes:56
11:42:23.1 (193204851)|STATEMENT_EXECUTE|[29]
11:42:23.1 (193208380)|HEAP_ALLOCATE|[30]|Bytes:18
11:42:23.1 (193214516)|HEAP_ALLOCATE|[30]|Bytes:18
11:42:23.1 (193220456)|HEAP_ALLOCATE|[30]|Bytes:18
11:42:23.1 (193224876)|HEAP_ALLOCATE|[30]|Bytes:56
11:42:23.1 (193229778)|STATEMENT_EXECUTE|[30]
11:42:23.1 (193233202)|HEAP_ALLOCATE|[31]|Bytes:18
11:42:23.1 (193239392)|HEAP_ALLOCATE|[31]|Bytes:18
11:42:23.1 (193245263)|HEAP_ALLOCATE|[31]|Bytes:18
11:42:23.1 (193249405)|HEAP_ALLOCATE|[31]|Bytes:56
11:42:23.1 (193253718)|STATEMENT_EXECUTE|[31]
11:42:23.1 (193257375)|HEAP_ALLOCATE|[32]|Bytes:18
11:42:23.1 (193263288)|HEAP_ALLOCATE|[32]|Bytes:18
11:42:23.1 (193269105)|HEAP_ALLOCATE|[32]|Bytes:18
11:42:23.1 (193273187)|HEAP_ALLOCATE|[32]|Bytes:56
11:42:23.1 (193277729)|STATEMENT_EXECUTE|[32]
11:42:23.1 (193281403)|HEAP_ALLOCATE|[33]|Bytes:18
11:42:23.1 (193287387)|HEAP_ALLOCATE|[33]|Bytes:18
11:42:23.1 (193293191)|HEAP_ALLOCATE|[33]|Bytes:18
11:42:23.1 (193297381)|HEAP_ALLOCATE|[33]|Bytes:56
11:42:23.1 (193301756)|STATEMENT_EXECUTE|[33]
11:42:23.1 (193305098)|HEAP_ALLOCATE|[34]|Bytes:18
11:42:23.1 (193310933)|HEAP_ALLOCATE|[34]|Bytes:18
11:42:23.1 (193316822)|HEAP_ALLOCATE|[34]|Bytes:18
11:42:23.1 (193320814)|HEAP_ALLOCATE|[34]|Bytes:56
11:42:23.1 (193325108)|STATEMENT_EXECUTE|[34]
11:42:23.1 (193328530)|HEAP_ALLOCATE|[36]|Bytes:18
11:42:23.1 (193334458)|HEAP_ALLOCATE|[36]|Bytes:18
11:42:23.1 (193340493)|HEAP_ALLOCATE|[36]|Bytes:18
11:42:23.1 (193344777)|HEAP_ALLOCATE|[36]|Bytes:56
11:42:23.1 (193349311)|STATEMENT_EXECUTE|[36]
11:42:23.1 (193352668)|HEAP_ALLOCATE|[37]|Bytes:18
11:42:23.1 (193358747)|HEAP_ALLOCATE|[37]|Bytes:18
11:42:23.1 (193364550)|HEAP_ALLOCATE|[37]|Bytes:18
11:42:23.1 (193368550)|HEAP_ALLOCATE|[37]|Bytes:56
11:42:23.1 (193373143)|STATEMENT_EXECUTE|[37]
11:42:23.1 (193376439)|HEAP_ALLOCATE|[38]|Bytes:18
11:42:23.1 (193382671)|HEAP_ALLOCATE|[38]|Bytes:18
11:42:23.1 (193388632)|HEAP_ALLOCATE|[38]|Bytes:18
11:42:23.1 (193392656)|HEAP_ALLOCATE|[38]|Bytes:56
11:42:23.1 (193397047)|STATEMENT_EXECUTE|[38]
11:42:23.1 (193400276)|HEAP_ALLOCATE|[39]|Bytes:18
11:42:23.1 (193406269)|HEAP_ALLOCATE|[39]|Bytes:18
11:42:23.1 (193412050)|HEAP_ALLOCATE|[39]|Bytes:18
11:42:23.1 (193416070)|HEAP_ALLOCATE|[39]|Bytes:56
11:42:23.1 (193420492)|STATEMENT_EXECUTE|[39]
11:42:23.1 (193423708)|HEAP_ALLOCATE|[40]|Bytes:18
11:42:23.1 (193429571)|HEAP_ALLOCATE|[40]|Bytes:18
11:42:23.1 (193435429)|HEAP_ALLOCATE|[40]|Bytes:18
11:42:23.1 (193439371)|HEAP_ALLOCATE|[40]|Bytes:56
11:42:23.1 (193443691)|STATEMENT_EXECUTE|[40]
11:42:23.1 (193447229)|HEAP_ALLOCATE|[41]|Bytes:18
11:42:23.1 (193453345)|HEAP_ALLOCATE|[41]|Bytes:18
11:42:23.1 (193459276)|HEAP_ALLOCATE|[41]|Bytes:18
11:42:23.1 (193463274)|HEAP_ALLOCATE|[41]|Bytes:56
11:42:23.1 (193467863)|STATEMENT_EXECUTE|[41]
11:42:23.1 (193472423)|HEAP_ALLOCATE|[41]|Bytes:18
11:42:23.1 (193478501)|HEAP_ALLOCATE|[41]|Bytes:18
11:42:23.1 (193484296)|HEAP_ALLOCATE|[41]|Bytes:18
11:42:23.1 (193488559)|HEAP_ALLOCATE|[41]|Bytes:56
11:42:23.1 (193501742)|METHOD_EXIT|[155]|01pg8000001F8kf|PricingService.findMargin(OrderItem, Order, Map<String,Margem__c>, Id, Account)
11:42:23.1 (193506311)|VARIABLE_SCOPE_BEGIN|[155]|margem|Margem__c|true|false
11:42:23.1 (193532821)|VARIABLE_ASSIGNMENT|[155]|margem|{"Country__c":"a03g8000004x8aeAAA","Id":"a00g800000JZjy0AAD","AccountGroup__c":"a02g8000002871ZAAQ","ProductHierarchy__c":"a01g8000007otrqAAA","MarginValuePercent__c":30.00}|0x10506828
11:42:23.1 (193536645)|STATEMENT_EXECUTE|[156]
11:42:23.1 (193938630)|VARIABLE_ASSIGNMENT|[156]|this.MarginPercentage__c|30.00|0x4ae8c823
11:42:23.1 (193942433)|STATEMENT_EXECUTE|[159]
11:42:23.1 (193949676)|METHOD_ENTRY|[159]|01pg8000001F8kf|PricingService.findFreightValue(OrderItem, Order, Map<String,Freight__c>, Id)
11:42:23.1 (193953332)|VARIABLE_SCOPE_BEGIN|[4]|item|OrderItem|true|false
11:42:23.1 (194289522)|VARIABLE_ASSIGNMENT|[4]|item|{"IsDeleted":false,"UnitPrice":2800.00,"Product2Id":"01tg8000001BArdAAG","PricebookEntryId":"01ug8000000XmilAAC","TotalPrice":28000.00,"Quantity":10.00,"MarginPercentage__c":30.00,"TaxPercentage__c":0,"ListPrice":2800.00,"OrderId":"801g8000007DOjhAAG"}|0x4ae8c823
11:42:23.1 (194294945)|VARIABLE_SCOPE_BEGIN|[4]|pedido|Order|true|false
11:42:23.1 (194325797)|VARIABLE_ASSIGNMENT|[4]|pedido|{"DistributionCenter__c":"a06g8000000wkLpAAI","City__c":"a05g8000001i8KfAAI","Country__c":"a03g8000004x8aeAAA","Id":"801g8000007DOjhAAG","AccountId":"001g8000005VaOHAA0","State__c":"a04g8000000VkhhAAC"}|0x3b6136a1
11:42:23.1 (194329627)|VARIABLE_SCOPE_BEGIN|[4]|mapFrete|Map<String,Freight__c>|true|false
11:42:23.1 (194396936)|VARIABLE_ASSIGNMENT|[4]|mapFrete|{"a01g8000007otrhAAA_a04g8000000QmaTAAS":{"DistributionCenter__c":"a06g8000000wkLpAAI","Id":"a0Ag8000000XacwEAC","State__c":"a04g8000000QmaTAAS","ProductHierarchy__c":"a01g8000007otrhAAA","FreightValue__c":800.00},"a01g8000007otrjAAA_a05g8000001KAc9AAG":{"DistributionCenter__c":"a06g8000000wkLpAAI","City__c":"a05g8000001KAc9AAG","Id":"a0Ag8000000XacxEAC","ProductHierarchy__c":"a01g8000007otrjAAA","FreightValue__c":500.00},"01tg8000001BArcAAG_a04g8000000QmaTAAS":{"DistributionCenter__c":"a06g8000000wkLpAAI","Product__c":"01tg8000001BArcAAG","Id":"a0Ag8000000XacyEAC","State__c":"a04g8000000QmaTAAS","FreightValue__c":150.00},"a01g8000007otrqAAA_a03g8000004x8aeAAA":{"DistributionCenter__c":"a06g8000000wkLpAAI","Country__c":"a03g8000004x8aeAAA","Id":"a0Ag8000000XaczEAC","ProductHierarchy__c":"a01g8000007otrqAAA","FreightValue__c":50.00}}|0x2d6ee35f
11:42:23.1 (194404954)|VARIABLE_SCOPE_BEGIN|[4]|h|Id|false|false
11:42:23.1 (194443967)|VARIABLE_ASSIGNMENT|[4]|h|"a01g8000007otrqAAA"
11:42:23.1 (194448227)|STATEMENT_EXECUTE|[4]
11:42:23.1 (194449109)|STATEMENT_EXECUTE|[5]
11:42:23.1 (194452822)|VARIABLE_SCOPE_BEGIN|[5]|p|Id|false|false
11:42:23.1 (194471188)|VARIABLE_ASSIGNMENT|[5]|p|"01tg8000001BArdAAG"
11:42:23.1 (194474097)|STATEMENT_EXECUTE|[6]
11:42:23.1 (194476887)|VARIABLE_SCOPE_BEGIN|[6]|c|Id|false|false
11:42:23.1 (194493891)|VARIABLE_ASSIGNMENT|[6]|c|"a05g8000001i8KfAAI"
11:42:23.1 (194496353)|STATEMENT_EXECUTE|[7]
11:42:23.1 (194498384)|VARIABLE_SCOPE_BEGIN|[7]|e|Id|false|false
11:42:23.1 (194515332)|VARIABLE_ASSIGNMENT|[7]|e|"a04g8000000VkhhAAC"
11:42:23.1 (194517763)|STATEMENT_EXECUTE|[8]
11:42:23.1 (194520019)|VARIABLE_SCOPE_BEGIN|[8]|pa|Id|false|false
11:42:23.1 (194536704)|VARIABLE_ASSIGNMENT|[8]|pa|"a03g8000004x8aeAAA"
11:42:23.1 (194546169)|HEAP_ALLOCATE|[10]|Bytes:18
11:42:23.1 (194554617)|HEAP_ALLOCATE|[10]|Bytes:18
11:42:23.1 (194559987)|HEAP_ALLOCATE|[10]|Bytes:37
11:42:23.1 (194566676)|STATEMENT_EXECUTE|[10]
11:42:23.1 (194570166)|HEAP_ALLOCATE|[11]|Bytes:18
11:42:23.1 (194576219)|HEAP_ALLOCATE|[11]|Bytes:18
11:42:23.1 (194580223)|HEAP_ALLOCATE|[11]|Bytes:37
11:42:23.1 (194584657)|STATEMENT_EXECUTE|[11]
11:42:23.1 (194588127)|HEAP_ALLOCATE|[12]|Bytes:18
11:42:23.1 (194594243)|HEAP_ALLOCATE|[12]|Bytes:18
11:42:23.1 (194598271)|HEAP_ALLOCATE|[12]|Bytes:37
11:42:23.1 (194602771)|STATEMENT_EXECUTE|[12]
11:42:23.1 (194606367)|HEAP_ALLOCATE|[13]|Bytes:18
11:42:23.1 (194612602)|HEAP_ALLOCATE|[13]|Bytes:18
11:42:23.1 (194616521)|HEAP_ALLOCATE|[13]|Bytes:37
11:42:23.1 (194620940)|STATEMENT_EXECUTE|[13]
11:42:23.1 (194624566)|HEAP_ALLOCATE|[14]|Bytes:18
11:42:23.1 (194630558)|HEAP_ALLOCATE|[14]|Bytes:18
11:42:23.1 (194634527)|HEAP_ALLOCATE|[14]|Bytes:37
11:42:23.1 (194638966)|STATEMENT_EXECUTE|[14]
11:42:23.1 (194642716)|HEAP_ALLOCATE|[15]|Bytes:18
11:42:23.1 (194648738)|HEAP_ALLOCATE|[15]|Bytes:18
11:42:23.1 (194652797)|HEAP_ALLOCATE|[15]|Bytes:37
11:42:23.1 (194657359)|STATEMENT_EXECUTE|[15]
11:42:23.1 (194661578)|HEAP_ALLOCATE|[15]|Bytes:18
11:42:23.1 (194667565)|HEAP_ALLOCATE|[15]|Bytes:18
11:42:23.1 (194671840)|HEAP_ALLOCATE|[15]|Bytes:37
11:42:23.1 (194689681)|METHOD_EXIT|[159]|01pg8000001F8kf|PricingService.findFreightValue(OrderItem, Order, Map<String,Freight__c>, Id)
11:42:23.1 (195079450)|VARIABLE_ASSIGNMENT|[159]|this.FreightValue__c|50.00|0x4ae8c823
11:42:23.1 (195084404)|STATEMENT_EXECUTE|[162]
11:42:23.1 (195092023)|VARIABLE_SCOPE_BEGIN|[162]|custoUnitario|Decimal|false|false
11:42:23.1 (195097551)|VARIABLE_ASSIGNMENT|[162]|custoUnitario|1500.00
11:42:23.1 (195099769)|STATEMENT_EXECUTE|[165]
11:42:23.1 (195108588)|HEAP_ALLOCATE|[165]|Bytes:18
11:42:23.1 (195115353)|HEAP_ALLOCATE|[165]|Bytes:75
11:42:23.1 (195133789)|USER_DEBUG|[165]|DEBUG|>>> [DIAGNÓSTICO] Verificando parâmetros para o produto: 01tg8000001BArdAAG
11:42:23.1 (195140284)|STATEMENT_EXECUTE|[166]
11:42:23.1 (195144948)|HEAP_ALLOCATE|[166]|Bytes:7
11:42:23.1 (195149822)|HEAP_ALLOCATE|[166]|Bytes:30
11:42:23.1 (195153758)|USER_DEBUG|[166]|DEBUG|>>> Custo de Produção: 1500.00
11:42:23.1 (195157771)|STATEMENT_EXECUTE|[167]
11:42:23.1 (195163977)|HEAP_ALLOCATE|[167]|Bytes:28
11:42:23.1 (195169295)|HEAP_ALLOCATE|[167]|Bytes:5
11:42:23.1 (195173768)|HEAP_ALLOCATE|[167]|Bytes:25
11:42:23.1 (195177557)|USER_DEBUG|[167]|DEBUG|>>> Valor de Frete: 50.00
11:42:23.1 (195180843)|STATEMENT_EXECUTE|[168]
11:42:23.1 (195184783)|HEAP_ALLOCATE|[168]|Bytes:28
11:42:23.1 (195189582)|HEAP_ALLOCATE|[168]|Bytes:1
11:42:23.1 (195193913)|HEAP_ALLOCATE|[168]|Bytes:29
11:42:23.1 (195197407)|USER_DEBUG|[168]|DEBUG|>>> Porcentagem de Imposto: 0
11:42:23.1 (195200469)|STATEMENT_EXECUTE|[169]
11:42:23.1 (195206286)|HEAP_ALLOCATE|[169]|Bytes:4
11:42:23.1 (195210678)|HEAP_ALLOCATE|[169]|Bytes:27
11:42:23.1 (195214262)|USER_DEBUG|[169]|DEBUG|>>> Margem encontrada? true
11:42:23.1 (195217716)|STATEMENT_EXECUTE|[170]
11:42:23.1 (195218551)|STATEMENT_EXECUTE|[171]
11:42:23.1 (195225371)|HEAP_ALLOCATE|[171]|Bytes:5
11:42:23.1 (195229807)|HEAP_ALLOCATE|[171]|Bytes:32
11:42:23.1 (195233424)|USER_DEBUG|[171]|DEBUG|>>> Porcentagem de Margem: 30.00
11:42:23.1 (195240337)|HEAP_ALLOCATE|[175]|Bytes:28
11:42:23.1 (195242084)|HEAP_ALLOCATE|[175]|Bytes:28
11:42:23.1 (195255594)|HEAP_ALLOCATE|[176]|Bytes:28
11:42:23.1 (195325486)|STATEMENT_EXECUTE|[178]
11:42:23.1 (195326488)|STATEMENT_EXECUTE|[180]
11:42:23.1 (195359904)|STATEMENT_EXECUTE|[181]
11:42:23.1 (195372651)|HEAP_ALLOCATE|[130]|Bytes:5
11:42:23.1 (195385871)|HEAP_ALLOCATE|[130]|Bytes:4
11:42:23.1 (195391270)|VARIABLE_SCOPE_BEGIN|[130]|item|OrderItem|true|false
11:42:23.1 (195751892)|VARIABLE_ASSIGNMENT|[130]|item|{"IsDeleted":false,"UnitPrice":1280000.00,"Product2Id":"01tg8000001BArWAAW","PricebookEntryId":"01ug8000000XnjVAAS","TotalPrice":1280000.00,"Quantity":1.00,"ListPrice":1280000.00,"OrderId":"801g8000007DgjnAAC"}|0x5e3e878a
11:42:23.1 (195757451)|STATEMENT_EXECUTE|[130]
11:42:23.1 (195758321)|STATEMENT_EXECUTE|[131]
11:42:23.1 (195771573)|VARIABLE_SCOPE_BEGIN|[131]|pedido|Order|true|false
11:42:23.1 (195810793)|VARIABLE_ASSIGNMENT|[131]|pedido|{"DistributionCenter__c":"a06g8000000wkLpAAI","City__c":"a05g8000001i7ZuAAI","Country__c":"a03g8000004x8aeAAA","Id":"801g8000007DgjnAAC","AccountId":"001g8000005VaOHAA0","State__c":"a04g8000000Vm3ZAAS"}|0x63d5f9b9
11:42:23.1 (195814707)|STATEMENT_EXECUTE|[132]
11:42:23.1 (195823342)|VARIABLE_SCOPE_BEGIN|[132]|produto|Product2|true|false
11:42:23.1 (195845080)|VARIABLE_ASSIGNMENT|[132]|produto|{"ProductionCost__c":850000.00,"ProductHierarchy__c":"a01g8000007otrhAAA","Id":"01tg8000001BArWAAW"}|0x56fbb172
11:42:23.1 (195848162)|STATEMENT_EXECUTE|[133]
11:42:23.1 (195857661)|VARIABLE_SCOPE_BEGIN|[133]|cliente|Account|true|false
11:42:23.1 (195873028)|VARIABLE_ASSIGNMENT|[133]|cliente|{"AccountGroup__c":"a02g8000002871ZAAQ","Id":"001g8000005VaOHAA0"}|0x59a56473
11:42:23.1 (195882423)|HEAP_ALLOCATE|[135]|Bytes:28
11:42:23.1 (195884488)|HEAP_ALLOCATE|[135]|Bytes:28
11:42:23.1 (195899670)|HEAP_ALLOCATE|[135]|Bytes:28
11:42:23.1 (195901267)|HEAP_ALLOCATE|[135]|Bytes:28
11:42:23.1 (195909530)|STATEMENT_EXECUTE|[135]
11:42:23.1 (195911776)|STATEMENT_EXECUTE|[142]
11:42:23.1 (195912658)|STATEMENT_EXECUTE|[146]
11:42:23.1 (195917915)|HEAP_ALLOCATE|[146]|Bytes:18
11:42:23.1 (195925832)|HEAP_ALLOCATE|[147]|Bytes:18
11:42:23.1 (195933386)|HEAP_ALLOCATE|[148]|Bytes:18
11:42:23.1 (195938231)|HEAP_ALLOCATE|[146]|Bytes:54
11:42:23.1 (195940844)|VARIABLE_SCOPE_BEGIN|[146]|keyOrderItemImposto|String|false|false
11:42:23.1 (195947158)|VARIABLE_ASSIGNMENT|[146]|keyOrderItemImposto|"01tg8000001BArWAAWa0 (34 more) ..."
11:42:23.1 (195949594)|STATEMENT_EXECUTE|[150]
11:42:23.1 (195956479)|VARIABLE_SCOPE_BEGIN|[150]|impostoEncontrado|Tax__c|true|false
11:42:23.1 (195960950)|VARIABLE_ASSIGNMENT|[150]|impostoEncontrado|null|
11:42:23.1 (195963058)|STATEMENT_EXECUTE|[152]
11:42:23.1 (195965909)|HEAP_ALLOCATE|[152]|Bytes:28
11:42:23.1 (195967696)|HEAP_ALLOCATE|[152]|Bytes:28
11:42:23.1 (196357960)|VARIABLE_ASSIGNMENT|[152]|this.TaxPercentage__c|0|0x5e3e878a
11:42:23.1 (196362831)|STATEMENT_EXECUTE|[155]
11:42:23.1 (196371392)|METHOD_ENTRY|[155]|01pg8000001F8kf|PricingService.findMargin(OrderItem, Order, Map<String,Margem__c>, Id, Account)
11:42:23.1 (196375583)|VARIABLE_SCOPE_BEGIN|[20]|item|OrderItem|true|false
11:42:23.1 (196709198)|VARIABLE_ASSIGNMENT|[20]|item|{"IsDeleted":false,"UnitPrice":1280000.00,"Product2Id":"01tg8000001BArWAAW","PricebookEntryId":"01ug8000000XnjVAAS","TotalPrice":1280000.00,"Quantity":1.00,"TaxPercentage__c":0,"ListPrice":1280000.00,"OrderId":"801g8000007DgjnAAC"}|0x5e3e878a
11:42:23.1 (196714610)|VARIABLE_SCOPE_BEGIN|[20]|pedido|Order|true|false
11:42:23.1 (196744393)|VARIABLE_ASSIGNMENT|[20]|pedido|{"DistributionCenter__c":"a06g8000000wkLpAAI","City__c":"a05g8000001i7ZuAAI","Country__c":"a03g8000004x8aeAAA","Id":"801g8000007DgjnAAC","AccountId":"001g8000005VaOHAA0","State__c":"a04g8000000Vm3ZAAS"}|0x63d5f9b9
11:42:23.1 (196748822)|VARIABLE_SCOPE_BEGIN|[20]|mapMargin|Map<String,Margem__c>|true|false
11:42:23.1 (196816765)|VARIABLE_ASSIGNMENT|[20]|mapMargin|{"a01g8000007otrhAAA_a02g8000002871ZAAQ_a04g8000000QmaTAAS":{"Id":"a00g800000JZjxxAAD","AccountGroup__c":"a02g8000002871ZAAQ","ProductHierarchy__c":"a01g8000007otrhAAA","State__c":"a04g8000000QmaTAAS","MarginValuePercent__c":15.00},"a01g8000007otrjAAA_001g8000005VaOHAA0_a05g8000001KAc9AAG":{"Account__c":"001g8000005VaOHAA0","City__c":"a05g8000001KAc9AAG","Id":"a00g800000JZjxyAAD","ProductHierarchy__c":"a01g8000007otrjAAA","MarginValuePercent__c":25.00},"01tg8000001BArcAAG_001g8000005VaOHAA0_a04g8000000QmaTAAS":{"Account__c":"001g8000005VaOHAA0","Product__c":"01tg8000001BArcAAG","Id":"a00g800000JZjxzAAD","State__c":"a04g8000000QmaTAAS","MarginValuePercent__c":5.00},"a01g8000007otrqAAA_a02g8000002871ZAAQ_a03g8000004x8aeAAA":{"Country__c":"a03g8000004x8aeAAA","Id":"a00g800000JZjy0AAD","AccountGroup__c":"a02g8000002871ZAAQ","ProductHierarchy__c":"a01g8000007otrqAAA","MarginValuePercent__c":30.00}}|0x7161ec47
11:42:23.1 (196826052)|VARIABLE_SCOPE_BEGIN|[20]|h|Id|false|false
11:42:23.1 (196881239)|VARIABLE_ASSIGNMENT|[20]|h|"a01g8000007otrhAAA"
11:42:23.1 (196883900)|VARIABLE_SCOPE_BEGIN|[20]|cliente|Account|true|false
11:42:23.1 (196900138)|VARIABLE_ASSIGNMENT|[20]|cliente|{"AccountGroup__c":"a02g8000002871ZAAQ","Id":"001g8000005VaOHAA0"}|0x59a56473
11:42:23.1 (196905194)|STATEMENT_EXECUTE|[20]
11:42:23.1 (196906088)|STATEMENT_EXECUTE|[21]
11:42:23.1 (196910603)|VARIABLE_SCOPE_BEGIN|[21]|p|Id|false|false
11:42:23.1 (196932303)|VARIABLE_ASSIGNMENT|[21]|p|"01tg8000001BArWAAW"
11:42:23.1 (196934773)|STATEMENT_EXECUTE|[22]
11:42:23.1 (196938112)|VARIABLE_SCOPE_BEGIN|[22]|a|Id|false|false
11:42:23.1 (196955555)|VARIABLE_ASSIGNMENT|[22]|a|"001g8000005VaOHAA0"
11:42:23.1 (196957642)|STATEMENT_EXECUTE|[23]
11:42:23.1 (196961423)|VARIABLE_SCOPE_BEGIN|[23]|g|Id|false|false
11:42:23.1 (196977936)|VARIABLE_ASSIGNMENT|[23]|g|"a02g8000002871ZAAQ"
11:42:23.1 (196980103)|STATEMENT_EXECUTE|[24]
11:42:23.1 (196982604)|VARIABLE_SCOPE_BEGIN|[24]|c|Id|false|false
11:42:23.1 (196999621)|VARIABLE_ASSIGNMENT|[24]|c|"a05g8000001i7ZuAAI"
11:42:23.1 (197001650)|STATEMENT_EXECUTE|[25]
11:42:23.1 (197004423)|VARIABLE_SCOPE_BEGIN|[25]|e|Id|false|false
11:42:23.1 (197020726)|VARIABLE_ASSIGNMENT|[25]|e|"a04g8000000Vm3ZAAS"
11:42:23.1 (197023011)|STATEMENT_EXECUTE|[26]
11:42:23.1 (197025437)|VARIABLE_SCOPE_BEGIN|[26]|pa|Id|false|false
11:42:23.1 (197042233)|VARIABLE_ASSIGNMENT|[26]|pa|"a03g8000004x8aeAAA"
11:42:23.1 (197054067)|HEAP_ALLOCATE|[29]|Bytes:18
11:42:23.1 (197063362)|HEAP_ALLOCATE|[29]|Bytes:18
11:42:23.1 (197069649)|HEAP_ALLOCATE|[29]|Bytes:18
11:42:23.1 (197075088)|HEAP_ALLOCATE|[29]|Bytes:56
11:42:23.1 (197082552)|STATEMENT_EXECUTE|[29]
11:42:23.1 (197086085)|HEAP_ALLOCATE|[30]|Bytes:18
11:42:23.1 (197092294)|HEAP_ALLOCATE|[30]|Bytes:18
11:42:23.1 (197098355)|HEAP_ALLOCATE|[30]|Bytes:18
11:42:23.1 (197102656)|HEAP_ALLOCATE|[30]|Bytes:56
11:42:23.1 (197107026)|STATEMENT_EXECUTE|[30]
11:42:23.1 (197110266)|HEAP_ALLOCATE|[31]|Bytes:18
11:42:23.1 (197116398)|HEAP_ALLOCATE|[31]|Bytes:18
11:42:23.1 (197122421)|HEAP_ALLOCATE|[31]|Bytes:18
11:42:23.1 (197126605)|HEAP_ALLOCATE|[31]|Bytes:56
11:42:23.1 (197131041)|STATEMENT_EXECUTE|[31]
11:42:23.1 (197134503)|HEAP_ALLOCATE|[32]|Bytes:18
11:42:23.1 (197140443)|HEAP_ALLOCATE|[32]|Bytes:18
11:42:23.1 (197146311)|HEAP_ALLOCATE|[32]|Bytes:18
11:42:23.1 (197150425)|HEAP_ALLOCATE|[32]|Bytes:56
11:42:23.1 (197154533)|STATEMENT_EXECUTE|[32]
11:42:23.1 (197157904)|HEAP_ALLOCATE|[33]|Bytes:18
11:42:23.1 (197163969)|HEAP_ALLOCATE|[33]|Bytes:18
11:42:23.1 (197169775)|HEAP_ALLOCATE|[33]|Bytes:18
11:42:23.1 (197174068)|HEAP_ALLOCATE|[33]|Bytes:56
11:42:23.1 (197178240)|STATEMENT_EXECUTE|[33]
11:42:23.1 (197181492)|HEAP_ALLOCATE|[34]|Bytes:18
11:42:23.1 (197187518)|HEAP_ALLOCATE|[34]|Bytes:18
11:42:23.1 (197193476)|HEAP_ALLOCATE|[34]|Bytes:18
11:42:23.1 (197197500)|HEAP_ALLOCATE|[34]|Bytes:56
11:42:23.1 (197201708)|STATEMENT_EXECUTE|[34]
11:42:23.1 (197205023)|HEAP_ALLOCATE|[36]|Bytes:18
11:42:23.1 (197210986)|HEAP_ALLOCATE|[36]|Bytes:18
11:42:23.1 (197216863)|HEAP_ALLOCATE|[36]|Bytes:18
11:42:23.1 (197220853)|HEAP_ALLOCATE|[36]|Bytes:56
11:42:23.1 (197225154)|STATEMENT_EXECUTE|[36]
11:42:23.1 (197228572)|HEAP_ALLOCATE|[37]|Bytes:18
11:42:23.1 (197234462)|HEAP_ALLOCATE|[37]|Bytes:18
11:42:23.1 (197240281)|HEAP_ALLOCATE|[37]|Bytes:18
11:42:23.1 (197244300)|HEAP_ALLOCATE|[37]|Bytes:56
11:42:23.1 (197248734)|STATEMENT_EXECUTE|[37]
11:42:23.1 (197251958)|HEAP_ALLOCATE|[38]|Bytes:18
11:42:23.1 (197258053)|HEAP_ALLOCATE|[38]|Bytes:18
11:42:23.1 (197263854)|HEAP_ALLOCATE|[38]|Bytes:18
11:42:23.1 (197267864)|HEAP_ALLOCATE|[38]|Bytes:56
11:42:23.1 (197272571)|STATEMENT_EXECUTE|[38]
11:42:23.1 (197275918)|HEAP_ALLOCATE|[39]|Bytes:18
11:42:23.1 (197281912)|HEAP_ALLOCATE|[39]|Bytes:18
11:42:23.1 (197287958)|HEAP_ALLOCATE|[39]|Bytes:18
11:42:23.1 (197292001)|HEAP_ALLOCATE|[39]|Bytes:56
11:42:23.1 (197296623)|STATEMENT_EXECUTE|[39]
11:42:23.1 (197299906)|HEAP_ALLOCATE|[40]|Bytes:18
11:42:23.1 (197305853)|HEAP_ALLOCATE|[40]|Bytes:18
11:42:23.1 (197311658)|HEAP_ALLOCATE|[40]|Bytes:18
11:42:23.1 (197315592)|HEAP_ALLOCATE|[40]|Bytes:56
11:42:23.1 (197319804)|STATEMENT_EXECUTE|[40]
11:42:23.1 (197323404)|HEAP_ALLOCATE|[41]|Bytes:18
11:42:23.1 (197329391)|HEAP_ALLOCATE|[41]|Bytes:18
11:42:23.1 (197335196)|HEAP_ALLOCATE|[41]|Bytes:18
11:42:23.1 (197339286)|HEAP_ALLOCATE|[41]|Bytes:56
11:42:23.1 (197343529)|STATEMENT_EXECUTE|[41]
11:42:23.1 (197344429)|STATEMENT_EXECUTE|[43]
11:42:23.1 (197367857)|HEAP_ALLOCATE|[43]|Bytes:4
11:42:23.1 (197384508)|HEAP_ALLOCATE|[43]|Bytes:28
11:42:23.1 (197386582)|HEAP_ALLOCATE|[43]|Bytes:28
11:42:23.1 (197403033)|VARIABLE_ASSIGNMENT|[43]|this.MarginValuePercent__c|0|0x3785f123
11:42:23.1 (197419799)|METHOD_EXIT|[155]|01pg8000001F8kf|PricingService.findMargin(OrderItem, Order, Map<String,Margem__c>, Id, Account)
11:42:23.1 (197424776)|VARIABLE_SCOPE_BEGIN|[155]|margem|Margem__c|true|false
11:42:23.1 (197433110)|VARIABLE_ASSIGNMENT|[155]|margem|{"MarginValuePercent__c":0}|0x3785f123
11:42:23.1 (197436017)|STATEMENT_EXECUTE|[156]
11:42:23.1 (197441101)|HEAP_ALLOCATE|[156]|Bytes:28
11:42:23.1 (197818966)|VARIABLE_ASSIGNMENT|[156]|this.MarginPercentage__c|0|0x5e3e878a
11:42:23.1 (197822933)|STATEMENT_EXECUTE|[159]
11:42:23.1 (197829562)|METHOD_ENTRY|[159]|01pg8000001F8kf|PricingService.findFreightValue(OrderItem, Order, Map<String,Freight__c>, Id)
11:42:23.1 (197833159)|VARIABLE_SCOPE_BEGIN|[4]|item|OrderItem|true|false
11:42:23.1 (198166006)|VARIABLE_ASSIGNMENT|[4]|item|{"IsDeleted":false,"UnitPrice":1280000.00,"Product2Id":"01tg8000001BArWAAW","PricebookEntryId":"01ug8000000XnjVAAS","TotalPrice":1280000.00,"Quantity":1.00,"MarginPercentage__c":0,"TaxPercentage__c":0,"ListPrice":1280000.00,"OrderId":"801g8000007DgjnAAC"}|0x5e3e878a
11:42:23.1 (198171258)|VARIABLE_SCOPE_BEGIN|[4]|pedido|Order|true|false
11:42:23.1 (198203409)|VARIABLE_ASSIGNMENT|[4]|pedido|{"DistributionCenter__c":"a06g8000000wkLpAAI","City__c":"a05g8000001i7ZuAAI","Country__c":"a03g8000004x8aeAAA","Id":"801g8000007DgjnAAC","AccountId":"001g8000005VaOHAA0","State__c":"a04g8000000Vm3ZAAS"}|0x63d5f9b9
11:42:23.1 (198207486)|VARIABLE_SCOPE_BEGIN|[4]|mapFrete|Map<String,Freight__c>|true|false
11:42:23.1 (198271693)|VARIABLE_ASSIGNMENT|[4]|mapFrete|{"a01g8000007otrhAAA_a04g8000000QmaTAAS":{"DistributionCenter__c":"a06g8000000wkLpAAI","Id":"a0Ag8000000XacwEAC","State__c":"a04g8000000QmaTAAS","ProductHierarchy__c":"a01g8000007otrhAAA","FreightValue__c":800.00},"a01g8000007otrjAAA_a05g8000001KAc9AAG":{"DistributionCenter__c":"a06g8000000wkLpAAI","City__c":"a05g8000001KAc9AAG","Id":"a0Ag8000000XacxEAC","ProductHierarchy__c":"a01g8000007otrjAAA","FreightValue__c":500.00},"01tg8000001BArcAAG_a04g8000000QmaTAAS":{"DistributionCenter__c":"a06g8000000wkLpAAI","Product__c":"01tg8000001BArcAAG","Id":"a0Ag8000000XacyEAC","State__c":"a04g8000000QmaTAAS","FreightValue__c":150.00},"a01g8000007otrqAAA_a03g8000004x8aeAAA":{"DistributionCenter__c":"a06g8000000wkLpAAI","Country__c":"a03g8000004x8aeAAA","Id":"a0Ag8000000XaczEAC","ProductHierarchy__c":"a01g8000007otrqAAA","FreightValue__c":50.00}}|0x2d6ee35f
11:42:23.1 (198279807)|VARIABLE_SCOPE_BEGIN|[4]|h|Id|false|false
11:42:23.1 (198320675)|VARIABLE_ASSIGNMENT|[4]|h|"a01g8000007otrhAAA"
11:42:23.1 (198324698)|STATEMENT_EXECUTE|[4]
11:42:23.1 (198325599)|STATEMENT_EXECUTE|[5]
11:42:23.1 (198330193)|VARIABLE_SCOPE_BEGIN|[5]|p|Id|false|false
11:42:23.1 (198349243)|VARIABLE_ASSIGNMENT|[5]|p|"01tg8000001BArWAAW"
11:42:23.1 (198351732)|STATEMENT_EXECUTE|[6]
11:42:23.1 (198354456)|VARIABLE_SCOPE_BEGIN|[6]|c|Id|false|false
11:42:23.1 (198370967)|VARIABLE_ASSIGNMENT|[6]|c|"a05g8000001i7ZuAAI"
11:42:23.1 (198373467)|STATEMENT_EXECUTE|[7]
11:42:23.1 (198375619)|VARIABLE_SCOPE_BEGIN|[7]|e|Id|false|false
11:42:23.1 (198391681)|VARIABLE_ASSIGNMENT|[7]|e|"a04g8000000Vm3ZAAS"
11:42:23.1 (198393853)|STATEMENT_EXECUTE|[8]
11:42:23.1 (198396171)|VARIABLE_SCOPE_BEGIN|[8]|pa|Id|false|false
11:42:23.1 (198412546)|VARIABLE_ASSIGNMENT|[8]|pa|"a03g8000004x8aeAAA"
11:42:23.1 (198423236)|HEAP_ALLOCATE|[10]|Bytes:18
11:42:23.1 (198432092)|HEAP_ALLOCATE|[10]|Bytes:18
11:42:23.1 (198437171)|HEAP_ALLOCATE|[10]|Bytes:37
11:42:23.1 (198444231)|STATEMENT_EXECUTE|[10]
11:42:23.1 (198447726)|HEAP_ALLOCATE|[11]|Bytes:18
11:42:23.1 (198453875)|HEAP_ALLOCATE|[11]|Bytes:18
11:42:23.1 (198458062)|HEAP_ALLOCATE|[11]|Bytes:37
11:42:23.1 (198462267)|STATEMENT_EXECUTE|[11]
11:42:23.1 (198465673)|HEAP_ALLOCATE|[12]|Bytes:18
11:42:23.1 (198471853)|HEAP_ALLOCATE|[12]|Bytes:18
11:42:23.1 (198475938)|HEAP_ALLOCATE|[12]|Bytes:37
11:42:23.1 (198480030)|STATEMENT_EXECUTE|[12]
11:42:23.1 (198483598)|HEAP_ALLOCATE|[13]|Bytes:18
11:42:23.1 (198489695)|HEAP_ALLOCATE|[13]|Bytes:18
11:42:23.1 (198493815)|HEAP_ALLOCATE|[13]|Bytes:37
11:42:23.1 (198498249)|STATEMENT_EXECUTE|[13]
11:42:23.1 (198501663)|HEAP_ALLOCATE|[14]|Bytes:18
11:42:23.1 (198507566)|HEAP_ALLOCATE|[14]|Bytes:18
11:42:23.1 (198511546)|HEAP_ALLOCATE|[14]|Bytes:37
11:42:23.1 (198515837)|STATEMENT_EXECUTE|[14]
11:42:23.1 (198519117)|HEAP_ALLOCATE|[15]|Bytes:18
11:42:23.1 (198525026)|HEAP_ALLOCATE|[15]|Bytes:18
11:42:23.1 (198529072)|HEAP_ALLOCATE|[15]|Bytes:37
11:42:23.1 (198533360)|STATEMENT_EXECUTE|[15]
11:42:23.1 (198534179)|STATEMENT_EXECUTE|[17]
11:42:23.1 (198539517)|HEAP_ALLOCATE|[17]|Bytes:28
11:42:23.1 (198541359)|HEAP_ALLOCATE|[17]|Bytes:28
11:42:23.1 (198545832)|METHOD_EXIT|[159]|01pg8000001F8kf|PricingService.findFreightValue(OrderItem, Order, Map<String,Freight__c>, Id)
11:42:23.1 (198920878)|VARIABLE_ASSIGNMENT|[159]|this.FreightValue__c|0|0x5e3e878a
11:42:23.1 (198925188)|STATEMENT_EXECUTE|[162]
11:42:23.1 (198933586)|VARIABLE_SCOPE_BEGIN|[162]|custoUnitario|Decimal|false|false
11:42:23.1 (198939193)|VARIABLE_ASSIGNMENT|[162]|custoUnitario|850000.00
11:42:23.1 (198941401)|STATEMENT_EXECUTE|[165]
11:42:23.1 (198950246)|HEAP_ALLOCATE|[165]|Bytes:18
11:42:23.1 (198957030)|HEAP_ALLOCATE|[165]|Bytes:75
11:42:23.1 (198973176)|USER_DEBUG|[165]|DEBUG|>>> [DIAGNÓSTICO] Verificando parâmetros para o produto: 01tg8000001BArWAAW
11:42:23.1 (198979491)|STATEMENT_EXECUTE|[166]
11:42:23.1 (198984006)|HEAP_ALLOCATE|[166]|Bytes:9
11:42:23.1 (198988606)|HEAP_ALLOCATE|[166]|Bytes:32
11:42:23.1 (198993105)|USER_DEBUG|[166]|DEBUG|>>> Custo de Produção: 850000.00
11:42:23.1 (198997291)|STATEMENT_EXECUTE|[167]
11:42:23.1 (199001737)|HEAP_ALLOCATE|[167]|Bytes:28
11:42:23.1 (199006818)|HEAP_ALLOCATE|[167]|Bytes:1
11:42:23.1 (199011021)|HEAP_ALLOCATE|[167]|Bytes:21
11:42:23.1 (199014613)|USER_DEBUG|[167]|DEBUG|>>> Valor de Frete: 0
11:42:23.1 (199017832)|STATEMENT_EXECUTE|[168]
11:42:23.1 (199021162)|HEAP_ALLOCATE|[168]|Bytes:28
11:42:23.1 (199025603)|HEAP_ALLOCATE|[168]|Bytes:1
11:42:23.1 (199029681)|HEAP_ALLOCATE|[168]|Bytes:29
11:42:23.1 (199033144)|USER_DEBUG|[168]|DEBUG|>>> Porcentagem de Imposto: 0
11:42:23.1 (199036232)|STATEMENT_EXECUTE|[169]
11:42:23.1 (199041035)|HEAP_ALLOCATE|[169]|Bytes:4
11:42:23.1 (199045529)|HEAP_ALLOCATE|[169]|Bytes:27
11:42:23.1 (199049028)|USER_DEBUG|[169]|DEBUG|>>> Margem encontrada? true
11:42:23.1 (199052428)|STATEMENT_EXECUTE|[170]
11:42:23.1 (199053291)|STATEMENT_EXECUTE|[171]
11:42:23.1 (199057454)|HEAP_ALLOCATE|[171]|Bytes:28
11:42:23.1 (199062278)|HEAP_ALLOCATE|[171]|Bytes:1
11:42:23.1 (199066322)|HEAP_ALLOCATE|[171]|Bytes:28
11:42:23.1 (199069783)|USER_DEBUG|[171]|DEBUG|>>> Porcentagem de Margem: 0
11:42:23.1 (199075335)|HEAP_ALLOCATE|[175]|Bytes:28
11:42:23.1 (199077091)|HEAP_ALLOCATE|[175]|Bytes:28
11:42:23.1 (199090599)|HEAP_ALLOCATE|[176]|Bytes:28
11:42:23.1 (199093682)|STATEMENT_EXECUTE|[178]
11:42:23.1 (199094482)|STATEMENT_EXECUTE|[180]
11:42:23.1 (199120551)|STATEMENT_EXECUTE|[181]
11:42:23.1 (199130830)|HEAP_ALLOCATE|[130]|Bytes:5
11:42:23.1 (199140081)|VARIABLE_ASSIGNMENT|[130]|item|null|
11:42:23.1 (199146838)|METHOD_EXIT|[24]|01pg8000001EZwd|OrdemItemHandler.executePricingLogic()
11:42:23.1 (199149862)|STATEMENT_EXECUTE|[27]
11:42:23.1 (199161674)|METHOD_ENTRY|[27]|01pg8000001EZwd|OrdemItemHandler.checkDuplicateProducts()
11:42:23.1 (199186026)|VARIABLE_SCOPE_BEGIN|[190]|this|OrdemItemHandler|true|false
11:42:23.1 (199235257)|VARIABLE_ASSIGNMENT|[190]|this|{"newRecords":"0xe61dff7","handlerName":"OrderItemHandler","isTriggerExecuting":true,"triggerEvent":"0x75360a1b"}|0x784438af
11:42:23.1 (199241348)|STATEMENT_EXECUTE|[190]
11:42:23.1 (199242279)|STATEMENT_EXECUTE|[191]
11:42:23.1 (199256788)|HEAP_ALLOCATE|[191]|Bytes:4
11:42:23.1 (199282660)|VARIABLE_SCOPE_BEGIN|[191]|setOrderIds|Set<Id>|true|false
11:42:23.1 (199315278)|VARIABLE_ASSIGNMENT|[191]|setOrderIds|[]|0x41fb2cf6
11:42:23.1 (199318296)|STATEMENT_EXECUTE|[192]
11:42:23.1 (199320697)|HEAP_ALLOCATE|[192]|Bytes:4
11:42:23.1 (199327503)|VARIABLE_SCOPE_BEGIN|[192]|setProductIds|Set<Id>|true|false
11:42:23.1 (199334340)|VARIABLE_ASSIGNMENT|[192]|setProductIds|[]|0x66474761
11:42:23.1 (199361251)|HEAP_ALLOCATE|[194]|Bytes:5
11:42:23.1 (199374145)|HEAP_ALLOCATE|[194]|Bytes:28
11:42:23.1 (199379227)|VARIABLE_SCOPE_BEGIN|[194]|ot|OrderItem|true|false
11:42:23.1 (199789396)|VARIABLE_ASSIGNMENT|[194]|ot|{"DiscountPercentage__c":-0.104397826675968695966313739297976,"IsDeleted":false,"Quantity":1.00,"FinalPrice__c":1222385.600000,"TaxPercentage__c":18.00,"ListPrice":1350000.00,"OrderId":"801g8000007E9NdAAK","PriceWithoutMargin__c":1062944.0000,"FreightValue__c":800.00,"UnitPrice":1350000.00,"Product2Id":"01tg8000001BArVAAW","PricebookEntryId":"01ug8000000XnbRAAS","TotalPrice":1350000.00,"MarginPercentage__c":15.00}|0x3ce514e0
11:42:23.1 (199797341)|STATEMENT_EXECUTE|[194]
11:42:23.1 (199798266)|STATEMENT_EXECUTE|[195]
11:42:23.1 (199823830)|HEAP_ALLOCATE|[EXTERNAL]|Bytes:4
11:42:23.1 (199828812)|STATEMENT_EXECUTE|[196]
11:42:23.1 (199837525)|HEAP_ALLOCATE|[EXTERNAL]|Bytes:4
11:42:23.1 (199845510)|HEAP_ALLOCATE|[194]|Bytes:5
11:42:23.1 (199853947)|HEAP_ALLOCATE|[194]|Bytes:28
11:42:23.1 (199857500)|VARIABLE_SCOPE_BEGIN|[194]|ot|OrderItem|true|false
11:42:23.1 (200203037)|VARIABLE_ASSIGNMENT|[194]|ot|{"DiscountPercentage__c":-0.295349694596398927849022010980580,"IsDeleted":false,"Quantity":1.00,"FinalPrice__c":15053.850000,"TaxPercentage__c":18.00,"ListPrice":19500.00,"OrderId":"801g8000007E9NdAAK","PriceWithoutMargin__c":14337.0000,"FreightValue__c":150.00,"UnitPrice":19500.00,"Product2Id":"01tg8000001BArcAAG","PricebookEntryId":"01ug8000000XoZ7AAK","TotalPrice":19500.00,"MarginPercentage__c":5.00}|0x268d8735
11:42:23.1 (200209587)|STATEMENT_EXECUTE|[194]
11:42:23.1 (200210388)|STATEMENT_EXECUTE|[195]
11:42:23.1 (200215445)|HEAP_ALLOCATE|[EXTERNAL]|Bytes:4
11:42:23.1 (200218639)|STATEMENT_EXECUTE|[196]
11:42:23.1 (200221586)|HEAP_ALLOCATE|[EXTERNAL]|Bytes:4
11:42:23.1 (200227480)|HEAP_ALLOCATE|[194]|Bytes:5
11:42:23.1 (200233344)|HEAP_ALLOCATE|[194]|Bytes:16
11:42:23.1 (200236151)|VARIABLE_SCOPE_BEGIN|[194]|ot|OrderItem|true|false
11:42:23.1 (200599560)|VARIABLE_ASSIGNMENT|[194]|ot|{"IsDeleted":false,"UnitPrice":1280000.00,"Product2Id":"01tg8000001BArWAAW","PricebookEntryId":"01ug8000000XnjVAAS","TotalPrice":1280000.00,"Quantity":1.00,"MarginPercentage__c":0,"TaxPercentage__c":0,"ListPrice":1280000.00,"OrderId":"801g8000007DOjhAAG","FreightValue__c":0}|0x725afdb4
11:42:23.1 (200604882)|STATEMENT_EXECUTE|[194]
11:42:23.1 (200605641)|STATEMENT_EXECUTE|[195]
11:42:23.1 (200610781)|HEAP_ALLOCATE|[EXTERNAL]|Bytes:4
11:42:23.1 (200614263)|STATEMENT_EXECUTE|[196]
11:42:23.1 (200616919)|HEAP_ALLOCATE|[EXTERNAL]|Bytes:4
11:42:23.1 (200623148)|HEAP_ALLOCATE|[194]|Bytes:5
11:42:23.1 (200628831)|HEAP_ALLOCATE|[194]|Bytes:16
11:42:23.1 (200631769)|VARIABLE_SCOPE_BEGIN|[194]|ot|OrderItem|true|false
11:42:23.1 (200958173)|VARIABLE_ASSIGNMENT|[194]|ot|{"IsDeleted":false,"UnitPrice":2800.00,"Product2Id":"01tg8000001BArdAAG","PricebookEntryId":"01ug8000000XmilAAC","TotalPrice":28000.00,"Quantity":10.00,"MarginPercentage__c":30.00,"TaxPercentage__c":0,"ListPrice":2800.00,"OrderId":"801g8000007DOjhAAG","FreightValue__c":50.00}|0x4ae8c823
11:42:23.1 (200962682)|STATEMENT_EXECUTE|[194]
11:42:23.1 (200963633)|STATEMENT_EXECUTE|[195]
11:42:23.1 (200967166)|HEAP_ALLOCATE|[EXTERNAL]|Bytes:4
11:42:23.1 (200969992)|STATEMENT_EXECUTE|[196]
11:42:23.1 (200972622)|HEAP_ALLOCATE|[EXTERNAL]|Bytes:4
11:42:23.1 (200977913)|HEAP_ALLOCATE|[194]|Bytes:5
11:42:23.1 (200982832)|HEAP_ALLOCATE|[194]|Bytes:16
11:42:23.1 (200985378)|VARIABLE_SCOPE_BEGIN|[194]|ot|OrderItem|true|false
11:42:23.1 (201303348)|VARIABLE_ASSIGNMENT|[194]|ot|{"IsDeleted":false,"UnitPrice":1280000.00,"Product2Id":"01tg8000001BArWAAW","PricebookEntryId":"01ug8000000XnjVAAS","TotalPrice":1280000.00,"Quantity":1.00,"MarginPercentage__c":0,"TaxPercentage__c":0,"ListPrice":1280000.00,"OrderId":"801g8000007DgjnAAC","FreightValue__c":0}|0x5e3e878a
11:42:23.1 (201308532)|STATEMENT_EXECUTE|[194]
11:42:23.1 (201309352)|STATEMENT_EXECUTE|[195]
11:42:23.1 (201312702)|HEAP_ALLOCATE|[EXTERNAL]|Bytes:4
11:42:23.1 (201315401)|STATEMENT_EXECUTE|[196]
11:42:23.1 (201317942)|HEAP_ALLOCATE|[EXTERNAL]|Bytes:4
11:42:23.1 (201323004)|HEAP_ALLOCATE|[194]|Bytes:5
11:42:23.1 (201328352)|VARIABLE_ASSIGNMENT|[194]|ot|null|
11:42:23.1 (201331603)|STATEMENT_EXECUTE|[199]
11:42:23.1 (201334056)|HEAP_ALLOCATE|[199]|Bytes:98
11:42:23.1 (201346941)|HEAP_ALLOCATE|[199]|Bytes:4
11:42:23.1 (201360265)|HEAP_ALLOCATE|[199]|Bytes:7
11:42:23.1 (201813076)|SOQL_EXECUTE_BEGIN|[199]|Aggregations:0|SELECT Id, OrderId, Product2Id FROM OrderItem WHERE (OrderId = :tmpVar1 AND Product2Id = :tmpVar2)
11:42:23.1 (221075289)|SOQL_EXECUTE_END|[199]|Rows:0
11:42:23.1 (221120329)|HEAP_ALLOCATE|[199]|Bytes:4
11:42:23.1 (221138678)|HEAP_ALLOCATE|[199]|Bytes:0
11:42:23.1 (221192883)|HEAP_ALLOCATE|[199]|Bytes:4
11:42:23.1 (221214829)|VARIABLE_SCOPE_BEGIN|[199]|existingItens|List<OrderItem>|true|false
11:42:23.1 (221238893)|VARIABLE_ASSIGNMENT|[199]|existingItens|[]|0xee667a0
11:42:23.1 (221245179)|STATEMENT_EXECUTE|[206]
11:42:23.1 (221257428)|HEAP_ALLOCATE|[206]|Bytes:4
11:42:23.1 (221304710)|VARIABLE_SCOPE_BEGIN|[206]|comparacao|Set<String>|true|false
11:42:23.1 (221324009)|VARIABLE_ASSIGNMENT|[206]|comparacao|[]|0x4a5192d0
11:42:23.1 (221378695)|HEAP_ALLOCATE|[207]|Bytes:5
11:42:23.1 (221394998)|VARIABLE_ASSIGNMENT|[207]|it|null|
11:42:23.1 (221398933)|STATEMENT_EXECUTE|[207]
11:42:23.1 (221413184)|HEAP_ALLOCATE|[211]|Bytes:5
11:42:23.1 (221431884)|HEAP_ALLOCATE|[211]|Bytes:28
11:42:23.1 (221439428)|VARIABLE_SCOPE_BEGIN|[211]|newItem|OrderItem|true|false
11:42:23.1 (222027693)|VARIABLE_ASSIGNMENT|[211]|newItem|{"DiscountPercentage__c":-0.104397826675968695966313739297976,"IsDeleted":false,"Quantity":1.00,"FinalPrice__c":1222385.600000,"TaxPercentage__c":18.00,"ListPrice":1350000.00,"OrderId":"801g8000007E9NdAAK","PriceWithoutMargin__c":1062944.0000,"FreightValue__c":800.00,"UnitPrice":1350000.00,"Product2Id":"01tg8000001BArVAAW","PricebookEntryId":"01ug8000000XnbRAAS","TotalPrice":1350000.00,"MarginPercentage__c":15.00}|0x3ce514e0
11:42:23.1 (222037355)|STATEMENT_EXECUTE|[211]
11:42:23.1 (222038731)|STATEMENT_EXECUTE|[212]
11:42:23.1 (222094154)|HEAP_ALLOCATE|[212]|Bytes:18
11:42:23.1 (222102383)|HEAP_ALLOCATE|[212]|Bytes:1
11:42:23.1 (222109735)|HEAP_ALLOCATE|[212]|Bytes:18
11:42:23.1 (222117421)|HEAP_ALLOCATE|[212]|Bytes:37
11:42:23.1 (222119986)|VARIABLE_SCOPE_BEGIN|[212]|keyCombo|String|false|false
11:42:23.1 (222127546)|VARIABLE_ASSIGNMENT|[212]|keyCombo|"801g8000007E9NdAAK-0 (17 more) ..."
11:42:23.1 (222148237)|STATEMENT_EXECUTE|[216]
11:42:23.1 (222149138)|STATEMENT_EXECUTE|[218]
11:42:23.1 (222156981)|HEAP_ALLOCATE|[EXTERNAL]|Bytes:4
11:42:23.1 (222168986)|HEAP_ALLOCATE|[211]|Bytes:5
11:42:23.1 (222179804)|HEAP_ALLOCATE|[211]|Bytes:28
11:42:23.1 (222183968)|VARIABLE_SCOPE_BEGIN|[211]|newItem|OrderItem|true|false
11:42:23.1 (222563864)|VARIABLE_ASSIGNMENT|[211]|newItem|{"DiscountPercentage__c":-0.295349694596398927849022010980580,"IsDeleted":false,"Quantity":1.00,"FinalPrice__c":15053.850000,"TaxPercentage__c":18.00,"ListPrice":19500.00,"OrderId":"801g8000007E9NdAAK","PriceWithoutMargin__c":14337.0000,"FreightValue__c":150.00,"UnitPrice":19500.00,"Product2Id":"01tg8000001BArcAAG","PricebookEntryId":"01ug8000000XoZ7AAK","TotalPrice":19500.00,"MarginPercentage__c":5.00}|0x268d8735
11:42:23.1 (222570434)|STATEMENT_EXECUTE|[211]
11:42:23.1 (222571192)|STATEMENT_EXECUTE|[212]
11:42:23.1 (222578384)|HEAP_ALLOCATE|[212]|Bytes:18
11:42:23.1 (222586480)|HEAP_ALLOCATE|[212]|Bytes:18
11:42:23.1 (222590991)|HEAP_ALLOCATE|[212]|Bytes:37
11:42:23.1 (222593200)|VARIABLE_SCOPE_BEGIN|[212]|keyCombo|String|false|false
11:42:23.1 (222598643)|VARIABLE_ASSIGNMENT|[212]|keyCombo|"801g8000007E9NdAAK-0 (17 more) ..."
11:42:23.1 (222605168)|STATEMENT_EXECUTE|[216]
11:42:23.1 (222605950)|STATEMENT_EXECUTE|[218]
11:42:23.1 (222608254)|HEAP_ALLOCATE|[EXTERNAL]|Bytes:4
11:42:23.1 (222614906)|HEAP_ALLOCATE|[211]|Bytes:5
11:42:23.1 (222621493)|HEAP_ALLOCATE|[211]|Bytes:16
11:42:23.1 (222624497)|VARIABLE_SCOPE_BEGIN|[211]|newItem|OrderItem|true|false
11:42:23.1 (222999778)|VARIABLE_ASSIGNMENT|[211]|newItem|{"IsDeleted":false,"UnitPrice":1280000.00,"Product2Id":"01tg8000001BArWAAW","PricebookEntryId":"01ug8000000XnjVAAS","TotalPrice":1280000.00,"Quantity":1.00,"MarginPercentage__c":0,"TaxPercentage__c":0,"ListPrice":1280000.00,"OrderId":"801g8000007DOjhAAG","FreightValue__c":0}|0x725afdb4
11:42:23.1 (223005540)|STATEMENT_EXECUTE|[211]
11:42:23.1 (223006812)|STATEMENT_EXECUTE|[212]
11:42:23.1 (223014158)|HEAP_ALLOCATE|[212]|Bytes:18
11:42:23.1 (223021711)|HEAP_ALLOCATE|[212]|Bytes:18
11:42:23.1 (223026244)|HEAP_ALLOCATE|[212]|Bytes:37
11:42:23.1 (223028280)|VARIABLE_SCOPE_BEGIN|[212]|keyCombo|String|false|false
11:42:23.1 (223033205)|VARIABLE_ASSIGNMENT|[212]|keyCombo|"801g8000007DOjhAAG-0 (17 more) ..."
11:42:23.1 (223039053)|STATEMENT_EXECUTE|[216]
11:42:23.1 (223039793)|STATEMENT_EXECUTE|[218]
11:42:23.1 (223041944)|HEAP_ALLOCATE|[EXTERNAL]|Bytes:4
11:42:23.1 (223048496)|HEAP_ALLOCATE|[211]|Bytes:5
11:42:23.1 (223055359)|HEAP_ALLOCATE|[211]|Bytes:16
11:42:23.1 (223058360)|VARIABLE_SCOPE_BEGIN|[211]|newItem|OrderItem|true|false
11:42:23.1 (223404160)|VARIABLE_ASSIGNMENT|[211]|newItem|{"IsDeleted":false,"UnitPrice":2800.00,"Product2Id":"01tg8000001BArdAAG","PricebookEntryId":"01ug8000000XmilAAC","TotalPrice":28000.00,"Quantity":10.00,"MarginPercentage__c":30.00,"TaxPercentage__c":0,"ListPrice":2800.00,"OrderId":"801g8000007DOjhAAG","FreightValue__c":50.00}|0x4ae8c823
11:42:23.1 (223408964)|STATEMENT_EXECUTE|[211]
11:42:23.1 (223409715)|STATEMENT_EXECUTE|[212]
11:42:23.1 (223415439)|HEAP_ALLOCATE|[212]|Bytes:18
11:42:23.1 (223422725)|HEAP_ALLOCATE|[212]|Bytes:18
11:42:23.1 (223426769)|HEAP_ALLOCATE|[212]|Bytes:37
11:42:23.1 (223428693)|VARIABLE_SCOPE_BEGIN|[212]|keyCombo|String|false|false
11:42:23.1 (223433124)|VARIABLE_ASSIGNMENT|[212]|keyCombo|"801g8000007DOjhAAG-0 (17 more) ..."
11:42:23.1 (223438426)|STATEMENT_EXECUTE|[216]
11:42:23.1 (223439184)|STATEMENT_EXECUTE|[218]
11:42:23.1 (223441172)|HEAP_ALLOCATE|[EXTERNAL]|Bytes:4
11:42:23.1 (223447128)|HEAP_ALLOCATE|[211]|Bytes:5
11:42:23.1 (223452899)|HEAP_ALLOCATE|[211]|Bytes:16
11:42:23.1 (223455641)|VARIABLE_SCOPE_BEGIN|[211]|newItem|OrderItem|true|false
11:42:23.1 (223796814)|VARIABLE_ASSIGNMENT|[211]|newItem|{"IsDeleted":false,"UnitPrice":1280000.00,"Product2Id":"01tg8000001BArWAAW","PricebookEntryId":"01ug8000000XnjVAAS","TotalPrice":1280000.00,"Quantity":1.00,"MarginPercentage__c":0,"TaxPercentage__c":0,"ListPrice":1280000.00,"OrderId":"801g8000007DgjnAAC","FreightValue__c":0}|0x5e3e878a
11:42:23.1 (223801405)|STATEMENT_EXECUTE|[211]
11:42:23.1 (223802166)|STATEMENT_EXECUTE|[212]
11:42:23.1 (223807660)|HEAP_ALLOCATE|[212]|Bytes:18
11:42:23.1 (223814843)|HEAP_ALLOCATE|[212]|Bytes:18
11:42:23.1 (223819135)|HEAP_ALLOCATE|[212]|Bytes:37
11:42:23.1 (223820993)|VARIABLE_SCOPE_BEGIN|[212]|keyCombo|String|false|false
11:42:23.1 (223825436)|VARIABLE_ASSIGNMENT|[212]|keyCombo|"801g8000007DgjnAAC-0 (17 more) ..."
11:42:23.1 (223830660)|STATEMENT_EXECUTE|[216]
11:42:23.1 (223831408)|STATEMENT_EXECUTE|[218]
11:42:23.1 (223833490)|HEAP_ALLOCATE|[EXTERNAL]|Bytes:4
11:42:23.1 (223839405)|HEAP_ALLOCATE|[211]|Bytes:5
11:42:23.1 (223844713)|VARIABLE_ASSIGNMENT|[211]|newItem|null|
11:42:23.1 (223852474)|METHOD_EXIT|[27]|01pg8000001EZwd|OrdemItemHandler.checkDuplicateProducts()
11:42:23.1 (223859069)|METHOD_EXIT|[137]|01pg8000001EZwd|OrdemItemHandler.beforeInsert()
11:42:23.1 (223862201)|STATEMENT_EXECUTE|[158]
11:42:23.1 (223879587)|METHOD_ENTRY|[158]|01pg80000019iSf|TriggerHandler.andFinally()
11:42:23.1 (223899043)|VARIABLE_SCOPE_BEGIN|[746]|this|TriggerHandler|true|false
11:42:23.1 (223944093)|VARIABLE_ASSIGNMENT|[746]|this|{"newRecords":"0xe61dff7","handlerName":"OrderItemHandler","isTriggerExecuting":true,"triggerEvent":"0x75360a1b"}|0x784438af
11:42:23.1 (223951021)|STATEMENT_EXECUTE|[746]
11:42:23.1 (223952678)|METHOD_EXIT|[158]|01pg80000019iSf|TriggerHandler.andFinally()
11:42:23.1 (223959178)|STATEMENT_EXECUTE|[160]
11:42:23.1 (223962528)|STATEMENT_EXECUTE|[176]
11:42:23.1 (223965418)|METHOD_EXIT|[2]|01pg80000019iSf|TriggerHandler.run()
11:42:23.223 (223982088)|CUMULATIVE_LIMIT_USAGE
11:42:23.223 (223982088)|LIMIT_USAGE_FOR_NS|(default)|
  Number of SOQL queries: 8 out of 100
  Number of query rows: 22 out of 50000
  Number of SOSL queries: 0 out of 20
  Number of DML statements: 0 out of 150
  Number of Publish Immediate DML: 0 out of 150
  Number of DML rows: 0 out of 10000
  Maximum CPU time: 0 out of 10000
  Maximum heap size: 0 out of 6000000
  Number of callouts: 0 out of 100
  Number of Email Invocations: 0 out of 10
  Number of future calls: 0 out of 50
  Number of queueable jobs added to the queue: 0 out of 50
  Number of Mobile Apex push calls: 0 out of 10

11:42:23.223 (223982088)|CUMULATIVE_LIMIT_USAGE_END

11:42:23.1 (231119914)|CODE_UNIT_FINISHED|OrdemItemTrigger on OrderItem trigger event BeforeInsert|__sfdc_trigger/OrdemItemTrigger
11:42:23.1 (342330566)|CODE_UNIT_STARTED|[EXTERNAL]|01qg8000000GdOn|OrderTrigger on Order trigger event BeforeUpdate|__sfdc_trigger/OrderTrigger
11:42:23.1 (342404731)|HEAP_ALLOCATE|[EXTERNAL]|Bytes:8
11:42:23.1 (342473432)|HEAP_ALLOCATE|[EXTERNAL]|Bytes:8
11:42:23.1 (342608044)|HEAP_ALLOCATE|[EXTERNAL]|Bytes:4
11:42:23.1 (342621027)|VARIABLE_SCOPE_BEGIN|[1]|this|OrderTrigger|true|false
11:42:23.1 (342665406)|VARIABLE_ASSIGNMENT|[1]|this|{}|0x3301e49
11:42:23.1 (342709616)|HEAP_ALLOCATE|[EXTERNAL]|Bytes:4
11:42:23.1 (342713366)|VARIABLE_SCOPE_BEGIN|[1]|this|OrderTrigger|true|false
11:42:23.1 (342719570)|VARIABLE_ASSIGNMENT|[1]|this|{}|0x3301e49
11:42:23.1 (342725186)|STATEMENT_EXECUTE|[1]
11:42:23.1 (342726126)|STATEMENT_EXECUTE|[2]
11:42:23.1 (347974430)|HEAP_ALLOCATE|[2]|Bytes:11
11:42:23.1 (348020906)|METHOD_ENTRY|[1]|01pg8000001LXzh|OrderHandler.OrderHandler()
11:42:23.1 (348028309)|STATEMENT_EXECUTE|[1]
11:42:23.1 (348034708)|STATEMENT_EXECUTE|[1]
11:42:23.1 (348042153)|METHOD_EXIT|[1]|OrderHandler
11:42:23.1 (348065164)|HEAP_ALLOCATE|[2]|Bytes:32
11:42:23.1 (348093782)|CONSTRUCTOR_ENTRY|[2]|01pg8000001LXzh|<init>()|OrderHandler
11:42:23.1 (348128359)|VARIABLE_SCOPE_BEGIN|[10]|this|OrderHandler|true|false
11:42:23.1 (348192208)|VARIABLE_ASSIGNMENT|[10]|this|{}|0x6ed11324
11:42:23.1 (348198621)|STATEMENT_EXECUTE|[1]
11:42:23.1 (348199834)|STATEMENT_EXECUTE|[4]
11:42:23.1 (348201376)|STATEMENT_EXECUTE|[5]
11:42:23.1 (348202919)|STATEMENT_EXECUTE|[6]
11:42:23.1 (348203919)|STATEMENT_EXECUTE|[7]
11:42:23.1 (348204916)|STATEMENT_EXECUTE|[11]
11:42:23.1 (348210473)|HEAP_ALLOCATE|[11]|Bytes:12
11:42:23.1 (348219299)|CONSTRUCTOR_ENTRY|[11]|01pg80000019iSf|<init>(String)|TriggerHandler
11:42:23.1 (348247895)|VARIABLE_SCOPE_BEGIN|[107]|this|TriggerHandler|true|false
11:42:23.1 (348259003)|VARIABLE_ASSIGNMENT|[107]|this|{}|0x6ed11324
11:42:23.1 (348262274)|VARIABLE_SCOPE_BEGIN|[107]|handlerName|String|false|false
11:42:23.1 (348271955)|VARIABLE_ASSIGNMENT|[107]|handlerName|"OrderHandler"
11:42:23.1 (348274848)|STATEMENT_EXECUTE|[15]
11:42:23.1 (348275687)|STATEMENT_EXECUTE|[50]
11:42:23.1 (348276714)|STATEMENT_EXECUTE|[57]
11:42:23.1 (348277619)|STATEMENT_EXECUTE|[671]
11:42:23.1 (348323062)|STATEMENT_EXECUTE|[107]
11:42:23.1 (348324168)|STATEMENT_EXECUTE|[108]
11:42:23.1 (348329191)|STATEMENT_EXECUTE|[109]
11:42:23.1 (348338028)|METHOD_ENTRY|[109]|01pg80000019iSf|TriggerHandler.setTriggerContext()
11:42:23.1 (348342414)|VARIABLE_SCOPE_BEGIN|[565]|this|TriggerHandler|true|false
11:42:23.1 (348355091)|VARIABLE_ASSIGNMENT|[565]|this|{"handlerName":"OrderHandler"}|0x6ed11324
11:42:23.1 (348360001)|STATEMENT_EXECUTE|[565]
11:42:23.1 (348360924)|STATEMENT_EXECUTE|[566]
11:42:23.1 (348424077)|HEAP_ALLOCATE|[566]|Bytes:16
11:42:23.1 (348436410)|METHOD_ENTRY|[566]|01pg80000019iSf|TriggerHandler.setTriggerContext(System.TriggerOperation, Boolean)
11:42:23.1 (348439955)|VARIABLE_SCOPE_BEGIN|[582]|this|TriggerHandler|true|false
11:42:23.1 (348448566)|VARIABLE_ASSIGNMENT|[582]|this|{"handlerName":"OrderHandler"}|0x6ed11324
11:42:23.1 (348451880)|VARIABLE_SCOPE_BEGIN|[582]|opType|System.TriggerOperation|true|false
11:42:23.1 (348470280)|VARIABLE_ASSIGNMENT|[582]|opType|"BEFORE_UPDATE"|0x5d2da784
11:42:23.1 (348478971)|VARIABLE_SCOPE_BEGIN|[582]|testMode|Boolean|false|false
11:42:23.1 (348485344)|VARIABLE_ASSIGNMENT|[582]|testMode|false
11:42:23.1 (348488954)|STATEMENT_EXECUTE|[582]
11:42:23.1 (348496348)|STATEMENT_EXECUTE|[586]
11:42:23.1 (348497158)|STATEMENT_EXECUTE|[587]
11:42:23.1 (348500214)|HEAP_ALLOCATE|[587]|Bytes:5
11:42:23.1 (348505347)|STATEMENT_EXECUTE|[590]
11:42:23.1 (348506295)|STATEMENT_EXECUTE|[592]
11:42:23.1 (348517121)|HEAP_ALLOCATE|[592]|Bytes:16
11:42:23.1 (348522104)|STATEMENT_EXECUTE|[595]
11:42:23.1 (348529419)|VARIABLE_SCOPE_BEGIN|[595]|context|String|false|false
11:42:23.1 (348536551)|VARIABLE_ASSIGNMENT|[595]|context|"BEFORE_UPDATE"
11:42:23.1 (348538865)|STATEMENT_EXECUTE|[597]
11:42:23.1 (348559681)|HEAP_ALLOCATE|[601]|Bytes:13
11:42:23.1 (348586253)|STATEMENT_EXECUTE|[601]
11:42:23.1 (348587432)|STATEMENT_EXECUTE|[602]
11:42:23.1 (348595895)|METHOD_EXIT|[566]|01pg80000019iSf|TriggerHandler.setTriggerContext(System.TriggerOperation, Boolean)
11:42:23.1 (348598945)|METHOD_EXIT|[109]|01pg80000019iSf|TriggerHandler.setTriggerContext()
11:42:23.1 (348604219)|CONSTRUCTOR_EXIT|[11]|01pg80000019iSf|<init>(String)|TriggerHandler
11:42:23.1 (348607000)|STATEMENT_EXECUTE|[10]
11:42:23.1 (348607945)|STATEMENT_EXECUTE|[12]
11:42:23.1 (352560239)|VARIABLE_ASSIGNMENT|[12]|this.newRecords|[{"Status":"Draft","LastModifiedDate":"2026-04-02T12:32:29.000Z","Country__c":"a03g8000004x8aeAAA","IsDeleted":false,"AccountId":"001g8000005VaOHAA0","FreightType__c":"CIF","OrderNumber":"00000113","TotalAmount":1369500.00,"StatusCode":"Draft","PaymentCondition__c":"a07g8000004MONnAAO","IsReductionOrder":false,"SystemModstamp":"2026-04-02T14:42:23.000Z","City__c":"a05g8000001KAc9AAG","OwnerId":"005g80000010N45AAE","CreatedById":"005g80000010N45AAE","DeliveryDate__c":"2026-04-06T00:00:00.000Z","DistributionCenter__c":"a06g8000000wkLpAAI","CreatedDate":"2026-03-31T12:52:12.000Z","Pricebook2Id":"01sg80000015mKTAAY","Id":"801g8000007E9NdAAK","AccountAddress__c":"a08g8000001Zx1SAAS","LastModifiedById":"005g80000010N45AAE","State__c":"a04g8000000QmaTAAS","EffectiveDate":"2026-03-31T00:00:00.000Z"}]|0x6ed11324
11:42:23.1 (352582805)|STATEMENT_EXECUTE|[13]
11:42:23.1 (353222737)|VARIABLE_ASSIGNMENT|[13]|this.oldRecords|[{"Status":"Draft","LastModifiedDate":"2026-04-02T12:32:29.000Z","Country__c":"a03g8000004x8aeAAA","IsDeleted":false,"AccountId":"001g8000005VaOHAA0","FreightType__c":"CIF","OrderNumber":"00000113","TotalAmount":0.00,"StatusCode":"Draft","PaymentCondition__c":"a07g8000004MONnAAO","IsReductionOrder":false,"SystemModstamp":"2026-04-02T12:32:29.000Z","City__c":"a05g8000001KAc9AAG","OwnerId":"005g80000010N45AAE","CreatedById":"005g80000010N45AAE","DeliveryDate__c":"2026-04-06T00:00:00.000Z","DistributionCenter__c":"a06g8000000wkLpAAI","CreatedDate":"2026-03-31T12:52:12.000Z","Pricebook2Id":"01sg80000015mKTAAY","Id":"801g8000007E9NdAAK","AccountAddress__c":"a08g8000001Zx1SAAS","LastModifiedById":"005g80000010N45AAE","State__c":"a04g8000000QmaTAAS","EffectiveDate":"2026-03-31T00:00:00.000Z"}]|0x6ed11324
11:42:23.1 (353234860)|STATEMENT_EXECUTE|[14]
11:42:23.1 (353591276)|VARIABLE_ASSIGNMENT|[14]|this.newRecordsMap|{"801g8000007E9NdAAK":{"Status":"Draft","LastModifiedDate":"2026-04-02T12:32:29.000Z","Country__c":"a03g8000004x8aeAAA","IsDeleted":false,"AccountId":"001g8000005VaOHAA0","FreightType__c":"CIF","OrderNumber":"00000113","TotalAmount":1369500.00,"StatusCode":"Draft","PaymentCondition__c":"a07g8000004MONnAAO","IsReductionOrder":false,"SystemModstamp":"2026-04-02T14:42:23.000Z","City__c":"a05g8000001KAc9AAG","OwnerId":"005g80000010N45AAE","CreatedById":"005g80000010N45AAE","DeliveryDate__c":"2026-04-06T00:00:00.000Z","DistributionCenter__c":"a06g8000000wkLpAAI","CreatedDate":"2026-03-31T12:52:12.000Z","Pricebook2Id":"01sg80000015mKTAAY","Id":"801g8000007E9NdAAK","AccountAddress__c":"a08g8000001Zx1SAAS","LastModifiedById":"005g80000010N45AAE","State__c":"a04g8000000QmaTAAS","EffectiveDate":"2026-03-31T00:00:00.000Z"}}|0x6ed11324
11:42:23.1 (353600895)|STATEMENT_EXECUTE|[15]
11:42:23.1 (353919747)|VARIABLE_ASSIGNMENT|[15]|this.oldRecordsMap|{"801g8000007E9NdAAK":{"Status":"Draft","LastModifiedDate":"2026-04-02T12:32:29.000Z","Country__c":"a03g8000004x8aeAAA","IsDeleted":false,"AccountId":"001g8000005VaOHAA0","FreightType__c":"CIF","OrderNumber":"00000113","TotalAmount":0.00,"StatusCode":"Draft","PaymentCondition__c":"a07g8000004MONnAAO","IsReductionOrder":false,"SystemModstamp":"2026-04-02T12:32:29.000Z","City__c":"a05g8000001KAc9AAG","OwnerId":"005g80000010N45AAE","CreatedById":"005g80000010N45AAE","DeliveryDate__c":"2026-04-06T00:00:00.000Z","DistributionCenter__c":"a06g8000000wkLpAAI","CreatedDate":"2026-03-31T12:52:12.000Z","Pricebook2Id":"01sg80000015mKTAAY","Id":"801g8000007E9NdAAK","AccountAddress__c":"a08g8000001Zx1SAAS","LastModifiedById":"005g80000010N45AAE","State__c":"a04g8000000QmaTAAS","EffectiveDate":"2026-03-31T00:00:00.000Z"}}|0x6ed11324
11:42:23.1 (353936912)|CONSTRUCTOR_EXIT|[2]|01pg8000001LXzh|<init>()|OrderHandler
11:42:23.1 (353967616)|METHOD_ENTRY|[2]|01pg80000019iSf|TriggerHandler.run()
11:42:23.1 (353974100)|VARIABLE_SCOPE_BEGIN|[120]|this|TriggerHandler|true|false
11:42:23.1 (354016910)|VARIABLE_ASSIGNMENT|[120]|this|{"newRecords":"0x2c03de8f","newRecordsMap":"0x71888d3f","oldRecords":"0x3981cd9c","oldRecordsMap":"0x32936bd6","handlerName":"OrderHandler","isTriggerExecuting":true,"triggerEvent":"0x5d2da784"}|0x6ed11324
11:42:23.1 (354023955)|STATEMENT_EXECUTE|[120]
11:42:23.1 (354027532)|METHOD_ENTRY|[121]|01pg80000019iSf|TriggerHandler.validateRun()
11:42:23.1 (354031209)|VARIABLE_SCOPE_BEGIN|[661]|this|TriggerHandler|true|false
11:42:23.1 (354041169)|VARIABLE_ASSIGNMENT|[661]|this|{"newRecords":"0x2c03de8f","newRecordsMap":"0x71888d3f","oldRecords":"0x3981cd9c","oldRecordsMap":"0x32936bd6","handlerName":"OrderHandler","isTriggerExecuting":true,"triggerEvent":"0x5d2da784"}|0x6ed11324
11:42:23.1 (354045650)|STATEMENT_EXECUTE|[661]
11:42:23.1 (354054546)|STATEMENT_EXECUTE|[662]
11:42:23.1 (354055564)|STATEMENT_EXECUTE|[665]
11:42:23.1 (354061411)|METHOD_ENTRY|[665]|01pg80000019iSf|TriggerHandler.getHandlerName()
11:42:23.1 (354064478)|VARIABLE_SCOPE_BEGIN|[680]|this|TriggerHandler|true|false
11:42:23.1 (354073311)|VARIABLE_ASSIGNMENT|[680]|this|{"newRecords":"0x2c03de8f","newRecordsMap":"0x71888d3f","oldRecords":"0x3981cd9c","oldRecordsMap":"0x32936bd6","handlerName":"OrderHandler","isTriggerExecuting":true,"triggerEvent":"0x5d2da784"}|0x6ed11324
11:42:23.1 (354077886)|STATEMENT_EXECUTE|[680]
11:42:23.1 (354102314)|STATEMENT_EXECUTE|[681]
11:42:23.1 (354103122)|STATEMENT_EXECUTE|[684]
11:42:23.1 (354108133)|METHOD_EXIT|[665]|01pg80000019iSf|TriggerHandler.getHandlerName()
11:42:23.1 (354129968)|METHOD_EXIT|[121]|01pg80000019iSf|TriggerHandler.validateRun()
11:42:23.1 (354134067)|STATEMENT_EXECUTE|[121]
11:42:23.1 (354137440)|METHOD_ENTRY|[126]|01pg80000019iSf|TriggerHandler.incrementCheckLoopCount()
11:42:23.1 (354141867)|VARIABLE_SCOPE_BEGIN|[634]|this|TriggerHandler|true|false
11:42:23.1 (354158593)|VARIABLE_ASSIGNMENT|[634]|this|{"newRecords":"0x2c03de8f","newRecordsMap":"0x71888d3f","oldRecords":"0x3981cd9c","oldRecordsMap":"0x32936bd6","handlerName":"OrderHandler","isTriggerExecuting":true,"triggerEvent":"0x5d2da784"}|0x6ed11324
11:42:23.1 (354164735)|STATEMENT_EXECUTE|[634]
11:42:23.1 (354166007)|STATEMENT_EXECUTE|[635]
11:42:23.1 (354168616)|METHOD_ENTRY|[635]|01pg80000019iSf|TriggerHandler.getHandlerName()
11:42:23.1 (354171820)|VARIABLE_SCOPE_BEGIN|[680]|this|TriggerHandler|true|false
11:42:23.1 (354185673)|VARIABLE_ASSIGNMENT|[680]|this|{"newRecords":"0x2c03de8f","newRecordsMap":"0x71888d3f","oldRecords":"0x3981cd9c","oldRecordsMap":"0x32936bd6","handlerName":"OrderHandler","isTriggerExecuting":true,"triggerEvent":"0x5d2da784"}|0x6ed11324
11:42:23.1 (354191026)|STATEMENT_EXECUTE|[680]
11:42:23.1 (354200856)|STATEMENT_EXECUTE|[681]
11:42:23.1 (354201937)|STATEMENT_EXECUTE|[684]
11:42:23.1 (354204476)|METHOD_EXIT|[635]|01pg80000019iSf|TriggerHandler.getHandlerName()
11:42:23.1 (354209195)|VARIABLE_SCOPE_BEGIN|[635]|handlerName|String|false|false
11:42:23.1 (354217779)|VARIABLE_ASSIGNMENT|[635]|handlerName|"OrderHandler"
11:42:23.1 (354231604)|STATEMENT_EXECUTE|[636]
11:42:23.1 (354233279)|STATEMENT_EXECUTE|[649]
11:42:23.1 (354235632)|METHOD_EXIT|[126]|01pg80000019iSf|TriggerHandler.incrementCheckLoopCount()
11:42:23.1 (354239221)|STATEMENT_EXECUTE|[126]
11:42:23.1 (354242350)|STATEMENT_EXECUTE|[130]
11:42:23.1 (354243320)|STATEMENT_EXECUTE|[135]
11:42:23.1 (354365103)|STATEMENT_EXECUTE|[139]
11:42:23.1 (354366808)|STATEMENT_EXECUTE|[140]
11:42:23.1 (354383607)|METHOD_ENTRY|[140]|01pg8000001LXzh|OrderHandler.beforeUpdate()
11:42:23.1 (354401837)|VARIABLE_SCOPE_BEGIN|[19]|this|OrderHandler|true|false
11:42:23.1 (354425421)|VARIABLE_ASSIGNMENT|[19]|this|{"newRecords":"0x2c03de8f","newRecordsMap":"0x71888d3f","oldRecords":"0x3981cd9c","oldRecordsMap":"0x32936bd6","handlerName":"OrderHandler","isTriggerExecuting":true,"triggerEvent":"0x5d2da784"}|0x6ed11324
11:42:23.1 (354432978)|STATEMENT_EXECUTE|[19]
11:42:23.1 (354434371)|STATEMENT_EXECUTE|[20]
11:42:23.1 (354441663)|METHOD_ENTRY|[20]|01pg8000001LXzh|OrderHandler.checkActiveOrder()
11:42:23.1 (354453855)|VARIABLE_SCOPE_BEGIN|[28]|this|OrderHandler|true|false
11:42:23.1 (354469865)|VARIABLE_ASSIGNMENT|[28]|this|{"newRecords":"0x2c03de8f","newRecordsMap":"0x71888d3f","oldRecords":"0x3981cd9c","oldRecordsMap":"0x32936bd6","handlerName":"OrderHandler","isTriggerExecuting":true,"triggerEvent":"0x5d2da784"}|0x6ed11324
11:42:23.1 (354476334)|STATEMENT_EXECUTE|[28]
11:42:23.1 (354477623)|STATEMENT_EXECUTE|[29]
11:42:23.1 (354481878)|VARIABLE_SCOPE_BEGIN|[29]|listaParaValidar|List<Order>|true|false
11:42:23.1 (354489871)|VARIABLE_ASSIGNMENT|[29]|listaParaValidar|null|
11:42:23.1 (354502827)|STATEMENT_EXECUTE|[33]
11:42:23.1 (354503959)|STATEMENT_EXECUTE|[34]
11:42:23.1 (355248635)|VARIABLE_ASSIGNMENT|[34]|listaParaValidar|[{"Status":"Draft","LastModifiedDate":"2026-04-02T12:32:29.000Z","Country__c":"a03g8000004x8aeAAA","IsDeleted":false,"AccountId":"001g8000005VaOHAA0","FreightType__c":"CIF","OrderNumber":"00000113","TotalAmount":1369500.00,"StatusCode":"Draft","PaymentCondition__c":"a07g8000004MONnAAO","IsReductionOrder":false,"SystemModstamp":"2026-04-02T14:42:23.000Z","City__c":"a05g8000001KAc9AAG","OwnerId":"005g80000010N45AAE","CreatedById":"005g80000010N45AAE","DeliveryDate__c":"2026-04-06T00:00:00.000Z","DistributionCenter__c":"a06g8000000wkLpAAI","CreatedDate":"2026-03-31T12:52:12.000Z","Pricebook2Id":"01sg80000015mKTAAY","Id":"801g8000007E9NdAAK","AccountAddress__c":"a08g8000001Zx1SAAS","LastModifiedById":"005g80000010N45AAE","State__c":"a04g8000000QmaTAAS","EffectiveDate":"2026-03-31T00:00:00.000Z"}]|0x2c03de8f
11:42:23.1 (355349607)|HEAP_ALLOCATE|[38]|Bytes:5
11:42:23.1 (355375596)|HEAP_ALLOCATE|[38]|Bytes:4
11:42:23.1 (355389220)|VARIABLE_SCOPE_BEGIN|[38]|pedido|Order|true|false
11:42:23.1 (355905874)|VARIABLE_ASSIGNMENT|[38]|pedido|{"Status":"Draft","LastModifiedDate":"2026-04-02T12:32:29.000Z","Country__c":"a03g8000004x8aeAAA","IsDeleted":false,"AccountId":"001g8000005VaOHAA0","FreightType__c":"CIF","OrderNumber":"00000113","TotalAmount":1369500.00,"StatusCode":"Draft","PaymentCondition__c":"a07g8000004MONnAAO","IsReductionOrder":false,"SystemModstamp":"2026-04-02T14:42:23.000Z","City__c":"a05g8000001KAc9AAG","OwnerId":"005g80000010N45AAE","CreatedById":"005g80000010N45AAE","DeliveryDate__c":"2026-04-06T00:00:00.000Z","DistributionCenter__c":"a06g8000000wkLpAAI","CreatedDate":"2026-03-31T12:52:12.000Z","Pricebook2Id":"01sg80000015mKTAAY","Id":"801g8000007E9NdAAK","AccountAddress__c":"a08g8000001Zx1SAAS","LastModifiedById":"005g80000010N45AAE","State__c":"a04g8000000QmaTAAS","EffectiveDate":"2026-03-31T00:00:00.000Z"}|0x2b3c78aa
11:42:23.1 (355917975)|STATEMENT_EXECUTE|[38]
11:42:23.1 (355919477)|STATEMENT_EXECUTE|[40]
11:42:23.1 (355988217)|VARIABLE_SCOPE_BEGIN|[40]|pedidoAntigo|Order|true|false
11:42:23.1 (356365153)|VARIABLE_ASSIGNMENT|[40]|pedidoAntigo|{"Status":"Draft","LastModifiedDate":"2026-04-02T12:32:29.000Z","Country__c":"a03g8000004x8aeAAA","IsDeleted":false,"AccountId":"001g8000005VaOHAA0","FreightType__c":"CIF","OrderNumber":"00000113","TotalAmount":0.00,"StatusCode":"Draft","PaymentCondition__c":"a07g8000004MONnAAO","IsReductionOrder":false,"SystemModstamp":"2026-04-02T12:32:29.000Z","City__c":"a05g8000001KAc9AAG","OwnerId":"005g80000010N45AAE","CreatedById":"005g80000010N45AAE","DeliveryDate__c":"2026-04-06T00:00:00.000Z","DistributionCenter__c":"a06g8000000wkLpAAI","CreatedDate":"2026-03-31T12:52:12.000Z","Pricebook2Id":"01sg80000015mKTAAY","Id":"801g8000007E9NdAAK","AccountAddress__c":"a08g8000001Zx1SAAS","LastModifiedById":"005g80000010N45AAE","State__c":"a04g8000000QmaTAAS","EffectiveDate":"2026-03-31T00:00:00.000Z"}|0x1a3e0a24
11:42:23.1 (356375641)|STATEMENT_EXECUTE|[43]
11:42:23.1 (356383145)|VARIABLE_SCOPE_BEGIN|[43]|validacaoStatus|String|false|false
11:42:23.1 (356388555)|VARIABLE_ASSIGNMENT|[43]|validacaoStatus|"Draft"
11:42:23.1 (356406707)|HEAP_ALLOCATE|[38]|Bytes:5
11:42:23.1 (356417677)|VARIABLE_ASSIGNMENT|[38]|pedido|null|
11:42:23.1 (356425117)|METHOD_EXIT|[20]|01pg8000001LXzh|OrderHandler.checkActiveOrder()
11:42:23.1 (356430387)|METHOD_EXIT|[140]|01pg8000001LXzh|OrderHandler.beforeUpdate()
11:42:23.1 (356433226)|STATEMENT_EXECUTE|[158]
11:42:23.1 (356439170)|METHOD_ENTRY|[158]|01pg80000019iSf|TriggerHandler.andFinally()
11:42:23.1 (356442820)|VARIABLE_SCOPE_BEGIN|[746]|this|TriggerHandler|true|false
11:42:23.1 (356476666)|VARIABLE_ASSIGNMENT|[746]|this|{"newRecords":"0x2c03de8f","newRecordsMap":"0x71888d3f","oldRecords":"0x3981cd9c","oldRecordsMap":"0x32936bd6","handlerName":"OrderHandler","isTriggerExecuting":true,"triggerEvent":"0x5d2da784"}|0x6ed11324
11:42:23.1 (356482290)|STATEMENT_EXECUTE|[746]
11:42:23.1 (356483761)|METHOD_EXIT|[158]|01pg80000019iSf|TriggerHandler.andFinally()
11:42:23.1 (356487186)|STATEMENT_EXECUTE|[160]
11:42:23.1 (356488994)|STATEMENT_EXECUTE|[176]
11:42:23.1 (356491280)|METHOD_EXIT|[2]|01pg80000019iSf|TriggerHandler.run()
11:42:23.356 (356498876)|CUMULATIVE_LIMIT_USAGE
11:42:23.356 (356498876)|LIMIT_USAGE_FOR_NS|(default)|
  Number of SOQL queries: 8 out of 100
  Number of query rows: 22 out of 50000
  Number of SOSL queries: 0 out of 20
  Number of DML statements: 0 out of 150
  Number of Publish Immediate DML: 0 out of 150
  Number of DML rows: 0 out of 10000
  Maximum CPU time: 102 out of 10000
  Maximum heap size: 0 out of 6000000
  Number of callouts: 0 out of 100
  Number of Email Invocations: 0 out of 10
  Number of future calls: 0 out of 50
  Number of queueable jobs added to the queue: 0 out of 50
  Number of Mobile Apex push calls: 0 out of 10

11:42:23.356 (356498876)|CUMULATIVE_LIMIT_USAGE_END

11:42:23.1 (356679850)|CODE_UNIT_FINISHED|OrderTrigger on Order trigger event BeforeUpdate|__sfdc_trigger/OrderTrigger
11:42:23.1 (365347490)|CODE_UNIT_STARTED|[EXTERNAL]|Validation:Order:801g8000007E9Nd
11:42:23.1 (365374668)|VALIDATION_RULE|03dg8000000aS4D|Bloquear_Alteracao_Conta_Pedido
11:42:23.1 (365571573)|VALIDATION_FORMULA|ISCHANGED(AccountId) && NOT(ISNEW())|AccountId=001g8000005VaOH
11:42:23.1 (365576817)|VALIDATION_PASS
11:42:23.1 (365581609)|CODE_UNIT_FINISHED|Validation:Order:801g8000007E9Nd
11:42:23.1 (393214414)|BULK_DML_RETRY|[EXTERNAL]|Number of retries: 1|Number of rows: 5|Number of rows with errors: 3
11:42:23.1 (407050577)|CODE_UNIT_STARTED|[EXTERNAL]|01qg8000000Fou9|OrdemItemTrigger on OrderItem trigger event BeforeInsert|__sfdc_trigger/OrdemItemTrigger
11:42:23.1 (407152945)|HEAP_ALLOCATE|[EXTERNAL]|Bytes:12
11:42:23.1 (407232336)|HEAP_ALLOCATE|[EXTERNAL]|Bytes:4
11:42:23.1 (407243164)|VARIABLE_SCOPE_BEGIN|[1]|this|OrdemItemTrigger|true|false
11:42:23.1 (407281641)|VARIABLE_ASSIGNMENT|[1]|this|{}|0x2486b03f
11:42:23.1 (407336477)|HEAP_ALLOCATE|[EXTERNAL]|Bytes:4
11:42:23.1 (407340558)|VARIABLE_SCOPE_BEGIN|[1]|this|OrdemItemTrigger|true|false
11:42:23.1 (407346402)|VARIABLE_ASSIGNMENT|[1]|this|{}|0x2486b03f
11:42:23.1 (407352532)|STATEMENT_EXECUTE|[1]
11:42:23.1 (407353680)|STATEMENT_EXECUTE|[2]
11:42:23.1 (407359110)|HEAP_ALLOCATE|[2]|Bytes:32
11:42:23.1 (407372861)|CONSTRUCTOR_ENTRY|[2]|01pg8000001EZwd|<init>()|OrdemItemHandler
11:42:23.1 (407380267)|VARIABLE_SCOPE_BEGIN|[10]|this|OrdemItemHandler|true|false
11:42:23.1 (407418059)|VARIABLE_ASSIGNMENT|[10]|this|{}|0xd887be1
11:42:23.1 (407423009)|STATEMENT_EXECUTE|[1]
11:42:23.1 (407423922)|STATEMENT_EXECUTE|[4]
11:42:23.1 (407424803)|STATEMENT_EXECUTE|[5]
11:42:23.1 (407425856)|STATEMENT_EXECUTE|[6]
11:42:23.1 (407426652)|STATEMENT_EXECUTE|[7]
11:42:23.1 (407427470)|STATEMENT_EXECUTE|[11]
11:42:23.1 (407439910)|CONSTRUCTOR_ENTRY|[11]|01pg80000019iSf|<init>(String)|TriggerHandler
11:42:23.1 (407443940)|VARIABLE_SCOPE_BEGIN|[107]|this|TriggerHandler|true|false
11:42:23.1 (407451345)|VARIABLE_ASSIGNMENT|[107]|this|{}|0xd887be1
11:42:23.1 (407467851)|VARIABLE_SCOPE_BEGIN|[107]|handlerName|String|false|false
11:42:23.1 (407478480)|VARIABLE_ASSIGNMENT|[107]|handlerName|"OrderItemHandler"
11:42:23.1 (407481616)|STATEMENT_EXECUTE|[15]
11:42:23.1 (407482358)|STATEMENT_EXECUTE|[50]
11:42:23.1 (407483356)|STATEMENT_EXECUTE|[57]
11:42:23.1 (407484407)|STATEMENT_EXECUTE|[671]
11:42:23.1 (407505293)|STATEMENT_EXECUTE|[107]
11:42:23.1 (407506280)|STATEMENT_EXECUTE|[108]
11:42:23.1 (407511586)|STATEMENT_EXECUTE|[109]
11:42:23.1 (407518646)|METHOD_ENTRY|[109]|01pg80000019iSf|TriggerHandler.setTriggerContext()
11:42:23.1 (407522541)|VARIABLE_SCOPE_BEGIN|[565]|this|TriggerHandler|true|false
11:42:23.1 (407533271)|VARIABLE_ASSIGNMENT|[565]|this|{"handlerName":"OrderItemHandler"}|0xd887be1
11:42:23.1 (407538626)|STATEMENT_EXECUTE|[565]
11:42:23.1 (407539691)|STATEMENT_EXECUTE|[566]
11:42:23.1 (407598287)|HEAP_ALLOCATE|[566]|Bytes:16
11:42:23.1 (407610250)|METHOD_ENTRY|[566]|01pg80000019iSf|TriggerHandler.setTriggerContext(System.TriggerOperation, Boolean)
11:42:23.1 (407613652)|VARIABLE_SCOPE_BEGIN|[582]|this|TriggerHandler|true|false
11:42:23.1 (407621920)|VARIABLE_ASSIGNMENT|[582]|this|{"handlerName":"OrderItemHandler"}|0xd887be1
11:42:23.1 (407625049)|VARIABLE_SCOPE_BEGIN|[582]|opType|System.TriggerOperation|true|false
11:42:23.1 (407642715)|VARIABLE_ASSIGNMENT|[582]|opType|"BEFORE_INSERT"|0x75360a1b
11:42:23.1 (407650835)|VARIABLE_SCOPE_BEGIN|[582]|testMode|Boolean|false|false
11:42:23.1 (407657356)|VARIABLE_ASSIGNMENT|[582]|testMode|false
11:42:23.1 (407660735)|STATEMENT_EXECUTE|[582]
11:42:23.1 (407669499)|STATEMENT_EXECUTE|[586]
11:42:23.1 (407670326)|STATEMENT_EXECUTE|[587]
11:42:23.1 (407673385)|HEAP_ALLOCATE|[587]|Bytes:5
11:42:23.1 (407678698)|STATEMENT_EXECUTE|[590]
11:42:23.1 (407679770)|STATEMENT_EXECUTE|[592]
11:42:23.1 (407689886)|HEAP_ALLOCATE|[592]|Bytes:16
11:42:23.1 (407694890)|STATEMENT_EXECUTE|[595]
11:42:23.1 (407703338)|VARIABLE_SCOPE_BEGIN|[595]|context|String|false|false
11:42:23.1 (407709706)|VARIABLE_ASSIGNMENT|[595]|context|"BEFORE_INSERT"
11:42:23.1 (407711834)|STATEMENT_EXECUTE|[597]
11:42:23.1 (407732671)|STATEMENT_EXECUTE|[598]
11:42:23.1 (407733443)|STATEMENT_EXECUTE|[599]
11:42:23.1 (407738103)|METHOD_EXIT|[566]|01pg80000019iSf|TriggerHandler.setTriggerContext(System.TriggerOperation, Boolean)
11:42:23.1 (407741158)|METHOD_EXIT|[109]|01pg80000019iSf|TriggerHandler.setTriggerContext()
11:42:23.1 (407746255)|CONSTRUCTOR_EXIT|[11]|01pg80000019iSf|<init>(String)|TriggerHandler
11:42:23.1 (407749352)|STATEMENT_EXECUTE|[10]
11:42:23.1 (407750385)|STATEMENT_EXECUTE|[12]
11:42:23.1 (408957770)|VARIABLE_ASSIGNMENT|[12]|this.newRecords|[{"IsDeleted":false,"UnitPrice":1350000.00,"Product2Id":"01tg8000001BArVAAW","PricebookEntryId":"01ug8000000XnbRAAS","TotalPrice":1350000.00,"Quantity":1.00,"ListPrice":1350000.00,"OrderId":"801g8000007E9NdAAK"},{"IsDeleted":false,"UnitPrice":19500.00,"Product2Id":"01tg8000001BArcAAG","PricebookEntryId":"01ug8000000XoZ7AAK","TotalPrice":19500.00,"Quantity":1.00,"ListPrice":19500.00,"OrderId":"801g8000007E9NdAAK"}]|0xd887be1
11:42:23.1 (408970419)|STATEMENT_EXECUTE|[13]
11:42:23.1 (408985090)|VARIABLE_ASSIGNMENT|[13]|this.oldRecords|null|0xd887be1
11:42:23.1 (408992805)|STATEMENT_EXECUTE|[14]
11:42:23.1 (408999922)|VARIABLE_ASSIGNMENT|[14]|this.newRecordsMap|null|0xd887be1
11:42:23.1 (409002501)|STATEMENT_EXECUTE|[15]
11:42:23.1 (409007785)|VARIABLE_ASSIGNMENT|[15]|this.oldRecordsMap|null|0xd887be1
11:42:23.1 (409013750)|CONSTRUCTOR_EXIT|[2]|01pg8000001EZwd|<init>()|OrdemItemHandler
11:42:23.1 (409021800)|METHOD_ENTRY|[2]|01pg80000019iSf|TriggerHandler.run()
11:42:23.1 (409026899)|VARIABLE_SCOPE_BEGIN|[120]|this|TriggerHandler|true|false
11:42:23.1 (409054892)|VARIABLE_ASSIGNMENT|[120]|this|{"newRecords":"0x60c8eb43","handlerName":"OrderItemHandler","isTriggerExecuting":true,"triggerEvent":"0x75360a1b"}|0xd887be1
11:42:23.1 (409060790)|STATEMENT_EXECUTE|[120]
11:42:23.1 (409063838)|METHOD_ENTRY|[121]|01pg80000019iSf|TriggerHandler.validateRun()
11:42:23.1 (409066952)|VARIABLE_SCOPE_BEGIN|[661]|this|TriggerHandler|true|false
11:42:23.1 (409075992)|VARIABLE_ASSIGNMENT|[661]|this|{"newRecords":"0x60c8eb43","handlerName":"OrderItemHandler","isTriggerExecuting":true,"triggerEvent":"0x75360a1b"}|0xd887be1
11:42:23.1 (409080017)|STATEMENT_EXECUTE|[661]
11:42:23.1 (409085472)|STATEMENT_EXECUTE|[662]
11:42:23.1 (409086382)|STATEMENT_EXECUTE|[665]
11:42:23.1 (409091197)|METHOD_ENTRY|[665]|01pg80000019iSf|TriggerHandler.getHandlerName()
11:42:23.1 (409093946)|VARIABLE_SCOPE_BEGIN|[680]|this|TriggerHandler|true|false
11:42:23.1 (409101692)|VARIABLE_ASSIGNMENT|[680]|this|{"newRecords":"0x60c8eb43","handlerName":"OrderItemHandler","isTriggerExecuting":true,"triggerEvent":"0x75360a1b"}|0xd887be1
11:42:23.1 (409105359)|STATEMENT_EXECUTE|[680]
11:42:23.1 (409122548)|STATEMENT_EXECUTE|[681]
11:42:23.1 (409123346)|STATEMENT_EXECUTE|[684]
11:42:23.1 (409126153)|METHOD_EXIT|[665]|01pg80000019iSf|TriggerHandler.getHandlerName()
11:42:23.1 (409144861)|METHOD_EXIT|[121]|01pg80000019iSf|TriggerHandler.validateRun()
11:42:23.1 (409148056)|STATEMENT_EXECUTE|[121]
11:42:23.1 (409150678)|METHOD_ENTRY|[126]|01pg80000019iSf|TriggerHandler.incrementCheckLoopCount()
11:42:23.1 (409154318)|VARIABLE_SCOPE_BEGIN|[634]|this|TriggerHandler|true|false
11:42:23.1 (409162797)|VARIABLE_ASSIGNMENT|[634]|this|{"newRecords":"0x60c8eb43","handlerName":"OrderItemHandler","isTriggerExecuting":true,"triggerEvent":"0x75360a1b"}|0xd887be1
11:42:23.1 (409166821)|STATEMENT_EXECUTE|[634]
11:42:23.1 (409167580)|STATEMENT_EXECUTE|[635]
11:42:23.1 (409169590)|METHOD_ENTRY|[635]|01pg80000019iSf|TriggerHandler.getHandlerName()
11:42:23.1 (409171998)|VARIABLE_SCOPE_BEGIN|[680]|this|TriggerHandler|true|false
11:42:23.1 (409179441)|VARIABLE_ASSIGNMENT|[680]|this|{"newRecords":"0x60c8eb43","handlerName":"OrderItemHandler","isTriggerExecuting":true,"triggerEvent":"0x75360a1b"}|0xd887be1
11:42:23.1 (409182296)|STATEMENT_EXECUTE|[680]
11:42:23.1 (409188550)|STATEMENT_EXECUTE|[681]
11:42:23.1 (409189366)|STATEMENT_EXECUTE|[684]
11:42:23.1 (409190830)|METHOD_EXIT|[635]|01pg80000019iSf|TriggerHandler.getHandlerName()
11:42:23.1 (409193512)|VARIABLE_SCOPE_BEGIN|[635]|handlerName|String|false|false
11:42:23.1 (409198945)|VARIABLE_ASSIGNMENT|[635]|handlerName|"OrderItemHandler"
11:42:23.1 (409210215)|STATEMENT_EXECUTE|[636]
11:42:23.1 (409211260)|STATEMENT_EXECUTE|[649]
11:42:23.1 (409212892)|METHOD_EXIT|[126]|01pg80000019iSf|TriggerHandler.incrementCheckLoopCount()
11:42:23.1 (409215563)|STATEMENT_EXECUTE|[126]
11:42:23.1 (409218005)|STATEMENT_EXECUTE|[130]
11:42:23.1 (409218831)|STATEMENT_EXECUTE|[135]
11:42:23.1 (409239462)|STATEMENT_EXECUTE|[136]
11:42:23.1 (409240515)|STATEMENT_EXECUTE|[137]
11:42:23.1 (409243214)|METHOD_ENTRY|[137]|01pg8000001EZwd|OrdemItemHandler.beforeInsert()
11:42:23.1 (409246285)|VARIABLE_SCOPE_BEGIN|[22]|this|OrdemItemHandler|true|false
11:42:23.1 (409254829)|VARIABLE_ASSIGNMENT|[22]|this|{"newRecords":"0x60c8eb43","handlerName":"OrderItemHandler","isTriggerExecuting":true,"triggerEvent":"0x75360a1b"}|0xd887be1
11:42:23.1 (409258334)|STATEMENT_EXECUTE|[22]
11:42:23.1 (409259362)|STATEMENT_EXECUTE|[23]
11:42:23.1 (409262643)|METHOD_ENTRY|[23]|01pg8000001EZwd|OrdemItemHandler.checkActiveOrderItem()
11:42:23.1 (409265805)|VARIABLE_SCOPE_BEGIN|[226]|this|OrdemItemHandler|true|false
11:42:23.1 (409279012)|VARIABLE_ASSIGNMENT|[226]|this|{"newRecords":"0x60c8eb43","handlerName":"OrderItemHandler","isTriggerExecuting":true,"triggerEvent":"0x75360a1b"}|0xd887be1
11:42:23.1 (409283350)|STATEMENT_EXECUTE|[226]
11:42:23.1 (409284361)|STATEMENT_EXECUTE|[227]
11:42:23.1 (409287717)|VARIABLE_SCOPE_BEGIN|[227]|listaParaValidar|List<OrderItem>|true|false
11:42:23.1 (409292306)|VARIABLE_ASSIGNMENT|[227]|listaParaValidar|null|
11:42:23.1 (409294429)|STATEMENT_EXECUTE|[228]
11:42:23.1 (409305488)|HEAP_ALLOCATE|[228]|Bytes:4
11:42:23.1 (409317349)|VARIABLE_SCOPE_BEGIN|[228]|idOrders|Set<Id>|true|false
11:42:23.1 (409341968)|VARIABLE_ASSIGNMENT|[228]|idOrders|[]|0x2042ca94
11:42:23.1 (409344750)|STATEMENT_EXECUTE|[229]
11:42:23.1 (409354451)|HEAP_ALLOCATE|[229]|Bytes:4
11:42:23.1 (409359562)|VARIABLE_SCOPE_BEGIN|[229]|idMapOrders|Map<Id,Order>|true|false
11:42:23.1 (409370735)|VARIABLE_ASSIGNMENT|[229]|idMapOrders|{}|0x31d481eb
11:42:23.1 (409377946)|STATEMENT_EXECUTE|[233]
11:42:23.1 (409378867)|STATEMENT_EXECUTE|[234]
11:42:23.1 (410209351)|VARIABLE_ASSIGNMENT|[234]|listaParaValidar|[{"IsDeleted":false,"UnitPrice":1350000.00,"Product2Id":"01tg8000001BArVAAW","PricebookEntryId":"01ug8000000XnbRAAS","TotalPrice":1350000.00,"Quantity":1.00,"ListPrice":1350000.00,"OrderId":"801g8000007E9NdAAK"},{"IsDeleted":false,"UnitPrice":19500.00,"Product2Id":"01tg8000001BArcAAG","PricebookEntryId":"01ug8000000XoZ7AAK","TotalPrice":19500.00,"Quantity":1.00,"ListPrice":19500.00,"OrderId":"801g8000007E9NdAAK"}]|0x60c8eb43
11:42:23.1 (410243114)|HEAP_ALLOCATE|[237]|Bytes:5
11:42:23.1 (410260293)|HEAP_ALLOCATE|[237]|Bytes:4
11:42:23.1 (410274927)|VARIABLE_SCOPE_BEGIN|[237]|ot|OrderItem|true|false
11:42:23.1 (410706608)|VARIABLE_ASSIGNMENT|[237]|ot|{"IsDeleted":false,"UnitPrice":1350000.00,"Product2Id":"01tg8000001BArVAAW","PricebookEntryId":"01ug8000000XnbRAAS","TotalPrice":1350000.00,"Quantity":1.00,"ListPrice":1350000.00,"OrderId":"801g8000007E9NdAAK"}|0x7f4db343
11:42:23.1 (410715944)|STATEMENT_EXECUTE|[237]
11:42:23.1 (410717047)|STATEMENT_EXECUTE|[238]
11:42:23.1 (410743413)|HEAP_ALLOCATE|[EXTERNAL]|Bytes:4
11:42:23.1 (410754742)|HEAP_ALLOCATE|[237]|Bytes:5
11:42:23.1 (410760938)|HEAP_ALLOCATE|[237]|Bytes:4
11:42:23.1 (410764423)|VARIABLE_SCOPE_BEGIN|[237]|ot|OrderItem|true|false
11:42:23.1 (411125441)|VARIABLE_ASSIGNMENT|[237]|ot|{"IsDeleted":false,"UnitPrice":19500.00,"Product2Id":"01tg8000001BArcAAG","PricebookEntryId":"01ug8000000XoZ7AAK","TotalPrice":19500.00,"Quantity":1.00,"ListPrice":19500.00,"OrderId":"801g8000007E9NdAAK"}|0x58f8dd1a
11:42:23.1 (411130198)|STATEMENT_EXECUTE|[237]
11:42:23.1 (411131025)|STATEMENT_EXECUTE|[238]
11:42:23.1 (411137337)|HEAP_ALLOCATE|[EXTERNAL]|Bytes:4
11:42:23.1 (411143916)|HEAP_ALLOCATE|[237]|Bytes:5
11:42:23.1 (411149906)|VARIABLE_ASSIGNMENT|[237]|ot|null|
11:42:23.1 (411153482)|STATEMENT_EXECUTE|[241]
11:42:23.1 (411163228)|HEAP_ALLOCATE|[241]|Bytes:4
11:42:23.1 (411540886)|SOQL_EXECUTE_BEGIN|[241]|Aggregations:0|SELECT Id, Status FROM Order WHERE Id = :tmpVar1
11:42:23.1 (425813693)|SOQL_EXECUTE_END|[241]|Rows:1
11:42:23.1 (425851270)|HEAP_ALLOCATE|[241]|Bytes:8
11:42:23.1 (425868031)|HEAP_ALLOCATE|[241]|Bytes:44
11:42:23.1 (425918836)|HEAP_ALLOCATE|[241]|Bytes:8
11:42:23.1 (425941725)|VARIABLE_SCOPE_BEGIN|[241]|listOrder|List<Order>|true|false
11:42:23.1 (426023381)|VARIABLE_ASSIGNMENT|[241]|listOrder|[{"Status":"Draft","Id":"801g8000007E9NdAAK"}]|0x619767bb
11:42:23.1 (426068356)|HEAP_ALLOCATE|[246]|Bytes:5
11:42:23.1 (426086066)|HEAP_ALLOCATE|[246]|Bytes:12
11:42:23.1 (426095971)|VARIABLE_SCOPE_BEGIN|[246]|o|Order|true|false
11:42:23.1 (426112822)|VARIABLE_ASSIGNMENT|[246]|o|{"Status":"Draft","Id":"801g8000007E9NdAAK"}|0x1037ef45
11:42:23.1 (426118611)|STATEMENT_EXECUTE|[246]
11:42:23.1 (426145091)|HEAP_ALLOCATE|[EXTERNAL]|Bytes:-4
11:42:23.1 (426153332)|HEAP_ALLOCATE|[246]|Bytes:5
11:42:23.1 (426160206)|VARIABLE_ASSIGNMENT|[246]|o|null|
11:42:23.1 (426172001)|HEAP_ALLOCATE|[248]|Bytes:5
11:42:23.1 (426183356)|HEAP_ALLOCATE|[248]|Bytes:4
11:42:23.1 (426186548)|VARIABLE_SCOPE_BEGIN|[248]|ot|OrderItem|true|false
11:42:23.1 (426902863)|VARIABLE_ASSIGNMENT|[248]|ot|{"IsDeleted":false,"UnitPrice":1350000.00,"Product2Id":"01tg8000001BArVAAW","PricebookEntryId":"01ug8000000XnbRAAS","TotalPrice":1350000.00,"Quantity":1.00,"ListPrice":1350000.00,"OrderId":"801g8000007E9NdAAK"}|0x7f4db343
11:42:23.1 (426915973)|STATEMENT_EXECUTE|[248]
11:42:23.1 (426917378)|STATEMENT_EXECUTE|[249]
11:42:23.1 (426955717)|VARIABLE_SCOPE_BEGIN|[249]|pedido|Order|true|false
11:42:23.1 (426996408)|VARIABLE_ASSIGNMENT|[249]|pedido|{"Status":"Draft","Id":"801g8000007E9NdAAK"}|0x1037ef45
11:42:23.1 (427027033)|STATEMENT_EXECUTE|[250]
11:42:23.1 (427044891)|HEAP_ALLOCATE|[248]|Bytes:5
11:42:23.1 (427059646)|HEAP_ALLOCATE|[248]|Bytes:4
11:42:23.1 (427066154)|VARIABLE_SCOPE_BEGIN|[248]|ot|OrderItem|true|false
11:42:23.1 (427494853)|VARIABLE_ASSIGNMENT|[248]|ot|{"IsDeleted":false,"UnitPrice":19500.00,"Product2Id":"01tg8000001BArcAAG","PricebookEntryId":"01ug8000000XoZ7AAK","TotalPrice":19500.00,"Quantity":1.00,"ListPrice":19500.00,"OrderId":"801g8000007E9NdAAK"}|0x58f8dd1a
11:42:23.1 (427500052)|STATEMENT_EXECUTE|[248]
11:42:23.1 (427500958)|STATEMENT_EXECUTE|[249]
11:42:23.1 (427511997)|VARIABLE_SCOPE_BEGIN|[249]|pedido|Order|true|false
11:42:23.1 (427528576)|VARIABLE_ASSIGNMENT|[249]|pedido|{"Status":"Draft","Id":"801g8000007E9NdAAK"}|0x1037ef45
11:42:23.1 (427537821)|STATEMENT_EXECUTE|[250]
11:42:23.1 (427543485)|HEAP_ALLOCATE|[248]|Bytes:5
11:42:23.1 (427549447)|VARIABLE_ASSIGNMENT|[248]|ot|null|
11:42:23.1 (427559163)|METHOD_EXIT|[23]|01pg8000001EZwd|OrdemItemHandler.checkActiveOrderItem()
11:42:23.1 (427563345)|STATEMENT_EXECUTE|[24]
11:42:23.1 (427568448)|METHOD_ENTRY|[24]|01pg8000001EZwd|OrdemItemHandler.executePricingLogic()
11:42:23.1 (427578438)|VARIABLE_SCOPE_BEGIN|[40]|this|OrdemItemHandler|true|false
11:42:23.1 (427627325)|VARIABLE_ASSIGNMENT|[40]|this|{"newRecords":"0x60c8eb43","handlerName":"OrderItemHandler","isTriggerExecuting":true,"triggerEvent":"0x75360a1b"}|0xd887be1
11:42:23.1 (427635311)|STATEMENT_EXECUTE|[40]
11:42:23.1 (427636232)|STATEMENT_EXECUTE|[42]
11:42:23.1 (427648693)|HEAP_ALLOCATE|[42]|Bytes:4
11:42:23.1 (427660458)|VARIABLE_SCOPE_BEGIN|[42]|setOrderIds|Set<Id>|true|false
11:42:23.1 (427690231)|VARIABLE_ASSIGNMENT|[42]|setOrderIds|[]|0x73266ba
11:42:23.1 (427693220)|STATEMENT_EXECUTE|[43]
11:42:23.1 (427695670)|HEAP_ALLOCATE|[43]|Bytes:4
11:42:23.1 (427701454)|VARIABLE_SCOPE_BEGIN|[43]|setProductIds|Set<Id>|true|false
11:42:23.1 (427708012)|VARIABLE_ASSIGNMENT|[43]|setProductIds|[]|0x2b247aae
11:42:23.1 (427710529)|STATEMENT_EXECUTE|[44]
11:42:23.1 (427712502)|HEAP_ALLOCATE|[44]|Bytes:4
11:42:23.1 (427717280)|VARIABLE_SCOPE_BEGIN|[44]|setAccountIds|Set<Id>|true|false
11:42:23.1 (427723061)|VARIABLE_ASSIGNMENT|[44]|setAccountIds|[]|0x71546ace
11:42:23.1 (427725885)|STATEMENT_EXECUTE|[46]
11:42:23.1 (427737861)|HEAP_ALLOCATE|[46]|Bytes:4
11:42:23.1 (427742133)|VARIABLE_SCOPE_BEGIN|[46]|itemsByOrderId|Map<Id,List<OrderItem>>|true|false
11:42:23.1 (427813483)|VARIABLE_ASSIGNMENT|[46]|itemsByOrderId|{}|0x5eb6fe66
11:42:23.1 (427827938)|HEAP_ALLOCATE|[49]|Bytes:5
11:42:23.1 (427835631)|HEAP_ALLOCATE|[49]|Bytes:4
11:42:23.1 (427839083)|VARIABLE_SCOPE_BEGIN|[49]|item|OrderItem|true|false
11:42:23.1 (428231684)|VARIABLE_ASSIGNMENT|[49]|item|{"IsDeleted":false,"UnitPrice":1350000.00,"Product2Id":"01tg8000001BArVAAW","PricebookEntryId":"01ug8000000XnbRAAS","TotalPrice":1350000.00,"Quantity":1.00,"ListPrice":1350000.00,"OrderId":"801g8000007E9NdAAK"}|0x7f4db343
11:42:23.1 (428237396)|STATEMENT_EXECUTE|[49]
11:42:23.1 (428242278)|STATEMENT_EXECUTE|[50]
11:42:23.1 (428243131)|STATEMENT_EXECUTE|[51]
11:42:23.1 (428250568)|HEAP_ALLOCATE|[EXTERNAL]|Bytes:4
11:42:23.1 (428264736)|STATEMENT_EXECUTE|[53]
11:42:23.1 (428272120)|HEAP_ALLOCATE|[53]|Bytes:4
11:42:23.1 (428282467)|HEAP_ALLOCATE|[EXTERNAL]|Bytes:4
11:42:23.1 (428284892)|HEAP_ALLOCATE|[EXTERNAL]|Bytes:-4
11:42:23.1 (428288226)|STATEMENT_EXECUTE|[54]
11:42:23.1 (428343283)|HEAP_ALLOCATE|[EXTERNAL]|Bytes:4
11:42:23.1 (428349412)|STATEMENT_EXECUTE|[56]
11:42:23.1 (428353469)|HEAP_ALLOCATE|[EXTERNAL]|Bytes:4
11:42:23.1 (428360655)|HEAP_ALLOCATE|[49]|Bytes:5
11:42:23.1 (428366704)|HEAP_ALLOCATE|[49]|Bytes:4
11:42:23.1 (428370036)|VARIABLE_SCOPE_BEGIN|[49]|item|OrderItem|true|false
11:42:23.1 (428861550)|VARIABLE_ASSIGNMENT|[49]|item|{"IsDeleted":false,"UnitPrice":19500.00,"Product2Id":"01tg8000001BArcAAG","PricebookEntryId":"01ug8000000XoZ7AAK","TotalPrice":19500.00,"Quantity":1.00,"ListPrice":19500.00,"OrderId":"801g8000007E9NdAAK"}|0x58f8dd1a
11:42:23.1 (428869376)|STATEMENT_EXECUTE|[49]
11:42:23.1 (428874452)|STATEMENT_EXECUTE|[50]
11:42:23.1 (428875287)|STATEMENT_EXECUTE|[51]
11:42:23.1 (428883028)|HEAP_ALLOCATE|[EXTERNAL]|Bytes:4
11:42:23.1 (428895888)|STATEMENT_EXECUTE|[53]
11:42:23.1 (428896810)|STATEMENT_EXECUTE|[54]
11:42:23.1 (428919784)|HEAP_ALLOCATE|[EXTERNAL]|Bytes:4
11:42:23.1 (428924797)|STATEMENT_EXECUTE|[56]
11:42:23.1 (428927937)|HEAP_ALLOCATE|[EXTERNAL]|Bytes:4
11:42:23.1 (428936725)|HEAP_ALLOCATE|[49]|Bytes:5
11:42:23.1 (428945097)|VARIABLE_ASSIGNMENT|[49]|item|null|
11:42:23.1 (428948399)|STATEMENT_EXECUTE|[61]
11:42:23.1 (428955822)|HEAP_ALLOCATE|[61]|Bytes:4
11:42:23.1 (428962884)|HEAP_ALLOCATE|[61]|Bytes:4
11:42:23.1 (429306207)|SOQL_EXECUTE_BEGIN|[61]|Aggregations:0|SELECT Id, DistributionCenter__c, State__c, City__c, Country__c, AccountId FROM Order WHERE Id = :tmpVar1
11:42:23.1 (442910864)|SOQL_EXECUTE_END|[61]|Rows:1
11:42:23.1 (442943034)|HEAP_ALLOCATE|[61]|Bytes:8
11:42:23.1 (442964831)|HEAP_ALLOCATE|[61]|Bytes:194
11:42:23.1 (443009835)|HEAP_ALLOCATE|[61]|Bytes:8
11:42:23.1 (443038265)|HEAP_ALLOCATE|[61]|Bytes:28
11:42:23.1 (443057047)|HEAP_ALLOCATE|[61]|Bytes:4
11:42:23.1 (443070271)|VARIABLE_SCOPE_BEGIN|[61]|mapOrders|Map<Id,Order>|true|false
11:42:23.1 (443187836)|VARIABLE_ASSIGNMENT|[61]|mapOrders|{"801g8000007E9NdAAK":{"DistributionCenter__c":"a06g8000000wkLpAAI","City__c":"a05g8000001KAc9AAG","Country__c":"a03g8000004x8aeAAA","Id":"801g8000007E9NdAAK","AccountId":"001g8000005VaOHAA0","State__c":"a04g8000000QmaTAAS"}}|0x12d33c99
11:42:23.1 (443210253)|HEAP_ALLOCATE|[EXTERNAL]|Bytes:8
11:42:23.1 (443216567)|HEAP_ALLOCATE|[67]|Bytes:201
11:42:23.1 (443247547)|HEAP_ALLOCATE|[67]|Bytes:5
11:42:23.1 (443258707)|HEAP_ALLOCATE|[67]|Bytes:28
11:42:23.1 (443266545)|VARIABLE_SCOPE_BEGIN|[67]|o|Order|true|false
11:42:23.1 (443295001)|VARIABLE_ASSIGNMENT|[67]|o|{"DistributionCenter__c":"a06g8000000wkLpAAI","City__c":"a05g8000001KAc9AAG","Country__c":"a03g8000004x8aeAAA","Id":"801g8000007E9NdAAK","AccountId":"001g8000005VaOHAA0","State__c":"a04g8000000QmaTAAS"}|0x11907981
11:42:23.1 (443301424)|STATEMENT_EXECUTE|[67]
11:42:23.1 (443321053)|HEAP_ALLOCATE|[EXTERNAL]|Bytes:4
11:42:23.1 (443328374)|HEAP_ALLOCATE|[67]|Bytes:5
11:42:23.1 (443334816)|VARIABLE_ASSIGNMENT|[67]|o|null|
11:42:23.1 (443338448)|STATEMENT_EXECUTE|[69]
11:42:23.1 (443347805)|HEAP_ALLOCATE|[69]|Bytes:4
11:42:23.1 (443355840)|HEAP_ALLOCATE|[69]|Bytes:4
11:42:23.1 (443608958)|SOQL_EXECUTE_BEGIN|[69]|Aggregations:0|SELECT Id, AccountGroup__c FROM Account WHERE Id = :tmpVar1
11:42:23.1 (446832713)|SOQL_EXECUTE_END|[69]|Rows:1
11:42:23.1 (446857085)|HEAP_ALLOCATE|[69]|Bytes:8
11:42:23.1 (446874339)|HEAP_ALLOCATE|[69]|Bytes:66
11:42:23.1 (446911517)|HEAP_ALLOCATE|[69]|Bytes:8
11:42:23.1 (446932639)|HEAP_ALLOCATE|[69]|Bytes:12
11:42:23.1 (446948867)|HEAP_ALLOCATE|[69]|Bytes:4
11:42:23.1 (446959686)|VARIABLE_SCOPE_BEGIN|[69]|mapAccounts|Map<Id,Account>|true|false
11:42:23.1 (447028508)|VARIABLE_ASSIGNMENT|[69]|mapAccounts|{"001g8000005VaOHAA0":{"AccountGroup__c":"a02g8000002871ZAAQ","Id":"001g8000005VaOHAA0"}}|0x7f9a49
11:42:23.1 (447033821)|STATEMENT_EXECUTE|[71]
11:42:23.1 (447043471)|HEAP_ALLOCATE|[71]|Bytes:4
11:42:23.1 (447051486)|HEAP_ALLOCATE|[71]|Bytes:4
11:42:23.1 (447280881)|SOQL_EXECUTE_BEGIN|[71]|Aggregations:0|SELECT Id, ProductionCost__c, ProductHierarchy__c FROM Product2 WHERE Id = :tmpVar1
11:42:23.1 (458271184)|SOQL_EXECUTE_END|[71]|Rows:2
11:42:23.1 (458304636)|HEAP_ALLOCATE|[71]|Bytes:12
11:42:23.1 (458327386)|HEAP_ALLOCATE|[71]|Bytes:254
11:42:23.1 (458374246)|HEAP_ALLOCATE|[71]|Bytes:12
11:42:23.1 (458402770)|HEAP_ALLOCATE|[71]|Bytes:16
11:42:23.1 (458425691)|HEAP_ALLOCATE|[71]|Bytes:4
11:42:23.1 (458432920)|HEAP_ALLOCATE|[71]|Bytes:16
11:42:23.1 (458437695)|HEAP_ALLOCATE|[71]|Bytes:4
11:42:23.1 (458447841)|VARIABLE_SCOPE_BEGIN|[71]|mapProducts|Map<Id,Product2>|true|false
11:42:23.1 (458548872)|VARIABLE_ASSIGNMENT|[71]|mapProducts|{"01tg8000001BArVAAW":{"ProductionCost__c":900000.00,"ProductHierarchy__c":"a01g8000007otrhAAA","Id":"01tg8000001BArVAAW"},"01tg8000001BArcAAG":{"ProductionCost__c":12000.00,"ProductHierarchy__c":"a01g8000007otrpAAA","Id":"01tg8000001BArcAAG"}}|0x31c32d2d
11:42:23.1 (458556599)|STATEMENT_EXECUTE|[78]
11:42:23.1 (458567688)|HEAP_ALLOCATE|[78]|Bytes:4
11:42:23.1 (458870225)|SOQL_EXECUTE_BEGIN|[78]|Aggregations:0|SELECT Product__c, ProductHierarchy__c, Account__c, AccountGroup__c, City__c, State__c, Country__c, MarginValuePercent__c FROM Margem__c WHERE Status__c = 'Approved'
11:42:23.1 (462884927)|SOQL_EXECUTE_END|[78]|Rows:4
11:42:23.1 (462926177)|HEAP_ALLOCATE|[78]|Bytes:20
11:42:23.1 (462980199)|HEAP_ALLOCATE|[78]|Bytes:774
11:42:23.1 (463059502)|HEAP_ALLOCATE|[78]|Bytes:20
11:42:23.1 (463089535)|VARIABLE_SCOPE_BEGIN|[78]|listMargins|List<Margem__c>|true|false
11:42:23.1 (463431154)|VARIABLE_ASSIGNMENT|[78]|listMargins|[{"Id":"a00g800000JZjxxAAD","AccountGroup__c":"a02g8000002871ZAAQ","ProductHierarchy__c":"a01g8000007otrhAAA","State__c":"a04g8000000QmaTAAS","MarginValuePercent__c":15.00},{"Account__c":"001g8000005VaOHAA0","City__c":"a05g8000001KAc9AAG","Id":"a00g800000JZjxyAAD","ProductHierarchy__c":"a01g8000007otrjAAA","MarginValuePercent__c":25.00},{"Account__c":"001g8000005VaOHAA0","Product__c":"01tg8000001BArcAAG","Id":"a00g800000JZjxzAAD","State__c":"a04g8000000QmaTAAS","MarginValuePercent__c":5.00},{"Country__c":"a03g8000004x8aeAAA","Id":"a00g800000JZjy0AAD","AccountGroup__c":"a02g8000002871ZAAQ","ProductHierarchy__c":"a01g8000007otrqAAA","MarginValuePercent__c":30.00}]|0x69a406ab
11:42:23.1 (463452431)|STATEMENT_EXECUTE|[85]
11:42:23.1 (463471625)|HEAP_ALLOCATE|[85]|Bytes:4
11:42:23.1 (463499263)|VARIABLE_SCOPE_BEGIN|[85]|mapMargin|Map<String,Margem__c>|true|false
11:42:23.1 (463537397)|VARIABLE_ASSIGNMENT|[85]|mapMargin|{}|0x756754b3
11:42:23.1 (463609590)|HEAP_ALLOCATE|[86]|Bytes:5
11:42:23.1 (463651430)|HEAP_ALLOCATE|[86]|Bytes:24
11:42:23.1 (463666204)|VARIABLE_SCOPE_BEGIN|[86]|m|Margem__c|true|false
11:42:23.1 (463711557)|VARIABLE_ASSIGNMENT|[86]|m|{"Id":"a00g800000JZjxxAAD","AccountGroup__c":"a02g8000002871ZAAQ","ProductHierarchy__c":"a01g8000007otrhAAA","State__c":"a04g8000000QmaTAAS","MarginValuePercent__c":15.00}|0x1220baf8
11:42:23.1 (463720810)|STATEMENT_EXECUTE|[86]
11:42:23.1 (463724552)|STATEMENT_EXECUTE|[87]
11:42:23.1 (463822046)|HEAP_ALLOCATE|[87]|Bytes:18
11:42:23.1 (463847230)|VARIABLE_SCOPE_BEGIN|[87]|p|String|false|false
11:42:23.1 (463867092)|VARIABLE_ASSIGNMENT|[87]|p|"a01g8000007otrhAAA"
11:42:23.1 (463870230)|STATEMENT_EXECUTE|[88]
11:42:23.1 (463890163)|HEAP_ALLOCATE|[88]|Bytes:18
11:42:23.1 (463916042)|VARIABLE_SCOPE_BEGIN|[88]|a|String|false|false
11:42:23.1 (463933045)|VARIABLE_ASSIGNMENT|[88]|a|"a02g8000002871ZAAQ"
11:42:23.1 (463945938)|STATEMENT_EXECUTE|[89]
11:42:23.1 (463963929)|HEAP_ALLOCATE|[89]|Bytes:18
11:42:23.1 (463980359)|VARIABLE_SCOPE_BEGIN|[89]|l|String|false|false
11:42:23.1 (464011321)|VARIABLE_ASSIGNMENT|[89]|l|"a04g8000000QmaTAAS"
11:42:23.1 (464025500)|STATEMENT_EXECUTE|[92]
11:42:23.1 (464039520)|HEAP_ALLOCATE|[92]|Bytes:56
11:42:23.1 (464042470)|VARIABLE_SCOPE_BEGIN|[92]|compositeKey|String|false|false
11:42:23.1 (464054370)|VARIABLE_ASSIGNMENT|[92]|compositeKey|"a01g8000007otrhAAA_a (36 more) ..."
11:42:23.1 (464059225)|STATEMENT_EXECUTE|[93]
11:42:23.1 (464078202)|HEAP_ALLOCATE|[EXTERNAL]|Bytes:-4
11:42:23.1 (464101688)|STATEMENT_EXECUTE|[94]
11:42:23.1 (464114605)|HEAP_ALLOCATE|[94]|Bytes:84
11:42:23.1 (464174532)|USER_DEBUG|[94]|DEBUG|MAPA MARGEM - Chave Gerada: a01g8000007otrhAAA_a02g8000002871ZAAQ_a04g8000000QmaTAAS
11:42:23.1 (464201632)|HEAP_ALLOCATE|[86]|Bytes:5
11:42:23.1 (464211348)|HEAP_ALLOCATE|[86]|Bytes:24
11:42:23.1 (464216029)|VARIABLE_SCOPE_BEGIN|[86]|m|Margem__c|true|false
11:42:23.1 (464250550)|VARIABLE_ASSIGNMENT|[86]|m|{"Account__c":"001g8000005VaOHAA0","City__c":"a05g8000001KAc9AAG","Id":"a00g800000JZjxyAAD","ProductHierarchy__c":"a01g8000007otrjAAA","MarginValuePercent__c":25.00}|0x65a476a8
11:42:23.1 (464255422)|STATEMENT_EXECUTE|[86]
11:42:23.1 (464257797)|STATEMENT_EXECUTE|[87]
11:42:23.1 (464269882)|HEAP_ALLOCATE|[87]|Bytes:18
11:42:23.1 (464279746)|VARIABLE_SCOPE_BEGIN|[87]|p|String|false|false
11:42:23.1 (464286402)|VARIABLE_ASSIGNMENT|[87]|p|"a01g8000007otrjAAA"
11:42:23.1 (464289465)|STATEMENT_EXECUTE|[88]
11:42:23.1 (464323687)|HEAP_ALLOCATE|[88]|Bytes:18
11:42:23.1 (464334171)|VARIABLE_SCOPE_BEGIN|[88]|a|String|false|false
11:42:23.1 (464340907)|VARIABLE_ASSIGNMENT|[88]|a|"001g8000005VaOHAA0"
11:42:23.1 (464345420)|STATEMENT_EXECUTE|[89]
11:42:23.1 (464354716)|HEAP_ALLOCATE|[89]|Bytes:18
11:42:23.1 (464365391)|VARIABLE_SCOPE_BEGIN|[89]|l|String|false|false
11:42:23.1 (464371680)|VARIABLE_ASSIGNMENT|[89]|l|"a05g8000001KAc9AAG"
11:42:23.1 (464374801)|STATEMENT_EXECUTE|[92]
11:42:23.1 (464378530)|HEAP_ALLOCATE|[92]|Bytes:56
11:42:23.1 (464381620)|VARIABLE_SCOPE_BEGIN|[92]|compositeKey|String|false|false
11:42:23.1 (464389040)|VARIABLE_ASSIGNMENT|[92]|compositeKey|"a01g8000007otrjAAA_0 (36 more) ..."
11:42:23.1 (464391166)|STATEMENT_EXECUTE|[93]
11:42:23.1 (464395762)|HEAP_ALLOCATE|[EXTERNAL]|Bytes:-4
11:42:23.1 (464399081)|STATEMENT_EXECUTE|[94]
11:42:23.1 (464400956)|HEAP_ALLOCATE|[94]|Bytes:84
11:42:23.1 (464407641)|USER_DEBUG|[94]|DEBUG|MAPA MARGEM - Chave Gerada: a01g8000007otrjAAA_001g8000005VaOHAA0_a05g8000001KAc9AAG
11:42:23.1 (464414912)|HEAP_ALLOCATE|[86]|Bytes:5
11:42:23.1 (464420006)|HEAP_ALLOCATE|[86]|Bytes:24
11:42:23.1 (464423255)|VARIABLE_SCOPE_BEGIN|[86]|m|Margem__c|true|false
11:42:23.1 (464450190)|VARIABLE_ASSIGNMENT|[86]|m|{"Account__c":"001g8000005VaOHAA0","Product__c":"01tg8000001BArcAAG","Id":"a00g800000JZjxzAAD","State__c":"a04g8000000QmaTAAS","MarginValuePercent__c":5.00}|0x60ece2e
11:42:23.1 (464453877)|STATEMENT_EXECUTE|[86]
11:42:23.1 (464454633)|STATEMENT_EXECUTE|[87]
11:42:23.1 (464462170)|HEAP_ALLOCATE|[87]|Bytes:18
11:42:23.1 (464466857)|VARIABLE_SCOPE_BEGIN|[87]|p|String|false|false
11:42:23.1 (464471011)|VARIABLE_ASSIGNMENT|[87]|p|"01tg8000001BArcAAG"
11:42:23.1 (464472848)|STATEMENT_EXECUTE|[88]
11:42:23.1 (464477788)|HEAP_ALLOCATE|[88]|Bytes:18
11:42:23.1 (464481751)|VARIABLE_SCOPE_BEGIN|[88]|a|String|false|false
11:42:23.1 (464485959)|VARIABLE_ASSIGNMENT|[88]|a|"001g8000005VaOHAA0"
11:42:23.1 (464487864)|STATEMENT_EXECUTE|[89]
11:42:23.1 (464493821)|HEAP_ALLOCATE|[89]|Bytes:18
11:42:23.1 (464497717)|VARIABLE_SCOPE_BEGIN|[89]|l|String|false|false
11:42:23.1 (464502250)|VARIABLE_ASSIGNMENT|[89]|l|"a04g8000000QmaTAAS"
11:42:23.1 (464504055)|STATEMENT_EXECUTE|[92]
11:42:23.1 (464505918)|HEAP_ALLOCATE|[92]|Bytes:56
11:42:23.1 (464507830)|VARIABLE_SCOPE_BEGIN|[92]|compositeKey|String|false|false
11:42:23.1 (464512647)|VARIABLE_ASSIGNMENT|[92]|compositeKey|"01tg8000001BArcAAG_0 (36 more) ..."
11:42:23.1 (464514714)|STATEMENT_EXECUTE|[93]
11:42:23.1 (464517736)|HEAP_ALLOCATE|[EXTERNAL]|Bytes:-4
11:42:23.1 (464520465)|STATEMENT_EXECUTE|[94]
11:42:23.1 (464521982)|HEAP_ALLOCATE|[94]|Bytes:84
11:42:23.1 (464526106)|USER_DEBUG|[94]|DEBUG|MAPA MARGEM - Chave Gerada: 01tg8000001BArcAAG_001g8000005VaOHAA0_a04g8000000QmaTAAS
11:42:23.1 (464531614)|HEAP_ALLOCATE|[86]|Bytes:5
11:42:23.1 (464535556)|HEAP_ALLOCATE|[86]|Bytes:24
11:42:23.1 (464538320)|VARIABLE_SCOPE_BEGIN|[86]|m|Margem__c|true|false
11:42:23.1 (464559000)|VARIABLE_ASSIGNMENT|[86]|m|{"Country__c":"a03g8000004x8aeAAA","Id":"a00g800000JZjy0AAD","AccountGroup__c":"a02g8000002871ZAAQ","ProductHierarchy__c":"a01g8000007otrqAAA","MarginValuePercent__c":30.00}|0x1e30a5b
11:42:23.1 (464562805)|STATEMENT_EXECUTE|[86]
11:42:23.1 (464563517)|STATEMENT_EXECUTE|[87]
11:42:23.1 (464569704)|HEAP_ALLOCATE|[87]|Bytes:18
11:42:23.1 (464573766)|VARIABLE_SCOPE_BEGIN|[87]|p|String|false|false
11:42:23.1 (464577774)|VARIABLE_ASSIGNMENT|[87]|p|"a01g8000007otrqAAA"
11:42:23.1 (464579592)|STATEMENT_EXECUTE|[88]
11:42:23.1 (464584797)|HEAP_ALLOCATE|[88]|Bytes:18
11:42:23.1 (464588571)|VARIABLE_SCOPE_BEGIN|[88]|a|String|false|false
11:42:23.1 (464592395)|VARIABLE_ASSIGNMENT|[88]|a|"a02g8000002871ZAAQ"
11:42:23.1 (464594236)|STATEMENT_EXECUTE|[89]
11:42:23.1 (464601511)|HEAP_ALLOCATE|[89]|Bytes:18
11:42:23.1 (464605416)|VARIABLE_SCOPE_BEGIN|[89]|l|String|false|false
11:42:23.1 (464609425)|VARIABLE_ASSIGNMENT|[89]|l|"a03g8000004x8aeAAA"
11:42:23.1 (464611397)|STATEMENT_EXECUTE|[92]
11:42:23.1 (464613555)|HEAP_ALLOCATE|[92]|Bytes:56
11:42:23.1 (464615675)|VARIABLE_SCOPE_BEGIN|[92]|compositeKey|String|false|false
11:42:23.1 (464620127)|VARIABLE_ASSIGNMENT|[92]|compositeKey|"a01g8000007otrqAAA_a (36 more) ..."
11:42:23.1 (464622000)|STATEMENT_EXECUTE|[93]
11:42:23.1 (464624875)|HEAP_ALLOCATE|[EXTERNAL]|Bytes:-4
11:42:23.1 (464627651)|STATEMENT_EXECUTE|[94]
11:42:23.1 (464629127)|HEAP_ALLOCATE|[94]|Bytes:84
11:42:23.1 (464632844)|USER_DEBUG|[94]|DEBUG|MAPA MARGEM - Chave Gerada: a01g8000007otrqAAA_a02g8000002871ZAAQ_a03g8000004x8aeAAA
11:42:23.1 (464638336)|HEAP_ALLOCATE|[86]|Bytes:5
11:42:23.1 (464643912)|VARIABLE_ASSIGNMENT|[86]|m|null|
11:42:23.1 (464647875)|STATEMENT_EXECUTE|[98]
11:42:23.1 (464656075)|HEAP_ALLOCATE|[98]|Bytes:4
11:42:23.1 (464896131)|SOQL_EXECUTE_BEGIN|[98]|Aggregations:0|SELECT Product__c, State__c, DistributionCenter__c, TaxRate__c FROM Tax__c WHERE Status__c = 'Approved'
11:42:23.1 (467951155)|SOQL_EXECUTE_END|[98]|Rows:3
11:42:23.1 (467975440)|HEAP_ALLOCATE|[98]|Bytes:16
11:42:23.1 (467996431)|HEAP_ALLOCATE|[98]|Bytes:552
11:42:23.1 (468032637)|HEAP_ALLOCATE|[98]|Bytes:16
11:42:23.1 (468047656)|VARIABLE_SCOPE_BEGIN|[98]|listTaxes|List<Tax__c>|true|false
11:42:23.1 (468156137)|VARIABLE_ASSIGNMENT|[98]|listTaxes|[{"DistributionCenter__c":"a06g8000000wkLpAAI","Product__c":"01tg8000001BArVAAW","TaxRate__c":18.00,"Id":"a09g8000001l5i1AAA","State__c":"a04g8000000QmaTAAS"},{"DistributionCenter__c":"a06g8000000wkLpAAI","Product__c":"01tg8000001BArXAAW","TaxRate__c":18.00,"Id":"a09g8000001l5i2AAA","State__c":"a04g8000000QmaTAAS"},{"DistributionCenter__c":"a06g8000000wkLpAAI","Product__c":"01tg8000001BArcAAG","TaxRate__c":18.00,"Id":"a09g8000001l5i3AAA","State__c":"a04g8000000QmaTAAS"}]|0x2a8cae2a
11:42:23.1 (468165083)|STATEMENT_EXECUTE|[104]
11:42:23.1 (468174647)|HEAP_ALLOCATE|[104]|Bytes:4
11:42:23.1 (468182615)|VARIABLE_SCOPE_BEGIN|[104]|mapTaxByCompositeKey|Map<String,Tax__c>|true|false
11:42:23.1 (468193477)|VARIABLE_ASSIGNMENT|[104]|mapTaxByCompositeKey|{}|0x29d7ef59
11:42:23.1 (468226655)|HEAP_ALLOCATE|[105]|Bytes:5
11:42:23.1 (468240802)|HEAP_ALLOCATE|[105]|Bytes:24
11:42:23.1 (468248708)|VARIABLE_SCOPE_BEGIN|[105]|t|Tax__c|true|false
11:42:23.1 (468270377)|VARIABLE_ASSIGNMENT|[105]|t|{"DistributionCenter__c":"a06g8000000wkLpAAI","Product__c":"01tg8000001BArVAAW","TaxRate__c":18.00,"Id":"a09g8000001l5i1AAA","State__c":"a04g8000000QmaTAAS"}|0x76263d1a
11:42:23.1 (468275287)|STATEMENT_EXECUTE|[105]
11:42:23.1 (468276176)|STATEMENT_EXECUTE|[106]
11:42:23.1 (468338759)|HEAP_ALLOCATE|[106]|Bytes:18
11:42:23.1 (468351074)|HEAP_ALLOCATE|[107]|Bytes:18
11:42:23.1 (468359611)|HEAP_ALLOCATE|[108]|Bytes:18
11:42:23.1 (468366890)|HEAP_ALLOCATE|[106]|Bytes:54
11:42:23.1 (468369904)|VARIABLE_SCOPE_BEGIN|[106]|key|String|false|false
11:42:23.1 (468376676)|VARIABLE_ASSIGNMENT|[106]|key|"01tg8000001BArVAAWa0 (34 more) ..."
11:42:23.1 (468379015)|STATEMENT_EXECUTE|[109]
11:42:23.1 (468388530)|HEAP_ALLOCATE|[EXTERNAL]|Bytes:-4
11:42:23.1 (468397956)|HEAP_ALLOCATE|[105]|Bytes:5
11:42:23.1 (468403635)|HEAP_ALLOCATE|[105]|Bytes:24
11:42:23.1 (468407101)|VARIABLE_SCOPE_BEGIN|[105]|t|Tax__c|true|false
11:42:23.1 (468430336)|VARIABLE_ASSIGNMENT|[105]|t|{"DistributionCenter__c":"a06g8000000wkLpAAI","Product__c":"01tg8000001BArXAAW","TaxRate__c":18.00,"Id":"a09g8000001l5i2AAA","State__c":"a04g8000000QmaTAAS"}|0x365ff4a1
11:42:23.1 (468434237)|STATEMENT_EXECUTE|[105]
11:42:23.1 (468434979)|STATEMENT_EXECUTE|[106]
11:42:23.1 (468441185)|HEAP_ALLOCATE|[106]|Bytes:18
11:42:23.1 (468448534)|HEAP_ALLOCATE|[107]|Bytes:18
11:42:23.1 (468455283)|HEAP_ALLOCATE|[108]|Bytes:18
11:42:23.1 (468459355)|HEAP_ALLOCATE|[106]|Bytes:54
11:42:23.1 (468461367)|VARIABLE_SCOPE_BEGIN|[106]|key|String|false|false
11:42:23.1 (468466222)|VARIABLE_ASSIGNMENT|[106]|key|"01tg8000001BArXAAWa0 (34 more) ..."
11:42:23.1 (468468446)|STATEMENT_EXECUTE|[109]
11:42:23.1 (468471527)|HEAP_ALLOCATE|[EXTERNAL]|Bytes:-4
11:42:23.1 (468476964)|HEAP_ALLOCATE|[105]|Bytes:5
11:42:23.1 (468481151)|HEAP_ALLOCATE|[105]|Bytes:24
11:42:23.1 (468483468)|VARIABLE_SCOPE_BEGIN|[105]|t|Tax__c|true|false
11:42:23.1 (468501909)|VARIABLE_ASSIGNMENT|[105]|t|{"DistributionCenter__c":"a06g8000000wkLpAAI","Product__c":"01tg8000001BArcAAG","TaxRate__c":18.00,"Id":"a09g8000001l5i3AAA","State__c":"a04g8000000QmaTAAS"}|0x79edf1be
11:42:23.1 (468505808)|STATEMENT_EXECUTE|[105]
11:42:23.1 (468506563)|STATEMENT_EXECUTE|[106]
11:42:23.1 (468511750)|HEAP_ALLOCATE|[106]|Bytes:18
11:42:23.1 (468518460)|HEAP_ALLOCATE|[107]|Bytes:18
11:42:23.1 (468524778)|HEAP_ALLOCATE|[108]|Bytes:18
11:42:23.1 (468528797)|HEAP_ALLOCATE|[106]|Bytes:54
11:42:23.1 (468530732)|VARIABLE_SCOPE_BEGIN|[106]|key|String|false|false
11:42:23.1 (468535251)|VARIABLE_ASSIGNMENT|[106]|key|"01tg8000001BArcAAGa0 (34 more) ..."
11:42:23.1 (468537243)|STATEMENT_EXECUTE|[109]
11:42:23.1 (468539990)|HEAP_ALLOCATE|[EXTERNAL]|Bytes:-4
11:42:23.1 (468545046)|HEAP_ALLOCATE|[105]|Bytes:5
11:42:23.1 (468550779)|VARIABLE_ASSIGNMENT|[105]|t|null|
11:42:23.1 (468554536)|STATEMENT_EXECUTE|[113]
11:42:23.1 (468561087)|HEAP_ALLOCATE|[113]|Bytes:4
11:42:23.1 (468808231)|SOQL_EXECUTE_BEGIN|[113]|Aggregations:0|SELECT Product__c, City__c, State__c, Country__c, DistributionCenter__c, FreightValue__c, ProductHierarchy__c FROM Freight__c WHERE Status__c = 'Approved'
11:42:23.1 (471809426)|SOQL_EXECUTE_END|[113]|Rows:4
11:42:23.1 (471832286)|HEAP_ALLOCATE|[113]|Bytes:20
11:42:23.1 (471855853)|HEAP_ALLOCATE|[113]|Bytes:784
11:42:23.1 (471889398)|HEAP_ALLOCATE|[113]|Bytes:20
11:42:23.1 (471902223)|VARIABLE_SCOPE_BEGIN|[113]|listFreights|List<Freight__c>|true|false
11:42:23.1 (472019376)|VARIABLE_ASSIGNMENT|[113]|listFreights|[{"DistributionCenter__c":"a06g8000000wkLpAAI","Id":"a0Ag8000000XacwEAC","State__c":"a04g8000000QmaTAAS","ProductHierarchy__c":"a01g8000007otrhAAA","FreightValue__c":800.00},{"DistributionCenter__c":"a06g8000000wkLpAAI","City__c":"a05g8000001KAc9AAG","Id":"a0Ag8000000XacxEAC","ProductHierarchy__c":"a01g8000007otrjAAA","FreightValue__c":500.00},{"DistributionCenter__c":"a06g8000000wkLpAAI","Product__c":"01tg8000001BArcAAG","Id":"a0Ag8000000XacyEAC","State__c":"a04g8000000QmaTAAS","FreightValue__c":150.00},{"DistributionCenter__c":"a06g8000000wkLpAAI","Country__c":"a03g8000004x8aeAAA","Id":"a0Ag8000000XaczEAC","ProductHierarchy__c":"a01g8000007otrqAAA","FreightValue__c":50.00}]|0x79ac0944
11:42:23.1 (472029464)|STATEMENT_EXECUTE|[119]
11:42:23.1 (472038762)|HEAP_ALLOCATE|[119]|Bytes:4
11:42:23.1 (472046283)|VARIABLE_SCOPE_BEGIN|[119]|mapFreight|Map<String,Freight__c>|true|false
11:42:23.1 (472056976)|VARIABLE_ASSIGNMENT|[119]|mapFreight|{}|0x138664f2
11:42:23.1 (472088526)|HEAP_ALLOCATE|[120]|Bytes:5
11:42:23.1 (472101337)|HEAP_ALLOCATE|[120]|Bytes:24
11:42:23.1 (472108622)|VARIABLE_SCOPE_BEGIN|[120]|f|Freight__c|true|false
11:42:23.1 (472129605)|VARIABLE_ASSIGNMENT|[120]|f|{"DistributionCenter__c":"a06g8000000wkLpAAI","Id":"a0Ag8000000XacwEAC","State__c":"a04g8000000QmaTAAS","ProductHierarchy__c":"a01g8000007otrhAAA","FreightValue__c":800.00}|0x572bf74f
11:42:23.1 (472134322)|STATEMENT_EXECUTE|[120]
11:42:23.1 (472135383)|STATEMENT_EXECUTE|[121]
11:42:23.1 (472154983)|HEAP_ALLOCATE|[121]|Bytes:18
11:42:23.1 (472158512)|VARIABLE_SCOPE_BEGIN|[121]|quem|String|false|false
11:42:23.1 (472163303)|VARIABLE_ASSIGNMENT|[121]|quem|"a01g8000007otrhAAA"
11:42:23.1 (472165288)|STATEMENT_EXECUTE|[122]
11:42:23.1 (472171326)|HEAP_ALLOCATE|[122]|Bytes:18
11:42:23.1 (472174183)|VARIABLE_SCOPE_BEGIN|[122]|onde|String|false|false
11:42:23.1 (472178294)|VARIABLE_ASSIGNMENT|[122]|onde|"a04g8000000QmaTAAS"
11:42:23.1 (472180476)|STATEMENT_EXECUTE|[125]
11:42:23.1 (472186263)|HEAP_ALLOCATE|[125]|Bytes:37
11:42:23.1 (472188397)|VARIABLE_SCOPE_BEGIN|[125]|key|String|false|false
11:42:23.1 (472194253)|VARIABLE_ASSIGNMENT|[125]|key|"a01g8000007otrhAAA_a (17 more) ..."
11:42:23.1 (472196720)|STATEMENT_EXECUTE|[126]
11:42:23.1 (472204201)|HEAP_ALLOCATE|[EXTERNAL]|Bytes:-4
11:42:23.1 (472211683)|HEAP_ALLOCATE|[120]|Bytes:5
11:42:23.1 (472216038)|HEAP_ALLOCATE|[120]|Bytes:24
11:42:23.1 (472218548)|VARIABLE_SCOPE_BEGIN|[120]|f|Freight__c|true|false
11:42:23.1 (472237178)|VARIABLE_ASSIGNMENT|[120]|f|{"DistributionCenter__c":"a06g8000000wkLpAAI","City__c":"a05g8000001KAc9AAG","Id":"a0Ag8000000XacxEAC","ProductHierarchy__c":"a01g8000007otrjAAA","FreightValue__c":500.00}|0x73128f89
11:42:23.1 (472240702)|STATEMENT_EXECUTE|[120]
11:42:23.1 (472241472)|STATEMENT_EXECUTE|[121]
11:42:23.1 (472245108)|HEAP_ALLOCATE|[121]|Bytes:18
11:42:23.1 (472247328)|VARIABLE_SCOPE_BEGIN|[121]|quem|String|false|false
11:42:23.1 (472251420)|VARIABLE_ASSIGNMENT|[121]|quem|"a01g8000007otrjAAA"
11:42:23.1 (472253447)|STATEMENT_EXECUTE|[122]
11:42:23.1 (472256937)|HEAP_ALLOCATE|[122]|Bytes:18
11:42:23.1 (472258913)|VARIABLE_SCOPE_BEGIN|[122]|onde|String|false|false
11:42:23.1 (472262771)|VARIABLE_ASSIGNMENT|[122]|onde|"a05g8000001KAc9AAG"
11:42:23.1 (472264658)|STATEMENT_EXECUTE|[125]
11:42:23.1 (472266215)|HEAP_ALLOCATE|[125]|Bytes:37
11:42:23.1 (472267988)|VARIABLE_SCOPE_BEGIN|[125]|key|String|false|false
11:42:23.1 (472272355)|VARIABLE_ASSIGNMENT|[125]|key|"a01g8000007otrjAAA_a (17 more) ..."
11:42:23.1 (472274312)|STATEMENT_EXECUTE|[126]
11:42:23.1 (472277248)|HEAP_ALLOCATE|[EXTERNAL]|Bytes:-4
11:42:23.1 (472282524)|HEAP_ALLOCATE|[120]|Bytes:5
11:42:23.1 (472286241)|HEAP_ALLOCATE|[120]|Bytes:24
11:42:23.1 (472288715)|VARIABLE_SCOPE_BEGIN|[120]|f|Freight__c|true|false
11:42:23.1 (472349935)|VARIABLE_ASSIGNMENT|[120]|f|{"DistributionCenter__c":"a06g8000000wkLpAAI","Product__c":"01tg8000001BArcAAG","Id":"a0Ag8000000XacyEAC","State__c":"a04g8000000QmaTAAS","FreightValue__c":150.00}|0x5b752d57
11:42:23.1 (472355241)|STATEMENT_EXECUTE|[120]
11:42:23.1 (472356561)|STATEMENT_EXECUTE|[121]
11:42:23.1 (472363502)|HEAP_ALLOCATE|[121]|Bytes:18
11:42:23.1 (472367137)|VARIABLE_SCOPE_BEGIN|[121]|quem|String|false|false
11:42:23.1 (472373295)|VARIABLE_ASSIGNMENT|[121]|quem|"01tg8000001BArcAAG"
11:42:23.1 (472375958)|STATEMENT_EXECUTE|[122]
11:42:23.1 (472380250)|HEAP_ALLOCATE|[122]|Bytes:18
11:42:23.1 (472382937)|VARIABLE_SCOPE_BEGIN|[122]|onde|String|false|false
11:42:23.1 (472388622)|VARIABLE_ASSIGNMENT|[122]|onde|"a04g8000000QmaTAAS"
11:42:23.1 (472391383)|STATEMENT_EXECUTE|[125]
11:42:23.1 (472393916)|HEAP_ALLOCATE|[125]|Bytes:37
11:42:23.1 (472396462)|VARIABLE_SCOPE_BEGIN|[125]|key|String|false|false
11:42:23.1 (472402638)|VARIABLE_ASSIGNMENT|[125]|key|"01tg8000001BArcAAG_a (17 more) ..."
11:42:23.1 (472405196)|STATEMENT_EXECUTE|[126]
11:42:23.1 (472409866)|HEAP_ALLOCATE|[EXTERNAL]|Bytes:-4
11:42:23.1 (472418433)|HEAP_ALLOCATE|[120]|Bytes:5
11:42:23.1 (472425914)|HEAP_ALLOCATE|[120]|Bytes:24
11:42:23.1 (472430344)|VARIABLE_SCOPE_BEGIN|[120]|f|Freight__c|true|false
11:42:23.1 (472462341)|VARIABLE_ASSIGNMENT|[120]|f|{"DistributionCenter__c":"a06g8000000wkLpAAI","Country__c":"a03g8000004x8aeAAA","Id":"a0Ag8000000XaczEAC","ProductHierarchy__c":"a01g8000007otrqAAA","FreightValue__c":50.00}|0x4cf69985
11:42:23.1 (472468328)|STATEMENT_EXECUTE|[120]
11:42:23.1 (472469551)|STATEMENT_EXECUTE|[121]
11:42:23.1 (472475168)|HEAP_ALLOCATE|[121]|Bytes:18
11:42:23.1 (472478660)|VARIABLE_SCOPE_BEGIN|[121]|quem|String|false|false
11:42:23.1 (472485154)|VARIABLE_ASSIGNMENT|[121]|quem|"a01g8000007otrqAAA"
11:42:23.1 (472487813)|STATEMENT_EXECUTE|[122]
11:42:23.1 (472493428)|HEAP_ALLOCATE|[122]|Bytes:18
11:42:23.1 (472496165)|VARIABLE_SCOPE_BEGIN|[122]|onde|String|false|false
11:42:23.1 (472501829)|VARIABLE_ASSIGNMENT|[122]|onde|"a03g8000004x8aeAAA"
11:42:23.1 (472504571)|STATEMENT_EXECUTE|[125]
11:42:23.1 (472507071)|HEAP_ALLOCATE|[125]|Bytes:37
11:42:23.1 (472509842)|VARIABLE_SCOPE_BEGIN|[125]|key|String|false|false
11:42:23.1 (472516424)|VARIABLE_ASSIGNMENT|[125]|key|"a01g8000007otrqAAA_a (17 more) ..."
11:42:23.1 (472519326)|STATEMENT_EXECUTE|[126]
11:42:23.1 (472524011)|HEAP_ALLOCATE|[EXTERNAL]|Bytes:-4
11:42:23.1 (472531751)|HEAP_ALLOCATE|[120]|Bytes:5
11:42:23.1 (472540188)|VARIABLE_ASSIGNMENT|[120]|f|null|
11:42:23.1 (472560162)|HEAP_ALLOCATE|[130]|Bytes:5
11:42:23.1 (472575059)|HEAP_ALLOCATE|[130]|Bytes:4
11:42:23.1 (472579702)|VARIABLE_SCOPE_BEGIN|[130]|item|OrderItem|true|false
11:42:23.1 (473207197)|VARIABLE_ASSIGNMENT|[130]|item|{"IsDeleted":false,"UnitPrice":1350000.00,"Product2Id":"01tg8000001BArVAAW","PricebookEntryId":"01ug8000000XnbRAAS","TotalPrice":1350000.00,"Quantity":1.00,"ListPrice":1350000.00,"OrderId":"801g8000007E9NdAAK"}|0x7f4db343
11:42:23.1 (473214811)|STATEMENT_EXECUTE|[130]
11:42:23.1 (473215790)|STATEMENT_EXECUTE|[131]
11:42:23.1 (473237797)|VARIABLE_SCOPE_BEGIN|[131]|pedido|Order|true|false
11:42:23.1 (473302345)|VARIABLE_ASSIGNMENT|[131]|pedido|{"DistributionCenter__c":"a06g8000000wkLpAAI","City__c":"a05g8000001KAc9AAG","Country__c":"a03g8000004x8aeAAA","Id":"801g8000007E9NdAAK","AccountId":"001g8000005VaOHAA0","State__c":"a04g8000000QmaTAAS"}|0x11907981
11:42:23.1 (473308336)|STATEMENT_EXECUTE|[132]
11:42:23.1 (473322460)|VARIABLE_SCOPE_BEGIN|[132]|produto|Product2|true|false
11:42:23.1 (473351373)|VARIABLE_ASSIGNMENT|[132]|produto|{"ProductionCost__c":900000.00,"ProductHierarchy__c":"a01g8000007otrhAAA","Id":"01tg8000001BArVAAW"}|0x78a7b498
11:42:23.1 (473354335)|STATEMENT_EXECUTE|[133]
11:42:23.1 (473366798)|VARIABLE_SCOPE_BEGIN|[133]|cliente|Account|true|false
11:42:23.1 (473390788)|VARIABLE_ASSIGNMENT|[133]|cliente|{"AccountGroup__c":"a02g8000002871ZAAQ","Id":"001g8000005VaOHAA0"}|0x25c28689
11:42:23.1 (473422457)|HEAP_ALLOCATE|[135]|Bytes:28
11:42:23.1 (473425342)|HEAP_ALLOCATE|[135]|Bytes:28
11:42:23.1 (473458690)|HEAP_ALLOCATE|[135]|Bytes:28
11:42:23.1 (473460427)|HEAP_ALLOCATE|[135]|Bytes:28
11:42:23.1 (473470143)|STATEMENT_EXECUTE|[135]
11:42:23.1 (473473306)|STATEMENT_EXECUTE|[142]
11:42:23.1 (473474391)|STATEMENT_EXECUTE|[146]
11:42:23.1 (473483772)|HEAP_ALLOCATE|[146]|Bytes:18
11:42:23.1 (473492263)|HEAP_ALLOCATE|[147]|Bytes:18
11:42:23.1 (473500470)|HEAP_ALLOCATE|[148]|Bytes:18
11:42:23.1 (473505903)|HEAP_ALLOCATE|[146]|Bytes:54
11:42:23.1 (473508259)|VARIABLE_SCOPE_BEGIN|[146]|keyOrderItemImposto|String|false|false
11:42:23.1 (473513981)|VARIABLE_ASSIGNMENT|[146]|keyOrderItemImposto|"01tg8000001BArVAAWa0 (34 more) ..."
11:42:23.1 (473516084)|STATEMENT_EXECUTE|[150]
11:42:23.1 (473524816)|VARIABLE_SCOPE_BEGIN|[150]|impostoEncontrado|Tax__c|true|false
11:42:23.1 (473553560)|VARIABLE_ASSIGNMENT|[150]|impostoEncontrado|{"DistributionCenter__c":"a06g8000000wkLpAAI","Product__c":"01tg8000001BArVAAW","TaxRate__c":18.00,"Id":"a09g8000001l5i1AAA","State__c":"a04g8000000QmaTAAS"}|0x76263d1a
11:42:23.1 (473557108)|STATEMENT_EXECUTE|[152]
11:42:23.1 (474007069)|VARIABLE_ASSIGNMENT|[152]|this.TaxPercentage__c|18.00|0x7f4db343
11:42:23.1 (474011583)|STATEMENT_EXECUTE|[155]
11:42:23.1 (474030341)|METHOD_ENTRY|[155]|01pg8000001F8kf|PricingService.findMargin(OrderItem, Order, Map<String,Margem__c>, Id, Account)
11:42:23.1 (474036126)|VARIABLE_SCOPE_BEGIN|[20]|item|OrderItem|true|false
11:42:23.1 (474379177)|VARIABLE_ASSIGNMENT|[20]|item|{"IsDeleted":false,"UnitPrice":1350000.00,"Product2Id":"01tg8000001BArVAAW","PricebookEntryId":"01ug8000000XnbRAAS","TotalPrice":1350000.00,"Quantity":1.00,"TaxPercentage__c":18.00,"ListPrice":1350000.00,"OrderId":"801g8000007E9NdAAK"}|0x7f4db343
11:42:23.1 (474384271)|VARIABLE_SCOPE_BEGIN|[20]|pedido|Order|true|false
11:42:23.1 (474415775)|VARIABLE_ASSIGNMENT|[20]|pedido|{"DistributionCenter__c":"a06g8000000wkLpAAI","City__c":"a05g8000001KAc9AAG","Country__c":"a03g8000004x8aeAAA","Id":"801g8000007E9NdAAK","AccountId":"001g8000005VaOHAA0","State__c":"a04g8000000QmaTAAS"}|0x11907981
11:42:23.1 (474419923)|VARIABLE_SCOPE_BEGIN|[20]|mapMargin|Map<String,Margem__c>|true|false
11:42:23.1 (474498007)|VARIABLE_ASSIGNMENT|[20]|mapMargin|{"a01g8000007otrhAAA_a02g8000002871ZAAQ_a04g8000000QmaTAAS":{"Id":"a00g800000JZjxxAAD","AccountGroup__c":"a02g8000002871ZAAQ","ProductHierarchy__c":"a01g8000007otrhAAA","State__c":"a04g8000000QmaTAAS","MarginValuePercent__c":15.00},"a01g8000007otrjAAA_001g8000005VaOHAA0_a05g8000001KAc9AAG":{"Account__c":"001g8000005VaOHAA0","City__c":"a05g8000001KAc9AAG","Id":"a00g800000JZjxyAAD","ProductHierarchy__c":"a01g8000007otrjAAA","MarginValuePercent__c":25.00},"01tg8000001BArcAAG_001g8000005VaOHAA0_a04g8000000QmaTAAS":{"Account__c":"001g8000005VaOHAA0","Product__c":"01tg8000001BArcAAG","Id":"a00g800000JZjxzAAD","State__c":"a04g8000000QmaTAAS","MarginValuePercent__c":5.00},"a01g8000007otrqAAA_a02g8000002871ZAAQ_a03g8000004x8aeAAA":{"Country__c":"a03g8000004x8aeAAA","Id":"a00g800000JZjy0AAD","AccountGroup__c":"a02g8000002871ZAAQ","ProductHierarchy__c":"a01g8000007otrqAAA","MarginValuePercent__c":30.00}}|0x756754b3
11:42:23.1 (474507347)|VARIABLE_SCOPE_BEGIN|[20]|h|Id|false|false
11:42:23.1 (474595629)|VARIABLE_ASSIGNMENT|[20]|h|"a01g8000007otrhAAA"
11:42:23.1 (474600368)|VARIABLE_SCOPE_BEGIN|[20]|cliente|Account|true|false
11:42:23.1 (474631468)|VARIABLE_ASSIGNMENT|[20]|cliente|{"AccountGroup__c":"a02g8000002871ZAAQ","Id":"001g8000005VaOHAA0"}|0x25c28689
11:42:23.1 (474640806)|STATEMENT_EXECUTE|[20]
11:42:23.1 (474641904)|STATEMENT_EXECUTE|[21]
11:42:23.1 (474650084)|VARIABLE_SCOPE_BEGIN|[21]|p|Id|false|false
11:42:23.1 (474680877)|VARIABLE_ASSIGNMENT|[21]|p|"01tg8000001BArVAAW"
11:42:23.1 (474683362)|STATEMENT_EXECUTE|[22]
11:42:23.1 (474687071)|VARIABLE_SCOPE_BEGIN|[22]|a|Id|false|false
11:42:23.1 (474705178)|VARIABLE_ASSIGNMENT|[22]|a|"001g8000005VaOHAA0"
11:42:23.1 (474707210)|STATEMENT_EXECUTE|[23]
11:42:23.1 (474712305)|VARIABLE_SCOPE_BEGIN|[23]|g|Id|false|false
11:42:23.1 (474752900)|VARIABLE_ASSIGNMENT|[23]|g|"a02g8000002871ZAAQ"
11:42:23.1 (474756217)|STATEMENT_EXECUTE|[24]
11:42:23.1 (474760456)|VARIABLE_SCOPE_BEGIN|[24]|c|Id|false|false
11:42:23.1 (474778361)|VARIABLE_ASSIGNMENT|[24]|c|"a05g8000001KAc9AAG"
11:42:23.1 (474780398)|STATEMENT_EXECUTE|[25]
11:42:23.1 (474782907)|VARIABLE_SCOPE_BEGIN|[25]|e|Id|false|false
11:42:23.1 (474798890)|VARIABLE_ASSIGNMENT|[25]|e|"a04g8000000QmaTAAS"
11:42:23.1 (474801302)|STATEMENT_EXECUTE|[26]
11:42:23.1 (474804653)|VARIABLE_SCOPE_BEGIN|[26]|pa|Id|false|false
11:42:23.1 (474830696)|VARIABLE_ASSIGNMENT|[26]|pa|"a03g8000004x8aeAAA"
11:42:23.1 (474848755)|HEAP_ALLOCATE|[29]|Bytes:18
11:42:23.1 (474859713)|HEAP_ALLOCATE|[29]|Bytes:18
11:42:23.1 (474865634)|HEAP_ALLOCATE|[29]|Bytes:18
11:42:23.1 (474872657)|HEAP_ALLOCATE|[29]|Bytes:56
11:42:23.1 (474885615)|STATEMENT_EXECUTE|[29]
11:42:23.1 (474891831)|HEAP_ALLOCATE|[30]|Bytes:18
11:42:23.1 (474901803)|HEAP_ALLOCATE|[30]|Bytes:18
11:42:23.1 (474907933)|HEAP_ALLOCATE|[30]|Bytes:18
11:42:23.1 (474912149)|HEAP_ALLOCATE|[30]|Bytes:56
11:42:23.1 (474916616)|STATEMENT_EXECUTE|[30]
11:42:23.1 (474920006)|HEAP_ALLOCATE|[31]|Bytes:18
11:42:23.1 (474926101)|HEAP_ALLOCATE|[31]|Bytes:18
11:42:23.1 (474931765)|HEAP_ALLOCATE|[31]|Bytes:18
11:42:23.1 (474935935)|HEAP_ALLOCATE|[31]|Bytes:56
11:42:23.1 (474940019)|STATEMENT_EXECUTE|[31]
11:42:23.1 (474944007)|HEAP_ALLOCATE|[32]|Bytes:18
11:42:23.1 (474949721)|HEAP_ALLOCATE|[32]|Bytes:18
11:42:23.1 (474955413)|HEAP_ALLOCATE|[32]|Bytes:18
11:42:23.1 (474959368)|HEAP_ALLOCATE|[32]|Bytes:56
11:42:23.1 (474963601)|STATEMENT_EXECUTE|[32]
11:42:23.1 (474967293)|HEAP_ALLOCATE|[33]|Bytes:18
11:42:23.1 (474973424)|HEAP_ALLOCATE|[33]|Bytes:18
11:42:23.1 (474979208)|HEAP_ALLOCATE|[33]|Bytes:18
11:42:23.1 (474983394)|HEAP_ALLOCATE|[33]|Bytes:56
11:42:23.1 (474987474)|STATEMENT_EXECUTE|[33]
11:42:23.1 (474990807)|HEAP_ALLOCATE|[34]|Bytes:18
11:42:23.1 (474996621)|HEAP_ALLOCATE|[34]|Bytes:18
11:42:23.1 (475002248)|HEAP_ALLOCATE|[34]|Bytes:18
11:42:23.1 (475006922)|HEAP_ALLOCATE|[34]|Bytes:56
11:42:23.1 (475012358)|STATEMENT_EXECUTE|[34]
11:42:23.1 (475017422)|HEAP_ALLOCATE|[36]|Bytes:18
11:42:23.1 (475026028)|HEAP_ALLOCATE|[36]|Bytes:18
11:42:23.1 (475035489)|HEAP_ALLOCATE|[36]|Bytes:18
11:42:23.1 (475041868)|HEAP_ALLOCATE|[36]|Bytes:56
11:42:23.1 (475048997)|STATEMENT_EXECUTE|[36]
11:42:23.1 (475052842)|HEAP_ALLOCATE|[37]|Bytes:18
11:42:23.1 (475058999)|HEAP_ALLOCATE|[37]|Bytes:18
11:42:23.1 (475064717)|HEAP_ALLOCATE|[37]|Bytes:18
11:42:23.1 (475068949)|HEAP_ALLOCATE|[37]|Bytes:56
11:42:23.1 (475073627)|STATEMENT_EXECUTE|[37]
11:42:23.1 (475077158)|HEAP_ALLOCATE|[38]|Bytes:18
11:42:23.1 (475085263)|HEAP_ALLOCATE|[38]|Bytes:18
11:42:23.1 (475094843)|HEAP_ALLOCATE|[38]|Bytes:18
11:42:23.1 (475099328)|HEAP_ALLOCATE|[38]|Bytes:56
11:42:23.1 (475103868)|STATEMENT_EXECUTE|[38]
11:42:23.1 (475107327)|HEAP_ALLOCATE|[39]|Bytes:18
11:42:23.1 (475113098)|HEAP_ALLOCATE|[39]|Bytes:18
11:42:23.1 (475118817)|HEAP_ALLOCATE|[39]|Bytes:18
11:42:23.1 (475122822)|HEAP_ALLOCATE|[39]|Bytes:56
11:42:23.1 (475127148)|STATEMENT_EXECUTE|[39]
11:42:23.1 (475130740)|HEAP_ALLOCATE|[40]|Bytes:18
11:42:23.1 (475136528)|HEAP_ALLOCATE|[40]|Bytes:18
11:42:23.1 (475142303)|HEAP_ALLOCATE|[40]|Bytes:18
11:42:23.1 (475146245)|HEAP_ALLOCATE|[40]|Bytes:56
11:42:23.1 (475150794)|STATEMENT_EXECUTE|[40]
11:42:23.1 (475153852)|HEAP_ALLOCATE|[40]|Bytes:18
11:42:23.1 (475159834)|HEAP_ALLOCATE|[40]|Bytes:18
11:42:23.1 (475165582)|HEAP_ALLOCATE|[40]|Bytes:18
11:42:23.1 (475169730)|HEAP_ALLOCATE|[40]|Bytes:56
11:42:23.1 (475187977)|METHOD_EXIT|[155]|01pg8000001F8kf|PricingService.findMargin(OrderItem, Order, Map<String,Margem__c>, Id, Account)
11:42:23.1 (475196122)|VARIABLE_SCOPE_BEGIN|[155]|margem|Margem__c|true|false
11:42:23.1 (475240709)|VARIABLE_ASSIGNMENT|[155]|margem|{"Id":"a00g800000JZjxxAAD","AccountGroup__c":"a02g8000002871ZAAQ","ProductHierarchy__c":"a01g8000007otrhAAA","State__c":"a04g8000000QmaTAAS","MarginValuePercent__c":15.00}|0x1220baf8
11:42:23.1 (475245100)|STATEMENT_EXECUTE|[156]
11:42:23.1 (475749677)|VARIABLE_ASSIGNMENT|[156]|this.MarginPercentage__c|15.00|0x7f4db343
11:42:23.1 (475753886)|STATEMENT_EXECUTE|[159]
11:42:23.1 (475765827)|METHOD_ENTRY|[159]|01pg8000001F8kf|PricingService.findFreightValue(OrderItem, Order, Map<String,Freight__c>, Id)
11:42:23.1 (475770688)|VARIABLE_SCOPE_BEGIN|[4]|item|OrderItem|true|false
11:42:23.1 (476112293)|VARIABLE_ASSIGNMENT|[4]|item|{"IsDeleted":false,"UnitPrice":1350000.00,"Product2Id":"01tg8000001BArVAAW","PricebookEntryId":"01ug8000000XnbRAAS","TotalPrice":1350000.00,"Quantity":1.00,"MarginPercentage__c":15.00,"TaxPercentage__c":18.00,"ListPrice":1350000.00,"OrderId":"801g8000007E9NdAAK"}|0x7f4db343
11:42:23.1 (476118465)|VARIABLE_SCOPE_BEGIN|[4]|pedido|Order|true|false
11:42:23.1 (476158867)|VARIABLE_ASSIGNMENT|[4]|pedido|{"DistributionCenter__c":"a06g8000000wkLpAAI","City__c":"a05g8000001KAc9AAG","Country__c":"a03g8000004x8aeAAA","Id":"801g8000007E9NdAAK","AccountId":"001g8000005VaOHAA0","State__c":"a04g8000000QmaTAAS"}|0x11907981
11:42:23.1 (476163236)|VARIABLE_SCOPE_BEGIN|[4]|mapFrete|Map<String,Freight__c>|true|false
11:42:23.1 (476234478)|VARIABLE_ASSIGNMENT|[4]|mapFrete|{"a01g8000007otrhAAA_a04g8000000QmaTAAS":{"DistributionCenter__c":"a06g8000000wkLpAAI","Id":"a0Ag8000000XacwEAC","State__c":"a04g8000000QmaTAAS","ProductHierarchy__c":"a01g8000007otrhAAA","FreightValue__c":800.00},"a01g8000007otrjAAA_a05g8000001KAc9AAG":{"DistributionCenter__c":"a06g8000000wkLpAAI","City__c":"a05g8000001KAc9AAG","Id":"a0Ag8000000XacxEAC","ProductHierarchy__c":"a01g8000007otrjAAA","FreightValue__c":500.00},"01tg8000001BArcAAG_a04g8000000QmaTAAS":{"DistributionCenter__c":"a06g8000000wkLpAAI","Product__c":"01tg8000001BArcAAG","Id":"a0Ag8000000XacyEAC","State__c":"a04g8000000QmaTAAS","FreightValue__c":150.00},"a01g8000007otrqAAA_a03g8000004x8aeAAA":{"DistributionCenter__c":"a06g8000000wkLpAAI","Country__c":"a03g8000004x8aeAAA","Id":"a0Ag8000000XaczEAC","ProductHierarchy__c":"a01g8000007otrqAAA","FreightValue__c":50.00}}|0x138664f2
11:42:23.1 (476242871)|VARIABLE_SCOPE_BEGIN|[4]|h|Id|false|false
11:42:23.1 (476291101)|VARIABLE_ASSIGNMENT|[4]|h|"a01g8000007otrhAAA"
11:42:23.1 (476324393)|STATEMENT_EXECUTE|[4]
11:42:23.1 (476326307)|STATEMENT_EXECUTE|[5]
11:42:23.1 (476332688)|VARIABLE_SCOPE_BEGIN|[5]|p|Id|false|false
11:42:23.1 (476356848)|VARIABLE_ASSIGNMENT|[5]|p|"01tg8000001BArVAAW"
11:42:23.1 (476359451)|STATEMENT_EXECUTE|[6]
11:42:23.1 (476362357)|VARIABLE_SCOPE_BEGIN|[6]|c|Id|false|false
11:42:23.1 (476378676)|VARIABLE_ASSIGNMENT|[6]|c|"a05g8000001KAc9AAG"
11:42:23.1 (476381038)|STATEMENT_EXECUTE|[7]
11:42:23.1 (476383197)|VARIABLE_SCOPE_BEGIN|[7]|e|Id|false|false
11:42:23.1 (476399873)|VARIABLE_ASSIGNMENT|[7]|e|"a04g8000000QmaTAAS"
11:42:23.1 (476402303)|STATEMENT_EXECUTE|[8]
11:42:23.1 (476404727)|VARIABLE_SCOPE_BEGIN|[8]|pa|Id|false|false
11:42:23.1 (476421297)|VARIABLE_ASSIGNMENT|[8]|pa|"a03g8000004x8aeAAA"
11:42:23.1 (476434806)|HEAP_ALLOCATE|[10]|Bytes:18
11:42:23.1 (476445157)|HEAP_ALLOCATE|[10]|Bytes:18
11:42:23.1 (476450728)|HEAP_ALLOCATE|[10]|Bytes:37
11:42:23.1 (476459403)|STATEMENT_EXECUTE|[10]
11:42:23.1 (476463379)|HEAP_ALLOCATE|[11]|Bytes:18
11:42:23.1 (476469667)|HEAP_ALLOCATE|[11]|Bytes:18
11:42:23.1 (476473696)|HEAP_ALLOCATE|[11]|Bytes:37
11:42:23.1 (476477918)|STATEMENT_EXECUTE|[11]
11:42:23.1 (476481641)|HEAP_ALLOCATE|[12]|Bytes:18
11:42:23.1 (476487904)|HEAP_ALLOCATE|[12]|Bytes:18
11:42:23.1 (476492043)|HEAP_ALLOCATE|[12]|Bytes:37
11:42:23.1 (476496504)|STATEMENT_EXECUTE|[12]
11:42:23.1 (476500108)|HEAP_ALLOCATE|[13]|Bytes:18
11:42:23.1 (476505975)|HEAP_ALLOCATE|[13]|Bytes:18
11:42:23.1 (476510128)|HEAP_ALLOCATE|[13]|Bytes:37
11:42:23.1 (476514427)|STATEMENT_EXECUTE|[13]
11:42:23.1 (476518246)|HEAP_ALLOCATE|[14]|Bytes:18
11:42:23.1 (476524387)|HEAP_ALLOCATE|[14]|Bytes:18
11:42:23.1 (476528266)|HEAP_ALLOCATE|[14]|Bytes:37
11:42:23.1 (476532389)|STATEMENT_EXECUTE|[14]
11:42:23.1 (476535451)|HEAP_ALLOCATE|[14]|Bytes:18
11:42:23.1 (476541258)|HEAP_ALLOCATE|[14]|Bytes:18
11:42:23.1 (476545459)|HEAP_ALLOCATE|[14]|Bytes:37
11:42:23.1 (476566314)|METHOD_EXIT|[159]|01pg8000001F8kf|PricingService.findFreightValue(OrderItem, Order, Map<String,Freight__c>, Id)
11:42:23.1 (477140512)|VARIABLE_ASSIGNMENT|[159]|this.FreightValue__c|800.00|0x7f4db343
11:42:23.1 (477148691)|STATEMENT_EXECUTE|[162]
11:42:23.1 (477164416)|VARIABLE_SCOPE_BEGIN|[162]|custoUnitario|Decimal|false|false
11:42:23.1 (477173668)|VARIABLE_ASSIGNMENT|[162]|custoUnitario|900000.00
11:42:23.1 (477176021)|STATEMENT_EXECUTE|[165]
11:42:23.1 (477189291)|HEAP_ALLOCATE|[165]|Bytes:18
11:42:23.1 (477197630)|HEAP_ALLOCATE|[165]|Bytes:75
11:42:23.1 (477221602)|USER_DEBUG|[165]|DEBUG|>>> [DIAGNÓSTICO] Verificando parâmetros para o produto: 01tg8000001BArVAAW
11:42:23.1 (477231670)|STATEMENT_EXECUTE|[166]
11:42:23.1 (477237969)|HEAP_ALLOCATE|[166]|Bytes:9
11:42:23.1 (477242952)|HEAP_ALLOCATE|[166]|Bytes:32
11:42:23.1 (477246982)|USER_DEBUG|[166]|DEBUG|>>> Custo de Produção: 900000.00
11:42:23.1 (477251296)|STATEMENT_EXECUTE|[167]
11:42:23.1 (477261808)|HEAP_ALLOCATE|[167]|Bytes:28
11:42:23.1 (477267472)|HEAP_ALLOCATE|[167]|Bytes:6
11:42:23.1 (477272003)|HEAP_ALLOCATE|[167]|Bytes:26
11:42:23.1 (477275336)|USER_DEBUG|[167]|DEBUG|>>> Valor de Frete: 800.00
11:42:23.1 (477278589)|STATEMENT_EXECUTE|[168]
11:42:23.1 (477282961)|HEAP_ALLOCATE|[168]|Bytes:28
11:42:23.1 (477287952)|HEAP_ALLOCATE|[168]|Bytes:5
11:42:23.1 (477292312)|HEAP_ALLOCATE|[168]|Bytes:33
11:42:23.1 (477295674)|USER_DEBUG|[168]|DEBUG|>>> Porcentagem de Imposto: 18.00
11:42:23.1 (477298727)|STATEMENT_EXECUTE|[169]
11:42:23.1 (477305240)|HEAP_ALLOCATE|[169]|Bytes:4
11:42:23.1 (477309732)|HEAP_ALLOCATE|[169]|Bytes:27
11:42:23.1 (477313271)|USER_DEBUG|[169]|DEBUG|>>> Margem encontrada? true
11:42:23.1 (477317236)|STATEMENT_EXECUTE|[170]
11:42:23.1 (477318137)|STATEMENT_EXECUTE|[171]
11:42:23.1 (477325708)|HEAP_ALLOCATE|[171]|Bytes:5
11:42:23.1 (477329982)|HEAP_ALLOCATE|[171]|Bytes:32
11:42:23.1 (477333377)|USER_DEBUG|[171]|DEBUG|>>> Porcentagem de Margem: 15.00
11:42:23.1 (477341078)|HEAP_ALLOCATE|[175]|Bytes:28
11:42:23.1 (477342812)|HEAP_ALLOCATE|[175]|Bytes:28
11:42:23.1 (477360626)|HEAP_ALLOCATE|[176]|Bytes:28
11:42:23.1 (477365757)|HEAP_ALLOCATE|[178]|Bytes:28
11:42:23.1 (477369036)|HEAP_ALLOCATE|[178]|Bytes:28
11:42:23.1 (477370481)|HEAP_ALLOCATE|[178]|Bytes:28
11:42:23.1 (477379890)|STATEMENT_EXECUTE|[175]
11:42:23.1 (477380986)|STATEMENT_EXECUTE|[185]
11:42:23.1 (477383432)|HEAP_ALLOCATE|[185]|Bytes:28
11:42:23.1 (477386806)|HEAP_ALLOCATE|[185]|Bytes:28
11:42:23.1 (477393248)|METHOD_ENTRY|[185]|01pg8000001F8kf|PricingService.calculateFinalPrice(OrderItem, Decimal, Margem__c, Decimal, Decimal)
11:42:23.1 (477397660)|VARIABLE_SCOPE_BEGIN|[46]|item|OrderItem|true|false
11:42:23.1 (477965796)|VARIABLE_ASSIGNMENT|[46]|item|{"IsDeleted":false,"UnitPrice":1350000.00,"Product2Id":"01tg8000001BArVAAW","PricebookEntryId":"01ug8000000XnbRAAS","TotalPrice":1350000.00,"Quantity":1.00,"MarginPercentage__c":15.00,"TaxPercentage__c":18.00,"ListPrice":1350000.00,"OrderId":"801g8000007E9NdAAK","FreightValue__c":800.00}|0x7f4db343
11:42:23.1 (477981822)|VARIABLE_SCOPE_BEGIN|[46]|frete|Decimal|false|false
11:42:23.1 (477992595)|VARIABLE_ASSIGNMENT|[46]|frete|800.00
11:42:23.1 (477996517)|VARIABLE_SCOPE_BEGIN|[46]|margem|Margem__c|true|false
11:42:23.1 (478060347)|VARIABLE_ASSIGNMENT|[46]|margem|{"Id":"a00g800000JZjxxAAD","AccountGroup__c":"a02g8000002871ZAAQ","ProductHierarchy__c":"a01g8000007otrhAAA","State__c":"a04g8000000QmaTAAS","MarginValuePercent__c":15.00}|0x1220baf8
11:42:23.1 (478068243)|VARIABLE_SCOPE_BEGIN|[46]|impostoPercent|Decimal|false|false
11:42:23.1 (478074564)|VARIABLE_ASSIGNMENT|[46]|impostoPercent|18.00
11:42:23.1 (478078138)|VARIABLE_SCOPE_BEGIN|[46]|custo|Decimal|false|false
11:42:23.1 (478084332)|VARIABLE_ASSIGNMENT|[46]|custo|900000.00
11:42:23.1 (478092246)|STATEMENT_EXECUTE|[46]
11:42:23.1 (478093836)|STATEMENT_EXECUTE|[47]
11:42:23.1 (478118327)|VARIABLE_SCOPE_BEGIN|[47]|mPerc|Decimal|false|false
11:42:23.1 (478126208)|VARIABLE_ASSIGNMENT|[47]|mPerc|15.00
11:42:23.1 (478129107)|STATEMENT_EXECUTE|[48]
11:42:23.1 (478131056)|VARIABLE_SCOPE_BEGIN|[48]|iPerc|Decimal|false|false
11:42:23.1 (478136648)|VARIABLE_ASSIGNMENT|[48]|iPerc|18.00
11:42:23.1 (478139184)|STATEMENT_EXECUTE|[49]
11:42:23.1 (478141256)|VARIABLE_SCOPE_BEGIN|[49]|custoProd|Decimal|false|false
11:42:23.1 (478146794)|VARIABLE_ASSIGNMENT|[49]|custoProd|900000.00
11:42:23.1 (478149557)|STATEMENT_EXECUTE|[50]
11:42:23.1 (478151576)|VARIABLE_SCOPE_BEGIN|[50]|freteVal|Decimal|false|false
11:42:23.1 (478156988)|VARIABLE_ASSIGNMENT|[50]|freteVal|800.00
11:42:23.1 (478160109)|STATEMENT_EXECUTE|[53]
11:42:23.1 (478187458)|HEAP_ALLOCATE|[53]|Bytes:28
11:42:23.1 (478198151)|VARIABLE_SCOPE_BEGIN|[53]|precoBase|Decimal|false|false
11:42:23.1 (478204498)|VARIABLE_ASSIGNMENT|[53]|precoBase|900800.00
11:42:23.1 (478207764)|STATEMENT_EXECUTE|[56]
11:42:23.1 (478217407)|HEAP_ALLOCATE|[56]|Bytes:28
11:42:23.1 (478220055)|HEAP_ALLOCATE|[56]|Bytes:28
11:42:23.1 (478225380)|HEAP_ALLOCATE|[56]|Bytes:28
11:42:23.1 (478274033)|HEAP_ALLOCATE|[56]|Bytes:28
11:42:23.1 (478276957)|HEAP_ALLOCATE|[56]|Bytes:28
11:42:23.1 (478289732)|HEAP_ALLOCATE|[56]|Bytes:28
11:42:23.1 (478304607)|HEAP_ALLOCATE|[56]|Bytes:28
11:42:23.1 (478310881)|VARIABLE_SCOPE_BEGIN|[56]|precoSemMargem|Decimal|false|false
11:42:23.1 (478318818)|VARIABLE_ASSIGNMENT|[56]|precoSemMargem|1062944.0000
11:42:23.1 (478322192)|STATEMENT_EXECUTE|[59]
11:42:23.1 (478325891)|HEAP_ALLOCATE|[59]|Bytes:28
11:42:23.1 (478328697)|HEAP_ALLOCATE|[59]|Bytes:28
11:42:23.1 (478333269)|HEAP_ALLOCATE|[59]|Bytes:28
11:42:23.1 (478350086)|HEAP_ALLOCATE|[59]|Bytes:28
11:42:23.1 (478353027)|HEAP_ALLOCATE|[59]|Bytes:28
11:42:23.1 (478364933)|HEAP_ALLOCATE|[59]|Bytes:28
11:42:23.1 (478376173)|HEAP_ALLOCATE|[59]|Bytes:28
11:42:23.1 (478382781)|VARIABLE_SCOPE_BEGIN|[59]|precoCalculado|Decimal|false|false
11:42:23.1 (478390164)|VARIABLE_ASSIGNMENT|[59]|precoCalculado|1222385.600000
11:42:23.1 (478393668)|STATEMENT_EXECUTE|[62]
11:42:23.1 (479159176)|VARIABLE_ASSIGNMENT|[62]|this.MarginPercentage__c|15.00|0x7f4db343
11:42:23.1 (479173376)|STATEMENT_EXECUTE|[63]
11:42:23.1 (479577886)|VARIABLE_ASSIGNMENT|[63]|this.FreightValue__c|800.00|0x7f4db343
11:42:23.1 (479582208)|STATEMENT_EXECUTE|[64]
11:42:23.1 (479930826)|VARIABLE_ASSIGNMENT|[64]|this.TaxPercentage__c|18.00|0x7f4db343
11:42:23.1 (479939227)|STATEMENT_EXECUTE|[65]
11:42:23.1 (480382082)|VARIABLE_ASSIGNMENT|[65]|this.PriceWithoutMargin__c|1062944.0000|0x7f4db343
11:42:23.1 (480388657)|STATEMENT_EXECUTE|[66]
11:42:23.1 (480729927)|VARIABLE_ASSIGNMENT|[66]|this.FinalPrice__c|1222385.600000|0x7f4db343
11:42:23.1 (480733697)|STATEMENT_EXECUTE|[69]
11:42:23.1 (480752855)|VARIABLE_SCOPE_BEGIN|[69]|unitPriceDigitado|Decimal|false|false
11:42:23.1 (480760226)|VARIABLE_ASSIGNMENT|[69]|unitPriceDigitado|1350000.00
11:42:23.1 (480773341)|HEAP_ALLOCATE|[72]|Bytes:28
11:42:23.1 (480777047)|HEAP_ALLOCATE|[72]|Bytes:28
11:42:23.1 (480806356)|STATEMENT_EXECUTE|[72]
11:42:23.1 (480807339)|STATEMENT_EXECUTE|[73]
11:42:23.1 (480817651)|HEAP_ALLOCATE|[73]|Bytes:28
11:42:23.1 (480861926)|HEAP_ALLOCATE|[73]|Bytes:28
11:42:23.1 (480863746)|HEAP_ALLOCATE|[73]|Bytes:28
11:42:23.1 (481208176)|VARIABLE_ASSIGNMENT|[73]|this.DiscountPercentage__c|-0.104397826675968695966313739297976|0x7f4db343
11:42:23.1 (481220073)|METHOD_EXIT|[185]|01pg8000001F8kf|PricingService.calculateFinalPrice(OrderItem, Decimal, Margem__c, Decimal, Decimal)
11:42:23.1 (481237968)|HEAP_ALLOCATE|[130]|Bytes:5
11:42:23.1 (481253514)|HEAP_ALLOCATE|[130]|Bytes:4
11:42:23.1 (481260933)|VARIABLE_SCOPE_BEGIN|[130]|item|OrderItem|true|false
11:42:23.1 (481604228)|VARIABLE_ASSIGNMENT|[130]|item|{"IsDeleted":false,"UnitPrice":19500.00,"Product2Id":"01tg8000001BArcAAG","PricebookEntryId":"01ug8000000XoZ7AAK","TotalPrice":19500.00,"Quantity":1.00,"ListPrice":19500.00,"OrderId":"801g8000007E9NdAAK"}|0x58f8dd1a
11:42:23.1 (481610137)|STATEMENT_EXECUTE|[130]
11:42:23.1 (481611019)|STATEMENT_EXECUTE|[131]
11:42:23.1 (481631968)|VARIABLE_SCOPE_BEGIN|[131]|pedido|Order|true|false
11:42:23.1 (481685967)|VARIABLE_ASSIGNMENT|[131]|pedido|{"DistributionCenter__c":"a06g8000000wkLpAAI","City__c":"a05g8000001KAc9AAG","Country__c":"a03g8000004x8aeAAA","Id":"801g8000007E9NdAAK","AccountId":"001g8000005VaOHAA0","State__c":"a04g8000000QmaTAAS"}|0x11907981
11:42:23.1 (481690556)|STATEMENT_EXECUTE|[132]
11:42:23.1 (481702117)|VARIABLE_SCOPE_BEGIN|[132]|produto|Product2|true|false
11:42:23.1 (481729637)|VARIABLE_ASSIGNMENT|[132]|produto|{"ProductionCost__c":12000.00,"ProductHierarchy__c":"a01g8000007otrpAAA","Id":"01tg8000001BArcAAG"}|0x1c3c0fcd
11:42:23.1 (481732514)|STATEMENT_EXECUTE|[133]
11:42:23.1 (481743217)|VARIABLE_SCOPE_BEGIN|[133]|cliente|Account|true|false
11:42:23.1 (481762183)|VARIABLE_ASSIGNMENT|[133]|cliente|{"AccountGroup__c":"a02g8000002871ZAAQ","Id":"001g8000005VaOHAA0"}|0x25c28689
11:42:23.1 (481774178)|HEAP_ALLOCATE|[135]|Bytes:28
11:42:23.1 (481776388)|HEAP_ALLOCATE|[135]|Bytes:28
11:42:23.1 (481793246)|HEAP_ALLOCATE|[135]|Bytes:28
11:42:23.1 (481794965)|HEAP_ALLOCATE|[135]|Bytes:28
11:42:23.1 (481803512)|STATEMENT_EXECUTE|[135]
11:42:23.1 (481806201)|STATEMENT_EXECUTE|[142]
11:42:23.1 (481807166)|STATEMENT_EXECUTE|[146]
11:42:23.1 (481814751)|HEAP_ALLOCATE|[146]|Bytes:18
11:42:23.1 (481823416)|HEAP_ALLOCATE|[147]|Bytes:18
11:42:23.1 (481831474)|HEAP_ALLOCATE|[148]|Bytes:18
11:42:23.1 (481837318)|HEAP_ALLOCATE|[146]|Bytes:54
11:42:23.1 (481840372)|VARIABLE_SCOPE_BEGIN|[146]|keyOrderItemImposto|String|false|false
11:42:23.1 (481847001)|VARIABLE_ASSIGNMENT|[146]|keyOrderItemImposto|"01tg8000001BArcAAGa0 (34 more) ..."
11:42:23.1 (481849062)|STATEMENT_EXECUTE|[150]
11:42:23.1 (481859046)|VARIABLE_SCOPE_BEGIN|[150]|impostoEncontrado|Tax__c|true|false
11:42:23.1 (481889137)|VARIABLE_ASSIGNMENT|[150]|impostoEncontrado|{"DistributionCenter__c":"a06g8000000wkLpAAI","Product__c":"01tg8000001BArcAAG","TaxRate__c":18.00,"Id":"a09g8000001l5i3AAA","State__c":"a04g8000000QmaTAAS"}|0x79edf1be
11:42:23.1 (481892819)|STATEMENT_EXECUTE|[152]
11:42:23.1 (482256931)|VARIABLE_ASSIGNMENT|[152]|this.TaxPercentage__c|18.00|0x58f8dd1a
11:42:23.1 (482260686)|STATEMENT_EXECUTE|[155]
11:42:23.1 (482272066)|METHOD_ENTRY|[155]|01pg8000001F8kf|PricingService.findMargin(OrderItem, Order, Map<String,Margem__c>, Id, Account)
11:42:23.1 (482276498)|VARIABLE_SCOPE_BEGIN|[20]|item|OrderItem|true|false
11:42:23.1 (482660533)|VARIABLE_ASSIGNMENT|[20]|item|{"IsDeleted":false,"UnitPrice":19500.00,"Product2Id":"01tg8000001BArcAAG","PricebookEntryId":"01ug8000000XoZ7AAK","TotalPrice":19500.00,"Quantity":1.00,"TaxPercentage__c":18.00,"ListPrice":19500.00,"OrderId":"801g8000007E9NdAAK"}|0x58f8dd1a
11:42:23.1 (482667393)|VARIABLE_SCOPE_BEGIN|[20]|pedido|Order|true|false
11:42:23.1 (482705342)|VARIABLE_ASSIGNMENT|[20]|pedido|{"DistributionCenter__c":"a06g8000000wkLpAAI","City__c":"a05g8000001KAc9AAG","Country__c":"a03g8000004x8aeAAA","Id":"801g8000007E9NdAAK","AccountId":"001g8000005VaOHAA0","State__c":"a04g8000000QmaTAAS"}|0x11907981
11:42:23.1 (482709358)|VARIABLE_SCOPE_BEGIN|[20]|mapMargin|Map<String,Margem__c>|true|false
11:42:23.1 (482800572)|VARIABLE_ASSIGNMENT|[20]|mapMargin|{"a01g8000007otrhAAA_a02g8000002871ZAAQ_a04g8000000QmaTAAS":{"Id":"a00g800000JZjxxAAD","AccountGroup__c":"a02g8000002871ZAAQ","ProductHierarchy__c":"a01g8000007otrhAAA","State__c":"a04g8000000QmaTAAS","MarginValuePercent__c":15.00},"a01g8000007otrjAAA_001g8000005VaOHAA0_a05g8000001KAc9AAG":{"Account__c":"001g8000005VaOHAA0","City__c":"a05g8000001KAc9AAG","Id":"a00g800000JZjxyAAD","ProductHierarchy__c":"a01g8000007otrjAAA","MarginValuePercent__c":25.00},"01tg8000001BArcAAG_001g8000005VaOHAA0_a04g8000000QmaTAAS":{"Account__c":"001g8000005VaOHAA0","Product__c":"01tg8000001BArcAAG","Id":"a00g800000JZjxzAAD","State__c":"a04g8000000QmaTAAS","MarginValuePercent__c":5.00},"a01g8000007otrqAAA_a02g8000002871ZAAQ_a03g8000004x8aeAAA":{"Country__c":"a03g8000004x8aeAAA","Id":"a00g800000JZjy0AAD","AccountGroup__c":"a02g8000002871ZAAQ","ProductHierarchy__c":"a01g8000007otrqAAA","MarginValuePercent__c":30.00}}|0x756754b3
11:42:23.1 (482810347)|VARIABLE_SCOPE_BEGIN|[20]|h|Id|false|false
11:42:23.1 (482881898)|VARIABLE_ASSIGNMENT|[20]|h|"a01g8000007otrpAAA"
11:42:23.1 (482884712)|VARIABLE_SCOPE_BEGIN|[20]|cliente|Account|true|false
11:42:23.1 (482912580)|VARIABLE_ASSIGNMENT|[20]|cliente|{"AccountGroup__c":"a02g8000002871ZAAQ","Id":"001g8000005VaOHAA0"}|0x25c28689
11:42:23.1 (482920931)|STATEMENT_EXECUTE|[20]
11:42:23.1 (482922067)|STATEMENT_EXECUTE|[21]
11:42:23.1 (482931082)|VARIABLE_SCOPE_BEGIN|[21]|p|Id|false|false
11:42:23.1 (482967728)|VARIABLE_ASSIGNMENT|[21]|p|"01tg8000001BArcAAG"
11:42:23.1 (482972208)|STATEMENT_EXECUTE|[22]
11:42:23.1 (482977293)|VARIABLE_SCOPE_BEGIN|[22]|a|Id|false|false
11:42:23.1 (483006049)|VARIABLE_ASSIGNMENT|[22]|a|"001g8000005VaOHAA0"
11:42:23.1 (483010527)|STATEMENT_EXECUTE|[23]
11:42:23.1 (483016195)|VARIABLE_SCOPE_BEGIN|[23]|g|Id|false|false
11:42:23.1 (483043864)|VARIABLE_ASSIGNMENT|[23]|g|"a02g8000002871ZAAQ"
11:42:23.1 (483047619)|STATEMENT_EXECUTE|[24]
11:42:23.1 (483051294)|VARIABLE_SCOPE_BEGIN|[24]|c|Id|false|false
11:42:23.1 (483079616)|VARIABLE_ASSIGNMENT|[24]|c|"a05g8000001KAc9AAG"
11:42:23.1 (483082993)|STATEMENT_EXECUTE|[25]
11:42:23.1 (483086783)|VARIABLE_SCOPE_BEGIN|[25]|e|Id|false|false
11:42:23.1 (483108296)|VARIABLE_ASSIGNMENT|[25]|e|"a04g8000000QmaTAAS"
11:42:23.1 (483111053)|STATEMENT_EXECUTE|[26]
11:42:23.1 (483114218)|VARIABLE_SCOPE_BEGIN|[26]|pa|Id|false|false
11:42:23.1 (483130928)|VARIABLE_ASSIGNMENT|[26]|pa|"a03g8000004x8aeAAA"
11:42:23.1 (483151194)|HEAP_ALLOCATE|[29]|Bytes:18
11:42:23.1 (483163410)|HEAP_ALLOCATE|[29]|Bytes:18
11:42:23.1 (483169614)|HEAP_ALLOCATE|[29]|Bytes:18
11:42:23.1 (483176604)|HEAP_ALLOCATE|[29]|Bytes:56
11:42:23.1 (483188169)|STATEMENT_EXECUTE|[29]
11:42:23.1 (483192112)|HEAP_ALLOCATE|[30]|Bytes:18
11:42:23.1 (483198275)|HEAP_ALLOCATE|[30]|Bytes:18
11:42:23.1 (483206693)|HEAP_ALLOCATE|[30]|Bytes:18
11:42:23.1 (483213138)|HEAP_ALLOCATE|[30]|Bytes:56
11:42:23.1 (483220080)|STATEMENT_EXECUTE|[30]
11:42:23.1 (483225496)|HEAP_ALLOCATE|[30]|Bytes:18
11:42:23.1 (483234734)|HEAP_ALLOCATE|[30]|Bytes:18
11:42:23.1 (483243147)|HEAP_ALLOCATE|[30]|Bytes:18
11:42:23.1 (483249103)|HEAP_ALLOCATE|[30]|Bytes:56
11:42:23.1 (483267558)|METHOD_EXIT|[155]|01pg8000001F8kf|PricingService.findMargin(OrderItem, Order, Map<String,Margem__c>, Id, Account)
11:42:23.1 (483274739)|VARIABLE_SCOPE_BEGIN|[155]|margem|Margem__c|true|false
11:42:23.1 (483534028)|VARIABLE_ASSIGNMENT|[155]|margem|{"Account__c":"001g8000005VaOHAA0","Product__c":"01tg8000001BArcAAG","Id":"a00g800000JZjxzAAD","State__c":"a04g8000000QmaTAAS","MarginValuePercent__c":5.00}|0x60ece2e
11:42:23.1 (483555653)|STATEMENT_EXECUTE|[156]
11:42:23.1 (484106457)|VARIABLE_ASSIGNMENT|[156]|this.MarginPercentage__c|5.00|0x58f8dd1a
11:42:23.1 (484115849)|STATEMENT_EXECUTE|[159]
11:42:23.1 (484138823)|METHOD_ENTRY|[159]|01pg8000001F8kf|PricingService.findFreightValue(OrderItem, Order, Map<String,Freight__c>, Id)
11:42:23.1 (484150036)|VARIABLE_SCOPE_BEGIN|[4]|item|OrderItem|true|false
11:42:23.1 (484696173)|VARIABLE_ASSIGNMENT|[4]|item|{"IsDeleted":false,"UnitPrice":19500.00,"Product2Id":"01tg8000001BArcAAG","PricebookEntryId":"01ug8000000XoZ7AAK","TotalPrice":19500.00,"Quantity":1.00,"MarginPercentage__c":5.00,"TaxPercentage__c":18.00,"ListPrice":19500.00,"OrderId":"801g8000007E9NdAAK"}|0x58f8dd1a
11:42:23.1 (484706949)|VARIABLE_SCOPE_BEGIN|[4]|pedido|Order|true|false
11:42:23.1 (484763266)|VARIABLE_ASSIGNMENT|[4]|pedido|{"DistributionCenter__c":"a06g8000000wkLpAAI","City__c":"a05g8000001KAc9AAG","Country__c":"a03g8000004x8aeAAA","Id":"801g8000007E9NdAAK","AccountId":"001g8000005VaOHAA0","State__c":"a04g8000000QmaTAAS"}|0x11907981
11:42:23.1 (484768848)|VARIABLE_SCOPE_BEGIN|[4]|mapFrete|Map<String,Freight__c>|true|false
11:42:23.1 (484858910)|VARIABLE_ASSIGNMENT|[4]|mapFrete|{"a01g8000007otrhAAA_a04g8000000QmaTAAS":{"DistributionCenter__c":"a06g8000000wkLpAAI","Id":"a0Ag8000000XacwEAC","State__c":"a04g8000000QmaTAAS","ProductHierarchy__c":"a01g8000007otrhAAA","FreightValue__c":800.00},"a01g8000007otrjAAA_a05g8000001KAc9AAG":{"DistributionCenter__c":"a06g8000000wkLpAAI","City__c":"a05g8000001KAc9AAG","Id":"a0Ag8000000XacxEAC","ProductHierarchy__c":"a01g8000007otrjAAA","FreightValue__c":500.00},"01tg8000001BArcAAG_a04g8000000QmaTAAS":{"DistributionCenter__c":"a06g8000000wkLpAAI","Product__c":"01tg8000001BArcAAG","Id":"a0Ag8000000XacyEAC","State__c":"a04g8000000QmaTAAS","FreightValue__c":150.00},"a01g8000007otrqAAA_a03g8000004x8aeAAA":{"DistributionCenter__c":"a06g8000000wkLpAAI","Country__c":"a03g8000004x8aeAAA","Id":"a0Ag8000000XaczEAC","ProductHierarchy__c":"a01g8000007otrqAAA","FreightValue__c":50.00}}|0x138664f2
11:42:23.1 (484868242)|VARIABLE_SCOPE_BEGIN|[4]|h|Id|false|false
11:42:23.1 (484964498)|VARIABLE_ASSIGNMENT|[4]|h|"a01g8000007otrpAAA"
11:42:23.1 (484973552)|STATEMENT_EXECUTE|[4]
11:42:23.1 (484974617)|STATEMENT_EXECUTE|[5]
11:42:23.1 (484985542)|VARIABLE_SCOPE_BEGIN|[5]|p|Id|false|false
11:42:23.1 (485019785)|VARIABLE_ASSIGNMENT|[5]|p|"01tg8000001BArcAAG"
11:42:23.1 (485025732)|STATEMENT_EXECUTE|[6]
11:42:23.1 (485031727)|VARIABLE_SCOPE_BEGIN|[6]|c|Id|false|false
11:42:23.1 (485055669)|VARIABLE_ASSIGNMENT|[6]|c|"a05g8000001KAc9AAG"
11:42:23.1 (485058628)|STATEMENT_EXECUTE|[7]
11:42:23.1 (485061628)|VARIABLE_SCOPE_BEGIN|[7]|e|Id|false|false
11:42:23.1 (485078997)|VARIABLE_ASSIGNMENT|[7]|e|"a04g8000000QmaTAAS"
11:42:23.1 (485081413)|STATEMENT_EXECUTE|[8]
11:42:23.1 (485083943)|VARIABLE_SCOPE_BEGIN|[8]|pa|Id|false|false
11:42:23.1 (485108730)|VARIABLE_ASSIGNMENT|[8]|pa|"a03g8000004x8aeAAA"
11:42:23.1 (485135043)|HEAP_ALLOCATE|[10]|Bytes:18
11:42:23.1 (485152678)|HEAP_ALLOCATE|[10]|Bytes:18
11:42:23.1 (485160607)|HEAP_ALLOCATE|[10]|Bytes:37
11:42:23.1 (485174733)|STATEMENT_EXECUTE|[10]
11:42:23.1 (485180136)|HEAP_ALLOCATE|[11]|Bytes:18
11:42:23.1 (485189666)|HEAP_ALLOCATE|[11]|Bytes:18
11:42:23.1 (485196465)|HEAP_ALLOCATE|[11]|Bytes:37
11:42:23.1 (485203344)|STATEMENT_EXECUTE|[11]
11:42:23.1 (485209287)|HEAP_ALLOCATE|[11]|Bytes:18
11:42:23.1 (485218668)|HEAP_ALLOCATE|[11]|Bytes:18
11:42:23.1 (485224518)|HEAP_ALLOCATE|[11]|Bytes:37
11:42:23.1 (485257258)|METHOD_EXIT|[159]|01pg8000001F8kf|PricingService.findFreightValue(OrderItem, Order, Map<String,Freight__c>, Id)
11:42:23.1 (485951881)|VARIABLE_ASSIGNMENT|[159]|this.FreightValue__c|150.00|0x58f8dd1a
11:42:23.1 (485963069)|STATEMENT_EXECUTE|[162]
11:42:23.1 (485985884)|VARIABLE_SCOPE_BEGIN|[162]|custoUnitario|Decimal|false|false
11:42:23.1 (485995664)|VARIABLE_ASSIGNMENT|[162]|custoUnitario|12000.00
11:42:23.1 (485998999)|STATEMENT_EXECUTE|[165]
11:42:23.1 (486025489)|HEAP_ALLOCATE|[165]|Bytes:18
11:42:23.1 (486041697)|HEAP_ALLOCATE|[165]|Bytes:75
11:42:23.1 (486065225)|USER_DEBUG|[165]|DEBUG|>>> [DIAGNÓSTICO] Verificando parâmetros para o produto: 01tg8000001BArcAAG
11:42:23.1 (486072905)|STATEMENT_EXECUTE|[166]
11:42:23.1 (486078493)|HEAP_ALLOCATE|[166]|Bytes:8
11:42:23.1 (486086168)|HEAP_ALLOCATE|[166]|Bytes:31
11:42:23.1 (486090862)|USER_DEBUG|[166]|DEBUG|>>> Custo de Produção: 12000.00
11:42:23.1 (486095945)|STATEMENT_EXECUTE|[167]
11:42:23.1 (486109767)|HEAP_ALLOCATE|[167]|Bytes:28
11:42:23.1 (486118079)|HEAP_ALLOCATE|[167]|Bytes:6
11:42:23.1 (486124229)|HEAP_ALLOCATE|[167]|Bytes:26
11:42:23.1 (486129573)|USER_DEBUG|[167]|DEBUG|>>> Valor de Frete: 150.00
11:42:23.1 (486134138)|STATEMENT_EXECUTE|[168]
11:42:23.1 (486140165)|HEAP_ALLOCATE|[168]|Bytes:28
11:42:23.1 (486147810)|HEAP_ALLOCATE|[168]|Bytes:5
11:42:23.1 (486153794)|HEAP_ALLOCATE|[168]|Bytes:33
11:42:23.1 (486159070)|USER_DEBUG|[168]|DEBUG|>>> Porcentagem de Imposto: 18.00
11:42:23.1 (486163698)|STATEMENT_EXECUTE|[169]
11:42:23.1 (486172499)|HEAP_ALLOCATE|[169]|Bytes:4
11:42:23.1 (486180056)|HEAP_ALLOCATE|[169]|Bytes:27
11:42:23.1 (486185379)|USER_DEBUG|[169]|DEBUG|>>> Margem encontrada? true
11:42:23.1 (486190663)|STATEMENT_EXECUTE|[170]
11:42:23.1 (486191888)|STATEMENT_EXECUTE|[171]
11:42:23.1 (486204649)|HEAP_ALLOCATE|[171]|Bytes:4
11:42:23.1 (486212103)|HEAP_ALLOCATE|[171]|Bytes:31
11:42:23.1 (486217822)|USER_DEBUG|[171]|DEBUG|>>> Porcentagem de Margem: 5.00
11:42:23.1 (486228382)|HEAP_ALLOCATE|[175]|Bytes:28
11:42:23.1 (486231380)|HEAP_ALLOCATE|[175]|Bytes:28
11:42:23.1 (486253638)|HEAP_ALLOCATE|[176]|Bytes:28
11:42:23.1 (486260766)|HEAP_ALLOCATE|[178]|Bytes:28
11:42:23.1 (486265928)|HEAP_ALLOCATE|[178]|Bytes:28
11:42:23.1 (486268283)|HEAP_ALLOCATE|[178]|Bytes:28
11:42:23.1 (486283029)|STATEMENT_EXECUTE|[175]
11:42:23.1 (486284353)|STATEMENT_EXECUTE|[185]
11:42:23.1 (486288702)|HEAP_ALLOCATE|[185]|Bytes:28
11:42:23.1 (486293934)|HEAP_ALLOCATE|[185]|Bytes:28
11:42:23.1 (486304017)|METHOD_ENTRY|[185]|01pg8000001F8kf|PricingService.calculateFinalPrice(OrderItem, Decimal, Margem__c, Decimal, Decimal)
11:42:23.1 (486310195)|VARIABLE_SCOPE_BEGIN|[46]|item|OrderItem|true|false
11:42:23.1 (486998524)|VARIABLE_ASSIGNMENT|[46]|item|{"IsDeleted":false,"UnitPrice":19500.00,"Product2Id":"01tg8000001BArcAAG","PricebookEntryId":"01ug8000000XoZ7AAK","TotalPrice":19500.00,"Quantity":1.00,"MarginPercentage__c":5.00,"TaxPercentage__c":18.00,"ListPrice":19500.00,"OrderId":"801g8000007E9NdAAK","FreightValue__c":150.00}|0x58f8dd1a
11:42:23.1 (487013518)|VARIABLE_SCOPE_BEGIN|[46]|frete|Decimal|false|false
11:42:23.1 (487024008)|VARIABLE_ASSIGNMENT|[46]|frete|150.00
11:42:23.1 (487027896)|VARIABLE_SCOPE_BEGIN|[46]|margem|Margem__c|true|false
11:42:23.1 (487088634)|VARIABLE_ASSIGNMENT|[46]|margem|{"Account__c":"001g8000005VaOHAA0","Product__c":"01tg8000001BArcAAG","Id":"a00g800000JZjxzAAD","State__c":"a04g8000000QmaTAAS","MarginValuePercent__c":5.00}|0x60ece2e
11:42:23.1 (487093816)|VARIABLE_SCOPE_BEGIN|[46]|impostoPercent|Decimal|false|false
11:42:23.1 (487100030)|VARIABLE_ASSIGNMENT|[46]|impostoPercent|18.00
11:42:23.1 (487103692)|VARIABLE_SCOPE_BEGIN|[46]|custo|Decimal|false|false
11:42:23.1 (487109907)|VARIABLE_ASSIGNMENT|[46]|custo|12000.00
11:42:23.1 (487116864)|STATEMENT_EXECUTE|[46]
11:42:23.1 (487118208)|STATEMENT_EXECUTE|[47]
11:42:23.1 (487137685)|VARIABLE_SCOPE_BEGIN|[47]|mPerc|Decimal|false|false
11:42:23.1 (487145599)|VARIABLE_ASSIGNMENT|[47]|mPerc|5.00
11:42:23.1 (487148986)|STATEMENT_EXECUTE|[48]
11:42:23.1 (487150980)|VARIABLE_SCOPE_BEGIN|[48]|iPerc|Decimal|false|false
11:42:23.1 (487156654)|VARIABLE_ASSIGNMENT|[48]|iPerc|18.00
11:42:23.1 (487159177)|STATEMENT_EXECUTE|[49]
11:42:23.1 (487161104)|VARIABLE_SCOPE_BEGIN|[49]|custoProd|Decimal|false|false
11:42:23.1 (487166044)|VARIABLE_ASSIGNMENT|[49]|custoProd|12000.00
11:42:23.1 (487168818)|STATEMENT_EXECUTE|[50]
11:42:23.1 (487170654)|VARIABLE_SCOPE_BEGIN|[50]|freteVal|Decimal|false|false
11:42:23.1 (487175978)|VARIABLE_ASSIGNMENT|[50]|freteVal|150.00
11:42:23.1 (487179128)|STATEMENT_EXECUTE|[53]
11:42:23.1 (487202928)|HEAP_ALLOCATE|[53]|Bytes:28
11:42:23.1 (487213786)|VARIABLE_SCOPE_BEGIN|[53]|precoBase|Decimal|false|false
11:42:23.1 (487219734)|VARIABLE_ASSIGNMENT|[53]|precoBase|12150.00
11:42:23.1 (487222581)|STATEMENT_EXECUTE|[56]
11:42:23.1 (487229853)|HEAP_ALLOCATE|[56]|Bytes:28
11:42:23.1 (487232456)|HEAP_ALLOCATE|[56]|Bytes:28
11:42:23.1 (487237882)|HEAP_ALLOCATE|[56]|Bytes:28
11:42:23.1 (487275776)|HEAP_ALLOCATE|[56]|Bytes:28
11:42:23.1 (487278451)|HEAP_ALLOCATE|[56]|Bytes:28
11:42:23.1 (487292254)|HEAP_ALLOCATE|[56]|Bytes:28
11:42:23.1 (487306287)|HEAP_ALLOCATE|[56]|Bytes:28
11:42:23.1 (487312073)|VARIABLE_SCOPE_BEGIN|[56]|precoSemMargem|Decimal|false|false
11:42:23.1 (487318862)|VARIABLE_ASSIGNMENT|[56]|precoSemMargem|14337.0000
11:42:23.1 (487321755)|STATEMENT_EXECUTE|[59]
11:42:23.1 (487325176)|HEAP_ALLOCATE|[59]|Bytes:28
11:42:23.1 (487327953)|HEAP_ALLOCATE|[59]|Bytes:28
11:42:23.1 (487332098)|HEAP_ALLOCATE|[59]|Bytes:28
11:42:23.1 (487349223)|HEAP_ALLOCATE|[59]|Bytes:28
11:42:23.1 (487351699)|HEAP_ALLOCATE|[59]|Bytes:28
11:42:23.1 (487363390)|HEAP_ALLOCATE|[59]|Bytes:28
11:42:23.1 (487373884)|HEAP_ALLOCATE|[59]|Bytes:28
11:42:23.1 (487379904)|VARIABLE_SCOPE_BEGIN|[59]|precoCalculado|Decimal|false|false
11:42:23.1 (487387208)|VARIABLE_ASSIGNMENT|[59]|precoCalculado|15053.850000
11:42:23.1 (487390658)|STATEMENT_EXECUTE|[62]
11:42:23.1 (488077381)|VARIABLE_ASSIGNMENT|[62]|this.MarginPercentage__c|5.00|0x58f8dd1a
11:42:23.1 (488091322)|STATEMENT_EXECUTE|[63]
11:42:23.1 (488785640)|VARIABLE_ASSIGNMENT|[63]|this.FreightValue__c|150.00|0x58f8dd1a
11:42:23.1 (488798491)|STATEMENT_EXECUTE|[64]
11:42:23.1 (489413643)|VARIABLE_ASSIGNMENT|[64]|this.TaxPercentage__c|18.00|0x58f8dd1a
11:42:23.1 (489425814)|STATEMENT_EXECUTE|[65]
11:42:23.1 (490030244)|VARIABLE_ASSIGNMENT|[65]|this.PriceWithoutMargin__c|14337.0000|0x58f8dd1a
11:42:23.1 (490042148)|STATEMENT_EXECUTE|[66]
11:42:23.1 (490649705)|VARIABLE_ASSIGNMENT|[66]|this.FinalPrice__c|15053.850000|0x58f8dd1a
11:42:23.1 (490660022)|STATEMENT_EXECUTE|[69]
11:42:23.1 (490689579)|VARIABLE_SCOPE_BEGIN|[69]|unitPriceDigitado|Decimal|false|false
11:42:23.1 (490701007)|VARIABLE_ASSIGNMENT|[69]|unitPriceDigitado|19500.00
11:42:23.1 (490717864)|HEAP_ALLOCATE|[72]|Bytes:28
11:42:23.1 (490722955)|HEAP_ALLOCATE|[72]|Bytes:28
11:42:23.1 (490772137)|STATEMENT_EXECUTE|[72]
11:42:23.1 (490773513)|STATEMENT_EXECUTE|[73]
11:42:23.1 (490787395)|HEAP_ALLOCATE|[73]|Bytes:28
11:42:23.1 (490843663)|HEAP_ALLOCATE|[73]|Bytes:28
11:42:23.1 (490847181)|HEAP_ALLOCATE|[73]|Bytes:28
11:42:23.1 (491552178)|VARIABLE_ASSIGNMENT|[73]|this.DiscountPercentage__c|-0.295349694596398927849022010980580|0x58f8dd1a
11:42:23.1 (491580503)|METHOD_EXIT|[185]|01pg8000001F8kf|PricingService.calculateFinalPrice(OrderItem, Decimal, Margem__c, Decimal, Decimal)
11:42:23.1 (491613602)|HEAP_ALLOCATE|[130]|Bytes:5
11:42:23.1 (491636008)|VARIABLE_ASSIGNMENT|[130]|item|null|
11:42:23.1 (491644702)|METHOD_EXIT|[24]|01pg8000001EZwd|OrdemItemHandler.executePricingLogic()
11:42:23.1 (491649744)|STATEMENT_EXECUTE|[27]
11:42:23.1 (491656982)|METHOD_ENTRY|[27]|01pg8000001EZwd|OrdemItemHandler.checkDuplicateProducts()
11:42:23.1 (491663168)|VARIABLE_SCOPE_BEGIN|[190]|this|OrdemItemHandler|true|false
11:42:23.1 (491725742)|VARIABLE_ASSIGNMENT|[190]|this|{"newRecords":"0x60c8eb43","handlerName":"OrderItemHandler","isTriggerExecuting":true,"triggerEvent":"0x75360a1b"}|0xd887be1
11:42:23.1 (491731918)|STATEMENT_EXECUTE|[190]
11:42:23.1 (491733027)|STATEMENT_EXECUTE|[191]
11:42:23.1 (491750059)|HEAP_ALLOCATE|[191]|Bytes:4
11:42:23.1 (491763393)|VARIABLE_SCOPE_BEGIN|[191]|setOrderIds|Set<Id>|true|false
11:42:23.1 (491804332)|VARIABLE_ASSIGNMENT|[191]|setOrderIds|[]|0x68bd48ce
11:42:23.1 (491807362)|STATEMENT_EXECUTE|[192]
11:42:23.1 (491809977)|HEAP_ALLOCATE|[192]|Bytes:4
11:42:23.1 (491815938)|VARIABLE_SCOPE_BEGIN|[192]|setProductIds|Set<Id>|true|false
11:42:23.1 (491825564)|VARIABLE_ASSIGNMENT|[192]|setProductIds|[]|0x3e3c2f28
11:42:23.1 (491844521)|HEAP_ALLOCATE|[194]|Bytes:5
11:42:23.1 (491862569)|HEAP_ALLOCATE|[194]|Bytes:28
11:42:23.1 (491870645)|VARIABLE_SCOPE_BEGIN|[194]|ot|OrderItem|true|false
11:42:23.1 (492389829)|VARIABLE_ASSIGNMENT|[194]|ot|{"DiscountPercentage__c":-0.104397826675968695966313739297976,"IsDeleted":false,"Quantity":1.00,"FinalPrice__c":1222385.600000,"TaxPercentage__c":18.00,"ListPrice":1350000.00,"OrderId":"801g8000007E9NdAAK","PriceWithoutMargin__c":1062944.0000,"FreightValue__c":800.00,"UnitPrice":1350000.00,"Product2Id":"01tg8000001BArVAAW","PricebookEntryId":"01ug8000000XnbRAAS","TotalPrice":1350000.00,"MarginPercentage__c":15.00}|0x7f4db343
11:42:23.1 (492399788)|STATEMENT_EXECUTE|[194]
11:42:23.1 (492400597)|STATEMENT_EXECUTE|[195]
11:42:23.1 (492419764)|HEAP_ALLOCATE|[EXTERNAL]|Bytes:4
11:42:23.1 (492426271)|STATEMENT_EXECUTE|[196]
11:42:23.1 (492431995)|HEAP_ALLOCATE|[EXTERNAL]|Bytes:4
11:42:23.1 (492442614)|HEAP_ALLOCATE|[194]|Bytes:5
11:42:23.1 (492453381)|HEAP_ALLOCATE|[194]|Bytes:28
11:42:23.1 (492458049)|VARIABLE_SCOPE_BEGIN|[194]|ot|OrderItem|true|false
11:42:23.1 (492975008)|VARIABLE_ASSIGNMENT|[194]|ot|{"DiscountPercentage__c":-0.295349694596398927849022010980580,"IsDeleted":false,"Quantity":1.00,"FinalPrice__c":15053.850000,"TaxPercentage__c":18.00,"ListPrice":19500.00,"OrderId":"801g8000007E9NdAAK","PriceWithoutMargin__c":14337.0000,"FreightValue__c":150.00,"UnitPrice":19500.00,"Product2Id":"01tg8000001BArcAAG","PricebookEntryId":"01ug8000000XoZ7AAK","TotalPrice":19500.00,"MarginPercentage__c":5.00}|0x58f8dd1a
11:42:23.1 (492988213)|STATEMENT_EXECUTE|[194]
11:42:23.1 (492989747)|STATEMENT_EXECUTE|[195]
11:42:23.1 (493007663)|HEAP_ALLOCATE|[EXTERNAL]|Bytes:4
11:42:23.1 (493016515)|STATEMENT_EXECUTE|[196]
11:42:23.1 (493021949)|HEAP_ALLOCATE|[EXTERNAL]|Bytes:4
11:42:23.1 (493038500)|HEAP_ALLOCATE|[194]|Bytes:5
11:42:23.1 (493052317)|VARIABLE_ASSIGNMENT|[194]|ot|null|
11:42:23.1 (493056461)|STATEMENT_EXECUTE|[199]
11:42:23.1 (493075036)|HEAP_ALLOCATE|[199]|Bytes:4
11:42:23.1 (493461614)|SOQL_EXECUTE_BEGIN|[199]|Aggregations:0|SELECT Id, OrderId, Product2Id FROM OrderItem WHERE (OrderId = :tmpVar1 AND Product2Id = :tmpVar2)
11:42:23.1 (511126431)|SOQL_EXECUTE_END|[199]|Rows:0
11:42:23.1 (511172166)|HEAP_ALLOCATE|[199]|Bytes:4
11:42:23.1 (511190837)|HEAP_ALLOCATE|[199]|Bytes:0
11:42:23.1 (511246065)|HEAP_ALLOCATE|[199]|Bytes:4
11:42:23.1 (511269160)|VARIABLE_SCOPE_BEGIN|[199]|existingItens|List<OrderItem>|true|false
11:42:23.1 (511293089)|VARIABLE_ASSIGNMENT|[199]|existingItens|[]|0x53c3da1e
11:42:23.1 (511299880)|STATEMENT_EXECUTE|[206]
11:42:23.1 (511311529)|HEAP_ALLOCATE|[206]|Bytes:4
11:42:23.1 (511330800)|VARIABLE_SCOPE_BEGIN|[206]|comparacao|Set<String>|true|false
11:42:23.1 (511349404)|VARIABLE_ASSIGNMENT|[206]|comparacao|[]|0x6bcd991f
11:42:23.1 (511388674)|HEAP_ALLOCATE|[207]|Bytes:5
11:42:23.1 (511405231)|VARIABLE_ASSIGNMENT|[207]|it|null|
11:42:23.1 (511409301)|STATEMENT_EXECUTE|[207]
11:42:23.1 (511418294)|HEAP_ALLOCATE|[211]|Bytes:5
11:42:23.1 (511435444)|HEAP_ALLOCATE|[211]|Bytes:28
11:42:23.1 (511441990)|VARIABLE_SCOPE_BEGIN|[211]|newItem|OrderItem|true|false
11:42:23.1 (512088389)|VARIABLE_ASSIGNMENT|[211]|newItem|{"DiscountPercentage__c":-0.104397826675968695966313739297976,"IsDeleted":false,"Quantity":1.00,"FinalPrice__c":1222385.600000,"TaxPercentage__c":18.00,"ListPrice":1350000.00,"OrderId":"801g8000007E9NdAAK","PriceWithoutMargin__c":1062944.0000,"FreightValue__c":800.00,"UnitPrice":1350000.00,"Product2Id":"01tg8000001BArVAAW","PricebookEntryId":"01ug8000000XnbRAAS","TotalPrice":1350000.00,"MarginPercentage__c":15.00}|0x7f4db343
11:42:23.1 (512100159)|STATEMENT_EXECUTE|[211]
11:42:23.1 (512101060)|STATEMENT_EXECUTE|[212]
11:42:23.1 (512138715)|HEAP_ALLOCATE|[212]|Bytes:18
11:42:23.1 (512151781)|HEAP_ALLOCATE|[212]|Bytes:18
11:42:23.1 (512161905)|HEAP_ALLOCATE|[212]|Bytes:37
11:42:23.1 (512165747)|VARIABLE_SCOPE_BEGIN|[212]|keyCombo|String|false|false
11:42:23.1 (512173250)|VARIABLE_ASSIGNMENT|[212]|keyCombo|"801g8000007E9NdAAK-0 (17 more) ..."
11:42:23.1 (512186363)|STATEMENT_EXECUTE|[216]
11:42:23.1 (512187264)|STATEMENT_EXECUTE|[218]
11:42:23.1 (512192114)|HEAP_ALLOCATE|[EXTERNAL]|Bytes:4
11:42:23.1 (512204742)|HEAP_ALLOCATE|[211]|Bytes:5
11:42:23.1 (512216268)|HEAP_ALLOCATE|[211]|Bytes:28
11:42:23.1 (512221167)|VARIABLE_SCOPE_BEGIN|[211]|newItem|OrderItem|true|false
11:42:23.1 (512654324)|VARIABLE_ASSIGNMENT|[211]|newItem|{"DiscountPercentage__c":-0.295349694596398927849022010980580,"IsDeleted":false,"Quantity":1.00,"FinalPrice__c":15053.850000,"TaxPercentage__c":18.00,"ListPrice":19500.00,"OrderId":"801g8000007E9NdAAK","PriceWithoutMargin__c":14337.0000,"FreightValue__c":150.00,"UnitPrice":19500.00,"Product2Id":"01tg8000001BArcAAG","PricebookEntryId":"01ug8000000XoZ7AAK","TotalPrice":19500.00,"MarginPercentage__c":5.00}|0x58f8dd1a
11:42:23.1 (512660888)|STATEMENT_EXECUTE|[211]
11:42:23.1 (512661707)|STATEMENT_EXECUTE|[212]
11:42:23.1 (512671045)|HEAP_ALLOCATE|[212]|Bytes:18
11:42:23.1 (512679480)|HEAP_ALLOCATE|[212]|Bytes:18
11:42:23.1 (512684069)|HEAP_ALLOCATE|[212]|Bytes:37
11:42:23.1 (512686190)|VARIABLE_SCOPE_BEGIN|[212]|keyCombo|String|false|false
11:42:23.1 (512691162)|VARIABLE_ASSIGNMENT|[212]|keyCombo|"801g8000007E9NdAAK-0 (17 more) ..."
11:42:23.1 (512698182)|STATEMENT_EXECUTE|[216]
11:42:23.1 (512698999)|STATEMENT_EXECUTE|[218]
11:42:23.1 (512701606)|HEAP_ALLOCATE|[EXTERNAL]|Bytes:4
11:42:23.1 (512708481)|HEAP_ALLOCATE|[211]|Bytes:5
11:42:23.1 (512714540)|VARIABLE_ASSIGNMENT|[211]|newItem|null|
11:42:23.1 (512724777)|METHOD_EXIT|[27]|01pg8000001EZwd|OrdemItemHandler.checkDuplicateProducts()
11:42:23.1 (512731248)|METHOD_EXIT|[137]|01pg8000001EZwd|OrdemItemHandler.beforeInsert()
11:42:23.1 (512734277)|STATEMENT_EXECUTE|[158]
11:42:23.1 (512742182)|METHOD_ENTRY|[158]|01pg80000019iSf|TriggerHandler.andFinally()
11:42:23.1 (512747311)|VARIABLE_SCOPE_BEGIN|[746]|this|TriggerHandler|true|false
11:42:23.1 (512797805)|VARIABLE_ASSIGNMENT|[746]|this|{"newRecords":"0x60c8eb43","handlerName":"OrderItemHandler","isTriggerExecuting":true,"triggerEvent":"0x75360a1b"}|0xd887be1
11:42:23.1 (512804227)|STATEMENT_EXECUTE|[746]
11:42:23.1 (512805726)|METHOD_EXIT|[158]|01pg80000019iSf|TriggerHandler.andFinally()
11:42:23.1 (512810057)|STATEMENT_EXECUTE|[160]
11:42:23.1 (512812117)|STATEMENT_EXECUTE|[176]
11:42:23.1 (512814937)|METHOD_EXIT|[2]|01pg80000019iSf|TriggerHandler.run()
11:42:23.512 (512823949)|CUMULATIVE_LIMIT_USAGE
11:42:23.512 (512823949)|LIMIT_USAGE_FOR_NS|(default)|
  Number of SOQL queries: 8 out of 100
  Number of query rows: 16 out of 50000
  Number of SOSL queries: 0 out of 20
  Number of DML statements: 0 out of 150
  Number of Publish Immediate DML: 0 out of 150
  Number of DML rows: 0 out of 10000
  Maximum CPU time: 0 out of 10000
  Maximum heap size: 0 out of 6000000
  Number of callouts: 0 out of 100
  Number of Email Invocations: 0 out of 10
  Number of future calls: 0 out of 50
  Number of queueable jobs added to the queue: 0 out of 50
  Number of Mobile Apex push calls: 0 out of 10

11:42:23.512 (512823949)|CUMULATIVE_LIMIT_USAGE_END

11:42:23.1 (513211944)|CODE_UNIT_FINISHED|OrdemItemTrigger on OrderItem trigger event BeforeInsert|__sfdc_trigger/OrdemItemTrigger
11:42:23.1 (568534475)|CODE_UNIT_STARTED|[EXTERNAL]|01qg8000000GdOn|OrderTrigger on Order trigger event BeforeUpdate|__sfdc_trigger/OrderTrigger
11:42:23.1 (568613300)|HEAP_ALLOCATE|[EXTERNAL]|Bytes:8
11:42:23.1 (568695299)|HEAP_ALLOCATE|[EXTERNAL]|Bytes:8
11:42:23.1 (568784865)|HEAP_ALLOCATE|[EXTERNAL]|Bytes:4
11:42:23.1 (568796779)|VARIABLE_SCOPE_BEGIN|[1]|this|OrderTrigger|true|false
11:42:23.1 (568834549)|VARIABLE_ASSIGNMENT|[1]|this|{}|0x6ce410a9
11:42:23.1 (568868626)|HEAP_ALLOCATE|[EXTERNAL]|Bytes:4
11:42:23.1 (568873084)|VARIABLE_SCOPE_BEGIN|[1]|this|OrderTrigger|true|false
11:42:23.1 (568884909)|VARIABLE_ASSIGNMENT|[1]|this|{}|0x6ce410a9
11:42:23.1 (568890826)|STATEMENT_EXECUTE|[1]
11:42:23.1 (568891983)|STATEMENT_EXECUTE|[2]
11:42:23.1 (568897819)|HEAP_ALLOCATE|[2]|Bytes:32
11:42:23.1 (568910086)|CONSTRUCTOR_ENTRY|[2]|01pg8000001LXzh|<init>()|OrderHandler
11:42:23.1 (568917981)|VARIABLE_SCOPE_BEGIN|[10]|this|OrderHandler|true|false
11:42:23.1 (568943251)|VARIABLE_ASSIGNMENT|[10]|this|{}|0x354864a9
11:42:23.1 (568947585)|STATEMENT_EXECUTE|[1]
11:42:23.1 (568948642)|STATEMENT_EXECUTE|[4]
11:42:23.1 (568949605)|STATEMENT_EXECUTE|[5]
11:42:23.1 (568950672)|STATEMENT_EXECUTE|[6]
11:42:23.1 (568951488)|STATEMENT_EXECUTE|[7]
11:42:23.1 (568952468)|STATEMENT_EXECUTE|[11]
11:42:23.1 (568964302)|CONSTRUCTOR_ENTRY|[11]|01pg80000019iSf|<init>(String)|TriggerHandler
11:42:23.1 (568967980)|VARIABLE_SCOPE_BEGIN|[107]|this|TriggerHandler|true|false
11:42:23.1 (568974846)|VARIABLE_ASSIGNMENT|[107]|this|{}|0x354864a9
11:42:23.1 (568978086)|VARIABLE_SCOPE_BEGIN|[107]|handlerName|String|false|false
11:42:23.1 (568987852)|VARIABLE_ASSIGNMENT|[107]|handlerName|"OrderHandler"
11:42:23.1 (568990806)|STATEMENT_EXECUTE|[15]
11:42:23.1 (568991570)|STATEMENT_EXECUTE|[50]
11:42:23.1 (568992586)|STATEMENT_EXECUTE|[57]
11:42:23.1 (568993634)|STATEMENT_EXECUTE|[671]
11:42:23.1 (569013840)|STATEMENT_EXECUTE|[107]
11:42:23.1 (569015586)|STATEMENT_EXECUTE|[108]
11:42:23.1 (569021770)|STATEMENT_EXECUTE|[109]
11:42:23.1 (569028396)|METHOD_ENTRY|[109]|01pg80000019iSf|TriggerHandler.setTriggerContext()
11:42:23.1 (569032196)|VARIABLE_SCOPE_BEGIN|[565]|this|TriggerHandler|true|false
11:42:23.1 (569041850)|VARIABLE_ASSIGNMENT|[565]|this|{"handlerName":"OrderHandler"}|0x354864a9
11:42:23.1 (569046651)|STATEMENT_EXECUTE|[565]
11:42:23.1 (569047396)|STATEMENT_EXECUTE|[566]
11:42:23.1 (569107540)|HEAP_ALLOCATE|[566]|Bytes:16
11:42:23.1 (569119670)|METHOD_ENTRY|[566]|01pg80000019iSf|TriggerHandler.setTriggerContext(System.TriggerOperation, Boolean)
11:42:23.1 (569123140)|VARIABLE_SCOPE_BEGIN|[582]|this|TriggerHandler|true|false
11:42:23.1 (569130662)|VARIABLE_ASSIGNMENT|[582]|this|{"handlerName":"OrderHandler"}|0x354864a9
11:42:23.1 (569133835)|VARIABLE_SCOPE_BEGIN|[582]|opType|System.TriggerOperation|true|false
11:42:23.1 (569151865)|VARIABLE_ASSIGNMENT|[582]|opType|"BEFORE_UPDATE"|0x5d2da784
11:42:23.1 (569160539)|VARIABLE_SCOPE_BEGIN|[582]|testMode|Boolean|false|false
11:42:23.1 (569167035)|VARIABLE_ASSIGNMENT|[582]|testMode|false
11:42:23.1 (569170499)|STATEMENT_EXECUTE|[582]
11:42:23.1 (569179263)|STATEMENT_EXECUTE|[586]
11:42:23.1 (569180065)|STATEMENT_EXECUTE|[587]
11:42:23.1 (569182819)|HEAP_ALLOCATE|[587]|Bytes:5
11:42:23.1 (569187777)|STATEMENT_EXECUTE|[590]
11:42:23.1 (569188575)|STATEMENT_EXECUTE|[592]
11:42:23.1 (569198480)|HEAP_ALLOCATE|[592]|Bytes:16
11:42:23.1 (569203682)|STATEMENT_EXECUTE|[595]
11:42:23.1 (569212339)|VARIABLE_SCOPE_BEGIN|[595]|context|String|false|false
11:42:23.1 (569218763)|VARIABLE_ASSIGNMENT|[595]|context|"BEFORE_UPDATE"
11:42:23.1 (569220791)|STATEMENT_EXECUTE|[597]
11:42:23.1 (569248281)|STATEMENT_EXECUTE|[601]
11:42:23.1 (569249039)|STATEMENT_EXECUTE|[602]
11:42:23.1 (569252974)|METHOD_EXIT|[566]|01pg80000019iSf|TriggerHandler.setTriggerContext(System.TriggerOperation, Boolean)
11:42:23.1 (569256686)|METHOD_EXIT|[109]|01pg80000019iSf|TriggerHandler.setTriggerContext()
11:42:23.1 (569262385)|CONSTRUCTOR_EXIT|[11]|01pg80000019iSf|<init>(String)|TriggerHandler
11:42:23.1 (569265254)|STATEMENT_EXECUTE|[10]
11:42:23.1 (569266177)|STATEMENT_EXECUTE|[12]
11:42:23.1 (570132411)|VARIABLE_ASSIGNMENT|[12]|this.newRecords|[{"Status":"Draft","LastModifiedDate":"2026-04-02T12:32:29.000Z","Country__c":"a03g8000004x8aeAAA","IsDeleted":false,"AccountId":"001g8000005VaOHAA0","FreightType__c":"CIF","OrderNumber":"00000113","TotalAmount":1369500.00,"StatusCode":"Draft","PaymentCondition__c":"a07g8000004MONnAAO","IsReductionOrder":false,"SystemModstamp":"2026-04-02T14:42:23.000Z","City__c":"a05g8000001KAc9AAG","OwnerId":"005g80000010N45AAE","CreatedById":"005g80000010N45AAE","DeliveryDate__c":"2026-04-06T00:00:00.000Z","DistributionCenter__c":"a06g8000000wkLpAAI","CreatedDate":"2026-03-31T12:52:12.000Z","Pricebook2Id":"01sg80000015mKTAAY","Id":"801g8000007E9NdAAK","AccountAddress__c":"a08g8000001Zx1SAAS","LastModifiedById":"005g80000010N45AAE","State__c":"a04g8000000QmaTAAS","EffectiveDate":"2026-03-31T00:00:00.000Z"}]|0x354864a9
11:42:23.1 (570156300)|STATEMENT_EXECUTE|[13]
11:42:23.1 (570727810)|VARIABLE_ASSIGNMENT|[13]|this.oldRecords|[{"Status":"Draft","LastModifiedDate":"2026-04-02T12:32:29.000Z","Country__c":"a03g8000004x8aeAAA","IsDeleted":false,"AccountId":"001g8000005VaOHAA0","FreightType__c":"CIF","OrderNumber":"00000113","TotalAmount":0.00,"StatusCode":"Draft","PaymentCondition__c":"a07g8000004MONnAAO","IsReductionOrder":false,"SystemModstamp":"2026-04-02T12:32:29.000Z","City__c":"a05g8000001KAc9AAG","OwnerId":"005g80000010N45AAE","CreatedById":"005g80000010N45AAE","DeliveryDate__c":"2026-04-06T00:00:00.000Z","DistributionCenter__c":"a06g8000000wkLpAAI","CreatedDate":"2026-03-31T12:52:12.000Z","Pricebook2Id":"01sg80000015mKTAAY","Id":"801g8000007E9NdAAK","AccountAddress__c":"a08g8000001Zx1SAAS","LastModifiedById":"005g80000010N45AAE","State__c":"a04g8000000QmaTAAS","EffectiveDate":"2026-03-31T00:00:00.000Z"}]|0x354864a9
11:42:23.1 (570755814)|STATEMENT_EXECUTE|[14]
11:42:23.1 (571282979)|VARIABLE_ASSIGNMENT|[14]|this.newRecordsMap|{"801g8000007E9NdAAK":{"Status":"Draft","LastModifiedDate":"2026-04-02T12:32:29.000Z","Country__c":"a03g8000004x8aeAAA","IsDeleted":false,"AccountId":"001g8000005VaOHAA0","FreightType__c":"CIF","OrderNumber":"00000113","TotalAmount":1369500.00,"StatusCode":"Draft","PaymentCondition__c":"a07g8000004MONnAAO","IsReductionOrder":false,"SystemModstamp":"2026-04-02T14:42:23.000Z","City__c":"a05g8000001KAc9AAG","OwnerId":"005g80000010N45AAE","CreatedById":"005g80000010N45AAE","DeliveryDate__c":"2026-04-06T00:00:00.000Z","DistributionCenter__c":"a06g8000000wkLpAAI","CreatedDate":"2026-03-31T12:52:12.000Z","Pricebook2Id":"01sg80000015mKTAAY","Id":"801g8000007E9NdAAK","AccountAddress__c":"a08g8000001Zx1SAAS","LastModifiedById":"005g80000010N45AAE","State__c":"a04g8000000QmaTAAS","EffectiveDate":"2026-03-31T00:00:00.000Z"}}|0x354864a9
11:42:23.1 (571297413)|STATEMENT_EXECUTE|[15]
11:42:23.1 (571644143)|VARIABLE_ASSIGNMENT|[15]|this.oldRecordsMap|{"801g8000007E9NdAAK":{"Status":"Draft","LastModifiedDate":"2026-04-02T12:32:29.000Z","Country__c":"a03g8000004x8aeAAA","IsDeleted":false,"AccountId":"001g8000005VaOHAA0","FreightType__c":"CIF","OrderNumber":"00000113","TotalAmount":0.00,"StatusCode":"Draft","PaymentCondition__c":"a07g8000004MONnAAO","IsReductionOrder":false,"SystemModstamp":"2026-04-02T12:32:29.000Z","City__c":"a05g8000001KAc9AAG","OwnerId":"005g80000010N45AAE","CreatedById":"005g80000010N45AAE","DeliveryDate__c":"2026-04-06T00:00:00.000Z","DistributionCenter__c":"a06g8000000wkLpAAI","CreatedDate":"2026-03-31T12:52:12.000Z","Pricebook2Id":"01sg80000015mKTAAY","Id":"801g8000007E9NdAAK","AccountAddress__c":"a08g8000001Zx1SAAS","LastModifiedById":"005g80000010N45AAE","State__c":"a04g8000000QmaTAAS","EffectiveDate":"2026-03-31T00:00:00.000Z"}}|0x354864a9
11:42:23.1 (571661784)|CONSTRUCTOR_EXIT|[2]|01pg8000001LXzh|<init>()|OrderHandler
11:42:23.1 (571673124)|METHOD_ENTRY|[2]|01pg80000019iSf|TriggerHandler.run()
11:42:23.1 (571679326)|VARIABLE_SCOPE_BEGIN|[120]|this|TriggerHandler|true|false
11:42:23.1 (571717084)|VARIABLE_ASSIGNMENT|[120]|this|{"newRecords":"0xece2978","newRecordsMap":"0x586987f4","oldRecords":"0x1444a508","oldRecordsMap":"0x62dff605","handlerName":"OrderHandler","isTriggerExecuting":true,"triggerEvent":"0x5d2da784"}|0x354864a9
11:42:23.1 (571723187)|STATEMENT_EXECUTE|[120]
11:42:23.1 (571726590)|METHOD_ENTRY|[121]|01pg80000019iSf|TriggerHandler.validateRun()
11:42:23.1 (571729645)|VARIABLE_SCOPE_BEGIN|[661]|this|TriggerHandler|true|false
11:42:23.1 (571739787)|VARIABLE_ASSIGNMENT|[661]|this|{"newRecords":"0xece2978","newRecordsMap":"0x586987f4","oldRecords":"0x1444a508","oldRecordsMap":"0x62dff605","handlerName":"OrderHandler","isTriggerExecuting":true,"triggerEvent":"0x5d2da784"}|0x354864a9
11:42:23.1 (571743964)|STATEMENT_EXECUTE|[661]
11:42:23.1 (571751260)|STATEMENT_EXECUTE|[662]
11:42:23.1 (571752326)|STATEMENT_EXECUTE|[665]
11:42:23.1 (571758783)|METHOD_ENTRY|[665]|01pg80000019iSf|TriggerHandler.getHandlerName()
11:42:23.1 (571761589)|VARIABLE_SCOPE_BEGIN|[680]|this|TriggerHandler|true|false
11:42:23.1 (571770566)|VARIABLE_ASSIGNMENT|[680]|this|{"newRecords":"0xece2978","newRecordsMap":"0x586987f4","oldRecords":"0x1444a508","oldRecordsMap":"0x62dff605","handlerName":"OrderHandler","isTriggerExecuting":true,"triggerEvent":"0x5d2da784"}|0x354864a9
11:42:23.1 (571775145)|STATEMENT_EXECUTE|[680]
11:42:23.1 (571796275)|STATEMENT_EXECUTE|[681]
11:42:23.1 (571797059)|STATEMENT_EXECUTE|[684]
11:42:23.1 (571799734)|METHOD_EXIT|[665]|01pg80000019iSf|TriggerHandler.getHandlerName()
11:42:23.1 (571818325)|METHOD_EXIT|[121]|01pg80000019iSf|TriggerHandler.validateRun()
11:42:23.1 (571820975)|STATEMENT_EXECUTE|[121]
11:42:23.1 (571823488)|METHOD_ENTRY|[126]|01pg80000019iSf|TriggerHandler.incrementCheckLoopCount()
11:42:23.1 (571826830)|VARIABLE_SCOPE_BEGIN|[634]|this|TriggerHandler|true|false
11:42:23.1 (571836401)|VARIABLE_ASSIGNMENT|[634]|this|{"newRecords":"0xece2978","newRecordsMap":"0x586987f4","oldRecords":"0x1444a508","oldRecordsMap":"0x62dff605","handlerName":"OrderHandler","isTriggerExecuting":true,"triggerEvent":"0x5d2da784"}|0x354864a9
11:42:23.1 (571841095)|STATEMENT_EXECUTE|[634]
11:42:23.1 (571841825)|STATEMENT_EXECUTE|[635]
11:42:23.1 (571843883)|METHOD_ENTRY|[635]|01pg80000019iSf|TriggerHandler.getHandlerName()
11:42:23.1 (571846197)|VARIABLE_SCOPE_BEGIN|[680]|this|TriggerHandler|true|false
11:42:23.1 (571854669)|VARIABLE_ASSIGNMENT|[680]|this|{"newRecords":"0xece2978","newRecordsMap":"0x586987f4","oldRecords":"0x1444a508","oldRecordsMap":"0x62dff605","handlerName":"OrderHandler","isTriggerExecuting":true,"triggerEvent":"0x5d2da784"}|0x354864a9
11:42:23.1 (571858291)|STATEMENT_EXECUTE|[680]
11:42:23.1 (571864577)|STATEMENT_EXECUTE|[681]
11:42:23.1 (571865399)|STATEMENT_EXECUTE|[684]
11:42:23.1 (571866857)|METHOD_EXIT|[635]|01pg80000019iSf|TriggerHandler.getHandlerName()
11:42:23.1 (571869899)|VARIABLE_SCOPE_BEGIN|[635]|handlerName|String|false|false
11:42:23.1 (571875720)|VARIABLE_ASSIGNMENT|[635]|handlerName|"OrderHandler"
11:42:23.1 (571885605)|STATEMENT_EXECUTE|[636]
11:42:23.1 (571886541)|STATEMENT_EXECUTE|[649]
11:42:23.1 (571888186)|METHOD_EXIT|[126]|01pg80000019iSf|TriggerHandler.incrementCheckLoopCount()
11:42:23.1 (571890943)|STATEMENT_EXECUTE|[126]
11:42:23.1 (571893275)|STATEMENT_EXECUTE|[130]
11:42:23.1 (571894135)|STATEMENT_EXECUTE|[135]
11:42:23.1 (571947576)|STATEMENT_EXECUTE|[139]
11:42:23.1 (571949191)|STATEMENT_EXECUTE|[140]
11:42:23.1 (571952844)|METHOD_ENTRY|[140]|01pg8000001LXzh|OrderHandler.beforeUpdate()
11:42:23.1 (571957071)|VARIABLE_SCOPE_BEGIN|[19]|this|OrderHandler|true|false
11:42:23.1 (571973625)|VARIABLE_ASSIGNMENT|[19]|this|{"newRecords":"0xece2978","newRecordsMap":"0x586987f4","oldRecords":"0x1444a508","oldRecordsMap":"0x62dff605","handlerName":"OrderHandler","isTriggerExecuting":true,"triggerEvent":"0x5d2da784"}|0x354864a9
11:42:23.1 (571978856)|STATEMENT_EXECUTE|[19]
11:42:23.1 (571979842)|STATEMENT_EXECUTE|[20]
11:42:23.1 (571982466)|METHOD_ENTRY|[20]|01pg8000001LXzh|OrderHandler.checkActiveOrder()
11:42:23.1 (571985334)|VARIABLE_SCOPE_BEGIN|[28]|this|OrderHandler|true|false
11:42:23.1 (571994224)|VARIABLE_ASSIGNMENT|[28]|this|{"newRecords":"0xece2978","newRecordsMap":"0x586987f4","oldRecords":"0x1444a508","oldRecordsMap":"0x62dff605","handlerName":"OrderHandler","isTriggerExecuting":true,"triggerEvent":"0x5d2da784"}|0x354864a9
11:42:23.1 (571998978)|STATEMENT_EXECUTE|[28]
11:42:23.1 (571999724)|STATEMENT_EXECUTE|[29]
11:42:23.1 (572002587)|VARIABLE_SCOPE_BEGIN|[29]|listaParaValidar|List<Order>|true|false
11:42:23.1 (572008898)|VARIABLE_ASSIGNMENT|[29]|listaParaValidar|null|
11:42:23.1 (572015663)|STATEMENT_EXECUTE|[33]
11:42:23.1 (572016820)|STATEMENT_EXECUTE|[34]
11:42:23.1 (572454119)|VARIABLE_ASSIGNMENT|[34]|listaParaValidar|[{"Status":"Draft","LastModifiedDate":"2026-04-02T12:32:29.000Z","Country__c":"a03g8000004x8aeAAA","IsDeleted":false,"AccountId":"001g8000005VaOHAA0","FreightType__c":"CIF","OrderNumber":"00000113","TotalAmount":1369500.00,"StatusCode":"Draft","PaymentCondition__c":"a07g8000004MONnAAO","IsReductionOrder":false,"SystemModstamp":"2026-04-02T14:42:23.000Z","City__c":"a05g8000001KAc9AAG","OwnerId":"005g80000010N45AAE","CreatedById":"005g80000010N45AAE","DeliveryDate__c":"2026-04-06T00:00:00.000Z","DistributionCenter__c":"a06g8000000wkLpAAI","CreatedDate":"2026-03-31T12:52:12.000Z","Pricebook2Id":"01sg80000015mKTAAY","Id":"801g8000007E9NdAAK","AccountAddress__c":"a08g8000001Zx1SAAS","LastModifiedById":"005g80000010N45AAE","State__c":"a04g8000000QmaTAAS","EffectiveDate":"2026-03-31T00:00:00.000Z"}]|0xece2978
11:42:23.1 (572492281)|HEAP_ALLOCATE|[38]|Bytes:5
11:42:23.1 (572510727)|HEAP_ALLOCATE|[38]|Bytes:4
11:42:23.1 (572521036)|VARIABLE_SCOPE_BEGIN|[38]|pedido|Order|true|false
11:42:23.1 (572927141)|VARIABLE_ASSIGNMENT|[38]|pedido|{"Status":"Draft","LastModifiedDate":"2026-04-02T12:32:29.000Z","Country__c":"a03g8000004x8aeAAA","IsDeleted":false,"AccountId":"001g8000005VaOHAA0","FreightType__c":"CIF","OrderNumber":"00000113","TotalAmount":1369500.00,"StatusCode":"Draft","PaymentCondition__c":"a07g8000004MONnAAO","IsReductionOrder":false,"SystemModstamp":"2026-04-02T14:42:23.000Z","City__c":"a05g8000001KAc9AAG","OwnerId":"005g80000010N45AAE","CreatedById":"005g80000010N45AAE","DeliveryDate__c":"2026-04-06T00:00:00.000Z","DistributionCenter__c":"a06g8000000wkLpAAI","CreatedDate":"2026-03-31T12:52:12.000Z","Pricebook2Id":"01sg80000015mKTAAY","Id":"801g8000007E9NdAAK","AccountAddress__c":"a08g8000001Zx1SAAS","LastModifiedById":"005g80000010N45AAE","State__c":"a04g8000000QmaTAAS","EffectiveDate":"2026-03-31T00:00:00.000Z"}|0x1d2596cf
11:42:23.1 (572938113)|STATEMENT_EXECUTE|[38]
11:42:23.1 (572939074)|STATEMENT_EXECUTE|[40]
11:42:23.1 (572969540)|VARIABLE_SCOPE_BEGIN|[40]|pedidoAntigo|Order|true|false
11:42:23.1 (573316046)|VARIABLE_ASSIGNMENT|[40]|pedidoAntigo|{"Status":"Draft","LastModifiedDate":"2026-04-02T12:32:29.000Z","Country__c":"a03g8000004x8aeAAA","IsDeleted":false,"AccountId":"001g8000005VaOHAA0","FreightType__c":"CIF","OrderNumber":"00000113","TotalAmount":0.00,"StatusCode":"Draft","PaymentCondition__c":"a07g8000004MONnAAO","IsReductionOrder":false,"SystemModstamp":"2026-04-02T12:32:29.000Z","City__c":"a05g8000001KAc9AAG","OwnerId":"005g80000010N45AAE","CreatedById":"005g80000010N45AAE","DeliveryDate__c":"2026-04-06T00:00:00.000Z","DistributionCenter__c":"a06g8000000wkLpAAI","CreatedDate":"2026-03-31T12:52:12.000Z","Pricebook2Id":"01sg80000015mKTAAY","Id":"801g8000007E9NdAAK","AccountAddress__c":"a08g8000001Zx1SAAS","LastModifiedById":"005g80000010N45AAE","State__c":"a04g8000000QmaTAAS","EffectiveDate":"2026-03-31T00:00:00.000Z"}|0x9e7e4b8
11:42:23.1 (573326151)|STATEMENT_EXECUTE|[43]
11:42:23.1 (573332133)|VARIABLE_SCOPE_BEGIN|[43]|validacaoStatus|String|false|false
11:42:23.1 (573337292)|VARIABLE_ASSIGNMENT|[43]|validacaoStatus|"Draft"
11:42:23.1 (573349946)|HEAP_ALLOCATE|[38]|Bytes:5
11:42:23.1 (573358094)|VARIABLE_ASSIGNMENT|[38]|pedido|null|
11:42:23.1 (573364880)|METHOD_EXIT|[20]|01pg8000001LXzh|OrderHandler.checkActiveOrder()
11:42:23.1 (573369550)|METHOD_EXIT|[140]|01pg8000001LXzh|OrderHandler.beforeUpdate()
11:42:23.1 (573372452)|STATEMENT_EXECUTE|[158]
11:42:23.1 (573377946)|METHOD_ENTRY|[158]|01pg80000019iSf|TriggerHandler.andFinally()
11:42:23.1 (573380896)|VARIABLE_SCOPE_BEGIN|[746]|this|TriggerHandler|true|false
11:42:23.1 (573406862)|VARIABLE_ASSIGNMENT|[746]|this|{"newRecords":"0xece2978","newRecordsMap":"0x586987f4","oldRecords":"0x1444a508","oldRecordsMap":"0x62dff605","handlerName":"OrderHandler","isTriggerExecuting":true,"triggerEvent":"0x5d2da784"}|0x354864a9
11:42:23.1 (573411962)|STATEMENT_EXECUTE|[746]
11:42:23.1 (573413402)|METHOD_EXIT|[158]|01pg80000019iSf|TriggerHandler.andFinally()
11:42:23.1 (573416976)|STATEMENT_EXECUTE|[160]
11:42:23.1 (573418846)|STATEMENT_EXECUTE|[176]
11:42:23.1 (573421340)|METHOD_EXIT|[2]|01pg80000019iSf|TriggerHandler.run()
11:42:23.573 (573427832)|CUMULATIVE_LIMIT_USAGE
11:42:23.573 (573427832)|LIMIT_USAGE_FOR_NS|(default)|
  Number of SOQL queries: 8 out of 100
  Number of query rows: 16 out of 50000
  Number of SOSL queries: 0 out of 20
  Number of DML statements: 0 out of 150
  Number of Publish Immediate DML: 0 out of 150
  Number of DML rows: 0 out of 10000
  Maximum CPU time: 0 out of 10000
  Maximum heap size: 0 out of 6000000
  Number of callouts: 0 out of 100
  Number of Email Invocations: 0 out of 10
  Number of future calls: 0 out of 50
  Number of queueable jobs added to the queue: 0 out of 50
  Number of Mobile Apex push calls: 0 out of 10

11:42:23.573 (573427832)|CUMULATIVE_LIMIT_USAGE_END

11:42:23.1 (573606314)|CODE_UNIT_FINISHED|OrderTrigger on Order trigger event BeforeUpdate|__sfdc_trigger/OrderTrigger
11:42:23.1 (575424748)|CODE_UNIT_STARTED|[EXTERNAL]|Validation:Order:801g8000007E9Nd
11:42:23.1 (575447476)|VALIDATION_RULE|03dg8000000aS4D|Bloquear_Alteracao_Conta_Pedido
11:42:23.1 (575579978)|VALIDATION_FORMULA|ISCHANGED(AccountId) && NOT(ISNEW())|AccountId=001g8000005VaOH
11:42:23.1 (575584441)|VALIDATION_PASS
11:42:23.1 (575588302)|CODE_UNIT_FINISHED|Validation:Order:801g8000007E9Nd
11:42:23.1 (643489102)|CODE_UNIT_FINISHED|TRIGGERS
11:42:23.1 (643519523)|EXECUTION_FINISHED
