66.0 APEX_CODE,FINEST;APEX_PROFILING,INFO;CALLOUT,INFO;DATA_ACCESS,INFO;DB,INFO;NBA,INFO;SYSTEM,DEBUG;VALIDATION,INFO;VISUALFORCE,INFO;WAVE,INFO;WORKFLOW,INFO
15:40:25.3 (3983528)|USER_INFO|[EXTERNAL]|005g80000010N45|sabrina.jesus@resourceful-moose-fmmd11.com|(GMT-03:00) Brasilia Standard Time (America/Sao_Paulo)|GMT-03:00
15:40:25.3 (4148199)|EXECUTION_STARTED
15:40:25.3 (4186821)|CODE_UNIT_STARTED|[EXTERNAL]|01pg8000001w1Mb|OrderItemHandlerTest.setup()
15:40:25.3 (4517663)|HEAP_ALLOCATE|[95]|Bytes:3
15:40:25.3 (4640175)|HEAP_ALLOCATE|[100]|Bytes:152
15:40:25.3 (4656430)|HEAP_ALLOCATE|[417]|Bytes:408
15:40:25.3 (4668865)|HEAP_ALLOCATE|[430]|Bytes:408
15:40:25.3 (4692416)|HEAP_ALLOCATE|[317]|Bytes:6
15:40:25.3 (4702988)|HEAP_ALLOCATE|[EXTERNAL]|Bytes:353
15:40:25.3 (4721044)|METHOD_ENTRY|[2]|01pg8000001w1Mb|OrderItemHandlerTest.OrderItemHandlerTest()
15:40:25.3 (4734729)|STATEMENT_EXECUTE|[2]
15:40:25.3 (4744972)|STATEMENT_EXECUTE|[2]
15:40:25.3 (4751069)|METHOD_EXIT|[2]|OrderItemHandlerTest
15:40:25.3 (4774286)|HEAP_ALLOCATE|[68]|Bytes:5
15:40:25.3 (4807009)|HEAP_ALLOCATE|[74]|Bytes:5
15:40:25.3 (4811779)|HEAP_ALLOCATE|[82]|Bytes:7
15:40:25.3 (4849549)|STATEMENT_EXECUTE|[4]
15:40:25.3 (4850981)|STATEMENT_EXECUTE|[5]
15:40:25.3 (6584486)|VARIABLE_SCOPE_BEGIN|[3]|TestFactorySObject.countSObjectCreated|Decimal|false|true
15:40:25.3 (6599432)|VARIABLE_SCOPE_BEGIN|[2]|TestFactorySObject.testFactorySObject|TestFactorySObject|true|true
15:40:25.3 (6613571)|HEAP_ALLOCATE|[5]|Bytes:20
15:40:25.3 (6618281)|HEAP_ALLOCATE|[5]|Bytes:13
15:40:25.3 (6633834)|METHOD_ENTRY|[1]|01pg8000001w1Mi|TestFactorySObject.TestFactorySObject()
15:40:25.3 (6638856)|STATEMENT_EXECUTE|[1]
15:40:25.3 (6643775)|STATEMENT_EXECUTE|[1]
15:40:25.3 (6644890)|STATEMENT_EXECUTE|[3]
15:40:25.3 (6688472)|HEAP_ALLOCATE|[3]|Bytes:28
15:40:25.3 (6691804)|HEAP_ALLOCATE|[3]|Bytes:28
15:40:25.3 (6760133)|VARIABLE_ASSIGNMENT|[3]|TestFactorySObject.countSObjectCreated|0
15:40:25.3 (6763157)|STATEMENT_EXECUTE|[59]
15:40:25.3 (6767359)|METHOD_EXIT|[1]|TestFactorySObject
15:40:25.3 (6786510)|METHOD_ENTRY|[5]|01pg8000001w1Mi|TestFactorySObject.getInstance()
15:40:25.3 (6820911)|STATEMENT_EXECUTE|[5]
15:40:25.3 (6826435)|STATEMENT_EXECUTE|[6]
15:40:25.3 (6827305)|STATEMENT_EXECUTE|[7]
15:40:25.3 (6839277)|HEAP_ALLOCATE|[7]|Bytes:4
15:40:25.3 (6856585)|CONSTRUCTOR_ENTRY|[7]|01pg8000001w1Mi|<init>()|TestFactorySObject
15:40:25.3 (6896332)|VARIABLE_SCOPE_BEGIN|[1]|this|TestFactorySObject|true|false
15:40:25.3 (6948075)|VARIABLE_ASSIGNMENT|[1]|this|{}|0x304ac437
15:40:25.3 (6954169)|HEAP_ALLOCATE|[EXTERNAL]|Bytes:6
15:40:25.3 (7566505)|STATEMENT_EXECUTE|[1]
15:40:25.3 (7574047)|CONSTRUCTOR_EXIT|[7]|01pg8000001w1Mi|<init>()|TestFactorySObject
15:40:25.3 (7589136)|VARIABLE_ASSIGNMENT|[7]|TestFactorySObject.testFactorySObject|{}|0x304ac437
15:40:25.3 (7593501)|STATEMENT_EXECUTE|[9]
15:40:25.3 (7601547)|METHOD_EXIT|[5]|01pg8000001w1Mi|TestFactorySObject.getInstance()
15:40:25.3 (7608099)|VARIABLE_SCOPE_BEGIN|[5]|factory|TestFactorySObject|true|false
15:40:25.3 (7617229)|VARIABLE_ASSIGNMENT|[5]|factory|{}|0x304ac437
15:40:25.3 (7619933)|STATEMENT_EXECUTE|[7]
15:40:25.3 (7697366)|HEAP_ALLOCATE|[7]|Bytes:4
15:40:25.3 (7811561)|METHOD_ENTRY|[7]|01pg8000001w1Mi|TestFactorySObject.createSObject(SObject)
15:40:25.3 (7823214)|VARIABLE_SCOPE_BEGIN|[27]|this|TestFactorySObject|true|false
15:40:25.3 (7830215)|VARIABLE_ASSIGNMENT|[27]|this|{}|0x304ac437
15:40:25.3 (7833111)|VARIABLE_SCOPE_BEGIN|[27]|sObj|SObject|true|false
15:40:25.3 (7843965)|VARIABLE_ASSIGNMENT|[27]|sObj|{}|0x357b9c5c
15:40:25.3 (7851430)|STATEMENT_EXECUTE|[27]
15:40:25.3 (7852524)|STATEMENT_EXECUTE|[28]
15:40:25.3 (7857177)|METHOD_ENTRY|[28]|01pg8000001w1Mi|TestFactorySObject.validateSObject(SObject)
15:40:25.3 (7876012)|VARIABLE_SCOPE_BEGIN|[13]|sObj|SObject|true|false
15:40:25.3 (7880323)|VARIABLE_ASSIGNMENT|[13]|sObj|{}|0x357b9c5c
15:40:25.3 (7884430)|STATEMENT_EXECUTE|[13]
15:40:25.3 (7886153)|STATEMENT_EXECUTE|[14]
15:40:25.3 (7888010)|METHOD_EXIT|[28]|01pg8000001w1Mi|TestFactorySObject.validateSObject(SObject)
15:40:25.3 (7890357)|STATEMENT_EXECUTE|[30]
15:40:25.3 (7961603)|HEAP_ALLOCATE|[30]|Bytes:15
15:40:25.3 (7967790)|VARIABLE_SCOPE_BEGIN|[30]|objectName|String|false|false
15:40:25.3 (7978595)|VARIABLE_ASSIGNMENT|[30]|objectName|"AccountGroup__c"
15:40:25.3 (7982558)|HEAP_ALLOCATE|[31]|Bytes:8
15:40:25.3 (8005720)|STATEMENT_EXECUTE|[31]
15:40:25.3 (8007168)|STATEMENT_EXECUTE|[35]
15:40:25.3 (8008376)|HEAP_ALLOCATE|[36]|Bytes:22
15:40:25.3 (8010995)|HEAP_ALLOCATE|[36]|Bytes:14
15:40:25.3 (8039335)|HEAP_ALLOCATE|[36]|Bytes:12
15:40:25.3 (8044330)|HEAP_ALLOCATE|[36]|Bytes:8
15:40:25.3 (8051549)|HEAP_ALLOCATE|[36]|Bytes:42
15:40:25.3 (8053564)|VARIABLE_SCOPE_BEGIN|[35]|defaultClassName|String|false|false
15:40:25.3 (8060137)|VARIABLE_ASSIGNMENT|[35]|defaultClassName|"TemplateDefaultField (22 more) ..."
15:40:25.3 (8062466)|STATEMENT_EXECUTE|[38]
15:40:25.3 (8067624)|METHOD_ENTRY|[38]|01pg8000001w1Mi|TestFactorySObject.dispatchSObjectCreation(SObject, String)
15:40:25.3 (8072964)|VARIABLE_SCOPE_BEGIN|[42]|this|TestFactorySObject|true|false
15:40:25.3 (8079492)|VARIABLE_ASSIGNMENT|[42]|this|{}|0x304ac437
15:40:25.3 (8082122)|VARIABLE_SCOPE_BEGIN|[42]|sObj|SObject|true|false
15:40:25.3 (8086338)|VARIABLE_ASSIGNMENT|[42]|sObj|{}|0x357b9c5c
15:40:25.3 (8088743)|VARIABLE_SCOPE_BEGIN|[42]|defaultClassName|String|false|false
15:40:25.3 (8092857)|VARIABLE_ASSIGNMENT|[42]|defaultClassName|"TemplateDefaultField (22 more) ..."
15:40:25.3 (8097091)|STATEMENT_EXECUTE|[42]
15:40:25.3 (8098196)|STATEMENT_EXECUTE|[44]
15:40:25.3 (8140895)|HEAP_ALLOCATE|[44]|Bytes:33
15:40:25.3 (8146738)|SYSTEM_METHOD_ENTRY|[1]|Type.Type()
15:40:25.3 (8148414)|STATEMENT_EXECUTE|[1]
15:40:25.3 (8152403)|SYSTEM_METHOD_EXIT|[1]|Type
15:40:25.3 (8172109)|METHOD_ENTRY|[44]||System.Type.forName(String)
15:40:25.3 (11400813)|METHOD_EXIT|[44]||System.Type.forName(String)
15:40:25.3 (11413115)|VARIABLE_SCOPE_BEGIN|[44]|t|System.Type|true|false
15:40:25.3 (11453067)|VARIABLE_ASSIGNMENT|[44]|t|{"aot":"0x511ae6db"}|0x4bc57062
15:40:25.3 (11458391)|STATEMENT_EXECUTE|[45]
15:40:25.3 (11460102)|STATEMENT_EXECUTE|[51]
15:40:25.3 (11469174)|METHOD_ENTRY|[52]||System.Type.newInstance()
15:40:25.3 (13128357)|STATEMENT_EXECUTE|[121]
15:40:25.3 (13150448)|METHOD_EXIT|[52]||System.Type.newInstance()
15:40:25.3 (13166292)|VARIABLE_SCOPE_BEGIN|[51]|defaults|TemplateDefaultFields.FieldDefaults|true|false
15:40:25.3 (13186907)|VARIABLE_ASSIGNMENT|[51]|defaults|{}|0xc0a691a
15:40:25.3 (13189985)|STATEMENT_EXECUTE|[53]
15:40:25.3 (13216695)|METHOD_ENTRY|[53]|01pg8000001w1Mh|TemplateDefaultFields.AccountGroupDefaults.getFieldDefaults(Decimal)
15:40:25.3 (13233736)|VARIABLE_SCOPE_BEGIN|[122]|this|TemplateDefaultFields.AccountGroupDefaults|true|false
15:40:25.3 (13239896)|VARIABLE_ASSIGNMENT|[122]|this|{}|0xc0a691a
15:40:25.3 (13243522)|VARIABLE_SCOPE_BEGIN|[122]|countSObjectCreated|Decimal|false|false
15:40:25.3 (13251706)|VARIABLE_ASSIGNMENT|[122]|countSObjectCreated|0
15:40:25.3 (13260470)|STATEMENT_EXECUTE|[122]
15:40:25.3 (13261601)|STATEMENT_EXECUTE|[123]
15:40:25.3 (13276166)|HEAP_ALLOCATE|[123]|Bytes:4
15:40:25.3 (13288778)|HEAP_ALLOCATE|[124]|Bytes:4
15:40:25.3 (13292003)|HEAP_ALLOCATE|[124]|Bytes:20
15:40:25.3 (13338817)|HEAP_ALLOCATE|[124]|Bytes:1
15:40:25.3 (13352619)|HEAP_ALLOCATE|[124]|Bytes:21
15:40:25.3 (13383749)|HEAP_ALLOCATE|[125]|Bytes:19
15:40:25.3 (13385989)|HEAP_ALLOCATE|[125]|Bytes:3
15:40:25.3 (13393934)|HEAP_ALLOCATE|[125]|Bytes:1
15:40:25.3 (13398806)|HEAP_ALLOCATE|[125]|Bytes:4
15:40:25.3 (13404756)|METHOD_EXIT|[53]|01pg8000001w1Mh|TemplateDefaultFields.AccountGroupDefaults.getFieldDefaults(Decimal)
15:40:25.3 (13414846)|METHOD_ENTRY|[53]|01pg8000001w1Mi|TestFactorySObject.addFieldDefaults(SObject, Map<String,ANY>)
15:40:25.3 (13456290)|VARIABLE_SCOPE_BEGIN|[19]|sObj|SObject|true|false
15:40:25.3 (13467959)|VARIABLE_ASSIGNMENT|[19]|sObj|{}|0x357b9c5c
15:40:25.3 (13470713)|VARIABLE_SCOPE_BEGIN|[19]|defaultFields|Map<String,ANY>|true|false
15:40:25.3 (13492278)|VARIABLE_ASSIGNMENT|[19]|defaultFields|{"Name":"Grupo de Conta Teste (1 more) ...","AccountGroupCode__c":"ACG0"}|0x212b6735
15:40:25.3 (13498847)|STATEMENT_EXECUTE|[19]
15:40:25.3 (13576855)|HEAP_ALLOCATE|[20]|Bytes:35
15:40:25.3 (13645070)|HEAP_ALLOCATE|[20]|Bytes:5
15:40:25.3 (13660520)|VARIABLE_SCOPE_BEGIN|[20]|fieldApiName|String|false|false
15:40:25.3 (13665965)|VARIABLE_ASSIGNMENT|[20]|fieldApiName|"Name"
15:40:25.3 (13669231)|STATEMENT_EXECUTE|[20]
15:40:25.3 (13788540)|STATEMENT_EXECUTE|[21]
15:40:25.3 (13789715)|STATEMENT_EXECUTE|[22]
15:40:25.3 (13886637)|HEAP_ALLOCATE|[20]|Bytes:5
15:40:25.3 (13893074)|VARIABLE_SCOPE_BEGIN|[20]|fieldApiName|String|false|false
15:40:25.3 (13898726)|VARIABLE_ASSIGNMENT|[20]|fieldApiName|"AccountGroupCode__c"
15:40:25.3 (13900981)|STATEMENT_EXECUTE|[20]
15:40:25.3 (13927259)|STATEMENT_EXECUTE|[21]
15:40:25.3 (13928188)|STATEMENT_EXECUTE|[22]
15:40:25.3 (13958989)|HEAP_ALLOCATE|[20]|Bytes:5
15:40:25.3 (13965287)|VARIABLE_ASSIGNMENT|[20]|fieldApiName|null
15:40:25.3 (13970354)|METHOD_EXIT|[53]|01pg8000001w1Mi|TestFactorySObject.addFieldDefaults(SObject, Map<String,ANY>)
15:40:25.3 (13973507)|STATEMENT_EXECUTE|[54]
15:40:25.3 (13994743)|HEAP_ALLOCATE|[54]|Bytes:28
15:40:25.3 (13996748)|HEAP_ALLOCATE|[54]|Bytes:28
15:40:25.3 (14027683)|HEAP_ALLOCATE|[54]|Bytes:28
15:40:25.3 (14030398)|HEAP_ALLOCATE|[54]|Bytes:28
15:40:25.3 (14044607)|VARIABLE_ASSIGNMENT|[54]|TestFactorySObject.countSObjectCreated|1
15:40:25.3 (14047350)|STATEMENT_EXECUTE|[56]
15:40:25.3 (14050464)|METHOD_EXIT|[38]|01pg8000001w1Mi|TestFactorySObject.dispatchSObjectCreation(SObject, String)
15:40:25.3 (14054565)|METHOD_EXIT|[7]|01pg8000001w1Mi|TestFactorySObject.createSObject(SObject)
15:40:25.3 (14062124)|VARIABLE_SCOPE_BEGIN|[7]|acg|AccountGroup__c|true|false
15:40:25.3 (14072925)|VARIABLE_ASSIGNMENT|[7]|acg|{"Name":"Grupo de Conta Teste (1 more) ...","AccountGroupCode__c":"ACG0"}|0x357b9c5c
15:40:25.3 (14076186)|STATEMENT_EXECUTE|[8]
15:40:25.3 (14109157)|HEAP_ALLOCATE|[8]|Bytes:8
15:40:25.3 (14127715)|DML_BEGIN|[8]|Op:Insert|Type:AccountGroup__c|Rows:1
15:40:25.3 (14170712)|HEAP_ALLOCATE|[EXTERNAL]|Bytes:8
15:40:25.3 (67799208)|DML_END|[8]
15:40:25.3 (67965102)|STATEMENT_EXECUTE|[10]
15:40:25.3 (68035366)|HEAP_ALLOCATE|[10]|Bytes:4
15:40:25.3 (68224754)|METHOD_ENTRY|[10]|01pg8000001w1Mi|TestFactorySObject.createSObject(SObject)
15:40:25.3 (68255870)|VARIABLE_SCOPE_BEGIN|[27]|this|TestFactorySObject|true|false
15:40:25.3 (68311741)|VARIABLE_ASSIGNMENT|[27]|this|{}|0x304ac437
15:40:25.3 (68315424)|VARIABLE_SCOPE_BEGIN|[27]|sObj|SObject|true|false
15:40:25.3 (68325598)|VARIABLE_ASSIGNMENT|[27]|sObj|{}|0x18290fcd
15:40:25.3 (68339546)|STATEMENT_EXECUTE|[27]
15:40:25.3 (68340907)|STATEMENT_EXECUTE|[28]
15:40:25.3 (68346650)|METHOD_ENTRY|[28]|01pg8000001w1Mi|TestFactorySObject.validateSObject(SObject)
15:40:25.3 (68350401)|VARIABLE_SCOPE_BEGIN|[13]|sObj|SObject|true|false
15:40:25.3 (68354865)|VARIABLE_ASSIGNMENT|[13]|sObj|{}|0x18290fcd
15:40:25.3 (68359803)|STATEMENT_EXECUTE|[13]
15:40:25.3 (68362337)|STATEMENT_EXECUTE|[14]
15:40:25.3 (68366071)|METHOD_EXIT|[28]|01pg8000001w1Mi|TestFactorySObject.validateSObject(SObject)
15:40:25.3 (68368674)|STATEMENT_EXECUTE|[30]
15:40:25.3 (68429086)|HEAP_ALLOCATE|[30]|Bytes:7
15:40:25.3 (68436845)|VARIABLE_SCOPE_BEGIN|[30]|objectName|String|false|false
15:40:25.3 (68449195)|VARIABLE_ASSIGNMENT|[30]|objectName|"Account"
15:40:25.3 (68476444)|STATEMENT_EXECUTE|[31]
15:40:25.3 (68477410)|STATEMENT_EXECUTE|[35]
15:40:25.3 (68494125)|HEAP_ALLOCATE|[36]|Bytes:7
15:40:25.3 (68503128)|HEAP_ALLOCATE|[36]|Bytes:37
15:40:25.3 (68505449)|VARIABLE_SCOPE_BEGIN|[35]|defaultClassName|String|false|false
15:40:25.3 (68529473)|VARIABLE_ASSIGNMENT|[35]|defaultClassName|"TemplateDefaultField (17 more) ..."
15:40:25.3 (68532027)|STATEMENT_EXECUTE|[38]
15:40:25.3 (68536645)|METHOD_ENTRY|[38]|01pg8000001w1Mi|TestFactorySObject.dispatchSObjectCreation(SObject, String)
15:40:25.3 (68539826)|VARIABLE_SCOPE_BEGIN|[42]|this|TestFactorySObject|true|false
15:40:25.3 (68549972)|VARIABLE_ASSIGNMENT|[42]|this|{}|0x304ac437
15:40:25.3 (68552741)|VARIABLE_SCOPE_BEGIN|[42]|sObj|SObject|true|false
15:40:25.3 (68556914)|VARIABLE_ASSIGNMENT|[42]|sObj|{}|0x18290fcd
15:40:25.3 (68559400)|VARIABLE_SCOPE_BEGIN|[42]|defaultClassName|String|false|false
15:40:25.3 (68563629)|VARIABLE_ASSIGNMENT|[42]|defaultClassName|"TemplateDefaultField (17 more) ..."
15:40:25.3 (68567892)|STATEMENT_EXECUTE|[42]
15:40:25.3 (68568947)|STATEMENT_EXECUTE|[44]
15:40:25.3 (68572876)|METHOD_ENTRY|[44]||System.Type.forName(String)
15:40:25.3 (70825440)|METHOD_EXIT|[44]||System.Type.forName(String)
15:40:25.3 (70838716)|VARIABLE_SCOPE_BEGIN|[44]|t|System.Type|true|false
15:40:25.3 (70878095)|VARIABLE_ASSIGNMENT|[44]|t|{"aot":"0xc28e97d"}|0x4b820a7b
15:40:25.3 (70883255)|STATEMENT_EXECUTE|[45]
15:40:25.3 (70884986)|STATEMENT_EXECUTE|[51]
15:40:25.3 (70890839)|METHOD_ENTRY|[52]||System.Type.newInstance()
15:40:25.3 (71023479)|STATEMENT_EXECUTE|[108]
15:40:25.3 (71033074)|METHOD_EXIT|[52]||System.Type.newInstance()
15:40:25.3 (71040719)|VARIABLE_SCOPE_BEGIN|[51]|defaults|TemplateDefaultFields.FieldDefaults|true|false
15:40:25.3 (71049667)|VARIABLE_ASSIGNMENT|[51]|defaults|{}|0x6d51f83e
15:40:25.3 (71052677)|STATEMENT_EXECUTE|[53]
15:40:25.3 (71076608)|METHOD_ENTRY|[53]|01pg8000001w1Mh|TemplateDefaultFields.AccountDefaults.getFieldDefaults(Decimal)
15:40:25.3 (71081220)|VARIABLE_SCOPE_BEGIN|[109]|this|TemplateDefaultFields.AccountDefaults|true|false
15:40:25.3 (71086549)|VARIABLE_ASSIGNMENT|[109]|this|{}|0x6d51f83e
15:40:25.3 (71089834)|VARIABLE_SCOPE_BEGIN|[109]|countSObjectCreated|Decimal|false|false
15:40:25.3 (71098841)|VARIABLE_ASSIGNMENT|[109]|countSObjectCreated|1
15:40:25.3 (71105334)|STATEMENT_EXECUTE|[109]
15:40:25.3 (71106432)|STATEMENT_EXECUTE|[112]
15:40:25.3 (71172028)|HEAP_ALLOCATE|[112]|Bytes:1
15:40:25.3 (71180711)|HEAP_ALLOCATE|[112]|Bytes:1
15:40:25.3 (71230808)|HEAP_ALLOCATE|[112]|Bytes:2
15:40:25.3 (71236848)|VARIABLE_SCOPE_BEGIN|[112]|finalDoCnpj|String|false|false
15:40:25.3 (71241924)|VARIABLE_ASSIGNMENT|[112]|finalDoCnpj|"01"
15:40:25.3 (71244383)|STATEMENT_EXECUTE|[114]
15:40:25.3 (71261460)|HEAP_ALLOCATE|[114]|Bytes:4
15:40:25.3 (71270000)|HEAP_ALLOCATE|[115]|Bytes:11
15:40:25.3 (71286183)|HEAP_ALLOCATE|[115]|Bytes:1
15:40:25.3 (71293541)|HEAP_ALLOCATE|[115]|Bytes:12
15:40:25.3 (71344717)|HEAP_ALLOCATE|[116]|Bytes:7
15:40:25.3 (71346918)|HEAP_ALLOCATE|[116]|Bytes:16
15:40:25.3 (71349300)|HEAP_ALLOCATE|[116]|Bytes:18
15:40:25.3 (71355504)|METHOD_EXIT|[53]|01pg8000001w1Mh|TemplateDefaultFields.AccountDefaults.getFieldDefaults(Decimal)
15:40:25.3 (71360976)|METHOD_ENTRY|[53]|01pg8000001w1Mi|TestFactorySObject.addFieldDefaults(SObject, Map<String,ANY>)
15:40:25.3 (71364416)|VARIABLE_SCOPE_BEGIN|[19]|sObj|SObject|true|false
15:40:25.3 (71375101)|VARIABLE_ASSIGNMENT|[19]|sObj|{}|0x18290fcd
15:40:25.3 (71378031)|VARIABLE_SCOPE_BEGIN|[19]|defaultFields|Map<String,ANY>|true|false
15:40:25.3 (71394008)|VARIABLE_ASSIGNMENT|[19]|defaultFields|{"Name":"Conta Teste1","CNPJ__c":"12.345.678/0001-01"}|0x202bf2e7
15:40:25.3 (71399835)|STATEMENT_EXECUTE|[19]
15:40:25.3 (71451449)|HEAP_ALLOCATE|[20]|Bytes:23
15:40:25.3 (71476449)|HEAP_ALLOCATE|[20]|Bytes:5
15:40:25.3 (71487653)|VARIABLE_SCOPE_BEGIN|[20]|fieldApiName|String|false|false
15:40:25.3 (71492312)|VARIABLE_ASSIGNMENT|[20]|fieldApiName|"Name"
15:40:25.3 (71495954)|STATEMENT_EXECUTE|[20]
15:40:25.3 (71590901)|STATEMENT_EXECUTE|[21]
15:40:25.3 (71591996)|STATEMENT_EXECUTE|[22]
15:40:25.3 (71681462)|HEAP_ALLOCATE|[20]|Bytes:5
15:40:25.3 (71687574)|VARIABLE_SCOPE_BEGIN|[20]|fieldApiName|String|false|false
15:40:25.3 (71692414)|VARIABLE_ASSIGNMENT|[20]|fieldApiName|"CNPJ__c"
15:40:25.3 (71694744)|STATEMENT_EXECUTE|[20]
15:40:25.3 (71724116)|STATEMENT_EXECUTE|[21]
15:40:25.3 (71725064)|STATEMENT_EXECUTE|[22]
15:40:25.3 (71753850)|HEAP_ALLOCATE|[20]|Bytes:5
15:40:25.3 (71761011)|VARIABLE_ASSIGNMENT|[20]|fieldApiName|null
15:40:25.3 (71766271)|METHOD_EXIT|[53]|01pg8000001w1Mi|TestFactorySObject.addFieldDefaults(SObject, Map<String,ANY>)
15:40:25.3 (71771092)|STATEMENT_EXECUTE|[54]
15:40:25.3 (71790915)|HEAP_ALLOCATE|[54]|Bytes:28
15:40:25.3 (71793106)|HEAP_ALLOCATE|[54]|Bytes:28
15:40:25.3 (71806355)|HEAP_ALLOCATE|[54]|Bytes:28
15:40:25.3 (71807960)|HEAP_ALLOCATE|[54]|Bytes:28
15:40:25.3 (71822049)|VARIABLE_ASSIGNMENT|[54]|TestFactorySObject.countSObjectCreated|2
15:40:25.3 (71824535)|STATEMENT_EXECUTE|[56]
15:40:25.3 (71827713)|METHOD_EXIT|[38]|01pg8000001w1Mi|TestFactorySObject.dispatchSObjectCreation(SObject, String)
15:40:25.3 (71832189)|METHOD_EXIT|[10]|01pg8000001w1Mi|TestFactorySObject.createSObject(SObject)
15:40:25.3 (71839220)|VARIABLE_SCOPE_BEGIN|[10]|acc|Account|true|false
15:40:25.3 (71847624)|VARIABLE_ASSIGNMENT|[10]|acc|{"Name":"Conta Teste1","CNPJ__c":"12.345.678/0001-01"}|0x18290fcd
15:40:25.3 (71850490)|STATEMENT_EXECUTE|[11]
15:40:25.3 (71968150)|VARIABLE_ASSIGNMENT|[11]|this.AccountGroup__c|"a02g8000002mB4sAAE"|0x18290fcd
15:40:25.3 (71972335)|STATEMENT_EXECUTE|[12]
15:40:25.3 (71995301)|HEAP_ALLOCATE|[12]|Bytes:8
15:40:25.3 (72009111)|DML_BEGIN|[12]|Op:Insert|Type:Account|Rows:1
15:40:25.3 (72046329)|HEAP_ALLOCATE|[EXTERNAL]|Bytes:8
15:40:25.3 (122403505)|CODE_UNIT_STARTED|[EXTERNAL]|Validation:Account:new
15:40:25.3 (122432255)|VALIDATION_RULE|03dg8000000honx|Obrigatorio_AccountGroup
15:40:25.3 (122578529)|VALIDATION_FORMULA|ISBLANK(AccountGroup__c)|AccountGroup__c=a02g8000002mB4s
15:40:25.3 (122582817)|VALIDATION_PASS
15:40:25.3 (122584344)|VALIDATION_RULE|03dg8000000hbab|validacao_CNPJ
15:40:25.3 (122660839)|VALIDATION_FORMULA|NOT(
    REGEX(CNPJ__c, "^(\\d{2}\\.\\d{3}\\.\\d{3}/\\d{4}\\-\\d{2})?$")
)|CNPJ__c=12.345.678/0001-01
15:40:25.3 (122666179)|VALIDATION_PASS
15:40:25.3 (122674000)|CODE_UNIT_FINISHED|Validation:Account:new
15:40:25.3 (169976753)|DML_END|[12]
15:40:25.3 (170142355)|STATEMENT_EXECUTE|[14]
15:40:25.3 (170222497)|HEAP_ALLOCATE|[14]|Bytes:4
15:40:25.3 (170394941)|METHOD_ENTRY|[14]|01pg8000001w1Mi|TestFactorySObject.createSObject(SObject)
15:40:25.3 (170424806)|VARIABLE_SCOPE_BEGIN|[27]|this|TestFactorySObject|true|false
15:40:25.3 (170476310)|VARIABLE_ASSIGNMENT|[27]|this|{}|0x304ac437
15:40:25.3 (170479531)|VARIABLE_SCOPE_BEGIN|[27]|sObj|SObject|true|false
15:40:25.3 (170489925)|VARIABLE_ASSIGNMENT|[27]|sObj|{}|0x2ffa852e
15:40:25.3 (170504741)|STATEMENT_EXECUTE|[27]
15:40:25.3 (170505936)|STATEMENT_EXECUTE|[28]
15:40:25.3 (170511216)|METHOD_ENTRY|[28]|01pg8000001w1Mi|TestFactorySObject.validateSObject(SObject)
15:40:25.3 (170514341)|VARIABLE_SCOPE_BEGIN|[13]|sObj|SObject|true|false
15:40:25.3 (170517990)|VARIABLE_ASSIGNMENT|[13]|sObj|{}|0x2ffa852e
15:40:25.3 (170526791)|STATEMENT_EXECUTE|[13]
15:40:25.3 (170529345)|STATEMENT_EXECUTE|[14]
15:40:25.3 (170532870)|METHOD_EXIT|[28]|01pg8000001w1Mi|TestFactorySObject.validateSObject(SObject)
15:40:25.3 (170535604)|STATEMENT_EXECUTE|[30]
15:40:25.3 (170598291)|HEAP_ALLOCATE|[30]|Bytes:10
15:40:25.3 (170605615)|VARIABLE_SCOPE_BEGIN|[30]|objectName|String|false|false
15:40:25.3 (170618653)|VARIABLE_ASSIGNMENT|[30]|objectName|"Country__c"
15:40:25.3 (170646849)|STATEMENT_EXECUTE|[31]
15:40:25.3 (170648343)|STATEMENT_EXECUTE|[35]
15:40:25.3 (170670062)|HEAP_ALLOCATE|[36]|Bytes:7
15:40:25.3 (170683079)|HEAP_ALLOCATE|[36]|Bytes:37
15:40:25.3 (170686639)|VARIABLE_SCOPE_BEGIN|[35]|defaultClassName|String|false|false
15:40:25.3 (170696550)|VARIABLE_ASSIGNMENT|[35]|defaultClassName|"TemplateDefaultField (17 more) ..."
15:40:25.3 (170699826)|STATEMENT_EXECUTE|[38]
15:40:25.3 (170704530)|METHOD_ENTRY|[38]|01pg8000001w1Mi|TestFactorySObject.dispatchSObjectCreation(SObject, String)
15:40:25.3 (170708263)|VARIABLE_SCOPE_BEGIN|[42]|this|TestFactorySObject|true|false
15:40:25.3 (170717843)|VARIABLE_ASSIGNMENT|[42]|this|{}|0x304ac437
15:40:25.3 (170721290)|VARIABLE_SCOPE_BEGIN|[42]|sObj|SObject|true|false
15:40:25.3 (170725778)|VARIABLE_ASSIGNMENT|[42]|sObj|{}|0x2ffa852e
15:40:25.3 (170729257)|VARIABLE_SCOPE_BEGIN|[42]|defaultClassName|String|false|false
15:40:25.3 (170733535)|VARIABLE_ASSIGNMENT|[42]|defaultClassName|"TemplateDefaultField (17 more) ..."
15:40:25.3 (170737925)|STATEMENT_EXECUTE|[42]
15:40:25.3 (170738800)|STATEMENT_EXECUTE|[44]
15:40:25.3 (170742155)|METHOD_ENTRY|[44]||System.Type.forName(String)
15:40:25.3 (172897400)|METHOD_EXIT|[44]||System.Type.forName(String)
15:40:25.3 (172910760)|VARIABLE_SCOPE_BEGIN|[44]|t|System.Type|true|false
15:40:25.3 (172952727)|VARIABLE_ASSIGNMENT|[44]|t|{"aot":"0x17446cea"}|0x62753aea
15:40:25.3 (172960285)|STATEMENT_EXECUTE|[45]
15:40:25.3 (172962230)|STATEMENT_EXECUTE|[51]
15:40:25.3 (172968401)|METHOD_ENTRY|[52]||System.Type.newInstance()
15:40:25.3 (173115694)|STATEMENT_EXECUTE|[19]
15:40:25.3 (173126912)|METHOD_EXIT|[52]||System.Type.newInstance()
15:40:25.3 (173134960)|VARIABLE_SCOPE_BEGIN|[51]|defaults|TemplateDefaultFields.FieldDefaults|true|false
15:40:25.3 (173144439)|VARIABLE_ASSIGNMENT|[51]|defaults|{}|0x7074b711
15:40:25.3 (173147259)|STATEMENT_EXECUTE|[53]
15:40:25.3 (173175337)|METHOD_ENTRY|[53]|01pg8000001w1Mh|TemplateDefaultFields.CountryDefaults.getFieldDefaults(Decimal)
15:40:25.3 (173179884)|VARIABLE_SCOPE_BEGIN|[20]|this|TemplateDefaultFields.CountryDefaults|true|false
15:40:25.3 (173185289)|VARIABLE_ASSIGNMENT|[20]|this|{}|0x7074b711
15:40:25.3 (173188762)|VARIABLE_SCOPE_BEGIN|[20]|countSObjectCreated|Decimal|false|false
15:40:25.3 (173197419)|VARIABLE_ASSIGNMENT|[20]|countSObjectCreated|2
15:40:25.3 (173203690)|STATEMENT_EXECUTE|[20]
15:40:25.3 (173204914)|STATEMENT_EXECUTE|[21]
15:40:25.3 (173221482)|HEAP_ALLOCATE|[21]|Bytes:4
15:40:25.3 (173233734)|HEAP_ALLOCATE|[22]|Bytes:10
15:40:25.3 (173282996)|HEAP_ALLOCATE|[22]|Bytes:1
15:40:25.3 (173308915)|HEAP_ALLOCATE|[22]|Bytes:11
15:40:25.3 (173337126)|HEAP_ALLOCATE|[23]|Bytes:14
15:40:25.3 (173339298)|HEAP_ALLOCATE|[23]|Bytes:1
15:40:25.3 (173347404)|HEAP_ALLOCATE|[23]|Bytes:1
15:40:25.3 (173352083)|HEAP_ALLOCATE|[23]|Bytes:2
15:40:25.3 (173358015)|METHOD_EXIT|[53]|01pg8000001w1Mh|TemplateDefaultFields.CountryDefaults.getFieldDefaults(Decimal)
15:40:25.3 (173364286)|METHOD_ENTRY|[53]|01pg8000001w1Mi|TestFactorySObject.addFieldDefaults(SObject, Map<String,ANY>)
15:40:25.3 (173367603)|VARIABLE_SCOPE_BEGIN|[19]|sObj|SObject|true|false
15:40:25.3 (173378545)|VARIABLE_ASSIGNMENT|[19]|sObj|{}|0x2ffa852e
15:40:25.3 (173381751)|VARIABLE_SCOPE_BEGIN|[19]|defaultFields|Map<String,ANY>|true|false
15:40:25.3 (173398064)|VARIABLE_ASSIGNMENT|[19]|defaultFields|{"Name":"País Teste2","CountryCode__c":"P2"}|0x2e507fd4
15:40:25.3 (173404613)|STATEMENT_EXECUTE|[19]
15:40:25.3 (173470952)|HEAP_ALLOCATE|[20]|Bytes:30
15:40:25.3 (173496499)|HEAP_ALLOCATE|[20]|Bytes:5
15:40:25.3 (173508870)|VARIABLE_SCOPE_BEGIN|[20]|fieldApiName|String|false|false
15:40:25.3 (173514324)|VARIABLE_ASSIGNMENT|[20]|fieldApiName|"Name"
15:40:25.3 (173517630)|STATEMENT_EXECUTE|[20]
15:40:25.3 (173622622)|STATEMENT_EXECUTE|[21]
15:40:25.3 (173623737)|STATEMENT_EXECUTE|[22]
15:40:25.3 (173706682)|HEAP_ALLOCATE|[20]|Bytes:5
15:40:25.3 (173713211)|VARIABLE_SCOPE_BEGIN|[20]|fieldApiName|String|false|false
15:40:25.3 (173717986)|VARIABLE_ASSIGNMENT|[20]|fieldApiName|"CountryCode__c"
15:40:25.3 (173720185)|STATEMENT_EXECUTE|[20]
15:40:25.3 (173749126)|STATEMENT_EXECUTE|[21]
15:40:25.3 (173750050)|STATEMENT_EXECUTE|[22]
15:40:25.3 (173788364)|HEAP_ALLOCATE|[20]|Bytes:5
15:40:25.3 (173795835)|VARIABLE_ASSIGNMENT|[20]|fieldApiName|null
15:40:25.3 (173801552)|METHOD_EXIT|[53]|01pg8000001w1Mi|TestFactorySObject.addFieldDefaults(SObject, Map<String,ANY>)
15:40:25.3 (173804494)|STATEMENT_EXECUTE|[54]
15:40:25.3 (173825413)|HEAP_ALLOCATE|[54]|Bytes:28
15:40:25.3 (173827509)|HEAP_ALLOCATE|[54]|Bytes:28
15:40:25.3 (173845631)|HEAP_ALLOCATE|[54]|Bytes:28
15:40:25.3 (173847242)|HEAP_ALLOCATE|[54]|Bytes:28
15:40:25.3 (173861591)|VARIABLE_ASSIGNMENT|[54]|TestFactorySObject.countSObjectCreated|3
15:40:25.3 (173864011)|STATEMENT_EXECUTE|[56]
15:40:25.3 (173867096)|METHOD_EXIT|[38]|01pg8000001w1Mi|TestFactorySObject.dispatchSObjectCreation(SObject, String)
15:40:25.3 (173871764)|METHOD_EXIT|[14]|01pg8000001w1Mi|TestFactorySObject.createSObject(SObject)
15:40:25.3 (173879286)|VARIABLE_SCOPE_BEGIN|[14]|pais|Country__c|true|false
15:40:25.3 (173888304)|VARIABLE_ASSIGNMENT|[14]|pais|{"Name":"País Teste2","CountryCode__c":"P2"}|0x2ffa852e
15:40:25.3 (173892532)|STATEMENT_EXECUTE|[15]
15:40:25.3 (173919354)|HEAP_ALLOCATE|[15]|Bytes:8
15:40:25.3 (173931328)|DML_BEGIN|[15]|Op:Insert|Type:Country__c|Rows:1
15:40:25.3 (173967820)|HEAP_ALLOCATE|[EXTERNAL]|Bytes:8
15:40:25.3 (206721814)|DML_END|[15]
15:40:25.3 (206873124)|STATEMENT_EXECUTE|[17]
15:40:25.3 (206934758)|HEAP_ALLOCATE|[17]|Bytes:4
15:40:25.3 (207096461)|METHOD_ENTRY|[17]|01pg8000001w1Mi|TestFactorySObject.createSObject(SObject)
15:40:25.3 (207125911)|VARIABLE_SCOPE_BEGIN|[27]|this|TestFactorySObject|true|false
15:40:25.3 (207167322)|VARIABLE_ASSIGNMENT|[27]|this|{}|0x304ac437
15:40:25.3 (207170524)|VARIABLE_SCOPE_BEGIN|[27]|sObj|SObject|true|false
15:40:25.3 (207179332)|VARIABLE_ASSIGNMENT|[27]|sObj|{}|0x2580d47
15:40:25.3 (207192539)|STATEMENT_EXECUTE|[27]
15:40:25.3 (207194186)|STATEMENT_EXECUTE|[28]
15:40:25.3 (207199405)|METHOD_ENTRY|[28]|01pg8000001w1Mi|TestFactorySObject.validateSObject(SObject)
15:40:25.3 (207203147)|VARIABLE_SCOPE_BEGIN|[13]|sObj|SObject|true|false
15:40:25.3 (207207055)|VARIABLE_ASSIGNMENT|[13]|sObj|{}|0x2580d47
15:40:25.3 (207211960)|STATEMENT_EXECUTE|[13]
15:40:25.3 (207214616)|STATEMENT_EXECUTE|[14]
15:40:25.3 (207218152)|METHOD_EXIT|[28]|01pg8000001w1Mi|TestFactorySObject.validateSObject(SObject)
15:40:25.3 (207220767)|STATEMENT_EXECUTE|[30]
15:40:25.3 (207280296)|HEAP_ALLOCATE|[30]|Bytes:8
15:40:25.3 (207287947)|VARIABLE_SCOPE_BEGIN|[30]|objectName|String|false|false
15:40:25.3 (207300896)|VARIABLE_ASSIGNMENT|[30]|objectName|"State__c"
15:40:25.3 (207323113)|STATEMENT_EXECUTE|[31]
15:40:25.3 (207324061)|STATEMENT_EXECUTE|[35]
15:40:25.3 (207339647)|HEAP_ALLOCATE|[36]|Bytes:5
15:40:25.3 (207348642)|HEAP_ALLOCATE|[36]|Bytes:35
15:40:25.3 (207350795)|VARIABLE_SCOPE_BEGIN|[35]|defaultClassName|String|false|false
15:40:25.3 (207356869)|VARIABLE_ASSIGNMENT|[35]|defaultClassName|"TemplateDefaultField (15 more) ..."
15:40:25.3 (207359229)|STATEMENT_EXECUTE|[38]
15:40:25.3 (207363185)|METHOD_ENTRY|[38]|01pg8000001w1Mi|TestFactorySObject.dispatchSObjectCreation(SObject, String)
15:40:25.3 (207366123)|VARIABLE_SCOPE_BEGIN|[42]|this|TestFactorySObject|true|false
15:40:25.3 (207373848)|VARIABLE_ASSIGNMENT|[42]|this|{}|0x304ac437
15:40:25.3 (207376454)|VARIABLE_SCOPE_BEGIN|[42]|sObj|SObject|true|false
15:40:25.3 (207380549)|VARIABLE_ASSIGNMENT|[42]|sObj|{}|0x2580d47
15:40:25.3 (207382986)|VARIABLE_SCOPE_BEGIN|[42]|defaultClassName|String|false|false
15:40:25.3 (207387281)|VARIABLE_ASSIGNMENT|[42]|defaultClassName|"TemplateDefaultField (15 more) ..."
15:40:25.3 (207391489)|STATEMENT_EXECUTE|[42]
15:40:25.3 (207392483)|STATEMENT_EXECUTE|[44]
15:40:25.3 (207396235)|METHOD_ENTRY|[44]||System.Type.forName(String)
15:40:25.3 (209287884)|METHOD_EXIT|[44]||System.Type.forName(String)
15:40:25.3 (209297938)|VARIABLE_SCOPE_BEGIN|[44]|t|System.Type|true|false
15:40:25.3 (209327800)|VARIABLE_ASSIGNMENT|[44]|t|{"aot":"0x5fd0f31d"}|0x4d3565bc
15:40:25.3 (209332606)|STATEMENT_EXECUTE|[45]
15:40:25.3 (209333925)|STATEMENT_EXECUTE|[51]
15:40:25.3 (209338827)|METHOD_ENTRY|[52]||System.Type.newInstance()
15:40:25.3 (209487122)|STATEMENT_EXECUTE|[28]
15:40:25.3 (209496982)|METHOD_EXIT|[52]||System.Type.newInstance()
15:40:25.3 (209505016)|VARIABLE_SCOPE_BEGIN|[51]|defaults|TemplateDefaultFields.FieldDefaults|true|false
15:40:25.3 (209514388)|VARIABLE_ASSIGNMENT|[51]|defaults|{}|0x7919352f
15:40:25.3 (209517108)|STATEMENT_EXECUTE|[53]
15:40:25.3 (209539592)|METHOD_ENTRY|[53]|01pg8000001w1Mh|TemplateDefaultFields.StateDefaults.getFieldDefaults(Decimal)
15:40:25.3 (209544140)|VARIABLE_SCOPE_BEGIN|[29]|this|TemplateDefaultFields.StateDefaults|true|false
15:40:25.3 (209549869)|VARIABLE_ASSIGNMENT|[29]|this|{}|0x7919352f
15:40:25.3 (209552934)|VARIABLE_SCOPE_BEGIN|[29]|countSObjectCreated|Decimal|false|false
15:40:25.3 (209561771)|VARIABLE_ASSIGNMENT|[29]|countSObjectCreated|3
15:40:25.3 (209567516)|STATEMENT_EXECUTE|[29]
15:40:25.3 (209568527)|STATEMENT_EXECUTE|[30]
15:40:25.3 (209583892)|HEAP_ALLOCATE|[30]|Bytes:4
15:40:25.3 (209594351)|HEAP_ALLOCATE|[31]|Bytes:12
15:40:25.3 (209640435)|HEAP_ALLOCATE|[31]|Bytes:1
15:40:25.3 (209649590)|HEAP_ALLOCATE|[31]|Bytes:13
15:40:25.3 (209674439)|HEAP_ALLOCATE|[32]|Bytes:12
15:40:25.3 (209676530)|HEAP_ALLOCATE|[32]|Bytes:1
15:40:25.3 (209686954)|HEAP_ALLOCATE|[32]|Bytes:1
15:40:25.3 (209691659)|HEAP_ALLOCATE|[32]|Bytes:2
15:40:25.3 (209701130)|METHOD_EXIT|[53]|01pg8000001w1Mh|TemplateDefaultFields.StateDefaults.getFieldDefaults(Decimal)
15:40:25.3 (209706166)|METHOD_ENTRY|[53]|01pg8000001w1Mi|TestFactorySObject.addFieldDefaults(SObject, Map<String,ANY>)
15:40:25.3 (209709646)|VARIABLE_SCOPE_BEGIN|[19]|sObj|SObject|true|false
15:40:25.3 (209718606)|VARIABLE_ASSIGNMENT|[19]|sObj|{}|0x2580d47
15:40:25.3 (209721545)|VARIABLE_SCOPE_BEGIN|[19]|defaultFields|Map<String,ANY>|true|false
15:40:25.3 (209737331)|VARIABLE_ASSIGNMENT|[19]|defaultFields|{"Name":"Estado Teste3","StateCode__c":"E3"}|0x41694e30
15:40:25.3 (209742149)|STATEMENT_EXECUTE|[19]
15:40:25.3 (209774711)|HEAP_ALLOCATE|[20]|Bytes:28
15:40:25.3 (209797731)|HEAP_ALLOCATE|[20]|Bytes:5
15:40:25.3 (209810185)|VARIABLE_SCOPE_BEGIN|[20]|fieldApiName|String|false|false
15:40:25.3 (209820010)|VARIABLE_ASSIGNMENT|[20]|fieldApiName|"Name"
15:40:25.3 (209823356)|STATEMENT_EXECUTE|[20]
15:40:25.3 (209916024)|STATEMENT_EXECUTE|[21]
15:40:25.3 (209917088)|STATEMENT_EXECUTE|[22]
15:40:25.3 (209992415)|HEAP_ALLOCATE|[20]|Bytes:5
15:40:25.3 (209997870)|VARIABLE_SCOPE_BEGIN|[20]|fieldApiName|String|false|false
15:40:25.3 (210002590)|VARIABLE_ASSIGNMENT|[20]|fieldApiName|"StateCode__c"
15:40:25.3 (210005727)|STATEMENT_EXECUTE|[20]
15:40:25.3 (210029569)|STATEMENT_EXECUTE|[21]
15:40:25.3 (210030543)|STATEMENT_EXECUTE|[22]
15:40:25.3 (210059894)|HEAP_ALLOCATE|[20]|Bytes:5
15:40:25.3 (210066584)|VARIABLE_ASSIGNMENT|[20]|fieldApiName|null
15:40:25.3 (210071562)|METHOD_EXIT|[53]|01pg8000001w1Mi|TestFactorySObject.addFieldDefaults(SObject, Map<String,ANY>)
15:40:25.3 (210074016)|STATEMENT_EXECUTE|[54]
15:40:25.3 (210093385)|HEAP_ALLOCATE|[54]|Bytes:28
15:40:25.3 (210095253)|HEAP_ALLOCATE|[54]|Bytes:28
15:40:25.3 (210112873)|HEAP_ALLOCATE|[54]|Bytes:28
15:40:25.3 (210114654)|HEAP_ALLOCATE|[54]|Bytes:28
15:40:25.3 (210128214)|VARIABLE_ASSIGNMENT|[54]|TestFactorySObject.countSObjectCreated|4
15:40:25.3 (210130479)|STATEMENT_EXECUTE|[56]
15:40:25.3 (210133280)|METHOD_EXIT|[38]|01pg8000001w1Mi|TestFactorySObject.dispatchSObjectCreation(SObject, String)
15:40:25.3 (210137244)|METHOD_EXIT|[17]|01pg8000001w1Mi|TestFactorySObject.createSObject(SObject)
15:40:25.3 (210144740)|VARIABLE_SCOPE_BEGIN|[17]|estado1|State__c|true|false
15:40:25.3 (210152869)|VARIABLE_ASSIGNMENT|[17]|estado1|{"Name":"Estado Teste3","StateCode__c":"E3"}|0x2580d47
15:40:25.3 (210155749)|STATEMENT_EXECUTE|[18]
15:40:25.3 (210235083)|VARIABLE_ASSIGNMENT|[18]|this.Country__c|"a03g80000084yQnAAI"|0x2580d47
15:40:25.3 (210238152)|STATEMENT_EXECUTE|[19]
15:40:25.3 (210258989)|HEAP_ALLOCATE|[19]|Bytes:8
15:40:25.3 (210270739)|DML_BEGIN|[19]|Op:Insert|Type:State__c|Rows:1
15:40:25.3 (210304002)|HEAP_ALLOCATE|[EXTERNAL]|Bytes:8
15:40:25.3 (219554273)|CODE_UNIT_STARTED|[EXTERNAL]|Validation:State:new
15:40:25.3 (219579007)|VALIDATION_RULE|03dg8000000VA7x|Estado_Precisa_de_Pais
15:40:25.3 (219698954)|VALIDATION_FORMULA|ISBLANK(Country__c)|Country__c=a03g80000084yQn
15:40:25.3 (219703049)|VALIDATION_PASS
15:40:25.3 (219708050)|CODE_UNIT_FINISHED|Validation:State:new
15:40:25.3 (243639716)|DML_END|[19]
15:40:25.3 (243835923)|STATEMENT_EXECUTE|[21]
15:40:25.3 (243911887)|HEAP_ALLOCATE|[21]|Bytes:4
15:40:25.3 (244099633)|METHOD_ENTRY|[21]|01pg8000001w1Mi|TestFactorySObject.createSObject(SObject)
15:40:25.3 (244137687)|VARIABLE_SCOPE_BEGIN|[27]|this|TestFactorySObject|true|false
15:40:25.3 (244205862)|VARIABLE_ASSIGNMENT|[27]|this|{}|0x304ac437
15:40:25.3 (244209885)|VARIABLE_SCOPE_BEGIN|[27]|sObj|SObject|true|false
15:40:25.3 (244220392)|VARIABLE_ASSIGNMENT|[27]|sObj|{}|0x5b9a76
15:40:25.3 (244236337)|STATEMENT_EXECUTE|[27]
15:40:25.3 (244237770)|STATEMENT_EXECUTE|[28]
15:40:25.3 (244243740)|METHOD_ENTRY|[28]|01pg8000001w1Mi|TestFactorySObject.validateSObject(SObject)
15:40:25.3 (244248000)|VARIABLE_SCOPE_BEGIN|[13]|sObj|SObject|true|false
15:40:25.3 (244251893)|VARIABLE_ASSIGNMENT|[13]|sObj|{}|0x5b9a76
15:40:25.3 (244256797)|STATEMENT_EXECUTE|[13]
15:40:25.3 (244259357)|STATEMENT_EXECUTE|[14]
15:40:25.3 (244262838)|METHOD_EXIT|[28]|01pg8000001w1Mi|TestFactorySObject.validateSObject(SObject)
15:40:25.3 (244265422)|STATEMENT_EXECUTE|[30]
15:40:25.3 (244331290)|HEAP_ALLOCATE|[30]|Bytes:7
15:40:25.3 (244339453)|VARIABLE_SCOPE_BEGIN|[30]|objectName|String|false|false
15:40:25.3 (244351705)|VARIABLE_ASSIGNMENT|[30]|objectName|"City__c"
15:40:25.3 (244376130)|STATEMENT_EXECUTE|[31]
15:40:25.3 (244377376)|STATEMENT_EXECUTE|[35]
15:40:25.3 (244395374)|HEAP_ALLOCATE|[36]|Bytes:4
15:40:25.3 (244404651)|HEAP_ALLOCATE|[36]|Bytes:34
15:40:25.3 (244407081)|VARIABLE_SCOPE_BEGIN|[35]|defaultClassName|String|false|false
15:40:25.3 (244414138)|VARIABLE_ASSIGNMENT|[35]|defaultClassName|"TemplateDefaultField (14 more) ..."
15:40:25.3 (244416496)|STATEMENT_EXECUTE|[38]
15:40:25.3 (244420877)|METHOD_ENTRY|[38]|01pg8000001w1Mi|TestFactorySObject.dispatchSObjectCreation(SObject, String)
15:40:25.3 (244424178)|VARIABLE_SCOPE_BEGIN|[42]|this|TestFactorySObject|true|false
15:40:25.3 (244433291)|VARIABLE_ASSIGNMENT|[42]|this|{}|0x304ac437
15:40:25.3 (244436101)|VARIABLE_SCOPE_BEGIN|[42]|sObj|SObject|true|false
15:40:25.3 (244440063)|VARIABLE_ASSIGNMENT|[42]|sObj|{}|0x5b9a76
15:40:25.3 (244442813)|VARIABLE_SCOPE_BEGIN|[42]|defaultClassName|String|false|false
15:40:25.3 (244447399)|VARIABLE_ASSIGNMENT|[42]|defaultClassName|"TemplateDefaultField (14 more) ..."
15:40:25.3 (244451289)|STATEMENT_EXECUTE|[42]
15:40:25.3 (244452257)|STATEMENT_EXECUTE|[44]
15:40:25.3 (244456539)|METHOD_ENTRY|[44]||System.Type.forName(String)
15:40:25.3 (246843293)|METHOD_EXIT|[44]||System.Type.forName(String)
15:40:25.3 (246861471)|VARIABLE_SCOPE_BEGIN|[44]|t|System.Type|true|false
15:40:25.3 (246937630)|VARIABLE_ASSIGNMENT|[44]|t|{"aot":"0x72d1f7b"}|0x553105b7
15:40:25.3 (246946030)|STATEMENT_EXECUTE|[45]
15:40:25.3 (246948078)|STATEMENT_EXECUTE|[51]
15:40:25.3 (246956186)|METHOD_ENTRY|[52]||System.Type.newInstance()
15:40:25.3 (247127067)|STATEMENT_EXECUTE|[37]
15:40:25.3 (247139944)|METHOD_EXIT|[52]||System.Type.newInstance()
15:40:25.3 (247148849)|VARIABLE_SCOPE_BEGIN|[51]|defaults|TemplateDefaultFields.FieldDefaults|true|false
15:40:25.3 (247159888)|VARIABLE_ASSIGNMENT|[51]|defaults|{}|0x68fad1a0
15:40:25.3 (247162829)|STATEMENT_EXECUTE|[53]
15:40:25.3 (247188992)|METHOD_ENTRY|[53]|01pg8000001w1Mh|TemplateDefaultFields.CityDefaults.getFieldDefaults(Decimal)
15:40:25.3 (247193620)|VARIABLE_SCOPE_BEGIN|[38]|this|TemplateDefaultFields.CityDefaults|true|false
15:40:25.3 (247198936)|VARIABLE_ASSIGNMENT|[38]|this|{}|0x68fad1a0
15:40:25.3 (247202853)|VARIABLE_SCOPE_BEGIN|[38]|countSObjectCreated|Decimal|false|false
15:40:25.3 (247211589)|VARIABLE_ASSIGNMENT|[38]|countSObjectCreated|4
15:40:25.3 (247217869)|STATEMENT_EXECUTE|[38]
15:40:25.3 (247219166)|STATEMENT_EXECUTE|[39]
15:40:25.3 (247236087)|HEAP_ALLOCATE|[39]|Bytes:4
15:40:25.3 (247247989)|HEAP_ALLOCATE|[40]|Bytes:12
15:40:25.3 (247372838)|HEAP_ALLOCATE|[40]|Bytes:1
15:40:25.3 (247383978)|HEAP_ALLOCATE|[40]|Bytes:13
15:40:25.3 (247411839)|HEAP_ALLOCATE|[41]|Bytes:11
15:40:25.3 (247414266)|HEAP_ALLOCATE|[41]|Bytes:1
15:40:25.3 (247421948)|HEAP_ALLOCATE|[41]|Bytes:1
15:40:25.3 (247426751)|HEAP_ALLOCATE|[41]|Bytes:2
15:40:25.3 (247432693)|METHOD_EXIT|[53]|01pg8000001w1Mh|TemplateDefaultFields.CityDefaults.getFieldDefaults(Decimal)
15:40:25.3 (247438207)|METHOD_ENTRY|[53]|01pg8000001w1Mi|TestFactorySObject.addFieldDefaults(SObject, Map<String,ANY>)
15:40:25.3 (247441970)|VARIABLE_SCOPE_BEGIN|[19]|sObj|SObject|true|false
15:40:25.3 (247452324)|VARIABLE_ASSIGNMENT|[19]|sObj|{}|0x5b9a76
15:40:25.3 (247455212)|VARIABLE_SCOPE_BEGIN|[19]|defaultFields|Map<String,ANY>|true|false
15:40:25.3 (247472068)|VARIABLE_ASSIGNMENT|[19]|defaultFields|{"Name":"Cidade Teste4","CityCode__c":"C4"}|0x107ef8e8
15:40:25.3 (247477261)|STATEMENT_EXECUTE|[19]
15:40:25.3 (247513972)|HEAP_ALLOCATE|[20]|Bytes:27
15:40:25.3 (247537892)|HEAP_ALLOCATE|[20]|Bytes:5
15:40:25.3 (247550216)|VARIABLE_SCOPE_BEGIN|[20]|fieldApiName|String|false|false
15:40:25.3 (247555311)|VARIABLE_ASSIGNMENT|[20]|fieldApiName|"Name"
15:40:25.3 (247558695)|STATEMENT_EXECUTE|[20]
15:40:25.3 (247665177)|STATEMENT_EXECUTE|[21]
15:40:25.3 (247666281)|STATEMENT_EXECUTE|[22]
15:40:25.3 (247747601)|HEAP_ALLOCATE|[20]|Bytes:5
15:40:25.3 (247753516)|VARIABLE_SCOPE_BEGIN|[20]|fieldApiName|String|false|false
15:40:25.3 (247758363)|VARIABLE_ASSIGNMENT|[20]|fieldApiName|"CityCode__c"
15:40:25.3 (247760664)|STATEMENT_EXECUTE|[20]
15:40:25.3 (247787521)|STATEMENT_EXECUTE|[21]
15:40:25.3 (247788486)|STATEMENT_EXECUTE|[22]
15:40:25.3 (247817654)|HEAP_ALLOCATE|[20]|Bytes:5
15:40:25.3 (247824022)|VARIABLE_ASSIGNMENT|[20]|fieldApiName|null
15:40:25.3 (247829059)|METHOD_EXIT|[53]|01pg8000001w1Mi|TestFactorySObject.addFieldDefaults(SObject, Map<String,ANY>)
15:40:25.3 (247831586)|STATEMENT_EXECUTE|[54]
15:40:25.3 (247853361)|HEAP_ALLOCATE|[54]|Bytes:28
15:40:25.3 (247855381)|HEAP_ALLOCATE|[54]|Bytes:28
15:40:25.3 (247873086)|HEAP_ALLOCATE|[54]|Bytes:28
15:40:25.3 (247874641)|HEAP_ALLOCATE|[54]|Bytes:28
15:40:25.3 (247889174)|VARIABLE_ASSIGNMENT|[54]|TestFactorySObject.countSObjectCreated|5
15:40:25.3 (247891640)|STATEMENT_EXECUTE|[56]
15:40:25.3 (247894611)|METHOD_EXIT|[38]|01pg8000001w1Mi|TestFactorySObject.dispatchSObjectCreation(SObject, String)
15:40:25.3 (247898613)|METHOD_EXIT|[21]|01pg8000001w1Mi|TestFactorySObject.createSObject(SObject)
15:40:25.3 (247906001)|VARIABLE_SCOPE_BEGIN|[21]|cidade|City__c|true|false
15:40:25.3 (247914431)|VARIABLE_ASSIGNMENT|[21]|cidade|{"Name":"Cidade Teste4","CityCode__c":"C4"}|0x5b9a76
15:40:25.3 (247917120)|STATEMENT_EXECUTE|[22]
15:40:25.3 (248006702)|VARIABLE_ASSIGNMENT|[22]|this.State__c|"a04g8000000b4z7AAA"|0x5b9a76
15:40:25.3 (248010715)|STATEMENT_EXECUTE|[23]
15:40:25.3 (248036121)|HEAP_ALLOCATE|[23]|Bytes:8
15:40:25.3 (248048726)|DML_BEGIN|[23]|Op:Insert|Type:City__c|Rows:1
15:40:25.3 (248085719)|HEAP_ALLOCATE|[EXTERNAL]|Bytes:8
15:40:25.3 (260212314)|CODE_UNIT_STARTED|[EXTERNAL]|Validation:City:new
15:40:25.3 (260241006)|VALIDATION_RULE|03dg8000000VA7F|Cidade_Precisa_de_Estado
15:40:25.3 (260415069)|VALIDATION_FORMULA|ISBLANK(State__c)|State__c=a04g8000000b4z7
15:40:25.3 (260421203)|VALIDATION_PASS
15:40:25.3 (260427782)|CODE_UNIT_FINISHED|Validation:City:new
15:40:25.3 (283970821)|DML_END|[23]
15:40:25.3 (284127119)|STATEMENT_EXECUTE|[25]
15:40:25.3 (284213219)|HEAP_ALLOCATE|[25]|Bytes:4
15:40:25.3 (284394988)|METHOD_ENTRY|[25]|01pg8000001w1Mi|TestFactorySObject.createSObject(SObject)
15:40:25.3 (284427098)|VARIABLE_SCOPE_BEGIN|[27]|this|TestFactorySObject|true|false
15:40:25.3 (284475548)|VARIABLE_ASSIGNMENT|[27]|this|{}|0x304ac437
15:40:25.3 (284479253)|VARIABLE_SCOPE_BEGIN|[27]|sObj|SObject|true|false
15:40:25.3 (284490648)|VARIABLE_ASSIGNMENT|[27]|sObj|{}|0x64d26248
15:40:25.3 (284505438)|STATEMENT_EXECUTE|[27]
15:40:25.3 (284506625)|STATEMENT_EXECUTE|[28]
15:40:25.3 (284512298)|METHOD_ENTRY|[28]|01pg8000001w1Mi|TestFactorySObject.validateSObject(SObject)
15:40:25.3 (284515842)|VARIABLE_SCOPE_BEGIN|[13]|sObj|SObject|true|false
15:40:25.3 (284520004)|VARIABLE_ASSIGNMENT|[13]|sObj|{}|0x64d26248
15:40:25.3 (284525022)|STATEMENT_EXECUTE|[13]
15:40:25.3 (284527515)|STATEMENT_EXECUTE|[14]
15:40:25.3 (284531602)|METHOD_EXIT|[28]|01pg8000001w1Mi|TestFactorySObject.validateSObject(SObject)
15:40:25.3 (284534415)|STATEMENT_EXECUTE|[30]
15:40:25.3 (284595738)|HEAP_ALLOCATE|[30]|Bytes:21
15:40:25.3 (284603690)|VARIABLE_SCOPE_BEGIN|[30]|objectName|String|false|false
15:40:25.3 (284618137)|VARIABLE_ASSIGNMENT|[30]|objectName|"DistributionCenter__ (1 more) ..."
15:40:25.3 (284641542)|STATEMENT_EXECUTE|[31]
15:40:25.3 (284642489)|STATEMENT_EXECUTE|[35]
15:40:25.3 (284660203)|HEAP_ALLOCATE|[36]|Bytes:18
15:40:25.3 (284671195)|HEAP_ALLOCATE|[36]|Bytes:48
15:40:25.3 (284674593)|VARIABLE_SCOPE_BEGIN|[35]|defaultClassName|String|false|false
15:40:25.3 (284683399)|VARIABLE_ASSIGNMENT|[35]|defaultClassName|"TemplateDefaultField (28 more) ..."
15:40:25.3 (284686049)|STATEMENT_EXECUTE|[38]
15:40:25.3 (284690341)|METHOD_ENTRY|[38]|01pg8000001w1Mi|TestFactorySObject.dispatchSObjectCreation(SObject, String)
15:40:25.3 (284693842)|VARIABLE_SCOPE_BEGIN|[42]|this|TestFactorySObject|true|false
15:40:25.3 (284702772)|VARIABLE_ASSIGNMENT|[42]|this|{}|0x304ac437
15:40:25.3 (284705564)|VARIABLE_SCOPE_BEGIN|[42]|sObj|SObject|true|false
15:40:25.3 (284709727)|VARIABLE_ASSIGNMENT|[42]|sObj|{}|0x64d26248
15:40:25.3 (284712489)|VARIABLE_SCOPE_BEGIN|[42]|defaultClassName|String|false|false
15:40:25.3 (284717092)|VARIABLE_ASSIGNMENT|[42]|defaultClassName|"TemplateDefaultField (28 more) ..."
15:40:25.3 (284721827)|STATEMENT_EXECUTE|[42]
15:40:25.3 (284722839)|STATEMENT_EXECUTE|[44]
15:40:25.3 (284726549)|METHOD_ENTRY|[44]||System.Type.forName(String)
15:40:25.3 (286757721)|METHOD_EXIT|[44]||System.Type.forName(String)
15:40:25.3 (286769152)|VARIABLE_SCOPE_BEGIN|[44]|t|System.Type|true|false
15:40:25.3 (286804525)|VARIABLE_ASSIGNMENT|[44]|t|{"aot":"0x6881e0ef"}|0x7ae5dd1e
15:40:25.3 (286809876)|STATEMENT_EXECUTE|[45]
15:40:25.3 (286811369)|STATEMENT_EXECUTE|[51]
15:40:25.3 (286816748)|METHOD_ENTRY|[52]||System.Type.newInstance()
15:40:25.3 (286945437)|STATEMENT_EXECUTE|[46]
15:40:25.3 (286955561)|METHOD_EXIT|[52]||System.Type.newInstance()
15:40:25.3 (286963451)|VARIABLE_SCOPE_BEGIN|[51]|defaults|TemplateDefaultFields.FieldDefaults|true|false
15:40:25.3 (286972060)|VARIABLE_ASSIGNMENT|[51]|defaults|{}|0x35ae7374
15:40:25.3 (286974817)|STATEMENT_EXECUTE|[53]
15:40:25.3 (286998480)|METHOD_ENTRY|[53]|01pg8000001w1Mh|TemplateDefaultFields.DistributionCenterDefaults.getFieldDefaults(Decimal)
15:40:25.3 (287003161)|VARIABLE_SCOPE_BEGIN|[47]|this|TemplateDefaultFields.DistributionCenterDefaults|true|false
15:40:25.3 (287009147)|VARIABLE_ASSIGNMENT|[47]|this|{}|0x35ae7374
15:40:25.3 (287012513)|VARIABLE_SCOPE_BEGIN|[47]|countSObjectCreated|Decimal|false|false
15:40:25.3 (287021146)|VARIABLE_ASSIGNMENT|[47]|countSObjectCreated|5
15:40:25.3 (287026108)|STATEMENT_EXECUTE|[47]
15:40:25.3 (287027325)|STATEMENT_EXECUTE|[48]
15:40:25.3 (287043730)|HEAP_ALLOCATE|[48]|Bytes:4
15:40:25.3 (287054959)|HEAP_ALLOCATE|[49]|Bytes:28
15:40:25.3 (287099814)|HEAP_ALLOCATE|[49]|Bytes:1
15:40:25.3 (287109705)|HEAP_ALLOCATE|[49]|Bytes:29
15:40:25.3 (287135192)|HEAP_ALLOCATE|[50]|Bytes:25
15:40:25.3 (287137377)|HEAP_ALLOCATE|[50]|Bytes:2
15:40:25.3 (287144896)|HEAP_ALLOCATE|[50]|Bytes:1
15:40:25.3 (287149581)|HEAP_ALLOCATE|[50]|Bytes:3
15:40:25.3 (287155540)|METHOD_EXIT|[53]|01pg8000001w1Mh|TemplateDefaultFields.DistributionCenterDefaults.getFieldDefaults(Decimal)
15:40:25.3 (287160342)|METHOD_ENTRY|[53]|01pg8000001w1Mi|TestFactorySObject.addFieldDefaults(SObject, Map<String,ANY>)
15:40:25.3 (287163926)|VARIABLE_SCOPE_BEGIN|[19]|sObj|SObject|true|false
15:40:25.3 (287172521)|VARIABLE_ASSIGNMENT|[19]|sObj|{}|0x64d26248
15:40:25.3 (287175422)|VARIABLE_SCOPE_BEGIN|[19]|defaultFields|Map<String,ANY>|true|false
15:40:25.3 (287192370)|VARIABLE_ASSIGNMENT|[19]|defaultFields|{"Name":"Centro de Distribuiç (9 more) ...","DistributionCenterCode__c":"DC5"}|0x41bd721d
15:40:25.3 (287198374)|STATEMENT_EXECUTE|[19]
15:40:25.3 (287234574)|HEAP_ALLOCATE|[20]|Bytes:41
15:40:25.3 (287258190)|HEAP_ALLOCATE|[20]|Bytes:5
15:40:25.3 (287270690)|VARIABLE_SCOPE_BEGIN|[20]|fieldApiName|String|false|false
15:40:25.3 (287275359)|VARIABLE_ASSIGNMENT|[20]|fieldApiName|"Name"
15:40:25.3 (287278535)|STATEMENT_EXECUTE|[20]
15:40:25.3 (287387020)|STATEMENT_EXECUTE|[21]
15:40:25.3 (287388196)|STATEMENT_EXECUTE|[22]
15:40:25.3 (287470892)|HEAP_ALLOCATE|[20]|Bytes:5
15:40:25.3 (287476598)|VARIABLE_SCOPE_BEGIN|[20]|fieldApiName|String|false|false
15:40:25.3 (287482162)|VARIABLE_ASSIGNMENT|[20]|fieldApiName|"DistributionCenterCo (5 more) ..."
15:40:25.3 (287484502)|STATEMENT_EXECUTE|[20]
15:40:25.3 (287513361)|STATEMENT_EXECUTE|[21]
15:40:25.3 (287514393)|STATEMENT_EXECUTE|[22]
15:40:25.3 (287545402)|HEAP_ALLOCATE|[20]|Bytes:5
15:40:25.3 (287551679)|VARIABLE_ASSIGNMENT|[20]|fieldApiName|null
15:40:25.3 (287556407)|METHOD_EXIT|[53]|01pg8000001w1Mi|TestFactorySObject.addFieldDefaults(SObject, Map<String,ANY>)
15:40:25.3 (287559070)|STATEMENT_EXECUTE|[54]
15:40:25.3 (287579119)|HEAP_ALLOCATE|[54]|Bytes:28
15:40:25.3 (287581322)|HEAP_ALLOCATE|[54]|Bytes:28
15:40:25.3 (287600009)|HEAP_ALLOCATE|[54]|Bytes:28
15:40:25.3 (287601534)|HEAP_ALLOCATE|[54]|Bytes:28
15:40:25.3 (287614977)|VARIABLE_ASSIGNMENT|[54]|TestFactorySObject.countSObjectCreated|6
15:40:25.3 (287617608)|STATEMENT_EXECUTE|[56]
15:40:25.3 (287620461)|METHOD_EXIT|[38]|01pg8000001w1Mi|TestFactorySObject.dispatchSObjectCreation(SObject, String)
15:40:25.3 (287624481)|METHOD_EXIT|[25]|01pg8000001w1Mi|TestFactorySObject.createSObject(SObject)
15:40:25.3 (287631727)|VARIABLE_SCOPE_BEGIN|[25]|dc|DistributionCenter__c|true|false
15:40:25.3 (287641591)|VARIABLE_ASSIGNMENT|[25]|dc|{"Name":"Centro de Distribuiç (9 more) ...","DistributionCenterCode__c":"DC5"}|0x64d26248
15:40:25.3 (287645474)|STATEMENT_EXECUTE|[26]
15:40:25.3 (287732025)|VARIABLE_ASSIGNMENT|[26]|this.City__c|"a05g8000002BenNAAS"|0x64d26248
15:40:25.3 (287735298)|STATEMENT_EXECUTE|[27]
15:40:25.3 (287758351)|VARIABLE_ASSIGNMENT|[27]|this.State__c|"a04g8000000b4z7AAA"|0x64d26248
15:40:25.3 (287761192)|STATEMENT_EXECUTE|[28]
15:40:25.3 (287779657)|VARIABLE_ASSIGNMENT|[28]|this.Country__c|"a03g80000084yQnAAI"|0x64d26248
15:40:25.3 (287782464)|STATEMENT_EXECUTE|[29]
15:40:25.3 (287805513)|HEAP_ALLOCATE|[29]|Bytes:8
15:40:25.3 (287819435)|DML_BEGIN|[29]|Op:Insert|Type:DistributionCenter__c|Rows:1
15:40:25.3 (287854984)|HEAP_ALLOCATE|[EXTERNAL]|Bytes:8
15:40:25.3 (322251566)|DML_END|[29]
15:40:25.3 (322403059)|STATEMENT_EXECUTE|[31]
15:40:25.3 (322466276)|HEAP_ALLOCATE|[31]|Bytes:4
15:40:25.3 (322629837)|METHOD_ENTRY|[31]|01pg8000001w1Mi|TestFactorySObject.createSObject(SObject)
15:40:25.3 (322658942)|VARIABLE_SCOPE_BEGIN|[27]|this|TestFactorySObject|true|false
15:40:25.3 (322703940)|VARIABLE_ASSIGNMENT|[27]|this|{}|0x304ac437
15:40:25.3 (322707378)|VARIABLE_SCOPE_BEGIN|[27]|sObj|SObject|true|false
15:40:25.3 (322716172)|VARIABLE_ASSIGNMENT|[27]|sObj|{}|0x1e2f7bb2
15:40:25.3 (322729866)|STATEMENT_EXECUTE|[27]
15:40:25.3 (322731369)|STATEMENT_EXECUTE|[28]
15:40:25.3 (322736325)|METHOD_ENTRY|[28]|01pg8000001w1Mi|TestFactorySObject.validateSObject(SObject)
15:40:25.3 (322739771)|VARIABLE_SCOPE_BEGIN|[13]|sObj|SObject|true|false
15:40:25.3 (322743577)|VARIABLE_ASSIGNMENT|[13]|sObj|{}|0x1e2f7bb2
15:40:25.3 (322747907)|STATEMENT_EXECUTE|[13]
15:40:25.3 (322750417)|STATEMENT_EXECUTE|[14]
15:40:25.3 (322754425)|METHOD_EXIT|[28]|01pg8000001w1Mi|TestFactorySObject.validateSObject(SObject)
15:40:25.3 (322757219)|STATEMENT_EXECUTE|[30]
15:40:25.3 (322815258)|HEAP_ALLOCATE|[30]|Bytes:19
15:40:25.3 (322822335)|VARIABLE_SCOPE_BEGIN|[30]|objectName|String|false|false
15:40:25.3 (322836184)|VARIABLE_ASSIGNMENT|[30]|objectName|"ProductHierarchy__c"
15:40:25.3 (322859183)|STATEMENT_EXECUTE|[31]
15:40:25.3 (322860440)|STATEMENT_EXECUTE|[35]
15:40:25.3 (322877710)|HEAP_ALLOCATE|[36]|Bytes:16
15:40:25.3 (322886548)|HEAP_ALLOCATE|[36]|Bytes:46
15:40:25.3 (322888528)|VARIABLE_SCOPE_BEGIN|[35]|defaultClassName|String|false|false
15:40:25.3 (322895096)|VARIABLE_ASSIGNMENT|[35]|defaultClassName|"TemplateDefaultField (26 more) ..."
15:40:25.3 (322897911)|STATEMENT_EXECUTE|[38]
15:40:25.3 (322901897)|METHOD_ENTRY|[38]|01pg8000001w1Mi|TestFactorySObject.dispatchSObjectCreation(SObject, String)
15:40:25.3 (322904941)|VARIABLE_SCOPE_BEGIN|[42]|this|TestFactorySObject|true|false
15:40:25.3 (322912999)|VARIABLE_ASSIGNMENT|[42]|this|{}|0x304ac437
15:40:25.3 (322915871)|VARIABLE_SCOPE_BEGIN|[42]|sObj|SObject|true|false
15:40:25.3 (322919579)|VARIABLE_ASSIGNMENT|[42]|sObj|{}|0x1e2f7bb2
15:40:25.3 (322922004)|VARIABLE_SCOPE_BEGIN|[42]|defaultClassName|String|false|false
15:40:25.3 (322926057)|VARIABLE_ASSIGNMENT|[42]|defaultClassName|"TemplateDefaultField (26 more) ..."
15:40:25.3 (322930186)|STATEMENT_EXECUTE|[42]
15:40:25.3 (322931279)|STATEMENT_EXECUTE|[44]
15:40:25.3 (322935003)|METHOD_ENTRY|[44]||System.Type.forName(String)
15:40:25.3 (325752042)|METHOD_EXIT|[44]||System.Type.forName(String)
15:40:25.3 (325764896)|VARIABLE_SCOPE_BEGIN|[44]|t|System.Type|true|false
15:40:25.3 (325799265)|VARIABLE_ASSIGNMENT|[44]|t|{"aot":"0x3bfd3b17"}|0x4d2c2186
15:40:25.3 (325804848)|STATEMENT_EXECUTE|[45]
15:40:25.3 (325806240)|STATEMENT_EXECUTE|[51]
15:40:25.3 (325811224)|METHOD_ENTRY|[52]||System.Type.newInstance()
15:40:25.3 (325938786)|STATEMENT_EXECUTE|[57]
15:40:25.3 (325948000)|METHOD_EXIT|[52]||System.Type.newInstance()
15:40:25.3 (325955894)|VARIABLE_SCOPE_BEGIN|[51]|defaults|TemplateDefaultFields.FieldDefaults|true|false
15:40:25.3 (325964858)|VARIABLE_ASSIGNMENT|[51]|defaults|{}|0x34049695
15:40:25.3 (325967556)|STATEMENT_EXECUTE|[53]
15:40:25.3 (325990922)|METHOD_ENTRY|[53]|01pg8000001w1Mh|TemplateDefaultFields.ProductHierarchyDefaults.getFieldDefaults(Decimal)
15:40:25.3 (325995758)|VARIABLE_SCOPE_BEGIN|[58]|this|TemplateDefaultFields.ProductHierarchyDefaults|true|false
15:40:25.3 (326001175)|VARIABLE_ASSIGNMENT|[58]|this|{}|0x34049695
15:40:25.3 (326005078)|VARIABLE_SCOPE_BEGIN|[58]|countSObjectCreated|Decimal|false|false
15:40:25.3 (326013335)|VARIABLE_ASSIGNMENT|[58]|countSObjectCreated|6
15:40:25.3 (326018661)|STATEMENT_EXECUTE|[58]
15:40:25.3 (326019653)|STATEMENT_EXECUTE|[59]
15:40:25.3 (326037140)|HEAP_ALLOCATE|[59]|Bytes:4
15:40:25.3 (326048750)|HEAP_ALLOCATE|[60]|Bytes:16
15:40:25.3 (326097271)|HEAP_ALLOCATE|[60]|Bytes:1
15:40:25.3 (326107608)|HEAP_ALLOCATE|[60]|Bytes:17
15:40:25.3 (326134261)|HEAP_ALLOCATE|[61]|Bytes:7
15:40:25.3 (326136382)|HEAP_ALLOCATE|[61]|Bytes:1
15:40:25.3 (326144380)|HEAP_ALLOCATE|[61]|Bytes:1
15:40:25.3 (326149242)|HEAP_ALLOCATE|[61]|Bytes:2
15:40:25.3 (326155630)|METHOD_EXIT|[53]|01pg8000001w1Mh|TemplateDefaultFields.ProductHierarchyDefaults.getFieldDefaults(Decimal)
15:40:25.3 (326161082)|METHOD_ENTRY|[53]|01pg8000001w1Mi|TestFactorySObject.addFieldDefaults(SObject, Map<String,ANY>)
15:40:25.3 (326164910)|VARIABLE_SCOPE_BEGIN|[19]|sObj|SObject|true|false
15:40:25.3 (326174505)|VARIABLE_ASSIGNMENT|[19]|sObj|{}|0x1e2f7bb2
15:40:25.3 (326177347)|VARIABLE_SCOPE_BEGIN|[19]|defaultFields|Map<String,ANY>|true|false
15:40:25.3 (326193187)|VARIABLE_ASSIGNMENT|[19]|defaultFields|{"Name":"Hierarquia Teste6","Code__c":"H6"}|0x54a6260c
15:40:25.3 (326198109)|STATEMENT_EXECUTE|[19]
15:40:25.3 (326234362)|HEAP_ALLOCATE|[20]|Bytes:23
15:40:25.3 (326257616)|HEAP_ALLOCATE|[20]|Bytes:5
15:40:25.3 (326270153)|VARIABLE_SCOPE_BEGIN|[20]|fieldApiName|String|false|false
15:40:25.3 (326275472)|VARIABLE_ASSIGNMENT|[20]|fieldApiName|"Name"
15:40:25.3 (326279131)|STATEMENT_EXECUTE|[20]
15:40:25.3 (326366051)|STATEMENT_EXECUTE|[21]
15:40:25.3 (326367170)|STATEMENT_EXECUTE|[22]
15:40:25.3 (326445186)|HEAP_ALLOCATE|[20]|Bytes:5
15:40:25.3 (326450500)|VARIABLE_SCOPE_BEGIN|[20]|fieldApiName|String|false|false
15:40:25.3 (326455266)|VARIABLE_ASSIGNMENT|[20]|fieldApiName|"Code__c"
15:40:25.3 (326457511)|STATEMENT_EXECUTE|[20]
15:40:25.3 (326484253)|STATEMENT_EXECUTE|[21]
15:40:25.3 (326485165)|STATEMENT_EXECUTE|[22]
15:40:25.3 (326512882)|HEAP_ALLOCATE|[20]|Bytes:5
15:40:25.3 (326519258)|VARIABLE_ASSIGNMENT|[20]|fieldApiName|null
15:40:25.3 (326523795)|METHOD_EXIT|[53]|01pg8000001w1Mi|TestFactorySObject.addFieldDefaults(SObject, Map<String,ANY>)
15:40:25.3 (326526358)|STATEMENT_EXECUTE|[54]
15:40:25.3 (326545977)|HEAP_ALLOCATE|[54]|Bytes:28
15:40:25.3 (326548170)|HEAP_ALLOCATE|[54]|Bytes:28
15:40:25.3 (326565055)|HEAP_ALLOCATE|[54]|Bytes:28
15:40:25.3 (326566625)|HEAP_ALLOCATE|[54]|Bytes:28
15:40:25.3 (326579566)|VARIABLE_ASSIGNMENT|[54]|TestFactorySObject.countSObjectCreated|7
15:40:25.3 (326582147)|STATEMENT_EXECUTE|[56]
15:40:25.3 (326585356)|METHOD_EXIT|[38]|01pg8000001w1Mi|TestFactorySObject.dispatchSObjectCreation(SObject, String)
15:40:25.3 (326589858)|METHOD_EXIT|[31]|01pg8000001w1Mi|TestFactorySObject.createSObject(SObject)
15:40:25.3 (326597107)|VARIABLE_SCOPE_BEGIN|[31]|productH|ProductHierarchy__c|true|false
15:40:25.3 (326606061)|VARIABLE_ASSIGNMENT|[31]|productH|{"Name":"Hierarquia Teste6","Code__c":"H6"}|0x1e2f7bb2
15:40:25.3 (326609128)|STATEMENT_EXECUTE|[32]
15:40:25.3 (326639774)|HEAP_ALLOCATE|[32]|Bytes:8
15:40:25.3 (326651094)|DML_BEGIN|[32]|Op:Insert|Type:ProductHierarchy__c|Rows:1
15:40:25.3 (326685885)|HEAP_ALLOCATE|[EXTERNAL]|Bytes:8
15:40:25.3 (360830194)|DML_END|[32]
15:40:25.3 (361053660)|STATEMENT_EXECUTE|[34]
15:40:25.3 (361141911)|HEAP_ALLOCATE|[34]|Bytes:4
15:40:25.3 (361314998)|METHOD_ENTRY|[34]|01pg8000001w1Mi|TestFactorySObject.createSObject(SObject)
15:40:25.3 (361348683)|VARIABLE_SCOPE_BEGIN|[27]|this|TestFactorySObject|true|false
15:40:25.3 (361398575)|VARIABLE_ASSIGNMENT|[27]|this|{}|0x304ac437
15:40:25.3 (361402031)|VARIABLE_SCOPE_BEGIN|[27]|sObj|SObject|true|false
15:40:25.3 (361412025)|VARIABLE_ASSIGNMENT|[27]|sObj|{}|0x311182ec
15:40:25.3 (361449957)|STATEMENT_EXECUTE|[27]
15:40:25.3 (361451412)|STATEMENT_EXECUTE|[28]
15:40:25.3 (361457681)|METHOD_ENTRY|[28]|01pg8000001w1Mi|TestFactorySObject.validateSObject(SObject)
15:40:25.3 (361461837)|VARIABLE_SCOPE_BEGIN|[13]|sObj|SObject|true|false
15:40:25.3 (361465771)|VARIABLE_ASSIGNMENT|[13]|sObj|{}|0x311182ec
15:40:25.3 (361470759)|STATEMENT_EXECUTE|[13]
15:40:25.3 (361473832)|STATEMENT_EXECUTE|[14]
15:40:25.3 (361477562)|METHOD_EXIT|[28]|01pg8000001w1Mi|TestFactorySObject.validateSObject(SObject)
15:40:25.3 (361480437)|STATEMENT_EXECUTE|[30]
15:40:25.3 (361540179)|HEAP_ALLOCATE|[30]|Bytes:8
15:40:25.3 (361548158)|VARIABLE_SCOPE_BEGIN|[30]|objectName|String|false|false
15:40:25.3 (361561497)|VARIABLE_ASSIGNMENT|[30]|objectName|"Product2"
15:40:25.3 (361585617)|STATEMENT_EXECUTE|[31]
15:40:25.3 (361586554)|STATEMENT_EXECUTE|[35]
15:40:25.3 (361602634)|HEAP_ALLOCATE|[36]|Bytes:8
15:40:25.3 (361611462)|HEAP_ALLOCATE|[36]|Bytes:38
15:40:25.3 (361613569)|VARIABLE_SCOPE_BEGIN|[35]|defaultClassName|String|false|false
15:40:25.3 (361619642)|VARIABLE_ASSIGNMENT|[35]|defaultClassName|"TemplateDefaultField (18 more) ..."
15:40:25.3 (361621956)|STATEMENT_EXECUTE|[38]
15:40:25.3 (361626288)|METHOD_ENTRY|[38]|01pg8000001w1Mi|TestFactorySObject.dispatchSObjectCreation(SObject, String)
15:40:25.3 (361629839)|VARIABLE_SCOPE_BEGIN|[42]|this|TestFactorySObject|true|false
15:40:25.3 (361638349)|VARIABLE_ASSIGNMENT|[42]|this|{}|0x304ac437
15:40:25.3 (361641287)|VARIABLE_SCOPE_BEGIN|[42]|sObj|SObject|true|false
15:40:25.3 (361645291)|VARIABLE_ASSIGNMENT|[42]|sObj|{}|0x311182ec
15:40:25.3 (361648033)|VARIABLE_SCOPE_BEGIN|[42]|defaultClassName|String|false|false
15:40:25.3 (361652364)|VARIABLE_ASSIGNMENT|[42]|defaultClassName|"TemplateDefaultField (18 more) ..."
15:40:25.3 (361656679)|STATEMENT_EXECUTE|[42]
15:40:25.3 (361657724)|STATEMENT_EXECUTE|[44]
15:40:25.3 (361661422)|METHOD_ENTRY|[44]||System.Type.forName(String)
15:40:25.3 (363593300)|METHOD_EXIT|[44]||System.Type.forName(String)
15:40:25.3 (363606428)|VARIABLE_SCOPE_BEGIN|[44]|t|System.Type|true|false
15:40:25.3 (363647608)|VARIABLE_ASSIGNMENT|[44]|t|{"aot":"0x1eaf68bc"}|0x5b7928ba
15:40:25.3 (363652473)|STATEMENT_EXECUTE|[45]
15:40:25.3 (363653785)|STATEMENT_EXECUTE|[51]
15:40:25.3 (363658603)|METHOD_ENTRY|[52]||System.Type.newInstance()
15:40:25.3 (363775810)|STATEMENT_EXECUTE|[66]
15:40:25.3 (363785174)|METHOD_EXIT|[52]||System.Type.newInstance()
15:40:25.3 (363792868)|VARIABLE_SCOPE_BEGIN|[51]|defaults|TemplateDefaultFields.FieldDefaults|true|false
15:40:25.3 (363801518)|VARIABLE_ASSIGNMENT|[51]|defaults|{}|0x7579417c
15:40:25.3 (363804013)|STATEMENT_EXECUTE|[53]
15:40:25.3 (363826829)|METHOD_ENTRY|[53]|01pg8000001w1Mh|TemplateDefaultFields.Product2Defaults.getFieldDefaults(Decimal)
15:40:25.3 (363831244)|VARIABLE_SCOPE_BEGIN|[67]|this|TemplateDefaultFields.Product2Defaults|true|false
15:40:25.3 (363836601)|VARIABLE_ASSIGNMENT|[67]|this|{}|0x7579417c
15:40:25.3 (363839846)|VARIABLE_SCOPE_BEGIN|[67]|countSObjectCreated|Decimal|false|false
15:40:25.3 (363848826)|VARIABLE_ASSIGNMENT|[67]|countSObjectCreated|7
15:40:25.3 (363854050)|STATEMENT_EXECUTE|[67]
15:40:25.3 (363855010)|STATEMENT_EXECUTE|[68]
15:40:25.3 (363870432)|HEAP_ALLOCATE|[68]|Bytes:4
15:40:25.3 (363880149)|HEAP_ALLOCATE|[69]|Bytes:12
15:40:25.3 (363926206)|HEAP_ALLOCATE|[69]|Bytes:1
15:40:25.3 (363935351)|HEAP_ALLOCATE|[69]|Bytes:13
15:40:25.3 (363960948)|HEAP_ALLOCATE|[70]|Bytes:13
15:40:25.3 (363963128)|HEAP_ALLOCATE|[70]|Bytes:4
15:40:25.3 (363970800)|HEAP_ALLOCATE|[70]|Bytes:1
15:40:25.3 (363975461)|HEAP_ALLOCATE|[70]|Bytes:5
15:40:25.3 (363980427)|HEAP_ALLOCATE|[71]|Bytes:17
15:40:25.3 (363985756)|HEAP_ALLOCATE|[68]|Bytes:4
15:40:25.3 (364008745)|HEAP_ALLOCATE|[72]|Bytes:8
15:40:25.3 (364016398)|HEAP_ALLOCATE|[68]|Bytes:5
15:40:25.3 (364021100)|METHOD_EXIT|[53]|01pg8000001w1Mh|TemplateDefaultFields.Product2Defaults.getFieldDefaults(Decimal)
15:40:25.3 (364026558)|METHOD_ENTRY|[53]|01pg8000001w1Mi|TestFactorySObject.addFieldDefaults(SObject, Map<String,ANY>)
15:40:25.3 (364030238)|VARIABLE_SCOPE_BEGIN|[19]|sObj|SObject|true|false
15:40:25.3 (364038666)|VARIABLE_ASSIGNMENT|[19]|sObj|{}|0x311182ec
15:40:25.3 (364041573)|VARIABLE_SCOPE_BEGIN|[19]|defaultFields|Map<String,ANY>|true|false
15:40:25.3 (364059443)|VARIABLE_ASSIGNMENT|[19]|defaultFields|{"Name":"Trator Teste7","UniqueCode__c":"TRT 7","ProductionCost__c":300000,"IsActive":true}|0x78912544
15:40:25.3 (364064648)|STATEMENT_EXECUTE|[19]
15:40:25.3 (364101143)|HEAP_ALLOCATE|[20]|Bytes:62
15:40:25.3 (364121303)|HEAP_ALLOCATE|[20]|Bytes:5
15:40:25.3 (364132761)|VARIABLE_SCOPE_BEGIN|[20]|fieldApiName|String|false|false
15:40:25.3 (364137638)|VARIABLE_ASSIGNMENT|[20]|fieldApiName|"Name"
15:40:25.3 (364140878)|STATEMENT_EXECUTE|[20]
15:40:25.3 (364253943)|STATEMENT_EXECUTE|[21]
15:40:25.3 (364255206)|STATEMENT_EXECUTE|[22]
15:40:25.3 (364333120)|HEAP_ALLOCATE|[20]|Bytes:5
15:40:25.3 (364339867)|VARIABLE_SCOPE_BEGIN|[20]|fieldApiName|String|false|false
15:40:25.3 (364344637)|VARIABLE_ASSIGNMENT|[20]|fieldApiName|"UniqueCode__c"
15:40:25.3 (364346840)|STATEMENT_EXECUTE|[20]
15:40:25.3 (364374777)|STATEMENT_EXECUTE|[21]
15:40:25.3 (364375791)|STATEMENT_EXECUTE|[22]
15:40:25.3 (364404851)|HEAP_ALLOCATE|[20]|Bytes:5
15:40:25.3 (364409412)|VARIABLE_SCOPE_BEGIN|[20]|fieldApiName|String|false|false
15:40:25.3 (364414066)|VARIABLE_ASSIGNMENT|[20]|fieldApiName|"ProductionCost__c"
15:40:25.3 (364416087)|STATEMENT_EXECUTE|[20]
15:40:25.3 (364428050)|STATEMENT_EXECUTE|[21]
15:40:25.3 (364428965)|STATEMENT_EXECUTE|[22]
15:40:25.3 (364447606)|HEAP_ALLOCATE|[20]|Bytes:5
15:40:25.3 (364451642)|VARIABLE_SCOPE_BEGIN|[20]|fieldApiName|String|false|false
15:40:25.3 (364455781)|VARIABLE_ASSIGNMENT|[20]|fieldApiName|"IsActive"
15:40:25.3 (364457809)|STATEMENT_EXECUTE|[20]
15:40:25.3 (364476482)|STATEMENT_EXECUTE|[21]
15:40:25.3 (364477409)|STATEMENT_EXECUTE|[22]
15:40:25.3 (364523709)|HEAP_ALLOCATE|[20]|Bytes:5
15:40:25.3 (364530354)|VARIABLE_ASSIGNMENT|[20]|fieldApiName|null
15:40:25.3 (364535125)|METHOD_EXIT|[53]|01pg8000001w1Mi|TestFactorySObject.addFieldDefaults(SObject, Map<String,ANY>)
15:40:25.3 (364538226)|STATEMENT_EXECUTE|[54]
15:40:25.3 (364556971)|HEAP_ALLOCATE|[54]|Bytes:28
15:40:25.3 (364558971)|HEAP_ALLOCATE|[54]|Bytes:28
15:40:25.3 (364576051)|HEAP_ALLOCATE|[54]|Bytes:28
15:40:25.3 (364577696)|HEAP_ALLOCATE|[54]|Bytes:28
15:40:25.3 (364591049)|VARIABLE_ASSIGNMENT|[54]|TestFactorySObject.countSObjectCreated|8
15:40:25.3 (364593622)|STATEMENT_EXECUTE|[56]
15:40:25.3 (364596423)|METHOD_EXIT|[38]|01pg8000001w1Mi|TestFactorySObject.dispatchSObjectCreation(SObject, String)
15:40:25.3 (364600396)|METHOD_EXIT|[34]|01pg8000001w1Mi|TestFactorySObject.createSObject(SObject)
15:40:25.3 (364608601)|VARIABLE_SCOPE_BEGIN|[34]|produto|Product2|true|false
15:40:25.3 (364618919)|VARIABLE_ASSIGNMENT|[34]|produto|{"Name":"Trator Teste7","UniqueCode__c":"TRT 7","ProductionCost__c":300000,"IsActive":true}|0x311182ec
15:40:25.3 (364622145)|STATEMENT_EXECUTE|[35]
15:40:25.3 (364720855)|VARIABLE_ASSIGNMENT|[35]|this.ProductHierarchy__c|"a01g8000009UgxYAAS"|0x311182ec
15:40:25.3 (364724185)|STATEMENT_EXECUTE|[36]
15:40:25.3 (364746704)|HEAP_ALLOCATE|[36]|Bytes:8
15:40:25.3 (364759407)|DML_BEGIN|[36]|Op:Insert|Type:Product2|Rows:1
15:40:25.3 (364792684)|HEAP_ALLOCATE|[EXTERNAL]|Bytes:8
15:40:25.3 (405375787)|DML_END|[36]
15:40:25.3 (405552027)|STATEMENT_EXECUTE|[38]
15:40:25.3 (405624188)|HEAP_ALLOCATE|[38]|Bytes:4
15:40:25.3 (405784267)|METHOD_ENTRY|[38]|01pg8000001w1Mi|TestFactorySObject.createSObject(SObject)
15:40:25.3 (405812342)|VARIABLE_SCOPE_BEGIN|[27]|this|TestFactorySObject|true|false
15:40:25.3 (405856309)|VARIABLE_ASSIGNMENT|[27]|this|{}|0x304ac437
15:40:25.3 (405859952)|VARIABLE_SCOPE_BEGIN|[27]|sObj|SObject|true|false
15:40:25.3 (405869512)|VARIABLE_ASSIGNMENT|[27]|sObj|{}|0x44f5290e
15:40:25.3 (405883830)|STATEMENT_EXECUTE|[27]
15:40:25.3 (405885400)|STATEMENT_EXECUTE|[28]
15:40:25.3 (405890779)|METHOD_ENTRY|[28]|01pg8000001w1Mi|TestFactorySObject.validateSObject(SObject)
15:40:25.3 (405894366)|VARIABLE_SCOPE_BEGIN|[13]|sObj|SObject|true|false
15:40:25.3 (405898127)|VARIABLE_ASSIGNMENT|[13]|sObj|{}|0x44f5290e
15:40:25.3 (405902807)|STATEMENT_EXECUTE|[13]
15:40:25.3 (405905360)|STATEMENT_EXECUTE|[14]
15:40:25.3 (405909010)|METHOD_EXIT|[28]|01pg8000001w1Mi|TestFactorySObject.validateSObject(SObject)
15:40:25.3 (405911576)|STATEMENT_EXECUTE|[30]
15:40:25.3 (405970697)|HEAP_ALLOCATE|[30]|Bytes:6
15:40:25.3 (405977376)|VARIABLE_SCOPE_BEGIN|[30]|objectName|String|false|false
15:40:25.3 (405989540)|VARIABLE_ASSIGNMENT|[30]|objectName|"Tax__c"
15:40:25.3 (406011914)|STATEMENT_EXECUTE|[31]
15:40:25.3 (406013722)|STATEMENT_EXECUTE|[35]
15:40:25.3 (406031027)|HEAP_ALLOCATE|[36]|Bytes:3
15:40:25.3 (406039485)|HEAP_ALLOCATE|[36]|Bytes:33
15:40:25.3 (406041792)|VARIABLE_SCOPE_BEGIN|[35]|defaultClassName|String|false|false
15:40:25.3 (406048381)|VARIABLE_ASSIGNMENT|[35]|defaultClassName|"TemplateDefaultField (13 more) ..."
15:40:25.3 (406050605)|STATEMENT_EXECUTE|[38]
15:40:25.3 (406054969)|METHOD_ENTRY|[38]|01pg8000001w1Mi|TestFactorySObject.dispatchSObjectCreation(SObject, String)
15:40:25.3 (406058229)|VARIABLE_SCOPE_BEGIN|[42]|this|TestFactorySObject|true|false
15:40:25.3 (406066516)|VARIABLE_ASSIGNMENT|[42]|this|{}|0x304ac437
15:40:25.3 (406069352)|VARIABLE_SCOPE_BEGIN|[42]|sObj|SObject|true|false
15:40:25.3 (406073577)|VARIABLE_ASSIGNMENT|[42]|sObj|{}|0x44f5290e
15:40:25.3 (406076239)|VARIABLE_SCOPE_BEGIN|[42]|defaultClassName|String|false|false
15:40:25.3 (406084931)|VARIABLE_ASSIGNMENT|[42]|defaultClassName|"TemplateDefaultField (13 more) ..."
15:40:25.3 (406089156)|STATEMENT_EXECUTE|[42]
15:40:25.3 (406090200)|STATEMENT_EXECUTE|[44]
15:40:25.3 (406094001)|METHOD_ENTRY|[44]||System.Type.forName(String)
15:40:25.3 (407981475)|METHOD_EXIT|[44]||System.Type.forName(String)
15:40:25.3 (407992428)|VARIABLE_SCOPE_BEGIN|[44]|t|System.Type|true|false
15:40:25.3 (408024522)|VARIABLE_ASSIGNMENT|[44]|t|{"aot":"0xac6109"}|0x78d02d6b
15:40:25.3 (408029355)|STATEMENT_EXECUTE|[45]
15:40:25.3 (408030798)|STATEMENT_EXECUTE|[51]
15:40:25.3 (408035328)|METHOD_ENTRY|[52]||System.Type.newInstance()
15:40:25.3 (408149606)|STATEMENT_EXECUTE|[79]
15:40:25.3 (408173621)|METHOD_EXIT|[52]||System.Type.newInstance()
15:40:25.3 (408183815)|VARIABLE_SCOPE_BEGIN|[51]|defaults|TemplateDefaultFields.FieldDefaults|true|false
15:40:25.3 (408196553)|VARIABLE_ASSIGNMENT|[51]|defaults|{}|0x3f2d683a
15:40:25.3 (408200469)|STATEMENT_EXECUTE|[53]
15:40:25.3 (408226175)|METHOD_ENTRY|[53]|01pg8000001w1Mh|TemplateDefaultFields.TaxDefaults.getFieldDefaults(Decimal)
15:40:25.3 (408230785)|VARIABLE_SCOPE_BEGIN|[80]|this|TemplateDefaultFields.TaxDefaults|true|false
15:40:25.3 (408236816)|VARIABLE_ASSIGNMENT|[80]|this|{}|0x3f2d683a
15:40:25.3 (408239928)|VARIABLE_SCOPE_BEGIN|[80]|countSObjectCreated|Decimal|false|false
15:40:25.3 (408248470)|VARIABLE_ASSIGNMENT|[80]|countSObjectCreated|8
15:40:25.3 (408254626)|STATEMENT_EXECUTE|[80]
15:40:25.3 (408255779)|STATEMENT_EXECUTE|[81]
15:40:25.3 (408271706)|HEAP_ALLOCATE|[81]|Bytes:4
15:40:25.3 (408281696)|HEAP_ALLOCATE|[82]|Bytes:13
15:40:25.3 (408325919)|HEAP_ALLOCATE|[82]|Bytes:1
15:40:25.3 (408334812)|HEAP_ALLOCATE|[82]|Bytes:14
15:40:25.3 (408366810)|HEAP_ALLOCATE|[83]|Bytes:10
15:40:25.3 (408369222)|HEAP_ALLOCATE|[83]|Bytes:2
15:40:25.3 (408377868)|HEAP_ALLOCATE|[83]|Bytes:1
15:40:25.3 (408382560)|HEAP_ALLOCATE|[83]|Bytes:3
15:40:25.3 (408388907)|METHOD_EXIT|[53]|01pg8000001w1Mh|TemplateDefaultFields.TaxDefaults.getFieldDefaults(Decimal)
15:40:25.3 (408394275)|METHOD_ENTRY|[53]|01pg8000001w1Mi|TestFactorySObject.addFieldDefaults(SObject, Map<String,ANY>)
15:40:25.3 (408398010)|VARIABLE_SCOPE_BEGIN|[19]|sObj|SObject|true|false
15:40:25.3 (408406785)|VARIABLE_ASSIGNMENT|[19]|sObj|{}|0x44f5290e
15:40:25.3 (408409649)|VARIABLE_SCOPE_BEGIN|[19]|defaultFields|Map<String,ANY>|true|false
15:40:25.3 (408424658)|VARIABLE_ASSIGNMENT|[19]|defaultFields|{"Name":"Imposto Teste8","TaxCode__c":"IP8"}|0x687c9369
15:40:25.3 (408429761)|STATEMENT_EXECUTE|[19]
15:40:25.3 (408463443)|HEAP_ALLOCATE|[20]|Bytes:26
15:40:25.3 (408487681)|HEAP_ALLOCATE|[20]|Bytes:5
15:40:25.3 (408498579)|VARIABLE_SCOPE_BEGIN|[20]|fieldApiName|String|false|false
15:40:25.3 (408503838)|VARIABLE_ASSIGNMENT|[20]|fieldApiName|"Name"
15:40:25.3 (408507373)|STATEMENT_EXECUTE|[20]
15:40:25.3 (408693561)|STATEMENT_EXECUTE|[21]
15:40:25.3 (408694739)|STATEMENT_EXECUTE|[22]
15:40:25.3 (408772128)|HEAP_ALLOCATE|[20]|Bytes:5
15:40:25.3 (408778084)|VARIABLE_SCOPE_BEGIN|[20]|fieldApiName|String|false|false
15:40:25.3 (408783271)|VARIABLE_ASSIGNMENT|[20]|fieldApiName|"TaxCode__c"
15:40:25.3 (408785448)|STATEMENT_EXECUTE|[20]
15:40:25.3 (408812252)|STATEMENT_EXECUTE|[21]
15:40:25.3 (408813179)|STATEMENT_EXECUTE|[22]
15:40:25.3 (408843647)|HEAP_ALLOCATE|[20]|Bytes:5
15:40:25.3 (408850662)|VARIABLE_ASSIGNMENT|[20]|fieldApiName|null
15:40:25.3 (408856128)|METHOD_EXIT|[53]|01pg8000001w1Mi|TestFactorySObject.addFieldDefaults(SObject, Map<String,ANY>)
15:40:25.3 (408859012)|STATEMENT_EXECUTE|[54]
15:40:25.3 (408878603)|HEAP_ALLOCATE|[54]|Bytes:28
15:40:25.3 (408880582)|HEAP_ALLOCATE|[54]|Bytes:28
15:40:25.3 (408897153)|HEAP_ALLOCATE|[54]|Bytes:28
15:40:25.3 (408898717)|HEAP_ALLOCATE|[54]|Bytes:28
15:40:25.3 (408911922)|VARIABLE_ASSIGNMENT|[54]|TestFactorySObject.countSObjectCreated|9
15:40:25.3 (408914691)|STATEMENT_EXECUTE|[56]
15:40:25.3 (408917568)|METHOD_EXIT|[38]|01pg8000001w1Mi|TestFactorySObject.dispatchSObjectCreation(SObject, String)
15:40:25.3 (408921548)|METHOD_EXIT|[38]|01pg8000001w1Mi|TestFactorySObject.createSObject(SObject)
15:40:25.3 (408929633)|VARIABLE_SCOPE_BEGIN|[38]|imposto|Tax__c|true|false
15:40:25.3 (408938588)|VARIABLE_ASSIGNMENT|[38]|imposto|{"Name":"Imposto Teste8","TaxCode__c":"IP8"}|0x44f5290e
15:40:25.3 (408941721)|STATEMENT_EXECUTE|[39]
15:40:25.3 (409021404)|VARIABLE_ASSIGNMENT|[39]|this.DistributionCenter__c|"a06g8000001ga05AAA"|0x44f5290e
15:40:25.3 (409025808)|STATEMENT_EXECUTE|[40]
15:40:25.3 (409060012)|VARIABLE_ASSIGNMENT|[40]|this.Product__c|"01tg8000001RPrNAAW"|0x44f5290e
15:40:25.3 (409063025)|STATEMENT_EXECUTE|[41]
15:40:25.3 (409082797)|VARIABLE_ASSIGNMENT|[41]|this.State__c|"a04g8000000b4z7AAA"|0x44f5290e
15:40:25.3 (409085864)|STATEMENT_EXECUTE|[42]
15:40:25.3 (409087929)|HEAP_ALLOCATE|[42]|Bytes:8
15:40:25.3 (409100641)|VARIABLE_ASSIGNMENT|[42]|this.Status__c|"Approved"|0x44f5290e
15:40:25.3 (409103632)|STATEMENT_EXECUTE|[43]
15:40:25.3 (409104956)|HEAP_ALLOCATE|[43]|Bytes:4
15:40:25.3 (409116105)|HEAP_ALLOCATE|[43]|Bytes:28
15:40:25.3 (409131815)|VARIABLE_ASSIGNMENT|[43]|this.TaxRate__c|10.0|0x44f5290e
15:40:25.3 (409134557)|STATEMENT_EXECUTE|[44]
15:40:25.3 (409156672)|HEAP_ALLOCATE|[44]|Bytes:8
15:40:25.3 (409169629)|DML_BEGIN|[44]|Op:Insert|Type:Tax__c|Rows:1
15:40:25.3 (409204785)|HEAP_ALLOCATE|[EXTERNAL]|Bytes:8
15:40:25.3 (516272843)|CODE_UNIT_STARTED|[EXTERNAL]|Flow:01Ig8000000dte9
15:40:25.570 (570041533)|FLOW_CREATE_INTERVIEW_BEGIN|00Dg8000001b33B|300g800000Csj6k|301g8000005x9nc
15:40:25.570 (570166057)|FLOW_CREATE_INTERVIEW_END|385887e429e3d0110a7b52e26dfe19d77064354-304e|Imposto: Gerar Chave Única
15:40:25.570 (570806905)|FLOW_START_INTERVIEWS_BEGIN|1
15:40:25.570 (570871767)|FLOW_START_INTERVIEW_BEGIN|385887e429e3d0110a7b52e26dfe19d77064354-304e|Imposto: Gerar Chave Única
15:40:25.570 (579656218)|FLOW_START_INTERVIEW_END|385887e429e3d0110a7b52e26dfe19d77064354-304e|Imposto: Gerar Chave Única
15:40:25.570 (581713175)|FLOW_START_INTERVIEWS_END|1
15:40:25.570 (582019194)|FLOW_INTERVIEW_FINISHED|385887e429e3d0110a7b52e26dfe19d77064354-304e|Imposto: Gerar Chave Única
15:40:25.3 (583550109)|CODE_UNIT_FINISHED|Flow:01Ig8000000dte9
15:40:25.3 (597154980)|CODE_UNIT_STARTED|[EXTERNAL]|Validation:Tax:new
15:40:25.3 (597180494)|VALIDATION_RULE|03dg8000000V8kT|Campos_Obrigatorios_Imposto
15:40:25.3 (597407332)|VALIDATION_FORMULA|OR(
ISBLANK(Product__c),
ISBLANK(DistributionCenter__c),
ISBLANK(State__c)
)|DistributionCenter__c=a06g8000001ga05 , Product__c=01tg8000001RPrN , State__c=a04g8000000b4z7
15:40:25.3 (597413583)|VALIDATION_PASS
15:40:25.3 (597415579)|VALIDATION_RULE|03dg8000000oOS9|Imposto_ativo
15:40:25.3 (597716821)|VALIDATION_FORMULA|ISPICKVAL(Status__c, "Approved") && 
(ISCHANGED(Product__c) &#124;&#124; ISCHANGED(ProductHierarchy__c) &#124;&#124; ISCHANGED(TaxRate__c) &#124;&#124; ISCHANGED(DistributionCenter__c) &#124;&#124; ISCHANGED(State__c))|Status__c=Approved , TaxRate__c=10.0 , DistributionCenter__c=a06g8000001ga05 , Product__c=01tg8000001RPrN , ProductHierarchy__c=null , State__c=a04g8000000b4z7
15:40:25.3 (597723692)|VALIDATION_PASS
15:40:25.3 (597724867)|VALIDATION_RULE|03dg8000000ZDAT|Produto_OU_Hierarquia
15:40:25.3 (597785111)|VALIDATION_FORMULA|( ISBLANK(Product__c) && ISBLANK(ProductHierarchy__c) )
&#124;&#124;
( NOT(ISBLANK(Product__c)) && NOT(ISBLANK(ProductHierarchy__c)) )|Product__c=01tg8000001RPrN , ProductHierarchy__c=null
15:40:25.3 (597788459)|VALIDATION_PASS
15:40:25.3 (597794438)|CODE_UNIT_FINISHED|Validation:Tax:new
15:40:25.3 (615746536)|CODE_UNIT_STARTED|[EXTERNAL]|Flow:01Ig8000000dte9
15:40:25.3 (615774679)|CODE_UNIT_FINISHED|Flow:01Ig8000000dte9
15:40:25.3 (615811551)|CODE_UNIT_STARTED|[EXTERNAL]|Flow:01Ig8000000dte9
15:40:25.3 (615819146)|CODE_UNIT_FINISHED|Flow:01Ig8000000dte9
15:40:25.3 (618752154)|DML_END|[44]
15:40:25.3 (618909406)|STATEMENT_EXECUTE|[46]
15:40:25.3 (618970832)|HEAP_ALLOCATE|[46]|Bytes:4
15:40:25.3 (619132808)|METHOD_ENTRY|[46]|01pg8000001w1Mi|TestFactorySObject.createSObject(SObject)
15:40:25.3 (619162132)|VARIABLE_SCOPE_BEGIN|[27]|this|TestFactorySObject|true|false
15:40:25.3 (619206751)|VARIABLE_ASSIGNMENT|[27]|this|{}|0x304ac437
15:40:25.3 (619210298)|VARIABLE_SCOPE_BEGIN|[27]|sObj|SObject|true|false
15:40:25.3 (619220843)|VARIABLE_ASSIGNMENT|[27]|sObj|{}|0x4d32d738
15:40:25.3 (619234239)|STATEMENT_EXECUTE|[27]
15:40:25.3 (619235633)|STATEMENT_EXECUTE|[28]
15:40:25.3 (619241204)|METHOD_ENTRY|[28]|01pg8000001w1Mi|TestFactorySObject.validateSObject(SObject)
15:40:25.3 (619245094)|VARIABLE_SCOPE_BEGIN|[13]|sObj|SObject|true|false
15:40:25.3 (619248833)|VARIABLE_ASSIGNMENT|[13]|sObj|{}|0x4d32d738
15:40:25.3 (619253579)|STATEMENT_EXECUTE|[13]
15:40:25.3 (619256011)|STATEMENT_EXECUTE|[14]
15:40:25.3 (619259253)|METHOD_EXIT|[28]|01pg8000001w1Mi|TestFactorySObject.validateSObject(SObject)
15:40:25.3 (619261990)|STATEMENT_EXECUTE|[30]
15:40:25.3 (619322093)|HEAP_ALLOCATE|[30]|Bytes:10
15:40:25.3 (619329493)|VARIABLE_SCOPE_BEGIN|[30]|objectName|String|false|false
15:40:25.3 (619342499)|VARIABLE_ASSIGNMENT|[30]|objectName|"Freight__c"
15:40:25.3 (619364303)|STATEMENT_EXECUTE|[31]
15:40:25.3 (619365149)|STATEMENT_EXECUTE|[35]
15:40:25.3 (619382555)|HEAP_ALLOCATE|[36]|Bytes:7
15:40:25.3 (619391487)|HEAP_ALLOCATE|[36]|Bytes:37
15:40:25.3 (619393485)|VARIABLE_SCOPE_BEGIN|[35]|defaultClassName|String|false|false
15:40:25.3 (619399738)|VARIABLE_ASSIGNMENT|[35]|defaultClassName|"TemplateDefaultField (17 more) ..."
15:40:25.3 (619402058)|STATEMENT_EXECUTE|[38]
15:40:25.3 (619406304)|METHOD_ENTRY|[38]|01pg8000001w1Mi|TestFactorySObject.dispatchSObjectCreation(SObject, String)
15:40:25.3 (619409459)|VARIABLE_SCOPE_BEGIN|[42]|this|TestFactorySObject|true|false
15:40:25.3 (619417423)|VARIABLE_ASSIGNMENT|[42]|this|{}|0x304ac437
15:40:25.3 (619420405)|VARIABLE_SCOPE_BEGIN|[42]|sObj|SObject|true|false
15:40:25.3 (619424631)|VARIABLE_ASSIGNMENT|[42]|sObj|{}|0x4d32d738
15:40:25.3 (619427648)|VARIABLE_SCOPE_BEGIN|[42]|defaultClassName|String|false|false
15:40:25.3 (619431768)|VARIABLE_ASSIGNMENT|[42]|defaultClassName|"TemplateDefaultField (17 more) ..."
15:40:25.3 (619435344)|STATEMENT_EXECUTE|[42]
15:40:25.3 (619436384)|STATEMENT_EXECUTE|[44]
15:40:25.3 (619440075)|METHOD_ENTRY|[44]||System.Type.forName(String)
15:40:25.3 (621319075)|METHOD_EXIT|[44]||System.Type.forName(String)
15:40:25.3 (621329576)|VARIABLE_SCOPE_BEGIN|[44]|t|System.Type|true|false
15:40:25.3 (621362710)|VARIABLE_ASSIGNMENT|[44]|t|{"aot":"0x5a9a694e"}|0x7971904
15:40:25.3 (621367711)|STATEMENT_EXECUTE|[45]
15:40:25.3 (621369010)|STATEMENT_EXECUTE|[51]
15:40:25.3 (621374072)|METHOD_ENTRY|[52]||System.Type.newInstance()
15:40:25.3 (621552238)|STATEMENT_EXECUTE|[88]
15:40:25.3 (621562890)|METHOD_EXIT|[52]||System.Type.newInstance()
15:40:25.3 (621571174)|VARIABLE_SCOPE_BEGIN|[51]|defaults|TemplateDefaultFields.FieldDefaults|true|false
15:40:25.3 (621580552)|VARIABLE_ASSIGNMENT|[51]|defaults|{}|0x4d627529
15:40:25.3 (621583224)|STATEMENT_EXECUTE|[53]
15:40:25.3 (621607291)|METHOD_ENTRY|[53]|01pg8000001w1Mh|TemplateDefaultFields.FreightDefaults.getFieldDefaults(Decimal)
15:40:25.3 (621611735)|VARIABLE_SCOPE_BEGIN|[89]|this|TemplateDefaultFields.FreightDefaults|true|false
15:40:25.3 (621617269)|VARIABLE_ASSIGNMENT|[89]|this|{}|0x4d627529
15:40:25.3 (621620443)|VARIABLE_SCOPE_BEGIN|[89]|countSObjectCreated|Decimal|false|false
15:40:25.3 (621629149)|VARIABLE_ASSIGNMENT|[89]|countSObjectCreated|9
15:40:25.3 (621635324)|STATEMENT_EXECUTE|[89]
15:40:25.3 (621636288)|STATEMENT_EXECUTE|[90]
15:40:25.3 (621651940)|HEAP_ALLOCATE|[90]|Bytes:4
15:40:25.3 (621662298)|HEAP_ALLOCATE|[91]|Bytes:11
15:40:25.3 (621711639)|HEAP_ALLOCATE|[91]|Bytes:1
15:40:25.3 (621721163)|HEAP_ALLOCATE|[91]|Bytes:12
15:40:25.3 (621746043)|HEAP_ALLOCATE|[92]|Bytes:14
15:40:25.3 (621748248)|HEAP_ALLOCATE|[92]|Bytes:1
15:40:25.3 (621755719)|HEAP_ALLOCATE|[92]|Bytes:1
15:40:25.3 (621760158)|HEAP_ALLOCATE|[92]|Bytes:2
15:40:25.3 (621765632)|METHOD_EXIT|[53]|01pg8000001w1Mh|TemplateDefaultFields.FreightDefaults.getFieldDefaults(Decimal)
15:40:25.3 (621771239)|METHOD_ENTRY|[53]|01pg8000001w1Mi|TestFactorySObject.addFieldDefaults(SObject, Map<String,ANY>)
15:40:25.3 (621774573)|VARIABLE_SCOPE_BEGIN|[19]|sObj|SObject|true|false
15:40:25.3 (621783064)|VARIABLE_ASSIGNMENT|[19]|sObj|{}|0x4d32d738
15:40:25.3 (621785998)|VARIABLE_SCOPE_BEGIN|[19]|defaultFields|Map<String,ANY>|true|false
15:40:25.3 (621801754)|VARIABLE_ASSIGNMENT|[19]|defaultFields|{"Name":"Frete Teste9","FreightCode__c":"F9"}|0x796ead5c
15:40:25.3 (621810177)|STATEMENT_EXECUTE|[19]
15:40:25.3 (621844124)|HEAP_ALLOCATE|[20]|Bytes:30
15:40:25.3 (621941353)|HEAP_ALLOCATE|[20]|Bytes:5
15:40:25.3 (621954447)|VARIABLE_SCOPE_BEGIN|[20]|fieldApiName|String|false|false
15:40:25.3 (621959328)|VARIABLE_ASSIGNMENT|[20]|fieldApiName|"Name"
15:40:25.3 (621962848)|STATEMENT_EXECUTE|[20]
15:40:25.3 (622127802)|STATEMENT_EXECUTE|[21]
15:40:25.3 (622130189)|STATEMENT_EXECUTE|[22]
15:40:25.3 (622202573)|HEAP_ALLOCATE|[20]|Bytes:5
15:40:25.3 (622208662)|VARIABLE_SCOPE_BEGIN|[20]|fieldApiName|String|false|false
15:40:25.3 (622213283)|VARIABLE_ASSIGNMENT|[20]|fieldApiName|"FreightCode__c"
15:40:25.3 (622215443)|STATEMENT_EXECUTE|[20]
15:40:25.3 (622240267)|STATEMENT_EXECUTE|[21]
15:40:25.3 (622241362)|STATEMENT_EXECUTE|[22]
15:40:25.3 (622271260)|HEAP_ALLOCATE|[20]|Bytes:5
15:40:25.3 (622277956)|VARIABLE_ASSIGNMENT|[20]|fieldApiName|null
15:40:25.3 (622283278)|METHOD_EXIT|[53]|01pg8000001w1Mi|TestFactorySObject.addFieldDefaults(SObject, Map<String,ANY>)
15:40:25.3 (622285826)|STATEMENT_EXECUTE|[54]
15:40:25.3 (622306031)|HEAP_ALLOCATE|[54]|Bytes:28
15:40:25.3 (622307936)|HEAP_ALLOCATE|[54]|Bytes:28
15:40:25.3 (622324890)|HEAP_ALLOCATE|[54]|Bytes:28
15:40:25.3 (622326576)|HEAP_ALLOCATE|[54]|Bytes:28
15:40:25.3 (622339762)|VARIABLE_ASSIGNMENT|[54]|TestFactorySObject.countSObjectCreated|10
15:40:25.3 (622342402)|STATEMENT_EXECUTE|[56]
15:40:25.3 (622345348)|METHOD_EXIT|[38]|01pg8000001w1Mi|TestFactorySObject.dispatchSObjectCreation(SObject, String)
15:40:25.3 (622350219)|METHOD_EXIT|[46]|01pg8000001w1Mi|TestFactorySObject.createSObject(SObject)
15:40:25.3 (622358285)|VARIABLE_SCOPE_BEGIN|[46]|frete|Freight__c|true|false
15:40:25.3 (622367546)|VARIABLE_ASSIGNMENT|[46]|frete|{"Name":"Frete Teste9","FreightCode__c":"F9"}|0x4d32d738
15:40:25.3 (622370638)|STATEMENT_EXECUTE|[47]
15:40:25.3 (622438512)|VARIABLE_ASSIGNMENT|[47]|this.Product__c|"01tg8000001RPrNAAW"|0x4d32d738
15:40:25.3 (622442022)|STATEMENT_EXECUTE|[48]
15:40:25.3 (622464529)|VARIABLE_ASSIGNMENT|[48]|this.State__c|"a04g8000000b4z7AAA"|0x4d32d738
15:40:25.3 (622467288)|STATEMENT_EXECUTE|[49]
15:40:25.3 (622485999)|VARIABLE_ASSIGNMENT|[49]|this.DistributionCenter__c|"a06g8000001ga05AAA"|0x4d32d738
15:40:25.3 (622488676)|STATEMENT_EXECUTE|[50]
15:40:25.3 (622500517)|VARIABLE_ASSIGNMENT|[50]|this.Status__c|"Approved"|0x4d32d738
15:40:25.3 (622503057)|STATEMENT_EXECUTE|[51]
15:40:25.3 (622504665)|HEAP_ALLOCATE|[51]|Bytes:5
15:40:25.3 (622513486)|HEAP_ALLOCATE|[51]|Bytes:28
15:40:25.3 (622529080)|VARIABLE_ASSIGNMENT|[51]|this.FreightValue__c|700.0|0x4d32d738
15:40:25.3 (622531795)|STATEMENT_EXECUTE|[52]
15:40:25.3 (622554714)|HEAP_ALLOCATE|[52]|Bytes:8
15:40:25.3 (622567621)|DML_BEGIN|[52]|Op:Insert|Type:Freight__c|Rows:1
15:40:25.3 (622601363)|HEAP_ALLOCATE|[EXTERNAL]|Bytes:8
15:40:25.3 (681193320)|CODE_UNIT_STARTED|[EXTERNAL]|Flow:01Ig8000000duwn
15:40:25.725 (725891015)|FLOW_CREATE_INTERVIEW_BEGIN|00Dg8000001b33B|300g800000CuE4d|301g8000008UX6n
15:40:25.725 (725987461)|FLOW_CREATE_INTERVIEW_END|385987e429e3d0110a7b52e26dfe19d77064354-304f|Frete: Gerar chave única
15:40:25.726 (726518543)|FLOW_START_INTERVIEWS_BEGIN|1
15:40:25.726 (726567091)|FLOW_START_INTERVIEW_BEGIN|385987e429e3d0110a7b52e26dfe19d77064354-304f|Frete: Gerar chave única
15:40:25.726 (734711511)|FLOW_START_INTERVIEW_END|385987e429e3d0110a7b52e26dfe19d77064354-304f|Frete: Gerar chave única
15:40:25.726 (736168850)|FLOW_START_INTERVIEWS_END|1
15:40:25.726 (736473241)|FLOW_INTERVIEW_FINISHED|385987e429e3d0110a7b52e26dfe19d77064354-304f|Frete: Gerar chave única
15:40:25.3 (737805797)|CODE_UNIT_FINISHED|Flow:01Ig8000000duwn
15:40:25.3 (748684722)|CODE_UNIT_STARTED|[EXTERNAL]|Validation:Freight:new
15:40:25.3 (748706518)|VALIDATION_RULE|03dg8000000V8m5|Campos_Obrigatorios_Frete
15:40:25.3 (748846659)|VALIDATION_FORMULA|OR(
ISBLANK(DistributionCenter__c),
ISBLANK(FreightValue__c)
)|FreightValue__c=700.0 , DistributionCenter__c=a06g8000001ga05
15:40:25.3 (748851792)|VALIDATION_PASS
15:40:25.3 (748853497)|VALIDATION_RULE|03dg8000000oN1R|Frete_ativo
15:40:25.3 (749073542)|VALIDATION_FORMULA|ISPICKVAL(Status__c, "Approved") && 
(ISCHANGED(Product__c) &#124;&#124; ISCHANGED(ProductHierarchy__c) &#124;&#124; ISCHANGED(FreightValue__c) &#124;&#124; ISCHANGED(DistributionCenter__c) &#124;&#124; ISCHANGED(State__c) &#124;&#124; ISCHANGED(City__c) &#124;&#124; ISCHANGED(Country__c))|FreightValue__c=700.0 , Country__c=null , State__c=a04g8000000b4z7 , Product__c=01tg8000001RPrN , ProductHierarchy__c=null , DistributionCenter__c=a06g8000001ga05 , Status__c=Approved , City__c=null
15:40:25.3 (749080781)|VALIDATION_PASS
15:40:25.3 (749081775)|VALIDATION_RULE|03dg8000000ZDC5|Produto_OU_Hierarquia
15:40:25.3 (749138536)|VALIDATION_FORMULA|( ISBLANK(Product__c) && ISBLANK(ProductHierarchy__c) )
&#124;&#124;
( NOT(ISBLANK(Product__c)) && NOT(ISBLANK(ProductHierarchy__c)) )|Product__c=01tg8000001RPrN , ProductHierarchy__c=null
15:40:25.3 (749141946)|VALIDATION_PASS
15:40:25.3 (749146566)|CODE_UNIT_FINISHED|Validation:Freight:new
15:40:25.3 (766376669)|CODE_UNIT_STARTED|[EXTERNAL]|Flow:01Ig8000000duwn
15:40:25.3 (766406393)|CODE_UNIT_FINISHED|Flow:01Ig8000000duwn
15:40:25.3 (766444671)|CODE_UNIT_STARTED|[EXTERNAL]|Flow:01Ig8000000duwn
15:40:25.3 (766452926)|CODE_UNIT_FINISHED|Flow:01Ig8000000duwn
15:40:25.3 (771220089)|DML_END|[52]
15:40:25.3 (771377291)|STATEMENT_EXECUTE|[54]
15:40:25.3 (771443018)|HEAP_ALLOCATE|[54]|Bytes:4
15:40:25.3 (771609480)|METHOD_ENTRY|[54]|01pg8000001w1Mi|TestFactorySObject.createSObject(SObject)
15:40:25.3 (771644620)|VARIABLE_SCOPE_BEGIN|[27]|this|TestFactorySObject|true|false
15:40:25.3 (771694269)|VARIABLE_ASSIGNMENT|[27]|this|{}|0x304ac437
15:40:25.3 (771697711)|VARIABLE_SCOPE_BEGIN|[27]|sObj|SObject|true|false
15:40:25.3 (771707040)|VARIABLE_ASSIGNMENT|[27]|sObj|{}|0x67c04067
15:40:25.3 (771721105)|STATEMENT_EXECUTE|[27]
15:40:25.3 (771722480)|STATEMENT_EXECUTE|[28]
15:40:25.3 (771727958)|METHOD_ENTRY|[28]|01pg8000001w1Mi|TestFactorySObject.validateSObject(SObject)
15:40:25.3 (771731787)|VARIABLE_SCOPE_BEGIN|[13]|sObj|SObject|true|false
15:40:25.3 (771735651)|VARIABLE_ASSIGNMENT|[13]|sObj|{}|0x67c04067
15:40:25.3 (771740384)|STATEMENT_EXECUTE|[13]
15:40:25.3 (771742805)|STATEMENT_EXECUTE|[14]
15:40:25.3 (771761042)|METHOD_EXIT|[28]|01pg8000001w1Mi|TestFactorySObject.validateSObject(SObject)
15:40:25.3 (771764055)|STATEMENT_EXECUTE|[30]
15:40:25.3 (771831907)|HEAP_ALLOCATE|[30]|Bytes:9
15:40:25.3 (771840849)|VARIABLE_SCOPE_BEGIN|[30]|objectName|String|false|false
15:40:25.3 (771853635)|VARIABLE_ASSIGNMENT|[30]|objectName|"Margem__c"
15:40:25.3 (771874873)|STATEMENT_EXECUTE|[31]
15:40:25.3 (771875816)|STATEMENT_EXECUTE|[35]
15:40:25.3 (771891882)|HEAP_ALLOCATE|[36]|Bytes:6
15:40:25.3 (771901000)|HEAP_ALLOCATE|[36]|Bytes:36
15:40:25.3 (771903268)|VARIABLE_SCOPE_BEGIN|[35]|defaultClassName|String|false|false
15:40:25.3 (771910037)|VARIABLE_ASSIGNMENT|[35]|defaultClassName|"TemplateDefaultField (16 more) ..."
15:40:25.3 (771912289)|STATEMENT_EXECUTE|[38]
15:40:25.3 (771916424)|METHOD_ENTRY|[38]|01pg8000001w1Mi|TestFactorySObject.dispatchSObjectCreation(SObject, String)
15:40:25.3 (771919800)|VARIABLE_SCOPE_BEGIN|[42]|this|TestFactorySObject|true|false
15:40:25.3 (771929007)|VARIABLE_ASSIGNMENT|[42]|this|{}|0x304ac437
15:40:25.3 (771932064)|VARIABLE_SCOPE_BEGIN|[42]|sObj|SObject|true|false
15:40:25.3 (771936084)|VARIABLE_ASSIGNMENT|[42]|sObj|{}|0x67c04067
15:40:25.3 (771938818)|VARIABLE_SCOPE_BEGIN|[42]|defaultClassName|String|false|false
15:40:25.3 (771942949)|VARIABLE_ASSIGNMENT|[42]|defaultClassName|"TemplateDefaultField (16 more) ..."
15:40:25.3 (771947184)|STATEMENT_EXECUTE|[42]
15:40:25.3 (771948162)|STATEMENT_EXECUTE|[44]
15:40:25.3 (771952417)|METHOD_ENTRY|[44]||System.Type.forName(String)
15:40:25.3 (773862652)|METHOD_EXIT|[44]||System.Type.forName(String)
15:40:25.3 (773875711)|VARIABLE_SCOPE_BEGIN|[44]|t|System.Type|true|false
15:40:25.3 (773911310)|VARIABLE_ASSIGNMENT|[44]|t|{"aot":"0x8f19998"}|0x43b086b7
15:40:25.3 (773917014)|STATEMENT_EXECUTE|[45]
15:40:25.3 (773918550)|STATEMENT_EXECUTE|[51]
15:40:25.3 (773923417)|METHOD_ENTRY|[52]||System.Type.newInstance()
15:40:25.3 (774049766)|STATEMENT_EXECUTE|[97]
15:40:25.3 (774059323)|METHOD_EXIT|[52]||System.Type.newInstance()
15:40:25.3 (774067236)|VARIABLE_SCOPE_BEGIN|[51]|defaults|TemplateDefaultFields.FieldDefaults|true|false
15:40:25.3 (774076261)|VARIABLE_ASSIGNMENT|[51]|defaults|{}|0x4f1d9bed
15:40:25.3 (774078933)|STATEMENT_EXECUTE|[53]
15:40:25.3 (774102186)|METHOD_ENTRY|[53]|01pg8000001w1Mh|TemplateDefaultFields.MargemDefaults.getFieldDefaults(Decimal)
15:40:25.3 (774106590)|VARIABLE_SCOPE_BEGIN|[98]|this|TemplateDefaultFields.MargemDefaults|true|false
15:40:25.3 (774111947)|VARIABLE_ASSIGNMENT|[98]|this|{}|0x4f1d9bed
15:40:25.3 (774115458)|VARIABLE_SCOPE_BEGIN|[98]|countSObjectCreated|Decimal|false|false
15:40:25.3 (774124167)|VARIABLE_ASSIGNMENT|[98]|countSObjectCreated|10
15:40:25.3 (774130364)|STATEMENT_EXECUTE|[98]
15:40:25.3 (774131346)|STATEMENT_EXECUTE|[99]
15:40:25.3 (774147189)|HEAP_ALLOCATE|[99]|Bytes:4
15:40:25.3 (774158708)|HEAP_ALLOCATE|[100]|Bytes:12
15:40:25.3 (774207690)|HEAP_ALLOCATE|[100]|Bytes:2
15:40:25.3 (774217634)|HEAP_ALLOCATE|[100]|Bytes:14
15:40:25.3 (774243371)|HEAP_ALLOCATE|[101]|Bytes:13
15:40:25.3 (774245840)|HEAP_ALLOCATE|[101]|Bytes:1
15:40:25.3 (774253838)|HEAP_ALLOCATE|[101]|Bytes:2
15:40:25.3 (774258730)|HEAP_ALLOCATE|[101]|Bytes:3
15:40:25.3 (774264719)|METHOD_EXIT|[53]|01pg8000001w1Mh|TemplateDefaultFields.MargemDefaults.getFieldDefaults(Decimal)
15:40:25.3 (774269789)|METHOD_ENTRY|[53]|01pg8000001w1Mi|TestFactorySObject.addFieldDefaults(SObject, Map<String,ANY>)
15:40:25.3 (774273588)|VARIABLE_SCOPE_BEGIN|[19]|sObj|SObject|true|false
15:40:25.3 (774283278)|VARIABLE_ASSIGNMENT|[19]|sObj|{}|0x67c04067
15:40:25.3 (774287634)|VARIABLE_SCOPE_BEGIN|[19]|defaultFields|Map<String,ANY>|true|false
15:40:25.3 (774306614)|VARIABLE_ASSIGNMENT|[19]|defaultFields|{"Name":"Margem Teste10","MargemCode__c":"M10"}|0x6aaf986a
15:40:25.3 (774311758)|STATEMENT_EXECUTE|[19]
15:40:25.3 (774349120)|HEAP_ALLOCATE|[20]|Bytes:29
15:40:25.3 (774373132)|HEAP_ALLOCATE|[20]|Bytes:5
15:40:25.3 (774386130)|VARIABLE_SCOPE_BEGIN|[20]|fieldApiName|String|false|false
15:40:25.3 (774391414)|VARIABLE_ASSIGNMENT|[20]|fieldApiName|"Name"
15:40:25.3 (774395093)|STATEMENT_EXECUTE|[20]
15:40:25.3 (774579363)|STATEMENT_EXECUTE|[21]
15:40:25.3 (774580578)|STATEMENT_EXECUTE|[22]
15:40:25.3 (774669772)|HEAP_ALLOCATE|[20]|Bytes:5
15:40:25.3 (774678862)|VARIABLE_SCOPE_BEGIN|[20]|fieldApiName|String|false|false
15:40:25.3 (774687311)|VARIABLE_ASSIGNMENT|[20]|fieldApiName|"MargemCode__c"
15:40:25.3 (774690843)|STATEMENT_EXECUTE|[20]
15:40:25.3 (774728274)|STATEMENT_EXECUTE|[21]
15:40:25.3 (774729604)|STATEMENT_EXECUTE|[22]
15:40:25.3 (774771507)|HEAP_ALLOCATE|[20]|Bytes:5
15:40:25.3 (774779440)|VARIABLE_ASSIGNMENT|[20]|fieldApiName|null
15:40:25.3 (774785489)|METHOD_EXIT|[53]|01pg8000001w1Mi|TestFactorySObject.addFieldDefaults(SObject, Map<String,ANY>)
15:40:25.3 (774788589)|STATEMENT_EXECUTE|[54]
15:40:25.3 (774809832)|HEAP_ALLOCATE|[54]|Bytes:28
15:40:25.3 (774812023)|HEAP_ALLOCATE|[54]|Bytes:28
15:40:25.3 (774829563)|HEAP_ALLOCATE|[54]|Bytes:28
15:40:25.3 (774844305)|VARIABLE_ASSIGNMENT|[54]|TestFactorySObject.countSObjectCreated|11
15:40:25.3 (774847264)|STATEMENT_EXECUTE|[56]
15:40:25.3 (774850700)|METHOD_EXIT|[38]|01pg8000001w1Mi|TestFactorySObject.dispatchSObjectCreation(SObject, String)
15:40:25.3 (774854936)|METHOD_EXIT|[54]|01pg8000001w1Mi|TestFactorySObject.createSObject(SObject)
15:40:25.3 (774863040)|VARIABLE_SCOPE_BEGIN|[54]|margem|Margem__c|true|false
15:40:25.3 (774873803)|VARIABLE_ASSIGNMENT|[54]|margem|{"Name":"Margem Teste10","MargemCode__c":"M10"}|0x67c04067
15:40:25.3 (774876722)|STATEMENT_EXECUTE|[55]
15:40:25.3 (774951094)|VARIABLE_ASSIGNMENT|[55]|this.Product__c|"01tg8000001RPrNAAW"|0x67c04067
15:40:25.3 (774954525)|STATEMENT_EXECUTE|[56]
15:40:25.3 (774994974)|VARIABLE_ASSIGNMENT|[56]|this.Account__c|"001g8000009UgxXAAS"|0x67c04067
15:40:25.3 (774997723)|STATEMENT_EXECUTE|[57]
15:40:25.3 (775021551)|VARIABLE_ASSIGNMENT|[57]|this.State__c|"a04g8000000b4z7AAA"|0x67c04067
15:40:25.3 (775024930)|STATEMENT_EXECUTE|[58]
15:40:25.3 (775044423)|VARIABLE_ASSIGNMENT|[58]|this.DistributionCenter__c|"a06g8000001ga05AAA"|0x67c04067
15:40:25.3 (775047210)|STATEMENT_EXECUTE|[59]
15:40:25.3 (775060197)|VARIABLE_ASSIGNMENT|[59]|this.Status__c|"Approved"|0x67c04067
15:40:25.3 (775062873)|STATEMENT_EXECUTE|[60]
15:40:25.3 (775064775)|HEAP_ALLOCATE|[60]|Bytes:4
15:40:25.3 (775072846)|HEAP_ALLOCATE|[60]|Bytes:28
15:40:25.3 (775087816)|VARIABLE_ASSIGNMENT|[60]|this.MarginValuePercent__c|15.0|0x67c04067
15:40:25.3 (775090581)|STATEMENT_EXECUTE|[61]
15:40:25.3 (775115702)|HEAP_ALLOCATE|[61]|Bytes:8
15:40:25.3 (775128996)|DML_BEGIN|[61]|Op:Insert|Type:Margem__c|Rows:1
15:40:25.3 (775174059)|HEAP_ALLOCATE|[EXTERNAL]|Bytes:8
15:40:25.3 (835375188)|CODE_UNIT_STARTED|[EXTERNAL]|Flow:01Ig8000000dEr7
15:40:25.877 (877175144)|FLOW_CREATE_INTERVIEW_BEGIN|00Dg8000001b33B|300g800000D1TN3|301g8000008UYKb
15:40:25.877 (877271613)|FLOW_CREATE_INTERVIEW_END|386087e429e3d0110a7b52e26dfe19d77064354-3050|Margem: Gerar chave única
15:40:25.877 (877832437)|FLOW_START_INTERVIEWS_BEGIN|1
15:40:25.877 (877885682)|FLOW_START_INTERVIEW_BEGIN|386087e429e3d0110a7b52e26dfe19d77064354-3050|Margem: Gerar chave única
15:40:25.877 (886337320)|FLOW_START_INTERVIEW_END|386087e429e3d0110a7b52e26dfe19d77064354-3050|Margem: Gerar chave única
15:40:25.877 (888306754)|FLOW_START_INTERVIEWS_END|1
15:40:25.877 (888701116)|FLOW_INTERVIEW_FINISHED|386087e429e3d0110a7b52e26dfe19d77064354-3050|Margem: Gerar chave única
15:40:25.3 (890504412)|CODE_UNIT_FINISHED|Flow:01Ig8000000dEr7
15:40:25.3 (901377093)|CODE_UNIT_STARTED|[EXTERNAL]|Validation:Margem:new
15:40:25.3 (901397718)|VALIDATION_RULE|03dg8000000oUqv|Margem_ativa
15:40:25.3 (902058943)|VALIDATION_FORMULA|ISPICKVAL(Status__c, "Approved") && 
(ISCHANGED(MarginValuePercent__c) &#124;&#124; ISCHANGED(Product__c) &#124;&#124; ISCHANGED(ProductHierarchy__c) &#124;&#124; ISCHANGED(State__c) &#124;&#124; ISCHANGED(City__c) &#124;&#124; ISCHANGED(Country__c)&#124;&#124; ISCHANGED(Account__c) &#124;&#124; ISCHANGED(AccountGroup__c))|Account__c=001g8000009UgxX , City__c=null , AccountGroup__c=null , State__c=a04g8000000b4z7 , MarginValuePercent__c=15.0 , Country__c=null , ProductHierarchy__c=null , Status__c=Approved , Product__c=01tg8000001RPrN
15:40:25.3 (902076913)|VALIDATION_PASS
15:40:25.3 (902079594)|VALIDATION_RULE|03dg8000000hqEf|obrigatorio_conta_ou_accountGroup
15:40:25.3 (902207495)|VALIDATION_FORMULA|OR(
    AND(ISBLANK(Account__c), ISBLANK(AccountGroup__c)),
    AND(NOT(ISBLANK(Account__c)), NOT(ISBLANK(AccountGroup__c)))
)|Account__c=001g8000009UgxX , AccountGroup__c=null
15:40:25.3 (902213316)|VALIDATION_PASS
15:40:25.3 (902215206)|VALIDATION_RULE|03dg8000000V50D|Required_Product_or_Hierarchy
15:40:25.3 (902316608)|VALIDATION_FORMULA|OR(
    AND(ISBLANK(Product__c), ISBLANK(ProductHierarchy__c)),
    AND(NOT(ISBLANK(Product__c)), NOT(ISBLANK(ProductHierarchy__c)))
)|ProductHierarchy__c=null , Product__c=01tg8000001RPrN
15:40:25.3 (902322307)|VALIDATION_PASS
15:40:25.3 (902330564)|CODE_UNIT_FINISHED|Validation:Margem:new
15:40:25.3 (920655676)|CODE_UNIT_STARTED|[EXTERNAL]|Flow:01Ig8000000dEr7
15:40:25.3 (920685580)|CODE_UNIT_FINISHED|Flow:01Ig8000000dEr7
15:40:25.3 (920729811)|CODE_UNIT_STARTED|[EXTERNAL]|Flow:01Ig8000000dEr7
15:40:25.3 (920737135)|CODE_UNIT_FINISHED|Flow:01Ig8000000dEr7
15:40:25.3 (924891927)|DML_END|[61]
15:40:25.3 (925074306)|STATEMENT_EXECUTE|[63]
15:40:25.3 (925169696)|HEAP_ALLOCATE|[63]|Bytes:118
15:40:25.3 (925199763)|SYSTEM_METHOD_ENTRY|[1]|Test.Test()
15:40:25.3 (925202612)|STATEMENT_EXECUTE|[1]
15:40:25.3 (925214501)|SYSTEM_METHOD_EXIT|[1]|Test
15:40:25.3 (925230860)|METHOD_ENTRY|[63]||System.Test.getStandardPricebookId()
15:40:25.3 (927925748)|METHOD_EXIT|[63]||System.Test.getStandardPricebookId()
15:40:25.3 (927947065)|VARIABLE_SCOPE_BEGIN|[63]|stdPricebookId|Id|false|false
15:40:25.3 (928246832)|VARIABLE_ASSIGNMENT|[63]|stdPricebookId|"01sg8000000h7xWAAQ"
15:40:25.3 (928255048)|STATEMENT_EXECUTE|[65]
15:40:25.3 (928339875)|HEAP_ALLOCATE|[65]|Bytes:4
15:40:25.3 (928581986)|VARIABLE_ASSIGNMENT|[65]|this.AccountId|"001g8000009UgxXAAS"|0x1f454f71
15:40:25.3 (928593300)|HEAP_ALLOCATE|[67]|Bytes:5
15:40:25.3 (928619257)|VARIABLE_ASSIGNMENT|[65]|this.Status|"Draft"|0x1f454f71
15:40:25.3 (928734863)|HEAP_ALLOCATE|[68]|Bytes:4
15:40:25.3 (928773404)|VARIABLE_ASSIGNMENT|[65]|this.EffectiveDate|"2026-04-10T00:00:00.000Z"|0x1f454f71
15:40:25.3 (928817623)|VARIABLE_ASSIGNMENT|[65]|this.Pricebook2Id|"01sg8000000h7xWAAQ"|0x1f454f71
15:40:25.3 (928867510)|VARIABLE_ASSIGNMENT|[65]|this.DistributionCenter__c|"a06g8000001ga05AAA"|0x1f454f71
15:40:25.3 (928887206)|VARIABLE_ASSIGNMENT|[65]|this.State__c|"a04g8000000b4z7AAA"|0x1f454f71
15:40:25.3 (928904691)|VARIABLE_ASSIGNMENT|[65]|this.City__c|"a05g8000002BenNAAS"|0x1f454f71
15:40:25.3 (928922630)|VARIABLE_ASSIGNMENT|[65]|this.Country__c|"a03g80000084yQnAAI"|0x1f454f71
15:40:25.3 (928961217)|VARIABLE_SCOPE_BEGIN|[65]|pedido|Order|true|false
15:40:25.3 (928986775)|VARIABLE_ASSIGNMENT|[65]|pedido|{"AccountId":"001g8000009UgxXAAS","Status":"Draft","EffectiveDate":"2026-04-10T00:00:00.000Z","Pricebook2Id":"01sg8000000h7xWAAQ","DistributionCenter__c":"a06g8000001ga05AAA","State__c":"a04g8000000b4z7AAA","City__c":"a05g8000002BenNAAS","Country__c":"a03g80000084yQnAAI"}|0x1f454f71
15:40:25.3 (928993438)|STATEMENT_EXECUTE|[75]
15:40:25.3 (929018981)|HEAP_ALLOCATE|[75]|Bytes:8
15:40:25.3 (929033463)|DML_BEGIN|[75]|Op:Insert|Type:Order|Rows:1
15:40:25.3 (929075069)|HEAP_ALLOCATE|[EXTERNAL]|Bytes:8
15:40:25.3 (957403797)|CODE_UNIT_STARTED|[EXTERNAL]|Validation:Order:new
15:40:25.3 (957456212)|VALIDATION_RULE|03dg8000000aS4D|Bloquear_Alteracao_Conta_Pedido
15:40:25.3 (957630096)|VALIDATION_FORMULA|ISCHANGED(AccountId) && NOT(ISNEW())|AccountId=001g8000009UgxX
15:40:25.3 (957634771)|VALIDATION_PASS
15:40:25.3 (957640758)|CODE_UNIT_FINISHED|Validation:Order:new
15:40:25.3 (995091207)|DML_END|[75]
15:40:25.3 (995283425)|STATEMENT_EXECUTE|[77]
15:40:25.3 (995330099)|HEAP_ALLOCATE|[77]|Bytes:4
15:40:25.3 (995547959)|VARIABLE_ASSIGNMENT|[77]|this.Pricebook2Id|"01sg8000000h7xWAAQ"|0x45aa7b68
15:40:25.3 (995584897)|VARIABLE_ASSIGNMENT|[77]|this.Product2Id|"01tg8000001RPrNAAW"|0x45aa7b68
15:40:25.3 (995615281)|HEAP_ALLOCATE|[77]|Bytes:28
15:40:25.3 (995635728)|VARIABLE_ASSIGNMENT|[77]|this.UnitPrice|1000|0x45aa7b68
15:40:25.3 (995650632)|VARIABLE_ASSIGNMENT|[77]|this.IsActive|true|0x45aa7b68
15:40:25.3 (995683838)|VARIABLE_SCOPE_BEGIN|[77]|pbe|PricebookEntry|true|false
15:40:25.3 (995706874)|VARIABLE_ASSIGNMENT|[77]|pbe|{"Pricebook2Id":"01sg8000000h7xWAAQ","Product2Id":"01tg8000001RPrNAAW","UnitPrice":1000,"IsActive":true}|0x45aa7b68
15:40:25.3 (995711036)|STATEMENT_EXECUTE|[83]
15:40:25.3 (995744463)|HEAP_ALLOCATE|[83]|Bytes:8
15:40:25.3 (995758605)|DML_BEGIN|[83]|Op:Insert|Type:PricebookEntry|Rows:1
15:40:25.3 (995797384)|HEAP_ALLOCATE|[EXTERNAL]|Bytes:8
15:40:26.29 (1029475393)|DML_END|[83]
15:40:26.29 (1029667513)|CUMULATIVE_LIMIT_USAGE
15:40:26.29 (1029667513)|LIMIT_USAGE_FOR_NS|(default)|
  Number of SOQL queries: 0 out of 100
  Number of query rows: 0 out of 50000
  Number of SOSL queries: 0 out of 20
  Number of DML statements: 13 out of 150
  Number of Publish Immediate DML: 0 out of 150
  Number of DML rows: 13 out of 10000
  Maximum CPU time: 99 out of 10000
  Maximum heap size: 0 out of 6000000
  Number of callouts: 0 out of 100
  Number of Email Invocations: 0 out of 10
  Number of future calls: 0 out of 50
  Number of queueable jobs added to the queue: 0 out of 50
  Number of Mobile Apex push calls: 0 out of 10

15:40:26.29 (1029667513)|CUMULATIVE_LIMIT_USAGE_END

15:40:26.29 (1029727800)|CODE_UNIT_FINISHED|OrderItemHandlerTest.setup()
15:40:26.29 (1029746222)|EXECUTION_FINISHED
15:40:26.44 (1044138622)|USER_INFO|[EXTERNAL]|005g80000010N45|sabrina.jesus@resourceful-moose-fmmd11.com|(GMT-03:00) Brasilia Standard Time (America/Sao_Paulo)|GMT-03:00
15:40:26.44 (1044173756)|EXECUTION_STARTED
15:40:26.44 (1044188342)|CODE_UNIT_STARTED|[EXTERNAL]|01pg8000001w1Mb|OrderItemHandlerTest.shouldNotAllowChangesOnActiveOrder()
15:40:26.44 (1044367498)|HEAP_ALLOCATE|[95]|Bytes:3
15:40:26.44 (1044429186)|HEAP_ALLOCATE|[100]|Bytes:152
15:40:26.44 (1044447244)|HEAP_ALLOCATE|[417]|Bytes:408
15:40:26.44 (1044463161)|HEAP_ALLOCATE|[430]|Bytes:408
15:40:26.44 (1044484557)|HEAP_ALLOCATE|[317]|Bytes:6
15:40:26.44 (1044495612)|HEAP_ALLOCATE|[EXTERNAL]|Bytes:353
15:40:26.44 (1044504495)|METHOD_ENTRY|[2]|01pg8000001w1Mb|OrderItemHandlerTest.OrderItemHandlerTest()
15:40:26.44 (1044510261)|STATEMENT_EXECUTE|[2]
15:40:26.44 (1044515836)|STATEMENT_EXECUTE|[2]
15:40:26.44 (1044519483)|METHOD_EXIT|[2]|OrderItemHandlerTest
15:40:26.44 (1044539817)|HEAP_ALLOCATE|[68]|Bytes:5
15:40:26.44 (1044563019)|HEAP_ALLOCATE|[74]|Bytes:5
15:40:26.44 (1044568057)|HEAP_ALLOCATE|[82]|Bytes:7
15:40:26.44 (1044599263)|STATEMENT_EXECUTE|[186]
15:40:26.44 (1044600438)|STATEMENT_EXECUTE|[187]
15:40:26.44 (1044602484)|HEAP_ALLOCATE|[187]|Bytes:28
15:40:26.44 (1044621375)|HEAP_ALLOCATE|[187]|Bytes:4
15:40:26.44 (1044980201)|SOQL_EXECUTE_BEGIN|[187]|Aggregations:0|SELECT Id FROM Order LIMIT 1
15:40:26.44 (1051431630)|SOQL_EXECUTE_END|[187]|Rows:1
15:40:26.44 (1051467115)|HEAP_ALLOCATE|[187]|Bytes:8
15:40:26.44 (1051493586)|HEAP_ALLOCATE|[187]|Bytes:29
15:40:26.44 (1051602958)|HEAP_ALLOCATE|[187]|Bytes:8
15:40:26.44 (1051624484)|HEAP_ALLOCATE|[187]|Bytes:31
15:40:26.44 (1051705532)|HEAP_ALLOCATE|[187]|Bytes:8
15:40:26.44 (1051714253)|VARIABLE_SCOPE_BEGIN|[187]|pedido|Order|true|false
15:40:26.44 (1051819164)|VARIABLE_ASSIGNMENT|[187]|pedido|{"Id":"801g8000009UgxZAAS"}|0x10613c3
15:40:26.44 (1051826923)|STATEMENT_EXECUTE|[188]
15:40:26.44 (1051829102)|HEAP_ALLOCATE|[188]|Bytes:37
15:40:26.44 (1051854077)|HEAP_ALLOCATE|[188]|Bytes:4
15:40:26.44 (1052140697)|SOQL_EXECUTE_BEGIN|[188]|Aggregations:0|SELECT Id FROM PricebookEntry LIMIT 1
15:40:26.44 (1058107579)|SOQL_EXECUTE_END|[188]|Rows:1
15:40:26.44 (1058138165)|HEAP_ALLOCATE|[188]|Bytes:8
15:40:26.44 (1058158780)|HEAP_ALLOCATE|[188]|Bytes:29
15:40:26.44 (1058250144)|HEAP_ALLOCATE|[188]|Bytes:8
15:40:26.44 (1058268064)|HEAP_ALLOCATE|[188]|Bytes:40
15:40:26.44 (1058339265)|HEAP_ALLOCATE|[188]|Bytes:8
15:40:26.44 (1058349184)|VARIABLE_SCOPE_BEGIN|[188]|pbe|PricebookEntry|true|false
15:40:26.44 (1058408391)|VARIABLE_ASSIGNMENT|[188]|pbe|{"Id":"01ug8000000gSvxAAE"}|0x2f0ad844
15:40:26.44 (1058415869)|STATEMENT_EXECUTE|[189]
15:40:26.44 (1058418184)|HEAP_ALLOCATE|[189]|Bytes:31
15:40:26.44 (1058432764)|HEAP_ALLOCATE|[189]|Bytes:4
15:40:26.44 (1058688293)|SOQL_EXECUTE_BEGIN|[189]|Aggregations:0|SELECT Id FROM Product2 LIMIT 1
15:40:26.44 (1064675735)|SOQL_EXECUTE_END|[189]|Rows:1
15:40:26.44 (1064704839)|HEAP_ALLOCATE|[189]|Bytes:8
15:40:26.44 (1064724767)|HEAP_ALLOCATE|[189]|Bytes:29
15:40:26.44 (1064803266)|HEAP_ALLOCATE|[189]|Bytes:8
15:40:26.44 (1064822534)|HEAP_ALLOCATE|[189]|Bytes:34
15:40:26.44 (1064891164)|HEAP_ALLOCATE|[189]|Bytes:8
15:40:26.44 (1064901645)|VARIABLE_SCOPE_BEGIN|[189]|produto|Product2|true|false
15:40:26.44 (1064958193)|VARIABLE_ASSIGNMENT|[189]|produto|{"Id":"01tg8000001RPrNAAW"}|0x6fa653a
15:40:26.44 (1064969283)|STATEMENT_EXECUTE|[191]
15:40:26.44 (1065005983)|HEAP_ALLOCATE|[191]|Bytes:4
15:40:26.44 (1065191083)|VARIABLE_ASSIGNMENT|[191]|this.OrderId|"801g8000009UgxZAAS"|0x34727399
15:40:26.44 (1065216309)|VARIABLE_ASSIGNMENT|[191]|this.Product2Id|"01tg8000001RPrNAAW"|0x34727399
15:40:26.44 (1065246783)|VARIABLE_ASSIGNMENT|[191]|this.PricebookEntryId|"01ug8000000gSvxAAE"|0x34727399
15:40:26.44 (1065303141)|HEAP_ALLOCATE|[191]|Bytes:28
15:40:26.44 (1065306047)|HEAP_ALLOCATE|[191]|Bytes:28
15:40:26.44 (1065326136)|VARIABLE_ASSIGNMENT|[191]|this.Quantity|1|0x34727399
15:40:26.44 (1065332621)|HEAP_ALLOCATE|[191]|Bytes:28
15:40:26.44 (1065367237)|VARIABLE_ASSIGNMENT|[191]|this.UnitPrice|100|0x34727399
15:40:26.44 (1065394967)|VARIABLE_SCOPE_BEGIN|[191]|item|OrderItem|true|false
15:40:26.44 (1065413107)|VARIABLE_ASSIGNMENT|[191]|item|{"OrderId":"801g8000009UgxZAAS","Product2Id":"01tg8000001RPrNAAW","PricebookEntryId":"01ug8000000gSvxAAE","Quantity":1,"UnitPrice":100}|0x34727399
15:40:26.44 (1065438856)|STATEMENT_EXECUTE|[198]
15:40:26.44 (1065476603)|HEAP_ALLOCATE|[198]|Bytes:8
15:40:26.44 (1065491422)|DML_BEGIN|[198]|Op:Insert|Type:OrderItem|Rows:1
15:40:26.44 (1065525715)|HEAP_ALLOCATE|[EXTERNAL]|Bytes:8
15:40:26.44 (1088834919)|CODE_UNIT_STARTED|[EXTERNAL]|01qg8000000Fou9|OrdemItemTrigger on OrderItem trigger event BeforeInsert|__sfdc_trigger/OrdemItemTrigger
15:40:26.44 (1088906896)|HEAP_ALLOCATE|[EXTERNAL]|Bytes:8
15:40:26.44 (1088992937)|HEAP_ALLOCATE|[EXTERNAL]|Bytes:4
15:40:26.44 (1089003076)|VARIABLE_SCOPE_BEGIN|[1]|this|OrdemItemTrigger|true|false
15:40:26.44 (1089039589)|VARIABLE_ASSIGNMENT|[1]|this|{}|0x7e141e40
15:40:26.44 (1089071405)|HEAP_ALLOCATE|[EXTERNAL]|Bytes:4
15:40:26.44 (1089076056)|VARIABLE_SCOPE_BEGIN|[1]|this|OrdemItemTrigger|true|false
15:40:26.44 (1089081600)|VARIABLE_ASSIGNMENT|[1]|this|{}|0x7e141e40
15:40:26.44 (1089088522)|STATEMENT_EXECUTE|[1]
15:40:26.44 (1089089646)|STATEMENT_EXECUTE|[2]
15:40:26.44 (1089179716)|VARIABLE_SCOPE_BEGIN|[63]|TriggerHandler.BYPASS_ALL_ALIAS|String|false|true
15:40:26.44 (1089185741)|VARIABLE_SCOPE_BEGIN|[839]|TriggerHandler.ERROR_TRIGGERCONTEXT|String|false|true
15:40:26.44 (1089190553)|VARIABLE_SCOPE_BEGIN|[26]|TriggerHandler.bypassedHandlers|Set<String>|true|true
15:40:26.44 (1089194191)|VARIABLE_SCOPE_BEGIN|[32]|TriggerHandler.globalBypass|Boolean|false|true
15:40:26.44 (1089197897)|VARIABLE_SCOPE_BEGIN|[20]|TriggerHandler.loopCountMap|Map<String,TriggerHandler.LoopCount>|true|true
15:40:26.44 (1089200961)|VARIABLE_SCOPE_BEGIN|[44]|TriggerHandler.showDebug|Boolean|false|true
15:40:26.44 (1089203872)|VARIABLE_SCOPE_BEGIN|[38]|TriggerHandler.showLimits|Boolean|false|true
15:40:26.44 (1089214695)|HEAP_ALLOCATE|[2]|Bytes:21
15:40:26.44 (1089218604)|HEAP_ALLOCATE|[2]|Bytes:6
15:40:26.44 (1089235372)|METHOD_ENTRY|[1]|01pg8000001EZwd|OrdemItemHandler.OrdemItemHandler()
15:40:26.44 (1089239906)|STATEMENT_EXECUTE|[1]
15:40:26.44 (1089243283)|STATEMENT_EXECUTE|[1]
15:40:26.44 (1089248051)|METHOD_EXIT|[1]|OrdemItemHandler
15:40:26.44 (1089253379)|HEAP_ALLOCATE|[2]|Bytes:32
15:40:26.44 (1089269790)|CONSTRUCTOR_ENTRY|[2]|01pg8000001EZwd|<init>()|OrdemItemHandler
15:40:26.44 (1089292884)|VARIABLE_SCOPE_BEGIN|[9]|this|OrdemItemHandler|true|false
15:40:26.44 (1089310539)|VARIABLE_ASSIGNMENT|[9]|this|{}|0x5dd1688c
15:40:26.44 (1089315871)|STATEMENT_EXECUTE|[1]
15:40:26.44 (1089317089)|STATEMENT_EXECUTE|[3]
15:40:26.44 (1089318361)|STATEMENT_EXECUTE|[4]
15:40:26.44 (1089319454)|STATEMENT_EXECUTE|[5]
15:40:26.44 (1089320707)|STATEMENT_EXECUTE|[6]
15:40:26.44 (1089321832)|STATEMENT_EXECUTE|[10]
15:40:26.44 (1089325373)|HEAP_ALLOCATE|[10]|Bytes:16
15:40:26.44 (1089332084)|HEAP_ALLOCATE|[10]|Bytes:33
15:40:26.44 (1089334518)|HEAP_ALLOCATE|[10]|Bytes:166
15:40:26.44 (1089336635)|HEAP_ALLOCATE|[10]|Bytes:55
15:40:26.44 (1089338350)|HEAP_ALLOCATE|[10]|Bytes:9
15:40:26.44 (1089351075)|VARIABLE_ASSIGNMENT|[10]|TriggerHandler.BYPASS_ALL_ALIAS|"BypassAll"
15:40:26.44 (1089353205)|HEAP_ALLOCATE|[10]|Bytes:51
15:40:26.44 (1089358355)|VARIABLE_ASSIGNMENT|[10]|TriggerHandler.ERROR_TRIGGERCONTEXT|"Trigger handler call (31 more) ..."
15:40:26.44 (1089407435)|METHOD_ENTRY|[15]|01pg80000019iSf|TriggerHandler.TriggerHandler()
15:40:26.44 (1089409548)|STATEMENT_EXECUTE|[15]
15:40:26.44 (1089411969)|STATEMENT_EXECUTE|[15]
15:40:26.44 (1089413260)|STATEMENT_EXECUTE|[66]
15:40:26.44 (1089414272)|STATEMENT_EXECUTE|[67]
15:40:26.44 (1089468183)|HEAP_ALLOCATE|[67]|Bytes:4
15:40:26.44 (1089517029)|VARIABLE_ASSIGNMENT|[67]|TriggerHandler.loopCountMap|{}|0x7569898b
15:40:26.44 (1089520144)|STATEMENT_EXECUTE|[68]
15:40:26.44 (1089526927)|HEAP_ALLOCATE|[68]|Bytes:4
15:40:26.44 (1089581679)|VARIABLE_ASSIGNMENT|[68]|TriggerHandler.bypassedHandlers|[]|0x2d82d3f2
15:40:26.44 (1089584564)|STATEMENT_EXECUTE|[69]
15:40:26.44 (1089597869)|HEAP_ALLOCATE|[69]|Bytes:5
15:40:26.44 (1089603473)|VARIABLE_ASSIGNMENT|[69]|TriggerHandler.globalBypass|false
15:40:26.44 (1089605724)|STATEMENT_EXECUTE|[70]
15:40:26.44 (1089607391)|HEAP_ALLOCATE|[70]|Bytes:5
15:40:26.44 (1089610441)|VARIABLE_ASSIGNMENT|[70]|TriggerHandler.showLimits|false
15:40:26.44 (1089612549)|STATEMENT_EXECUTE|[71]
15:40:26.44 (1089613899)|HEAP_ALLOCATE|[71]|Bytes:5
15:40:26.44 (1089616980)|VARIABLE_ASSIGNMENT|[71]|TriggerHandler.showDebug|false
15:40:26.44 (1089619146)|STATEMENT_EXECUTE|[755]
15:40:26.44 (1089620267)|STATEMENT_EXECUTE|[832]
15:40:26.44 (1089623606)|METHOD_EXIT|[15]|TriggerHandler
15:40:26.44 (1089628183)|CONSTRUCTOR_ENTRY|[10]|01pg80000019iSf|<init>(String)|TriggerHandler
15:40:26.44 (1089636429)|VARIABLE_SCOPE_BEGIN|[107]|this|TriggerHandler|true|false
15:40:26.44 (1089647669)|VARIABLE_ASSIGNMENT|[107]|this|{}|0x5dd1688c
15:40:26.44 (1089650531)|VARIABLE_SCOPE_BEGIN|[107]|handlerName|String|false|false
15:40:26.44 (1089655398)|VARIABLE_ASSIGNMENT|[107]|handlerName|"OrderItemHandler"
15:40:26.44 (1089659538)|STATEMENT_EXECUTE|[15]
15:40:26.44 (1089660602)|STATEMENT_EXECUTE|[50]
15:40:26.44 (1089661527)|STATEMENT_EXECUTE|[57]
15:40:26.44 (1089662644)|STATEMENT_EXECUTE|[671]
15:40:26.44 (1089665906)|HEAP_ALLOCATE|[108]|Bytes:6
15:40:26.44 (1089686474)|STATEMENT_EXECUTE|[107]
15:40:26.44 (1089687490)|STATEMENT_EXECUTE|[108]
15:40:26.44 (1089692503)|STATEMENT_EXECUTE|[109]
15:40:26.44 (1089704199)|METHOD_ENTRY|[109]|01pg80000019iSf|TriggerHandler.setTriggerContext()
15:40:26.44 (1089711201)|VARIABLE_SCOPE_BEGIN|[565]|this|TriggerHandler|true|false
15:40:26.44 (1089721652)|VARIABLE_ASSIGNMENT|[565]|this|{"handlerName":"OrderItemHandler"}|0x5dd1688c
15:40:26.44 (1089734907)|STATEMENT_EXECUTE|[565]
15:40:26.44 (1089735915)|STATEMENT_EXECUTE|[566]
15:40:26.44 (1089853494)|HEAP_ALLOCATE|[566]|Bytes:16
15:40:26.44 (1089863787)|METHOD_ENTRY|[566]|01pg80000019iSf|TriggerHandler.setTriggerContext(System.TriggerOperation, Boolean)
15:40:26.44 (1089867004)|VARIABLE_SCOPE_BEGIN|[582]|this|TriggerHandler|true|false
15:40:26.44 (1089876258)|VARIABLE_ASSIGNMENT|[582]|this|{"handlerName":"OrderItemHandler"}|0x5dd1688c
15:40:26.44 (1089878752)|VARIABLE_SCOPE_BEGIN|[582]|opType|System.TriggerOperation|true|false
15:40:26.44 (1089895049)|VARIABLE_ASSIGNMENT|[582]|opType|"BEFORE_INSERT"|0x316cff45
15:40:26.44 (1089898664)|VARIABLE_SCOPE_BEGIN|[582]|testMode|Boolean|false|false
15:40:26.44 (1089902656)|VARIABLE_ASSIGNMENT|[582]|testMode|false
15:40:26.44 (1089907279)|STATEMENT_EXECUTE|[582]
15:40:26.44 (1089919848)|STATEMENT_EXECUTE|[586]
15:40:26.44 (1089920732)|STATEMENT_EXECUTE|[587]
15:40:26.44 (1089923949)|HEAP_ALLOCATE|[587]|Bytes:5
15:40:26.44 (1089929938)|STATEMENT_EXECUTE|[590]
15:40:26.44 (1089930782)|STATEMENT_EXECUTE|[592]
15:40:26.44 (1089946431)|HEAP_ALLOCATE|[592]|Bytes:16
15:40:26.44 (1089951082)|STATEMENT_EXECUTE|[595]
15:40:26.44 (1089967314)|VARIABLE_SCOPE_BEGIN|[595]|context|String|false|false
15:40:26.44 (1089974101)|VARIABLE_ASSIGNMENT|[595]|context|"BEFORE_INSERT"
15:40:26.44 (1089976087)|STATEMENT_EXECUTE|[597]
15:40:26.44 (1089978382)|HEAP_ALLOCATE|[598]|Bytes:13
15:40:26.44 (1090014383)|STATEMENT_EXECUTE|[598]
15:40:26.44 (1090016382)|STATEMENT_EXECUTE|[599]
15:40:26.44 (1090022488)|METHOD_EXIT|[566]|01pg80000019iSf|TriggerHandler.setTriggerContext(System.TriggerOperation, Boolean)
15:40:26.44 (1090025176)|METHOD_EXIT|[109]|01pg80000019iSf|TriggerHandler.setTriggerContext()
15:40:26.44 (1090028881)|CONSTRUCTOR_EXIT|[10]|01pg80000019iSf|<init>(String)|TriggerHandler
15:40:26.44 (1090032400)|STATEMENT_EXECUTE|[9]
15:40:26.44 (1090033563)|STATEMENT_EXECUTE|[11]
15:40:26.44 (1091959977)|VARIABLE_ASSIGNMENT|[11]|this.newRecords|[{"Product_Code_Display__c":"TRT 7","IsDeleted":false,"UnitPrice":100.00,"Product2Id":"01tg8000001RPrNAAW","PricebookEntryId":"01ug8000000gSvxAAE","TotalPrice":100.00,"Quantity":1.00,"ListPrice":1000.00,"OrderId":"801g8000009UgxZAAS"}]|0x5dd1688c
15:40:26.44 (1091978018)|STATEMENT_EXECUTE|[12]
15:40:26.44 (1092007286)|VARIABLE_ASSIGNMENT|[12]|this.oldRecords|null|0x5dd1688c
15:40:26.44 (1092010302)|STATEMENT_EXECUTE|[13]
15:40:26.44 (1092056917)|VARIABLE_ASSIGNMENT|[13]|this.newRecordsMap|null|0x5dd1688c
15:40:26.44 (1092059930)|STATEMENT_EXECUTE|[14]
15:40:26.44 (1092066350)|VARIABLE_ASSIGNMENT|[14]|this.oldRecordsMap|null|0x5dd1688c
15:40:26.44 (1092073403)|CONSTRUCTOR_EXIT|[2]|01pg8000001EZwd|<init>()|OrdemItemHandler
15:40:26.44 (1092091627)|METHOD_ENTRY|[2]|01pg80000019iSf|TriggerHandler.run()
15:40:26.44 (1092097923)|VARIABLE_SCOPE_BEGIN|[120]|this|TriggerHandler|true|false
15:40:26.44 (1092148148)|VARIABLE_ASSIGNMENT|[120]|this|{"newRecords":"0x27431037","handlerName":"OrderItemHandler","isTriggerExecuting":true,"triggerEvent":"0x316cff45"}|0x5dd1688c
15:40:26.44 (1092168302)|STATEMENT_EXECUTE|[120]
15:40:26.44 (1092173698)|METHOD_ENTRY|[121]|01pg80000019iSf|TriggerHandler.validateRun()
15:40:26.44 (1092187920)|VARIABLE_SCOPE_BEGIN|[661]|this|TriggerHandler|true|false
15:40:26.44 (1092199627)|VARIABLE_ASSIGNMENT|[661]|this|{"newRecords":"0x27431037","handlerName":"OrderItemHandler","isTriggerExecuting":true,"triggerEvent":"0x316cff45"}|0x5dd1688c
15:40:26.44 (1092204548)|STATEMENT_EXECUTE|[661]
15:40:26.44 (1092212113)|STATEMENT_EXECUTE|[662]
15:40:26.44 (1092213036)|STATEMENT_EXECUTE|[665]
15:40:26.44 (1092218897)|METHOD_ENTRY|[665]|01pg80000019iSf|TriggerHandler.getHandlerName()
15:40:26.44 (1092223440)|VARIABLE_SCOPE_BEGIN|[680]|this|TriggerHandler|true|false
15:40:26.44 (1092231744)|VARIABLE_ASSIGNMENT|[680]|this|{"newRecords":"0x27431037","handlerName":"OrderItemHandler","isTriggerExecuting":true,"triggerEvent":"0x316cff45"}|0x5dd1688c
15:40:26.44 (1092235613)|STATEMENT_EXECUTE|[680]
15:40:26.44 (1092268347)|STATEMENT_EXECUTE|[681]
15:40:26.44 (1092269502)|STATEMENT_EXECUTE|[684]
15:40:26.44 (1092271969)|METHOD_EXIT|[665]|01pg80000019iSf|TriggerHandler.getHandlerName()
15:40:26.44 (1092289370)|METHOD_EXIT|[121]|01pg80000019iSf|TriggerHandler.validateRun()
15:40:26.44 (1092292058)|STATEMENT_EXECUTE|[121]
15:40:26.44 (1092295031)|METHOD_ENTRY|[126]|01pg80000019iSf|TriggerHandler.incrementCheckLoopCount()
15:40:26.44 (1092299566)|VARIABLE_SCOPE_BEGIN|[634]|this|TriggerHandler|true|false
15:40:26.44 (1092314975)|VARIABLE_ASSIGNMENT|[634]|this|{"newRecords":"0x27431037","handlerName":"OrderItemHandler","isTriggerExecuting":true,"triggerEvent":"0x316cff45"}|0x5dd1688c
15:40:26.44 (1092321358)|STATEMENT_EXECUTE|[634]
15:40:26.44 (1092322695)|STATEMENT_EXECUTE|[635]
15:40:26.44 (1092325747)|METHOD_ENTRY|[635]|01pg80000019iSf|TriggerHandler.getHandlerName()
15:40:26.44 (1092332353)|VARIABLE_SCOPE_BEGIN|[680]|this|TriggerHandler|true|false
15:40:26.44 (1092345361)|VARIABLE_ASSIGNMENT|[680]|this|{"newRecords":"0x27431037","handlerName":"OrderItemHandler","isTriggerExecuting":true,"triggerEvent":"0x316cff45"}|0x5dd1688c
15:40:26.44 (1092351057)|STATEMENT_EXECUTE|[680]
15:40:26.44 (1092362069)|STATEMENT_EXECUTE|[681]
15:40:26.44 (1092363297)|STATEMENT_EXECUTE|[684]
15:40:26.44 (1092365630)|METHOD_EXIT|[635]|01pg80000019iSf|TriggerHandler.getHandlerName()
15:40:26.44 (1092370149)|VARIABLE_SCOPE_BEGIN|[635]|handlerName|String|false|false
15:40:26.44 (1092377465)|VARIABLE_ASSIGNMENT|[635]|handlerName|"OrderItemHandler"
15:40:26.44 (1092407705)|STATEMENT_EXECUTE|[636]
15:40:26.44 (1092408834)|STATEMENT_EXECUTE|[649]
15:40:26.44 (1092410568)|METHOD_EXIT|[126]|01pg80000019iSf|TriggerHandler.incrementCheckLoopCount()
15:40:26.44 (1092413597)|STATEMENT_EXECUTE|[126]
15:40:26.44 (1092415961)|STATEMENT_EXECUTE|[130]
15:40:26.44 (1092416948)|STATEMENT_EXECUTE|[135]
15:40:26.44 (1092457364)|STATEMENT_EXECUTE|[136]
15:40:26.44 (1092458347)|STATEMENT_EXECUTE|[137]
15:40:26.44 (1092464952)|METHOD_ENTRY|[137]|01pg8000001EZwd|OrdemItemHandler.beforeInsert()
15:40:26.44 (1092470710)|VARIABLE_SCOPE_BEGIN|[18]|this|OrdemItemHandler|true|false
15:40:26.44 (1092482035)|VARIABLE_ASSIGNMENT|[18]|this|{"newRecords":"0x27431037","handlerName":"OrderItemHandler","isTriggerExecuting":true,"triggerEvent":"0x316cff45"}|0x5dd1688c
15:40:26.44 (1092487550)|STATEMENT_EXECUTE|[18]
15:40:26.44 (1092488661)|STATEMENT_EXECUTE|[19]
15:40:26.44 (1092491926)|METHOD_ENTRY|[19]|01pg8000001EZwd|OrdemItemHandler.checkActiveOrderItem()
15:40:26.44 (1092495952)|VARIABLE_SCOPE_BEGIN|[176]|this|OrdemItemHandler|true|false
15:40:26.44 (1092504070)|VARIABLE_ASSIGNMENT|[176]|this|{"newRecords":"0x27431037","handlerName":"OrderItemHandler","isTriggerExecuting":true,"triggerEvent":"0x316cff45"}|0x5dd1688c
15:40:26.44 (1092508762)|STATEMENT_EXECUTE|[176]
15:40:26.44 (1092509791)|STATEMENT_EXECUTE|[177]
15:40:26.44 (1092515157)|VARIABLE_SCOPE_BEGIN|[177]|listaParaValidar|List<OrderItem>|true|false
15:40:26.44 (1092519556)|VARIABLE_ASSIGNMENT|[177]|listaParaValidar|null|
15:40:26.44 (1092521582)|STATEMENT_EXECUTE|[178]
15:40:26.44 (1092532696)|HEAP_ALLOCATE|[178]|Bytes:4
15:40:26.44 (1092551096)|VARIABLE_SCOPE_BEGIN|[178]|idOrders|Set<Id>|true|false
15:40:26.44 (1092573613)|VARIABLE_ASSIGNMENT|[178]|idOrders|[]|0x6dd55382
15:40:26.44 (1092576296)|STATEMENT_EXECUTE|[179]
15:40:26.44 (1092598486)|HEAP_ALLOCATE|[179]|Bytes:4
15:40:26.44 (1092620260)|VARIABLE_SCOPE_BEGIN|[179]|idMapOrders|Map<Id,Order>|true|false
15:40:26.44 (1092631474)|VARIABLE_ASSIGNMENT|[179]|idMapOrders|{}|0x5beede3f
15:40:26.44 (1092644020)|STATEMENT_EXECUTE|[183]
15:40:26.44 (1092645463)|STATEMENT_EXECUTE|[184]
15:40:26.44 (1093174122)|VARIABLE_ASSIGNMENT|[184]|listaParaValidar|[{"Product_Code_Display__c":"TRT 7","IsDeleted":false,"UnitPrice":100.00,"Product2Id":"01tg8000001RPrNAAW","PricebookEntryId":"01ug8000000gSvxAAE","TotalPrice":100.00,"Quantity":1.00,"ListPrice":1000.00,"OrderId":"801g8000009UgxZAAS"}]|0x27431037
15:40:26.44 (1093331698)|HEAP_ALLOCATE|[187]|Bytes:5
15:40:26.44 (1093351608)|HEAP_ALLOCATE|[187]|Bytes:4
15:40:26.44 (1093359797)|VARIABLE_SCOPE_BEGIN|[187]|ot|OrderItem|true|false
15:40:26.44 (1093790487)|VARIABLE_ASSIGNMENT|[187]|ot|{"Product_Code_Display__c":"TRT 7","IsDeleted":false,"UnitPrice":100.00,"Product2Id":"01tg8000001RPrNAAW","PricebookEntryId":"01ug8000000gSvxAAE","TotalPrice":100.00,"Quantity":1.00,"ListPrice":1000.00,"OrderId":"801g8000009UgxZAAS"}|0x53d94b03
15:40:26.44 (1093797477)|STATEMENT_EXECUTE|[187]
15:40:26.44 (1093798731)|STATEMENT_EXECUTE|[188]
15:40:26.44 (1093851385)|HEAP_ALLOCATE|[EXTERNAL]|Bytes:4
15:40:26.44 (1093863520)|HEAP_ALLOCATE|[187]|Bytes:5
15:40:26.44 (1093871143)|VARIABLE_ASSIGNMENT|[187]|ot|null|
15:40:26.44 (1093875255)|STATEMENT_EXECUTE|[191]
15:40:26.44 (1093927593)|HEAP_ALLOCATE|[191]|Bytes:1
15:40:26.44 (1093937513)|METHOD_ENTRY|[1]|01pg8000001w1Md|OrderSelector.OrderSelector()
15:40:26.44 (1093940681)|STATEMENT_EXECUTE|[1]
15:40:26.44 (1093943652)|STATEMENT_EXECUTE|[1]
15:40:26.44 (1093947182)|METHOD_EXIT|[1]|OrderSelector
15:40:26.44 (1093953296)|METHOD_ENTRY|[191]|01pg8000001w1Md|OrderSelector.getOrdersByIds(Set<Id>)
15:40:26.44 (1093961004)|VARIABLE_SCOPE_BEGIN|[2]|ids|Set<Id>|true|false
15:40:26.44 (1093970043)|VARIABLE_ASSIGNMENT|[2]|ids|["801g8000009UgxZAAS"]|0x6dd55382
15:40:26.44 (1093978795)|STATEMENT_EXECUTE|[2]
15:40:26.44 (1093980134)|STATEMENT_EXECUTE|[3]
15:40:26.44 (1093988178)|HEAP_ALLOCATE|[3]|Bytes:4
15:40:26.44 (1093991789)|HEAP_ALLOCATE|[3]|Bytes:113
15:40:26.44 (1093997160)|HEAP_ALLOCATE|[3]|Bytes:4
15:40:26.44 (1094001285)|HEAP_ALLOCATE|[3]|Bytes:7
15:40:26.44 (1094627073)|SOQL_EXECUTE_BEGIN|[3]|Aggregations:0|SELECT Id, DistributionCenter__c, State__c, City__c, Country__c, AccountId, Status FROM Order WHERE Id = :tmpVar1
15:40:26.44 (1103357448)|SOQL_EXECUTE_END|[3]|Rows:1
15:40:26.44 (1103391464)|HEAP_ALLOCATE|[3]|Bytes:8
15:40:26.44 (1103408001)|HEAP_ALLOCATE|[3]|Bytes:209
15:40:26.44 (1103454879)|HEAP_ALLOCATE|[3]|Bytes:8
15:40:26.44 (1103490352)|HEAP_ALLOCATE|[3]|Bytes:32
15:40:26.44 (1103517803)|HEAP_ALLOCATE|[3]|Bytes:4
15:40:26.44 (1103529923)|METHOD_EXIT|[191]|01pg8000001w1Md|OrderSelector.getOrdersByIds(Set<Id>)
15:40:26.44 (1103711605)|VARIABLE_ASSIGNMENT|[191]|idMapOrders|{"801g8000009UgxZAAS":{"Status":"Draft","City__c":"a05g8000002BenNAAS","Country__c":"a03g80000084yQnAAI","AccountId":"001g8000009UgxXAAS","DistributionCenter__c":"a06g8000001ga05AAA","Id":"801g8000009UgxZAAS","State__c":"a04g8000000b4z7AAA"}}|0x4530df18
15:40:26.44 (1103780832)|HEAP_ALLOCATE|[193]|Bytes:5
15:40:26.44 (1103799246)|HEAP_ALLOCATE|[193]|Bytes:4
15:40:26.44 (1103810526)|VARIABLE_SCOPE_BEGIN|[193]|ot|OrderItem|true|false
15:40:26.44 (1104376558)|VARIABLE_ASSIGNMENT|[193]|ot|{"Product_Code_Display__c":"TRT 7","IsDeleted":false,"UnitPrice":100.00,"Product2Id":"01tg8000001RPrNAAW","PricebookEntryId":"01ug8000000gSvxAAE","TotalPrice":100.00,"Quantity":1.00,"ListPrice":1000.00,"OrderId":"801g8000009UgxZAAS"}|0x53d94b03
15:40:26.44 (1104386629)|STATEMENT_EXECUTE|[193]
15:40:26.44 (1104388158)|STATEMENT_EXECUTE|[194]
15:40:26.44 (1104445503)|VARIABLE_SCOPE_BEGIN|[194]|pedido|Order|true|false
15:40:26.44 (1104534077)|VARIABLE_ASSIGNMENT|[194]|pedido|{"Status":"Draft","City__c":"a05g8000002BenNAAS","Country__c":"a03g80000084yQnAAI","AccountId":"001g8000009UgxXAAS","DistributionCenter__c":"a06g8000001ga05AAA","Id":"801g8000009UgxZAAS","State__c":"a04g8000000b4z7AAA"}|0xf19a37c
15:40:26.44 (1104558147)|HEAP_ALLOCATE|[195]|Bytes:5
15:40:26.44 (1104590012)|STATEMENT_EXECUTE|[195]
15:40:26.44 (1104601260)|HEAP_ALLOCATE|[193]|Bytes:5
15:40:26.44 (1104610308)|VARIABLE_ASSIGNMENT|[193]|ot|null|
15:40:26.44 (1104616368)|METHOD_EXIT|[19]|01pg8000001EZwd|OrdemItemHandler.checkActiveOrderItem()
15:40:26.44 (1104620023)|STATEMENT_EXECUTE|[20]
15:40:26.44 (1104629443)|METHOD_ENTRY|[20]|01pg8000001EZwd|OrdemItemHandler.executePricingLogic()
15:40:26.44 (1104641600)|VARIABLE_SCOPE_BEGIN|[35]|this|OrdemItemHandler|true|false
15:40:26.44 (1104683486)|VARIABLE_ASSIGNMENT|[35]|this|{"newRecords":"0x27431037","handlerName":"OrderItemHandler","isTriggerExecuting":true,"triggerEvent":"0x316cff45"}|0x5dd1688c
15:40:26.44 (1104696397)|STATEMENT_EXECUTE|[35]
15:40:26.44 (1104697915)|STATEMENT_EXECUTE|[37]
15:40:26.44 (1104709256)|HEAP_ALLOCATE|[37]|Bytes:4
15:40:26.44 (1104731440)|VARIABLE_SCOPE_BEGIN|[37]|setOrderIds|Set<Id>|true|false
15:40:26.44 (1104756022)|VARIABLE_ASSIGNMENT|[37]|setOrderIds|[]|0x6abefcf8
15:40:26.44 (1104759131)|STATEMENT_EXECUTE|[38]
15:40:26.44 (1104762256)|HEAP_ALLOCATE|[38]|Bytes:4
15:40:26.44 (1104768817)|VARIABLE_SCOPE_BEGIN|[38]|setProductIds|Set<Id>|true|false
15:40:26.44 (1104775208)|VARIABLE_ASSIGNMENT|[38]|setProductIds|[]|0x29b526a8
15:40:26.44 (1104778131)|STATEMENT_EXECUTE|[39]
15:40:26.44 (1104780034)|HEAP_ALLOCATE|[39]|Bytes:4
15:40:26.44 (1104785685)|VARIABLE_SCOPE_BEGIN|[39]|setAccountIds|Set<Id>|true|false
15:40:26.44 (1104791513)|VARIABLE_ASSIGNMENT|[39]|setAccountIds|[]|0x34828dbe
15:40:26.44 (1104794459)|STATEMENT_EXECUTE|[42]
15:40:26.44 (1104832412)|HEAP_ALLOCATE|[42]|Bytes:4
15:40:26.44 (1104857772)|VARIABLE_SCOPE_BEGIN|[42]|itemsByOrderId|Map<Id,List<OrderItem>>|true|false
15:40:26.44 (1104865199)|VARIABLE_ASSIGNMENT|[42]|itemsByOrderId|{}|0x7642da11
15:40:26.44 (1104888730)|HEAP_ALLOCATE|[45]|Bytes:5
15:40:26.44 (1104898580)|HEAP_ALLOCATE|[45]|Bytes:4
15:40:26.44 (1104903318)|VARIABLE_SCOPE_BEGIN|[45]|item|OrderItem|true|false
15:40:26.44 (1105380314)|VARIABLE_ASSIGNMENT|[45]|item|{"Product_Code_Display__c":"TRT 7","IsDeleted":false,"UnitPrice":100.00,"Product2Id":"01tg8000001RPrNAAW","PricebookEntryId":"01ug8000000gSvxAAE","TotalPrice":100.00,"Quantity":1.00,"ListPrice":1000.00,"OrderId":"801g8000009UgxZAAS"}|0x53d94b03
15:40:26.44 (1105389228)|STATEMENT_EXECUTE|[45]
15:40:26.44 (1105396780)|STATEMENT_EXECUTE|[46]
15:40:26.44 (1105397900)|STATEMENT_EXECUTE|[47]
15:40:26.44 (1105464055)|HEAP_ALLOCATE|[EXTERNAL]|Bytes:4
15:40:26.44 (1105496736)|STATEMENT_EXECUTE|[49]
15:40:26.44 (1105534903)|HEAP_ALLOCATE|[49]|Bytes:4
15:40:26.44 (1105554325)|HEAP_ALLOCATE|[EXTERNAL]|Bytes:4
15:40:26.44 (1105557801)|HEAP_ALLOCATE|[EXTERNAL]|Bytes:-4
15:40:26.44 (1105561256)|STATEMENT_EXECUTE|[50]
15:40:26.44 (1105599199)|HEAP_ALLOCATE|[EXTERNAL]|Bytes:4
15:40:26.44 (1105622812)|STATEMENT_EXECUTE|[52]
15:40:26.44 (1105635675)|HEAP_ALLOCATE|[EXTERNAL]|Bytes:4
15:40:26.44 (1105650821)|HEAP_ALLOCATE|[45]|Bytes:5
15:40:26.44 (1105663787)|VARIABLE_ASSIGNMENT|[45]|item|null|
15:40:26.44 (1105668186)|STATEMENT_EXECUTE|[56]
15:40:26.44 (1105675443)|METHOD_ENTRY|[56]|01pg8000001w1Md|OrderSelector.getOrdersByIds(Set<Id>)
15:40:26.44 (1105686505)|VARIABLE_SCOPE_BEGIN|[2]|ids|Set<Id>|true|false
15:40:26.44 (1105696880)|VARIABLE_ASSIGNMENT|[2]|ids|["801g8000009UgxZAAS"]|0x6abefcf8
15:40:26.44 (1105704426)|STATEMENT_EXECUTE|[2]
15:40:26.44 (1105705634)|STATEMENT_EXECUTE|[3]
15:40:26.44 (1105711527)|HEAP_ALLOCATE|[3]|Bytes:4
15:40:26.44 (1105717712)|HEAP_ALLOCATE|[3]|Bytes:4
15:40:26.44 (1106141142)|SOQL_EXECUTE_BEGIN|[3]|Aggregations:0|SELECT Id, DistributionCenter__c, State__c, City__c, Country__c, AccountId, Status FROM Order WHERE Id = :tmpVar1
15:40:26.44 (1109195468)|SOQL_EXECUTE_END|[3]|Rows:1
15:40:26.44 (1109219661)|HEAP_ALLOCATE|[3]|Bytes:8
15:40:26.44 (1109238256)|HEAP_ALLOCATE|[3]|Bytes:209
15:40:26.44 (1109271612)|HEAP_ALLOCATE|[3]|Bytes:8
15:40:26.44 (1109290926)|HEAP_ALLOCATE|[3]|Bytes:32
15:40:26.44 (1109308003)|HEAP_ALLOCATE|[3]|Bytes:4
15:40:26.44 (1109317442)|METHOD_EXIT|[56]|01pg8000001w1Md|OrderSelector.getOrdersByIds(Set<Id>)
15:40:26.44 (1109325377)|VARIABLE_SCOPE_BEGIN|[56]|mapOrders|Map<Id,Order>|true|false
15:40:26.44 (1109475632)|VARIABLE_ASSIGNMENT|[56]|mapOrders|{"801g8000009UgxZAAS":{"Status":"Draft","City__c":"a05g8000002BenNAAS","Country__c":"a03g80000084yQnAAI","AccountId":"001g8000009UgxXAAS","DistributionCenter__c":"a06g8000001ga05AAA","Id":"801g8000009UgxZAAS","State__c":"a04g8000000b4z7AAA"}}|0x12b4f7ba
15:40:26.44 (1109532465)|HEAP_ALLOCATE|[EXTERNAL]|Bytes:8
15:40:26.44 (1109540879)|HEAP_ALLOCATE|[58]|Bytes:216
15:40:26.44 (1109650160)|HEAP_ALLOCATE|[58]|Bytes:5
15:40:26.44 (1109662139)|HEAP_ALLOCATE|[58]|Bytes:32
15:40:26.44 (1109669430)|VARIABLE_SCOPE_BEGIN|[58]|o|Order|true|false
15:40:26.44 (1109742556)|VARIABLE_ASSIGNMENT|[58]|o|{"Status":"Draft","City__c":"a05g8000002BenNAAS","Country__c":"a03g80000084yQnAAI","AccountId":"001g8000009UgxXAAS","DistributionCenter__c":"a06g8000001ga05AAA","Id":"801g8000009UgxZAAS","State__c":"a04g8000000b4z7AAA"}|0x2d879361
15:40:26.44 (1109750532)|STATEMENT_EXECUTE|[58]
15:40:26.44 (1109776820)|HEAP_ALLOCATE|[EXTERNAL]|Bytes:4
15:40:26.44 (1109785534)|HEAP_ALLOCATE|[58]|Bytes:5
15:40:26.44 (1109793437)|VARIABLE_ASSIGNMENT|[58]|o|null|
15:40:26.44 (1109796714)|STATEMENT_EXECUTE|[60]
15:40:26.44 (1109871460)|HEAP_ALLOCATE|[60]|Bytes:1
15:40:26.44 (1109888354)|METHOD_ENTRY|[1]|01pg8000001w1MX|AccountSelector.AccountSelector()
15:40:26.44 (1109891613)|STATEMENT_EXECUTE|[1]
15:40:26.44 (1109894674)|STATEMENT_EXECUTE|[1]
15:40:26.44 (1109899104)|METHOD_EXIT|[1]|AccountSelector
15:40:26.44 (1109906069)|METHOD_ENTRY|[60]|01pg8000001w1MX|AccountSelector.getAccountByIds(Set<Id>)
15:40:26.44 (1109918163)|VARIABLE_SCOPE_BEGIN|[2]|ids|Set<Id>|true|false
15:40:26.44 (1109928231)|VARIABLE_ASSIGNMENT|[2]|ids|["001g8000009UgxXAAS"]|0x34828dbe
15:40:26.44 (1109937143)|STATEMENT_EXECUTE|[2]
15:40:26.44 (1109938421)|STATEMENT_EXECUTE|[3]
15:40:26.44 (1109965450)|HEAP_ALLOCATE|[3]|Bytes:4
15:40:26.44 (1109969245)|HEAP_ALLOCATE|[3]|Bytes:59
15:40:26.44 (1109974387)|HEAP_ALLOCATE|[3]|Bytes:4
15:40:26.44 (1110356735)|SOQL_EXECUTE_BEGIN|[3]|Aggregations:0|SELECT Id, AccountGroup__c FROM Account WHERE Id = :tmpVar1
15:40:26.44 (1120992799)|SOQL_EXECUTE_END|[3]|Rows:1
15:40:26.44 (1121038385)|HEAP_ALLOCATE|[3]|Bytes:8
15:40:26.44 (1121061462)|HEAP_ALLOCATE|[3]|Bytes:66
15:40:26.44 (1121131798)|HEAP_ALLOCATE|[3]|Bytes:8
15:40:26.44 (1121200100)|HEAP_ALLOCATE|[3]|Bytes:12
15:40:26.44 (1121213338)|HEAP_ALLOCATE|[3]|Bytes:4
15:40:26.44 (1121226338)|METHOD_EXIT|[60]|01pg8000001w1MX|AccountSelector.getAccountByIds(Set<Id>)
15:40:26.44 (1121239242)|VARIABLE_SCOPE_BEGIN|[60]|mapAccounts|Map<Id,Account>|true|false
15:40:26.44 (1121348865)|VARIABLE_ASSIGNMENT|[60]|mapAccounts|{"001g8000009UgxXAAS":{"AccountGroup__c":"a02g8000002mB4sAAE","Id":"001g8000009UgxXAAS"}}|0x8e9097f
15:40:26.44 (1121356803)|STATEMENT_EXECUTE|[62]
15:40:26.44 (1121511993)|HEAP_ALLOCATE|[62]|Bytes:1
15:40:26.44 (1121527436)|METHOD_ENTRY|[1]|01pg8000001w1Mf|ProductSelector.ProductSelector()
15:40:26.44 (1121530477)|STATEMENT_EXECUTE|[1]
15:40:26.44 (1121534215)|STATEMENT_EXECUTE|[1]
15:40:26.44 (1121540028)|METHOD_EXIT|[1]|ProductSelector
15:40:26.44 (1121550471)|METHOD_ENTRY|[62]|01pg8000001w1Mf|ProductSelector.getProductByIds(Set<Id>)
15:40:26.44 (1121570865)|VARIABLE_SCOPE_BEGIN|[2]|ids|Set<Id>|true|false
15:40:26.44 (1121584731)|VARIABLE_ASSIGNMENT|[2]|ids|["01tg8000001RPrNAAW"]|0x29b526a8
15:40:26.44 (1121597090)|STATEMENT_EXECUTE|[2]
15:40:26.44 (1121598317)|STATEMENT_EXECUTE|[3]
15:40:26.44 (1121629817)|HEAP_ALLOCATE|[3]|Bytes:4
15:40:26.44 (1121634041)|HEAP_ALLOCATE|[3]|Bytes:83
15:40:26.44 (1121640307)|HEAP_ALLOCATE|[3]|Bytes:4
15:40:26.44 (1122094536)|SOQL_EXECUTE_BEGIN|[3]|Aggregations:0|SELECT Id, ProductionCost__c, ProductHierarchy__c FROM Product2 WHERE Id = :tmpVar1
15:40:26.44 (1129724545)|SOQL_EXECUTE_END|[3]|Rows:1
15:40:26.44 (1129753063)|HEAP_ALLOCATE|[3]|Bytes:8
15:40:26.44 (1129775116)|HEAP_ALLOCATE|[3]|Bytes:127
15:40:26.44 (1129824355)|HEAP_ALLOCATE|[3]|Bytes:8
15:40:26.44 (1129879784)|HEAP_ALLOCATE|[3]|Bytes:16
15:40:26.44 (1129900937)|HEAP_ALLOCATE|[3]|Bytes:4
15:40:26.44 (1129914437)|METHOD_EXIT|[62]|01pg8000001w1Mf|ProductSelector.getProductByIds(Set<Id>)
15:40:26.44 (1129927598)|VARIABLE_SCOPE_BEGIN|[62]|mapProducts|Map<Id,Product2>|true|false
15:40:26.44 (1130029643)|VARIABLE_ASSIGNMENT|[62]|mapProducts|{"01tg8000001RPrNAAW":{"ProductionCost__c":300000.00,"ProductHierarchy__c":"a01g8000009UgxYAAS","Id":"01tg8000001RPrNAAW"}}|0x30415a83
15:40:26.44 (1130037849)|STATEMENT_EXECUTE|[65]
15:40:26.44 (1130117533)|HEAP_ALLOCATE|[65]|Bytes:1
15:40:26.44 (1130134089)|METHOD_ENTRY|[1]|01pg8000001w1MZ|MargemSelector.MargemSelector()
15:40:26.44 (1130138155)|STATEMENT_EXECUTE|[1]
15:40:26.44 (1130142365)|STATEMENT_EXECUTE|[1]
15:40:26.44 (1130149353)|METHOD_EXIT|[1]|MargemSelector
15:40:26.44 (1130161814)|METHOD_ENTRY|[65]|01pg8000001w1MZ|MargemSelector.getMargemApproved()
15:40:26.44 (1130196369)|STATEMENT_EXECUTE|[2]
15:40:26.44 (1130197786)|STATEMENT_EXECUTE|[3]
15:40:26.44 (1130200387)|HEAP_ALLOCATE|[3]|Bytes:165
15:40:26.44 (1130213773)|HEAP_ALLOCATE|[3]|Bytes:4
15:40:26.44 (1130701350)|SOQL_EXECUTE_BEGIN|[3]|Aggregations:0|SELECT Product__c, ProductHierarchy__c, Account__c, AccountGroup__c, City__c, State__c, Country__c, MarginValuePercent__c FROM Margem__c WHERE Status__c = 'Approved'
15:40:26.44 (1142218455)|SOQL_EXECUTE_END|[3]|Rows:1
15:40:26.44 (1142251752)|HEAP_ALLOCATE|[3]|Bytes:8
15:40:26.44 (1142268596)|HEAP_ALLOCATE|[3]|Bytes:184
15:40:26.44 (1142351631)|HEAP_ALLOCATE|[3]|Bytes:8
15:40:26.44 (1142374997)|METHOD_EXIT|[65]|01pg8000001w1MZ|MargemSelector.getMargemApproved()
15:40:26.44 (1142387768)|VARIABLE_SCOPE_BEGIN|[65]|listMargins|List<Margem__c>|true|false
15:40:26.44 (1142525012)|VARIABLE_ASSIGNMENT|[65]|listMargins|[{"Account__c":"001g8000009UgxXAAS","Product__c":"01tg8000001RPrNAAW","Id":"a00g800000PiJRdAAN","State__c":"a04g8000000b4z7AAA","MarginValuePercent__c":15.00}]|0x2ddd9497
15:40:26.44 (1142534502)|STATEMENT_EXECUTE|[68]
15:40:26.44 (1142580567)|HEAP_ALLOCATE|[68]|Bytes:4
15:40:26.44 (1142629181)|VARIABLE_SCOPE_BEGIN|[68]|mapMargin|Map<String,Margem__c>|true|false
15:40:26.44 (1142644411)|VARIABLE_ASSIGNMENT|[68]|mapMargin|{}|0x5fd6509a
15:40:26.44 (1142815154)|HEAP_ALLOCATE|[69]|Bytes:5
15:40:26.44 (1142838542)|HEAP_ALLOCATE|[69]|Bytes:24
15:40:26.44 (1142846386)|VARIABLE_SCOPE_BEGIN|[69]|m|Margem__c|true|false
15:40:26.44 (1142895710)|VARIABLE_ASSIGNMENT|[69]|m|{"Account__c":"001g8000009UgxXAAS","Product__c":"01tg8000001RPrNAAW","Id":"a00g800000PiJRdAAN","State__c":"a04g8000000b4z7AAA","MarginValuePercent__c":15.00}|0x3a29e952
15:40:26.44 (1142902636)|STATEMENT_EXECUTE|[69]
15:40:26.44 (1142904121)|STATEMENT_EXECUTE|[70]
15:40:26.44 (1142984421)|HEAP_ALLOCATE|[70]|Bytes:18
15:40:26.44 (1142992085)|VARIABLE_SCOPE_BEGIN|[70]|p|String|false|false
15:40:26.44 (1142998060)|VARIABLE_ASSIGNMENT|[70]|p|"01tg8000001RPrNAAW"
15:40:26.44 (1143001001)|STATEMENT_EXECUTE|[71]
15:40:26.44 (1143022988)|HEAP_ALLOCATE|[71]|Bytes:18
15:40:26.44 (1143028458)|VARIABLE_SCOPE_BEGIN|[71]|a|String|false|false
15:40:26.44 (1143033339)|VARIABLE_ASSIGNMENT|[71]|a|"001g8000009UgxXAAS"
15:40:26.44 (1143035747)|STATEMENT_EXECUTE|[72]
15:40:26.44 (1143050390)|HEAP_ALLOCATE|[72]|Bytes:18
15:40:26.44 (1143055170)|VARIABLE_SCOPE_BEGIN|[72]|l|String|false|false
15:40:26.44 (1143059666)|VARIABLE_ASSIGNMENT|[72]|l|"a04g8000000b4z7AAA"
15:40:26.44 (1143061911)|STATEMENT_EXECUTE|[75]
15:40:26.44 (1143064730)|HEAP_ALLOCATE|[75]|Bytes:1
15:40:26.44 (1143073759)|HEAP_ALLOCATE|[75]|Bytes:56
15:40:26.44 (1143075833)|VARIABLE_SCOPE_BEGIN|[75]|compositeKey|String|false|false
15:40:26.44 (1143081236)|VARIABLE_ASSIGNMENT|[75]|compositeKey|"01tg8000001RPrNAAW_0 (36 more) ..."
15:40:26.44 (1143083617)|STATEMENT_EXECUTE|[76]
15:40:26.44 (1143105989)|HEAP_ALLOCATE|[EXTERNAL]|Bytes:-4
15:40:26.44 (1143112250)|STATEMENT_EXECUTE|[77]
15:40:26.44 (1143114048)|HEAP_ALLOCATE|[77]|Bytes:28
15:40:26.44 (1143121950)|HEAP_ALLOCATE|[77]|Bytes:84
15:40:26.44 (1143157216)|USER_DEBUG|[77]|DEBUG|MAPA MARGEM - Chave Gerada: 01tg8000001RPrNAAW_001g8000009UgxXAAS_a04g8000000b4z7AAA
15:40:26.44 (1143172351)|HEAP_ALLOCATE|[69]|Bytes:5
15:40:26.44 (1143183625)|VARIABLE_ASSIGNMENT|[69]|m|null|
15:40:26.44 (1143189560)|STATEMENT_EXECUTE|[81]
15:40:26.44 (1143262509)|HEAP_ALLOCATE|[81]|Bytes:1
15:40:26.44 (1143276502)|METHOD_ENTRY|[1]|01pg8000001w1Mg|TaxSelector.TaxSelector()
15:40:26.44 (1143279893)|STATEMENT_EXECUTE|[1]
15:40:26.44 (1143282961)|STATEMENT_EXECUTE|[1]
15:40:26.44 (1143288131)|METHOD_EXIT|[1]|TaxSelector
15:40:26.44 (1143294975)|METHOD_ENTRY|[81]|01pg8000001w1Mg|TaxSelector.getTaxApproved()
15:40:26.44 (1143314136)|STATEMENT_EXECUTE|[2]
15:40:26.44 (1143315286)|STATEMENT_EXECUTE|[3]
15:40:26.44 (1143317273)|HEAP_ALLOCATE|[3]|Bytes:103
15:40:26.44 (1143326273)|HEAP_ALLOCATE|[3]|Bytes:4
15:40:26.44 (1143783833)|SOQL_EXECUTE_BEGIN|[3]|Aggregations:0|SELECT Product__c, State__c, DistributionCenter__c, TaxRate__c FROM Tax__c WHERE Status__c = 'Approved'
15:40:26.44 (1151060941)|SOQL_EXECUTE_END|[3]|Rows:1
15:40:26.44 (1151096127)|HEAP_ALLOCATE|[3]|Bytes:8
15:40:26.44 (1151115571)|HEAP_ALLOCATE|[3]|Bytes:184
15:40:26.44 (1151201832)|HEAP_ALLOCATE|[3]|Bytes:8
15:40:26.44 (1151226352)|METHOD_EXIT|[81]|01pg8000001w1Mg|TaxSelector.getTaxApproved()
15:40:26.44 (1151238963)|VARIABLE_SCOPE_BEGIN|[81]|listTaxes|List<Tax__c>|true|false
15:40:26.44 (1151379874)|VARIABLE_ASSIGNMENT|[81]|listTaxes|[{"DistributionCenter__c":"a06g8000001ga05AAA","Product__c":"01tg8000001RPrNAAW","TaxRate__c":10.00,"Id":"a09g8000002CkwNAAS","State__c":"a04g8000000b4z7AAA"}]|0x593aaf3a
15:40:26.44 (1151391067)|STATEMENT_EXECUTE|[83]
15:40:26.44 (1151430349)|HEAP_ALLOCATE|[83]|Bytes:4
15:40:26.44 (1151470892)|VARIABLE_SCOPE_BEGIN|[83]|mapTaxByCompositeKey|Map<String,Tax__c>|true|false
15:40:26.44 (1151483488)|VARIABLE_ASSIGNMENT|[83]|mapTaxByCompositeKey|{}|0x75e0d6f3
15:40:26.44 (1151650189)|HEAP_ALLOCATE|[84]|Bytes:5
15:40:26.44 (1151674011)|HEAP_ALLOCATE|[84]|Bytes:24
15:40:26.44 (1151682282)|VARIABLE_SCOPE_BEGIN|[84]|t|Tax__c|true|false
15:40:26.44 (1151739068)|VARIABLE_ASSIGNMENT|[84]|t|{"DistributionCenter__c":"a06g8000001ga05AAA","Product__c":"01tg8000001RPrNAAW","TaxRate__c":10.00,"Id":"a09g8000002CkwNAAS","State__c":"a04g8000000b4z7AAA"}|0x6e25d4a1
15:40:26.44 (1151746270)|STATEMENT_EXECUTE|[84]
15:40:26.44 (1151747657)|STATEMENT_EXECUTE|[85]
15:40:26.44 (1151819691)|HEAP_ALLOCATE|[85]|Bytes:18
15:40:26.44 (1151839407)|HEAP_ALLOCATE|[86]|Bytes:18
15:40:26.44 (1151854055)|HEAP_ALLOCATE|[87]|Bytes:18
15:40:26.44 (1151865430)|HEAP_ALLOCATE|[85]|Bytes:54
15:40:26.44 (1151868089)|VARIABLE_SCOPE_BEGIN|[85]|key|String|false|false
15:40:26.44 (1151875792)|VARIABLE_ASSIGNMENT|[85]|key|"01tg8000001RPrNAAWa0 (34 more) ..."
15:40:26.44 (1151878625)|STATEMENT_EXECUTE|[88]
15:40:26.44 (1151899616)|HEAP_ALLOCATE|[EXTERNAL]|Bytes:-4
15:40:26.44 (1151910846)|HEAP_ALLOCATE|[84]|Bytes:5
15:40:26.44 (1151917946)|VARIABLE_ASSIGNMENT|[84]|t|null|
15:40:26.44 (1151922304)|STATEMENT_EXECUTE|[92]
15:40:26.44 (1151991895)|HEAP_ALLOCATE|[92]|Bytes:1
15:40:26.44 (1152006352)|METHOD_ENTRY|[1]|01pg8000001w1MY|FreightSelector.FreightSelector()
15:40:26.44 (1152010616)|STATEMENT_EXECUTE|[1]
15:40:26.44 (1152013634)|STATEMENT_EXECUTE|[1]
15:40:26.44 (1152018712)|METHOD_EXIT|[1]|FreightSelector
15:40:26.44 (1152025219)|METHOD_ENTRY|[92]|01pg8000001w1MY|FreightSelector.getFreightApproved()
15:40:26.44 (1152044316)|STATEMENT_EXECUTE|[2]
15:40:26.44 (1152045582)|STATEMENT_EXECUTE|[3]
15:40:26.44 (1152048455)|HEAP_ALLOCATE|[3]|Bytes:154
15:40:26.44 (1152057856)|HEAP_ALLOCATE|[3]|Bytes:4
15:40:26.44 (1152576610)|SOQL_EXECUTE_BEGIN|[3]|Aggregations:0|SELECT Product__c, City__c, State__c, Country__c, DistributionCenter__c, FreightValue__c, ProductHierarchy__c FROM Freight__c WHERE Status__c = 'Approved'
15:40:26.44 (1160633814)|SOQL_EXECUTE_END|[3]|Rows:1
15:40:26.44 (1160667706)|HEAP_ALLOCATE|[3]|Bytes:8
15:40:26.44 (1160685833)|HEAP_ALLOCATE|[3]|Bytes:189
15:40:26.44 (1160769627)|HEAP_ALLOCATE|[3]|Bytes:8
15:40:26.44 (1160791152)|METHOD_EXIT|[92]|01pg8000001w1MY|FreightSelector.getFreightApproved()
15:40:26.44 (1160805240)|VARIABLE_SCOPE_BEGIN|[92]|listFreights|List<Freight__c>|true|false
15:40:26.44 (1160928422)|VARIABLE_ASSIGNMENT|[92]|listFreights|[{"DistributionCenter__c":"a06g8000001ga05AAA","Product__c":"01tg8000001RPrNAAW","Id":"a0Ag8000000gFc9EAE","State__c":"a04g8000000b4z7AAA","FreightValue__c":700.00}]|0x542f7362
15:40:26.44 (1160937671)|STATEMENT_EXECUTE|[94]
15:40:26.44 (1160976488)|HEAP_ALLOCATE|[94]|Bytes:4
15:40:26.44 (1161015584)|VARIABLE_SCOPE_BEGIN|[94]|mapFreight|Map<String,Freight__c>|true|false
15:40:26.44 (1161028755)|VARIABLE_ASSIGNMENT|[94]|mapFreight|{}|0x10fd8478
15:40:26.44 (1161194535)|HEAP_ALLOCATE|[95]|Bytes:5
15:40:26.44 (1161216283)|HEAP_ALLOCATE|[95]|Bytes:24
15:40:26.44 (1161224511)|VARIABLE_SCOPE_BEGIN|[95]|f|Freight__c|true|false
15:40:26.44 (1161263195)|VARIABLE_ASSIGNMENT|[95]|f|{"DistributionCenter__c":"a06g8000001ga05AAA","Product__c":"01tg8000001RPrNAAW","Id":"a0Ag8000000gFc9EAE","State__c":"a04g8000000b4z7AAA","FreightValue__c":700.00}|0x3787b40f
15:40:26.44 (1161269850)|STATEMENT_EXECUTE|[95]
15:40:26.44 (1161271313)|STATEMENT_EXECUTE|[96]
15:40:26.44 (1161342243)|HEAP_ALLOCATE|[96]|Bytes:18
15:40:26.44 (1161349363)|VARIABLE_SCOPE_BEGIN|[96]|quem|String|false|false
15:40:26.44 (1161354972)|VARIABLE_ASSIGNMENT|[96]|quem|"01tg8000001RPrNAAW"
15:40:26.44 (1161357420)|STATEMENT_EXECUTE|[97]
15:40:26.44 (1161376474)|HEAP_ALLOCATE|[97]|Bytes:18
15:40:26.44 (1161381615)|VARIABLE_SCOPE_BEGIN|[97]|onde|String|false|false
15:40:26.44 (1161385924)|VARIABLE_ASSIGNMENT|[97]|onde|"a04g8000000b4z7AAA"
15:40:26.44 (1161388270)|STATEMENT_EXECUTE|[99]
15:40:26.44 (1161396783)|HEAP_ALLOCATE|[99]|Bytes:37
15:40:26.44 (1161399106)|VARIABLE_SCOPE_BEGIN|[99]|key|String|false|false
15:40:26.44 (1161405477)|VARIABLE_ASSIGNMENT|[99]|key|"01tg8000001RPrNAAW_a (17 more) ..."
15:40:26.44 (1161407857)|STATEMENT_EXECUTE|[101]
15:40:26.44 (1161462697)|HEAP_ALLOCATE|[EXTERNAL]|Bytes:-4
15:40:26.44 (1161468836)|STATEMENT_EXECUTE|[102]
15:40:26.44 (1161470533)|HEAP_ALLOCATE|[102]|Bytes:27
15:40:26.44 (1161477200)|HEAP_ALLOCATE|[102]|Bytes:64
15:40:26.44 (1161500442)|USER_DEBUG|[102]|DEBUG|MAPA FRETE - Chave Gerada: 01tg8000001RPrNAAW_a04g8000000b4z7AAA
15:40:26.44 (1161510426)|HEAP_ALLOCATE|[95]|Bytes:5
15:40:26.44 (1161518103)|VARIABLE_ASSIGNMENT|[95]|f|null|
15:40:26.44 (1161541051)|HEAP_ALLOCATE|[106]|Bytes:5
15:40:26.44 (1161553579)|HEAP_ALLOCATE|[106]|Bytes:4
15:40:26.44 (1161557348)|VARIABLE_SCOPE_BEGIN|[106]|item|OrderItem|true|false
15:40:26.44 (1162149214)|VARIABLE_ASSIGNMENT|[106]|item|{"Product_Code_Display__c":"TRT 7","IsDeleted":false,"UnitPrice":100.00,"Product2Id":"01tg8000001RPrNAAW","PricebookEntryId":"01ug8000000gSvxAAE","TotalPrice":100.00,"Quantity":1.00,"ListPrice":1000.00,"OrderId":"801g8000009UgxZAAS"}|0x53d94b03
15:40:26.44 (1162156601)|STATEMENT_EXECUTE|[106]
15:40:26.44 (1162157900)|STATEMENT_EXECUTE|[107]
15:40:26.44 (1162188701)|VARIABLE_SCOPE_BEGIN|[107]|pedido|Order|true|false
15:40:26.44 (1162261478)|VARIABLE_ASSIGNMENT|[107]|pedido|{"Status":"Draft","City__c":"a05g8000002BenNAAS","Country__c":"a03g80000084yQnAAI","AccountId":"001g8000009UgxXAAS","DistributionCenter__c":"a06g8000001ga05AAA","Id":"801g8000009UgxZAAS","State__c":"a04g8000000b4z7AAA"}|0x2d879361
15:40:26.44 (1162265904)|STATEMENT_EXECUTE|[108]
15:40:26.44 (1162285230)|VARIABLE_SCOPE_BEGIN|[108]|produto|Product2|true|false
15:40:26.44 (1162318367)|VARIABLE_ASSIGNMENT|[108]|produto|{"ProductionCost__c":300000.00,"ProductHierarchy__c":"a01g8000009UgxYAAS","Id":"01tg8000001RPrNAAW"}|0x3bd2c63
15:40:26.44 (1162321712)|STATEMENT_EXECUTE|[109]
15:40:26.44 (1162341525)|VARIABLE_SCOPE_BEGIN|[109]|cliente|Account|true|false
15:40:26.44 (1162371149)|VARIABLE_ASSIGNMENT|[109]|cliente|{"AccountGroup__c":"a02g8000002mB4sAAE","Id":"001g8000009UgxXAAS"}|0x2726e438
15:40:26.44 (1162411518)|HEAP_ALLOCATE|[113]|Bytes:28
15:40:26.44 (1162414290)|HEAP_ALLOCATE|[113]|Bytes:28
15:40:26.44 (1162457680)|HEAP_ALLOCATE|[113]|Bytes:28
15:40:26.44 (1162459934)|HEAP_ALLOCATE|[113]|Bytes:28
15:40:26.44 (1162469703)|STATEMENT_EXECUTE|[113]
15:40:26.44 (1162473049)|STATEMENT_EXECUTE|[119]
15:40:26.44 (1162474114)|STATEMENT_EXECUTE|[121]
15:40:26.44 (1162485411)|HEAP_ALLOCATE|[121]|Bytes:18
15:40:26.44 (1162502908)|HEAP_ALLOCATE|[122]|Bytes:18
15:40:26.44 (1162517717)|HEAP_ALLOCATE|[123]|Bytes:18
15:40:26.44 (1162524275)|HEAP_ALLOCATE|[121]|Bytes:54
15:40:26.44 (1162526930)|VARIABLE_SCOPE_BEGIN|[121]|keyOrderItemImposto|String|false|false
15:40:26.44 (1162533582)|VARIABLE_ASSIGNMENT|[121]|keyOrderItemImposto|"01tg8000001RPrNAAWa0 (34 more) ..."
15:40:26.44 (1162536074)|STATEMENT_EXECUTE|[125]
15:40:26.44 (1162553893)|VARIABLE_SCOPE_BEGIN|[125]|impostoEncontrado|Tax__c|true|false
15:40:26.44 (1162593211)|VARIABLE_ASSIGNMENT|[125]|impostoEncontrado|{"DistributionCenter__c":"a06g8000001ga05AAA","Product__c":"01tg8000001RPrNAAW","TaxRate__c":10.00,"Id":"a09g8000002CkwNAAS","State__c":"a04g8000000b4z7AAA"}|0x6e25d4a1
15:40:26.44 (1162597427)|STATEMENT_EXECUTE|[127]
15:40:26.44 (1163046267)|VARIABLE_ASSIGNMENT|[127]|this.TaxPercentage__c|10.00|0x53d94b03
15:40:26.44 (1163051228)|STATEMENT_EXECUTE|[130]
15:40:26.44 (1163137189)|HEAP_ALLOCATE|[130]|Bytes:7
15:40:26.44 (1163152367)|METHOD_ENTRY|[1]|01pg8000001F8kf|PricingService.PricingService()
15:40:26.44 (1163155509)|STATEMENT_EXECUTE|[1]
15:40:26.44 (1163160744)|STATEMENT_EXECUTE|[1]
15:40:26.44 (1163166297)|METHOD_EXIT|[1]|PricingService
15:40:26.44 (1163178360)|METHOD_ENTRY|[130]|01pg8000001F8kf|PricingService.findMargin(OrderItem, Order, Map<String,Margem__c>, Id, Account)
15:40:26.44 (1163190353)|VARIABLE_SCOPE_BEGIN|[21]|item|OrderItem|true|false
15:40:26.44 (1163561604)|VARIABLE_ASSIGNMENT|[21]|item|{"Product_Code_Display__c":"TRT 7","IsDeleted":false,"UnitPrice":100.00,"Product2Id":"01tg8000001RPrNAAW","PricebookEntryId":"01ug8000000gSvxAAE","TotalPrice":100.00,"Quantity":1.00,"TaxPercentage__c":10.00,"ListPrice":1000.00,"OrderId":"801g8000009UgxZAAS"}|0x53d94b03
15:40:26.44 (1163566832)|VARIABLE_SCOPE_BEGIN|[21]|pedido|Order|true|false
15:40:26.44 (1163607715)|VARIABLE_ASSIGNMENT|[21]|pedido|{"Status":"Draft","City__c":"a05g8000002BenNAAS","Country__c":"a03g80000084yQnAAI","AccountId":"001g8000009UgxXAAS","DistributionCenter__c":"a06g8000001ga05AAA","Id":"801g8000009UgxZAAS","State__c":"a04g8000000b4z7AAA"}|0x2d879361
15:40:26.44 (1163611595)|VARIABLE_SCOPE_BEGIN|[21]|mapMargin|Map<String,Margem__c>|true|false
15:40:26.44 (1163656614)|VARIABLE_ASSIGNMENT|[21]|mapMargin|{"01tg8000001RPrNAAW_001g8000009UgxXAAS_a04g8000000b4z7AAA":{"Account__c":"001g8000009UgxXAAS","Product__c":"01tg8000001RPrNAAW","Id":"a00g800000PiJRdAAN","State__c":"a04g8000000b4z7AAA","MarginValuePercent__c":15.00}}|0x5fd6509a
15:40:26.44 (1163660678)|VARIABLE_SCOPE_BEGIN|[21]|h|Id|false|false
15:40:26.44 (1163848653)|VARIABLE_ASSIGNMENT|[21]|h|"a01g8000009UgxYAAS"
15:40:26.44 (1163851875)|VARIABLE_SCOPE_BEGIN|[21]|cliente|Account|true|false
15:40:26.44 (1163877774)|VARIABLE_ASSIGNMENT|[21]|cliente|{"AccountGroup__c":"a02g8000002mB4sAAE","Id":"001g8000009UgxXAAS"}|0x2726e438
15:40:26.44 (1163900342)|STATEMENT_EXECUTE|[21]
15:40:26.44 (1163901608)|STATEMENT_EXECUTE|[22]
15:40:26.44 (1163911332)|VARIABLE_SCOPE_BEGIN|[22]|p|Id|false|false
15:40:26.44 (1163949471)|VARIABLE_ASSIGNMENT|[22]|p|"01tg8000001RPrNAAW"
15:40:26.44 (1163952137)|STATEMENT_EXECUTE|[23]
15:40:26.44 (1163955843)|VARIABLE_SCOPE_BEGIN|[23]|a|Id|false|false
15:40:26.44 (1163975812)|VARIABLE_ASSIGNMENT|[23]|a|"001g8000009UgxXAAS"
15:40:26.44 (1163978243)|STATEMENT_EXECUTE|[24]
15:40:26.44 (1163990737)|VARIABLE_SCOPE_BEGIN|[24]|g|Id|false|false
15:40:26.44 (1164011458)|VARIABLE_ASSIGNMENT|[24]|g|"a02g8000002mB4sAAE"
15:40:26.44 (1164014918)|STATEMENT_EXECUTE|[25]
15:40:26.44 (1164022593)|VARIABLE_SCOPE_BEGIN|[25]|c|Id|false|false
15:40:26.44 (1164042393)|VARIABLE_ASSIGNMENT|[25]|c|"a05g8000002BenNAAS"
15:40:26.44 (1164044896)|STATEMENT_EXECUTE|[26]
15:40:26.44 (1164047571)|VARIABLE_SCOPE_BEGIN|[26]|e|Id|false|false
15:40:26.44 (1164065937)|VARIABLE_ASSIGNMENT|[26]|e|"a04g8000000b4z7AAA"
15:40:26.44 (1164068448)|STATEMENT_EXECUTE|[27]
15:40:26.44 (1164076092)|VARIABLE_SCOPE_BEGIN|[27]|pa|Id|false|false
15:40:26.44 (1164096288)|VARIABLE_ASSIGNMENT|[27]|pa|"a03g80000084yQnAAI"
15:40:26.44 (1164129808)|HEAP_ALLOCATE|[30]|Bytes:18
15:40:26.44 (1164141108)|HEAP_ALLOCATE|[30]|Bytes:18
15:40:26.44 (1164147407)|HEAP_ALLOCATE|[30]|Bytes:18
15:40:26.44 (1164169523)|HEAP_ALLOCATE|[30]|Bytes:56
15:40:26.44 (1164187462)|STATEMENT_EXECUTE|[30]
15:40:26.44 (1164196945)|HEAP_ALLOCATE|[31]|Bytes:18
15:40:26.44 (1164204252)|HEAP_ALLOCATE|[31]|Bytes:18
15:40:26.44 (1164210150)|HEAP_ALLOCATE|[31]|Bytes:18
15:40:26.44 (1164214792)|HEAP_ALLOCATE|[31]|Bytes:56
15:40:26.44 (1164219959)|STATEMENT_EXECUTE|[31]
15:40:26.44 (1164223313)|HEAP_ALLOCATE|[31]|Bytes:18
15:40:26.44 (1164229531)|HEAP_ALLOCATE|[31]|Bytes:18
15:40:26.44 (1164235432)|HEAP_ALLOCATE|[31]|Bytes:18
15:40:26.44 (1164239752)|HEAP_ALLOCATE|[31]|Bytes:56
15:40:26.44 (1164253846)|METHOD_EXIT|[130]|01pg8000001F8kf|PricingService.findMargin(OrderItem, Order, Map<String,Margem__c>, Id, Account)
15:40:26.44 (1164260035)|VARIABLE_SCOPE_BEGIN|[130]|margem|Margem__c|true|false
15:40:26.44 (1164305232)|VARIABLE_ASSIGNMENT|[130]|margem|{"Account__c":"001g8000009UgxXAAS","Product__c":"01tg8000001RPrNAAW","Id":"a00g800000PiJRdAAN","State__c":"a04g8000000b4z7AAA","MarginValuePercent__c":15.00}|0x3a29e952
15:40:26.44 (1164309801)|STATEMENT_EXECUTE|[131]
15:40:26.44 (1164772204)|VARIABLE_ASSIGNMENT|[131]|this.MarginPercentage__c|15.00|0x53d94b03
15:40:26.44 (1164776739)|STATEMENT_EXECUTE|[134]
15:40:26.44 (1164793997)|METHOD_ENTRY|[134]|01pg8000001F8kf|PricingService.findFreightValue(OrderItem, Order, Map<String,Freight__c>, Id)
15:40:26.44 (1164804269)|VARIABLE_SCOPE_BEGIN|[4]|item|OrderItem|true|false
15:40:26.44 (1165166432)|VARIABLE_ASSIGNMENT|[4]|item|{"Product_Code_Display__c":"TRT 7","IsDeleted":false,"UnitPrice":100.00,"Product2Id":"01tg8000001RPrNAAW","PricebookEntryId":"01ug8000000gSvxAAE","TotalPrice":100.00,"Quantity":1.00,"MarginPercentage__c":15.00,"TaxPercentage__c":10.00,"ListPrice":1000.00,"OrderId":"801g8000009UgxZAAS"}|0x53d94b03
15:40:26.44 (1165172345)|VARIABLE_SCOPE_BEGIN|[4]|pedido|Order|true|false
15:40:26.44 (1165213162)|VARIABLE_ASSIGNMENT|[4]|pedido|{"Status":"Draft","City__c":"a05g8000002BenNAAS","Country__c":"a03g80000084yQnAAI","AccountId":"001g8000009UgxXAAS","DistributionCenter__c":"a06g8000001ga05AAA","Id":"801g8000009UgxZAAS","State__c":"a04g8000000b4z7AAA"}|0x2d879361
15:40:26.44 (1165217281)|VARIABLE_SCOPE_BEGIN|[4]|mapFrete|Map<String,Freight__c>|true|false
15:40:26.44 (1165252888)|VARIABLE_ASSIGNMENT|[4]|mapFrete|{"01tg8000001RPrNAAW_a04g8000000b4z7AAA":{"DistributionCenter__c":"a06g8000001ga05AAA","Product__c":"01tg8000001RPrNAAW","Id":"a0Ag8000000gFc9EAE","State__c":"a04g8000000b4z7AAA","FreightValue__c":700.00}}|0x10fd8478
15:40:26.44 (1165256608)|VARIABLE_SCOPE_BEGIN|[4]|h|Id|false|false
15:40:26.44 (1165306280)|VARIABLE_ASSIGNMENT|[4]|h|"a01g8000009UgxYAAS"
15:40:26.44 (1165315446)|STATEMENT_EXECUTE|[4]
15:40:26.44 (1165316676)|STATEMENT_EXECUTE|[5]
15:40:26.44 (1165322082)|VARIABLE_SCOPE_BEGIN|[5]|p|Id|false|false
15:40:26.44 (1165344913)|VARIABLE_ASSIGNMENT|[5]|p|"01tg8000001RPrNAAW"
15:40:26.44 (1165347837)|STATEMENT_EXECUTE|[6]
15:40:26.44 (1165350540)|VARIABLE_SCOPE_BEGIN|[6]|c|Id|false|false
15:40:26.44 (1165369107)|VARIABLE_ASSIGNMENT|[6]|c|"a05g8000002BenNAAS"
15:40:26.44 (1165371505)|STATEMENT_EXECUTE|[7]
15:40:26.44 (1165374071)|VARIABLE_SCOPE_BEGIN|[7]|e|Id|false|false
15:40:26.44 (1165392337)|VARIABLE_ASSIGNMENT|[7]|e|"a04g8000000b4z7AAA"
15:40:26.44 (1165395017)|STATEMENT_EXECUTE|[8]
15:40:26.44 (1165398225)|VARIABLE_SCOPE_BEGIN|[8]|pa|Id|false|false
15:40:26.44 (1165416424)|VARIABLE_ASSIGNMENT|[8]|pa|"a03g80000084yQnAAI"
15:40:26.44 (1165468307)|HEAP_ALLOCATE|[10]|Bytes:18
15:40:26.44 (1165479704)|HEAP_ALLOCATE|[10]|Bytes:18
15:40:26.44 (1165485775)|HEAP_ALLOCATE|[10]|Bytes:37
15:40:26.44 (1165496022)|STATEMENT_EXECUTE|[10]
15:40:26.44 (1165502778)|HEAP_ALLOCATE|[11]|Bytes:18
15:40:26.44 (1165509745)|HEAP_ALLOCATE|[11]|Bytes:18
15:40:26.44 (1165514263)|HEAP_ALLOCATE|[11]|Bytes:37
15:40:26.44 (1165519389)|STATEMENT_EXECUTE|[11]
15:40:26.44 (1165522669)|HEAP_ALLOCATE|[11]|Bytes:18
15:40:26.44 (1165528833)|HEAP_ALLOCATE|[11]|Bytes:18
15:40:26.44 (1165532959)|HEAP_ALLOCATE|[11]|Bytes:37
15:40:26.44 (1165565258)|METHOD_EXIT|[134]|01pg8000001F8kf|PricingService.findFreightValue(OrderItem, Order, Map<String,Freight__c>, Id)
15:40:26.44 (1165962625)|VARIABLE_ASSIGNMENT|[134]|this.FreightValue__c|700.00|0x53d94b03
15:40:26.44 (1165966769)|STATEMENT_EXECUTE|[137]
15:40:26.44 (1165979939)|VARIABLE_SCOPE_BEGIN|[137]|custoUnitario|Decimal|false|false
15:40:26.44 (1165985051)|VARIABLE_ASSIGNMENT|[137]|custoUnitario|300000.00
15:40:26.44 (1165987317)|STATEMENT_EXECUTE|[140]
15:40:26.44 (1165999014)|HEAP_ALLOCATE|[140]|Bytes:28
15:40:26.44 (1166006442)|HEAP_ALLOCATE|[140]|Bytes:28
15:40:26.44 (1166015835)|METHOD_ENTRY|[140]|01pg8000001F8kf|PricingService.calculateFinalPrice(OrderItem, Decimal, Margem__c, Decimal, Decimal)
15:40:26.44 (1166024417)|VARIABLE_SCOPE_BEGIN|[47]|item|OrderItem|true|false
15:40:26.44 (1166368796)|VARIABLE_ASSIGNMENT|[47]|item|{"Product_Code_Display__c":"TRT 7","IsDeleted":false,"UnitPrice":100.00,"Product2Id":"01tg8000001RPrNAAW","PricebookEntryId":"01ug8000000gSvxAAE","TotalPrice":100.00,"Quantity":1.00,"MarginPercentage__c":15.00,"TaxPercentage__c":10.00,"ListPrice":1000.00,"OrderId":"801g8000009UgxZAAS","FreightValue__c":700.00}|0x53d94b03
15:40:26.44 (1166373962)|VARIABLE_SCOPE_BEGIN|[47]|frete|Decimal|false|false
15:40:26.44 (1166379055)|VARIABLE_ASSIGNMENT|[47]|frete|700.00
15:40:26.44 (1166381199)|VARIABLE_SCOPE_BEGIN|[47]|margem|Margem__c|true|false
15:40:26.44 (1166414640)|VARIABLE_ASSIGNMENT|[47]|margem|{"Account__c":"001g8000009UgxXAAS","Product__c":"01tg8000001RPrNAAW","Id":"a00g800000PiJRdAAN","State__c":"a04g8000000b4z7AAA","MarginValuePercent__c":15.00}|0x3a29e952
15:40:26.44 (1166417904)|VARIABLE_SCOPE_BEGIN|[47]|impostoPercent|Decimal|false|false
15:40:26.44 (1166421996)|VARIABLE_ASSIGNMENT|[47]|impostoPercent|10.00
15:40:26.44 (1166423760)|VARIABLE_SCOPE_BEGIN|[47]|custo|Decimal|false|false
15:40:26.44 (1166427721)|VARIABLE_ASSIGNMENT|[47]|custo|300000.00
15:40:26.44 (1166435166)|STATEMENT_EXECUTE|[47]
15:40:26.44 (1166436222)|STATEMENT_EXECUTE|[48]
15:40:26.44 (1166445194)|VARIABLE_SCOPE_BEGIN|[48]|mPerc|Decimal|false|false
15:40:26.44 (1166449597)|VARIABLE_ASSIGNMENT|[48]|mPerc|15.00
15:40:26.44 (1166451631)|STATEMENT_EXECUTE|[49]
15:40:26.44 (1166453218)|VARIABLE_SCOPE_BEGIN|[49]|iPerc|Decimal|false|false
15:40:26.44 (1166457283)|VARIABLE_ASSIGNMENT|[49]|iPerc|10.00
15:40:26.44 (1166459201)|STATEMENT_EXECUTE|[50]
15:40:26.44 (1166460642)|VARIABLE_SCOPE_BEGIN|[50]|custoProd|Decimal|false|false
15:40:26.44 (1166464719)|VARIABLE_ASSIGNMENT|[50]|custoProd|300000.00
15:40:26.44 (1166466800)|STATEMENT_EXECUTE|[51]
15:40:26.44 (1166468221)|VARIABLE_SCOPE_BEGIN|[51]|freteVal|Decimal|false|false
15:40:26.44 (1166472302)|VARIABLE_ASSIGNMENT|[51]|freteVal|700.00
15:40:26.44 (1166474591)|STATEMENT_EXECUTE|[54]
15:40:26.44 (1166502993)|HEAP_ALLOCATE|[54]|Bytes:28
15:40:26.44 (1166508566)|VARIABLE_SCOPE_BEGIN|[54]|precoBase|Decimal|false|false
15:40:26.44 (1166513605)|VARIABLE_ASSIGNMENT|[54]|precoBase|300700.00
15:40:26.44 (1166515900)|STATEMENT_EXECUTE|[57]
15:40:26.44 (1166522731)|HEAP_ALLOCATE|[57]|Bytes:28
15:40:26.44 (1166524440)|HEAP_ALLOCATE|[57]|Bytes:28
15:40:26.44 (1166528345)|HEAP_ALLOCATE|[57]|Bytes:28
15:40:26.44 (1166636520)|HEAP_ALLOCATE|[57]|Bytes:28
15:40:26.44 (1166638320)|HEAP_ALLOCATE|[57]|Bytes:28
15:40:26.44 (1166647301)|HEAP_ALLOCATE|[57]|Bytes:28
15:40:26.44 (1166657196)|HEAP_ALLOCATE|[57]|Bytes:28
15:40:26.44 (1166661301)|VARIABLE_SCOPE_BEGIN|[57]|precoSemMargem|Decimal|false|false
15:40:26.44 (1166667327)|VARIABLE_ASSIGNMENT|[57]|precoSemMargem|330770.0000
15:40:26.44 (1166669455)|STATEMENT_EXECUTE|[60]
15:40:26.44 (1166671754)|HEAP_ALLOCATE|[60]|Bytes:28
15:40:26.44 (1166673331)|HEAP_ALLOCATE|[60]|Bytes:28
15:40:26.44 (1166675925)|HEAP_ALLOCATE|[60]|Bytes:28
15:40:26.44 (1166688705)|HEAP_ALLOCATE|[60]|Bytes:28
15:40:26.44 (1166690345)|HEAP_ALLOCATE|[60]|Bytes:28
15:40:26.44 (1166698077)|HEAP_ALLOCATE|[60]|Bytes:28
15:40:26.44 (1166705029)|HEAP_ALLOCATE|[60]|Bytes:28
15:40:26.44 (1166709234)|VARIABLE_SCOPE_BEGIN|[60]|precoCalculado|Decimal|false|false
15:40:26.44 (1166714271)|VARIABLE_ASSIGNMENT|[60]|precoCalculado|380385.500000
15:40:26.44 (1166716238)|STATEMENT_EXECUTE|[63]
15:40:26.44 (1167094204)|VARIABLE_ASSIGNMENT|[63]|this.ProductionCost__c|300000.00|0x53d94b03
15:40:26.44 (1167098509)|STATEMENT_EXECUTE|[64]
15:40:26.44 (1167435223)|VARIABLE_ASSIGNMENT|[64]|this.MarginPercentage__c|15.00|0x53d94b03
15:40:26.44 (1167438543)|STATEMENT_EXECUTE|[65]
15:40:26.44 (1167771056)|VARIABLE_ASSIGNMENT|[65]|this.FreightValue__c|700.00|0x53d94b03
15:40:26.44 (1167775302)|STATEMENT_EXECUTE|[66]
15:40:26.44 (1168126935)|VARIABLE_ASSIGNMENT|[66]|this.TaxPercentage__c|10.00|0x53d94b03
15:40:26.44 (1168132129)|STATEMENT_EXECUTE|[67]
15:40:26.44 (1168489687)|VARIABLE_ASSIGNMENT|[67]|this.PriceWithoutMargin__c|330770.0000|0x53d94b03
15:40:26.44 (1168494015)|STATEMENT_EXECUTE|[68]
15:40:26.44 (1168824876)|VARIABLE_ASSIGNMENT|[68]|this.FinalPrice__c|380385.500000|0x53d94b03
15:40:26.44 (1168828394)|STATEMENT_EXECUTE|[71]
15:40:26.44 (1168842019)|VARIABLE_SCOPE_BEGIN|[71]|unitPriceDigitado|Decimal|false|false
15:40:26.44 (1168847624)|VARIABLE_ASSIGNMENT|[71]|unitPriceDigitado|100.00
15:40:26.44 (1168857626)|HEAP_ALLOCATE|[74]|Bytes:28
15:40:26.44 (1168860389)|HEAP_ALLOCATE|[74]|Bytes:28
15:40:26.44 (1168892836)|STATEMENT_EXECUTE|[74]
15:40:26.44 (1168893882)|STATEMENT_EXECUTE|[75]
15:40:26.44 (1168905812)|HEAP_ALLOCATE|[75]|Bytes:28
15:40:26.44 (1168994940)|HEAP_ALLOCATE|[75]|Bytes:28
15:40:26.44 (1168997191)|HEAP_ALLOCATE|[75]|Bytes:28
15:40:26.44 (1169575341)|VARIABLE_ASSIGNMENT|[75]|this.DiscountPercentage__c|0.999737108801465881323026245742806|0x53d94b03
15:40:26.44 (1169581607)|STATEMENT_EXECUTE|[76]
15:40:26.44 (1169599957)|HEAP_ALLOCATE|[76]|Bytes:28
15:40:26.44 (1169943555)|VARIABLE_ASSIGNMENT|[76]|this.DiscountValue__c|380285.500000|0x53d94b03
15:40:26.44 (1169947623)|STATEMENT_EXECUTE|[79]
15:40:26.44 (1169959500)|HEAP_ALLOCATE|[79]|Bytes:28
15:40:26.44 (1170330491)|VARIABLE_ASSIGNMENT|[79]|this.UnitPrice|380385.500000|0x53d94b03
15:40:26.44 (1170340017)|METHOD_EXIT|[140]|01pg8000001F8kf|PricingService.calculateFinalPrice(OrderItem, Decimal, Margem__c, Decimal, Decimal)
15:40:26.44 (1170362911)|HEAP_ALLOCATE|[106]|Bytes:5
15:40:26.44 (1170376975)|VARIABLE_ASSIGNMENT|[106]|item|null|
15:40:26.44 (1170383038)|METHOD_EXIT|[20]|01pg8000001EZwd|OrdemItemHandler.executePricingLogic()
15:40:26.44 (1170387211)|STATEMENT_EXECUTE|[21]
15:40:26.44 (1170398992)|METHOD_ENTRY|[21]|01pg8000001EZwd|OrdemItemHandler.checkDuplicateProducts()
15:40:26.44 (1170411340)|VARIABLE_SCOPE_BEGIN|[145]|this|OrdemItemHandler|true|false
15:40:26.44 (1170471129)|VARIABLE_ASSIGNMENT|[145]|this|{"newRecords":"0x27431037","handlerName":"OrderItemHandler","isTriggerExecuting":true,"triggerEvent":"0x316cff45"}|0x5dd1688c
15:40:26.44 (1170481238)|STATEMENT_EXECUTE|[145]
15:40:26.44 (1195354790)|HEAP_DUMP|[146]|07ng80000000sA5|OrdemItemHandler|none|146
15:40:26.44 (1195372512)|STATEMENT_EXECUTE|[146]
15:40:26.44 (1195403364)|HEAP_ALLOCATE|[146]|Bytes:4
15:40:26.44 (1195475326)|VARIABLE_SCOPE_BEGIN|[146]|setOrderIds|Set<Id>|true|false
15:40:26.44 (1195532788)|VARIABLE_ASSIGNMENT|[146]|setOrderIds|[]|0x3650e486
15:40:26.44 (1195540416)|STATEMENT_EXECUTE|[147]
15:40:26.44 (1195544130)|HEAP_ALLOCATE|[147]|Bytes:4
15:40:26.44 (1195557007)|VARIABLE_SCOPE_BEGIN|[147]|setProductIds|Set<Id>|true|false
15:40:26.44 (1195564662)|VARIABLE_ASSIGNMENT|[147]|setProductIds|[]|0x3d32725c
15:40:26.44 (1195631283)|HEAP_ALLOCATE|[149]|Bytes:5
15:40:26.44 (1195689316)|HEAP_ALLOCATE|[149]|Bytes:40
15:40:26.44 (1195701137)|VARIABLE_SCOPE_BEGIN|[149]|ot|OrderItem|true|false
15:40:26.44 (1196426658)|VARIABLE_ASSIGNMENT|[149]|ot|{"Product_Code_Display__c":"TRT 7","DiscountPercentage__c":0.999737108801465881323026245742806,"IsDeleted":false,"DiscountValue__c":380285.500000,"Quantity":1.00,"FinalPrice__c":380385.500000,"TaxPercentage__c":10.00,"ListPrice":1000.00,"OrderId":"801g8000009UgxZAAS","PriceWithoutMargin__c":330770.0000,"FreightValue__c":700.00,"UnitPrice":380385.500000,"Product2Id":"01tg8000001RPrNAAW","ProductionCost__c":300000.00,"PricebookEntryId":"01ug8000000gSvxAAE","TotalPrice":100.00,"MarginPercentage__c":15.00}|0x53d94b03
15:40:26.44 (1196440803)|STATEMENT_EXECUTE|[149]
15:40:26.44 (1196442168)|STATEMENT_EXECUTE|[150]
15:40:26.44 (1196504400)|HEAP_ALLOCATE|[EXTERNAL]|Bytes:4
15:40:26.44 (1196510703)|STATEMENT_EXECUTE|[151]
15:40:26.44 (1196519342)|HEAP_ALLOCATE|[EXTERNAL]|Bytes:4
15:40:26.44 (1196534334)|HEAP_ALLOCATE|[149]|Bytes:5
15:40:26.44 (1196565555)|VARIABLE_ASSIGNMENT|[149]|ot|null|
15:40:26.44 (1196569794)|STATEMENT_EXECUTE|[154]
15:40:26.44 (1196656766)|HEAP_ALLOCATE|[154]|Bytes:4
15:40:26.44 (1196672560)|METHOD_ENTRY|[1]|01pg8000001w1Mc|OrderItemSelector.OrderItemSelector()
15:40:26.44 (1196676465)|STATEMENT_EXECUTE|[1]
15:40:26.44 (1196679448)|STATEMENT_EXECUTE|[1]
15:40:26.44 (1196685197)|METHOD_EXIT|[1]|OrderItemSelector
15:40:26.44 (1196694734)|METHOD_ENTRY|[154]|01pg8000001w1Mc|OrderItemSelector.getOrderItemByIds(Set<Id>, Set<Id>)
15:40:26.44 (1196704672)|VARIABLE_SCOPE_BEGIN|[2]|orderIds|Set<Id>|true|false
15:40:26.44 (1196715351)|VARIABLE_ASSIGNMENT|[2]|orderIds|["801g8000009UgxZAAS"]|0x3650e486
15:40:26.44 (1196718227)|VARIABLE_SCOPE_BEGIN|[2]|productIds|Set<Id>|true|false
15:40:26.44 (1196722647)|VARIABLE_ASSIGNMENT|[2]|productIds|["01tg8000001RPrNAAW"]|0x3d32725c
15:40:26.44 (1196737689)|STATEMENT_EXECUTE|[2]
15:40:26.44 (1196738962)|STATEMENT_EXECUTE|[3]
15:40:26.44 (1196741730)|HEAP_ALLOCATE|[3]|Bytes:98
15:40:26.44 (1196756958)|HEAP_ALLOCATE|[3]|Bytes:4
15:40:26.44 (1196773310)|HEAP_ALLOCATE|[3]|Bytes:7
15:40:26.44 (1197345643)|SOQL_EXECUTE_BEGIN|[3]|Aggregations:0|SELECT Id, OrderId, Product2Id FROM OrderItem WHERE (OrderId = :tmpVar1 AND Product2Id = :tmpVar2)
15:40:26.44 (1203447802)|SOQL_EXECUTE_END|[3]|Rows:0
15:40:26.44 (1203487816)|HEAP_ALLOCATE|[3]|Bytes:4
15:40:26.44 (1203506373)|HEAP_ALLOCATE|[3]|Bytes:0
15:40:26.44 (1203559326)|HEAP_ALLOCATE|[3]|Bytes:4
15:40:26.44 (1203582947)|METHOD_EXIT|[154]|01pg8000001w1Mc|OrderItemSelector.getOrderItemByIds(Set<Id>, Set<Id>)
15:40:26.44 (1203594755)|VARIABLE_SCOPE_BEGIN|[154]|existingItens|List<OrderItem>|true|false
15:40:26.44 (1203616380)|VARIABLE_ASSIGNMENT|[154]|existingItens|[]|0x369d0a73
15:40:26.44 (1203623845)|STATEMENT_EXECUTE|[156]
15:40:26.44 (1203637171)|HEAP_ALLOCATE|[156]|Bytes:4
15:40:26.44 (1203680524)|VARIABLE_SCOPE_BEGIN|[156]|comparacao|Set<String>|true|false
15:40:26.44 (1203700026)|VARIABLE_ASSIGNMENT|[156]|comparacao|[]|0x1ac49da1
15:40:26.44 (1203750550)|HEAP_ALLOCATE|[157]|Bytes:5
15:40:26.44 (1203769679)|VARIABLE_ASSIGNMENT|[157]|it|null|
15:40:26.44 (1203774252)|STATEMENT_EXECUTE|[157]
15:40:26.44 (1203786618)|HEAP_ALLOCATE|[161]|Bytes:5
15:40:26.44 (1203807091)|HEAP_ALLOCATE|[161]|Bytes:40
15:40:26.44 (1203815124)|VARIABLE_SCOPE_BEGIN|[161]|newItem|OrderItem|true|false
15:40:26.44 (1204432711)|VARIABLE_ASSIGNMENT|[161]|newItem|{"Product_Code_Display__c":"TRT 7","DiscountPercentage__c":0.999737108801465881323026245742806,"IsDeleted":false,"DiscountValue__c":380285.500000,"Quantity":1.00,"FinalPrice__c":380385.500000,"TaxPercentage__c":10.00,"ListPrice":1000.00,"OrderId":"801g8000009UgxZAAS","PriceWithoutMargin__c":330770.0000,"FreightValue__c":700.00,"UnitPrice":380385.500000,"Product2Id":"01tg8000001RPrNAAW","ProductionCost__c":300000.00,"PricebookEntryId":"01ug8000000gSvxAAE","TotalPrice":100.00,"MarginPercentage__c":15.00}|0x53d94b03
15:40:26.44 (1204443532)|STATEMENT_EXECUTE|[161]
15:40:26.44 (1204444791)|STATEMENT_EXECUTE|[162]
15:40:26.44 (1204504722)|HEAP_ALLOCATE|[162]|Bytes:18
15:40:26.44 (1204513066)|HEAP_ALLOCATE|[162]|Bytes:1
15:40:26.44 (1204521283)|HEAP_ALLOCATE|[162]|Bytes:18
15:40:26.44 (1204530134)|HEAP_ALLOCATE|[162]|Bytes:37
15:40:26.44 (1204532807)|VARIABLE_SCOPE_BEGIN|[162]|keyCombo|String|false|false
15:40:26.44 (1204539807)|VARIABLE_ASSIGNMENT|[162]|keyCombo|"801g8000009UgxZAAS-0 (17 more) ..."
15:40:26.44 (1204561421)|STATEMENT_EXECUTE|[166]
15:40:26.44 (1204562635)|STATEMENT_EXECUTE|[168]
15:40:26.44 (1204570369)|HEAP_ALLOCATE|[EXTERNAL]|Bytes:4
15:40:26.44 (1204582046)|HEAP_ALLOCATE|[161]|Bytes:5
15:40:26.44 (1204590232)|VARIABLE_ASSIGNMENT|[161]|newItem|null|
15:40:26.44 (1204595563)|METHOD_EXIT|[21]|01pg8000001EZwd|OrdemItemHandler.checkDuplicateProducts()
15:40:26.44 (1204601050)|METHOD_EXIT|[137]|01pg8000001EZwd|OrdemItemHandler.beforeInsert()
15:40:26.44 (1204604143)|STATEMENT_EXECUTE|[158]
15:40:26.44 (1204622139)|METHOD_ENTRY|[158]|01pg80000019iSf|TriggerHandler.andFinally()
15:40:26.44 (1204631709)|VARIABLE_SCOPE_BEGIN|[746]|this|TriggerHandler|true|false
15:40:26.44 (1204679868)|VARIABLE_ASSIGNMENT|[746]|this|{"newRecords":"0x27431037","handlerName":"OrderItemHandler","isTriggerExecuting":true,"triggerEvent":"0x316cff45"}|0x5dd1688c
15:40:26.44 (1204694731)|STATEMENT_EXECUTE|[746]
15:40:26.44 (1204696137)|METHOD_EXIT|[158]|01pg80000019iSf|TriggerHandler.andFinally()
15:40:26.44 (1204702441)|STATEMENT_EXECUTE|[160]
15:40:26.44 (1204704982)|STATEMENT_EXECUTE|[176]
15:40:26.44 (1204708027)|METHOD_EXIT|[2]|01pg80000019iSf|TriggerHandler.run()
15:40:26.204 (1204717328)|CUMULATIVE_LIMIT_USAGE
15:40:26.204 (1204717328)|LIMIT_USAGE_FOR_NS|(default)|
  Number of SOQL queries: 11 out of 100
  Number of query rows: 10 out of 50000
  Number of SOSL queries: 0 out of 20
  Number of DML statements: 14 out of 150
  Number of Publish Immediate DML: 0 out of 150
  Number of DML rows: 14 out of 10000
  Maximum CPU time: 99 out of 10000
  Maximum heap size: 0 out of 6000000
  Number of callouts: 0 out of 100
  Number of Email Invocations: 0 out of 10
  Number of future calls: 0 out of 50
  Number of queueable jobs added to the queue: 0 out of 50
  Number of Mobile Apex push calls: 0 out of 10

15:40:26.204 (1204717328)|CUMULATIVE_LIMIT_USAGE_END

15:40:26.44 (1205078844)|CODE_UNIT_FINISHED|OrdemItemTrigger on OrderItem trigger event BeforeInsert|__sfdc_trigger/OrdemItemTrigger
15:40:26.44 (1284748184)|CODE_UNIT_STARTED|[EXTERNAL]|01qg8000000GdOn|OrderTrigger on Order trigger event BeforeUpdate|__sfdc_trigger/OrderTrigger
15:40:26.44 (1284841094)|HEAP_ALLOCATE|[EXTERNAL]|Bytes:8
15:40:26.44 (1284935132)|HEAP_ALLOCATE|[EXTERNAL]|Bytes:8
15:40:26.44 (1285013328)|HEAP_ALLOCATE|[EXTERNAL]|Bytes:4
15:40:26.44 (1285024607)|VARIABLE_SCOPE_BEGIN|[1]|this|OrderTrigger|true|false
15:40:26.44 (1285062503)|VARIABLE_ASSIGNMENT|[1]|this|{}|0x232ee4ec
15:40:26.44 (1285095472)|HEAP_ALLOCATE|[EXTERNAL]|Bytes:4
15:40:26.44 (1285101171)|VARIABLE_SCOPE_BEGIN|[1]|this|OrderTrigger|true|false
15:40:26.44 (1285106856)|VARIABLE_ASSIGNMENT|[1]|this|{}|0x232ee4ec
15:40:26.44 (1285114667)|STATEMENT_EXECUTE|[1]
15:40:26.44 (1285115775)|STATEMENT_EXECUTE|[2]
15:40:26.44 (1285202553)|HEAP_ALLOCATE|[2]|Bytes:16
15:40:26.44 (1285217617)|METHOD_ENTRY|[1]|01pg8000001LXzh|OrderHandler.OrderHandler()
15:40:26.44 (1285221097)|STATEMENT_EXECUTE|[1]
15:40:26.44 (1285224002)|STATEMENT_EXECUTE|[1]
15:40:26.44 (1285229013)|METHOD_EXIT|[1]|OrderHandler
15:40:26.44 (1285234595)|HEAP_ALLOCATE|[2]|Bytes:32
15:40:26.44 (1285257806)|CONSTRUCTOR_ENTRY|[2]|01pg8000001LXzh|<init>()|OrderHandler
15:40:26.44 (1285277302)|VARIABLE_SCOPE_BEGIN|[8]|this|OrderHandler|true|false
15:40:26.44 (1285297552)|VARIABLE_ASSIGNMENT|[8]|this|{}|0x2b47c5a
15:40:26.44 (1285303515)|STATEMENT_EXECUTE|[1]
15:40:26.44 (1285304666)|STATEMENT_EXECUTE|[3]
15:40:26.44 (1285305808)|STATEMENT_EXECUTE|[4]
15:40:26.44 (1285306742)|STATEMENT_EXECUTE|[5]
15:40:26.44 (1285307851)|STATEMENT_EXECUTE|[6]
15:40:26.44 (1285308916)|STATEMENT_EXECUTE|[9]
15:40:26.44 (1285312518)|HEAP_ALLOCATE|[9]|Bytes:12
15:40:26.44 (1285321041)|CONSTRUCTOR_ENTRY|[9]|01pg80000019iSf|<init>(String)|TriggerHandler
15:40:26.44 (1285328774)|VARIABLE_SCOPE_BEGIN|[107]|this|TriggerHandler|true|false
15:40:26.44 (1285342481)|VARIABLE_ASSIGNMENT|[107]|this|{}|0x2b47c5a
15:40:26.44 (1285345511)|VARIABLE_SCOPE_BEGIN|[107]|handlerName|String|false|false
15:40:26.44 (1285356185)|VARIABLE_ASSIGNMENT|[107]|handlerName|"OrderHandler"
15:40:26.44 (1285359126)|STATEMENT_EXECUTE|[15]
15:40:26.44 (1285360252)|STATEMENT_EXECUTE|[50]
15:40:26.44 (1285361204)|STATEMENT_EXECUTE|[57]
15:40:26.44 (1285362604)|STATEMENT_EXECUTE|[671]
15:40:26.44 (1285386406)|STATEMENT_EXECUTE|[107]
15:40:26.44 (1285387377)|STATEMENT_EXECUTE|[108]
15:40:26.44 (1285391861)|STATEMENT_EXECUTE|[109]
15:40:26.44 (1285399400)|METHOD_ENTRY|[109]|01pg80000019iSf|TriggerHandler.setTriggerContext()
15:40:26.44 (1285403166)|VARIABLE_SCOPE_BEGIN|[565]|this|TriggerHandler|true|false
15:40:26.44 (1285413330)|VARIABLE_ASSIGNMENT|[565]|this|{"handlerName":"OrderHandler"}|0x2b47c5a
15:40:26.44 (1285457706)|STATEMENT_EXECUTE|[565]
15:40:26.44 (1285459274)|STATEMENT_EXECUTE|[566]
15:40:26.44 (1285527506)|HEAP_ALLOCATE|[566]|Bytes:16
15:40:26.44 (1285538335)|METHOD_ENTRY|[566]|01pg80000019iSf|TriggerHandler.setTriggerContext(System.TriggerOperation, Boolean)
15:40:26.44 (1285541533)|VARIABLE_SCOPE_BEGIN|[582]|this|TriggerHandler|true|false
15:40:26.44 (1285550929)|VARIABLE_ASSIGNMENT|[582]|this|{"handlerName":"OrderHandler"}|0x2b47c5a
15:40:26.44 (1285553534)|VARIABLE_SCOPE_BEGIN|[582]|opType|System.TriggerOperation|true|false
15:40:26.44 (1285570240)|VARIABLE_ASSIGNMENT|[582]|opType|"BEFORE_UPDATE"|0x6dd866e9
15:40:26.44 (1285577541)|VARIABLE_SCOPE_BEGIN|[582]|testMode|Boolean|false|false
15:40:26.44 (1285587580)|VARIABLE_ASSIGNMENT|[582]|testMode|false
15:40:26.44 (1285591640)|STATEMENT_EXECUTE|[582]
15:40:26.44 (1285600793)|STATEMENT_EXECUTE|[586]
15:40:26.44 (1285601661)|STATEMENT_EXECUTE|[587]
15:40:26.44 (1285604464)|HEAP_ALLOCATE|[587]|Bytes:5
15:40:26.44 (1285609922)|STATEMENT_EXECUTE|[590]
15:40:26.44 (1285610800)|STATEMENT_EXECUTE|[592]
15:40:26.44 (1285621781)|HEAP_ALLOCATE|[592]|Bytes:16
15:40:26.44 (1285626071)|STATEMENT_EXECUTE|[595]
15:40:26.44 (1285635794)|VARIABLE_SCOPE_BEGIN|[595]|context|String|false|false
15:40:26.44 (1285641564)|VARIABLE_ASSIGNMENT|[595]|context|"BEFORE_UPDATE"
15:40:26.44 (1285643485)|STATEMENT_EXECUTE|[597]
15:40:26.44 (1285663992)|HEAP_ALLOCATE|[601]|Bytes:13
15:40:26.44 (1285714429)|STATEMENT_EXECUTE|[601]
15:40:26.44 (1285715369)|STATEMENT_EXECUTE|[602]
15:40:26.44 (1285723248)|METHOD_EXIT|[566]|01pg80000019iSf|TriggerHandler.setTriggerContext(System.TriggerOperation, Boolean)
15:40:26.44 (1285746331)|METHOD_EXIT|[109]|01pg80000019iSf|TriggerHandler.setTriggerContext()
15:40:26.44 (1285753442)|CONSTRUCTOR_EXIT|[9]|01pg80000019iSf|<init>(String)|TriggerHandler
15:40:26.44 (1285758599)|STATEMENT_EXECUTE|[8]
15:40:26.44 (1285760110)|STATEMENT_EXECUTE|[10]
15:40:26.44 (1286707017)|VARIABLE_ASSIGNMENT|[10]|this.newRecords|[{"Status":"Draft","LastModifiedDate":"2026-04-10T18:40:26.000Z","Country__c":"a03g80000084yQnAAI","IsDeleted":false,"AccountId":"001g8000009UgxXAAS","OrderNumber":"00100116","TotalAmount":380385.50,"StatusCode":"Draft","IsReductionOrder":false,"SystemModstamp":"2026-04-10T18:40:27.000Z","City__c":"a05g8000002BenNAAS","OwnerId":"005g80000010N45AAE","CreatedById":"005g80000010N45AAE","DistributionCenter__c":"a06g8000001ga05AAA","CreatedDate":"2026-04-10T18:40:26.000Z","Pricebook2Id":"01sg8000000h7xWAAQ","Id":"801g8000009UgxZAAS","LastModifiedById":"005g80000010N45AAE","State__c":"a04g8000000b4z7AAA","EffectiveDate":"2026-04-10T00:00:00.000Z"}]|0x2b47c5a
15:40:26.44 (1286719782)|STATEMENT_EXECUTE|[11]
15:40:26.44 (1287210016)|VARIABLE_ASSIGNMENT|[11]|this.oldRecords|[{"Status":"Draft","LastModifiedDate":"2026-04-10T18:40:26.000Z","Country__c":"a03g80000084yQnAAI","IsDeleted":false,"AccountId":"001g8000009UgxXAAS","OrderNumber":"00100116","TotalAmount":0.00,"StatusCode":"Draft","IsReductionOrder":false,"SystemModstamp":"2026-04-10T18:40:26.000Z","City__c":"a05g8000002BenNAAS","OwnerId":"005g80000010N45AAE","CreatedById":"005g80000010N45AAE","DistributionCenter__c":"a06g8000001ga05AAA","CreatedDate":"2026-04-10T18:40:26.000Z","Pricebook2Id":"01sg8000000h7xWAAQ","Id":"801g8000009UgxZAAS","LastModifiedById":"005g80000010N45AAE","State__c":"a04g8000000b4z7AAA","EffectiveDate":"2026-04-10T00:00:00.000Z"}]|0x2b47c5a
15:40:26.44 (1287219337)|STATEMENT_EXECUTE|[12]
15:40:26.44 (1287599569)|VARIABLE_ASSIGNMENT|[12]|this.newRecordsMap|{"801g8000009UgxZAAS":{"Status":"Draft","LastModifiedDate":"2026-04-10T18:40:26.000Z","Country__c":"a03g80000084yQnAAI","IsDeleted":false,"AccountId":"001g8000009UgxXAAS","OrderNumber":"00100116","TotalAmount":380385.50,"StatusCode":"Draft","IsReductionOrder":false,"SystemModstamp":"2026-04-10T18:40:27.000Z","City__c":"a05g8000002BenNAAS","OwnerId":"005g80000010N45AAE","CreatedById":"005g80000010N45AAE","DistributionCenter__c":"a06g8000001ga05AAA","CreatedDate":"2026-04-10T18:40:26.000Z","Pricebook2Id":"01sg8000000h7xWAAQ","Id":"801g8000009UgxZAAS","LastModifiedById":"005g80000010N45AAE","State__c":"a04g8000000b4z7AAA","EffectiveDate":"2026-04-10T00:00:00.000Z"}}|0x2b47c5a
15:40:26.44 (1287607608)|STATEMENT_EXECUTE|[13]
15:40:26.44 (1287944000)|VARIABLE_ASSIGNMENT|[13]|this.oldRecordsMap|{"801g8000009UgxZAAS":{"Status":"Draft","LastModifiedDate":"2026-04-10T18:40:26.000Z","Country__c":"a03g80000084yQnAAI","IsDeleted":false,"AccountId":"001g8000009UgxXAAS","OrderNumber":"00100116","TotalAmount":0.00,"StatusCode":"Draft","IsReductionOrder":false,"SystemModstamp":"2026-04-10T18:40:26.000Z","City__c":"a05g8000002BenNAAS","OwnerId":"005g80000010N45AAE","CreatedById":"005g80000010N45AAE","DistributionCenter__c":"a06g8000001ga05AAA","CreatedDate":"2026-04-10T18:40:26.000Z","Pricebook2Id":"01sg8000000h7xWAAQ","Id":"801g8000009UgxZAAS","LastModifiedById":"005g80000010N45AAE","State__c":"a04g8000000b4z7AAA","EffectiveDate":"2026-04-10T00:00:00.000Z"}}|0x2b47c5a
15:40:26.44 (1287956490)|CONSTRUCTOR_EXIT|[2]|01pg8000001LXzh|<init>()|OrderHandler
15:40:26.44 (1287977253)|METHOD_ENTRY|[2]|01pg80000019iSf|TriggerHandler.run()
15:40:26.44 (1287982484)|VARIABLE_SCOPE_BEGIN|[120]|this|TriggerHandler|true|false
15:40:26.44 (1288019334)|VARIABLE_ASSIGNMENT|[120]|this|{"newRecords":"0x3c3c418a","newRecordsMap":"0x78e08eb5","oldRecords":"0x2cbd0cc1","oldRecordsMap":"0xd4af3a0","handlerName":"OrderHandler","isTriggerExecuting":true,"triggerEvent":"0x6dd866e9"}|0x2b47c5a
15:40:26.44 (1288030639)|STATEMENT_EXECUTE|[120]
15:40:26.44 (1288033688)|METHOD_ENTRY|[121]|01pg80000019iSf|TriggerHandler.validateRun()
15:40:26.44 (1288036844)|VARIABLE_SCOPE_BEGIN|[661]|this|TriggerHandler|true|false
15:40:26.44 (1288047650)|VARIABLE_ASSIGNMENT|[661]|this|{"newRecords":"0x3c3c418a","newRecordsMap":"0x78e08eb5","oldRecords":"0x2cbd0cc1","oldRecordsMap":"0xd4af3a0","handlerName":"OrderHandler","isTriggerExecuting":true,"triggerEvent":"0x6dd866e9"}|0x2b47c5a
15:40:26.44 (1288074090)|STATEMENT_EXECUTE|[661]
15:40:26.44 (1288081573)|STATEMENT_EXECUTE|[662]
15:40:26.44 (1288082500)|STATEMENT_EXECUTE|[665]
15:40:26.44 (1288088513)|METHOD_ENTRY|[665]|01pg80000019iSf|TriggerHandler.getHandlerName()
15:40:26.44 (1288091503)|VARIABLE_SCOPE_BEGIN|[680]|this|TriggerHandler|true|false
15:40:26.44 (1288119133)|VARIABLE_ASSIGNMENT|[680]|this|{"newRecords":"0x3c3c418a","newRecordsMap":"0x78e08eb5","oldRecords":"0x2cbd0cc1","oldRecordsMap":"0xd4af3a0","handlerName":"OrderHandler","isTriggerExecuting":true,"triggerEvent":"0x6dd866e9"}|0x2b47c5a
15:40:26.44 (1288124438)|STATEMENT_EXECUTE|[680]
15:40:26.44 (1288175486)|STATEMENT_EXECUTE|[681]
15:40:26.44 (1288176685)|STATEMENT_EXECUTE|[684]
15:40:26.44 (1288179102)|METHOD_EXIT|[665]|01pg80000019iSf|TriggerHandler.getHandlerName()
15:40:26.44 (1288196994)|METHOD_EXIT|[121]|01pg80000019iSf|TriggerHandler.validateRun()
15:40:26.44 (1288200379)|STATEMENT_EXECUTE|[121]
15:40:26.44 (1288203080)|METHOD_ENTRY|[126]|01pg80000019iSf|TriggerHandler.incrementCheckLoopCount()
15:40:26.44 (1288205937)|VARIABLE_SCOPE_BEGIN|[634]|this|TriggerHandler|true|false
15:40:26.44 (1288218543)|VARIABLE_ASSIGNMENT|[634]|this|{"newRecords":"0x3c3c418a","newRecordsMap":"0x78e08eb5","oldRecords":"0x2cbd0cc1","oldRecordsMap":"0xd4af3a0","handlerName":"OrderHandler","isTriggerExecuting":true,"triggerEvent":"0x6dd866e9"}|0x2b47c5a
15:40:26.44 (1288224434)|STATEMENT_EXECUTE|[634]
15:40:26.44 (1288225479)|STATEMENT_EXECUTE|[635]
15:40:26.44 (1288227649)|METHOD_ENTRY|[635]|01pg80000019iSf|TriggerHandler.getHandlerName()
15:40:26.44 (1288229771)|VARIABLE_SCOPE_BEGIN|[680]|this|TriggerHandler|true|false
15:40:26.44 (1288238515)|VARIABLE_ASSIGNMENT|[680]|this|{"newRecords":"0x3c3c418a","newRecordsMap":"0x78e08eb5","oldRecords":"0x2cbd0cc1","oldRecordsMap":"0xd4af3a0","handlerName":"OrderHandler","isTriggerExecuting":true,"triggerEvent":"0x6dd866e9"}|0x2b47c5a
15:40:26.44 (1288242407)|STATEMENT_EXECUTE|[680]
15:40:26.44 (1288249099)|STATEMENT_EXECUTE|[681]
15:40:26.44 (1288249975)|STATEMENT_EXECUTE|[684]
15:40:26.44 (1288251498)|METHOD_EXIT|[635]|01pg80000019iSf|TriggerHandler.getHandlerName()
15:40:26.44 (1288255093)|VARIABLE_SCOPE_BEGIN|[635]|handlerName|String|false|false
15:40:26.44 (1288260654)|VARIABLE_ASSIGNMENT|[635]|handlerName|"OrderHandler"
15:40:26.44 (1288270549)|STATEMENT_EXECUTE|[636]
15:40:26.44 (1288271518)|STATEMENT_EXECUTE|[649]
15:40:26.44 (1288273037)|METHOD_EXIT|[126]|01pg80000019iSf|TriggerHandler.incrementCheckLoopCount()
15:40:26.44 (1288275887)|STATEMENT_EXECUTE|[126]
15:40:26.44 (1288278168)|STATEMENT_EXECUTE|[130]
15:40:26.44 (1288279154)|STATEMENT_EXECUTE|[135]
15:40:26.44 (1288354009)|STATEMENT_EXECUTE|[139]
15:40:26.44 (1288355107)|STATEMENT_EXECUTE|[140]
15:40:26.44 (1288364053)|METHOD_ENTRY|[140]|01pg8000001LXzh|OrderHandler.beforeUpdate()
15:40:26.44 (1288370880)|VARIABLE_SCOPE_BEGIN|[16]|this|OrderHandler|true|false
15:40:26.44 (1288382149)|VARIABLE_ASSIGNMENT|[16]|this|{"newRecords":"0x3c3c418a","newRecordsMap":"0x78e08eb5","oldRecords":"0x2cbd0cc1","oldRecordsMap":"0xd4af3a0","handlerName":"OrderHandler","isTriggerExecuting":true,"triggerEvent":"0x6dd866e9"}|0x2b47c5a
15:40:26.44 (1288388128)|STATEMENT_EXECUTE|[16]
15:40:26.44 (1288389292)|STATEMENT_EXECUTE|[17]
15:40:26.44 (1288392953)|METHOD_ENTRY|[17]|01pg8000001LXzh|OrderHandler.checkActiveOrder()
15:40:26.44 (1288397576)|VARIABLE_SCOPE_BEGIN|[30]|this|OrderHandler|true|false
15:40:26.44 (1288406820)|VARIABLE_ASSIGNMENT|[30]|this|{"newRecords":"0x3c3c418a","newRecordsMap":"0x78e08eb5","oldRecords":"0x2cbd0cc1","oldRecordsMap":"0xd4af3a0","handlerName":"OrderHandler","isTriggerExecuting":true,"triggerEvent":"0x6dd866e9"}|0x2b47c5a
15:40:26.44 (1288411142)|STATEMENT_EXECUTE|[30]
15:40:26.44 (1288412379)|STATEMENT_EXECUTE|[31]
15:40:26.44 (1288418285)|VARIABLE_SCOPE_BEGIN|[31]|listaParaValidar|List<Order>|true|false
15:40:26.44 (1288423002)|VARIABLE_ASSIGNMENT|[31]|listaParaValidar|null|
15:40:26.44 (1288431073)|STATEMENT_EXECUTE|[35]
15:40:26.44 (1288431952)|STATEMENT_EXECUTE|[36]
15:40:26.44 (1288949276)|VARIABLE_ASSIGNMENT|[36]|listaParaValidar|[{"Status":"Draft","LastModifiedDate":"2026-04-10T18:40:26.000Z","Country__c":"a03g80000084yQnAAI","IsDeleted":false,"AccountId":"001g8000009UgxXAAS","OrderNumber":"00100116","TotalAmount":380385.50,"StatusCode":"Draft","IsReductionOrder":false,"SystemModstamp":"2026-04-10T18:40:27.000Z","City__c":"a05g8000002BenNAAS","OwnerId":"005g80000010N45AAE","CreatedById":"005g80000010N45AAE","DistributionCenter__c":"a06g8000001ga05AAA","CreatedDate":"2026-04-10T18:40:26.000Z","Pricebook2Id":"01sg8000000h7xWAAQ","Id":"801g8000009UgxZAAS","LastModifiedById":"005g80000010N45AAE","State__c":"a04g8000000b4z7AAA","EffectiveDate":"2026-04-10T00:00:00.000Z"}]|0x3c3c418a
15:40:26.44 (1289007781)|HEAP_ALLOCATE|[40]|Bytes:5
15:40:26.44 (1289029933)|HEAP_ALLOCATE|[40]|Bytes:4
15:40:26.44 (1289039232)|VARIABLE_SCOPE_BEGIN|[40]|pedido|Order|true|false
15:40:26.44 (1289541791)|VARIABLE_ASSIGNMENT|[40]|pedido|{"Status":"Draft","LastModifiedDate":"2026-04-10T18:40:26.000Z","Country__c":"a03g80000084yQnAAI","IsDeleted":false,"AccountId":"001g8000009UgxXAAS","OrderNumber":"00100116","TotalAmount":380385.50,"StatusCode":"Draft","IsReductionOrder":false,"SystemModstamp":"2026-04-10T18:40:27.000Z","City__c":"a05g8000002BenNAAS","OwnerId":"005g80000010N45AAE","CreatedById":"005g80000010N45AAE","DistributionCenter__c":"a06g8000001ga05AAA","CreatedDate":"2026-04-10T18:40:26.000Z","Pricebook2Id":"01sg8000000h7xWAAQ","Id":"801g8000009UgxZAAS","LastModifiedById":"005g80000010N45AAE","State__c":"a04g8000000b4z7AAA","EffectiveDate":"2026-04-10T00:00:00.000Z"}|0x53a4c392
15:40:26.44 (1289553230)|STATEMENT_EXECUTE|[40]
15:40:26.44 (1289554144)|STATEMENT_EXECUTE|[42]
15:40:26.44 (1289606077)|VARIABLE_SCOPE_BEGIN|[42]|pedidoAntigo|Order|true|false
15:40:26.44 (1290009546)|VARIABLE_ASSIGNMENT|[42]|pedidoAntigo|{"Status":"Draft","LastModifiedDate":"2026-04-10T18:40:26.000Z","Country__c":"a03g80000084yQnAAI","IsDeleted":false,"AccountId":"001g8000009UgxXAAS","OrderNumber":"00100116","TotalAmount":0.00,"StatusCode":"Draft","IsReductionOrder":false,"SystemModstamp":"2026-04-10T18:40:26.000Z","City__c":"a05g8000002BenNAAS","OwnerId":"005g80000010N45AAE","CreatedById":"005g80000010N45AAE","DistributionCenter__c":"a06g8000001ga05AAA","CreatedDate":"2026-04-10T18:40:26.000Z","Pricebook2Id":"01sg8000000h7xWAAQ","Id":"801g8000009UgxZAAS","LastModifiedById":"005g80000010N45AAE","State__c":"a04g8000000b4z7AAA","EffectiveDate":"2026-04-10T00:00:00.000Z"}|0x2f4d7a75
15:40:26.44 (1290018296)|STATEMENT_EXECUTE|[45]
15:40:26.44 (1290026068)|VARIABLE_SCOPE_BEGIN|[45]|validacaoStatus|String|false|false
15:40:26.44 (1290031802)|VARIABLE_ASSIGNMENT|[45]|validacaoStatus|"Draft"
15:40:26.44 (1290048053)|STATEMENT_EXECUTE|[47]
15:40:26.44 (1290060301)|HEAP_ALLOCATE|[40]|Bytes:5
15:40:26.44 (1290070109)|VARIABLE_ASSIGNMENT|[40]|pedido|null|
15:40:26.44 (1290075556)|METHOD_EXIT|[17]|01pg8000001LXzh|OrderHandler.checkActiveOrder()
15:40:26.44 (1290079546)|METHOD_EXIT|[140]|01pg8000001LXzh|OrderHandler.beforeUpdate()
15:40:26.44 (1290082178)|STATEMENT_EXECUTE|[158]
15:40:26.44 (1290087155)|METHOD_ENTRY|[158]|01pg80000019iSf|TriggerHandler.andFinally()
15:40:26.44 (1290090704)|VARIABLE_SCOPE_BEGIN|[746]|this|TriggerHandler|true|false
15:40:26.44 (1290119979)|VARIABLE_ASSIGNMENT|[746]|this|{"newRecords":"0x3c3c418a","newRecordsMap":"0x78e08eb5","oldRecords":"0x2cbd0cc1","oldRecordsMap":"0xd4af3a0","handlerName":"OrderHandler","isTriggerExecuting":true,"triggerEvent":"0x6dd866e9"}|0x2b47c5a
15:40:26.44 (1290129537)|STATEMENT_EXECUTE|[746]
15:40:26.44 (1290131077)|METHOD_EXIT|[158]|01pg80000019iSf|TriggerHandler.andFinally()
15:40:26.44 (1290134913)|STATEMENT_EXECUTE|[160]
15:40:26.44 (1290137320)|STATEMENT_EXECUTE|[176]
15:40:26.44 (1290139225)|METHOD_EXIT|[2]|01pg80000019iSf|TriggerHandler.run()
15:40:26.290 (1290145990)|CUMULATIVE_LIMIT_USAGE
15:40:26.290 (1290145990)|LIMIT_USAGE_FOR_NS|(default)|
  Number of SOQL queries: 11 out of 100
  Number of query rows: 10 out of 50000
  Number of SOSL queries: 0 out of 20
  Number of DML statements: 14 out of 150
  Number of Publish Immediate DML: 0 out of 150
  Number of DML rows: 14 out of 10000
  Maximum CPU time: 99 out of 10000
  Maximum heap size: 0 out of 6000000
  Number of callouts: 0 out of 100
  Number of Email Invocations: 0 out of 10
  Number of future calls: 0 out of 50
  Number of queueable jobs added to the queue: 0 out of 50
  Number of Mobile Apex push calls: 0 out of 10

15:40:26.290 (1290145990)|CUMULATIVE_LIMIT_USAGE_END

15:40:26.44 (1290354446)|CODE_UNIT_FINISHED|OrderTrigger on Order trigger event BeforeUpdate|__sfdc_trigger/OrderTrigger
15:40:26.44 (1292281996)|CODE_UNIT_STARTED|[EXTERNAL]|Validation:Order:801g8000009UgxZ
15:40:26.44 (1292301003)|VALIDATION_RULE|03dg8000000aS4D|Bloquear_Alteracao_Conta_Pedido
15:40:26.44 (1292600157)|VALIDATION_FORMULA|ISCHANGED(AccountId) && NOT(ISNEW())|AccountId=001g8000009UgxX
15:40:26.44 (1292607279)|VALIDATION_PASS
15:40:26.44 (1292613818)|CODE_UNIT_FINISHED|Validation:Order:801g8000009UgxZ
15:40:26.44 (1303523307)|CODE_UNIT_STARTED|[EXTERNAL]|01qg8000000GdOn|OrderTrigger on Order trigger event AfterUpdate|__sfdc_trigger/OrderTrigger
15:40:26.44 (1303638540)|HEAP_ALLOCATE|[EXTERNAL]|Bytes:8
15:40:26.44 (1303727604)|HEAP_ALLOCATE|[EXTERNAL]|Bytes:8
15:40:26.44 (1303806494)|HEAP_ALLOCATE|[EXTERNAL]|Bytes:4
15:40:26.44 (1303817815)|VARIABLE_SCOPE_BEGIN|[1]|this|OrderTrigger|true|false
15:40:26.44 (1303853225)|VARIABLE_ASSIGNMENT|[1]|this|{}|0x25520797
15:40:26.44 (1303886858)|HEAP_ALLOCATE|[EXTERNAL]|Bytes:4
15:40:26.44 (1303891681)|VARIABLE_SCOPE_BEGIN|[1]|this|OrderTrigger|true|false
15:40:26.44 (1303899462)|VARIABLE_ASSIGNMENT|[1]|this|{}|0x25520797
15:40:26.44 (1303906514)|STATEMENT_EXECUTE|[1]
15:40:26.44 (1303907794)|STATEMENT_EXECUTE|[2]
15:40:26.44 (1303913083)|HEAP_ALLOCATE|[2]|Bytes:32
15:40:26.44 (1303925269)|CONSTRUCTOR_ENTRY|[2]|01pg8000001LXzh|<init>()|OrderHandler
15:40:26.44 (1303932319)|VARIABLE_SCOPE_BEGIN|[8]|this|OrderHandler|true|false
15:40:26.44 (1303953567)|VARIABLE_ASSIGNMENT|[8]|this|{}|0x6b3e118a
15:40:26.44 (1303957746)|STATEMENT_EXECUTE|[1]
15:40:26.44 (1303959137)|STATEMENT_EXECUTE|[3]
15:40:26.44 (1303960212)|STATEMENT_EXECUTE|[4]
15:40:26.44 (1303961149)|STATEMENT_EXECUTE|[5]
15:40:26.44 (1303962382)|STATEMENT_EXECUTE|[6]
15:40:26.44 (1303963434)|STATEMENT_EXECUTE|[9]
15:40:26.44 (1303974715)|CONSTRUCTOR_ENTRY|[9]|01pg80000019iSf|<init>(String)|TriggerHandler
15:40:26.44 (1303978578)|VARIABLE_SCOPE_BEGIN|[107]|this|TriggerHandler|true|false
15:40:26.44 (1303985357)|VARIABLE_ASSIGNMENT|[107]|this|{}|0x6b3e118a
15:40:26.44 (1303988241)|VARIABLE_SCOPE_BEGIN|[107]|handlerName|String|false|false
15:40:26.44 (1303999738)|VARIABLE_ASSIGNMENT|[107]|handlerName|"OrderHandler"
15:40:26.44 (1304002959)|STATEMENT_EXECUTE|[15]
15:40:26.44 (1304004686)|STATEMENT_EXECUTE|[50]
15:40:26.44 (1304005518)|STATEMENT_EXECUTE|[57]
15:40:26.44 (1304006664)|STATEMENT_EXECUTE|[671]
15:40:26.44 (1304026482)|STATEMENT_EXECUTE|[107]
15:40:26.44 (1304027579)|STATEMENT_EXECUTE|[108]
15:40:26.44 (1304031830)|STATEMENT_EXECUTE|[109]
15:40:26.44 (1304039756)|METHOD_ENTRY|[109]|01pg80000019iSf|TriggerHandler.setTriggerContext()
15:40:26.44 (1304044372)|VARIABLE_SCOPE_BEGIN|[565]|this|TriggerHandler|true|false
15:40:26.44 (1304053335)|VARIABLE_ASSIGNMENT|[565]|this|{"handlerName":"OrderHandler"}|0x6b3e118a
15:40:26.44 (1304065345)|STATEMENT_EXECUTE|[565]
15:40:26.44 (1304066653)|STATEMENT_EXECUTE|[566]
15:40:26.44 (1304131165)|HEAP_ALLOCATE|[566]|Bytes:16
15:40:26.44 (1304140913)|METHOD_ENTRY|[566]|01pg80000019iSf|TriggerHandler.setTriggerContext(System.TriggerOperation, Boolean)
15:40:26.44 (1304143994)|VARIABLE_SCOPE_BEGIN|[582]|this|TriggerHandler|true|false
15:40:26.44 (1304152074)|VARIABLE_ASSIGNMENT|[582]|this|{"handlerName":"OrderHandler"}|0x6b3e118a
15:40:26.44 (1304170710)|VARIABLE_SCOPE_BEGIN|[582]|opType|System.TriggerOperation|true|false
15:40:26.44 (1304190216)|VARIABLE_ASSIGNMENT|[582]|opType|"AFTER_UPDATE"|0x743aa6a5
15:40:26.44 (1304197719)|VARIABLE_SCOPE_BEGIN|[582]|testMode|Boolean|false|false
15:40:26.44 (1304207247)|VARIABLE_ASSIGNMENT|[582]|testMode|false
15:40:26.44 (1304211741)|STATEMENT_EXECUTE|[582]
15:40:26.44 (1304220511)|STATEMENT_EXECUTE|[586]
15:40:26.44 (1304221417)|STATEMENT_EXECUTE|[587]
15:40:26.44 (1304224306)|HEAP_ALLOCATE|[587]|Bytes:5
15:40:26.44 (1304230186)|STATEMENT_EXECUTE|[590]
15:40:26.44 (1304231047)|STATEMENT_EXECUTE|[592]
15:40:26.44 (1304245265)|HEAP_ALLOCATE|[592]|Bytes:16
15:40:26.44 (1304249628)|STATEMENT_EXECUTE|[595]
15:40:26.44 (1304260148)|VARIABLE_SCOPE_BEGIN|[595]|context|String|false|false
15:40:26.44 (1304266022)|VARIABLE_ASSIGNMENT|[595]|context|"AFTER_UPDATE"
15:40:26.44 (1304267958)|STATEMENT_EXECUTE|[597]
15:40:26.44 (1304302706)|HEAP_ALLOCATE|[604]|Bytes:13
15:40:26.44 (1304344377)|HEAP_ALLOCATE|[607]|Bytes:12
15:40:26.44 (1304358907)|HEAP_ALLOCATE|[610]|Bytes:12
15:40:26.44 (1304371698)|STATEMENT_EXECUTE|[610]
15:40:26.44 (1304372766)|STATEMENT_EXECUTE|[611]
15:40:26.44 (1304379984)|METHOD_EXIT|[566]|01pg80000019iSf|TriggerHandler.setTriggerContext(System.TriggerOperation, Boolean)
15:40:26.44 (1304383301)|METHOD_EXIT|[109]|01pg80000019iSf|TriggerHandler.setTriggerContext()
15:40:26.44 (1304388292)|CONSTRUCTOR_EXIT|[9]|01pg80000019iSf|<init>(String)|TriggerHandler
15:40:26.44 (1304391416)|STATEMENT_EXECUTE|[8]
15:40:26.44 (1304392591)|STATEMENT_EXECUTE|[10]
15:40:26.44 (1305118087)|VARIABLE_ASSIGNMENT|[10]|this.newRecords|[{"Status":"Draft","LastModifiedDate":"2026-04-10T18:40:27.000Z","Country__c":"a03g80000084yQnAAI","IsDeleted":false,"AccountId":"001g8000009UgxXAAS","OrderNumber":"00100116","TotalAmount":380385.50,"StatusCode":"Draft","IsReductionOrder":false,"SystemModstamp":"2026-04-10T18:40:27.000Z","City__c":"a05g8000002BenNAAS","OwnerId":"005g80000010N45AAE","CreatedById":"005g80000010N45AAE","DistributionCenter__c":"a06g8000001ga05AAA","CreatedDate":"2026-04-10T18:40:26.000Z","Pricebook2Id":"01sg8000000h7xWAAQ","Id":"801g8000009UgxZAAS","LastModifiedById":"005g80000010N45AAE","State__c":"a04g8000000b4z7AAA","EffectiveDate":"2026-04-10T00:00:00.000Z"}]|0x6b3e118a
15:40:26.44 (1305133502)|STATEMENT_EXECUTE|[11]
15:40:26.44 (1305716076)|VARIABLE_ASSIGNMENT|[11]|this.oldRecords|[{"Status":"Draft","LastModifiedDate":"2026-04-10T18:40:26.000Z","Country__c":"a03g80000084yQnAAI","IsDeleted":false,"AccountId":"001g8000009UgxXAAS","OrderNumber":"00100116","TotalAmount":0.00,"StatusCode":"Draft","IsReductionOrder":false,"SystemModstamp":"2026-04-10T18:40:26.000Z","City__c":"a05g8000002BenNAAS","OwnerId":"005g80000010N45AAE","CreatedById":"005g80000010N45AAE","DistributionCenter__c":"a06g8000001ga05AAA","CreatedDate":"2026-04-10T18:40:26.000Z","Pricebook2Id":"01sg8000000h7xWAAQ","Id":"801g8000009UgxZAAS","LastModifiedById":"005g80000010N45AAE","State__c":"a04g8000000b4z7AAA","EffectiveDate":"2026-04-10T00:00:00.000Z"}]|0x6b3e118a
15:40:26.44 (1305731248)|STATEMENT_EXECUTE|[12]
15:40:26.44 (1306098630)|VARIABLE_ASSIGNMENT|[12]|this.newRecordsMap|{"801g8000009UgxZAAS":{"Status":"Draft","LastModifiedDate":"2026-04-10T18:40:27.000Z","Country__c":"a03g80000084yQnAAI","IsDeleted":false,"AccountId":"001g8000009UgxXAAS","OrderNumber":"00100116","TotalAmount":380385.50,"StatusCode":"Draft","IsReductionOrder":false,"SystemModstamp":"2026-04-10T18:40:27.000Z","City__c":"a05g8000002BenNAAS","OwnerId":"005g80000010N45AAE","CreatedById":"005g80000010N45AAE","DistributionCenter__c":"a06g8000001ga05AAA","CreatedDate":"2026-04-10T18:40:26.000Z","Pricebook2Id":"01sg8000000h7xWAAQ","Id":"801g8000009UgxZAAS","LastModifiedById":"005g80000010N45AAE","State__c":"a04g8000000b4z7AAA","EffectiveDate":"2026-04-10T00:00:00.000Z"}}|0x6b3e118a
15:40:26.44 (1306106767)|STATEMENT_EXECUTE|[13]
15:40:26.44 (1306471341)|VARIABLE_ASSIGNMENT|[13]|this.oldRecordsMap|{"801g8000009UgxZAAS":{"Status":"Draft","LastModifiedDate":"2026-04-10T18:40:26.000Z","Country__c":"a03g80000084yQnAAI","IsDeleted":false,"AccountId":"001g8000009UgxXAAS","OrderNumber":"00100116","TotalAmount":0.00,"StatusCode":"Draft","IsReductionOrder":false,"SystemModstamp":"2026-04-10T18:40:26.000Z","City__c":"a05g8000002BenNAAS","OwnerId":"005g80000010N45AAE","CreatedById":"005g80000010N45AAE","DistributionCenter__c":"a06g8000001ga05AAA","CreatedDate":"2026-04-10T18:40:26.000Z","Pricebook2Id":"01sg8000000h7xWAAQ","Id":"801g8000009UgxZAAS","LastModifiedById":"005g80000010N45AAE","State__c":"a04g8000000b4z7AAA","EffectiveDate":"2026-04-10T00:00:00.000Z"}}|0x6b3e118a
15:40:26.44 (1306485733)|CONSTRUCTOR_EXIT|[2]|01pg8000001LXzh|<init>()|OrderHandler
15:40:26.44 (1306497284)|METHOD_ENTRY|[2]|01pg80000019iSf|TriggerHandler.run()
15:40:26.44 (1306502557)|VARIABLE_SCOPE_BEGIN|[120]|this|TriggerHandler|true|false
15:40:26.44 (1306545876)|VARIABLE_ASSIGNMENT|[120]|this|{"newRecords":"0x201fecc5","newRecordsMap":"0x3426936b","oldRecords":"0x1fd54c7","oldRecordsMap":"0x1ad4a733","handlerName":"OrderHandler","isTriggerExecuting":true,"triggerEvent":"0x743aa6a5"}|0x6b3e118a
15:40:26.44 (1306557434)|STATEMENT_EXECUTE|[120]
15:40:26.44 (1306561541)|METHOD_ENTRY|[121]|01pg80000019iSf|TriggerHandler.validateRun()
15:40:26.44 (1306564752)|VARIABLE_SCOPE_BEGIN|[661]|this|TriggerHandler|true|false
15:40:26.44 (1306575991)|VARIABLE_ASSIGNMENT|[661]|this|{"newRecords":"0x201fecc5","newRecordsMap":"0x3426936b","oldRecords":"0x1fd54c7","oldRecordsMap":"0x1ad4a733","handlerName":"OrderHandler","isTriggerExecuting":true,"triggerEvent":"0x743aa6a5"}|0x6b3e118a
15:40:26.44 (1306580875)|STATEMENT_EXECUTE|[661]
15:40:26.44 (1306588729)|STATEMENT_EXECUTE|[662]
15:40:26.44 (1306589647)|STATEMENT_EXECUTE|[665]
15:40:26.44 (1306595391)|METHOD_ENTRY|[665]|01pg80000019iSf|TriggerHandler.getHandlerName()
15:40:26.44 (1306598147)|VARIABLE_SCOPE_BEGIN|[680]|this|TriggerHandler|true|false
15:40:26.44 (1306607352)|VARIABLE_ASSIGNMENT|[680]|this|{"newRecords":"0x201fecc5","newRecordsMap":"0x3426936b","oldRecords":"0x1fd54c7","oldRecordsMap":"0x1ad4a733","handlerName":"OrderHandler","isTriggerExecuting":true,"triggerEvent":"0x743aa6a5"}|0x6b3e118a
15:40:26.44 (1306611523)|STATEMENT_EXECUTE|[680]
15:40:26.44 (1306632189)|STATEMENT_EXECUTE|[681]
15:40:26.44 (1306633269)|STATEMENT_EXECUTE|[684]
15:40:26.44 (1306635617)|METHOD_EXIT|[665]|01pg80000019iSf|TriggerHandler.getHandlerName()
15:40:26.44 (1306652161)|METHOD_EXIT|[121]|01pg80000019iSf|TriggerHandler.validateRun()
15:40:26.44 (1306655095)|STATEMENT_EXECUTE|[121]
15:40:26.44 (1306658091)|METHOD_ENTRY|[126]|01pg80000019iSf|TriggerHandler.incrementCheckLoopCount()
15:40:26.44 (1306661012)|VARIABLE_SCOPE_BEGIN|[634]|this|TriggerHandler|true|false
15:40:26.44 (1306670547)|VARIABLE_ASSIGNMENT|[634]|this|{"newRecords":"0x201fecc5","newRecordsMap":"0x3426936b","oldRecords":"0x1fd54c7","oldRecordsMap":"0x1ad4a733","handlerName":"OrderHandler","isTriggerExecuting":true,"triggerEvent":"0x743aa6a5"}|0x6b3e118a
15:40:26.44 (1306675541)|STATEMENT_EXECUTE|[634]
15:40:26.44 (1306676537)|STATEMENT_EXECUTE|[635]
15:40:26.44 (1306678644)|METHOD_ENTRY|[635]|01pg80000019iSf|TriggerHandler.getHandlerName()
15:40:26.44 (1306680687)|VARIABLE_SCOPE_BEGIN|[680]|this|TriggerHandler|true|false
15:40:26.44 (1306689383)|VARIABLE_ASSIGNMENT|[680]|this|{"newRecords":"0x201fecc5","newRecordsMap":"0x3426936b","oldRecords":"0x1fd54c7","oldRecordsMap":"0x1ad4a733","handlerName":"OrderHandler","isTriggerExecuting":true,"triggerEvent":"0x743aa6a5"}|0x6b3e118a
15:40:26.44 (1306693235)|STATEMENT_EXECUTE|[680]
15:40:26.44 (1306699552)|STATEMENT_EXECUTE|[681]
15:40:26.44 (1306700502)|STATEMENT_EXECUTE|[684]
15:40:26.44 (1306701979)|METHOD_EXIT|[635]|01pg80000019iSf|TriggerHandler.getHandlerName()
15:40:26.44 (1306705222)|VARIABLE_SCOPE_BEGIN|[635]|handlerName|String|false|false
15:40:26.44 (1306710381)|VARIABLE_ASSIGNMENT|[635]|handlerName|"OrderHandler"
15:40:26.44 (1306720811)|STATEMENT_EXECUTE|[636]
15:40:26.44 (1306722008)|STATEMENT_EXECUTE|[649]
15:40:26.44 (1306723591)|METHOD_EXIT|[126]|01pg80000019iSf|TriggerHandler.incrementCheckLoopCount()
15:40:26.44 (1306726190)|STATEMENT_EXECUTE|[126]
15:40:26.44 (1306728415)|STATEMENT_EXECUTE|[130]
15:40:26.44 (1306729413)|STATEMENT_EXECUTE|[135]
15:40:26.44 (1306829297)|STATEMENT_EXECUTE|[148]
15:40:26.44 (1306830280)|STATEMENT_EXECUTE|[149]
15:40:26.44 (1306844232)|METHOD_ENTRY|[149]|01pg8000001LXzh|OrderHandler.afterUpdate()
15:40:26.44 (1306851189)|VARIABLE_SCOPE_BEGIN|[20]|this|OrderHandler|true|false
15:40:26.44 (1306864115)|VARIABLE_ASSIGNMENT|[20]|this|{"newRecords":"0x201fecc5","newRecordsMap":"0x3426936b","oldRecords":"0x1fd54c7","oldRecordsMap":"0x1ad4a733","handlerName":"OrderHandler","isTriggerExecuting":true,"triggerEvent":"0x743aa6a5"}|0x6b3e118a
15:40:26.44 (1306870418)|STATEMENT_EXECUTE|[20]
15:40:26.44 (1306871640)|STATEMENT_EXECUTE|[21]
15:40:26.44 (1306876805)|METHOD_ENTRY|[21]|01pg8000001LXzh|OrderHandler.checkActiveOrder()
15:40:26.44 (1306881596)|VARIABLE_SCOPE_BEGIN|[30]|this|OrderHandler|true|false
15:40:26.44 (1306890855)|VARIABLE_ASSIGNMENT|[30]|this|{"newRecords":"0x201fecc5","newRecordsMap":"0x3426936b","oldRecords":"0x1fd54c7","oldRecordsMap":"0x1ad4a733","handlerName":"OrderHandler","isTriggerExecuting":true,"triggerEvent":"0x743aa6a5"}|0x6b3e118a
15:40:26.44 (1306895676)|STATEMENT_EXECUTE|[30]
15:40:26.44 (1306896939)|STATEMENT_EXECUTE|[31]
15:40:26.44 (1306900465)|VARIABLE_SCOPE_BEGIN|[31]|listaParaValidar|List<Order>|true|false
15:40:26.44 (1306905008)|VARIABLE_ASSIGNMENT|[31]|listaParaValidar|null|
15:40:26.44 (1306911104)|STATEMENT_EXECUTE|[35]
15:40:26.44 (1306912024)|STATEMENT_EXECUTE|[36]
15:40:26.44 (1307313555)|VARIABLE_ASSIGNMENT|[36]|listaParaValidar|[{"Status":"Draft","LastModifiedDate":"2026-04-10T18:40:27.000Z","Country__c":"a03g80000084yQnAAI","IsDeleted":false,"AccountId":"001g8000009UgxXAAS","OrderNumber":"00100116","TotalAmount":380385.50,"StatusCode":"Draft","IsReductionOrder":false,"SystemModstamp":"2026-04-10T18:40:27.000Z","City__c":"a05g8000002BenNAAS","OwnerId":"005g80000010N45AAE","CreatedById":"005g80000010N45AAE","DistributionCenter__c":"a06g8000001ga05AAA","CreatedDate":"2026-04-10T18:40:26.000Z","Pricebook2Id":"01sg8000000h7xWAAQ","Id":"801g8000009UgxZAAS","LastModifiedById":"005g80000010N45AAE","State__c":"a04g8000000b4z7AAA","EffectiveDate":"2026-04-10T00:00:00.000Z"}]|0x201fecc5
15:40:26.44 (1307353094)|HEAP_ALLOCATE|[40]|Bytes:5
15:40:26.44 (1307381742)|VARIABLE_SCOPE_BEGIN|[40]|pedido|Order|true|false
15:40:26.44 (1307743846)|VARIABLE_ASSIGNMENT|[40]|pedido|{"Status":"Draft","LastModifiedDate":"2026-04-10T18:40:27.000Z","Country__c":"a03g80000084yQnAAI","IsDeleted":false,"AccountId":"001g8000009UgxXAAS","OrderNumber":"00100116","TotalAmount":380385.50,"StatusCode":"Draft","IsReductionOrder":false,"SystemModstamp":"2026-04-10T18:40:27.000Z","City__c":"a05g8000002BenNAAS","OwnerId":"005g80000010N45AAE","CreatedById":"005g80000010N45AAE","DistributionCenter__c":"a06g8000001ga05AAA","CreatedDate":"2026-04-10T18:40:26.000Z","Pricebook2Id":"01sg8000000h7xWAAQ","Id":"801g8000009UgxZAAS","LastModifiedById":"005g80000010N45AAE","State__c":"a04g8000000b4z7AAA","EffectiveDate":"2026-04-10T00:00:00.000Z"}|0x45720968
15:40:26.44 (1307753966)|STATEMENT_EXECUTE|[40]
15:40:26.44 (1307754945)|STATEMENT_EXECUTE|[42]
15:40:26.44 (1307779886)|VARIABLE_SCOPE_BEGIN|[42]|pedidoAntigo|Order|true|false
15:40:26.44 (1308099549)|VARIABLE_ASSIGNMENT|[42]|pedidoAntigo|{"Status":"Draft","LastModifiedDate":"2026-04-10T18:40:26.000Z","Country__c":"a03g80000084yQnAAI","IsDeleted":false,"AccountId":"001g8000009UgxXAAS","OrderNumber":"00100116","TotalAmount":0.00,"StatusCode":"Draft","IsReductionOrder":false,"SystemModstamp":"2026-04-10T18:40:26.000Z","City__c":"a05g8000002BenNAAS","OwnerId":"005g80000010N45AAE","CreatedById":"005g80000010N45AAE","DistributionCenter__c":"a06g8000001ga05AAA","CreatedDate":"2026-04-10T18:40:26.000Z","Pricebook2Id":"01sg8000000h7xWAAQ","Id":"801g8000009UgxZAAS","LastModifiedById":"005g80000010N45AAE","State__c":"a04g8000000b4z7AAA","EffectiveDate":"2026-04-10T00:00:00.000Z"}|0x454f7766
15:40:26.44 (1308107223)|STATEMENT_EXECUTE|[45]
15:40:26.44 (1308112960)|VARIABLE_SCOPE_BEGIN|[45]|validacaoStatus|String|false|false
15:40:26.44 (1308118276)|VARIABLE_ASSIGNMENT|[45]|validacaoStatus|"Draft"
15:40:26.44 (1308131378)|STATEMENT_EXECUTE|[47]
15:40:26.44 (1308138615)|HEAP_ALLOCATE|[40]|Bytes:5
15:40:26.44 (1308147628)|VARIABLE_ASSIGNMENT|[40]|pedido|null|
15:40:26.44 (1308166640)|METHOD_EXIT|[21]|01pg8000001LXzh|OrderHandler.checkActiveOrder()
15:40:26.44 (1308171556)|STATEMENT_EXECUTE|[22]
15:40:26.44 (1308179250)|METHOD_ENTRY|[22]|01pg8000001LXzh|OrderHandler.itemsRecalculation()
15:40:26.44 (1308195425)|VARIABLE_SCOPE_BEGIN|[54]|this|OrderHandler|true|false
15:40:26.44 (1308237102)|VARIABLE_ASSIGNMENT|[54]|this|{"newRecords":"0x201fecc5","newRecordsMap":"0x3426936b","oldRecords":"0x1fd54c7","oldRecordsMap":"0x1ad4a733","handlerName":"OrderHandler","isTriggerExecuting":true,"triggerEvent":"0x743aa6a5"}|0x6b3e118a
15:40:26.44 (1308250232)|STATEMENT_EXECUTE|[54]
15:40:26.44 (1308251639)|STATEMENT_EXECUTE|[55]
15:40:26.44 (1308267829)|HEAP_ALLOCATE|[55]|Bytes:4
15:40:26.44 (1308302830)|VARIABLE_SCOPE_BEGIN|[55]|ordersToRecalculate|Set<Id>|true|false
15:40:26.44 (1308336760)|VARIABLE_ASSIGNMENT|[55]|ordersToRecalculate|[]|0x2eff5864
15:40:26.44 (1308367889)|HEAP_ALLOCATE|[57]|Bytes:5
15:40:26.44 (1308381480)|VARIABLE_SCOPE_BEGIN|[57]|pedido|Order|true|false
15:40:26.44 (1308858713)|VARIABLE_ASSIGNMENT|[57]|pedido|{"Status":"Draft","LastModifiedDate":"2026-04-10T18:40:27.000Z","Country__c":"a03g80000084yQnAAI","IsDeleted":false,"AccountId":"001g8000009UgxXAAS","OrderNumber":"00100116","TotalAmount":380385.50,"StatusCode":"Draft","IsReductionOrder":false,"SystemModstamp":"2026-04-10T18:40:27.000Z","City__c":"a05g8000002BenNAAS","OwnerId":"005g80000010N45AAE","CreatedById":"005g80000010N45AAE","DistributionCenter__c":"a06g8000001ga05AAA","CreatedDate":"2026-04-10T18:40:26.000Z","Pricebook2Id":"01sg8000000h7xWAAQ","Id":"801g8000009UgxZAAS","LastModifiedById":"005g80000010N45AAE","State__c":"a04g8000000b4z7AAA","EffectiveDate":"2026-04-10T00:00:00.000Z"}|0x45720968
15:40:26.44 (1308874890)|STATEMENT_EXECUTE|[57]
15:40:26.44 (1308876122)|STATEMENT_EXECUTE|[58]
15:40:26.44 (1308933947)|VARIABLE_SCOPE_BEGIN|[58]|pedidoAntigo|Order|true|false
15:40:26.44 (1309333441)|VARIABLE_ASSIGNMENT|[58]|pedidoAntigo|{"Status":"Draft","LastModifiedDate":"2026-04-10T18:40:26.000Z","Country__c":"a03g80000084yQnAAI","IsDeleted":false,"AccountId":"001g8000009UgxXAAS","OrderNumber":"00100116","TotalAmount":0.00,"StatusCode":"Draft","IsReductionOrder":false,"SystemModstamp":"2026-04-10T18:40:26.000Z","City__c":"a05g8000002BenNAAS","OwnerId":"005g80000010N45AAE","CreatedById":"005g80000010N45AAE","DistributionCenter__c":"a06g8000001ga05AAA","CreatedDate":"2026-04-10T18:40:26.000Z","Pricebook2Id":"01sg8000000h7xWAAQ","Id":"801g8000009UgxZAAS","LastModifiedById":"005g80000010N45AAE","State__c":"a04g8000000b4z7AAA","EffectiveDate":"2026-04-10T00:00:00.000Z"}|0x454f7766
15:40:26.44 (1309443839)|STATEMENT_EXECUTE|[60]
15:40:26.44 (1309459910)|HEAP_ALLOCATE|[57]|Bytes:5
15:40:26.44 (1309751711)|VARIABLE_ASSIGNMENT|[57]|pedido|null|
15:40:26.44 (1309773729)|STATEMENT_EXECUTE|[67]
15:40:26.44 (1309776705)|METHOD_EXIT|[22]|01pg8000001LXzh|OrderHandler.itemsRecalculation()
15:40:26.44 (1309781312)|METHOD_EXIT|[149]|01pg8000001LXzh|OrderHandler.afterUpdate()
15:40:26.44 (1309784526)|STATEMENT_EXECUTE|[158]
15:40:26.44 (1309789296)|METHOD_ENTRY|[158]|01pg80000019iSf|TriggerHandler.andFinally()
15:40:26.44 (1309793880)|VARIABLE_SCOPE_BEGIN|[746]|this|TriggerHandler|true|false
15:40:26.44 (1309831142)|VARIABLE_ASSIGNMENT|[746]|this|{"newRecords":"0x201fecc5","newRecordsMap":"0x3426936b","oldRecords":"0x1fd54c7","oldRecordsMap":"0x1ad4a733","handlerName":"OrderHandler","isTriggerExecuting":true,"triggerEvent":"0x743aa6a5"}|0x6b3e118a
15:40:26.44 (1309843597)|STATEMENT_EXECUTE|[746]
15:40:26.44 (1309846112)|METHOD_EXIT|[158]|01pg80000019iSf|TriggerHandler.andFinally()
15:40:26.44 (1309851449)|STATEMENT_EXECUTE|[160]
15:40:26.44 (1309854012)|STATEMENT_EXECUTE|[176]
15:40:26.44 (1309856710)|METHOD_EXIT|[2]|01pg80000019iSf|TriggerHandler.run()
15:40:26.309 (1309864804)|CUMULATIVE_LIMIT_USAGE
15:40:26.309 (1309864804)|LIMIT_USAGE_FOR_NS|(default)|
  Number of SOQL queries: 11 out of 100
  Number of query rows: 10 out of 50000
  Number of SOSL queries: 0 out of 20
  Number of DML statements: 14 out of 150
  Number of Publish Immediate DML: 0 out of 150
  Number of DML rows: 14 out of 10000
  Maximum CPU time: 99 out of 10000
  Maximum heap size: 0 out of 6000000
  Number of callouts: 0 out of 100
  Number of Email Invocations: 0 out of 10
  Number of future calls: 0 out of 50
  Number of queueable jobs added to the queue: 0 out of 50
  Number of Mobile Apex push calls: 0 out of 10

15:40:26.309 (1309864804)|CUMULATIVE_LIMIT_USAGE_END

15:40:26.44 (1310052981)|CODE_UNIT_FINISHED|OrderTrigger on Order trigger event AfterUpdate|__sfdc_trigger/OrderTrigger
15:40:26.44 (1312889669)|DML_END|[198]
15:40:26.44 (1313050634)|STATEMENT_EXECUTE|[200]
15:40:26.44 (1313058806)|HEAP_ALLOCATE|[200]|Bytes:9
15:40:26.44 (1313161124)|HEAP_ALLOCATE|[200]|Bytes:-4
15:40:26.44 (1313198311)|VARIABLE_ASSIGNMENT|[200]|this.Status|"Activated"|0x10613c3
15:40:26.44 (1313202526)|STATEMENT_EXECUTE|[201]
15:40:26.44 (1313245017)|HEAP_ALLOCATE|[201]|Bytes:8
15:40:26.44 (1313258066)|DML_BEGIN|[201]|Op:Update|Type:Order|Rows:1
15:40:26.44 (1313293154)|HEAP_ALLOCATE|[EXTERNAL]|Bytes:8
15:40:26.44 (1322722601)|CODE_UNIT_STARTED|[EXTERNAL]|01qg8000000GdOn|OrderTrigger on Order trigger event BeforeUpdate|__sfdc_trigger/OrderTrigger
15:40:26.44 (1322792002)|HEAP_ALLOCATE|[EXTERNAL]|Bytes:8
15:40:26.44 (1322853588)|HEAP_ALLOCATE|[EXTERNAL]|Bytes:8
15:40:26.44 (1322933074)|HEAP_ALLOCATE|[EXTERNAL]|Bytes:4
15:40:26.44 (1322944836)|VARIABLE_SCOPE_BEGIN|[1]|this|OrderTrigger|true|false
15:40:26.44 (1322978472)|VARIABLE_ASSIGNMENT|[1]|this|{}|0x342916a1
15:40:26.44 (1323008385)|HEAP_ALLOCATE|[EXTERNAL]|Bytes:4
15:40:26.44 (1323034995)|VARIABLE_SCOPE_BEGIN|[1]|this|OrderTrigger|true|false
15:40:26.44 (1323042078)|VARIABLE_ASSIGNMENT|[1]|this|{}|0x342916a1
15:40:26.44 (1323049339)|STATEMENT_EXECUTE|[1]
15:40:26.44 (1323050719)|STATEMENT_EXECUTE|[2]
15:40:26.44 (1323055719)|HEAP_ALLOCATE|[2]|Bytes:32
15:40:26.44 (1323066961)|CONSTRUCTOR_ENTRY|[2]|01pg8000001LXzh|<init>()|OrderHandler
15:40:26.44 (1323073618)|VARIABLE_SCOPE_BEGIN|[8]|this|OrderHandler|true|false
15:40:26.44 (1323093108)|VARIABLE_ASSIGNMENT|[8]|this|{}|0x4708db09
15:40:26.44 (1323097204)|STATEMENT_EXECUTE|[1]
15:40:26.44 (1323098361)|STATEMENT_EXECUTE|[3]
15:40:26.44 (1323099390)|STATEMENT_EXECUTE|[4]
15:40:26.44 (1323100207)|STATEMENT_EXECUTE|[5]
15:40:26.44 (1323101357)|STATEMENT_EXECUTE|[6]
15:40:26.44 (1323102394)|STATEMENT_EXECUTE|[9]
15:40:26.44 (1323111645)|CONSTRUCTOR_ENTRY|[9]|01pg80000019iSf|<init>(String)|TriggerHandler
15:40:26.44 (1323116173)|VARIABLE_SCOPE_BEGIN|[107]|this|TriggerHandler|true|false
15:40:26.44 (1323123107)|VARIABLE_ASSIGNMENT|[107]|this|{}|0x4708db09
15:40:26.44 (1323125818)|VARIABLE_SCOPE_BEGIN|[107]|handlerName|String|false|false
15:40:26.44 (1323135584)|VARIABLE_ASSIGNMENT|[107]|handlerName|"OrderHandler"
15:40:26.44 (1323138494)|STATEMENT_EXECUTE|[15]
15:40:26.44 (1323139506)|STATEMENT_EXECUTE|[50]
15:40:26.44 (1323140317)|STATEMENT_EXECUTE|[57]
15:40:26.44 (1323141602)|STATEMENT_EXECUTE|[671]
15:40:26.44 (1323161807)|STATEMENT_EXECUTE|[107]
15:40:26.44 (1323162702)|STATEMENT_EXECUTE|[108]
15:40:26.44 (1323167079)|STATEMENT_EXECUTE|[109]
15:40:26.44 (1323174707)|METHOD_ENTRY|[109]|01pg80000019iSf|TriggerHandler.setTriggerContext()
15:40:26.44 (1323179027)|VARIABLE_SCOPE_BEGIN|[565]|this|TriggerHandler|true|false
15:40:26.44 (1323187993)|VARIABLE_ASSIGNMENT|[565]|this|{"handlerName":"OrderHandler"}|0x4708db09
15:40:26.44 (1323200258)|STATEMENT_EXECUTE|[565]
15:40:26.44 (1323201481)|STATEMENT_EXECUTE|[566]
15:40:26.44 (1323266896)|HEAP_ALLOCATE|[566]|Bytes:16
15:40:26.44 (1323277031)|METHOD_ENTRY|[566]|01pg80000019iSf|TriggerHandler.setTriggerContext(System.TriggerOperation, Boolean)
15:40:26.44 (1323280498)|VARIABLE_SCOPE_BEGIN|[582]|this|TriggerHandler|true|false
15:40:26.44 (1323288309)|VARIABLE_ASSIGNMENT|[582]|this|{"handlerName":"OrderHandler"}|0x4708db09
15:40:26.44 (1323290678)|VARIABLE_SCOPE_BEGIN|[582]|opType|System.TriggerOperation|true|false
15:40:26.44 (1323326348)|VARIABLE_ASSIGNMENT|[582]|opType|"BEFORE_UPDATE"|0x6dd866e9
15:40:26.44 (1323334010)|VARIABLE_SCOPE_BEGIN|[582]|testMode|Boolean|false|false
15:40:26.44 (1323343196)|VARIABLE_ASSIGNMENT|[582]|testMode|false
15:40:26.44 (1323348080)|STATEMENT_EXECUTE|[582]
15:40:26.44 (1323356331)|STATEMENT_EXECUTE|[586]
15:40:26.44 (1323357245)|STATEMENT_EXECUTE|[587]
15:40:26.44 (1323360066)|HEAP_ALLOCATE|[587]|Bytes:5
15:40:26.44 (1323365701)|STATEMENT_EXECUTE|[590]
15:40:26.44 (1323366578)|STATEMENT_EXECUTE|[592]
15:40:26.44 (1323379925)|HEAP_ALLOCATE|[592]|Bytes:16
15:40:26.44 (1323384330)|STATEMENT_EXECUTE|[595]
15:40:26.44 (1323393680)|VARIABLE_SCOPE_BEGIN|[595]|context|String|false|false
15:40:26.44 (1323399652)|VARIABLE_ASSIGNMENT|[595]|context|"BEFORE_UPDATE"
15:40:26.44 (1323401657)|STATEMENT_EXECUTE|[597]
15:40:26.44 (1323442631)|STATEMENT_EXECUTE|[601]
15:40:26.44 (1323443591)|STATEMENT_EXECUTE|[602]
15:40:26.44 (1323447927)|METHOD_EXIT|[566]|01pg80000019iSf|TriggerHandler.setTriggerContext(System.TriggerOperation, Boolean)
15:40:26.44 (1323450872)|METHOD_EXIT|[109]|01pg80000019iSf|TriggerHandler.setTriggerContext()
15:40:26.44 (1323455099)|CONSTRUCTOR_EXIT|[9]|01pg80000019iSf|<init>(String)|TriggerHandler
15:40:26.44 (1323458141)|STATEMENT_EXECUTE|[8]
15:40:26.44 (1323459162)|STATEMENT_EXECUTE|[10]
15:40:26.44 (1324224107)|VARIABLE_ASSIGNMENT|[10]|this.newRecords|[{"Status":"Activated","LastModifiedDate":"2026-04-10T18:40:27.000Z","Country__c":"a03g80000084yQnAAI","IsDeleted":false,"AccountId":"001g8000009UgxXAAS","OrderNumber":"00100116","TotalAmount":380385.50,"StatusCode":"Activated","IsReductionOrder":false,"SystemModstamp":"2026-04-10T18:40:27.000Z","City__c":"a05g8000002BenNAAS","OwnerId":"005g80000010N45AAE","CreatedById":"005g80000010N45AAE","DistributionCenter__c":"a06g8000001ga05AAA","CreatedDate":"2026-04-10T18:40:26.000Z","Pricebook2Id":"01sg8000000h7xWAAQ","Id":"801g8000009UgxZAAS","LastModifiedById":"005g80000010N45AAE","State__c":"a04g8000000b4z7AAA","EffectiveDate":"2026-04-10T00:00:00.000Z"}]|0x4708db09
15:40:26.44 (1324236837)|STATEMENT_EXECUTE|[11]
15:40:26.44 (1324735446)|VARIABLE_ASSIGNMENT|[11]|this.oldRecords|[{"Status":"Draft","LastModifiedDate":"2026-04-10T18:40:27.000Z","Country__c":"a03g80000084yQnAAI","IsDeleted":false,"AccountId":"001g8000009UgxXAAS","OrderNumber":"00100116","TotalAmount":380385.50,"StatusCode":"Draft","IsReductionOrder":false,"SystemModstamp":"2026-04-10T18:40:27.000Z","City__c":"a05g8000002BenNAAS","OwnerId":"005g80000010N45AAE","CreatedById":"005g80000010N45AAE","DistributionCenter__c":"a06g8000001ga05AAA","CreatedDate":"2026-04-10T18:40:26.000Z","Pricebook2Id":"01sg8000000h7xWAAQ","Id":"801g8000009UgxZAAS","LastModifiedById":"005g80000010N45AAE","State__c":"a04g8000000b4z7AAA","EffectiveDate":"2026-04-10T00:00:00.000Z"}]|0x4708db09
15:40:26.44 (1324749206)|STATEMENT_EXECUTE|[12]
15:40:26.44 (1325225638)|VARIABLE_ASSIGNMENT|[12]|this.newRecordsMap|{"801g8000009UgxZAAS":{"Status":"Activated","LastModifiedDate":"2026-04-10T18:40:27.000Z","Country__c":"a03g80000084yQnAAI","IsDeleted":false,"AccountId":"001g8000009UgxXAAS","OrderNumber":"00100116","TotalAmount":380385.50,"StatusCode":"Activated","IsReductionOrder":false,"SystemModstamp":"2026-04-10T18:40:27.000Z","City__c":"a05g8000002BenNAAS","OwnerId":"005g80000010N45AAE","CreatedById":"005g80000010N45AAE","DistributionCenter__c":"a06g8000001ga05AAA","CreatedDate":"2026-04-10T18:40:26.000Z","Pricebook2Id":"01sg8000000h7xWAAQ","Id":"801g8000009UgxZAAS","LastModifiedById":"005g80000010N45AAE","State__c":"a04g8000000b4z7AAA","EffectiveDate":"2026-04-10T00:00:00.000Z"}}|0x4708db09
15:40:26.44 (1325236972)|STATEMENT_EXECUTE|[13]
15:40:26.44 (1325717875)|VARIABLE_ASSIGNMENT|[13]|this.oldRecordsMap|{"801g8000009UgxZAAS":{"Status":"Draft","LastModifiedDate":"2026-04-10T18:40:27.000Z","Country__c":"a03g80000084yQnAAI","IsDeleted":false,"AccountId":"001g8000009UgxXAAS","OrderNumber":"00100116","TotalAmount":380385.50,"StatusCode":"Draft","IsReductionOrder":false,"SystemModstamp":"2026-04-10T18:40:27.000Z","City__c":"a05g8000002BenNAAS","OwnerId":"005g80000010N45AAE","CreatedById":"005g80000010N45AAE","DistributionCenter__c":"a06g8000001ga05AAA","CreatedDate":"2026-04-10T18:40:26.000Z","Pricebook2Id":"01sg8000000h7xWAAQ","Id":"801g8000009UgxZAAS","LastModifiedById":"005g80000010N45AAE","State__c":"a04g8000000b4z7AAA","EffectiveDate":"2026-04-10T00:00:00.000Z"}}|0x4708db09
15:40:26.44 (1325826206)|CONSTRUCTOR_EXIT|[2]|01pg8000001LXzh|<init>()|OrderHandler
15:40:26.44 (1325837847)|METHOD_ENTRY|[2]|01pg80000019iSf|TriggerHandler.run()
15:40:26.44 (1325844341)|VARIABLE_SCOPE_BEGIN|[120]|this|TriggerHandler|true|false
15:40:26.44 (1325886294)|VARIABLE_ASSIGNMENT|[120]|this|{"newRecords":"0xb2437a3","newRecordsMap":"0x11c03651","oldRecords":"0x6d20b6d6","oldRecordsMap":"0x6c71f8e8","handlerName":"OrderHandler","isTriggerExecuting":true,"triggerEvent":"0x6dd866e9"}|0x4708db09
15:40:26.44 (1325897078)|STATEMENT_EXECUTE|[120]
15:40:26.44 (1325900749)|METHOD_ENTRY|[121]|01pg80000019iSf|TriggerHandler.validateRun()
15:40:26.44 (1325903829)|VARIABLE_SCOPE_BEGIN|[661]|this|TriggerHandler|true|false
15:40:26.44 (1325914699)|VARIABLE_ASSIGNMENT|[661]|this|{"newRecords":"0xb2437a3","newRecordsMap":"0x11c03651","oldRecords":"0x6d20b6d6","oldRecordsMap":"0x6c71f8e8","handlerName":"OrderHandler","isTriggerExecuting":true,"triggerEvent":"0x6dd866e9"}|0x4708db09
15:40:26.44 (1325919497)|STATEMENT_EXECUTE|[661]
15:40:26.44 (1325951657)|STATEMENT_EXECUTE|[662]
15:40:26.44 (1325952801)|STATEMENT_EXECUTE|[665]
15:40:26.44 (1325958125)|METHOD_ENTRY|[665]|01pg80000019iSf|TriggerHandler.getHandlerName()
15:40:26.44 (1325961382)|VARIABLE_SCOPE_BEGIN|[680]|this|TriggerHandler|true|false
15:40:26.44 (1325975205)|VARIABLE_ASSIGNMENT|[680]|this|{"newRecords":"0xb2437a3","newRecordsMap":"0x11c03651","oldRecords":"0x6d20b6d6","oldRecordsMap":"0x6c71f8e8","handlerName":"OrderHandler","isTriggerExecuting":true,"triggerEvent":"0x6dd866e9"}|0x4708db09
15:40:26.44 (1325980007)|STATEMENT_EXECUTE|[680]
15:40:26.44 (1326003470)|STATEMENT_EXECUTE|[681]
15:40:26.44 (1326005361)|STATEMENT_EXECUTE|[684]
15:40:26.44 (1326008032)|METHOD_EXIT|[665]|01pg80000019iSf|TriggerHandler.getHandlerName()
15:40:26.44 (1326025421)|METHOD_EXIT|[121]|01pg80000019iSf|TriggerHandler.validateRun()
15:40:26.44 (1326028287)|STATEMENT_EXECUTE|[121]
15:40:26.44 (1326031360)|METHOD_ENTRY|[126]|01pg80000019iSf|TriggerHandler.incrementCheckLoopCount()
15:40:26.44 (1326034191)|VARIABLE_SCOPE_BEGIN|[634]|this|TriggerHandler|true|false
15:40:26.44 (1326043914)|VARIABLE_ASSIGNMENT|[634]|this|{"newRecords":"0xb2437a3","newRecordsMap":"0x11c03651","oldRecords":"0x6d20b6d6","oldRecordsMap":"0x6c71f8e8","handlerName":"OrderHandler","isTriggerExecuting":true,"triggerEvent":"0x6dd866e9"}|0x4708db09
15:40:26.44 (1326049075)|STATEMENT_EXECUTE|[634]
15:40:26.44 (1326050099)|STATEMENT_EXECUTE|[635]
15:40:26.44 (1326051982)|METHOD_ENTRY|[635]|01pg80000019iSf|TriggerHandler.getHandlerName()
15:40:26.44 (1326054185)|VARIABLE_SCOPE_BEGIN|[680]|this|TriggerHandler|true|false
15:40:26.44 (1326062558)|VARIABLE_ASSIGNMENT|[680]|this|{"newRecords":"0xb2437a3","newRecordsMap":"0x11c03651","oldRecords":"0x6d20b6d6","oldRecordsMap":"0x6c71f8e8","handlerName":"OrderHandler","isTriggerExecuting":true,"triggerEvent":"0x6dd866e9"}|0x4708db09
15:40:26.44 (1326066162)|STATEMENT_EXECUTE|[680]
15:40:26.44 (1326072581)|STATEMENT_EXECUTE|[681]
15:40:26.44 (1326073478)|STATEMENT_EXECUTE|[684]
15:40:26.44 (1326075071)|METHOD_EXIT|[635]|01pg80000019iSf|TriggerHandler.getHandlerName()
15:40:26.44 (1326078833)|VARIABLE_SCOPE_BEGIN|[635]|handlerName|String|false|false
15:40:26.44 (1326084114)|VARIABLE_ASSIGNMENT|[635]|handlerName|"OrderHandler"
15:40:26.44 (1326095332)|STATEMENT_EXECUTE|[636]
15:40:26.44 (1326096357)|STATEMENT_EXECUTE|[649]
15:40:26.44 (1326098028)|METHOD_EXIT|[126]|01pg80000019iSf|TriggerHandler.incrementCheckLoopCount()
15:40:26.44 (1326100750)|STATEMENT_EXECUTE|[126]
15:40:26.44 (1326102832)|STATEMENT_EXECUTE|[130]
15:40:26.44 (1326103815)|STATEMENT_EXECUTE|[135]
15:40:26.44 (1326151455)|STATEMENT_EXECUTE|[139]
15:40:26.44 (1326152535)|STATEMENT_EXECUTE|[140]
15:40:26.44 (1326155813)|METHOD_ENTRY|[140]|01pg8000001LXzh|OrderHandler.beforeUpdate()
15:40:26.44 (1326158557)|VARIABLE_SCOPE_BEGIN|[16]|this|OrderHandler|true|false
15:40:26.44 (1326168675)|VARIABLE_ASSIGNMENT|[16]|this|{"newRecords":"0xb2437a3","newRecordsMap":"0x11c03651","oldRecords":"0x6d20b6d6","oldRecordsMap":"0x6c71f8e8","handlerName":"OrderHandler","isTriggerExecuting":true,"triggerEvent":"0x6dd866e9"}|0x4708db09
15:40:26.44 (1326173100)|STATEMENT_EXECUTE|[16]
15:40:26.44 (1326174329)|STATEMENT_EXECUTE|[17]
15:40:26.44 (1326177566)|METHOD_ENTRY|[17]|01pg8000001LXzh|OrderHandler.checkActiveOrder()
15:40:26.44 (1326180313)|VARIABLE_SCOPE_BEGIN|[30]|this|OrderHandler|true|false
15:40:26.44 (1326188870)|VARIABLE_ASSIGNMENT|[30]|this|{"newRecords":"0xb2437a3","newRecordsMap":"0x11c03651","oldRecords":"0x6d20b6d6","oldRecordsMap":"0x6c71f8e8","handlerName":"OrderHandler","isTriggerExecuting":true,"triggerEvent":"0x6dd866e9"}|0x4708db09
15:40:26.44 (1326193566)|STATEMENT_EXECUTE|[30]
15:40:26.44 (1326194934)|STATEMENT_EXECUTE|[31]
15:40:26.44 (1326198086)|VARIABLE_SCOPE_BEGIN|[31]|listaParaValidar|List<Order>|true|false
15:40:26.44 (1326202804)|VARIABLE_ASSIGNMENT|[31]|listaParaValidar|null|
15:40:26.44 (1326209670)|STATEMENT_EXECUTE|[35]
15:40:26.44 (1326210546)|STATEMENT_EXECUTE|[36]
15:40:26.44 (1326649683)|VARIABLE_ASSIGNMENT|[36]|listaParaValidar|[{"Status":"Activated","LastModifiedDate":"2026-04-10T18:40:27.000Z","Country__c":"a03g80000084yQnAAI","IsDeleted":false,"AccountId":"001g8000009UgxXAAS","OrderNumber":"00100116","TotalAmount":380385.50,"StatusCode":"Activated","IsReductionOrder":false,"SystemModstamp":"2026-04-10T18:40:27.000Z","City__c":"a05g8000002BenNAAS","OwnerId":"005g80000010N45AAE","CreatedById":"005g80000010N45AAE","DistributionCenter__c":"a06g8000001ga05AAA","CreatedDate":"2026-04-10T18:40:26.000Z","Pricebook2Id":"01sg8000000h7xWAAQ","Id":"801g8000009UgxZAAS","LastModifiedById":"005g80000010N45AAE","State__c":"a04g8000000b4z7AAA","EffectiveDate":"2026-04-10T00:00:00.000Z"}]|0xb2437a3
15:40:26.44 (1326686432)|HEAP_ALLOCATE|[40]|Bytes:5
15:40:26.44 (1326716414)|HEAP_ALLOCATE|[40]|Bytes:4
15:40:26.44 (1326727493)|VARIABLE_SCOPE_BEGIN|[40]|pedido|Order|true|false
15:40:26.44 (1327094124)|VARIABLE_ASSIGNMENT|[40]|pedido|{"Status":"Activated","LastModifiedDate":"2026-04-10T18:40:27.000Z","Country__c":"a03g80000084yQnAAI","IsDeleted":false,"AccountId":"001g8000009UgxXAAS","OrderNumber":"00100116","TotalAmount":380385.50,"StatusCode":"Activated","IsReductionOrder":false,"SystemModstamp":"2026-04-10T18:40:27.000Z","City__c":"a05g8000002BenNAAS","OwnerId":"005g80000010N45AAE","CreatedById":"005g80000010N45AAE","DistributionCenter__c":"a06g8000001ga05AAA","CreatedDate":"2026-04-10T18:40:26.000Z","Pricebook2Id":"01sg8000000h7xWAAQ","Id":"801g8000009UgxZAAS","LastModifiedById":"005g80000010N45AAE","State__c":"a04g8000000b4z7AAA","EffectiveDate":"2026-04-10T00:00:00.000Z"}|0x464253ea
15:40:26.44 (1327110330)|STATEMENT_EXECUTE|[40]
15:40:26.44 (1327111555)|STATEMENT_EXECUTE|[42]
15:40:26.44 (1327138014)|VARIABLE_SCOPE_BEGIN|[42]|pedidoAntigo|Order|true|false
15:40:26.44 (1327560759)|VARIABLE_ASSIGNMENT|[42]|pedidoAntigo|{"Status":"Draft","LastModifiedDate":"2026-04-10T18:40:27.000Z","Country__c":"a03g80000084yQnAAI","IsDeleted":false,"AccountId":"001g8000009UgxXAAS","OrderNumber":"00100116","TotalAmount":380385.50,"StatusCode":"Draft","IsReductionOrder":false,"SystemModstamp":"2026-04-10T18:40:27.000Z","City__c":"a05g8000002BenNAAS","OwnerId":"005g80000010N45AAE","CreatedById":"005g80000010N45AAE","DistributionCenter__c":"a06g8000001ga05AAA","CreatedDate":"2026-04-10T18:40:26.000Z","Pricebook2Id":"01sg8000000h7xWAAQ","Id":"801g8000009UgxZAAS","LastModifiedById":"005g80000010N45AAE","State__c":"a04g8000000b4z7AAA","EffectiveDate":"2026-04-10T00:00:00.000Z"}|0x562097cd
15:40:26.44 (1327569606)|STATEMENT_EXECUTE|[45]
15:40:26.44 (1327577266)|VARIABLE_SCOPE_BEGIN|[45]|validacaoStatus|String|false|false
15:40:26.44 (1327582587)|VARIABLE_ASSIGNMENT|[45]|validacaoStatus|"Draft"
15:40:26.44 (1327596973)|STATEMENT_EXECUTE|[47]
15:40:26.44 (1327608767)|HEAP_ALLOCATE|[40]|Bytes:5
15:40:26.44 (1327619317)|VARIABLE_ASSIGNMENT|[40]|pedido|null|
15:40:26.44 (1327625484)|METHOD_EXIT|[17]|01pg8000001LXzh|OrderHandler.checkActiveOrder()
15:40:26.44 (1327629911)|METHOD_EXIT|[140]|01pg8000001LXzh|OrderHandler.beforeUpdate()
15:40:26.44 (1327632766)|STATEMENT_EXECUTE|[158]
15:40:26.44 (1327637370)|METHOD_ENTRY|[158]|01pg80000019iSf|TriggerHandler.andFinally()
15:40:26.44 (1327641151)|VARIABLE_SCOPE_BEGIN|[746]|this|TriggerHandler|true|false
15:40:26.44 (1327670722)|VARIABLE_ASSIGNMENT|[746]|this|{"newRecords":"0xb2437a3","newRecordsMap":"0x11c03651","oldRecords":"0x6d20b6d6","oldRecordsMap":"0x6c71f8e8","handlerName":"OrderHandler","isTriggerExecuting":true,"triggerEvent":"0x6dd866e9"}|0x4708db09
15:40:26.44 (1327678927)|STATEMENT_EXECUTE|[746]
15:40:26.44 (1327680611)|METHOD_EXIT|[158]|01pg80000019iSf|TriggerHandler.andFinally()
15:40:26.44 (1327684093)|STATEMENT_EXECUTE|[160]
15:40:26.44 (1327686102)|STATEMENT_EXECUTE|[176]
15:40:26.44 (1327688075)|METHOD_EXIT|[2]|01pg80000019iSf|TriggerHandler.run()
15:40:26.327 (1327695030)|CUMULATIVE_LIMIT_USAGE
15:40:26.327 (1327695030)|LIMIT_USAGE_FOR_NS|(default)|
  Number of SOQL queries: 11 out of 100
  Number of query rows: 10 out of 50000
  Number of SOSL queries: 0 out of 20
  Number of DML statements: 15 out of 150
  Number of Publish Immediate DML: 0 out of 150
  Number of DML rows: 15 out of 10000
  Maximum CPU time: 99 out of 10000
  Maximum heap size: 0 out of 6000000
  Number of callouts: 0 out of 100
  Number of Email Invocations: 0 out of 10
  Number of future calls: 0 out of 50
  Number of queueable jobs added to the queue: 0 out of 50
  Number of Mobile Apex push calls: 0 out of 10

15:40:26.327 (1327695030)|CUMULATIVE_LIMIT_USAGE_END

15:40:26.44 (1327898672)|CODE_UNIT_FINISHED|OrderTrigger on Order trigger event BeforeUpdate|__sfdc_trigger/OrderTrigger
15:40:26.44 (1329976323)|CODE_UNIT_STARTED|[EXTERNAL]|Validation:Order:801g8000009UgxZ
15:40:26.44 (1329993832)|VALIDATION_RULE|03dg8000000aS4D|Bloquear_Alteracao_Conta_Pedido
15:40:26.44 (1330183888)|VALIDATION_FORMULA|ISCHANGED(AccountId) && NOT(ISNEW())|AccountId=001g8000009UgxX
15:40:26.44 (1330207365)|VALIDATION_PASS
15:40:26.44 (1330212608)|CODE_UNIT_FINISHED|Validation:Order:801g8000009UgxZ
15:40:26.44 (1339952162)|CODE_UNIT_STARTED|[EXTERNAL]|01qg8000000GdOn|OrderTrigger on Order trigger event AfterUpdate|__sfdc_trigger/OrderTrigger
15:40:26.44 (1340053445)|HEAP_ALLOCATE|[EXTERNAL]|Bytes:8
15:40:26.44 (1340139546)|HEAP_ALLOCATE|[EXTERNAL]|Bytes:8
15:40:26.44 (1340243028)|HEAP_ALLOCATE|[EXTERNAL]|Bytes:4
15:40:26.44 (1340255173)|VARIABLE_SCOPE_BEGIN|[1]|this|OrderTrigger|true|false
15:40:26.44 (1340308149)|VARIABLE_ASSIGNMENT|[1]|this|{}|0x5d32dc7
15:40:26.44 (1340340597)|HEAP_ALLOCATE|[EXTERNAL]|Bytes:4
15:40:26.44 (1340344912)|VARIABLE_SCOPE_BEGIN|[1]|this|OrderTrigger|true|false
15:40:26.44 (1340364981)|VARIABLE_ASSIGNMENT|[1]|this|{}|0x5d32dc7
15:40:26.44 (1340384345)|STATEMENT_EXECUTE|[1]
15:40:26.44 (1340385865)|STATEMENT_EXECUTE|[2]
15:40:26.44 (1340390476)|HEAP_ALLOCATE|[2]|Bytes:32
15:40:26.44 (1340405766)|CONSTRUCTOR_ENTRY|[2]|01pg8000001LXzh|<init>()|OrderHandler
15:40:26.44 (1340412576)|VARIABLE_SCOPE_BEGIN|[8]|this|OrderHandler|true|false
15:40:26.44 (1340434295)|VARIABLE_ASSIGNMENT|[8]|this|{}|0x2a6107d7
15:40:26.44 (1340438736)|STATEMENT_EXECUTE|[1]
15:40:26.44 (1340439899)|STATEMENT_EXECUTE|[3]
15:40:26.44 (1340440922)|STATEMENT_EXECUTE|[4]
15:40:26.44 (1340441796)|STATEMENT_EXECUTE|[5]
15:40:26.44 (1340443236)|STATEMENT_EXECUTE|[6]
15:40:26.44 (1340444341)|STATEMENT_EXECUTE|[9]
15:40:26.44 (1340454440)|CONSTRUCTOR_ENTRY|[9]|01pg80000019iSf|<init>(String)|TriggerHandler
15:40:26.44 (1340458183)|VARIABLE_SCOPE_BEGIN|[107]|this|TriggerHandler|true|false
15:40:26.44 (1340465157)|VARIABLE_ASSIGNMENT|[107]|this|{}|0x2a6107d7
15:40:26.44 (1340467761)|VARIABLE_SCOPE_BEGIN|[107]|handlerName|String|false|false
15:40:26.44 (1340477922)|VARIABLE_ASSIGNMENT|[107]|handlerName|"OrderHandler"
15:40:26.44 (1340481426)|STATEMENT_EXECUTE|[15]
15:40:26.44 (1340482482)|STATEMENT_EXECUTE|[50]
15:40:26.44 (1340483398)|STATEMENT_EXECUTE|[57]
15:40:26.44 (1340484580)|STATEMENT_EXECUTE|[671]
15:40:26.44 (1340504170)|STATEMENT_EXECUTE|[107]
15:40:26.44 (1340505185)|STATEMENT_EXECUTE|[108]
15:40:26.44 (1340509494)|STATEMENT_EXECUTE|[109]
15:40:26.44 (1340516690)|METHOD_ENTRY|[109]|01pg80000019iSf|TriggerHandler.setTriggerContext()
15:40:26.44 (1340520661)|VARIABLE_SCOPE_BEGIN|[565]|this|TriggerHandler|true|false
15:40:26.44 (1340535655)|VARIABLE_ASSIGNMENT|[565]|this|{"handlerName":"OrderHandler"}|0x2a6107d7
15:40:26.44 (1340547919)|STATEMENT_EXECUTE|[565]
15:40:26.44 (1340549105)|STATEMENT_EXECUTE|[566]
15:40:26.44 (1340626476)|HEAP_ALLOCATE|[566]|Bytes:16
15:40:26.44 (1340637673)|METHOD_ENTRY|[566]|01pg80000019iSf|TriggerHandler.setTriggerContext(System.TriggerOperation, Boolean)
15:40:26.44 (1340641242)|VARIABLE_SCOPE_BEGIN|[582]|this|TriggerHandler|true|false
15:40:26.44 (1340649833)|VARIABLE_ASSIGNMENT|[582]|this|{"handlerName":"OrderHandler"}|0x2a6107d7
15:40:26.44 (1340652277)|VARIABLE_SCOPE_BEGIN|[582]|opType|System.TriggerOperation|true|false
15:40:26.44 (1340669937)|VARIABLE_ASSIGNMENT|[582]|opType|"AFTER_UPDATE"|0x743aa6a5
15:40:26.44 (1340677413)|VARIABLE_SCOPE_BEGIN|[582]|testMode|Boolean|false|false
15:40:26.44 (1340684103)|VARIABLE_ASSIGNMENT|[582]|testMode|false
15:40:26.44 (1340688663)|STATEMENT_EXECUTE|[582]
15:40:26.44 (1340697060)|STATEMENT_EXECUTE|[586]
15:40:26.44 (1340697950)|STATEMENT_EXECUTE|[587]
15:40:26.44 (1340701004)|HEAP_ALLOCATE|[587]|Bytes:5
15:40:26.44 (1340706280)|STATEMENT_EXECUTE|[590]
15:40:26.44 (1340707130)|STATEMENT_EXECUTE|[592]
15:40:26.44 (1340717895)|HEAP_ALLOCATE|[592]|Bytes:16
15:40:26.44 (1340722250)|STATEMENT_EXECUTE|[595]
15:40:26.44 (1340731659)|VARIABLE_SCOPE_BEGIN|[595]|context|String|false|false
15:40:26.44 (1340743292)|VARIABLE_ASSIGNMENT|[595]|context|"AFTER_UPDATE"
15:40:26.44 (1340745390)|STATEMENT_EXECUTE|[597]
15:40:26.44 (1340793770)|STATEMENT_EXECUTE|[610]
15:40:26.44 (1340794814)|STATEMENT_EXECUTE|[611]
15:40:26.44 (1340799152)|METHOD_EXIT|[566]|01pg80000019iSf|TriggerHandler.setTriggerContext(System.TriggerOperation, Boolean)
15:40:26.44 (1340802580)|METHOD_EXIT|[109]|01pg80000019iSf|TriggerHandler.setTriggerContext()
15:40:26.44 (1340807368)|CONSTRUCTOR_EXIT|[9]|01pg80000019iSf|<init>(String)|TriggerHandler
15:40:26.44 (1340810461)|STATEMENT_EXECUTE|[8]
15:40:26.44 (1340811548)|STATEMENT_EXECUTE|[10]
15:40:26.44 (1341648011)|VARIABLE_ASSIGNMENT|[10]|this.newRecords|[{"Status":"Activated","LastModifiedDate":"2026-04-10T18:40:27.000Z","Country__c":"a03g80000084yQnAAI","ActivatedById":"005g80000010N45AAE","IsDeleted":false,"AccountId":"001g8000009UgxXAAS","OrderNumber":"00100116","TotalAmount":380385.50,"StatusCode":"Activated","IsReductionOrder":false,"SystemModstamp":"2026-04-10T18:40:27.000Z","City__c":"a05g8000002BenNAAS","OwnerId":"005g80000010N45AAE","CreatedById":"005g80000010N45AAE","DistributionCenter__c":"a06g8000001ga05AAA","CreatedDate":"2026-04-10T18:40:26.000Z","Pricebook2Id":"01sg8000000h7xWAAQ","Id":"801g8000009UgxZAAS","ActivatedDate":"2026-04-10T18:40:27.000Z","LastModifiedById":"005g80000010N45AAE","State__c":"a04g8000000b4z7AAA","EffectiveDate":"2026-04-10T00:00:00.000Z"}]|0x2a6107d7
15:40:26.44 (1341662257)|STATEMENT_EXECUTE|[11]
15:40:26.44 (1342174953)|VARIABLE_ASSIGNMENT|[11]|this.oldRecords|[{"Status":"Draft","LastModifiedDate":"2026-04-10T18:40:27.000Z","Country__c":"a03g80000084yQnAAI","IsDeleted":false,"AccountId":"001g8000009UgxXAAS","OrderNumber":"00100116","TotalAmount":380385.50,"StatusCode":"Draft","IsReductionOrder":false,"SystemModstamp":"2026-04-10T18:40:27.000Z","City__c":"a05g8000002BenNAAS","OwnerId":"005g80000010N45AAE","CreatedById":"005g80000010N45AAE","DistributionCenter__c":"a06g8000001ga05AAA","CreatedDate":"2026-04-10T18:40:26.000Z","Pricebook2Id":"01sg8000000h7xWAAQ","Id":"801g8000009UgxZAAS","LastModifiedById":"005g80000010N45AAE","State__c":"a04g8000000b4z7AAA","EffectiveDate":"2026-04-10T00:00:00.000Z"}]|0x2a6107d7
15:40:26.44 (1342184691)|STATEMENT_EXECUTE|[12]
15:40:26.44 (1342560943)|VARIABLE_ASSIGNMENT|[12]|this.newRecordsMap|{"801g8000009UgxZAAS":{"Status":"Activated","LastModifiedDate":"2026-04-10T18:40:27.000Z","Country__c":"a03g80000084yQnAAI","ActivatedById":"005g80000010N45AAE","IsDeleted":false,"AccountId":"001g8000009UgxXAAS","OrderNumber":"00100116","TotalAmount":380385.50,"StatusCode":"Activated","IsReductionOrder":false,"SystemModstamp":"2026-04-10T18:40:27.000Z","City__c":"a05g8000002BenNAAS","OwnerId":"005g80000010N45AAE","CreatedById":"005g80000010N45AAE","DistributionCenter__c":"a06g8000001ga05AAA","CreatedDate":"2026-04-10T18:40:26.000Z","Pricebook2Id":"01sg8000000h7xWAAQ","Id":"801g8000009UgxZAAS","ActivatedDate":"2026-04-10T18:40:27.000Z","LastModifiedById":"005g80000010N45AAE","State__c":"a04g8000000b4z7AAA","EffectiveDate":"2026-04-10T00:00:00.000Z"}}|0x2a6107d7
15:40:26.44 (1342569637)|STATEMENT_EXECUTE|[13]
15:40:26.44 (1342911776)|VARIABLE_ASSIGNMENT|[13]|this.oldRecordsMap|{"801g8000009UgxZAAS":{"Status":"Draft","LastModifiedDate":"2026-04-10T18:40:27.000Z","Country__c":"a03g80000084yQnAAI","IsDeleted":false,"AccountId":"001g8000009UgxXAAS","OrderNumber":"00100116","TotalAmount":380385.50,"StatusCode":"Draft","IsReductionOrder":false,"SystemModstamp":"2026-04-10T18:40:27.000Z","City__c":"a05g8000002BenNAAS","OwnerId":"005g80000010N45AAE","CreatedById":"005g80000010N45AAE","DistributionCenter__c":"a06g8000001ga05AAA","CreatedDate":"2026-04-10T18:40:26.000Z","Pricebook2Id":"01sg8000000h7xWAAQ","Id":"801g8000009UgxZAAS","LastModifiedById":"005g80000010N45AAE","State__c":"a04g8000000b4z7AAA","EffectiveDate":"2026-04-10T00:00:00.000Z"}}|0x2a6107d7
15:40:26.44 (1342924376)|CONSTRUCTOR_EXIT|[2]|01pg8000001LXzh|<init>()|OrderHandler
15:40:26.44 (1342940975)|METHOD_ENTRY|[2]|01pg80000019iSf|TriggerHandler.run()
15:40:26.44 (1342946321)|VARIABLE_SCOPE_BEGIN|[120]|this|TriggerHandler|true|false
15:40:26.44 (1342990530)|VARIABLE_ASSIGNMENT|[120]|this|{"newRecords":"0x5198ef8f","newRecordsMap":"0x2117e768","oldRecords":"0x3d365b98","oldRecordsMap":"0x1fcbbc56","handlerName":"OrderHandler","isTriggerExecuting":true,"triggerEvent":"0x743aa6a5"}|0x2a6107d7
15:40:26.44 (1343001605)|STATEMENT_EXECUTE|[120]
15:40:26.44 (1343005799)|METHOD_ENTRY|[121]|01pg80000019iSf|TriggerHandler.validateRun()
15:40:26.44 (1343008947)|VARIABLE_SCOPE_BEGIN|[661]|this|TriggerHandler|true|false
15:40:26.44 (1343026431)|VARIABLE_ASSIGNMENT|[661]|this|{"newRecords":"0x5198ef8f","newRecordsMap":"0x2117e768","oldRecords":"0x3d365b98","oldRecordsMap":"0x1fcbbc56","handlerName":"OrderHandler","isTriggerExecuting":true,"triggerEvent":"0x743aa6a5"}|0x2a6107d7
15:40:26.44 (1343032036)|STATEMENT_EXECUTE|[661]
15:40:26.44 (1343037943)|STATEMENT_EXECUTE|[662]
15:40:26.44 (1343038906)|STATEMENT_EXECUTE|[665]
15:40:26.44 (1343044151)|METHOD_ENTRY|[665]|01pg80000019iSf|TriggerHandler.getHandlerName()
15:40:26.44 (1343078716)|VARIABLE_SCOPE_BEGIN|[680]|this|TriggerHandler|true|false
15:40:26.44 (1343089515)|VARIABLE_ASSIGNMENT|[680]|this|{"newRecords":"0x5198ef8f","newRecordsMap":"0x2117e768","oldRecords":"0x3d365b98","oldRecordsMap":"0x1fcbbc56","handlerName":"OrderHandler","isTriggerExecuting":true,"triggerEvent":"0x743aa6a5"}|0x2a6107d7
15:40:26.44 (1343098762)|STATEMENT_EXECUTE|[680]
15:40:26.44 (1343121150)|STATEMENT_EXECUTE|[681]
15:40:26.44 (1343122221)|STATEMENT_EXECUTE|[684]
15:40:26.44 (1343124680)|METHOD_EXIT|[665]|01pg80000019iSf|TriggerHandler.getHandlerName()
15:40:26.44 (1343142067)|METHOD_EXIT|[121]|01pg80000019iSf|TriggerHandler.validateRun()
15:40:26.44 (1343145134)|STATEMENT_EXECUTE|[121]
15:40:26.44 (1343147922)|METHOD_ENTRY|[126]|01pg80000019iSf|TriggerHandler.incrementCheckLoopCount()
15:40:26.44 (1343150900)|VARIABLE_SCOPE_BEGIN|[634]|this|TriggerHandler|true|false
15:40:26.44 (1343161093)|VARIABLE_ASSIGNMENT|[634]|this|{"newRecords":"0x5198ef8f","newRecordsMap":"0x2117e768","oldRecords":"0x3d365b98","oldRecordsMap":"0x1fcbbc56","handlerName":"OrderHandler","isTriggerExecuting":true,"triggerEvent":"0x743aa6a5"}|0x2a6107d7
15:40:26.44 (1343166714)|STATEMENT_EXECUTE|[634]
15:40:26.44 (1343167727)|STATEMENT_EXECUTE|[635]
15:40:26.44 (1343169720)|METHOD_ENTRY|[635]|01pg80000019iSf|TriggerHandler.getHandlerName()
15:40:26.44 (1343171843)|VARIABLE_SCOPE_BEGIN|[680]|this|TriggerHandler|true|false
15:40:26.44 (1343180400)|VARIABLE_ASSIGNMENT|[680]|this|{"newRecords":"0x5198ef8f","newRecordsMap":"0x2117e768","oldRecords":"0x3d365b98","oldRecordsMap":"0x1fcbbc56","handlerName":"OrderHandler","isTriggerExecuting":true,"triggerEvent":"0x743aa6a5"}|0x2a6107d7
15:40:26.44 (1343184178)|STATEMENT_EXECUTE|[680]
15:40:26.44 (1343197445)|STATEMENT_EXECUTE|[681]
15:40:26.44 (1343198406)|STATEMENT_EXECUTE|[684]
15:40:26.44 (1343200207)|METHOD_EXIT|[635]|01pg80000019iSf|TriggerHandler.getHandlerName()
15:40:26.44 (1343203693)|VARIABLE_SCOPE_BEGIN|[635]|handlerName|String|false|false
15:40:26.44 (1343209254)|VARIABLE_ASSIGNMENT|[635]|handlerName|"OrderHandler"
15:40:26.44 (1343220255)|STATEMENT_EXECUTE|[636]
15:40:26.44 (1343221210)|STATEMENT_EXECUTE|[649]
15:40:26.44 (1343222815)|METHOD_EXIT|[126]|01pg80000019iSf|TriggerHandler.incrementCheckLoopCount()
15:40:26.44 (1343226008)|STATEMENT_EXECUTE|[126]
15:40:26.44 (1343228169)|STATEMENT_EXECUTE|[130]
15:40:26.44 (1343229138)|STATEMENT_EXECUTE|[135]
15:40:26.44 (1343310991)|STATEMENT_EXECUTE|[148]
15:40:26.44 (1343312178)|STATEMENT_EXECUTE|[149]
15:40:26.44 (1343315462)|METHOD_ENTRY|[149]|01pg8000001LXzh|OrderHandler.afterUpdate()
15:40:26.44 (1343318818)|VARIABLE_SCOPE_BEGIN|[20]|this|OrderHandler|true|false
15:40:26.44 (1343329796)|VARIABLE_ASSIGNMENT|[20]|this|{"newRecords":"0x5198ef8f","newRecordsMap":"0x2117e768","oldRecords":"0x3d365b98","oldRecordsMap":"0x1fcbbc56","handlerName":"OrderHandler","isTriggerExecuting":true,"triggerEvent":"0x743aa6a5"}|0x2a6107d7
15:40:26.44 (1343334502)|STATEMENT_EXECUTE|[20]
15:40:26.44 (1343335713)|STATEMENT_EXECUTE|[21]
15:40:26.44 (1343338757)|METHOD_ENTRY|[21]|01pg8000001LXzh|OrderHandler.checkActiveOrder()
15:40:26.44 (1343341830)|VARIABLE_SCOPE_BEGIN|[30]|this|OrderHandler|true|false
15:40:26.44 (1343350288)|VARIABLE_ASSIGNMENT|[30]|this|{"newRecords":"0x5198ef8f","newRecordsMap":"0x2117e768","oldRecords":"0x3d365b98","oldRecordsMap":"0x1fcbbc56","handlerName":"OrderHandler","isTriggerExecuting":true,"triggerEvent":"0x743aa6a5"}|0x2a6107d7
15:40:26.44 (1343355081)|STATEMENT_EXECUTE|[30]
15:40:26.44 (1343356213)|STATEMENT_EXECUTE|[31]
15:40:26.44 (1343359899)|VARIABLE_SCOPE_BEGIN|[31]|listaParaValidar|List<Order>|true|false
15:40:26.44 (1343365014)|VARIABLE_ASSIGNMENT|[31]|listaParaValidar|null|
15:40:26.44 (1343371308)|STATEMENT_EXECUTE|[35]
15:40:26.44 (1343372172)|STATEMENT_EXECUTE|[36]
15:40:26.44 (1343922244)|VARIABLE_ASSIGNMENT|[36]|listaParaValidar|[{"Status":"Activated","LastModifiedDate":"2026-04-10T18:40:27.000Z","Country__c":"a03g80000084yQnAAI","ActivatedById":"005g80000010N45AAE","IsDeleted":false,"AccountId":"001g8000009UgxXAAS","OrderNumber":"00100116","TotalAmount":380385.50,"StatusCode":"Activated","IsReductionOrder":false,"SystemModstamp":"2026-04-10T18:40:27.000Z","City__c":"a05g8000002BenNAAS","OwnerId":"005g80000010N45AAE","CreatedById":"005g80000010N45AAE","DistributionCenter__c":"a06g8000001ga05AAA","CreatedDate":"2026-04-10T18:40:26.000Z","Pricebook2Id":"01sg8000000h7xWAAQ","Id":"801g8000009UgxZAAS","ActivatedDate":"2026-04-10T18:40:27.000Z","LastModifiedById":"005g80000010N45AAE","State__c":"a04g8000000b4z7AAA","EffectiveDate":"2026-04-10T00:00:00.000Z"}]|0x5198ef8f
15:40:26.44 (1343961026)|HEAP_ALLOCATE|[40]|Bytes:5
15:40:26.44 (1343991906)|VARIABLE_SCOPE_BEGIN|[40]|pedido|Order|true|false
15:40:26.44 (1344378934)|VARIABLE_ASSIGNMENT|[40]|pedido|{"Status":"Activated","LastModifiedDate":"2026-04-10T18:40:27.000Z","Country__c":"a03g80000084yQnAAI","ActivatedById":"005g80000010N45AAE","IsDeleted":false,"AccountId":"001g8000009UgxXAAS","OrderNumber":"00100116","TotalAmount":380385.50,"StatusCode":"Activated","IsReductionOrder":false,"SystemModstamp":"2026-04-10T18:40:27.000Z","City__c":"a05g8000002BenNAAS","OwnerId":"005g80000010N45AAE","CreatedById":"005g80000010N45AAE","DistributionCenter__c":"a06g8000001ga05AAA","CreatedDate":"2026-04-10T18:40:26.000Z","Pricebook2Id":"01sg8000000h7xWAAQ","Id":"801g8000009UgxZAAS","ActivatedDate":"2026-04-10T18:40:27.000Z","LastModifiedById":"005g80000010N45AAE","State__c":"a04g8000000b4z7AAA","EffectiveDate":"2026-04-10T00:00:00.000Z"}|0x939dcb7
15:40:26.44 (1344389659)|STATEMENT_EXECUTE|[40]
15:40:26.44 (1344390652)|STATEMENT_EXECUTE|[42]
15:40:26.44 (1344416877)|VARIABLE_SCOPE_BEGIN|[42]|pedidoAntigo|Order|true|false
15:40:26.44 (1344774811)|VARIABLE_ASSIGNMENT|[42]|pedidoAntigo|{"Status":"Draft","LastModifiedDate":"2026-04-10T18:40:27.000Z","Country__c":"a03g80000084yQnAAI","IsDeleted":false,"AccountId":"001g8000009UgxXAAS","OrderNumber":"00100116","TotalAmount":380385.50,"StatusCode":"Draft","IsReductionOrder":false,"SystemModstamp":"2026-04-10T18:40:27.000Z","City__c":"a05g8000002BenNAAS","OwnerId":"005g80000010N45AAE","CreatedById":"005g80000010N45AAE","DistributionCenter__c":"a06g8000001ga05AAA","CreatedDate":"2026-04-10T18:40:26.000Z","Pricebook2Id":"01sg8000000h7xWAAQ","Id":"801g8000009UgxZAAS","LastModifiedById":"005g80000010N45AAE","State__c":"a04g8000000b4z7AAA","EffectiveDate":"2026-04-10T00:00:00.000Z"}|0x170b465f
15:40:26.44 (1344782276)|STATEMENT_EXECUTE|[45]
15:40:26.44 (1344788517)|VARIABLE_SCOPE_BEGIN|[45]|validacaoStatus|String|false|false
15:40:26.44 (1344793406)|VARIABLE_ASSIGNMENT|[45]|validacaoStatus|"Draft"
15:40:26.44 (1344807268)|STATEMENT_EXECUTE|[47]
15:40:26.44 (1344816162)|HEAP_ALLOCATE|[40]|Bytes:5
15:40:26.44 (1344823420)|VARIABLE_ASSIGNMENT|[40]|pedido|null|
15:40:26.44 (1344828728)|METHOD_EXIT|[21]|01pg8000001LXzh|OrderHandler.checkActiveOrder()
15:40:26.44 (1344831682)|STATEMENT_EXECUTE|[22]
15:40:26.44 (1344835517)|METHOD_ENTRY|[22]|01pg8000001LXzh|OrderHandler.itemsRecalculation()
15:40:26.44 (1344838878)|VARIABLE_SCOPE_BEGIN|[54]|this|OrderHandler|true|false
15:40:26.44 (1344863367)|VARIABLE_ASSIGNMENT|[54]|this|{"newRecords":"0x5198ef8f","newRecordsMap":"0x2117e768","oldRecords":"0x3d365b98","oldRecordsMap":"0x1fcbbc56","handlerName":"OrderHandler","isTriggerExecuting":true,"triggerEvent":"0x743aa6a5"}|0x2a6107d7
15:40:26.44 (1344871677)|STATEMENT_EXECUTE|[54]
15:40:26.44 (1344872701)|STATEMENT_EXECUTE|[55]
15:40:26.44 (1344884759)|HEAP_ALLOCATE|[55]|Bytes:4
15:40:26.44 (1344900946)|VARIABLE_SCOPE_BEGIN|[55]|ordersToRecalculate|Set<Id>|true|false
15:40:26.44 (1344929223)|VARIABLE_ASSIGNMENT|[55]|ordersToRecalculate|[]|0x186e25bd
15:40:26.44 (1344940550)|HEAP_ALLOCATE|[57]|Bytes:5
15:40:26.44 (1344948971)|VARIABLE_SCOPE_BEGIN|[57]|pedido|Order|true|false
15:40:26.44 (1345306693)|VARIABLE_ASSIGNMENT|[57]|pedido|{"Status":"Activated","LastModifiedDate":"2026-04-10T18:40:27.000Z","Country__c":"a03g80000084yQnAAI","ActivatedById":"005g80000010N45AAE","IsDeleted":false,"AccountId":"001g8000009UgxXAAS","OrderNumber":"00100116","TotalAmount":380385.50,"StatusCode":"Activated","IsReductionOrder":false,"SystemModstamp":"2026-04-10T18:40:27.000Z","City__c":"a05g8000002BenNAAS","OwnerId":"005g80000010N45AAE","CreatedById":"005g80000010N45AAE","DistributionCenter__c":"a06g8000001ga05AAA","CreatedDate":"2026-04-10T18:40:26.000Z","Pricebook2Id":"01sg8000000h7xWAAQ","Id":"801g8000009UgxZAAS","ActivatedDate":"2026-04-10T18:40:27.000Z","LastModifiedById":"005g80000010N45AAE","State__c":"a04g8000000b4z7AAA","EffectiveDate":"2026-04-10T00:00:00.000Z"}|0x939dcb7
15:40:26.44 (1345315561)|STATEMENT_EXECUTE|[57]
15:40:26.44 (1345316769)|STATEMENT_EXECUTE|[58]
15:40:26.44 (1345328634)|VARIABLE_SCOPE_BEGIN|[58]|pedidoAntigo|Order|true|false
15:40:26.44 (1345791243)|VARIABLE_ASSIGNMENT|[58]|pedidoAntigo|{"Status":"Draft","LastModifiedDate":"2026-04-10T18:40:27.000Z","Country__c":"a03g80000084yQnAAI","IsDeleted":false,"AccountId":"001g8000009UgxXAAS","OrderNumber":"00100116","TotalAmount":380385.50,"StatusCode":"Draft","IsReductionOrder":false,"SystemModstamp":"2026-04-10T18:40:27.000Z","City__c":"a05g8000002BenNAAS","OwnerId":"005g80000010N45AAE","CreatedById":"005g80000010N45AAE","DistributionCenter__c":"a06g8000001ga05AAA","CreatedDate":"2026-04-10T18:40:26.000Z","Pricebook2Id":"01sg8000000h7xWAAQ","Id":"801g8000009UgxZAAS","LastModifiedById":"005g80000010N45AAE","State__c":"a04g8000000b4z7AAA","EffectiveDate":"2026-04-10T00:00:00.000Z"}|0x170b465f
15:40:26.44 (1345872670)|STATEMENT_EXECUTE|[60]
15:40:26.44 (1345883392)|HEAP_ALLOCATE|[57]|Bytes:5
15:40:26.44 (1345891632)|VARIABLE_ASSIGNMENT|[57]|pedido|null|
15:40:26.44 (1345901813)|STATEMENT_EXECUTE|[67]
15:40:26.44 (1345904251)|METHOD_EXIT|[22]|01pg8000001LXzh|OrderHandler.itemsRecalculation()
15:40:26.44 (1345908848)|METHOD_EXIT|[149]|01pg8000001LXzh|OrderHandler.afterUpdate()
15:40:26.44 (1345911767)|STATEMENT_EXECUTE|[158]
15:40:26.44 (1345925828)|METHOD_ENTRY|[158]|01pg80000019iSf|TriggerHandler.andFinally()
15:40:26.44 (1345929762)|VARIABLE_SCOPE_BEGIN|[746]|this|TriggerHandler|true|false
15:40:26.44 (1345956296)|VARIABLE_ASSIGNMENT|[746]|this|{"newRecords":"0x5198ef8f","newRecordsMap":"0x2117e768","oldRecords":"0x3d365b98","oldRecordsMap":"0x1fcbbc56","handlerName":"OrderHandler","isTriggerExecuting":true,"triggerEvent":"0x743aa6a5"}|0x2a6107d7
15:40:26.44 (1345973251)|STATEMENT_EXECUTE|[746]
15:40:26.44 (1345975063)|METHOD_EXIT|[158]|01pg80000019iSf|TriggerHandler.andFinally()
15:40:26.44 (1345978797)|STATEMENT_EXECUTE|[160]
15:40:26.44 (1345980920)|STATEMENT_EXECUTE|[176]
15:40:26.44 (1345983111)|METHOD_EXIT|[2]|01pg80000019iSf|TriggerHandler.run()
15:40:26.345 (1345990040)|CUMULATIVE_LIMIT_USAGE
15:40:26.345 (1345990040)|LIMIT_USAGE_FOR_NS|(default)|
  Number of SOQL queries: 11 out of 100
  Number of query rows: 10 out of 50000
  Number of SOSL queries: 0 out of 20
  Number of DML statements: 15 out of 150
  Number of Publish Immediate DML: 0 out of 150
  Number of DML rows: 15 out of 10000
  Maximum CPU time: 99 out of 10000
  Maximum heap size: 0 out of 6000000
  Number of callouts: 0 out of 100
  Number of Email Invocations: 0 out of 10
  Number of future calls: 0 out of 50
  Number of queueable jobs added to the queue: 0 out of 50
  Number of Mobile Apex push calls: 0 out of 10

15:40:26.345 (1345990040)|CUMULATIVE_LIMIT_USAGE_END

15:40:26.44 (1346228006)|CODE_UNIT_FINISHED|OrderTrigger on Order trigger event AfterUpdate|__sfdc_trigger/OrderTrigger
15:40:26.44 (1347985622)|DML_END|[201]
15:40:26.44 (1348170566)|STATEMENT_EXECUTE|[202]
15:40:26.44 (1348206012)|HEAP_ALLOCATE|[202]|Bytes:28
15:40:26.44 (1348217567)|HEAP_ALLOCATE|[202]|Bytes:28
15:40:26.44 (1348347746)|VARIABLE_ASSIGNMENT|[202]|this.Quantity|10|0x34727399
15:40:26.44 (1348352376)|STATEMENT_EXECUTE|[204]
15:40:26.44 (1348376911)|HEAP_ALLOCATE|[204]|Bytes:118
15:40:26.44 (1348393341)|SYSTEM_METHOD_ENTRY|[1]|Test.Test()
15:40:26.44 (1348395502)|STATEMENT_EXECUTE|[1]
15:40:26.44 (1348403782)|SYSTEM_METHOD_EXIT|[1]|Test
15:40:26.44 (1348411476)|METHOD_ENTRY|[204]||System.Test.startTest()
15:40:26.44 (1350016139)|METHOD_EXIT|[204]||System.Test.startTest()
15:40:26.44 (1350032188)|STATEMENT_EXECUTE|[205]
15:40:26.44 (1350034096)|STATEMENT_EXECUTE|[205]
15:40:26.44 (1350035209)|STATEMENT_EXECUTE|[206]
15:40:26.44 (1350083960)|HEAP_ALLOCATE|[206]|Bytes:8
15:40:26.44 (1350097019)|DML_BEGIN|[206]|Op:Update|Type:OrderItem|Rows:1
15:40:26.44 (1350131918)|HEAP_ALLOCATE|[EXTERNAL]|Bytes:8
15:40:26.44 (1362696267)|CODE_UNIT_STARTED|[EXTERNAL]|01qg8000000Fou9|OrdemItemTrigger on OrderItem trigger event BeforeUpdate|__sfdc_trigger/OrdemItemTrigger
15:40:26.44 (1362768859)|HEAP_ALLOCATE|[EXTERNAL]|Bytes:8
15:40:26.44 (1362844311)|HEAP_ALLOCATE|[EXTERNAL]|Bytes:8
15:40:26.44 (1362904539)|HEAP_ALLOCATE|[EXTERNAL]|Bytes:4
15:40:26.44 (1362915347)|VARIABLE_SCOPE_BEGIN|[1]|this|OrdemItemTrigger|true|false
15:40:26.44 (1362950062)|VARIABLE_ASSIGNMENT|[1]|this|{}|0x63fa35f3
15:40:26.44 (1362981752)|HEAP_ALLOCATE|[EXTERNAL]|Bytes:4
15:40:26.44 (1362985772)|VARIABLE_SCOPE_BEGIN|[1]|this|OrdemItemTrigger|true|false
15:40:26.44 (1362991126)|VARIABLE_ASSIGNMENT|[1]|this|{}|0x63fa35f3
15:40:26.44 (1362998446)|STATEMENT_EXECUTE|[1]
15:40:26.44 (1362999567)|STATEMENT_EXECUTE|[2]
15:40:26.44 (1363004826)|HEAP_ALLOCATE|[2]|Bytes:32
15:40:26.44 (1363017069)|CONSTRUCTOR_ENTRY|[2]|01pg8000001EZwd|<init>()|OrdemItemHandler
15:40:26.44 (1363023339)|VARIABLE_SCOPE_BEGIN|[9]|this|OrdemItemHandler|true|false
15:40:26.44 (1363044250)|VARIABLE_ASSIGNMENT|[9]|this|{}|0x1488e378
15:40:26.44 (1363049005)|STATEMENT_EXECUTE|[1]
15:40:26.44 (1363050217)|STATEMENT_EXECUTE|[3]
15:40:26.44 (1363051505)|STATEMENT_EXECUTE|[4]
15:40:26.44 (1363052956)|STATEMENT_EXECUTE|[5]
15:40:26.44 (1363054181)|STATEMENT_EXECUTE|[6]
15:40:26.44 (1363055285)|STATEMENT_EXECUTE|[10]
15:40:26.44 (1363066276)|CONSTRUCTOR_ENTRY|[10]|01pg80000019iSf|<init>(String)|TriggerHandler
15:40:26.44 (1363070169)|VARIABLE_SCOPE_BEGIN|[107]|this|TriggerHandler|true|false
15:40:26.44 (1363076941)|VARIABLE_ASSIGNMENT|[107]|this|{}|0x1488e378
15:40:26.44 (1363080007)|VARIABLE_SCOPE_BEGIN|[107]|handlerName|String|false|false
15:40:26.44 (1363094535)|VARIABLE_ASSIGNMENT|[107]|handlerName|"OrderItemHandler"
15:40:26.44 (1363097819)|STATEMENT_EXECUTE|[15]
15:40:26.44 (1363098972)|STATEMENT_EXECUTE|[50]
15:40:26.44 (1363100281)|STATEMENT_EXECUTE|[57]
15:40:26.44 (1363101920)|STATEMENT_EXECUTE|[671]
15:40:26.44 (1363125061)|STATEMENT_EXECUTE|[107]
15:40:26.44 (1363126464)|STATEMENT_EXECUTE|[108]
15:40:26.44 (1363133479)|STATEMENT_EXECUTE|[109]
15:40:26.44 (1363141984)|METHOD_ENTRY|[109]|01pg80000019iSf|TriggerHandler.setTriggerContext()
15:40:26.44 (1363148759)|VARIABLE_SCOPE_BEGIN|[565]|this|TriggerHandler|true|false
15:40:26.44 (1363163835)|VARIABLE_ASSIGNMENT|[565]|this|{"handlerName":"OrderItemHandler"}|0x1488e378
15:40:26.44 (1363178966)|STATEMENT_EXECUTE|[565]
15:40:26.44 (1363180986)|STATEMENT_EXECUTE|[566]
15:40:26.44 (1363262744)|HEAP_ALLOCATE|[566]|Bytes:16
15:40:26.44 (1363275042)|METHOD_ENTRY|[566]|01pg80000019iSf|TriggerHandler.setTriggerContext(System.TriggerOperation, Boolean)
15:40:26.44 (1363278230)|VARIABLE_SCOPE_BEGIN|[582]|this|TriggerHandler|true|false
15:40:26.44 (1363288717)|VARIABLE_ASSIGNMENT|[582]|this|{"handlerName":"OrderItemHandler"}|0x1488e378
15:40:26.44 (1363291390)|VARIABLE_SCOPE_BEGIN|[582]|opType|System.TriggerOperation|true|false
15:40:26.44 (1363309404)|VARIABLE_ASSIGNMENT|[582]|opType|"BEFORE_UPDATE"|0x6dd866e9
15:40:26.44 (1363316389)|VARIABLE_SCOPE_BEGIN|[582]|testMode|Boolean|false|false
15:40:26.44 (1363323368)|VARIABLE_ASSIGNMENT|[582]|testMode|false
15:40:26.44 (1363327639)|STATEMENT_EXECUTE|[582]
15:40:26.44 (1363336084)|STATEMENT_EXECUTE|[586]
15:40:26.44 (1363336977)|STATEMENT_EXECUTE|[587]
15:40:26.44 (1363340067)|HEAP_ALLOCATE|[587]|Bytes:5
15:40:26.44 (1363345965)|STATEMENT_EXECUTE|[590]
15:40:26.44 (1363346830)|STATEMENT_EXECUTE|[592]
15:40:26.44 (1363359929)|HEAP_ALLOCATE|[592]|Bytes:16
15:40:26.44 (1363364154)|STATEMENT_EXECUTE|[595]
15:40:26.44 (1363374127)|VARIABLE_SCOPE_BEGIN|[595]|context|String|false|false
15:40:26.44 (1363380364)|VARIABLE_ASSIGNMENT|[595]|context|"BEFORE_UPDATE"
15:40:26.44 (1363382379)|STATEMENT_EXECUTE|[597]
15:40:26.44 (1363409828)|STATEMENT_EXECUTE|[601]
15:40:26.44 (1363410674)|STATEMENT_EXECUTE|[602]
15:40:26.44 (1363415166)|METHOD_EXIT|[566]|01pg80000019iSf|TriggerHandler.setTriggerContext(System.TriggerOperation, Boolean)
15:40:26.44 (1363417958)|METHOD_EXIT|[109]|01pg80000019iSf|TriggerHandler.setTriggerContext()
15:40:26.44 (1363422681)|CONSTRUCTOR_EXIT|[10]|01pg80000019iSf|<init>(String)|TriggerHandler
15:40:26.44 (1363426096)|STATEMENT_EXECUTE|[9]
15:40:26.44 (1363427296)|STATEMENT_EXECUTE|[11]
15:40:26.44 (1364579847)|VARIABLE_ASSIGNMENT|[11]|this.newRecords|[{"LastModifiedDate":"2026-04-10T18:40:27.000Z","DiscountPercentage__c":0.999737108801465881323026245742806,"DiscountValue__c":380285.50,"FinalPrice__c":380385.50,"ListPrice":1000.00,"AvailableQuantity":1.00,"PriceWithoutMargin__c":330770.00,"FreightValue__c":700.00,"CreatedById":"005g80000010N45AAE","MarginPercentage__c":15.00,"Product_Code_Display__c":"TRT 7","IsDeleted":false,"Quantity":10.00,"TaxPercentage__c":10.00,"OrderId":"801g8000009UgxZAAS","OrderItemNumber":"0000100113","SystemModstamp":"2026-04-10T18:40:27.000Z","UnitPrice":100.00,"Product2Id":"01tg8000001RPrNAAW","ProductionCost__c":300000.00,"PricebookEntryId":"01ug8000000gSvxAAE","TotalPrice":1000.00,"CreatedDate":"2026-04-10T18:40:27.000Z","Id":"802g8000002mB4tAAE","LastModifiedById":"005g80000010N45AAE"}]|0x1488e378
15:40:26.44 (1364598886)|STATEMENT_EXECUTE|[12]
15:40:26.44 (1365287625)|VARIABLE_ASSIGNMENT|[12]|this.oldRecords|[{"LastModifiedDate":"2026-04-10T18:40:27.000Z","DiscountPercentage__c":0.999737108801465881323026245742806,"DiscountValue__c":380285.50,"FinalPrice__c":380385.50,"ListPrice":1000.00,"AvailableQuantity":1.00,"PriceWithoutMargin__c":330770.00,"FreightValue__c":700.00,"CreatedById":"005g80000010N45AAE","MarginPercentage__c":15.00,"Product_Code_Display__c":"TRT 7","IsDeleted":false,"Quantity":1.00,"TaxPercentage__c":10.00,"OrderId":"801g8000009UgxZAAS","OrderItemNumber":"0000100113","SystemModstamp":"2026-04-10T18:40:27.000Z","UnitPrice":380385.50,"Product2Id":"01tg8000001RPrNAAW","ProductionCost__c":300000.00,"PricebookEntryId":"01ug8000000gSvxAAE","TotalPrice":380385.50,"CreatedDate":"2026-04-10T18:40:27.000Z","Id":"802g8000002mB4tAAE","LastModifiedById":"005g80000010N45AAE"}]|0x1488e378
15:40:26.44 (1365301549)|STATEMENT_EXECUTE|[13]
15:40:26.44 (1365724047)|VARIABLE_ASSIGNMENT|[13]|this.newRecordsMap|{"802g8000002mB4tAAE":{"LastModifiedDate":"2026-04-10T18:40:27.000Z","DiscountPercentage__c":0.999737108801465881323026245742806,"DiscountValue__c":380285.50,"FinalPrice__c":380385.50,"ListPrice":1000.00,"AvailableQuantity":1.00,"PriceWithoutMargin__c":330770.00,"FreightValue__c":700.00,"CreatedById":"005g80000010N45AAE","MarginPercentage__c":15.00,"Product_Code_Display__c":"TRT 7","IsDeleted":false,"Quantity":10.00,"TaxPercentage__c":10.00,"OrderId":"801g8000009UgxZAAS","OrderItemNumber":"0000100113","SystemModstamp":"2026-04-10T18:40:27.000Z","UnitPrice":100.00,"Product2Id":"01tg8000001RPrNAAW","ProductionCost__c":300000.00,"PricebookEntryId":"01ug8000000gSvxAAE","TotalPrice":1000.00,"CreatedDate":"2026-04-10T18:40:27.000Z","Id":"802g8000002mB4tAAE","LastModifiedById":"005g80000010N45AAE"}}|0x1488e378
15:40:26.44 (1365738844)|STATEMENT_EXECUTE|[14]
15:40:26.44 (1366099764)|VARIABLE_ASSIGNMENT|[14]|this.oldRecordsMap|{"802g8000002mB4tAAE":{"LastModifiedDate":"2026-04-10T18:40:27.000Z","DiscountPercentage__c":0.999737108801465881323026245742806,"DiscountValue__c":380285.50,"FinalPrice__c":380385.50,"ListPrice":1000.00,"AvailableQuantity":1.00,"PriceWithoutMargin__c":330770.00,"FreightValue__c":700.00,"CreatedById":"005g80000010N45AAE","MarginPercentage__c":15.00,"Product_Code_Display__c":"TRT 7","IsDeleted":false,"Quantity":1.00,"TaxPercentage__c":10.00,"OrderId":"801g8000009UgxZAAS","OrderItemNumber":"0000100113","SystemModstamp":"2026-04-10T18:40:27.000Z","UnitPrice":380385.50,"Product2Id":"01tg8000001RPrNAAW","ProductionCost__c":300000.00,"PricebookEntryId":"01ug8000000gSvxAAE","TotalPrice":380385.50,"CreatedDate":"2026-04-10T18:40:27.000Z","Id":"802g8000002mB4tAAE","LastModifiedById":"005g80000010N45AAE"}}|0x1488e378
15:40:26.44 (1366116612)|CONSTRUCTOR_EXIT|[2]|01pg8000001EZwd|<init>()|OrdemItemHandler
15:40:26.44 (1366130017)|METHOD_ENTRY|[2]|01pg80000019iSf|TriggerHandler.run()
15:40:26.44 (1366136749)|VARIABLE_SCOPE_BEGIN|[120]|this|TriggerHandler|true|false
15:40:26.44 (1366178062)|VARIABLE_ASSIGNMENT|[120]|this|{"newRecords":"0x36aa1b2b","newRecordsMap":"0x656aada5","oldRecords":"0x984cc31","oldRecordsMap":"0x62bd1cee","handlerName":"OrderItemHandler","isTriggerExecuting":true,"triggerEvent":"0x6dd866e9"}|0x1488e378
15:40:26.44 (1366191193)|STATEMENT_EXECUTE|[120]
15:40:26.44 (1366195241)|METHOD_ENTRY|[121]|01pg80000019iSf|TriggerHandler.validateRun()
15:40:26.44 (1366198522)|VARIABLE_SCOPE_BEGIN|[661]|this|TriggerHandler|true|false
15:40:26.44 (1366209478)|VARIABLE_ASSIGNMENT|[661]|this|{"newRecords":"0x36aa1b2b","newRecordsMap":"0x656aada5","oldRecords":"0x984cc31","oldRecordsMap":"0x62bd1cee","handlerName":"OrderItemHandler","isTriggerExecuting":true,"triggerEvent":"0x6dd866e9"}|0x1488e378
15:40:26.44 (1366214274)|STATEMENT_EXECUTE|[661]
15:40:26.44 (1366221461)|STATEMENT_EXECUTE|[662]
15:40:26.44 (1366222416)|STATEMENT_EXECUTE|[665]
15:40:26.44 (1366228092)|METHOD_ENTRY|[665]|01pg80000019iSf|TriggerHandler.getHandlerName()
15:40:26.44 (1366230903)|VARIABLE_SCOPE_BEGIN|[680]|this|TriggerHandler|true|false
15:40:26.44 (1366240096)|VARIABLE_ASSIGNMENT|[680]|this|{"newRecords":"0x36aa1b2b","newRecordsMap":"0x656aada5","oldRecords":"0x984cc31","oldRecordsMap":"0x62bd1cee","handlerName":"OrderItemHandler","isTriggerExecuting":true,"triggerEvent":"0x6dd866e9"}|0x1488e378
15:40:26.44 (1366244497)|STATEMENT_EXECUTE|[680]
15:40:26.44 (1366268554)|STATEMENT_EXECUTE|[681]
15:40:26.44 (1366269648)|STATEMENT_EXECUTE|[684]
15:40:26.44 (1366272538)|METHOD_EXIT|[665]|01pg80000019iSf|TriggerHandler.getHandlerName()
15:40:26.44 (1366290455)|METHOD_EXIT|[121]|01pg80000019iSf|TriggerHandler.validateRun()
15:40:26.44 (1366293191)|STATEMENT_EXECUTE|[121]
15:40:26.44 (1366296141)|METHOD_ENTRY|[126]|01pg80000019iSf|TriggerHandler.incrementCheckLoopCount()
15:40:26.44 (1366299108)|VARIABLE_SCOPE_BEGIN|[634]|this|TriggerHandler|true|false
15:40:26.44 (1366308499)|VARIABLE_ASSIGNMENT|[634]|this|{"newRecords":"0x36aa1b2b","newRecordsMap":"0x656aada5","oldRecords":"0x984cc31","oldRecordsMap":"0x62bd1cee","handlerName":"OrderItemHandler","isTriggerExecuting":true,"triggerEvent":"0x6dd866e9"}|0x1488e378
15:40:26.44 (1366313922)|STATEMENT_EXECUTE|[634]
15:40:26.44 (1366315025)|STATEMENT_EXECUTE|[635]
15:40:26.44 (1366317026)|METHOD_ENTRY|[635]|01pg80000019iSf|TriggerHandler.getHandlerName()
15:40:26.44 (1366319065)|VARIABLE_SCOPE_BEGIN|[680]|this|TriggerHandler|true|false
15:40:26.44 (1366327458)|VARIABLE_ASSIGNMENT|[680]|this|{"newRecords":"0x36aa1b2b","newRecordsMap":"0x656aada5","oldRecords":"0x984cc31","oldRecordsMap":"0x62bd1cee","handlerName":"OrderItemHandler","isTriggerExecuting":true,"triggerEvent":"0x6dd866e9"}|0x1488e378
15:40:26.44 (1366331355)|STATEMENT_EXECUTE|[680]
15:40:26.44 (1366337855)|STATEMENT_EXECUTE|[681]
15:40:26.44 (1366338751)|STATEMENT_EXECUTE|[684]
15:40:26.44 (1366340320)|METHOD_EXIT|[635]|01pg80000019iSf|TriggerHandler.getHandlerName()
15:40:26.44 (1366344111)|VARIABLE_SCOPE_BEGIN|[635]|handlerName|String|false|false
15:40:26.44 (1366351788)|VARIABLE_ASSIGNMENT|[635]|handlerName|"OrderItemHandler"
15:40:26.44 (1366362906)|STATEMENT_EXECUTE|[636]
15:40:26.44 (1366364086)|STATEMENT_EXECUTE|[649]
15:40:26.44 (1366365860)|METHOD_EXIT|[126]|01pg80000019iSf|TriggerHandler.incrementCheckLoopCount()
15:40:26.44 (1366368516)|STATEMENT_EXECUTE|[126]
15:40:26.44 (1366370713)|STATEMENT_EXECUTE|[130]
15:40:26.44 (1366371707)|STATEMENT_EXECUTE|[135]
15:40:26.44 (1366418389)|STATEMENT_EXECUTE|[139]
15:40:26.44 (1366419450)|STATEMENT_EXECUTE|[140]
15:40:26.44 (1366423444)|METHOD_ENTRY|[140]|01pg8000001EZwd|OrdemItemHandler.beforeUpdate()
15:40:26.44 (1366427245)|VARIABLE_SCOPE_BEGIN|[25]|this|OrdemItemHandler|true|false
15:40:26.44 (1366437790)|VARIABLE_ASSIGNMENT|[25]|this|{"newRecords":"0x36aa1b2b","newRecordsMap":"0x656aada5","oldRecords":"0x984cc31","oldRecordsMap":"0x62bd1cee","handlerName":"OrderItemHandler","isTriggerExecuting":true,"triggerEvent":"0x6dd866e9"}|0x1488e378
15:40:26.44 (1366445480)|STATEMENT_EXECUTE|[25]
15:40:26.44 (1366446875)|STATEMENT_EXECUTE|[26]
15:40:26.44 (1366458151)|METHOD_ENTRY|[26]|01pg8000001EZwd|OrdemItemHandler.checkActiveOrderItem()
15:40:26.44 (1366477911)|VARIABLE_SCOPE_BEGIN|[176]|this|OrdemItemHandler|true|false
15:40:26.44 (1366487387)|VARIABLE_ASSIGNMENT|[176]|this|{"newRecords":"0x36aa1b2b","newRecordsMap":"0x656aada5","oldRecords":"0x984cc31","oldRecordsMap":"0x62bd1cee","handlerName":"OrderItemHandler","isTriggerExecuting":true,"triggerEvent":"0x6dd866e9"}|0x1488e378
15:40:26.44 (1366492687)|STATEMENT_EXECUTE|[176]
15:40:26.44 (1366493815)|STATEMENT_EXECUTE|[177]
15:40:26.44 (1366497075)|VARIABLE_SCOPE_BEGIN|[177]|listaParaValidar|List<OrderItem>|true|false
15:40:26.44 (1366503073)|VARIABLE_ASSIGNMENT|[177]|listaParaValidar|null|
15:40:26.44 (1366506420)|STATEMENT_EXECUTE|[178]
15:40:26.44 (1366520391)|HEAP_ALLOCATE|[178]|Bytes:4
15:40:26.44 (1366535062)|VARIABLE_SCOPE_BEGIN|[178]|idOrders|Set<Id>|true|false
15:40:26.44 (1366567334)|VARIABLE_ASSIGNMENT|[178]|idOrders|[]|0x4a820d1
15:40:26.44 (1366571491)|STATEMENT_EXECUTE|[179]
15:40:26.44 (1366581284)|HEAP_ALLOCATE|[179]|Bytes:4
15:40:26.44 (1366585871)|VARIABLE_SCOPE_BEGIN|[179]|idMapOrders|Map<Id,Order>|true|false
15:40:26.44 (1366593717)|VARIABLE_ASSIGNMENT|[179]|idMapOrders|{}|0x349fa264
15:40:26.44 (1366601655)|STATEMENT_EXECUTE|[183]
15:40:26.44 (1366602853)|STATEMENT_EXECUTE|[184]
15:40:26.44 (1367043257)|VARIABLE_ASSIGNMENT|[184]|listaParaValidar|[{"LastModifiedDate":"2026-04-10T18:40:27.000Z","DiscountPercentage__c":0.999737108801465881323026245742806,"DiscountValue__c":380285.50,"FinalPrice__c":380385.50,"ListPrice":1000.00,"AvailableQuantity":1.00,"PriceWithoutMargin__c":330770.00,"FreightValue__c":700.00,"CreatedById":"005g80000010N45AAE","MarginPercentage__c":15.00,"Product_Code_Display__c":"TRT 7","IsDeleted":false,"Quantity":10.00,"TaxPercentage__c":10.00,"OrderId":"801g8000009UgxZAAS","OrderItemNumber":"0000100113","SystemModstamp":"2026-04-10T18:40:27.000Z","UnitPrice":100.00,"Product2Id":"01tg8000001RPrNAAW","ProductionCost__c":300000.00,"PricebookEntryId":"01ug8000000gSvxAAE","TotalPrice":1000.00,"CreatedDate":"2026-04-10T18:40:27.000Z","Id":"802g8000002mB4tAAE","LastModifiedById":"005g80000010N45AAE"}]|0x36aa1b2b
15:40:26.44 (1367091751)|HEAP_ALLOCATE|[187]|Bytes:5
15:40:26.44 (1367111395)|HEAP_ALLOCATE|[187]|Bytes:4
15:40:26.44 (1367123813)|VARIABLE_SCOPE_BEGIN|[187]|ot|OrderItem|true|false
15:40:26.44 (1367617124)|VARIABLE_ASSIGNMENT|[187]|ot|{"LastModifiedDate":"2026-04-10T18:40:27.000Z","DiscountPercentage__c":0.999737108801465881323026245742806,"DiscountValue__c":380285.50,"FinalPrice__c":380385.50,"ListPrice":1000.00,"AvailableQuantity":1.00,"PriceWithoutMargin__c":330770.00,"FreightValue__c":700.00,"CreatedById":"005g80000010N45AAE","MarginPercentage__c":15.00,"Product_Code_Display__c":"TRT 7","IsDeleted":false,"Quantity":10.00,"TaxPercentage__c":10.00,"OrderId":"801g8000009UgxZAAS","OrderItemNumber":"0000100113","SystemModstamp":"2026-04-10T18:40:27.000Z","UnitPrice":100.00,"Product2Id":"01tg8000001RPrNAAW","ProductionCost__c":300000.00,"PricebookEntryId":"01ug8000000gSvxAAE","TotalPrice":1000.00,"CreatedDate":"2026-04-10T18:40:27.000Z","Id":"802g8000002mB4tAAE","LastModifiedById":"005g80000010N45AAE"}|0x1bd50582
15:40:26.44 (1367631182)|STATEMENT_EXECUTE|[187]
15:40:26.44 (1367632752)|STATEMENT_EXECUTE|[188]
15:40:26.44 (1367659687)|HEAP_ALLOCATE|[EXTERNAL]|Bytes:4
15:40:26.44 (1367676621)|HEAP_ALLOCATE|[187]|Bytes:5
15:40:26.44 (1367687255)|VARIABLE_ASSIGNMENT|[187]|ot|null|
15:40:26.44 (1367691085)|STATEMENT_EXECUTE|[191]
15:40:26.44 (1367697663)|METHOD_ENTRY|[191]|01pg8000001w1Md|OrderSelector.getOrdersByIds(Set<Id>)
15:40:26.44 (1367703034)|VARIABLE_SCOPE_BEGIN|[2]|ids|Set<Id>|true|false
15:40:26.44 (1367712339)|VARIABLE_ASSIGNMENT|[2]|ids|["801g8000009UgxZAAS"]|0x4a820d1
15:40:26.44 (1367721519)|STATEMENT_EXECUTE|[2]
15:40:26.44 (1367722770)|STATEMENT_EXECUTE|[3]
15:40:26.44 (1367732484)|HEAP_ALLOCATE|[3]|Bytes:4
15:40:26.44 (1367739874)|HEAP_ALLOCATE|[3]|Bytes:4
15:40:26.44 (1368250374)|SOQL_EXECUTE_BEGIN|[3]|Aggregations:0|SELECT Id, DistributionCenter__c, State__c, City__c, Country__c, AccountId, Status FROM Order WHERE Id = :tmpVar1
15:40:26.44 (1371710008)|SOQL_EXECUTE_END|[3]|Rows:1
15:40:26.44 (1371739972)|HEAP_ALLOCATE|[3]|Bytes:8
15:40:26.44 (1371755754)|HEAP_ALLOCATE|[3]|Bytes:213
15:40:26.44 (1371793345)|HEAP_ALLOCATE|[3]|Bytes:8
15:40:26.44 (1371815345)|HEAP_ALLOCATE|[3]|Bytes:32
15:40:26.44 (1371834107)|HEAP_ALLOCATE|[3]|Bytes:4
15:40:26.44 (1371844360)|METHOD_EXIT|[191]|01pg8000001w1Md|OrderSelector.getOrdersByIds(Set<Id>)
15:40:26.44 (1371957081)|VARIABLE_ASSIGNMENT|[191]|idMapOrders|{"801g8000009UgxZAAS":{"Status":"Activated","City__c":"a05g8000002BenNAAS","Country__c":"a03g80000084yQnAAI","AccountId":"001g8000009UgxXAAS","DistributionCenter__c":"a06g8000001ga05AAA","Id":"801g8000009UgxZAAS","State__c":"a04g8000000b4z7AAA"}}|0x324d34e6
15:40:26.44 (1371989126)|HEAP_ALLOCATE|[193]|Bytes:5
15:40:26.44 (1372004249)|HEAP_ALLOCATE|[193]|Bytes:4
15:40:26.44 (1372014567)|VARIABLE_SCOPE_BEGIN|[193]|ot|OrderItem|true|false
15:40:26.44 (1372487138)|VARIABLE_ASSIGNMENT|[193]|ot|{"LastModifiedDate":"2026-04-10T18:40:27.000Z","DiscountPercentage__c":0.999737108801465881323026245742806,"DiscountValue__c":380285.50,"FinalPrice__c":380385.50,"ListPrice":1000.00,"AvailableQuantity":1.00,"PriceWithoutMargin__c":330770.00,"FreightValue__c":700.00,"CreatedById":"005g80000010N45AAE","MarginPercentage__c":15.00,"Product_Code_Display__c":"TRT 7","IsDeleted":false,"Quantity":10.00,"TaxPercentage__c":10.00,"OrderId":"801g8000009UgxZAAS","OrderItemNumber":"0000100113","SystemModstamp":"2026-04-10T18:40:27.000Z","UnitPrice":100.00,"Product2Id":"01tg8000001RPrNAAW","ProductionCost__c":300000.00,"PricebookEntryId":"01ug8000000gSvxAAE","TotalPrice":1000.00,"CreatedDate":"2026-04-10T18:40:27.000Z","Id":"802g8000002mB4tAAE","LastModifiedById":"005g80000010N45AAE"}|0x1bd50582
15:40:26.44 (1372500507)|STATEMENT_EXECUTE|[193]
15:40:26.44 (1372502189)|STATEMENT_EXECUTE|[194]
15:40:26.44 (1372524871)|VARIABLE_SCOPE_BEGIN|[194]|pedido|Order|true|false
15:40:26.44 (1372570066)|VARIABLE_ASSIGNMENT|[194]|pedido|{"Status":"Activated","City__c":"a05g8000002BenNAAS","Country__c":"a03g80000084yQnAAI","AccountId":"001g8000009UgxXAAS","DistributionCenter__c":"a06g8000001ga05AAA","Id":"801g8000009UgxZAAS","State__c":"a04g8000000b4z7AAA"}|0x780299a2
15:40:26.44 (1372601498)|STATEMENT_EXECUTE|[195]
15:40:26.44 (1372602563)|STATEMENT_EXECUTE|[196]
15:40:26.44 (1372605182)|HEAP_ALLOCATE|[196]|Bytes:86
15:40:26.44 (1372817267)|VF_PAGE_MESSAGE|Não é possivel fazer qualquer alteração dos ITENS após o pedido ser marcado como Ativo
15:40:26.44 (1372837948)|HEAP_ALLOCATE|[193]|Bytes:5
15:40:26.44 (1372845562)|VARIABLE_ASSIGNMENT|[193]|ot|null|
15:40:26.44 (1372851539)|METHOD_EXIT|[26]|01pg8000001EZwd|OrdemItemHandler.checkActiveOrderItem()
15:40:26.44 (1372855577)|STATEMENT_EXECUTE|[27]
15:40:26.44 (1372865445)|METHOD_ENTRY|[27]|01pg8000001EZwd|OrdemItemHandler.executePricingLogic()
15:40:26.44 (1372875174)|VARIABLE_SCOPE_BEGIN|[35]|this|OrdemItemHandler|true|false
15:40:26.44 (1372914654)|VARIABLE_ASSIGNMENT|[35]|this|{"newRecords":"0x36aa1b2b","newRecordsMap":"0x656aada5","oldRecords":"0x984cc31","oldRecordsMap":"0x62bd1cee","handlerName":"OrderItemHandler","isTriggerExecuting":true,"triggerEvent":"0x6dd866e9"}|0x1488e378
15:40:26.44 (1372926796)|STATEMENT_EXECUTE|[35]
15:40:26.44 (1372928352)|STATEMENT_EXECUTE|[37]
15:40:26.44 (1372937826)|HEAP_ALLOCATE|[37]|Bytes:4
15:40:26.44 (1372948667)|VARIABLE_SCOPE_BEGIN|[37]|setOrderIds|Set<Id>|true|false
15:40:26.44 (1372971986)|VARIABLE_ASSIGNMENT|[37]|setOrderIds|[]|0x275e6239
15:40:26.44 (1372975402)|STATEMENT_EXECUTE|[38]
15:40:26.44 (1372977831)|HEAP_ALLOCATE|[38]|Bytes:4
15:40:26.44 (1372983041)|VARIABLE_SCOPE_BEGIN|[38]|setProductIds|Set<Id>|true|false
15:40:26.44 (1372989068)|VARIABLE_ASSIGNMENT|[38]|setProductIds|[]|0x7cef8830
15:40:26.44 (1372992141)|STATEMENT_EXECUTE|[39]
15:40:26.44 (1372994237)|HEAP_ALLOCATE|[39]|Bytes:4
15:40:26.44 (1372998796)|VARIABLE_SCOPE_BEGIN|[39]|setAccountIds|Set<Id>|true|false
15:40:26.44 (1373004702)|VARIABLE_ASSIGNMENT|[39]|setAccountIds|[]|0x104cc186
15:40:26.44 (1373008096)|STATEMENT_EXECUTE|[42]
15:40:26.44 (1373017042)|HEAP_ALLOCATE|[42]|Bytes:4
15:40:26.44 (1373020671)|VARIABLE_SCOPE_BEGIN|[42]|itemsByOrderId|Map<Id,List<OrderItem>>|true|false
15:40:26.44 (1373027326)|VARIABLE_ASSIGNMENT|[42]|itemsByOrderId|{}|0x5590e2f9
15:40:26.44 (1373040056)|HEAP_ALLOCATE|[45]|Bytes:5
15:40:26.44 (1373048403)|HEAP_ALLOCATE|[45]|Bytes:4
15:40:26.44 (1373052570)|VARIABLE_SCOPE_BEGIN|[45]|item|OrderItem|true|false
15:40:26.44 (1373485385)|VARIABLE_ASSIGNMENT|[45]|item|{"LastModifiedDate":"2026-04-10T18:40:27.000Z","DiscountPercentage__c":0.999737108801465881323026245742806,"DiscountValue__c":380285.50,"FinalPrice__c":380385.50,"ListPrice":1000.00,"AvailableQuantity":1.00,"PriceWithoutMargin__c":330770.00,"FreightValue__c":700.00,"CreatedById":"005g80000010N45AAE","MarginPercentage__c":15.00,"Product_Code_Display__c":"TRT 7","IsDeleted":false,"Quantity":10.00,"TaxPercentage__c":10.00,"OrderId":"801g8000009UgxZAAS","OrderItemNumber":"0000100113","SystemModstamp":"2026-04-10T18:40:27.000Z","UnitPrice":100.00,"Product2Id":"01tg8000001RPrNAAW","ProductionCost__c":300000.00,"PricebookEntryId":"01ug8000000gSvxAAE","TotalPrice":1000.00,"CreatedDate":"2026-04-10T18:40:27.000Z","Id":"802g8000002mB4tAAE","LastModifiedById":"005g80000010N45AAE"}|0x1bd50582
15:40:26.44 (1373496125)|STATEMENT_EXECUTE|[45]
15:40:26.44 (1373515624)|STATEMENT_EXECUTE|[46]
15:40:26.44 (1373516813)|STATEMENT_EXECUTE|[47]
15:40:26.44 (1373525683)|HEAP_ALLOCATE|[EXTERNAL]|Bytes:4
15:40:26.44 (1373540068)|STATEMENT_EXECUTE|[49]
15:40:26.44 (1373548759)|HEAP_ALLOCATE|[49]|Bytes:4
15:40:26.44 (1373561627)|HEAP_ALLOCATE|[EXTERNAL]|Bytes:4
15:40:26.44 (1373564959)|HEAP_ALLOCATE|[EXTERNAL]|Bytes:-4
15:40:26.44 (1373568271)|STATEMENT_EXECUTE|[50]
15:40:26.44 (1373602094)|HEAP_ALLOCATE|[EXTERNAL]|Bytes:4
15:40:26.44 (1373607744)|STATEMENT_EXECUTE|[52]
15:40:26.44 (1373611355)|HEAP_ALLOCATE|[EXTERNAL]|Bytes:4
15:40:26.44 (1373621514)|HEAP_ALLOCATE|[45]|Bytes:5
15:40:26.44 (1373628606)|VARIABLE_ASSIGNMENT|[45]|item|null|
15:40:26.44 (1373631642)|STATEMENT_EXECUTE|[56]
15:40:26.44 (1373636618)|METHOD_ENTRY|[56]|01pg8000001w1Md|OrderSelector.getOrdersByIds(Set<Id>)
15:40:26.44 (1373640766)|VARIABLE_SCOPE_BEGIN|[2]|ids|Set<Id>|true|false
15:40:26.44 (1373648487)|VARIABLE_ASSIGNMENT|[2]|ids|["801g8000009UgxZAAS"]|0x275e6239
15:40:26.44 (1373654985)|STATEMENT_EXECUTE|[2]
15:40:26.44 (1373656095)|STATEMENT_EXECUTE|[3]
15:40:26.44 (1373660917)|HEAP_ALLOCATE|[3]|Bytes:4
15:40:26.44 (1373667708)|HEAP_ALLOCATE|[3]|Bytes:4
15:40:26.44 (1374078792)|SOQL_EXECUTE_BEGIN|[3]|Aggregations:0|SELECT Id, DistributionCenter__c, State__c, City__c, Country__c, AccountId, Status FROM Order WHERE Id = :tmpVar1
15:40:26.44 (1377329096)|SOQL_EXECUTE_END|[3]|Rows:1
15:40:26.44 (1377361351)|HEAP_ALLOCATE|[3]|Bytes:8
15:40:26.44 (1377377207)|HEAP_ALLOCATE|[3]|Bytes:213
15:40:26.44 (1377417275)|HEAP_ALLOCATE|[3]|Bytes:8
15:40:26.44 (1377472108)|HEAP_ALLOCATE|[3]|Bytes:32
15:40:26.44 (1377492397)|HEAP_ALLOCATE|[3]|Bytes:4
15:40:26.44 (1377503447)|METHOD_EXIT|[56]|01pg8000001w1Md|OrderSelector.getOrdersByIds(Set<Id>)
15:40:26.44 (1377511679)|VARIABLE_SCOPE_BEGIN|[56]|mapOrders|Map<Id,Order>|true|false
15:40:26.44 (1377612617)|VARIABLE_ASSIGNMENT|[56]|mapOrders|{"801g8000009UgxZAAS":{"Status":"Activated","City__c":"a05g8000002BenNAAS","Country__c":"a03g80000084yQnAAI","AccountId":"001g8000009UgxXAAS","DistributionCenter__c":"a06g8000001ga05AAA","Id":"801g8000009UgxZAAS","State__c":"a04g8000000b4z7AAA"}}|0x7466536
15:40:26.44 (1377631600)|HEAP_ALLOCATE|[EXTERNAL]|Bytes:8
15:40:26.44 (1377638203)|HEAP_ALLOCATE|[58]|Bytes:220
15:40:26.44 (1377662175)|HEAP_ALLOCATE|[58]|Bytes:5
15:40:26.44 (1377672425)|HEAP_ALLOCATE|[58]|Bytes:32
15:40:26.44 (1377679711)|VARIABLE_SCOPE_BEGIN|[58]|o|Order|true|false
15:40:26.44 (1377710597)|VARIABLE_ASSIGNMENT|[58]|o|{"Status":"Activated","City__c":"a05g8000002BenNAAS","Country__c":"a03g80000084yQnAAI","AccountId":"001g8000009UgxXAAS","DistributionCenter__c":"a06g8000001ga05AAA","Id":"801g8000009UgxZAAS","State__c":"a04g8000000b4z7AAA"}|0x2cd1e1ca
15:40:26.44 (1377718153)|STATEMENT_EXECUTE|[58]
15:40:26.44 (1377735751)|HEAP_ALLOCATE|[EXTERNAL]|Bytes:4
15:40:26.44 (1377743061)|HEAP_ALLOCATE|[58]|Bytes:5
15:40:26.44 (1377749937)|VARIABLE_ASSIGNMENT|[58]|o|null|
15:40:26.44 (1377753393)|STATEMENT_EXECUTE|[60]
15:40:26.44 (1377759290)|METHOD_ENTRY|[60]|01pg8000001w1MX|AccountSelector.getAccountByIds(Set<Id>)
15:40:26.44 (1377764214)|VARIABLE_SCOPE_BEGIN|[2]|ids|Set<Id>|true|false
15:40:26.44 (1377773424)|VARIABLE_ASSIGNMENT|[2]|ids|["001g8000009UgxXAAS"]|0x104cc186
15:40:26.44 (1377781950)|STATEMENT_EXECUTE|[2]
15:40:26.44 (1377783111)|STATEMENT_EXECUTE|[3]
15:40:26.44 (1377792741)|HEAP_ALLOCATE|[3]|Bytes:4
15:40:26.44 (1377799975)|HEAP_ALLOCATE|[3]|Bytes:4
15:40:26.44 (1378118151)|SOQL_EXECUTE_BEGIN|[3]|Aggregations:0|SELECT Id, AccountGroup__c FROM Account WHERE Id = :tmpVar1
15:40:26.44 (1381813147)|SOQL_EXECUTE_END|[3]|Rows:1
15:40:26.44 (1381856046)|HEAP_ALLOCATE|[3]|Bytes:8
15:40:26.44 (1381880025)|HEAP_ALLOCATE|[3]|Bytes:66
15:40:26.44 (1381922314)|HEAP_ALLOCATE|[3]|Bytes:8
15:40:26.44 (1381944270)|HEAP_ALLOCATE|[3]|Bytes:12
15:40:26.44 (1381961150)|HEAP_ALLOCATE|[3]|Bytes:4
15:40:26.44 (1381977779)|METHOD_EXIT|[60]|01pg8000001w1MX|AccountSelector.getAccountByIds(Set<Id>)
15:40:26.44 (1381986862)|VARIABLE_SCOPE_BEGIN|[60]|mapAccounts|Map<Id,Account>|true|false
15:40:26.44 (1382064939)|VARIABLE_ASSIGNMENT|[60]|mapAccounts|{"001g8000009UgxXAAS":{"AccountGroup__c":"a02g8000002mB4sAAE","Id":"001g8000009UgxXAAS"}}|0x3ad76a24
15:40:26.44 (1382072538)|STATEMENT_EXECUTE|[62]
15:40:26.44 (1382080194)|METHOD_ENTRY|[62]|01pg8000001w1Mf|ProductSelector.getProductByIds(Set<Id>)
15:40:26.44 (1382085150)|VARIABLE_SCOPE_BEGIN|[2]|ids|Set<Id>|true|false
15:40:26.44 (1382095935)|VARIABLE_ASSIGNMENT|[2]|ids|["01tg8000001RPrNAAW"]|0x7cef8830
15:40:26.44 (1382111061)|STATEMENT_EXECUTE|[2]
15:40:26.44 (1382112305)|STATEMENT_EXECUTE|[3]
15:40:26.44 (1382121230)|HEAP_ALLOCATE|[3]|Bytes:4
15:40:26.44 (1382128451)|HEAP_ALLOCATE|[3]|Bytes:4
15:40:26.44 (1382464047)|SOQL_EXECUTE_BEGIN|[3]|Aggregations:0|SELECT Id, ProductionCost__c, ProductHierarchy__c FROM Product2 WHERE Id = :tmpVar1
15:40:26.44 (1385718180)|SOQL_EXECUTE_END|[3]|Rows:1
15:40:26.44 (1385740710)|HEAP_ALLOCATE|[3]|Bytes:8
15:40:26.44 (1385760258)|HEAP_ALLOCATE|[3]|Bytes:127
15:40:26.44 (1385795473)|HEAP_ALLOCATE|[3]|Bytes:8
15:40:26.44 (1385817512)|HEAP_ALLOCATE|[3]|Bytes:16
15:40:26.44 (1385833346)|HEAP_ALLOCATE|[3]|Bytes:4
15:40:26.44 (1385843613)|METHOD_EXIT|[62]|01pg8000001w1Mf|ProductSelector.getProductByIds(Set<Id>)
15:40:26.44 (1385852609)|VARIABLE_SCOPE_BEGIN|[62]|mapProducts|Map<Id,Product2>|true|false
15:40:26.44 (1385932975)|VARIABLE_ASSIGNMENT|[62]|mapProducts|{"01tg8000001RPrNAAW":{"ProductionCost__c":300000.00,"ProductHierarchy__c":"a01g8000009UgxYAAS","Id":"01tg8000001RPrNAAW"}}|0x2a8bd1f3
15:40:26.44 (1385940374)|STATEMENT_EXECUTE|[65]
15:40:26.44 (1385948304)|METHOD_ENTRY|[65]|01pg8000001w1MZ|MargemSelector.getMargemApproved()
15:40:26.44 (1385959488)|STATEMENT_EXECUTE|[2]
15:40:26.44 (1385960713)|STATEMENT_EXECUTE|[3]
15:40:26.44 (1385969917)|HEAP_ALLOCATE|[3]|Bytes:4
15:40:26.44 (1386442311)|SOQL_EXECUTE_BEGIN|[3]|Aggregations:0|SELECT Product__c, ProductHierarchy__c, Account__c, AccountGroup__c, City__c, State__c, Country__c, MarginValuePercent__c FROM Margem__c WHERE Status__c = 'Approved'
15:40:26.44 (1390244758)|SOQL_EXECUTE_END|[3]|Rows:1
15:40:26.44 (1390269655)|HEAP_ALLOCATE|[3]|Bytes:8
15:40:26.44 (1390294076)|HEAP_ALLOCATE|[3]|Bytes:184
15:40:26.44 (1390334744)|HEAP_ALLOCATE|[3]|Bytes:8
15:40:26.44 (1390351504)|METHOD_EXIT|[65]|01pg8000001w1MZ|MargemSelector.getMargemApproved()
15:40:26.44 (1390361009)|VARIABLE_SCOPE_BEGIN|[65]|listMargins|List<Margem__c>|true|false
15:40:26.44 (1390463027)|VARIABLE_ASSIGNMENT|[65]|listMargins|[{"Account__c":"001g8000009UgxXAAS","Product__c":"01tg8000001RPrNAAW","Id":"a00g800000PiJRdAAN","State__c":"a04g8000000b4z7AAA","MarginValuePercent__c":15.00}]|0x7c56501c
15:40:26.44 (1390471110)|STATEMENT_EXECUTE|[68]
15:40:26.44 (1390482236)|HEAP_ALLOCATE|[68]|Bytes:4
15:40:26.44 (1390490360)|VARIABLE_SCOPE_BEGIN|[68]|mapMargin|Map<String,Margem__c>|true|false
15:40:26.44 (1390502222)|VARIABLE_ASSIGNMENT|[68]|mapMargin|{}|0x3d37c808
15:40:26.44 (1390542338)|HEAP_ALLOCATE|[69]|Bytes:5
15:40:26.44 (1390558472)|HEAP_ALLOCATE|[69]|Bytes:24
15:40:26.44 (1390568613)|VARIABLE_SCOPE_BEGIN|[69]|m|Margem__c|true|false
15:40:26.44 (1390592883)|VARIABLE_ASSIGNMENT|[69]|m|{"Account__c":"001g8000009UgxXAAS","Product__c":"01tg8000001RPrNAAW","Id":"a00g800000PiJRdAAN","State__c":"a04g8000000b4z7AAA","MarginValuePercent__c":15.00}|0x186a76ea
15:40:26.44 (1390598092)|STATEMENT_EXECUTE|[69]
15:40:26.44 (1390599623)|STATEMENT_EXECUTE|[70]
15:40:26.44 (1390640895)|HEAP_ALLOCATE|[70]|Bytes:18
15:40:26.44 (1390649087)|VARIABLE_SCOPE_BEGIN|[70]|p|String|false|false
15:40:26.44 (1390654263)|VARIABLE_ASSIGNMENT|[70]|p|"01tg8000001RPrNAAW"
15:40:26.44 (1390656773)|STATEMENT_EXECUTE|[71]
15:40:26.44 (1390663947)|HEAP_ALLOCATE|[71]|Bytes:18
15:40:26.44 (1390668448)|VARIABLE_SCOPE_BEGIN|[71]|a|String|false|false
15:40:26.44 (1390672859)|VARIABLE_ASSIGNMENT|[71]|a|"001g8000009UgxXAAS"
15:40:26.44 (1390675190)|STATEMENT_EXECUTE|[72]
15:40:26.44 (1390684666)|HEAP_ALLOCATE|[72]|Bytes:18
15:40:26.44 (1390688786)|VARIABLE_SCOPE_BEGIN|[72]|l|String|false|false
15:40:26.44 (1390693161)|VARIABLE_ASSIGNMENT|[72]|l|"a04g8000000b4z7AAA"
15:40:26.44 (1390695278)|STATEMENT_EXECUTE|[75]
15:40:26.44 (1390702450)|HEAP_ALLOCATE|[75]|Bytes:56
15:40:26.44 (1390704399)|VARIABLE_SCOPE_BEGIN|[75]|compositeKey|String|false|false
15:40:26.44 (1390709881)|VARIABLE_ASSIGNMENT|[75]|compositeKey|"01tg8000001RPrNAAW_0 (36 more) ..."
15:40:26.44 (1390711952)|STATEMENT_EXECUTE|[76]
15:40:26.44 (1390722277)|HEAP_ALLOCATE|[EXTERNAL]|Bytes:-4
15:40:26.44 (1390726523)|STATEMENT_EXECUTE|[77]
15:40:26.44 (1390731570)|HEAP_ALLOCATE|[77]|Bytes:84
15:40:26.44 (1390746382)|USER_DEBUG|[77]|DEBUG|MAPA MARGEM - Chave Gerada: 01tg8000001RPrNAAW_001g8000009UgxXAAS_a04g8000000b4z7AAA
15:40:26.44 (1390754121)|HEAP_ALLOCATE|[69]|Bytes:5
15:40:26.44 (1390760677)|VARIABLE_ASSIGNMENT|[69]|m|null|
15:40:26.44 (1390765083)|STATEMENT_EXECUTE|[81]
15:40:26.44 (1390770103)|METHOD_ENTRY|[81]|01pg8000001w1Mg|TaxSelector.getTaxApproved()
15:40:26.44 (1390781481)|STATEMENT_EXECUTE|[2]
15:40:26.44 (1390782746)|STATEMENT_EXECUTE|[3]
15:40:26.44 (1390788793)|HEAP_ALLOCATE|[3]|Bytes:4
15:40:26.44 (1391108535)|SOQL_EXECUTE_BEGIN|[3]|Aggregations:0|SELECT Product__c, State__c, DistributionCenter__c, TaxRate__c FROM Tax__c WHERE Status__c = 'Approved'
15:40:26.44 (1393951987)|SOQL_EXECUTE_END|[3]|Rows:1
15:40:26.44 (1393974573)|HEAP_ALLOCATE|[3]|Bytes:8
15:40:26.44 (1393995372)|HEAP_ALLOCATE|[3]|Bytes:184
15:40:26.44 (1394032718)|HEAP_ALLOCATE|[3]|Bytes:8
15:40:26.44 (1394047811)|METHOD_EXIT|[81]|01pg8000001w1Mg|TaxSelector.getTaxApproved()
15:40:26.44 (1394056053)|VARIABLE_SCOPE_BEGIN|[81]|listTaxes|List<Tax__c>|true|false
15:40:26.44 (1394151894)|VARIABLE_ASSIGNMENT|[81]|listTaxes|[{"DistributionCenter__c":"a06g8000001ga05AAA","Product__c":"01tg8000001RPrNAAW","TaxRate__c":10.00,"Id":"a09g8000002CkwNAAS","State__c":"a04g8000000b4z7AAA"}]|0x4b412816
15:40:26.44 (1394159381)|STATEMENT_EXECUTE|[83]
15:40:26.44 (1394169361)|HEAP_ALLOCATE|[83]|Bytes:4
15:40:26.44 (1394176520)|VARIABLE_SCOPE_BEGIN|[83]|mapTaxByCompositeKey|Map<String,Tax__c>|true|false
15:40:26.44 (1394187620)|VARIABLE_ASSIGNMENT|[83]|mapTaxByCompositeKey|{}|0x40ebfd6
15:40:26.44 (1394223321)|HEAP_ALLOCATE|[84]|Bytes:5
15:40:26.44 (1394239220)|HEAP_ALLOCATE|[84]|Bytes:24
15:40:26.44 (1394248130)|VARIABLE_SCOPE_BEGIN|[84]|t|Tax__c|true|false
15:40:26.44 (1394272876)|VARIABLE_ASSIGNMENT|[84]|t|{"DistributionCenter__c":"a06g8000001ga05AAA","Product__c":"01tg8000001RPrNAAW","TaxRate__c":10.00,"Id":"a09g8000002CkwNAAS","State__c":"a04g8000000b4z7AAA"}|0x75a33209
15:40:26.44 (1394278520)|STATEMENT_EXECUTE|[84]
15:40:26.44 (1394279792)|STATEMENT_EXECUTE|[85]
15:40:26.44 (1394313717)|HEAP_ALLOCATE|[85]|Bytes:18
15:40:26.44 (1394324011)|HEAP_ALLOCATE|[86]|Bytes:18
15:40:26.44 (1394332639)|HEAP_ALLOCATE|[87]|Bytes:18
15:40:26.44 (1394340576)|HEAP_ALLOCATE|[85]|Bytes:54
15:40:26.44 (1394343778)|VARIABLE_SCOPE_BEGIN|[85]|key|String|false|false
15:40:26.44 (1394350236)|VARIABLE_ASSIGNMENT|[85]|key|"01tg8000001RPrNAAWa0 (34 more) ..."
15:40:26.44 (1394352805)|STATEMENT_EXECUTE|[88]
15:40:26.44 (1394361517)|HEAP_ALLOCATE|[EXTERNAL]|Bytes:-4
15:40:26.44 (1394369693)|HEAP_ALLOCATE|[84]|Bytes:5
15:40:26.44 (1394376123)|VARIABLE_ASSIGNMENT|[84]|t|null|
15:40:26.44 (1394379511)|STATEMENT_EXECUTE|[92]
15:40:26.44 (1394384136)|METHOD_ENTRY|[92]|01pg8000001w1MY|FreightSelector.getFreightApproved()
15:40:26.44 (1394395401)|STATEMENT_EXECUTE|[2]
15:40:26.44 (1394396691)|STATEMENT_EXECUTE|[3]
15:40:26.44 (1394403111)|HEAP_ALLOCATE|[3]|Bytes:4
15:40:26.44 (1394706986)|SOQL_EXECUTE_BEGIN|[3]|Aggregations:0|SELECT Product__c, City__c, State__c, Country__c, DistributionCenter__c, FreightValue__c, ProductHierarchy__c FROM Freight__c WHERE Status__c = 'Approved'
15:40:26.44 (1397398326)|SOQL_EXECUTE_END|[3]|Rows:1
15:40:26.44 (1397471642)|HEAP_ALLOCATE|[3]|Bytes:8
15:40:26.44 (1397497998)|HEAP_ALLOCATE|[3]|Bytes:189
15:40:26.44 (1397539947)|HEAP_ALLOCATE|[3]|Bytes:8
15:40:26.44 (1397554766)|METHOD_EXIT|[92]|01pg8000001w1MY|FreightSelector.getFreightApproved()
15:40:26.44 (1397563261)|VARIABLE_SCOPE_BEGIN|[92]|listFreights|List<Freight__c>|true|false
15:40:26.44 (1397662019)|VARIABLE_ASSIGNMENT|[92]|listFreights|[{"DistributionCenter__c":"a06g8000001ga05AAA","Product__c":"01tg8000001RPrNAAW","Id":"a0Ag8000000gFc9EAE","State__c":"a04g8000000b4z7AAA","FreightValue__c":700.00}]|0x433d029
15:40:26.44 (1397670043)|STATEMENT_EXECUTE|[94]
15:40:26.44 (1397680511)|HEAP_ALLOCATE|[94]|Bytes:4
15:40:26.44 (1397687210)|VARIABLE_SCOPE_BEGIN|[94]|mapFreight|Map<String,Freight__c>|true|false
15:40:26.44 (1397698350)|VARIABLE_ASSIGNMENT|[94]|mapFreight|{}|0xb186e1
15:40:26.44 (1397733100)|HEAP_ALLOCATE|[95]|Bytes:5
15:40:26.44 (1397747167)|HEAP_ALLOCATE|[95]|Bytes:24
15:40:26.44 (1397756170)|VARIABLE_SCOPE_BEGIN|[95]|f|Freight__c|true|false
15:40:26.44 (1397786430)|VARIABLE_ASSIGNMENT|[95]|f|{"DistributionCenter__c":"a06g8000001ga05AAA","Product__c":"01tg8000001RPrNAAW","Id":"a0Ag8000000gFc9EAE","State__c":"a04g8000000b4z7AAA","FreightValue__c":700.00}|0x1ccc11fb
15:40:26.44 (1397791585)|STATEMENT_EXECUTE|[95]
15:40:26.44 (1397792850)|STATEMENT_EXECUTE|[96]
15:40:26.44 (1397826943)|HEAP_ALLOCATE|[96]|Bytes:18
15:40:26.44 (1397834070)|VARIABLE_SCOPE_BEGIN|[96]|quem|String|false|false
15:40:26.44 (1397839064)|VARIABLE_ASSIGNMENT|[96]|quem|"01tg8000001RPrNAAW"
15:40:26.44 (1397841290)|STATEMENT_EXECUTE|[97]
15:40:26.44 (1397850929)|HEAP_ALLOCATE|[97]|Bytes:18
15:40:26.44 (1397855372)|VARIABLE_SCOPE_BEGIN|[97]|onde|String|false|false
15:40:26.44 (1397859750)|VARIABLE_ASSIGNMENT|[97]|onde|"a04g8000000b4z7AAA"
15:40:26.44 (1397861780)|STATEMENT_EXECUTE|[99]
15:40:26.44 (1397868820)|HEAP_ALLOCATE|[99]|Bytes:37
15:40:26.44 (1397870827)|VARIABLE_SCOPE_BEGIN|[99]|key|String|false|false
15:40:26.44 (1397876123)|VARIABLE_ASSIGNMENT|[99]|key|"01tg8000001RPrNAAW_a (17 more) ..."
15:40:26.44 (1397878531)|STATEMENT_EXECUTE|[101]
15:40:26.44 (1397886910)|HEAP_ALLOCATE|[EXTERNAL]|Bytes:-4
15:40:26.44 (1397891190)|STATEMENT_EXECUTE|[102]
15:40:26.44 (1397895652)|HEAP_ALLOCATE|[102]|Bytes:64
15:40:26.44 (1397906640)|USER_DEBUG|[102]|DEBUG|MAPA FRETE - Chave Gerada: 01tg8000001RPrNAAW_a04g8000000b4z7AAA
15:40:26.44 (1397914497)|HEAP_ALLOCATE|[95]|Bytes:5
15:40:26.44 (1397921065)|VARIABLE_ASSIGNMENT|[95]|f|null|
15:40:26.44 (1397935782)|HEAP_ALLOCATE|[106]|Bytes:5
15:40:26.44 (1397947706)|HEAP_ALLOCATE|[106]|Bytes:4
15:40:26.44 (1397951390)|VARIABLE_SCOPE_BEGIN|[106]|item|OrderItem|true|false
15:40:26.44 (1398522517)|VARIABLE_ASSIGNMENT|[106]|item|{"LastModifiedDate":"2026-04-10T18:40:27.000Z","DiscountPercentage__c":0.999737108801465881323026245742806,"DiscountValue__c":380285.50,"FinalPrice__c":380385.50,"ListPrice":1000.00,"AvailableQuantity":1.00,"PriceWithoutMargin__c":330770.00,"FreightValue__c":700.00,"CreatedById":"005g80000010N45AAE","MarginPercentage__c":15.00,"Product_Code_Display__c":"TRT 7","IsDeleted":false,"Quantity":10.00,"TaxPercentage__c":10.00,"OrderId":"801g8000009UgxZAAS","OrderItemNumber":"0000100113","SystemModstamp":"2026-04-10T18:40:27.000Z","UnitPrice":100.00,"Product2Id":"01tg8000001RPrNAAW","ProductionCost__c":300000.00,"PricebookEntryId":"01ug8000000gSvxAAE","TotalPrice":1000.00,"CreatedDate":"2026-04-10T18:40:27.000Z","Id":"802g8000002mB4tAAE","LastModifiedById":"005g80000010N45AAE"}|0x1bd50582
15:40:26.44 (1398533734)|STATEMENT_EXECUTE|[106]
15:40:26.44 (1398534964)|STATEMENT_EXECUTE|[107]
15:40:26.44 (1398556343)|VARIABLE_SCOPE_BEGIN|[107]|pedido|Order|true|false
15:40:26.44 (1398625595)|VARIABLE_ASSIGNMENT|[107]|pedido|{"Status":"Activated","City__c":"a05g8000002BenNAAS","Country__c":"a03g80000084yQnAAI","AccountId":"001g8000009UgxXAAS","DistributionCenter__c":"a06g8000001ga05AAA","Id":"801g8000009UgxZAAS","State__c":"a04g8000000b4z7AAA"}|0x2cd1e1ca
15:40:26.44 (1398630126)|STATEMENT_EXECUTE|[108]
15:40:26.44 (1398642321)|VARIABLE_SCOPE_BEGIN|[108]|produto|Product2|true|false
15:40:26.44 (1398671645)|VARIABLE_ASSIGNMENT|[108]|produto|{"ProductionCost__c":300000.00,"ProductHierarchy__c":"a01g8000009UgxYAAS","Id":"01tg8000001RPrNAAW"}|0x50be243d
15:40:26.44 (1398674969)|STATEMENT_EXECUTE|[109]
15:40:26.44 (1398689670)|VARIABLE_SCOPE_BEGIN|[109]|cliente|Account|true|false
15:40:26.44 (1398716356)|VARIABLE_ASSIGNMENT|[109]|cliente|{"AccountGroup__c":"a02g8000002mB4sAAE","Id":"001g8000009UgxXAAS"}|0x4a96049b
15:40:26.44 (1398744678)|HEAP_ALLOCATE|[113]|Bytes:28
15:40:26.44 (1398747190)|HEAP_ALLOCATE|[113]|Bytes:28
15:40:26.44 (1398773306)|HEAP_ALLOCATE|[113]|Bytes:28
15:40:26.44 (1398774892)|HEAP_ALLOCATE|[113]|Bytes:28
15:40:26.44 (1398784090)|STATEMENT_EXECUTE|[113]
15:40:26.44 (1398787411)|STATEMENT_EXECUTE|[119]
15:40:26.44 (1398788467)|STATEMENT_EXECUTE|[121]
15:40:26.44 (1398794400)|HEAP_ALLOCATE|[121]|Bytes:18
15:40:26.44 (1398802887)|HEAP_ALLOCATE|[122]|Bytes:18
15:40:26.44 (1398810662)|HEAP_ALLOCATE|[123]|Bytes:18
15:40:26.44 (1398815768)|HEAP_ALLOCATE|[121]|Bytes:54
15:40:26.44 (1398818394)|VARIABLE_SCOPE_BEGIN|[121]|keyOrderItemImposto|String|false|false
15:40:26.44 (1398824189)|VARIABLE_ASSIGNMENT|[121]|keyOrderItemImposto|"01tg8000001RPrNAAWa0 (34 more) ..."
15:40:26.44 (1398826617)|STATEMENT_EXECUTE|[125]
15:40:26.44 (1398837169)|VARIABLE_SCOPE_BEGIN|[125]|impostoEncontrado|Tax__c|true|false
15:40:26.44 (1398871496)|VARIABLE_ASSIGNMENT|[125]|impostoEncontrado|{"DistributionCenter__c":"a06g8000001ga05AAA","Product__c":"01tg8000001RPrNAAW","TaxRate__c":10.00,"Id":"a09g8000002CkwNAAS","State__c":"a04g8000000b4z7AAA"}|0x75a33209
15:40:26.44 (1398875241)|STATEMENT_EXECUTE|[127]
15:40:26.44 (1399296070)|VARIABLE_ASSIGNMENT|[127]|this.TaxPercentage__c|10.00|0x1bd50582
15:40:26.44 (1399302892)|STATEMENT_EXECUTE|[130]
15:40:26.44 (1399319583)|METHOD_ENTRY|[130]|01pg8000001F8kf|PricingService.findMargin(OrderItem, Order, Map<String,Margem__c>, Id, Account)
15:40:26.44 (1399326858)|VARIABLE_SCOPE_BEGIN|[21]|item|OrderItem|true|false
15:40:26.44 (1399700586)|VARIABLE_ASSIGNMENT|[21]|item|{"LastModifiedDate":"2026-04-10T18:40:27.000Z","DiscountPercentage__c":0.999737108801465881323026245742806,"DiscountValue__c":380285.50,"FinalPrice__c":380385.50,"ListPrice":1000.00,"AvailableQuantity":1.00,"PriceWithoutMargin__c":330770.00,"FreightValue__c":700.00,"CreatedById":"005g80000010N45AAE","MarginPercentage__c":15.00,"Product_Code_Display__c":"TRT 7","IsDeleted":false,"Quantity":10.00,"TaxPercentage__c":10.00,"OrderId":"801g8000009UgxZAAS","OrderItemNumber":"0000100113","SystemModstamp":"2026-04-10T18:40:27.000Z","UnitPrice":100.00,"Product2Id":"01tg8000001RPrNAAW","ProductionCost__c":300000.00,"PricebookEntryId":"01ug8000000gSvxAAE","TotalPrice":1000.00,"CreatedDate":"2026-04-10T18:40:27.000Z","Id":"802g8000002mB4tAAE","LastModifiedById":"005g80000010N45AAE"}|0x1bd50582
15:40:26.44 (1399710312)|VARIABLE_SCOPE_BEGIN|[21]|pedido|Order|true|false
15:40:26.44 (1399759866)|VARIABLE_ASSIGNMENT|[21]|pedido|{"Status":"Activated","City__c":"a05g8000002BenNAAS","Country__c":"a03g80000084yQnAAI","AccountId":"001g8000009UgxXAAS","DistributionCenter__c":"a06g8000001ga05AAA","Id":"801g8000009UgxZAAS","State__c":"a04g8000000b4z7AAA"}|0x2cd1e1ca
15:40:26.44 (1399764072)|VARIABLE_SCOPE_BEGIN|[21]|mapMargin|Map<String,Margem__c>|true|false
15:40:26.44 (1399808357)|VARIABLE_ASSIGNMENT|[21]|mapMargin|{"01tg8000001RPrNAAW_001g8000009UgxXAAS_a04g8000000b4z7AAA":{"Account__c":"001g8000009UgxXAAS","Product__c":"01tg8000001RPrNAAW","Id":"a00g800000PiJRdAAN","State__c":"a04g8000000b4z7AAA","MarginValuePercent__c":15.00}}|0x3d37c808
15:40:26.44 (1399812651)|VARIABLE_SCOPE_BEGIN|[21]|h|Id|false|false
15:40:26.44 (1399889864)|VARIABLE_ASSIGNMENT|[21]|h|"a01g8000009UgxYAAS"
15:40:26.44 (1399892367)|VARIABLE_SCOPE_BEGIN|[21]|cliente|Account|true|false
15:40:26.44 (1399913491)|VARIABLE_ASSIGNMENT|[21]|cliente|{"AccountGroup__c":"a02g8000002mB4sAAE","Id":"001g8000009UgxXAAS"}|0x4a96049b
15:40:26.44 (1399927286)|STATEMENT_EXECUTE|[21]
15:40:26.44 (1399928424)|STATEMENT_EXECUTE|[22]
15:40:26.44 (1399936295)|VARIABLE_SCOPE_BEGIN|[22]|p|Id|false|false
15:40:26.44 (1399963116)|VARIABLE_ASSIGNMENT|[22]|p|"01tg8000001RPrNAAW"
15:40:26.44 (1399965847)|STATEMENT_EXECUTE|[23]
15:40:26.44 (1399970189)|VARIABLE_SCOPE_BEGIN|[23]|a|Id|false|false
15:40:26.44 (1399989211)|VARIABLE_ASSIGNMENT|[23]|a|"001g8000009UgxXAAS"
15:40:26.44 (1399991678)|STATEMENT_EXECUTE|[24]
15:40:26.44 (1399997137)|VARIABLE_SCOPE_BEGIN|[24]|g|Id|false|false
15:40:26.44 (1400015339)|VARIABLE_ASSIGNMENT|[24]|g|"a02g8000002mB4sAAE"
15:40:26.44 (1400018361)|STATEMENT_EXECUTE|[25]
15:40:26.44 (1400021533)|VARIABLE_SCOPE_BEGIN|[25]|c|Id|false|false
15:40:26.44 (1400039511)|VARIABLE_ASSIGNMENT|[25]|c|"a05g8000002BenNAAS"
15:40:26.44 (1400041961)|STATEMENT_EXECUTE|[26]
15:40:26.44 (1400044753)|VARIABLE_SCOPE_BEGIN|[26]|e|Id|false|false
15:40:26.44 (1400062260)|VARIABLE_ASSIGNMENT|[26]|e|"a04g8000000b4z7AAA"
15:40:26.44 (1400064729)|STATEMENT_EXECUTE|[27]
15:40:26.44 (1400068370)|VARIABLE_SCOPE_BEGIN|[27]|pa|Id|false|false
15:40:26.44 (1400086926)|VARIABLE_ASSIGNMENT|[27]|pa|"a03g80000084yQnAAI"
15:40:26.44 (1400104068)|HEAP_ALLOCATE|[30]|Bytes:18
15:40:26.44 (1400115260)|HEAP_ALLOCATE|[30]|Bytes:18
15:40:26.44 (1400121753)|HEAP_ALLOCATE|[30]|Bytes:18
15:40:26.44 (1400129189)|HEAP_ALLOCATE|[30]|Bytes:56
15:40:26.44 (1400142715)|STATEMENT_EXECUTE|[30]
15:40:26.44 (1400147030)|HEAP_ALLOCATE|[31]|Bytes:18
15:40:26.44 (1400169879)|HEAP_ALLOCATE|[31]|Bytes:18
15:40:26.44 (1400177638)|HEAP_ALLOCATE|[31]|Bytes:18
15:40:26.44 (1400181897)|HEAP_ALLOCATE|[31]|Bytes:56
15:40:26.44 (1400186894)|STATEMENT_EXECUTE|[31]
15:40:26.44 (1400190124)|HEAP_ALLOCATE|[31]|Bytes:18
15:40:26.44 (1400196037)|HEAP_ALLOCATE|[31]|Bytes:18
15:40:26.44 (1400201912)|HEAP_ALLOCATE|[31]|Bytes:18
15:40:26.44 (1400206066)|HEAP_ALLOCATE|[31]|Bytes:56
15:40:26.44 (1400220065)|METHOD_EXIT|[130]|01pg8000001F8kf|PricingService.findMargin(OrderItem, Order, Map<String,Margem__c>, Id, Account)
15:40:26.44 (1400225620)|VARIABLE_SCOPE_BEGIN|[130]|margem|Margem__c|true|false
15:40:26.44 (1400257758)|VARIABLE_ASSIGNMENT|[130]|margem|{"Account__c":"001g8000009UgxXAAS","Product__c":"01tg8000001RPrNAAW","Id":"a00g800000PiJRdAAN","State__c":"a04g8000000b4z7AAA","MarginValuePercent__c":15.00}|0x186a76ea
15:40:26.44 (1400262072)|STATEMENT_EXECUTE|[131]
15:40:26.44 (1400663253)|VARIABLE_ASSIGNMENT|[131]|this.MarginPercentage__c|15.00|0x1bd50582
15:40:26.44 (1400667444)|STATEMENT_EXECUTE|[134]
15:40:26.44 (1400677657)|METHOD_ENTRY|[134]|01pg8000001F8kf|PricingService.findFreightValue(OrderItem, Order, Map<String,Freight__c>, Id)
15:40:26.44 (1400681705)|VARIABLE_SCOPE_BEGIN|[4]|item|OrderItem|true|false
15:40:26.44 (1401019521)|VARIABLE_ASSIGNMENT|[4]|item|{"LastModifiedDate":"2026-04-10T18:40:27.000Z","DiscountPercentage__c":0.999737108801465881323026245742806,"DiscountValue__c":380285.50,"FinalPrice__c":380385.50,"ListPrice":1000.00,"AvailableQuantity":1.00,"PriceWithoutMargin__c":330770.00,"FreightValue__c":700.00,"CreatedById":"005g80000010N45AAE","MarginPercentage__c":15.00,"Product_Code_Display__c":"TRT 7","IsDeleted":false,"Quantity":10.00,"TaxPercentage__c":10.00,"OrderId":"801g8000009UgxZAAS","OrderItemNumber":"0000100113","SystemModstamp":"2026-04-10T18:40:27.000Z","UnitPrice":100.00,"Product2Id":"01tg8000001RPrNAAW","ProductionCost__c":300000.00,"PricebookEntryId":"01ug8000000gSvxAAE","TotalPrice":1000.00,"CreatedDate":"2026-04-10T18:40:27.000Z","Id":"802g8000002mB4tAAE","LastModifiedById":"005g80000010N45AAE"}|0x1bd50582
15:40:26.44 (1401028901)|VARIABLE_SCOPE_BEGIN|[4]|pedido|Order|true|false
15:40:26.44 (1401070172)|VARIABLE_ASSIGNMENT|[4]|pedido|{"Status":"Activated","City__c":"a05g8000002BenNAAS","Country__c":"a03g80000084yQnAAI","AccountId":"001g8000009UgxXAAS","DistributionCenter__c":"a06g8000001ga05AAA","Id":"801g8000009UgxZAAS","State__c":"a04g8000000b4z7AAA"}|0x2cd1e1ca
15:40:26.44 (1401074220)|VARIABLE_SCOPE_BEGIN|[4]|mapFrete|Map<String,Freight__c>|true|false
15:40:26.44 (1401107464)|VARIABLE_ASSIGNMENT|[4]|mapFrete|{"01tg8000001RPrNAAW_a04g8000000b4z7AAA":{"DistributionCenter__c":"a06g8000001ga05AAA","Product__c":"01tg8000001RPrNAAW","Id":"a0Ag8000000gFc9EAE","State__c":"a04g8000000b4z7AAA","FreightValue__c":700.00}}|0xb186e1
15:40:26.44 (1401111312)|VARIABLE_SCOPE_BEGIN|[4]|h|Id|false|false
15:40:26.44 (1401156486)|VARIABLE_ASSIGNMENT|[4]|h|"a01g8000009UgxYAAS"
15:40:26.44 (1401164777)|STATEMENT_EXECUTE|[4]
15:40:26.44 (1401165968)|STATEMENT_EXECUTE|[5]
15:40:26.44 (1401171941)|VARIABLE_SCOPE_BEGIN|[5]|p|Id|false|false
15:40:26.44 (1401194519)|VARIABLE_ASSIGNMENT|[5]|p|"01tg8000001RPrNAAW"
15:40:26.44 (1401197339)|STATEMENT_EXECUTE|[6]
15:40:26.44 (1401200317)|VARIABLE_SCOPE_BEGIN|[6]|c|Id|false|false
15:40:26.44 (1401219010)|VARIABLE_ASSIGNMENT|[6]|c|"a05g8000002BenNAAS"
15:40:26.44 (1401221410)|STATEMENT_EXECUTE|[7]
15:40:26.44 (1401223915)|VARIABLE_SCOPE_BEGIN|[7]|e|Id|false|false
15:40:26.44 (1401242044)|VARIABLE_ASSIGNMENT|[7]|e|"a04g8000000b4z7AAA"
15:40:26.44 (1401244514)|STATEMENT_EXECUTE|[8]
15:40:26.44 (1401247117)|VARIABLE_SCOPE_BEGIN|[8]|pa|Id|false|false
15:40:26.44 (1401264955)|VARIABLE_ASSIGNMENT|[8]|pa|"a03g80000084yQnAAI"
15:40:26.44 (1401277055)|HEAP_ALLOCATE|[10]|Bytes:18
15:40:26.44 (1401286684)|HEAP_ALLOCATE|[10]|Bytes:18
15:40:26.44 (1401292446)|HEAP_ALLOCATE|[10]|Bytes:37
15:40:26.44 (1401301810)|STATEMENT_EXECUTE|[10]
15:40:26.44 (1401305857)|HEAP_ALLOCATE|[11]|Bytes:18
15:40:26.44 (1401312066)|HEAP_ALLOCATE|[11]|Bytes:18
15:40:26.44 (1401316044)|HEAP_ALLOCATE|[11]|Bytes:37
15:40:26.44 (1401320854)|STATEMENT_EXECUTE|[11]
15:40:26.44 (1401324196)|HEAP_ALLOCATE|[11]|Bytes:18
15:40:26.44 (1401330124)|HEAP_ALLOCATE|[11]|Bytes:18
15:40:26.44 (1401334220)|HEAP_ALLOCATE|[11]|Bytes:37
15:40:26.44 (1401353241)|METHOD_EXIT|[134]|01pg8000001F8kf|PricingService.findFreightValue(OrderItem, Order, Map<String,Freight__c>, Id)
15:40:26.44 (1401805217)|VARIABLE_ASSIGNMENT|[134]|this.FreightValue__c|700.00|0x1bd50582
15:40:26.44 (1401811445)|STATEMENT_EXECUTE|[137]
15:40:26.44 (1401823103)|VARIABLE_SCOPE_BEGIN|[137]|custoUnitario|Decimal|false|false
15:40:26.44 (1401828591)|VARIABLE_ASSIGNMENT|[137]|custoUnitario|300000.00
15:40:26.44 (1401830848)|STATEMENT_EXECUTE|[140]
15:40:26.44 (1401841093)|HEAP_ALLOCATE|[140]|Bytes:28
15:40:26.44 (1401846662)|HEAP_ALLOCATE|[140]|Bytes:28
15:40:26.44 (1401853557)|METHOD_ENTRY|[140]|01pg8000001F8kf|PricingService.calculateFinalPrice(OrderItem, Decimal, Margem__c, Decimal, Decimal)
15:40:26.44 (1401858768)|VARIABLE_SCOPE_BEGIN|[47]|item|OrderItem|true|false
15:40:26.44 (1402202615)|VARIABLE_ASSIGNMENT|[47]|item|{"LastModifiedDate":"2026-04-10T18:40:27.000Z","DiscountPercentage__c":0.999737108801465881323026245742806,"DiscountValue__c":380285.50,"FinalPrice__c":380385.50,"ListPrice":1000.00,"AvailableQuantity":1.00,"PriceWithoutMargin__c":330770.00,"FreightValue__c":700.00,"CreatedById":"005g80000010N45AAE","MarginPercentage__c":15.00,"Product_Code_Display__c":"TRT 7","IsDeleted":false,"Quantity":10.00,"TaxPercentage__c":10.00,"OrderId":"801g8000009UgxZAAS","OrderItemNumber":"0000100113","SystemModstamp":"2026-04-10T18:40:27.000Z","UnitPrice":100.00,"Product2Id":"01tg8000001RPrNAAW","ProductionCost__c":300000.00,"PricebookEntryId":"01ug8000000gSvxAAE","TotalPrice":1000.00,"CreatedDate":"2026-04-10T18:40:27.000Z","Id":"802g8000002mB4tAAE","LastModifiedById":"005g80000010N45AAE"}|0x1bd50582
15:40:26.44 (1402216559)|VARIABLE_SCOPE_BEGIN|[47]|frete|Decimal|false|false
15:40:26.44 (1402223901)|VARIABLE_ASSIGNMENT|[47]|frete|700.00
15:40:26.44 (1402227492)|VARIABLE_SCOPE_BEGIN|[47]|margem|Margem__c|true|false
15:40:26.44 (1402274605)|VARIABLE_ASSIGNMENT|[47]|margem|{"Account__c":"001g8000009UgxXAAS","Product__c":"01tg8000001RPrNAAW","Id":"a00g800000PiJRdAAN","State__c":"a04g8000000b4z7AAA","MarginValuePercent__c":15.00}|0x186a76ea
15:40:26.44 (1402277868)|VARIABLE_SCOPE_BEGIN|[47]|impostoPercent|Decimal|false|false
15:40:26.44 (1402282118)|VARIABLE_ASSIGNMENT|[47]|impostoPercent|10.00
15:40:26.44 (1402283881)|VARIABLE_SCOPE_BEGIN|[47]|custo|Decimal|false|false
15:40:26.44 (1402287898)|VARIABLE_ASSIGNMENT|[47]|custo|300000.00
15:40:26.44 (1402296230)|STATEMENT_EXECUTE|[47]
15:40:26.44 (1402297295)|STATEMENT_EXECUTE|[48]
15:40:26.44 (1402309541)|VARIABLE_SCOPE_BEGIN|[48]|mPerc|Decimal|false|false
15:40:26.44 (1402313945)|VARIABLE_ASSIGNMENT|[48]|mPerc|15.00
15:40:26.44 (1402315966)|STATEMENT_EXECUTE|[49]
15:40:26.44 (1402317435)|VARIABLE_SCOPE_BEGIN|[49]|iPerc|Decimal|false|false
15:40:26.44 (1402321506)|VARIABLE_ASSIGNMENT|[49]|iPerc|10.00
15:40:26.44 (1402323351)|STATEMENT_EXECUTE|[50]
15:40:26.44 (1402324869)|VARIABLE_SCOPE_BEGIN|[50]|custoProd|Decimal|false|false
15:40:26.44 (1402328677)|VARIABLE_ASSIGNMENT|[50]|custoProd|300000.00
15:40:26.44 (1402330980)|STATEMENT_EXECUTE|[51]
15:40:26.44 (1402332364)|VARIABLE_SCOPE_BEGIN|[51]|freteVal|Decimal|false|false
15:40:26.44 (1402336265)|VARIABLE_ASSIGNMENT|[51]|freteVal|700.00
15:40:26.44 (1402338460)|STATEMENT_EXECUTE|[54]
15:40:26.44 (1402359953)|HEAP_ALLOCATE|[54]|Bytes:28
15:40:26.44 (1402366410)|VARIABLE_SCOPE_BEGIN|[54]|precoBase|Decimal|false|false
15:40:26.44 (1402370529)|VARIABLE_ASSIGNMENT|[54]|precoBase|300700.00
15:40:26.44 (1402372639)|STATEMENT_EXECUTE|[57]
15:40:26.44 (1402379095)|HEAP_ALLOCATE|[57]|Bytes:28
15:40:26.44 (1402380736)|HEAP_ALLOCATE|[57]|Bytes:28
15:40:26.44 (1402384681)|HEAP_ALLOCATE|[57]|Bytes:28
15:40:26.44 (1402437331)|HEAP_ALLOCATE|[57]|Bytes:28
15:40:26.44 (1402439991)|HEAP_ALLOCATE|[57]|Bytes:28
15:40:26.44 (1402453178)|HEAP_ALLOCATE|[57]|Bytes:28
15:40:26.44 (1402466660)|HEAP_ALLOCATE|[57]|Bytes:28
15:40:26.44 (1402473075)|VARIABLE_SCOPE_BEGIN|[57]|precoSemMargem|Decimal|false|false
15:40:26.44 (1402479226)|VARIABLE_ASSIGNMENT|[57]|precoSemMargem|330770.0000
15:40:26.44 (1402481582)|STATEMENT_EXECUTE|[60]
15:40:26.44 (1402484189)|HEAP_ALLOCATE|[60]|Bytes:28
15:40:26.44 (1402486017)|HEAP_ALLOCATE|[60]|Bytes:28
15:40:26.44 (1402488417)|HEAP_ALLOCATE|[60]|Bytes:28
15:40:26.44 (1402499883)|HEAP_ALLOCATE|[60]|Bytes:28
15:40:26.44 (1402501470)|HEAP_ALLOCATE|[60]|Bytes:28
15:40:26.44 (1402510232)|HEAP_ALLOCATE|[60]|Bytes:28
15:40:26.44 (1402521199)|HEAP_ALLOCATE|[60]|Bytes:28
15:40:26.44 (1402526734)|VARIABLE_SCOPE_BEGIN|[60]|precoCalculado|Decimal|false|false
15:40:26.44 (1402533648)|VARIABLE_ASSIGNMENT|[60]|precoCalculado|380385.500000
15:40:26.44 (1402536714)|STATEMENT_EXECUTE|[63]
15:40:26.44 (1403022382)|VARIABLE_ASSIGNMENT|[63]|this.ProductionCost__c|300000.00|0x1bd50582
15:40:26.44 (1403031712)|STATEMENT_EXECUTE|[64]
15:40:26.44 (1403352106)|VARIABLE_ASSIGNMENT|[64]|this.MarginPercentage__c|15.00|0x1bd50582
15:40:26.44 (1403355642)|STATEMENT_EXECUTE|[65]
15:40:26.44 (1403652642)|VARIABLE_ASSIGNMENT|[65]|this.FreightValue__c|700.00|0x1bd50582
15:40:26.44 (1403655903)|STATEMENT_EXECUTE|[66]
15:40:26.44 (1403998018)|VARIABLE_ASSIGNMENT|[66]|this.TaxPercentage__c|10.00|0x1bd50582
15:40:26.44 (1404001874)|STATEMENT_EXECUTE|[67]
15:40:26.44 (1404337092)|VARIABLE_ASSIGNMENT|[67]|this.PriceWithoutMargin__c|330770.0000|0x1bd50582
15:40:26.44 (1404341298)|STATEMENT_EXECUTE|[68]
15:40:26.44 (1404630718)|VARIABLE_ASSIGNMENT|[68]|this.FinalPrice__c|380385.500000|0x1bd50582
15:40:26.44 (1404634359)|STATEMENT_EXECUTE|[71]
15:40:26.44 (1404653152)|VARIABLE_SCOPE_BEGIN|[71]|unitPriceDigitado|Decimal|false|false
15:40:26.44 (1404659204)|VARIABLE_ASSIGNMENT|[71]|unitPriceDigitado|100.00
15:40:26.44 (1404672427)|HEAP_ALLOCATE|[74]|Bytes:28
15:40:26.44 (1404675361)|HEAP_ALLOCATE|[74]|Bytes:28
15:40:26.44 (1404702626)|STATEMENT_EXECUTE|[74]
15:40:26.44 (1404703669)|STATEMENT_EXECUTE|[75]
15:40:26.44 (1404712475)|HEAP_ALLOCATE|[75]|Bytes:28
15:40:26.44 (1404752898)|HEAP_ALLOCATE|[75]|Bytes:28
15:40:26.44 (1404754607)|HEAP_ALLOCATE|[75]|Bytes:28
15:40:26.44 (1405097629)|VARIABLE_ASSIGNMENT|[75]|this.DiscountPercentage__c|0.999737108801465881323026245742806|0x1bd50582
15:40:26.44 (1405102762)|STATEMENT_EXECUTE|[76]
15:40:26.44 (1405111890)|HEAP_ALLOCATE|[76]|Bytes:28
15:40:26.44 (1405411131)|VARIABLE_ASSIGNMENT|[76]|this.DiscountValue__c|380285.500000|0x1bd50582
15:40:26.44 (1405415009)|STATEMENT_EXECUTE|[79]
15:40:26.44 (1405483013)|HEAP_ALLOCATE|[79]|Bytes:28
15:40:26.44 (1405814607)|VARIABLE_ASSIGNMENT|[79]|this.UnitPrice|380385.500000|0x1bd50582
15:40:26.44 (1405825652)|METHOD_EXIT|[140]|01pg8000001F8kf|PricingService.calculateFinalPrice(OrderItem, Decimal, Margem__c, Decimal, Decimal)
15:40:26.44 (1405846768)|HEAP_ALLOCATE|[106]|Bytes:5
15:40:26.44 (1405861459)|VARIABLE_ASSIGNMENT|[106]|item|null|
15:40:26.44 (1405866884)|METHOD_EXIT|[27]|01pg8000001EZwd|OrdemItemHandler.executePricingLogic()
15:40:26.44 (1405872353)|METHOD_EXIT|[140]|01pg8000001EZwd|OrdemItemHandler.beforeUpdate()
15:40:26.44 (1405875694)|STATEMENT_EXECUTE|[158]
15:40:26.44 (1405884289)|METHOD_ENTRY|[158]|01pg80000019iSf|TriggerHandler.andFinally()
15:40:26.44 (1405888605)|VARIABLE_SCOPE_BEGIN|[746]|this|TriggerHandler|true|false
15:40:26.44 (1405947990)|VARIABLE_ASSIGNMENT|[746]|this|{"newRecords":"0x36aa1b2b","newRecordsMap":"0x656aada5","oldRecords":"0x984cc31","oldRecordsMap":"0x62bd1cee","handlerName":"OrderItemHandler","isTriggerExecuting":true,"triggerEvent":"0x6dd866e9"}|0x1488e378
15:40:26.44 (1405957644)|STATEMENT_EXECUTE|[746]
15:40:26.44 (1405959247)|METHOD_EXIT|[158]|01pg80000019iSf|TriggerHandler.andFinally()
15:40:26.44 (1405963273)|STATEMENT_EXECUTE|[160]
15:40:26.44 (1405965211)|STATEMENT_EXECUTE|[176]
15:40:26.44 (1405968694)|METHOD_EXIT|[2]|01pg80000019iSf|TriggerHandler.run()
15:40:26.405 (1405977677)|CUMULATIVE_LIMIT_USAGE
15:40:26.405 (1405977677)|LIMIT_USAGE_FOR_NS|(default)|
  Number of SOQL queries: 11 out of 100
  Number of query rows: 10 out of 50000
  Number of SOSL queries: 0 out of 20
  Number of DML statements: 15 out of 150
  Number of Publish Immediate DML: 0 out of 150
  Number of DML rows: 15 out of 10000
  Maximum CPU time: 99 out of 10000
  Maximum heap size: 0 out of 6000000
  Number of callouts: 0 out of 100
  Number of Email Invocations: 0 out of 10
  Number of future calls: 0 out of 50
  Number of queueable jobs added to the queue: 0 out of 50
  Number of Mobile Apex push calls: 0 out of 10

15:40:26.405 (1405977677)|TESTING_LIMITS
15:40:26.405 (1405977677)|LIMIT_USAGE_FOR_NS|(default)|
  Number of SOQL queries: 7 out of 100
  Number of query rows: 7 out of 50000
  Number of SOSL queries: 0 out of 20
  Number of DML statements: 1 out of 150
  Number of Publish Immediate DML: 0 out of 150
  Number of DML rows: 1 out of 10000
  Maximum CPU time: 0 out of 10000
  Maximum heap size: 0 out of 6000000
  Number of callouts: 0 out of 100
  Number of Email Invocations: 0 out of 10
  Number of future calls: 0 out of 50
  Number of queueable jobs added to the queue: 0 out of 50
  Number of Mobile Apex push calls: 0 out of 10

15:40:26.405 (1405977677)|CUMULATIVE_LIMIT_USAGE_END

15:40:26.44 (1406195629)|CODE_UNIT_FINISHED|OrdemItemTrigger on OrderItem trigger event BeforeUpdate|__sfdc_trigger/OrdemItemTrigger
15:40:26.44 (1408019361)|DML_END|[206]
15:40:26.44 (1408088980)|EXCEPTION_THROWN|[206]|System.DmlException: Update failed. First exception on row 0 with id 802g8000002mB4tAAE; first error: FIELD_CUSTOM_VALIDATION_EXCEPTION, Não é possivel fazer qualquer alteração dos ITENS após o pedido ser marcado como Ativo: []
15:40:26.44 (1408660855)|HEAP_ALLOCATE|[206]|Bytes:210
15:40:26.44 (1408705983)|VARIABLE_SCOPE_BEGIN|[208]|e|System.DmlException|true|false
15:40:26.44 (1408752500)|VARIABLE_ASSIGNMENT|[208]|e|"common.apex.runtime.impl.DmlExecutionException: Update failed. First exception on row 0 with id 802g8000002mB4tAAE; first error: FIELD_CUSTOM_VALIDATION_EXCEPTION, Não é possivel fazer qualquer alteração dos ITENS após o pedido ser marcado como Ativo: []"|0x6155bed6
15:40:26.44 (1408761130)|STATEMENT_EXECUTE|[208]
15:40:26.44 (1408762342)|STATEMENT_EXECUTE|[209]
15:40:26.44 (1408834862)|HEAP_ALLOCATE|[209]|Bytes:206
15:40:26.44 (1408841776)|VARIABLE_SCOPE_BEGIN|[209]|mensagem|String|false|false
15:40:26.44 (1408850176)|VARIABLE_ASSIGNMENT|[209]|mensagem|"Update failed. First (186 more) ..."
15:40:26.44 (1408852555)|STATEMENT_EXECUTE|[210]
15:40:26.44 (1408891674)|HEAP_ALLOCATE|[211]|Bytes:34
15:40:26.44 (1408899810)|HEAP_ALLOCATE|[211]|Bytes:240
15:40:26.44 (1408968931)|HEAP_ALLOCATE|[210]|Bytes:51
15:40:26.44 (1408984538)|SYSTEM_METHOD_ENTRY|[4]|Assert.Assert()
15:40:26.44 (1408986880)|STATEMENT_EXECUTE|[4]
15:40:26.44 (1408996668)|SYSTEM_METHOD_EXIT|[4]|Assert
15:40:26.44 (1409006190)|METHOD_ENTRY|[210]||System.Assert.isTrue(Boolean, String)
15:40:26.44 (1409064687)|METHOD_EXIT|[210]||System.Assert.isTrue(Boolean, String)
15:40:26.44 (1409067781)|STATEMENT_EXECUTE|[213]
15:40:26.44 (1409073934)|METHOD_ENTRY|[213]||System.Test.stopTest()
15:40:26.44 (1409291686)|METHOD_EXIT|[213]||System.Test.stopTest()
15:40:26.409 (1409300595)|CUMULATIVE_LIMIT_USAGE
15:40:26.409 (1409300595)|LIMIT_USAGE_FOR_NS|(default)|
  Number of SOQL queries: 11 out of 100
  Number of query rows: 10 out of 50000
  Number of SOSL queries: 0 out of 20
  Number of DML statements: 15 out of 150
  Number of Publish Immediate DML: 0 out of 150
  Number of DML rows: 15 out of 10000
  Maximum CPU time: 99 out of 10000
  Maximum heap size: 0 out of 6000000
  Number of callouts: 0 out of 100
  Number of Email Invocations: 0 out of 10
  Number of future calls: 0 out of 50
  Number of queueable jobs added to the queue: 0 out of 50
  Number of Mobile Apex push calls: 0 out of 10

15:40:26.409 (1409300595)|TESTING_LIMITS
15:40:26.409 (1409300595)|LIMIT_USAGE_FOR_NS|(default)|
  Number of SOQL queries: 0 out of 100
  Number of query rows: 0 out of 50000
  Number of SOSL queries: 0 out of 20
  Number of DML statements: 1 out of 150
  Number of Publish Immediate DML: 0 out of 150
  Number of DML rows: 1 out of 10000
  Maximum CPU time: 0 out of 10000
  Maximum heap size: 0 out of 6000000
  Number of callouts: 0 out of 100
  Number of Email Invocations: 0 out of 10
  Number of future calls: 0 out of 50
  Number of queueable jobs added to the queue: 0 out of 50
  Number of Mobile Apex push calls: 0 out of 10

15:40:26.409 (1409300595)|CUMULATIVE_LIMIT_USAGE_END

15:40:26.44 (1409345239)|CODE_UNIT_FINISHED|OrderItemHandlerTest.shouldNotAllowChangesOnActiveOrder()
15:40:26.44 (1409353419)|EXECUTION_FINISHED
