66.0 APEX_CODE,FINEST;APEX_PROFILING,INFO;CALLOUT,INFO;DATA_ACCESS,INFO;DB,INFO;NBA,INFO;SYSTEM,DEBUG;VALIDATION,INFO;VISUALFORCE,INFO;WAVE,INFO;WORKFLOW,INFO
15:30:22.6 (6178803)|USER_INFO|[EXTERNAL]|005g80000010N45|sabrina.jesus@resourceful-moose-fmmd11.com|(GMT-03:00) Brasilia Standard Time (America/Sao_Paulo)|GMT-03:00
15:30:22.6 (6212077)|EXECUTION_STARTED
15:30:22.6 (6220841)|CODE_UNIT_STARTED|[EXTERNAL]|01pg8000001w1Mb|OrderItemHandlerTest.setup()
15:30:22.6 (6465105)|HEAP_ALLOCATE|[95]|Bytes:3
15:30:22.6 (6545859)|HEAP_ALLOCATE|[100]|Bytes:152
15:30:22.6 (6560117)|HEAP_ALLOCATE|[417]|Bytes:408
15:30:22.6 (6570796)|HEAP_ALLOCATE|[430]|Bytes:408
15:30:22.6 (6593564)|HEAP_ALLOCATE|[317]|Bytes:6
15:30:22.6 (6607618)|HEAP_ALLOCATE|[EXTERNAL]|Bytes:353
15:30:22.6 (6617643)|METHOD_ENTRY|[2]|01pg8000001w1Mb|OrderItemHandlerTest.OrderItemHandlerTest()
15:30:22.6 (6632357)|STATEMENT_EXECUTE|[2]
15:30:22.6 (6643548)|STATEMENT_EXECUTE|[2]
15:30:22.6 (6646831)|METHOD_EXIT|[2]|OrderItemHandlerTest
15:30:22.6 (6670548)|HEAP_ALLOCATE|[68]|Bytes:5
15:30:22.6 (6693702)|HEAP_ALLOCATE|[74]|Bytes:5
15:30:22.6 (6698522)|HEAP_ALLOCATE|[82]|Bytes:7
15:30:22.6 (6724957)|STATEMENT_EXECUTE|[4]
15:30:22.6 (6726432)|STATEMENT_EXECUTE|[5]
15:30:22.6 (8888898)|VARIABLE_SCOPE_BEGIN|[3]|TestFactorySObject.countSObjectCreated|Decimal|false|true
15:30:22.6 (8903708)|VARIABLE_SCOPE_BEGIN|[2]|TestFactorySObject.testFactorySObject|TestFactorySObject|true|true
15:30:22.6 (8918123)|HEAP_ALLOCATE|[5]|Bytes:20
15:30:22.6 (8925012)|HEAP_ALLOCATE|[5]|Bytes:13
15:30:22.6 (8940468)|METHOD_ENTRY|[1]|01pg8000001w1Mi|TestFactorySObject.TestFactorySObject()
15:30:22.6 (8948862)|STATEMENT_EXECUTE|[1]
15:30:22.6 (8957019)|STATEMENT_EXECUTE|[1]
15:30:22.6 (8958591)|STATEMENT_EXECUTE|[3]
15:30:22.6 (8999763)|HEAP_ALLOCATE|[3]|Bytes:28
15:30:22.6 (9002524)|HEAP_ALLOCATE|[3]|Bytes:28
15:30:22.6 (9045130)|VARIABLE_ASSIGNMENT|[3]|TestFactorySObject.countSObjectCreated|0
15:30:22.6 (9049411)|STATEMENT_EXECUTE|[59]
15:30:22.6 (9054284)|METHOD_EXIT|[1]|TestFactorySObject
15:30:22.6 (9068808)|METHOD_ENTRY|[5]|01pg8000001w1Mi|TestFactorySObject.getInstance()
15:30:22.6 (9097832)|STATEMENT_EXECUTE|[5]
15:30:22.6 (9102122)|STATEMENT_EXECUTE|[6]
15:30:22.6 (9103358)|STATEMENT_EXECUTE|[7]
15:30:22.6 (9114109)|HEAP_ALLOCATE|[7]|Bytes:4
15:30:22.6 (9128803)|CONSTRUCTOR_ENTRY|[7]|01pg8000001w1Mi|<init>()|TestFactorySObject
15:30:22.6 (9158918)|VARIABLE_SCOPE_BEGIN|[1]|this|TestFactorySObject|true|false
15:30:22.6 (9215979)|VARIABLE_ASSIGNMENT|[1]|this|{}|0x947973f
15:30:22.6 (9221563)|HEAP_ALLOCATE|[EXTERNAL]|Bytes:6
15:30:22.6 (10203663)|STATEMENT_EXECUTE|[1]
15:30:22.6 (10218972)|CONSTRUCTOR_EXIT|[7]|01pg8000001w1Mi|<init>()|TestFactorySObject
15:30:22.6 (10270805)|VARIABLE_ASSIGNMENT|[7]|TestFactorySObject.testFactorySObject|{}|0x947973f
15:30:22.6 (10290436)|STATEMENT_EXECUTE|[9]
15:30:22.6 (10301851)|METHOD_EXIT|[5]|01pg8000001w1Mi|TestFactorySObject.getInstance()
15:30:22.6 (10308250)|VARIABLE_SCOPE_BEGIN|[5]|factory|TestFactorySObject|true|false
15:30:22.6 (10320480)|VARIABLE_ASSIGNMENT|[5]|factory|{}|0x947973f
15:30:22.6 (10324637)|STATEMENT_EXECUTE|[7]
15:30:22.6 (10410250)|HEAP_ALLOCATE|[7]|Bytes:4
15:30:22.6 (10554670)|METHOD_ENTRY|[7]|01pg8000001w1Mi|TestFactorySObject.createSObject(SObject)
15:30:22.6 (10581096)|VARIABLE_SCOPE_BEGIN|[27]|this|TestFactorySObject|true|false
15:30:22.6 (10592387)|VARIABLE_ASSIGNMENT|[27]|this|{}|0x947973f
15:30:22.6 (10595831)|VARIABLE_SCOPE_BEGIN|[27]|sObj|SObject|true|false
15:30:22.6 (10615827)|VARIABLE_ASSIGNMENT|[27]|sObj|{}|0x2eeab40e
15:30:22.6 (10643970)|STATEMENT_EXECUTE|[27]
15:30:22.6 (10645669)|STATEMENT_EXECUTE|[28]
15:30:22.6 (10653118)|METHOD_ENTRY|[28]|01pg8000001w1Mi|TestFactorySObject.validateSObject(SObject)
15:30:22.6 (10675124)|VARIABLE_SCOPE_BEGIN|[13]|sObj|SObject|true|false
15:30:22.6 (10679484)|VARIABLE_ASSIGNMENT|[13]|sObj|{}|0x2eeab40e
15:30:22.6 (10684436)|STATEMENT_EXECUTE|[13]
15:30:22.6 (10899109)|STATEMENT_EXECUTE|[14]
15:30:22.6 (10909346)|METHOD_EXIT|[28]|01pg8000001w1Mi|TestFactorySObject.validateSObject(SObject)
15:30:22.6 (10913739)|STATEMENT_EXECUTE|[30]
15:30:22.6 (10991353)|HEAP_ALLOCATE|[30]|Bytes:15
15:30:22.6 (10998418)|VARIABLE_SCOPE_BEGIN|[30]|objectName|String|false|false
15:30:22.6 (11011827)|VARIABLE_ASSIGNMENT|[30]|objectName|"AccountGroup__c"
15:30:22.6 (11017283)|HEAP_ALLOCATE|[31]|Bytes:8
15:30:22.6 (11043470)|STATEMENT_EXECUTE|[31]
15:30:22.6 (11054463)|STATEMENT_EXECUTE|[35]
15:30:22.6 (11056294)|HEAP_ALLOCATE|[36]|Bytes:22
15:30:22.6 (11058821)|HEAP_ALLOCATE|[36]|Bytes:14
15:30:22.6 (11105007)|HEAP_ALLOCATE|[36]|Bytes:12
15:30:22.6 (11110288)|HEAP_ALLOCATE|[36]|Bytes:8
15:30:22.6 (11116762)|HEAP_ALLOCATE|[36]|Bytes:42
15:30:22.6 (11118818)|VARIABLE_SCOPE_BEGIN|[35]|defaultClassName|String|false|false
15:30:22.6 (11125869)|VARIABLE_ASSIGNMENT|[35]|defaultClassName|"TemplateDefaultField (22 more) ..."
15:30:22.6 (11129429)|STATEMENT_EXECUTE|[38]
15:30:22.6 (11136478)|METHOD_ENTRY|[38]|01pg8000001w1Mi|TestFactorySObject.dispatchSObjectCreation(SObject, String)
15:30:22.6 (11157058)|VARIABLE_SCOPE_BEGIN|[42]|this|TestFactorySObject|true|false
15:30:22.6 (11168238)|VARIABLE_ASSIGNMENT|[42]|this|{}|0x947973f
15:30:22.6 (11171095)|VARIABLE_SCOPE_BEGIN|[42]|sObj|SObject|true|false
15:30:22.6 (11175958)|VARIABLE_ASSIGNMENT|[42]|sObj|{}|0x2eeab40e
15:30:22.6 (11178583)|VARIABLE_SCOPE_BEGIN|[42]|defaultClassName|String|false|false
15:30:22.6 (11183723)|VARIABLE_ASSIGNMENT|[42]|defaultClassName|"TemplateDefaultField (22 more) ..."
15:30:22.6 (11192727)|STATEMENT_EXECUTE|[42]
15:30:22.6 (11194570)|STATEMENT_EXECUTE|[44]
15:30:22.6 (11252001)|HEAP_ALLOCATE|[44]|Bytes:33
15:30:22.6 (11263348)|SYSTEM_METHOD_ENTRY|[1]|Type.Type()
15:30:22.6 (11266093)|STATEMENT_EXECUTE|[1]
15:30:22.6 (11273073)|SYSTEM_METHOD_EXIT|[1]|Type
15:30:22.6 (11279204)|METHOD_ENTRY|[44]||System.Type.forName(String)
15:30:22.6 (15688335)|METHOD_EXIT|[44]||System.Type.forName(String)
15:30:22.6 (15702049)|VARIABLE_SCOPE_BEGIN|[44]|t|System.Type|true|false
15:30:22.6 (15745320)|VARIABLE_ASSIGNMENT|[44]|t|{"aot":"0x31680985"}|0x66405026
15:30:22.6 (15759390)|STATEMENT_EXECUTE|[45]
15:30:22.6 (15761982)|STATEMENT_EXECUTE|[51]
15:30:22.6 (15773020)|METHOD_ENTRY|[52]||System.Type.newInstance()
15:30:22.6 (17999595)|STATEMENT_EXECUTE|[121]
15:30:22.6 (18017015)|METHOD_EXIT|[52]||System.Type.newInstance()
15:30:22.6 (18031750)|VARIABLE_SCOPE_BEGIN|[51]|defaults|TemplateDefaultFields.FieldDefaults|true|false
15:30:22.6 (18052699)|VARIABLE_ASSIGNMENT|[51]|defaults|{}|0x793c6038
15:30:22.6 (18057105)|STATEMENT_EXECUTE|[53]
15:30:22.6 (18084259)|METHOD_ENTRY|[53]|01pg8000001w1Mh|TemplateDefaultFields.AccountGroupDefaults.getFieldDefaults(Decimal)
15:30:22.6 (18103020)|VARIABLE_SCOPE_BEGIN|[122]|this|TemplateDefaultFields.AccountGroupDefaults|true|false
15:30:22.6 (18110654)|VARIABLE_ASSIGNMENT|[122]|this|{}|0x793c6038
15:30:22.6 (18114305)|VARIABLE_SCOPE_BEGIN|[122]|countSObjectCreated|Decimal|false|false
15:30:22.6 (18122444)|VARIABLE_ASSIGNMENT|[122]|countSObjectCreated|0
15:30:22.6 (18132470)|STATEMENT_EXECUTE|[122]
15:30:22.6 (18133893)|STATEMENT_EXECUTE|[123]
15:30:22.6 (18149375)|HEAP_ALLOCATE|[123]|Bytes:4
15:30:22.6 (18163174)|HEAP_ALLOCATE|[124]|Bytes:4
15:30:22.6 (18166498)|HEAP_ALLOCATE|[124]|Bytes:20
15:30:22.6 (18221668)|HEAP_ALLOCATE|[124]|Bytes:1
15:30:22.6 (18237022)|HEAP_ALLOCATE|[124]|Bytes:21
15:30:22.6 (18264642)|HEAP_ALLOCATE|[125]|Bytes:19
15:30:22.6 (18267751)|HEAP_ALLOCATE|[125]|Bytes:3
15:30:22.6 (18277098)|HEAP_ALLOCATE|[125]|Bytes:1
15:30:22.6 (18281549)|HEAP_ALLOCATE|[125]|Bytes:4
15:30:22.6 (18288789)|METHOD_EXIT|[53]|01pg8000001w1Mh|TemplateDefaultFields.AccountGroupDefaults.getFieldDefaults(Decimal)
15:30:22.6 (18299010)|METHOD_ENTRY|[53]|01pg8000001w1Mi|TestFactorySObject.addFieldDefaults(SObject, Map<String,ANY>)
15:30:22.6 (18302898)|VARIABLE_SCOPE_BEGIN|[19]|sObj|SObject|true|false
15:30:22.6 (18313933)|VARIABLE_ASSIGNMENT|[19]|sObj|{}|0x2eeab40e
15:30:22.6 (18318435)|VARIABLE_SCOPE_BEGIN|[19]|defaultFields|Map<String,ANY>|true|false
15:30:22.6 (18341849)|VARIABLE_ASSIGNMENT|[19]|defaultFields|{"Name":"Grupo de Conta Teste (1 more) ...","AccountGroupCode__c":"ACG0"}|0x127f662c
15:30:22.6 (18348945)|STATEMENT_EXECUTE|[19]
15:30:22.6 (18426284)|HEAP_ALLOCATE|[20]|Bytes:35
15:30:22.6 (18514314)|HEAP_ALLOCATE|[20]|Bytes:5
15:30:22.6 (18535045)|VARIABLE_SCOPE_BEGIN|[20]|fieldApiName|String|false|false
15:30:22.6 (18544286)|VARIABLE_ASSIGNMENT|[20]|fieldApiName|"Name"
15:30:22.6 (18584734)|STATEMENT_EXECUTE|[20]
15:30:22.6 (18691139)|STATEMENT_EXECUTE|[21]
15:30:22.6 (18692688)|STATEMENT_EXECUTE|[22]
15:30:22.6 (18782959)|HEAP_ALLOCATE|[20]|Bytes:5
15:30:22.6 (18790932)|VARIABLE_SCOPE_BEGIN|[20]|fieldApiName|String|false|false
15:30:22.6 (18797829)|VARIABLE_ASSIGNMENT|[20]|fieldApiName|"AccountGroupCode__c"
15:30:22.6 (18801149)|STATEMENT_EXECUTE|[20]
15:30:22.6 (18824075)|STATEMENT_EXECUTE|[21]
15:30:22.6 (18825275)|STATEMENT_EXECUTE|[22]
15:30:22.6 (18854444)|HEAP_ALLOCATE|[20]|Bytes:5
15:30:22.6 (18861636)|VARIABLE_ASSIGNMENT|[20]|fieldApiName|null
15:30:22.6 (18871187)|METHOD_EXIT|[53]|01pg8000001w1Mi|TestFactorySObject.addFieldDefaults(SObject, Map<String,ANY>)
15:30:22.6 (18874810)|STATEMENT_EXECUTE|[54]
15:30:22.6 (18894553)|HEAP_ALLOCATE|[54]|Bytes:28
15:30:22.6 (18896640)|HEAP_ALLOCATE|[54]|Bytes:28
15:30:22.6 (18931602)|HEAP_ALLOCATE|[54]|Bytes:28
15:30:22.6 (18933398)|HEAP_ALLOCATE|[54]|Bytes:28
15:30:22.6 (18946263)|VARIABLE_ASSIGNMENT|[54]|TestFactorySObject.countSObjectCreated|1
15:30:22.6 (18949329)|STATEMENT_EXECUTE|[56]
15:30:22.6 (18952372)|METHOD_EXIT|[38]|01pg8000001w1Mi|TestFactorySObject.dispatchSObjectCreation(SObject, String)
15:30:22.6 (18956796)|METHOD_EXIT|[7]|01pg8000001w1Mi|TestFactorySObject.createSObject(SObject)
15:30:22.6 (18964819)|VARIABLE_SCOPE_BEGIN|[7]|acg|AccountGroup__c|true|false
15:30:22.6 (18978380)|VARIABLE_ASSIGNMENT|[7]|acg|{"Name":"Grupo de Conta Teste (1 more) ...","AccountGroupCode__c":"ACG0"}|0x2eeab40e
15:30:22.6 (18982204)|STATEMENT_EXECUTE|[8]
15:30:22.6 (19011155)|HEAP_ALLOCATE|[8]|Bytes:8
15:30:22.6 (19033848)|DML_BEGIN|[8]|Op:Insert|Type:AccountGroup__c|Rows:1
15:30:22.6 (19068724)|HEAP_ALLOCATE|[EXTERNAL]|Bytes:8
15:30:22.6 (79521547)|DML_END|[8]
15:30:22.6 (80016127)|STATEMENT_EXECUTE|[10]
15:30:22.6 (80110133)|HEAP_ALLOCATE|[10]|Bytes:4
15:30:22.6 (80315807)|METHOD_ENTRY|[10]|01pg8000001w1Mi|TestFactorySObject.createSObject(SObject)
15:30:22.6 (80354613)|VARIABLE_SCOPE_BEGIN|[27]|this|TestFactorySObject|true|false
15:30:22.6 (80414283)|VARIABLE_ASSIGNMENT|[27]|this|{}|0x947973f
15:30:22.6 (80419863)|VARIABLE_SCOPE_BEGIN|[27]|sObj|SObject|true|false
15:30:22.6 (80433858)|VARIABLE_ASSIGNMENT|[27]|sObj|{}|0x21f39b1
15:30:22.6 (80483926)|STATEMENT_EXECUTE|[27]
15:30:22.6 (80486366)|STATEMENT_EXECUTE|[28]
15:30:22.6 (80494872)|METHOD_ENTRY|[28]|01pg8000001w1Mi|TestFactorySObject.validateSObject(SObject)
15:30:22.6 (80501427)|VARIABLE_SCOPE_BEGIN|[13]|sObj|SObject|true|false
15:30:22.6 (80508842)|VARIABLE_ASSIGNMENT|[13]|sObj|{}|0x21f39b1
15:30:22.6 (80515857)|STATEMENT_EXECUTE|[13]
15:30:22.6 (80518686)|STATEMENT_EXECUTE|[14]
15:30:22.6 (80524097)|METHOD_EXIT|[28]|01pg8000001w1Mi|TestFactorySObject.validateSObject(SObject)
15:30:22.6 (80528684)|STATEMENT_EXECUTE|[30]
15:30:22.6 (80601052)|HEAP_ALLOCATE|[30]|Bytes:7
15:30:22.6 (80611007)|VARIABLE_SCOPE_BEGIN|[30]|objectName|String|false|false
15:30:22.6 (80628856)|VARIABLE_ASSIGNMENT|[30]|objectName|"Account"
15:30:22.6 (80654797)|STATEMENT_EXECUTE|[31]
15:30:22.6 (80656107)|STATEMENT_EXECUTE|[35]
15:30:22.6 (80675619)|HEAP_ALLOCATE|[36]|Bytes:7
15:30:22.6 (80685866)|HEAP_ALLOCATE|[36]|Bytes:37
15:30:22.6 (80688683)|VARIABLE_SCOPE_BEGIN|[35]|defaultClassName|String|false|false
15:30:22.6 (80698284)|VARIABLE_ASSIGNMENT|[35]|defaultClassName|"TemplateDefaultField (17 more) ..."
15:30:22.6 (80701562)|STATEMENT_EXECUTE|[38]
15:30:22.6 (80707746)|METHOD_ENTRY|[38]|01pg8000001w1Mi|TestFactorySObject.dispatchSObjectCreation(SObject, String)
15:30:22.6 (80712306)|VARIABLE_SCOPE_BEGIN|[42]|this|TestFactorySObject|true|false
15:30:22.6 (80731123)|VARIABLE_ASSIGNMENT|[42]|this|{}|0x947973f
15:30:22.6 (80741729)|VARIABLE_SCOPE_BEGIN|[42]|sObj|SObject|true|false
15:30:22.6 (80748581)|VARIABLE_ASSIGNMENT|[42]|sObj|{}|0x21f39b1
15:30:22.6 (80752660)|VARIABLE_SCOPE_BEGIN|[42]|defaultClassName|String|false|false
15:30:22.6 (80759688)|VARIABLE_ASSIGNMENT|[42]|defaultClassName|"TemplateDefaultField (17 more) ..."
15:30:22.6 (80766764)|STATEMENT_EXECUTE|[42]
15:30:22.6 (80768467)|STATEMENT_EXECUTE|[44]
15:30:22.6 (80773522)|METHOD_ENTRY|[44]||System.Type.forName(String)
15:30:22.6 (84159114)|METHOD_EXIT|[44]||System.Type.forName(String)
15:30:22.6 (84174093)|VARIABLE_SCOPE_BEGIN|[44]|t|System.Type|true|false
15:30:22.6 (84224141)|VARIABLE_ASSIGNMENT|[44]|t|{"aot":"0x5d06e58e"}|0x21618ddc
15:30:22.6 (84232192)|STATEMENT_EXECUTE|[45]
15:30:22.6 (84234277)|STATEMENT_EXECUTE|[51]
15:30:22.6 (84240832)|METHOD_ENTRY|[52]||System.Type.newInstance()
15:30:22.6 (84439749)|STATEMENT_EXECUTE|[108]
15:30:22.6 (84452532)|METHOD_EXIT|[52]||System.Type.newInstance()
15:30:22.6 (84462129)|VARIABLE_SCOPE_BEGIN|[51]|defaults|TemplateDefaultFields.FieldDefaults|true|false
15:30:22.6 (84476564)|VARIABLE_ASSIGNMENT|[51]|defaults|{}|0x5eaef888
15:30:22.6 (84481137)|STATEMENT_EXECUTE|[53]
15:30:22.6 (84506698)|METHOD_ENTRY|[53]|01pg8000001w1Mh|TemplateDefaultFields.AccountDefaults.getFieldDefaults(Decimal)
15:30:22.6 (84512826)|VARIABLE_SCOPE_BEGIN|[109]|this|TemplateDefaultFields.AccountDefaults|true|false
15:30:22.6 (84522472)|VARIABLE_ASSIGNMENT|[109]|this|{}|0x5eaef888
15:30:22.6 (84527526)|VARIABLE_SCOPE_BEGIN|[109]|countSObjectCreated|Decimal|false|false
15:30:22.6 (84537744)|VARIABLE_ASSIGNMENT|[109]|countSObjectCreated|1
15:30:22.6 (84545957)|STATEMENT_EXECUTE|[109]
15:30:22.6 (84547337)|STATEMENT_EXECUTE|[112]
15:30:22.6 (84616673)|HEAP_ALLOCATE|[112]|Bytes:1
15:30:22.6 (84626900)|HEAP_ALLOCATE|[112]|Bytes:1
15:30:22.6 (84678682)|HEAP_ALLOCATE|[112]|Bytes:2
15:30:22.6 (84685762)|VARIABLE_SCOPE_BEGIN|[112]|finalDoCnpj|String|false|false
15:30:22.6 (84694697)|VARIABLE_ASSIGNMENT|[112]|finalDoCnpj|"01"
15:30:22.6 (84698298)|STATEMENT_EXECUTE|[114]
15:30:22.6 (84716667)|HEAP_ALLOCATE|[114]|Bytes:4
15:30:22.6 (84726006)|HEAP_ALLOCATE|[115]|Bytes:11
15:30:22.6 (84745718)|HEAP_ALLOCATE|[115]|Bytes:1
15:30:22.6 (84755114)|HEAP_ALLOCATE|[115]|Bytes:12
15:30:22.6 (84785508)|HEAP_ALLOCATE|[116]|Bytes:7
15:30:22.6 (84788486)|HEAP_ALLOCATE|[116]|Bytes:16
15:30:22.6 (84791761)|HEAP_ALLOCATE|[116]|Bytes:18
15:30:22.6 (84800873)|METHOD_EXIT|[53]|01pg8000001w1Mh|TemplateDefaultFields.AccountDefaults.getFieldDefaults(Decimal)
15:30:22.6 (84808494)|METHOD_ENTRY|[53]|01pg8000001w1Mi|TestFactorySObject.addFieldDefaults(SObject, Map<String,ANY>)
15:30:22.6 (84813113)|VARIABLE_SCOPE_BEGIN|[19]|sObj|SObject|true|false
15:30:22.6 (84825062)|VARIABLE_ASSIGNMENT|[19]|sObj|{}|0x21f39b1
15:30:22.6 (84829257)|VARIABLE_SCOPE_BEGIN|[19]|defaultFields|Map<String,ANY>|true|false
15:30:22.6 (84849833)|VARIABLE_ASSIGNMENT|[19]|defaultFields|{"Name":"Conta Teste1","CNPJ__c":"12.345.678/0001-01"}|0x657ebfa8
15:30:22.6 (84856943)|STATEMENT_EXECUTE|[19]
15:30:22.6 (84915644)|HEAP_ALLOCATE|[20]|Bytes:23
15:30:22.6 (84965888)|HEAP_ALLOCATE|[20]|Bytes:5
15:30:22.6 (84981259)|VARIABLE_SCOPE_BEGIN|[20]|fieldApiName|String|false|false
15:30:22.6 (84989549)|VARIABLE_ASSIGNMENT|[20]|fieldApiName|"Name"
15:30:22.6 (84994423)|STATEMENT_EXECUTE|[20]
15:30:22.6 (85119240)|STATEMENT_EXECUTE|[21]
15:30:22.6 (85121878)|STATEMENT_EXECUTE|[22]
15:30:22.6 (85202238)|HEAP_ALLOCATE|[20]|Bytes:5
15:30:22.6 (85210638)|VARIABLE_SCOPE_BEGIN|[20]|fieldApiName|String|false|false
15:30:22.6 (85218197)|VARIABLE_ASSIGNMENT|[20]|fieldApiName|"CNPJ__c"
15:30:22.6 (85221509)|STATEMENT_EXECUTE|[20]
15:30:22.6 (85250282)|STATEMENT_EXECUTE|[21]
15:30:22.6 (85252035)|STATEMENT_EXECUTE|[22]
15:30:22.6 (85290145)|HEAP_ALLOCATE|[20]|Bytes:5
15:30:22.6 (85300835)|VARIABLE_ASSIGNMENT|[20]|fieldApiName|null
15:30:22.6 (85308644)|METHOD_EXIT|[53]|01pg8000001w1Mi|TestFactorySObject.addFieldDefaults(SObject, Map<String,ANY>)
15:30:22.6 (85312244)|STATEMENT_EXECUTE|[54]
15:30:22.6 (85333816)|HEAP_ALLOCATE|[54]|Bytes:28
15:30:22.6 (85337139)|HEAP_ALLOCATE|[54]|Bytes:28
15:30:22.6 (85352954)|HEAP_ALLOCATE|[54]|Bytes:28
15:30:22.6 (85355227)|HEAP_ALLOCATE|[54]|Bytes:28
15:30:22.6 (85372917)|VARIABLE_ASSIGNMENT|[54]|TestFactorySObject.countSObjectCreated|2
15:30:22.6 (85376762)|STATEMENT_EXECUTE|[56]
15:30:22.6 (85381831)|METHOD_EXIT|[38]|01pg8000001w1Mi|TestFactorySObject.dispatchSObjectCreation(SObject, String)
15:30:22.6 (85388013)|METHOD_EXIT|[10]|01pg8000001w1Mi|TestFactorySObject.createSObject(SObject)
15:30:22.6 (85397392)|VARIABLE_SCOPE_BEGIN|[10]|acc|Account|true|false
15:30:22.6 (85411519)|VARIABLE_ASSIGNMENT|[10]|acc|{"Name":"Conta Teste1","CNPJ__c":"12.345.678/0001-01"}|0x21f39b1
15:30:22.6 (85414924)|STATEMENT_EXECUTE|[11]
15:30:22.6 (85525912)|VARIABLE_ASSIGNMENT|[11]|this.AccountGroup__c|"a02g8000002mOIDAA2"|0x21f39b1
15:30:22.6 (85529269)|STATEMENT_EXECUTE|[12]
15:30:22.6 (85552409)|HEAP_ALLOCATE|[12]|Bytes:8
15:30:22.6 (85564738)|DML_BEGIN|[12]|Op:Insert|Type:Account|Rows:1
15:30:22.6 (85595792)|HEAP_ALLOCATE|[EXTERNAL]|Bytes:8
15:30:22.6 (138646497)|CODE_UNIT_STARTED|[EXTERNAL]|Validation:Account:new
15:30:22.6 (138667959)|VALIDATION_RULE|03dg8000000honx|Obrigatorio_AccountGroup
15:30:22.6 (138794614)|VALIDATION_FORMULA|ISBLANK(AccountGroup__c)|AccountGroup__c=a02g8000002mOID
15:30:22.6 (138799194)|VALIDATION_PASS
15:30:22.6 (138800446)|VALIDATION_RULE|03dg8000000hbab|validacao_CNPJ
15:30:22.6 (138878330)|VALIDATION_FORMULA|NOT(
    REGEX(CNPJ__c, "^(\\d{2}\\.\\d{3}\\.\\d{3}/\\d{4}\\-\\d{2})?$")
)|CNPJ__c=12.345.678/0001-01
15:30:22.6 (138883195)|VALIDATION_PASS
15:30:22.6 (138890258)|CODE_UNIT_FINISHED|Validation:Account:new
15:30:22.6 (203602713)|DML_END|[12]
15:30:22.6 (204011633)|STATEMENT_EXECUTE|[14]
15:30:22.6 (204080651)|HEAP_ALLOCATE|[14]|Bytes:4
15:30:22.6 (204235922)|METHOD_ENTRY|[14]|01pg8000001w1Mi|TestFactorySObject.createSObject(SObject)
15:30:22.6 (204296482)|VARIABLE_SCOPE_BEGIN|[27]|this|TestFactorySObject|true|false
15:30:22.6 (204346362)|VARIABLE_ASSIGNMENT|[27]|this|{}|0x947973f
15:30:22.6 (204350556)|VARIABLE_SCOPE_BEGIN|[27]|sObj|SObject|true|false
15:30:22.6 (204359732)|VARIABLE_ASSIGNMENT|[27]|sObj|{}|0x6e72f4f2
15:30:22.6 (204375132)|STATEMENT_EXECUTE|[27]
15:30:22.6 (204376688)|STATEMENT_EXECUTE|[28]
15:30:22.6 (204382906)|METHOD_ENTRY|[28]|01pg8000001w1Mi|TestFactorySObject.validateSObject(SObject)
15:30:22.6 (204386653)|VARIABLE_SCOPE_BEGIN|[13]|sObj|SObject|true|false
15:30:22.6 (204390717)|VARIABLE_ASSIGNMENT|[13]|sObj|{}|0x6e72f4f2
15:30:22.6 (204395120)|STATEMENT_EXECUTE|[13]
15:30:22.6 (204397210)|STATEMENT_EXECUTE|[14]
15:30:22.6 (204401573)|METHOD_EXIT|[28]|01pg8000001w1Mi|TestFactorySObject.validateSObject(SObject)
15:30:22.6 (204404439)|STATEMENT_EXECUTE|[30]
15:30:22.6 (204461592)|HEAP_ALLOCATE|[30]|Bytes:10
15:30:22.6 (204468351)|VARIABLE_SCOPE_BEGIN|[30]|objectName|String|false|false
15:30:22.6 (204482347)|VARIABLE_ASSIGNMENT|[30]|objectName|"Country__c"
15:30:22.6 (204503910)|STATEMENT_EXECUTE|[31]
15:30:22.6 (204504856)|STATEMENT_EXECUTE|[35]
15:30:22.6 (204520972)|HEAP_ALLOCATE|[36]|Bytes:7
15:30:22.6 (204528971)|HEAP_ALLOCATE|[36]|Bytes:37
15:30:22.6 (204530877)|VARIABLE_SCOPE_BEGIN|[35]|defaultClassName|String|false|false
15:30:22.6 (204537617)|VARIABLE_ASSIGNMENT|[35]|defaultClassName|"TemplateDefaultField (17 more) ..."
15:30:22.6 (204540033)|STATEMENT_EXECUTE|[38]
15:30:22.6 (204544050)|METHOD_ENTRY|[38]|01pg8000001w1Mi|TestFactorySObject.dispatchSObjectCreation(SObject, String)
15:30:22.6 (204546818)|VARIABLE_SCOPE_BEGIN|[42]|this|TestFactorySObject|true|false
15:30:22.6 (204554395)|VARIABLE_ASSIGNMENT|[42]|this|{}|0x947973f
15:30:22.6 (204557277)|VARIABLE_SCOPE_BEGIN|[42]|sObj|SObject|true|false
15:30:22.6 (204561277)|VARIABLE_ASSIGNMENT|[42]|sObj|{}|0x6e72f4f2
15:30:22.6 (204563923)|VARIABLE_SCOPE_BEGIN|[42]|defaultClassName|String|false|false
15:30:22.6 (204568145)|VARIABLE_ASSIGNMENT|[42]|defaultClassName|"TemplateDefaultField (17 more) ..."
15:30:22.6 (204572605)|STATEMENT_EXECUTE|[42]
15:30:22.6 (204573731)|STATEMENT_EXECUTE|[44]
15:30:22.6 (204577915)|METHOD_ENTRY|[44]||System.Type.forName(String)
15:30:22.6 (207054922)|METHOD_EXIT|[44]||System.Type.forName(String)
15:30:22.6 (207064430)|VARIABLE_SCOPE_BEGIN|[44]|t|System.Type|true|false
15:30:22.6 (207096483)|VARIABLE_ASSIGNMENT|[44]|t|{"aot":"0x2052619c"}|0x1c5b8f5f
15:30:22.6 (207101239)|STATEMENT_EXECUTE|[45]
15:30:22.6 (207102864)|STATEMENT_EXECUTE|[51]
15:30:22.6 (207107701)|METHOD_ENTRY|[52]||System.Type.newInstance()
15:30:22.6 (207389478)|STATEMENT_EXECUTE|[19]
15:30:22.6 (207399636)|METHOD_EXIT|[52]||System.Type.newInstance()
15:30:22.6 (207407387)|VARIABLE_SCOPE_BEGIN|[51]|defaults|TemplateDefaultFields.FieldDefaults|true|false
15:30:22.6 (207417627)|VARIABLE_ASSIGNMENT|[51]|defaults|{}|0x13f5ea7f
15:30:22.6 (207420746)|STATEMENT_EXECUTE|[53]
15:30:22.6 (207445035)|METHOD_ENTRY|[53]|01pg8000001w1Mh|TemplateDefaultFields.CountryDefaults.getFieldDefaults(Decimal)
15:30:22.6 (207449495)|VARIABLE_SCOPE_BEGIN|[20]|this|TemplateDefaultFields.CountryDefaults|true|false
15:30:22.6 (207456131)|VARIABLE_ASSIGNMENT|[20]|this|{}|0x13f5ea7f
15:30:22.6 (207459518)|VARIABLE_SCOPE_BEGIN|[20]|countSObjectCreated|Decimal|false|false
15:30:22.6 (207467367)|VARIABLE_ASSIGNMENT|[20]|countSObjectCreated|2
15:30:22.6 (207473184)|STATEMENT_EXECUTE|[20]
15:30:22.6 (207474255)|STATEMENT_EXECUTE|[21]
15:30:22.6 (207488516)|HEAP_ALLOCATE|[21]|Bytes:4
15:30:22.6 (207497559)|HEAP_ALLOCATE|[22]|Bytes:10
15:30:22.6 (207541569)|HEAP_ALLOCATE|[22]|Bytes:1
15:30:22.6 (207550552)|HEAP_ALLOCATE|[22]|Bytes:11
15:30:22.6 (207577128)|HEAP_ALLOCATE|[23]|Bytes:14
15:30:22.6 (207579218)|HEAP_ALLOCATE|[23]|Bytes:1
15:30:22.6 (207587098)|HEAP_ALLOCATE|[23]|Bytes:1
15:30:22.6 (207591359)|HEAP_ALLOCATE|[23]|Bytes:2
15:30:22.6 (207597571)|METHOD_EXIT|[53]|01pg8000001w1Mh|TemplateDefaultFields.CountryDefaults.getFieldDefaults(Decimal)
15:30:22.6 (207602679)|METHOD_ENTRY|[53]|01pg8000001w1Mi|TestFactorySObject.addFieldDefaults(SObject, Map<String,ANY>)
15:30:22.6 (207605838)|VARIABLE_SCOPE_BEGIN|[19]|sObj|SObject|true|false
15:30:22.6 (207613961)|VARIABLE_ASSIGNMENT|[19]|sObj|{}|0x6e72f4f2
15:30:22.6 (207616939)|VARIABLE_SCOPE_BEGIN|[19]|defaultFields|Map<String,ANY>|true|false
15:30:22.6 (207633222)|VARIABLE_ASSIGNMENT|[19]|defaultFields|{"Name":"País Teste2","CountryCode__c":"P2"}|0x4a989c34
15:30:22.6 (207639123)|STATEMENT_EXECUTE|[19]
15:30:22.6 (207670762)|HEAP_ALLOCATE|[20]|Bytes:30
15:30:22.6 (207693443)|HEAP_ALLOCATE|[20]|Bytes:5
15:30:22.6 (207705267)|VARIABLE_SCOPE_BEGIN|[20]|fieldApiName|String|false|false
15:30:22.6 (207710505)|VARIABLE_ASSIGNMENT|[20]|fieldApiName|"Name"
15:30:22.6 (207713638)|STATEMENT_EXECUTE|[20]
15:30:22.6 (207784280)|STATEMENT_EXECUTE|[21]
15:30:22.6 (207785242)|STATEMENT_EXECUTE|[22]
15:30:22.6 (207852209)|HEAP_ALLOCATE|[20]|Bytes:5
15:30:22.6 (207857556)|VARIABLE_SCOPE_BEGIN|[20]|fieldApiName|String|false|false
15:30:22.6 (207862451)|VARIABLE_ASSIGNMENT|[20]|fieldApiName|"CountryCode__c"
15:30:22.6 (207864730)|STATEMENT_EXECUTE|[20]
15:30:22.6 (207886999)|STATEMENT_EXECUTE|[21]
15:30:22.6 (207887914)|STATEMENT_EXECUTE|[22]
15:30:22.6 (207915025)|HEAP_ALLOCATE|[20]|Bytes:5
15:30:22.6 (207921918)|VARIABLE_ASSIGNMENT|[20]|fieldApiName|null
15:30:22.6 (207926491)|METHOD_EXIT|[53]|01pg8000001w1Mi|TestFactorySObject.addFieldDefaults(SObject, Map<String,ANY>)
15:30:22.6 (207929366)|STATEMENT_EXECUTE|[54]
15:30:22.6 (207948269)|HEAP_ALLOCATE|[54]|Bytes:28
15:30:22.6 (207950315)|HEAP_ALLOCATE|[54]|Bytes:28
15:30:22.6 (207965388)|HEAP_ALLOCATE|[54]|Bytes:28
15:30:22.6 (207967124)|HEAP_ALLOCATE|[54]|Bytes:28
15:30:22.6 (207979897)|VARIABLE_ASSIGNMENT|[54]|TestFactorySObject.countSObjectCreated|3
15:30:22.6 (207982558)|STATEMENT_EXECUTE|[56]
15:30:22.6 (207985522)|METHOD_EXIT|[38]|01pg8000001w1Mi|TestFactorySObject.dispatchSObjectCreation(SObject, String)
15:30:22.6 (207989647)|METHOD_EXIT|[14]|01pg8000001w1Mi|TestFactorySObject.createSObject(SObject)
15:30:22.6 (208000611)|VARIABLE_SCOPE_BEGIN|[14]|pais|Country__c|true|false
15:30:22.6 (208011073)|VARIABLE_ASSIGNMENT|[14]|pais|{"Name":"País Teste2","CountryCode__c":"P2"}|0x6e72f4f2
15:30:22.6 (208014915)|STATEMENT_EXECUTE|[15]
15:30:22.6 (208035505)|HEAP_ALLOCATE|[15]|Bytes:8
15:30:22.6 (208046581)|DML_BEGIN|[15]|Op:Insert|Type:Country__c|Rows:1
15:30:22.6 (208078967)|HEAP_ALLOCATE|[EXTERNAL]|Bytes:8
15:30:22.6 (252400785)|DML_END|[15]
15:30:22.6 (252806858)|STATEMENT_EXECUTE|[17]
15:30:22.6 (252862237)|HEAP_ALLOCATE|[17]|Bytes:4
15:30:22.6 (252981664)|METHOD_ENTRY|[17]|01pg8000001w1Mi|TestFactorySObject.createSObject(SObject)
15:30:22.6 (253007892)|VARIABLE_SCOPE_BEGIN|[27]|this|TestFactorySObject|true|false
15:30:22.6 (253053461)|VARIABLE_ASSIGNMENT|[27]|this|{}|0x947973f
15:30:22.6 (253057584)|VARIABLE_SCOPE_BEGIN|[27]|sObj|SObject|true|false
15:30:22.6 (253068426)|VARIABLE_ASSIGNMENT|[27]|sObj|{}|0x6a75ff8e
15:30:22.6 (253079290)|STATEMENT_EXECUTE|[27]
15:30:22.6 (253080788)|STATEMENT_EXECUTE|[28]
15:30:22.6 (253086088)|METHOD_ENTRY|[28]|01pg8000001w1Mi|TestFactorySObject.validateSObject(SObject)
15:30:22.6 (253089444)|VARIABLE_SCOPE_BEGIN|[13]|sObj|SObject|true|false
15:30:22.6 (253093579)|VARIABLE_ASSIGNMENT|[13]|sObj|{}|0x6a75ff8e
15:30:22.6 (253097822)|STATEMENT_EXECUTE|[13]
15:30:22.6 (253099603)|STATEMENT_EXECUTE|[14]
15:30:22.6 (253103066)|METHOD_EXIT|[28]|01pg8000001w1Mi|TestFactorySObject.validateSObject(SObject)
15:30:22.6 (253105759)|STATEMENT_EXECUTE|[30]
15:30:22.6 (253149394)|HEAP_ALLOCATE|[30]|Bytes:8
15:30:22.6 (253154758)|VARIABLE_SCOPE_BEGIN|[30]|objectName|String|false|false
15:30:22.6 (253167697)|VARIABLE_ASSIGNMENT|[30]|objectName|"State__c"
15:30:22.6 (253186488)|STATEMENT_EXECUTE|[31]
15:30:22.6 (253187402)|STATEMENT_EXECUTE|[35]
15:30:22.6 (253204248)|HEAP_ALLOCATE|[36]|Bytes:5
15:30:22.6 (253212435)|HEAP_ALLOCATE|[36]|Bytes:35
15:30:22.6 (253214728)|VARIABLE_SCOPE_BEGIN|[35]|defaultClassName|String|false|false
15:30:22.6 (253221278)|VARIABLE_ASSIGNMENT|[35]|defaultClassName|"TemplateDefaultField (15 more) ..."
15:30:22.6 (253223686)|STATEMENT_EXECUTE|[38]
15:30:22.6 (253227799)|METHOD_ENTRY|[38]|01pg8000001w1Mi|TestFactorySObject.dispatchSObjectCreation(SObject, String)
15:30:22.6 (253230700)|VARIABLE_SCOPE_BEGIN|[42]|this|TestFactorySObject|true|false
15:30:22.6 (253239045)|VARIABLE_ASSIGNMENT|[42]|this|{}|0x947973f
15:30:22.6 (253241697)|VARIABLE_SCOPE_BEGIN|[42]|sObj|SObject|true|false
15:30:22.6 (253245461)|VARIABLE_ASSIGNMENT|[42]|sObj|{}|0x6a75ff8e
15:30:22.6 (253248115)|VARIABLE_SCOPE_BEGIN|[42]|defaultClassName|String|false|false
15:30:22.6 (253252603)|VARIABLE_ASSIGNMENT|[42]|defaultClassName|"TemplateDefaultField (15 more) ..."
15:30:22.6 (253256928)|STATEMENT_EXECUTE|[42]
15:30:22.6 (253258114)|STATEMENT_EXECUTE|[44]
15:30:22.6 (253262546)|METHOD_ENTRY|[44]||System.Type.forName(String)
15:30:22.6 (255789628)|METHOD_EXIT|[44]||System.Type.forName(String)
15:30:22.6 (255801069)|VARIABLE_SCOPE_BEGIN|[44]|t|System.Type|true|false
15:30:22.6 (255844038)|VARIABLE_ASSIGNMENT|[44]|t|{"aot":"0x4cb58ff8"}|0x24e891e0
15:30:22.6 (255849729)|STATEMENT_EXECUTE|[45]
15:30:22.6 (255851458)|STATEMENT_EXECUTE|[51]
15:30:22.6 (255856834)|METHOD_ENTRY|[52]||System.Type.newInstance()
15:30:22.6 (255967814)|STATEMENT_EXECUTE|[28]
15:30:22.6 (255977166)|METHOD_EXIT|[52]||System.Type.newInstance()
15:30:22.6 (255984310)|VARIABLE_SCOPE_BEGIN|[51]|defaults|TemplateDefaultFields.FieldDefaults|true|false
15:30:22.6 (255994029)|VARIABLE_ASSIGNMENT|[51]|defaults|{}|0x756b4e31
15:30:22.6 (255996812)|STATEMENT_EXECUTE|[53]
15:30:22.6 (256017634)|METHOD_ENTRY|[53]|01pg8000001w1Mh|TemplateDefaultFields.StateDefaults.getFieldDefaults(Decimal)
15:30:22.6 (256021911)|VARIABLE_SCOPE_BEGIN|[29]|this|TemplateDefaultFields.StateDefaults|true|false
15:30:22.6 (256028248)|VARIABLE_ASSIGNMENT|[29]|this|{}|0x756b4e31
15:30:22.6 (256031252)|VARIABLE_SCOPE_BEGIN|[29]|countSObjectCreated|Decimal|false|false
15:30:22.6 (256039241)|VARIABLE_ASSIGNMENT|[29]|countSObjectCreated|3
15:30:22.6 (256043983)|STATEMENT_EXECUTE|[29]
15:30:22.6 (256044932)|STATEMENT_EXECUTE|[30]
15:30:22.6 (256053827)|HEAP_ALLOCATE|[30]|Bytes:4
15:30:22.6 (256060513)|HEAP_ALLOCATE|[31]|Bytes:12
15:30:22.6 (256100556)|HEAP_ALLOCATE|[31]|Bytes:1
15:30:22.6 (256110595)|HEAP_ALLOCATE|[31]|Bytes:13
15:30:22.6 (256134989)|HEAP_ALLOCATE|[32]|Bytes:12
15:30:22.6 (256138714)|HEAP_ALLOCATE|[32]|Bytes:1
15:30:22.6 (256148981)|HEAP_ALLOCATE|[32]|Bytes:1
15:30:22.6 (256153252)|HEAP_ALLOCATE|[32]|Bytes:2
15:30:22.6 (256159783)|METHOD_EXIT|[53]|01pg8000001w1Mh|TemplateDefaultFields.StateDefaults.getFieldDefaults(Decimal)
15:30:22.6 (256164589)|METHOD_ENTRY|[53]|01pg8000001w1Mi|TestFactorySObject.addFieldDefaults(SObject, Map<String,ANY>)
15:30:22.6 (256167525)|VARIABLE_SCOPE_BEGIN|[19]|sObj|SObject|true|false
15:30:22.6 (256176348)|VARIABLE_ASSIGNMENT|[19]|sObj|{}|0x6a75ff8e
15:30:22.6 (256179099)|VARIABLE_SCOPE_BEGIN|[19]|defaultFields|Map<String,ANY>|true|false
15:30:22.6 (256194083)|VARIABLE_ASSIGNMENT|[19]|defaultFields|{"Name":"Estado Teste3","StateCode__c":"E3"}|0x4077a7be
15:30:22.6 (256199521)|STATEMENT_EXECUTE|[19]
15:30:22.6 (256226680)|HEAP_ALLOCATE|[20]|Bytes:28
15:30:22.6 (256249702)|HEAP_ALLOCATE|[20]|Bytes:5
15:30:22.6 (256262577)|VARIABLE_SCOPE_BEGIN|[20]|fieldApiName|String|false|false
15:30:22.6 (256294034)|VARIABLE_ASSIGNMENT|[20]|fieldApiName|"Name"
15:30:22.6 (256298804)|STATEMENT_EXECUTE|[20]
15:30:22.6 (256395228)|STATEMENT_EXECUTE|[21]
15:30:22.6 (256396712)|STATEMENT_EXECUTE|[22]
15:30:22.6 (256490958)|HEAP_ALLOCATE|[20]|Bytes:5
15:30:22.6 (256502688)|VARIABLE_SCOPE_BEGIN|[20]|fieldApiName|String|false|false
15:30:22.6 (256511588)|VARIABLE_ASSIGNMENT|[20]|fieldApiName|"StateCode__c"
15:30:22.6 (256514803)|STATEMENT_EXECUTE|[20]
15:30:22.6 (256544964)|STATEMENT_EXECUTE|[21]
15:30:22.6 (256546314)|STATEMENT_EXECUTE|[22]
15:30:22.6 (256584142)|HEAP_ALLOCATE|[20]|Bytes:5
15:30:22.6 (256592646)|VARIABLE_ASSIGNMENT|[20]|fieldApiName|null
15:30:22.6 (256600597)|METHOD_EXIT|[53]|01pg8000001w1Mi|TestFactorySObject.addFieldDefaults(SObject, Map<String,ANY>)
15:30:22.6 (256604804)|STATEMENT_EXECUTE|[54]
15:30:22.6 (256625762)|HEAP_ALLOCATE|[54]|Bytes:28
15:30:22.6 (256628779)|HEAP_ALLOCATE|[54]|Bytes:28
15:30:22.6 (256648425)|HEAP_ALLOCATE|[54]|Bytes:28
15:30:22.6 (256650657)|HEAP_ALLOCATE|[54]|Bytes:28
15:30:22.6 (256667358)|VARIABLE_ASSIGNMENT|[54]|TestFactorySObject.countSObjectCreated|4
15:30:22.6 (256670754)|STATEMENT_EXECUTE|[56]
15:30:22.6 (256674813)|METHOD_EXIT|[38]|01pg8000001w1Mi|TestFactorySObject.dispatchSObjectCreation(SObject, String)
15:30:22.6 (256680683)|METHOD_EXIT|[17]|01pg8000001w1Mi|TestFactorySObject.createSObject(SObject)
15:30:22.6 (256688928)|VARIABLE_SCOPE_BEGIN|[17]|estado1|State__c|true|false
15:30:22.6 (256704905)|VARIABLE_ASSIGNMENT|[17]|estado1|{"Name":"Estado Teste3","StateCode__c":"E3"}|0x6a75ff8e
15:30:22.6 (256709806)|STATEMENT_EXECUTE|[18]
15:30:22.6 (256835792)|VARIABLE_ASSIGNMENT|[18]|this.Country__c|"a03g80000084tirAAA"|0x6a75ff8e
15:30:22.6 (256842341)|STATEMENT_EXECUTE|[19]
15:30:22.6 (256871072)|HEAP_ALLOCATE|[19]|Bytes:8
15:30:22.6 (256889331)|DML_BEGIN|[19]|Op:Insert|Type:State__c|Rows:1
15:30:22.6 (256931728)|HEAP_ALLOCATE|[EXTERNAL]|Bytes:8
15:30:22.6 (269157056)|CODE_UNIT_STARTED|[EXTERNAL]|Validation:State:new
15:30:22.6 (269178552)|VALIDATION_RULE|03dg8000000VA7x|Estado_Precisa_de_Pais
15:30:22.6 (269329333)|VALIDATION_FORMULA|ISBLANK(Country__c)|Country__c=a03g80000084tir
15:30:22.6 (269334819)|VALIDATION_PASS
15:30:22.6 (269339787)|CODE_UNIT_FINISHED|Validation:State:new
15:30:22.6 (302819479)|DML_END|[19]
15:30:22.6 (303286756)|STATEMENT_EXECUTE|[21]
15:30:22.6 (303364856)|HEAP_ALLOCATE|[21]|Bytes:4
15:30:22.6 (303508797)|METHOD_ENTRY|[21]|01pg8000001w1Mi|TestFactorySObject.createSObject(SObject)
15:30:22.6 (303538431)|VARIABLE_SCOPE_BEGIN|[27]|this|TestFactorySObject|true|false
15:30:22.6 (303590958)|VARIABLE_ASSIGNMENT|[27]|this|{}|0x947973f
15:30:22.6 (303595918)|VARIABLE_SCOPE_BEGIN|[27]|sObj|SObject|true|false
15:30:22.6 (303609260)|VARIABLE_ASSIGNMENT|[27]|sObj|{}|0x1e4fe768
15:30:22.6 (303624787)|STATEMENT_EXECUTE|[27]
15:30:22.6 (303626518)|STATEMENT_EXECUTE|[28]
15:30:22.6 (303633057)|METHOD_ENTRY|[28]|01pg8000001w1Mi|TestFactorySObject.validateSObject(SObject)
15:30:22.6 (303638380)|VARIABLE_SCOPE_BEGIN|[13]|sObj|SObject|true|false
15:30:22.6 (303642784)|VARIABLE_ASSIGNMENT|[13]|sObj|{}|0x1e4fe768
15:30:22.6 (303647083)|STATEMENT_EXECUTE|[13]
15:30:22.6 (303649253)|STATEMENT_EXECUTE|[14]
15:30:22.6 (303652895)|METHOD_EXIT|[28]|01pg8000001w1Mi|TestFactorySObject.validateSObject(SObject)
15:30:22.6 (303655614)|STATEMENT_EXECUTE|[30]
15:30:22.6 (303704713)|HEAP_ALLOCATE|[30]|Bytes:7
15:30:22.6 (303710918)|VARIABLE_SCOPE_BEGIN|[30]|objectName|String|false|false
15:30:22.6 (303724771)|VARIABLE_ASSIGNMENT|[30]|objectName|"City__c"
15:30:22.6 (303745913)|STATEMENT_EXECUTE|[31]
15:30:22.6 (303746847)|STATEMENT_EXECUTE|[35]
15:30:22.6 (303761654)|HEAP_ALLOCATE|[36]|Bytes:4
15:30:22.6 (303768536)|HEAP_ALLOCATE|[36]|Bytes:34
15:30:22.6 (303770562)|VARIABLE_SCOPE_BEGIN|[35]|defaultClassName|String|false|false
15:30:22.6 (303777255)|VARIABLE_ASSIGNMENT|[35]|defaultClassName|"TemplateDefaultField (14 more) ..."
15:30:22.6 (303779668)|STATEMENT_EXECUTE|[38]
15:30:22.6 (303783578)|METHOD_ENTRY|[38]|01pg8000001w1Mi|TestFactorySObject.dispatchSObjectCreation(SObject, String)
15:30:22.6 (303786334)|VARIABLE_SCOPE_BEGIN|[42]|this|TestFactorySObject|true|false
15:30:22.6 (303796209)|VARIABLE_ASSIGNMENT|[42]|this|{}|0x947973f
15:30:22.6 (303799030)|VARIABLE_SCOPE_BEGIN|[42]|sObj|SObject|true|false
15:30:22.6 (303803078)|VARIABLE_ASSIGNMENT|[42]|sObj|{}|0x1e4fe768
15:30:22.6 (303805564)|VARIABLE_SCOPE_BEGIN|[42]|defaultClassName|String|false|false
15:30:22.6 (303809712)|VARIABLE_ASSIGNMENT|[42]|defaultClassName|"TemplateDefaultField (14 more) ..."
15:30:22.6 (303814042)|STATEMENT_EXECUTE|[42]
15:30:22.6 (303815166)|STATEMENT_EXECUTE|[44]
15:30:22.6 (303819561)|METHOD_ENTRY|[44]||System.Type.forName(String)
15:30:22.6 (306394693)|METHOD_EXIT|[44]||System.Type.forName(String)
15:30:22.6 (306406111)|VARIABLE_SCOPE_BEGIN|[44]|t|System.Type|true|false
15:30:22.6 (306444732)|VARIABLE_ASSIGNMENT|[44]|t|{"aot":"0x45ee41c0"}|0x3c28e6b5
15:30:22.6 (306449733)|STATEMENT_EXECUTE|[45]
15:30:22.6 (306451404)|STATEMENT_EXECUTE|[51]
15:30:22.6 (306456644)|METHOD_ENTRY|[52]||System.Type.newInstance()
15:30:22.6 (306579647)|STATEMENT_EXECUTE|[37]
15:30:22.6 (306589740)|METHOD_EXIT|[52]||System.Type.newInstance()
15:30:22.6 (306661369)|VARIABLE_SCOPE_BEGIN|[51]|defaults|TemplateDefaultFields.FieldDefaults|true|false
15:30:22.6 (306672266)|VARIABLE_ASSIGNMENT|[51]|defaults|{}|0x1f4420ae
15:30:22.6 (306675193)|STATEMENT_EXECUTE|[53]
15:30:22.6 (306697048)|METHOD_ENTRY|[53]|01pg8000001w1Mh|TemplateDefaultFields.CityDefaults.getFieldDefaults(Decimal)
15:30:22.6 (306701303)|VARIABLE_SCOPE_BEGIN|[38]|this|TemplateDefaultFields.CityDefaults|true|false
15:30:22.6 (306707562)|VARIABLE_ASSIGNMENT|[38]|this|{}|0x1f4420ae
15:30:22.6 (306710753)|VARIABLE_SCOPE_BEGIN|[38]|countSObjectCreated|Decimal|false|false
15:30:22.6 (306719229)|VARIABLE_ASSIGNMENT|[38]|countSObjectCreated|4
15:30:22.6 (306724587)|STATEMENT_EXECUTE|[38]
15:30:22.6 (306725536)|STATEMENT_EXECUTE|[39]
15:30:22.6 (306739540)|HEAP_ALLOCATE|[39]|Bytes:4
15:30:22.6 (306748485)|HEAP_ALLOCATE|[40]|Bytes:12
15:30:22.6 (306790929)|HEAP_ALLOCATE|[40]|Bytes:1
15:30:22.6 (306800379)|HEAP_ALLOCATE|[40]|Bytes:13
15:30:22.6 (306825378)|HEAP_ALLOCATE|[41]|Bytes:11
15:30:22.6 (306827490)|HEAP_ALLOCATE|[41]|Bytes:1
15:30:22.6 (306834547)|HEAP_ALLOCATE|[41]|Bytes:1
15:30:22.6 (306839034)|HEAP_ALLOCATE|[41]|Bytes:2
15:30:22.6 (306845409)|METHOD_EXIT|[53]|01pg8000001w1Mh|TemplateDefaultFields.CityDefaults.getFieldDefaults(Decimal)
15:30:22.6 (306850607)|METHOD_ENTRY|[53]|01pg8000001w1Mi|TestFactorySObject.addFieldDefaults(SObject, Map<String,ANY>)
15:30:22.6 (306853658)|VARIABLE_SCOPE_BEGIN|[19]|sObj|SObject|true|false
15:30:22.6 (306862847)|VARIABLE_ASSIGNMENT|[19]|sObj|{}|0x1e4fe768
15:30:22.6 (306865437)|VARIABLE_SCOPE_BEGIN|[19]|defaultFields|Map<String,ANY>|true|false
15:30:22.6 (306881328)|VARIABLE_ASSIGNMENT|[19]|defaultFields|{"Name":"Cidade Teste4","CityCode__c":"C4"}|0x108cea97
15:30:22.6 (306886190)|STATEMENT_EXECUTE|[19]
15:30:22.6 (306918173)|HEAP_ALLOCATE|[20]|Bytes:27
15:30:22.6 (306942153)|HEAP_ALLOCATE|[20]|Bytes:5
15:30:22.6 (306952782)|VARIABLE_SCOPE_BEGIN|[20]|fieldApiName|String|false|false
15:30:22.6 (306958197)|VARIABLE_ASSIGNMENT|[20]|fieldApiName|"Name"
15:30:22.6 (306961170)|STATEMENT_EXECUTE|[20]
15:30:22.6 (307052699)|STATEMENT_EXECUTE|[21]
15:30:22.6 (307054542)|STATEMENT_EXECUTE|[22]
15:30:22.6 (307126855)|HEAP_ALLOCATE|[20]|Bytes:5
15:30:22.6 (307132278)|VARIABLE_SCOPE_BEGIN|[20]|fieldApiName|String|false|false
15:30:22.6 (307137220)|VARIABLE_ASSIGNMENT|[20]|fieldApiName|"CityCode__c"
15:30:22.6 (307139460)|STATEMENT_EXECUTE|[20]
15:30:22.6 (307163532)|STATEMENT_EXECUTE|[21]
15:30:22.6 (307164389)|STATEMENT_EXECUTE|[22]
15:30:22.6 (307193014)|HEAP_ALLOCATE|[20]|Bytes:5
15:30:22.6 (307199144)|VARIABLE_ASSIGNMENT|[20]|fieldApiName|null
15:30:22.6 (307204273)|METHOD_EXIT|[53]|01pg8000001w1Mi|TestFactorySObject.addFieldDefaults(SObject, Map<String,ANY>)
15:30:22.6 (307207049)|STATEMENT_EXECUTE|[54]
15:30:22.6 (307225743)|HEAP_ALLOCATE|[54]|Bytes:28
15:30:22.6 (307227767)|HEAP_ALLOCATE|[54]|Bytes:28
15:30:22.6 (307243543)|HEAP_ALLOCATE|[54]|Bytes:28
15:30:22.6 (307244958)|HEAP_ALLOCATE|[54]|Bytes:28
15:30:22.6 (307257481)|VARIABLE_ASSIGNMENT|[54]|TestFactorySObject.countSObjectCreated|5
15:30:22.6 (307259743)|STATEMENT_EXECUTE|[56]
15:30:22.6 (307262573)|METHOD_EXIT|[38]|01pg8000001w1Mi|TestFactorySObject.dispatchSObjectCreation(SObject, String)
15:30:22.6 (307266422)|METHOD_EXIT|[21]|01pg8000001w1Mi|TestFactorySObject.createSObject(SObject)
15:30:22.6 (307272790)|VARIABLE_SCOPE_BEGIN|[21]|cidade|City__c|true|false
15:30:22.6 (307282093)|VARIABLE_ASSIGNMENT|[21]|cidade|{"Name":"Cidade Teste4","CityCode__c":"C4"}|0x1e4fe768
15:30:22.6 (307284666)|STATEMENT_EXECUTE|[22]
15:30:22.6 (307378256)|VARIABLE_ASSIGNMENT|[22]|this.State__c|"a04g8000000b4kbAAA"|0x1e4fe768
15:30:22.6 (307387259)|STATEMENT_EXECUTE|[23]
15:30:22.6 (307407391)|HEAP_ALLOCATE|[23]|Bytes:8
15:30:22.6 (307418139)|DML_BEGIN|[23]|Op:Insert|Type:City__c|Rows:1
15:30:22.6 (307448944)|HEAP_ALLOCATE|[EXTERNAL]|Bytes:8
15:30:22.6 (322375142)|CODE_UNIT_STARTED|[EXTERNAL]|Validation:City:new
15:30:22.6 (322397206)|VALIDATION_RULE|03dg8000000VA7F|Cidade_Precisa_de_Estado
15:30:22.6 (322543020)|VALIDATION_FORMULA|ISBLANK(State__c)|State__c=a04g8000000b4kb
15:30:22.6 (322547777)|VALIDATION_PASS
15:30:22.6 (322553666)|CODE_UNIT_FINISHED|Validation:City:new
15:30:22.6 (350317268)|DML_END|[23]
15:30:22.6 (350755308)|STATEMENT_EXECUTE|[25]
15:30:22.6 (350973958)|HEAP_ALLOCATE|[25]|Bytes:4
15:30:22.6 (351139232)|METHOD_ENTRY|[25]|01pg8000001w1Mi|TestFactorySObject.createSObject(SObject)
15:30:22.6 (351178672)|VARIABLE_SCOPE_BEGIN|[27]|this|TestFactorySObject|true|false
15:30:22.6 (351229246)|VARIABLE_ASSIGNMENT|[27]|this|{}|0x947973f
15:30:22.6 (351233078)|VARIABLE_SCOPE_BEGIN|[27]|sObj|SObject|true|false
15:30:22.6 (351244308)|VARIABLE_ASSIGNMENT|[27]|sObj|{}|0x5db7e84f
15:30:22.6 (351259655)|STATEMENT_EXECUTE|[27]
15:30:22.6 (351260948)|STATEMENT_EXECUTE|[28]
15:30:22.6 (351267183)|METHOD_ENTRY|[28]|01pg8000001w1Mi|TestFactorySObject.validateSObject(SObject)
15:30:22.6 (351270727)|VARIABLE_SCOPE_BEGIN|[13]|sObj|SObject|true|false
15:30:22.6 (351274522)|VARIABLE_ASSIGNMENT|[13]|sObj|{}|0x5db7e84f
15:30:22.6 (351278807)|STATEMENT_EXECUTE|[13]
15:30:22.6 (351281163)|STATEMENT_EXECUTE|[14]
15:30:22.6 (351285503)|METHOD_EXIT|[28]|01pg8000001w1Mi|TestFactorySObject.validateSObject(SObject)
15:30:22.6 (351288515)|STATEMENT_EXECUTE|[30]
15:30:22.6 (351363077)|HEAP_ALLOCATE|[30]|Bytes:21
15:30:22.6 (351370291)|VARIABLE_SCOPE_BEGIN|[30]|objectName|String|false|false
15:30:22.6 (351387216)|VARIABLE_ASSIGNMENT|[30]|objectName|"DistributionCenter__ (1 more) ..."
15:30:22.6 (351411084)|STATEMENT_EXECUTE|[31]
15:30:22.6 (351412088)|STATEMENT_EXECUTE|[35]
15:30:22.6 (351429929)|HEAP_ALLOCATE|[36]|Bytes:18
15:30:22.6 (351438148)|HEAP_ALLOCATE|[36]|Bytes:48
15:30:22.6 (351440207)|VARIABLE_SCOPE_BEGIN|[35]|defaultClassName|String|false|false
15:30:22.6 (351446148)|VARIABLE_ASSIGNMENT|[35]|defaultClassName|"TemplateDefaultField (28 more) ..."
15:30:22.6 (351448309)|STATEMENT_EXECUTE|[38]
15:30:22.6 (351452723)|METHOD_ENTRY|[38]|01pg8000001w1Mi|TestFactorySObject.dispatchSObjectCreation(SObject, String)
15:30:22.6 (351455630)|VARIABLE_SCOPE_BEGIN|[42]|this|TestFactorySObject|true|false
15:30:22.6 (351464739)|VARIABLE_ASSIGNMENT|[42]|this|{}|0x947973f
15:30:22.6 (351467899)|VARIABLE_SCOPE_BEGIN|[42]|sObj|SObject|true|false
15:30:22.6 (351472074)|VARIABLE_ASSIGNMENT|[42]|sObj|{}|0x5db7e84f
15:30:22.6 (351474532)|VARIABLE_SCOPE_BEGIN|[42]|defaultClassName|String|false|false
15:30:22.6 (351478550)|VARIABLE_ASSIGNMENT|[42]|defaultClassName|"TemplateDefaultField (28 more) ..."
15:30:22.6 (351483332)|STATEMENT_EXECUTE|[42]
15:30:22.6 (351484442)|STATEMENT_EXECUTE|[44]
15:30:22.6 (351489106)|METHOD_ENTRY|[44]||System.Type.forName(String)
15:30:22.6 (354263954)|METHOD_EXIT|[44]||System.Type.forName(String)
15:30:22.6 (354280686)|VARIABLE_SCOPE_BEGIN|[44]|t|System.Type|true|false
15:30:22.6 (354343539)|VARIABLE_ASSIGNMENT|[44]|t|{"aot":"0x529e68ac"}|0x74e82e87
15:30:22.6 (354352691)|STATEMENT_EXECUTE|[45]
15:30:22.6 (354355259)|STATEMENT_EXECUTE|[51]
15:30:22.6 (354363669)|METHOD_ENTRY|[52]||System.Type.newInstance()
15:30:22.6 (354555331)|STATEMENT_EXECUTE|[46]
15:30:22.6 (354570054)|METHOD_EXIT|[52]||System.Type.newInstance()
15:30:22.6 (354581637)|VARIABLE_SCOPE_BEGIN|[51]|defaults|TemplateDefaultFields.FieldDefaults|true|false
15:30:22.6 (354598212)|VARIABLE_ASSIGNMENT|[51]|defaults|{}|0x5c8b459d
15:30:22.6 (354603443)|STATEMENT_EXECUTE|[53]
15:30:22.6 (354635824)|METHOD_ENTRY|[53]|01pg8000001w1Mh|TemplateDefaultFields.DistributionCenterDefaults.getFieldDefaults(Decimal)
15:30:22.6 (354643774)|VARIABLE_SCOPE_BEGIN|[47]|this|TemplateDefaultFields.DistributionCenterDefaults|true|false
15:30:22.6 (354655578)|VARIABLE_ASSIGNMENT|[47]|this|{}|0x5c8b459d
15:30:22.6 (354661039)|VARIABLE_SCOPE_BEGIN|[47]|countSObjectCreated|Decimal|false|false
15:30:22.6 (354671567)|VARIABLE_ASSIGNMENT|[47]|countSObjectCreated|5
15:30:22.6 (354680632)|STATEMENT_EXECUTE|[47]
15:30:22.6 (354682090)|STATEMENT_EXECUTE|[48]
15:30:22.6 (354703129)|HEAP_ALLOCATE|[48]|Bytes:4
15:30:22.6 (354719122)|HEAP_ALLOCATE|[49]|Bytes:28
15:30:22.6 (354787427)|HEAP_ALLOCATE|[49]|Bytes:1
15:30:22.6 (354804247)|HEAP_ALLOCATE|[49]|Bytes:29
15:30:22.6 (354844374)|HEAP_ALLOCATE|[50]|Bytes:25
15:30:22.6 (354848144)|HEAP_ALLOCATE|[50]|Bytes:2
15:30:22.6 (354861512)|HEAP_ALLOCATE|[50]|Bytes:1
15:30:22.6 (354868719)|HEAP_ALLOCATE|[50]|Bytes:3
15:30:22.6 (354878973)|METHOD_EXIT|[53]|01pg8000001w1Mh|TemplateDefaultFields.DistributionCenterDefaults.getFieldDefaults(Decimal)
15:30:22.6 (354887649)|METHOD_ENTRY|[53]|01pg8000001w1Mi|TestFactorySObject.addFieldDefaults(SObject, Map<String,ANY>)
15:30:22.6 (354892840)|VARIABLE_SCOPE_BEGIN|[19]|sObj|SObject|true|false
15:30:22.6 (354908199)|VARIABLE_ASSIGNMENT|[19]|sObj|{}|0x5db7e84f
15:30:22.6 (354912598)|VARIABLE_SCOPE_BEGIN|[19]|defaultFields|Map<String,ANY>|true|false
15:30:22.6 (354938108)|VARIABLE_ASSIGNMENT|[19]|defaultFields|{"Name":"Centro de Distribuiç (9 more) ...","DistributionCenterCode__c":"DC5"}|0x5bbdc0f7
15:30:22.6 (354949451)|STATEMENT_EXECUTE|[19]
15:30:22.6 (354999700)|HEAP_ALLOCATE|[20]|Bytes:41
15:30:22.6 (355032855)|HEAP_ALLOCATE|[20]|Bytes:5
15:30:22.6 (355049905)|VARIABLE_SCOPE_BEGIN|[20]|fieldApiName|String|false|false
15:30:22.6 (355059950)|VARIABLE_ASSIGNMENT|[20]|fieldApiName|"Name"
15:30:22.6 (355065004)|STATEMENT_EXECUTE|[20]
15:30:22.6 (355179128)|STATEMENT_EXECUTE|[21]
15:30:22.6 (355180959)|STATEMENT_EXECUTE|[22]
15:30:22.6 (355279865)|HEAP_ALLOCATE|[20]|Bytes:5
15:30:22.6 (355289433)|VARIABLE_SCOPE_BEGIN|[20]|fieldApiName|String|false|false
15:30:22.6 (355299420)|VARIABLE_ASSIGNMENT|[20]|fieldApiName|"DistributionCenterCo (5 more) ..."
15:30:22.6 (355303943)|STATEMENT_EXECUTE|[20]
15:30:22.6 (355360136)|STATEMENT_EXECUTE|[21]
15:30:22.6 (355361672)|STATEMENT_EXECUTE|[22]
15:30:22.6 (355408429)|HEAP_ALLOCATE|[20]|Bytes:5
15:30:22.6 (355419278)|VARIABLE_ASSIGNMENT|[20]|fieldApiName|null
15:30:22.6 (355429317)|METHOD_EXIT|[53]|01pg8000001w1Mi|TestFactorySObject.addFieldDefaults(SObject, Map<String,ANY>)
15:30:22.6 (355433880)|STATEMENT_EXECUTE|[54]
15:30:22.6 (355458499)|HEAP_ALLOCATE|[54]|Bytes:28
15:30:22.6 (355461933)|HEAP_ALLOCATE|[54]|Bytes:28
15:30:22.6 (355485210)|HEAP_ALLOCATE|[54]|Bytes:28
15:30:22.6 (355487739)|HEAP_ALLOCATE|[54]|Bytes:28
15:30:22.6 (355507243)|VARIABLE_ASSIGNMENT|[54]|TestFactorySObject.countSObjectCreated|6
15:30:22.6 (355510856)|STATEMENT_EXECUTE|[56]
15:30:22.6 (355515814)|METHOD_EXIT|[38]|01pg8000001w1Mi|TestFactorySObject.dispatchSObjectCreation(SObject, String)
15:30:22.6 (355555097)|METHOD_EXIT|[25]|01pg8000001w1Mi|TestFactorySObject.createSObject(SObject)
15:30:22.6 (355566183)|VARIABLE_SCOPE_BEGIN|[25]|dc|DistributionCenter__c|true|false
15:30:22.6 (355584324)|VARIABLE_ASSIGNMENT|[25]|dc|{"Name":"Centro de Distribuiç (9 more) ...","DistributionCenterCode__c":"DC5"}|0x5db7e84f
15:30:22.6 (355590061)|STATEMENT_EXECUTE|[26]
15:30:22.6 (355702703)|VARIABLE_ASSIGNMENT|[26]|this.City__c|"a05g8000002BdsvAAC"|0x5db7e84f
15:30:22.6 (355708661)|STATEMENT_EXECUTE|[27]
15:30:22.6 (355743546)|VARIABLE_ASSIGNMENT|[27]|this.State__c|"a04g8000000b4kbAAA"|0x5db7e84f
15:30:22.6 (355748649)|STATEMENT_EXECUTE|[28]
15:30:22.6 (355777824)|VARIABLE_ASSIGNMENT|[28]|this.Country__c|"a03g80000084tirAAA"|0x5db7e84f
15:30:22.6 (355783220)|STATEMENT_EXECUTE|[29]
15:30:22.6 (355815295)|HEAP_ALLOCATE|[29]|Bytes:8
15:30:22.6 (355830244)|DML_BEGIN|[29]|Op:Insert|Type:DistributionCenter__c|Rows:1
15:30:22.6 (355877589)|HEAP_ALLOCATE|[EXTERNAL]|Bytes:8
15:30:22.6 (402562290)|DML_END|[29]
15:30:22.6 (402984679)|STATEMENT_EXECUTE|[31]
15:30:22.6 (403075368)|HEAP_ALLOCATE|[31]|Bytes:4
15:30:22.6 (403270538)|METHOD_ENTRY|[31]|01pg8000001w1Mi|TestFactorySObject.createSObject(SObject)
15:30:22.6 (403325703)|VARIABLE_SCOPE_BEGIN|[27]|this|TestFactorySObject|true|false
15:30:22.6 (403383769)|VARIABLE_ASSIGNMENT|[27]|this|{}|0x947973f
15:30:22.6 (403389822)|VARIABLE_SCOPE_BEGIN|[27]|sObj|SObject|true|false
15:30:22.6 (403404027)|VARIABLE_ASSIGNMENT|[27]|sObj|{}|0x5f897bf0
15:30:22.6 (403425039)|STATEMENT_EXECUTE|[27]
15:30:22.6 (403426849)|STATEMENT_EXECUTE|[28]
15:30:22.6 (403435567)|METHOD_ENTRY|[28]|01pg8000001w1Mi|TestFactorySObject.validateSObject(SObject)
15:30:22.6 (403441232)|VARIABLE_SCOPE_BEGIN|[13]|sObj|SObject|true|false
15:30:22.6 (403447405)|VARIABLE_ASSIGNMENT|[13]|sObj|{}|0x5f897bf0
15:30:22.6 (403453567)|STATEMENT_EXECUTE|[13]
15:30:22.6 (403456715)|STATEMENT_EXECUTE|[14]
15:30:22.6 (403463149)|METHOD_EXIT|[28]|01pg8000001w1Mi|TestFactorySObject.validateSObject(SObject)
15:30:22.6 (403467673)|STATEMENT_EXECUTE|[30]
15:30:22.6 (403543803)|HEAP_ALLOCATE|[30]|Bytes:19
15:30:22.6 (403554540)|VARIABLE_SCOPE_BEGIN|[30]|objectName|String|false|false
15:30:22.6 (403572990)|VARIABLE_ASSIGNMENT|[30]|objectName|"ProductHierarchy__c"
15:30:22.6 (403601543)|STATEMENT_EXECUTE|[31]
15:30:22.6 (403603425)|STATEMENT_EXECUTE|[35]
15:30:22.6 (403624225)|HEAP_ALLOCATE|[36]|Bytes:16
15:30:22.6 (403634920)|HEAP_ALLOCATE|[36]|Bytes:46
15:30:22.6 (403638694)|VARIABLE_SCOPE_BEGIN|[35]|defaultClassName|String|false|false
15:30:22.6 (403648039)|VARIABLE_ASSIGNMENT|[35]|defaultClassName|"TemplateDefaultField (26 more) ..."
15:30:22.6 (403651773)|STATEMENT_EXECUTE|[38]
15:30:22.6 (403657867)|METHOD_ENTRY|[38]|01pg8000001w1Mi|TestFactorySObject.dispatchSObjectCreation(SObject, String)
15:30:22.6 (403662579)|VARIABLE_SCOPE_BEGIN|[42]|this|TestFactorySObject|true|false
15:30:22.6 (403681589)|VARIABLE_ASSIGNMENT|[42]|this|{}|0x947973f
15:30:22.6 (403685586)|VARIABLE_SCOPE_BEGIN|[42]|sObj|SObject|true|false
15:30:22.6 (403691823)|VARIABLE_ASSIGNMENT|[42]|sObj|{}|0x5f897bf0
15:30:22.6 (403695334)|VARIABLE_SCOPE_BEGIN|[42]|defaultClassName|String|false|false
15:30:22.6 (403701149)|VARIABLE_ASSIGNMENT|[42]|defaultClassName|"TemplateDefaultField (26 more) ..."
15:30:22.6 (403709593)|STATEMENT_EXECUTE|[42]
15:30:22.6 (403710954)|STATEMENT_EXECUTE|[44]
15:30:22.6 (403715993)|METHOD_ENTRY|[44]||System.Type.forName(String)
15:30:22.6 (406409979)|METHOD_EXIT|[44]||System.Type.forName(String)
15:30:22.6 (406425295)|VARIABLE_SCOPE_BEGIN|[44]|t|System.Type|true|false
15:30:22.6 (406477920)|VARIABLE_ASSIGNMENT|[44]|t|{"aot":"0x1b56b7e8"}|0x6692d648
15:30:22.6 (406486738)|STATEMENT_EXECUTE|[45]
15:30:22.6 (406489260)|STATEMENT_EXECUTE|[51]
15:30:22.6 (406497220)|METHOD_ENTRY|[52]||System.Type.newInstance()
15:30:22.6 (406669361)|STATEMENT_EXECUTE|[57]
15:30:22.6 (406684713)|METHOD_EXIT|[52]||System.Type.newInstance()
15:30:22.6 (406695951)|VARIABLE_SCOPE_BEGIN|[51]|defaults|TemplateDefaultFields.FieldDefaults|true|false
15:30:22.6 (406714017)|VARIABLE_ASSIGNMENT|[51]|defaults|{}|0x773df70b
15:30:22.6 (406719104)|STATEMENT_EXECUTE|[53]
15:30:22.6 (406748653)|METHOD_ENTRY|[53]|01pg8000001w1Mh|TemplateDefaultFields.ProductHierarchyDefaults.getFieldDefaults(Decimal)
15:30:22.6 (406756325)|VARIABLE_SCOPE_BEGIN|[58]|this|TemplateDefaultFields.ProductHierarchyDefaults|true|false
15:30:22.6 (406767980)|VARIABLE_ASSIGNMENT|[58]|this|{}|0x773df70b
15:30:22.6 (406772797)|VARIABLE_SCOPE_BEGIN|[58]|countSObjectCreated|Decimal|false|false
15:30:22.6 (406782732)|VARIABLE_ASSIGNMENT|[58]|countSObjectCreated|6
15:30:22.6 (406793704)|STATEMENT_EXECUTE|[58]
15:30:22.6 (406795234)|STATEMENT_EXECUTE|[59]
15:30:22.6 (406815272)|HEAP_ALLOCATE|[59]|Bytes:4
15:30:22.6 (406829228)|HEAP_ALLOCATE|[60]|Bytes:16
15:30:22.6 (406896461)|HEAP_ALLOCATE|[60]|Bytes:1
15:30:22.6 (406911344)|HEAP_ALLOCATE|[60]|Bytes:17
15:30:22.6 (406948488)|HEAP_ALLOCATE|[61]|Bytes:7
15:30:22.6 (406951808)|HEAP_ALLOCATE|[61]|Bytes:1
15:30:22.6 (406964509)|HEAP_ALLOCATE|[61]|Bytes:1
15:30:22.6 (406970736)|HEAP_ALLOCATE|[61]|Bytes:2
15:30:22.6 (407084005)|METHOD_EXIT|[53]|01pg8000001w1Mh|TemplateDefaultFields.ProductHierarchyDefaults.getFieldDefaults(Decimal)
15:30:22.6 (407095015)|METHOD_ENTRY|[53]|01pg8000001w1Mi|TestFactorySObject.addFieldDefaults(SObject, Map<String,ANY>)
15:30:22.6 (407100874)|VARIABLE_SCOPE_BEGIN|[19]|sObj|SObject|true|false
15:30:22.6 (407116662)|VARIABLE_ASSIGNMENT|[19]|sObj|{}|0x5f897bf0
15:30:22.6 (407121010)|VARIABLE_SCOPE_BEGIN|[19]|defaultFields|Map<String,ANY>|true|false
15:30:22.6 (407145076)|VARIABLE_ASSIGNMENT|[19]|defaultFields|{"Name":"Hierarquia Teste6","Code__c":"H6"}|0x4ee14f72
15:30:22.6 (407157873)|STATEMENT_EXECUTE|[19]
15:30:22.6 (407203141)|HEAP_ALLOCATE|[20]|Bytes:23
15:30:22.6 (407236752)|HEAP_ALLOCATE|[20]|Bytes:5
15:30:22.6 (407252979)|VARIABLE_SCOPE_BEGIN|[20]|fieldApiName|String|false|false
15:30:22.6 (407261709)|VARIABLE_ASSIGNMENT|[20]|fieldApiName|"Name"
15:30:22.6 (407266780)|STATEMENT_EXECUTE|[20]
15:30:22.6 (407384576)|STATEMENT_EXECUTE|[21]
15:30:22.6 (407386374)|STATEMENT_EXECUTE|[22]
15:30:22.6 (407475982)|HEAP_ALLOCATE|[20]|Bytes:5
15:30:22.6 (407485307)|VARIABLE_SCOPE_BEGIN|[20]|fieldApiName|String|false|false
15:30:22.6 (407493851)|VARIABLE_ASSIGNMENT|[20]|fieldApiName|"Code__c"
15:30:22.6 (407497721)|STATEMENT_EXECUTE|[20]
15:30:22.6 (407531519)|STATEMENT_EXECUTE|[21]
15:30:22.6 (407532910)|STATEMENT_EXECUTE|[22]
15:30:22.6 (407573988)|HEAP_ALLOCATE|[20]|Bytes:5
15:30:22.6 (407584234)|VARIABLE_ASSIGNMENT|[20]|fieldApiName|null
15:30:22.6 (407593910)|METHOD_EXIT|[53]|01pg8000001w1Mi|TestFactorySObject.addFieldDefaults(SObject, Map<String,ANY>)
15:30:22.6 (407598706)|STATEMENT_EXECUTE|[54]
15:30:22.6 (407621548)|HEAP_ALLOCATE|[54]|Bytes:28
15:30:22.6 (407624651)|HEAP_ALLOCATE|[54]|Bytes:28
15:30:22.6 (407644766)|HEAP_ALLOCATE|[54]|Bytes:28
15:30:22.6 (407653115)|HEAP_ALLOCATE|[54]|Bytes:28
15:30:22.6 (407671261)|VARIABLE_ASSIGNMENT|[54]|TestFactorySObject.countSObjectCreated|7
15:30:22.6 (407675377)|STATEMENT_EXECUTE|[56]
15:30:22.6 (407680129)|METHOD_EXIT|[38]|01pg8000001w1Mi|TestFactorySObject.dispatchSObjectCreation(SObject, String)
15:30:22.6 (407686040)|METHOD_EXIT|[31]|01pg8000001w1Mi|TestFactorySObject.createSObject(SObject)
15:30:22.6 (407695769)|VARIABLE_SCOPE_BEGIN|[31]|productH|ProductHierarchy__c|true|false
15:30:22.6 (407714674)|VARIABLE_ASSIGNMENT|[31]|productH|{"Name":"Hierarquia Teste6","Code__c":"H6"}|0x5f897bf0
15:30:22.6 (407718957)|STATEMENT_EXECUTE|[32]
15:30:22.6 (407754702)|HEAP_ALLOCATE|[32]|Bytes:8
15:30:22.6 (407768355)|DML_BEGIN|[32]|Op:Insert|Type:ProductHierarchy__c|Rows:1
15:30:22.6 (407810303)|HEAP_ALLOCATE|[EXTERNAL]|Bytes:8
15:30:22.6 (449271342)|DML_END|[32]
15:30:22.6 (449664872)|STATEMENT_EXECUTE|[34]
15:30:22.6 (449727664)|HEAP_ALLOCATE|[34]|Bytes:4
15:30:22.6 (449899806)|METHOD_ENTRY|[34]|01pg8000001w1Mi|TestFactorySObject.createSObject(SObject)
15:30:22.6 (449935971)|VARIABLE_SCOPE_BEGIN|[27]|this|TestFactorySObject|true|false
15:30:22.6 (449982894)|VARIABLE_ASSIGNMENT|[27]|this|{}|0x947973f
15:30:22.6 (449986629)|VARIABLE_SCOPE_BEGIN|[27]|sObj|SObject|true|false
15:30:22.6 (449996097)|VARIABLE_ASSIGNMENT|[27]|sObj|{}|0x4771b0fc
15:30:22.6 (450011187)|STATEMENT_EXECUTE|[27]
15:30:22.6 (450013120)|STATEMENT_EXECUTE|[28]
15:30:22.6 (450018699)|METHOD_ENTRY|[28]|01pg8000001w1Mi|TestFactorySObject.validateSObject(SObject)
15:30:22.6 (450022297)|VARIABLE_SCOPE_BEGIN|[13]|sObj|SObject|true|false
15:30:22.6 (450026174)|VARIABLE_ASSIGNMENT|[13]|sObj|{}|0x4771b0fc
15:30:22.6 (450030582)|STATEMENT_EXECUTE|[13]
15:30:22.6 (450032928)|STATEMENT_EXECUTE|[14]
15:30:22.6 (450037407)|METHOD_EXIT|[28]|01pg8000001w1Mi|TestFactorySObject.validateSObject(SObject)
15:30:22.6 (450039839)|STATEMENT_EXECUTE|[30]
15:30:22.6 (450094982)|HEAP_ALLOCATE|[30]|Bytes:8
15:30:22.6 (450101180)|VARIABLE_SCOPE_BEGIN|[30]|objectName|String|false|false
15:30:22.6 (450115803)|VARIABLE_ASSIGNMENT|[30]|objectName|"Product2"
15:30:22.6 (450138707)|STATEMENT_EXECUTE|[31]
15:30:22.6 (450139631)|STATEMENT_EXECUTE|[35]
15:30:22.6 (450181785)|HEAP_ALLOCATE|[36]|Bytes:8
15:30:22.6 (450190664)|HEAP_ALLOCATE|[36]|Bytes:38
15:30:22.6 (450192788)|VARIABLE_SCOPE_BEGIN|[35]|defaultClassName|String|false|false
15:30:22.6 (450222999)|VARIABLE_ASSIGNMENT|[35]|defaultClassName|"TemplateDefaultField (18 more) ..."
15:30:22.6 (450226015)|STATEMENT_EXECUTE|[38]
15:30:22.6 (450230878)|METHOD_ENTRY|[38]|01pg8000001w1Mi|TestFactorySObject.dispatchSObjectCreation(SObject, String)
15:30:22.6 (450234122)|VARIABLE_SCOPE_BEGIN|[42]|this|TestFactorySObject|true|false
15:30:22.6 (450243863)|VARIABLE_ASSIGNMENT|[42]|this|{}|0x947973f
15:30:22.6 (450246848)|VARIABLE_SCOPE_BEGIN|[42]|sObj|SObject|true|false
15:30:22.6 (450266873)|VARIABLE_ASSIGNMENT|[42]|sObj|{}|0x4771b0fc
15:30:22.6 (450269757)|VARIABLE_SCOPE_BEGIN|[42]|defaultClassName|String|false|false
15:30:22.6 (450274048)|VARIABLE_ASSIGNMENT|[42]|defaultClassName|"TemplateDefaultField (18 more) ..."
15:30:22.6 (450278912)|STATEMENT_EXECUTE|[42]
15:30:22.6 (450280140)|STATEMENT_EXECUTE|[44]
15:30:22.6 (450284769)|METHOD_ENTRY|[44]||System.Type.forName(String)
15:30:22.6 (453179938)|METHOD_EXIT|[44]||System.Type.forName(String)
15:30:22.6 (453191769)|VARIABLE_SCOPE_BEGIN|[44]|t|System.Type|true|false
15:30:22.6 (453230358)|VARIABLE_ASSIGNMENT|[44]|t|{"aot":"0x488075c7"}|0x516e0a83
15:30:22.6 (453235697)|STATEMENT_EXECUTE|[45]
15:30:22.6 (453237238)|STATEMENT_EXECUTE|[51]
15:30:22.6 (453242151)|METHOD_ENTRY|[52]||System.Type.newInstance()
15:30:22.6 (453370358)|STATEMENT_EXECUTE|[66]
15:30:22.6 (453387615)|METHOD_EXIT|[52]||System.Type.newInstance()
15:30:22.6 (453395914)|VARIABLE_SCOPE_BEGIN|[51]|defaults|TemplateDefaultFields.FieldDefaults|true|false
15:30:22.6 (453405780)|VARIABLE_ASSIGNMENT|[51]|defaults|{}|0x73a709da
15:30:22.6 (453408760)|STATEMENT_EXECUTE|[53]
15:30:22.6 (453431473)|METHOD_ENTRY|[53]|01pg8000001w1Mh|TemplateDefaultFields.Product2Defaults.getFieldDefaults(Decimal)
15:30:22.6 (453435779)|VARIABLE_SCOPE_BEGIN|[67]|this|TemplateDefaultFields.Product2Defaults|true|false
15:30:22.6 (453442360)|VARIABLE_ASSIGNMENT|[67]|this|{}|0x73a709da
15:30:22.6 (453445447)|VARIABLE_SCOPE_BEGIN|[67]|countSObjectCreated|Decimal|false|false
15:30:22.6 (453453724)|VARIABLE_ASSIGNMENT|[67]|countSObjectCreated|7
15:30:22.6 (453459338)|STATEMENT_EXECUTE|[67]
15:30:22.6 (453460239)|STATEMENT_EXECUTE|[68]
15:30:22.6 (453474374)|HEAP_ALLOCATE|[68]|Bytes:4
15:30:22.6 (453483952)|HEAP_ALLOCATE|[69]|Bytes:12
15:30:22.6 (453529854)|HEAP_ALLOCATE|[69]|Bytes:1
15:30:22.6 (453539145)|HEAP_ALLOCATE|[69]|Bytes:13
15:30:22.6 (453565350)|HEAP_ALLOCATE|[70]|Bytes:13
15:30:22.6 (453567344)|HEAP_ALLOCATE|[70]|Bytes:4
15:30:22.6 (453574720)|HEAP_ALLOCATE|[70]|Bytes:1
15:30:22.6 (453579152)|HEAP_ALLOCATE|[70]|Bytes:5
15:30:22.6 (453584222)|HEAP_ALLOCATE|[71]|Bytes:17
15:30:22.6 (453589599)|HEAP_ALLOCATE|[68]|Bytes:4
15:30:22.6 (453608835)|HEAP_ALLOCATE|[72]|Bytes:8
15:30:22.6 (453616299)|HEAP_ALLOCATE|[68]|Bytes:5
15:30:22.6 (453620939)|METHOD_EXIT|[53]|01pg8000001w1Mh|TemplateDefaultFields.Product2Defaults.getFieldDefaults(Decimal)
15:30:22.6 (453626255)|METHOD_ENTRY|[53]|01pg8000001w1Mi|TestFactorySObject.addFieldDefaults(SObject, Map<String,ANY>)
15:30:22.6 (453629608)|VARIABLE_SCOPE_BEGIN|[19]|sObj|SObject|true|false
15:30:22.6 (453639652)|VARIABLE_ASSIGNMENT|[19]|sObj|{}|0x4771b0fc
15:30:22.6 (453642184)|VARIABLE_SCOPE_BEGIN|[19]|defaultFields|Map<String,ANY>|true|false
15:30:22.6 (453662214)|VARIABLE_ASSIGNMENT|[19]|defaultFields|{"Name":"Trator Teste7","UniqueCode__c":"TRT 7","ProductionCost__c":300000,"IsActive":true}|0x7e670342
15:30:22.6 (453667429)|STATEMENT_EXECUTE|[19]
15:30:22.6 (453701213)|HEAP_ALLOCATE|[20]|Bytes:62
15:30:22.6 (453723434)|HEAP_ALLOCATE|[20]|Bytes:5
15:30:22.6 (453734300)|VARIABLE_SCOPE_BEGIN|[20]|fieldApiName|String|false|false
15:30:22.6 (453739844)|VARIABLE_ASSIGNMENT|[20]|fieldApiName|"Name"
15:30:22.6 (453742753)|STATEMENT_EXECUTE|[20]
15:30:22.6 (453817497)|STATEMENT_EXECUTE|[21]
15:30:22.6 (453818756)|STATEMENT_EXECUTE|[22]
15:30:22.6 (453884743)|HEAP_ALLOCATE|[20]|Bytes:5
15:30:22.6 (453890061)|VARIABLE_SCOPE_BEGIN|[20]|fieldApiName|String|false|false
15:30:22.6 (453895003)|VARIABLE_ASSIGNMENT|[20]|fieldApiName|"UniqueCode__c"
15:30:22.6 (453897126)|STATEMENT_EXECUTE|[20]
15:30:22.6 (453924070)|STATEMENT_EXECUTE|[21]
15:30:22.6 (453924959)|STATEMENT_EXECUTE|[22]
15:30:22.6 (453952024)|HEAP_ALLOCATE|[20]|Bytes:5
15:30:22.6 (453956209)|VARIABLE_SCOPE_BEGIN|[20]|fieldApiName|String|false|false
15:30:22.6 (453961007)|VARIABLE_ASSIGNMENT|[20]|fieldApiName|"ProductionCost__c"
15:30:22.6 (453963355)|STATEMENT_EXECUTE|[20]
15:30:22.6 (453974573)|STATEMENT_EXECUTE|[21]
15:30:22.6 (453975439)|STATEMENT_EXECUTE|[22]
15:30:22.6 (453992869)|HEAP_ALLOCATE|[20]|Bytes:5
15:30:22.6 (453996708)|VARIABLE_SCOPE_BEGIN|[20]|fieldApiName|String|false|false
15:30:22.6 (454000999)|VARIABLE_ASSIGNMENT|[20]|fieldApiName|"IsActive"
15:30:22.6 (454003598)|STATEMENT_EXECUTE|[20]
15:30:22.6 (454021043)|STATEMENT_EXECUTE|[21]
15:30:22.6 (454021900)|STATEMENT_EXECUTE|[22]
15:30:22.6 (454041868)|HEAP_ALLOCATE|[20]|Bytes:5
15:30:22.6 (454047819)|VARIABLE_ASSIGNMENT|[20]|fieldApiName|null
15:30:22.6 (454053115)|METHOD_EXIT|[53]|01pg8000001w1Mi|TestFactorySObject.addFieldDefaults(SObject, Map<String,ANY>)
15:30:22.6 (454055728)|STATEMENT_EXECUTE|[54]
15:30:22.6 (454073523)|HEAP_ALLOCATE|[54]|Bytes:28
15:30:22.6 (454075318)|HEAP_ALLOCATE|[54]|Bytes:28
15:30:22.6 (454090230)|HEAP_ALLOCATE|[54]|Bytes:28
15:30:22.6 (454091794)|HEAP_ALLOCATE|[54]|Bytes:28
15:30:22.6 (454105132)|VARIABLE_ASSIGNMENT|[54]|TestFactorySObject.countSObjectCreated|8
15:30:22.6 (454107573)|STATEMENT_EXECUTE|[56]
15:30:22.6 (454119553)|METHOD_EXIT|[38]|01pg8000001w1Mi|TestFactorySObject.dispatchSObjectCreation(SObject, String)
15:30:22.6 (454125148)|METHOD_EXIT|[34]|01pg8000001w1Mi|TestFactorySObject.createSObject(SObject)
15:30:22.6 (454132232)|VARIABLE_SCOPE_BEGIN|[34]|produto|Product2|true|false
15:30:22.6 (454143887)|VARIABLE_ASSIGNMENT|[34]|produto|{"Name":"Trator Teste7","UniqueCode__c":"TRT 7","ProductionCost__c":300000,"IsActive":true}|0x4771b0fc
15:30:22.6 (454147071)|STATEMENT_EXECUTE|[35]
15:30:22.6 (454292067)|VARIABLE_ASSIGNMENT|[35]|this.ProductHierarchy__c|"a01g8000009Vj6wAAC"|0x4771b0fc
15:30:22.6 (454296134)|STATEMENT_EXECUTE|[36]
15:30:22.6 (454320474)|HEAP_ALLOCATE|[36]|Bytes:8
15:30:22.6 (454333352)|DML_BEGIN|[36]|Op:Insert|Type:Product2|Rows:1
15:30:22.6 (454368115)|HEAP_ALLOCATE|[EXTERNAL]|Bytes:8
15:30:22.6 (499376168)|DML_END|[36]
15:30:22.6 (499796409)|STATEMENT_EXECUTE|[38]
15:30:22.6 (499868230)|HEAP_ALLOCATE|[38]|Bytes:4
15:30:22.6 (500025882)|METHOD_ENTRY|[38]|01pg8000001w1Mi|TestFactorySObject.createSObject(SObject)
15:30:22.6 (500061389)|VARIABLE_SCOPE_BEGIN|[27]|this|TestFactorySObject|true|false
15:30:22.6 (500106092)|VARIABLE_ASSIGNMENT|[27]|this|{}|0x947973f
15:30:22.6 (500110174)|VARIABLE_SCOPE_BEGIN|[27]|sObj|SObject|true|false
15:30:22.6 (500120453)|VARIABLE_ASSIGNMENT|[27]|sObj|{}|0x14b3c370
15:30:22.6 (500137885)|STATEMENT_EXECUTE|[27]
15:30:22.6 (500139283)|STATEMENT_EXECUTE|[28]
15:30:22.6 (500144763)|METHOD_ENTRY|[28]|01pg8000001w1Mi|TestFactorySObject.validateSObject(SObject)
15:30:22.6 (500148324)|VARIABLE_SCOPE_BEGIN|[13]|sObj|SObject|true|false
15:30:22.6 (500152258)|VARIABLE_ASSIGNMENT|[13]|sObj|{}|0x14b3c370
15:30:22.6 (500157099)|STATEMENT_EXECUTE|[13]
15:30:22.6 (500159247)|STATEMENT_EXECUTE|[14]
15:30:22.6 (500163148)|METHOD_EXIT|[28]|01pg8000001w1Mi|TestFactorySObject.validateSObject(SObject)
15:30:22.6 (500166204)|STATEMENT_EXECUTE|[30]
15:30:22.6 (500219447)|HEAP_ALLOCATE|[30]|Bytes:6
15:30:22.6 (500225249)|VARIABLE_SCOPE_BEGIN|[30]|objectName|String|false|false
15:30:22.6 (500239612)|VARIABLE_ASSIGNMENT|[30]|objectName|"Tax__c"
15:30:22.6 (500262291)|STATEMENT_EXECUTE|[31]
15:30:22.6 (500263199)|STATEMENT_EXECUTE|[35]
15:30:22.6 (500308115)|HEAP_ALLOCATE|[36]|Bytes:3
15:30:22.6 (500317359)|HEAP_ALLOCATE|[36]|Bytes:33
15:30:22.6 (500319503)|VARIABLE_SCOPE_BEGIN|[35]|defaultClassName|String|false|false
15:30:22.6 (500326527)|VARIABLE_ASSIGNMENT|[35]|defaultClassName|"TemplateDefaultField (13 more) ..."
15:30:22.6 (500328660)|STATEMENT_EXECUTE|[38]
15:30:22.6 (500333969)|METHOD_ENTRY|[38]|01pg8000001w1Mi|TestFactorySObject.dispatchSObjectCreation(SObject, String)
15:30:22.6 (500336666)|VARIABLE_SCOPE_BEGIN|[42]|this|TestFactorySObject|true|false
15:30:22.6 (500346233)|VARIABLE_ASSIGNMENT|[42]|this|{}|0x947973f
15:30:22.6 (500349029)|VARIABLE_SCOPE_BEGIN|[42]|sObj|SObject|true|false
15:30:22.6 (500353063)|VARIABLE_ASSIGNMENT|[42]|sObj|{}|0x14b3c370
15:30:22.6 (500355607)|VARIABLE_SCOPE_BEGIN|[42]|defaultClassName|String|false|false
15:30:22.6 (500360021)|VARIABLE_ASSIGNMENT|[42]|defaultClassName|"TemplateDefaultField (13 more) ..."
15:30:22.6 (500364478)|STATEMENT_EXECUTE|[42]
15:30:22.6 (500365712)|STATEMENT_EXECUTE|[44]
15:30:22.6 (500370437)|METHOD_ENTRY|[44]||System.Type.forName(String)
15:30:22.6 (502751983)|METHOD_EXIT|[44]||System.Type.forName(String)
15:30:22.6 (502762352)|VARIABLE_SCOPE_BEGIN|[44]|t|System.Type|true|false
15:30:22.6 (502792855)|VARIABLE_ASSIGNMENT|[44]|t|{"aot":"0x67632d7b"}|0x624a7621
15:30:22.6 (502797453)|STATEMENT_EXECUTE|[45]
15:30:22.6 (502799220)|STATEMENT_EXECUTE|[51]
15:30:22.6 (502803846)|METHOD_ENTRY|[52]||System.Type.newInstance()
15:30:22.6 (502914744)|STATEMENT_EXECUTE|[79]
15:30:22.6 (502923490)|METHOD_EXIT|[52]||System.Type.newInstance()
15:30:22.6 (502930105)|VARIABLE_SCOPE_BEGIN|[51]|defaults|TemplateDefaultFields.FieldDefaults|true|false
15:30:22.6 (502939383)|VARIABLE_ASSIGNMENT|[51]|defaults|{}|0x27235478
15:30:22.6 (502942619)|STATEMENT_EXECUTE|[53]
15:30:22.6 (502963979)|METHOD_ENTRY|[53]|01pg8000001w1Mh|TemplateDefaultFields.TaxDefaults.getFieldDefaults(Decimal)
15:30:22.6 (502968413)|VARIABLE_SCOPE_BEGIN|[80]|this|TemplateDefaultFields.TaxDefaults|true|false
15:30:22.6 (502974337)|VARIABLE_ASSIGNMENT|[80]|this|{}|0x27235478
15:30:22.6 (502977616)|VARIABLE_SCOPE_BEGIN|[80]|countSObjectCreated|Decimal|false|false
15:30:22.6 (502985633)|VARIABLE_ASSIGNMENT|[80]|countSObjectCreated|8
15:30:22.6 (502990929)|STATEMENT_EXECUTE|[80]
15:30:22.6 (502991813)|STATEMENT_EXECUTE|[81]
15:30:22.6 (503005486)|HEAP_ALLOCATE|[81]|Bytes:4
15:30:22.6 (503014943)|HEAP_ALLOCATE|[82]|Bytes:13
15:30:22.6 (503059861)|HEAP_ALLOCATE|[82]|Bytes:1
15:30:22.6 (503069192)|HEAP_ALLOCATE|[82]|Bytes:14
15:30:22.6 (503094794)|HEAP_ALLOCATE|[83]|Bytes:10
15:30:22.6 (503096740)|HEAP_ALLOCATE|[83]|Bytes:2
15:30:22.6 (503103963)|HEAP_ALLOCATE|[83]|Bytes:1
15:30:22.6 (503108144)|HEAP_ALLOCATE|[83]|Bytes:3
15:30:22.6 (503114324)|METHOD_EXIT|[53]|01pg8000001w1Mh|TemplateDefaultFields.TaxDefaults.getFieldDefaults(Decimal)
15:30:22.6 (503119523)|METHOD_ENTRY|[53]|01pg8000001w1Mi|TestFactorySObject.addFieldDefaults(SObject, Map<String,ANY>)
15:30:22.6 (503123080)|VARIABLE_SCOPE_BEGIN|[19]|sObj|SObject|true|false
15:30:22.6 (503130556)|VARIABLE_ASSIGNMENT|[19]|sObj|{}|0x14b3c370
15:30:22.6 (503133330)|VARIABLE_SCOPE_BEGIN|[19]|defaultFields|Map<String,ANY>|true|false
15:30:22.6 (503149853)|VARIABLE_ASSIGNMENT|[19]|defaultFields|{"Name":"Imposto Teste8","TaxCode__c":"IP8"}|0x5482c40f
15:30:22.6 (503154666)|STATEMENT_EXECUTE|[19]
15:30:22.6 (503185656)|HEAP_ALLOCATE|[20]|Bytes:26
15:30:22.6 (503209775)|HEAP_ALLOCATE|[20]|Bytes:5
15:30:22.6 (503220804)|VARIABLE_SCOPE_BEGIN|[20]|fieldApiName|String|false|false
15:30:22.6 (503226160)|VARIABLE_ASSIGNMENT|[20]|fieldApiName|"Name"
15:30:22.6 (503229346)|STATEMENT_EXECUTE|[20]
15:30:22.6 (503390795)|STATEMENT_EXECUTE|[21]
15:30:22.6 (503392291)|STATEMENT_EXECUTE|[22]
15:30:22.6 (503455707)|HEAP_ALLOCATE|[20]|Bytes:5
15:30:22.6 (503462366)|VARIABLE_SCOPE_BEGIN|[20]|fieldApiName|String|false|false
15:30:22.6 (503468046)|VARIABLE_ASSIGNMENT|[20]|fieldApiName|"TaxCode__c"
15:30:22.6 (503470563)|STATEMENT_EXECUTE|[20]
15:30:22.6 (503492757)|STATEMENT_EXECUTE|[21]
15:30:22.6 (503493634)|STATEMENT_EXECUTE|[22]
15:30:22.6 (503520927)|HEAP_ALLOCATE|[20]|Bytes:5
15:30:22.6 (503527214)|VARIABLE_ASSIGNMENT|[20]|fieldApiName|null
15:30:22.6 (503532676)|METHOD_EXIT|[53]|01pg8000001w1Mi|TestFactorySObject.addFieldDefaults(SObject, Map<String,ANY>)
15:30:22.6 (503535694)|STATEMENT_EXECUTE|[54]
15:30:22.6 (503554863)|HEAP_ALLOCATE|[54]|Bytes:28
15:30:22.6 (503556912)|HEAP_ALLOCATE|[54]|Bytes:28
15:30:22.6 (503570972)|HEAP_ALLOCATE|[54]|Bytes:28
15:30:22.6 (503572375)|HEAP_ALLOCATE|[54]|Bytes:28
15:30:22.6 (503586188)|VARIABLE_ASSIGNMENT|[54]|TestFactorySObject.countSObjectCreated|9
15:30:22.6 (503588345)|STATEMENT_EXECUTE|[56]
15:30:22.6 (503591110)|METHOD_EXIT|[38]|01pg8000001w1Mi|TestFactorySObject.dispatchSObjectCreation(SObject, String)
15:30:22.6 (503595354)|METHOD_EXIT|[38]|01pg8000001w1Mi|TestFactorySObject.createSObject(SObject)
15:30:22.6 (503602900)|VARIABLE_SCOPE_BEGIN|[38]|imposto|Tax__c|true|false
15:30:22.6 (503612898)|VARIABLE_ASSIGNMENT|[38]|imposto|{"Name":"Imposto Teste8","TaxCode__c":"IP8"}|0x14b3c370
15:30:22.6 (503615819)|STATEMENT_EXECUTE|[39]
15:30:22.6 (503689175)|VARIABLE_ASSIGNMENT|[39]|this.DistributionCenter__c|"a06g8000001gZSDAA2"|0x14b3c370
15:30:22.6 (503692765)|STATEMENT_EXECUTE|[40]
15:30:22.6 (503724430)|VARIABLE_ASSIGNMENT|[40]|this.Product__c|"01tg8000001ROs5AAG"|0x14b3c370
15:30:22.6 (503727552)|STATEMENT_EXECUTE|[41]
15:30:22.6 (503746693)|VARIABLE_ASSIGNMENT|[41]|this.State__c|"a04g8000000b4kbAAA"|0x14b3c370
15:30:22.6 (503749623)|STATEMENT_EXECUTE|[42]
15:30:22.6 (503751653)|HEAP_ALLOCATE|[42]|Bytes:8
15:30:22.6 (503763562)|VARIABLE_ASSIGNMENT|[42]|this.Status__c|"Approved"|0x14b3c370
15:30:22.6 (503768035)|STATEMENT_EXECUTE|[43]
15:30:22.6 (503769299)|HEAP_ALLOCATE|[43]|Bytes:4
15:30:22.6 (503781086)|HEAP_ALLOCATE|[43]|Bytes:28
15:30:22.6 (503794830)|VARIABLE_ASSIGNMENT|[43]|this.TaxRate__c|10.0|0x14b3c370
15:30:22.6 (503797504)|STATEMENT_EXECUTE|[44]
15:30:22.6 (503819348)|HEAP_ALLOCATE|[44]|Bytes:8
15:30:22.6 (503831254)|DML_BEGIN|[44]|Op:Insert|Type:Tax__c|Rows:1
15:30:22.6 (503863057)|HEAP_ALLOCATE|[EXTERNAL]|Bytes:8
15:30:22.6 (653241612)|CODE_UNIT_STARTED|[EXTERNAL]|Flow:01Ig8000000dte9
15:30:22.736 (736112372)|FLOW_CREATE_INTERVIEW_BEGIN|00Dg8000001b33B|300g800000Csj6k|301g8000005x9nc
15:30:22.736 (736241453)|FLOW_CREATE_INTERVIEW_END|7487dc0112f0ac8cff5d7ec11bd419d7897f672-7821|Imposto: Gerar Chave Única
15:30:22.737 (737311566)|FLOW_START_INTERVIEWS_BEGIN|1
15:30:22.737 (737395266)|FLOW_START_INTERVIEW_BEGIN|7487dc0112f0ac8cff5d7ec11bd419d7897f672-7821|Imposto: Gerar Chave Única
15:30:22.737 (753853834)|FLOW_START_INTERVIEW_END|7487dc0112f0ac8cff5d7ec11bd419d7897f672-7821|Imposto: Gerar Chave Única
15:30:22.737 (755564994)|FLOW_START_INTERVIEWS_END|1
15:30:22.737 (755901148)|FLOW_INTERVIEW_FINISHED|7487dc0112f0ac8cff5d7ec11bd419d7897f672-7821|Imposto: Gerar Chave Única
15:30:22.6 (757520873)|CODE_UNIT_FINISHED|Flow:01Ig8000000dte9
15:30:22.6 (779656815)|CODE_UNIT_STARTED|[EXTERNAL]|Validation:Tax:new
15:30:22.6 (779679621)|VALIDATION_RULE|03dg8000000V8kT|Campos_Obrigatorios_Imposto
15:30:22.6 (779900152)|VALIDATION_FORMULA|OR(
ISBLANK(Product__c),
ISBLANK(DistributionCenter__c),
ISBLANK(State__c)
)|DistributionCenter__c=a06g8000001gZSD , Product__c=01tg8000001ROs5 , State__c=a04g8000000b4kb
15:30:22.6 (779906769)|VALIDATION_PASS
15:30:22.6 (779908658)|VALIDATION_RULE|03dg8000000oOS9|Imposto_ativo
15:30:22.6 (780215365)|VALIDATION_FORMULA|ISPICKVAL(Status__c, "Approved") && 
(ISCHANGED(Product__c) &#124;&#124; ISCHANGED(ProductHierarchy__c) &#124;&#124; ISCHANGED(TaxRate__c) &#124;&#124; ISCHANGED(DistributionCenter__c) &#124;&#124; ISCHANGED(State__c))|Status__c=Approved , TaxRate__c=10.0 , DistributionCenter__c=a06g8000001gZSD , Product__c=01tg8000001ROs5 , ProductHierarchy__c=null , State__c=a04g8000000b4kb
15:30:22.6 (780223237)|VALIDATION_PASS
15:30:22.6 (780224497)|VALIDATION_RULE|03dg8000000ZDAT|Produto_OU_Hierarquia
15:30:22.6 (780336726)|VALIDATION_FORMULA|( ISBLANK(Product__c) && ISBLANK(ProductHierarchy__c) )
&#124;&#124;
( NOT(ISBLANK(Product__c)) && NOT(ISBLANK(ProductHierarchy__c)) )|Product__c=01tg8000001ROs5 , ProductHierarchy__c=null
15:30:22.6 (780341374)|VALIDATION_PASS
15:30:22.6 (780346205)|CODE_UNIT_FINISHED|Validation:Tax:new
15:30:22.6 (804025802)|CODE_UNIT_STARTED|[EXTERNAL]|Flow:01Ig8000000dte9
15:30:22.6 (804053937)|CODE_UNIT_FINISHED|Flow:01Ig8000000dte9
15:30:22.6 (804087345)|CODE_UNIT_STARTED|[EXTERNAL]|Flow:01Ig8000000dte9
15:30:22.6 (804093425)|CODE_UNIT_FINISHED|Flow:01Ig8000000dte9
15:30:22.6 (808404594)|DML_END|[44]
15:30:22.6 (808902236)|STATEMENT_EXECUTE|[46]
15:30:22.6 (808974486)|HEAP_ALLOCATE|[46]|Bytes:4
15:30:22.6 (809135130)|METHOD_ENTRY|[46]|01pg8000001w1Mi|TestFactorySObject.createSObject(SObject)
15:30:22.6 (809170901)|VARIABLE_SCOPE_BEGIN|[27]|this|TestFactorySObject|true|false
15:30:22.6 (809216621)|VARIABLE_ASSIGNMENT|[27]|this|{}|0x947973f
15:30:22.6 (809220979)|VARIABLE_SCOPE_BEGIN|[27]|sObj|SObject|true|false
15:30:22.6 (809230731)|VARIABLE_ASSIGNMENT|[27]|sObj|{}|0x462ec7a8
15:30:22.6 (809246557)|STATEMENT_EXECUTE|[27]
15:30:22.6 (809247991)|STATEMENT_EXECUTE|[28]
15:30:22.6 (809253474)|METHOD_ENTRY|[28]|01pg8000001w1Mi|TestFactorySObject.validateSObject(SObject)
15:30:22.6 (809257236)|VARIABLE_SCOPE_BEGIN|[13]|sObj|SObject|true|false
15:30:22.6 (809261378)|VARIABLE_ASSIGNMENT|[13]|sObj|{}|0x462ec7a8
15:30:22.6 (809265908)|STATEMENT_EXECUTE|[13]
15:30:22.6 (809268244)|STATEMENT_EXECUTE|[14]
15:30:22.6 (809272146)|METHOD_EXIT|[28]|01pg8000001w1Mi|TestFactorySObject.validateSObject(SObject)
15:30:22.6 (809274893)|STATEMENT_EXECUTE|[30]
15:30:22.6 (809329212)|HEAP_ALLOCATE|[30]|Bytes:10
15:30:22.6 (809335556)|VARIABLE_SCOPE_BEGIN|[30]|objectName|String|false|false
15:30:22.6 (809349452)|VARIABLE_ASSIGNMENT|[30]|objectName|"Freight__c"
15:30:22.6 (809371081)|STATEMENT_EXECUTE|[31]
15:30:22.6 (809371991)|STATEMENT_EXECUTE|[35]
15:30:22.6 (809388478)|HEAP_ALLOCATE|[36]|Bytes:7
15:30:22.6 (809396317)|HEAP_ALLOCATE|[36]|Bytes:37
15:30:22.6 (809398519)|VARIABLE_SCOPE_BEGIN|[35]|defaultClassName|String|false|false
15:30:22.6 (809405149)|VARIABLE_ASSIGNMENT|[35]|defaultClassName|"TemplateDefaultField (17 more) ..."
15:30:22.6 (809407690)|STATEMENT_EXECUTE|[38]
15:30:22.6 (809412315)|METHOD_ENTRY|[38]|01pg8000001w1Mi|TestFactorySObject.dispatchSObjectCreation(SObject, String)
15:30:22.6 (809415208)|VARIABLE_SCOPE_BEGIN|[42]|this|TestFactorySObject|true|false
15:30:22.6 (809423303)|VARIABLE_ASSIGNMENT|[42]|this|{}|0x947973f
15:30:22.6 (809426226)|VARIABLE_SCOPE_BEGIN|[42]|sObj|SObject|true|false
15:30:22.6 (809430136)|VARIABLE_ASSIGNMENT|[42]|sObj|{}|0x462ec7a8
15:30:22.6 (809432798)|VARIABLE_SCOPE_BEGIN|[42]|defaultClassName|String|false|false
15:30:22.6 (809437036)|VARIABLE_ASSIGNMENT|[42]|defaultClassName|"TemplateDefaultField (17 more) ..."
15:30:22.6 (809440963)|STATEMENT_EXECUTE|[42]
15:30:22.6 (809442082)|STATEMENT_EXECUTE|[44]
15:30:22.6 (809445903)|METHOD_ENTRY|[44]||System.Type.forName(String)
15:30:22.6 (812014921)|METHOD_EXIT|[44]||System.Type.forName(String)
15:30:22.6 (812028291)|VARIABLE_SCOPE_BEGIN|[44]|t|System.Type|true|false
15:30:22.6 (812072853)|VARIABLE_ASSIGNMENT|[44]|t|{"aot":"0x5c834cdd"}|0x76635ca4
15:30:22.6 (812079383)|STATEMENT_EXECUTE|[45]
15:30:22.6 (812081308)|STATEMENT_EXECUTE|[51]
15:30:22.6 (812087494)|METHOD_ENTRY|[52]||System.Type.newInstance()
15:30:22.6 (812224176)|STATEMENT_EXECUTE|[88]
15:30:22.6 (812236799)|METHOD_EXIT|[52]||System.Type.newInstance()
15:30:22.6 (812246575)|VARIABLE_SCOPE_BEGIN|[51]|defaults|TemplateDefaultFields.FieldDefaults|true|false
15:30:22.6 (812259786)|VARIABLE_ASSIGNMENT|[51]|defaults|{}|0x4579769e
15:30:22.6 (812262911)|STATEMENT_EXECUTE|[53]
15:30:22.6 (812340221)|METHOD_ENTRY|[53]|01pg8000001w1Mh|TemplateDefaultFields.FreightDefaults.getFieldDefaults(Decimal)
15:30:22.6 (812346106)|VARIABLE_SCOPE_BEGIN|[89]|this|TemplateDefaultFields.FreightDefaults|true|false
15:30:22.6 (812356096)|VARIABLE_ASSIGNMENT|[89]|this|{}|0x4579769e
15:30:22.6 (812361301)|VARIABLE_SCOPE_BEGIN|[89]|countSObjectCreated|Decimal|false|false
15:30:22.6 (812369095)|VARIABLE_ASSIGNMENT|[89]|countSObjectCreated|9
15:30:22.6 (812376986)|STATEMENT_EXECUTE|[89]
15:30:22.6 (812378181)|STATEMENT_EXECUTE|[90]
15:30:22.6 (812390324)|HEAP_ALLOCATE|[90]|Bytes:4
15:30:22.6 (812401015)|HEAP_ALLOCATE|[91]|Bytes:11
15:30:22.6 (812460819)|HEAP_ALLOCATE|[91]|Bytes:1
15:30:22.6 (812470326)|HEAP_ALLOCATE|[91]|Bytes:12
15:30:22.6 (812494521)|HEAP_ALLOCATE|[92]|Bytes:14
15:30:22.6 (812496954)|HEAP_ALLOCATE|[92]|Bytes:1
15:30:22.6 (812504748)|HEAP_ALLOCATE|[92]|Bytes:1
15:30:22.6 (812509292)|HEAP_ALLOCATE|[92]|Bytes:2
15:30:22.6 (812515936)|METHOD_EXIT|[53]|01pg8000001w1Mh|TemplateDefaultFields.FreightDefaults.getFieldDefaults(Decimal)
15:30:22.6 (812521804)|METHOD_ENTRY|[53]|01pg8000001w1Mi|TestFactorySObject.addFieldDefaults(SObject, Map<String,ANY>)
15:30:22.6 (812525282)|VARIABLE_SCOPE_BEGIN|[19]|sObj|SObject|true|false
15:30:22.6 (812536426)|VARIABLE_ASSIGNMENT|[19]|sObj|{}|0x462ec7a8
15:30:22.6 (812539176)|VARIABLE_SCOPE_BEGIN|[19]|defaultFields|Map<String,ANY>|true|false
15:30:22.6 (812555186)|VARIABLE_ASSIGNMENT|[19]|defaultFields|{"Name":"Frete Teste9","FreightCode__c":"F9"}|0x1ac5cdc3
15:30:22.6 (812560738)|STATEMENT_EXECUTE|[19]
15:30:22.6 (812592908)|HEAP_ALLOCATE|[20]|Bytes:30
15:30:22.6 (812616887)|HEAP_ALLOCATE|[20]|Bytes:5
15:30:22.6 (812627344)|VARIABLE_SCOPE_BEGIN|[20]|fieldApiName|String|false|false
15:30:22.6 (812633244)|VARIABLE_ASSIGNMENT|[20]|fieldApiName|"Name"
15:30:22.6 (812636177)|STATEMENT_EXECUTE|[20]
15:30:22.6 (812796309)|STATEMENT_EXECUTE|[21]
15:30:22.6 (812797478)|STATEMENT_EXECUTE|[22]
15:30:22.6 (812871429)|HEAP_ALLOCATE|[20]|Bytes:5
15:30:22.6 (812878046)|VARIABLE_SCOPE_BEGIN|[20]|fieldApiName|String|false|false
15:30:22.6 (812884116)|VARIABLE_ASSIGNMENT|[20]|fieldApiName|"FreightCode__c"
15:30:22.6 (812886372)|STATEMENT_EXECUTE|[20]
15:30:22.6 (812909791)|STATEMENT_EXECUTE|[21]
15:30:22.6 (812910764)|STATEMENT_EXECUTE|[22]
15:30:22.6 (812939788)|HEAP_ALLOCATE|[20]|Bytes:5
15:30:22.6 (812945720)|VARIABLE_ASSIGNMENT|[20]|fieldApiName|null
15:30:22.6 (812950860)|METHOD_EXIT|[53]|01pg8000001w1Mi|TestFactorySObject.addFieldDefaults(SObject, Map<String,ANY>)
15:30:22.6 (812958531)|STATEMENT_EXECUTE|[54]
15:30:22.6 (812977706)|HEAP_ALLOCATE|[54]|Bytes:28
15:30:22.6 (812980361)|HEAP_ALLOCATE|[54]|Bytes:28
15:30:22.6 (813000026)|HEAP_ALLOCATE|[54]|Bytes:28
15:30:22.6 (813003525)|HEAP_ALLOCATE|[54]|Bytes:28
15:30:22.6 (813020681)|VARIABLE_ASSIGNMENT|[54]|TestFactorySObject.countSObjectCreated|10
15:30:22.6 (813024070)|STATEMENT_EXECUTE|[56]
15:30:22.6 (813027993)|METHOD_EXIT|[38]|01pg8000001w1Mi|TestFactorySObject.dispatchSObjectCreation(SObject, String)
15:30:22.6 (813034406)|METHOD_EXIT|[46]|01pg8000001w1Mi|TestFactorySObject.createSObject(SObject)
15:30:22.6 (813044098)|VARIABLE_SCOPE_BEGIN|[46]|frete|Freight__c|true|false
15:30:22.6 (813059596)|VARIABLE_ASSIGNMENT|[46]|frete|{"Name":"Frete Teste9","FreightCode__c":"F9"}|0x462ec7a8
15:30:22.6 (813063521)|STATEMENT_EXECUTE|[47]
15:30:22.6 (813143080)|VARIABLE_ASSIGNMENT|[47]|this.Product__c|"01tg8000001ROs5AAG"|0x462ec7a8
15:30:22.6 (813146688)|STATEMENT_EXECUTE|[48]
15:30:22.6 (813172311)|VARIABLE_ASSIGNMENT|[48]|this.State__c|"a04g8000000b4kbAAA"|0x462ec7a8
15:30:22.6 (813175306)|STATEMENT_EXECUTE|[49]
15:30:22.6 (813194513)|VARIABLE_ASSIGNMENT|[49]|this.DistributionCenter__c|"a06g8000001gZSDAA2"|0x462ec7a8
15:30:22.6 (813197340)|STATEMENT_EXECUTE|[50]
15:30:22.6 (813210071)|VARIABLE_ASSIGNMENT|[50]|this.Status__c|"Approved"|0x462ec7a8
15:30:22.6 (813212894)|STATEMENT_EXECUTE|[51]
15:30:22.6 (813214640)|HEAP_ALLOCATE|[51]|Bytes:5
15:30:22.6 (813223874)|HEAP_ALLOCATE|[51]|Bytes:28
15:30:22.6 (813238351)|VARIABLE_ASSIGNMENT|[51]|this.FreightValue__c|700.0|0x462ec7a8
15:30:22.6 (813241051)|STATEMENT_EXECUTE|[52]
15:30:22.6 (813264036)|HEAP_ALLOCATE|[52]|Bytes:8
15:30:22.6 (813275575)|DML_BEGIN|[52]|Op:Insert|Type:Freight__c|Rows:1
15:30:22.6 (813307871)|HEAP_ALLOCATE|[EXTERNAL]|Bytes:8
15:30:22.6 (893831733)|CODE_UNIT_STARTED|[EXTERNAL]|Flow:01Ig8000000duwn
15:30:22.953 (953724036)|FLOW_CREATE_INTERVIEW_BEGIN|00Dg8000001b33B|300g800000CuE4d|301g8000008UX6n
15:30:22.953 (953829466)|FLOW_CREATE_INTERVIEW_END|7488dc0112f0ac8cff5d7ec11bd419d7897f672-7820|Frete: Gerar chave única
15:30:22.954 (954540471)|FLOW_START_INTERVIEWS_BEGIN|1
15:30:22.954 (954586021)|FLOW_START_INTERVIEW_BEGIN|7488dc0112f0ac8cff5d7ec11bd419d7897f672-7820|Frete: Gerar chave única
15:30:22.954 (966456210)|FLOW_START_INTERVIEW_END|7488dc0112f0ac8cff5d7ec11bd419d7897f672-7820|Frete: Gerar chave única
15:30:22.954 (967894009)|FLOW_START_INTERVIEWS_END|1
15:30:22.954 (968104737)|FLOW_INTERVIEW_FINISHED|7488dc0112f0ac8cff5d7ec11bd419d7897f672-7820|Frete: Gerar chave única
15:30:22.6 (969596779)|CODE_UNIT_FINISHED|Flow:01Ig8000000duwn
15:30:22.6 (985524214)|CODE_UNIT_STARTED|[EXTERNAL]|Validation:Freight:new
15:30:22.6 (985546641)|VALIDATION_RULE|03dg8000000V8m5|Campos_Obrigatorios_Frete
15:30:22.6 (985829188)|VALIDATION_FORMULA|OR(
ISBLANK(DistributionCenter__c),
ISBLANK(FreightValue__c)
)|FreightValue__c=700.0 , DistributionCenter__c=a06g8000001gZSD
15:30:22.6 (985835967)|VALIDATION_PASS
15:30:22.6 (985837698)|VALIDATION_RULE|03dg8000000oN1R|Frete_ativo
15:30:22.6 (986098257)|VALIDATION_FORMULA|ISPICKVAL(Status__c, "Approved") && 
(ISCHANGED(Product__c) &#124;&#124; ISCHANGED(ProductHierarchy__c) &#124;&#124; ISCHANGED(FreightValue__c) &#124;&#124; ISCHANGED(DistributionCenter__c) &#124;&#124; ISCHANGED(State__c) &#124;&#124; ISCHANGED(City__c) &#124;&#124; ISCHANGED(Country__c))|FreightValue__c=700.0 , Country__c=null , State__c=a04g8000000b4kb , Product__c=01tg8000001ROs5 , ProductHierarchy__c=null , DistributionCenter__c=a06g8000001gZSD , Status__c=Approved , City__c=null
15:30:22.6 (986107117)|VALIDATION_PASS
15:30:22.6 (986108237)|VALIDATION_RULE|03dg8000000ZDC5|Produto_OU_Hierarquia
15:30:22.6 (986189302)|VALIDATION_FORMULA|( ISBLANK(Product__c) && ISBLANK(ProductHierarchy__c) )
&#124;&#124;
( NOT(ISBLANK(Product__c)) && NOT(ISBLANK(ProductHierarchy__c)) )|Product__c=01tg8000001ROs5 , ProductHierarchy__c=null
15:30:22.6 (986193201)|VALIDATION_PASS
15:30:22.6 (986198442)|CODE_UNIT_FINISHED|Validation:Freight:new
15:30:23.10 (1010155492)|CODE_UNIT_STARTED|[EXTERNAL]|Flow:01Ig8000000duwn
15:30:23.10 (1010199627)|CODE_UNIT_FINISHED|Flow:01Ig8000000duwn
15:30:23.10 (1010289237)|CODE_UNIT_STARTED|[EXTERNAL]|Flow:01Ig8000000duwn
15:30:23.10 (1010303503)|CODE_UNIT_FINISHED|Flow:01Ig8000000duwn
15:30:23.10 (1016361659)|DML_END|[52]
15:30:23.10 (1016805383)|STATEMENT_EXECUTE|[54]
15:30:23.10 (1016881971)|HEAP_ALLOCATE|[54]|Bytes:4
15:30:23.10 (1017052605)|METHOD_ENTRY|[54]|01pg8000001w1Mi|TestFactorySObject.createSObject(SObject)
15:30:23.10 (1017091130)|VARIABLE_SCOPE_BEGIN|[27]|this|TestFactorySObject|true|false
15:30:23.10 (1017139947)|VARIABLE_ASSIGNMENT|[27]|this|{}|0x947973f
15:30:23.10 (1017143689)|VARIABLE_SCOPE_BEGIN|[27]|sObj|SObject|true|false
15:30:23.10 (1017153869)|VARIABLE_ASSIGNMENT|[27]|sObj|{}|0x214c4a0b
15:30:23.10 (1017169904)|STATEMENT_EXECUTE|[27]
15:30:23.10 (1017171286)|STATEMENT_EXECUTE|[28]
15:30:23.10 (1017176783)|METHOD_ENTRY|[28]|01pg8000001w1Mi|TestFactorySObject.validateSObject(SObject)
15:30:23.10 (1017180275)|VARIABLE_SCOPE_BEGIN|[13]|sObj|SObject|true|false
15:30:23.10 (1017184213)|VARIABLE_ASSIGNMENT|[13]|sObj|{}|0x214c4a0b
15:30:23.10 (1017189043)|STATEMENT_EXECUTE|[13]
15:30:23.10 (1017191491)|STATEMENT_EXECUTE|[14]
15:30:23.10 (1017195798)|METHOD_EXIT|[28]|01pg8000001w1Mi|TestFactorySObject.validateSObject(SObject)
15:30:23.10 (1017198557)|STATEMENT_EXECUTE|[30]
15:30:23.10 (1017255248)|HEAP_ALLOCATE|[30]|Bytes:9
15:30:23.10 (1017261738)|VARIABLE_SCOPE_BEGIN|[30]|objectName|String|false|false
15:30:23.10 (1017275866)|VARIABLE_ASSIGNMENT|[30]|objectName|"Margem__c"
15:30:23.10 (1017298827)|STATEMENT_EXECUTE|[31]
15:30:23.10 (1017300031)|STATEMENT_EXECUTE|[35]
15:30:23.10 (1017315793)|HEAP_ALLOCATE|[36]|Bytes:6
15:30:23.10 (1017323496)|HEAP_ALLOCATE|[36]|Bytes:36
15:30:23.10 (1017325715)|VARIABLE_SCOPE_BEGIN|[35]|defaultClassName|String|false|false
15:30:23.10 (1017332403)|VARIABLE_ASSIGNMENT|[35]|defaultClassName|"TemplateDefaultField (16 more) ..."
15:30:23.10 (1017334898)|STATEMENT_EXECUTE|[38]
15:30:23.10 (1017338916)|METHOD_ENTRY|[38]|01pg8000001w1Mi|TestFactorySObject.dispatchSObjectCreation(SObject, String)
15:30:23.10 (1017341957)|VARIABLE_SCOPE_BEGIN|[42]|this|TestFactorySObject|true|false
15:30:23.10 (1017349568)|VARIABLE_ASSIGNMENT|[42]|this|{}|0x947973f
15:30:23.10 (1017352253)|VARIABLE_SCOPE_BEGIN|[42]|sObj|SObject|true|false
15:30:23.10 (1017356258)|VARIABLE_ASSIGNMENT|[42]|sObj|{}|0x214c4a0b
15:30:23.10 (1017358867)|VARIABLE_SCOPE_BEGIN|[42]|defaultClassName|String|false|false
15:30:23.10 (1017363017)|VARIABLE_ASSIGNMENT|[42]|defaultClassName|"TemplateDefaultField (16 more) ..."
15:30:23.10 (1017367156)|STATEMENT_EXECUTE|[42]
15:30:23.10 (1017368340)|STATEMENT_EXECUTE|[44]
15:30:23.10 (1017372178)|METHOD_ENTRY|[44]||System.Type.forName(String)
15:30:23.10 (1019813809)|METHOD_EXIT|[44]||System.Type.forName(String)
15:30:23.10 (1019824342)|VARIABLE_SCOPE_BEGIN|[44]|t|System.Type|true|false
15:30:23.10 (1019858892)|VARIABLE_ASSIGNMENT|[44]|t|{"aot":"0x317cc9f7"}|0xc4dbc65
15:30:23.10 (1019863728)|STATEMENT_EXECUTE|[45]
15:30:23.10 (1019865297)|STATEMENT_EXECUTE|[51]
15:30:23.10 (1019870014)|METHOD_ENTRY|[52]||System.Type.newInstance()
15:30:23.10 (1019993724)|STATEMENT_EXECUTE|[97]
15:30:23.10 (1020003644)|METHOD_EXIT|[52]||System.Type.newInstance()
15:30:23.10 (1020011566)|VARIABLE_SCOPE_BEGIN|[51]|defaults|TemplateDefaultFields.FieldDefaults|true|false
15:30:23.10 (1020021065)|VARIABLE_ASSIGNMENT|[51]|defaults|{}|0xc981b09
15:30:23.10 (1020023834)|STATEMENT_EXECUTE|[53]
15:30:23.10 (1020046911)|METHOD_ENTRY|[53]|01pg8000001w1Mh|TemplateDefaultFields.MargemDefaults.getFieldDefaults(Decimal)
15:30:23.10 (1020051194)|VARIABLE_SCOPE_BEGIN|[98]|this|TemplateDefaultFields.MargemDefaults|true|false
15:30:23.10 (1020057306)|VARIABLE_ASSIGNMENT|[98]|this|{}|0xc981b09
15:30:23.10 (1020060639)|VARIABLE_SCOPE_BEGIN|[98]|countSObjectCreated|Decimal|false|false
15:30:23.10 (1020068589)|VARIABLE_ASSIGNMENT|[98]|countSObjectCreated|10
15:30:23.10 (1020074527)|STATEMENT_EXECUTE|[98]
15:30:23.10 (1020075399)|STATEMENT_EXECUTE|[99]
15:30:23.10 (1020089319)|HEAP_ALLOCATE|[99]|Bytes:4
15:30:23.10 (1020098504)|HEAP_ALLOCATE|[100]|Bytes:12
15:30:23.10 (1020143945)|HEAP_ALLOCATE|[100]|Bytes:2
15:30:23.10 (1020153236)|HEAP_ALLOCATE|[100]|Bytes:14
15:30:23.10 (1020188757)|HEAP_ALLOCATE|[101]|Bytes:13
15:30:23.10 (1020190893)|HEAP_ALLOCATE|[101]|Bytes:1
15:30:23.10 (1020203815)|HEAP_ALLOCATE|[101]|Bytes:2
15:30:23.10 (1020208950)|HEAP_ALLOCATE|[101]|Bytes:3
15:30:23.10 (1020215590)|METHOD_EXIT|[53]|01pg8000001w1Mh|TemplateDefaultFields.MargemDefaults.getFieldDefaults(Decimal)
15:30:23.10 (1020221246)|METHOD_ENTRY|[53]|01pg8000001w1Mi|TestFactorySObject.addFieldDefaults(SObject, Map<String,ANY>)
15:30:23.10 (1020224120)|VARIABLE_SCOPE_BEGIN|[19]|sObj|SObject|true|false
15:30:23.10 (1020231867)|VARIABLE_ASSIGNMENT|[19]|sObj|{}|0x214c4a0b
15:30:23.10 (1020234627)|VARIABLE_SCOPE_BEGIN|[19]|defaultFields|Map<String,ANY>|true|false
15:30:23.10 (1020250281)|VARIABLE_ASSIGNMENT|[19]|defaultFields|{"Name":"Margem Teste10","MargemCode__c":"M10"}|0x34336293
15:30:23.10 (1020255279)|STATEMENT_EXECUTE|[19]
15:30:23.10 (1020314681)|HEAP_ALLOCATE|[20]|Bytes:29
15:30:23.10 (1020340834)|HEAP_ALLOCATE|[20]|Bytes:5
15:30:23.10 (1020352561)|VARIABLE_SCOPE_BEGIN|[20]|fieldApiName|String|false|false
15:30:23.10 (1020357831)|VARIABLE_ASSIGNMENT|[20]|fieldApiName|"Name"
15:30:23.10 (1020360711)|STATEMENT_EXECUTE|[20]
15:30:23.10 (1020546281)|STATEMENT_EXECUTE|[21]
15:30:23.10 (1020547764)|STATEMENT_EXECUTE|[22]
15:30:23.10 (1020620456)|HEAP_ALLOCATE|[20]|Bytes:5
15:30:23.10 (1020627371)|VARIABLE_SCOPE_BEGIN|[20]|fieldApiName|String|false|false
15:30:23.10 (1020638987)|VARIABLE_ASSIGNMENT|[20]|fieldApiName|"MargemCode__c"
15:30:23.10 (1020641284)|STATEMENT_EXECUTE|[20]
15:30:23.10 (1020665826)|STATEMENT_EXECUTE|[21]
15:30:23.10 (1020666687)|STATEMENT_EXECUTE|[22]
15:30:23.10 (1020708995)|HEAP_ALLOCATE|[20]|Bytes:5
15:30:23.10 (1020716494)|VARIABLE_ASSIGNMENT|[20]|fieldApiName|null
15:30:23.10 (1020722397)|METHOD_EXIT|[53]|01pg8000001w1Mi|TestFactorySObject.addFieldDefaults(SObject, Map<String,ANY>)
15:30:23.10 (1020724964)|STATEMENT_EXECUTE|[54]
15:30:23.10 (1020743700)|HEAP_ALLOCATE|[54]|Bytes:28
15:30:23.10 (1020745771)|HEAP_ALLOCATE|[54]|Bytes:28
15:30:23.10 (1020761464)|HEAP_ALLOCATE|[54]|Bytes:28
15:30:23.10 (1020774141)|VARIABLE_ASSIGNMENT|[54]|TestFactorySObject.countSObjectCreated|11
15:30:23.10 (1020776824)|STATEMENT_EXECUTE|[56]
15:30:23.10 (1020779511)|METHOD_EXIT|[38]|01pg8000001w1Mi|TestFactorySObject.dispatchSObjectCreation(SObject, String)
15:30:23.10 (1020783488)|METHOD_EXIT|[54]|01pg8000001w1Mi|TestFactorySObject.createSObject(SObject)
15:30:23.10 (1020791766)|VARIABLE_SCOPE_BEGIN|[54]|margem|Margem__c|true|false
15:30:23.10 (1020802557)|VARIABLE_ASSIGNMENT|[54]|margem|{"Name":"Margem Teste10","MargemCode__c":"M10"}|0x214c4a0b
15:30:23.10 (1020805571)|STATEMENT_EXECUTE|[55]
15:30:23.10 (1020880409)|VARIABLE_ASSIGNMENT|[55]|this.Product__c|"01tg8000001ROs5AAG"|0x214c4a0b
15:30:23.10 (1020883786)|STATEMENT_EXECUTE|[56]
15:30:23.10 (1020923339)|VARIABLE_ASSIGNMENT|[56]|this.Account__c|"001g8000009Vj6vAAC"|0x214c4a0b
15:30:23.10 (1020926640)|STATEMENT_EXECUTE|[57]
15:30:23.10 (1020947471)|VARIABLE_ASSIGNMENT|[57]|this.State__c|"a04g8000000b4kbAAA"|0x214c4a0b
15:30:23.10 (1020950139)|STATEMENT_EXECUTE|[58]
15:30:23.10 (1020968294)|VARIABLE_ASSIGNMENT|[58]|this.DistributionCenter__c|"a06g8000001gZSDAA2"|0x214c4a0b
15:30:23.10 (1020971021)|STATEMENT_EXECUTE|[59]
15:30:23.10 (1020983327)|VARIABLE_ASSIGNMENT|[59]|this.Status__c|"Approved"|0x214c4a0b
15:30:23.10 (1020986296)|STATEMENT_EXECUTE|[60]
15:30:23.10 (1020988196)|HEAP_ALLOCATE|[60]|Bytes:4
15:30:23.10 (1020996354)|HEAP_ALLOCATE|[60]|Bytes:28
15:30:23.10 (1021010000)|VARIABLE_ASSIGNMENT|[60]|this.MarginValuePercent__c|15.0|0x214c4a0b
15:30:23.10 (1021013514)|STATEMENT_EXECUTE|[61]
15:30:23.10 (1021037194)|HEAP_ALLOCATE|[61]|Bytes:8
15:30:23.10 (1021048415)|DML_BEGIN|[61]|Op:Insert|Type:Margem__c|Rows:1
15:30:23.10 (1021082409)|HEAP_ALLOCATE|[EXTERNAL]|Bytes:8
15:30:23.10 (1111714238)|CODE_UNIT_STARTED|[EXTERNAL]|Flow:01Ig8000000dEr7
15:30:23.170 (1170110980)|FLOW_CREATE_INTERVIEW_BEGIN|00Dg8000001b33B|300g800000D1TN3|301g8000008UYKb
15:30:23.170 (1170229147)|FLOW_CREATE_INTERVIEW_END|7489dc0112f0ac8cff5d7ec11bd419d7897f672-781f|Margem: Gerar chave única
15:30:23.170 (1170905114)|FLOW_START_INTERVIEWS_BEGIN|1
15:30:23.170 (1170956260)|FLOW_START_INTERVIEW_BEGIN|7489dc0112f0ac8cff5d7ec11bd419d7897f672-781f|Margem: Gerar chave única
15:30:23.170 (1181188134)|FLOW_START_INTERVIEW_END|7489dc0112f0ac8cff5d7ec11bd419d7897f672-781f|Margem: Gerar chave única
15:30:23.170 (1182879538)|FLOW_START_INTERVIEWS_END|1
15:30:23.170 (1183246349)|FLOW_INTERVIEW_FINISHED|7489dc0112f0ac8cff5d7ec11bd419d7897f672-781f|Margem: Gerar chave única
15:30:23.10 (1184838393)|CODE_UNIT_FINISHED|Flow:01Ig8000000dEr7
15:30:23.10 (1198584452)|CODE_UNIT_STARTED|[EXTERNAL]|Validation:Margem:new
15:30:23.10 (1198610839)|VALIDATION_RULE|03dg8000000oUqv|Margem_ativa
15:30:23.10 (1199110591)|VALIDATION_FORMULA|ISPICKVAL(Status__c, "Approved") && 
(ISCHANGED(MarginValuePercent__c) &#124;&#124; ISCHANGED(Product__c) &#124;&#124; ISCHANGED(ProductHierarchy__c) &#124;&#124; ISCHANGED(State__c) &#124;&#124; ISCHANGED(City__c) &#124;&#124; ISCHANGED(Country__c)&#124;&#124; ISCHANGED(Account__c) &#124;&#124; ISCHANGED(AccountGroup__c))|Account__c=001g8000009Vj6v , City__c=null , AccountGroup__c=null , State__c=a04g8000000b4kb , MarginValuePercent__c=15.0 , Country__c=null , ProductHierarchy__c=null , Status__c=Approved , Product__c=01tg8000001ROs5
15:30:23.10 (1199122391)|VALIDATION_PASS
15:30:23.10 (1199123936)|VALIDATION_RULE|03dg8000000hqEf|obrigatorio_conta_ou_accountGroup
15:30:23.10 (1199226633)|VALIDATION_FORMULA|OR(
    AND(ISBLANK(Account__c), ISBLANK(AccountGroup__c)),
    AND(NOT(ISBLANK(Account__c)), NOT(ISBLANK(AccountGroup__c)))
)|Account__c=001g8000009Vj6v , AccountGroup__c=null
15:30:23.10 (1199230839)|VALIDATION_PASS
15:30:23.10 (1199231826)|VALIDATION_RULE|03dg8000000V50D|Required_Product_or_Hierarchy
15:30:23.10 (1199323688)|VALIDATION_FORMULA|OR(
    AND(ISBLANK(Product__c), ISBLANK(ProductHierarchy__c)),
    AND(NOT(ISBLANK(Product__c)), NOT(ISBLANK(ProductHierarchy__c)))
)|ProductHierarchy__c=null , Product__c=01tg8000001ROs5
15:30:23.10 (1199328629)|VALIDATION_PASS
15:30:23.10 (1199346321)|CODE_UNIT_FINISHED|Validation:Margem:new
15:30:23.10 (1224083691)|CODE_UNIT_STARTED|[EXTERNAL]|Flow:01Ig8000000dEr7
15:30:23.10 (1224111516)|CODE_UNIT_FINISHED|Flow:01Ig8000000dEr7
15:30:23.10 (1224150749)|CODE_UNIT_STARTED|[EXTERNAL]|Flow:01Ig8000000dEr7
15:30:23.10 (1224159665)|CODE_UNIT_FINISHED|Flow:01Ig8000000dEr7
15:30:23.10 (1229677188)|DML_END|[61]
15:30:23.10 (1230099643)|STATEMENT_EXECUTE|[63]
15:30:23.10 (1230175886)|HEAP_ALLOCATE|[63]|Bytes:118
15:30:23.10 (1230200495)|SYSTEM_METHOD_ENTRY|[1]|Test.Test()
15:30:23.10 (1230202931)|STATEMENT_EXECUTE|[1]
15:30:23.10 (1230212235)|SYSTEM_METHOD_EXIT|[1]|Test
15:30:23.10 (1230226343)|METHOD_ENTRY|[63]||System.Test.getStandardPricebookId()
15:30:23.10 (1231232393)|METHOD_EXIT|[63]||System.Test.getStandardPricebookId()
15:30:23.10 (1231240964)|VARIABLE_SCOPE_BEGIN|[63]|stdPricebookId|Id|false|false
15:30:23.10 (1231455973)|VARIABLE_ASSIGNMENT|[63]|stdPricebookId|"01sg8000000h7xWAAQ"
15:30:23.10 (1231462249)|STATEMENT_EXECUTE|[65]
15:30:23.10 (1231517347)|HEAP_ALLOCATE|[65]|Bytes:4
15:30:23.10 (1231681895)|VARIABLE_ASSIGNMENT|[65]|this.AccountId|"001g8000009Vj6vAAC"|0x30672d2
15:30:23.10 (1231687243)|HEAP_ALLOCATE|[67]|Bytes:5
15:30:23.10 (1231702312)|VARIABLE_ASSIGNMENT|[65]|this.Status|"Draft"|0x30672d2
15:30:23.10 (1231790962)|HEAP_ALLOCATE|[68]|Bytes:4
15:30:23.10 (1231827668)|VARIABLE_ASSIGNMENT|[65]|this.EffectiveDate|"2026-04-10T00:00:00.000Z"|0x30672d2
15:30:23.10 (1231860707)|VARIABLE_ASSIGNMENT|[65]|this.Pricebook2Id|"01sg8000000h7xWAAQ"|0x30672d2
15:30:23.10 (1231897209)|VARIABLE_ASSIGNMENT|[65]|this.DistributionCenter__c|"a06g8000001gZSDAA2"|0x30672d2
15:30:23.10 (1231916243)|VARIABLE_ASSIGNMENT|[65]|this.State__c|"a04g8000000b4kbAAA"|0x30672d2
15:30:23.10 (1231933435)|VARIABLE_ASSIGNMENT|[65]|this.City__c|"a05g8000002BdsvAAC"|0x30672d2
15:30:23.10 (1231950883)|VARIABLE_ASSIGNMENT|[65]|this.Country__c|"a03g80000084tirAAA"|0x30672d2
15:30:23.10 (1231982543)|VARIABLE_SCOPE_BEGIN|[65]|pedido|Order|true|false
15:30:23.10 (1232009653)|VARIABLE_ASSIGNMENT|[65]|pedido|{"AccountId":"001g8000009Vj6vAAC","Status":"Draft","EffectiveDate":"2026-04-10T00:00:00.000Z","Pricebook2Id":"01sg8000000h7xWAAQ","DistributionCenter__c":"a06g8000001gZSDAA2","State__c":"a04g8000000b4kbAAA","City__c":"a05g8000002BdsvAAC","Country__c":"a03g80000084tirAAA"}|0x30672d2
15:30:23.10 (1232015797)|STATEMENT_EXECUTE|[75]
15:30:23.10 (1232033290)|HEAP_ALLOCATE|[75]|Bytes:8
15:30:23.10 (1232044628)|DML_BEGIN|[75]|Op:Insert|Type:Order|Rows:1
15:30:23.10 (1232074829)|HEAP_ALLOCATE|[EXTERNAL]|Bytes:8
15:30:23.10 (1265568100)|CODE_UNIT_STARTED|[EXTERNAL]|Validation:Order:new
15:30:23.10 (1265590959)|VALIDATION_RULE|03dg8000000aS4D|Bloquear_Alteracao_Conta_Pedido
15:30:23.10 (1265964405)|VALIDATION_FORMULA|ISCHANGED(AccountId) && NOT(ISNEW())|AccountId=001g8000009Vj6v
15:30:23.10 (1265973470)|VALIDATION_PASS
15:30:23.10 (1265979510)|CODE_UNIT_FINISHED|Validation:Order:new
15:30:23.10 (1304552248)|DML_END|[75]
15:30:23.10 (1304940513)|STATEMENT_EXECUTE|[77]
15:30:23.10 (1304991368)|HEAP_ALLOCATE|[77]|Bytes:4
15:30:23.10 (1305191068)|VARIABLE_ASSIGNMENT|[77]|this.Pricebook2Id|"01sg8000000h7xWAAQ"|0x40afa9ce
15:30:23.10 (1305233060)|VARIABLE_ASSIGNMENT|[77]|this.Product2Id|"01tg8000001ROs5AAG"|0x40afa9ce
15:30:23.10 (1305258328)|HEAP_ALLOCATE|[77]|Bytes:28
15:30:23.10 (1305280713)|VARIABLE_ASSIGNMENT|[77]|this.UnitPrice|1000|0x40afa9ce
15:30:23.10 (1305294508)|VARIABLE_ASSIGNMENT|[77]|this.IsActive|true|0x40afa9ce
15:30:23.10 (1305320077)|VARIABLE_SCOPE_BEGIN|[77]|pbe|PricebookEntry|true|false
15:30:23.10 (1305344398)|VARIABLE_ASSIGNMENT|[77]|pbe|{"Pricebook2Id":"01sg8000000h7xWAAQ","Product2Id":"01tg8000001ROs5AAG","UnitPrice":1000,"IsActive":true}|0x40afa9ce
15:30:23.10 (1305348442)|STATEMENT_EXECUTE|[83]
15:30:23.10 (1305373283)|HEAP_ALLOCATE|[83]|Bytes:8
15:30:23.10 (1305385468)|DML_BEGIN|[83]|Op:Insert|Type:PricebookEntry|Rows:1
15:30:23.10 (1305416230)|HEAP_ALLOCATE|[EXTERNAL]|Bytes:8
15:30:23.10 (1351978880)|DML_END|[83]
15:30:23.352 (1352427497)|CUMULATIVE_LIMIT_USAGE
15:30:23.352 (1352427497)|LIMIT_USAGE_FOR_NS|(default)|
  Number of SOQL queries: 0 out of 100
  Number of query rows: 0 out of 50000
  Number of SOSL queries: 0 out of 20
  Number of DML statements: 13 out of 150
  Number of Publish Immediate DML: 0 out of 150
  Number of DML rows: 13 out of 10000
  Maximum CPU time: 96 out of 10000
  Maximum heap size: 0 out of 6000000
  Number of callouts: 0 out of 100
  Number of Email Invocations: 0 out of 10
  Number of future calls: 0 out of 50
  Number of queueable jobs added to the queue: 0 out of 50
  Number of Mobile Apex push calls: 0 out of 10

15:30:23.352 (1352427497)|CUMULATIVE_LIMIT_USAGE_END

15:30:23.10 (1352473579)|CODE_UNIT_FINISHED|OrderItemHandlerTest.setup()
15:30:23.10 (1352489644)|EXECUTION_FINISHED
15:30:23.371 (1371170962)|USER_INFO|[EXTERNAL]|005g80000010N45|sabrina.jesus@resourceful-moose-fmmd11.com|(GMT-03:00) Brasilia Standard Time (America/Sao_Paulo)|GMT-03:00
15:30:23.371 (1371191671)|EXECUTION_STARTED
15:30:23.371 (1371199838)|CODE_UNIT_STARTED|[EXTERNAL]|01pg8000001w1Mb|OrderItemHandlerTest.shouldNotAllowChangesOnActiveOrder()
15:30:23.371 (1371370748)|HEAP_ALLOCATE|[95]|Bytes:3
15:30:23.371 (1371417072)|HEAP_ALLOCATE|[100]|Bytes:152
15:30:23.371 (1371431372)|HEAP_ALLOCATE|[417]|Bytes:408
15:30:23.371 (1371441511)|HEAP_ALLOCATE|[430]|Bytes:408
15:30:23.371 (1371461258)|HEAP_ALLOCATE|[317]|Bytes:6
15:30:23.371 (1371470566)|HEAP_ALLOCATE|[EXTERNAL]|Bytes:353
15:30:23.371 (1371479061)|METHOD_ENTRY|[2]|01pg8000001w1Mb|OrderItemHandlerTest.OrderItemHandlerTest()
15:30:23.371 (1371484875)|STATEMENT_EXECUTE|[2]
15:30:23.371 (1371490096)|STATEMENT_EXECUTE|[2]
15:30:23.371 (1371493499)|METHOD_EXIT|[2]|OrderItemHandlerTest
15:30:23.371 (1371512778)|HEAP_ALLOCATE|[68]|Bytes:5
15:30:23.371 (1371537096)|HEAP_ALLOCATE|[74]|Bytes:5
15:30:23.371 (1371541346)|HEAP_ALLOCATE|[82]|Bytes:7
15:30:23.371 (1371572972)|STATEMENT_EXECUTE|[186]
15:30:23.371 (1371574271)|STATEMENT_EXECUTE|[187]
15:30:23.371 (1371576337)|HEAP_ALLOCATE|[187]|Bytes:28
15:30:23.371 (1371594788)|HEAP_ALLOCATE|[187]|Bytes:4
15:30:23.371 (1371887558)|SOQL_EXECUTE_BEGIN|[187]|Aggregations:0|SELECT Id FROM Order LIMIT 1
15:30:23.371 (1379961575)|SOQL_EXECUTE_END|[187]|Rows:1
15:30:23.371 (1379995009)|HEAP_ALLOCATE|[187]|Bytes:8
15:30:23.371 (1380016076)|HEAP_ALLOCATE|[187]|Bytes:29
15:30:23.371 (1380103238)|HEAP_ALLOCATE|[187]|Bytes:8
15:30:23.371 (1380125298)|HEAP_ALLOCATE|[187]|Bytes:31
15:30:23.371 (1380198558)|HEAP_ALLOCATE|[187]|Bytes:8
15:30:23.371 (1380206817)|VARIABLE_SCOPE_BEGIN|[187]|pedido|Order|true|false
15:30:23.371 (1380323414)|VARIABLE_ASSIGNMENT|[187]|pedido|{"Id":"801g8000009Vj6xAAC"}|0x4487a243
15:30:23.371 (1380331901)|STATEMENT_EXECUTE|[188]
15:30:23.371 (1380334220)|HEAP_ALLOCATE|[188]|Bytes:37
15:30:23.371 (1380349133)|HEAP_ALLOCATE|[188]|Bytes:4
15:30:23.371 (1380688453)|SOQL_EXECUTE_BEGIN|[188]|Aggregations:0|SELECT Id FROM PricebookEntry LIMIT 1
15:30:23.371 (1387763624)|SOQL_EXECUTE_END|[188]|Rows:1
15:30:23.371 (1387793051)|HEAP_ALLOCATE|[188]|Bytes:8
15:30:23.371 (1387816144)|HEAP_ALLOCATE|[188]|Bytes:29
15:30:23.371 (1387905770)|HEAP_ALLOCATE|[188]|Bytes:8
15:30:23.371 (1388036958)|HEAP_ALLOCATE|[188]|Bytes:40
15:30:23.371 (1388104983)|HEAP_ALLOCATE|[188]|Bytes:8
15:30:23.371 (1388112838)|VARIABLE_SCOPE_BEGIN|[188]|pbe|PricebookEntry|true|false
15:30:23.371 (1388178190)|VARIABLE_ASSIGNMENT|[188]|pbe|{"Id":"01ug8000000gSEPAA2"}|0x7b99cea0
15:30:23.371 (1388185092)|STATEMENT_EXECUTE|[189]
15:30:23.371 (1388187560)|HEAP_ALLOCATE|[189]|Bytes:31
15:30:23.371 (1388201222)|HEAP_ALLOCATE|[189]|Bytes:4
15:30:23.371 (1388481633)|SOQL_EXECUTE_BEGIN|[189]|Aggregations:0|SELECT Id FROM Product2 LIMIT 1
15:30:23.371 (1395894923)|SOQL_EXECUTE_END|[189]|Rows:1
15:30:23.371 (1395922413)|HEAP_ALLOCATE|[189]|Bytes:8
15:30:23.371 (1395940394)|HEAP_ALLOCATE|[189]|Bytes:29
15:30:23.371 (1396005840)|HEAP_ALLOCATE|[189]|Bytes:8
15:30:23.371 (1396023690)|HEAP_ALLOCATE|[189]|Bytes:34
15:30:23.371 (1396079584)|HEAP_ALLOCATE|[189]|Bytes:8
15:30:23.371 (1396085666)|VARIABLE_SCOPE_BEGIN|[189]|produto|Product2|true|false
15:30:23.371 (1396144021)|VARIABLE_ASSIGNMENT|[189]|produto|{"Id":"01tg8000001ROs5AAG"}|0x112f2acf
15:30:23.371 (1396151328)|STATEMENT_EXECUTE|[191]
15:30:23.371 (1396186988)|HEAP_ALLOCATE|[191]|Bytes:4
15:30:23.371 (1396369096)|VARIABLE_ASSIGNMENT|[191]|this.OrderId|"801g8000009Vj6xAAC"|0x17a538af
15:30:23.371 (1396393149)|VARIABLE_ASSIGNMENT|[191]|this.Product2Id|"01tg8000001ROs5AAG"|0x17a538af
15:30:23.371 (1396422493)|VARIABLE_ASSIGNMENT|[191]|this.PricebookEntryId|"01ug8000000gSEPAA2"|0x17a538af
15:30:23.371 (1396470353)|HEAP_ALLOCATE|[191]|Bytes:28
15:30:23.371 (1396473278)|HEAP_ALLOCATE|[191]|Bytes:28
15:30:23.371 (1396492895)|VARIABLE_ASSIGNMENT|[191]|this.Quantity|1|0x17a538af
15:30:23.371 (1396499823)|HEAP_ALLOCATE|[191]|Bytes:28
15:30:23.371 (1396512529)|VARIABLE_ASSIGNMENT|[191]|this.UnitPrice|100|0x17a538af
15:30:23.371 (1396534446)|VARIABLE_SCOPE_BEGIN|[191]|item|OrderItem|true|false
15:30:23.371 (1396551956)|VARIABLE_ASSIGNMENT|[191]|item|{"OrderId":"801g8000009Vj6xAAC","Product2Id":"01tg8000001ROs5AAG","PricebookEntryId":"01ug8000000gSEPAA2","Quantity":1,"UnitPrice":100}|0x17a538af
15:30:23.371 (1396556608)|STATEMENT_EXECUTE|[198]
15:30:23.371 (1396585192)|HEAP_ALLOCATE|[198]|Bytes:8
15:30:23.371 (1396598200)|DML_BEGIN|[198]|Op:Insert|Type:OrderItem|Rows:1
15:30:23.371 (1396629617)|HEAP_ALLOCATE|[EXTERNAL]|Bytes:8
15:30:23.371 (1424042652)|CODE_UNIT_STARTED|[EXTERNAL]|01qg8000000Fou9|OrdemItemTrigger on OrderItem trigger event BeforeInsert|__sfdc_trigger/OrdemItemTrigger
15:30:23.371 (1424099048)|HEAP_ALLOCATE|[EXTERNAL]|Bytes:8
15:30:23.371 (1424202790)|HEAP_ALLOCATE|[EXTERNAL]|Bytes:4
15:30:23.371 (1424213159)|VARIABLE_SCOPE_BEGIN|[1]|this|OrdemItemTrigger|true|false
15:30:23.371 (1424252821)|VARIABLE_ASSIGNMENT|[1]|this|{}|0x44102a75
15:30:23.371 (1424334762)|HEAP_ALLOCATE|[EXTERNAL]|Bytes:4
15:30:23.371 (1424340507)|VARIABLE_SCOPE_BEGIN|[1]|this|OrdemItemTrigger|true|false
15:30:23.371 (1424348009)|VARIABLE_ASSIGNMENT|[1]|this|{}|0x44102a75
15:30:23.371 (1424355512)|STATEMENT_EXECUTE|[1]
15:30:23.371 (1424357039)|STATEMENT_EXECUTE|[2]
15:30:23.371 (1428040677)|VARIABLE_SCOPE_BEGIN|[63]|TriggerHandler.BYPASS_ALL_ALIAS|String|false|true
15:30:23.371 (1428054190)|VARIABLE_SCOPE_BEGIN|[839]|TriggerHandler.ERROR_TRIGGERCONTEXT|String|false|true
15:30:23.371 (1428069184)|VARIABLE_SCOPE_BEGIN|[26]|TriggerHandler.bypassedHandlers|Set<String>|true|true
15:30:23.371 (1428073839)|VARIABLE_SCOPE_BEGIN|[32]|TriggerHandler.globalBypass|Boolean|false|true
15:30:23.371 (1428226230)|VARIABLE_SCOPE_BEGIN|[20]|TriggerHandler.loopCountMap|Map<String,TriggerHandler.LoopCount>|true|true
15:30:23.371 (1428231325)|VARIABLE_SCOPE_BEGIN|[44]|TriggerHandler.showDebug|Boolean|false|true
15:30:23.371 (1428234980)|VARIABLE_SCOPE_BEGIN|[38]|TriggerHandler.showLimits|Boolean|false|true
15:30:23.371 (1428245940)|HEAP_ALLOCATE|[2]|Bytes:21
15:30:23.371 (1428254555)|HEAP_ALLOCATE|[2]|Bytes:6
15:30:23.371 (1428304452)|METHOD_ENTRY|[1]|01pg8000001EZwd|OrdemItemHandler.OrdemItemHandler()
15:30:23.371 (1428332495)|STATEMENT_EXECUTE|[1]
15:30:23.371 (1428339087)|STATEMENT_EXECUTE|[1]
15:30:23.371 (1428345834)|METHOD_EXIT|[1]|OrdemItemHandler
15:30:23.371 (1428412964)|HEAP_ALLOCATE|[2]|Bytes:32
15:30:23.371 (1428434513)|CONSTRUCTOR_ENTRY|[2]|01pg8000001EZwd|<init>()|OrdemItemHandler
15:30:23.371 (1428463383)|VARIABLE_SCOPE_BEGIN|[9]|this|OrdemItemHandler|true|false
15:30:23.371 (1428507848)|VARIABLE_ASSIGNMENT|[9]|this|{}|0x3a2cc7cf
15:30:23.371 (1428513509)|STATEMENT_EXECUTE|[1]
15:30:23.371 (1428514543)|STATEMENT_EXECUTE|[3]
15:30:23.371 (1428515920)|STATEMENT_EXECUTE|[4]
15:30:23.371 (1428516928)|STATEMENT_EXECUTE|[5]
15:30:23.371 (1428517907)|STATEMENT_EXECUTE|[6]
15:30:23.371 (1428518860)|STATEMENT_EXECUTE|[10]
15:30:23.371 (1428521490)|HEAP_ALLOCATE|[10]|Bytes:16
15:30:23.371 (1428526528)|HEAP_ALLOCATE|[10]|Bytes:33
15:30:23.371 (1428529487)|HEAP_ALLOCATE|[10]|Bytes:166
15:30:23.371 (1428531553)|HEAP_ALLOCATE|[10]|Bytes:55
15:30:23.371 (1428533495)|HEAP_ALLOCATE|[10]|Bytes:9
15:30:23.371 (1428545654)|VARIABLE_ASSIGNMENT|[10]|TriggerHandler.BYPASS_ALL_ALIAS|"BypassAll"
15:30:23.371 (1428547760)|HEAP_ALLOCATE|[10]|Bytes:51
15:30:23.371 (1428552833)|VARIABLE_ASSIGNMENT|[10]|TriggerHandler.ERROR_TRIGGERCONTEXT|"Trigger handler call (31 more) ..."
15:30:23.371 (1428561583)|METHOD_ENTRY|[15]|01pg80000019iSf|TriggerHandler.TriggerHandler()
15:30:23.371 (1428563877)|STATEMENT_EXECUTE|[15]
15:30:23.371 (1428566537)|STATEMENT_EXECUTE|[15]
15:30:23.371 (1428567463)|STATEMENT_EXECUTE|[66]
15:30:23.371 (1428568363)|STATEMENT_EXECUTE|[67]
15:30:23.371 (1428577158)|HEAP_ALLOCATE|[67]|Bytes:4
15:30:23.371 (1428608368)|VARIABLE_ASSIGNMENT|[67]|TriggerHandler.loopCountMap|{}|0x64bba01c
15:30:23.371 (1428613768)|STATEMENT_EXECUTE|[68]
15:30:23.371 (1428620289)|HEAP_ALLOCATE|[68]|Bytes:4
15:30:23.371 (1428669220)|VARIABLE_ASSIGNMENT|[68]|TriggerHandler.bypassedHandlers|[]|0x3a954012
15:30:23.371 (1428672113)|STATEMENT_EXECUTE|[69]
15:30:23.371 (1428680320)|HEAP_ALLOCATE|[69]|Bytes:5
15:30:23.371 (1428685622)|VARIABLE_ASSIGNMENT|[69]|TriggerHandler.globalBypass|false
15:30:23.371 (1428687961)|STATEMENT_EXECUTE|[70]
15:30:23.371 (1428689820)|HEAP_ALLOCATE|[70]|Bytes:5
15:30:23.371 (1428692706)|VARIABLE_ASSIGNMENT|[70]|TriggerHandler.showLimits|false
15:30:23.371 (1428694711)|STATEMENT_EXECUTE|[71]
15:30:23.371 (1428696166)|HEAP_ALLOCATE|[71]|Bytes:5
15:30:23.371 (1428699356)|VARIABLE_ASSIGNMENT|[71]|TriggerHandler.showDebug|false
15:30:23.371 (1428701215)|STATEMENT_EXECUTE|[755]
15:30:23.371 (1428702367)|STATEMENT_EXECUTE|[832]
15:30:23.371 (1428705475)|METHOD_EXIT|[15]|TriggerHandler
15:30:23.371 (1428715984)|CONSTRUCTOR_ENTRY|[10]|01pg80000019iSf|<init>(String)|TriggerHandler
15:30:23.371 (1428788939)|VARIABLE_SCOPE_BEGIN|[107]|this|TriggerHandler|true|false
15:30:23.371 (1428802923)|VARIABLE_ASSIGNMENT|[107]|this|{}|0x3a2cc7cf
15:30:23.371 (1428805998)|VARIABLE_SCOPE_BEGIN|[107]|handlerName|String|false|false
15:30:23.371 (1428810378)|VARIABLE_ASSIGNMENT|[107]|handlerName|"OrderItemHandler"
15:30:23.371 (1428814117)|STATEMENT_EXECUTE|[15]
15:30:23.371 (1428815028)|STATEMENT_EXECUTE|[50]
15:30:23.371 (1428815934)|STATEMENT_EXECUTE|[57]
15:30:23.371 (1428816872)|STATEMENT_EXECUTE|[671]
15:30:23.371 (1428819723)|HEAP_ALLOCATE|[108]|Bytes:6
15:30:23.371 (1428838890)|STATEMENT_EXECUTE|[107]
15:30:23.371 (1428839841)|STATEMENT_EXECUTE|[108]
15:30:23.371 (1428844568)|STATEMENT_EXECUTE|[109]
15:30:23.371 (1428856530)|METHOD_ENTRY|[109]|01pg80000019iSf|TriggerHandler.setTriggerContext()
15:30:23.371 (1428877148)|VARIABLE_SCOPE_BEGIN|[565]|this|TriggerHandler|true|false
15:30:23.371 (1428888373)|VARIABLE_ASSIGNMENT|[565]|this|{"handlerName":"OrderItemHandler"}|0x3a2cc7cf
15:30:23.371 (1428900351)|STATEMENT_EXECUTE|[565]
15:30:23.371 (1428901230)|STATEMENT_EXECUTE|[566]
15:30:23.371 (1428954477)|HEAP_ALLOCATE|[566]|Bytes:16
15:30:23.371 (1428971848)|METHOD_ENTRY|[566]|01pg80000019iSf|TriggerHandler.setTriggerContext(System.TriggerOperation, Boolean)
15:30:23.371 (1428974843)|VARIABLE_SCOPE_BEGIN|[582]|this|TriggerHandler|true|false
15:30:23.371 (1428983882)|VARIABLE_ASSIGNMENT|[582]|this|{"handlerName":"OrderItemHandler"}|0x3a2cc7cf
15:30:23.371 (1428986663)|VARIABLE_SCOPE_BEGIN|[582]|opType|System.TriggerOperation|true|false
15:30:23.371 (1428999259)|VARIABLE_ASSIGNMENT|[582]|opType|"BEFORE_INSERT"|0x3ae96891
15:30:23.371 (1429002925)|VARIABLE_SCOPE_BEGIN|[582]|testMode|Boolean|false|false
15:30:23.371 (1429007599)|VARIABLE_ASSIGNMENT|[582]|testMode|false
15:30:23.371 (1429012562)|STATEMENT_EXECUTE|[582]
15:30:23.371 (1429021333)|STATEMENT_EXECUTE|[586]
15:30:23.371 (1429022223)|STATEMENT_EXECUTE|[587]
15:30:23.371 (1429025033)|HEAP_ALLOCATE|[587]|Bytes:5
15:30:23.371 (1429029679)|STATEMENT_EXECUTE|[590]
15:30:23.371 (1429030618)|STATEMENT_EXECUTE|[592]
15:30:23.371 (1429044251)|HEAP_ALLOCATE|[592]|Bytes:16
15:30:23.371 (1429049050)|STATEMENT_EXECUTE|[595]
15:30:23.371 (1429062422)|VARIABLE_SCOPE_BEGIN|[595]|context|String|false|false
15:30:23.371 (1429069858)|VARIABLE_ASSIGNMENT|[595]|context|"BEFORE_INSERT"
15:30:23.371 (1429072062)|STATEMENT_EXECUTE|[597]
15:30:23.371 (1429074221)|HEAP_ALLOCATE|[598]|Bytes:13
15:30:23.371 (1429101714)|STATEMENT_EXECUTE|[598]
15:30:23.371 (1429102548)|STATEMENT_EXECUTE|[599]
15:30:23.371 (1429108010)|METHOD_EXIT|[566]|01pg80000019iSf|TriggerHandler.setTriggerContext(System.TriggerOperation, Boolean)
15:30:23.371 (1429110976)|METHOD_EXIT|[109]|01pg80000019iSf|TriggerHandler.setTriggerContext()
15:30:23.371 (1429117723)|CONSTRUCTOR_EXIT|[10]|01pg80000019iSf|<init>(String)|TriggerHandler
15:30:23.371 (1429121209)|STATEMENT_EXECUTE|[9]
15:30:23.371 (1429122360)|STATEMENT_EXECUTE|[11]
15:30:23.371 (1430724051)|VARIABLE_ASSIGNMENT|[11]|this.newRecords|[{"Product_Code_Display__c":"TRT 7","IsDeleted":false,"UnitPrice":100.00,"Product2Id":"01tg8000001ROs5AAG","PricebookEntryId":"01ug8000000gSEPAA2","TotalPrice":100.00,"Quantity":1.00,"ListPrice":1000.00,"OrderId":"801g8000009Vj6xAAC"}]|0x3a2cc7cf
15:30:23.371 (1430740406)|STATEMENT_EXECUTE|[12]
15:30:23.371 (1430765929)|VARIABLE_ASSIGNMENT|[12]|this.oldRecords|null|0x3a2cc7cf
15:30:23.371 (1430769206)|STATEMENT_EXECUTE|[13]
15:30:23.371 (1430777227)|VARIABLE_ASSIGNMENT|[13]|this.newRecordsMap|null|0x3a2cc7cf
15:30:23.371 (1430779771)|STATEMENT_EXECUTE|[14]
15:30:23.371 (1430786559)|VARIABLE_ASSIGNMENT|[14]|this.oldRecordsMap|null|0x3a2cc7cf
15:30:23.371 (1430800194)|CONSTRUCTOR_EXIT|[2]|01pg8000001EZwd|<init>()|OrdemItemHandler
15:30:23.371 (1430828089)|METHOD_ENTRY|[2]|01pg80000019iSf|TriggerHandler.run()
15:30:23.371 (1430834394)|VARIABLE_SCOPE_BEGIN|[120]|this|TriggerHandler|true|false
15:30:23.371 (1430869851)|VARIABLE_ASSIGNMENT|[120]|this|{"newRecords":"0x686ebc33","handlerName":"OrderItemHandler","isTriggerExecuting":true,"triggerEvent":"0x3ae96891"}|0x3a2cc7cf
15:30:23.371 (1430882343)|STATEMENT_EXECUTE|[120]
15:30:23.371 (1430887044)|METHOD_ENTRY|[121]|01pg80000019iSf|TriggerHandler.validateRun()
15:30:23.371 (1430903147)|VARIABLE_SCOPE_BEGIN|[661]|this|TriggerHandler|true|false
15:30:23.371 (1430913482)|VARIABLE_ASSIGNMENT|[661]|this|{"newRecords":"0x686ebc33","handlerName":"OrderItemHandler","isTriggerExecuting":true,"triggerEvent":"0x3ae96891"}|0x3a2cc7cf
15:30:23.371 (1430918369)|STATEMENT_EXECUTE|[661]
15:30:23.371 (1430924551)|STATEMENT_EXECUTE|[662]
15:30:23.371 (1430925491)|STATEMENT_EXECUTE|[665]
15:30:23.371 (1430932544)|METHOD_ENTRY|[665]|01pg80000019iSf|TriggerHandler.getHandlerName()
15:30:23.371 (1430938234)|VARIABLE_SCOPE_BEGIN|[680]|this|TriggerHandler|true|false
15:30:23.371 (1430946643)|VARIABLE_ASSIGNMENT|[680]|this|{"newRecords":"0x686ebc33","handlerName":"OrderItemHandler","isTriggerExecuting":true,"triggerEvent":"0x3ae96891"}|0x3a2cc7cf
15:30:23.371 (1430950545)|STATEMENT_EXECUTE|[680]
15:30:23.371 (1430979639)|STATEMENT_EXECUTE|[681]
15:30:23.371 (1430980636)|STATEMENT_EXECUTE|[684]
15:30:23.371 (1431006668)|METHOD_EXIT|[665]|01pg80000019iSf|TriggerHandler.getHandlerName()
15:30:23.371 (1431026753)|METHOD_EXIT|[121]|01pg80000019iSf|TriggerHandler.validateRun()
15:30:23.371 (1431029390)|STATEMENT_EXECUTE|[121]
15:30:23.371 (1431032716)|METHOD_ENTRY|[126]|01pg80000019iSf|TriggerHandler.incrementCheckLoopCount()
15:30:23.371 (1431038649)|VARIABLE_SCOPE_BEGIN|[634]|this|TriggerHandler|true|false
15:30:23.371 (1431048815)|VARIABLE_ASSIGNMENT|[634]|this|{"newRecords":"0x686ebc33","handlerName":"OrderItemHandler","isTriggerExecuting":true,"triggerEvent":"0x3ae96891"}|0x3a2cc7cf
15:30:23.371 (1431053686)|STATEMENT_EXECUTE|[634]
15:30:23.371 (1431054746)|STATEMENT_EXECUTE|[635]
15:30:23.371 (1431056989)|METHOD_ENTRY|[635]|01pg80000019iSf|TriggerHandler.getHandlerName()
15:30:23.371 (1431060946)|VARIABLE_SCOPE_BEGIN|[680]|this|TriggerHandler|true|false
15:30:23.371 (1431069289)|VARIABLE_ASSIGNMENT|[680]|this|{"newRecords":"0x686ebc33","handlerName":"OrderItemHandler","isTriggerExecuting":true,"triggerEvent":"0x3ae96891"}|0x3a2cc7cf
15:30:23.371 (1431073031)|STATEMENT_EXECUTE|[680]
15:30:23.371 (1431079946)|STATEMENT_EXECUTE|[681]
15:30:23.371 (1431080843)|STATEMENT_EXECUTE|[684]
15:30:23.371 (1431082584)|METHOD_EXIT|[635]|01pg80000019iSf|TriggerHandler.getHandlerName()
15:30:23.371 (1431085334)|VARIABLE_SCOPE_BEGIN|[635]|handlerName|String|false|false
15:30:23.371 (1431091875)|VARIABLE_ASSIGNMENT|[635]|handlerName|"OrderItemHandler"
15:30:23.371 (1431119664)|STATEMENT_EXECUTE|[636]
15:30:23.371 (1431120939)|STATEMENT_EXECUTE|[649]
15:30:23.371 (1431122751)|METHOD_EXIT|[126]|01pg80000019iSf|TriggerHandler.incrementCheckLoopCount()
15:30:23.371 (1431125731)|STATEMENT_EXECUTE|[126]
15:30:23.371 (1431128291)|STATEMENT_EXECUTE|[130]
15:30:23.371 (1431129404)|STATEMENT_EXECUTE|[135]
15:30:23.371 (1431167789)|STATEMENT_EXECUTE|[136]
15:30:23.371 (1431168702)|STATEMENT_EXECUTE|[137]
15:30:23.371 (1431174409)|METHOD_ENTRY|[137]|01pg8000001EZwd|OrdemItemHandler.beforeInsert()
15:30:23.371 (1431183592)|VARIABLE_SCOPE_BEGIN|[18]|this|OrdemItemHandler|true|false
15:30:23.371 (1431194119)|VARIABLE_ASSIGNMENT|[18]|this|{"newRecords":"0x686ebc33","handlerName":"OrderItemHandler","isTriggerExecuting":true,"triggerEvent":"0x3ae96891"}|0x3a2cc7cf
15:30:23.371 (1431199158)|STATEMENT_EXECUTE|[18]
15:30:23.371 (1431200186)|STATEMENT_EXECUTE|[19]
15:30:23.371 (1431203004)|METHOD_ENTRY|[19]|01pg8000001EZwd|OrdemItemHandler.checkActiveOrderItem()
15:30:23.371 (1431209343)|VARIABLE_SCOPE_BEGIN|[176]|this|OrdemItemHandler|true|false
15:30:23.371 (1431217751)|VARIABLE_ASSIGNMENT|[176]|this|{"newRecords":"0x686ebc33","handlerName":"OrderItemHandler","isTriggerExecuting":true,"triggerEvent":"0x3ae96891"}|0x3a2cc7cf
15:30:23.371 (1431222092)|STATEMENT_EXECUTE|[176]
15:30:23.371 (1431223145)|STATEMENT_EXECUTE|[177]
15:30:23.371 (1431227396)|VARIABLE_SCOPE_BEGIN|[177]|listaParaValidar|List<OrderItem>|true|false
15:30:23.371 (1431232174)|VARIABLE_ASSIGNMENT|[177]|listaParaValidar|null|
15:30:23.371 (1431234246)|STATEMENT_EXECUTE|[178]
15:30:23.371 (1431246481)|HEAP_ALLOCATE|[178]|Bytes:4
15:30:23.371 (1431263949)|VARIABLE_SCOPE_BEGIN|[178]|idOrders|Set<Id>|true|false
15:30:23.371 (1431287504)|VARIABLE_ASSIGNMENT|[178]|idOrders|[]|0x3bfbfb71
15:30:23.371 (1431290262)|STATEMENT_EXECUTE|[179]
15:30:23.371 (1431321961)|HEAP_ALLOCATE|[179]|Bytes:4
15:30:23.371 (1431344894)|VARIABLE_SCOPE_BEGIN|[179]|idMapOrders|Map<Id,Order>|true|false
15:30:23.371 (1431354004)|VARIABLE_ASSIGNMENT|[179]|idMapOrders|{}|0x7469857b
15:30:23.371 (1431364071)|STATEMENT_EXECUTE|[183]
15:30:23.371 (1431365123)|STATEMENT_EXECUTE|[184]
15:30:23.371 (1431877711)|VARIABLE_ASSIGNMENT|[184]|listaParaValidar|[{"Product_Code_Display__c":"TRT 7","IsDeleted":false,"UnitPrice":100.00,"Product2Id":"01tg8000001ROs5AAG","PricebookEntryId":"01ug8000000gSEPAA2","TotalPrice":100.00,"Quantity":1.00,"ListPrice":1000.00,"OrderId":"801g8000009Vj6xAAC"}]|0x686ebc33
15:30:23.371 (1431996654)|HEAP_ALLOCATE|[187]|Bytes:5
15:30:23.371 (1432012379)|HEAP_ALLOCATE|[187]|Bytes:4
15:30:23.371 (1432019160)|VARIABLE_SCOPE_BEGIN|[187]|ot|OrderItem|true|false
15:30:23.371 (1432456388)|VARIABLE_ASSIGNMENT|[187]|ot|{"Product_Code_Display__c":"TRT 7","IsDeleted":false,"UnitPrice":100.00,"Product2Id":"01tg8000001ROs5AAG","PricebookEntryId":"01ug8000000gSEPAA2","TotalPrice":100.00,"Quantity":1.00,"ListPrice":1000.00,"OrderId":"801g8000009Vj6xAAC"}|0x38f02fe3
15:30:23.371 (1432462579)|STATEMENT_EXECUTE|[187]
15:30:23.371 (1432463821)|STATEMENT_EXECUTE|[188]
15:30:23.371 (1432501849)|HEAP_ALLOCATE|[EXTERNAL]|Bytes:4
15:30:23.371 (1432513679)|HEAP_ALLOCATE|[187]|Bytes:5
15:30:23.371 (1432520727)|VARIABLE_ASSIGNMENT|[187]|ot|null|
15:30:23.371 (1432524334)|STATEMENT_EXECUTE|[191]
15:30:23.371 (1433574439)|HEAP_ALLOCATE|[191]|Bytes:1
15:30:23.371 (1433600825)|METHOD_ENTRY|[1]|01pg8000001w1Md|OrderSelector.OrderSelector()
15:30:23.371 (1433605122)|STATEMENT_EXECUTE|[1]
15:30:23.371 (1433609464)|STATEMENT_EXECUTE|[1]
15:30:23.371 (1433614402)|METHOD_EXIT|[1]|OrderSelector
15:30:23.371 (1433634192)|METHOD_ENTRY|[191]|01pg8000001w1Md|OrderSelector.getOrdersByIds(Set<Id>)
15:30:23.371 (1433653077)|VARIABLE_SCOPE_BEGIN|[2]|ids|Set<Id>|true|false
15:30:23.371 (1433669992)|VARIABLE_ASSIGNMENT|[2]|ids|["801g8000009Vj6xAAC"]|0x3bfbfb71
15:30:23.371 (1433679717)|STATEMENT_EXECUTE|[2]
15:30:23.371 (1433680594)|STATEMENT_EXECUTE|[3]
15:30:23.371 (1433689884)|HEAP_ALLOCATE|[3]|Bytes:4
15:30:23.371 (1433693595)|HEAP_ALLOCATE|[3]|Bytes:113
15:30:23.371 (1433698744)|HEAP_ALLOCATE|[3]|Bytes:4
15:30:23.371 (1433703496)|HEAP_ALLOCATE|[3]|Bytes:7
15:30:23.371 (1434244239)|SOQL_EXECUTE_BEGIN|[3]|Aggregations:0|SELECT Id, DistributionCenter__c, State__c, City__c, Country__c, AccountId, Status FROM Order WHERE Id = :tmpVar1
15:30:23.371 (1441581193)|SOQL_EXECUTE_END|[3]|Rows:1
15:30:23.371 (1441611305)|HEAP_ALLOCATE|[3]|Bytes:8
15:30:23.371 (1441626967)|HEAP_ALLOCATE|[3]|Bytes:209
15:30:23.371 (1441675174)|HEAP_ALLOCATE|[3]|Bytes:8
15:30:23.371 (1441711056)|HEAP_ALLOCATE|[3]|Bytes:32
15:30:23.371 (1441729031)|HEAP_ALLOCATE|[3]|Bytes:4
15:30:23.371 (1441741232)|METHOD_EXIT|[191]|01pg8000001w1Md|OrderSelector.getOrdersByIds(Set<Id>)
15:30:23.371 (1441888031)|VARIABLE_ASSIGNMENT|[191]|idMapOrders|{"801g8000009Vj6xAAC":{"Status":"Draft","City__c":"a05g8000002BdsvAAC","Country__c":"a03g80000084tirAAA","AccountId":"001g8000009Vj6vAAC","DistributionCenter__c":"a06g8000001gZSDAA2","Id":"801g8000009Vj6xAAC","State__c":"a04g8000000b4kbAAA"}}|0x2becaa6d
15:30:23.371 (1441963143)|HEAP_ALLOCATE|[193]|Bytes:5
15:30:23.371 (1441982844)|HEAP_ALLOCATE|[193]|Bytes:4
15:30:23.371 (1441992805)|VARIABLE_SCOPE_BEGIN|[193]|ot|OrderItem|true|false
15:30:23.371 (1442692574)|VARIABLE_ASSIGNMENT|[193]|ot|{"Product_Code_Display__c":"TRT 7","IsDeleted":false,"UnitPrice":100.00,"Product2Id":"01tg8000001ROs5AAG","PricebookEntryId":"01ug8000000gSEPAA2","TotalPrice":100.00,"Quantity":1.00,"ListPrice":1000.00,"OrderId":"801g8000009Vj6xAAC"}|0x38f02fe3
15:30:23.371 (1442707062)|STATEMENT_EXECUTE|[193]
15:30:23.371 (1442708421)|STATEMENT_EXECUTE|[194]
15:30:23.371 (1442783136)|VARIABLE_SCOPE_BEGIN|[194]|pedido|Order|true|false
15:30:23.371 (1442872926)|VARIABLE_ASSIGNMENT|[194]|pedido|{"Status":"Draft","City__c":"a05g8000002BdsvAAC","Country__c":"a03g80000084tirAAA","AccountId":"001g8000009Vj6vAAC","DistributionCenter__c":"a06g8000001gZSDAA2","Id":"801g8000009Vj6xAAC","State__c":"a04g8000000b4kbAAA"}|0x1f105476
15:30:23.371 (1442904004)|HEAP_ALLOCATE|[195]|Bytes:5
15:30:23.371 (1442932716)|STATEMENT_EXECUTE|[195]
15:30:23.371 (1442949272)|HEAP_ALLOCATE|[193]|Bytes:5
15:30:23.371 (1442960206)|VARIABLE_ASSIGNMENT|[193]|ot|null|
15:30:23.371 (1442967801)|METHOD_EXIT|[19]|01pg8000001EZwd|OrdemItemHandler.checkActiveOrderItem()
15:30:23.371 (1442972912)|STATEMENT_EXECUTE|[20]
15:30:23.371 (1442984842)|METHOD_ENTRY|[20]|01pg8000001EZwd|OrdemItemHandler.executePricingLogic()
15:30:23.371 (1443013450)|VARIABLE_SCOPE_BEGIN|[35]|this|OrdemItemHandler|true|false
15:30:23.371 (1443067301)|VARIABLE_ASSIGNMENT|[35]|this|{"newRecords":"0x686ebc33","handlerName":"OrderItemHandler","isTriggerExecuting":true,"triggerEvent":"0x3ae96891"}|0x3a2cc7cf
15:30:23.371 (1443083446)|STATEMENT_EXECUTE|[35]
15:30:23.371 (1443085096)|STATEMENT_EXECUTE|[37]
15:30:23.371 (1443099063)|HEAP_ALLOCATE|[37]|Bytes:4
15:30:23.371 (1443126463)|VARIABLE_SCOPE_BEGIN|[37]|setOrderIds|Set<Id>|true|false
15:30:23.371 (1443160406)|VARIABLE_ASSIGNMENT|[37]|setOrderIds|[]|0x3c2cad8c
15:30:23.371 (1443164901)|STATEMENT_EXECUTE|[38]
15:30:23.371 (1443169478)|HEAP_ALLOCATE|[38]|Bytes:4
15:30:23.371 (1443181421)|VARIABLE_SCOPE_BEGIN|[38]|setProductIds|Set<Id>|true|false
15:30:23.371 (1443192558)|VARIABLE_ASSIGNMENT|[38]|setProductIds|[]|0x5a8a0ceb
15:30:23.371 (1443196733)|STATEMENT_EXECUTE|[39]
15:30:23.371 (1443200910)|HEAP_ALLOCATE|[39]|Bytes:4
15:30:23.371 (1443211623)|VARIABLE_SCOPE_BEGIN|[39]|setAccountIds|Set<Id>|true|false
15:30:23.371 (1443219121)|VARIABLE_ASSIGNMENT|[39]|setAccountIds|[]|0x47244028
15:30:23.371 (1443221901)|STATEMENT_EXECUTE|[42]
15:30:23.371 (1443266600)|HEAP_ALLOCATE|[42]|Bytes:4
15:30:23.371 (1443296790)|VARIABLE_SCOPE_BEGIN|[42]|itemsByOrderId|Map<Id,List<OrderItem>>|true|false
15:30:23.371 (1443308694)|VARIABLE_ASSIGNMENT|[42]|itemsByOrderId|{}|0x5b16683a
15:30:23.371 (1443362011)|HEAP_ALLOCATE|[45]|Bytes:5
15:30:23.371 (1443377487)|HEAP_ALLOCATE|[45]|Bytes:4
15:30:23.371 (1443384333)|VARIABLE_SCOPE_BEGIN|[45]|item|OrderItem|true|false
15:30:23.371 (1444073958)|VARIABLE_ASSIGNMENT|[45]|item|{"Product_Code_Display__c":"TRT 7","IsDeleted":false,"UnitPrice":100.00,"Product2Id":"01tg8000001ROs5AAG","PricebookEntryId":"01ug8000000gSEPAA2","TotalPrice":100.00,"Quantity":1.00,"ListPrice":1000.00,"OrderId":"801g8000009Vj6xAAC"}|0x38f02fe3
15:30:23.371 (1444085896)|STATEMENT_EXECUTE|[45]
15:30:23.371 (1444096551)|STATEMENT_EXECUTE|[46]
15:30:23.371 (1444098450)|STATEMENT_EXECUTE|[47]
15:30:23.371 (1444135433)|HEAP_ALLOCATE|[EXTERNAL]|Bytes:4
15:30:23.371 (1444167891)|STATEMENT_EXECUTE|[49]
15:30:23.371 (1444180154)|HEAP_ALLOCATE|[49]|Bytes:4
15:30:23.371 (1444203320)|HEAP_ALLOCATE|[EXTERNAL]|Bytes:4
15:30:23.371 (1444207810)|HEAP_ALLOCATE|[EXTERNAL]|Bytes:-4
15:30:23.371 (1444211603)|STATEMENT_EXECUTE|[50]
15:30:23.371 (1444253556)|HEAP_ALLOCATE|[EXTERNAL]|Bytes:4
15:30:23.371 (1444315896)|STATEMENT_EXECUTE|[52]
15:30:23.371 (1444331705)|HEAP_ALLOCATE|[EXTERNAL]|Bytes:4
15:30:23.371 (1444349596)|HEAP_ALLOCATE|[45]|Bytes:5
15:30:23.371 (1444363571)|VARIABLE_ASSIGNMENT|[45]|item|null|
15:30:23.371 (1444369267)|STATEMENT_EXECUTE|[56]
15:30:23.371 (1444377729)|METHOD_ENTRY|[56]|01pg8000001w1Md|OrderSelector.getOrdersByIds(Set<Id>)
15:30:23.371 (1444391324)|VARIABLE_SCOPE_BEGIN|[2]|ids|Set<Id>|true|false
15:30:23.371 (1444405706)|VARIABLE_ASSIGNMENT|[2]|ids|["801g8000009Vj6xAAC"]|0x3c2cad8c
15:30:23.371 (1444416738)|STATEMENT_EXECUTE|[2]
15:30:23.371 (1444418163)|STATEMENT_EXECUTE|[3]
15:30:23.371 (1444427655)|HEAP_ALLOCATE|[3]|Bytes:4
15:30:23.371 (1444437001)|HEAP_ALLOCATE|[3]|Bytes:4
15:30:23.371 (1444798676)|SOQL_EXECUTE_BEGIN|[3]|Aggregations:0|SELECT Id, DistributionCenter__c, State__c, City__c, Country__c, AccountId, Status FROM Order WHERE Id = :tmpVar1
15:30:23.371 (1448057072)|SOQL_EXECUTE_END|[3]|Rows:1
15:30:23.371 (1448085303)|HEAP_ALLOCATE|[3]|Bytes:8
15:30:23.371 (1448103012)|HEAP_ALLOCATE|[3]|Bytes:209
15:30:23.371 (1448140217)|HEAP_ALLOCATE|[3]|Bytes:8
15:30:23.371 (1448162787)|HEAP_ALLOCATE|[3]|Bytes:32
15:30:23.371 (1448184132)|HEAP_ALLOCATE|[3]|Bytes:4
15:30:23.371 (1448198166)|METHOD_EXIT|[56]|01pg8000001w1Md|OrderSelector.getOrdersByIds(Set<Id>)
15:30:23.371 (1448206169)|VARIABLE_SCOPE_BEGIN|[56]|mapOrders|Map<Id,Order>|true|false
15:30:23.371 (1448353117)|VARIABLE_ASSIGNMENT|[56]|mapOrders|{"801g8000009Vj6xAAC":{"Status":"Draft","City__c":"a05g8000002BdsvAAC","Country__c":"a03g80000084tirAAA","AccountId":"001g8000009Vj6vAAC","DistributionCenter__c":"a06g8000001gZSDAA2","Id":"801g8000009Vj6xAAC","State__c":"a04g8000000b4kbAAA"}}|0x1c04ad21
15:30:23.371 (1448405323)|HEAP_ALLOCATE|[EXTERNAL]|Bytes:8
15:30:23.371 (1448415912)|HEAP_ALLOCATE|[58]|Bytes:216
15:30:23.371 (1448539212)|HEAP_ALLOCATE|[58]|Bytes:5
15:30:23.371 (1448554277)|HEAP_ALLOCATE|[58]|Bytes:32
15:30:23.371 (1448563282)|VARIABLE_SCOPE_BEGIN|[58]|o|Order|true|false
15:30:23.371 (1448651037)|VARIABLE_ASSIGNMENT|[58]|o|{"Status":"Draft","City__c":"a05g8000002BdsvAAC","Country__c":"a03g80000084tirAAA","AccountId":"001g8000009Vj6vAAC","DistributionCenter__c":"a06g8000001gZSDAA2","Id":"801g8000009Vj6xAAC","State__c":"a04g8000000b4kbAAA"}|0x7041b4d8
15:30:23.371 (1448660469)|STATEMENT_EXECUTE|[58]
15:30:23.371 (1448689462)|HEAP_ALLOCATE|[EXTERNAL]|Bytes:4
15:30:23.371 (1448702057)|HEAP_ALLOCATE|[58]|Bytes:5
15:30:23.371 (1448710762)|VARIABLE_ASSIGNMENT|[58]|o|null|
15:30:23.371 (1448714693)|STATEMENT_EXECUTE|[60]
15:30:23.371 (1449822438)|HEAP_ALLOCATE|[60]|Bytes:1
15:30:23.371 (1449869537)|METHOD_ENTRY|[1]|01pg8000001w1MX|AccountSelector.AccountSelector()
15:30:23.371 (1449875976)|STATEMENT_EXECUTE|[1]
15:30:23.371 (1449882928)|STATEMENT_EXECUTE|[1]
15:30:23.371 (1449889793)|METHOD_EXIT|[1]|AccountSelector
15:30:23.371 (1449919740)|METHOD_ENTRY|[60]|01pg8000001w1MX|AccountSelector.getAccountByIds(Set<Id>)
15:30:23.371 (1449980673)|VARIABLE_SCOPE_BEGIN|[2]|ids|Set<Id>|true|false
15:30:23.371 (1450002403)|VARIABLE_ASSIGNMENT|[2]|ids|["001g8000009Vj6vAAC"]|0x47244028
15:30:23.371 (1450018058)|STATEMENT_EXECUTE|[2]
15:30:23.371 (1450019583)|STATEMENT_EXECUTE|[3]
15:30:23.371 (1450029918)|HEAP_ALLOCATE|[3]|Bytes:4
15:30:23.371 (1450035460)|HEAP_ALLOCATE|[3]|Bytes:59
15:30:23.371 (1450043327)|HEAP_ALLOCATE|[3]|Bytes:4
15:30:23.371 (1450503949)|SOQL_EXECUTE_BEGIN|[3]|Aggregations:0|SELECT Id, AccountGroup__c FROM Account WHERE Id = :tmpVar1
15:30:23.371 (1460994325)|SOQL_EXECUTE_END|[3]|Rows:1
15:30:23.371 (1461033922)|HEAP_ALLOCATE|[3]|Bytes:8
15:30:23.371 (1461056530)|HEAP_ALLOCATE|[3]|Bytes:66
15:30:23.371 (1461141860)|HEAP_ALLOCATE|[3]|Bytes:8
15:30:23.371 (1461219705)|HEAP_ALLOCATE|[3]|Bytes:12
15:30:23.371 (1461236810)|HEAP_ALLOCATE|[3]|Bytes:4
15:30:23.371 (1461255408)|METHOD_EXIT|[60]|01pg8000001w1MX|AccountSelector.getAccountByIds(Set<Id>)
15:30:23.371 (1461264811)|VARIABLE_SCOPE_BEGIN|[60]|mapAccounts|Map<Id,Account>|true|false
15:30:23.371 (1461372600)|VARIABLE_ASSIGNMENT|[60]|mapAccounts|{"001g8000009Vj6vAAC":{"AccountGroup__c":"a02g8000002mOIDAA2","Id":"001g8000009Vj6vAAC"}}|0x3d3738d6
15:30:23.371 (1461383739)|STATEMENT_EXECUTE|[62]
15:30:23.371 (1462699160)|HEAP_ALLOCATE|[62]|Bytes:1
15:30:23.371 (1462738076)|METHOD_ENTRY|[1]|01pg8000001w1Mf|ProductSelector.ProductSelector()
15:30:23.371 (1462744255)|STATEMENT_EXECUTE|[1]
15:30:23.371 (1462752247)|STATEMENT_EXECUTE|[1]
15:30:23.371 (1462759839)|METHOD_EXIT|[1]|ProductSelector
15:30:23.371 (1462792665)|METHOD_ENTRY|[62]|01pg8000001w1Mf|ProductSelector.getProductByIds(Set<Id>)
15:30:23.371 (1462997440)|VARIABLE_SCOPE_BEGIN|[2]|ids|Set<Id>|true|false
15:30:23.371 (1463024132)|VARIABLE_ASSIGNMENT|[2]|ids|["01tg8000001ROs5AAG"]|0x5a8a0ceb
15:30:23.371 (1463041880)|STATEMENT_EXECUTE|[2]
15:30:23.371 (1463043377)|STATEMENT_EXECUTE|[3]
15:30:23.371 (1463055344)|HEAP_ALLOCATE|[3]|Bytes:4
15:30:23.371 (1463061247)|HEAP_ALLOCATE|[3]|Bytes:83
15:30:23.371 (1463069334)|HEAP_ALLOCATE|[3]|Bytes:4
15:30:23.371 (1463617033)|SOQL_EXECUTE_BEGIN|[3]|Aggregations:0|SELECT Id, ProductionCost__c, ProductHierarchy__c FROM Product2 WHERE Id = :tmpVar1
15:30:23.371 (1470907849)|SOQL_EXECUTE_END|[3]|Rows:1
15:30:23.371 (1470937432)|HEAP_ALLOCATE|[3]|Bytes:8
15:30:23.371 (1470961542)|HEAP_ALLOCATE|[3]|Bytes:127
15:30:23.371 (1471007852)|HEAP_ALLOCATE|[3]|Bytes:8
15:30:23.371 (1471058458)|HEAP_ALLOCATE|[3]|Bytes:16
15:30:23.371 (1471077612)|HEAP_ALLOCATE|[3]|Bytes:4
15:30:23.371 (1471090246)|METHOD_EXIT|[62]|01pg8000001w1Mf|ProductSelector.getProductByIds(Set<Id>)
15:30:23.371 (1471097476)|VARIABLE_SCOPE_BEGIN|[62]|mapProducts|Map<Id,Product2>|true|false
15:30:23.371 (1471190474)|VARIABLE_ASSIGNMENT|[62]|mapProducts|{"01tg8000001ROs5AAG":{"ProductionCost__c":300000.00,"ProductHierarchy__c":"a01g8000009Vj6wAAC","Id":"01tg8000001ROs5AAG"}}|0x17a32b43
15:30:23.371 (1471198148)|STATEMENT_EXECUTE|[65]
15:30:23.371 (1472049889)|HEAP_ALLOCATE|[65]|Bytes:1
15:30:23.371 (1472077867)|METHOD_ENTRY|[1]|01pg8000001w1MZ|MargemSelector.MargemSelector()
15:30:23.371 (1472082538)|STATEMENT_EXECUTE|[1]
15:30:23.371 (1472089746)|STATEMENT_EXECUTE|[1]
15:30:23.371 (1472095259)|METHOD_EXIT|[1]|MargemSelector
15:30:23.371 (1472116170)|METHOD_ENTRY|[65]|01pg8000001w1MZ|MargemSelector.getMargemApproved()
15:30:23.371 (1472189393)|STATEMENT_EXECUTE|[2]
15:30:23.371 (1472190867)|STATEMENT_EXECUTE|[3]
15:30:23.371 (1472194434)|HEAP_ALLOCATE|[3]|Bytes:165
15:30:23.371 (1472210925)|HEAP_ALLOCATE|[3]|Bytes:4
15:30:23.371 (1472736029)|SOQL_EXECUTE_BEGIN|[3]|Aggregations:0|SELECT Product__c, ProductHierarchy__c, Account__c, AccountGroup__c, City__c, State__c, Country__c, MarginValuePercent__c FROM Margem__c WHERE Status__c = 'Approved'
15:30:23.371 (1486168029)|SOQL_EXECUTE_END|[3]|Rows:1
15:30:23.371 (1486205364)|HEAP_ALLOCATE|[3]|Bytes:8
15:30:23.371 (1486223901)|HEAP_ALLOCATE|[3]|Bytes:184
15:30:23.371 (1486279020)|HEAP_ALLOCATE|[3]|Bytes:8
15:30:23.371 (1486306760)|METHOD_EXIT|[65]|01pg8000001w1MZ|MargemSelector.getMargemApproved()
15:30:23.371 (1486318545)|VARIABLE_SCOPE_BEGIN|[65]|listMargins|List<Margem__c>|true|false
15:30:23.371 (1486447473)|VARIABLE_ASSIGNMENT|[65]|listMargins|[{"Account__c":"001g8000009Vj6vAAC","Product__c":"01tg8000001ROs5AAG","Id":"a00g800000Pi4uLAAR","State__c":"a04g8000000b4kbAAA","MarginValuePercent__c":15.00}]|0x66456303
15:30:23.371 (1486460175)|STATEMENT_EXECUTE|[68]
15:30:23.371 (1486516422)|HEAP_ALLOCATE|[68]|Bytes:4
15:30:23.371 (1486553950)|VARIABLE_SCOPE_BEGIN|[68]|mapMargin|Map<String,Margem__c>|true|false
15:30:23.371 (1486566050)|VARIABLE_ASSIGNMENT|[68]|mapMargin|{}|0x1e70ffbd
15:30:23.371 (1486737982)|HEAP_ALLOCATE|[69]|Bytes:5
15:30:23.371 (1486760217)|HEAP_ALLOCATE|[69]|Bytes:24
15:30:23.371 (1486768885)|VARIABLE_SCOPE_BEGIN|[69]|m|Margem__c|true|false
15:30:23.371 (1486811028)|VARIABLE_ASSIGNMENT|[69]|m|{"Account__c":"001g8000009Vj6vAAC","Product__c":"01tg8000001ROs5AAG","Id":"a00g800000Pi4uLAAR","State__c":"a04g8000000b4kbAAA","MarginValuePercent__c":15.00}|0x14b2af8c
15:30:23.371 (1486820015)|STATEMENT_EXECUTE|[69]
15:30:23.371 (1486821777)|STATEMENT_EXECUTE|[70]
15:30:23.371 (1486908600)|HEAP_ALLOCATE|[70]|Bytes:18
15:30:23.371 (1486916890)|VARIABLE_SCOPE_BEGIN|[70]|p|String|false|false
15:30:23.371 (1486923782)|VARIABLE_ASSIGNMENT|[70]|p|"01tg8000001ROs5AAG"
15:30:23.371 (1486926612)|STATEMENT_EXECUTE|[71]
15:30:23.371 (1486946874)|HEAP_ALLOCATE|[71]|Bytes:18
15:30:23.371 (1486952322)|VARIABLE_SCOPE_BEGIN|[71]|a|String|false|false
15:30:23.371 (1486957110)|VARIABLE_ASSIGNMENT|[71]|a|"001g8000009Vj6vAAC"
15:30:23.371 (1486959815)|STATEMENT_EXECUTE|[72]
15:30:23.371 (1486974775)|HEAP_ALLOCATE|[72]|Bytes:18
15:30:23.371 (1486979079)|VARIABLE_SCOPE_BEGIN|[72]|l|String|false|false
15:30:23.371 (1486983591)|VARIABLE_ASSIGNMENT|[72]|l|"a04g8000000b4kbAAA"
15:30:23.371 (1486985880)|STATEMENT_EXECUTE|[75]
15:30:23.371 (1486989248)|HEAP_ALLOCATE|[75]|Bytes:1
15:30:23.371 (1487000062)|HEAP_ALLOCATE|[75]|Bytes:56
15:30:23.371 (1487003183)|VARIABLE_SCOPE_BEGIN|[75]|compositeKey|String|false|false
15:30:23.371 (1487009113)|VARIABLE_ASSIGNMENT|[75]|compositeKey|"01tg8000001ROs5AAG_0 (36 more) ..."
15:30:23.371 (1487011600)|STATEMENT_EXECUTE|[76]
15:30:23.371 (1487033787)|HEAP_ALLOCATE|[EXTERNAL]|Bytes:-4
15:30:23.371 (1487038950)|STATEMENT_EXECUTE|[77]
15:30:23.371 (1487040834)|HEAP_ALLOCATE|[77]|Bytes:28
15:30:23.371 (1487047050)|HEAP_ALLOCATE|[77]|Bytes:84
15:30:23.371 (1487092867)|USER_DEBUG|[77]|DEBUG|MAPA MARGEM - Chave Gerada: 01tg8000001ROs5AAG_001g8000009Vj6vAAC_a04g8000000b4kbAAA
15:30:23.371 (1487107100)|HEAP_ALLOCATE|[69]|Bytes:5
15:30:23.371 (1487115517)|VARIABLE_ASSIGNMENT|[69]|m|null|
15:30:23.371 (1487119697)|STATEMENT_EXECUTE|[81]
15:30:23.371 (1488992166)|HEAP_ALLOCATE|[81]|Bytes:1
15:30:23.371 (1489031891)|METHOD_ENTRY|[1]|01pg8000001w1Mg|TaxSelector.TaxSelector()
15:30:23.371 (1489037648)|STATEMENT_EXECUTE|[1]
15:30:23.371 (1489044444)|STATEMENT_EXECUTE|[1]
15:30:23.371 (1489050857)|METHOD_EXIT|[1]|TaxSelector
15:30:23.371 (1489072798)|METHOD_ENTRY|[81]|01pg8000001w1Mg|TaxSelector.getTaxApproved()
15:30:23.371 (1489130116)|STATEMENT_EXECUTE|[2]
15:30:23.371 (1489131279)|STATEMENT_EXECUTE|[3]
15:30:23.371 (1489134096)|HEAP_ALLOCATE|[3]|Bytes:103
15:30:23.371 (1489144300)|HEAP_ALLOCATE|[3]|Bytes:4
15:30:23.371 (1489578767)|SOQL_EXECUTE_BEGIN|[3]|Aggregations:0|SELECT Product__c, State__c, DistributionCenter__c, TaxRate__c FROM Tax__c WHERE Status__c = 'Approved'
15:30:23.371 (1496835349)|SOQL_EXECUTE_END|[3]|Rows:1
15:30:23.371 (1496861377)|HEAP_ALLOCATE|[3]|Bytes:8
15:30:23.371 (1496880606)|HEAP_ALLOCATE|[3]|Bytes:184
15:30:23.371 (1496933107)|HEAP_ALLOCATE|[3]|Bytes:8
15:30:23.371 (1496953337)|METHOD_EXIT|[81]|01pg8000001w1Mg|TaxSelector.getTaxApproved()
15:30:23.371 (1496961351)|VARIABLE_SCOPE_BEGIN|[81]|listTaxes|List<Tax__c>|true|false
15:30:23.371 (1497072297)|VARIABLE_ASSIGNMENT|[81]|listTaxes|[{"DistributionCenter__c":"a06g8000001gZSDAA2","Product__c":"01tg8000001ROs5AAG","TaxRate__c":10.00,"Id":"a09g8000002D0gzAAC","State__c":"a04g8000000b4kbAAA"}]|0x30428238
15:30:23.371 (1497081274)|STATEMENT_EXECUTE|[83]
15:30:23.371 (1497124736)|HEAP_ALLOCATE|[83]|Bytes:4
15:30:23.371 (1497158100)|VARIABLE_SCOPE_BEGIN|[83]|mapTaxByCompositeKey|Map<String,Tax__c>|true|false
15:30:23.371 (1497171461)|VARIABLE_ASSIGNMENT|[83]|mapTaxByCompositeKey|{}|0x38dc108c
15:30:23.371 (1497329233)|HEAP_ALLOCATE|[84]|Bytes:5
15:30:23.371 (1497349882)|HEAP_ALLOCATE|[84]|Bytes:24
15:30:23.371 (1497357447)|VARIABLE_SCOPE_BEGIN|[84]|t|Tax__c|true|false
15:30:23.371 (1497396731)|VARIABLE_ASSIGNMENT|[84]|t|{"DistributionCenter__c":"a06g8000001gZSDAA2","Product__c":"01tg8000001ROs5AAG","TaxRate__c":10.00,"Id":"a09g8000002D0gzAAC","State__c":"a04g8000000b4kbAAA"}|0x6df36ec6
15:30:23.371 (1497402821)|STATEMENT_EXECUTE|[84]
15:30:23.371 (1497404362)|STATEMENT_EXECUTE|[85]
15:30:23.371 (1497467754)|HEAP_ALLOCATE|[85]|Bytes:18
15:30:23.371 (1497487454)|HEAP_ALLOCATE|[86]|Bytes:18
15:30:23.371 (1497501650)|HEAP_ALLOCATE|[87]|Bytes:18
15:30:23.371 (1497512849)|HEAP_ALLOCATE|[85]|Bytes:54
15:30:23.371 (1497515256)|VARIABLE_SCOPE_BEGIN|[85]|key|String|false|false
15:30:23.371 (1497522117)|VARIABLE_ASSIGNMENT|[85]|key|"01tg8000001ROs5AAGa0 (34 more) ..."
15:30:23.371 (1497524903)|STATEMENT_EXECUTE|[88]
15:30:23.371 (1497544599)|HEAP_ALLOCATE|[EXTERNAL]|Bytes:-4
15:30:23.371 (1497554392)|HEAP_ALLOCATE|[84]|Bytes:5
15:30:23.371 (1497561518)|VARIABLE_ASSIGNMENT|[84]|t|null|
15:30:23.371 (1497565767)|STATEMENT_EXECUTE|[92]
15:30:23.371 (1498661898)|HEAP_ALLOCATE|[92]|Bytes:1
15:30:23.371 (1498710193)|METHOD_ENTRY|[1]|01pg8000001w1MY|FreightSelector.FreightSelector()
15:30:23.371 (1498717914)|STATEMENT_EXECUTE|[1]
15:30:23.371 (1498727502)|STATEMENT_EXECUTE|[1]
15:30:23.371 (1498735780)|METHOD_EXIT|[1]|FreightSelector
15:30:23.371 (1498764518)|METHOD_ENTRY|[92]|01pg8000001w1MY|FreightSelector.getFreightApproved()
15:30:23.371 (1498959813)|STATEMENT_EXECUTE|[2]
15:30:23.371 (1498961827)|STATEMENT_EXECUTE|[3]
15:30:23.371 (1498966083)|HEAP_ALLOCATE|[3]|Bytes:154
15:30:23.371 (1498984948)|HEAP_ALLOCATE|[3]|Bytes:4
15:30:23.371 (1499673648)|SOQL_EXECUTE_BEGIN|[3]|Aggregations:0|SELECT Product__c, City__c, State__c, Country__c, DistributionCenter__c, FreightValue__c, ProductHierarchy__c FROM Freight__c WHERE Status__c = 'Approved'
15:30:23.371 (1509071746)|SOQL_EXECUTE_END|[3]|Rows:1
15:30:23.371 (1509097713)|HEAP_ALLOCATE|[3]|Bytes:8
15:30:23.371 (1509115312)|HEAP_ALLOCATE|[3]|Bytes:189
15:30:23.371 (1509163350)|HEAP_ALLOCATE|[3]|Bytes:8
15:30:23.371 (1509185267)|METHOD_EXIT|[92]|01pg8000001w1MY|FreightSelector.getFreightApproved()
15:30:23.371 (1509193283)|VARIABLE_SCOPE_BEGIN|[92]|listFreights|List<Freight__c>|true|false
15:30:23.371 (1509303436)|VARIABLE_ASSIGNMENT|[92]|listFreights|[{"DistributionCenter__c":"a06g8000001gZSDAA2","Product__c":"01tg8000001ROs5AAG","Id":"a0Ag8000000gEszEAE","State__c":"a04g8000000b4kbAAA","FreightValue__c":700.00}]|0x6a36a8c4
15:30:23.371 (1509313861)|STATEMENT_EXECUTE|[94]
15:30:23.371 (1509357286)|HEAP_ALLOCATE|[94]|Bytes:4
15:30:23.371 (1509391459)|VARIABLE_SCOPE_BEGIN|[94]|mapFreight|Map<String,Freight__c>|true|false
15:30:23.371 (1509402750)|VARIABLE_ASSIGNMENT|[94]|mapFreight|{}|0x499d180e
15:30:23.371 (1509555535)|HEAP_ALLOCATE|[95]|Bytes:5
15:30:23.371 (1509574399)|HEAP_ALLOCATE|[95]|Bytes:24
15:30:23.371 (1509581337)|VARIABLE_SCOPE_BEGIN|[95]|f|Freight__c|true|false
15:30:23.371 (1509619390)|VARIABLE_ASSIGNMENT|[95]|f|{"DistributionCenter__c":"a06g8000001gZSDAA2","Product__c":"01tg8000001ROs5AAG","Id":"a0Ag8000000gEszEAE","State__c":"a04g8000000b4kbAAA","FreightValue__c":700.00}|0x22980296
15:30:23.371 (1509625368)|STATEMENT_EXECUTE|[95]
15:30:23.371 (1509626824)|STATEMENT_EXECUTE|[96]
15:30:23.371 (1509686365)|HEAP_ALLOCATE|[96]|Bytes:18
15:30:23.371 (1509693493)|VARIABLE_SCOPE_BEGIN|[96]|quem|String|false|false
15:30:23.371 (1509699272)|VARIABLE_ASSIGNMENT|[96]|quem|"01tg8000001ROs5AAG"
15:30:23.371 (1509702098)|STATEMENT_EXECUTE|[97]
15:30:23.371 (1509726601)|HEAP_ALLOCATE|[97]|Bytes:18
15:30:23.371 (1509733904)|VARIABLE_SCOPE_BEGIN|[97]|onde|String|false|false
15:30:23.371 (1509740565)|VARIABLE_ASSIGNMENT|[97]|onde|"a04g8000000b4kbAAA"
15:30:23.371 (1509743476)|STATEMENT_EXECUTE|[99]
15:30:23.371 (1509751495)|HEAP_ALLOCATE|[99]|Bytes:37
15:30:23.371 (1509754382)|VARIABLE_SCOPE_BEGIN|[99]|key|String|false|false
15:30:23.371 (1509762208)|VARIABLE_ASSIGNMENT|[99]|key|"01tg8000001ROs5AAG_a (17 more) ..."
15:30:23.371 (1509765601)|STATEMENT_EXECUTE|[101]
15:30:23.371 (1509789968)|HEAP_ALLOCATE|[EXTERNAL]|Bytes:-4
15:30:23.371 (1509795455)|STATEMENT_EXECUTE|[102]
15:30:23.371 (1509797540)|HEAP_ALLOCATE|[102]|Bytes:27
15:30:23.371 (1509802933)|HEAP_ALLOCATE|[102]|Bytes:64
15:30:23.371 (1509838675)|USER_DEBUG|[102]|DEBUG|MAPA FRETE - Chave Gerada: 01tg8000001ROs5AAG_a04g8000000b4kbAAA
15:30:23.371 (1509850293)|HEAP_ALLOCATE|[95]|Bytes:5
15:30:23.371 (1509858460)|VARIABLE_ASSIGNMENT|[95]|f|null|
15:30:23.371 (1509883874)|HEAP_ALLOCATE|[106]|Bytes:5
15:30:23.371 (1509899492)|HEAP_ALLOCATE|[106]|Bytes:4
15:30:23.371 (1509905100)|VARIABLE_SCOPE_BEGIN|[106]|item|OrderItem|true|false
15:30:23.371 (1510549865)|VARIABLE_ASSIGNMENT|[106]|item|{"Product_Code_Display__c":"TRT 7","IsDeleted":false,"UnitPrice":100.00,"Product2Id":"01tg8000001ROs5AAG","PricebookEntryId":"01ug8000000gSEPAA2","TotalPrice":100.00,"Quantity":1.00,"ListPrice":1000.00,"OrderId":"801g8000009Vj6xAAC"}|0x38f02fe3
15:30:23.371 (1510558302)|STATEMENT_EXECUTE|[106]
15:30:23.371 (1510559713)|STATEMENT_EXECUTE|[107]
15:30:23.371 (1510597950)|VARIABLE_SCOPE_BEGIN|[107]|pedido|Order|true|false
15:30:23.371 (1510673158)|VARIABLE_ASSIGNMENT|[107]|pedido|{"Status":"Draft","City__c":"a05g8000002BdsvAAC","Country__c":"a03g80000084tirAAA","AccountId":"001g8000009Vj6vAAC","DistributionCenter__c":"a06g8000001gZSDAA2","Id":"801g8000009Vj6xAAC","State__c":"a04g8000000b4kbAAA"}|0x7041b4d8
15:30:23.371 (1510677912)|STATEMENT_EXECUTE|[108]
15:30:23.371 (1510697810)|VARIABLE_SCOPE_BEGIN|[108]|produto|Product2|true|false
15:30:23.371 (1510730905)|VARIABLE_ASSIGNMENT|[108]|produto|{"ProductionCost__c":300000.00,"ProductHierarchy__c":"a01g8000009Vj6wAAC","Id":"01tg8000001ROs5AAG"}|0x6d909d65
15:30:23.371 (1510734525)|STATEMENT_EXECUTE|[109]
15:30:23.371 (1510753424)|VARIABLE_SCOPE_BEGIN|[109]|cliente|Account|true|false
15:30:23.371 (1510781461)|VARIABLE_ASSIGNMENT|[109]|cliente|{"AccountGroup__c":"a02g8000002mOIDAA2","Id":"001g8000009Vj6vAAC"}|0x34a3cdd2
15:30:23.371 (1510818877)|HEAP_ALLOCATE|[113]|Bytes:28
15:30:23.371 (1510821902)|HEAP_ALLOCATE|[113]|Bytes:28
15:30:23.371 (1510861927)|HEAP_ALLOCATE|[113]|Bytes:28
15:30:23.371 (1510863835)|HEAP_ALLOCATE|[113]|Bytes:28
15:30:23.371 (1510873855)|STATEMENT_EXECUTE|[113]
15:30:23.371 (1510876484)|STATEMENT_EXECUTE|[119]
15:30:23.371 (1510877680)|STATEMENT_EXECUTE|[121]
15:30:23.371 (1510889972)|HEAP_ALLOCATE|[121]|Bytes:18
15:30:23.371 (1510907851)|HEAP_ALLOCATE|[122]|Bytes:18
15:30:23.371 (1510921601)|HEAP_ALLOCATE|[123]|Bytes:18
15:30:23.371 (1510927793)|HEAP_ALLOCATE|[121]|Bytes:54
15:30:23.371 (1510930189)|VARIABLE_SCOPE_BEGIN|[121]|keyOrderItemImposto|String|false|false
15:30:23.371 (1510936572)|VARIABLE_ASSIGNMENT|[121]|keyOrderItemImposto|"01tg8000001ROs5AAGa0 (34 more) ..."
15:30:23.371 (1510939129)|STATEMENT_EXECUTE|[125]
15:30:23.371 (1510957307)|VARIABLE_SCOPE_BEGIN|[125]|impostoEncontrado|Tax__c|true|false
15:30:23.371 (1510994431)|VARIABLE_ASSIGNMENT|[125]|impostoEncontrado|{"DistributionCenter__c":"a06g8000001gZSDAA2","Product__c":"01tg8000001ROs5AAG","TaxRate__c":10.00,"Id":"a09g8000002D0gzAAC","State__c":"a04g8000000b4kbAAA"}|0x6df36ec6
15:30:23.371 (1510998500)|STATEMENT_EXECUTE|[127]
15:30:23.371 (1511568762)|VARIABLE_ASSIGNMENT|[127]|this.TaxPercentage__c|10.00|0x38f02fe3
15:30:23.371 (1511576168)|STATEMENT_EXECUTE|[130]
15:30:23.371 (1513100638)|HEAP_ALLOCATE|[130]|Bytes:7
15:30:23.371 (1513130067)|METHOD_ENTRY|[1]|01pg8000001F8kf|PricingService.PricingService()
15:30:23.371 (1513134411)|STATEMENT_EXECUTE|[1]
15:30:23.371 (1513140772)|STATEMENT_EXECUTE|[1]
15:30:23.371 (1513146173)|METHOD_EXIT|[1]|PricingService
15:30:23.371 (1513177053)|METHOD_ENTRY|[130]|01pg8000001F8kf|PricingService.findMargin(OrderItem, Order, Map<String,Margem__c>, Id, Account)
15:30:23.371 (1513199284)|VARIABLE_SCOPE_BEGIN|[21]|item|OrderItem|true|false
15:30:23.371 (1513724868)|VARIABLE_ASSIGNMENT|[21]|item|{"Product_Code_Display__c":"TRT 7","IsDeleted":false,"UnitPrice":100.00,"Product2Id":"01tg8000001ROs5AAG","PricebookEntryId":"01ug8000000gSEPAA2","TotalPrice":100.00,"Quantity":1.00,"TaxPercentage__c":10.00,"ListPrice":1000.00,"OrderId":"801g8000009Vj6xAAC"}|0x38f02fe3
15:30:23.371 (1513731669)|VARIABLE_SCOPE_BEGIN|[21]|pedido|Order|true|false
15:30:23.371 (1513792866)|VARIABLE_ASSIGNMENT|[21]|pedido|{"Status":"Draft","City__c":"a05g8000002BdsvAAC","Country__c":"a03g80000084tirAAA","AccountId":"001g8000009Vj6vAAC","DistributionCenter__c":"a06g8000001gZSDAA2","Id":"801g8000009Vj6xAAC","State__c":"a04g8000000b4kbAAA"}|0x7041b4d8
15:30:23.371 (1513797593)|VARIABLE_SCOPE_BEGIN|[21]|mapMargin|Map<String,Margem__c>|true|false
15:30:23.371 (1513845014)|VARIABLE_ASSIGNMENT|[21]|mapMargin|{"01tg8000001ROs5AAG_001g8000009Vj6vAAC_a04g8000000b4kbAAA":{"Account__c":"001g8000009Vj6vAAC","Product__c":"01tg8000001ROs5AAG","Id":"a00g800000Pi4uLAAR","State__c":"a04g8000000b4kbAAA","MarginValuePercent__c":15.00}}|0x1e70ffbd
15:30:23.371 (1513849676)|VARIABLE_SCOPE_BEGIN|[21]|h|Id|false|false
15:30:23.371 (1514006751)|VARIABLE_ASSIGNMENT|[21]|h|"a01g8000009Vj6wAAC"
15:30:23.371 (1514011216)|VARIABLE_SCOPE_BEGIN|[21]|cliente|Account|true|false
15:30:23.371 (1514037134)|VARIABLE_ASSIGNMENT|[21]|cliente|{"AccountGroup__c":"a02g8000002mOIDAA2","Id":"001g8000009Vj6vAAC"}|0x34a3cdd2
15:30:23.371 (1514062228)|STATEMENT_EXECUTE|[21]
15:30:23.371 (1514063491)|STATEMENT_EXECUTE|[22]
15:30:23.371 (1514074073)|VARIABLE_SCOPE_BEGIN|[22]|p|Id|false|false
15:30:23.371 (1514109488)|VARIABLE_ASSIGNMENT|[22]|p|"01tg8000001ROs5AAG"
15:30:23.371 (1514112254)|STATEMENT_EXECUTE|[23]
15:30:23.371 (1514116156)|VARIABLE_SCOPE_BEGIN|[23]|a|Id|false|false
15:30:23.371 (1514134770)|VARIABLE_ASSIGNMENT|[23]|a|"001g8000009Vj6vAAC"
15:30:23.371 (1514137113)|STATEMENT_EXECUTE|[24]
15:30:23.371 (1514150228)|VARIABLE_SCOPE_BEGIN|[24]|g|Id|false|false
15:30:23.371 (1514169490)|VARIABLE_ASSIGNMENT|[24]|g|"a02g8000002mOIDAA2"
15:30:23.371 (1514171956)|STATEMENT_EXECUTE|[25]
15:30:23.371 (1514179821)|VARIABLE_SCOPE_BEGIN|[25]|c|Id|false|false
15:30:23.371 (1514198834)|VARIABLE_ASSIGNMENT|[25]|c|"a05g8000002BdsvAAC"
15:30:23.371 (1514201335)|STATEMENT_EXECUTE|[26]
15:30:23.371 (1514203753)|VARIABLE_SCOPE_BEGIN|[26]|e|Id|false|false
15:30:23.371 (1514221631)|VARIABLE_ASSIGNMENT|[26]|e|"a04g8000000b4kbAAA"
15:30:23.371 (1514223822)|STATEMENT_EXECUTE|[27]
15:30:23.371 (1514230411)|VARIABLE_SCOPE_BEGIN|[27]|pa|Id|false|false
15:30:23.371 (1514249278)|VARIABLE_ASSIGNMENT|[27]|pa|"a03g80000084tirAAA"
15:30:23.371 (1514308806)|HEAP_ALLOCATE|[30]|Bytes:18
15:30:23.371 (1514322666)|HEAP_ALLOCATE|[30]|Bytes:18
15:30:23.371 (1514328744)|HEAP_ALLOCATE|[30]|Bytes:18
15:30:23.371 (1514336178)|HEAP_ALLOCATE|[30]|Bytes:56
15:30:23.371 (1514352126)|STATEMENT_EXECUTE|[30]
15:30:23.371 (1514360243)|HEAP_ALLOCATE|[31]|Bytes:18
15:30:23.371 (1514366588)|HEAP_ALLOCATE|[31]|Bytes:18
15:30:23.371 (1514372321)|HEAP_ALLOCATE|[31]|Bytes:18
15:30:23.371 (1514376476)|HEAP_ALLOCATE|[31]|Bytes:56
15:30:23.371 (1514381690)|STATEMENT_EXECUTE|[31]
15:30:23.371 (1514384933)|HEAP_ALLOCATE|[31]|Bytes:18
15:30:23.371 (1514390627)|HEAP_ALLOCATE|[31]|Bytes:18
15:30:23.371 (1514396306)|HEAP_ALLOCATE|[31]|Bytes:18
15:30:23.371 (1514400283)|HEAP_ALLOCATE|[31]|Bytes:56
15:30:23.371 (1514414768)|METHOD_EXIT|[130]|01pg8000001F8kf|PricingService.findMargin(OrderItem, Order, Map<String,Margem__c>, Id, Account)
15:30:23.371 (1514419026)|VARIABLE_SCOPE_BEGIN|[130]|margem|Margem__c|true|false
15:30:23.371 (1514461498)|VARIABLE_ASSIGNMENT|[130]|margem|{"Account__c":"001g8000009Vj6vAAC","Product__c":"01tg8000001ROs5AAG","Id":"a00g800000Pi4uLAAR","State__c":"a04g8000000b4kbAAA","MarginValuePercent__c":15.00}|0x14b2af8c
15:30:23.371 (1514470340)|STATEMENT_EXECUTE|[131]
15:30:23.371 (1514951753)|VARIABLE_ASSIGNMENT|[131]|this.MarginPercentage__c|15.00|0x38f02fe3
15:30:23.371 (1514955800)|STATEMENT_EXECUTE|[134]
15:30:23.371 (1514979576)|METHOD_ENTRY|[134]|01pg8000001F8kf|PricingService.findFreightValue(OrderItem, Order, Map<String,Freight__c>, Id)
15:30:23.371 (1514991721)|VARIABLE_SCOPE_BEGIN|[4]|item|OrderItem|true|false
15:30:23.371 (1515381843)|VARIABLE_ASSIGNMENT|[4]|item|{"Product_Code_Display__c":"TRT 7","IsDeleted":false,"UnitPrice":100.00,"Product2Id":"01tg8000001ROs5AAG","PricebookEntryId":"01ug8000000gSEPAA2","TotalPrice":100.00,"Quantity":1.00,"MarginPercentage__c":15.00,"TaxPercentage__c":10.00,"ListPrice":1000.00,"OrderId":"801g8000009Vj6xAAC"}|0x38f02fe3
15:30:23.371 (1515388981)|VARIABLE_SCOPE_BEGIN|[4]|pedido|Order|true|false
15:30:23.371 (1515432192)|VARIABLE_ASSIGNMENT|[4]|pedido|{"Status":"Draft","City__c":"a05g8000002BdsvAAC","Country__c":"a03g80000084tirAAA","AccountId":"001g8000009Vj6vAAC","DistributionCenter__c":"a06g8000001gZSDAA2","Id":"801g8000009Vj6xAAC","State__c":"a04g8000000b4kbAAA"}|0x7041b4d8
15:30:23.371 (1515436466)|VARIABLE_SCOPE_BEGIN|[4]|mapFrete|Map<String,Freight__c>|true|false
15:30:23.371 (1515468964)|VARIABLE_ASSIGNMENT|[4]|mapFrete|{"01tg8000001ROs5AAG_a04g8000000b4kbAAA":{"DistributionCenter__c":"a06g8000001gZSDAA2","Product__c":"01tg8000001ROs5AAG","Id":"a0Ag8000000gEszEAE","State__c":"a04g8000000b4kbAAA","FreightValue__c":700.00}}|0x499d180e
15:30:23.371 (1515473035)|VARIABLE_SCOPE_BEGIN|[4]|h|Id|false|false
15:30:23.371 (1515523666)|VARIABLE_ASSIGNMENT|[4]|h|"a01g8000009Vj6wAAC"
15:30:23.371 (1515533636)|STATEMENT_EXECUTE|[4]
15:30:23.371 (1515534913)|STATEMENT_EXECUTE|[5]
15:30:23.371 (1515540596)|VARIABLE_SCOPE_BEGIN|[5]|p|Id|false|false
15:30:23.371 (1515564190)|VARIABLE_ASSIGNMENT|[5]|p|"01tg8000001ROs5AAG"
15:30:23.371 (1515566943)|STATEMENT_EXECUTE|[6]
15:30:23.371 (1515570294)|VARIABLE_SCOPE_BEGIN|[6]|c|Id|false|false
15:30:23.371 (1515588733)|VARIABLE_ASSIGNMENT|[6]|c|"a05g8000002BdsvAAC"
15:30:23.371 (1515591143)|STATEMENT_EXECUTE|[7]
15:30:23.371 (1515593311)|VARIABLE_SCOPE_BEGIN|[7]|e|Id|false|false
15:30:23.371 (1515611371)|VARIABLE_ASSIGNMENT|[7]|e|"a04g8000000b4kbAAA"
15:30:23.371 (1515613828)|STATEMENT_EXECUTE|[8]
15:30:23.371 (1515616304)|VARIABLE_SCOPE_BEGIN|[8]|pa|Id|false|false
15:30:23.371 (1515634142)|VARIABLE_ASSIGNMENT|[8]|pa|"a03g80000084tirAAA"
15:30:23.371 (1515659082)|HEAP_ALLOCATE|[10]|Bytes:18
15:30:23.371 (1515669781)|HEAP_ALLOCATE|[10]|Bytes:18
15:30:23.371 (1515675707)|HEAP_ALLOCATE|[10]|Bytes:37
15:30:23.371 (1515685323)|STATEMENT_EXECUTE|[10]
15:30:23.371 (1515692181)|HEAP_ALLOCATE|[11]|Bytes:18
15:30:23.371 (1515698556)|HEAP_ALLOCATE|[11]|Bytes:18
15:30:23.371 (1515703180)|HEAP_ALLOCATE|[11]|Bytes:37
15:30:23.371 (1515707951)|STATEMENT_EXECUTE|[11]
15:30:23.371 (1515711128)|HEAP_ALLOCATE|[11]|Bytes:18
15:30:23.371 (1515716711)|HEAP_ALLOCATE|[11]|Bytes:18
15:30:23.371 (1515720583)|HEAP_ALLOCATE|[11]|Bytes:37
15:30:23.371 (1515747083)|METHOD_EXIT|[134]|01pg8000001F8kf|PricingService.findFreightValue(OrderItem, Order, Map<String,Freight__c>, Id)
15:30:23.371 (1516160473)|VARIABLE_ASSIGNMENT|[134]|this.FreightValue__c|700.00|0x38f02fe3
15:30:23.371 (1516165661)|STATEMENT_EXECUTE|[137]
15:30:23.371 (1516178656)|VARIABLE_SCOPE_BEGIN|[137]|custoUnitario|Decimal|false|false
15:30:23.371 (1516183894)|VARIABLE_ASSIGNMENT|[137]|custoUnitario|300000.00
15:30:23.371 (1516186336)|STATEMENT_EXECUTE|[140]
15:30:23.371 (1516196546)|HEAP_ALLOCATE|[140]|Bytes:28
15:30:23.371 (1516202502)|HEAP_ALLOCATE|[140]|Bytes:28
15:30:23.371 (1516215391)|METHOD_ENTRY|[140]|01pg8000001F8kf|PricingService.calculateFinalPrice(OrderItem, Decimal, Margem__c, Decimal, Decimal)
15:30:23.371 (1516230116)|VARIABLE_SCOPE_BEGIN|[47]|item|OrderItem|true|false
15:30:23.371 (1516628393)|VARIABLE_ASSIGNMENT|[47]|item|{"Product_Code_Display__c":"TRT 7","IsDeleted":false,"UnitPrice":100.00,"Product2Id":"01tg8000001ROs5AAG","PricebookEntryId":"01ug8000000gSEPAA2","TotalPrice":100.00,"Quantity":1.00,"MarginPercentage__c":15.00,"TaxPercentage__c":10.00,"ListPrice":1000.00,"OrderId":"801g8000009Vj6xAAC","FreightValue__c":700.00}|0x38f02fe3
15:30:23.371 (1516634146)|VARIABLE_SCOPE_BEGIN|[47]|frete|Decimal|false|false
15:30:23.371 (1516639174)|VARIABLE_ASSIGNMENT|[47]|frete|700.00
15:30:23.371 (1516641868)|VARIABLE_SCOPE_BEGIN|[47]|margem|Margem__c|true|false
15:30:23.371 (1516682015)|VARIABLE_ASSIGNMENT|[47]|margem|{"Account__c":"001g8000009Vj6vAAC","Product__c":"01tg8000001ROs5AAG","Id":"a00g800000Pi4uLAAR","State__c":"a04g8000000b4kbAAA","MarginValuePercent__c":15.00}|0x14b2af8c
15:30:23.371 (1516685458)|VARIABLE_SCOPE_BEGIN|[47]|impostoPercent|Decimal|false|false
15:30:23.371 (1516689550)|VARIABLE_ASSIGNMENT|[47]|impostoPercent|10.00
15:30:23.371 (1516691548)|VARIABLE_SCOPE_BEGIN|[47]|custo|Decimal|false|false
15:30:23.371 (1516695191)|VARIABLE_ASSIGNMENT|[47]|custo|300000.00
15:30:23.371 (1516703538)|STATEMENT_EXECUTE|[47]
15:30:23.371 (1516704486)|STATEMENT_EXECUTE|[48]
15:30:23.371 (1516713983)|VARIABLE_SCOPE_BEGIN|[48]|mPerc|Decimal|false|false
15:30:23.371 (1516718634)|VARIABLE_ASSIGNMENT|[48]|mPerc|15.00
15:30:23.371 (1516720656)|STATEMENT_EXECUTE|[49]
15:30:23.371 (1516722093)|VARIABLE_SCOPE_BEGIN|[49]|iPerc|Decimal|false|false
15:30:23.371 (1516725921)|VARIABLE_ASSIGNMENT|[49]|iPerc|10.00
15:30:23.371 (1516727758)|STATEMENT_EXECUTE|[50]
15:30:23.371 (1516728906)|VARIABLE_SCOPE_BEGIN|[50]|custoProd|Decimal|false|false
15:30:23.371 (1516732565)|VARIABLE_ASSIGNMENT|[50]|custoProd|300000.00
15:30:23.371 (1516734562)|STATEMENT_EXECUTE|[51]
15:30:23.371 (1516735706)|VARIABLE_SCOPE_BEGIN|[51]|freteVal|Decimal|false|false
15:30:23.371 (1516739476)|VARIABLE_ASSIGNMENT|[51]|freteVal|700.00
15:30:23.371 (1516741328)|STATEMENT_EXECUTE|[54]
15:30:23.371 (1516769008)|HEAP_ALLOCATE|[54]|Bytes:28
15:30:23.371 (1516774966)|VARIABLE_SCOPE_BEGIN|[54]|precoBase|Decimal|false|false
15:30:23.371 (1516778973)|VARIABLE_ASSIGNMENT|[54]|precoBase|300700.00
15:30:23.371 (1516781037)|STATEMENT_EXECUTE|[57]
15:30:23.371 (1516787086)|HEAP_ALLOCATE|[57]|Bytes:28
15:30:23.371 (1516788866)|HEAP_ALLOCATE|[57]|Bytes:28
15:30:23.371 (1516792363)|HEAP_ALLOCATE|[57]|Bytes:28
15:30:23.371 (1516883318)|HEAP_ALLOCATE|[57]|Bytes:28
15:30:23.371 (1516885232)|HEAP_ALLOCATE|[57]|Bytes:28
15:30:23.371 (1516894246)|HEAP_ALLOCATE|[57]|Bytes:28
15:30:23.371 (1516903723)|HEAP_ALLOCATE|[57]|Bytes:28
15:30:23.371 (1516907526)|VARIABLE_SCOPE_BEGIN|[57]|precoSemMargem|Decimal|false|false
15:30:23.371 (1516913006)|VARIABLE_ASSIGNMENT|[57]|precoSemMargem|330770.0000
15:30:23.371 (1516915426)|STATEMENT_EXECUTE|[60]
15:30:23.371 (1516917740)|HEAP_ALLOCATE|[60]|Bytes:28
15:30:23.371 (1516919267)|HEAP_ALLOCATE|[60]|Bytes:28
15:30:23.371 (1516921546)|HEAP_ALLOCATE|[60]|Bytes:28
15:30:23.371 (1516937423)|HEAP_ALLOCATE|[60]|Bytes:28
15:30:23.371 (1516939095)|HEAP_ALLOCATE|[60]|Bytes:28
15:30:23.371 (1516946228)|HEAP_ALLOCATE|[60]|Bytes:28
15:30:23.371 (1516953116)|HEAP_ALLOCATE|[60]|Bytes:28
15:30:23.371 (1516956958)|VARIABLE_SCOPE_BEGIN|[60]|precoCalculado|Decimal|false|false
15:30:23.371 (1516961441)|VARIABLE_ASSIGNMENT|[60]|precoCalculado|380385.500000
15:30:23.371 (1516963676)|STATEMENT_EXECUTE|[63]
15:30:23.371 (1517357555)|VARIABLE_ASSIGNMENT|[63]|this.ProductionCost__c|300000.00|0x38f02fe3
15:30:23.371 (1517361848)|STATEMENT_EXECUTE|[64]
15:30:23.371 (1517743097)|VARIABLE_ASSIGNMENT|[64]|this.MarginPercentage__c|15.00|0x38f02fe3
15:30:23.371 (1517748797)|STATEMENT_EXECUTE|[65]
15:30:23.371 (1518283344)|VARIABLE_ASSIGNMENT|[65]|this.FreightValue__c|700.00|0x38f02fe3
15:30:23.371 (1518292106)|STATEMENT_EXECUTE|[66]
15:30:23.371 (1518732927)|VARIABLE_ASSIGNMENT|[66]|this.TaxPercentage__c|10.00|0x38f02fe3
15:30:23.371 (1518738092)|STATEMENT_EXECUTE|[67]
15:30:23.371 (1519105812)|VARIABLE_ASSIGNMENT|[67]|this.PriceWithoutMargin__c|330770.0000|0x38f02fe3
15:30:23.371 (1519109859)|STATEMENT_EXECUTE|[68]
15:30:23.371 (1519505409)|VARIABLE_ASSIGNMENT|[68]|this.FinalPrice__c|380385.500000|0x38f02fe3
15:30:23.371 (1519509825)|STATEMENT_EXECUTE|[71]
15:30:23.371 (1519529307)|VARIABLE_SCOPE_BEGIN|[71]|unitPriceDigitado|Decimal|false|false
15:30:23.371 (1519536552)|VARIABLE_ASSIGNMENT|[71]|unitPriceDigitado|100.00
15:30:23.371 (1519551314)|HEAP_ALLOCATE|[74]|Bytes:28
15:30:23.371 (1519554992)|HEAP_ALLOCATE|[74]|Bytes:28
15:30:23.371 (1519600948)|STATEMENT_EXECUTE|[74]
15:30:23.371 (1519602114)|STATEMENT_EXECUTE|[75]
15:30:23.371 (1519615814)|HEAP_ALLOCATE|[75]|Bytes:28
15:30:23.371 (1519666682)|HEAP_ALLOCATE|[75]|Bytes:28
15:30:23.371 (1519669451)|HEAP_ALLOCATE|[75]|Bytes:28
15:30:23.371 (1520098189)|VARIABLE_ASSIGNMENT|[75]|this.DiscountPercentage__c|0.999737108801465881323026245742806|0x38f02fe3
15:30:23.371 (1520104179)|STATEMENT_EXECUTE|[76]
15:30:23.371 (1520122793)|HEAP_ALLOCATE|[76]|Bytes:28
15:30:23.371 (1520582027)|VARIABLE_ASSIGNMENT|[76]|this.DiscountValue__c|380285.500000|0x38f02fe3
15:30:23.371 (1520587934)|STATEMENT_EXECUTE|[79]
15:30:23.371 (1520605357)|HEAP_ALLOCATE|[79]|Bytes:28
15:30:23.371 (1520984273)|VARIABLE_ASSIGNMENT|[79]|this.UnitPrice|380385.500000|0x38f02fe3
15:30:23.371 (1520996199)|METHOD_EXIT|[140]|01pg8000001F8kf|PricingService.calculateFinalPrice(OrderItem, Decimal, Margem__c, Decimal, Decimal)
15:30:23.371 (1521015516)|HEAP_ALLOCATE|[106]|Bytes:5
15:30:23.371 (1521028907)|VARIABLE_ASSIGNMENT|[106]|item|null|
15:30:23.371 (1521034605)|METHOD_EXIT|[20]|01pg8000001EZwd|OrdemItemHandler.executePricingLogic()
15:30:23.371 (1521038780)|STATEMENT_EXECUTE|[21]
15:30:23.371 (1521049582)|METHOD_ENTRY|[21]|01pg8000001EZwd|OrdemItemHandler.checkDuplicateProducts()
15:30:23.371 (1521115324)|VARIABLE_SCOPE_BEGIN|[145]|this|OrdemItemHandler|true|false
15:30:23.371 (1521168997)|VARIABLE_ASSIGNMENT|[145]|this|{"newRecords":"0x686ebc33","handlerName":"OrderItemHandler","isTriggerExecuting":true,"triggerEvent":"0x3ae96891"}|0x3a2cc7cf
15:30:23.371 (1521181018)|STATEMENT_EXECUTE|[145]
15:30:23.371 (1550984617)|HEAP_DUMP|[146]|07ng80000000s8T|OrdemItemHandler|none|146
15:30:23.371 (1551007789)|STATEMENT_EXECUTE|[146]
15:30:23.371 (1551038776)|HEAP_ALLOCATE|[146]|Bytes:4
15:30:23.371 (1551114827)|VARIABLE_SCOPE_BEGIN|[146]|setOrderIds|Set<Id>|true|false
15:30:23.371 (1551179995)|VARIABLE_ASSIGNMENT|[146]|setOrderIds|[]|0x668cd5f
15:30:23.371 (1551190287)|STATEMENT_EXECUTE|[147]
15:30:23.371 (1551197194)|HEAP_ALLOCATE|[147]|Bytes:4
15:30:23.371 (1551214348)|VARIABLE_SCOPE_BEGIN|[147]|setProductIds|Set<Id>|true|false
15:30:23.371 (1551226638)|VARIABLE_ASSIGNMENT|[147]|setProductIds|[]|0x4e3cc163
15:30:23.371 (1551295679)|HEAP_ALLOCATE|[149]|Bytes:5
15:30:23.371 (1551338339)|HEAP_ALLOCATE|[149]|Bytes:40
15:30:23.371 (1551350641)|VARIABLE_SCOPE_BEGIN|[149]|ot|OrderItem|true|false
15:30:23.371 (1552361171)|VARIABLE_ASSIGNMENT|[149]|ot|{"Product_Code_Display__c":"TRT 7","DiscountPercentage__c":0.999737108801465881323026245742806,"IsDeleted":false,"DiscountValue__c":380285.500000,"Quantity":1.00,"FinalPrice__c":380385.500000,"TaxPercentage__c":10.00,"ListPrice":1000.00,"OrderId":"801g8000009Vj6xAAC","PriceWithoutMargin__c":330770.0000,"FreightValue__c":700.00,"UnitPrice":380385.500000,"Product2Id":"01tg8000001ROs5AAG","ProductionCost__c":300000.00,"PricebookEntryId":"01ug8000000gSEPAA2","TotalPrice":100.00,"MarginPercentage__c":15.00}|0x38f02fe3
15:30:23.371 (1552382976)|STATEMENT_EXECUTE|[149]
15:30:23.371 (1552385176)|STATEMENT_EXECUTE|[150]
15:30:23.371 (1552468059)|HEAP_ALLOCATE|[EXTERNAL]|Bytes:4
15:30:23.371 (1552481905)|STATEMENT_EXECUTE|[151]
15:30:23.371 (1552497146)|HEAP_ALLOCATE|[EXTERNAL]|Bytes:4
15:30:23.371 (1552518354)|HEAP_ALLOCATE|[149]|Bytes:5
15:30:23.371 (1552533774)|VARIABLE_ASSIGNMENT|[149]|ot|null|
15:30:23.371 (1552538212)|STATEMENT_EXECUTE|[154]
15:30:23.371 (1554273677)|HEAP_ALLOCATE|[154]|Bytes:4
15:30:23.371 (1554450906)|METHOD_ENTRY|[1]|01pg8000001w1Mc|OrderItemSelector.OrderItemSelector()
15:30:23.371 (1554499060)|STATEMENT_EXECUTE|[1]
15:30:23.371 (1554507145)|STATEMENT_EXECUTE|[1]
15:30:23.371 (1554515228)|METHOD_EXIT|[1]|OrderItemSelector
15:30:23.371 (1554552057)|METHOD_ENTRY|[154]|01pg8000001w1Mc|OrderItemSelector.getOrderItemByIds(Set<Id>, Set<Id>)
15:30:23.371 (1554583744)|VARIABLE_SCOPE_BEGIN|[2]|orderIds|Set<Id>|true|false
15:30:23.371 (1554609910)|VARIABLE_ASSIGNMENT|[2]|orderIds|["801g8000009Vj6xAAC"]|0x668cd5f
15:30:23.371 (1554614710)|VARIABLE_SCOPE_BEGIN|[2]|productIds|Set<Id>|true|false
15:30:23.371 (1554622949)|VARIABLE_ASSIGNMENT|[2]|productIds|["01tg8000001ROs5AAG"]|0x4e3cc163
15:30:23.371 (1554639893)|STATEMENT_EXECUTE|[2]
15:30:23.371 (1554641415)|STATEMENT_EXECUTE|[3]
15:30:23.371 (1554645417)|HEAP_ALLOCATE|[3]|Bytes:98
15:30:23.371 (1554664999)|HEAP_ALLOCATE|[3]|Bytes:4
15:30:23.371 (1554686824)|HEAP_ALLOCATE|[3]|Bytes:7
15:30:23.371 (1555363361)|SOQL_EXECUTE_BEGIN|[3]|Aggregations:0|SELECT Id, OrderId, Product2Id FROM OrderItem WHERE (OrderId = :tmpVar1 AND Product2Id = :tmpVar2)
15:30:23.371 (1562647015)|SOQL_EXECUTE_END|[3]|Rows:0
15:30:23.371 (1562684543)|HEAP_ALLOCATE|[3]|Bytes:4
15:30:23.371 (1562706735)|HEAP_ALLOCATE|[3]|Bytes:0
15:30:23.371 (1562787320)|HEAP_ALLOCATE|[3]|Bytes:4
15:30:23.371 (1562811034)|METHOD_EXIT|[154]|01pg8000001w1Mc|OrderItemSelector.getOrderItemByIds(Set<Id>, Set<Id>)
15:30:23.371 (1562823141)|VARIABLE_SCOPE_BEGIN|[154]|existingItens|List<OrderItem>|true|false
15:30:23.371 (1562843634)|VARIABLE_ASSIGNMENT|[154]|existingItens|[]|0x1809a6ad
15:30:23.371 (1562850181)|STATEMENT_EXECUTE|[156]
15:30:23.371 (1562861217)|HEAP_ALLOCATE|[156]|Bytes:4
15:30:23.371 (1562905798)|VARIABLE_SCOPE_BEGIN|[156]|comparacao|Set<String>|true|false
15:30:23.371 (1562933917)|VARIABLE_ASSIGNMENT|[156]|comparacao|[]|0x4c267b04
15:30:23.371 (1562980177)|HEAP_ALLOCATE|[157]|Bytes:5
15:30:23.371 (1562992781)|VARIABLE_ASSIGNMENT|[157]|it|null|
15:30:23.371 (1562997148)|STATEMENT_EXECUTE|[157]
15:30:23.371 (1563011348)|HEAP_ALLOCATE|[161]|Bytes:5
15:30:23.371 (1563039268)|HEAP_ALLOCATE|[161]|Bytes:40
15:30:23.371 (1563046671)|VARIABLE_SCOPE_BEGIN|[161]|newItem|OrderItem|true|false
15:30:23.371 (1563708502)|VARIABLE_ASSIGNMENT|[161]|newItem|{"Product_Code_Display__c":"TRT 7","DiscountPercentage__c":0.999737108801465881323026245742806,"IsDeleted":false,"DiscountValue__c":380285.500000,"Quantity":1.00,"FinalPrice__c":380385.500000,"TaxPercentage__c":10.00,"ListPrice":1000.00,"OrderId":"801g8000009Vj6xAAC","PriceWithoutMargin__c":330770.0000,"FreightValue__c":700.00,"UnitPrice":380385.500000,"Product2Id":"01tg8000001ROs5AAG","ProductionCost__c":300000.00,"PricebookEntryId":"01ug8000000gSEPAA2","TotalPrice":100.00,"MarginPercentage__c":15.00}|0x38f02fe3
15:30:23.371 (1563722877)|STATEMENT_EXECUTE|[161]
15:30:23.371 (1563724209)|STATEMENT_EXECUTE|[162]
15:30:23.371 (1563779026)|HEAP_ALLOCATE|[162]|Bytes:18
15:30:23.371 (1563787393)|HEAP_ALLOCATE|[162]|Bytes:1
15:30:23.371 (1563795151)|HEAP_ALLOCATE|[162]|Bytes:18
15:30:23.371 (1563803646)|HEAP_ALLOCATE|[162]|Bytes:37
15:30:23.371 (1563806041)|VARIABLE_SCOPE_BEGIN|[162]|keyCombo|String|false|false
15:30:23.371 (1563813768)|VARIABLE_ASSIGNMENT|[162]|keyCombo|"801g8000009Vj6xAAC-0 (17 more) ..."
15:30:23.371 (1563840927)|STATEMENT_EXECUTE|[166]
15:30:23.371 (1563842568)|STATEMENT_EXECUTE|[168]
15:30:23.371 (1563851738)|HEAP_ALLOCATE|[EXTERNAL]|Bytes:4
15:30:23.371 (1563864886)|HEAP_ALLOCATE|[161]|Bytes:5
15:30:23.371 (1563872220)|VARIABLE_ASSIGNMENT|[161]|newItem|null|
15:30:23.371 (1563879254)|METHOD_EXIT|[21]|01pg8000001EZwd|OrdemItemHandler.checkDuplicateProducts()
15:30:23.371 (1563884913)|METHOD_EXIT|[137]|01pg8000001EZwd|OrdemItemHandler.beforeInsert()
15:30:23.371 (1563888629)|STATEMENT_EXECUTE|[158]
15:30:23.371 (1563908726)|METHOD_ENTRY|[158]|01pg80000019iSf|TriggerHandler.andFinally()
15:30:23.371 (1563926479)|VARIABLE_SCOPE_BEGIN|[746]|this|TriggerHandler|true|false
15:30:23.371 (1563976427)|VARIABLE_ASSIGNMENT|[746]|this|{"newRecords":"0x686ebc33","handlerName":"OrderItemHandler","isTriggerExecuting":true,"triggerEvent":"0x3ae96891"}|0x3a2cc7cf
15:30:23.371 (1563991248)|STATEMENT_EXECUTE|[746]
15:30:23.371 (1563993433)|METHOD_EXIT|[158]|01pg80000019iSf|TriggerHandler.andFinally()
15:30:23.371 (1564022728)|STATEMENT_EXECUTE|[160]
15:30:23.371 (1564026516)|STATEMENT_EXECUTE|[176]
15:30:23.371 (1564030052)|METHOD_EXIT|[2]|01pg80000019iSf|TriggerHandler.run()
15:30:23.564 (1564038133)|CUMULATIVE_LIMIT_USAGE
15:30:23.564 (1564038133)|LIMIT_USAGE_FOR_NS|(default)|
  Number of SOQL queries: 11 out of 100
  Number of query rows: 10 out of 50000
  Number of SOSL queries: 0 out of 20
  Number of DML statements: 14 out of 150
  Number of Publish Immediate DML: 0 out of 150
  Number of DML rows: 14 out of 10000
  Maximum CPU time: 96 out of 10000
  Maximum heap size: 0 out of 6000000
  Number of callouts: 0 out of 100
  Number of Email Invocations: 0 out of 10
  Number of future calls: 0 out of 50
  Number of queueable jobs added to the queue: 0 out of 50
  Number of Mobile Apex push calls: 0 out of 10

15:30:23.564 (1564038133)|CUMULATIVE_LIMIT_USAGE_END

15:30:23.371 (1564442233)|CODE_UNIT_FINISHED|OrdemItemTrigger on OrderItem trigger event BeforeInsert|__sfdc_trigger/OrdemItemTrigger
15:30:23.371 (1629783319)|CODE_UNIT_STARTED|[EXTERNAL]|01qg8000000GdOn|OrderTrigger on Order trigger event BeforeUpdate|__sfdc_trigger/OrderTrigger
15:30:23.371 (1629857419)|HEAP_ALLOCATE|[EXTERNAL]|Bytes:8
15:30:23.371 (1629917749)|HEAP_ALLOCATE|[EXTERNAL]|Bytes:8
15:30:23.371 (1630048945)|HEAP_ALLOCATE|[EXTERNAL]|Bytes:4
15:30:23.371 (1630063689)|VARIABLE_SCOPE_BEGIN|[1]|this|OrderTrigger|true|false
15:30:23.371 (1630110354)|VARIABLE_ASSIGNMENT|[1]|this|{}|0x2a3c60ae
15:30:23.371 (1630152847)|HEAP_ALLOCATE|[EXTERNAL]|Bytes:4
15:30:23.371 (1630159473)|VARIABLE_SCOPE_BEGIN|[1]|this|OrderTrigger|true|false
15:30:23.371 (1630168484)|VARIABLE_ASSIGNMENT|[1]|this|{}|0x2a3c60ae
15:30:23.371 (1630177326)|STATEMENT_EXECUTE|[1]
15:30:23.371 (1630179889)|STATEMENT_EXECUTE|[2]
15:30:23.371 (1631554131)|HEAP_ALLOCATE|[2]|Bytes:16
15:30:23.371 (1631641380)|METHOD_ENTRY|[1]|01pg8000001LXzh|OrderHandler.OrderHandler()
15:30:23.371 (1631647505)|STATEMENT_EXECUTE|[1]
15:30:23.371 (1631654232)|STATEMENT_EXECUTE|[1]
15:30:23.371 (1631662234)|METHOD_EXIT|[1]|OrderHandler
15:30:23.371 (1631682355)|HEAP_ALLOCATE|[2]|Bytes:32
15:30:23.371 (1631711620)|CONSTRUCTOR_ENTRY|[2]|01pg8000001LXzh|<init>()|OrderHandler
15:30:23.371 (1631747587)|VARIABLE_SCOPE_BEGIN|[8]|this|OrderHandler|true|false
15:30:23.371 (1631809867)|VARIABLE_ASSIGNMENT|[8]|this|{}|0x7891933c
15:30:23.371 (1631819339)|STATEMENT_EXECUTE|[1]
15:30:23.371 (1631820873)|STATEMENT_EXECUTE|[3]
15:30:23.371 (1631822617)|STATEMENT_EXECUTE|[4]
15:30:23.371 (1631823850)|STATEMENT_EXECUTE|[5]
15:30:23.371 (1631825265)|STATEMENT_EXECUTE|[6]
15:30:23.371 (1631826719)|STATEMENT_EXECUTE|[9]
15:30:23.371 (1631832014)|HEAP_ALLOCATE|[9]|Bytes:12
15:30:23.371 (1631847185)|CONSTRUCTOR_ENTRY|[9]|01pg80000019iSf|<init>(String)|TriggerHandler
15:30:23.371 (1631875670)|VARIABLE_SCOPE_BEGIN|[107]|this|TriggerHandler|true|false
15:30:23.371 (1631887012)|VARIABLE_ASSIGNMENT|[107]|this|{}|0x7891933c
15:30:23.371 (1631890045)|VARIABLE_SCOPE_BEGIN|[107]|handlerName|String|false|false
15:30:23.371 (1631899590)|VARIABLE_ASSIGNMENT|[107]|handlerName|"OrderHandler"
15:30:23.371 (1631903075)|STATEMENT_EXECUTE|[15]
15:30:23.371 (1631904326)|STATEMENT_EXECUTE|[50]
15:30:23.371 (1631905350)|STATEMENT_EXECUTE|[57]
15:30:23.371 (1631906442)|STATEMENT_EXECUTE|[671]
15:30:23.371 (1631928724)|STATEMENT_EXECUTE|[107]
15:30:23.371 (1631929885)|STATEMENT_EXECUTE|[108]
15:30:23.371 (1631934655)|STATEMENT_EXECUTE|[109]
15:30:23.371 (1631944210)|METHOD_ENTRY|[109]|01pg80000019iSf|TriggerHandler.setTriggerContext()
15:30:23.371 (1631949290)|VARIABLE_SCOPE_BEGIN|[565]|this|TriggerHandler|true|false
15:30:23.371 (1631963015)|VARIABLE_ASSIGNMENT|[565]|this|{"handlerName":"OrderHandler"}|0x7891933c
15:30:23.371 (1631979045)|STATEMENT_EXECUTE|[565]
15:30:23.371 (1631980586)|STATEMENT_EXECUTE|[566]
15:30:23.371 (1632044144)|HEAP_ALLOCATE|[566]|Bytes:16
15:30:23.371 (1632057507)|METHOD_ENTRY|[566]|01pg80000019iSf|TriggerHandler.setTriggerContext(System.TriggerOperation, Boolean)
15:30:23.371 (1632060978)|VARIABLE_SCOPE_BEGIN|[582]|this|TriggerHandler|true|false
15:30:23.371 (1632070503)|VARIABLE_ASSIGNMENT|[582]|this|{"handlerName":"OrderHandler"}|0x7891933c
15:30:23.371 (1632073310)|VARIABLE_SCOPE_BEGIN|[582]|opType|System.TriggerOperation|true|false
15:30:23.371 (1632084310)|VARIABLE_ASSIGNMENT|[582]|opType|"BEFORE_UPDATE"|0x2bdd0133
15:30:23.371 (1632091607)|VARIABLE_SCOPE_BEGIN|[582]|testMode|Boolean|false|false
15:30:23.371 (1632098002)|VARIABLE_ASSIGNMENT|[582]|testMode|false
15:30:23.371 (1632102652)|STATEMENT_EXECUTE|[582]
15:30:23.371 (1632110562)|STATEMENT_EXECUTE|[586]
15:30:23.371 (1632111421)|STATEMENT_EXECUTE|[587]
15:30:23.371 (1632113930)|HEAP_ALLOCATE|[587]|Bytes:5
15:30:23.371 (1632118992)|STATEMENT_EXECUTE|[590]
15:30:23.371 (1632119850)|STATEMENT_EXECUTE|[592]
15:30:23.371 (1632130540)|HEAP_ALLOCATE|[592]|Bytes:16
15:30:23.371 (1632136049)|STATEMENT_EXECUTE|[595]
15:30:23.371 (1632147186)|VARIABLE_SCOPE_BEGIN|[595]|context|String|false|false
15:30:23.371 (1632157536)|VARIABLE_ASSIGNMENT|[595]|context|"BEFORE_UPDATE"
15:30:23.371 (1632161006)|STATEMENT_EXECUTE|[597]
15:30:23.371 (1632186449)|HEAP_ALLOCATE|[601]|Bytes:13
15:30:23.371 (1632215297)|STATEMENT_EXECUTE|[601]
15:30:23.371 (1632216420)|STATEMENT_EXECUTE|[602]
15:30:23.371 (1632225653)|METHOD_EXIT|[566]|01pg80000019iSf|TriggerHandler.setTriggerContext(System.TriggerOperation, Boolean)
15:30:23.371 (1632228936)|METHOD_EXIT|[109]|01pg80000019iSf|TriggerHandler.setTriggerContext()
15:30:23.371 (1632236895)|CONSTRUCTOR_EXIT|[9]|01pg80000019iSf|<init>(String)|TriggerHandler
15:30:23.371 (1632240289)|STATEMENT_EXECUTE|[8]
15:30:23.371 (1632241367)|STATEMENT_EXECUTE|[10]
15:30:23.371 (1633192008)|VARIABLE_ASSIGNMENT|[10]|this.newRecords|[{"Status":"Draft","LastModifiedDate":"2026-04-10T18:30:23.000Z","Country__c":"a03g80000084tirAAA","IsDeleted":false,"AccountId":"001g8000009Vj6vAAC","OrderNumber":"00100116","TotalAmount":380385.50,"StatusCode":"Draft","IsReductionOrder":false,"SystemModstamp":"2026-04-10T18:30:24.000Z","City__c":"a05g8000002BdsvAAC","OwnerId":"005g80000010N45AAE","CreatedById":"005g80000010N45AAE","DistributionCenter__c":"a06g8000001gZSDAA2","CreatedDate":"2026-04-10T18:30:23.000Z","Pricebook2Id":"01sg8000000h7xWAAQ","Id":"801g8000009Vj6xAAC","LastModifiedById":"005g80000010N45AAE","State__c":"a04g8000000b4kbAAA","EffectiveDate":"2026-04-10T00:00:00.000Z"}]|0x7891933c
15:30:23.371 (1633208801)|STATEMENT_EXECUTE|[11]
15:30:23.371 (1633716440)|VARIABLE_ASSIGNMENT|[11]|this.oldRecords|[{"Status":"Draft","LastModifiedDate":"2026-04-10T18:30:23.000Z","Country__c":"a03g80000084tirAAA","IsDeleted":false,"AccountId":"001g8000009Vj6vAAC","OrderNumber":"00100116","TotalAmount":0.00,"StatusCode":"Draft","IsReductionOrder":false,"SystemModstamp":"2026-04-10T18:30:23.000Z","City__c":"a05g8000002BdsvAAC","OwnerId":"005g80000010N45AAE","CreatedById":"005g80000010N45AAE","DistributionCenter__c":"a06g8000001gZSDAA2","CreatedDate":"2026-04-10T18:30:23.000Z","Pricebook2Id":"01sg8000000h7xWAAQ","Id":"801g8000009Vj6xAAC","LastModifiedById":"005g80000010N45AAE","State__c":"a04g8000000b4kbAAA","EffectiveDate":"2026-04-10T00:00:00.000Z"}]|0x7891933c
15:30:23.371 (1633730407)|STATEMENT_EXECUTE|[12]
15:30:23.371 (1634120838)|VARIABLE_ASSIGNMENT|[12]|this.newRecordsMap|{"801g8000009Vj6xAAC":{"Status":"Draft","LastModifiedDate":"2026-04-10T18:30:23.000Z","Country__c":"a03g80000084tirAAA","IsDeleted":false,"AccountId":"001g8000009Vj6vAAC","OrderNumber":"00100116","TotalAmount":380385.50,"StatusCode":"Draft","IsReductionOrder":false,"SystemModstamp":"2026-04-10T18:30:24.000Z","City__c":"a05g8000002BdsvAAC","OwnerId":"005g80000010N45AAE","CreatedById":"005g80000010N45AAE","DistributionCenter__c":"a06g8000001gZSDAA2","CreatedDate":"2026-04-10T18:30:23.000Z","Pricebook2Id":"01sg8000000h7xWAAQ","Id":"801g8000009Vj6xAAC","LastModifiedById":"005g80000010N45AAE","State__c":"a04g8000000b4kbAAA","EffectiveDate":"2026-04-10T00:00:00.000Z"}}|0x7891933c
15:30:23.371 (1634130081)|STATEMENT_EXECUTE|[13]
15:30:23.371 (1634489421)|VARIABLE_ASSIGNMENT|[13]|this.oldRecordsMap|{"801g8000009Vj6xAAC":{"Status":"Draft","LastModifiedDate":"2026-04-10T18:30:23.000Z","Country__c":"a03g80000084tirAAA","IsDeleted":false,"AccountId":"001g8000009Vj6vAAC","OrderNumber":"00100116","TotalAmount":0.00,"StatusCode":"Draft","IsReductionOrder":false,"SystemModstamp":"2026-04-10T18:30:23.000Z","City__c":"a05g8000002BdsvAAC","OwnerId":"005g80000010N45AAE","CreatedById":"005g80000010N45AAE","DistributionCenter__c":"a06g8000001gZSDAA2","CreatedDate":"2026-04-10T18:30:23.000Z","Pricebook2Id":"01sg8000000h7xWAAQ","Id":"801g8000009Vj6xAAC","LastModifiedById":"005g80000010N45AAE","State__c":"a04g8000000b4kbAAA","EffectiveDate":"2026-04-10T00:00:00.000Z"}}|0x7891933c
15:30:23.371 (1634507995)|CONSTRUCTOR_EXIT|[2]|01pg8000001LXzh|<init>()|OrderHandler
15:30:23.371 (1634534565)|METHOD_ENTRY|[2]|01pg80000019iSf|TriggerHandler.run()
15:30:23.371 (1634540663)|VARIABLE_SCOPE_BEGIN|[120]|this|TriggerHandler|true|false
15:30:23.371 (1634576735)|VARIABLE_ASSIGNMENT|[120]|this|{"newRecords":"0x7858abcb","newRecordsMap":"0xca4cf8f","oldRecords":"0x6204f190","oldRecordsMap":"0x7db0f72b","handlerName":"OrderHandler","isTriggerExecuting":true,"triggerEvent":"0x2bdd0133"}|0x7891933c
15:30:23.371 (1634590095)|STATEMENT_EXECUTE|[120]
15:30:23.371 (1634594277)|METHOD_ENTRY|[121]|01pg80000019iSf|TriggerHandler.validateRun()
15:30:23.371 (1634597464)|VARIABLE_SCOPE_BEGIN|[661]|this|TriggerHandler|true|false
15:30:23.371 (1634608752)|VARIABLE_ASSIGNMENT|[661]|this|{"newRecords":"0x7858abcb","newRecordsMap":"0xca4cf8f","oldRecords":"0x6204f190","oldRecordsMap":"0x7db0f72b","handlerName":"OrderHandler","isTriggerExecuting":true,"triggerEvent":"0x2bdd0133"}|0x7891933c
15:30:23.371 (1634613716)|STATEMENT_EXECUTE|[661]
15:30:23.371 (1634619351)|STATEMENT_EXECUTE|[662]
15:30:23.371 (1634620483)|STATEMENT_EXECUTE|[665]
15:30:23.371 (1634626100)|METHOD_ENTRY|[665]|01pg80000019iSf|TriggerHandler.getHandlerName()
15:30:23.371 (1634628876)|VARIABLE_SCOPE_BEGIN|[680]|this|TriggerHandler|true|false
15:30:23.371 (1634638431)|VARIABLE_ASSIGNMENT|[680]|this|{"newRecords":"0x7858abcb","newRecordsMap":"0xca4cf8f","oldRecords":"0x6204f190","oldRecordsMap":"0x7db0f72b","handlerName":"OrderHandler","isTriggerExecuting":true,"triggerEvent":"0x2bdd0133"}|0x7891933c
15:30:23.371 (1634643402)|STATEMENT_EXECUTE|[680]
15:30:23.371 (1634663777)|STATEMENT_EXECUTE|[681]
15:30:23.371 (1634664821)|STATEMENT_EXECUTE|[684]
15:30:23.371 (1634668124)|METHOD_EXIT|[665]|01pg80000019iSf|TriggerHandler.getHandlerName()
15:30:23.371 (1634687121)|METHOD_EXIT|[121]|01pg80000019iSf|TriggerHandler.validateRun()
15:30:23.371 (1634689937)|STATEMENT_EXECUTE|[121]
15:30:23.371 (1634692577)|METHOD_ENTRY|[126]|01pg80000019iSf|TriggerHandler.incrementCheckLoopCount()
15:30:23.371 (1634695628)|VARIABLE_SCOPE_BEGIN|[634]|this|TriggerHandler|true|false
15:30:23.371 (1634707291)|VARIABLE_ASSIGNMENT|[634]|this|{"newRecords":"0x7858abcb","newRecordsMap":"0xca4cf8f","oldRecords":"0x6204f190","oldRecordsMap":"0x7db0f72b","handlerName":"OrderHandler","isTriggerExecuting":true,"triggerEvent":"0x2bdd0133"}|0x7891933c
15:30:23.371 (1634714618)|STATEMENT_EXECUTE|[634]
15:30:23.371 (1634715653)|STATEMENT_EXECUTE|[635]
15:30:23.371 (1634718013)|METHOD_ENTRY|[635]|01pg80000019iSf|TriggerHandler.getHandlerName()
15:30:23.371 (1634720397)|VARIABLE_SCOPE_BEGIN|[680]|this|TriggerHandler|true|false
15:30:23.371 (1634729733)|VARIABLE_ASSIGNMENT|[680]|this|{"newRecords":"0x7858abcb","newRecordsMap":"0xca4cf8f","oldRecords":"0x6204f190","oldRecordsMap":"0x7db0f72b","handlerName":"OrderHandler","isTriggerExecuting":true,"triggerEvent":"0x2bdd0133"}|0x7891933c
15:30:23.371 (1634733651)|STATEMENT_EXECUTE|[680]
15:30:23.371 (1634740540)|STATEMENT_EXECUTE|[681]
15:30:23.371 (1634741448)|STATEMENT_EXECUTE|[684]
15:30:23.371 (1634743119)|METHOD_EXIT|[635]|01pg80000019iSf|TriggerHandler.getHandlerName()
15:30:23.371 (1634746268)|VARIABLE_SCOPE_BEGIN|[635]|handlerName|String|false|false
15:30:23.371 (1634752976)|VARIABLE_ASSIGNMENT|[635]|handlerName|"OrderHandler"
15:30:23.371 (1634763555)|STATEMENT_EXECUTE|[636]
15:30:23.371 (1634764639)|STATEMENT_EXECUTE|[649]
15:30:23.371 (1634766323)|METHOD_EXIT|[126]|01pg80000019iSf|TriggerHandler.incrementCheckLoopCount()
15:30:23.371 (1634769057)|STATEMENT_EXECUTE|[126]
15:30:23.371 (1634771027)|STATEMENT_EXECUTE|[130]
15:30:23.371 (1634772216)|STATEMENT_EXECUTE|[135]
15:30:23.371 (1634846686)|STATEMENT_EXECUTE|[139]
15:30:23.371 (1634847758)|STATEMENT_EXECUTE|[140]
15:30:23.371 (1634857335)|METHOD_ENTRY|[140]|01pg8000001LXzh|OrderHandler.beforeUpdate()
15:30:23.371 (1634869009)|VARIABLE_SCOPE_BEGIN|[16]|this|OrderHandler|true|false
15:30:23.371 (1634881076)|VARIABLE_ASSIGNMENT|[16]|this|{"newRecords":"0x7858abcb","newRecordsMap":"0xca4cf8f","oldRecords":"0x6204f190","oldRecordsMap":"0x7db0f72b","handlerName":"OrderHandler","isTriggerExecuting":true,"triggerEvent":"0x2bdd0133"}|0x7891933c
15:30:23.371 (1634887001)|STATEMENT_EXECUTE|[16]
15:30:23.371 (1634888063)|STATEMENT_EXECUTE|[17]
15:30:23.371 (1634892202)|METHOD_ENTRY|[17]|01pg8000001LXzh|OrderHandler.checkActiveOrder()
15:30:23.371 (1634899333)|VARIABLE_SCOPE_BEGIN|[30]|this|OrderHandler|true|false
15:30:23.371 (1634908701)|VARIABLE_ASSIGNMENT|[30]|this|{"newRecords":"0x7858abcb","newRecordsMap":"0xca4cf8f","oldRecords":"0x6204f190","oldRecordsMap":"0x7db0f72b","handlerName":"OrderHandler","isTriggerExecuting":true,"triggerEvent":"0x2bdd0133"}|0x7891933c
15:30:23.371 (1634913904)|STATEMENT_EXECUTE|[30]
15:30:23.371 (1634914871)|STATEMENT_EXECUTE|[31]
15:30:23.371 (1634919774)|VARIABLE_SCOPE_BEGIN|[31]|listaParaValidar|List<Order>|true|false
15:30:23.371 (1634925016)|VARIABLE_ASSIGNMENT|[31]|listaParaValidar|null|
15:30:23.371 (1634933106)|STATEMENT_EXECUTE|[35]
15:30:23.371 (1634934123)|STATEMENT_EXECUTE|[36]
15:30:23.371 (1635380391)|VARIABLE_ASSIGNMENT|[36]|listaParaValidar|[{"Status":"Draft","LastModifiedDate":"2026-04-10T18:30:23.000Z","Country__c":"a03g80000084tirAAA","IsDeleted":false,"AccountId":"001g8000009Vj6vAAC","OrderNumber":"00100116","TotalAmount":380385.50,"StatusCode":"Draft","IsReductionOrder":false,"SystemModstamp":"2026-04-10T18:30:24.000Z","City__c":"a05g8000002BdsvAAC","OwnerId":"005g80000010N45AAE","CreatedById":"005g80000010N45AAE","DistributionCenter__c":"a06g8000001gZSDAA2","CreatedDate":"2026-04-10T18:30:23.000Z","Pricebook2Id":"01sg8000000h7xWAAQ","Id":"801g8000009Vj6xAAC","LastModifiedById":"005g80000010N45AAE","State__c":"a04g8000000b4kbAAA","EffectiveDate":"2026-04-10T00:00:00.000Z"}]|0x7858abcb
15:30:23.371 (1635441188)|HEAP_ALLOCATE|[40]|Bytes:5
15:30:23.371 (1635459176)|HEAP_ALLOCATE|[40]|Bytes:4
15:30:23.371 (1635469615)|VARIABLE_SCOPE_BEGIN|[40]|pedido|Order|true|false
15:30:23.371 (1635841403)|VARIABLE_ASSIGNMENT|[40]|pedido|{"Status":"Draft","LastModifiedDate":"2026-04-10T18:30:23.000Z","Country__c":"a03g80000084tirAAA","IsDeleted":false,"AccountId":"001g8000009Vj6vAAC","OrderNumber":"00100116","TotalAmount":380385.50,"StatusCode":"Draft","IsReductionOrder":false,"SystemModstamp":"2026-04-10T18:30:24.000Z","City__c":"a05g8000002BdsvAAC","OwnerId":"005g80000010N45AAE","CreatedById":"005g80000010N45AAE","DistributionCenter__c":"a06g8000001gZSDAA2","CreatedDate":"2026-04-10T18:30:23.000Z","Pricebook2Id":"01sg8000000h7xWAAQ","Id":"801g8000009Vj6xAAC","LastModifiedById":"005g80000010N45AAE","State__c":"a04g8000000b4kbAAA","EffectiveDate":"2026-04-10T00:00:00.000Z"}|0x55c73d50
15:30:23.371 (1635850363)|STATEMENT_EXECUTE|[40]
15:30:23.371 (1635851655)|STATEMENT_EXECUTE|[42]
15:30:23.371 (1635894558)|VARIABLE_SCOPE_BEGIN|[42]|pedidoAntigo|Order|true|false
15:30:23.371 (1636234209)|VARIABLE_ASSIGNMENT|[42]|pedidoAntigo|{"Status":"Draft","LastModifiedDate":"2026-04-10T18:30:23.000Z","Country__c":"a03g80000084tirAAA","IsDeleted":false,"AccountId":"001g8000009Vj6vAAC","OrderNumber":"00100116","TotalAmount":0.00,"StatusCode":"Draft","IsReductionOrder":false,"SystemModstamp":"2026-04-10T18:30:23.000Z","City__c":"a05g8000002BdsvAAC","OwnerId":"005g80000010N45AAE","CreatedById":"005g80000010N45AAE","DistributionCenter__c":"a06g8000001gZSDAA2","CreatedDate":"2026-04-10T18:30:23.000Z","Pricebook2Id":"01sg8000000h7xWAAQ","Id":"801g8000009Vj6xAAC","LastModifiedById":"005g80000010N45AAE","State__c":"a04g8000000b4kbAAA","EffectiveDate":"2026-04-10T00:00:00.000Z"}|0x4d397478
15:30:23.371 (1636241946)|STATEMENT_EXECUTE|[45]
15:30:23.371 (1636247955)|VARIABLE_SCOPE_BEGIN|[45]|validacaoStatus|String|false|false
15:30:23.371 (1636253328)|VARIABLE_ASSIGNMENT|[45]|validacaoStatus|"Draft"
15:30:23.371 (1636290704)|STATEMENT_EXECUTE|[47]
15:30:23.371 (1636301778)|HEAP_ALLOCATE|[40]|Bytes:5
15:30:23.371 (1636311397)|VARIABLE_ASSIGNMENT|[40]|pedido|null|
15:30:23.371 (1636317947)|METHOD_EXIT|[17]|01pg8000001LXzh|OrderHandler.checkActiveOrder()
15:30:23.371 (1636321596)|METHOD_EXIT|[140]|01pg8000001LXzh|OrderHandler.beforeUpdate()
15:30:23.371 (1636324443)|STATEMENT_EXECUTE|[158]
15:30:23.371 (1636329676)|METHOD_ENTRY|[158]|01pg80000019iSf|TriggerHandler.andFinally()
15:30:23.371 (1636333331)|VARIABLE_SCOPE_BEGIN|[746]|this|TriggerHandler|true|false
15:30:23.371 (1636365696)|VARIABLE_ASSIGNMENT|[746]|this|{"newRecords":"0x7858abcb","newRecordsMap":"0xca4cf8f","oldRecords":"0x6204f190","oldRecordsMap":"0x7db0f72b","handlerName":"OrderHandler","isTriggerExecuting":true,"triggerEvent":"0x2bdd0133"}|0x7891933c
15:30:23.371 (1636375396)|STATEMENT_EXECUTE|[746]
15:30:23.371 (1636377207)|METHOD_EXIT|[158]|01pg80000019iSf|TriggerHandler.andFinally()
15:30:23.371 (1636380503)|STATEMENT_EXECUTE|[160]
15:30:23.371 (1636382856)|STATEMENT_EXECUTE|[176]
15:30:23.371 (1636384928)|METHOD_EXIT|[2]|01pg80000019iSf|TriggerHandler.run()
15:30:23.636 (1636390920)|CUMULATIVE_LIMIT_USAGE
15:30:23.636 (1636390920)|LIMIT_USAGE_FOR_NS|(default)|
  Number of SOQL queries: 11 out of 100
  Number of query rows: 10 out of 50000
  Number of SOSL queries: 0 out of 20
  Number of DML statements: 14 out of 150
  Number of Publish Immediate DML: 0 out of 150
  Number of DML rows: 14 out of 10000
  Maximum CPU time: 96 out of 10000
  Maximum heap size: 0 out of 6000000
  Number of callouts: 0 out of 100
  Number of Email Invocations: 0 out of 10
  Number of future calls: 0 out of 50
  Number of queueable jobs added to the queue: 0 out of 50
  Number of Mobile Apex push calls: 0 out of 10

15:30:23.636 (1636390920)|CUMULATIVE_LIMIT_USAGE_END

15:30:23.371 (1636569667)|CODE_UNIT_FINISHED|OrderTrigger on Order trigger event BeforeUpdate|__sfdc_trigger/OrderTrigger
15:30:23.371 (1638366497)|CODE_UNIT_STARTED|[EXTERNAL]|Validation:Order:801g8000009Vj6x
15:30:23.371 (1638382826)|VALIDATION_RULE|03dg8000000aS4D|Bloquear_Alteracao_Conta_Pedido
15:30:23.371 (1638520396)|VALIDATION_FORMULA|ISCHANGED(AccountId) && NOT(ISNEW())|AccountId=001g8000009Vj6v
15:30:23.371 (1638525561)|VALIDATION_PASS
15:30:23.371 (1638529926)|CODE_UNIT_FINISHED|Validation:Order:801g8000009Vj6x
15:30:23.371 (1652236269)|CODE_UNIT_STARTED|[EXTERNAL]|01qg8000000GdOn|OrderTrigger on Order trigger event AfterUpdate|__sfdc_trigger/OrderTrigger
15:30:23.371 (1652377699)|HEAP_ALLOCATE|[EXTERNAL]|Bytes:8
15:30:23.371 (1652446353)|HEAP_ALLOCATE|[EXTERNAL]|Bytes:8
15:30:23.371 (1652525696)|HEAP_ALLOCATE|[EXTERNAL]|Bytes:4
15:30:23.371 (1652537784)|VARIABLE_SCOPE_BEGIN|[1]|this|OrderTrigger|true|false
15:30:23.371 (1652575909)|VARIABLE_ASSIGNMENT|[1]|this|{}|0x13a6c392
15:30:23.371 (1652605276)|HEAP_ALLOCATE|[EXTERNAL]|Bytes:4
15:30:23.371 (1652610756)|VARIABLE_SCOPE_BEGIN|[1]|this|OrderTrigger|true|false
15:30:23.371 (1652616467)|VARIABLE_ASSIGNMENT|[1]|this|{}|0x13a6c392
15:30:23.371 (1652623296)|STATEMENT_EXECUTE|[1]
15:30:23.371 (1652624524)|STATEMENT_EXECUTE|[2]
15:30:23.371 (1652629140)|HEAP_ALLOCATE|[2]|Bytes:32
15:30:23.371 (1652648791)|CONSTRUCTOR_ENTRY|[2]|01pg8000001LXzh|<init>()|OrderHandler
15:30:23.371 (1652656499)|VARIABLE_SCOPE_BEGIN|[8]|this|OrderHandler|true|false
15:30:23.371 (1652680571)|VARIABLE_ASSIGNMENT|[8]|this|{}|0x66896820
15:30:23.371 (1652684608)|STATEMENT_EXECUTE|[1]
15:30:23.371 (1652685697)|STATEMENT_EXECUTE|[3]
15:30:23.371 (1652686720)|STATEMENT_EXECUTE|[4]
15:30:23.371 (1652687723)|STATEMENT_EXECUTE|[5]
15:30:23.371 (1652688791)|STATEMENT_EXECUTE|[6]
15:30:23.371 (1652689769)|STATEMENT_EXECUTE|[9]
15:30:23.371 (1652705430)|CONSTRUCTOR_ENTRY|[9]|01pg80000019iSf|<init>(String)|TriggerHandler
15:30:23.371 (1652709296)|VARIABLE_SCOPE_BEGIN|[107]|this|TriggerHandler|true|false
15:30:23.371 (1652716674)|VARIABLE_ASSIGNMENT|[107]|this|{}|0x66896820
15:30:23.371 (1652719639)|VARIABLE_SCOPE_BEGIN|[107]|handlerName|String|false|false
15:30:23.371 (1652728826)|VARIABLE_ASSIGNMENT|[107]|handlerName|"OrderHandler"
15:30:23.371 (1652731946)|STATEMENT_EXECUTE|[15]
15:30:23.371 (1652733154)|STATEMENT_EXECUTE|[50]
15:30:23.371 (1652734409)|STATEMENT_EXECUTE|[57]
15:30:23.371 (1652735542)|STATEMENT_EXECUTE|[671]
15:30:23.371 (1652755996)|STATEMENT_EXECUTE|[107]
15:30:23.371 (1652757009)|STATEMENT_EXECUTE|[108]
15:30:23.371 (1652761848)|STATEMENT_EXECUTE|[109]
15:30:23.371 (1652769063)|METHOD_ENTRY|[109]|01pg80000019iSf|TriggerHandler.setTriggerContext()
15:30:23.371 (1652772546)|VARIABLE_SCOPE_BEGIN|[565]|this|TriggerHandler|true|false
15:30:23.371 (1652781467)|VARIABLE_ASSIGNMENT|[565]|this|{"handlerName":"OrderHandler"}|0x66896820
15:30:23.371 (1652793353)|STATEMENT_EXECUTE|[565]
15:30:23.371 (1652794419)|STATEMENT_EXECUTE|[566]
15:30:23.371 (1652860755)|HEAP_ALLOCATE|[566]|Bytes:16
15:30:23.371 (1652872199)|METHOD_ENTRY|[566]|01pg80000019iSf|TriggerHandler.setTriggerContext(System.TriggerOperation, Boolean)
15:30:23.371 (1652875586)|VARIABLE_SCOPE_BEGIN|[582]|this|TriggerHandler|true|false
15:30:23.371 (1652885389)|VARIABLE_ASSIGNMENT|[582]|this|{"handlerName":"OrderHandler"}|0x66896820
15:30:23.371 (1652888320)|VARIABLE_SCOPE_BEGIN|[582]|opType|System.TriggerOperation|true|false
15:30:23.371 (1652898507)|VARIABLE_ASSIGNMENT|[582]|opType|"AFTER_UPDATE"|0x5663ff11
15:30:23.371 (1652904790)|VARIABLE_SCOPE_BEGIN|[582]|testMode|Boolean|false|false
15:30:23.371 (1652910999)|VARIABLE_ASSIGNMENT|[582]|testMode|false
15:30:23.371 (1652915559)|STATEMENT_EXECUTE|[582]
15:30:23.371 (1652923194)|STATEMENT_EXECUTE|[586]
15:30:23.371 (1652924095)|STATEMENT_EXECUTE|[587]
15:30:23.371 (1652927083)|HEAP_ALLOCATE|[587]|Bytes:5
15:30:23.371 (1652932143)|STATEMENT_EXECUTE|[590]
15:30:23.371 (1652933008)|STATEMENT_EXECUTE|[592]
15:30:23.371 (1652944015)|HEAP_ALLOCATE|[592]|Bytes:16
15:30:23.371 (1652948514)|STATEMENT_EXECUTE|[595]
15:30:23.371 (1652956600)|VARIABLE_SCOPE_BEGIN|[595]|context|String|false|false
15:30:23.371 (1652963669)|VARIABLE_ASSIGNMENT|[595]|context|"AFTER_UPDATE"
15:30:23.371 (1652965709)|STATEMENT_EXECUTE|[597]
15:30:23.371 (1652994054)|HEAP_ALLOCATE|[604]|Bytes:13
15:30:23.371 (1653027042)|HEAP_ALLOCATE|[607]|Bytes:12
15:30:23.371 (1653038019)|HEAP_ALLOCATE|[610]|Bytes:12
15:30:23.371 (1653046766)|STATEMENT_EXECUTE|[610]
15:30:23.371 (1653047759)|STATEMENT_EXECUTE|[611]
15:30:23.371 (1653055201)|METHOD_EXIT|[566]|01pg80000019iSf|TriggerHandler.setTriggerContext(System.TriggerOperation, Boolean)
15:30:23.371 (1653058291)|METHOD_EXIT|[109]|01pg80000019iSf|TriggerHandler.setTriggerContext()
15:30:23.371 (1653065000)|CONSTRUCTOR_EXIT|[9]|01pg80000019iSf|<init>(String)|TriggerHandler
15:30:23.371 (1653068261)|STATEMENT_EXECUTE|[8]
15:30:23.371 (1653069456)|STATEMENT_EXECUTE|[10]
15:30:23.371 (1653795319)|VARIABLE_ASSIGNMENT|[10]|this.newRecords|[{"Status":"Draft","LastModifiedDate":"2026-04-10T18:30:24.000Z","Country__c":"a03g80000084tirAAA","IsDeleted":false,"AccountId":"001g8000009Vj6vAAC","OrderNumber":"00100116","TotalAmount":380385.50,"StatusCode":"Draft","IsReductionOrder":false,"SystemModstamp":"2026-04-10T18:30:24.000Z","City__c":"a05g8000002BdsvAAC","OwnerId":"005g80000010N45AAE","CreatedById":"005g80000010N45AAE","DistributionCenter__c":"a06g8000001gZSDAA2","CreatedDate":"2026-04-10T18:30:23.000Z","Pricebook2Id":"01sg8000000h7xWAAQ","Id":"801g8000009Vj6xAAC","LastModifiedById":"005g80000010N45AAE","State__c":"a04g8000000b4kbAAA","EffectiveDate":"2026-04-10T00:00:00.000Z"}]|0x66896820
15:30:23.371 (1653812402)|STATEMENT_EXECUTE|[11]
15:30:23.371 (1654354669)|VARIABLE_ASSIGNMENT|[11]|this.oldRecords|[{"Status":"Draft","LastModifiedDate":"2026-04-10T18:30:23.000Z","Country__c":"a03g80000084tirAAA","IsDeleted":false,"AccountId":"001g8000009Vj6vAAC","OrderNumber":"00100116","TotalAmount":0.00,"StatusCode":"Draft","IsReductionOrder":false,"SystemModstamp":"2026-04-10T18:30:23.000Z","City__c":"a05g8000002BdsvAAC","OwnerId":"005g80000010N45AAE","CreatedById":"005g80000010N45AAE","DistributionCenter__c":"a06g8000001gZSDAA2","CreatedDate":"2026-04-10T18:30:23.000Z","Pricebook2Id":"01sg8000000h7xWAAQ","Id":"801g8000009Vj6xAAC","LastModifiedById":"005g80000010N45AAE","State__c":"a04g8000000b4kbAAA","EffectiveDate":"2026-04-10T00:00:00.000Z"}]|0x66896820
15:30:23.371 (1654366413)|STATEMENT_EXECUTE|[12]
15:30:23.371 (1654839407)|VARIABLE_ASSIGNMENT|[12]|this.newRecordsMap|{"801g8000009Vj6xAAC":{"Status":"Draft","LastModifiedDate":"2026-04-10T18:30:24.000Z","Country__c":"a03g80000084tirAAA","IsDeleted":false,"AccountId":"001g8000009Vj6vAAC","OrderNumber":"00100116","TotalAmount":380385.50,"StatusCode":"Draft","IsReductionOrder":false,"SystemModstamp":"2026-04-10T18:30:24.000Z","City__c":"a05g8000002BdsvAAC","OwnerId":"005g80000010N45AAE","CreatedById":"005g80000010N45AAE","DistributionCenter__c":"a06g8000001gZSDAA2","CreatedDate":"2026-04-10T18:30:23.000Z","Pricebook2Id":"01sg8000000h7xWAAQ","Id":"801g8000009Vj6xAAC","LastModifiedById":"005g80000010N45AAE","State__c":"a04g8000000b4kbAAA","EffectiveDate":"2026-04-10T00:00:00.000Z"}}|0x66896820
15:30:23.371 (1654849100)|STATEMENT_EXECUTE|[13]
15:30:23.371 (1655257715)|VARIABLE_ASSIGNMENT|[13]|this.oldRecordsMap|{"801g8000009Vj6xAAC":{"Status":"Draft","LastModifiedDate":"2026-04-10T18:30:23.000Z","Country__c":"a03g80000084tirAAA","IsDeleted":false,"AccountId":"001g8000009Vj6vAAC","OrderNumber":"00100116","TotalAmount":0.00,"StatusCode":"Draft","IsReductionOrder":false,"SystemModstamp":"2026-04-10T18:30:23.000Z","City__c":"a05g8000002BdsvAAC","OwnerId":"005g80000010N45AAE","CreatedById":"005g80000010N45AAE","DistributionCenter__c":"a06g8000001gZSDAA2","CreatedDate":"2026-04-10T18:30:23.000Z","Pricebook2Id":"01sg8000000h7xWAAQ","Id":"801g8000009Vj6xAAC","LastModifiedById":"005g80000010N45AAE","State__c":"a04g8000000b4kbAAA","EffectiveDate":"2026-04-10T00:00:00.000Z"}}|0x66896820
15:30:23.371 (1655279858)|CONSTRUCTOR_EXIT|[2]|01pg8000001LXzh|<init>()|OrderHandler
15:30:23.371 (1655292416)|METHOD_ENTRY|[2]|01pg80000019iSf|TriggerHandler.run()
15:30:23.371 (1655300062)|VARIABLE_SCOPE_BEGIN|[120]|this|TriggerHandler|true|false
15:30:23.371 (1655353359)|VARIABLE_ASSIGNMENT|[120]|this|{"newRecords":"0x29e5c080","newRecordsMap":"0x48075f4","oldRecords":"0x4711307e","oldRecordsMap":"0x1af0dc1a","handlerName":"OrderHandler","isTriggerExecuting":true,"triggerEvent":"0x5663ff11"}|0x66896820
15:30:23.371 (1655368642)|STATEMENT_EXECUTE|[120]
15:30:23.371 (1655374532)|METHOD_ENTRY|[121]|01pg80000019iSf|TriggerHandler.validateRun()
15:30:23.371 (1655379692)|VARIABLE_SCOPE_BEGIN|[661]|this|TriggerHandler|true|false
15:30:23.371 (1655397145)|VARIABLE_ASSIGNMENT|[661]|this|{"newRecords":"0x29e5c080","newRecordsMap":"0x48075f4","oldRecords":"0x4711307e","oldRecordsMap":"0x1af0dc1a","handlerName":"OrderHandler","isTriggerExecuting":true,"triggerEvent":"0x5663ff11"}|0x66896820
15:30:23.371 (1655402687)|STATEMENT_EXECUTE|[661]
15:30:23.371 (1655408737)|STATEMENT_EXECUTE|[662]
15:30:23.371 (1655410002)|STATEMENT_EXECUTE|[665]
15:30:23.371 (1655414725)|METHOD_ENTRY|[665]|01pg80000019iSf|TriggerHandler.getHandlerName()
15:30:23.371 (1655418055)|VARIABLE_SCOPE_BEGIN|[680]|this|TriggerHandler|true|false
15:30:23.371 (1655432854)|VARIABLE_ASSIGNMENT|[680]|this|{"newRecords":"0x29e5c080","newRecordsMap":"0x48075f4","oldRecords":"0x4711307e","oldRecordsMap":"0x1af0dc1a","handlerName":"OrderHandler","isTriggerExecuting":true,"triggerEvent":"0x5663ff11"}|0x66896820
15:30:23.371 (1655439940)|STATEMENT_EXECUTE|[680]
15:30:23.371 (1655461095)|STATEMENT_EXECUTE|[681]
15:30:23.371 (1655462236)|STATEMENT_EXECUTE|[684]
15:30:23.371 (1655465360)|METHOD_EXIT|[665]|01pg80000019iSf|TriggerHandler.getHandlerName()
15:30:23.371 (1655484197)|METHOD_EXIT|[121]|01pg80000019iSf|TriggerHandler.validateRun()
15:30:23.371 (1655487380)|STATEMENT_EXECUTE|[121]
15:30:23.371 (1655490297)|METHOD_ENTRY|[126]|01pg80000019iSf|TriggerHandler.incrementCheckLoopCount()
15:30:23.371 (1655493313)|VARIABLE_SCOPE_BEGIN|[634]|this|TriggerHandler|true|false
15:30:23.371 (1655503405)|VARIABLE_ASSIGNMENT|[634]|this|{"newRecords":"0x29e5c080","newRecordsMap":"0x48075f4","oldRecords":"0x4711307e","oldRecordsMap":"0x1af0dc1a","handlerName":"OrderHandler","isTriggerExecuting":true,"triggerEvent":"0x5663ff11"}|0x66896820
15:30:23.371 (1655509582)|STATEMENT_EXECUTE|[634]
15:30:23.371 (1655510896)|STATEMENT_EXECUTE|[635]
15:30:23.371 (1655514048)|METHOD_ENTRY|[635]|01pg80000019iSf|TriggerHandler.getHandlerName()
15:30:23.371 (1655517456)|VARIABLE_SCOPE_BEGIN|[680]|this|TriggerHandler|true|false
15:30:23.371 (1655529827)|VARIABLE_ASSIGNMENT|[680]|this|{"newRecords":"0x29e5c080","newRecordsMap":"0x48075f4","oldRecords":"0x4711307e","oldRecordsMap":"0x1af0dc1a","handlerName":"OrderHandler","isTriggerExecuting":true,"triggerEvent":"0x5663ff11"}|0x66896820
15:30:23.371 (1655535709)|STATEMENT_EXECUTE|[680]
15:30:23.371 (1655544750)|STATEMENT_EXECUTE|[681]
15:30:23.371 (1655545865)|STATEMENT_EXECUTE|[684]
15:30:23.371 (1655548191)|METHOD_EXIT|[635]|01pg80000019iSf|TriggerHandler.getHandlerName()
15:30:23.371 (1655552140)|VARIABLE_SCOPE_BEGIN|[635]|handlerName|String|false|false
15:30:23.371 (1655560277)|VARIABLE_ASSIGNMENT|[635]|handlerName|"OrderHandler"
15:30:23.371 (1655574315)|STATEMENT_EXECUTE|[636]
15:30:23.371 (1655575690)|STATEMENT_EXECUTE|[649]
15:30:23.371 (1655578933)|METHOD_EXIT|[126]|01pg80000019iSf|TriggerHandler.incrementCheckLoopCount()
15:30:23.371 (1655581888)|STATEMENT_EXECUTE|[126]
15:30:23.371 (1655584430)|STATEMENT_EXECUTE|[130]
15:30:23.371 (1655585560)|STATEMENT_EXECUTE|[135]
15:30:23.371 (1655683618)|STATEMENT_EXECUTE|[148]
15:30:23.371 (1655684738)|STATEMENT_EXECUTE|[149]
15:30:23.371 (1655699081)|METHOD_ENTRY|[149]|01pg8000001LXzh|OrderHandler.afterUpdate()
15:30:23.371 (1655711748)|VARIABLE_SCOPE_BEGIN|[20]|this|OrderHandler|true|false
15:30:23.371 (1655723981)|VARIABLE_ASSIGNMENT|[20]|this|{"newRecords":"0x29e5c080","newRecordsMap":"0x48075f4","oldRecords":"0x4711307e","oldRecordsMap":"0x1af0dc1a","handlerName":"OrderHandler","isTriggerExecuting":true,"triggerEvent":"0x5663ff11"}|0x66896820
15:30:23.371 (1655730640)|STATEMENT_EXECUTE|[20]
15:30:23.371 (1655731585)|STATEMENT_EXECUTE|[21]
15:30:23.371 (1655737530)|METHOD_ENTRY|[21]|01pg8000001LXzh|OrderHandler.checkActiveOrder()
15:30:23.371 (1655743292)|VARIABLE_SCOPE_BEGIN|[30]|this|OrderHandler|true|false
15:30:23.371 (1655752265)|VARIABLE_ASSIGNMENT|[30]|this|{"newRecords":"0x29e5c080","newRecordsMap":"0x48075f4","oldRecords":"0x4711307e","oldRecordsMap":"0x1af0dc1a","handlerName":"OrderHandler","isTriggerExecuting":true,"triggerEvent":"0x5663ff11"}|0x66896820
15:30:23.371 (1655757220)|STATEMENT_EXECUTE|[30]
15:30:23.371 (1655758337)|STATEMENT_EXECUTE|[31]
15:30:23.371 (1655761269)|VARIABLE_SCOPE_BEGIN|[31]|listaParaValidar|List<Order>|true|false
15:30:23.371 (1655766931)|VARIABLE_ASSIGNMENT|[31]|listaParaValidar|null|
15:30:23.371 (1655774787)|STATEMENT_EXECUTE|[35]
15:30:23.371 (1655776008)|STATEMENT_EXECUTE|[36]
15:30:23.371 (1656253920)|VARIABLE_ASSIGNMENT|[36]|listaParaValidar|[{"Status":"Draft","LastModifiedDate":"2026-04-10T18:30:24.000Z","Country__c":"a03g80000084tirAAA","IsDeleted":false,"AccountId":"001g8000009Vj6vAAC","OrderNumber":"00100116","TotalAmount":380385.50,"StatusCode":"Draft","IsReductionOrder":false,"SystemModstamp":"2026-04-10T18:30:24.000Z","City__c":"a05g8000002BdsvAAC","OwnerId":"005g80000010N45AAE","CreatedById":"005g80000010N45AAE","DistributionCenter__c":"a06g8000001gZSDAA2","CreatedDate":"2026-04-10T18:30:23.000Z","Pricebook2Id":"01sg8000000h7xWAAQ","Id":"801g8000009Vj6xAAC","LastModifiedById":"005g80000010N45AAE","State__c":"a04g8000000b4kbAAA","EffectiveDate":"2026-04-10T00:00:00.000Z"}]|0x29e5c080
15:30:23.371 (1656351810)|HEAP_ALLOCATE|[40]|Bytes:5
15:30:23.371 (1656380442)|VARIABLE_SCOPE_BEGIN|[40]|pedido|Order|true|false
15:30:23.371 (1656829610)|VARIABLE_ASSIGNMENT|[40]|pedido|{"Status":"Draft","LastModifiedDate":"2026-04-10T18:30:24.000Z","Country__c":"a03g80000084tirAAA","IsDeleted":false,"AccountId":"001g8000009Vj6vAAC","OrderNumber":"00100116","TotalAmount":380385.50,"StatusCode":"Draft","IsReductionOrder":false,"SystemModstamp":"2026-04-10T18:30:24.000Z","City__c":"a05g8000002BdsvAAC","OwnerId":"005g80000010N45AAE","CreatedById":"005g80000010N45AAE","DistributionCenter__c":"a06g8000001gZSDAA2","CreatedDate":"2026-04-10T18:30:23.000Z","Pricebook2Id":"01sg8000000h7xWAAQ","Id":"801g8000009Vj6xAAC","LastModifiedById":"005g80000010N45AAE","State__c":"a04g8000000b4kbAAA","EffectiveDate":"2026-04-10T00:00:00.000Z"}|0x1abe1797
15:30:23.371 (1656841755)|STATEMENT_EXECUTE|[40]
15:30:23.371 (1656842854)|STATEMENT_EXECUTE|[42]
15:30:23.371 (1656872098)|VARIABLE_SCOPE_BEGIN|[42]|pedidoAntigo|Order|true|false
15:30:23.371 (1657257677)|VARIABLE_ASSIGNMENT|[42]|pedidoAntigo|{"Status":"Draft","LastModifiedDate":"2026-04-10T18:30:23.000Z","Country__c":"a03g80000084tirAAA","IsDeleted":false,"AccountId":"001g8000009Vj6vAAC","OrderNumber":"00100116","TotalAmount":0.00,"StatusCode":"Draft","IsReductionOrder":false,"SystemModstamp":"2026-04-10T18:30:23.000Z","City__c":"a05g8000002BdsvAAC","OwnerId":"005g80000010N45AAE","CreatedById":"005g80000010N45AAE","DistributionCenter__c":"a06g8000001gZSDAA2","CreatedDate":"2026-04-10T18:30:23.000Z","Pricebook2Id":"01sg8000000h7xWAAQ","Id":"801g8000009Vj6xAAC","LastModifiedById":"005g80000010N45AAE","State__c":"a04g8000000b4kbAAA","EffectiveDate":"2026-04-10T00:00:00.000Z"}|0x5462467e
15:30:23.371 (1657267228)|STATEMENT_EXECUTE|[45]
15:30:23.371 (1657274033)|VARIABLE_SCOPE_BEGIN|[45]|validacaoStatus|String|false|false
15:30:23.371 (1657279756)|VARIABLE_ASSIGNMENT|[45]|validacaoStatus|"Draft"
15:30:23.371 (1657294007)|STATEMENT_EXECUTE|[47]
15:30:23.371 (1657304732)|HEAP_ALLOCATE|[40]|Bytes:5
15:30:23.371 (1657313065)|VARIABLE_ASSIGNMENT|[40]|pedido|null|
15:30:23.371 (1657319660)|METHOD_EXIT|[21]|01pg8000001LXzh|OrderHandler.checkActiveOrder()
15:30:23.371 (1657322820)|STATEMENT_EXECUTE|[22]
15:30:23.371 (1657331175)|METHOD_ENTRY|[22]|01pg8000001LXzh|OrderHandler.itemsRecalculation()
15:30:23.371 (1657359300)|VARIABLE_SCOPE_BEGIN|[54]|this|OrderHandler|true|false
15:30:23.371 (1657399807)|VARIABLE_ASSIGNMENT|[54]|this|{"newRecords":"0x29e5c080","newRecordsMap":"0x48075f4","oldRecords":"0x4711307e","oldRecordsMap":"0x1af0dc1a","handlerName":"OrderHandler","isTriggerExecuting":true,"triggerEvent":"0x5663ff11"}|0x66896820
15:30:23.371 (1657414078)|STATEMENT_EXECUTE|[54]
15:30:23.371 (1657415948)|STATEMENT_EXECUTE|[55]
15:30:23.371 (1657431278)|HEAP_ALLOCATE|[55]|Bytes:4
15:30:23.371 (1657462315)|VARIABLE_SCOPE_BEGIN|[55]|ordersToRecalculate|Set<Id>|true|false
15:30:23.371 (1657490922)|VARIABLE_ASSIGNMENT|[55]|ordersToRecalculate|[]|0x62227123
15:30:23.371 (1657518790)|HEAP_ALLOCATE|[57]|Bytes:5
15:30:23.371 (1657529767)|VARIABLE_SCOPE_BEGIN|[57]|pedido|Order|true|false
15:30:23.371 (1658030741)|VARIABLE_ASSIGNMENT|[57]|pedido|{"Status":"Draft","LastModifiedDate":"2026-04-10T18:30:24.000Z","Country__c":"a03g80000084tirAAA","IsDeleted":false,"AccountId":"001g8000009Vj6vAAC","OrderNumber":"00100116","TotalAmount":380385.50,"StatusCode":"Draft","IsReductionOrder":false,"SystemModstamp":"2026-04-10T18:30:24.000Z","City__c":"a05g8000002BdsvAAC","OwnerId":"005g80000010N45AAE","CreatedById":"005g80000010N45AAE","DistributionCenter__c":"a06g8000001gZSDAA2","CreatedDate":"2026-04-10T18:30:23.000Z","Pricebook2Id":"01sg8000000h7xWAAQ","Id":"801g8000009Vj6xAAC","LastModifiedById":"005g80000010N45AAE","State__c":"a04g8000000b4kbAAA","EffectiveDate":"2026-04-10T00:00:00.000Z"}|0x1abe1797
15:30:23.371 (1658042851)|STATEMENT_EXECUTE|[57]
15:30:23.371 (1658044188)|STATEMENT_EXECUTE|[58]
15:30:23.371 (1658088077)|VARIABLE_SCOPE_BEGIN|[58]|pedidoAntigo|Order|true|false
15:30:23.371 (1658439347)|VARIABLE_ASSIGNMENT|[58]|pedidoAntigo|{"Status":"Draft","LastModifiedDate":"2026-04-10T18:30:23.000Z","Country__c":"a03g80000084tirAAA","IsDeleted":false,"AccountId":"001g8000009Vj6vAAC","OrderNumber":"00100116","TotalAmount":0.00,"StatusCode":"Draft","IsReductionOrder":false,"SystemModstamp":"2026-04-10T18:30:23.000Z","City__c":"a05g8000002BdsvAAC","OwnerId":"005g80000010N45AAE","CreatedById":"005g80000010N45AAE","DistributionCenter__c":"a06g8000001gZSDAA2","CreatedDate":"2026-04-10T18:30:23.000Z","Pricebook2Id":"01sg8000000h7xWAAQ","Id":"801g8000009Vj6xAAC","LastModifiedById":"005g80000010N45AAE","State__c":"a04g8000000b4kbAAA","EffectiveDate":"2026-04-10T00:00:00.000Z"}|0x5462467e
15:30:23.371 (1658519739)|STATEMENT_EXECUTE|[60]
15:30:23.371 (1658529872)|HEAP_ALLOCATE|[57]|Bytes:5
15:30:23.371 (1658539111)|VARIABLE_ASSIGNMENT|[57]|pedido|null|
15:30:23.371 (1658556522)|STATEMENT_EXECUTE|[67]
15:30:23.371 (1658560443)|METHOD_EXIT|[22]|01pg8000001LXzh|OrderHandler.itemsRecalculation()
15:30:23.371 (1658564820)|METHOD_EXIT|[149]|01pg8000001LXzh|OrderHandler.afterUpdate()
15:30:23.371 (1658567720)|STATEMENT_EXECUTE|[158]
15:30:23.371 (1658572565)|METHOD_ENTRY|[158]|01pg80000019iSf|TriggerHandler.andFinally()
15:30:23.371 (1658576065)|VARIABLE_SCOPE_BEGIN|[746]|this|TriggerHandler|true|false
15:30:23.371 (1658609535)|VARIABLE_ASSIGNMENT|[746]|this|{"newRecords":"0x29e5c080","newRecordsMap":"0x48075f4","oldRecords":"0x4711307e","oldRecordsMap":"0x1af0dc1a","handlerName":"OrderHandler","isTriggerExecuting":true,"triggerEvent":"0x5663ff11"}|0x66896820
15:30:23.371 (1658619222)|STATEMENT_EXECUTE|[746]
15:30:23.371 (1658621045)|METHOD_EXIT|[158]|01pg80000019iSf|TriggerHandler.andFinally()
15:30:23.371 (1658624137)|STATEMENT_EXECUTE|[160]
15:30:23.371 (1658626480)|STATEMENT_EXECUTE|[176]
15:30:23.371 (1658628565)|METHOD_EXIT|[2]|01pg80000019iSf|TriggerHandler.run()
15:30:23.658 (1658634562)|CUMULATIVE_LIMIT_USAGE
15:30:23.658 (1658634562)|LIMIT_USAGE_FOR_NS|(default)|
  Number of SOQL queries: 11 out of 100
  Number of query rows: 10 out of 50000
  Number of SOSL queries: 0 out of 20
  Number of DML statements: 14 out of 150
  Number of Publish Immediate DML: 0 out of 150
  Number of DML rows: 14 out of 10000
  Maximum CPU time: 96 out of 10000
  Maximum heap size: 0 out of 6000000
  Number of callouts: 0 out of 100
  Number of Email Invocations: 0 out of 10
  Number of future calls: 0 out of 50
  Number of queueable jobs added to the queue: 0 out of 50
  Number of Mobile Apex push calls: 0 out of 10

15:30:23.658 (1658634562)|CUMULATIVE_LIMIT_USAGE_END

15:30:23.371 (1658797773)|CODE_UNIT_FINISHED|OrderTrigger on Order trigger event AfterUpdate|__sfdc_trigger/OrderTrigger
15:30:23.371 (1662073591)|DML_END|[198]
15:30:23.371 (1662446765)|STATEMENT_EXECUTE|[200]
15:30:23.371 (1662451923)|HEAP_ALLOCATE|[200]|Bytes:9
15:30:23.371 (1662545375)|HEAP_ALLOCATE|[200]|Bytes:-4
15:30:23.371 (1662597471)|VARIABLE_ASSIGNMENT|[200]|this.Status|"Activated"|0x4487a243
15:30:23.371 (1662601996)|STATEMENT_EXECUTE|[201]
15:30:23.371 (1662644371)|HEAP_ALLOCATE|[201]|Bytes:8
15:30:23.371 (1662654775)|DML_BEGIN|[201]|Op:Update|Type:Order|Rows:1
15:30:23.371 (1662686572)|HEAP_ALLOCATE|[EXTERNAL]|Bytes:8
15:30:23.371 (1673593953)|CODE_UNIT_STARTED|[EXTERNAL]|01qg8000000GdOn|OrderTrigger on Order trigger event BeforeUpdate|__sfdc_trigger/OrderTrigger
15:30:23.371 (1673667188)|HEAP_ALLOCATE|[EXTERNAL]|Bytes:8
15:30:23.371 (1673715339)|HEAP_ALLOCATE|[EXTERNAL]|Bytes:8
15:30:23.371 (1673771654)|HEAP_ALLOCATE|[EXTERNAL]|Bytes:4
15:30:23.371 (1673780404)|VARIABLE_SCOPE_BEGIN|[1]|this|OrderTrigger|true|false
15:30:23.371 (1673806178)|VARIABLE_ASSIGNMENT|[1]|this|{}|0x3ab3656c
15:30:23.371 (1673830081)|HEAP_ALLOCATE|[EXTERNAL]|Bytes:4
15:30:23.371 (1673834504)|VARIABLE_SCOPE_BEGIN|[1]|this|OrderTrigger|true|false
15:30:23.371 (1673840329)|VARIABLE_ASSIGNMENT|[1]|this|{}|0x3ab3656c
15:30:23.371 (1673845512)|STATEMENT_EXECUTE|[1]
15:30:23.371 (1673847127)|STATEMENT_EXECUTE|[2]
15:30:23.371 (1673850426)|HEAP_ALLOCATE|[2]|Bytes:32
15:30:23.371 (1673866010)|CONSTRUCTOR_ENTRY|[2]|01pg8000001LXzh|<init>()|OrderHandler
15:30:23.371 (1673872205)|VARIABLE_SCOPE_BEGIN|[8]|this|OrderHandler|true|false
15:30:23.371 (1673890595)|VARIABLE_ASSIGNMENT|[8]|this|{}|0x4f528dc9
15:30:23.371 (1673894347)|STATEMENT_EXECUTE|[1]
15:30:23.371 (1673895460)|STATEMENT_EXECUTE|[3]
15:30:23.371 (1673896419)|STATEMENT_EXECUTE|[4]
15:30:23.371 (1673897541)|STATEMENT_EXECUTE|[5]
15:30:23.371 (1673898590)|STATEMENT_EXECUTE|[6]
15:30:23.371 (1673899456)|STATEMENT_EXECUTE|[9]
15:30:23.371 (1673911779)|CONSTRUCTOR_ENTRY|[9]|01pg80000019iSf|<init>(String)|TriggerHandler
15:30:23.371 (1673915532)|VARIABLE_SCOPE_BEGIN|[107]|this|TriggerHandler|true|false
15:30:23.371 (1673922934)|VARIABLE_ASSIGNMENT|[107]|this|{}|0x4f528dc9
15:30:23.371 (1673926114)|VARIABLE_SCOPE_BEGIN|[107]|handlerName|String|false|false
15:30:23.371 (1673932953)|VARIABLE_ASSIGNMENT|[107]|handlerName|"OrderHandler"
15:30:23.371 (1673935939)|STATEMENT_EXECUTE|[15]
15:30:23.371 (1673937074)|STATEMENT_EXECUTE|[50]
15:30:23.371 (1673938180)|STATEMENT_EXECUTE|[57]
15:30:23.371 (1673939242)|STATEMENT_EXECUTE|[671]
15:30:23.371 (1673957514)|STATEMENT_EXECUTE|[107]
15:30:23.371 (1673958479)|STATEMENT_EXECUTE|[108]
15:30:23.371 (1673962054)|STATEMENT_EXECUTE|[109]
15:30:23.371 (1673967389)|METHOD_ENTRY|[109]|01pg80000019iSf|TriggerHandler.setTriggerContext()
15:30:23.371 (1673971200)|VARIABLE_SCOPE_BEGIN|[565]|this|TriggerHandler|true|false
15:30:23.371 (1673980251)|VARIABLE_ASSIGNMENT|[565]|this|{"handlerName":"OrderHandler"}|0x4f528dc9
15:30:23.371 (1673989019)|STATEMENT_EXECUTE|[565]
15:30:23.371 (1673990052)|STATEMENT_EXECUTE|[566]
15:30:23.371 (1674049355)|HEAP_ALLOCATE|[566]|Bytes:16
15:30:23.371 (1674062402)|METHOD_ENTRY|[566]|01pg80000019iSf|TriggerHandler.setTriggerContext(System.TriggerOperation, Boolean)
15:30:23.371 (1674065809)|VARIABLE_SCOPE_BEGIN|[582]|this|TriggerHandler|true|false
15:30:23.371 (1674074869)|VARIABLE_ASSIGNMENT|[582]|this|{"handlerName":"OrderHandler"}|0x4f528dc9
15:30:23.371 (1674078237)|VARIABLE_SCOPE_BEGIN|[582]|opType|System.TriggerOperation|true|false
15:30:23.371 (1674088703)|VARIABLE_ASSIGNMENT|[582]|opType|"BEFORE_UPDATE"|0x2bdd0133
15:30:23.371 (1674094059)|VARIABLE_SCOPE_BEGIN|[582]|testMode|Boolean|false|false
15:30:23.371 (1674099912)|VARIABLE_ASSIGNMENT|[582]|testMode|false
15:30:23.371 (1674106313)|STATEMENT_EXECUTE|[582]
15:30:23.371 (1674113885)|STATEMENT_EXECUTE|[586]
15:30:23.371 (1674114746)|STATEMENT_EXECUTE|[587]
15:30:23.371 (1674117439)|HEAP_ALLOCATE|[587]|Bytes:5
15:30:23.371 (1674122294)|STATEMENT_EXECUTE|[590]
15:30:23.371 (1674123239)|STATEMENT_EXECUTE|[592]
15:30:23.371 (1674134449)|HEAP_ALLOCATE|[592]|Bytes:16
15:30:23.371 (1674138842)|STATEMENT_EXECUTE|[595]
15:30:23.371 (1674147251)|VARIABLE_SCOPE_BEGIN|[595]|context|String|false|false
15:30:23.371 (1674154087)|VARIABLE_ASSIGNMENT|[595]|context|"BEFORE_UPDATE"
15:30:23.371 (1674156192)|STATEMENT_EXECUTE|[597]
15:30:23.371 (1674182990)|STATEMENT_EXECUTE|[601]
15:30:23.371 (1674184259)|STATEMENT_EXECUTE|[602]
15:30:23.371 (1674189106)|METHOD_EXIT|[566]|01pg80000019iSf|TriggerHandler.setTriggerContext(System.TriggerOperation, Boolean)
15:30:23.371 (1674194273)|METHOD_EXIT|[109]|01pg80000019iSf|TriggerHandler.setTriggerContext()
15:30:23.371 (1674204048)|CONSTRUCTOR_EXIT|[9]|01pg80000019iSf|<init>(String)|TriggerHandler
15:30:23.371 (1674386506)|STATEMENT_EXECUTE|[8]
15:30:23.371 (1674387789)|STATEMENT_EXECUTE|[10]
15:30:23.371 (1675012143)|VARIABLE_ASSIGNMENT|[10]|this.newRecords|[{"Status":"Activated","LastModifiedDate":"2026-04-10T18:30:24.000Z","Country__c":"a03g80000084tirAAA","IsDeleted":false,"AccountId":"001g8000009Vj6vAAC","OrderNumber":"00100116","TotalAmount":380385.50,"StatusCode":"Activated","IsReductionOrder":false,"SystemModstamp":"2026-04-10T18:30:24.000Z","City__c":"a05g8000002BdsvAAC","OwnerId":"005g80000010N45AAE","CreatedById":"005g80000010N45AAE","DistributionCenter__c":"a06g8000001gZSDAA2","CreatedDate":"2026-04-10T18:30:23.000Z","Pricebook2Id":"01sg8000000h7xWAAQ","Id":"801g8000009Vj6xAAC","LastModifiedById":"005g80000010N45AAE","State__c":"a04g8000000b4kbAAA","EffectiveDate":"2026-04-10T00:00:00.000Z"}]|0x4f528dc9
15:30:23.371 (1675023054)|STATEMENT_EXECUTE|[11]
15:30:23.371 (1675509056)|VARIABLE_ASSIGNMENT|[11]|this.oldRecords|[{"Status":"Draft","LastModifiedDate":"2026-04-10T18:30:24.000Z","Country__c":"a03g80000084tirAAA","IsDeleted":false,"AccountId":"001g8000009Vj6vAAC","OrderNumber":"00100116","TotalAmount":380385.50,"StatusCode":"Draft","IsReductionOrder":false,"SystemModstamp":"2026-04-10T18:30:24.000Z","City__c":"a05g8000002BdsvAAC","OwnerId":"005g80000010N45AAE","CreatedById":"005g80000010N45AAE","DistributionCenter__c":"a06g8000001gZSDAA2","CreatedDate":"2026-04-10T18:30:23.000Z","Pricebook2Id":"01sg8000000h7xWAAQ","Id":"801g8000009Vj6xAAC","LastModifiedById":"005g80000010N45AAE","State__c":"a04g8000000b4kbAAA","EffectiveDate":"2026-04-10T00:00:00.000Z"}]|0x4f528dc9
15:30:23.371 (1675518270)|STATEMENT_EXECUTE|[12]
15:30:23.371 (1675907225)|VARIABLE_ASSIGNMENT|[12]|this.newRecordsMap|{"801g8000009Vj6xAAC":{"Status":"Activated","LastModifiedDate":"2026-04-10T18:30:24.000Z","Country__c":"a03g80000084tirAAA","IsDeleted":false,"AccountId":"001g8000009Vj6vAAC","OrderNumber":"00100116","TotalAmount":380385.50,"StatusCode":"Activated","IsReductionOrder":false,"SystemModstamp":"2026-04-10T18:30:24.000Z","City__c":"a05g8000002BdsvAAC","OwnerId":"005g80000010N45AAE","CreatedById":"005g80000010N45AAE","DistributionCenter__c":"a06g8000001gZSDAA2","CreatedDate":"2026-04-10T18:30:23.000Z","Pricebook2Id":"01sg8000000h7xWAAQ","Id":"801g8000009Vj6xAAC","LastModifiedById":"005g80000010N45AAE","State__c":"a04g8000000b4kbAAA","EffectiveDate":"2026-04-10T00:00:00.000Z"}}|0x4f528dc9
15:30:23.371 (1675915686)|STATEMENT_EXECUTE|[13]
15:30:23.371 (1676519733)|VARIABLE_ASSIGNMENT|[13]|this.oldRecordsMap|{"801g8000009Vj6xAAC":{"Status":"Draft","LastModifiedDate":"2026-04-10T18:30:24.000Z","Country__c":"a03g80000084tirAAA","IsDeleted":false,"AccountId":"001g8000009Vj6vAAC","OrderNumber":"00100116","TotalAmount":380385.50,"StatusCode":"Draft","IsReductionOrder":false,"SystemModstamp":"2026-04-10T18:30:24.000Z","City__c":"a05g8000002BdsvAAC","OwnerId":"005g80000010N45AAE","CreatedById":"005g80000010N45AAE","DistributionCenter__c":"a06g8000001gZSDAA2","CreatedDate":"2026-04-10T18:30:23.000Z","Pricebook2Id":"01sg8000000h7xWAAQ","Id":"801g8000009Vj6xAAC","LastModifiedById":"005g80000010N45AAE","State__c":"a04g8000000b4kbAAA","EffectiveDate":"2026-04-10T00:00:00.000Z"}}|0x4f528dc9
15:30:23.371 (1676543096)|CONSTRUCTOR_EXIT|[2]|01pg8000001LXzh|<init>()|OrderHandler
15:30:23.371 (1676552543)|METHOD_ENTRY|[2]|01pg80000019iSf|TriggerHandler.run()
15:30:23.371 (1676559418)|VARIABLE_SCOPE_BEGIN|[120]|this|TriggerHandler|true|false
15:30:23.371 (1676595792)|VARIABLE_ASSIGNMENT|[120]|this|{"newRecords":"0x34806d13","newRecordsMap":"0x740a8e1f","oldRecords":"0x55b31df7","oldRecordsMap":"0xe54ee4d","handlerName":"OrderHandler","isTriggerExecuting":true,"triggerEvent":"0x2bdd0133"}|0x4f528dc9
15:30:23.371 (1676606784)|STATEMENT_EXECUTE|[120]
15:30:23.371 (1676611086)|METHOD_ENTRY|[121]|01pg80000019iSf|TriggerHandler.validateRun()
15:30:23.371 (1676614179)|VARIABLE_SCOPE_BEGIN|[661]|this|TriggerHandler|true|false
15:30:23.371 (1676624570)|VARIABLE_ASSIGNMENT|[661]|this|{"newRecords":"0x34806d13","newRecordsMap":"0x740a8e1f","oldRecords":"0x55b31df7","oldRecordsMap":"0xe54ee4d","handlerName":"OrderHandler","isTriggerExecuting":true,"triggerEvent":"0x2bdd0133"}|0x4f528dc9
15:30:23.371 (1676629644)|STATEMENT_EXECUTE|[661]
15:30:23.371 (1676635076)|STATEMENT_EXECUTE|[662]
15:30:23.371 (1676636317)|STATEMENT_EXECUTE|[665]
15:30:23.371 (1676640798)|METHOD_ENTRY|[665]|01pg80000019iSf|TriggerHandler.getHandlerName()
15:30:23.371 (1676643789)|VARIABLE_SCOPE_BEGIN|[680]|this|TriggerHandler|true|false
15:30:23.371 (1676652419)|VARIABLE_ASSIGNMENT|[680]|this|{"newRecords":"0x34806d13","newRecordsMap":"0x740a8e1f","oldRecords":"0x55b31df7","oldRecordsMap":"0xe54ee4d","handlerName":"OrderHandler","isTriggerExecuting":true,"triggerEvent":"0x2bdd0133"}|0x4f528dc9
15:30:23.371 (1676656879)|STATEMENT_EXECUTE|[680]
15:30:23.371 (1676676247)|STATEMENT_EXECUTE|[681]
15:30:23.371 (1676677284)|STATEMENT_EXECUTE|[684]
15:30:23.371 (1676680195)|METHOD_EXIT|[665]|01pg80000019iSf|TriggerHandler.getHandlerName()
15:30:23.371 (1676696101)|METHOD_EXIT|[121]|01pg80000019iSf|TriggerHandler.validateRun()
15:30:23.371 (1676699099)|STATEMENT_EXECUTE|[121]
15:30:23.371 (1676701622)|METHOD_ENTRY|[126]|01pg80000019iSf|TriggerHandler.incrementCheckLoopCount()
15:30:23.371 (1676704527)|VARIABLE_SCOPE_BEGIN|[634]|this|TriggerHandler|true|false
15:30:23.371 (1676713951)|VARIABLE_ASSIGNMENT|[634]|this|{"newRecords":"0x34806d13","newRecordsMap":"0x740a8e1f","oldRecords":"0x55b31df7","oldRecordsMap":"0xe54ee4d","handlerName":"OrderHandler","isTriggerExecuting":true,"triggerEvent":"0x2bdd0133"}|0x4f528dc9
15:30:23.371 (1676718974)|STATEMENT_EXECUTE|[634]
15:30:23.371 (1676719964)|STATEMENT_EXECUTE|[635]
15:30:23.371 (1676722188)|METHOD_ENTRY|[635]|01pg80000019iSf|TriggerHandler.getHandlerName()
15:30:23.371 (1676724379)|VARIABLE_SCOPE_BEGIN|[680]|this|TriggerHandler|true|false
15:30:23.371 (1676732498)|VARIABLE_ASSIGNMENT|[680]|this|{"newRecords":"0x34806d13","newRecordsMap":"0x740a8e1f","oldRecords":"0x55b31df7","oldRecordsMap":"0xe54ee4d","handlerName":"OrderHandler","isTriggerExecuting":true,"triggerEvent":"0x2bdd0133"}|0x4f528dc9
15:30:23.371 (1676736249)|STATEMENT_EXECUTE|[680]
15:30:23.371 (1676742419)|STATEMENT_EXECUTE|[681]
15:30:23.371 (1676743339)|STATEMENT_EXECUTE|[684]
15:30:23.371 (1676744864)|METHOD_EXIT|[635]|01pg80000019iSf|TriggerHandler.getHandlerName()
15:30:23.371 (1676747774)|VARIABLE_SCOPE_BEGIN|[635]|handlerName|String|false|false
15:30:23.371 (1676753641)|VARIABLE_ASSIGNMENT|[635]|handlerName|"OrderHandler"
15:30:23.371 (1676763979)|STATEMENT_EXECUTE|[636]
15:30:23.371 (1676764919)|STATEMENT_EXECUTE|[649]
15:30:23.371 (1676766638)|METHOD_EXIT|[126]|01pg80000019iSf|TriggerHandler.incrementCheckLoopCount()
15:30:23.371 (1676769339)|STATEMENT_EXECUTE|[126]
15:30:23.371 (1676771447)|STATEMENT_EXECUTE|[130]
15:30:23.371 (1676772582)|STATEMENT_EXECUTE|[135]
15:30:23.371 (1676814726)|STATEMENT_EXECUTE|[139]
15:30:23.371 (1676815935)|STATEMENT_EXECUTE|[140]
15:30:23.371 (1676818586)|METHOD_ENTRY|[140]|01pg8000001LXzh|OrderHandler.beforeUpdate()
15:30:23.371 (1676821332)|VARIABLE_SCOPE_BEGIN|[16]|this|OrderHandler|true|false
15:30:23.371 (1676831445)|VARIABLE_ASSIGNMENT|[16]|this|{"newRecords":"0x34806d13","newRecordsMap":"0x740a8e1f","oldRecords":"0x55b31df7","oldRecordsMap":"0xe54ee4d","handlerName":"OrderHandler","isTriggerExecuting":true,"triggerEvent":"0x2bdd0133"}|0x4f528dc9
15:30:23.371 (1676836256)|STATEMENT_EXECUTE|[16]
15:30:23.371 (1676837499)|STATEMENT_EXECUTE|[17]
15:30:23.371 (1676840151)|METHOD_ENTRY|[17]|01pg8000001LXzh|OrderHandler.checkActiveOrder()
15:30:23.371 (1676842948)|VARIABLE_SCOPE_BEGIN|[30]|this|OrderHandler|true|false
15:30:23.371 (1676851679)|VARIABLE_ASSIGNMENT|[30]|this|{"newRecords":"0x34806d13","newRecordsMap":"0x740a8e1f","oldRecords":"0x55b31df7","oldRecordsMap":"0xe54ee4d","handlerName":"OrderHandler","isTriggerExecuting":true,"triggerEvent":"0x2bdd0133"}|0x4f528dc9
15:30:23.371 (1676856289)|STATEMENT_EXECUTE|[30]
15:30:23.371 (1676857431)|STATEMENT_EXECUTE|[31]
15:30:23.371 (1676860162)|VARIABLE_SCOPE_BEGIN|[31]|listaParaValidar|List<Order>|true|false
15:30:23.371 (1676865284)|VARIABLE_ASSIGNMENT|[31]|listaParaValidar|null|
15:30:23.371 (1676872754)|STATEMENT_EXECUTE|[35]
15:30:23.371 (1676873817)|STATEMENT_EXECUTE|[36]
15:30:23.371 (1677381979)|VARIABLE_ASSIGNMENT|[36]|listaParaValidar|[{"Status":"Activated","LastModifiedDate":"2026-04-10T18:30:24.000Z","Country__c":"a03g80000084tirAAA","IsDeleted":false,"AccountId":"001g8000009Vj6vAAC","OrderNumber":"00100116","TotalAmount":380385.50,"StatusCode":"Activated","IsReductionOrder":false,"SystemModstamp":"2026-04-10T18:30:24.000Z","City__c":"a05g8000002BdsvAAC","OwnerId":"005g80000010N45AAE","CreatedById":"005g80000010N45AAE","DistributionCenter__c":"a06g8000001gZSDAA2","CreatedDate":"2026-04-10T18:30:23.000Z","Pricebook2Id":"01sg8000000h7xWAAQ","Id":"801g8000009Vj6xAAC","LastModifiedById":"005g80000010N45AAE","State__c":"a04g8000000b4kbAAA","EffectiveDate":"2026-04-10T00:00:00.000Z"}]|0x34806d13
15:30:23.371 (1677418456)|HEAP_ALLOCATE|[40]|Bytes:5
15:30:23.371 (1677433584)|HEAP_ALLOCATE|[40]|Bytes:4
15:30:23.371 (1677442199)|VARIABLE_SCOPE_BEGIN|[40]|pedido|Order|true|false
15:30:23.371 (1677835414)|VARIABLE_ASSIGNMENT|[40]|pedido|{"Status":"Activated","LastModifiedDate":"2026-04-10T18:30:24.000Z","Country__c":"a03g80000084tirAAA","IsDeleted":false,"AccountId":"001g8000009Vj6vAAC","OrderNumber":"00100116","TotalAmount":380385.50,"StatusCode":"Activated","IsReductionOrder":false,"SystemModstamp":"2026-04-10T18:30:24.000Z","City__c":"a05g8000002BdsvAAC","OwnerId":"005g80000010N45AAE","CreatedById":"005g80000010N45AAE","DistributionCenter__c":"a06g8000001gZSDAA2","CreatedDate":"2026-04-10T18:30:23.000Z","Pricebook2Id":"01sg8000000h7xWAAQ","Id":"801g8000009Vj6xAAC","LastModifiedById":"005g80000010N45AAE","State__c":"a04g8000000b4kbAAA","EffectiveDate":"2026-04-10T00:00:00.000Z"}|0x390be261
15:30:23.371 (1677844421)|STATEMENT_EXECUTE|[40]
15:30:23.371 (1677845789)|STATEMENT_EXECUTE|[42]
15:30:23.371 (1677869437)|VARIABLE_SCOPE_BEGIN|[42]|pedidoAntigo|Order|true|false
15:30:23.371 (1678278171)|VARIABLE_ASSIGNMENT|[42]|pedidoAntigo|{"Status":"Draft","LastModifiedDate":"2026-04-10T18:30:24.000Z","Country__c":"a03g80000084tirAAA","IsDeleted":false,"AccountId":"001g8000009Vj6vAAC","OrderNumber":"00100116","TotalAmount":380385.50,"StatusCode":"Draft","IsReductionOrder":false,"SystemModstamp":"2026-04-10T18:30:24.000Z","City__c":"a05g8000002BdsvAAC","OwnerId":"005g80000010N45AAE","CreatedById":"005g80000010N45AAE","DistributionCenter__c":"a06g8000001gZSDAA2","CreatedDate":"2026-04-10T18:30:23.000Z","Pricebook2Id":"01sg8000000h7xWAAQ","Id":"801g8000009Vj6xAAC","LastModifiedById":"005g80000010N45AAE","State__c":"a04g8000000b4kbAAA","EffectiveDate":"2026-04-10T00:00:00.000Z"}|0x1951e929
15:30:23.371 (1678290921)|STATEMENT_EXECUTE|[45]
15:30:23.371 (1678300929)|VARIABLE_SCOPE_BEGIN|[45]|validacaoStatus|String|false|false
15:30:23.371 (1678308402)|VARIABLE_ASSIGNMENT|[45]|validacaoStatus|"Draft"
15:30:23.371 (1678325263)|STATEMENT_EXECUTE|[47]
15:30:23.371 (1678335640)|HEAP_ALLOCATE|[40]|Bytes:5
15:30:23.371 (1678359637)|VARIABLE_ASSIGNMENT|[40]|pedido|null|
15:30:23.371 (1678366634)|METHOD_EXIT|[17]|01pg8000001LXzh|OrderHandler.checkActiveOrder()
15:30:23.371 (1678370355)|METHOD_EXIT|[140]|01pg8000001LXzh|OrderHandler.beforeUpdate()
15:30:23.371 (1678373385)|STATEMENT_EXECUTE|[158]
15:30:23.371 (1678378367)|METHOD_ENTRY|[158]|01pg80000019iSf|TriggerHandler.andFinally()
15:30:23.371 (1678382227)|VARIABLE_SCOPE_BEGIN|[746]|this|TriggerHandler|true|false
15:30:23.371 (1678410656)|VARIABLE_ASSIGNMENT|[746]|this|{"newRecords":"0x34806d13","newRecordsMap":"0x740a8e1f","oldRecords":"0x55b31df7","oldRecordsMap":"0xe54ee4d","handlerName":"OrderHandler","isTriggerExecuting":true,"triggerEvent":"0x2bdd0133"}|0x4f528dc9
15:30:23.371 (1678420204)|STATEMENT_EXECUTE|[746]
15:30:23.371 (1678421842)|METHOD_EXIT|[158]|01pg80000019iSf|TriggerHandler.andFinally()
15:30:23.371 (1678425294)|STATEMENT_EXECUTE|[160]
15:30:23.371 (1678427534)|STATEMENT_EXECUTE|[176]
15:30:23.371 (1678429790)|METHOD_EXIT|[2]|01pg80000019iSf|TriggerHandler.run()
15:30:23.678 (1678436015)|CUMULATIVE_LIMIT_USAGE
15:30:23.678 (1678436015)|LIMIT_USAGE_FOR_NS|(default)|
  Number of SOQL queries: 11 out of 100
  Number of query rows: 10 out of 50000
  Number of SOSL queries: 0 out of 20
  Number of DML statements: 15 out of 150
  Number of Publish Immediate DML: 0 out of 150
  Number of DML rows: 15 out of 10000
  Maximum CPU time: 96 out of 10000
  Maximum heap size: 0 out of 6000000
  Number of callouts: 0 out of 100
  Number of Email Invocations: 0 out of 10
  Number of future calls: 0 out of 50
  Number of queueable jobs added to the queue: 0 out of 50
  Number of Mobile Apex push calls: 0 out of 10

15:30:23.678 (1678436015)|CUMULATIVE_LIMIT_USAGE_END

15:30:23.371 (1678590515)|CODE_UNIT_FINISHED|OrderTrigger on Order trigger event BeforeUpdate|__sfdc_trigger/OrderTrigger
15:30:23.371 (1682000349)|CODE_UNIT_STARTED|[EXTERNAL]|Validation:Order:801g8000009Vj6x
15:30:23.371 (1682016115)|VALIDATION_RULE|03dg8000000aS4D|Bloquear_Alteracao_Conta_Pedido
15:30:23.371 (1682159660)|VALIDATION_FORMULA|ISCHANGED(AccountId) && NOT(ISNEW())|AccountId=001g8000009Vj6v
15:30:23.371 (1682164442)|VALIDATION_PASS
15:30:23.371 (1682168679)|CODE_UNIT_FINISHED|Validation:Order:801g8000009Vj6x
15:30:23.371 (1693166575)|CODE_UNIT_STARTED|[EXTERNAL]|01qg8000000GdOn|OrderTrigger on Order trigger event AfterUpdate|__sfdc_trigger/OrderTrigger
15:30:23.371 (1693220618)|HEAP_ALLOCATE|[EXTERNAL]|Bytes:8
15:30:23.371 (1693277545)|HEAP_ALLOCATE|[EXTERNAL]|Bytes:8
15:30:23.371 (1693341346)|HEAP_ALLOCATE|[EXTERNAL]|Bytes:4
15:30:23.371 (1693349656)|VARIABLE_SCOPE_BEGIN|[1]|this|OrderTrigger|true|false
15:30:23.371 (1693376918)|VARIABLE_ASSIGNMENT|[1]|this|{}|0x717c42d3
15:30:23.371 (1693403266)|HEAP_ALLOCATE|[EXTERNAL]|Bytes:4
15:30:23.371 (1693407628)|VARIABLE_SCOPE_BEGIN|[1]|this|OrderTrigger|true|false
15:30:23.371 (1693414846)|VARIABLE_ASSIGNMENT|[1]|this|{}|0x717c42d3
15:30:23.371 (1693421983)|STATEMENT_EXECUTE|[1]
15:30:23.371 (1693423451)|STATEMENT_EXECUTE|[2]
15:30:23.371 (1693428176)|HEAP_ALLOCATE|[2]|Bytes:32
15:30:23.371 (1693444756)|CONSTRUCTOR_ENTRY|[2]|01pg8000001LXzh|<init>()|OrderHandler
15:30:23.371 (1693453533)|VARIABLE_SCOPE_BEGIN|[8]|this|OrderHandler|true|false
15:30:23.371 (1693477038)|VARIABLE_ASSIGNMENT|[8]|this|{}|0x2f7bdf1c
15:30:23.371 (1693481525)|STATEMENT_EXECUTE|[1]
15:30:23.371 (1693483073)|STATEMENT_EXECUTE|[3]
15:30:23.371 (1693484405)|STATEMENT_EXECUTE|[4]
15:30:23.371 (1693486004)|STATEMENT_EXECUTE|[5]
15:30:23.371 (1693487372)|STATEMENT_EXECUTE|[6]
15:30:23.371 (1693488522)|STATEMENT_EXECUTE|[9]
15:30:23.371 (1693502738)|CONSTRUCTOR_ENTRY|[9]|01pg80000019iSf|<init>(String)|TriggerHandler
15:30:23.371 (1693509488)|VARIABLE_SCOPE_BEGIN|[107]|this|TriggerHandler|true|false
15:30:23.371 (1693517434)|VARIABLE_ASSIGNMENT|[107]|this|{}|0x2f7bdf1c
15:30:23.371 (1693520358)|VARIABLE_SCOPE_BEGIN|[107]|handlerName|String|false|false
15:30:23.371 (1693527982)|VARIABLE_ASSIGNMENT|[107]|handlerName|"OrderHandler"
15:30:23.371 (1693530924)|STATEMENT_EXECUTE|[15]
15:30:23.371 (1693531950)|STATEMENT_EXECUTE|[50]
15:30:23.371 (1693533128)|STATEMENT_EXECUTE|[57]
15:30:23.371 (1693534166)|STATEMENT_EXECUTE|[671]
15:30:23.371 (1693553438)|STATEMENT_EXECUTE|[107]
15:30:23.371 (1693554493)|STATEMENT_EXECUTE|[108]
15:30:23.371 (1693559073)|STATEMENT_EXECUTE|[109]
15:30:23.371 (1693565578)|METHOD_ENTRY|[109]|01pg80000019iSf|TriggerHandler.setTriggerContext()
15:30:23.371 (1693571065)|VARIABLE_SCOPE_BEGIN|[565]|this|TriggerHandler|true|false
15:30:23.371 (1693584121)|VARIABLE_ASSIGNMENT|[565]|this|{"handlerName":"OrderHandler"}|0x2f7bdf1c
15:30:23.371 (1693594151)|STATEMENT_EXECUTE|[565]
15:30:23.371 (1693595313)|STATEMENT_EXECUTE|[566]
15:30:23.371 (1693649775)|HEAP_ALLOCATE|[566]|Bytes:16
15:30:23.371 (1693659129)|METHOD_ENTRY|[566]|01pg80000019iSf|TriggerHandler.setTriggerContext(System.TriggerOperation, Boolean)
15:30:23.371 (1693662493)|VARIABLE_SCOPE_BEGIN|[582]|this|TriggerHandler|true|false
15:30:23.371 (1693670965)|VARIABLE_ASSIGNMENT|[582]|this|{"handlerName":"OrderHandler"}|0x2f7bdf1c
15:30:23.371 (1693673720)|VARIABLE_SCOPE_BEGIN|[582]|opType|System.TriggerOperation|true|false
15:30:23.371 (1693684302)|VARIABLE_ASSIGNMENT|[582]|opType|"AFTER_UPDATE"|0x5663ff11
15:30:23.371 (1693689678)|VARIABLE_SCOPE_BEGIN|[582]|testMode|Boolean|false|false
15:30:23.371 (1693694788)|VARIABLE_ASSIGNMENT|[582]|testMode|false
15:30:23.371 (1693699007)|STATEMENT_EXECUTE|[582]
15:30:23.371 (1693705960)|STATEMENT_EXECUTE|[586]
15:30:23.371 (1693706810)|STATEMENT_EXECUTE|[587]
15:30:23.371 (1693708925)|HEAP_ALLOCATE|[587]|Bytes:5
15:30:23.371 (1693713609)|STATEMENT_EXECUTE|[590]
15:30:23.371 (1693714550)|STATEMENT_EXECUTE|[592]
15:30:23.371 (1693724168)|HEAP_ALLOCATE|[592]|Bytes:16
15:30:23.371 (1693728659)|STATEMENT_EXECUTE|[595]
15:30:23.371 (1693735808)|VARIABLE_SCOPE_BEGIN|[595]|context|String|false|false
15:30:23.371 (1693743770)|VARIABLE_ASSIGNMENT|[595]|context|"AFTER_UPDATE"
15:30:23.371 (1693746706)|STATEMENT_EXECUTE|[597]
15:30:23.371 (1693800071)|STATEMENT_EXECUTE|[610]
15:30:23.371 (1693801427)|STATEMENT_EXECUTE|[611]
15:30:23.371 (1693806762)|METHOD_EXIT|[566]|01pg80000019iSf|TriggerHandler.setTriggerContext(System.TriggerOperation, Boolean)
15:30:23.371 (1693811659)|METHOD_EXIT|[109]|01pg80000019iSf|TriggerHandler.setTriggerContext()
15:30:23.371 (1693820019)|CONSTRUCTOR_EXIT|[9]|01pg80000019iSf|<init>(String)|TriggerHandler
15:30:23.371 (1693824288)|STATEMENT_EXECUTE|[8]
15:30:23.371 (1693825868)|STATEMENT_EXECUTE|[10]
15:30:23.371 (1694638689)|VARIABLE_ASSIGNMENT|[10]|this.newRecords|[{"Status":"Activated","LastModifiedDate":"2026-04-10T18:30:24.000Z","Country__c":"a03g80000084tirAAA","ActivatedById":"005g80000010N45AAE","IsDeleted":false,"AccountId":"001g8000009Vj6vAAC","OrderNumber":"00100116","TotalAmount":380385.50,"StatusCode":"Activated","IsReductionOrder":false,"SystemModstamp":"2026-04-10T18:30:24.000Z","City__c":"a05g8000002BdsvAAC","OwnerId":"005g80000010N45AAE","CreatedById":"005g80000010N45AAE","DistributionCenter__c":"a06g8000001gZSDAA2","CreatedDate":"2026-04-10T18:30:23.000Z","Pricebook2Id":"01sg8000000h7xWAAQ","Id":"801g8000009Vj6xAAC","ActivatedDate":"2026-04-10T18:30:24.000Z","LastModifiedById":"005g80000010N45AAE","State__c":"a04g8000000b4kbAAA","EffectiveDate":"2026-04-10T00:00:00.000Z"}]|0x2f7bdf1c
15:30:23.371 (1694660843)|STATEMENT_EXECUTE|[11]
15:30:23.371 (1695257628)|VARIABLE_ASSIGNMENT|[11]|this.oldRecords|[{"Status":"Draft","LastModifiedDate":"2026-04-10T18:30:24.000Z","Country__c":"a03g80000084tirAAA","IsDeleted":false,"AccountId":"001g8000009Vj6vAAC","OrderNumber":"00100116","TotalAmount":380385.50,"StatusCode":"Draft","IsReductionOrder":false,"SystemModstamp":"2026-04-10T18:30:24.000Z","City__c":"a05g8000002BdsvAAC","OwnerId":"005g80000010N45AAE","CreatedById":"005g80000010N45AAE","DistributionCenter__c":"a06g8000001gZSDAA2","CreatedDate":"2026-04-10T18:30:23.000Z","Pricebook2Id":"01sg8000000h7xWAAQ","Id":"801g8000009Vj6xAAC","LastModifiedById":"005g80000010N45AAE","State__c":"a04g8000000b4kbAAA","EffectiveDate":"2026-04-10T00:00:00.000Z"}]|0x2f7bdf1c
15:30:23.371 (1695271014)|STATEMENT_EXECUTE|[12]
15:30:23.371 (1695665664)|VARIABLE_ASSIGNMENT|[12]|this.newRecordsMap|{"801g8000009Vj6xAAC":{"Status":"Activated","LastModifiedDate":"2026-04-10T18:30:24.000Z","Country__c":"a03g80000084tirAAA","ActivatedById":"005g80000010N45AAE","IsDeleted":false,"AccountId":"001g8000009Vj6vAAC","OrderNumber":"00100116","TotalAmount":380385.50,"StatusCode":"Activated","IsReductionOrder":false,"SystemModstamp":"2026-04-10T18:30:24.000Z","City__c":"a05g8000002BdsvAAC","OwnerId":"005g80000010N45AAE","CreatedById":"005g80000010N45AAE","DistributionCenter__c":"a06g8000001gZSDAA2","CreatedDate":"2026-04-10T18:30:23.000Z","Pricebook2Id":"01sg8000000h7xWAAQ","Id":"801g8000009Vj6xAAC","ActivatedDate":"2026-04-10T18:30:24.000Z","LastModifiedById":"005g80000010N45AAE","State__c":"a04g8000000b4kbAAA","EffectiveDate":"2026-04-10T00:00:00.000Z"}}|0x2f7bdf1c
15:30:23.371 (1695675079)|STATEMENT_EXECUTE|[13]
15:30:23.371 (1696039508)|VARIABLE_ASSIGNMENT|[13]|this.oldRecordsMap|{"801g8000009Vj6xAAC":{"Status":"Draft","LastModifiedDate":"2026-04-10T18:30:24.000Z","Country__c":"a03g80000084tirAAA","IsDeleted":false,"AccountId":"001g8000009Vj6vAAC","OrderNumber":"00100116","TotalAmount":380385.50,"StatusCode":"Draft","IsReductionOrder":false,"SystemModstamp":"2026-04-10T18:30:24.000Z","City__c":"a05g8000002BdsvAAC","OwnerId":"005g80000010N45AAE","CreatedById":"005g80000010N45AAE","DistributionCenter__c":"a06g8000001gZSDAA2","CreatedDate":"2026-04-10T18:30:23.000Z","Pricebook2Id":"01sg8000000h7xWAAQ","Id":"801g8000009Vj6xAAC","LastModifiedById":"005g80000010N45AAE","State__c":"a04g8000000b4kbAAA","EffectiveDate":"2026-04-10T00:00:00.000Z"}}|0x2f7bdf1c
15:30:23.371 (1696057815)|CONSTRUCTOR_EXIT|[2]|01pg8000001LXzh|<init>()|OrderHandler
15:30:23.371 (1696067565)|METHOD_ENTRY|[2]|01pg80000019iSf|TriggerHandler.run()
15:30:23.371 (1696073180)|VARIABLE_SCOPE_BEGIN|[120]|this|TriggerHandler|true|false
15:30:23.371 (1696105478)|VARIABLE_ASSIGNMENT|[120]|this|{"newRecords":"0x6312612","newRecordsMap":"0x72e8ad1a","oldRecords":"0x6191034e","oldRecordsMap":"0x10e3a35f","handlerName":"OrderHandler","isTriggerExecuting":true,"triggerEvent":"0x5663ff11"}|0x2f7bdf1c
15:30:23.371 (1696116608)|STATEMENT_EXECUTE|[120]
15:30:23.371 (1696120953)|METHOD_ENTRY|[121]|01pg80000019iSf|TriggerHandler.validateRun()
15:30:23.371 (1696124111)|VARIABLE_SCOPE_BEGIN|[661]|this|TriggerHandler|true|false
15:30:23.371 (1696134425)|VARIABLE_ASSIGNMENT|[661]|this|{"newRecords":"0x6312612","newRecordsMap":"0x72e8ad1a","oldRecords":"0x6191034e","oldRecordsMap":"0x10e3a35f","handlerName":"OrderHandler","isTriggerExecuting":true,"triggerEvent":"0x5663ff11"}|0x2f7bdf1c
15:30:23.371 (1696139383)|STATEMENT_EXECUTE|[661]
15:30:23.371 (1696144388)|STATEMENT_EXECUTE|[662]
15:30:23.371 (1696145501)|STATEMENT_EXECUTE|[665]
15:30:23.371 (1696150462)|METHOD_ENTRY|[665]|01pg80000019iSf|TriggerHandler.getHandlerName()
15:30:23.371 (1696153483)|VARIABLE_SCOPE_BEGIN|[680]|this|TriggerHandler|true|false
15:30:23.371 (1696162644)|VARIABLE_ASSIGNMENT|[680]|this|{"newRecords":"0x6312612","newRecordsMap":"0x72e8ad1a","oldRecords":"0x6191034e","oldRecordsMap":"0x10e3a35f","handlerName":"OrderHandler","isTriggerExecuting":true,"triggerEvent":"0x5663ff11"}|0x2f7bdf1c
15:30:23.371 (1696167260)|STATEMENT_EXECUTE|[680]
15:30:23.371 (1696187016)|STATEMENT_EXECUTE|[681]
15:30:23.371 (1696188296)|STATEMENT_EXECUTE|[684]
15:30:23.371 (1696192199)|METHOD_EXIT|[665]|01pg80000019iSf|TriggerHandler.getHandlerName()
15:30:23.371 (1696210237)|METHOD_EXIT|[121]|01pg80000019iSf|TriggerHandler.validateRun()
15:30:23.371 (1696213210)|STATEMENT_EXECUTE|[121]
15:30:23.371 (1696216366)|METHOD_ENTRY|[126]|01pg80000019iSf|TriggerHandler.incrementCheckLoopCount()
15:30:23.371 (1696219199)|VARIABLE_SCOPE_BEGIN|[634]|this|TriggerHandler|true|false
15:30:23.371 (1696229299)|VARIABLE_ASSIGNMENT|[634]|this|{"newRecords":"0x6312612","newRecordsMap":"0x72e8ad1a","oldRecords":"0x6191034e","oldRecordsMap":"0x10e3a35f","handlerName":"OrderHandler","isTriggerExecuting":true,"triggerEvent":"0x5663ff11"}|0x2f7bdf1c
15:30:23.371 (1696234343)|STATEMENT_EXECUTE|[634]
15:30:23.371 (1696235333)|STATEMENT_EXECUTE|[635]
15:30:23.371 (1696237411)|METHOD_ENTRY|[635]|01pg80000019iSf|TriggerHandler.getHandlerName()
15:30:23.371 (1696239679)|VARIABLE_SCOPE_BEGIN|[680]|this|TriggerHandler|true|false
15:30:23.371 (1696248243)|VARIABLE_ASSIGNMENT|[680]|this|{"newRecords":"0x6312612","newRecordsMap":"0x72e8ad1a","oldRecords":"0x6191034e","oldRecordsMap":"0x10e3a35f","handlerName":"OrderHandler","isTriggerExecuting":true,"triggerEvent":"0x5663ff11"}|0x2f7bdf1c
15:30:23.371 (1696252178)|STATEMENT_EXECUTE|[680]
15:30:23.371 (1696258893)|STATEMENT_EXECUTE|[681]
15:30:23.371 (1696259815)|STATEMENT_EXECUTE|[684]
15:30:23.371 (1696261417)|METHOD_EXIT|[635]|01pg80000019iSf|TriggerHandler.getHandlerName()
15:30:23.371 (1696264284)|VARIABLE_SCOPE_BEGIN|[635]|handlerName|String|false|false
15:30:23.371 (1696298893)|VARIABLE_ASSIGNMENT|[635]|handlerName|"OrderHandler"
15:30:23.371 (1696313714)|STATEMENT_EXECUTE|[636]
15:30:23.371 (1696315213)|STATEMENT_EXECUTE|[649]
15:30:23.371 (1696318349)|METHOD_EXIT|[126]|01pg80000019iSf|TriggerHandler.incrementCheckLoopCount()
15:30:23.371 (1696323255)|STATEMENT_EXECUTE|[126]
15:30:23.371 (1696326237)|STATEMENT_EXECUTE|[130]
15:30:23.371 (1696327734)|STATEMENT_EXECUTE|[135]
15:30:23.371 (1696404329)|STATEMENT_EXECUTE|[148]
15:30:23.371 (1696405943)|STATEMENT_EXECUTE|[149]
15:30:23.371 (1696409925)|METHOD_ENTRY|[149]|01pg8000001LXzh|OrderHandler.afterUpdate()
15:30:23.371 (1696414842)|VARIABLE_SCOPE_BEGIN|[20]|this|OrderHandler|true|false
15:30:23.371 (1696434193)|VARIABLE_ASSIGNMENT|[20]|this|{"newRecords":"0x6312612","newRecordsMap":"0x72e8ad1a","oldRecords":"0x6191034e","oldRecordsMap":"0x10e3a35f","handlerName":"OrderHandler","isTriggerExecuting":true,"triggerEvent":"0x5663ff11"}|0x2f7bdf1c
15:30:23.371 (1696442320)|STATEMENT_EXECUTE|[20]
15:30:23.371 (1696443743)|STATEMENT_EXECUTE|[21]
15:30:23.371 (1696448030)|METHOD_ENTRY|[21]|01pg8000001LXzh|OrderHandler.checkActiveOrder()
15:30:23.371 (1696452282)|VARIABLE_SCOPE_BEGIN|[30]|this|OrderHandler|true|false
15:30:23.371 (1696467236)|VARIABLE_ASSIGNMENT|[30]|this|{"newRecords":"0x6312612","newRecordsMap":"0x72e8ad1a","oldRecords":"0x6191034e","oldRecordsMap":"0x10e3a35f","handlerName":"OrderHandler","isTriggerExecuting":true,"triggerEvent":"0x5663ff11"}|0x2f7bdf1c
15:30:23.371 (1696474318)|STATEMENT_EXECUTE|[30]
15:30:23.371 (1696475642)|STATEMENT_EXECUTE|[31]
15:30:23.371 (1696478555)|VARIABLE_SCOPE_BEGIN|[31]|listaParaValidar|List<Order>|true|false
15:30:23.371 (1696485372)|VARIABLE_ASSIGNMENT|[31]|listaParaValidar|null|
15:30:23.371 (1696494032)|STATEMENT_EXECUTE|[35]
15:30:23.371 (1696495466)|STATEMENT_EXECUTE|[36]
15:30:23.371 (1696911972)|VARIABLE_ASSIGNMENT|[36]|listaParaValidar|[{"Status":"Activated","LastModifiedDate":"2026-04-10T18:30:24.000Z","Country__c":"a03g80000084tirAAA","ActivatedById":"005g80000010N45AAE","IsDeleted":false,"AccountId":"001g8000009Vj6vAAC","OrderNumber":"00100116","TotalAmount":380385.50,"StatusCode":"Activated","IsReductionOrder":false,"SystemModstamp":"2026-04-10T18:30:24.000Z","City__c":"a05g8000002BdsvAAC","OwnerId":"005g80000010N45AAE","CreatedById":"005g80000010N45AAE","DistributionCenter__c":"a06g8000001gZSDAA2","CreatedDate":"2026-04-10T18:30:23.000Z","Pricebook2Id":"01sg8000000h7xWAAQ","Id":"801g8000009Vj6xAAC","ActivatedDate":"2026-04-10T18:30:24.000Z","LastModifiedById":"005g80000010N45AAE","State__c":"a04g8000000b4kbAAA","EffectiveDate":"2026-04-10T00:00:00.000Z"}]|0x6312612
15:30:23.371 (1696943568)|HEAP_ALLOCATE|[40]|Bytes:5
15:30:23.371 (1696964002)|VARIABLE_SCOPE_BEGIN|[40]|pedido|Order|true|false
15:30:23.371 (1697310650)|VARIABLE_ASSIGNMENT|[40]|pedido|{"Status":"Activated","LastModifiedDate":"2026-04-10T18:30:24.000Z","Country__c":"a03g80000084tirAAA","ActivatedById":"005g80000010N45AAE","IsDeleted":false,"AccountId":"001g8000009Vj6vAAC","OrderNumber":"00100116","TotalAmount":380385.50,"StatusCode":"Activated","IsReductionOrder":false,"SystemModstamp":"2026-04-10T18:30:24.000Z","City__c":"a05g8000002BdsvAAC","OwnerId":"005g80000010N45AAE","CreatedById":"005g80000010N45AAE","DistributionCenter__c":"a06g8000001gZSDAA2","CreatedDate":"2026-04-10T18:30:23.000Z","Pricebook2Id":"01sg8000000h7xWAAQ","Id":"801g8000009Vj6xAAC","ActivatedDate":"2026-04-10T18:30:24.000Z","LastModifiedById":"005g80000010N45AAE","State__c":"a04g8000000b4kbAAA","EffectiveDate":"2026-04-10T00:00:00.000Z"}|0x1f6d16e7
15:30:23.371 (1697320703)|STATEMENT_EXECUTE|[40]
15:30:23.371 (1697322060)|STATEMENT_EXECUTE|[42]
15:30:23.371 (1697344436)|VARIABLE_SCOPE_BEGIN|[42]|pedidoAntigo|Order|true|false
15:30:23.371 (1697674964)|VARIABLE_ASSIGNMENT|[42]|pedidoAntigo|{"Status":"Draft","LastModifiedDate":"2026-04-10T18:30:24.000Z","Country__c":"a03g80000084tirAAA","IsDeleted":false,"AccountId":"001g8000009Vj6vAAC","OrderNumber":"00100116","TotalAmount":380385.50,"StatusCode":"Draft","IsReductionOrder":false,"SystemModstamp":"2026-04-10T18:30:24.000Z","City__c":"a05g8000002BdsvAAC","OwnerId":"005g80000010N45AAE","CreatedById":"005g80000010N45AAE","DistributionCenter__c":"a06g8000001gZSDAA2","CreatedDate":"2026-04-10T18:30:23.000Z","Pricebook2Id":"01sg8000000h7xWAAQ","Id":"801g8000009Vj6xAAC","LastModifiedById":"005g80000010N45AAE","State__c":"a04g8000000b4kbAAA","EffectiveDate":"2026-04-10T00:00:00.000Z"}|0x285af86d
15:30:23.371 (1697682157)|STATEMENT_EXECUTE|[45]
15:30:23.371 (1697688151)|VARIABLE_SCOPE_BEGIN|[45]|validacaoStatus|String|false|false
15:30:23.371 (1697693275)|VARIABLE_ASSIGNMENT|[45]|validacaoStatus|"Draft"
15:30:23.371 (1697705565)|STATEMENT_EXECUTE|[47]
15:30:23.371 (1697712125)|HEAP_ALLOCATE|[40]|Bytes:5
15:30:23.371 (1697718876)|VARIABLE_ASSIGNMENT|[40]|pedido|null|
15:30:23.371 (1697724299)|METHOD_EXIT|[21]|01pg8000001LXzh|OrderHandler.checkActiveOrder()
15:30:23.371 (1697726970)|STATEMENT_EXECUTE|[22]
15:30:23.371 (1697731269)|METHOD_ENTRY|[22]|01pg8000001LXzh|OrderHandler.itemsRecalculation()
15:30:23.371 (1697735678)|VARIABLE_SCOPE_BEGIN|[54]|this|OrderHandler|true|false
15:30:23.371 (1697757969)|VARIABLE_ASSIGNMENT|[54]|this|{"newRecords":"0x6312612","newRecordsMap":"0x72e8ad1a","oldRecords":"0x6191034e","oldRecordsMap":"0x10e3a35f","handlerName":"OrderHandler","isTriggerExecuting":true,"triggerEvent":"0x5663ff11"}|0x2f7bdf1c
15:30:23.371 (1697765986)|STATEMENT_EXECUTE|[54]
15:30:23.371 (1697767096)|STATEMENT_EXECUTE|[55]
15:30:23.371 (1697779089)|HEAP_ALLOCATE|[55]|Bytes:4
15:30:23.371 (1697790019)|VARIABLE_SCOPE_BEGIN|[55]|ordersToRecalculate|Set<Id>|true|false
15:30:23.371 (1697815819)|VARIABLE_ASSIGNMENT|[55]|ordersToRecalculate|[]|0x41b8055b
15:30:23.371 (1697825763)|HEAP_ALLOCATE|[57]|Bytes:5
15:30:23.371 (1697832699)|VARIABLE_SCOPE_BEGIN|[57]|pedido|Order|true|false
15:30:23.371 (1698267849)|VARIABLE_ASSIGNMENT|[57]|pedido|{"Status":"Activated","LastModifiedDate":"2026-04-10T18:30:24.000Z","Country__c":"a03g80000084tirAAA","ActivatedById":"005g80000010N45AAE","IsDeleted":false,"AccountId":"001g8000009Vj6vAAC","OrderNumber":"00100116","TotalAmount":380385.50,"StatusCode":"Activated","IsReductionOrder":false,"SystemModstamp":"2026-04-10T18:30:24.000Z","City__c":"a05g8000002BdsvAAC","OwnerId":"005g80000010N45AAE","CreatedById":"005g80000010N45AAE","DistributionCenter__c":"a06g8000001gZSDAA2","CreatedDate":"2026-04-10T18:30:23.000Z","Pricebook2Id":"01sg8000000h7xWAAQ","Id":"801g8000009Vj6xAAC","ActivatedDate":"2026-04-10T18:30:24.000Z","LastModifiedById":"005g80000010N45AAE","State__c":"a04g8000000b4kbAAA","EffectiveDate":"2026-04-10T00:00:00.000Z"}|0x1f6d16e7
15:30:23.371 (1698278564)|STATEMENT_EXECUTE|[57]
15:30:23.371 (1698279966)|STATEMENT_EXECUTE|[58]
15:30:23.371 (1698296600)|VARIABLE_SCOPE_BEGIN|[58]|pedidoAntigo|Order|true|false
15:30:23.371 (1698618940)|VARIABLE_ASSIGNMENT|[58]|pedidoAntigo|{"Status":"Draft","LastModifiedDate":"2026-04-10T18:30:24.000Z","Country__c":"a03g80000084tirAAA","IsDeleted":false,"AccountId":"001g8000009Vj6vAAC","OrderNumber":"00100116","TotalAmount":380385.50,"StatusCode":"Draft","IsReductionOrder":false,"SystemModstamp":"2026-04-10T18:30:24.000Z","City__c":"a05g8000002BdsvAAC","OwnerId":"005g80000010N45AAE","CreatedById":"005g80000010N45AAE","DistributionCenter__c":"a06g8000001gZSDAA2","CreatedDate":"2026-04-10T18:30:23.000Z","Pricebook2Id":"01sg8000000h7xWAAQ","Id":"801g8000009Vj6xAAC","LastModifiedById":"005g80000010N45AAE","State__c":"a04g8000000b4kbAAA","EffectiveDate":"2026-04-10T00:00:00.000Z"}|0x285af86d
15:30:23.371 (1698670609)|STATEMENT_EXECUTE|[60]
15:30:23.371 (1698679901)|HEAP_ALLOCATE|[57]|Bytes:5
15:30:23.371 (1698690609)|VARIABLE_ASSIGNMENT|[57]|pedido|null|
15:30:23.371 (1698700209)|STATEMENT_EXECUTE|[67]
15:30:23.371 (1698703719)|METHOD_EXIT|[22]|01pg8000001LXzh|OrderHandler.itemsRecalculation()
15:30:23.371 (1698707710)|METHOD_EXIT|[149]|01pg8000001LXzh|OrderHandler.afterUpdate()
15:30:23.371 (1698710441)|STATEMENT_EXECUTE|[158]
15:30:23.371 (1698714918)|METHOD_ENTRY|[158]|01pg80000019iSf|TriggerHandler.andFinally()
15:30:23.371 (1698718173)|VARIABLE_SCOPE_BEGIN|[746]|this|TriggerHandler|true|false
15:30:23.371 (1698741762)|VARIABLE_ASSIGNMENT|[746]|this|{"newRecords":"0x6312612","newRecordsMap":"0x72e8ad1a","oldRecords":"0x6191034e","oldRecordsMap":"0x10e3a35f","handlerName":"OrderHandler","isTriggerExecuting":true,"triggerEvent":"0x5663ff11"}|0x2f7bdf1c
15:30:23.371 (1698750279)|STATEMENT_EXECUTE|[746]
15:30:23.371 (1698751824)|METHOD_EXIT|[158]|01pg80000019iSf|TriggerHandler.andFinally()
15:30:23.371 (1698754869)|STATEMENT_EXECUTE|[160]
15:30:23.371 (1698757056)|STATEMENT_EXECUTE|[176]
15:30:23.371 (1698759329)|METHOD_EXIT|[2]|01pg80000019iSf|TriggerHandler.run()
15:30:23.698 (1698764950)|CUMULATIVE_LIMIT_USAGE
15:30:23.698 (1698764950)|LIMIT_USAGE_FOR_NS|(default)|
  Number of SOQL queries: 11 out of 100
  Number of query rows: 10 out of 50000
  Number of SOSL queries: 0 out of 20
  Number of DML statements: 15 out of 150
  Number of Publish Immediate DML: 0 out of 150
  Number of DML rows: 15 out of 10000
  Maximum CPU time: 96 out of 10000
  Maximum heap size: 0 out of 6000000
  Number of callouts: 0 out of 100
  Number of Email Invocations: 0 out of 10
  Number of future calls: 0 out of 50
  Number of queueable jobs added to the queue: 0 out of 50
  Number of Mobile Apex push calls: 0 out of 10

15:30:23.698 (1698764950)|CUMULATIVE_LIMIT_USAGE_END

15:30:23.371 (1698909614)|CODE_UNIT_FINISHED|OrderTrigger on Order trigger event AfterUpdate|__sfdc_trigger/OrderTrigger
15:30:23.371 (1700973466)|DML_END|[201]
15:30:23.371 (1701339924)|STATEMENT_EXECUTE|[202]
15:30:23.371 (1701370956)|HEAP_ALLOCATE|[202]|Bytes:28
15:30:23.371 (1701379814)|HEAP_ALLOCATE|[202]|Bytes:28
15:30:23.371 (1701505922)|VARIABLE_ASSIGNMENT|[202]|this.Quantity|10|0x17a538af
15:30:23.371 (1701510764)|STATEMENT_EXECUTE|[204]
15:30:23.371 (1701535854)|HEAP_ALLOCATE|[204]|Bytes:118
15:30:23.371 (1701549157)|SYSTEM_METHOD_ENTRY|[1]|Test.Test()
15:30:23.371 (1701551919)|STATEMENT_EXECUTE|[1]
15:30:23.371 (1701561666)|SYSTEM_METHOD_EXIT|[1]|Test
15:30:23.371 (1701571194)|METHOD_ENTRY|[204]||System.Test.startTest()
15:30:23.371 (1702514584)|METHOD_EXIT|[204]||System.Test.startTest()
15:30:23.371 (1702524164)|STATEMENT_EXECUTE|[205]
15:30:23.371 (1702525391)|STATEMENT_EXECUTE|[205]
15:30:23.371 (1702526420)|STATEMENT_EXECUTE|[206]
15:30:23.371 (1702564289)|HEAP_ALLOCATE|[206]|Bytes:8
15:30:23.371 (1702575134)|DML_BEGIN|[206]|Op:Update|Type:OrderItem|Rows:1
15:30:23.371 (1702606553)|HEAP_ALLOCATE|[EXTERNAL]|Bytes:8
15:30:23.371 (1717371695)|CODE_UNIT_STARTED|[EXTERNAL]|01qg8000000Fou9|OrdemItemTrigger on OrderItem trigger event BeforeUpdate|__sfdc_trigger/OrdemItemTrigger
15:30:23.371 (1717440538)|HEAP_ALLOCATE|[EXTERNAL]|Bytes:8
15:30:23.371 (1717508515)|HEAP_ALLOCATE|[EXTERNAL]|Bytes:8
15:30:23.371 (1717569703)|HEAP_ALLOCATE|[EXTERNAL]|Bytes:4
15:30:23.371 (1717579420)|VARIABLE_SCOPE_BEGIN|[1]|this|OrdemItemTrigger|true|false
15:30:23.371 (1717613382)|VARIABLE_ASSIGNMENT|[1]|this|{}|0x1f63f4dc
15:30:23.371 (1717646233)|HEAP_ALLOCATE|[EXTERNAL]|Bytes:4
15:30:23.371 (1717652656)|VARIABLE_SCOPE_BEGIN|[1]|this|OrdemItemTrigger|true|false
15:30:23.371 (1717662258)|VARIABLE_ASSIGNMENT|[1]|this|{}|0x1f63f4dc
15:30:23.371 (1717671153)|STATEMENT_EXECUTE|[1]
15:30:23.371 (1717672380)|STATEMENT_EXECUTE|[2]
15:30:23.371 (1717677099)|HEAP_ALLOCATE|[2]|Bytes:32
15:30:23.371 (1717695609)|CONSTRUCTOR_ENTRY|[2]|01pg8000001EZwd|<init>()|OrdemItemHandler
15:30:23.371 (1717703599)|VARIABLE_SCOPE_BEGIN|[9]|this|OrdemItemHandler|true|false
15:30:23.371 (1717727875)|VARIABLE_ASSIGNMENT|[9]|this|{}|0x42407211
15:30:23.371 (1717732941)|STATEMENT_EXECUTE|[1]
15:30:23.371 (1717734168)|STATEMENT_EXECUTE|[3]
15:30:23.371 (1717735876)|STATEMENT_EXECUTE|[4]
15:30:23.371 (1717737540)|STATEMENT_EXECUTE|[5]
15:30:23.371 (1717739264)|STATEMENT_EXECUTE|[6]
15:30:23.371 (1717741059)|STATEMENT_EXECUTE|[10]
15:30:23.371 (1717759935)|CONSTRUCTOR_ENTRY|[10]|01pg80000019iSf|<init>(String)|TriggerHandler
15:30:23.371 (1717764493)|VARIABLE_SCOPE_BEGIN|[107]|this|TriggerHandler|true|false
15:30:23.371 (1717771880)|VARIABLE_ASSIGNMENT|[107]|this|{}|0x42407211
15:30:23.371 (1717774803)|VARIABLE_SCOPE_BEGIN|[107]|handlerName|String|false|false
15:30:23.371 (1717783660)|VARIABLE_ASSIGNMENT|[107]|handlerName|"OrderItemHandler"
15:30:23.371 (1717786626)|STATEMENT_EXECUTE|[15]
15:30:23.371 (1717787743)|STATEMENT_EXECUTE|[50]
15:30:23.371 (1717788864)|STATEMENT_EXECUTE|[57]
15:30:23.371 (1717789950)|STATEMENT_EXECUTE|[671]
15:30:23.371 (1717809512)|STATEMENT_EXECUTE|[107]
15:30:23.371 (1717810600)|STATEMENT_EXECUTE|[108]
15:30:23.371 (1717814463)|STATEMENT_EXECUTE|[109]
15:30:23.371 (1717820520)|METHOD_ENTRY|[109]|01pg80000019iSf|TriggerHandler.setTriggerContext()
15:30:23.371 (1717824055)|VARIABLE_SCOPE_BEGIN|[565]|this|TriggerHandler|true|false
15:30:23.371 (1717832804)|VARIABLE_ASSIGNMENT|[565]|this|{"handlerName":"OrderItemHandler"}|0x42407211
15:30:23.371 (1717843256)|STATEMENT_EXECUTE|[565]
15:30:23.371 (1717844399)|STATEMENT_EXECUTE|[566]
15:30:23.371 (1717901417)|HEAP_ALLOCATE|[566]|Bytes:16
15:30:23.371 (1717911694)|METHOD_ENTRY|[566]|01pg80000019iSf|TriggerHandler.setTriggerContext(System.TriggerOperation, Boolean)
15:30:23.371 (1717914963)|VARIABLE_SCOPE_BEGIN|[582]|this|TriggerHandler|true|false
15:30:23.371 (1717923283)|VARIABLE_ASSIGNMENT|[582]|this|{"handlerName":"OrderItemHandler"}|0x42407211
15:30:23.371 (1717926115)|VARIABLE_SCOPE_BEGIN|[582]|opType|System.TriggerOperation|true|false
15:30:23.371 (1717936933)|VARIABLE_ASSIGNMENT|[582]|opType|"BEFORE_UPDATE"|0x2bdd0133
15:30:23.371 (1717942608)|VARIABLE_SCOPE_BEGIN|[582]|testMode|Boolean|false|false
15:30:23.371 (1717947642)|VARIABLE_ASSIGNMENT|[582]|testMode|false
15:30:23.371 (1717952451)|STATEMENT_EXECUTE|[582]
15:30:23.371 (1717961211)|STATEMENT_EXECUTE|[586]
15:30:23.371 (1717962370)|STATEMENT_EXECUTE|[587]
15:30:23.371 (1717965673)|HEAP_ALLOCATE|[587]|Bytes:5
15:30:23.371 (1717973853)|STATEMENT_EXECUTE|[590]
15:30:23.371 (1717975336)|STATEMENT_EXECUTE|[592]
15:30:23.371 (1717991423)|HEAP_ALLOCATE|[592]|Bytes:16
15:30:23.371 (1717998968)|STATEMENT_EXECUTE|[595]
15:30:23.371 (1718008839)|VARIABLE_SCOPE_BEGIN|[595]|context|String|false|false
15:30:23.371 (1718017526)|VARIABLE_ASSIGNMENT|[595]|context|"BEFORE_UPDATE"
15:30:23.371 (1718019773)|STATEMENT_EXECUTE|[597]
15:30:23.371 (1718046243)|STATEMENT_EXECUTE|[601]
15:30:23.371 (1718047320)|STATEMENT_EXECUTE|[602]
15:30:23.371 (1718051968)|METHOD_EXIT|[566]|01pg80000019iSf|TriggerHandler.setTriggerContext(System.TriggerOperation, Boolean)
15:30:23.371 (1718054939)|METHOD_EXIT|[109]|01pg80000019iSf|TriggerHandler.setTriggerContext()
15:30:23.371 (1718061621)|CONSTRUCTOR_EXIT|[10]|01pg80000019iSf|<init>(String)|TriggerHandler
15:30:23.371 (1718065502)|STATEMENT_EXECUTE|[9]
15:30:23.371 (1718066706)|STATEMENT_EXECUTE|[11]
15:30:23.371 (1719170621)|VARIABLE_ASSIGNMENT|[11]|this.newRecords|[{"LastModifiedDate":"2026-04-10T18:30:24.000Z","DiscountPercentage__c":0.999737108801465881323026245742806,"DiscountValue__c":380285.50,"FinalPrice__c":380385.50,"ListPrice":1000.00,"AvailableQuantity":1.00,"PriceWithoutMargin__c":330770.00,"FreightValue__c":700.00,"CreatedById":"005g80000010N45AAE","MarginPercentage__c":15.00,"Product_Code_Display__c":"TRT 7","IsDeleted":false,"Quantity":10.00,"TaxPercentage__c":10.00,"OrderId":"801g8000009Vj6xAAC","OrderItemNumber":"0000100113","SystemModstamp":"2026-04-10T18:30:24.000Z","UnitPrice":100.00,"Product2Id":"01tg8000001ROs5AAG","ProductionCost__c":300000.00,"PricebookEntryId":"01ug8000000gSEPAA2","TotalPrice":1000.00,"CreatedDate":"2026-04-10T18:30:24.000Z","Id":"802g8000002mOIEAA2","LastModifiedById":"005g80000010N45AAE"}]|0x42407211
15:30:23.371 (1719196014)|STATEMENT_EXECUTE|[12]
15:30:23.371 (1720238825)|VARIABLE_ASSIGNMENT|[12]|this.oldRecords|[{"LastModifiedDate":"2026-04-10T18:30:24.000Z","DiscountPercentage__c":0.999737108801465881323026245742806,"DiscountValue__c":380285.50,"FinalPrice__c":380385.50,"ListPrice":1000.00,"AvailableQuantity":1.00,"PriceWithoutMargin__c":330770.00,"FreightValue__c":700.00,"CreatedById":"005g80000010N45AAE","MarginPercentage__c":15.00,"Product_Code_Display__c":"TRT 7","IsDeleted":false,"Quantity":1.00,"TaxPercentage__c":10.00,"OrderId":"801g8000009Vj6xAAC","OrderItemNumber":"0000100113","SystemModstamp":"2026-04-10T18:30:24.000Z","UnitPrice":380385.50,"Product2Id":"01tg8000001ROs5AAG","ProductionCost__c":300000.00,"PricebookEntryId":"01ug8000000gSEPAA2","TotalPrice":380385.50,"CreatedDate":"2026-04-10T18:30:24.000Z","Id":"802g8000002mOIEAA2","LastModifiedById":"005g80000010N45AAE"}]|0x42407211
15:30:23.371 (1720256834)|STATEMENT_EXECUTE|[13]
15:30:23.371 (1720791735)|VARIABLE_ASSIGNMENT|[13]|this.newRecordsMap|{"802g8000002mOIEAA2":{"LastModifiedDate":"2026-04-10T18:30:24.000Z","DiscountPercentage__c":0.999737108801465881323026245742806,"DiscountValue__c":380285.50,"FinalPrice__c":380385.50,"ListPrice":1000.00,"AvailableQuantity":1.00,"PriceWithoutMargin__c":330770.00,"FreightValue__c":700.00,"CreatedById":"005g80000010N45AAE","MarginPercentage__c":15.00,"Product_Code_Display__c":"TRT 7","IsDeleted":false,"Quantity":10.00,"TaxPercentage__c":10.00,"OrderId":"801g8000009Vj6xAAC","OrderItemNumber":"0000100113","SystemModstamp":"2026-04-10T18:30:24.000Z","UnitPrice":100.00,"Product2Id":"01tg8000001ROs5AAG","ProductionCost__c":300000.00,"PricebookEntryId":"01ug8000000gSEPAA2","TotalPrice":1000.00,"CreatedDate":"2026-04-10T18:30:24.000Z","Id":"802g8000002mOIEAA2","LastModifiedById":"005g80000010N45AAE"}}|0x42407211
15:30:23.371 (1720806287)|STATEMENT_EXECUTE|[14]
15:30:23.371 (1721244018)|VARIABLE_ASSIGNMENT|[14]|this.oldRecordsMap|{"802g8000002mOIEAA2":{"LastModifiedDate":"2026-04-10T18:30:24.000Z","DiscountPercentage__c":0.999737108801465881323026245742806,"DiscountValue__c":380285.50,"FinalPrice__c":380385.50,"ListPrice":1000.00,"AvailableQuantity":1.00,"PriceWithoutMargin__c":330770.00,"FreightValue__c":700.00,"CreatedById":"005g80000010N45AAE","MarginPercentage__c":15.00,"Product_Code_Display__c":"TRT 7","IsDeleted":false,"Quantity":1.00,"TaxPercentage__c":10.00,"OrderId":"801g8000009Vj6xAAC","OrderItemNumber":"0000100113","SystemModstamp":"2026-04-10T18:30:24.000Z","UnitPrice":380385.50,"Product2Id":"01tg8000001ROs5AAG","ProductionCost__c":300000.00,"PricebookEntryId":"01ug8000000gSEPAA2","TotalPrice":380385.50,"CreatedDate":"2026-04-10T18:30:24.000Z","Id":"802g8000002mOIEAA2","LastModifiedById":"005g80000010N45AAE"}}|0x42407211
15:30:23.371 (1721268719)|CONSTRUCTOR_EXIT|[2]|01pg8000001EZwd|<init>()|OrdemItemHandler
15:30:23.371 (1721281172)|METHOD_ENTRY|[2]|01pg80000019iSf|TriggerHandler.run()
15:30:23.371 (1721287229)|VARIABLE_SCOPE_BEGIN|[120]|this|TriggerHandler|true|false
15:30:23.371 (1721329486)|VARIABLE_ASSIGNMENT|[120]|this|{"newRecords":"0x5778b188","newRecordsMap":"0x1669918c","oldRecords":"0x684ea509","oldRecordsMap":"0x541a8265","handlerName":"OrderItemHandler","isTriggerExecuting":true,"triggerEvent":"0x2bdd0133"}|0x42407211
15:30:23.371 (1721341973)|STATEMENT_EXECUTE|[120]
15:30:23.371 (1721346641)|METHOD_ENTRY|[121]|01pg80000019iSf|TriggerHandler.validateRun()
15:30:23.371 (1721349819)|VARIABLE_SCOPE_BEGIN|[661]|this|TriggerHandler|true|false
15:30:23.371 (1721361867)|VARIABLE_ASSIGNMENT|[661]|this|{"newRecords":"0x5778b188","newRecordsMap":"0x1669918c","oldRecords":"0x684ea509","oldRecordsMap":"0x541a8265","handlerName":"OrderItemHandler","isTriggerExecuting":true,"triggerEvent":"0x2bdd0133"}|0x42407211
15:30:23.371 (1721366803)|STATEMENT_EXECUTE|[661]
15:30:23.371 (1721373017)|STATEMENT_EXECUTE|[662]
15:30:23.371 (1721374227)|STATEMENT_EXECUTE|[665]
15:30:23.371 (1721379813)|METHOD_ENTRY|[665]|01pg80000019iSf|TriggerHandler.getHandlerName()
15:30:23.371 (1721382753)|VARIABLE_SCOPE_BEGIN|[680]|this|TriggerHandler|true|false
15:30:23.371 (1721391920)|VARIABLE_ASSIGNMENT|[680]|this|{"newRecords":"0x5778b188","newRecordsMap":"0x1669918c","oldRecords":"0x684ea509","oldRecordsMap":"0x541a8265","handlerName":"OrderItemHandler","isTriggerExecuting":true,"triggerEvent":"0x2bdd0133"}|0x42407211
15:30:23.371 (1721396768)|STATEMENT_EXECUTE|[680]
15:30:23.371 (1721418090)|STATEMENT_EXECUTE|[681]
15:30:23.371 (1721419138)|STATEMENT_EXECUTE|[684]
15:30:23.371 (1721423132)|METHOD_EXIT|[665]|01pg80000019iSf|TriggerHandler.getHandlerName()
15:30:23.371 (1721440233)|METHOD_EXIT|[121]|01pg80000019iSf|TriggerHandler.validateRun()
15:30:23.371 (1721442840)|STATEMENT_EXECUTE|[121]
15:30:23.371 (1721445659)|METHOD_ENTRY|[126]|01pg80000019iSf|TriggerHandler.incrementCheckLoopCount()
15:30:23.371 (1721448658)|VARIABLE_SCOPE_BEGIN|[634]|this|TriggerHandler|true|false
15:30:23.371 (1721461968)|VARIABLE_ASSIGNMENT|[634]|this|{"newRecords":"0x5778b188","newRecordsMap":"0x1669918c","oldRecords":"0x684ea509","oldRecordsMap":"0x541a8265","handlerName":"OrderItemHandler","isTriggerExecuting":true,"triggerEvent":"0x2bdd0133"}|0x42407211
15:30:23.371 (1721469735)|STATEMENT_EXECUTE|[634]
15:30:23.371 (1721471236)|STATEMENT_EXECUTE|[635]
15:30:23.371 (1721474648)|METHOD_ENTRY|[635]|01pg80000019iSf|TriggerHandler.getHandlerName()
15:30:23.371 (1721477836)|VARIABLE_SCOPE_BEGIN|[680]|this|TriggerHandler|true|false
15:30:23.371 (1721491049)|VARIABLE_ASSIGNMENT|[680]|this|{"newRecords":"0x5778b188","newRecordsMap":"0x1669918c","oldRecords":"0x684ea509","oldRecordsMap":"0x541a8265","handlerName":"OrderItemHandler","isTriggerExecuting":true,"triggerEvent":"0x2bdd0133"}|0x42407211
15:30:23.371 (1721497165)|STATEMENT_EXECUTE|[680]
15:30:23.371 (1721507478)|STATEMENT_EXECUTE|[681]
15:30:23.371 (1721508854)|STATEMENT_EXECUTE|[684]
15:30:23.371 (1721511148)|METHOD_EXIT|[635]|01pg80000019iSf|TriggerHandler.getHandlerName()
15:30:23.371 (1721515888)|VARIABLE_SCOPE_BEGIN|[635]|handlerName|String|false|false
15:30:23.371 (1721525535)|VARIABLE_ASSIGNMENT|[635]|handlerName|"OrderItemHandler"
15:30:23.371 (1721539611)|STATEMENT_EXECUTE|[636]
15:30:23.371 (1721540765)|STATEMENT_EXECUTE|[649]
15:30:23.371 (1721542501)|METHOD_EXIT|[126]|01pg80000019iSf|TriggerHandler.incrementCheckLoopCount()
15:30:23.371 (1721545457)|STATEMENT_EXECUTE|[126]
15:30:23.371 (1721547797)|STATEMENT_EXECUTE|[130]
15:30:23.371 (1721549133)|STATEMENT_EXECUTE|[135]
15:30:23.371 (1721595198)|STATEMENT_EXECUTE|[139]
15:30:23.371 (1721596288)|STATEMENT_EXECUTE|[140]
15:30:23.371 (1721602096)|METHOD_ENTRY|[140]|01pg8000001EZwd|OrdemItemHandler.beforeUpdate()
15:30:23.371 (1721606693)|VARIABLE_SCOPE_BEGIN|[25]|this|OrdemItemHandler|true|false
15:30:23.371 (1721618643)|VARIABLE_ASSIGNMENT|[25]|this|{"newRecords":"0x5778b188","newRecordsMap":"0x1669918c","oldRecords":"0x684ea509","oldRecordsMap":"0x541a8265","handlerName":"OrderItemHandler","isTriggerExecuting":true,"triggerEvent":"0x2bdd0133"}|0x42407211
15:30:23.371 (1721626929)|STATEMENT_EXECUTE|[25]
15:30:23.371 (1721628302)|STATEMENT_EXECUTE|[26]
15:30:23.371 (1721638888)|METHOD_ENTRY|[26]|01pg8000001EZwd|OrdemItemHandler.checkActiveOrderItem()
15:30:23.371 (1721658800)|VARIABLE_SCOPE_BEGIN|[176]|this|OrdemItemHandler|true|false
15:30:23.371 (1721671539)|VARIABLE_ASSIGNMENT|[176]|this|{"newRecords":"0x5778b188","newRecordsMap":"0x1669918c","oldRecords":"0x684ea509","oldRecordsMap":"0x541a8265","handlerName":"OrderItemHandler","isTriggerExecuting":true,"triggerEvent":"0x2bdd0133"}|0x42407211
15:30:23.371 (1721677678)|STATEMENT_EXECUTE|[176]
15:30:23.371 (1721678807)|STATEMENT_EXECUTE|[177]
15:30:23.371 (1721681419)|VARIABLE_SCOPE_BEGIN|[177]|listaParaValidar|List<OrderItem>|true|false
15:30:23.371 (1721686470)|VARIABLE_ASSIGNMENT|[177]|listaParaValidar|null|
15:30:23.371 (1721688709)|STATEMENT_EXECUTE|[178]
15:30:23.371 (1721701986)|HEAP_ALLOCATE|[178]|Bytes:4
15:30:23.371 (1721713229)|VARIABLE_SCOPE_BEGIN|[178]|idOrders|Set<Id>|true|false
15:30:23.371 (1721743811)|VARIABLE_ASSIGNMENT|[178]|idOrders|[]|0x1c43812d
15:30:23.371 (1721749059)|STATEMENT_EXECUTE|[179]
15:30:23.371 (1721757885)|HEAP_ALLOCATE|[179]|Bytes:4
15:30:23.371 (1721762496)|VARIABLE_SCOPE_BEGIN|[179]|idMapOrders|Map<Id,Order>|true|false
15:30:23.371 (1721770777)|VARIABLE_ASSIGNMENT|[179]|idMapOrders|{}|0x1b80941
15:30:23.371 (1721778682)|STATEMENT_EXECUTE|[183]
15:30:23.371 (1721779772)|STATEMENT_EXECUTE|[184]
15:30:23.371 (1722311287)|VARIABLE_ASSIGNMENT|[184]|listaParaValidar|[{"LastModifiedDate":"2026-04-10T18:30:24.000Z","DiscountPercentage__c":0.999737108801465881323026245742806,"DiscountValue__c":380285.50,"FinalPrice__c":380385.50,"ListPrice":1000.00,"AvailableQuantity":1.00,"PriceWithoutMargin__c":330770.00,"FreightValue__c":700.00,"CreatedById":"005g80000010N45AAE","MarginPercentage__c":15.00,"Product_Code_Display__c":"TRT 7","IsDeleted":false,"Quantity":10.00,"TaxPercentage__c":10.00,"OrderId":"801g8000009Vj6xAAC","OrderItemNumber":"0000100113","SystemModstamp":"2026-04-10T18:30:24.000Z","UnitPrice":100.00,"Product2Id":"01tg8000001ROs5AAG","ProductionCost__c":300000.00,"PricebookEntryId":"01ug8000000gSEPAA2","TotalPrice":1000.00,"CreatedDate":"2026-04-10T18:30:24.000Z","Id":"802g8000002mOIEAA2","LastModifiedById":"005g80000010N45AAE"}]|0x5778b188
15:30:23.371 (1722361659)|HEAP_ALLOCATE|[187]|Bytes:5
15:30:23.371 (1722379696)|HEAP_ALLOCATE|[187]|Bytes:4
15:30:23.371 (1722388439)|VARIABLE_SCOPE_BEGIN|[187]|ot|OrderItem|true|false
15:30:23.371 (1722815489)|VARIABLE_ASSIGNMENT|[187]|ot|{"LastModifiedDate":"2026-04-10T18:30:24.000Z","DiscountPercentage__c":0.999737108801465881323026245742806,"DiscountValue__c":380285.50,"FinalPrice__c":380385.50,"ListPrice":1000.00,"AvailableQuantity":1.00,"PriceWithoutMargin__c":330770.00,"FreightValue__c":700.00,"CreatedById":"005g80000010N45AAE","MarginPercentage__c":15.00,"Product_Code_Display__c":"TRT 7","IsDeleted":false,"Quantity":10.00,"TaxPercentage__c":10.00,"OrderId":"801g8000009Vj6xAAC","OrderItemNumber":"0000100113","SystemModstamp":"2026-04-10T18:30:24.000Z","UnitPrice":100.00,"Product2Id":"01tg8000001ROs5AAG","ProductionCost__c":300000.00,"PricebookEntryId":"01ug8000000gSEPAA2","TotalPrice":1000.00,"CreatedDate":"2026-04-10T18:30:24.000Z","Id":"802g8000002mOIEAA2","LastModifiedById":"005g80000010N45AAE"}|0x131bab9
15:30:23.371 (1722827741)|STATEMENT_EXECUTE|[187]
15:30:23.371 (1722829184)|STATEMENT_EXECUTE|[188]
15:30:23.371 (1722849654)|HEAP_ALLOCATE|[EXTERNAL]|Bytes:4
15:30:23.371 (1722859799)|HEAP_ALLOCATE|[187]|Bytes:5
15:30:23.371 (1722866739)|VARIABLE_ASSIGNMENT|[187]|ot|null|
15:30:23.371 (1722870030)|STATEMENT_EXECUTE|[191]
15:30:23.371 (1722876836)|METHOD_ENTRY|[191]|01pg8000001w1Md|OrderSelector.getOrdersByIds(Set<Id>)
15:30:23.371 (1722881501)|VARIABLE_SCOPE_BEGIN|[2]|ids|Set<Id>|true|false
15:30:23.371 (1722890300)|VARIABLE_ASSIGNMENT|[2]|ids|["801g8000009Vj6xAAC"]|0x1c43812d
15:30:23.371 (1722903219)|STATEMENT_EXECUTE|[2]
15:30:23.371 (1722904394)|STATEMENT_EXECUTE|[3]
15:30:23.371 (1722914356)|HEAP_ALLOCATE|[3]|Bytes:4
15:30:23.371 (1722921805)|HEAP_ALLOCATE|[3]|Bytes:4
15:30:23.371 (1723427319)|SOQL_EXECUTE_BEGIN|[3]|Aggregations:0|SELECT Id, DistributionCenter__c, State__c, City__c, Country__c, AccountId, Status FROM Order WHERE Id = :tmpVar1
15:30:23.371 (1727100526)|SOQL_EXECUTE_END|[3]|Rows:1
15:30:23.371 (1727127593)|HEAP_ALLOCATE|[3]|Bytes:8
15:30:23.371 (1727144053)|HEAP_ALLOCATE|[3]|Bytes:213
15:30:23.371 (1727180660)|HEAP_ALLOCATE|[3]|Bytes:8
15:30:23.371 (1727204084)|HEAP_ALLOCATE|[3]|Bytes:32
15:30:23.371 (1727221454)|HEAP_ALLOCATE|[3]|Bytes:4
15:30:23.371 (1727232416)|METHOD_EXIT|[191]|01pg8000001w1Md|OrderSelector.getOrdersByIds(Set<Id>)
15:30:23.371 (1727354477)|VARIABLE_ASSIGNMENT|[191]|idMapOrders|{"801g8000009Vj6xAAC":{"Status":"Activated","City__c":"a05g8000002BdsvAAC","Country__c":"a03g80000084tirAAA","AccountId":"001g8000009Vj6vAAC","DistributionCenter__c":"a06g8000001gZSDAA2","Id":"801g8000009Vj6xAAC","State__c":"a04g8000000b4kbAAA"}}|0x25d7038a
15:30:23.371 (1727387891)|HEAP_ALLOCATE|[193]|Bytes:5
15:30:23.371 (1727402135)|HEAP_ALLOCATE|[193]|Bytes:4
15:30:23.371 (1727410380)|VARIABLE_SCOPE_BEGIN|[193]|ot|OrderItem|true|false
15:30:23.371 (1727929330)|VARIABLE_ASSIGNMENT|[193]|ot|{"LastModifiedDate":"2026-04-10T18:30:24.000Z","DiscountPercentage__c":0.999737108801465881323026245742806,"DiscountValue__c":380285.50,"FinalPrice__c":380385.50,"ListPrice":1000.00,"AvailableQuantity":1.00,"PriceWithoutMargin__c":330770.00,"FreightValue__c":700.00,"CreatedById":"005g80000010N45AAE","MarginPercentage__c":15.00,"Product_Code_Display__c":"TRT 7","IsDeleted":false,"Quantity":10.00,"TaxPercentage__c":10.00,"OrderId":"801g8000009Vj6xAAC","OrderItemNumber":"0000100113","SystemModstamp":"2026-04-10T18:30:24.000Z","UnitPrice":100.00,"Product2Id":"01tg8000001ROs5AAG","ProductionCost__c":300000.00,"PricebookEntryId":"01ug8000000gSEPAA2","TotalPrice":1000.00,"CreatedDate":"2026-04-10T18:30:24.000Z","Id":"802g8000002mOIEAA2","LastModifiedById":"005g80000010N45AAE"}|0x131bab9
15:30:23.371 (1727942207)|STATEMENT_EXECUTE|[193]
15:30:23.371 (1727943505)|STATEMENT_EXECUTE|[194]
15:30:23.371 (1727969488)|VARIABLE_SCOPE_BEGIN|[194]|pedido|Order|true|false
15:30:23.371 (1728021224)|VARIABLE_ASSIGNMENT|[194]|pedido|{"Status":"Activated","City__c":"a05g8000002BdsvAAC","Country__c":"a03g80000084tirAAA","AccountId":"001g8000009Vj6vAAC","DistributionCenter__c":"a06g8000001gZSDAA2","Id":"801g8000009Vj6xAAC","State__c":"a04g8000000b4kbAAA"}|0x7785b91b
15:30:23.371 (1728052871)|STATEMENT_EXECUTE|[195]
15:30:23.371 (1728053935)|STATEMENT_EXECUTE|[196]
15:30:23.371 (1728057251)|HEAP_ALLOCATE|[196]|Bytes:86
15:30:23.371 (1728255993)|VF_PAGE_MESSAGE|Não é possivel fazer qualquer alteração dos ITENS após o pedido ser marcado como Ativo
15:30:23.371 (1728306085)|HEAP_ALLOCATE|[193]|Bytes:5
15:30:23.371 (1728316286)|VARIABLE_ASSIGNMENT|[193]|ot|null|
15:30:23.371 (1728323777)|METHOD_EXIT|[26]|01pg8000001EZwd|OrdemItemHandler.checkActiveOrderItem()
15:30:23.371 (1728327926)|STATEMENT_EXECUTE|[27]
15:30:23.371 (1728337509)|METHOD_ENTRY|[27]|01pg8000001EZwd|OrdemItemHandler.executePricingLogic()
15:30:23.371 (1728348440)|VARIABLE_SCOPE_BEGIN|[35]|this|OrdemItemHandler|true|false
15:30:23.371 (1728388150)|VARIABLE_ASSIGNMENT|[35]|this|{"newRecords":"0x5778b188","newRecordsMap":"0x1669918c","oldRecords":"0x684ea509","oldRecordsMap":"0x541a8265","handlerName":"OrderItemHandler","isTriggerExecuting":true,"triggerEvent":"0x2bdd0133"}|0x42407211
15:30:23.371 (1728399020)|STATEMENT_EXECUTE|[35]
15:30:23.371 (1728400950)|STATEMENT_EXECUTE|[37]
15:30:23.371 (1728412390)|HEAP_ALLOCATE|[37]|Bytes:4
15:30:23.371 (1728423351)|VARIABLE_SCOPE_BEGIN|[37]|setOrderIds|Set<Id>|true|false
15:30:23.371 (1728447730)|VARIABLE_ASSIGNMENT|[37]|setOrderIds|[]|0x22d2e2f4
15:30:23.371 (1728450863)|STATEMENT_EXECUTE|[38]
15:30:23.371 (1728453647)|HEAP_ALLOCATE|[38]|Bytes:4
15:30:23.371 (1728458620)|VARIABLE_SCOPE_BEGIN|[38]|setProductIds|Set<Id>|true|false
15:30:23.371 (1728467077)|VARIABLE_ASSIGNMENT|[38]|setProductIds|[]|0x3f847e77
15:30:23.371 (1728471700)|STATEMENT_EXECUTE|[39]
15:30:23.371 (1728474700)|HEAP_ALLOCATE|[39]|Bytes:4
15:30:23.371 (1728481815)|VARIABLE_SCOPE_BEGIN|[39]|setAccountIds|Set<Id>|true|false
15:30:23.371 (1728488375)|VARIABLE_ASSIGNMENT|[39]|setAccountIds|[]|0x651345fd
15:30:23.371 (1728491072)|STATEMENT_EXECUTE|[42]
15:30:23.371 (1728499864)|HEAP_ALLOCATE|[42]|Bytes:4
15:30:23.371 (1728503609)|VARIABLE_SCOPE_BEGIN|[42]|itemsByOrderId|Map<Id,List<OrderItem>>|true|false
15:30:23.371 (1728512259)|VARIABLE_ASSIGNMENT|[42]|itemsByOrderId|{}|0xc7118f5
15:30:23.371 (1728532376)|HEAP_ALLOCATE|[45]|Bytes:5
15:30:23.371 (1728542195)|HEAP_ALLOCATE|[45]|Bytes:4
15:30:23.371 (1728547044)|VARIABLE_SCOPE_BEGIN|[45]|item|OrderItem|true|false
15:30:23.371 (1729002206)|VARIABLE_ASSIGNMENT|[45]|item|{"LastModifiedDate":"2026-04-10T18:30:24.000Z","DiscountPercentage__c":0.999737108801465881323026245742806,"DiscountValue__c":380285.50,"FinalPrice__c":380385.50,"ListPrice":1000.00,"AvailableQuantity":1.00,"PriceWithoutMargin__c":330770.00,"FreightValue__c":700.00,"CreatedById":"005g80000010N45AAE","MarginPercentage__c":15.00,"Product_Code_Display__c":"TRT 7","IsDeleted":false,"Quantity":10.00,"TaxPercentage__c":10.00,"OrderId":"801g8000009Vj6xAAC","OrderItemNumber":"0000100113","SystemModstamp":"2026-04-10T18:30:24.000Z","UnitPrice":100.00,"Product2Id":"01tg8000001ROs5AAG","ProductionCost__c":300000.00,"PricebookEntryId":"01ug8000000gSEPAA2","TotalPrice":1000.00,"CreatedDate":"2026-04-10T18:30:24.000Z","Id":"802g8000002mOIEAA2","LastModifiedById":"005g80000010N45AAE"}|0x131bab9
15:30:23.371 (1729013523)|STATEMENT_EXECUTE|[45]
15:30:23.371 (1729021359)|STATEMENT_EXECUTE|[46]
15:30:23.371 (1729022500)|STATEMENT_EXECUTE|[47]
15:30:23.371 (1729031545)|HEAP_ALLOCATE|[EXTERNAL]|Bytes:4
15:30:23.371 (1729047548)|STATEMENT_EXECUTE|[49]
15:30:23.371 (1729055782)|HEAP_ALLOCATE|[49]|Bytes:4
15:30:23.371 (1729067418)|HEAP_ALLOCATE|[EXTERNAL]|Bytes:4
15:30:23.371 (1729070580)|HEAP_ALLOCATE|[EXTERNAL]|Bytes:-4
15:30:23.371 (1729074396)|STATEMENT_EXECUTE|[50]
15:30:23.371 (1729098665)|HEAP_ALLOCATE|[EXTERNAL]|Bytes:4
15:30:23.371 (1729104198)|STATEMENT_EXECUTE|[52]
15:30:23.371 (1729107840)|HEAP_ALLOCATE|[EXTERNAL]|Bytes:4
15:30:23.371 (1729115660)|HEAP_ALLOCATE|[45]|Bytes:5
15:30:23.371 (1729123079)|VARIABLE_ASSIGNMENT|[45]|item|null|
15:30:23.371 (1729125968)|STATEMENT_EXECUTE|[56]
15:30:23.371 (1729131890)|METHOD_ENTRY|[56]|01pg8000001w1Md|OrderSelector.getOrdersByIds(Set<Id>)
15:30:23.371 (1729136845)|VARIABLE_SCOPE_BEGIN|[2]|ids|Set<Id>|true|false
15:30:23.371 (1729149125)|VARIABLE_ASSIGNMENT|[2]|ids|["801g8000009Vj6xAAC"]|0x22d2e2f4
15:30:23.371 (1729156111)|STATEMENT_EXECUTE|[2]
15:30:23.371 (1729157023)|STATEMENT_EXECUTE|[3]
15:30:23.371 (1729162423)|HEAP_ALLOCATE|[3]|Bytes:4
15:30:23.371 (1729169223)|HEAP_ALLOCATE|[3]|Bytes:4
15:30:23.371 (1729525985)|SOQL_EXECUTE_BEGIN|[3]|Aggregations:0|SELECT Id, DistributionCenter__c, State__c, City__c, Country__c, AccountId, Status FROM Order WHERE Id = :tmpVar1
15:30:23.371 (1733046725)|SOQL_EXECUTE_END|[3]|Rows:1
15:30:23.371 (1733072324)|HEAP_ALLOCATE|[3]|Bytes:8
15:30:23.371 (1733088741)|HEAP_ALLOCATE|[3]|Bytes:213
15:30:23.371 (1733124847)|HEAP_ALLOCATE|[3]|Bytes:8
15:30:23.371 (1733143912)|HEAP_ALLOCATE|[3]|Bytes:32
15:30:23.371 (1733160710)|HEAP_ALLOCATE|[3]|Bytes:4
15:30:23.371 (1733171277)|METHOD_EXIT|[56]|01pg8000001w1Md|OrderSelector.getOrdersByIds(Set<Id>)
15:30:23.371 (1733177940)|VARIABLE_SCOPE_BEGIN|[56]|mapOrders|Map<Id,Order>|true|false
15:30:23.371 (1733277552)|VARIABLE_ASSIGNMENT|[56]|mapOrders|{"801g8000009Vj6xAAC":{"Status":"Activated","City__c":"a05g8000002BdsvAAC","Country__c":"a03g80000084tirAAA","AccountId":"001g8000009Vj6vAAC","DistributionCenter__c":"a06g8000001gZSDAA2","Id":"801g8000009Vj6xAAC","State__c":"a04g8000000b4kbAAA"}}|0x483d03ce
15:30:23.371 (1733294039)|HEAP_ALLOCATE|[EXTERNAL]|Bytes:8
15:30:23.371 (1733301558)|HEAP_ALLOCATE|[58]|Bytes:220
15:30:23.371 (1733323937)|HEAP_ALLOCATE|[58]|Bytes:5
15:30:23.371 (1733332623)|HEAP_ALLOCATE|[58]|Bytes:32
15:30:23.371 (1733339571)|VARIABLE_SCOPE_BEGIN|[58]|o|Order|true|false
15:30:23.371 (1733373346)|VARIABLE_ASSIGNMENT|[58]|o|{"Status":"Activated","City__c":"a05g8000002BdsvAAC","Country__c":"a03g80000084tirAAA","AccountId":"001g8000009Vj6vAAC","DistributionCenter__c":"a06g8000001gZSDAA2","Id":"801g8000009Vj6xAAC","State__c":"a04g8000000b4kbAAA"}|0x6ab9a1a5
15:30:23.371 (1733380633)|STATEMENT_EXECUTE|[58]
15:30:23.371 (1733395950)|HEAP_ALLOCATE|[EXTERNAL]|Bytes:4
15:30:23.371 (1733403414)|HEAP_ALLOCATE|[58]|Bytes:5
15:30:23.371 (1733409645)|VARIABLE_ASSIGNMENT|[58]|o|null|
15:30:23.371 (1733413051)|STATEMENT_EXECUTE|[60]
15:30:23.371 (1733418551)|METHOD_ENTRY|[60]|01pg8000001w1MX|AccountSelector.getAccountByIds(Set<Id>)
15:30:23.371 (1733423065)|VARIABLE_SCOPE_BEGIN|[2]|ids|Set<Id>|true|false
15:30:23.371 (1733433374)|VARIABLE_ASSIGNMENT|[2]|ids|["001g8000009Vj6vAAC"]|0x651345fd
15:30:23.371 (1733442873)|STATEMENT_EXECUTE|[2]
15:30:23.371 (1733444127)|STATEMENT_EXECUTE|[3]
15:30:23.371 (1733452401)|HEAP_ALLOCATE|[3]|Bytes:4
15:30:23.371 (1733458929)|HEAP_ALLOCATE|[3]|Bytes:4
15:30:23.371 (1733709541)|SOQL_EXECUTE_BEGIN|[3]|Aggregations:0|SELECT Id, AccountGroup__c FROM Account WHERE Id = :tmpVar1
15:30:23.371 (1736993736)|SOQL_EXECUTE_END|[3]|Rows:1
15:30:23.371 (1737015422)|HEAP_ALLOCATE|[3]|Bytes:8
15:30:23.371 (1737032389)|HEAP_ALLOCATE|[3]|Bytes:66
15:30:23.371 (1737069864)|HEAP_ALLOCATE|[3]|Bytes:8
15:30:23.371 (1737087389)|HEAP_ALLOCATE|[3]|Bytes:12
15:30:23.371 (1737102029)|HEAP_ALLOCATE|[3]|Bytes:4
15:30:23.371 (1737112559)|METHOD_EXIT|[60]|01pg8000001w1MX|AccountSelector.getAccountByIds(Set<Id>)
15:30:23.371 (1737120428)|VARIABLE_SCOPE_BEGIN|[60]|mapAccounts|Map<Id,Account>|true|false
15:30:23.371 (1737192627)|VARIABLE_ASSIGNMENT|[60]|mapAccounts|{"001g8000009Vj6vAAC":{"AccountGroup__c":"a02g8000002mOIDAA2","Id":"001g8000009Vj6vAAC"}}|0x53a8f3
15:30:23.371 (1737199746)|STATEMENT_EXECUTE|[62]
15:30:23.371 (1737207611)|METHOD_ENTRY|[62]|01pg8000001w1Mf|ProductSelector.getProductByIds(Set<Id>)
15:30:23.371 (1737212327)|VARIABLE_SCOPE_BEGIN|[2]|ids|Set<Id>|true|false
15:30:23.371 (1737222999)|VARIABLE_ASSIGNMENT|[2]|ids|["01tg8000001ROs5AAG"]|0x3f847e77
15:30:23.371 (1737232030)|STATEMENT_EXECUTE|[2]
15:30:23.371 (1737233348)|STATEMENT_EXECUTE|[3]
15:30:23.371 (1737242600)|HEAP_ALLOCATE|[3]|Bytes:4
15:30:23.371 (1737248867)|HEAP_ALLOCATE|[3]|Bytes:4
15:30:23.371 (1737521101)|SOQL_EXECUTE_BEGIN|[3]|Aggregations:0|SELECT Id, ProductionCost__c, ProductHierarchy__c FROM Product2 WHERE Id = :tmpVar1
15:30:23.371 (1740044143)|SOQL_EXECUTE_END|[3]|Rows:1
15:30:23.371 (1740064833)|HEAP_ALLOCATE|[3]|Bytes:8
15:30:23.371 (1740081077)|HEAP_ALLOCATE|[3]|Bytes:127
15:30:23.371 (1740111514)|HEAP_ALLOCATE|[3]|Bytes:8
15:30:23.371 (1740130431)|HEAP_ALLOCATE|[3]|Bytes:16
15:30:23.371 (1740144933)|HEAP_ALLOCATE|[3]|Bytes:4
15:30:23.371 (1740154652)|METHOD_EXIT|[62]|01pg8000001w1Mf|ProductSelector.getProductByIds(Set<Id>)
15:30:23.371 (1740161858)|VARIABLE_SCOPE_BEGIN|[62]|mapProducts|Map<Id,Product2>|true|false
15:30:23.371 (1740231449)|VARIABLE_ASSIGNMENT|[62]|mapProducts|{"01tg8000001ROs5AAG":{"ProductionCost__c":300000.00,"ProductHierarchy__c":"a01g8000009Vj6wAAC","Id":"01tg8000001ROs5AAG"}}|0x2559f765
15:30:23.371 (1740238374)|STATEMENT_EXECUTE|[65]
15:30:23.371 (1740245434)|METHOD_ENTRY|[65]|01pg8000001w1MZ|MargemSelector.getMargemApproved()
15:30:23.371 (1740260848)|STATEMENT_EXECUTE|[2]
15:30:23.371 (1740262090)|STATEMENT_EXECUTE|[3]
15:30:23.371 (1740298277)|HEAP_ALLOCATE|[3]|Bytes:4
15:30:23.371 (1740597139)|SOQL_EXECUTE_BEGIN|[3]|Aggregations:0|SELECT Product__c, ProductHierarchy__c, Account__c, AccountGroup__c, City__c, State__c, Country__c, MarginValuePercent__c FROM Margem__c WHERE Status__c = 'Approved'
15:30:23.371 (1743512509)|SOQL_EXECUTE_END|[3]|Rows:1
15:30:23.371 (1743532317)|HEAP_ALLOCATE|[3]|Bytes:8
15:30:23.371 (1743552077)|HEAP_ALLOCATE|[3]|Bytes:184
15:30:23.371 (1743585877)|HEAP_ALLOCATE|[3]|Bytes:8
15:30:23.371 (1743601480)|METHOD_EXIT|[65]|01pg8000001w1MZ|MargemSelector.getMargemApproved()
15:30:23.371 (1743609190)|VARIABLE_SCOPE_BEGIN|[65]|listMargins|List<Margem__c>|true|false
15:30:23.371 (1743695183)|VARIABLE_ASSIGNMENT|[65]|listMargins|[{"Account__c":"001g8000009Vj6vAAC","Product__c":"01tg8000001ROs5AAG","Id":"a00g800000Pi4uLAAR","State__c":"a04g8000000b4kbAAA","MarginValuePercent__c":15.00}]|0x12e175
15:30:23.371 (1743702773)|STATEMENT_EXECUTE|[68]
15:30:23.371 (1743711662)|HEAP_ALLOCATE|[68]|Bytes:4
15:30:23.371 (1743718641)|VARIABLE_SCOPE_BEGIN|[68]|mapMargin|Map<String,Margem__c>|true|false
15:30:23.371 (1743727988)|VARIABLE_ASSIGNMENT|[68]|mapMargin|{}|0x5e7c6e44
15:30:23.371 (1743756996)|HEAP_ALLOCATE|[69]|Bytes:5
15:30:23.371 (1743769848)|HEAP_ALLOCATE|[69]|Bytes:24
15:30:23.371 (1743777068)|VARIABLE_SCOPE_BEGIN|[69]|m|Margem__c|true|false
15:30:23.371 (1743802348)|VARIABLE_ASSIGNMENT|[69]|m|{"Account__c":"001g8000009Vj6vAAC","Product__c":"01tg8000001ROs5AAG","Id":"a00g800000Pi4uLAAR","State__c":"a04g8000000b4kbAAA","MarginValuePercent__c":15.00}|0x5023a6c5
15:30:23.371 (1743807218)|STATEMENT_EXECUTE|[69]
15:30:23.371 (1743808581)|STATEMENT_EXECUTE|[70]
15:30:23.371 (1743838709)|HEAP_ALLOCATE|[70]|Bytes:18
15:30:23.371 (1743845470)|VARIABLE_SCOPE_BEGIN|[70]|p|String|false|false
15:30:23.371 (1743852078)|VARIABLE_ASSIGNMENT|[70]|p|"01tg8000001ROs5AAG"
15:30:23.371 (1743855746)|STATEMENT_EXECUTE|[71]
15:30:23.371 (1743864045)|HEAP_ALLOCATE|[71]|Bytes:18
15:30:23.371 (1743869680)|VARIABLE_SCOPE_BEGIN|[71]|a|String|false|false
15:30:23.371 (1743875958)|VARIABLE_ASSIGNMENT|[71]|a|"001g8000009Vj6vAAC"
15:30:23.371 (1743879315)|STATEMENT_EXECUTE|[72]
15:30:23.371 (1743890312)|HEAP_ALLOCATE|[72]|Bytes:18
15:30:23.371 (1743896068)|VARIABLE_SCOPE_BEGIN|[72]|l|String|false|false
15:30:23.371 (1743902168)|VARIABLE_ASSIGNMENT|[72]|l|"a04g8000000b4kbAAA"
15:30:23.371 (1743905350)|STATEMENT_EXECUTE|[75]
15:30:23.371 (1743914145)|HEAP_ALLOCATE|[75]|Bytes:56
15:30:23.371 (1743917326)|VARIABLE_SCOPE_BEGIN|[75]|compositeKey|String|false|false
15:30:23.371 (1743925179)|VARIABLE_ASSIGNMENT|[75]|compositeKey|"01tg8000001ROs5AAG_0 (36 more) ..."
15:30:23.371 (1743929417)|STATEMENT_EXECUTE|[76]
15:30:23.371 (1743938981)|HEAP_ALLOCATE|[EXTERNAL]|Bytes:-4
15:30:23.371 (1743944050)|STATEMENT_EXECUTE|[77]
15:30:23.371 (1743949545)|HEAP_ALLOCATE|[77]|Bytes:84
15:30:23.371 (1743974074)|USER_DEBUG|[77]|DEBUG|MAPA MARGEM - Chave Gerada: 01tg8000001ROs5AAG_001g8000009Vj6vAAC_a04g8000000b4kbAAA
15:30:23.371 (1743984915)|HEAP_ALLOCATE|[69]|Bytes:5
15:30:23.371 (1743992448)|VARIABLE_ASSIGNMENT|[69]|m|null|
15:30:23.371 (1743995830)|STATEMENT_EXECUTE|[81]
15:30:23.371 (1744001454)|METHOD_ENTRY|[81]|01pg8000001w1Mg|TaxSelector.getTaxApproved()
15:30:23.371 (1744011595)|STATEMENT_EXECUTE|[2]
15:30:23.371 (1744012688)|STATEMENT_EXECUTE|[3]
15:30:23.371 (1744020328)|HEAP_ALLOCATE|[3]|Bytes:4
15:30:23.371 (1744296678)|SOQL_EXECUTE_BEGIN|[3]|Aggregations:0|SELECT Product__c, State__c, DistributionCenter__c, TaxRate__c FROM Tax__c WHERE Status__c = 'Approved'
15:30:23.371 (1746934176)|SOQL_EXECUTE_END|[3]|Rows:1
15:30:23.371 (1746955160)|HEAP_ALLOCATE|[3]|Bytes:8
15:30:23.371 (1746977334)|HEAP_ALLOCATE|[3]|Bytes:184
15:30:23.371 (1747017676)|HEAP_ALLOCATE|[3]|Bytes:8
15:30:23.371 (1747035560)|METHOD_EXIT|[81]|01pg8000001w1Mg|TaxSelector.getTaxApproved()
15:30:23.371 (1747043539)|VARIABLE_SCOPE_BEGIN|[81]|listTaxes|List<Tax__c>|true|false
15:30:23.371 (1747140916)|VARIABLE_ASSIGNMENT|[81]|listTaxes|[{"DistributionCenter__c":"a06g8000001gZSDAA2","Product__c":"01tg8000001ROs5AAG","TaxRate__c":10.00,"Id":"a09g8000002D0gzAAC","State__c":"a04g8000000b4kbAAA"}]|0x3d03c948
15:30:23.371 (1747149000)|STATEMENT_EXECUTE|[83]
15:30:23.371 (1747158313)|HEAP_ALLOCATE|[83]|Bytes:4
15:30:23.371 (1747165204)|VARIABLE_SCOPE_BEGIN|[83]|mapTaxByCompositeKey|Map<String,Tax__c>|true|false
15:30:23.371 (1747174603)|VARIABLE_ASSIGNMENT|[83]|mapTaxByCompositeKey|{}|0x785b4a85
15:30:23.371 (1747202721)|HEAP_ALLOCATE|[84]|Bytes:5
15:30:23.371 (1747214565)|HEAP_ALLOCATE|[84]|Bytes:24
15:30:23.371 (1747220889)|VARIABLE_SCOPE_BEGIN|[84]|t|Tax__c|true|false
15:30:23.371 (1747245700)|VARIABLE_ASSIGNMENT|[84]|t|{"DistributionCenter__c":"a06g8000001gZSDAA2","Product__c":"01tg8000001ROs5AAG","TaxRate__c":10.00,"Id":"a09g8000002D0gzAAC","State__c":"a04g8000000b4kbAAA"}|0x6d230d5f
15:30:23.371 (1747250676)|STATEMENT_EXECUTE|[84]
15:30:23.371 (1747251994)|STATEMENT_EXECUTE|[85]
15:30:23.371 (1747277014)|HEAP_ALLOCATE|[85]|Bytes:18
15:30:23.371 (1747287335)|HEAP_ALLOCATE|[86]|Bytes:18
15:30:23.371 (1747295505)|HEAP_ALLOCATE|[87]|Bytes:18
15:30:23.371 (1747302565)|HEAP_ALLOCATE|[85]|Bytes:54
15:30:23.371 (1747305055)|VARIABLE_SCOPE_BEGIN|[85]|key|String|false|false
15:30:23.371 (1747311702)|VARIABLE_ASSIGNMENT|[85]|key|"01tg8000001ROs5AAGa0 (34 more) ..."
15:30:23.371 (1747328969)|STATEMENT_EXECUTE|[88]
15:30:23.371 (1747337366)|HEAP_ALLOCATE|[EXTERNAL]|Bytes:-4
15:30:23.371 (1747345471)|HEAP_ALLOCATE|[84]|Bytes:5
15:30:23.371 (1747351741)|VARIABLE_ASSIGNMENT|[84]|t|null|
15:30:23.371 (1747354841)|STATEMENT_EXECUTE|[92]
15:30:23.371 (1747359756)|METHOD_ENTRY|[92]|01pg8000001w1MY|FreightSelector.getFreightApproved()
15:30:23.371 (1747369628)|STATEMENT_EXECUTE|[2]
15:30:23.371 (1747370719)|STATEMENT_EXECUTE|[3]
15:30:23.371 (1747376689)|HEAP_ALLOCATE|[3]|Bytes:4
15:30:23.371 (1747637138)|SOQL_EXECUTE_BEGIN|[3]|Aggregations:0|SELECT Product__c, City__c, State__c, Country__c, DistributionCenter__c, FreightValue__c, ProductHierarchy__c FROM Freight__c WHERE Status__c = 'Approved'
15:30:23.371 (1750229815)|SOQL_EXECUTE_END|[3]|Rows:1
15:30:23.371 (1750250725)|HEAP_ALLOCATE|[3]|Bytes:8
15:30:23.371 (1750268974)|HEAP_ALLOCATE|[3]|Bytes:189
15:30:23.371 (1750300184)|HEAP_ALLOCATE|[3]|Bytes:8
15:30:23.371 (1750315474)|METHOD_EXIT|[92]|01pg8000001w1MY|FreightSelector.getFreightApproved()
15:30:23.371 (1750320907)|VARIABLE_SCOPE_BEGIN|[92]|listFreights|List<Freight__c>|true|false
15:30:23.371 (1750399898)|VARIABLE_ASSIGNMENT|[92]|listFreights|[{"DistributionCenter__c":"a06g8000001gZSDAA2","Product__c":"01tg8000001ROs5AAG","Id":"a0Ag8000000gEszEAE","State__c":"a04g8000000b4kbAAA","FreightValue__c":700.00}]|0x660610e1
15:30:23.371 (1750407292)|STATEMENT_EXECUTE|[94]
15:30:23.371 (1750415928)|HEAP_ALLOCATE|[94]|Bytes:4
15:30:23.371 (1750422926)|VARIABLE_SCOPE_BEGIN|[94]|mapFreight|Map<String,Freight__c>|true|false
15:30:23.371 (1750432512)|VARIABLE_ASSIGNMENT|[94]|mapFreight|{}|0x30bb0a3b
15:30:23.371 (1750459319)|HEAP_ALLOCATE|[95]|Bytes:5
15:30:23.371 (1750470499)|HEAP_ALLOCATE|[95]|Bytes:24
15:30:23.371 (1750476935)|VARIABLE_SCOPE_BEGIN|[95]|f|Freight__c|true|false
15:30:23.371 (1750501673)|VARIABLE_ASSIGNMENT|[95]|f|{"DistributionCenter__c":"a06g8000001gZSDAA2","Product__c":"01tg8000001ROs5AAG","Id":"a0Ag8000000gEszEAE","State__c":"a04g8000000b4kbAAA","FreightValue__c":700.00}|0x33f4e571
15:30:23.371 (1750506520)|STATEMENT_EXECUTE|[95]
15:30:23.371 (1750507913)|STATEMENT_EXECUTE|[96]
15:30:23.371 (1750533761)|HEAP_ALLOCATE|[96]|Bytes:18
15:30:23.371 (1750540132)|VARIABLE_SCOPE_BEGIN|[96]|quem|String|false|false
15:30:23.371 (1750545356)|VARIABLE_ASSIGNMENT|[96]|quem|"01tg8000001ROs5AAG"
15:30:23.371 (1750548089)|STATEMENT_EXECUTE|[97]
15:30:23.371 (1750556327)|HEAP_ALLOCATE|[97]|Bytes:18
15:30:23.371 (1750560566)|VARIABLE_SCOPE_BEGIN|[97]|onde|String|false|false
15:30:23.371 (1750564937)|VARIABLE_ASSIGNMENT|[97]|onde|"a04g8000000b4kbAAA"
15:30:23.371 (1750567149)|STATEMENT_EXECUTE|[99]
15:30:23.371 (1750578964)|HEAP_ALLOCATE|[99]|Bytes:37
15:30:23.371 (1750581116)|VARIABLE_SCOPE_BEGIN|[99]|key|String|false|false
15:30:23.371 (1750586759)|VARIABLE_ASSIGNMENT|[99]|key|"01tg8000001ROs5AAG_a (17 more) ..."
15:30:23.371 (1750589386)|STATEMENT_EXECUTE|[101]
15:30:23.371 (1750597184)|HEAP_ALLOCATE|[EXTERNAL]|Bytes:-4
15:30:23.371 (1750601039)|STATEMENT_EXECUTE|[102]
15:30:23.371 (1750605034)|HEAP_ALLOCATE|[102]|Bytes:64
15:30:23.371 (1750625493)|USER_DEBUG|[102]|DEBUG|MAPA FRETE - Chave Gerada: 01tg8000001ROs5AAG_a04g8000000b4kbAAA
15:30:23.371 (1750634506)|HEAP_ALLOCATE|[95]|Bytes:5
15:30:23.371 (1750640559)|VARIABLE_ASSIGNMENT|[95]|f|null|
15:30:23.371 (1750653423)|HEAP_ALLOCATE|[106]|Bytes:5
15:30:23.371 (1750663724)|HEAP_ALLOCATE|[106]|Bytes:4
15:30:23.371 (1750667384)|VARIABLE_SCOPE_BEGIN|[106]|item|OrderItem|true|false
15:30:23.371 (1751204873)|VARIABLE_ASSIGNMENT|[106]|item|{"LastModifiedDate":"2026-04-10T18:30:24.000Z","DiscountPercentage__c":0.999737108801465881323026245742806,"DiscountValue__c":380285.50,"FinalPrice__c":380385.50,"ListPrice":1000.00,"AvailableQuantity":1.00,"PriceWithoutMargin__c":330770.00,"FreightValue__c":700.00,"CreatedById":"005g80000010N45AAE","MarginPercentage__c":15.00,"Product_Code_Display__c":"TRT 7","IsDeleted":false,"Quantity":10.00,"TaxPercentage__c":10.00,"OrderId":"801g8000009Vj6xAAC","OrderItemNumber":"0000100113","SystemModstamp":"2026-04-10T18:30:24.000Z","UnitPrice":100.00,"Product2Id":"01tg8000001ROs5AAG","ProductionCost__c":300000.00,"PricebookEntryId":"01ug8000000gSEPAA2","TotalPrice":1000.00,"CreatedDate":"2026-04-10T18:30:24.000Z","Id":"802g8000002mOIEAA2","LastModifiedById":"005g80000010N45AAE"}|0x131bab9
15:30:23.371 (1751216160)|STATEMENT_EXECUTE|[106]
15:30:23.371 (1751217639)|STATEMENT_EXECUTE|[107]
15:30:23.371 (1751236425)|VARIABLE_SCOPE_BEGIN|[107]|pedido|Order|true|false
15:30:23.371 (1751294572)|VARIABLE_ASSIGNMENT|[107]|pedido|{"Status":"Activated","City__c":"a05g8000002BdsvAAC","Country__c":"a03g80000084tirAAA","AccountId":"001g8000009Vj6vAAC","DistributionCenter__c":"a06g8000001gZSDAA2","Id":"801g8000009Vj6xAAC","State__c":"a04g8000000b4kbAAA"}|0x6ab9a1a5
15:30:23.371 (1751299315)|STATEMENT_EXECUTE|[108]
15:30:23.371 (1751309984)|VARIABLE_SCOPE_BEGIN|[108]|produto|Product2|true|false
15:30:23.371 (1751354923)|VARIABLE_ASSIGNMENT|[108]|produto|{"ProductionCost__c":300000.00,"ProductHierarchy__c":"a01g8000009Vj6wAAC","Id":"01tg8000001ROs5AAG"}|0x3b43d987
15:30:23.371 (1751358389)|STATEMENT_EXECUTE|[109]
15:30:23.371 (1751370879)|VARIABLE_SCOPE_BEGIN|[109]|cliente|Account|true|false
15:30:23.371 (1751394041)|VARIABLE_ASSIGNMENT|[109]|cliente|{"AccountGroup__c":"a02g8000002mOIDAA2","Id":"001g8000009Vj6vAAC"}|0x6d945716
15:30:23.371 (1751421157)|HEAP_ALLOCATE|[113]|Bytes:28
15:30:23.371 (1751424095)|HEAP_ALLOCATE|[113]|Bytes:28
15:30:23.371 (1751450987)|HEAP_ALLOCATE|[113]|Bytes:28
15:30:23.371 (1751452586)|HEAP_ALLOCATE|[113]|Bytes:28
15:30:23.371 (1751461675)|STATEMENT_EXECUTE|[113]
15:30:23.371 (1751464470)|STATEMENT_EXECUTE|[119]
15:30:23.371 (1751465675)|STATEMENT_EXECUTE|[121]
15:30:23.371 (1751472590)|HEAP_ALLOCATE|[121]|Bytes:18
15:30:23.371 (1751481676)|HEAP_ALLOCATE|[122]|Bytes:18
15:30:23.371 (1751489169)|HEAP_ALLOCATE|[123]|Bytes:18
15:30:23.371 (1751494966)|HEAP_ALLOCATE|[121]|Bytes:54
15:30:23.371 (1751497436)|VARIABLE_SCOPE_BEGIN|[121]|keyOrderItemImposto|String|false|false
15:30:23.371 (1751503100)|VARIABLE_ASSIGNMENT|[121]|keyOrderItemImposto|"01tg8000001ROs5AAGa0 (34 more) ..."
15:30:23.371 (1751505346)|STATEMENT_EXECUTE|[125]
15:30:23.371 (1751515264)|VARIABLE_SCOPE_BEGIN|[125]|impostoEncontrado|Tax__c|true|false
15:30:23.371 (1751544022)|VARIABLE_ASSIGNMENT|[125]|impostoEncontrado|{"DistributionCenter__c":"a06g8000001gZSDAA2","Product__c":"01tg8000001ROs5AAG","TaxRate__c":10.00,"Id":"a09g8000002D0gzAAC","State__c":"a04g8000000b4kbAAA"}|0x6d230d5f
15:30:23.371 (1751547769)|STATEMENT_EXECUTE|[127]
15:30:23.371 (1752045782)|VARIABLE_ASSIGNMENT|[127]|this.TaxPercentage__c|10.00|0x131bab9
15:30:23.371 (1752051128)|STATEMENT_EXECUTE|[130]
15:30:23.371 (1752066185)|METHOD_ENTRY|[130]|01pg8000001F8kf|PricingService.findMargin(OrderItem, Order, Map<String,Margem__c>, Id, Account)
15:30:23.371 (1752071632)|VARIABLE_SCOPE_BEGIN|[21]|item|OrderItem|true|false
15:30:23.371 (1752492728)|VARIABLE_ASSIGNMENT|[21]|item|{"LastModifiedDate":"2026-04-10T18:30:24.000Z","DiscountPercentage__c":0.999737108801465881323026245742806,"DiscountValue__c":380285.50,"FinalPrice__c":380385.50,"ListPrice":1000.00,"AvailableQuantity":1.00,"PriceWithoutMargin__c":330770.00,"FreightValue__c":700.00,"CreatedById":"005g80000010N45AAE","MarginPercentage__c":15.00,"Product_Code_Display__c":"TRT 7","IsDeleted":false,"Quantity":10.00,"TaxPercentage__c":10.00,"OrderId":"801g8000009Vj6xAAC","OrderItemNumber":"0000100113","SystemModstamp":"2026-04-10T18:30:24.000Z","UnitPrice":100.00,"Product2Id":"01tg8000001ROs5AAG","ProductionCost__c":300000.00,"PricebookEntryId":"01ug8000000gSEPAA2","TotalPrice":1000.00,"CreatedDate":"2026-04-10T18:30:24.000Z","Id":"802g8000002mOIEAA2","LastModifiedById":"005g80000010N45AAE"}|0x131bab9
15:30:23.371 (1752503501)|VARIABLE_SCOPE_BEGIN|[21]|pedido|Order|true|false
15:30:23.371 (1752558435)|VARIABLE_ASSIGNMENT|[21]|pedido|{"Status":"Activated","City__c":"a05g8000002BdsvAAC","Country__c":"a03g80000084tirAAA","AccountId":"001g8000009Vj6vAAC","DistributionCenter__c":"a06g8000001gZSDAA2","Id":"801g8000009Vj6xAAC","State__c":"a04g8000000b4kbAAA"}|0x6ab9a1a5
15:30:23.371 (1752562883)|VARIABLE_SCOPE_BEGIN|[21]|mapMargin|Map<String,Margem__c>|true|false
15:30:23.371 (1752600429)|VARIABLE_ASSIGNMENT|[21]|mapMargin|{"01tg8000001ROs5AAG_001g8000009Vj6vAAC_a04g8000000b4kbAAA":{"Account__c":"001g8000009Vj6vAAC","Product__c":"01tg8000001ROs5AAG","Id":"a00g800000Pi4uLAAR","State__c":"a04g8000000b4kbAAA","MarginValuePercent__c":15.00}}|0x5e7c6e44
15:30:23.371 (1752604395)|VARIABLE_SCOPE_BEGIN|[21]|h|Id|false|false
15:30:23.371 (1752675104)|VARIABLE_ASSIGNMENT|[21]|h|"a01g8000009Vj6wAAC"
15:30:23.371 (1752678275)|VARIABLE_SCOPE_BEGIN|[21]|cliente|Account|true|false
15:30:23.371 (1752699855)|VARIABLE_ASSIGNMENT|[21]|cliente|{"AccountGroup__c":"a02g8000002mOIDAA2","Id":"001g8000009Vj6vAAC"}|0x6d945716
15:30:23.371 (1752712225)|STATEMENT_EXECUTE|[21]
15:30:23.371 (1752713433)|STATEMENT_EXECUTE|[22]
15:30:23.371 (1752722442)|VARIABLE_SCOPE_BEGIN|[22]|p|Id|false|false
15:30:23.371 (1752748464)|VARIABLE_ASSIGNMENT|[22]|p|"01tg8000001ROs5AAG"
15:30:23.371 (1752751493)|STATEMENT_EXECUTE|[23]
15:30:23.371 (1752754826)|VARIABLE_SCOPE_BEGIN|[23]|a|Id|false|false
15:30:23.371 (1752774226)|VARIABLE_ASSIGNMENT|[23]|a|"001g8000009Vj6vAAC"
15:30:23.371 (1752776760)|STATEMENT_EXECUTE|[24]
15:30:23.371 (1752782185)|VARIABLE_SCOPE_BEGIN|[24]|g|Id|false|false
15:30:23.371 (1752808892)|VARIABLE_ASSIGNMENT|[24]|g|"a02g8000002mOIDAA2"
15:30:23.371 (1752814540)|STATEMENT_EXECUTE|[25]
15:30:23.371 (1752818780)|VARIABLE_SCOPE_BEGIN|[25]|c|Id|false|false
15:30:23.371 (1752848217)|VARIABLE_ASSIGNMENT|[25]|c|"a05g8000002BdsvAAC"
15:30:23.371 (1752851398)|STATEMENT_EXECUTE|[26]
15:30:23.371 (1752854368)|VARIABLE_SCOPE_BEGIN|[26]|e|Id|false|false
15:30:23.371 (1752878605)|VARIABLE_ASSIGNMENT|[26]|e|"a04g8000000b4kbAAA"
15:30:23.371 (1752881155)|STATEMENT_EXECUTE|[27]
15:30:23.371 (1752884484)|VARIABLE_SCOPE_BEGIN|[27]|pa|Id|false|false
15:30:23.371 (1752902555)|VARIABLE_ASSIGNMENT|[27]|pa|"a03g80000084tirAAA"
15:30:23.371 (1752920546)|HEAP_ALLOCATE|[30]|Bytes:18
15:30:23.371 (1752931613)|HEAP_ALLOCATE|[30]|Bytes:18
15:30:23.371 (1752937656)|HEAP_ALLOCATE|[30]|Bytes:18
15:30:23.371 (1752944625)|HEAP_ALLOCATE|[30]|Bytes:56
15:30:23.371 (1752957277)|STATEMENT_EXECUTE|[30]
15:30:23.371 (1752961190)|HEAP_ALLOCATE|[31]|Bytes:18
15:30:23.371 (1752967257)|HEAP_ALLOCATE|[31]|Bytes:18
15:30:23.371 (1752972895)|HEAP_ALLOCATE|[31]|Bytes:18
15:30:23.371 (1752976943)|HEAP_ALLOCATE|[31]|Bytes:56
15:30:23.371 (1752981967)|STATEMENT_EXECUTE|[31]
15:30:23.371 (1752985305)|HEAP_ALLOCATE|[31]|Bytes:18
15:30:23.371 (1752991191)|HEAP_ALLOCATE|[31]|Bytes:18
15:30:23.371 (1752996833)|HEAP_ALLOCATE|[31]|Bytes:18
15:30:23.371 (1753001030)|HEAP_ALLOCATE|[31]|Bytes:56
15:30:23.371 (1753016775)|METHOD_EXIT|[130]|01pg8000001F8kf|PricingService.findMargin(OrderItem, Order, Map<String,Margem__c>, Id, Account)
15:30:23.371 (1753022379)|VARIABLE_SCOPE_BEGIN|[130]|margem|Margem__c|true|false
15:30:23.371 (1753056384)|VARIABLE_ASSIGNMENT|[130]|margem|{"Account__c":"001g8000009Vj6vAAC","Product__c":"01tg8000001ROs5AAG","Id":"a00g800000Pi4uLAAR","State__c":"a04g8000000b4kbAAA","MarginValuePercent__c":15.00}|0x5023a6c5
15:30:23.371 (1753061290)|STATEMENT_EXECUTE|[131]
15:30:23.371 (1753503579)|VARIABLE_ASSIGNMENT|[131]|this.MarginPercentage__c|15.00|0x131bab9
15:30:23.371 (1753508349)|STATEMENT_EXECUTE|[134]
15:30:23.371 (1753519051)|METHOD_ENTRY|[134]|01pg8000001F8kf|PricingService.findFreightValue(OrderItem, Order, Map<String,Freight__c>, Id)
15:30:23.371 (1753523334)|VARIABLE_SCOPE_BEGIN|[4]|item|OrderItem|true|false
15:30:23.371 (1753904304)|VARIABLE_ASSIGNMENT|[4]|item|{"LastModifiedDate":"2026-04-10T18:30:24.000Z","DiscountPercentage__c":0.999737108801465881323026245742806,"DiscountValue__c":380285.50,"FinalPrice__c":380385.50,"ListPrice":1000.00,"AvailableQuantity":1.00,"PriceWithoutMargin__c":330770.00,"FreightValue__c":700.00,"CreatedById":"005g80000010N45AAE","MarginPercentage__c":15.00,"Product_Code_Display__c":"TRT 7","IsDeleted":false,"Quantity":10.00,"TaxPercentage__c":10.00,"OrderId":"801g8000009Vj6xAAC","OrderItemNumber":"0000100113","SystemModstamp":"2026-04-10T18:30:24.000Z","UnitPrice":100.00,"Product2Id":"01tg8000001ROs5AAG","ProductionCost__c":300000.00,"PricebookEntryId":"01ug8000000gSEPAA2","TotalPrice":1000.00,"CreatedDate":"2026-04-10T18:30:24.000Z","Id":"802g8000002mOIEAA2","LastModifiedById":"005g80000010N45AAE"}|0x131bab9
15:30:23.371 (1753913660)|VARIABLE_SCOPE_BEGIN|[4]|pedido|Order|true|false
15:30:23.371 (1753953329)|VARIABLE_ASSIGNMENT|[4]|pedido|{"Status":"Activated","City__c":"a05g8000002BdsvAAC","Country__c":"a03g80000084tirAAA","AccountId":"001g8000009Vj6vAAC","DistributionCenter__c":"a06g8000001gZSDAA2","Id":"801g8000009Vj6xAAC","State__c":"a04g8000000b4kbAAA"}|0x6ab9a1a5
15:30:23.371 (1753957441)|VARIABLE_SCOPE_BEGIN|[4]|mapFrete|Map<String,Freight__c>|true|false
15:30:23.371 (1753989558)|VARIABLE_ASSIGNMENT|[4]|mapFrete|{"01tg8000001ROs5AAG_a04g8000000b4kbAAA":{"DistributionCenter__c":"a06g8000001gZSDAA2","Product__c":"01tg8000001ROs5AAG","Id":"a0Ag8000000gEszEAE","State__c":"a04g8000000b4kbAAA","FreightValue__c":700.00}}|0x30bb0a3b
15:30:23.371 (1753993725)|VARIABLE_SCOPE_BEGIN|[4]|h|Id|false|false
15:30:23.371 (1754037765)|VARIABLE_ASSIGNMENT|[4]|h|"a01g8000009Vj6wAAC"
15:30:23.371 (1754046784)|STATEMENT_EXECUTE|[4]
15:30:23.371 (1754048172)|STATEMENT_EXECUTE|[5]
15:30:23.371 (1754054044)|VARIABLE_SCOPE_BEGIN|[5]|p|Id|false|false
15:30:23.371 (1754075868)|VARIABLE_ASSIGNMENT|[5]|p|"01tg8000001ROs5AAG"
15:30:23.371 (1754078558)|STATEMENT_EXECUTE|[6]
15:30:23.371 (1754081562)|VARIABLE_SCOPE_BEGIN|[6]|c|Id|false|false
15:30:23.371 (1754099447)|VARIABLE_ASSIGNMENT|[6]|c|"a05g8000002BdsvAAC"
15:30:23.371 (1754101896)|STATEMENT_EXECUTE|[7]
15:30:23.371 (1754104325)|VARIABLE_SCOPE_BEGIN|[7]|e|Id|false|false
15:30:23.371 (1754122058)|VARIABLE_ASSIGNMENT|[7]|e|"a04g8000000b4kbAAA"
15:30:23.371 (1754124524)|STATEMENT_EXECUTE|[8]
15:30:23.371 (1754127022)|VARIABLE_SCOPE_BEGIN|[8]|pa|Id|false|false
15:30:23.371 (1754145220)|VARIABLE_ASSIGNMENT|[8]|pa|"a03g80000084tirAAA"
15:30:23.371 (1754157391)|HEAP_ALLOCATE|[10]|Bytes:18
15:30:23.371 (1754166228)|HEAP_ALLOCATE|[10]|Bytes:18
15:30:23.371 (1754172154)|HEAP_ALLOCATE|[10]|Bytes:37
15:30:23.371 (1754181440)|STATEMENT_EXECUTE|[10]
15:30:23.371 (1754185365)|HEAP_ALLOCATE|[11]|Bytes:18
15:30:23.371 (1754191743)|HEAP_ALLOCATE|[11]|Bytes:18
15:30:23.371 (1754196250)|HEAP_ALLOCATE|[11]|Bytes:37
15:30:23.371 (1754202198)|STATEMENT_EXECUTE|[11]
15:30:23.371 (1754206021)|HEAP_ALLOCATE|[11]|Bytes:18
15:30:23.371 (1754212532)|HEAP_ALLOCATE|[11]|Bytes:18
15:30:23.371 (1754216727)|HEAP_ALLOCATE|[11]|Bytes:37
15:30:23.371 (1754234748)|METHOD_EXIT|[134]|01pg8000001F8kf|PricingService.findFreightValue(OrderItem, Order, Map<String,Freight__c>, Id)
15:30:23.371 (1754597350)|VARIABLE_ASSIGNMENT|[134]|this.FreightValue__c|700.00|0x131bab9
15:30:23.371 (1754602126)|STATEMENT_EXECUTE|[137]
15:30:23.371 (1754610195)|VARIABLE_SCOPE_BEGIN|[137]|custoUnitario|Decimal|false|false
15:30:23.371 (1754615622)|VARIABLE_ASSIGNMENT|[137]|custoUnitario|300000.00
15:30:23.371 (1754617974)|STATEMENT_EXECUTE|[140]
15:30:23.371 (1754626810)|HEAP_ALLOCATE|[140]|Bytes:28
15:30:23.371 (1754631431)|HEAP_ALLOCATE|[140]|Bytes:28
15:30:23.371 (1754637270)|METHOD_ENTRY|[140]|01pg8000001F8kf|PricingService.calculateFinalPrice(OrderItem, Decimal, Margem__c, Decimal, Decimal)
15:30:23.371 (1754641113)|VARIABLE_SCOPE_BEGIN|[47]|item|OrderItem|true|false
15:30:23.371 (1754971920)|VARIABLE_ASSIGNMENT|[47]|item|{"LastModifiedDate":"2026-04-10T18:30:24.000Z","DiscountPercentage__c":0.999737108801465881323026245742806,"DiscountValue__c":380285.50,"FinalPrice__c":380385.50,"ListPrice":1000.00,"AvailableQuantity":1.00,"PriceWithoutMargin__c":330770.00,"FreightValue__c":700.00,"CreatedById":"005g80000010N45AAE","MarginPercentage__c":15.00,"Product_Code_Display__c":"TRT 7","IsDeleted":false,"Quantity":10.00,"TaxPercentage__c":10.00,"OrderId":"801g8000009Vj6xAAC","OrderItemNumber":"0000100113","SystemModstamp":"2026-04-10T18:30:24.000Z","UnitPrice":100.00,"Product2Id":"01tg8000001ROs5AAG","ProductionCost__c":300000.00,"PricebookEntryId":"01ug8000000gSEPAA2","TotalPrice":1000.00,"CreatedDate":"2026-04-10T18:30:24.000Z","Id":"802g8000002mOIEAA2","LastModifiedById":"005g80000010N45AAE"}|0x131bab9
15:30:23.371 (1754980327)|VARIABLE_SCOPE_BEGIN|[47]|frete|Decimal|false|false
15:30:23.371 (1754985365)|VARIABLE_ASSIGNMENT|[47]|frete|700.00
15:30:23.371 (1754987840)|VARIABLE_SCOPE_BEGIN|[47]|margem|Margem__c|true|false
15:30:23.371 (1755018355)|VARIABLE_ASSIGNMENT|[47]|margem|{"Account__c":"001g8000009Vj6vAAC","Product__c":"01tg8000001ROs5AAG","Id":"a00g800000Pi4uLAAR","State__c":"a04g8000000b4kbAAA","MarginValuePercent__c":15.00}|0x5023a6c5
15:30:23.371 (1755022269)|VARIABLE_SCOPE_BEGIN|[47]|impostoPercent|Decimal|false|false
15:30:23.371 (1755026125)|VARIABLE_ASSIGNMENT|[47]|impostoPercent|10.00
15:30:23.371 (1755028459)|VARIABLE_SCOPE_BEGIN|[47]|custo|Decimal|false|false
15:30:23.371 (1755031962)|VARIABLE_ASSIGNMENT|[47]|custo|300000.00
15:30:23.371 (1755038878)|STATEMENT_EXECUTE|[47]
15:30:23.371 (1755039791)|STATEMENT_EXECUTE|[48]
15:30:23.371 (1755048492)|VARIABLE_SCOPE_BEGIN|[48]|mPerc|Decimal|false|false
15:30:23.371 (1755052855)|VARIABLE_ASSIGNMENT|[48]|mPerc|15.00
15:30:23.371 (1755055192)|STATEMENT_EXECUTE|[49]
15:30:23.371 (1755056730)|VARIABLE_SCOPE_BEGIN|[49]|iPerc|Decimal|false|false
15:30:23.371 (1755060274)|VARIABLE_ASSIGNMENT|[49]|iPerc|10.00
15:30:23.371 (1755062181)|STATEMENT_EXECUTE|[50]
15:30:23.371 (1755063650)|VARIABLE_SCOPE_BEGIN|[50]|custoProd|Decimal|false|false
15:30:23.371 (1755067090)|VARIABLE_ASSIGNMENT|[50]|custoProd|300000.00
15:30:23.371 (1755069179)|STATEMENT_EXECUTE|[51]
15:30:23.371 (1755070447)|VARIABLE_SCOPE_BEGIN|[51]|freteVal|Decimal|false|false
15:30:23.371 (1755074447)|VARIABLE_ASSIGNMENT|[51]|freteVal|700.00
15:30:23.371 (1755076430)|STATEMENT_EXECUTE|[54]
15:30:23.371 (1755092258)|HEAP_ALLOCATE|[54]|Bytes:28
15:30:23.371 (1755096975)|VARIABLE_SCOPE_BEGIN|[54]|precoBase|Decimal|false|false
15:30:23.371 (1755100849)|VARIABLE_ASSIGNMENT|[54]|precoBase|300700.00
15:30:23.371 (1755103122)|STATEMENT_EXECUTE|[57]
15:30:23.371 (1755108645)|HEAP_ALLOCATE|[57]|Bytes:28
15:30:23.371 (1755110187)|HEAP_ALLOCATE|[57]|Bytes:28
15:30:23.371 (1755114198)|HEAP_ALLOCATE|[57]|Bytes:28
15:30:23.371 (1755153685)|HEAP_ALLOCATE|[57]|Bytes:28
15:30:23.371 (1755155295)|HEAP_ALLOCATE|[57]|Bytes:28
15:30:23.371 (1755163491)|HEAP_ALLOCATE|[57]|Bytes:28
15:30:23.371 (1755173260)|HEAP_ALLOCATE|[57]|Bytes:28
15:30:23.371 (1755177048)|VARIABLE_SCOPE_BEGIN|[57]|precoSemMargem|Decimal|false|false
15:30:23.371 (1755182375)|VARIABLE_ASSIGNMENT|[57]|precoSemMargem|330770.0000
15:30:23.371 (1755184639)|STATEMENT_EXECUTE|[60]
15:30:23.371 (1755187049)|HEAP_ALLOCATE|[60]|Bytes:28
15:30:23.371 (1755188492)|HEAP_ALLOCATE|[60]|Bytes:28
15:30:23.371 (1755191103)|HEAP_ALLOCATE|[60]|Bytes:28
15:30:23.371 (1755201725)|HEAP_ALLOCATE|[60]|Bytes:28
15:30:23.371 (1755203246)|HEAP_ALLOCATE|[60]|Bytes:28
15:30:23.371 (1755210607)|HEAP_ALLOCATE|[60]|Bytes:28
15:30:23.371 (1755217335)|HEAP_ALLOCATE|[60]|Bytes:28
15:30:23.371 (1755221110)|VARIABLE_SCOPE_BEGIN|[60]|precoCalculado|Decimal|false|false
15:30:23.371 (1755225117)|VARIABLE_ASSIGNMENT|[60]|precoCalculado|380385.500000
15:30:23.371 (1755227210)|STATEMENT_EXECUTE|[63]
15:30:23.371 (1755589300)|VARIABLE_ASSIGNMENT|[63]|this.ProductionCost__c|300000.00|0x131bab9
15:30:23.371 (1755593434)|STATEMENT_EXECUTE|[64]
15:30:23.371 (1755908937)|VARIABLE_ASSIGNMENT|[64]|this.MarginPercentage__c|15.00|0x131bab9
15:30:23.371 (1755912250)|STATEMENT_EXECUTE|[65]
15:30:23.371 (1756217122)|VARIABLE_ASSIGNMENT|[65]|this.FreightValue__c|700.00|0x131bab9
15:30:23.371 (1756220740)|STATEMENT_EXECUTE|[66]
15:30:23.371 (1756582290)|VARIABLE_ASSIGNMENT|[66]|this.TaxPercentage__c|10.00|0x131bab9
15:30:23.371 (1756586906)|STATEMENT_EXECUTE|[67]
15:30:23.371 (1757048709)|VARIABLE_ASSIGNMENT|[67]|this.PriceWithoutMargin__c|330770.0000|0x131bab9
15:30:23.371 (1757054201)|STATEMENT_EXECUTE|[68]
15:30:23.371 (1757372887)|VARIABLE_ASSIGNMENT|[68]|this.FinalPrice__c|380385.500000|0x131bab9
15:30:23.371 (1757376351)|STATEMENT_EXECUTE|[71]
15:30:23.371 (1757391891)|VARIABLE_SCOPE_BEGIN|[71]|unitPriceDigitado|Decimal|false|false
15:30:23.371 (1757398427)|VARIABLE_ASSIGNMENT|[71]|unitPriceDigitado|100.00
15:30:23.371 (1757409645)|HEAP_ALLOCATE|[74]|Bytes:28
15:30:23.371 (1757412397)|HEAP_ALLOCATE|[74]|Bytes:28
15:30:23.371 (1757436168)|STATEMENT_EXECUTE|[74]
15:30:23.371 (1757437389)|STATEMENT_EXECUTE|[75]
15:30:23.371 (1757445618)|HEAP_ALLOCATE|[75]|Bytes:28
15:30:23.371 (1757472591)|HEAP_ALLOCATE|[75]|Bytes:28
15:30:23.371 (1757474083)|HEAP_ALLOCATE|[75]|Bytes:28
15:30:23.371 (1757796231)|VARIABLE_ASSIGNMENT|[75]|this.DiscountPercentage__c|0.999737108801465881323026245742806|0x131bab9
15:30:23.371 (1757799864)|STATEMENT_EXECUTE|[76]
15:30:23.371 (1757806706)|HEAP_ALLOCATE|[76]|Bytes:28
15:30:23.371 (1758116790)|VARIABLE_ASSIGNMENT|[76]|this.DiscountValue__c|380285.500000|0x131bab9
15:30:23.371 (1758120937)|STATEMENT_EXECUTE|[79]
15:30:23.371 (1758125693)|HEAP_ALLOCATE|[79]|Bytes:28
15:30:23.371 (1758452522)|VARIABLE_ASSIGNMENT|[79]|this.UnitPrice|380385.500000|0x131bab9
15:30:23.371 (1758463147)|METHOD_EXIT|[140]|01pg8000001F8kf|PricingService.calculateFinalPrice(OrderItem, Decimal, Margem__c, Decimal, Decimal)
15:30:23.371 (1758477791)|HEAP_ALLOCATE|[106]|Bytes:5
15:30:23.371 (1758489226)|VARIABLE_ASSIGNMENT|[106]|item|null|
15:30:23.371 (1758494574)|METHOD_EXIT|[27]|01pg8000001EZwd|OrdemItemHandler.executePricingLogic()
15:30:23.371 (1758500357)|METHOD_EXIT|[140]|01pg8000001EZwd|OrdemItemHandler.beforeUpdate()
15:30:23.371 (1758503743)|STATEMENT_EXECUTE|[158]
15:30:23.371 (1758511116)|METHOD_ENTRY|[158]|01pg80000019iSf|TriggerHandler.andFinally()
15:30:23.371 (1758514771)|VARIABLE_SCOPE_BEGIN|[746]|this|TriggerHandler|true|false
15:30:23.371 (1758568871)|VARIABLE_ASSIGNMENT|[746]|this|{"newRecords":"0x5778b188","newRecordsMap":"0x1669918c","oldRecords":"0x684ea509","oldRecordsMap":"0x541a8265","handlerName":"OrderItemHandler","isTriggerExecuting":true,"triggerEvent":"0x2bdd0133"}|0x42407211
15:30:23.371 (1758579179)|STATEMENT_EXECUTE|[746]
15:30:23.371 (1758581071)|METHOD_EXIT|[158]|01pg80000019iSf|TriggerHandler.andFinally()
15:30:23.371 (1758585344)|STATEMENT_EXECUTE|[160]
15:30:23.371 (1758587746)|STATEMENT_EXECUTE|[176]
15:30:23.371 (1758590686)|METHOD_EXIT|[2]|01pg80000019iSf|TriggerHandler.run()
15:30:23.758 (1758598555)|CUMULATIVE_LIMIT_USAGE
15:30:23.758 (1758598555)|LIMIT_USAGE_FOR_NS|(default)|
  Number of SOQL queries: 11 out of 100
  Number of query rows: 10 out of 50000
  Number of SOSL queries: 0 out of 20
  Number of DML statements: 15 out of 150
  Number of Publish Immediate DML: 0 out of 150
  Number of DML rows: 15 out of 10000
  Maximum CPU time: 96 out of 10000
  Maximum heap size: 0 out of 6000000
  Number of callouts: 0 out of 100
  Number of Email Invocations: 0 out of 10
  Number of future calls: 0 out of 50
  Number of queueable jobs added to the queue: 0 out of 50
  Number of Mobile Apex push calls: 0 out of 10

15:30:23.758 (1758598555)|TESTING_LIMITS
15:30:23.758 (1758598555)|LIMIT_USAGE_FOR_NS|(default)|
  Number of SOQL queries: 7 out of 100
  Number of query rows: 7 out of 50000
  Number of SOSL queries: 0 out of 20
  Number of DML statements: 1 out of 150
  Number of Publish Immediate DML: 0 out of 150
  Number of DML rows: 1 out of 10000
  Maximum CPU time: 0 out of 10000
  Maximum heap size: 0 out of 6000000
  Number of callouts: 0 out of 100
  Number of Email Invocations: 0 out of 10
  Number of future calls: 0 out of 50
  Number of queueable jobs added to the queue: 0 out of 50
  Number of Mobile Apex push calls: 0 out of 10

15:30:23.758 (1758598555)|CUMULATIVE_LIMIT_USAGE_END

15:30:23.371 (1758876898)|CODE_UNIT_FINISHED|OrdemItemTrigger on OrderItem trigger event BeforeUpdate|__sfdc_trigger/OrdemItemTrigger
15:30:23.371 (1761366669)|DML_END|[206]
15:30:23.371 (1761426398)|EXCEPTION_THROWN|[206]|System.DmlException: Update failed. First exception on row 0 with id 802g8000002mOIEAA2; first error: FIELD_CUSTOM_VALIDATION_EXCEPTION, Não é possivel fazer qualquer alteração dos ITENS após o pedido ser marcado como Ativo: []
15:30:23.371 (1762410845)|HEAP_ALLOCATE|[206]|Bytes:210
15:30:23.371 (1762454343)|VARIABLE_SCOPE_BEGIN|[208]|e|System.DmlException|true|false
15:30:23.371 (1762499349)|VARIABLE_ASSIGNMENT|[208]|e|"common.apex.runtime.impl.DmlExecutionException: Update failed. First exception on row 0 with id 802g8000002mOIEAA2; first error: FIELD_CUSTOM_VALIDATION_EXCEPTION, Não é possivel fazer qualquer alteração dos ITENS após o pedido ser marcado como Ativo: []"|0x7b1461c1
15:30:23.371 (1762508126)|STATEMENT_EXECUTE|[208]
15:30:23.371 (1762509325)|STATEMENT_EXECUTE|[209]
15:30:23.371 (1762566409)|HEAP_ALLOCATE|[209]|Bytes:206
15:30:23.371 (1762572549)|VARIABLE_SCOPE_BEGIN|[209]|mensagem|String|false|false
15:30:23.371 (1762580689)|VARIABLE_ASSIGNMENT|[209]|mensagem|"Update failed. First (186 more) ..."
15:30:23.371 (1762583102)|STATEMENT_EXECUTE|[210]
15:30:23.371 (1762622745)|HEAP_ALLOCATE|[211]|Bytes:34
15:30:23.371 (1762630102)|HEAP_ALLOCATE|[211]|Bytes:240
15:30:23.371 (1762694232)|HEAP_ALLOCATE|[210]|Bytes:51
15:30:23.371 (1762707537)|SYSTEM_METHOD_ENTRY|[4]|Assert.Assert()
15:30:23.371 (1762709751)|STATEMENT_EXECUTE|[4]
15:30:23.371 (1762717507)|SYSTEM_METHOD_EXIT|[4]|Assert
15:30:23.371 (1762726369)|METHOD_ENTRY|[210]||System.Assert.isTrue(Boolean, String)
15:30:23.371 (1762773019)|METHOD_EXIT|[210]||System.Assert.isTrue(Boolean, String)
15:30:23.371 (1762776047)|STATEMENT_EXECUTE|[213]
15:30:23.371 (1762782446)|METHOD_ENTRY|[213]||System.Test.stopTest()
15:30:23.371 (1762897256)|METHOD_EXIT|[213]||System.Test.stopTest()
15:30:23.762 (1762905391)|CUMULATIVE_LIMIT_USAGE
15:30:23.762 (1762905391)|LIMIT_USAGE_FOR_NS|(default)|
  Number of SOQL queries: 11 out of 100
  Number of query rows: 10 out of 50000
  Number of SOSL queries: 0 out of 20
  Number of DML statements: 15 out of 150
  Number of Publish Immediate DML: 0 out of 150
  Number of DML rows: 15 out of 10000
  Maximum CPU time: 96 out of 10000
  Maximum heap size: 0 out of 6000000
  Number of callouts: 0 out of 100
  Number of Email Invocations: 0 out of 10
  Number of future calls: 0 out of 50
  Number of queueable jobs added to the queue: 0 out of 50
  Number of Mobile Apex push calls: 0 out of 10

15:30:23.762 (1762905391)|TESTING_LIMITS
15:30:23.762 (1762905391)|LIMIT_USAGE_FOR_NS|(default)|
  Number of SOQL queries: 0 out of 100
  Number of query rows: 0 out of 50000
  Number of SOSL queries: 0 out of 20
  Number of DML statements: 1 out of 150
  Number of Publish Immediate DML: 0 out of 150
  Number of DML rows: 1 out of 10000
  Maximum CPU time: 0 out of 10000
  Maximum heap size: 0 out of 6000000
  Number of callouts: 0 out of 100
  Number of Email Invocations: 0 out of 10
  Number of future calls: 0 out of 50
  Number of queueable jobs added to the queue: 0 out of 50
  Number of Mobile Apex push calls: 0 out of 10

15:30:23.762 (1762905391)|CUMULATIVE_LIMIT_USAGE_END

15:30:23.371 (1762934380)|CODE_UNIT_FINISHED|OrderItemHandlerTest.shouldNotAllowChangesOnActiveOrder()
15:30:23.371 (1762940077)|EXECUTION_FINISHED
