66.0 APEX_CODE,FINEST;APEX_PROFILING,INFO;CALLOUT,INFO;DATA_ACCESS,INFO;DB,INFO;NBA,INFO;SYSTEM,DEBUG;VALIDATION,INFO;VISUALFORCE,INFO;WAVE,INFO;WORKFLOW,INFO
15:48:35.5 (5263160)|USER_INFO|[EXTERNAL]|005g80000010N45|sabrina.jesus@resourceful-moose-fmmd11.com|(GMT-03:00) Brasilia Standard Time (America/Sao_Paulo)|GMT-03:00
15:48:35.5 (5304448)|EXECUTION_STARTED
15:48:35.5 (5326250)|CODE_UNIT_STARTED|[EXTERNAL]|01pg8000001w1Mb|OrderItemHandlerTest.setup()
15:48:35.5 (5570804)|HEAP_ALLOCATE|[95]|Bytes:3
15:48:35.5 (5656185)|HEAP_ALLOCATE|[100]|Bytes:152
15:48:35.5 (5670895)|HEAP_ALLOCATE|[417]|Bytes:408
15:48:35.5 (5683187)|HEAP_ALLOCATE|[430]|Bytes:408
15:48:35.5 (5704157)|HEAP_ALLOCATE|[317]|Bytes:6
15:48:35.5 (5713842)|HEAP_ALLOCATE|[EXTERNAL]|Bytes:413
15:48:35.5 (5722736)|METHOD_ENTRY|[2]|01pg8000001w1Mb|OrderItemHandlerTest.OrderItemHandlerTest()
15:48:35.5 (5730755)|STATEMENT_EXECUTE|[2]
15:48:35.5 (5735669)|STATEMENT_EXECUTE|[2]
15:48:35.5 (5754749)|METHOD_EXIT|[2]|OrderItemHandlerTest
15:48:35.5 (5779459)|HEAP_ALLOCATE|[68]|Bytes:5
15:48:35.5 (5803486)|HEAP_ALLOCATE|[74]|Bytes:5
15:48:35.5 (5808254)|HEAP_ALLOCATE|[82]|Bytes:7
15:48:35.5 (5842748)|STATEMENT_EXECUTE|[4]
15:48:35.5 (5844125)|STATEMENT_EXECUTE|[5]
15:48:35.5 (8373111)|VARIABLE_SCOPE_BEGIN|[3]|TestFactorySObject.countSObjectCreated|Decimal|false|true
15:48:35.5 (8389325)|VARIABLE_SCOPE_BEGIN|[2]|TestFactorySObject.testFactorySObject|TestFactorySObject|true|true
15:48:35.5 (8404462)|HEAP_ALLOCATE|[5]|Bytes:20
15:48:35.5 (8409874)|HEAP_ALLOCATE|[5]|Bytes:13
15:48:35.5 (8425009)|METHOD_ENTRY|[1]|01pg8000001w1Mi|TestFactorySObject.TestFactorySObject()
15:48:35.5 (8430008)|STATEMENT_EXECUTE|[1]
15:48:35.5 (8434863)|STATEMENT_EXECUTE|[1]
15:48:35.5 (8435908)|STATEMENT_EXECUTE|[3]
15:48:35.5 (8478326)|HEAP_ALLOCATE|[3]|Bytes:28
15:48:35.5 (8481419)|HEAP_ALLOCATE|[3]|Bytes:28
15:48:35.5 (8520080)|VARIABLE_ASSIGNMENT|[3]|TestFactorySObject.countSObjectCreated|0
15:48:35.5 (8523030)|STATEMENT_EXECUTE|[59]
15:48:35.5 (8538628)|METHOD_EXIT|[1]|TestFactorySObject
15:48:35.5 (8555439)|METHOD_ENTRY|[5]|01pg8000001w1Mi|TestFactorySObject.getInstance()
15:48:35.5 (8587884)|STATEMENT_EXECUTE|[5]
15:48:35.5 (8592628)|STATEMENT_EXECUTE|[6]
15:48:35.5 (8593434)|STATEMENT_EXECUTE|[7]
15:48:35.5 (8605789)|HEAP_ALLOCATE|[7]|Bytes:4
15:48:35.5 (8615502)|CONSTRUCTOR_ENTRY|[7]|01pg8000001w1Mi|<init>()|TestFactorySObject
15:48:35.5 (8642753)|VARIABLE_SCOPE_BEGIN|[1]|this|TestFactorySObject|true|false
15:48:35.5 (8735378)|VARIABLE_ASSIGNMENT|[1]|this|{}|0x36f7858a
15:48:35.5 (8742593)|HEAP_ALLOCATE|[EXTERNAL]|Bytes:6
15:48:35.5 (9936004)|STATEMENT_EXECUTE|[1]
15:48:35.5 (9941736)|CONSTRUCTOR_EXIT|[7]|01pg8000001w1Mi|<init>()|TestFactorySObject
15:48:35.5 (9966000)|VARIABLE_ASSIGNMENT|[7]|TestFactorySObject.testFactorySObject|{}|0x36f7858a
15:48:35.5 (9970093)|STATEMENT_EXECUTE|[9]
15:48:35.5 (9976016)|METHOD_EXIT|[5]|01pg8000001w1Mi|TestFactorySObject.getInstance()
15:48:35.5 (9979851)|VARIABLE_SCOPE_BEGIN|[5]|factory|TestFactorySObject|true|false
15:48:35.5 (9988320)|VARIABLE_ASSIGNMENT|[5]|factory|{}|0x36f7858a
15:48:35.5 (9990778)|STATEMENT_EXECUTE|[7]
15:48:35.5 (10063926)|HEAP_ALLOCATE|[7]|Bytes:4
15:48:35.5 (10173177)|METHOD_ENTRY|[7]|01pg8000001w1Mi|TestFactorySObject.createSObject(SObject)
15:48:35.5 (10188278)|VARIABLE_SCOPE_BEGIN|[27]|this|TestFactorySObject|true|false
15:48:35.5 (10195946)|VARIABLE_ASSIGNMENT|[27]|this|{}|0x36f7858a
15:48:35.5 (10198900)|VARIABLE_SCOPE_BEGIN|[27]|sObj|SObject|true|false
15:48:35.5 (10207450)|VARIABLE_ASSIGNMENT|[27]|sObj|{}|0x2d377ac7
15:48:35.5 (10218757)|STATEMENT_EXECUTE|[27]
15:48:35.5 (10219920)|STATEMENT_EXECUTE|[28]
15:48:35.5 (10226172)|METHOD_ENTRY|[28]|01pg8000001w1Mi|TestFactorySObject.validateSObject(SObject)
15:48:35.5 (10254734)|VARIABLE_SCOPE_BEGIN|[13]|sObj|SObject|true|false
15:48:35.5 (10261410)|VARIABLE_ASSIGNMENT|[13]|sObj|{}|0x2d377ac7
15:48:35.5 (10268417)|STATEMENT_EXECUTE|[13]
15:48:35.5 (10270770)|STATEMENT_EXECUTE|[14]
15:48:35.5 (10273612)|METHOD_EXIT|[28]|01pg8000001w1Mi|TestFactorySObject.validateSObject(SObject)
15:48:35.5 (10277525)|STATEMENT_EXECUTE|[30]
15:48:35.5 (10347235)|HEAP_ALLOCATE|[30]|Bytes:15
15:48:35.5 (10356631)|VARIABLE_SCOPE_BEGIN|[30]|objectName|String|false|false
15:48:35.5 (10367990)|VARIABLE_ASSIGNMENT|[30]|objectName|"AccountGroup__c"
15:48:35.5 (10396807)|HEAP_ALLOCATE|[31]|Bytes:8
15:48:35.5 (10424402)|STATEMENT_EXECUTE|[31]
15:48:35.5 (10425372)|STATEMENT_EXECUTE|[35]
15:48:35.5 (10426749)|HEAP_ALLOCATE|[36]|Bytes:22
15:48:35.5 (10433739)|HEAP_ALLOCATE|[36]|Bytes:14
15:48:35.5 (10461646)|HEAP_ALLOCATE|[36]|Bytes:12
15:48:35.5 (10466117)|HEAP_ALLOCATE|[36]|Bytes:8
15:48:35.5 (10473519)|HEAP_ALLOCATE|[36]|Bytes:42
15:48:35.5 (10475609)|VARIABLE_SCOPE_BEGIN|[35]|defaultClassName|String|false|false
15:48:35.5 (10482836)|VARIABLE_ASSIGNMENT|[35]|defaultClassName|"TemplateDefaultField (22 more) ..."
15:48:35.5 (10485094)|STATEMENT_EXECUTE|[38]
15:48:35.5 (10491508)|METHOD_ENTRY|[38]|01pg8000001w1Mi|TestFactorySObject.dispatchSObjectCreation(SObject, String)
15:48:35.5 (10496735)|VARIABLE_SCOPE_BEGIN|[42]|this|TestFactorySObject|true|false
15:48:35.5 (10506190)|VARIABLE_ASSIGNMENT|[42]|this|{}|0x36f7858a
15:48:35.5 (10508832)|VARIABLE_SCOPE_BEGIN|[42]|sObj|SObject|true|false
15:48:35.5 (10513445)|VARIABLE_ASSIGNMENT|[42]|sObj|{}|0x2d377ac7
15:48:35.5 (10515837)|VARIABLE_SCOPE_BEGIN|[42]|defaultClassName|String|false|false
15:48:35.5 (10520122)|VARIABLE_ASSIGNMENT|[42]|defaultClassName|"TemplateDefaultField (22 more) ..."
15:48:35.5 (10524687)|STATEMENT_EXECUTE|[42]
15:48:35.5 (10525697)|STATEMENT_EXECUTE|[44]
15:48:35.5 (10569495)|HEAP_ALLOCATE|[44]|Bytes:33
15:48:35.5 (10576680)|SYSTEM_METHOD_ENTRY|[1]|Type.Type()
15:48:35.5 (10578345)|STATEMENT_EXECUTE|[1]
15:48:35.5 (10592947)|SYSTEM_METHOD_EXIT|[1]|Type
15:48:35.5 (10599861)|METHOD_ENTRY|[44]||System.Type.forName(String)
15:48:35.5 (14215465)|METHOD_EXIT|[44]||System.Type.forName(String)
15:48:35.5 (14228008)|VARIABLE_SCOPE_BEGIN|[44]|t|System.Type|true|false
15:48:35.5 (14268695)|VARIABLE_ASSIGNMENT|[44]|t|{"aot":"0x1aa847cf"}|0x74822fc6
15:48:35.5 (14274043)|STATEMENT_EXECUTE|[45]
15:48:35.5 (14275516)|STATEMENT_EXECUTE|[51]
15:48:35.5 (14284815)|METHOD_ENTRY|[52]||System.Type.newInstance()
15:48:35.5 (15962876)|STATEMENT_EXECUTE|[121]
15:48:35.5 (15979308)|METHOD_EXIT|[52]||System.Type.newInstance()
15:48:35.5 (15992939)|VARIABLE_SCOPE_BEGIN|[51]|defaults|TemplateDefaultFields.FieldDefaults|true|false
15:48:35.5 (16013406)|VARIABLE_ASSIGNMENT|[51]|defaults|{}|0x6961359e
15:48:35.5 (16016536)|STATEMENT_EXECUTE|[53]
15:48:35.5 (16039469)|METHOD_ENTRY|[53]|01pg8000001w1Mh|TemplateDefaultFields.AccountGroupDefaults.getFieldDefaults(Decimal)
15:48:35.5 (16054791)|VARIABLE_SCOPE_BEGIN|[122]|this|TemplateDefaultFields.AccountGroupDefaults|true|false
15:48:35.5 (16060945)|VARIABLE_ASSIGNMENT|[122]|this|{}|0x6961359e
15:48:35.5 (16064387)|VARIABLE_SCOPE_BEGIN|[122]|countSObjectCreated|Decimal|false|false
15:48:35.5 (16072284)|VARIABLE_ASSIGNMENT|[122]|countSObjectCreated|0
15:48:35.5 (16081092)|STATEMENT_EXECUTE|[122]
15:48:35.5 (16082044)|STATEMENT_EXECUTE|[123]
15:48:35.5 (16096561)|HEAP_ALLOCATE|[123]|Bytes:4
15:48:35.5 (16107424)|HEAP_ALLOCATE|[124]|Bytes:4
15:48:35.5 (16110279)|HEAP_ALLOCATE|[124]|Bytes:20
15:48:35.5 (16150522)|HEAP_ALLOCATE|[124]|Bytes:1
15:48:35.5 (16163810)|HEAP_ALLOCATE|[124]|Bytes:21
15:48:35.5 (16187839)|HEAP_ALLOCATE|[125]|Bytes:19
15:48:35.5 (16189857)|HEAP_ALLOCATE|[125]|Bytes:3
15:48:35.5 (16197301)|HEAP_ALLOCATE|[125]|Bytes:1
15:48:35.5 (16201514)|HEAP_ALLOCATE|[125]|Bytes:4
15:48:35.5 (16207174)|METHOD_EXIT|[53]|01pg8000001w1Mh|TemplateDefaultFields.AccountGroupDefaults.getFieldDefaults(Decimal)
15:48:35.5 (16216863)|METHOD_ENTRY|[53]|01pg8000001w1Mi|TestFactorySObject.addFieldDefaults(SObject, Map<String,ANY>)
15:48:35.5 (16220811)|VARIABLE_SCOPE_BEGIN|[19]|sObj|SObject|true|false
15:48:35.5 (16231504)|VARIABLE_ASSIGNMENT|[19]|sObj|{}|0x2d377ac7
15:48:35.5 (16233997)|VARIABLE_SCOPE_BEGIN|[19]|defaultFields|Map<String,ANY>|true|false
15:48:35.5 (16252614)|VARIABLE_ASSIGNMENT|[19]|defaultFields|{"Name":"Grupo de Conta Teste (1 more) ...","AccountGroupCode__c":"ACG0"}|0x1c9bba4a
15:48:35.5 (16257974)|STATEMENT_EXECUTE|[19]
15:48:35.5 (16327441)|HEAP_ALLOCATE|[20]|Bytes:35
15:48:35.5 (16390595)|HEAP_ALLOCATE|[20]|Bytes:5
15:48:35.5 (16402806)|VARIABLE_SCOPE_BEGIN|[20]|fieldApiName|String|false|false
15:48:35.5 (16408215)|VARIABLE_ASSIGNMENT|[20]|fieldApiName|"Name"
15:48:35.5 (16411304)|STATEMENT_EXECUTE|[20]
15:48:35.5 (16492778)|STATEMENT_EXECUTE|[21]
15:48:35.5 (16493912)|STATEMENT_EXECUTE|[22]
15:48:35.5 (16577943)|HEAP_ALLOCATE|[20]|Bytes:5
15:48:35.5 (16583873)|VARIABLE_SCOPE_BEGIN|[20]|fieldApiName|String|false|false
15:48:35.5 (16589106)|VARIABLE_ASSIGNMENT|[20]|fieldApiName|"AccountGroupCode__c"
15:48:35.5 (16591229)|STATEMENT_EXECUTE|[20]
15:48:35.5 (16615965)|STATEMENT_EXECUTE|[21]
15:48:35.5 (16616854)|STATEMENT_EXECUTE|[22]
15:48:35.5 (16644947)|HEAP_ALLOCATE|[20]|Bytes:5
15:48:35.5 (16651182)|VARIABLE_ASSIGNMENT|[20]|fieldApiName|null
15:48:35.5 (16656523)|METHOD_EXIT|[53]|01pg8000001w1Mi|TestFactorySObject.addFieldDefaults(SObject, Map<String,ANY>)
15:48:35.5 (16659398)|STATEMENT_EXECUTE|[54]
15:48:35.5 (16678008)|HEAP_ALLOCATE|[54]|Bytes:28
15:48:35.5 (16679864)|HEAP_ALLOCATE|[54]|Bytes:28
15:48:35.5 (16729838)|HEAP_ALLOCATE|[54]|Bytes:28
15:48:35.5 (16731375)|HEAP_ALLOCATE|[54]|Bytes:28
15:48:35.5 (16744704)|VARIABLE_ASSIGNMENT|[54]|TestFactorySObject.countSObjectCreated|1
15:48:35.5 (16747080)|STATEMENT_EXECUTE|[56]
15:48:35.5 (16750085)|METHOD_EXIT|[38]|01pg8000001w1Mi|TestFactorySObject.dispatchSObjectCreation(SObject, String)
15:48:35.5 (16754384)|METHOD_EXIT|[7]|01pg8000001w1Mi|TestFactorySObject.createSObject(SObject)
15:48:35.5 (16761478)|VARIABLE_SCOPE_BEGIN|[7]|acg|AccountGroup__c|true|false
15:48:35.5 (16772563)|VARIABLE_ASSIGNMENT|[7]|acg|{"Name":"Grupo de Conta Teste (1 more) ...","AccountGroupCode__c":"ACG0"}|0x2d377ac7
15:48:35.5 (16775801)|STATEMENT_EXECUTE|[8]
15:48:35.5 (16804920)|HEAP_ALLOCATE|[8]|Bytes:8
15:48:35.5 (16816321)|DML_BEGIN|[8]|Op:Insert|Type:AccountGroup__c|Rows:1
15:48:35.5 (16851945)|HEAP_ALLOCATE|[EXTERNAL]|Bytes:8
15:48:35.5 (77502898)|DML_END|[8]
15:48:35.5 (78220662)|STATEMENT_EXECUTE|[10]
15:48:35.5 (78291631)|HEAP_ALLOCATE|[10]|Bytes:4
15:48:35.5 (78497431)|METHOD_ENTRY|[10]|01pg8000001w1Mi|TestFactorySObject.createSObject(SObject)
15:48:35.5 (78533298)|VARIABLE_SCOPE_BEGIN|[27]|this|TestFactorySObject|true|false
15:48:35.5 (78585889)|VARIABLE_ASSIGNMENT|[27]|this|{}|0x36f7858a
15:48:35.5 (78589644)|VARIABLE_SCOPE_BEGIN|[27]|sObj|SObject|true|false
15:48:35.5 (78599855)|VARIABLE_ASSIGNMENT|[27]|sObj|{}|0x24766797
15:48:35.5 (78615271)|STATEMENT_EXECUTE|[27]
15:48:35.5 (78616615)|STATEMENT_EXECUTE|[28]
15:48:35.5 (78622059)|METHOD_ENTRY|[28]|01pg8000001w1Mi|TestFactorySObject.validateSObject(SObject)
15:48:35.5 (78625451)|VARIABLE_SCOPE_BEGIN|[13]|sObj|SObject|true|false
15:48:35.5 (78629543)|VARIABLE_ASSIGNMENT|[13]|sObj|{}|0x24766797
15:48:35.5 (78634541)|STATEMENT_EXECUTE|[13]
15:48:35.5 (78636936)|STATEMENT_EXECUTE|[14]
15:48:35.5 (78640738)|METHOD_EXIT|[28]|01pg8000001w1Mi|TestFactorySObject.validateSObject(SObject)
15:48:35.5 (78643184)|STATEMENT_EXECUTE|[30]
15:48:35.5 (78700203)|HEAP_ALLOCATE|[30]|Bytes:7
15:48:35.5 (78707931)|VARIABLE_SCOPE_BEGIN|[30]|objectName|String|false|false
15:48:35.5 (78719419)|VARIABLE_ASSIGNMENT|[30]|objectName|"Account"
15:48:35.5 (78741650)|STATEMENT_EXECUTE|[31]
15:48:35.5 (78742976)|STATEMENT_EXECUTE|[35]
15:48:35.5 (78762456)|HEAP_ALLOCATE|[36]|Bytes:7
15:48:35.5 (78775078)|HEAP_ALLOCATE|[36]|Bytes:37
15:48:35.5 (78778353)|VARIABLE_SCOPE_BEGIN|[35]|defaultClassName|String|false|false
15:48:35.5 (78786650)|VARIABLE_ASSIGNMENT|[35]|defaultClassName|"TemplateDefaultField (17 more) ..."
15:48:35.5 (78789209)|STATEMENT_EXECUTE|[38]
15:48:35.5 (78793201)|METHOD_ENTRY|[38]|01pg8000001w1Mi|TestFactorySObject.dispatchSObjectCreation(SObject, String)
15:48:35.5 (78796085)|VARIABLE_SCOPE_BEGIN|[42]|this|TestFactorySObject|true|false
15:48:35.5 (78806873)|VARIABLE_ASSIGNMENT|[42]|this|{}|0x36f7858a
15:48:35.5 (78810026)|VARIABLE_SCOPE_BEGIN|[42]|sObj|SObject|true|false
15:48:35.5 (78813921)|VARIABLE_ASSIGNMENT|[42]|sObj|{}|0x24766797
15:48:35.5 (78816533)|VARIABLE_SCOPE_BEGIN|[42]|defaultClassName|String|false|false
15:48:35.5 (78825629)|VARIABLE_ASSIGNMENT|[42]|defaultClassName|"TemplateDefaultField (17 more) ..."
15:48:35.5 (78829855)|STATEMENT_EXECUTE|[42]
15:48:35.5 (78830791)|STATEMENT_EXECUTE|[44]
15:48:35.5 (78835297)|METHOD_ENTRY|[44]||System.Type.forName(String)
15:48:35.5 (80854792)|METHOD_EXIT|[44]||System.Type.forName(String)
15:48:35.5 (80869514)|VARIABLE_SCOPE_BEGIN|[44]|t|System.Type|true|false
15:48:35.5 (80918238)|VARIABLE_ASSIGNMENT|[44]|t|{"aot":"0x5028a2c6"}|0x11002333
15:48:35.5 (80924449)|STATEMENT_EXECUTE|[45]
15:48:35.5 (80926071)|STATEMENT_EXECUTE|[51]
15:48:35.5 (80931533)|METHOD_ENTRY|[52]||System.Type.newInstance()
15:48:35.5 (81068062)|STATEMENT_EXECUTE|[108]
15:48:35.5 (81079154)|METHOD_EXIT|[52]||System.Type.newInstance()
15:48:35.5 (81087646)|VARIABLE_SCOPE_BEGIN|[51]|defaults|TemplateDefaultFields.FieldDefaults|true|false
15:48:35.5 (81097901)|VARIABLE_ASSIGNMENT|[51]|defaults|{}|0x3d9dedd5
15:48:35.5 (81100780)|STATEMENT_EXECUTE|[53]
15:48:35.5 (81124083)|METHOD_ENTRY|[53]|01pg8000001w1Mh|TemplateDefaultFields.AccountDefaults.getFieldDefaults(Decimal)
15:48:35.5 (81128656)|VARIABLE_SCOPE_BEGIN|[109]|this|TemplateDefaultFields.AccountDefaults|true|false
15:48:35.5 (81134857)|VARIABLE_ASSIGNMENT|[109]|this|{}|0x3d9dedd5
15:48:35.5 (81138471)|VARIABLE_SCOPE_BEGIN|[109]|countSObjectCreated|Decimal|false|false
15:48:35.5 (81146418)|VARIABLE_ASSIGNMENT|[109]|countSObjectCreated|1
15:48:35.5 (81152436)|STATEMENT_EXECUTE|[109]
15:48:35.5 (81153374)|STATEMENT_EXECUTE|[112]
15:48:35.5 (81222106)|HEAP_ALLOCATE|[112]|Bytes:1
15:48:35.5 (81231084)|HEAP_ALLOCATE|[112]|Bytes:1
15:48:35.5 (81278630)|HEAP_ALLOCATE|[112]|Bytes:2
15:48:35.5 (81283992)|VARIABLE_SCOPE_BEGIN|[112]|finalDoCnpj|String|false|false
15:48:35.5 (81289443)|VARIABLE_ASSIGNMENT|[112]|finalDoCnpj|"01"
15:48:35.5 (81291687)|STATEMENT_EXECUTE|[114]
15:48:35.5 (81320886)|HEAP_ALLOCATE|[114]|Bytes:4
15:48:35.5 (81330721)|HEAP_ALLOCATE|[115]|Bytes:11
15:48:35.5 (81349286)|HEAP_ALLOCATE|[115]|Bytes:1
15:48:35.5 (81356371)|HEAP_ALLOCATE|[115]|Bytes:12
15:48:35.5 (81381370)|HEAP_ALLOCATE|[116]|Bytes:7
15:48:35.5 (81383656)|HEAP_ALLOCATE|[116]|Bytes:16
15:48:35.5 (81386282)|HEAP_ALLOCATE|[116]|Bytes:18
15:48:35.5 (81392573)|METHOD_EXIT|[53]|01pg8000001w1Mh|TemplateDefaultFields.AccountDefaults.getFieldDefaults(Decimal)
15:48:35.5 (81398284)|METHOD_ENTRY|[53]|01pg8000001w1Mi|TestFactorySObject.addFieldDefaults(SObject, Map<String,ANY>)
15:48:35.5 (81401827)|VARIABLE_SCOPE_BEGIN|[19]|sObj|SObject|true|false
15:48:35.5 (81412618)|VARIABLE_ASSIGNMENT|[19]|sObj|{}|0x24766797
15:48:35.5 (81415755)|VARIABLE_SCOPE_BEGIN|[19]|defaultFields|Map<String,ANY>|true|false
15:48:35.5 (81431706)|VARIABLE_ASSIGNMENT|[19]|defaultFields|{"Name":"Conta Teste1","CNPJ__c":"12.345.678/0001-01"}|0x5069a166
15:48:35.5 (81437187)|STATEMENT_EXECUTE|[19]
15:48:35.5 (81472895)|HEAP_ALLOCATE|[20]|Bytes:23
15:48:35.5 (81498316)|HEAP_ALLOCATE|[20]|Bytes:5
15:48:35.5 (81509180)|VARIABLE_SCOPE_BEGIN|[20]|fieldApiName|String|false|false
15:48:35.5 (81514017)|VARIABLE_ASSIGNMENT|[20]|fieldApiName|"Name"
15:48:35.5 (81517045)|STATEMENT_EXECUTE|[20]
15:48:35.5 (81596117)|STATEMENT_EXECUTE|[21]
15:48:35.5 (81597417)|STATEMENT_EXECUTE|[22]
15:48:35.5 (81675582)|HEAP_ALLOCATE|[20]|Bytes:5
15:48:35.5 (81681543)|VARIABLE_SCOPE_BEGIN|[20]|fieldApiName|String|false|false
15:48:35.5 (81686571)|VARIABLE_ASSIGNMENT|[20]|fieldApiName|"CNPJ__c"
15:48:35.5 (81688990)|STATEMENT_EXECUTE|[20]
15:48:35.5 (81716500)|STATEMENT_EXECUTE|[21]
15:48:35.5 (81717540)|STATEMENT_EXECUTE|[22]
15:48:35.5 (81746673)|HEAP_ALLOCATE|[20]|Bytes:5
15:48:35.5 (81753263)|VARIABLE_ASSIGNMENT|[20]|fieldApiName|null
15:48:35.5 (81758717)|METHOD_EXIT|[53]|01pg8000001w1Mi|TestFactorySObject.addFieldDefaults(SObject, Map<String,ANY>)
15:48:35.5 (81761340)|STATEMENT_EXECUTE|[54]
15:48:35.5 (81779325)|HEAP_ALLOCATE|[54]|Bytes:28
15:48:35.5 (81781080)|HEAP_ALLOCATE|[54]|Bytes:28
15:48:35.5 (81794591)|HEAP_ALLOCATE|[54]|Bytes:28
15:48:35.5 (81796115)|HEAP_ALLOCATE|[54]|Bytes:28
15:48:35.5 (81810980)|VARIABLE_ASSIGNMENT|[54]|TestFactorySObject.countSObjectCreated|2
15:48:35.5 (81813750)|STATEMENT_EXECUTE|[56]
15:48:35.5 (81816350)|METHOD_EXIT|[38]|01pg8000001w1Mi|TestFactorySObject.dispatchSObjectCreation(SObject, String)
15:48:35.5 (81821158)|METHOD_EXIT|[10]|01pg8000001w1Mi|TestFactorySObject.createSObject(SObject)
15:48:35.5 (81828312)|VARIABLE_SCOPE_BEGIN|[10]|acc|Account|true|false
15:48:35.5 (81837281)|VARIABLE_ASSIGNMENT|[10]|acc|{"Name":"Conta Teste1","CNPJ__c":"12.345.678/0001-01"}|0x24766797
15:48:35.5 (81840490)|STATEMENT_EXECUTE|[11]
15:48:35.5 (81933411)|VARIABLE_ASSIGNMENT|[11]|this.AccountGroup__c|"a02g8000002mJgkAAE"|0x24766797
15:48:35.5 (81936624)|STATEMENT_EXECUTE|[12]
15:48:35.5 (81960150)|HEAP_ALLOCATE|[12]|Bytes:8
15:48:35.5 (81972132)|DML_BEGIN|[12]|Op:Insert|Type:Account|Rows:1
15:48:35.5 (82005752)|HEAP_ALLOCATE|[EXTERNAL]|Bytes:8
15:48:35.5 (146716071)|CODE_UNIT_STARTED|[EXTERNAL]|Validation:Account:new
15:48:35.5 (146745767)|VALIDATION_RULE|03dg8000000honx|Obrigatorio_AccountGroup
15:48:35.5 (146879945)|VALIDATION_FORMULA|ISBLANK(AccountGroup__c)|AccountGroup__c=a02g8000002mJgk
15:48:35.5 (146883932)|VALIDATION_PASS
15:48:35.5 (146885142)|VALIDATION_RULE|03dg8000000hbab|validacao_CNPJ
15:48:35.5 (146957951)|VALIDATION_FORMULA|NOT(
    REGEX(CNPJ__c, "^(\\d{2}\\.\\d{3}\\.\\d{3}/\\d{4}\\-\\d{2})?$")
)|CNPJ__c=12.345.678/0001-01
15:48:35.5 (146960911)|VALIDATION_PASS
15:48:35.5 (146965452)|CODE_UNIT_FINISHED|Validation:Account:new
15:48:35.5 (199485775)|DML_END|[12]
15:48:35.5 (200276424)|STATEMENT_EXECUTE|[14]
15:48:35.5 (200367527)|HEAP_ALLOCATE|[14]|Bytes:4
15:48:35.5 (200571019)|METHOD_ENTRY|[14]|01pg8000001w1Mi|TestFactorySObject.createSObject(SObject)
15:48:35.5 (200616406)|VARIABLE_SCOPE_BEGIN|[27]|this|TestFactorySObject|true|false
15:48:35.5 (200677205)|VARIABLE_ASSIGNMENT|[27]|this|{}|0x36f7858a
15:48:35.5 (200682412)|VARIABLE_SCOPE_BEGIN|[27]|sObj|SObject|true|false
15:48:35.5 (200695766)|VARIABLE_ASSIGNMENT|[27]|sObj|{}|0x3127f8cf
15:48:35.5 (200715415)|STATEMENT_EXECUTE|[27]
15:48:35.5 (200716794)|STATEMENT_EXECUTE|[28]
15:48:35.5 (200724728)|METHOD_ENTRY|[28]|01pg8000001w1Mi|TestFactorySObject.validateSObject(SObject)
15:48:35.5 (200730826)|VARIABLE_SCOPE_BEGIN|[13]|sObj|SObject|true|false
15:48:35.5 (200737576)|VARIABLE_ASSIGNMENT|[13]|sObj|{}|0x3127f8cf
15:48:35.5 (200744661)|STATEMENT_EXECUTE|[13]
15:48:35.5 (200747510)|STATEMENT_EXECUTE|[14]
15:48:35.5 (200753349)|METHOD_EXIT|[28]|01pg8000001w1Mi|TestFactorySObject.validateSObject(SObject)
15:48:35.5 (200757481)|STATEMENT_EXECUTE|[30]
15:48:35.5 (200834706)|HEAP_ALLOCATE|[30]|Bytes:10
15:48:35.5 (200846856)|VARIABLE_SCOPE_BEGIN|[30]|objectName|String|false|false
15:48:35.5 (200863636)|VARIABLE_ASSIGNMENT|[30]|objectName|"Country__c"
15:48:35.5 (200894762)|STATEMENT_EXECUTE|[31]
15:48:35.5 (200896435)|STATEMENT_EXECUTE|[35]
15:48:35.5 (200916810)|HEAP_ALLOCATE|[36]|Bytes:7
15:48:35.5 (200929240)|HEAP_ALLOCATE|[36]|Bytes:37
15:48:35.5 (200932385)|VARIABLE_SCOPE_BEGIN|[35]|defaultClassName|String|false|false
15:48:35.5 (200942885)|VARIABLE_ASSIGNMENT|[35]|defaultClassName|"TemplateDefaultField (17 more) ..."
15:48:35.5 (200947426)|STATEMENT_EXECUTE|[38]
15:48:35.5 (200953758)|METHOD_ENTRY|[38]|01pg8000001w1Mi|TestFactorySObject.dispatchSObjectCreation(SObject, String)
15:48:35.5 (200958182)|VARIABLE_SCOPE_BEGIN|[42]|this|TestFactorySObject|true|false
15:48:35.5 (200981022)|VARIABLE_ASSIGNMENT|[42]|this|{}|0x36f7858a
15:48:35.5 (200984180)|VARIABLE_SCOPE_BEGIN|[42]|sObj|SObject|true|false
15:48:35.5 (200989695)|VARIABLE_ASSIGNMENT|[42]|sObj|{}|0x3127f8cf
15:48:35.5 (200992604)|VARIABLE_SCOPE_BEGIN|[42]|defaultClassName|String|false|false
15:48:35.5 (200997416)|VARIABLE_ASSIGNMENT|[42]|defaultClassName|"TemplateDefaultField (17 more) ..."
15:48:35.5 (201003168)|STATEMENT_EXECUTE|[42]
15:48:35.5 (201005013)|STATEMENT_EXECUTE|[44]
15:48:35.5 (201009840)|METHOD_ENTRY|[44]||System.Type.forName(String)
15:48:35.5 (203126893)|METHOD_EXIT|[44]||System.Type.forName(String)
15:48:35.5 (203140534)|VARIABLE_SCOPE_BEGIN|[44]|t|System.Type|true|false
15:48:35.5 (203185466)|VARIABLE_ASSIGNMENT|[44]|t|{"aot":"0x685939db"}|0x38cd346d
15:48:35.5 (203190562)|STATEMENT_EXECUTE|[45]
15:48:35.5 (203192243)|STATEMENT_EXECUTE|[51]
15:48:35.5 (203196834)|METHOD_ENTRY|[52]||System.Type.newInstance()
15:48:35.5 (203358946)|STATEMENT_EXECUTE|[19]
15:48:35.5 (203374561)|METHOD_EXIT|[52]||System.Type.newInstance()
15:48:35.5 (203387406)|VARIABLE_SCOPE_BEGIN|[51]|defaults|TemplateDefaultFields.FieldDefaults|true|false
15:48:35.5 (203406389)|VARIABLE_ASSIGNMENT|[51]|defaults|{}|0x341fd37b
15:48:35.5 (203411715)|STATEMENT_EXECUTE|[53]
15:48:35.5 (203447607)|METHOD_ENTRY|[53]|01pg8000001w1Mh|TemplateDefaultFields.CountryDefaults.getFieldDefaults(Decimal)
15:48:35.5 (203455101)|VARIABLE_SCOPE_BEGIN|[20]|this|TemplateDefaultFields.CountryDefaults|true|false
15:48:35.5 (203466142)|VARIABLE_ASSIGNMENT|[20]|this|{}|0x341fd37b
15:48:35.5 (203470953)|VARIABLE_SCOPE_BEGIN|[20]|countSObjectCreated|Decimal|false|false
15:48:35.5 (203480732)|VARIABLE_ASSIGNMENT|[20]|countSObjectCreated|2
15:48:35.5 (203490472)|STATEMENT_EXECUTE|[20]
15:48:35.5 (203491630)|STATEMENT_EXECUTE|[21]
15:48:35.5 (203511287)|HEAP_ALLOCATE|[21]|Bytes:4
15:48:35.5 (203524595)|HEAP_ALLOCATE|[22]|Bytes:10
15:48:35.5 (203583280)|HEAP_ALLOCATE|[22]|Bytes:1
15:48:35.5 (203593590)|HEAP_ALLOCATE|[22]|Bytes:11
15:48:35.5 (203619160)|HEAP_ALLOCATE|[23]|Bytes:14
15:48:35.5 (203621401)|HEAP_ALLOCATE|[23]|Bytes:1
15:48:35.5 (203630351)|HEAP_ALLOCATE|[23]|Bytes:1
15:48:35.5 (203636912)|HEAP_ALLOCATE|[23]|Bytes:2
15:48:35.5 (203646179)|METHOD_EXIT|[53]|01pg8000001w1Mh|TemplateDefaultFields.CountryDefaults.getFieldDefaults(Decimal)
15:48:35.5 (203654051)|METHOD_ENTRY|[53]|01pg8000001w1Mi|TestFactorySObject.addFieldDefaults(SObject, Map<String,ANY>)
15:48:35.5 (203659453)|VARIABLE_SCOPE_BEGIN|[19]|sObj|SObject|true|false
15:48:35.5 (203672984)|VARIABLE_ASSIGNMENT|[19]|sObj|{}|0x3127f8cf
15:48:35.5 (203676572)|VARIABLE_SCOPE_BEGIN|[19]|defaultFields|Map<String,ANY>|true|false
15:48:35.5 (203696863)|VARIABLE_ASSIGNMENT|[19]|defaultFields|{"Name":"País Teste2","CountryCode__c":"P2"}|0x25c910c
15:48:35.5 (203706350)|STATEMENT_EXECUTE|[19]
15:48:35.5 (203751787)|HEAP_ALLOCATE|[20]|Bytes:30
15:48:35.5 (203789427)|HEAP_ALLOCATE|[20]|Bytes:5
15:48:35.5 (203805342)|VARIABLE_SCOPE_BEGIN|[20]|fieldApiName|String|false|false
15:48:35.5 (203813480)|VARIABLE_ASSIGNMENT|[20]|fieldApiName|"Name"
15:48:35.5 (203818430)|STATEMENT_EXECUTE|[20]
15:48:35.5 (203916047)|STATEMENT_EXECUTE|[21]
15:48:35.5 (203917598)|STATEMENT_EXECUTE|[22]
15:48:35.5 (204024479)|HEAP_ALLOCATE|[20]|Bytes:5
15:48:35.5 (204036376)|VARIABLE_SCOPE_BEGIN|[20]|fieldApiName|String|false|false
15:48:35.5 (204045844)|VARIABLE_ASSIGNMENT|[20]|fieldApiName|"CountryCode__c"
15:48:35.5 (204049644)|STATEMENT_EXECUTE|[20]
15:48:35.5 (204091885)|STATEMENT_EXECUTE|[21]
15:48:35.5 (204093335)|STATEMENT_EXECUTE|[22]
15:48:35.5 (204137851)|HEAP_ALLOCATE|[20]|Bytes:5
15:48:35.5 (204147726)|VARIABLE_ASSIGNMENT|[20]|fieldApiName|null
15:48:35.5 (204157703)|METHOD_EXIT|[53]|01pg8000001w1Mi|TestFactorySObject.addFieldDefaults(SObject, Map<String,ANY>)
15:48:35.5 (204162376)|STATEMENT_EXECUTE|[54]
15:48:35.5 (204184826)|HEAP_ALLOCATE|[54]|Bytes:28
15:48:35.5 (204188461)|HEAP_ALLOCATE|[54]|Bytes:28
15:48:35.5 (204212209)|HEAP_ALLOCATE|[54]|Bytes:28
15:48:35.5 (204214813)|HEAP_ALLOCATE|[54]|Bytes:28
15:48:35.5 (204235787)|VARIABLE_ASSIGNMENT|[54]|TestFactorySObject.countSObjectCreated|3
15:48:35.5 (204240199)|STATEMENT_EXECUTE|[56]
15:48:35.5 (204244528)|METHOD_EXIT|[38]|01pg8000001w1Mi|TestFactorySObject.dispatchSObjectCreation(SObject, String)
15:48:35.5 (204250819)|METHOD_EXIT|[14]|01pg8000001w1Mi|TestFactorySObject.createSObject(SObject)
15:48:35.5 (204259369)|VARIABLE_SCOPE_BEGIN|[14]|pais|Country__c|true|false
15:48:35.5 (204275981)|VARIABLE_ASSIGNMENT|[14]|pais|{"Name":"País Teste2","CountryCode__c":"P2"}|0x3127f8cf
15:48:35.5 (204281494)|STATEMENT_EXECUTE|[15]
15:48:35.5 (204314394)|HEAP_ALLOCATE|[15]|Bytes:8
15:48:35.5 (204329266)|DML_BEGIN|[15]|Op:Insert|Type:Country__c|Rows:1
15:48:35.5 (204374113)|HEAP_ALLOCATE|[EXTERNAL]|Bytes:8
15:48:35.5 (248659174)|DML_END|[15]
15:48:35.5 (249390187)|STATEMENT_EXECUTE|[17]
15:48:35.5 (249474326)|HEAP_ALLOCATE|[17]|Bytes:4
15:48:35.5 (249649322)|METHOD_ENTRY|[17]|01pg8000001w1Mi|TestFactorySObject.createSObject(SObject)
15:48:35.5 (249787289)|VARIABLE_SCOPE_BEGIN|[27]|this|TestFactorySObject|true|false
15:48:35.5 (249838462)|VARIABLE_ASSIGNMENT|[27]|this|{}|0x36f7858a
15:48:35.5 (249842171)|VARIABLE_SCOPE_BEGIN|[27]|sObj|SObject|true|false
15:48:35.5 (249851944)|VARIABLE_ASSIGNMENT|[27]|sObj|{}|0x4765597d
15:48:35.5 (249867241)|STATEMENT_EXECUTE|[27]
15:48:35.5 (249868636)|STATEMENT_EXECUTE|[28]
15:48:35.5 (249875039)|METHOD_ENTRY|[28]|01pg8000001w1Mi|TestFactorySObject.validateSObject(SObject)
15:48:35.5 (249878549)|VARIABLE_SCOPE_BEGIN|[13]|sObj|SObject|true|false
15:48:35.5 (249882596)|VARIABLE_ASSIGNMENT|[13]|sObj|{}|0x4765597d
15:48:35.5 (249887192)|STATEMENT_EXECUTE|[13]
15:48:35.5 (249889512)|STATEMENT_EXECUTE|[14]
15:48:35.5 (249893280)|METHOD_EXIT|[28]|01pg8000001w1Mi|TestFactorySObject.validateSObject(SObject)
15:48:35.5 (249895778)|STATEMENT_EXECUTE|[30]
15:48:35.5 (249953894)|HEAP_ALLOCATE|[30]|Bytes:8
15:48:35.5 (249960496)|VARIABLE_SCOPE_BEGIN|[30]|objectName|String|false|false
15:48:35.5 (249972055)|VARIABLE_ASSIGNMENT|[30]|objectName|"State__c"
15:48:35.5 (249994067)|STATEMENT_EXECUTE|[31]
15:48:35.5 (249994944)|STATEMENT_EXECUTE|[35]
15:48:35.5 (250010158)|HEAP_ALLOCATE|[36]|Bytes:5
15:48:35.5 (250021529)|HEAP_ALLOCATE|[36]|Bytes:35
15:48:35.5 (250025231)|VARIABLE_SCOPE_BEGIN|[35]|defaultClassName|String|false|false
15:48:35.5 (250034704)|VARIABLE_ASSIGNMENT|[35]|defaultClassName|"TemplateDefaultField (15 more) ..."
15:48:35.5 (250038845)|STATEMENT_EXECUTE|[38]
15:48:35.5 (250043894)|METHOD_ENTRY|[38]|01pg8000001w1Mi|TestFactorySObject.dispatchSObjectCreation(SObject, String)
15:48:35.5 (250048330)|VARIABLE_SCOPE_BEGIN|[42]|this|TestFactorySObject|true|false
15:48:35.5 (250060824)|VARIABLE_ASSIGNMENT|[42]|this|{}|0x36f7858a
15:48:35.5 (250065293)|VARIABLE_SCOPE_BEGIN|[42]|sObj|SObject|true|false
15:48:35.5 (250071548)|VARIABLE_ASSIGNMENT|[42]|sObj|{}|0x4765597d
15:48:35.5 (250075906)|VARIABLE_SCOPE_BEGIN|[42]|defaultClassName|String|false|false
15:48:35.5 (250082217)|VARIABLE_ASSIGNMENT|[42]|defaultClassName|"TemplateDefaultField (15 more) ..."
15:48:35.5 (250086989)|STATEMENT_EXECUTE|[42]
15:48:35.5 (250088022)|STATEMENT_EXECUTE|[44]
15:48:35.5 (250092834)|METHOD_ENTRY|[44]||System.Type.forName(String)
15:48:35.5 (252038890)|METHOD_EXIT|[44]||System.Type.forName(String)
15:48:35.5 (252052090)|VARIABLE_SCOPE_BEGIN|[44]|t|System.Type|true|false
15:48:35.5 (252096131)|VARIABLE_ASSIGNMENT|[44]|t|{"aot":"0x22276286"}|0xb7778d9
15:48:35.5 (252103707)|STATEMENT_EXECUTE|[45]
15:48:35.5 (252105552)|STATEMENT_EXECUTE|[51]
15:48:35.5 (252111576)|METHOD_ENTRY|[52]||System.Type.newInstance()
15:48:35.5 (252250195)|STATEMENT_EXECUTE|[28]
15:48:35.5 (252261076)|METHOD_EXIT|[52]||System.Type.newInstance()
15:48:35.5 (252271126)|VARIABLE_SCOPE_BEGIN|[51]|defaults|TemplateDefaultFields.FieldDefaults|true|false
15:48:35.5 (252284974)|VARIABLE_ASSIGNMENT|[51]|defaults|{}|0x500ce963
15:48:35.5 (252289049)|STATEMENT_EXECUTE|[53]
15:48:35.5 (252316215)|METHOD_ENTRY|[53]|01pg8000001w1Mh|TemplateDefaultFields.StateDefaults.getFieldDefaults(Decimal)
15:48:35.5 (252321214)|VARIABLE_SCOPE_BEGIN|[29]|this|TemplateDefaultFields.StateDefaults|true|false
15:48:35.5 (252327347)|VARIABLE_ASSIGNMENT|[29]|this|{}|0x500ce963
15:48:35.5 (252330697)|VARIABLE_SCOPE_BEGIN|[29]|countSObjectCreated|Decimal|false|false
15:48:35.5 (252338739)|VARIABLE_ASSIGNMENT|[29]|countSObjectCreated|3
15:48:35.5 (252344649)|STATEMENT_EXECUTE|[29]
15:48:35.5 (252345603)|STATEMENT_EXECUTE|[30]
15:48:35.5 (252361467)|HEAP_ALLOCATE|[30]|Bytes:4
15:48:35.5 (252371511)|HEAP_ALLOCATE|[31]|Bytes:12
15:48:35.5 (252418539)|HEAP_ALLOCATE|[31]|Bytes:1
15:48:35.5 (252428053)|HEAP_ALLOCATE|[31]|Bytes:13
15:48:35.5 (252453067)|HEAP_ALLOCATE|[32]|Bytes:12
15:48:35.5 (252455459)|HEAP_ALLOCATE|[32]|Bytes:1
15:48:35.5 (252465127)|HEAP_ALLOCATE|[32]|Bytes:1
15:48:35.5 (252469616)|HEAP_ALLOCATE|[32]|Bytes:2
15:48:35.5 (252475792)|METHOD_EXIT|[53]|01pg8000001w1Mh|TemplateDefaultFields.StateDefaults.getFieldDefaults(Decimal)
15:48:35.5 (252480996)|METHOD_ENTRY|[53]|01pg8000001w1Mi|TestFactorySObject.addFieldDefaults(SObject, Map<String,ANY>)
15:48:35.5 (252484631)|VARIABLE_SCOPE_BEGIN|[19]|sObj|SObject|true|false
15:48:35.5 (252494192)|VARIABLE_ASSIGNMENT|[19]|sObj|{}|0x4765597d
15:48:35.5 (252496864)|VARIABLE_SCOPE_BEGIN|[19]|defaultFields|Map<String,ANY>|true|false
15:48:35.5 (252512611)|VARIABLE_ASSIGNMENT|[19]|defaultFields|{"Name":"Estado Teste3","StateCode__c":"E3"}|0x336e3190
15:48:35.5 (252517469)|STATEMENT_EXECUTE|[19]
15:48:35.5 (252551651)|HEAP_ALLOCATE|[20]|Bytes:28
15:48:35.5 (252576359)|HEAP_ALLOCATE|[20]|Bytes:5
15:48:35.5 (252587267)|VARIABLE_SCOPE_BEGIN|[20]|fieldApiName|String|false|false
15:48:35.5 (252592142)|VARIABLE_ASSIGNMENT|[20]|fieldApiName|"Name"
15:48:35.5 (252595379)|STATEMENT_EXECUTE|[20]
15:48:35.5 (252671200)|STATEMENT_EXECUTE|[21]
15:48:35.5 (252672508)|STATEMENT_EXECUTE|[22]
15:48:35.5 (252750487)|HEAP_ALLOCATE|[20]|Bytes:5
15:48:35.5 (252758229)|VARIABLE_SCOPE_BEGIN|[20]|fieldApiName|String|false|false
15:48:35.5 (252765274)|VARIABLE_ASSIGNMENT|[20]|fieldApiName|"StateCode__c"
15:48:35.5 (252768546)|STATEMENT_EXECUTE|[20]
15:48:35.5 (252803790)|STATEMENT_EXECUTE|[21]
15:48:35.5 (252805022)|STATEMENT_EXECUTE|[22]
15:48:35.5 (252845068)|HEAP_ALLOCATE|[20]|Bytes:5
15:48:35.5 (252852513)|VARIABLE_ASSIGNMENT|[20]|fieldApiName|null
15:48:35.5 (252858513)|METHOD_EXIT|[53]|01pg8000001w1Mi|TestFactorySObject.addFieldDefaults(SObject, Map<String,ANY>)
15:48:35.5 (252861609)|STATEMENT_EXECUTE|[54]
15:48:35.5 (252880708)|HEAP_ALLOCATE|[54]|Bytes:28
15:48:35.5 (252882525)|HEAP_ALLOCATE|[54]|Bytes:28
15:48:35.5 (252899644)|HEAP_ALLOCATE|[54]|Bytes:28
15:48:35.5 (252901200)|HEAP_ALLOCATE|[54]|Bytes:28
15:48:35.5 (252915893)|VARIABLE_ASSIGNMENT|[54]|TestFactorySObject.countSObjectCreated|4
15:48:35.5 (252918331)|STATEMENT_EXECUTE|[56]
15:48:35.5 (252921220)|METHOD_EXIT|[38]|01pg8000001w1Mi|TestFactorySObject.dispatchSObjectCreation(SObject, String)
15:48:35.5 (252925520)|METHOD_EXIT|[17]|01pg8000001w1Mi|TestFactorySObject.createSObject(SObject)
15:48:35.5 (252933818)|VARIABLE_SCOPE_BEGIN|[17]|estado1|State__c|true|false
15:48:35.5 (252944050)|VARIABLE_ASSIGNMENT|[17]|estado1|{"Name":"Estado Teste3","StateCode__c":"E3"}|0x4765597d
15:48:35.5 (252947145)|STATEMENT_EXECUTE|[18]
15:48:35.5 (253027265)|VARIABLE_ASSIGNMENT|[18]|this.Country__c|"a03g800000853ezAAA"|0x4765597d
15:48:35.5 (253031373)|STATEMENT_EXECUTE|[19]
15:48:35.5 (253055141)|HEAP_ALLOCATE|[19]|Bytes:8
15:48:35.5 (253069409)|DML_BEGIN|[19]|Op:Insert|Type:State__c|Rows:1
15:48:35.5 (253109763)|HEAP_ALLOCATE|[EXTERNAL]|Bytes:8
15:48:35.5 (269150473)|CODE_UNIT_STARTED|[EXTERNAL]|Validation:State:new
15:48:35.5 (269173654)|VALIDATION_RULE|03dg8000000VA7x|Estado_Precisa_de_Pais
15:48:35.5 (269294144)|VALIDATION_FORMULA|ISBLANK(Country__c)|Country__c=a03g800000853ez
15:48:35.5 (269298366)|VALIDATION_PASS
15:48:35.5 (269303478)|CODE_UNIT_FINISHED|Validation:State:new
15:48:35.5 (299546551)|DML_END|[19]
15:48:35.5 (300271155)|STATEMENT_EXECUTE|[21]
15:48:35.5 (300336930)|HEAP_ALLOCATE|[21]|Bytes:4
15:48:35.5 (300496492)|METHOD_ENTRY|[21]|01pg8000001w1Mi|TestFactorySObject.createSObject(SObject)
15:48:35.5 (300531643)|VARIABLE_SCOPE_BEGIN|[27]|this|TestFactorySObject|true|false
15:48:35.5 (300579551)|VARIABLE_ASSIGNMENT|[27]|this|{}|0x36f7858a
15:48:35.5 (300583113)|VARIABLE_SCOPE_BEGIN|[27]|sObj|SObject|true|false
15:48:35.5 (300593474)|VARIABLE_ASSIGNMENT|[27]|sObj|{}|0x6d38e8e6
15:48:35.5 (300608403)|STATEMENT_EXECUTE|[27]
15:48:35.5 (300614839)|STATEMENT_EXECUTE|[28]
15:48:35.5 (300620822)|METHOD_ENTRY|[28]|01pg8000001w1Mi|TestFactorySObject.validateSObject(SObject)
15:48:35.5 (300624134)|VARIABLE_SCOPE_BEGIN|[13]|sObj|SObject|true|false
15:48:35.5 (300628009)|VARIABLE_ASSIGNMENT|[13]|sObj|{}|0x6d38e8e6
15:48:35.5 (300632359)|STATEMENT_EXECUTE|[13]
15:48:35.5 (300634679)|STATEMENT_EXECUTE|[14]
15:48:35.5 (300638295)|METHOD_EXIT|[28]|01pg8000001w1Mi|TestFactorySObject.validateSObject(SObject)
15:48:35.5 (300640643)|STATEMENT_EXECUTE|[30]
15:48:35.5 (300696867)|HEAP_ALLOCATE|[30]|Bytes:7
15:48:35.5 (300703339)|VARIABLE_SCOPE_BEGIN|[30]|objectName|String|false|false
15:48:35.5 (300715754)|VARIABLE_ASSIGNMENT|[30]|objectName|"City__c"
15:48:35.5 (300738494)|STATEMENT_EXECUTE|[31]
15:48:35.5 (300739386)|STATEMENT_EXECUTE|[35]
15:48:35.5 (300756282)|HEAP_ALLOCATE|[36]|Bytes:4
15:48:35.5 (300765814)|HEAP_ALLOCATE|[36]|Bytes:34
15:48:35.5 (300769520)|VARIABLE_SCOPE_BEGIN|[35]|defaultClassName|String|false|false
15:48:35.5 (300779495)|VARIABLE_ASSIGNMENT|[35]|defaultClassName|"TemplateDefaultField (14 more) ..."
15:48:35.5 (300782759)|STATEMENT_EXECUTE|[38]
15:48:35.5 (300787729)|METHOD_ENTRY|[38]|01pg8000001w1Mi|TestFactorySObject.dispatchSObjectCreation(SObject, String)
15:48:35.5 (300791725)|VARIABLE_SCOPE_BEGIN|[42]|this|TestFactorySObject|true|false
15:48:35.5 (300804886)|VARIABLE_ASSIGNMENT|[42]|this|{}|0x36f7858a
15:48:35.5 (300809189)|VARIABLE_SCOPE_BEGIN|[42]|sObj|SObject|true|false
15:48:35.5 (300814970)|VARIABLE_ASSIGNMENT|[42]|sObj|{}|0x6d38e8e6
15:48:35.5 (300819175)|VARIABLE_SCOPE_BEGIN|[42]|defaultClassName|String|false|false
15:48:35.5 (300825416)|VARIABLE_ASSIGNMENT|[42]|defaultClassName|"TemplateDefaultField (14 more) ..."
15:48:35.5 (300831168)|STATEMENT_EXECUTE|[42]
15:48:35.5 (300832334)|STATEMENT_EXECUTE|[44]
15:48:35.5 (300837049)|METHOD_ENTRY|[44]||System.Type.forName(String)
15:48:35.5 (302829732)|METHOD_EXIT|[44]||System.Type.forName(String)
15:48:35.5 (302842588)|VARIABLE_SCOPE_BEGIN|[44]|t|System.Type|true|false
15:48:35.5 (302882972)|VARIABLE_ASSIGNMENT|[44]|t|{"aot":"0x71c17a9f"}|0x3b06fe26
15:48:35.5 (302888965)|STATEMENT_EXECUTE|[45]
15:48:35.5 (302890503)|STATEMENT_EXECUTE|[51]
15:48:35.5 (302894976)|METHOD_ENTRY|[52]||System.Type.newInstance()
15:48:35.5 (303024997)|STATEMENT_EXECUTE|[37]
15:48:35.5 (303035126)|METHOD_EXIT|[52]||System.Type.newInstance()
15:48:35.5 (303043546)|VARIABLE_SCOPE_BEGIN|[51]|defaults|TemplateDefaultFields.FieldDefaults|true|false
15:48:35.5 (303052697)|VARIABLE_ASSIGNMENT|[51]|defaults|{}|0x1ba8bef2
15:48:35.5 (303055650)|STATEMENT_EXECUTE|[53]
15:48:35.5 (303078612)|METHOD_ENTRY|[53]|01pg8000001w1Mh|TemplateDefaultFields.CityDefaults.getFieldDefaults(Decimal)
15:48:35.5 (303082984)|VARIABLE_SCOPE_BEGIN|[38]|this|TemplateDefaultFields.CityDefaults|true|false
15:48:35.5 (303088440)|VARIABLE_ASSIGNMENT|[38]|this|{}|0x1ba8bef2
15:48:35.5 (303091834)|VARIABLE_SCOPE_BEGIN|[38]|countSObjectCreated|Decimal|false|false
15:48:35.5 (303099452)|VARIABLE_ASSIGNMENT|[38]|countSObjectCreated|4
15:48:35.5 (303104880)|STATEMENT_EXECUTE|[38]
15:48:35.5 (303106162)|STATEMENT_EXECUTE|[39]
15:48:35.5 (303120781)|HEAP_ALLOCATE|[39]|Bytes:4
15:48:35.5 (303129475)|HEAP_ALLOCATE|[40]|Bytes:12
15:48:35.5 (303174899)|HEAP_ALLOCATE|[40]|Bytes:1
15:48:35.5 (303183771)|HEAP_ALLOCATE|[40]|Bytes:13
15:48:35.5 (303208541)|HEAP_ALLOCATE|[41]|Bytes:11
15:48:35.5 (303210919)|HEAP_ALLOCATE|[41]|Bytes:1
15:48:35.5 (303218253)|HEAP_ALLOCATE|[41]|Bytes:1
15:48:35.5 (303222542)|HEAP_ALLOCATE|[41]|Bytes:2
15:48:35.5 (303228500)|METHOD_EXIT|[53]|01pg8000001w1Mh|TemplateDefaultFields.CityDefaults.getFieldDefaults(Decimal)
15:48:35.5 (303233696)|METHOD_ENTRY|[53]|01pg8000001w1Mi|TestFactorySObject.addFieldDefaults(SObject, Map<String,ANY>)
15:48:35.5 (303237229)|VARIABLE_SCOPE_BEGIN|[19]|sObj|SObject|true|false
15:48:35.5 (303246971)|VARIABLE_ASSIGNMENT|[19]|sObj|{}|0x6d38e8e6
15:48:35.5 (303249661)|VARIABLE_SCOPE_BEGIN|[19]|defaultFields|Map<String,ANY>|true|false
15:48:35.5 (303265468)|VARIABLE_ASSIGNMENT|[19]|defaultFields|{"Name":"Cidade Teste4","CityCode__c":"C4"}|0x6d16ba69
15:48:35.5 (303270879)|STATEMENT_EXECUTE|[19]
15:48:35.5 (303305424)|HEAP_ALLOCATE|[20]|Bytes:27
15:48:35.5 (303331301)|HEAP_ALLOCATE|[20]|Bytes:5
15:48:35.5 (303342441)|VARIABLE_SCOPE_BEGIN|[20]|fieldApiName|String|false|false
15:48:35.5 (303347681)|VARIABLE_ASSIGNMENT|[20]|fieldApiName|"Name"
15:48:35.5 (303350774)|STATEMENT_EXECUTE|[20]
15:48:35.5 (303439892)|STATEMENT_EXECUTE|[21]
15:48:35.5 (303441757)|STATEMENT_EXECUTE|[22]
15:48:35.5 (303535504)|HEAP_ALLOCATE|[20]|Bytes:5
15:48:35.5 (303543924)|VARIABLE_SCOPE_BEGIN|[20]|fieldApiName|String|false|false
15:48:35.5 (303549964)|VARIABLE_ASSIGNMENT|[20]|fieldApiName|"CityCode__c"
15:48:35.5 (303552356)|STATEMENT_EXECUTE|[20]
15:48:35.5 (303581469)|STATEMENT_EXECUTE|[21]
15:48:35.5 (303582389)|STATEMENT_EXECUTE|[22]
15:48:35.5 (303612149)|HEAP_ALLOCATE|[20]|Bytes:5
15:48:35.5 (303618943)|VARIABLE_ASSIGNMENT|[20]|fieldApiName|null
15:48:35.5 (303624666)|METHOD_EXIT|[53]|01pg8000001w1Mi|TestFactorySObject.addFieldDefaults(SObject, Map<String,ANY>)
15:48:35.5 (303627794)|STATEMENT_EXECUTE|[54]
15:48:35.5 (303647693)|HEAP_ALLOCATE|[54]|Bytes:28
15:48:35.5 (303649623)|HEAP_ALLOCATE|[54]|Bytes:28
15:48:35.5 (303667165)|HEAP_ALLOCATE|[54]|Bytes:28
15:48:35.5 (303668697)|HEAP_ALLOCATE|[54]|Bytes:28
15:48:35.5 (303684745)|VARIABLE_ASSIGNMENT|[54]|TestFactorySObject.countSObjectCreated|5
15:48:35.5 (303687428)|STATEMENT_EXECUTE|[56]
15:48:35.5 (303690691)|METHOD_EXIT|[38]|01pg8000001w1Mi|TestFactorySObject.dispatchSObjectCreation(SObject, String)
15:48:35.5 (303695143)|METHOD_EXIT|[21]|01pg8000001w1Mi|TestFactorySObject.createSObject(SObject)
15:48:35.5 (303702264)|VARIABLE_SCOPE_BEGIN|[21]|cidade|City__c|true|false
15:48:35.5 (303712949)|VARIABLE_ASSIGNMENT|[21]|cidade|{"Name":"Cidade Teste4","CityCode__c":"C4"}|0x6d38e8e6
15:48:35.5 (303715923)|STATEMENT_EXECUTE|[22]
15:48:35.5 (303795138)|VARIABLE_ASSIGNMENT|[22]|this.State__c|"a04g8000000b5OvAAI"|0x6d38e8e6
15:48:35.5 (303798857)|STATEMENT_EXECUTE|[23]
15:48:35.5 (303823094)|HEAP_ALLOCATE|[23]|Bytes:8
15:48:35.5 (303834801)|DML_BEGIN|[23]|Op:Insert|Type:City__c|Rows:1
15:48:35.5 (303871259)|HEAP_ALLOCATE|[EXTERNAL]|Bytes:8
15:48:35.5 (318655089)|CODE_UNIT_STARTED|[EXTERNAL]|Validation:City:new
15:48:35.5 (318679542)|VALIDATION_RULE|03dg8000000VA7F|Cidade_Precisa_de_Estado
15:48:35.5 (318812259)|VALIDATION_FORMULA|ISBLANK(State__c)|State__c=a04g8000000b5Ov
15:48:35.5 (318816275)|VALIDATION_PASS
15:48:35.5 (318821135)|CODE_UNIT_FINISHED|Validation:City:new
15:48:35.5 (354718358)|DML_END|[23]
15:48:35.5 (355462030)|STATEMENT_EXECUTE|[25]
15:48:35.5 (355529410)|HEAP_ALLOCATE|[25]|Bytes:4
15:48:35.5 (355690808)|METHOD_ENTRY|[25]|01pg8000001w1Mi|TestFactorySObject.createSObject(SObject)
15:48:35.5 (355727207)|VARIABLE_SCOPE_BEGIN|[27]|this|TestFactorySObject|true|false
15:48:35.5 (355775766)|VARIABLE_ASSIGNMENT|[27]|this|{}|0x36f7858a
15:48:35.5 (355779304)|VARIABLE_SCOPE_BEGIN|[27]|sObj|SObject|true|false
15:48:35.5 (355789787)|VARIABLE_ASSIGNMENT|[27]|sObj|{}|0xaf117a0
15:48:35.5 (355804501)|STATEMENT_EXECUTE|[27]
15:48:35.5 (355805664)|STATEMENT_EXECUTE|[28]
15:48:35.5 (355812006)|METHOD_ENTRY|[28]|01pg8000001w1Mi|TestFactorySObject.validateSObject(SObject)
15:48:35.5 (355815480)|VARIABLE_SCOPE_BEGIN|[13]|sObj|SObject|true|false
15:48:35.5 (355819341)|VARIABLE_ASSIGNMENT|[13]|sObj|{}|0xaf117a0
15:48:35.5 (355823951)|STATEMENT_EXECUTE|[13]
15:48:35.5 (355826563)|STATEMENT_EXECUTE|[14]
15:48:35.5 (355830021)|METHOD_EXIT|[28]|01pg8000001w1Mi|TestFactorySObject.validateSObject(SObject)
15:48:35.5 (355832538)|STATEMENT_EXECUTE|[30]
15:48:35.5 (355886128)|HEAP_ALLOCATE|[30]|Bytes:21
15:48:35.5 (355892717)|VARIABLE_SCOPE_BEGIN|[30]|objectName|String|false|false
15:48:35.5 (355906529)|VARIABLE_ASSIGNMENT|[30]|objectName|"DistributionCenter__ (1 more) ..."
15:48:35.5 (355927940)|STATEMENT_EXECUTE|[31]
15:48:35.5 (355928846)|STATEMENT_EXECUTE|[35]
15:48:35.5 (355944777)|HEAP_ALLOCATE|[36]|Bytes:18
15:48:35.5 (355953846)|HEAP_ALLOCATE|[36]|Bytes:48
15:48:35.5 (355955906)|VARIABLE_SCOPE_BEGIN|[35]|defaultClassName|String|false|false
15:48:35.5 (355961835)|VARIABLE_ASSIGNMENT|[35]|defaultClassName|"TemplateDefaultField (28 more) ..."
15:48:35.5 (355964185)|STATEMENT_EXECUTE|[38]
15:48:35.5 (355968362)|METHOD_ENTRY|[38]|01pg8000001w1Mi|TestFactorySObject.dispatchSObjectCreation(SObject, String)
15:48:35.5 (355971238)|VARIABLE_SCOPE_BEGIN|[42]|this|TestFactorySObject|true|false
15:48:35.5 (355980007)|VARIABLE_ASSIGNMENT|[42]|this|{}|0x36f7858a
15:48:35.5 (355983077)|VARIABLE_SCOPE_BEGIN|[42]|sObj|SObject|true|false
15:48:35.5 (355986963)|VARIABLE_ASSIGNMENT|[42]|sObj|{}|0xaf117a0
15:48:35.5 (355989231)|VARIABLE_SCOPE_BEGIN|[42]|defaultClassName|String|false|false
15:48:35.5 (355993369)|VARIABLE_ASSIGNMENT|[42]|defaultClassName|"TemplateDefaultField (28 more) ..."
15:48:35.5 (355997472)|STATEMENT_EXECUTE|[42]
15:48:35.5 (355998449)|STATEMENT_EXECUTE|[44]
15:48:35.5 (356003301)|METHOD_ENTRY|[44]||System.Type.forName(String)
15:48:35.5 (357957504)|METHOD_EXIT|[44]||System.Type.forName(String)
15:48:35.5 (357969878)|VARIABLE_SCOPE_BEGIN|[44]|t|System.Type|true|false
15:48:35.5 (358010272)|VARIABLE_ASSIGNMENT|[44]|t|{"aot":"0x22422d28"}|0x5f354ba0
15:48:35.5 (358020097)|STATEMENT_EXECUTE|[45]
15:48:35.5 (358021869)|STATEMENT_EXECUTE|[51]
15:48:35.5 (358026646)|METHOD_ENTRY|[52]||System.Type.newInstance()
15:48:35.5 (358158783)|STATEMENT_EXECUTE|[46]
15:48:35.5 (358168926)|METHOD_EXIT|[52]||System.Type.newInstance()
15:48:35.5 (358177031)|VARIABLE_SCOPE_BEGIN|[51]|defaults|TemplateDefaultFields.FieldDefaults|true|false
15:48:35.5 (358186972)|VARIABLE_ASSIGNMENT|[51]|defaults|{}|0x1a5b304a
15:48:35.5 (358189573)|STATEMENT_EXECUTE|[53]
15:48:35.5 (358212583)|METHOD_ENTRY|[53]|01pg8000001w1Mh|TemplateDefaultFields.DistributionCenterDefaults.getFieldDefaults(Decimal)
15:48:35.5 (358217053)|VARIABLE_SCOPE_BEGIN|[47]|this|TemplateDefaultFields.DistributionCenterDefaults|true|false
15:48:35.5 (358222533)|VARIABLE_ASSIGNMENT|[47]|this|{}|0x1a5b304a
15:48:35.5 (358225865)|VARIABLE_SCOPE_BEGIN|[47]|countSObjectCreated|Decimal|false|false
15:48:35.5 (358233797)|VARIABLE_ASSIGNMENT|[47]|countSObjectCreated|5
15:48:35.5 (358239226)|STATEMENT_EXECUTE|[47]
15:48:35.5 (358240186)|STATEMENT_EXECUTE|[48]
15:48:35.5 (358256759)|HEAP_ALLOCATE|[48]|Bytes:4
15:48:35.5 (358266353)|HEAP_ALLOCATE|[49]|Bytes:28
15:48:35.5 (358311113)|HEAP_ALLOCATE|[49]|Bytes:1
15:48:35.5 (358319823)|HEAP_ALLOCATE|[49]|Bytes:29
15:48:35.5 (358345391)|HEAP_ALLOCATE|[50]|Bytes:25
15:48:35.5 (358347520)|HEAP_ALLOCATE|[50]|Bytes:2
15:48:35.5 (358355206)|HEAP_ALLOCATE|[50]|Bytes:1
15:48:35.5 (358359785)|HEAP_ALLOCATE|[50]|Bytes:3
15:48:35.5 (358365886)|METHOD_EXIT|[53]|01pg8000001w1Mh|TemplateDefaultFields.DistributionCenterDefaults.getFieldDefaults(Decimal)
15:48:35.5 (358401766)|METHOD_ENTRY|[53]|01pg8000001w1Mi|TestFactorySObject.addFieldDefaults(SObject, Map<String,ANY>)
15:48:35.5 (358406183)|VARIABLE_SCOPE_BEGIN|[19]|sObj|SObject|true|false
15:48:35.5 (358417136)|VARIABLE_ASSIGNMENT|[19]|sObj|{}|0xaf117a0
15:48:35.5 (358419586)|VARIABLE_SCOPE_BEGIN|[19]|defaultFields|Map<String,ANY>|true|false
15:48:35.5 (358436746)|VARIABLE_ASSIGNMENT|[19]|defaultFields|{"Name":"Centro de Distribuiç (9 more) ...","DistributionCenterCode__c":"DC5"}|0x652de5d
15:48:35.5 (358443886)|STATEMENT_EXECUTE|[19]
15:48:35.5 (358480206)|HEAP_ALLOCATE|[20]|Bytes:41
15:48:35.5 (358505647)|HEAP_ALLOCATE|[20]|Bytes:5
15:48:35.5 (358517177)|VARIABLE_SCOPE_BEGIN|[20]|fieldApiName|String|false|false
15:48:35.5 (358522195)|VARIABLE_ASSIGNMENT|[20]|fieldApiName|"Name"
15:48:35.5 (358525643)|STATEMENT_EXECUTE|[20]
15:48:35.5 (358605750)|STATEMENT_EXECUTE|[21]
15:48:35.5 (358606922)|STATEMENT_EXECUTE|[22]
15:48:35.5 (358681046)|HEAP_ALLOCATE|[20]|Bytes:5
15:48:35.5 (358686695)|VARIABLE_SCOPE_BEGIN|[20]|fieldApiName|String|false|false
15:48:35.5 (358692400)|VARIABLE_ASSIGNMENT|[20]|fieldApiName|"DistributionCenterCo (5 more) ..."
15:48:35.5 (358694662)|STATEMENT_EXECUTE|[20]
15:48:35.5 (358722023)|STATEMENT_EXECUTE|[21]
15:48:35.5 (358722924)|STATEMENT_EXECUTE|[22]
15:48:35.5 (358754860)|HEAP_ALLOCATE|[20]|Bytes:5
15:48:35.5 (358762906)|VARIABLE_ASSIGNMENT|[20]|fieldApiName|null
15:48:35.5 (358769682)|METHOD_EXIT|[53]|01pg8000001w1Mi|TestFactorySObject.addFieldDefaults(SObject, Map<String,ANY>)
15:48:35.5 (358773945)|STATEMENT_EXECUTE|[54]
15:48:35.5 (358795680)|HEAP_ALLOCATE|[54]|Bytes:28
15:48:35.5 (358798441)|HEAP_ALLOCATE|[54]|Bytes:28
15:48:35.5 (358819849)|HEAP_ALLOCATE|[54]|Bytes:28
15:48:35.5 (358822346)|HEAP_ALLOCATE|[54]|Bytes:28
15:48:35.5 (358841469)|VARIABLE_ASSIGNMENT|[54]|TestFactorySObject.countSObjectCreated|6
15:48:35.5 (358845223)|STATEMENT_EXECUTE|[56]
15:48:35.5 (358849186)|METHOD_EXIT|[38]|01pg8000001w1Mi|TestFactorySObject.dispatchSObjectCreation(SObject, String)
15:48:35.5 (358880480)|METHOD_EXIT|[25]|01pg8000001w1Mi|TestFactorySObject.createSObject(SObject)
15:48:35.5 (358890051)|VARIABLE_SCOPE_BEGIN|[25]|dc|DistributionCenter__c|true|false
15:48:35.5 (358904272)|VARIABLE_ASSIGNMENT|[25]|dc|{"Name":"Centro de Distribuiç (9 more) ...","DistributionCenterCode__c":"DC5"}|0xaf117a0
15:48:35.5 (358909207)|STATEMENT_EXECUTE|[26]
15:48:35.5 (359011384)|VARIABLE_ASSIGNMENT|[26]|this.City__c|"a05g8000002Bg61AAC"|0xaf117a0
15:48:35.5 (359018022)|STATEMENT_EXECUTE|[27]
15:48:35.5 (359049226)|VARIABLE_ASSIGNMENT|[27]|this.State__c|"a04g8000000b5OvAAI"|0xaf117a0
15:48:35.5 (359053300)|STATEMENT_EXECUTE|[28]
15:48:35.5 (359079284)|VARIABLE_ASSIGNMENT|[28]|this.Country__c|"a03g800000853ezAAA"|0xaf117a0
15:48:35.5 (359083593)|STATEMENT_EXECUTE|[29]
15:48:35.5 (359113623)|HEAP_ALLOCATE|[29]|Bytes:8
15:48:35.5 (359128484)|DML_BEGIN|[29]|Op:Insert|Type:DistributionCenter__c|Rows:1
15:48:35.5 (359170129)|HEAP_ALLOCATE|[EXTERNAL]|Bytes:8
15:48:35.5 (407398160)|DML_END|[29]
15:48:35.5 (408152518)|STATEMENT_EXECUTE|[31]
15:48:35.5 (408240431)|HEAP_ALLOCATE|[31]|Bytes:4
15:48:35.5 (408407140)|METHOD_ENTRY|[31]|01pg8000001w1Mi|TestFactorySObject.createSObject(SObject)
15:48:35.5 (408441124)|VARIABLE_SCOPE_BEGIN|[27]|this|TestFactorySObject|true|false
15:48:35.5 (408492837)|VARIABLE_ASSIGNMENT|[27]|this|{}|0x36f7858a
15:48:35.5 (408496369)|VARIABLE_SCOPE_BEGIN|[27]|sObj|SObject|true|false
15:48:35.5 (408507070)|VARIABLE_ASSIGNMENT|[27]|sObj|{}|0x36856c7c
15:48:35.5 (408522346)|STATEMENT_EXECUTE|[27]
15:48:35.5 (408523804)|STATEMENT_EXECUTE|[28]
15:48:35.5 (408529574)|METHOD_ENTRY|[28]|01pg8000001w1Mi|TestFactorySObject.validateSObject(SObject)
15:48:35.5 (408532834)|VARIABLE_SCOPE_BEGIN|[13]|sObj|SObject|true|false
15:48:35.5 (408536457)|VARIABLE_ASSIGNMENT|[13]|sObj|{}|0x36856c7c
15:48:35.5 (408541082)|STATEMENT_EXECUTE|[13]
15:48:35.5 (408543457)|STATEMENT_EXECUTE|[14]
15:48:35.5 (408546967)|METHOD_EXIT|[28]|01pg8000001w1Mi|TestFactorySObject.validateSObject(SObject)
15:48:35.5 (408549236)|STATEMENT_EXECUTE|[30]
15:48:35.5 (408604839)|HEAP_ALLOCATE|[30]|Bytes:19
15:48:35.5 (408610999)|VARIABLE_SCOPE_BEGIN|[30]|objectName|String|false|false
15:48:35.5 (408623667)|VARIABLE_ASSIGNMENT|[30]|objectName|"ProductHierarchy__c"
15:48:35.5 (408648305)|STATEMENT_EXECUTE|[31]
15:48:35.5 (408649643)|STATEMENT_EXECUTE|[35]
15:48:35.5 (408670228)|HEAP_ALLOCATE|[36]|Bytes:16
15:48:35.5 (408681652)|HEAP_ALLOCATE|[36]|Bytes:46
15:48:35.5 (408684361)|VARIABLE_SCOPE_BEGIN|[35]|defaultClassName|String|false|false
15:48:35.5 (408693732)|VARIABLE_ASSIGNMENT|[35]|defaultClassName|"TemplateDefaultField (26 more) ..."
15:48:35.5 (408697288)|STATEMENT_EXECUTE|[38]
15:48:35.5 (408702521)|METHOD_ENTRY|[38]|01pg8000001w1Mi|TestFactorySObject.dispatchSObjectCreation(SObject, String)
15:48:35.5 (408706381)|VARIABLE_SCOPE_BEGIN|[42]|this|TestFactorySObject|true|false
15:48:35.5 (408719956)|VARIABLE_ASSIGNMENT|[42]|this|{}|0x36f7858a
15:48:35.5 (408724472)|VARIABLE_SCOPE_BEGIN|[42]|sObj|SObject|true|false
15:48:35.5 (408730422)|VARIABLE_ASSIGNMENT|[42]|sObj|{}|0x36856c7c
15:48:35.5 (408734384)|VARIABLE_SCOPE_BEGIN|[42]|defaultClassName|String|false|false
15:48:35.5 (408741168)|VARIABLE_ASSIGNMENT|[42]|defaultClassName|"TemplateDefaultField (26 more) ..."
15:48:35.5 (408747404)|STATEMENT_EXECUTE|[42]
15:48:35.5 (408748762)|STATEMENT_EXECUTE|[44]
15:48:35.5 (408754324)|METHOD_ENTRY|[44]||System.Type.forName(String)
15:48:35.5 (410778259)|METHOD_EXIT|[44]||System.Type.forName(String)
15:48:35.5 (410790608)|VARIABLE_SCOPE_BEGIN|[44]|t|System.Type|true|false
15:48:35.5 (410831123)|VARIABLE_ASSIGNMENT|[44]|t|{"aot":"0x69439b15"}|0x4a882435
15:48:35.5 (410836740)|STATEMENT_EXECUTE|[45]
15:48:35.5 (410838294)|STATEMENT_EXECUTE|[51]
15:48:35.5 (410843129)|METHOD_ENTRY|[52]||System.Type.newInstance()
15:48:35.5 (410973169)|STATEMENT_EXECUTE|[57]
15:48:35.5 (410982697)|METHOD_EXIT|[52]||System.Type.newInstance()
15:48:35.5 (410990762)|VARIABLE_SCOPE_BEGIN|[51]|defaults|TemplateDefaultFields.FieldDefaults|true|false
15:48:35.5 (411000665)|VARIABLE_ASSIGNMENT|[51]|defaults|{}|0x6b326f88
15:48:35.5 (411003810)|STATEMENT_EXECUTE|[53]
15:48:35.5 (411025187)|METHOD_ENTRY|[53]|01pg8000001w1Mh|TemplateDefaultFields.ProductHierarchyDefaults.getFieldDefaults(Decimal)
15:48:35.5 (411030138)|VARIABLE_SCOPE_BEGIN|[58]|this|TemplateDefaultFields.ProductHierarchyDefaults|true|false
15:48:35.5 (411036167)|VARIABLE_ASSIGNMENT|[58]|this|{}|0x6b326f88
15:48:35.5 (411039307)|VARIABLE_SCOPE_BEGIN|[58]|countSObjectCreated|Decimal|false|false
15:48:35.5 (411047377)|VARIABLE_ASSIGNMENT|[58]|countSObjectCreated|6
15:48:35.5 (411052817)|STATEMENT_EXECUTE|[58]
15:48:35.5 (411053859)|STATEMENT_EXECUTE|[59]
15:48:35.5 (411068682)|HEAP_ALLOCATE|[59]|Bytes:4
15:48:35.5 (411077425)|HEAP_ALLOCATE|[60]|Bytes:16
15:48:35.5 (411122657)|HEAP_ALLOCATE|[60]|Bytes:1
15:48:35.5 (411131143)|HEAP_ALLOCATE|[60]|Bytes:17
15:48:35.5 (411156772)|HEAP_ALLOCATE|[61]|Bytes:7
15:48:35.5 (411158717)|HEAP_ALLOCATE|[61]|Bytes:1
15:48:35.5 (411165823)|HEAP_ALLOCATE|[61]|Bytes:1
15:48:35.5 (411169973)|HEAP_ALLOCATE|[61]|Bytes:2
15:48:35.5 (411175949)|METHOD_EXIT|[53]|01pg8000001w1Mh|TemplateDefaultFields.ProductHierarchyDefaults.getFieldDefaults(Decimal)
15:48:35.5 (411180902)|METHOD_ENTRY|[53]|01pg8000001w1Mi|TestFactorySObject.addFieldDefaults(SObject, Map<String,ANY>)
15:48:35.5 (411184342)|VARIABLE_SCOPE_BEGIN|[19]|sObj|SObject|true|false
15:48:35.5 (411193241)|VARIABLE_ASSIGNMENT|[19]|sObj|{}|0x36856c7c
15:48:35.5 (411195745)|VARIABLE_SCOPE_BEGIN|[19]|defaultFields|Map<String,ANY>|true|false
15:48:35.5 (411211708)|VARIABLE_ASSIGNMENT|[19]|defaultFields|{"Name":"Hierarquia Teste6","Code__c":"H6"}|0x58382885
15:48:35.5 (411216445)|STATEMENT_EXECUTE|[19]
15:48:35.5 (411250699)|HEAP_ALLOCATE|[20]|Bytes:23
15:48:35.5 (411275611)|HEAP_ALLOCATE|[20]|Bytes:5
15:48:35.5 (411286584)|VARIABLE_SCOPE_BEGIN|[20]|fieldApiName|String|false|false
15:48:35.5 (411291893)|VARIABLE_ASSIGNMENT|[20]|fieldApiName|"Name"
15:48:35.5 (411295089)|STATEMENT_EXECUTE|[20]
15:48:35.5 (411370134)|STATEMENT_EXECUTE|[21]
15:48:35.5 (411371281)|STATEMENT_EXECUTE|[22]
15:48:35.5 (411441196)|HEAP_ALLOCATE|[20]|Bytes:5
15:48:35.5 (411446219)|VARIABLE_SCOPE_BEGIN|[20]|fieldApiName|String|false|false
15:48:35.5 (411450776)|VARIABLE_ASSIGNMENT|[20]|fieldApiName|"Code__c"
15:48:35.5 (411452773)|STATEMENT_EXECUTE|[20]
15:48:35.5 (411478924)|STATEMENT_EXECUTE|[21]
15:48:35.5 (411479772)|STATEMENT_EXECUTE|[22]
15:48:35.5 (411507998)|HEAP_ALLOCATE|[20]|Bytes:5
15:48:35.5 (411513856)|VARIABLE_ASSIGNMENT|[20]|fieldApiName|null
15:48:35.5 (411519189)|METHOD_EXIT|[53]|01pg8000001w1Mi|TestFactorySObject.addFieldDefaults(SObject, Map<String,ANY>)
15:48:35.5 (411521885)|STATEMENT_EXECUTE|[54]
15:48:35.5 (411541141)|HEAP_ALLOCATE|[54]|Bytes:28
15:48:35.5 (411542800)|HEAP_ALLOCATE|[54]|Bytes:28
15:48:35.5 (411560228)|HEAP_ALLOCATE|[54]|Bytes:28
15:48:35.5 (411561803)|HEAP_ALLOCATE|[54]|Bytes:28
15:48:35.5 (411575921)|VARIABLE_ASSIGNMENT|[54]|TestFactorySObject.countSObjectCreated|7
15:48:35.5 (411578413)|STATEMENT_EXECUTE|[56]
15:48:35.5 (411581136)|METHOD_EXIT|[38]|01pg8000001w1Mi|TestFactorySObject.dispatchSObjectCreation(SObject, String)
15:48:35.5 (411585198)|METHOD_EXIT|[31]|01pg8000001w1Mi|TestFactorySObject.createSObject(SObject)
15:48:35.5 (411591910)|VARIABLE_SCOPE_BEGIN|[31]|productH|ProductHierarchy__c|true|false
15:48:35.5 (411610748)|VARIABLE_ASSIGNMENT|[31]|productH|{"Name":"Hierarquia Teste6","Code__c":"H6"}|0x36856c7c
15:48:35.5 (411613603)|STATEMENT_EXECUTE|[32]
15:48:35.5 (411637791)|HEAP_ALLOCATE|[32]|Bytes:8
15:48:35.5 (411649339)|DML_BEGIN|[32]|Op:Insert|Type:ProductHierarchy__c|Rows:1
15:48:35.5 (411683019)|HEAP_ALLOCATE|[EXTERNAL]|Bytes:8
15:48:35.5 (456069992)|DML_END|[32]
15:48:35.5 (456849892)|STATEMENT_EXECUTE|[34]
15:48:35.5 (456911760)|HEAP_ALLOCATE|[34]|Bytes:4
15:48:35.5 (457072291)|METHOD_ENTRY|[34]|01pg8000001w1Mi|TestFactorySObject.createSObject(SObject)
15:48:35.5 (457106492)|VARIABLE_SCOPE_BEGIN|[27]|this|TestFactorySObject|true|false
15:48:35.5 (457154872)|VARIABLE_ASSIGNMENT|[27]|this|{}|0x36f7858a
15:48:35.5 (457158557)|VARIABLE_SCOPE_BEGIN|[27]|sObj|SObject|true|false
15:48:35.5 (457168652)|VARIABLE_ASSIGNMENT|[27]|sObj|{}|0x241cc43a
15:48:35.5 (457182960)|STATEMENT_EXECUTE|[27]
15:48:35.5 (457184182)|STATEMENT_EXECUTE|[28]
15:48:35.5 (457189851)|METHOD_ENTRY|[28]|01pg8000001w1Mi|TestFactorySObject.validateSObject(SObject)
15:48:35.5 (457193301)|VARIABLE_SCOPE_BEGIN|[13]|sObj|SObject|true|false
15:48:35.5 (457197158)|VARIABLE_ASSIGNMENT|[13]|sObj|{}|0x241cc43a
15:48:35.5 (457202128)|STATEMENT_EXECUTE|[13]
15:48:35.5 (457204614)|STATEMENT_EXECUTE|[14]
15:48:35.5 (457208490)|METHOD_EXIT|[28]|01pg8000001w1Mi|TestFactorySObject.validateSObject(SObject)
15:48:35.5 (457210967)|STATEMENT_EXECUTE|[30]
15:48:35.5 (457265951)|HEAP_ALLOCATE|[30]|Bytes:8
15:48:35.5 (457272503)|VARIABLE_SCOPE_BEGIN|[30]|objectName|String|false|false
15:48:35.5 (457284449)|VARIABLE_ASSIGNMENT|[30]|objectName|"Product2"
15:48:35.5 (457305237)|STATEMENT_EXECUTE|[31]
15:48:35.5 (457320038)|STATEMENT_EXECUTE|[35]
15:48:35.5 (457338211)|HEAP_ALLOCATE|[36]|Bytes:8
15:48:35.5 (457347648)|HEAP_ALLOCATE|[36]|Bytes:38
15:48:35.5 (457349888)|VARIABLE_SCOPE_BEGIN|[35]|defaultClassName|String|false|false
15:48:35.5 (457356864)|VARIABLE_ASSIGNMENT|[35]|defaultClassName|"TemplateDefaultField (18 more) ..."
15:48:35.5 (457359596)|STATEMENT_EXECUTE|[38]
15:48:35.5 (457363586)|METHOD_ENTRY|[38]|01pg8000001w1Mi|TestFactorySObject.dispatchSObjectCreation(SObject, String)
15:48:35.5 (457366978)|VARIABLE_SCOPE_BEGIN|[42]|this|TestFactorySObject|true|false
15:48:35.5 (457377115)|VARIABLE_ASSIGNMENT|[42]|this|{}|0x36f7858a
15:48:35.5 (457380104)|VARIABLE_SCOPE_BEGIN|[42]|sObj|SObject|true|false
15:48:35.5 (457384223)|VARIABLE_ASSIGNMENT|[42]|sObj|{}|0x241cc43a
15:48:35.5 (457386822)|VARIABLE_SCOPE_BEGIN|[42]|defaultClassName|String|false|false
15:48:35.5 (457391221)|VARIABLE_ASSIGNMENT|[42]|defaultClassName|"TemplateDefaultField (18 more) ..."
15:48:35.5 (457396918)|STATEMENT_EXECUTE|[42]
15:48:35.5 (457398103)|STATEMENT_EXECUTE|[44]
15:48:35.5 (457403201)|METHOD_ENTRY|[44]||System.Type.forName(String)
15:48:35.5 (459478797)|METHOD_EXIT|[44]||System.Type.forName(String)
15:48:35.5 (459491443)|VARIABLE_SCOPE_BEGIN|[44]|t|System.Type|true|false
15:48:35.5 (459532276)|VARIABLE_ASSIGNMENT|[44]|t|{"aot":"0x1b3e8dda"}|0x4d1f974d
15:48:35.5 (459537402)|STATEMENT_EXECUTE|[45]
15:48:35.5 (459538669)|STATEMENT_EXECUTE|[51]
15:48:35.5 (459543452)|METHOD_ENTRY|[52]||System.Type.newInstance()
15:48:35.5 (459675053)|STATEMENT_EXECUTE|[66]
15:48:35.5 (459684757)|METHOD_EXIT|[52]||System.Type.newInstance()
15:48:35.5 (459693256)|VARIABLE_SCOPE_BEGIN|[51]|defaults|TemplateDefaultFields.FieldDefaults|true|false
15:48:35.5 (459703631)|VARIABLE_ASSIGNMENT|[51]|defaults|{}|0x56720c8f
15:48:35.5 (459706236)|STATEMENT_EXECUTE|[53]
15:48:35.5 (459729908)|METHOD_ENTRY|[53]|01pg8000001w1Mh|TemplateDefaultFields.Product2Defaults.getFieldDefaults(Decimal)
15:48:35.5 (459734486)|VARIABLE_SCOPE_BEGIN|[67]|this|TemplateDefaultFields.Product2Defaults|true|false
15:48:35.5 (459777206)|VARIABLE_ASSIGNMENT|[67]|this|{}|0x56720c8f
15:48:35.5 (459780795)|VARIABLE_SCOPE_BEGIN|[67]|countSObjectCreated|Decimal|false|false
15:48:35.5 (459788626)|VARIABLE_ASSIGNMENT|[67]|countSObjectCreated|7
15:48:35.5 (459794810)|STATEMENT_EXECUTE|[67]
15:48:35.5 (459795745)|STATEMENT_EXECUTE|[68]
15:48:35.5 (459811218)|HEAP_ALLOCATE|[68]|Bytes:4
15:48:35.5 (459820670)|HEAP_ALLOCATE|[69]|Bytes:12
15:48:35.5 (459866233)|HEAP_ALLOCATE|[69]|Bytes:1
15:48:35.5 (459876186)|HEAP_ALLOCATE|[69]|Bytes:13
15:48:35.5 (459901105)|HEAP_ALLOCATE|[70]|Bytes:13
15:48:35.5 (459903257)|HEAP_ALLOCATE|[70]|Bytes:4
15:48:35.5 (459910981)|HEAP_ALLOCATE|[70]|Bytes:1
15:48:35.5 (459915626)|HEAP_ALLOCATE|[70]|Bytes:5
15:48:35.5 (459920616)|HEAP_ALLOCATE|[71]|Bytes:17
15:48:35.5 (459926868)|HEAP_ALLOCATE|[68]|Bytes:4
15:48:35.5 (459948889)|HEAP_ALLOCATE|[72]|Bytes:8
15:48:35.5 (459956747)|HEAP_ALLOCATE|[68]|Bytes:5
15:48:35.5 (459961357)|METHOD_EXIT|[53]|01pg8000001w1Mh|TemplateDefaultFields.Product2Defaults.getFieldDefaults(Decimal)
15:48:35.5 (459966838)|METHOD_ENTRY|[53]|01pg8000001w1Mi|TestFactorySObject.addFieldDefaults(SObject, Map<String,ANY>)
15:48:35.5 (459970253)|VARIABLE_SCOPE_BEGIN|[19]|sObj|SObject|true|false
15:48:35.5 (459979181)|VARIABLE_ASSIGNMENT|[19]|sObj|{}|0x241cc43a
15:48:35.5 (459982054)|VARIABLE_SCOPE_BEGIN|[19]|defaultFields|Map<String,ANY>|true|false
15:48:35.5 (460000511)|VARIABLE_ASSIGNMENT|[19]|defaultFields|{"Name":"Trator Teste7","UniqueCode__c":"TRT 7","ProductionCost__c":300000,"IsActive":true}|0x1236d147
15:48:35.5 (460006950)|STATEMENT_EXECUTE|[19]
15:48:35.5 (460040331)|HEAP_ALLOCATE|[20]|Bytes:62
15:48:35.5 (460062198)|HEAP_ALLOCATE|[20]|Bytes:5
15:48:35.5 (460072697)|VARIABLE_SCOPE_BEGIN|[20]|fieldApiName|String|false|false
15:48:35.5 (460077714)|VARIABLE_ASSIGNMENT|[20]|fieldApiName|"Name"
15:48:35.5 (460080971)|STATEMENT_EXECUTE|[20]
15:48:35.5 (460152662)|STATEMENT_EXECUTE|[21]
15:48:35.5 (460153836)|STATEMENT_EXECUTE|[22]
15:48:35.5 (460221770)|HEAP_ALLOCATE|[20]|Bytes:5
15:48:35.5 (460227025)|VARIABLE_SCOPE_BEGIN|[20]|fieldApiName|String|false|false
15:48:35.5 (460231575)|VARIABLE_ASSIGNMENT|[20]|fieldApiName|"UniqueCode__c"
15:48:35.5 (460233711)|STATEMENT_EXECUTE|[20]
15:48:35.5 (460260659)|STATEMENT_EXECUTE|[21]
15:48:35.5 (460261550)|STATEMENT_EXECUTE|[22]
15:48:35.5 (460289656)|HEAP_ALLOCATE|[20]|Bytes:5
15:48:35.5 (460294271)|VARIABLE_SCOPE_BEGIN|[20]|fieldApiName|String|false|false
15:48:35.5 (460298666)|VARIABLE_ASSIGNMENT|[20]|fieldApiName|"ProductionCost__c"
15:48:35.5 (460300670)|STATEMENT_EXECUTE|[20]
15:48:35.5 (460311750)|STATEMENT_EXECUTE|[21]
15:48:35.5 (460312620)|STATEMENT_EXECUTE|[22]
15:48:35.5 (460329536)|HEAP_ALLOCATE|[20]|Bytes:5
15:48:35.5 (460333475)|VARIABLE_SCOPE_BEGIN|[20]|fieldApiName|String|false|false
15:48:35.5 (460337578)|VARIABLE_ASSIGNMENT|[20]|fieldApiName|"IsActive"
15:48:35.5 (460339481)|STATEMENT_EXECUTE|[20]
15:48:35.5 (460356228)|STATEMENT_EXECUTE|[21]
15:48:35.5 (460357106)|STATEMENT_EXECUTE|[22]
15:48:35.5 (460378947)|HEAP_ALLOCATE|[20]|Bytes:5
15:48:35.5 (460386148)|VARIABLE_ASSIGNMENT|[20]|fieldApiName|null
15:48:35.5 (460392696)|METHOD_EXIT|[53]|01pg8000001w1Mi|TestFactorySObject.addFieldDefaults(SObject, Map<String,ANY>)
15:48:35.5 (460397010)|STATEMENT_EXECUTE|[54]
15:48:35.5 (460416244)|HEAP_ALLOCATE|[54]|Bytes:28
15:48:35.5 (460419170)|HEAP_ALLOCATE|[54]|Bytes:28
15:48:35.5 (460441255)|HEAP_ALLOCATE|[54]|Bytes:28
15:48:35.5 (460443638)|HEAP_ALLOCATE|[54]|Bytes:28
15:48:35.5 (460462537)|VARIABLE_ASSIGNMENT|[54]|TestFactorySObject.countSObjectCreated|8
15:48:35.5 (460466759)|STATEMENT_EXECUTE|[56]
15:48:35.5 (460470358)|METHOD_EXIT|[38]|01pg8000001w1Mi|TestFactorySObject.dispatchSObjectCreation(SObject, String)
15:48:35.5 (460476090)|METHOD_EXIT|[34]|01pg8000001w1Mi|TestFactorySObject.createSObject(SObject)
15:48:35.5 (460484510)|VARIABLE_SCOPE_BEGIN|[34]|produto|Product2|true|false
15:48:35.5 (460499137)|VARIABLE_ASSIGNMENT|[34]|produto|{"Name":"Trator Teste7","UniqueCode__c":"TRT 7","ProductionCost__c":300000,"IsActive":true}|0x241cc43a
15:48:35.5 (460503240)|STATEMENT_EXECUTE|[35]
15:48:35.5 (460595490)|VARIABLE_ASSIGNMENT|[35]|this.ProductHierarchy__c|"a01g8000009VButAAG"|0x241cc43a
15:48:35.5 (460599027)|STATEMENT_EXECUTE|[36]
15:48:35.5 (460623351)|HEAP_ALLOCATE|[36]|Bytes:8
15:48:35.5 (460635965)|DML_BEGIN|[36]|Op:Insert|Type:Product2|Rows:1
15:48:35.5 (460671074)|HEAP_ALLOCATE|[EXTERNAL]|Bytes:8
15:48:35.5 (509072160)|DML_END|[36]
15:48:35.5 (510164324)|STATEMENT_EXECUTE|[38]
15:48:35.5 (510241104)|HEAP_ALLOCATE|[38]|Bytes:4
15:48:35.5 (510427427)|METHOD_ENTRY|[38]|01pg8000001w1Mi|TestFactorySObject.createSObject(SObject)
15:48:35.5 (510461486)|VARIABLE_SCOPE_BEGIN|[27]|this|TestFactorySObject|true|false
15:48:35.5 (510530961)|VARIABLE_ASSIGNMENT|[27]|this|{}|0x36f7858a
15:48:35.5 (510534698)|VARIABLE_SCOPE_BEGIN|[27]|sObj|SObject|true|false
15:48:35.5 (510545452)|VARIABLE_ASSIGNMENT|[27]|sObj|{}|0xf259627
15:48:35.5 (510560866)|STATEMENT_EXECUTE|[27]
15:48:35.5 (510562165)|STATEMENT_EXECUTE|[28]
15:48:35.5 (510568569)|METHOD_ENTRY|[28]|01pg8000001w1Mi|TestFactorySObject.validateSObject(SObject)
15:48:35.5 (510571924)|VARIABLE_SCOPE_BEGIN|[13]|sObj|SObject|true|false
15:48:35.5 (510575812)|VARIABLE_ASSIGNMENT|[13]|sObj|{}|0xf259627
15:48:35.5 (510580164)|STATEMENT_EXECUTE|[13]
15:48:35.5 (510582782)|STATEMENT_EXECUTE|[14]
15:48:35.5 (510586880)|METHOD_EXIT|[28]|01pg8000001w1Mi|TestFactorySObject.validateSObject(SObject)
15:48:35.5 (510589314)|STATEMENT_EXECUTE|[30]
15:48:35.5 (510644856)|HEAP_ALLOCATE|[30]|Bytes:6
15:48:35.5 (510651833)|VARIABLE_SCOPE_BEGIN|[30]|objectName|String|false|false
15:48:35.5 (510664468)|VARIABLE_ASSIGNMENT|[30]|objectName|"Tax__c"
15:48:35.5 (510687785)|STATEMENT_EXECUTE|[31]
15:48:35.5 (510689123)|STATEMENT_EXECUTE|[35]
15:48:35.5 (510708418)|HEAP_ALLOCATE|[36]|Bytes:3
15:48:35.5 (510720452)|HEAP_ALLOCATE|[36]|Bytes:33
15:48:35.5 (510723792)|VARIABLE_SCOPE_BEGIN|[35]|defaultClassName|String|false|false
15:48:35.5 (510732828)|VARIABLE_ASSIGNMENT|[35]|defaultClassName|"TemplateDefaultField (13 more) ..."
15:48:35.5 (510736455)|STATEMENT_EXECUTE|[38]
15:48:35.5 (510741835)|METHOD_ENTRY|[38]|01pg8000001w1Mi|TestFactorySObject.dispatchSObjectCreation(SObject, String)
15:48:35.5 (510746163)|VARIABLE_SCOPE_BEGIN|[42]|this|TestFactorySObject|true|false
15:48:35.5 (510765205)|VARIABLE_ASSIGNMENT|[42]|this|{}|0x36f7858a
15:48:35.5 (510768345)|VARIABLE_SCOPE_BEGIN|[42]|sObj|SObject|true|false
15:48:35.5 (510772613)|VARIABLE_ASSIGNMENT|[42]|sObj|{}|0xf259627
15:48:35.5 (510775363)|VARIABLE_SCOPE_BEGIN|[42]|defaultClassName|String|false|false
15:48:35.5 (510779822)|VARIABLE_ASSIGNMENT|[42]|defaultClassName|"TemplateDefaultField (13 more) ..."
15:48:35.5 (510784248)|STATEMENT_EXECUTE|[42]
15:48:35.5 (510785217)|STATEMENT_EXECUTE|[44]
15:48:35.5 (510790690)|METHOD_ENTRY|[44]||System.Type.forName(String)
15:48:35.5 (512839524)|METHOD_EXIT|[44]||System.Type.forName(String)
15:48:35.5 (512853066)|VARIABLE_SCOPE_BEGIN|[44]|t|System.Type|true|false
15:48:35.5 (512932424)|VARIABLE_ASSIGNMENT|[44]|t|{"aot":"0x5a20e530"}|0x637b0d62
15:48:35.5 (512938283)|STATEMENT_EXECUTE|[45]
15:48:35.5 (512939859)|STATEMENT_EXECUTE|[51]
15:48:35.5 (512945456)|METHOD_ENTRY|[52]||System.Type.newInstance()
15:48:35.5 (513082484)|STATEMENT_EXECUTE|[79]
15:48:35.5 (513093333)|METHOD_EXIT|[52]||System.Type.newInstance()
15:48:35.5 (513101528)|VARIABLE_SCOPE_BEGIN|[51]|defaults|TemplateDefaultFields.FieldDefaults|true|false
15:48:35.5 (513116316)|VARIABLE_ASSIGNMENT|[51]|defaults|{}|0x289cedae
15:48:35.5 (513119228)|STATEMENT_EXECUTE|[53]
15:48:35.5 (513142678)|METHOD_ENTRY|[53]|01pg8000001w1Mh|TemplateDefaultFields.TaxDefaults.getFieldDefaults(Decimal)
15:48:35.5 (513147462)|VARIABLE_SCOPE_BEGIN|[80]|this|TemplateDefaultFields.TaxDefaults|true|false
15:48:35.5 (513153155)|VARIABLE_ASSIGNMENT|[80]|this|{}|0x289cedae
15:48:35.5 (513156661)|VARIABLE_SCOPE_BEGIN|[80]|countSObjectCreated|Decimal|false|false
15:48:35.5 (513164490)|VARIABLE_ASSIGNMENT|[80]|countSObjectCreated|8
15:48:35.5 (513170581)|STATEMENT_EXECUTE|[80]
15:48:35.5 (513171460)|STATEMENT_EXECUTE|[81]
15:48:35.5 (513185885)|HEAP_ALLOCATE|[81]|Bytes:4
15:48:35.5 (513196130)|HEAP_ALLOCATE|[82]|Bytes:13
15:48:35.5 (513241610)|HEAP_ALLOCATE|[82]|Bytes:1
15:48:35.5 (513250995)|HEAP_ALLOCATE|[82]|Bytes:14
15:48:35.5 (513276974)|HEAP_ALLOCATE|[83]|Bytes:10
15:48:35.5 (513279363)|HEAP_ALLOCATE|[83]|Bytes:2
15:48:35.5 (513287065)|HEAP_ALLOCATE|[83]|Bytes:1
15:48:35.5 (513291398)|HEAP_ALLOCATE|[83]|Bytes:3
15:48:35.5 (513297657)|METHOD_EXIT|[53]|01pg8000001w1Mh|TemplateDefaultFields.TaxDefaults.getFieldDefaults(Decimal)
15:48:35.5 (513303285)|METHOD_ENTRY|[53]|01pg8000001w1Mi|TestFactorySObject.addFieldDefaults(SObject, Map<String,ANY>)
15:48:35.5 (513319793)|VARIABLE_SCOPE_BEGIN|[19]|sObj|SObject|true|false
15:48:35.5 (513330955)|VARIABLE_ASSIGNMENT|[19]|sObj|{}|0xf259627
15:48:35.5 (513333983)|VARIABLE_SCOPE_BEGIN|[19]|defaultFields|Map<String,ANY>|true|false
15:48:35.5 (513349745)|VARIABLE_ASSIGNMENT|[19]|defaultFields|{"Name":"Imposto Teste8","TaxCode__c":"IP8"}|0x3838e80d
15:48:35.5 (513355544)|STATEMENT_EXECUTE|[19]
15:48:35.5 (513391103)|HEAP_ALLOCATE|[20]|Bytes:26
15:48:35.5 (513437105)|HEAP_ALLOCATE|[20]|Bytes:5
15:48:35.5 (513453056)|VARIABLE_SCOPE_BEGIN|[20]|fieldApiName|String|false|false
15:48:35.5 (513460705)|VARIABLE_ASSIGNMENT|[20]|fieldApiName|"Name"
15:48:35.5 (513465071)|STATEMENT_EXECUTE|[20]
15:48:35.5 (513644567)|STATEMENT_EXECUTE|[21]
15:48:35.5 (513645849)|STATEMENT_EXECUTE|[22]
15:48:35.5 (513718246)|HEAP_ALLOCATE|[20]|Bytes:5
15:48:35.5 (513726170)|VARIABLE_SCOPE_BEGIN|[20]|fieldApiName|String|false|false
15:48:35.5 (513733222)|VARIABLE_ASSIGNMENT|[20]|fieldApiName|"TaxCode__c"
15:48:35.5 (513735409)|STATEMENT_EXECUTE|[20]
15:48:35.5 (513763224)|STATEMENT_EXECUTE|[21]
15:48:35.5 (513764114)|STATEMENT_EXECUTE|[22]
15:48:35.5 (513792893)|HEAP_ALLOCATE|[20]|Bytes:5
15:48:35.5 (513799689)|VARIABLE_ASSIGNMENT|[20]|fieldApiName|null
15:48:35.5 (513806757)|METHOD_EXIT|[53]|01pg8000001w1Mi|TestFactorySObject.addFieldDefaults(SObject, Map<String,ANY>)
15:48:35.5 (513810349)|STATEMENT_EXECUTE|[54]
15:48:35.5 (513830046)|HEAP_ALLOCATE|[54]|Bytes:28
15:48:35.5 (513832381)|HEAP_ALLOCATE|[54]|Bytes:28
15:48:35.5 (513850191)|HEAP_ALLOCATE|[54]|Bytes:28
15:48:35.5 (513851817)|HEAP_ALLOCATE|[54]|Bytes:28
15:48:35.5 (513866120)|VARIABLE_ASSIGNMENT|[54]|TestFactorySObject.countSObjectCreated|9
15:48:35.5 (513868775)|STATEMENT_EXECUTE|[56]
15:48:35.5 (513871777)|METHOD_EXIT|[38]|01pg8000001w1Mi|TestFactorySObject.dispatchSObjectCreation(SObject, String)
15:48:35.5 (513876707)|METHOD_EXIT|[38]|01pg8000001w1Mi|TestFactorySObject.createSObject(SObject)
15:48:35.5 (513884964)|VARIABLE_SCOPE_BEGIN|[38]|imposto|Tax__c|true|false
15:48:35.5 (513896921)|VARIABLE_ASSIGNMENT|[38]|imposto|{"Name":"Imposto Teste8","TaxCode__c":"IP8"}|0xf259627
15:48:35.5 (513899994)|STATEMENT_EXECUTE|[39]
15:48:35.5 (513977788)|VARIABLE_ASSIGNMENT|[39]|this.DistributionCenter__c|"a06g8000001gb4DAAQ"|0xf259627
15:48:35.5 (513981197)|STATEMENT_EXECUTE|[40]
15:48:35.5 (514012064)|VARIABLE_ASSIGNMENT|[40]|this.Product__c|"01tg8000001RQp3AAG"|0xf259627
15:48:35.5 (514017159)|STATEMENT_EXECUTE|[41]
15:48:35.5 (514043867)|VARIABLE_ASSIGNMENT|[41]|this.State__c|"a04g8000000b5OvAAI"|0xf259627
15:48:35.5 (514048013)|STATEMENT_EXECUTE|[42]
15:48:35.5 (514050858)|HEAP_ALLOCATE|[42]|Bytes:8
15:48:35.5 (514069566)|VARIABLE_ASSIGNMENT|[42]|this.Status__c|"Approved"|0xf259627
15:48:35.5 (514073583)|STATEMENT_EXECUTE|[43]
15:48:35.5 (514075577)|HEAP_ALLOCATE|[43]|Bytes:4
15:48:35.5 (514092467)|HEAP_ALLOCATE|[43]|Bytes:28
15:48:35.5 (514111109)|VARIABLE_ASSIGNMENT|[43]|this.TaxRate__c|10.0|0xf259627
15:48:35.5 (514113976)|STATEMENT_EXECUTE|[44]
15:48:35.5 (514138967)|HEAP_ALLOCATE|[44]|Bytes:8
15:48:35.5 (514150557)|DML_BEGIN|[44]|Op:Insert|Type:Tax__c|Rows:1
15:48:35.5 (514186113)|HEAP_ALLOCATE|[EXTERNAL]|Bytes:8
15:48:35.5 (641814362)|CODE_UNIT_STARTED|[EXTERNAL]|Flow:01Ig8000000dte9
15:48:35.729 (729063684)|FLOW_CREATE_INTERVIEW_BEGIN|00Dg8000001b33B|300g800000Csj6k|301g8000005x9nc
15:48:35.729 (729249226)|FLOW_CREATE_INTERVIEW_END|432413294d3f147772a057b53d3519d77102c6-0a56|Imposto: Gerar Chave Única
15:48:35.730 (730733951)|FLOW_START_INTERVIEWS_BEGIN|1
15:48:35.730 (730843305)|FLOW_START_INTERVIEW_BEGIN|432413294d3f147772a057b53d3519d77102c6-0a56|Imposto: Gerar Chave Única
15:48:35.730 (747947312)|FLOW_START_INTERVIEW_END|432413294d3f147772a057b53d3519d77102c6-0a56|Imposto: Gerar Chave Única
15:48:35.730 (750208037)|FLOW_START_INTERVIEWS_END|1
15:48:35.730 (750619656)|FLOW_INTERVIEW_FINISHED|432413294d3f147772a057b53d3519d77102c6-0a56|Imposto: Gerar Chave Única
15:48:35.5 (753121546)|CODE_UNIT_FINISHED|Flow:01Ig8000000dte9
15:48:35.5 (771835862)|CODE_UNIT_STARTED|[EXTERNAL]|Validation:Tax:new
15:48:35.5 (771858821)|VALIDATION_RULE|03dg8000000V8kT|Campos_Obrigatorios_Imposto
15:48:35.5 (772016823)|VALIDATION_FORMULA|OR(
ISBLANK(Product__c),
ISBLANK(DistributionCenter__c),
ISBLANK(State__c)
)|DistributionCenter__c=a06g8000001gb4D , Product__c=01tg8000001RQp3 , State__c=a04g8000000b5Ov
15:48:35.5 (772021811)|VALIDATION_PASS
15:48:35.5 (772023214)|VALIDATION_RULE|03dg8000000oOS9|Imposto_ativo
15:48:35.5 (772229236)|VALIDATION_FORMULA|ISPICKVAL(Status__c, "Approved") && 
(ISCHANGED(Product__c) &#124;&#124; ISCHANGED(ProductHierarchy__c) &#124;&#124; ISCHANGED(TaxRate__c) &#124;&#124; ISCHANGED(DistributionCenter__c) &#124;&#124; ISCHANGED(State__c))|Status__c=Approved , TaxRate__c=10.0 , DistributionCenter__c=a06g8000001gb4D , Product__c=01tg8000001RQp3 , ProductHierarchy__c=null , State__c=a04g8000000b5Ov
15:48:35.5 (772235391)|VALIDATION_PASS
15:48:35.5 (772236392)|VALIDATION_RULE|03dg8000000ZDAT|Produto_OU_Hierarquia
15:48:35.5 (772297971)|VALIDATION_FORMULA|( ISBLANK(Product__c) && ISBLANK(ProductHierarchy__c) )
&#124;&#124;
( NOT(ISBLANK(Product__c)) && NOT(ISBLANK(ProductHierarchy__c)) )|Product__c=01tg8000001RQp3 , ProductHierarchy__c=null
15:48:35.5 (772301363)|VALIDATION_PASS
15:48:35.5 (772306440)|CODE_UNIT_FINISHED|Validation:Tax:new
15:48:35.5 (801751062)|CODE_UNIT_STARTED|[EXTERNAL]|Flow:01Ig8000000dte9
15:48:35.5 (801784702)|CODE_UNIT_FINISHED|Flow:01Ig8000000dte9
15:48:35.5 (801825920)|CODE_UNIT_STARTED|[EXTERNAL]|Flow:01Ig8000000dte9
15:48:35.5 (801843697)|CODE_UNIT_FINISHED|Flow:01Ig8000000dte9
15:48:35.5 (808115373)|DML_END|[44]
15:48:35.5 (808836652)|STATEMENT_EXECUTE|[46]
15:48:35.5 (808903657)|HEAP_ALLOCATE|[46]|Bytes:4
15:48:35.5 (809066382)|METHOD_ENTRY|[46]|01pg8000001w1Mi|TestFactorySObject.createSObject(SObject)
15:48:35.5 (809099522)|VARIABLE_SCOPE_BEGIN|[27]|this|TestFactorySObject|true|false
15:48:35.5 (809147904)|VARIABLE_ASSIGNMENT|[27]|this|{}|0x36f7858a
15:48:35.5 (809151869)|VARIABLE_SCOPE_BEGIN|[27]|sObj|SObject|true|false
15:48:35.5 (809162727)|VARIABLE_ASSIGNMENT|[27]|sObj|{}|0x6aedf678
15:48:35.5 (809177812)|STATEMENT_EXECUTE|[27]
15:48:35.5 (809179106)|STATEMENT_EXECUTE|[28]
15:48:35.5 (809183869)|METHOD_ENTRY|[28]|01pg8000001w1Mi|TestFactorySObject.validateSObject(SObject)
15:48:35.5 (809187132)|VARIABLE_SCOPE_BEGIN|[13]|sObj|SObject|true|false
15:48:35.5 (809191051)|VARIABLE_ASSIGNMENT|[13]|sObj|{}|0x6aedf678
15:48:35.5 (809195467)|STATEMENT_EXECUTE|[13]
15:48:35.5 (809198022)|STATEMENT_EXECUTE|[14]
15:48:35.5 (809201715)|METHOD_EXIT|[28]|01pg8000001w1Mi|TestFactorySObject.validateSObject(SObject)
15:48:35.5 (809204290)|STATEMENT_EXECUTE|[30]
15:48:35.5 (809261117)|HEAP_ALLOCATE|[30]|Bytes:10
15:48:35.5 (809267850)|VARIABLE_SCOPE_BEGIN|[30]|objectName|String|false|false
15:48:35.5 (809279943)|VARIABLE_ASSIGNMENT|[30]|objectName|"Freight__c"
15:48:35.5 (809302914)|STATEMENT_EXECUTE|[31]
15:48:35.5 (809303800)|STATEMENT_EXECUTE|[35]
15:48:35.5 (809333583)|HEAP_ALLOCATE|[36]|Bytes:7
15:48:35.5 (809343447)|HEAP_ALLOCATE|[36]|Bytes:37
15:48:35.5 (809345630)|VARIABLE_SCOPE_BEGIN|[35]|defaultClassName|String|false|false
15:48:35.5 (809353232)|VARIABLE_ASSIGNMENT|[35]|defaultClassName|"TemplateDefaultField (17 more) ..."
15:48:35.5 (809355602)|STATEMENT_EXECUTE|[38]
15:48:35.5 (809359630)|METHOD_ENTRY|[38]|01pg8000001w1Mi|TestFactorySObject.dispatchSObjectCreation(SObject, String)
15:48:35.5 (809362640)|VARIABLE_SCOPE_BEGIN|[42]|this|TestFactorySObject|true|false
15:48:35.5 (809371852)|VARIABLE_ASSIGNMENT|[42]|this|{}|0x36f7858a
15:48:35.5 (809374896)|VARIABLE_SCOPE_BEGIN|[42]|sObj|SObject|true|false
15:48:35.5 (809379175)|VARIABLE_ASSIGNMENT|[42]|sObj|{}|0x6aedf678
15:48:35.5 (809381897)|VARIABLE_SCOPE_BEGIN|[42]|defaultClassName|String|false|false
15:48:35.5 (809386007)|VARIABLE_ASSIGNMENT|[42]|defaultClassName|"TemplateDefaultField (17 more) ..."
15:48:35.5 (809390552)|STATEMENT_EXECUTE|[42]
15:48:35.5 (809391514)|STATEMENT_EXECUTE|[44]
15:48:35.5 (809395906)|METHOD_ENTRY|[44]||System.Type.forName(String)
15:48:35.5 (811497314)|METHOD_EXIT|[44]||System.Type.forName(String)
15:48:35.5 (811509131)|VARIABLE_SCOPE_BEGIN|[44]|t|System.Type|true|false
15:48:35.5 (811548394)|VARIABLE_ASSIGNMENT|[44]|t|{"aot":"0x6acc193"}|0x60093ea4
15:48:35.5 (811553829)|STATEMENT_EXECUTE|[45]
15:48:35.5 (811555123)|STATEMENT_EXECUTE|[51]
15:48:35.5 (811559887)|METHOD_ENTRY|[52]||System.Type.newInstance()
15:48:35.5 (811690862)|STATEMENT_EXECUTE|[88]
15:48:35.5 (811700718)|METHOD_EXIT|[52]||System.Type.newInstance()
15:48:35.5 (811708893)|VARIABLE_SCOPE_BEGIN|[51]|defaults|TemplateDefaultFields.FieldDefaults|true|false
15:48:35.5 (811718625)|VARIABLE_ASSIGNMENT|[51]|defaults|{}|0x76b55905
15:48:35.5 (811721343)|STATEMENT_EXECUTE|[53]
15:48:35.5 (811744336)|METHOD_ENTRY|[53]|01pg8000001w1Mh|TemplateDefaultFields.FreightDefaults.getFieldDefaults(Decimal)
15:48:35.5 (811749279)|VARIABLE_SCOPE_BEGIN|[89]|this|TemplateDefaultFields.FreightDefaults|true|false
15:48:35.5 (811754947)|VARIABLE_ASSIGNMENT|[89]|this|{}|0x76b55905
15:48:35.5 (811758012)|VARIABLE_SCOPE_BEGIN|[89]|countSObjectCreated|Decimal|false|false
15:48:35.5 (811765684)|VARIABLE_ASSIGNMENT|[89]|countSObjectCreated|9
15:48:35.5 (811771592)|STATEMENT_EXECUTE|[89]
15:48:35.5 (811772532)|STATEMENT_EXECUTE|[90]
15:48:35.5 (811787458)|HEAP_ALLOCATE|[90]|Bytes:4
15:48:35.5 (811796880)|HEAP_ALLOCATE|[91]|Bytes:11
15:48:35.5 (811846842)|HEAP_ALLOCATE|[91]|Bytes:1
15:48:35.5 (811855556)|HEAP_ALLOCATE|[91]|Bytes:12
15:48:35.5 (811881149)|HEAP_ALLOCATE|[92]|Bytes:14
15:48:35.5 (811883236)|HEAP_ALLOCATE|[92]|Bytes:1
15:48:35.5 (811890458)|HEAP_ALLOCATE|[92]|Bytes:1
15:48:35.5 (811894862)|HEAP_ALLOCATE|[92]|Bytes:2
15:48:35.5 (811900762)|METHOD_EXIT|[53]|01pg8000001w1Mh|TemplateDefaultFields.FreightDefaults.getFieldDefaults(Decimal)
15:48:35.5 (811905796)|METHOD_ENTRY|[53]|01pg8000001w1Mi|TestFactorySObject.addFieldDefaults(SObject, Map<String,ANY>)
15:48:35.5 (811909337)|VARIABLE_SCOPE_BEGIN|[19]|sObj|SObject|true|false
15:48:35.5 (811918283)|VARIABLE_ASSIGNMENT|[19]|sObj|{}|0x6aedf678
15:48:35.5 (811920999)|VARIABLE_SCOPE_BEGIN|[19]|defaultFields|Map<String,ANY>|true|false
15:48:35.5 (811936824)|VARIABLE_ASSIGNMENT|[19]|defaultFields|{"Name":"Frete Teste9","FreightCode__c":"F9"}|0x12a3cacd
15:48:35.5 (811941972)|STATEMENT_EXECUTE|[19]
15:48:35.5 (811976425)|HEAP_ALLOCATE|[20]|Bytes:30
15:48:35.5 (812006181)|HEAP_ALLOCATE|[20]|Bytes:5
15:48:35.5 (812020985)|VARIABLE_SCOPE_BEGIN|[20]|fieldApiName|String|false|false
15:48:35.5 (812028162)|VARIABLE_ASSIGNMENT|[20]|fieldApiName|"Name"
15:48:35.5 (812032397)|STATEMENT_EXECUTE|[20]
15:48:35.5 (812235655)|STATEMENT_EXECUTE|[21]
15:48:35.5 (812237518)|STATEMENT_EXECUTE|[22]
15:48:35.5 (812325384)|HEAP_ALLOCATE|[20]|Bytes:5
15:48:35.5 (812333121)|VARIABLE_SCOPE_BEGIN|[20]|fieldApiName|String|false|false
15:48:35.5 (812339725)|VARIABLE_ASSIGNMENT|[20]|fieldApiName|"FreightCode__c"
15:48:35.5 (812341818)|STATEMENT_EXECUTE|[20]
15:48:35.5 (812370266)|STATEMENT_EXECUTE|[21]
15:48:35.5 (812371244)|STATEMENT_EXECUTE|[22]
15:48:35.5 (812408960)|HEAP_ALLOCATE|[20]|Bytes:5
15:48:35.5 (812416356)|VARIABLE_ASSIGNMENT|[20]|fieldApiName|null
15:48:35.5 (812422496)|METHOD_EXIT|[53]|01pg8000001w1Mi|TestFactorySObject.addFieldDefaults(SObject, Map<String,ANY>)
15:48:35.5 (812425704)|STATEMENT_EXECUTE|[54]
15:48:35.5 (812445142)|HEAP_ALLOCATE|[54]|Bytes:28
15:48:35.5 (812447215)|HEAP_ALLOCATE|[54]|Bytes:28
15:48:35.5 (812466079)|HEAP_ALLOCATE|[54]|Bytes:28
15:48:35.5 (812467774)|HEAP_ALLOCATE|[54]|Bytes:28
15:48:35.5 (812482459)|VARIABLE_ASSIGNMENT|[54]|TestFactorySObject.countSObjectCreated|10
15:48:35.5 (812485061)|STATEMENT_EXECUTE|[56]
15:48:35.5 (812488136)|METHOD_EXIT|[38]|01pg8000001w1Mi|TestFactorySObject.dispatchSObjectCreation(SObject, String)
15:48:35.5 (812492762)|METHOD_EXIT|[46]|01pg8000001w1Mi|TestFactorySObject.createSObject(SObject)
15:48:35.5 (812500306)|VARIABLE_SCOPE_BEGIN|[46]|frete|Freight__c|true|false
15:48:35.5 (812513334)|VARIABLE_ASSIGNMENT|[46]|frete|{"Name":"Frete Teste9","FreightCode__c":"F9"}|0x6aedf678
15:48:35.5 (812516356)|STATEMENT_EXECUTE|[47]
15:48:35.5 (812598048)|VARIABLE_ASSIGNMENT|[47]|this.Product__c|"01tg8000001RQp3AAG"|0x6aedf678
15:48:35.5 (812601639)|STATEMENT_EXECUTE|[48]
15:48:35.5 (812626459)|VARIABLE_ASSIGNMENT|[48]|this.State__c|"a04g8000000b5OvAAI"|0x6aedf678
15:48:35.5 (812629401)|STATEMENT_EXECUTE|[49]
15:48:35.5 (812647727)|VARIABLE_ASSIGNMENT|[49]|this.DistributionCenter__c|"a06g8000001gb4DAAQ"|0x6aedf678
15:48:35.5 (812650770)|STATEMENT_EXECUTE|[50]
15:48:35.5 (812663243)|VARIABLE_ASSIGNMENT|[50]|this.Status__c|"Approved"|0x6aedf678
15:48:35.5 (812665752)|STATEMENT_EXECUTE|[51]
15:48:35.5 (812667274)|HEAP_ALLOCATE|[51]|Bytes:5
15:48:35.5 (812677336)|HEAP_ALLOCATE|[51]|Bytes:28
15:48:35.5 (812691777)|VARIABLE_ASSIGNMENT|[51]|this.FreightValue__c|700.0|0x6aedf678
15:48:35.5 (812694371)|STATEMENT_EXECUTE|[52]
15:48:35.5 (812719569)|HEAP_ALLOCATE|[52]|Bytes:8
15:48:35.5 (812731415)|DML_BEGIN|[52]|Op:Insert|Type:Freight__c|Rows:1
15:48:35.5 (812768905)|HEAP_ALLOCATE|[EXTERNAL]|Bytes:8
15:48:35.5 (912805228)|CODE_UNIT_STARTED|[EXTERNAL]|Flow:01Ig8000000duwn
15:48:35.986 (986887526)|FLOW_CREATE_INTERVIEW_BEGIN|00Dg8000001b33B|300g800000CuE4d|301g8000008UX6n
15:48:35.986 (986991211)|FLOW_CREATE_INTERVIEW_END|432513294d3f147772a057b53d3519d77102c6-0a57|Frete: Gerar chave única
15:48:35.988 (988027107)|FLOW_START_INTERVIEWS_BEGIN|1
15:48:35.988 (988079301)|FLOW_START_INTERVIEW_BEGIN|432513294d3f147772a057b53d3519d77102c6-0a57|Frete: Gerar chave única
15:48:35.988 (1002459240)|FLOW_START_INTERVIEW_END|432513294d3f147772a057b53d3519d77102c6-0a57|Frete: Gerar chave única
15:48:35.988 (1004773223)|FLOW_START_INTERVIEWS_END|1
15:48:35.988 (1005051161)|FLOW_INTERVIEW_FINISHED|432513294d3f147772a057b53d3519d77102c6-0a57|Frete: Gerar chave única
15:48:36.7 (1007323337)|CODE_UNIT_FINISHED|Flow:01Ig8000000duwn
15:48:36.7 (1020340171)|CODE_UNIT_STARTED|[EXTERNAL]|Validation:Freight:new
15:48:36.7 (1020367182)|VALIDATION_RULE|03dg8000000V8m5|Campos_Obrigatorios_Frete
15:48:36.7 (1020559800)|VALIDATION_FORMULA|OR(
ISBLANK(DistributionCenter__c),
ISBLANK(FreightValue__c)
)|FreightValue__c=700.0 , DistributionCenter__c=a06g8000001gb4D
15:48:36.7 (1020564459)|VALIDATION_PASS
15:48:36.7 (1020565835)|VALIDATION_RULE|03dg8000000oN1R|Frete_ativo
15:48:36.7 (1020782114)|VALIDATION_FORMULA|ISPICKVAL(Status__c, "Approved") && 
(ISCHANGED(Product__c) &#124;&#124; ISCHANGED(ProductHierarchy__c) &#124;&#124; ISCHANGED(FreightValue__c) &#124;&#124; ISCHANGED(DistributionCenter__c) &#124;&#124; ISCHANGED(State__c) &#124;&#124; ISCHANGED(City__c) &#124;&#124; ISCHANGED(Country__c))|FreightValue__c=700.0 , Country__c=null , State__c=a04g8000000b5Ov , Product__c=01tg8000001RQp3 , ProductHierarchy__c=null , DistributionCenter__c=a06g8000001gb4D , Status__c=Approved , City__c=null
15:48:36.7 (1020788356)|VALIDATION_PASS
15:48:36.7 (1020789216)|VALIDATION_RULE|03dg8000000ZDC5|Produto_OU_Hierarquia
15:48:36.7 (1020847347)|VALIDATION_FORMULA|( ISBLANK(Product__c) && ISBLANK(ProductHierarchy__c) )
&#124;&#124;
( NOT(ISBLANK(Product__c)) && NOT(ISBLANK(ProductHierarchy__c)) )|Product__c=01tg8000001RQp3 , ProductHierarchy__c=null
15:48:36.7 (1020850429)|VALIDATION_PASS
15:48:36.7 (1020855714)|CODE_UNIT_FINISHED|Validation:Freight:new
15:48:36.7 (1045809067)|CODE_UNIT_STARTED|[EXTERNAL]|Flow:01Ig8000000duwn
15:48:36.7 (1045842152)|CODE_UNIT_FINISHED|Flow:01Ig8000000duwn
15:48:36.7 (1045884783)|CODE_UNIT_STARTED|[EXTERNAL]|Flow:01Ig8000000duwn
15:48:36.7 (1045893655)|CODE_UNIT_FINISHED|Flow:01Ig8000000duwn
15:48:36.7 (1051014792)|DML_END|[52]
15:48:36.7 (1051728578)|STATEMENT_EXECUTE|[54]
15:48:36.7 (1051798989)|HEAP_ALLOCATE|[54]|Bytes:4
15:48:36.7 (1051958708)|METHOD_ENTRY|[54]|01pg8000001w1Mi|TestFactorySObject.createSObject(SObject)
15:48:36.7 (1051992375)|VARIABLE_SCOPE_BEGIN|[27]|this|TestFactorySObject|true|false
15:48:36.7 (1052038266)|VARIABLE_ASSIGNMENT|[27]|this|{}|0x36f7858a
15:48:36.7 (1052042467)|VARIABLE_SCOPE_BEGIN|[27]|sObj|SObject|true|false
15:48:36.7 (1052051550)|VARIABLE_ASSIGNMENT|[27]|sObj|{}|0x266350f3
15:48:36.7 (1052066256)|STATEMENT_EXECUTE|[27]
15:48:36.7 (1052067367)|STATEMENT_EXECUTE|[28]
15:48:36.7 (1052072912)|METHOD_ENTRY|[28]|01pg8000001w1Mi|TestFactorySObject.validateSObject(SObject)
15:48:36.7 (1052076414)|VARIABLE_SCOPE_BEGIN|[13]|sObj|SObject|true|false
15:48:36.7 (1052080264)|VARIABLE_ASSIGNMENT|[13]|sObj|{}|0x266350f3
15:48:36.7 (1052084491)|STATEMENT_EXECUTE|[13]
15:48:36.7 (1052087092)|STATEMENT_EXECUTE|[14]
15:48:36.7 (1052091294)|METHOD_EXIT|[28]|01pg8000001w1Mi|TestFactorySObject.validateSObject(SObject)
15:48:36.7 (1052093735)|STATEMENT_EXECUTE|[30]
15:48:36.7 (1052149335)|HEAP_ALLOCATE|[30]|Bytes:9
15:48:36.7 (1052156187)|VARIABLE_SCOPE_BEGIN|[30]|objectName|String|false|false
15:48:36.7 (1052168423)|VARIABLE_ASSIGNMENT|[30]|objectName|"Margem__c"
15:48:36.7 (1052189278)|STATEMENT_EXECUTE|[31]
15:48:36.7 (1052190201)|STATEMENT_EXECUTE|[35]
15:48:36.7 (1052205832)|HEAP_ALLOCATE|[36]|Bytes:6
15:48:36.7 (1052215277)|HEAP_ALLOCATE|[36]|Bytes:36
15:48:36.7 (1052217473)|VARIABLE_SCOPE_BEGIN|[35]|defaultClassName|String|false|false
15:48:36.7 (1052224732)|VARIABLE_ASSIGNMENT|[35]|defaultClassName|"TemplateDefaultField (16 more) ..."
15:48:36.7 (1052227232)|STATEMENT_EXECUTE|[38]
15:48:36.7 (1052231377)|METHOD_ENTRY|[38]|01pg8000001w1Mi|TestFactorySObject.dispatchSObjectCreation(SObject, String)
15:48:36.7 (1052234343)|VARIABLE_SCOPE_BEGIN|[42]|this|TestFactorySObject|true|false
15:48:36.7 (1052242167)|VARIABLE_ASSIGNMENT|[42]|this|{}|0x36f7858a
15:48:36.7 (1052245250)|VARIABLE_SCOPE_BEGIN|[42]|sObj|SObject|true|false
15:48:36.7 (1052249160)|VARIABLE_ASSIGNMENT|[42]|sObj|{}|0x266350f3
15:48:36.7 (1052251486)|VARIABLE_SCOPE_BEGIN|[42]|defaultClassName|String|false|false
15:48:36.7 (1052255701)|VARIABLE_ASSIGNMENT|[42]|defaultClassName|"TemplateDefaultField (16 more) ..."
15:48:36.7 (1052259502)|STATEMENT_EXECUTE|[42]
15:48:36.7 (1052260491)|STATEMENT_EXECUTE|[44]
15:48:36.7 (1052264978)|METHOD_ENTRY|[44]||System.Type.forName(String)
15:48:36.7 (1054300338)|METHOD_EXIT|[44]||System.Type.forName(String)
15:48:36.7 (1054311189)|VARIABLE_SCOPE_BEGIN|[44]|t|System.Type|true|false
15:48:36.7 (1054346588)|VARIABLE_ASSIGNMENT|[44]|t|{"aot":"0xd826416"}|0x4fddbe21
15:48:36.7 (1054352121)|STATEMENT_EXECUTE|[45]
15:48:36.7 (1054353586)|STATEMENT_EXECUTE|[51]
15:48:36.7 (1054358363)|METHOD_ENTRY|[52]||System.Type.newInstance()
15:48:36.7 (1054522818)|STATEMENT_EXECUTE|[97]
15:48:36.7 (1054533078)|METHOD_EXIT|[52]||System.Type.newInstance()
15:48:36.7 (1054541662)|VARIABLE_SCOPE_BEGIN|[51]|defaults|TemplateDefaultFields.FieldDefaults|true|false
15:48:36.7 (1054582373)|VARIABLE_ASSIGNMENT|[51]|defaults|{}|0x2b06f700
15:48:36.7 (1054585301)|STATEMENT_EXECUTE|[53]
15:48:36.7 (1054608288)|METHOD_ENTRY|[53]|01pg8000001w1Mh|TemplateDefaultFields.MargemDefaults.getFieldDefaults(Decimal)
15:48:36.7 (1054612891)|VARIABLE_SCOPE_BEGIN|[98]|this|TemplateDefaultFields.MargemDefaults|true|false
15:48:36.7 (1054619412)|VARIABLE_ASSIGNMENT|[98]|this|{}|0x2b06f700
15:48:36.7 (1054623917)|VARIABLE_SCOPE_BEGIN|[98]|countSObjectCreated|Decimal|false|false
15:48:36.7 (1054633302)|VARIABLE_ASSIGNMENT|[98]|countSObjectCreated|10
15:48:36.7 (1054642234)|STATEMENT_EXECUTE|[98]
15:48:36.7 (1054643490)|STATEMENT_EXECUTE|[99]
15:48:36.7 (1054661340)|HEAP_ALLOCATE|[99]|Bytes:4
15:48:36.7 (1054672519)|HEAP_ALLOCATE|[100]|Bytes:12
15:48:36.7 (1054723030)|HEAP_ALLOCATE|[100]|Bytes:2
15:48:36.7 (1054732313)|HEAP_ALLOCATE|[100]|Bytes:14
15:48:36.7 (1054757686)|HEAP_ALLOCATE|[101]|Bytes:13
15:48:36.7 (1054760080)|HEAP_ALLOCATE|[101]|Bytes:1
15:48:36.7 (1054767649)|HEAP_ALLOCATE|[101]|Bytes:2
15:48:36.7 (1054772062)|HEAP_ALLOCATE|[101]|Bytes:3
15:48:36.7 (1054778218)|METHOD_EXIT|[53]|01pg8000001w1Mh|TemplateDefaultFields.MargemDefaults.getFieldDefaults(Decimal)
15:48:36.7 (1054783588)|METHOD_ENTRY|[53]|01pg8000001w1Mi|TestFactorySObject.addFieldDefaults(SObject, Map<String,ANY>)
15:48:36.7 (1054786914)|VARIABLE_SCOPE_BEGIN|[19]|sObj|SObject|true|false
15:48:36.7 (1054795689)|VARIABLE_ASSIGNMENT|[19]|sObj|{}|0x266350f3
15:48:36.7 (1054798355)|VARIABLE_SCOPE_BEGIN|[19]|defaultFields|Map<String,ANY>|true|false
15:48:36.7 (1054815237)|VARIABLE_ASSIGNMENT|[19]|defaultFields|{"Name":"Margem Teste10","MargemCode__c":"M10"}|0x2aaec74
15:48:36.7 (1054820746)|STATEMENT_EXECUTE|[19]
15:48:36.7 (1054855329)|HEAP_ALLOCATE|[20]|Bytes:29
15:48:36.7 (1054881072)|HEAP_ALLOCATE|[20]|Bytes:5
15:48:36.7 (1054891977)|VARIABLE_SCOPE_BEGIN|[20]|fieldApiName|String|false|false
15:48:36.7 (1054897025)|VARIABLE_ASSIGNMENT|[20]|fieldApiName|"Name"
15:48:36.7 (1054900769)|STATEMENT_EXECUTE|[20]
15:48:36.7 (1055087442)|STATEMENT_EXECUTE|[21]
15:48:36.7 (1055089249)|STATEMENT_EXECUTE|[22]
15:48:36.7 (1055166641)|HEAP_ALLOCATE|[20]|Bytes:5
15:48:36.7 (1055172957)|VARIABLE_SCOPE_BEGIN|[20]|fieldApiName|String|false|false
15:48:36.7 (1055178140)|VARIABLE_ASSIGNMENT|[20]|fieldApiName|"MargemCode__c"
15:48:36.7 (1055180415)|STATEMENT_EXECUTE|[20]
15:48:36.7 (1055207542)|STATEMENT_EXECUTE|[21]
15:48:36.7 (1055208464)|STATEMENT_EXECUTE|[22]
15:48:36.7 (1055237446)|HEAP_ALLOCATE|[20]|Bytes:5
15:48:36.7 (1055243555)|VARIABLE_ASSIGNMENT|[20]|fieldApiName|null
15:48:36.7 (1055248715)|METHOD_EXIT|[53]|01pg8000001w1Mi|TestFactorySObject.addFieldDefaults(SObject, Map<String,ANY>)
15:48:36.7 (1055251452)|STATEMENT_EXECUTE|[54]
15:48:36.7 (1055269919)|HEAP_ALLOCATE|[54]|Bytes:28
15:48:36.7 (1055271744)|HEAP_ALLOCATE|[54]|Bytes:28
15:48:36.7 (1055290301)|HEAP_ALLOCATE|[54]|Bytes:28
15:48:36.7 (1055305411)|VARIABLE_ASSIGNMENT|[54]|TestFactorySObject.countSObjectCreated|11
15:48:36.7 (1055308045)|STATEMENT_EXECUTE|[56]
15:48:36.7 (1055310781)|METHOD_EXIT|[38]|01pg8000001w1Mi|TestFactorySObject.dispatchSObjectCreation(SObject, String)
15:48:36.7 (1055315396)|METHOD_EXIT|[54]|01pg8000001w1Mi|TestFactorySObject.createSObject(SObject)
15:48:36.7 (1055321537)|VARIABLE_SCOPE_BEGIN|[54]|margem|Margem__c|true|false
15:48:36.7 (1055330651)|VARIABLE_ASSIGNMENT|[54]|margem|{"Name":"Margem Teste10","MargemCode__c":"M10"}|0x266350f3
15:48:36.7 (1055333726)|STATEMENT_EXECUTE|[55]
15:48:36.7 (1055406745)|VARIABLE_ASSIGNMENT|[55]|this.Product__c|"01tg8000001RQp3AAG"|0x266350f3
15:48:36.7 (1055410098)|STATEMENT_EXECUTE|[56]
15:48:36.7 (1055446764)|VARIABLE_ASSIGNMENT|[56]|this.Account__c|"001g8000009VBusAAG"|0x266350f3
15:48:36.7 (1055449680)|STATEMENT_EXECUTE|[57]
15:48:36.7 (1055471212)|VARIABLE_ASSIGNMENT|[57]|this.State__c|"a04g8000000b5OvAAI"|0x266350f3
15:48:36.7 (1055473936)|STATEMENT_EXECUTE|[58]
15:48:36.7 (1055491411)|VARIABLE_ASSIGNMENT|[58]|this.DistributionCenter__c|"a06g8000001gb4DAAQ"|0x266350f3
15:48:36.7 (1055494243)|STATEMENT_EXECUTE|[59]
15:48:36.7 (1055505875)|VARIABLE_ASSIGNMENT|[59]|this.Status__c|"Approved"|0x266350f3
15:48:36.7 (1055508639)|STATEMENT_EXECUTE|[60]
15:48:36.7 (1055510189)|HEAP_ALLOCATE|[60]|Bytes:4
15:48:36.7 (1055518319)|HEAP_ALLOCATE|[60]|Bytes:28
15:48:36.7 (1055533976)|VARIABLE_ASSIGNMENT|[60]|this.MarginValuePercent__c|15.0|0x266350f3
15:48:36.7 (1055536625)|STATEMENT_EXECUTE|[61]
15:48:36.7 (1055559211)|HEAP_ALLOCATE|[61]|Bytes:8
15:48:36.7 (1055570327)|DML_BEGIN|[61]|Op:Insert|Type:Margem__c|Rows:1
15:48:36.7 (1055606085)|HEAP_ALLOCATE|[EXTERNAL]|Bytes:8
15:48:36.7 (1149832639)|CODE_UNIT_STARTED|[EXTERNAL]|Flow:01Ig8000000dEr7
15:48:36.224 (1224685661)|FLOW_CREATE_INTERVIEW_BEGIN|00Dg8000001b33B|300g800000D1TN3|301g8000008UYKb
15:48:36.224 (1224786316)|FLOW_CREATE_INTERVIEW_END|432613294d3f147772a057b53d3519d77102c6-0a58|Margem: Gerar chave única
15:48:36.225 (1225890980)|FLOW_START_INTERVIEWS_BEGIN|1
15:48:36.225 (1225946643)|FLOW_START_INTERVIEW_BEGIN|432613294d3f147772a057b53d3519d77102c6-0a58|Margem: Gerar chave única
15:48:36.225 (1240645343)|FLOW_START_INTERVIEW_END|432613294d3f147772a057b53d3519d77102c6-0a58|Margem: Gerar chave única
15:48:36.225 (1242637277)|FLOW_START_INTERVIEWS_END|1
15:48:36.225 (1243018265)|FLOW_INTERVIEW_FINISHED|432613294d3f147772a057b53d3519d77102c6-0a58|Margem: Gerar chave única
15:48:36.7 (1245345123)|CODE_UNIT_FINISHED|Flow:01Ig8000000dEr7
15:48:36.7 (1262191267)|CODE_UNIT_STARTED|[EXTERNAL]|Validation:Margem:new
15:48:36.7 (1262217808)|VALIDATION_RULE|03dg8000000oUqv|Margem_ativa
15:48:36.7 (1262805524)|VALIDATION_FORMULA|ISPICKVAL(Status__c, "Approved") && 
(ISCHANGED(MarginValuePercent__c) &#124;&#124; ISCHANGED(Product__c) &#124;&#124; ISCHANGED(ProductHierarchy__c) &#124;&#124; ISCHANGED(State__c) &#124;&#124; ISCHANGED(City__c) &#124;&#124; ISCHANGED(Country__c)&#124;&#124; ISCHANGED(Account__c) &#124;&#124; ISCHANGED(AccountGroup__c))|Account__c=001g8000009VBus , City__c=null , AccountGroup__c=null , State__c=a04g8000000b5Ov , MarginValuePercent__c=15.0 , Country__c=null , ProductHierarchy__c=null , Status__c=Approved , Product__c=01tg8000001RQp3
15:48:36.7 (1262824149)|VALIDATION_PASS
15:48:36.7 (1262826385)|VALIDATION_RULE|03dg8000000hqEf|obrigatorio_conta_ou_accountGroup
15:48:36.7 (1262975268)|VALIDATION_FORMULA|OR(
    AND(ISBLANK(Account__c), ISBLANK(AccountGroup__c)),
    AND(NOT(ISBLANK(Account__c)), NOT(ISBLANK(AccountGroup__c)))
)|Account__c=001g8000009VBus , AccountGroup__c=null
15:48:36.7 (1262983155)|VALIDATION_PASS
15:48:36.7 (1262984928)|VALIDATION_RULE|03dg8000000V50D|Required_Product_or_Hierarchy
15:48:36.7 (1263092598)|VALIDATION_FORMULA|OR(
    AND(ISBLANK(Product__c), ISBLANK(ProductHierarchy__c)),
    AND(NOT(ISBLANK(Product__c)), NOT(ISBLANK(ProductHierarchy__c)))
)|ProductHierarchy__c=null , Product__c=01tg8000001RQp3
15:48:36.7 (1263099045)|VALIDATION_PASS
15:48:36.7 (1263105715)|CODE_UNIT_FINISHED|Validation:Margem:new
15:48:36.7 (1290687556)|CODE_UNIT_STARTED|[EXTERNAL]|Flow:01Ig8000000dEr7
15:48:36.7 (1290719655)|CODE_UNIT_FINISHED|Flow:01Ig8000000dEr7
15:48:36.7 (1290757515)|CODE_UNIT_STARTED|[EXTERNAL]|Flow:01Ig8000000dEr7
15:48:36.7 (1290766812)|CODE_UNIT_FINISHED|Flow:01Ig8000000dEr7
15:48:36.7 (1295075333)|DML_END|[61]
15:48:36.7 (1295846450)|STATEMENT_EXECUTE|[63]
15:48:36.7 (1295959864)|HEAP_ALLOCATE|[63]|Bytes:118
15:48:36.7 (1295996633)|SYSTEM_METHOD_ENTRY|[1]|Test.Test()
15:48:36.7 (1296000740)|STATEMENT_EXECUTE|[1]
15:48:36.7 (1296034225)|SYSTEM_METHOD_EXIT|[1]|Test
15:48:36.7 (1296055806)|METHOD_ENTRY|[63]||System.Test.getStandardPricebookId()
15:48:36.7 (1299266887)|METHOD_EXIT|[63]||System.Test.getStandardPricebookId()
15:48:36.7 (1299291444)|VARIABLE_SCOPE_BEGIN|[63]|stdPricebookId|Id|false|false
15:48:36.7 (1299545821)|VARIABLE_ASSIGNMENT|[63]|stdPricebookId|"01sg8000000h7xWAAQ"
15:48:36.7 (1299555296)|STATEMENT_EXECUTE|[65]
15:48:36.7 (1299645128)|HEAP_ALLOCATE|[65]|Bytes:4
15:48:36.7 (1299904861)|VARIABLE_ASSIGNMENT|[65]|this.AccountId|"001g8000009VBusAAG"|0x1085c272
15:48:36.7 (1299914026)|HEAP_ALLOCATE|[67]|Bytes:5
15:48:36.7 (1299938239)|VARIABLE_ASSIGNMENT|[65]|this.Status|"Draft"|0x1085c272
15:48:36.7 (1300066470)|HEAP_ALLOCATE|[68]|Bytes:4
15:48:36.7 (1300123616)|VARIABLE_ASSIGNMENT|[65]|this.EffectiveDate|"2026-04-10T00:00:00.000Z"|0x1085c272
15:48:36.7 (1300175666)|VARIABLE_ASSIGNMENT|[65]|this.Pricebook2Id|"01sg8000000h7xWAAQ"|0x1085c272
15:48:36.7 (1300226632)|VARIABLE_ASSIGNMENT|[65]|this.DistributionCenter__c|"a06g8000001gb4DAAQ"|0x1085c272
15:48:36.7 (1300246525)|VARIABLE_ASSIGNMENT|[65]|this.State__c|"a04g8000000b5OvAAI"|0x1085c272
15:48:36.7 (1300265385)|VARIABLE_ASSIGNMENT|[65]|this.City__c|"a05g8000002Bg61AAC"|0x1085c272
15:48:36.7 (1300282972)|VARIABLE_ASSIGNMENT|[65]|this.Country__c|"a03g800000853ezAAA"|0x1085c272
15:48:36.7 (1300315975)|VARIABLE_SCOPE_BEGIN|[65]|pedido|Order|true|false
15:48:36.7 (1300342613)|VARIABLE_ASSIGNMENT|[65]|pedido|{"AccountId":"001g8000009VBusAAG","Status":"Draft","EffectiveDate":"2026-04-10T00:00:00.000Z","Pricebook2Id":"01sg8000000h7xWAAQ","DistributionCenter__c":"a06g8000001gb4DAAQ","State__c":"a04g8000000b5OvAAI","City__c":"a05g8000002Bg61AAC","Country__c":"a03g800000853ezAAA"}|0x1085c272
15:48:36.7 (1300349927)|STATEMENT_EXECUTE|[75]
15:48:36.7 (1300376530)|HEAP_ALLOCATE|[75]|Bytes:8
15:48:36.7 (1300389566)|DML_BEGIN|[75]|Op:Insert|Type:Order|Rows:1
15:48:36.7 (1300434357)|HEAP_ALLOCATE|[EXTERNAL]|Bytes:8
15:48:36.7 (1346460495)|CODE_UNIT_STARTED|[EXTERNAL]|Validation:Order:new
15:48:36.7 (1346485946)|VALIDATION_RULE|03dg8000000aS4D|Bloquear_Alteracao_Conta_Pedido
15:48:36.7 (1346659563)|VALIDATION_FORMULA|ISCHANGED(AccountId) && NOT(ISNEW())|AccountId=001g8000009VBus
15:48:36.7 (1346664208)|VALIDATION_PASS
15:48:36.7 (1346669253)|CODE_UNIT_FINISHED|Validation:Order:new
15:48:36.7 (1393159629)|DML_END|[75]
15:48:36.7 (1393885693)|STATEMENT_EXECUTE|[77]
15:48:36.7 (1393952144)|HEAP_ALLOCATE|[77]|Bytes:4
15:48:36.7 (1394182454)|VARIABLE_ASSIGNMENT|[77]|this.Pricebook2Id|"01sg8000000h7xWAAQ"|0x587054b
15:48:36.7 (1394219514)|VARIABLE_ASSIGNMENT|[77]|this.Product2Id|"01tg8000001RQp3AAG"|0x587054b
15:48:36.7 (1394251434)|HEAP_ALLOCATE|[77]|Bytes:28
15:48:36.7 (1394269406)|VARIABLE_ASSIGNMENT|[77]|this.UnitPrice|1000|0x587054b
15:48:36.7 (1394284756)|VARIABLE_ASSIGNMENT|[77]|this.IsActive|true|0x587054b
15:48:36.7 (1394316648)|VARIABLE_SCOPE_BEGIN|[77]|pbe|PricebookEntry|true|false
15:48:36.7 (1394339864)|VARIABLE_ASSIGNMENT|[77]|pbe|{"Pricebook2Id":"01sg8000000h7xWAAQ","Product2Id":"01tg8000001RQp3AAG","UnitPrice":1000,"IsActive":true}|0x587054b
15:48:36.7 (1394344090)|STATEMENT_EXECUTE|[83]
15:48:36.7 (1394403407)|HEAP_ALLOCATE|[83]|Bytes:8
15:48:36.7 (1394416994)|DML_BEGIN|[83]|Op:Insert|Type:PricebookEntry|Rows:1
15:48:36.7 (1394457720)|HEAP_ALLOCATE|[EXTERNAL]|Bytes:8
15:48:36.7 (1439330189)|DML_END|[83]
15:48:36.440 (1440073755)|CUMULATIVE_LIMIT_USAGE
15:48:36.440 (1440073755)|LIMIT_USAGE_FOR_NS|(default)|
  Number of SOQL queries: 0 out of 100
  Number of query rows: 0 out of 50000
  Number of SOSL queries: 0 out of 20
  Number of DML statements: 13 out of 150
  Number of Publish Immediate DML: 0 out of 150
  Number of DML rows: 13 out of 10000
  Maximum CPU time: 96 out of 10000
  Maximum heap size: 0 out of 6000000
  Number of callouts: 0 out of 100
  Number of Email Invocations: 0 out of 10
  Number of future calls: 0 out of 50
  Number of queueable jobs added to the queue: 0 out of 50
  Number of Mobile Apex push calls: 0 out of 10

15:48:36.440 (1440073755)|CUMULATIVE_LIMIT_USAGE_END

15:48:36.7 (1440142472)|CODE_UNIT_FINISHED|OrderItemHandlerTest.setup()
15:48:36.7 (1440163357)|EXECUTION_FINISHED
15:48:36.461 (1461483218)|USER_INFO|[EXTERNAL]|005g80000010N45|sabrina.jesus@resourceful-moose-fmmd11.com|(GMT-03:00) Brasilia Standard Time (America/Sao_Paulo)|GMT-03:00
15:48:36.461 (1461515383)|EXECUTION_STARTED
15:48:36.461 (1461533053)|CODE_UNIT_STARTED|[EXTERNAL]|01pg8000001w1Mb|OrderItemHandlerTest.deleteOrderItemDraft()
15:48:36.461 (1461746552)|HEAP_ALLOCATE|[95]|Bytes:3
15:48:36.461 (1461805792)|HEAP_ALLOCATE|[100]|Bytes:152
15:48:36.461 (1461825212)|HEAP_ALLOCATE|[417]|Bytes:408
15:48:36.461 (1461855772)|HEAP_ALLOCATE|[430]|Bytes:408
15:48:36.461 (1461890090)|HEAP_ALLOCATE|[317]|Bytes:6
15:48:36.461 (1461906474)|HEAP_ALLOCATE|[EXTERNAL]|Bytes:413
15:48:36.461 (1461919142)|METHOD_ENTRY|[2]|01pg8000001w1Mb|OrderItemHandlerTest.OrderItemHandlerTest()
15:48:36.461 (1461926377)|STATEMENT_EXECUTE|[2]
15:48:36.461 (1461933155)|STATEMENT_EXECUTE|[2]
15:48:36.461 (1461953492)|METHOD_EXIT|[2]|OrderItemHandlerTest
15:48:36.461 (1461990710)|HEAP_ALLOCATE|[68]|Bytes:5
15:48:36.461 (1462023867)|HEAP_ALLOCATE|[74]|Bytes:5
15:48:36.461 (1462032742)|HEAP_ALLOCATE|[82]|Bytes:7
15:48:36.461 (1462110383)|STATEMENT_EXECUTE|[217]
15:48:36.461 (1462112347)|STATEMENT_EXECUTE|[219]
15:48:36.461 (1462115915)|HEAP_ALLOCATE|[219]|Bytes:28
15:48:36.461 (1462143457)|HEAP_ALLOCATE|[219]|Bytes:4
15:48:36.461 (1462717949)|SOQL_EXECUTE_BEGIN|[219]|Aggregations:0|SELECT Id FROM Order LIMIT 1
15:48:36.461 (1482039834)|SOQL_EXECUTE_END|[219]|Rows:1
15:48:36.461 (1482090157)|HEAP_ALLOCATE|[219]|Bytes:8
15:48:36.461 (1482121782)|HEAP_ALLOCATE|[219]|Bytes:29
15:48:36.461 (1482247083)|HEAP_ALLOCATE|[219]|Bytes:8
15:48:36.461 (1482275742)|HEAP_ALLOCATE|[219]|Bytes:31
15:48:36.461 (1482436884)|HEAP_ALLOCATE|[219]|Bytes:8
15:48:36.461 (1482451874)|VARIABLE_SCOPE_BEGIN|[219]|pedido|Order|true|false
15:48:36.461 (1482586243)|VARIABLE_ASSIGNMENT|[219]|pedido|{"Id":"801g8000009VBuuAAG"}|0x1441a2bf
15:48:36.461 (1482596874)|STATEMENT_EXECUTE|[220]
15:48:36.461 (1482601019)|HEAP_ALLOCATE|[220]|Bytes:37
15:48:36.461 (1482621239)|HEAP_ALLOCATE|[220]|Bytes:4
15:48:36.461 (1483046542)|SOQL_EXECUTE_BEGIN|[220]|Aggregations:0|SELECT Id FROM PricebookEntry LIMIT 1
15:48:36.461 (1498125007)|SOQL_EXECUTE_END|[220]|Rows:1
15:48:36.461 (1498163890)|HEAP_ALLOCATE|[220]|Bytes:8
15:48:36.461 (1498186043)|HEAP_ALLOCATE|[220]|Bytes:29
15:48:36.461 (1498287037)|HEAP_ALLOCATE|[220]|Bytes:8
15:48:36.461 (1498306951)|HEAP_ALLOCATE|[220]|Bytes:40
15:48:36.461 (1498421735)|HEAP_ALLOCATE|[220]|Bytes:8
15:48:36.461 (1498433975)|VARIABLE_SCOPE_BEGIN|[220]|pbe|PricebookEntry|true|false
15:48:36.461 (1498498125)|VARIABLE_ASSIGNMENT|[220]|pbe|{"Id":"01ug8000000gTdVAAU"}|0xe64f8d1
15:48:36.461 (1498503756)|STATEMENT_EXECUTE|[221]
15:48:36.461 (1498506570)|HEAP_ALLOCATE|[221]|Bytes:31
15:48:36.461 (1498521568)|HEAP_ALLOCATE|[221]|Bytes:4
15:48:36.461 (1498787301)|SOQL_EXECUTE_BEGIN|[221]|Aggregations:0|SELECT Id FROM Product2 LIMIT 1
15:48:36.461 (1511468527)|SOQL_EXECUTE_END|[221]|Rows:1
15:48:36.461 (1511508619)|HEAP_ALLOCATE|[221]|Bytes:8
15:48:36.461 (1511532991)|HEAP_ALLOCATE|[221]|Bytes:29
15:48:36.461 (1511629786)|HEAP_ALLOCATE|[221]|Bytes:8
15:48:36.461 (1511652886)|HEAP_ALLOCATE|[221]|Bytes:34
15:48:36.461 (1511742917)|HEAP_ALLOCATE|[221]|Bytes:8
15:48:36.461 (1511754396)|VARIABLE_SCOPE_BEGIN|[221]|produto|Product2|true|false
15:48:36.461 (1511824459)|VARIABLE_ASSIGNMENT|[221]|produto|{"Id":"01tg8000001RQp3AAG"}|0x5de530c7
15:48:36.461 (1511834133)|STATEMENT_EXECUTE|[223]
15:48:36.461 (1511882281)|HEAP_ALLOCATE|[223]|Bytes:4
15:48:36.461 (1512084274)|VARIABLE_ASSIGNMENT|[223]|this.OrderId|"801g8000009VBuuAAG"|0x375acc94
15:48:36.461 (1512117043)|VARIABLE_ASSIGNMENT|[223]|this.Product2Id|"01tg8000001RQp3AAG"|0x375acc94
15:48:36.461 (1512161950)|VARIABLE_ASSIGNMENT|[223]|this.PricebookEntryId|"01ug8000000gTdVAAU"|0x375acc94
15:48:36.461 (1512221311)|HEAP_ALLOCATE|[223]|Bytes:28
15:48:36.461 (1512225721)|HEAP_ALLOCATE|[223]|Bytes:28
15:48:36.461 (1512252412)|VARIABLE_ASSIGNMENT|[223]|this.Quantity|1|0x375acc94
15:48:36.461 (1512261775)|HEAP_ALLOCATE|[223]|Bytes:28
15:48:36.461 (1512281363)|VARIABLE_ASSIGNMENT|[223]|this.UnitPrice|100|0x375acc94
15:48:36.461 (1512312257)|VARIABLE_SCOPE_BEGIN|[223]|item|OrderItem|true|false
15:48:36.461 (1512336347)|VARIABLE_ASSIGNMENT|[223]|item|{"OrderId":"801g8000009VBuuAAG","Product2Id":"01tg8000001RQp3AAG","PricebookEntryId":"01ug8000000gTdVAAU","Quantity":1,"UnitPrice":100}|0x375acc94
15:48:36.461 (1512343482)|STATEMENT_EXECUTE|[230]
15:48:36.461 (1512381928)|HEAP_ALLOCATE|[230]|Bytes:8
15:48:36.461 (1512396748)|DML_BEGIN|[230]|Op:Insert|Type:OrderItem|Rows:1
15:48:36.461 (1512437608)|HEAP_ALLOCATE|[EXTERNAL]|Bytes:8
15:48:36.461 (1543580333)|CODE_UNIT_STARTED|[EXTERNAL]|01qg8000000Fou9|OrdemItemTrigger on OrderItem trigger event BeforeInsert|__sfdc_trigger/OrdemItemTrigger
15:48:36.461 (1543661775)|HEAP_ALLOCATE|[EXTERNAL]|Bytes:8
15:48:36.461 (1543800476)|HEAP_ALLOCATE|[EXTERNAL]|Bytes:4
15:48:36.461 (1543811287)|VARIABLE_SCOPE_BEGIN|[1]|this|OrdemItemTrigger|true|false
15:48:36.461 (1543977553)|VARIABLE_ASSIGNMENT|[1]|this|{}|0x2e854e6a
15:48:36.461 (1544030375)|HEAP_ALLOCATE|[EXTERNAL]|Bytes:4
15:48:36.461 (1544038503)|VARIABLE_SCOPE_BEGIN|[1]|this|OrdemItemTrigger|true|false
15:48:36.461 (1544048845)|VARIABLE_ASSIGNMENT|[1]|this|{}|0x2e854e6a
15:48:36.461 (1544057910)|STATEMENT_EXECUTE|[1]
15:48:36.461 (1544059589)|STATEMENT_EXECUTE|[2]
15:48:36.461 (1549704513)|VARIABLE_SCOPE_BEGIN|[63]|TriggerHandler.BYPASS_ALL_ALIAS|String|false|true
15:48:36.461 (1549720752)|VARIABLE_SCOPE_BEGIN|[839]|TriggerHandler.ERROR_TRIGGERCONTEXT|String|false|true
15:48:36.461 (1549733663)|VARIABLE_SCOPE_BEGIN|[26]|TriggerHandler.bypassedHandlers|Set<String>|true|true
15:48:36.461 (1549738676)|VARIABLE_SCOPE_BEGIN|[32]|TriggerHandler.globalBypass|Boolean|false|true
15:48:36.461 (1549939468)|VARIABLE_SCOPE_BEGIN|[20]|TriggerHandler.loopCountMap|Map<String,TriggerHandler.LoopCount>|true|true
15:48:36.461 (1549961006)|VARIABLE_SCOPE_BEGIN|[44]|TriggerHandler.showDebug|Boolean|false|true
15:48:36.461 (1549966878)|VARIABLE_SCOPE_BEGIN|[38]|TriggerHandler.showLimits|Boolean|false|true
15:48:36.461 (1549987843)|HEAP_ALLOCATE|[2]|Bytes:21
15:48:36.461 (1550001347)|HEAP_ALLOCATE|[2]|Bytes:6
15:48:36.461 (1550038126)|METHOD_ENTRY|[1]|01pg8000001EZwd|OrdemItemHandler.OrdemItemHandler()
15:48:36.461 (1550047606)|STATEMENT_EXECUTE|[1]
15:48:36.461 (1550055565)|STATEMENT_EXECUTE|[1]
15:48:36.461 (1550080710)|METHOD_EXIT|[1]|OrdemItemHandler
15:48:36.461 (1550267670)|HEAP_ALLOCATE|[2]|Bytes:32
15:48:36.461 (1550291950)|CONSTRUCTOR_ENTRY|[2]|01pg8000001EZwd|<init>()|OrdemItemHandler
15:48:36.461 (1550330661)|VARIABLE_SCOPE_BEGIN|[9]|this|OrdemItemHandler|true|false
15:48:36.461 (1550547080)|VARIABLE_ASSIGNMENT|[9]|this|{}|0x69264ae9
15:48:36.461 (1550562437)|STATEMENT_EXECUTE|[1]
15:48:36.461 (1550564072)|STATEMENT_EXECUTE|[3]
15:48:36.461 (1550566217)|STATEMENT_EXECUTE|[4]
15:48:36.461 (1550567782)|STATEMENT_EXECUTE|[5]
15:48:36.461 (1550569302)|STATEMENT_EXECUTE|[6]
15:48:36.461 (1550570492)|STATEMENT_EXECUTE|[10]
15:48:36.461 (1550577305)|HEAP_ALLOCATE|[10]|Bytes:16
15:48:36.461 (1550592349)|HEAP_ALLOCATE|[10]|Bytes:33
15:48:36.461 (1550599812)|HEAP_ALLOCATE|[10]|Bytes:166
15:48:36.461 (1550603422)|HEAP_ALLOCATE|[10]|Bytes:55
15:48:36.461 (1550606778)|HEAP_ALLOCATE|[10]|Bytes:9
15:48:36.461 (1550624230)|VARIABLE_ASSIGNMENT|[10]|TriggerHandler.BYPASS_ALL_ALIAS|"BypassAll"
15:48:36.461 (1550628183)|HEAP_ALLOCATE|[10]|Bytes:51
15:48:36.461 (1550635770)|VARIABLE_ASSIGNMENT|[10]|TriggerHandler.ERROR_TRIGGERCONTEXT|"Trigger handler call (31 more) ..."
15:48:36.461 (1550658220)|METHOD_ENTRY|[15]|01pg80000019iSf|TriggerHandler.TriggerHandler()
15:48:36.461 (1550670130)|STATEMENT_EXECUTE|[15]
15:48:36.461 (1550675889)|STATEMENT_EXECUTE|[15]
15:48:36.461 (1550677671)|STATEMENT_EXECUTE|[66]
15:48:36.461 (1550679047)|STATEMENT_EXECUTE|[67]
15:48:36.461 (1550696051)|HEAP_ALLOCATE|[67]|Bytes:4
15:48:36.461 (1550751768)|VARIABLE_ASSIGNMENT|[67]|TriggerHandler.loopCountMap|{}|0x552bed7d
15:48:36.461 (1550756241)|STATEMENT_EXECUTE|[68]
15:48:36.461 (1550765159)|HEAP_ALLOCATE|[68]|Bytes:4
15:48:36.461 (1551081784)|VARIABLE_ASSIGNMENT|[68]|TriggerHandler.bypassedHandlers|[]|0x608bb104
15:48:36.461 (1551110581)|STATEMENT_EXECUTE|[69]
15:48:36.461 (1551131658)|HEAP_ALLOCATE|[69]|Bytes:5
15:48:36.461 (1551142081)|VARIABLE_ASSIGNMENT|[69]|TriggerHandler.globalBypass|false
15:48:36.461 (1551145604)|STATEMENT_EXECUTE|[70]
15:48:36.461 (1551148379)|HEAP_ALLOCATE|[70]|Bytes:5
15:48:36.461 (1551154156)|VARIABLE_ASSIGNMENT|[70]|TriggerHandler.showLimits|false
15:48:36.461 (1551157402)|STATEMENT_EXECUTE|[71]
15:48:36.461 (1551159953)|HEAP_ALLOCATE|[71]|Bytes:5
15:48:36.461 (1551165141)|VARIABLE_ASSIGNMENT|[71]|TriggerHandler.showDebug|false
15:48:36.461 (1551168700)|STATEMENT_EXECUTE|[755]
15:48:36.461 (1551170461)|STATEMENT_EXECUTE|[832]
15:48:36.461 (1551192413)|METHOD_EXIT|[15]|TriggerHandler
15:48:36.461 (1551207271)|CONSTRUCTOR_ENTRY|[10]|01pg80000019iSf|<init>(String)|TriggerHandler
15:48:36.461 (1551344749)|VARIABLE_SCOPE_BEGIN|[107]|this|TriggerHandler|true|false
15:48:36.461 (1551378660)|VARIABLE_ASSIGNMENT|[107]|this|{}|0x69264ae9
15:48:36.461 (1551383817)|VARIABLE_SCOPE_BEGIN|[107]|handlerName|String|false|false
15:48:36.461 (1551393205)|VARIABLE_ASSIGNMENT|[107]|handlerName|"OrderItemHandler"
15:48:36.461 (1551400443)|STATEMENT_EXECUTE|[15]
15:48:36.461 (1551401818)|STATEMENT_EXECUTE|[50]
15:48:36.461 (1551403285)|STATEMENT_EXECUTE|[57]
15:48:36.461 (1551404667)|STATEMENT_EXECUTE|[671]
15:48:36.461 (1551413901)|HEAP_ALLOCATE|[108]|Bytes:6
15:48:36.461 (1551444610)|STATEMENT_EXECUTE|[107]
15:48:36.461 (1551446115)|STATEMENT_EXECUTE|[108]
15:48:36.461 (1551454241)|STATEMENT_EXECUTE|[109]
15:48:36.461 (1551473993)|METHOD_ENTRY|[109]|01pg80000019iSf|TriggerHandler.setTriggerContext()
15:48:36.461 (1551508850)|VARIABLE_SCOPE_BEGIN|[565]|this|TriggerHandler|true|false
15:48:36.461 (1551528125)|VARIABLE_ASSIGNMENT|[565]|this|{"handlerName":"OrderItemHandler"}|0x69264ae9
15:48:36.461 (1551544598)|STATEMENT_EXECUTE|[565]
15:48:36.461 (1551546100)|STATEMENT_EXECUTE|[566]
15:48:36.461 (1551671285)|HEAP_ALLOCATE|[566]|Bytes:16
15:48:36.461 (1551700498)|METHOD_ENTRY|[566]|01pg80000019iSf|TriggerHandler.setTriggerContext(System.TriggerOperation, Boolean)
15:48:36.461 (1551705857)|VARIABLE_SCOPE_BEGIN|[582]|this|TriggerHandler|true|false
15:48:36.461 (1551723583)|VARIABLE_ASSIGNMENT|[582]|this|{"handlerName":"OrderItemHandler"}|0x69264ae9
15:48:36.461 (1551728374)|VARIABLE_SCOPE_BEGIN|[582]|opType|System.TriggerOperation|true|false
15:48:36.461 (1551746423)|VARIABLE_ASSIGNMENT|[582]|opType|"BEFORE_INSERT"|0x109211f6
15:48:36.461 (1551758573)|VARIABLE_SCOPE_BEGIN|[582]|testMode|Boolean|false|false
15:48:36.461 (1551765940)|VARIABLE_ASSIGNMENT|[582]|testMode|false
15:48:36.461 (1551774135)|STATEMENT_EXECUTE|[582]
15:48:36.461 (1551786425)|STATEMENT_EXECUTE|[586]
15:48:36.461 (1551788099)|STATEMENT_EXECUTE|[587]
15:48:36.461 (1551792294)|HEAP_ALLOCATE|[587]|Bytes:5
15:48:36.461 (1551800607)|STATEMENT_EXECUTE|[590]
15:48:36.461 (1551802073)|STATEMENT_EXECUTE|[592]
15:48:36.461 (1551827101)|HEAP_ALLOCATE|[592]|Bytes:16
15:48:36.461 (1551834787)|STATEMENT_EXECUTE|[595]
15:48:36.461 (1551854332)|VARIABLE_SCOPE_BEGIN|[595]|context|String|false|false
15:48:36.461 (1551863875)|VARIABLE_ASSIGNMENT|[595]|context|"BEFORE_INSERT"
15:48:36.461 (1551867312)|STATEMENT_EXECUTE|[597]
15:48:36.461 (1551871337)|HEAP_ALLOCATE|[598]|Bytes:13
15:48:36.461 (1551918024)|STATEMENT_EXECUTE|[598]
15:48:36.461 (1551919393)|STATEMENT_EXECUTE|[599]
15:48:36.461 (1551929045)|METHOD_EXIT|[566]|01pg80000019iSf|TriggerHandler.setTriggerContext(System.TriggerOperation, Boolean)
15:48:36.461 (1551934497)|METHOD_EXIT|[109]|01pg80000019iSf|TriggerHandler.setTriggerContext()
15:48:36.461 (1551942783)|CONSTRUCTOR_EXIT|[10]|01pg80000019iSf|<init>(String)|TriggerHandler
15:48:36.461 (1551948618)|STATEMENT_EXECUTE|[9]
15:48:36.461 (1551950374)|STATEMENT_EXECUTE|[11]
15:48:36.461 (1554725118)|VARIABLE_ASSIGNMENT|[11]|this.newRecords|[{"Product_Code_Display__c":"TRT 7","IsDeleted":false,"UnitPrice":100.00,"Product2Id":"01tg8000001RQp3AAG","PricebookEntryId":"01ug8000000gTdVAAU","TotalPrice":100.00,"Quantity":1.00,"ListPrice":1000.00,"OrderId":"801g8000009VBuuAAG"}]|0x69264ae9
15:48:36.461 (1554748114)|STATEMENT_EXECUTE|[12]
15:48:36.461 (1554788264)|VARIABLE_ASSIGNMENT|[12]|this.oldRecords|null|0x69264ae9
15:48:36.461 (1554792989)|STATEMENT_EXECUTE|[13]
15:48:36.461 (1554802513)|VARIABLE_ASSIGNMENT|[13]|this.newRecordsMap|null|0x69264ae9
15:48:36.461 (1554806742)|STATEMENT_EXECUTE|[14]
15:48:36.461 (1554815739)|VARIABLE_ASSIGNMENT|[14]|this.oldRecordsMap|null|0x69264ae9
15:48:36.461 (1554859025)|CONSTRUCTOR_EXIT|[2]|01pg8000001EZwd|<init>()|OrdemItemHandler
15:48:36.461 (1554933894)|METHOD_ENTRY|[2]|01pg80000019iSf|TriggerHandler.run()
15:48:36.461 (1554947358)|VARIABLE_SCOPE_BEGIN|[120]|this|TriggerHandler|true|false
15:48:36.461 (1555001673)|VARIABLE_ASSIGNMENT|[120]|this|{"newRecords":"0x205121c6","handlerName":"OrderItemHandler","isTriggerExecuting":true,"triggerEvent":"0x109211f6"}|0x69264ae9
15:48:36.461 (1555023303)|STATEMENT_EXECUTE|[120]
15:48:36.461 (1555033730)|METHOD_ENTRY|[121]|01pg80000019iSf|TriggerHandler.validateRun()
15:48:36.461 (1555063363)|VARIABLE_SCOPE_BEGIN|[661]|this|TriggerHandler|true|false
15:48:36.461 (1555090683)|VARIABLE_ASSIGNMENT|[661]|this|{"newRecords":"0x205121c6","handlerName":"OrderItemHandler","isTriggerExecuting":true,"triggerEvent":"0x109211f6"}|0x69264ae9
15:48:36.461 (1555101167)|STATEMENT_EXECUTE|[661]
15:48:36.461 (1555113251)|STATEMENT_EXECUTE|[662]
15:48:36.461 (1555114888)|STATEMENT_EXECUTE|[665]
15:48:36.461 (1555127748)|METHOD_ENTRY|[665]|01pg80000019iSf|TriggerHandler.getHandlerName()
15:48:36.461 (1555141022)|VARIABLE_SCOPE_BEGIN|[680]|this|TriggerHandler|true|false
15:48:36.461 (1555159838)|VARIABLE_ASSIGNMENT|[680]|this|{"newRecords":"0x205121c6","handlerName":"OrderItemHandler","isTriggerExecuting":true,"triggerEvent":"0x109211f6"}|0x69264ae9
15:48:36.461 (1555168923)|STATEMENT_EXECUTE|[680]
15:48:36.461 (1555266842)|STATEMENT_EXECUTE|[681]
15:48:36.461 (1555268413)|STATEMENT_EXECUTE|[684]
15:48:36.461 (1555274028)|METHOD_EXIT|[665]|01pg80000019iSf|TriggerHandler.getHandlerName()
15:48:36.461 (1555299034)|METHOD_EXIT|[121]|01pg80000019iSf|TriggerHandler.validateRun()
15:48:36.461 (1555304043)|STATEMENT_EXECUTE|[121]
15:48:36.461 (1555309983)|METHOD_ENTRY|[126]|01pg80000019iSf|TriggerHandler.incrementCheckLoopCount()
15:48:36.461 (1555319858)|VARIABLE_SCOPE_BEGIN|[634]|this|TriggerHandler|true|false
15:48:36.461 (1555339249)|VARIABLE_ASSIGNMENT|[634]|this|{"newRecords":"0x205121c6","handlerName":"OrderItemHandler","isTriggerExecuting":true,"triggerEvent":"0x109211f6"}|0x69264ae9
15:48:36.461 (1555347282)|STATEMENT_EXECUTE|[634]
15:48:36.461 (1555348546)|STATEMENT_EXECUTE|[635]
15:48:36.461 (1555352665)|METHOD_ENTRY|[635]|01pg80000019iSf|TriggerHandler.getHandlerName()
15:48:36.461 (1555359232)|VARIABLE_SCOPE_BEGIN|[680]|this|TriggerHandler|true|false
15:48:36.461 (1555373230)|VARIABLE_ASSIGNMENT|[680]|this|{"newRecords":"0x205121c6","handlerName":"OrderItemHandler","isTriggerExecuting":true,"triggerEvent":"0x109211f6"}|0x69264ae9
15:48:36.461 (1555379108)|STATEMENT_EXECUTE|[680]
15:48:36.461 (1555392333)|STATEMENT_EXECUTE|[681]
15:48:36.461 (1555393982)|STATEMENT_EXECUTE|[684]
15:48:36.461 (1555397215)|METHOD_EXIT|[635]|01pg80000019iSf|TriggerHandler.getHandlerName()
15:48:36.461 (1555403447)|VARIABLE_SCOPE_BEGIN|[635]|handlerName|String|false|false
15:48:36.461 (1555413032)|VARIABLE_ASSIGNMENT|[635]|handlerName|"OrderItemHandler"
15:48:36.461 (1555466864)|STATEMENT_EXECUTE|[636]
15:48:36.461 (1555469192)|STATEMENT_EXECUTE|[649]
15:48:36.461 (1555474277)|METHOD_EXIT|[126]|01pg80000019iSf|TriggerHandler.incrementCheckLoopCount()
15:48:36.461 (1555482335)|STATEMENT_EXECUTE|[126]
15:48:36.461 (1555486843)|STATEMENT_EXECUTE|[130]
15:48:36.461 (1555488217)|STATEMENT_EXECUTE|[135]
15:48:36.461 (1555578327)|STATEMENT_EXECUTE|[136]
15:48:36.461 (1555580437)|STATEMENT_EXECUTE|[137]
15:48:36.461 (1555593459)|METHOD_ENTRY|[137]|01pg8000001EZwd|OrdemItemHandler.beforeInsert()
15:48:36.461 (1555609592)|VARIABLE_SCOPE_BEGIN|[18]|this|OrdemItemHandler|true|false
15:48:36.461 (1555637785)|VARIABLE_ASSIGNMENT|[18]|this|{"newRecords":"0x205121c6","handlerName":"OrderItemHandler","isTriggerExecuting":true,"triggerEvent":"0x109211f6"}|0x69264ae9
15:48:36.461 (1555648847)|STATEMENT_EXECUTE|[18]
15:48:36.461 (1555650580)|STATEMENT_EXECUTE|[19]
15:48:36.461 (1555655863)|METHOD_ENTRY|[19]|01pg8000001EZwd|OrdemItemHandler.checkActiveOrderItem()
15:48:36.461 (1555666963)|VARIABLE_SCOPE_BEGIN|[176]|this|OrdemItemHandler|true|false
15:48:36.461 (1555692991)|VARIABLE_ASSIGNMENT|[176]|this|{"newRecords":"0x205121c6","handlerName":"OrderItemHandler","isTriggerExecuting":true,"triggerEvent":"0x109211f6"}|0x69264ae9
15:48:36.461 (1555700991)|STATEMENT_EXECUTE|[176]
15:48:36.461 (1555702640)|STATEMENT_EXECUTE|[177]
15:48:36.461 (1555710112)|VARIABLE_SCOPE_BEGIN|[177]|listaParaValidar|List<OrderItem>|true|false
15:48:36.461 (1555718258)|VARIABLE_ASSIGNMENT|[177]|listaParaValidar|null|
15:48:36.461 (1555722221)|STATEMENT_EXECUTE|[178]
15:48:36.461 (1555741791)|HEAP_ALLOCATE|[178]|Bytes:4
15:48:36.461 (1555765865)|VARIABLE_SCOPE_BEGIN|[178]|idOrders|Set<Id>|true|false
15:48:36.461 (1555802042)|VARIABLE_ASSIGNMENT|[178]|idOrders|[]|0x1096d6d3
15:48:36.461 (1555807285)|STATEMENT_EXECUTE|[179]
15:48:36.461 (1555847665)|HEAP_ALLOCATE|[179]|Bytes:4
15:48:36.461 (1555880468)|VARIABLE_SCOPE_BEGIN|[179]|idMapOrders|Map<Id,Order>|true|false
15:48:36.461 (1555894934)|VARIABLE_ASSIGNMENT|[179]|idMapOrders|{}|0x2bd90444
15:48:36.461 (1555919302)|STATEMENT_EXECUTE|[183]
15:48:36.461 (1555921010)|STATEMENT_EXECUTE|[184]
15:48:36.461 (1556962604)|VARIABLE_ASSIGNMENT|[184]|listaParaValidar|[{"Product_Code_Display__c":"TRT 7","IsDeleted":false,"UnitPrice":100.00,"Product2Id":"01tg8000001RQp3AAG","PricebookEntryId":"01ug8000000gTdVAAU","TotalPrice":100.00,"Quantity":1.00,"ListPrice":1000.00,"OrderId":"801g8000009VBuuAAG"}]|0x205121c6
15:48:36.461 (1557231382)|HEAP_ALLOCATE|[187]|Bytes:5
15:48:36.461 (1557257196)|HEAP_ALLOCATE|[187]|Bytes:4
15:48:36.461 (1557268584)|VARIABLE_SCOPE_BEGIN|[187]|ot|OrderItem|true|false
15:48:36.461 (1557921361)|VARIABLE_ASSIGNMENT|[187]|ot|{"Product_Code_Display__c":"TRT 7","IsDeleted":false,"UnitPrice":100.00,"Product2Id":"01tg8000001RQp3AAG","PricebookEntryId":"01ug8000000gTdVAAU","TotalPrice":100.00,"Quantity":1.00,"ListPrice":1000.00,"OrderId":"801g8000009VBuuAAG"}|0x25c31186
15:48:36.461 (1557930927)|STATEMENT_EXECUTE|[187]
15:48:36.461 (1557932449)|STATEMENT_EXECUTE|[188]
15:48:36.461 (1558001042)|HEAP_ALLOCATE|[EXTERNAL]|Bytes:4
15:48:36.461 (1558023982)|HEAP_ALLOCATE|[187]|Bytes:5
15:48:36.461 (1558038307)|VARIABLE_ASSIGNMENT|[187]|ot|null|
15:48:36.461 (1558044031)|STATEMENT_EXECUTE|[191]
15:48:36.461 (1559640572)|HEAP_ALLOCATE|[191]|Bytes:1
15:48:36.461 (1559668939)|METHOD_ENTRY|[1]|01pg8000001w1Md|OrderSelector.OrderSelector()
15:48:36.461 (1559674055)|STATEMENT_EXECUTE|[1]
15:48:36.461 (1559679206)|STATEMENT_EXECUTE|[1]
15:48:36.461 (1559705101)|METHOD_EXIT|[1]|OrderSelector
15:48:36.461 (1559730212)|METHOD_ENTRY|[191]|01pg8000001w1Md|OrderSelector.getOrdersByIds(Set<Id>)
15:48:36.461 (1559748799)|VARIABLE_SCOPE_BEGIN|[2]|ids|Set<Id>|true|false
15:48:36.461 (1559767017)|VARIABLE_ASSIGNMENT|[2]|ids|["801g8000009VBuuAAG"]|0x1096d6d3
15:48:36.461 (1559776759)|STATEMENT_EXECUTE|[2]
15:48:36.461 (1559777669)|STATEMENT_EXECUTE|[3]
15:48:36.461 (1559788837)|HEAP_ALLOCATE|[3]|Bytes:4
15:48:36.461 (1559792581)|HEAP_ALLOCATE|[3]|Bytes:113
15:48:36.461 (1559798284)|HEAP_ALLOCATE|[3]|Bytes:4
15:48:36.461 (1559803736)|HEAP_ALLOCATE|[3]|Bytes:7
15:48:36.461 (1560451741)|SOQL_EXECUTE_BEGIN|[3]|Aggregations:0|SELECT Id, DistributionCenter__c, State__c, City__c, Country__c, AccountId, Status FROM Order WHERE Id = :tmpVar1
15:48:36.461 (1572550096)|SOQL_EXECUTE_END|[3]|Rows:1
15:48:36.461 (1572609765)|HEAP_ALLOCATE|[3]|Bytes:8
15:48:36.461 (1572631285)|HEAP_ALLOCATE|[3]|Bytes:209
15:48:36.461 (1572716673)|HEAP_ALLOCATE|[3]|Bytes:8
15:48:36.461 (1572761236)|HEAP_ALLOCATE|[3]|Bytes:32
15:48:36.461 (1572785853)|HEAP_ALLOCATE|[3]|Bytes:4
15:48:36.461 (1572801539)|METHOD_EXIT|[191]|01pg8000001w1Md|OrderSelector.getOrdersByIds(Set<Id>)
15:48:36.461 (1572952176)|VARIABLE_ASSIGNMENT|[191]|idMapOrders|{"801g8000009VBuuAAG":{"Status":"Draft","City__c":"a05g8000002Bg61AAC","Country__c":"a03g800000853ezAAA","AccountId":"001g8000009VBusAAG","DistributionCenter__c":"a06g8000001gb4DAAQ","Id":"801g8000009VBuuAAG","State__c":"a04g8000000b5OvAAI"}}|0x6b4104c7
15:48:36.461 (1573031132)|HEAP_ALLOCATE|[193]|Bytes:5
15:48:36.461 (1573051382)|HEAP_ALLOCATE|[193]|Bytes:4
15:48:36.461 (1573076171)|VARIABLE_SCOPE_BEGIN|[193]|ot|OrderItem|true|false
15:48:36.461 (1573784446)|VARIABLE_ASSIGNMENT|[193]|ot|{"Product_Code_Display__c":"TRT 7","IsDeleted":false,"UnitPrice":100.00,"Product2Id":"01tg8000001RQp3AAG","PricebookEntryId":"01ug8000000gTdVAAU","TotalPrice":100.00,"Quantity":1.00,"ListPrice":1000.00,"OrderId":"801g8000009VBuuAAG"}|0x25c31186
15:48:36.461 (1573796561)|STATEMENT_EXECUTE|[193]
15:48:36.461 (1573798106)|STATEMENT_EXECUTE|[194]
15:48:36.461 (1573882657)|VARIABLE_SCOPE_BEGIN|[194]|pedido|Order|true|false
15:48:36.461 (1573982266)|VARIABLE_ASSIGNMENT|[194]|pedido|{"Status":"Draft","City__c":"a05g8000002Bg61AAC","Country__c":"a03g800000853ezAAA","AccountId":"001g8000009VBusAAG","DistributionCenter__c":"a06g8000001gb4DAAQ","Id":"801g8000009VBuuAAG","State__c":"a04g8000000b5OvAAI"}|0x4d33c805
15:48:36.461 (1574049599)|HEAP_ALLOCATE|[195]|Bytes:5
15:48:36.461 (1574080797)|STATEMENT_EXECUTE|[195]
15:48:36.461 (1574096249)|HEAP_ALLOCATE|[193]|Bytes:5
15:48:36.461 (1574108086)|VARIABLE_ASSIGNMENT|[193]|ot|null|
15:48:36.461 (1574118029)|METHOD_EXIT|[19]|01pg8000001EZwd|OrdemItemHandler.checkActiveOrderItem()
15:48:36.461 (1574123360)|STATEMENT_EXECUTE|[20]
15:48:36.461 (1574136800)|METHOD_ENTRY|[20]|01pg8000001EZwd|OrdemItemHandler.executePricingLogic()
15:48:36.461 (1574160470)|VARIABLE_SCOPE_BEGIN|[35]|this|OrdemItemHandler|true|false
15:48:36.461 (1574207721)|VARIABLE_ASSIGNMENT|[35]|this|{"newRecords":"0x205121c6","handlerName":"OrderItemHandler","isTriggerExecuting":true,"triggerEvent":"0x109211f6"}|0x69264ae9
15:48:36.461 (1574222850)|STATEMENT_EXECUTE|[35]
15:48:36.461 (1574224145)|STATEMENT_EXECUTE|[37]
15:48:36.461 (1574236805)|HEAP_ALLOCATE|[37]|Bytes:4
15:48:36.461 (1574257835)|VARIABLE_SCOPE_BEGIN|[37]|setOrderIds|Set<Id>|true|false
15:48:36.461 (1574314021)|VARIABLE_ASSIGNMENT|[37]|setOrderIds|[]|0x1ecd40e
15:48:36.461 (1574317983)|STATEMENT_EXECUTE|[38]
15:48:36.461 (1574321210)|HEAP_ALLOCATE|[38]|Bytes:4
15:48:36.461 (1574331211)|VARIABLE_SCOPE_BEGIN|[38]|setProductIds|Set<Id>|true|false
15:48:36.461 (1574343274)|VARIABLE_ASSIGNMENT|[38]|setProductIds|[]|0x2e3008c1
15:48:36.461 (1574347578)|STATEMENT_EXECUTE|[39]
15:48:36.461 (1574350997)|HEAP_ALLOCATE|[39]|Bytes:4
15:48:36.461 (1574360035)|VARIABLE_SCOPE_BEGIN|[39]|setAccountIds|Set<Id>|true|false
15:48:36.461 (1574394616)|VARIABLE_ASSIGNMENT|[39]|setAccountIds|[]|0x7d909ee2
15:48:36.461 (1574399883)|STATEMENT_EXECUTE|[42]
15:48:36.461 (1574458411)|HEAP_ALLOCATE|[42]|Bytes:4
15:48:36.461 (1574497165)|VARIABLE_SCOPE_BEGIN|[42]|itemsByOrderId|Map<Id,List<OrderItem>>|true|false
15:48:36.461 (1574509299)|VARIABLE_ASSIGNMENT|[42]|itemsByOrderId|{}|0x5bc327bb
15:48:36.461 (1574548183)|HEAP_ALLOCATE|[45]|Bytes:5
15:48:36.461 (1574560460)|HEAP_ALLOCATE|[45]|Bytes:4
15:48:36.461 (1574565701)|VARIABLE_SCOPE_BEGIN|[45]|item|OrderItem|true|false
15:48:36.461 (1575127806)|VARIABLE_ASSIGNMENT|[45]|item|{"Product_Code_Display__c":"TRT 7","IsDeleted":false,"UnitPrice":100.00,"Product2Id":"01tg8000001RQp3AAG","PricebookEntryId":"01ug8000000gTdVAAU","TotalPrice":100.00,"Quantity":1.00,"ListPrice":1000.00,"OrderId":"801g8000009VBuuAAG"}|0x25c31186
15:48:36.461 (1575140215)|STATEMENT_EXECUTE|[45]
15:48:36.461 (1575150276)|STATEMENT_EXECUTE|[46]
15:48:36.461 (1575151824)|STATEMENT_EXECUTE|[47]
15:48:36.461 (1575202600)|HEAP_ALLOCATE|[EXTERNAL]|Bytes:4
15:48:36.461 (1575229670)|STATEMENT_EXECUTE|[49]
15:48:36.461 (1575241373)|HEAP_ALLOCATE|[49]|Bytes:4
15:48:36.461 (1575259716)|HEAP_ALLOCATE|[EXTERNAL]|Bytes:4
15:48:36.461 (1575262961)|HEAP_ALLOCATE|[EXTERNAL]|Bytes:-4
15:48:36.461 (1575266195)|STATEMENT_EXECUTE|[50]
15:48:36.461 (1575298711)|HEAP_ALLOCATE|[EXTERNAL]|Bytes:4
15:48:36.461 (1575326570)|STATEMENT_EXECUTE|[52]
15:48:36.461 (1575339106)|HEAP_ALLOCATE|[EXTERNAL]|Bytes:4
15:48:36.461 (1575352413)|HEAP_ALLOCATE|[45]|Bytes:5
15:48:36.461 (1575362725)|VARIABLE_ASSIGNMENT|[45]|item|null|
15:48:36.461 (1575366178)|STATEMENT_EXECUTE|[56]
15:48:36.461 (1575372933)|METHOD_ENTRY|[56]|01pg8000001w1Md|OrderSelector.getOrdersByIds(Set<Id>)
15:48:36.461 (1575381353)|VARIABLE_SCOPE_BEGIN|[2]|ids|Set<Id>|true|false
15:48:36.461 (1575401434)|VARIABLE_ASSIGNMENT|[2]|ids|["801g8000009VBuuAAG"]|0x1ecd40e
15:48:36.461 (1575409809)|STATEMENT_EXECUTE|[2]
15:48:36.461 (1575410716)|STATEMENT_EXECUTE|[3]
15:48:36.461 (1575417271)|HEAP_ALLOCATE|[3]|Bytes:4
15:48:36.461 (1575424628)|HEAP_ALLOCATE|[3]|Bytes:4
15:48:36.461 (1575857052)|SOQL_EXECUTE_BEGIN|[3]|Aggregations:0|SELECT Id, DistributionCenter__c, State__c, City__c, Country__c, AccountId, Status FROM Order WHERE Id = :tmpVar1
15:48:36.461 (1581818434)|SOQL_EXECUTE_END|[3]|Rows:1
15:48:36.461 (1581852622)|HEAP_ALLOCATE|[3]|Bytes:8
15:48:36.461 (1581870383)|HEAP_ALLOCATE|[3]|Bytes:209
15:48:36.461 (1581910533)|HEAP_ALLOCATE|[3]|Bytes:8
15:48:36.461 (1581932905)|HEAP_ALLOCATE|[3]|Bytes:32
15:48:36.461 (1581952678)|HEAP_ALLOCATE|[3]|Bytes:4
15:48:36.461 (1581965404)|METHOD_EXIT|[56]|01pg8000001w1Md|OrderSelector.getOrdersByIds(Set<Id>)
15:48:36.461 (1581974375)|VARIABLE_SCOPE_BEGIN|[56]|mapOrders|Map<Id,Order>|true|false
15:48:36.461 (1582072512)|VARIABLE_ASSIGNMENT|[56]|mapOrders|{"801g8000009VBuuAAG":{"Status":"Draft","City__c":"a05g8000002Bg61AAC","Country__c":"a03g800000853ezAAA","AccountId":"001g8000009VBusAAG","DistributionCenter__c":"a06g8000001gb4DAAQ","Id":"801g8000009VBuuAAG","State__c":"a04g8000000b5OvAAI"}}|0x6025d05
15:48:36.461 (1582122028)|HEAP_ALLOCATE|[EXTERNAL]|Bytes:8
15:48:36.461 (1582129291)|HEAP_ALLOCATE|[58]|Bytes:216
15:48:36.461 (1582246854)|HEAP_ALLOCATE|[58]|Bytes:5
15:48:36.461 (1582257229)|HEAP_ALLOCATE|[58]|Bytes:32
15:48:36.461 (1582263293)|VARIABLE_SCOPE_BEGIN|[58]|o|Order|true|false
15:48:36.461 (1582301554)|VARIABLE_ASSIGNMENT|[58]|o|{"Status":"Draft","City__c":"a05g8000002Bg61AAC","Country__c":"a03g800000853ezAAA","AccountId":"001g8000009VBusAAG","DistributionCenter__c":"a06g8000001gb4DAAQ","Id":"801g8000009VBuuAAG","State__c":"a04g8000000b5OvAAI"}|0x778ee538
15:48:36.461 (1582309809)|STATEMENT_EXECUTE|[58]
15:48:36.461 (1582337053)|HEAP_ALLOCATE|[EXTERNAL]|Bytes:4
15:48:36.461 (1582344928)|HEAP_ALLOCATE|[58]|Bytes:5
15:48:36.461 (1582351243)|VARIABLE_ASSIGNMENT|[58]|o|null|
15:48:36.461 (1582354536)|STATEMENT_EXECUTE|[60]
15:48:36.461 (1584066684)|HEAP_ALLOCATE|[60]|Bytes:1
15:48:36.461 (1584098684)|METHOD_ENTRY|[1]|01pg8000001w1MX|AccountSelector.AccountSelector()
15:48:36.461 (1584102710)|STATEMENT_EXECUTE|[1]
15:48:36.461 (1584107169)|STATEMENT_EXECUTE|[1]
15:48:36.461 (1584128441)|METHOD_EXIT|[1]|AccountSelector
15:48:36.461 (1584151935)|METHOD_ENTRY|[60]|01pg8000001w1MX|AccountSelector.getAccountByIds(Set<Id>)
15:48:36.461 (1584200622)|VARIABLE_SCOPE_BEGIN|[2]|ids|Set<Id>|true|false
15:48:36.461 (1584219898)|VARIABLE_ASSIGNMENT|[2]|ids|["001g8000009VBusAAG"]|0x7d909ee2
15:48:36.461 (1584230097)|STATEMENT_EXECUTE|[2]
15:48:36.461 (1584231055)|STATEMENT_EXECUTE|[3]
15:48:36.461 (1584240165)|HEAP_ALLOCATE|[3]|Bytes:4
15:48:36.461 (1584243591)|HEAP_ALLOCATE|[3]|Bytes:59
15:48:36.461 (1584248752)|HEAP_ALLOCATE|[3]|Bytes:4
15:48:36.461 (1584662415)|SOQL_EXECUTE_BEGIN|[3]|Aggregations:0|SELECT Id, AccountGroup__c FROM Account WHERE Id = :tmpVar1
15:48:36.461 (1601664837)|SOQL_EXECUTE_END|[3]|Rows:1
15:48:36.461 (1601709888)|HEAP_ALLOCATE|[3]|Bytes:8
15:48:36.461 (1601735561)|HEAP_ALLOCATE|[3]|Bytes:66
15:48:36.461 (1601843094)|HEAP_ALLOCATE|[3]|Bytes:8
15:48:36.461 (1601947002)|HEAP_ALLOCATE|[3]|Bytes:12
15:48:36.461 (1601967435)|HEAP_ALLOCATE|[3]|Bytes:4
15:48:36.461 (1601990883)|METHOD_EXIT|[60]|01pg8000001w1MX|AccountSelector.getAccountByIds(Set<Id>)
15:48:36.461 (1602004690)|VARIABLE_SCOPE_BEGIN|[60]|mapAccounts|Map<Id,Account>|true|false
15:48:36.461 (1602140245)|VARIABLE_ASSIGNMENT|[60]|mapAccounts|{"001g8000009VBusAAG":{"AccountGroup__c":"a02g8000002mJgkAAE","Id":"001g8000009VBusAAG"}}|0x5293e771
15:48:36.461 (1602151989)|STATEMENT_EXECUTE|[62]
15:48:36.461 (1603800902)|HEAP_ALLOCATE|[62]|Bytes:1
15:48:36.461 (1603857057)|METHOD_ENTRY|[1]|01pg8000001w1Mf|ProductSelector.ProductSelector()
15:48:36.461 (1603864705)|STATEMENT_EXECUTE|[1]
15:48:36.461 (1603873485)|STATEMENT_EXECUTE|[1]
15:48:36.461 (1603899922)|METHOD_EXIT|[1]|ProductSelector
15:48:36.461 (1603939618)|METHOD_ENTRY|[62]|01pg8000001w1Mf|ProductSelector.getProductByIds(Set<Id>)
15:48:36.461 (1604024792)|VARIABLE_SCOPE_BEGIN|[2]|ids|Set<Id>|true|false
15:48:36.461 (1604058202)|VARIABLE_ASSIGNMENT|[2]|ids|["01tg8000001RQp3AAG"]|0x2e3008c1
15:48:36.461 (1604077136)|STATEMENT_EXECUTE|[2]
15:48:36.461 (1604078536)|STATEMENT_EXECUTE|[3]
15:48:36.461 (1604095036)|HEAP_ALLOCATE|[3]|Bytes:4
15:48:36.461 (1604101839)|HEAP_ALLOCATE|[3]|Bytes:83
15:48:36.461 (1604110135)|HEAP_ALLOCATE|[3]|Bytes:4
15:48:36.461 (1604710939)|SOQL_EXECUTE_BEGIN|[3]|Aggregations:0|SELECT Id, ProductionCost__c, ProductHierarchy__c FROM Product2 WHERE Id = :tmpVar1
15:48:36.461 (1616935155)|SOQL_EXECUTE_END|[3]|Rows:1
15:48:36.461 (1616978147)|HEAP_ALLOCATE|[3]|Bytes:8
15:48:36.461 (1617007778)|HEAP_ALLOCATE|[3]|Bytes:127
15:48:36.461 (1617070461)|HEAP_ALLOCATE|[3]|Bytes:8
15:48:36.461 (1617139407)|HEAP_ALLOCATE|[3]|Bytes:16
15:48:36.461 (1617169864)|HEAP_ALLOCATE|[3]|Bytes:4
15:48:36.461 (1617190145)|METHOD_EXIT|[62]|01pg8000001w1Mf|ProductSelector.getProductByIds(Set<Id>)
15:48:36.461 (1617204335)|VARIABLE_SCOPE_BEGIN|[62]|mapProducts|Map<Id,Product2>|true|false
15:48:36.461 (1617338318)|VARIABLE_ASSIGNMENT|[62]|mapProducts|{"01tg8000001RQp3AAG":{"ProductionCost__c":300000.00,"ProductHierarchy__c":"a01g8000009VButAAG","Id":"01tg8000001RQp3AAG"}}|0xca260cb
15:48:36.461 (1617347611)|STATEMENT_EXECUTE|[65]
15:48:36.461 (1619243262)|HEAP_ALLOCATE|[65]|Bytes:1
15:48:36.461 (1619404531)|METHOD_ENTRY|[1]|01pg8000001w1MZ|MargemSelector.MargemSelector()
15:48:36.461 (1619409831)|STATEMENT_EXECUTE|[1]
15:48:36.461 (1619416536)|STATEMENT_EXECUTE|[1]
15:48:36.461 (1619437336)|METHOD_EXIT|[1]|MargemSelector
15:48:36.461 (1619463645)|METHOD_ENTRY|[65]|01pg8000001w1MZ|MargemSelector.getMargemApproved()
15:48:36.461 (1619539431)|STATEMENT_EXECUTE|[2]
15:48:36.461 (1619540413)|STATEMENT_EXECUTE|[3]
15:48:36.461 (1619543176)|HEAP_ALLOCATE|[3]|Bytes:165
15:48:36.461 (1619556762)|HEAP_ALLOCATE|[3]|Bytes:4
15:48:36.461 (1620035803)|SOQL_EXECUTE_BEGIN|[3]|Aggregations:0|SELECT Product__c, ProductHierarchy__c, Account__c, AccountGroup__c, City__c, State__c, Country__c, MarginValuePercent__c FROM Margem__c WHERE Status__c = 'Approved'
15:48:36.461 (1640473372)|SOQL_EXECUTE_END|[3]|Rows:1
15:48:36.461 (1640509152)|HEAP_ALLOCATE|[3]|Bytes:8
15:48:36.461 (1640529281)|HEAP_ALLOCATE|[3]|Bytes:184
15:48:36.461 (1640580661)|HEAP_ALLOCATE|[3]|Bytes:8
15:48:36.461 (1640603921)|METHOD_EXIT|[65]|01pg8000001w1MZ|MargemSelector.getMargemApproved()
15:48:36.461 (1640616219)|VARIABLE_SCOPE_BEGIN|[65]|listMargins|List<Margem__c>|true|false
15:48:36.461 (1640770889)|VARIABLE_ASSIGNMENT|[65]|listMargins|[{"Account__c":"001g8000009VBusAAG","Product__c":"01tg8000001RQp3AAG","Id":"a00g800000PiQvWAAV","State__c":"a04g8000000b5OvAAI","MarginValuePercent__c":15.00}]|0x7206988c
15:48:36.461 (1640781892)|STATEMENT_EXECUTE|[68]
15:48:36.461 (1640854949)|HEAP_ALLOCATE|[68]|Bytes:4
15:48:36.461 (1640898488)|VARIABLE_SCOPE_BEGIN|[68]|mapMargin|Map<String,Margem__c>|true|false
15:48:36.461 (1640910811)|VARIABLE_ASSIGNMENT|[68]|mapMargin|{}|0x5f71efdc
15:48:36.461 (1641099357)|HEAP_ALLOCATE|[69]|Bytes:5
15:48:36.461 (1641120976)|HEAP_ALLOCATE|[69]|Bytes:24
15:48:36.461 (1641128065)|VARIABLE_SCOPE_BEGIN|[69]|m|Margem__c|true|false
15:48:36.461 (1641176188)|VARIABLE_ASSIGNMENT|[69]|m|{"Account__c":"001g8000009VBusAAG","Product__c":"01tg8000001RQp3AAG","Id":"a00g800000PiQvWAAV","State__c":"a04g8000000b5OvAAI","MarginValuePercent__c":15.00}|0x6caf891d
15:48:36.461 (1641182486)|STATEMENT_EXECUTE|[69]
15:48:36.461 (1641183845)|STATEMENT_EXECUTE|[70]
15:48:36.461 (1641258328)|HEAP_ALLOCATE|[70]|Bytes:18
15:48:36.461 (1641265781)|VARIABLE_SCOPE_BEGIN|[70]|p|String|false|false
15:48:36.461 (1641271193)|VARIABLE_ASSIGNMENT|[70]|p|"01tg8000001RQp3AAG"
15:48:36.461 (1641273421)|STATEMENT_EXECUTE|[71]
15:48:36.461 (1641292260)|HEAP_ALLOCATE|[71]|Bytes:18
15:48:36.461 (1641298182)|VARIABLE_SCOPE_BEGIN|[71]|a|String|false|false
15:48:36.461 (1641303307)|VARIABLE_ASSIGNMENT|[71]|a|"001g8000009VBusAAG"
15:48:36.461 (1641313561)|STATEMENT_EXECUTE|[72]
15:48:36.461 (1641332535)|HEAP_ALLOCATE|[72]|Bytes:18
15:48:36.461 (1641337436)|VARIABLE_SCOPE_BEGIN|[72]|l|String|false|false
15:48:36.461 (1641342143)|VARIABLE_ASSIGNMENT|[72]|l|"a04g8000000b5OvAAI"
15:48:36.461 (1641344223)|STATEMENT_EXECUTE|[75]
15:48:36.461 (1641346863)|HEAP_ALLOCATE|[75]|Bytes:1
15:48:36.461 (1641356305)|HEAP_ALLOCATE|[75]|Bytes:56
15:48:36.461 (1641358444)|VARIABLE_SCOPE_BEGIN|[75]|compositeKey|String|false|false
15:48:36.461 (1641368527)|VARIABLE_ASSIGNMENT|[75]|compositeKey|"01tg8000001RQp3AAG_0 (36 more) ..."
15:48:36.461 (1641371200)|STATEMENT_EXECUTE|[76]
15:48:36.461 (1641391002)|HEAP_ALLOCATE|[EXTERNAL]|Bytes:-4
15:48:36.461 (1641395933)|STATEMENT_EXECUTE|[77]
15:48:36.461 (1641397484)|HEAP_ALLOCATE|[77]|Bytes:28
15:48:36.461 (1641403525)|HEAP_ALLOCATE|[77]|Bytes:84
15:48:36.461 (1641435865)|USER_DEBUG|[77]|DEBUG|MAPA MARGEM - Chave Gerada: 01tg8000001RQp3AAG_001g8000009VBusAAG_a04g8000000b5OvAAI
15:48:36.461 (1641446643)|HEAP_ALLOCATE|[69]|Bytes:5
15:48:36.461 (1641454052)|VARIABLE_ASSIGNMENT|[69]|m|null|
15:48:36.461 (1641458072)|STATEMENT_EXECUTE|[81]
15:48:36.461 (1642252606)|HEAP_ALLOCATE|[81]|Bytes:1
15:48:36.461 (1642280909)|METHOD_ENTRY|[1]|01pg8000001w1Mg|TaxSelector.TaxSelector()
15:48:36.461 (1642284624)|STATEMENT_EXECUTE|[1]
15:48:36.461 (1642289473)|STATEMENT_EXECUTE|[1]
15:48:36.461 (1642308783)|METHOD_EXIT|[1]|TaxSelector
15:48:36.461 (1642330033)|METHOD_ENTRY|[81]|01pg8000001w1Mg|TaxSelector.getTaxApproved()
15:48:36.461 (1642405515)|STATEMENT_EXECUTE|[2]
15:48:36.461 (1642406483)|STATEMENT_EXECUTE|[3]
15:48:36.461 (1642408760)|HEAP_ALLOCATE|[3]|Bytes:103
15:48:36.461 (1642420924)|HEAP_ALLOCATE|[3]|Bytes:4
15:48:36.461 (1642857699)|SOQL_EXECUTE_BEGIN|[3]|Aggregations:0|SELECT Product__c, State__c, DistributionCenter__c, TaxRate__c FROM Tax__c WHERE Status__c = 'Approved'
15:48:36.461 (1658576321)|SOQL_EXECUTE_END|[3]|Rows:1
15:48:36.461 (1658612593)|HEAP_ALLOCATE|[3]|Bytes:8
15:48:36.461 (1658633284)|HEAP_ALLOCATE|[3]|Bytes:184
15:48:36.461 (1658689736)|HEAP_ALLOCATE|[3]|Bytes:8
15:48:36.461 (1658712061)|METHOD_EXIT|[81]|01pg8000001w1Mg|TaxSelector.getTaxApproved()
15:48:36.461 (1658723325)|VARIABLE_SCOPE_BEGIN|[81]|listTaxes|List<Tax__c>|true|false
15:48:36.461 (1658849133)|VARIABLE_ASSIGNMENT|[81]|listTaxes|[{"DistributionCenter__c":"a06g8000001gb4DAAQ","Product__c":"01tg8000001RQp3AAG","TaxRate__c":10.00,"Id":"a09g8000002D2dxAAC","State__c":"a04g8000000b5OvAAI"}]|0x75558906
15:48:36.461 (1658857666)|STATEMENT_EXECUTE|[83]
15:48:36.461 (1658908533)|HEAP_ALLOCATE|[83]|Bytes:4
15:48:36.461 (1658948812)|VARIABLE_SCOPE_BEGIN|[83]|mapTaxByCompositeKey|Map<String,Tax__c>|true|false
15:48:36.461 (1658960549)|VARIABLE_ASSIGNMENT|[83]|mapTaxByCompositeKey|{}|0x715921ae
15:48:36.461 (1659137077)|HEAP_ALLOCATE|[84]|Bytes:5
15:48:36.461 (1659157943)|HEAP_ALLOCATE|[84]|Bytes:24
15:48:36.461 (1659165325)|VARIABLE_SCOPE_BEGIN|[84]|t|Tax__c|true|false
15:48:36.461 (1659204866)|VARIABLE_ASSIGNMENT|[84]|t|{"DistributionCenter__c":"a06g8000001gb4DAAQ","Product__c":"01tg8000001RQp3AAG","TaxRate__c":10.00,"Id":"a09g8000002D2dxAAC","State__c":"a04g8000000b5OvAAI"}|0x6f4842b4
15:48:36.461 (1659211482)|STATEMENT_EXECUTE|[84]
15:48:36.461 (1659212597)|STATEMENT_EXECUTE|[85]
15:48:36.461 (1659275152)|HEAP_ALLOCATE|[85]|Bytes:18
15:48:36.461 (1659294955)|HEAP_ALLOCATE|[86]|Bytes:18
15:48:36.461 (1659309392)|HEAP_ALLOCATE|[87]|Bytes:18
15:48:36.461 (1659321852)|HEAP_ALLOCATE|[85]|Bytes:54
15:48:36.461 (1659324407)|VARIABLE_SCOPE_BEGIN|[85]|key|String|false|false
15:48:36.461 (1659331346)|VARIABLE_ASSIGNMENT|[85]|key|"01tg8000001RQp3AAGa0 (34 more) ..."
15:48:36.461 (1659334249)|STATEMENT_EXECUTE|[88]
15:48:36.461 (1659353267)|HEAP_ALLOCATE|[EXTERNAL]|Bytes:-4
15:48:36.461 (1659364205)|HEAP_ALLOCATE|[84]|Bytes:5
15:48:36.461 (1659370790)|VARIABLE_ASSIGNMENT|[84]|t|null|
15:48:36.461 (1659375190)|STATEMENT_EXECUTE|[92]
15:48:36.461 (1660836419)|HEAP_ALLOCATE|[92]|Bytes:1
15:48:36.461 (1660863641)|METHOD_ENTRY|[1]|01pg8000001w1MY|FreightSelector.FreightSelector()
15:48:36.461 (1660867998)|STATEMENT_EXECUTE|[1]
15:48:36.461 (1660872644)|STATEMENT_EXECUTE|[1]
15:48:36.461 (1660893213)|METHOD_EXIT|[1]|FreightSelector
15:48:36.461 (1660913518)|METHOD_ENTRY|[92]|01pg8000001w1MY|FreightSelector.getFreightApproved()
15:48:36.461 (1660962969)|STATEMENT_EXECUTE|[2]
15:48:36.461 (1660963954)|STATEMENT_EXECUTE|[3]
15:48:36.461 (1660966958)|HEAP_ALLOCATE|[3]|Bytes:154
15:48:36.461 (1660978519)|HEAP_ALLOCATE|[3]|Bytes:4
15:48:36.461 (1661464934)|SOQL_EXECUTE_BEGIN|[3]|Aggregations:0|SELECT Product__c, City__c, State__c, Country__c, DistributionCenter__c, FreightValue__c, ProductHierarchy__c FROM Freight__c WHERE Status__c = 'Approved'
15:48:36.461 (1674569508)|SOQL_EXECUTE_END|[3]|Rows:1
15:48:36.461 (1674612475)|HEAP_ALLOCATE|[3]|Bytes:8
15:48:36.461 (1674637020)|HEAP_ALLOCATE|[3]|Bytes:189
15:48:36.461 (1674696027)|HEAP_ALLOCATE|[3]|Bytes:8
15:48:36.461 (1674718496)|METHOD_EXIT|[92]|01pg8000001w1MY|FreightSelector.getFreightApproved()
15:48:36.461 (1674730982)|VARIABLE_SCOPE_BEGIN|[92]|listFreights|List<Freight__c>|true|false
15:48:36.461 (1674862860)|VARIABLE_ASSIGNMENT|[92]|listFreights|[{"DistributionCenter__c":"a06g8000001gb4DAAQ","Product__c":"01tg8000001RQp3AAG","Id":"a0Ag8000000gGYDEA2","State__c":"a04g8000000b5OvAAI","FreightValue__c":700.00}]|0x59abca23
15:48:36.461 (1674870961)|STATEMENT_EXECUTE|[94]
15:48:36.461 (1674921837)|HEAP_ALLOCATE|[94]|Bytes:4
15:48:36.461 (1674961676)|VARIABLE_SCOPE_BEGIN|[94]|mapFreight|Map<String,Freight__c>|true|false
15:48:36.461 (1674972996)|VARIABLE_ASSIGNMENT|[94]|mapFreight|{}|0x59ee66c1
15:48:36.461 (1675144989)|HEAP_ALLOCATE|[95]|Bytes:5
15:48:36.461 (1675165867)|HEAP_ALLOCATE|[95]|Bytes:24
15:48:36.461 (1675173231)|VARIABLE_SCOPE_BEGIN|[95]|f|Freight__c|true|false
15:48:36.461 (1675213135)|VARIABLE_ASSIGNMENT|[95]|f|{"DistributionCenter__c":"a06g8000001gb4DAAQ","Product__c":"01tg8000001RQp3AAG","Id":"a0Ag8000000gGYDEA2","State__c":"a04g8000000b5OvAAI","FreightValue__c":700.00}|0x8ae89e9
15:48:36.461 (1675219559)|STATEMENT_EXECUTE|[95]
15:48:36.461 (1675220820)|STATEMENT_EXECUTE|[96]
15:48:36.461 (1675288558)|HEAP_ALLOCATE|[96]|Bytes:18
15:48:36.461 (1675296245)|VARIABLE_SCOPE_BEGIN|[96]|quem|String|false|false
15:48:36.461 (1675302040)|VARIABLE_ASSIGNMENT|[96]|quem|"01tg8000001RQp3AAG"
15:48:36.461 (1675304790)|STATEMENT_EXECUTE|[97]
15:48:36.461 (1675323556)|HEAP_ALLOCATE|[97]|Bytes:18
15:48:36.461 (1675328378)|VARIABLE_SCOPE_BEGIN|[97]|onde|String|false|false
15:48:36.461 (1675332975)|VARIABLE_ASSIGNMENT|[97]|onde|"a04g8000000b5OvAAI"
15:48:36.461 (1675335298)|STATEMENT_EXECUTE|[99]
15:48:36.461 (1675344331)|HEAP_ALLOCATE|[99]|Bytes:37
15:48:36.461 (1675346450)|VARIABLE_SCOPE_BEGIN|[99]|key|String|false|false
15:48:36.461 (1675352572)|VARIABLE_ASSIGNMENT|[99]|key|"01tg8000001RQp3AAG_a (17 more) ..."
15:48:36.461 (1675354765)|STATEMENT_EXECUTE|[101]
15:48:36.461 (1675373420)|HEAP_ALLOCATE|[EXTERNAL]|Bytes:-4
15:48:36.461 (1675378745)|STATEMENT_EXECUTE|[102]
15:48:36.461 (1675380903)|HEAP_ALLOCATE|[102]|Bytes:27
15:48:36.461 (1675386974)|HEAP_ALLOCATE|[102]|Bytes:64
15:48:36.461 (1675409335)|USER_DEBUG|[102]|DEBUG|MAPA FRETE - Chave Gerada: 01tg8000001RQp3AAG_a04g8000000b5OvAAI
15:48:36.461 (1675419285)|HEAP_ALLOCATE|[95]|Bytes:5
15:48:36.461 (1675425910)|VARIABLE_ASSIGNMENT|[95]|f|null|
15:48:36.461 (1675448787)|HEAP_ALLOCATE|[106]|Bytes:5
15:48:36.461 (1675460985)|HEAP_ALLOCATE|[106]|Bytes:4
15:48:36.461 (1675464776)|VARIABLE_SCOPE_BEGIN|[106]|item|OrderItem|true|false
15:48:36.461 (1676057674)|VARIABLE_ASSIGNMENT|[106]|item|{"Product_Code_Display__c":"TRT 7","IsDeleted":false,"UnitPrice":100.00,"Product2Id":"01tg8000001RQp3AAG","PricebookEntryId":"01ug8000000gTdVAAU","TotalPrice":100.00,"Quantity":1.00,"ListPrice":1000.00,"OrderId":"801g8000009VBuuAAG"}|0x25c31186
15:48:36.461 (1676064852)|STATEMENT_EXECUTE|[106]
15:48:36.461 (1676065985)|STATEMENT_EXECUTE|[107]
15:48:36.461 (1676094427)|VARIABLE_SCOPE_BEGIN|[107]|pedido|Order|true|false
15:48:36.461 (1676163899)|VARIABLE_ASSIGNMENT|[107]|pedido|{"Status":"Draft","City__c":"a05g8000002Bg61AAC","Country__c":"a03g800000853ezAAA","AccountId":"001g8000009VBusAAG","DistributionCenter__c":"a06g8000001gb4DAAQ","Id":"801g8000009VBuuAAG","State__c":"a04g8000000b5OvAAI"}|0x778ee538
15:48:36.461 (1676168214)|STATEMENT_EXECUTE|[108]
15:48:36.461 (1676186812)|VARIABLE_SCOPE_BEGIN|[108]|produto|Product2|true|false
15:48:36.461 (1676220084)|VARIABLE_ASSIGNMENT|[108]|produto|{"ProductionCost__c":300000.00,"ProductHierarchy__c":"a01g8000009VButAAG","Id":"01tg8000001RQp3AAG"}|0x4a50dd18
15:48:36.461 (1676223499)|STATEMENT_EXECUTE|[109]
15:48:36.461 (1676241694)|VARIABLE_SCOPE_BEGIN|[109]|cliente|Account|true|false
15:48:36.461 (1676270852)|VARIABLE_ASSIGNMENT|[109]|cliente|{"AccountGroup__c":"a02g8000002mJgkAAE","Id":"001g8000009VBusAAG"}|0x5545d7f2
15:48:36.461 (1676308898)|HEAP_ALLOCATE|[113]|Bytes:28
15:48:36.461 (1676311447)|HEAP_ALLOCATE|[113]|Bytes:28
15:48:36.461 (1676353887)|HEAP_ALLOCATE|[113]|Bytes:28
15:48:36.461 (1676356038)|HEAP_ALLOCATE|[113]|Bytes:28
15:48:36.461 (1676366086)|STATEMENT_EXECUTE|[113]
15:48:36.461 (1676369401)|STATEMENT_EXECUTE|[119]
15:48:36.461 (1676370503)|STATEMENT_EXECUTE|[121]
15:48:36.461 (1676381432)|HEAP_ALLOCATE|[121]|Bytes:18
15:48:36.461 (1676398575)|HEAP_ALLOCATE|[122]|Bytes:18
15:48:36.461 (1676412413)|HEAP_ALLOCATE|[123]|Bytes:18
15:48:36.461 (1676418746)|HEAP_ALLOCATE|[121]|Bytes:54
15:48:36.461 (1676421061)|VARIABLE_SCOPE_BEGIN|[121]|keyOrderItemImposto|String|false|false
15:48:36.461 (1676427175)|VARIABLE_ASSIGNMENT|[121]|keyOrderItemImposto|"01tg8000001RQp3AAGa0 (34 more) ..."
15:48:36.461 (1676429868)|STATEMENT_EXECUTE|[125]
15:48:36.461 (1676449035)|VARIABLE_SCOPE_BEGIN|[125]|impostoEncontrado|Tax__c|true|false
15:48:36.461 (1676488726)|VARIABLE_ASSIGNMENT|[125]|impostoEncontrado|{"DistributionCenter__c":"a06g8000001gb4DAAQ","Product__c":"01tg8000001RQp3AAG","TaxRate__c":10.00,"Id":"a09g8000002D2dxAAC","State__c":"a04g8000000b5OvAAI"}|0x6f4842b4
15:48:36.461 (1676492781)|STATEMENT_EXECUTE|[127]
15:48:36.461 (1676961800)|VARIABLE_ASSIGNMENT|[127]|this.TaxPercentage__c|10.00|0x25c31186
15:48:36.461 (1676966215)|STATEMENT_EXECUTE|[130]
15:48:36.461 (1678840933)|HEAP_ALLOCATE|[130]|Bytes:7
15:48:36.461 (1678874973)|METHOD_ENTRY|[1]|01pg8000001F8kf|PricingService.PricingService()
15:48:36.461 (1678880202)|STATEMENT_EXECUTE|[1]
15:48:36.461 (1678886108)|STATEMENT_EXECUTE|[1]
15:48:36.461 (1678906507)|METHOD_EXIT|[1]|PricingService
15:48:36.461 (1678941543)|METHOD_ENTRY|[130]|01pg8000001F8kf|PricingService.findMargin(OrderItem, Order, Map<String,Margem__c>, Id, Account)
15:48:36.461 (1678966675)|VARIABLE_SCOPE_BEGIN|[21]|item|OrderItem|true|false
15:48:36.461 (1679552850)|VARIABLE_ASSIGNMENT|[21]|item|{"Product_Code_Display__c":"TRT 7","IsDeleted":false,"UnitPrice":100.00,"Product2Id":"01tg8000001RQp3AAG","PricebookEntryId":"01ug8000000gTdVAAU","TotalPrice":100.00,"Quantity":1.00,"TaxPercentage__c":10.00,"ListPrice":1000.00,"OrderId":"801g8000009VBuuAAG"}|0x25c31186
15:48:36.461 (1679562445)|VARIABLE_SCOPE_BEGIN|[21]|pedido|Order|true|false
15:48:36.461 (1679636935)|VARIABLE_ASSIGNMENT|[21]|pedido|{"Status":"Draft","City__c":"a05g8000002Bg61AAC","Country__c":"a03g800000853ezAAA","AccountId":"001g8000009VBusAAG","DistributionCenter__c":"a06g8000001gb4DAAQ","Id":"801g8000009VBuuAAG","State__c":"a04g8000000b5OvAAI"}|0x778ee538
15:48:36.461 (1679642198)|VARIABLE_SCOPE_BEGIN|[21]|mapMargin|Map<String,Margem__c>|true|false
15:48:36.461 (1679692111)|VARIABLE_ASSIGNMENT|[21]|mapMargin|{"01tg8000001RQp3AAG_001g8000009VBusAAG_a04g8000000b5OvAAI":{"Account__c":"001g8000009VBusAAG","Product__c":"01tg8000001RQp3AAG","Id":"a00g800000PiQvWAAV","State__c":"a04g8000000b5OvAAI","MarginValuePercent__c":15.00}}|0x5f71efdc
15:48:36.461 (1679697646)|VARIABLE_SCOPE_BEGIN|[21]|h|Id|false|false
15:48:36.461 (1679860906)|VARIABLE_ASSIGNMENT|[21]|h|"a01g8000009VButAAG"
15:48:36.461 (1679864929)|VARIABLE_SCOPE_BEGIN|[21]|cliente|Account|true|false
15:48:36.461 (1679893121)|VARIABLE_ASSIGNMENT|[21]|cliente|{"AccountGroup__c":"a02g8000002mJgkAAE","Id":"001g8000009VBusAAG"}|0x5545d7f2
15:48:36.461 (1679914442)|STATEMENT_EXECUTE|[21]
15:48:36.461 (1679915656)|STATEMENT_EXECUTE|[22]
15:48:36.461 (1679928216)|VARIABLE_SCOPE_BEGIN|[22]|p|Id|false|false
15:48:36.461 (1679962720)|VARIABLE_ASSIGNMENT|[22]|p|"01tg8000001RQp3AAG"
15:48:36.461 (1679965543)|STATEMENT_EXECUTE|[23]
15:48:36.461 (1679970741)|VARIABLE_SCOPE_BEGIN|[23]|a|Id|false|false
15:48:36.461 (1679989920)|VARIABLE_ASSIGNMENT|[23]|a|"001g8000009VBusAAG"
15:48:36.461 (1679992444)|STATEMENT_EXECUTE|[24]
15:48:36.461 (1680005189)|VARIABLE_SCOPE_BEGIN|[24]|g|Id|false|false
15:48:36.461 (1680025049)|VARIABLE_ASSIGNMENT|[24]|g|"a02g8000002mJgkAAE"
15:48:36.461 (1680027698)|STATEMENT_EXECUTE|[25]
15:48:36.461 (1680036032)|VARIABLE_SCOPE_BEGIN|[25]|c|Id|false|false
15:48:36.461 (1680059714)|VARIABLE_ASSIGNMENT|[25]|c|"a05g8000002Bg61AAC"
15:48:36.461 (1680063337)|STATEMENT_EXECUTE|[26]
15:48:36.461 (1680067402)|VARIABLE_SCOPE_BEGIN|[26]|e|Id|false|false
15:48:36.461 (1680092238)|VARIABLE_ASSIGNMENT|[26]|e|"a04g8000000b5OvAAI"
15:48:36.461 (1680094941)|STATEMENT_EXECUTE|[27]
15:48:36.461 (1680102861)|VARIABLE_SCOPE_BEGIN|[27]|pa|Id|false|false
15:48:36.461 (1680122196)|VARIABLE_ASSIGNMENT|[27]|pa|"a03g800000853ezAAA"
15:48:36.461 (1680195410)|HEAP_ALLOCATE|[30]|Bytes:18
15:48:36.461 (1680210236)|HEAP_ALLOCATE|[30]|Bytes:18
15:48:36.461 (1680216629)|HEAP_ALLOCATE|[30]|Bytes:18
15:48:36.461 (1680224202)|HEAP_ALLOCATE|[30]|Bytes:56
15:48:36.461 (1680240641)|STATEMENT_EXECUTE|[30]
15:48:36.461 (1680248306)|HEAP_ALLOCATE|[31]|Bytes:18
15:48:36.461 (1680254891)|HEAP_ALLOCATE|[31]|Bytes:18
15:48:36.461 (1680260621)|HEAP_ALLOCATE|[31]|Bytes:18
15:48:36.461 (1680265069)|HEAP_ALLOCATE|[31]|Bytes:56
15:48:36.461 (1680270014)|STATEMENT_EXECUTE|[31]
15:48:36.461 (1680273382)|HEAP_ALLOCATE|[31]|Bytes:18
15:48:36.461 (1680279284)|HEAP_ALLOCATE|[31]|Bytes:18
15:48:36.461 (1680285024)|HEAP_ALLOCATE|[31]|Bytes:18
15:48:36.461 (1680289043)|HEAP_ALLOCATE|[31]|Bytes:56
15:48:36.461 (1680304715)|METHOD_EXIT|[130]|01pg8000001F8kf|PricingService.findMargin(OrderItem, Order, Map<String,Margem__c>, Id, Account)
15:48:36.461 (1680309830)|VARIABLE_SCOPE_BEGIN|[130]|margem|Margem__c|true|false
15:48:36.461 (1680355553)|VARIABLE_ASSIGNMENT|[130]|margem|{"Account__c":"001g8000009VBusAAG","Product__c":"01tg8000001RQp3AAG","Id":"a00g800000PiQvWAAV","State__c":"a04g8000000b5OvAAI","MarginValuePercent__c":15.00}|0x6caf891d
15:48:36.461 (1680360555)|STATEMENT_EXECUTE|[131]
15:48:36.461 (1680853004)|VARIABLE_ASSIGNMENT|[131]|this.MarginPercentage__c|15.00|0x25c31186
15:48:36.461 (1680857459)|STATEMENT_EXECUTE|[134]
15:48:36.461 (1680880988)|METHOD_ENTRY|[134]|01pg8000001F8kf|PricingService.findFreightValue(OrderItem, Order, Map<String,Freight__c>, Id)
15:48:36.461 (1680894601)|VARIABLE_SCOPE_BEGIN|[4]|item|OrderItem|true|false
15:48:36.461 (1681267477)|VARIABLE_ASSIGNMENT|[4]|item|{"Product_Code_Display__c":"TRT 7","IsDeleted":false,"UnitPrice":100.00,"Product2Id":"01tg8000001RQp3AAG","PricebookEntryId":"01ug8000000gTdVAAU","TotalPrice":100.00,"Quantity":1.00,"MarginPercentage__c":15.00,"TaxPercentage__c":10.00,"ListPrice":1000.00,"OrderId":"801g8000009VBuuAAG"}|0x25c31186
15:48:36.461 (1681273224)|VARIABLE_SCOPE_BEGIN|[4]|pedido|Order|true|false
15:48:36.461 (1681334134)|VARIABLE_ASSIGNMENT|[4]|pedido|{"Status":"Draft","City__c":"a05g8000002Bg61AAC","Country__c":"a03g800000853ezAAA","AccountId":"001g8000009VBusAAG","DistributionCenter__c":"a06g8000001gb4DAAQ","Id":"801g8000009VBuuAAG","State__c":"a04g8000000b5OvAAI"}|0x778ee538
15:48:36.461 (1681339123)|VARIABLE_SCOPE_BEGIN|[4]|mapFrete|Map<String,Freight__c>|true|false
15:48:36.461 (1681378218)|VARIABLE_ASSIGNMENT|[4]|mapFrete|{"01tg8000001RQp3AAG_a04g8000000b5OvAAI":{"DistributionCenter__c":"a06g8000001gb4DAAQ","Product__c":"01tg8000001RQp3AAG","Id":"a0Ag8000000gGYDEA2","State__c":"a04g8000000b5OvAAI","FreightValue__c":700.00}}|0x59ee66c1
15:48:36.461 (1681382134)|VARIABLE_SCOPE_BEGIN|[4]|h|Id|false|false
15:48:36.461 (1681432665)|VARIABLE_ASSIGNMENT|[4]|h|"a01g8000009VButAAG"
15:48:36.461 (1681442328)|STATEMENT_EXECUTE|[4]
15:48:36.461 (1681443544)|STATEMENT_EXECUTE|[5]
15:48:36.461 (1681448256)|VARIABLE_SCOPE_BEGIN|[5]|p|Id|false|false
15:48:36.461 (1681469148)|VARIABLE_ASSIGNMENT|[5]|p|"01tg8000001RQp3AAG"
15:48:36.461 (1681471508)|STATEMENT_EXECUTE|[6]
15:48:36.461 (1681474816)|VARIABLE_SCOPE_BEGIN|[6]|c|Id|false|false
15:48:36.461 (1681492328)|VARIABLE_ASSIGNMENT|[6]|c|"a05g8000002Bg61AAC"
15:48:36.461 (1681494747)|STATEMENT_EXECUTE|[7]
15:48:36.461 (1681497134)|VARIABLE_SCOPE_BEGIN|[7]|e|Id|false|false
15:48:36.461 (1681514498)|VARIABLE_ASSIGNMENT|[7]|e|"a04g8000000b5OvAAI"
15:48:36.461 (1681517236)|STATEMENT_EXECUTE|[8]
15:48:36.461 (1681520123)|VARIABLE_SCOPE_BEGIN|[8]|pa|Id|false|false
15:48:36.461 (1681537333)|VARIABLE_ASSIGNMENT|[8]|pa|"a03g800000853ezAAA"
15:48:36.461 (1681563103)|HEAP_ALLOCATE|[10]|Bytes:18
15:48:36.461 (1681573254)|HEAP_ALLOCATE|[10]|Bytes:18
15:48:36.461 (1681580071)|HEAP_ALLOCATE|[10]|Bytes:37
15:48:36.461 (1681590648)|STATEMENT_EXECUTE|[10]
15:48:36.461 (1681597215)|HEAP_ALLOCATE|[11]|Bytes:18
15:48:36.461 (1681603583)|HEAP_ALLOCATE|[11]|Bytes:18
15:48:36.461 (1681608088)|HEAP_ALLOCATE|[11]|Bytes:37
15:48:36.461 (1681613007)|STATEMENT_EXECUTE|[11]
15:48:36.461 (1681616449)|HEAP_ALLOCATE|[11]|Bytes:18
15:48:36.461 (1681622545)|HEAP_ALLOCATE|[11]|Bytes:18
15:48:36.461 (1681626514)|HEAP_ALLOCATE|[11]|Bytes:37
15:48:36.461 (1681655179)|METHOD_EXIT|[134]|01pg8000001F8kf|PricingService.findFreightValue(OrderItem, Order, Map<String,Freight__c>, Id)
15:48:36.461 (1682063472)|VARIABLE_ASSIGNMENT|[134]|this.FreightValue__c|700.00|0x25c31186
15:48:36.461 (1682068537)|STATEMENT_EXECUTE|[137]
15:48:36.461 (1682083062)|VARIABLE_SCOPE_BEGIN|[137]|custoUnitario|Decimal|false|false
15:48:36.461 (1682088200)|VARIABLE_ASSIGNMENT|[137]|custoUnitario|300000.00
15:48:36.461 (1682090746)|STATEMENT_EXECUTE|[140]
15:48:36.461 (1682102751)|HEAP_ALLOCATE|[140]|Bytes:28
15:48:36.461 (1682109672)|HEAP_ALLOCATE|[140]|Bytes:28
15:48:36.461 (1682122971)|METHOD_ENTRY|[140]|01pg8000001F8kf|PricingService.calculateFinalPrice(OrderItem, Decimal, Margem__c, Decimal, Decimal)
15:48:36.461 (1682138099)|VARIABLE_SCOPE_BEGIN|[47]|item|OrderItem|true|false
15:48:36.461 (1682537979)|VARIABLE_ASSIGNMENT|[47]|item|{"Product_Code_Display__c":"TRT 7","IsDeleted":false,"UnitPrice":100.00,"Product2Id":"01tg8000001RQp3AAG","PricebookEntryId":"01ug8000000gTdVAAU","TotalPrice":100.00,"Quantity":1.00,"MarginPercentage__c":15.00,"TaxPercentage__c":10.00,"ListPrice":1000.00,"OrderId":"801g8000009VBuuAAG","FreightValue__c":700.00}|0x25c31186
15:48:36.461 (1682544302)|VARIABLE_SCOPE_BEGIN|[47]|frete|Decimal|false|false
15:48:36.461 (1682553145)|VARIABLE_ASSIGNMENT|[47]|frete|700.00
15:48:36.461 (1682555515)|VARIABLE_SCOPE_BEGIN|[47]|margem|Margem__c|true|false
15:48:36.461 (1682592283)|VARIABLE_ASSIGNMENT|[47]|margem|{"Account__c":"001g8000009VBusAAG","Product__c":"01tg8000001RQp3AAG","Id":"a00g800000PiQvWAAV","State__c":"a04g8000000b5OvAAI","MarginValuePercent__c":15.00}|0x6caf891d
15:48:36.461 (1682595966)|VARIABLE_SCOPE_BEGIN|[47]|impostoPercent|Decimal|false|false
15:48:36.461 (1682600196)|VARIABLE_ASSIGNMENT|[47]|impostoPercent|10.00
15:48:36.461 (1682602351)|VARIABLE_SCOPE_BEGIN|[47]|custo|Decimal|false|false
15:48:36.461 (1682605789)|VARIABLE_ASSIGNMENT|[47]|custo|300000.00
15:48:36.461 (1682613821)|STATEMENT_EXECUTE|[47]
15:48:36.461 (1682614835)|STATEMENT_EXECUTE|[48]
15:48:36.461 (1682625355)|VARIABLE_SCOPE_BEGIN|[48]|mPerc|Decimal|false|false
15:48:36.461 (1682629869)|VARIABLE_ASSIGNMENT|[48]|mPerc|15.00
15:48:36.461 (1682632268)|STATEMENT_EXECUTE|[49]
15:48:36.461 (1682633654)|VARIABLE_SCOPE_BEGIN|[49]|iPerc|Decimal|false|false
15:48:36.461 (1682637432)|VARIABLE_ASSIGNMENT|[49]|iPerc|10.00
15:48:36.461 (1682639435)|STATEMENT_EXECUTE|[50]
15:48:36.461 (1682640623)|VARIABLE_SCOPE_BEGIN|[50]|custoProd|Decimal|false|false
15:48:36.461 (1682644248)|VARIABLE_ASSIGNMENT|[50]|custoProd|300000.00
15:48:36.461 (1682646107)|STATEMENT_EXECUTE|[51]
15:48:36.461 (1682647411)|VARIABLE_SCOPE_BEGIN|[51]|freteVal|Decimal|false|false
15:48:36.461 (1682651003)|VARIABLE_ASSIGNMENT|[51]|freteVal|700.00
15:48:36.461 (1682652966)|STATEMENT_EXECUTE|[54]
15:48:36.461 (1682684329)|HEAP_ALLOCATE|[54]|Bytes:28
15:48:36.461 (1682690749)|VARIABLE_SCOPE_BEGIN|[54]|precoBase|Decimal|false|false
15:48:36.461 (1682694839)|VARIABLE_ASSIGNMENT|[54]|precoBase|300700.00
15:48:36.461 (1682697116)|STATEMENT_EXECUTE|[57]
15:48:36.461 (1682703716)|HEAP_ALLOCATE|[57]|Bytes:28
15:48:36.461 (1682705341)|HEAP_ALLOCATE|[57]|Bytes:28
15:48:36.461 (1682709321)|HEAP_ALLOCATE|[57]|Bytes:28
15:48:36.461 (1682862758)|HEAP_ALLOCATE|[57]|Bytes:28
15:48:36.461 (1682864744)|HEAP_ALLOCATE|[57]|Bytes:28
15:48:36.461 (1682873732)|HEAP_ALLOCATE|[57]|Bytes:28
15:48:36.461 (1682890864)|HEAP_ALLOCATE|[57]|Bytes:28
15:48:36.461 (1682894921)|VARIABLE_SCOPE_BEGIN|[57]|precoSemMargem|Decimal|false|false
15:48:36.461 (1682900097)|VARIABLE_ASSIGNMENT|[57]|precoSemMargem|330770.0000
15:48:36.461 (1682902141)|STATEMENT_EXECUTE|[60]
15:48:36.461 (1682904552)|HEAP_ALLOCATE|[60]|Bytes:28
15:48:36.461 (1682906170)|HEAP_ALLOCATE|[60]|Bytes:28
15:48:36.461 (1682908798)|HEAP_ALLOCATE|[60]|Bytes:28
15:48:36.461 (1682930338)|HEAP_ALLOCATE|[60]|Bytes:28
15:48:36.461 (1682932084)|HEAP_ALLOCATE|[60]|Bytes:28
15:48:36.461 (1682939260)|HEAP_ALLOCATE|[60]|Bytes:28
15:48:36.461 (1682946089)|HEAP_ALLOCATE|[60]|Bytes:28
15:48:36.461 (1682949983)|VARIABLE_SCOPE_BEGIN|[60]|precoCalculado|Decimal|false|false
15:48:36.461 (1682954543)|VARIABLE_ASSIGNMENT|[60]|precoCalculado|380385.500000
15:48:36.461 (1682956819)|STATEMENT_EXECUTE|[63]
15:48:36.461 (1683355724)|VARIABLE_ASSIGNMENT|[63]|this.ProductionCost__c|300000.00|0x25c31186
15:48:36.461 (1683360668)|STATEMENT_EXECUTE|[64]
15:48:36.461 (1683709882)|VARIABLE_ASSIGNMENT|[64]|this.MarginPercentage__c|15.00|0x25c31186
15:48:36.461 (1683713149)|STATEMENT_EXECUTE|[65]
15:48:36.461 (1684051634)|VARIABLE_ASSIGNMENT|[65]|this.FreightValue__c|700.00|0x25c31186
15:48:36.461 (1684054813)|STATEMENT_EXECUTE|[66]
15:48:36.461 (1684388924)|VARIABLE_ASSIGNMENT|[66]|this.TaxPercentage__c|10.00|0x25c31186
15:48:36.461 (1684392043)|STATEMENT_EXECUTE|[67]
15:48:36.461 (1684724364)|VARIABLE_ASSIGNMENT|[67]|this.PriceWithoutMargin__c|330770.0000|0x25c31186
15:48:36.461 (1684727282)|STATEMENT_EXECUTE|[68]
15:48:36.461 (1685081386)|VARIABLE_ASSIGNMENT|[68]|this.FinalPrice__c|380385.500000|0x25c31186
15:48:36.461 (1685084706)|STATEMENT_EXECUTE|[71]
15:48:36.461 (1685096931)|VARIABLE_SCOPE_BEGIN|[71]|unitPriceDigitado|Decimal|false|false
15:48:36.461 (1685102219)|VARIABLE_ASSIGNMENT|[71]|unitPriceDigitado|100.00
15:48:36.461 (1685112371)|HEAP_ALLOCATE|[74]|Bytes:28
15:48:36.461 (1685114569)|HEAP_ALLOCATE|[74]|Bytes:28
15:48:36.461 (1685141406)|STATEMENT_EXECUTE|[74]
15:48:36.461 (1685142412)|STATEMENT_EXECUTE|[75]
15:48:36.461 (1685160089)|HEAP_ALLOCATE|[75]|Bytes:28
15:48:36.461 (1685213958)|HEAP_ALLOCATE|[75]|Bytes:28
15:48:36.461 (1685215726)|HEAP_ALLOCATE|[75]|Bytes:28
15:48:36.461 (1685628690)|VARIABLE_ASSIGNMENT|[75]|this.DiscountPercentage__c|0.999737108801465881323026245742806|0x25c31186
15:48:36.461 (1685633556)|STATEMENT_EXECUTE|[76]
15:48:36.461 (1685647900)|HEAP_ALLOCATE|[76]|Bytes:28
15:48:36.461 (1685999868)|VARIABLE_ASSIGNMENT|[76]|this.DiscountValue__c|380285.500000|0x25c31186
15:48:36.461 (1686003794)|STATEMENT_EXECUTE|[79]
15:48:36.461 (1686013909)|HEAP_ALLOCATE|[79]|Bytes:28
15:48:36.461 (1686412942)|VARIABLE_ASSIGNMENT|[79]|this.UnitPrice|380385.500000|0x25c31186
15:48:36.461 (1686423526)|METHOD_EXIT|[140]|01pg8000001F8kf|PricingService.calculateFinalPrice(OrderItem, Decimal, Margem__c, Decimal, Decimal)
15:48:36.461 (1686447198)|HEAP_ALLOCATE|[106]|Bytes:5
15:48:36.461 (1686460031)|VARIABLE_ASSIGNMENT|[106]|item|null|
15:48:36.461 (1686465846)|METHOD_EXIT|[20]|01pg8000001EZwd|OrdemItemHandler.executePricingLogic()
15:48:36.461 (1686470176)|STATEMENT_EXECUTE|[21]
15:48:36.461 (1686481873)|METHOD_ENTRY|[21]|01pg8000001EZwd|OrdemItemHandler.checkDuplicateProducts()
15:48:36.461 (1686498638)|VARIABLE_SCOPE_BEGIN|[145]|this|OrdemItemHandler|true|false
15:48:36.461 (1686553214)|VARIABLE_ASSIGNMENT|[145]|this|{"newRecords":"0x205121c6","handlerName":"OrderItemHandler","isTriggerExecuting":true,"triggerEvent":"0x109211f6"}|0x69264ae9
15:48:36.461 (1686563622)|STATEMENT_EXECUTE|[145]
15:48:36.461 (1724799943)|HEAP_DUMP|[146]|07ng80000000sDJ|OrdemItemHandler|none|146
15:48:36.461 (1724817881)|STATEMENT_EXECUTE|[146]
15:48:36.461 (1724852720)|HEAP_ALLOCATE|[146]|Bytes:4
15:48:36.461 (1724915612)|VARIABLE_SCOPE_BEGIN|[146]|setOrderIds|Set<Id>|true|false
15:48:36.461 (1724982166)|VARIABLE_ASSIGNMENT|[146]|setOrderIds|[]|0x3da6a424
15:48:36.461 (1724988830)|STATEMENT_EXECUTE|[147]
15:48:36.461 (1724992614)|HEAP_ALLOCATE|[147]|Bytes:4
15:48:36.461 (1725001140)|VARIABLE_SCOPE_BEGIN|[147]|setProductIds|Set<Id>|true|false
15:48:36.461 (1725008865)|VARIABLE_ASSIGNMENT|[147]|setProductIds|[]|0x40ccdb2a
15:48:36.461 (1725086069)|HEAP_ALLOCATE|[149]|Bytes:5
15:48:36.461 (1725152932)|HEAP_ALLOCATE|[149]|Bytes:40
15:48:36.461 (1725164512)|VARIABLE_SCOPE_BEGIN|[149]|ot|OrderItem|true|false
15:48:36.461 (1725886358)|VARIABLE_ASSIGNMENT|[149]|ot|{"Product_Code_Display__c":"TRT 7","DiscountPercentage__c":0.999737108801465881323026245742806,"IsDeleted":false,"DiscountValue__c":380285.500000,"Quantity":1.00,"FinalPrice__c":380385.500000,"TaxPercentage__c":10.00,"ListPrice":1000.00,"OrderId":"801g8000009VBuuAAG","PriceWithoutMargin__c":330770.0000,"FreightValue__c":700.00,"UnitPrice":380385.500000,"Product2Id":"01tg8000001RQp3AAG","ProductionCost__c":300000.00,"PricebookEntryId":"01ug8000000gTdVAAU","TotalPrice":100.00,"MarginPercentage__c":15.00}|0x25c31186
15:48:36.461 (1725900205)|STATEMENT_EXECUTE|[149]
15:48:36.461 (1725901819)|STATEMENT_EXECUTE|[150]
15:48:36.461 (1725967875)|HEAP_ALLOCATE|[EXTERNAL]|Bytes:4
15:48:36.461 (1725975862)|STATEMENT_EXECUTE|[151]
15:48:36.461 (1725984640)|HEAP_ALLOCATE|[EXTERNAL]|Bytes:4
15:48:36.461 (1726005025)|HEAP_ALLOCATE|[149]|Bytes:5
15:48:36.461 (1726040037)|VARIABLE_ASSIGNMENT|[149]|ot|null|
15:48:36.461 (1726044459)|STATEMENT_EXECUTE|[154]
15:48:36.461 (1727001694)|HEAP_ALLOCATE|[154]|Bytes:4
15:48:36.461 (1727040275)|METHOD_ENTRY|[1]|01pg8000001w1Mc|OrderItemSelector.OrderItemSelector()
15:48:36.461 (1727046192)|STATEMENT_EXECUTE|[1]
15:48:36.461 (1727053139)|STATEMENT_EXECUTE|[1]
15:48:36.461 (1727074248)|METHOD_EXIT|[1]|OrderItemSelector
15:48:36.461 (1727106639)|METHOD_ENTRY|[154]|01pg8000001w1Mc|OrderItemSelector.getOrderItemByIds(Set<Id>, Set<Id>)
15:48:36.461 (1727132126)|VARIABLE_SCOPE_BEGIN|[2]|orderIds|Set<Id>|true|false
15:48:36.461 (1727156576)|VARIABLE_ASSIGNMENT|[2]|orderIds|["801g8000009VBuuAAG"]|0x3da6a424
15:48:36.461 (1727159609)|VARIABLE_SCOPE_BEGIN|[2]|productIds|Set<Id>|true|false
15:48:36.461 (1727165578)|VARIABLE_ASSIGNMENT|[2]|productIds|["01tg8000001RQp3AAG"]|0x40ccdb2a
15:48:36.461 (1727180478)|STATEMENT_EXECUTE|[2]
15:48:36.461 (1727181403)|STATEMENT_EXECUTE|[3]
15:48:36.461 (1727184451)|HEAP_ALLOCATE|[3]|Bytes:98
15:48:36.461 (1727200618)|HEAP_ALLOCATE|[3]|Bytes:4
15:48:36.461 (1727216653)|HEAP_ALLOCATE|[3]|Bytes:7
15:48:36.461 (1727782733)|SOQL_EXECUTE_BEGIN|[3]|Aggregations:0|SELECT Id, OrderId, Product2Id FROM OrderItem WHERE (OrderId = :tmpVar1 AND Product2Id = :tmpVar2)
15:48:36.461 (1738546640)|SOQL_EXECUTE_END|[3]|Rows:0
15:48:36.461 (1738594838)|HEAP_ALLOCATE|[3]|Bytes:4
15:48:36.461 (1738614653)|HEAP_ALLOCATE|[3]|Bytes:0
15:48:36.461 (1738674355)|HEAP_ALLOCATE|[3]|Bytes:4
15:48:36.461 (1738698769)|METHOD_EXIT|[154]|01pg8000001w1Mc|OrderItemSelector.getOrderItemByIds(Set<Id>, Set<Id>)
15:48:36.461 (1738708617)|VARIABLE_SCOPE_BEGIN|[154]|existingItens|List<OrderItem>|true|false
15:48:36.461 (1738739092)|VARIABLE_ASSIGNMENT|[154]|existingItens|[]|0x7101b401
15:48:36.461 (1738747952)|STATEMENT_EXECUTE|[156]
15:48:36.461 (1738761033)|HEAP_ALLOCATE|[156]|Bytes:4
15:48:36.461 (1738824295)|VARIABLE_SCOPE_BEGIN|[156]|comparacao|Set<String>|true|false
15:48:36.461 (1738846455)|VARIABLE_ASSIGNMENT|[156]|comparacao|[]|0x380d0b0a
15:48:36.461 (1738899957)|HEAP_ALLOCATE|[157]|Bytes:5
15:48:36.461 (1738919189)|VARIABLE_ASSIGNMENT|[157]|it|null|
15:48:36.461 (1738923475)|STATEMENT_EXECUTE|[157]
15:48:36.461 (1738938018)|HEAP_ALLOCATE|[161]|Bytes:5
15:48:36.461 (1738958272)|HEAP_ALLOCATE|[161]|Bytes:40
15:48:36.461 (1738965582)|VARIABLE_SCOPE_BEGIN|[161]|newItem|OrderItem|true|false
15:48:36.461 (1739624449)|VARIABLE_ASSIGNMENT|[161]|newItem|{"Product_Code_Display__c":"TRT 7","DiscountPercentage__c":0.999737108801465881323026245742806,"IsDeleted":false,"DiscountValue__c":380285.500000,"Quantity":1.00,"FinalPrice__c":380385.500000,"TaxPercentage__c":10.00,"ListPrice":1000.00,"OrderId":"801g8000009VBuuAAG","PriceWithoutMargin__c":330770.0000,"FreightValue__c":700.00,"UnitPrice":380385.500000,"Product2Id":"01tg8000001RQp3AAG","ProductionCost__c":300000.00,"PricebookEntryId":"01ug8000000gTdVAAU","TotalPrice":100.00,"MarginPercentage__c":15.00}|0x25c31186
15:48:36.461 (1739636870)|STATEMENT_EXECUTE|[161]
15:48:36.461 (1739638221)|STATEMENT_EXECUTE|[162]
15:48:36.461 (1739700437)|HEAP_ALLOCATE|[162]|Bytes:18
15:48:36.461 (1739709352)|HEAP_ALLOCATE|[162]|Bytes:1
15:48:36.461 (1739717118)|HEAP_ALLOCATE|[162]|Bytes:18
15:48:36.461 (1739726246)|HEAP_ALLOCATE|[162]|Bytes:37
15:48:36.461 (1739728898)|VARIABLE_SCOPE_BEGIN|[162]|keyCombo|String|false|false
15:48:36.461 (1739736230)|VARIABLE_ASSIGNMENT|[162]|keyCombo|"801g8000009VBuuAAG-0 (17 more) ..."
15:48:36.461 (1739757915)|STATEMENT_EXECUTE|[166]
15:48:36.461 (1739759242)|STATEMENT_EXECUTE|[168]
15:48:36.461 (1739767116)|HEAP_ALLOCATE|[EXTERNAL]|Bytes:4
15:48:36.461 (1739780933)|HEAP_ALLOCATE|[161]|Bytes:5
15:48:36.461 (1739789002)|VARIABLE_ASSIGNMENT|[161]|newItem|null|
15:48:36.461 (1739796376)|METHOD_EXIT|[21]|01pg8000001EZwd|OrdemItemHandler.checkDuplicateProducts()
15:48:36.461 (1739802703)|METHOD_EXIT|[137]|01pg8000001EZwd|OrdemItemHandler.beforeInsert()
15:48:36.461 (1739806077)|STATEMENT_EXECUTE|[158]
15:48:36.461 (1739826009)|METHOD_ENTRY|[158]|01pg80000019iSf|TriggerHandler.andFinally()
15:48:36.461 (1739843023)|VARIABLE_SCOPE_BEGIN|[746]|this|TriggerHandler|true|false
15:48:36.461 (1739893208)|VARIABLE_ASSIGNMENT|[746]|this|{"newRecords":"0x205121c6","handlerName":"OrderItemHandler","isTriggerExecuting":true,"triggerEvent":"0x109211f6"}|0x69264ae9
15:48:36.461 (1739908228)|STATEMENT_EXECUTE|[746]
15:48:36.461 (1739910042)|METHOD_EXIT|[158]|01pg80000019iSf|TriggerHandler.andFinally()
15:48:36.461 (1739917058)|STATEMENT_EXECUTE|[160]
15:48:36.461 (1739920168)|STATEMENT_EXECUTE|[176]
15:48:36.461 (1739922773)|METHOD_EXIT|[2]|01pg80000019iSf|TriggerHandler.run()
15:48:36.739 (1739931773)|CUMULATIVE_LIMIT_USAGE
15:48:36.739 (1739931773)|LIMIT_USAGE_FOR_NS|(default)|
  Number of SOQL queries: 11 out of 100
  Number of query rows: 10 out of 50000
  Number of SOSL queries: 0 out of 20
  Number of DML statements: 14 out of 150
  Number of Publish Immediate DML: 0 out of 150
  Number of DML rows: 14 out of 10000
  Maximum CPU time: 96 out of 10000
  Maximum heap size: 0 out of 6000000
  Number of callouts: 0 out of 100
  Number of Email Invocations: 0 out of 10
  Number of future calls: 0 out of 50
  Number of queueable jobs added to the queue: 0 out of 50
  Number of Mobile Apex push calls: 0 out of 10

15:48:36.739 (1739931773)|CUMULATIVE_LIMIT_USAGE_END

15:48:36.461 (1740328846)|CODE_UNIT_FINISHED|OrdemItemTrigger on OrderItem trigger event BeforeInsert|__sfdc_trigger/OrdemItemTrigger
15:48:36.461 (1831466742)|CODE_UNIT_STARTED|[EXTERNAL]|01qg8000000GdOn|OrderTrigger on Order trigger event BeforeUpdate|__sfdc_trigger/OrderTrigger
15:48:36.461 (1831545556)|HEAP_ALLOCATE|[EXTERNAL]|Bytes:8
15:48:36.461 (1831627709)|HEAP_ALLOCATE|[EXTERNAL]|Bytes:8
15:48:36.461 (1831771331)|HEAP_ALLOCATE|[EXTERNAL]|Bytes:4
15:48:36.461 (1831782701)|VARIABLE_SCOPE_BEGIN|[1]|this|OrderTrigger|true|false
15:48:36.461 (1831827849)|VARIABLE_ASSIGNMENT|[1]|this|{}|0x2bd0f2ad
15:48:36.461 (1831871356)|HEAP_ALLOCATE|[EXTERNAL]|Bytes:4
15:48:36.461 (1831876497)|VARIABLE_SCOPE_BEGIN|[1]|this|OrderTrigger|true|false
15:48:36.461 (1831882582)|VARIABLE_ASSIGNMENT|[1]|this|{}|0x2bd0f2ad
15:48:36.461 (1831890211)|STATEMENT_EXECUTE|[1]
15:48:36.461 (1831891326)|STATEMENT_EXECUTE|[2]
15:48:36.461 (1833921429)|HEAP_ALLOCATE|[2]|Bytes:16
15:48:36.461 (1833954322)|METHOD_ENTRY|[1]|01pg8000001LXzh|OrderHandler.OrderHandler()
15:48:36.461 (1833960507)|STATEMENT_EXECUTE|[1]
15:48:36.461 (1833966238)|STATEMENT_EXECUTE|[1]
15:48:36.461 (1833988637)|METHOD_EXIT|[1]|OrderHandler
15:48:36.461 (1834006457)|HEAP_ALLOCATE|[2]|Bytes:32
15:48:36.461 (1834024826)|CONSTRUCTOR_ENTRY|[2]|01pg8000001LXzh|<init>()|OrderHandler
15:48:36.461 (1834050814)|VARIABLE_SCOPE_BEGIN|[8]|this|OrderHandler|true|false
15:48:36.461 (1834096273)|VARIABLE_ASSIGNMENT|[8]|this|{}|0x22b61bcf
15:48:36.461 (1834102456)|STATEMENT_EXECUTE|[1]
15:48:36.461 (1834103309)|STATEMENT_EXECUTE|[3]
15:48:36.461 (1834104519)|STATEMENT_EXECUTE|[4]
15:48:36.461 (1834105301)|STATEMENT_EXECUTE|[5]
15:48:36.461 (1834106081)|STATEMENT_EXECUTE|[6]
15:48:36.461 (1834106871)|STATEMENT_EXECUTE|[9]
15:48:36.461 (1834109916)|HEAP_ALLOCATE|[9]|Bytes:12
15:48:36.461 (1834118794)|CONSTRUCTOR_ENTRY|[9]|01pg80000019iSf|<init>(String)|TriggerHandler
15:48:36.461 (1834141014)|VARIABLE_SCOPE_BEGIN|[107]|this|TriggerHandler|true|false
15:48:36.461 (1834149871)|VARIABLE_ASSIGNMENT|[107]|this|{}|0x22b61bcf
15:48:36.461 (1834152910)|VARIABLE_SCOPE_BEGIN|[107]|handlerName|String|false|false
15:48:36.461 (1834162478)|VARIABLE_ASSIGNMENT|[107]|handlerName|"OrderHandler"
15:48:36.461 (1834165804)|STATEMENT_EXECUTE|[15]
15:48:36.461 (1834166692)|STATEMENT_EXECUTE|[50]
15:48:36.461 (1834167700)|STATEMENT_EXECUTE|[57]
15:48:36.461 (1834168841)|STATEMENT_EXECUTE|[671]
15:48:36.461 (1834186341)|STATEMENT_EXECUTE|[107]
15:48:36.461 (1834187190)|STATEMENT_EXECUTE|[108]
15:48:36.461 (1834190771)|STATEMENT_EXECUTE|[109]
15:48:36.461 (1834198119)|METHOD_ENTRY|[109]|01pg80000019iSf|TriggerHandler.setTriggerContext()
15:48:36.461 (1834201804)|VARIABLE_SCOPE_BEGIN|[565]|this|TriggerHandler|true|false
15:48:36.461 (1834211596)|VARIABLE_ASSIGNMENT|[565]|this|{"handlerName":"OrderHandler"}|0x22b61bcf
15:48:36.461 (1834223844)|STATEMENT_EXECUTE|[565]
15:48:36.461 (1834224837)|STATEMENT_EXECUTE|[566]
15:48:36.461 (1834288941)|HEAP_ALLOCATE|[566]|Bytes:16
15:48:36.461 (1834297860)|METHOD_ENTRY|[566]|01pg80000019iSf|TriggerHandler.setTriggerContext(System.TriggerOperation, Boolean)
15:48:36.461 (1834301089)|VARIABLE_SCOPE_BEGIN|[582]|this|TriggerHandler|true|false
15:48:36.461 (1834309226)|VARIABLE_ASSIGNMENT|[582]|this|{"handlerName":"OrderHandler"}|0x22b61bcf
15:48:36.461 (1834312226)|VARIABLE_SCOPE_BEGIN|[582]|opType|System.TriggerOperation|true|false
15:48:36.461 (1834327281)|VARIABLE_ASSIGNMENT|[582]|opType|"BEFORE_UPDATE"|0x146366c4
15:48:36.461 (1834335349)|VARIABLE_SCOPE_BEGIN|[582]|testMode|Boolean|false|false
15:48:36.461 (1834343986)|VARIABLE_ASSIGNMENT|[582]|testMode|false
15:48:36.461 (1834348101)|STATEMENT_EXECUTE|[582]
15:48:36.461 (1834355463)|STATEMENT_EXECUTE|[586]
15:48:36.461 (1834356311)|STATEMENT_EXECUTE|[587]
15:48:36.461 (1834358900)|HEAP_ALLOCATE|[587]|Bytes:5
15:48:36.461 (1834363544)|STATEMENT_EXECUTE|[590]
15:48:36.461 (1834364376)|STATEMENT_EXECUTE|[592]
15:48:36.461 (1834410691)|HEAP_ALLOCATE|[592]|Bytes:16
15:48:36.461 (1834423663)|STATEMENT_EXECUTE|[595]
15:48:36.461 (1834434076)|VARIABLE_SCOPE_BEGIN|[595]|context|String|false|false
15:48:36.461 (1834441656)|VARIABLE_ASSIGNMENT|[595]|context|"BEFORE_UPDATE"
15:48:36.461 (1834443666)|STATEMENT_EXECUTE|[597]
15:48:36.461 (1834464791)|HEAP_ALLOCATE|[601]|Bytes:13
15:48:36.461 (1834491251)|STATEMENT_EXECUTE|[601]
15:48:36.461 (1834492376)|STATEMENT_EXECUTE|[602]
15:48:36.461 (1834501679)|METHOD_EXIT|[566]|01pg80000019iSf|TriggerHandler.setTriggerContext(System.TriggerOperation, Boolean)
15:48:36.461 (1834504780)|METHOD_EXIT|[109]|01pg80000019iSf|TriggerHandler.setTriggerContext()
15:48:36.461 (1834510089)|CONSTRUCTOR_EXIT|[9]|01pg80000019iSf|<init>(String)|TriggerHandler
15:48:36.461 (1834512740)|STATEMENT_EXECUTE|[8]
15:48:36.461 (1834513747)|STATEMENT_EXECUTE|[10]
15:48:36.461 (1835471970)|VARIABLE_ASSIGNMENT|[10]|this.newRecords|[{"Status":"Draft","LastModifiedDate":"2026-04-10T18:48:36.000Z","Country__c":"a03g800000853ezAAA","IsDeleted":false,"AccountId":"001g8000009VBusAAG","OrderNumber":"00100116","TotalAmount":380385.50,"StatusCode":"Draft","IsReductionOrder":false,"SystemModstamp":"2026-04-10T18:48:37.000Z","City__c":"a05g8000002Bg61AAC","OwnerId":"005g80000010N45AAE","CreatedById":"005g80000010N45AAE","DistributionCenter__c":"a06g8000001gb4DAAQ","CreatedDate":"2026-04-10T18:48:36.000Z","Pricebook2Id":"01sg8000000h7xWAAQ","Id":"801g8000009VBuuAAG","LastModifiedById":"005g80000010N45AAE","State__c":"a04g8000000b5OvAAI","EffectiveDate":"2026-04-10T00:00:00.000Z"}]|0x22b61bcf
15:48:36.461 (1835484746)|STATEMENT_EXECUTE|[11]
15:48:36.461 (1835938120)|VARIABLE_ASSIGNMENT|[11]|this.oldRecords|[{"Status":"Draft","LastModifiedDate":"2026-04-10T18:48:36.000Z","Country__c":"a03g800000853ezAAA","IsDeleted":false,"AccountId":"001g8000009VBusAAG","OrderNumber":"00100116","TotalAmount":0.00,"StatusCode":"Draft","IsReductionOrder":false,"SystemModstamp":"2026-04-10T18:48:36.000Z","City__c":"a05g8000002Bg61AAC","OwnerId":"005g80000010N45AAE","CreatedById":"005g80000010N45AAE","DistributionCenter__c":"a06g8000001gb4DAAQ","CreatedDate":"2026-04-10T18:48:36.000Z","Pricebook2Id":"01sg8000000h7xWAAQ","Id":"801g8000009VBuuAAG","LastModifiedById":"005g80000010N45AAE","State__c":"a04g8000000b5OvAAI","EffectiveDate":"2026-04-10T00:00:00.000Z"}]|0x22b61bcf
15:48:36.461 (1835947052)|STATEMENT_EXECUTE|[12]
15:48:36.461 (1836303824)|VARIABLE_ASSIGNMENT|[12]|this.newRecordsMap|{"801g8000009VBuuAAG":{"Status":"Draft","LastModifiedDate":"2026-04-10T18:48:36.000Z","Country__c":"a03g800000853ezAAA","IsDeleted":false,"AccountId":"001g8000009VBusAAG","OrderNumber":"00100116","TotalAmount":380385.50,"StatusCode":"Draft","IsReductionOrder":false,"SystemModstamp":"2026-04-10T18:48:37.000Z","City__c":"a05g8000002Bg61AAC","OwnerId":"005g80000010N45AAE","CreatedById":"005g80000010N45AAE","DistributionCenter__c":"a06g8000001gb4DAAQ","CreatedDate":"2026-04-10T18:48:36.000Z","Pricebook2Id":"01sg8000000h7xWAAQ","Id":"801g8000009VBuuAAG","LastModifiedById":"005g80000010N45AAE","State__c":"a04g8000000b5OvAAI","EffectiveDate":"2026-04-10T00:00:00.000Z"}}|0x22b61bcf
15:48:36.461 (1836312797)|STATEMENT_EXECUTE|[13]
15:48:36.461 (1836648184)|VARIABLE_ASSIGNMENT|[13]|this.oldRecordsMap|{"801g8000009VBuuAAG":{"Status":"Draft","LastModifiedDate":"2026-04-10T18:48:36.000Z","Country__c":"a03g800000853ezAAA","IsDeleted":false,"AccountId":"001g8000009VBusAAG","OrderNumber":"00100116","TotalAmount":0.00,"StatusCode":"Draft","IsReductionOrder":false,"SystemModstamp":"2026-04-10T18:48:36.000Z","City__c":"a05g8000002Bg61AAC","OwnerId":"005g80000010N45AAE","CreatedById":"005g80000010N45AAE","DistributionCenter__c":"a06g8000001gb4DAAQ","CreatedDate":"2026-04-10T18:48:36.000Z","Pricebook2Id":"01sg8000000h7xWAAQ","Id":"801g8000009VBuuAAG","LastModifiedById":"005g80000010N45AAE","State__c":"a04g8000000b5OvAAI","EffectiveDate":"2026-04-10T00:00:00.000Z"}}|0x22b61bcf
15:48:36.461 (1836660910)|CONSTRUCTOR_EXIT|[2]|01pg8000001LXzh|<init>()|OrderHandler
15:48:36.461 (1836684740)|METHOD_ENTRY|[2]|01pg80000019iSf|TriggerHandler.run()
15:48:36.461 (1836689568)|VARIABLE_SCOPE_BEGIN|[120]|this|TriggerHandler|true|false
15:48:36.461 (1836722945)|VARIABLE_ASSIGNMENT|[120]|this|{"newRecords":"0x5ad19f41","newRecordsMap":"0x48ab9fb7","oldRecords":"0x7b88a30f","oldRecordsMap":"0x297ddd19","handlerName":"OrderHandler","isTriggerExecuting":true,"triggerEvent":"0x146366c4"}|0x22b61bcf
15:48:36.461 (1836732721)|STATEMENT_EXECUTE|[120]
15:48:36.461 (1836735844)|METHOD_ENTRY|[121]|01pg80000019iSf|TriggerHandler.validateRun()
15:48:36.461 (1836738721)|VARIABLE_SCOPE_BEGIN|[661]|this|TriggerHandler|true|false
15:48:36.461 (1836749496)|VARIABLE_ASSIGNMENT|[661]|this|{"newRecords":"0x5ad19f41","newRecordsMap":"0x48ab9fb7","oldRecords":"0x7b88a30f","oldRecordsMap":"0x297ddd19","handlerName":"OrderHandler","isTriggerExecuting":true,"triggerEvent":"0x146366c4"}|0x22b61bcf
15:48:36.461 (1836754734)|STATEMENT_EXECUTE|[661]
15:48:36.461 (1836762435)|STATEMENT_EXECUTE|[662]
15:48:36.461 (1836763783)|STATEMENT_EXECUTE|[665]
15:48:36.461 (1836768991)|METHOD_ENTRY|[665]|01pg80000019iSf|TriggerHandler.getHandlerName()
15:48:36.461 (1836772001)|VARIABLE_SCOPE_BEGIN|[680]|this|TriggerHandler|true|false
15:48:36.461 (1836781114)|VARIABLE_ASSIGNMENT|[680]|this|{"newRecords":"0x5ad19f41","newRecordsMap":"0x48ab9fb7","oldRecords":"0x7b88a30f","oldRecordsMap":"0x297ddd19","handlerName":"OrderHandler","isTriggerExecuting":true,"triggerEvent":"0x146366c4"}|0x22b61bcf
15:48:36.461 (1836786510)|STATEMENT_EXECUTE|[680]
15:48:36.461 (1836805295)|STATEMENT_EXECUTE|[681]
15:48:36.461 (1836806329)|STATEMENT_EXECUTE|[684]
15:48:36.461 (1836809135)|METHOD_EXIT|[665]|01pg80000019iSf|TriggerHandler.getHandlerName()
15:48:36.461 (1836825921)|METHOD_EXIT|[121]|01pg80000019iSf|TriggerHandler.validateRun()
15:48:36.461 (1836828896)|STATEMENT_EXECUTE|[121]
15:48:36.461 (1836831764)|METHOD_ENTRY|[126]|01pg80000019iSf|TriggerHandler.incrementCheckLoopCount()
15:48:36.461 (1836834851)|VARIABLE_SCOPE_BEGIN|[634]|this|TriggerHandler|true|false
15:48:36.461 (1836844599)|VARIABLE_ASSIGNMENT|[634]|this|{"newRecords":"0x5ad19f41","newRecordsMap":"0x48ab9fb7","oldRecords":"0x7b88a30f","oldRecordsMap":"0x297ddd19","handlerName":"OrderHandler","isTriggerExecuting":true,"triggerEvent":"0x146366c4"}|0x22b61bcf
15:48:36.461 (1836849811)|STATEMENT_EXECUTE|[634]
15:48:36.461 (1836850778)|STATEMENT_EXECUTE|[635]
15:48:36.461 (1836852809)|METHOD_ENTRY|[635]|01pg80000019iSf|TriggerHandler.getHandlerName()
15:48:36.461 (1836855162)|VARIABLE_SCOPE_BEGIN|[680]|this|TriggerHandler|true|false
15:48:36.461 (1836863806)|VARIABLE_ASSIGNMENT|[680]|this|{"newRecords":"0x5ad19f41","newRecordsMap":"0x48ab9fb7","oldRecords":"0x7b88a30f","oldRecordsMap":"0x297ddd19","handlerName":"OrderHandler","isTriggerExecuting":true,"triggerEvent":"0x146366c4"}|0x22b61bcf
15:48:36.461 (1836867676)|STATEMENT_EXECUTE|[680]
15:48:36.461 (1836873860)|STATEMENT_EXECUTE|[681]
15:48:36.461 (1836874733)|STATEMENT_EXECUTE|[684]
15:48:36.461 (1836876141)|METHOD_EXIT|[635]|01pg80000019iSf|TriggerHandler.getHandlerName()
15:48:36.461 (1836879320)|VARIABLE_SCOPE_BEGIN|[635]|handlerName|String|false|false
15:48:36.461 (1836884407)|VARIABLE_ASSIGNMENT|[635]|handlerName|"OrderHandler"
15:48:36.461 (1836895736)|STATEMENT_EXECUTE|[636]
15:48:36.461 (1836896886)|STATEMENT_EXECUTE|[649]
15:48:36.461 (1836898532)|METHOD_EXIT|[126]|01pg80000019iSf|TriggerHandler.incrementCheckLoopCount()
15:48:36.461 (1836901197)|STATEMENT_EXECUTE|[126]
15:48:36.461 (1836903576)|STATEMENT_EXECUTE|[130]
15:48:36.461 (1836904536)|STATEMENT_EXECUTE|[135]
15:48:36.461 (1836972701)|STATEMENT_EXECUTE|[139]
15:48:36.461 (1836973721)|STATEMENT_EXECUTE|[140]
15:48:36.461 (1836982861)|METHOD_ENTRY|[140]|01pg8000001LXzh|OrderHandler.beforeUpdate()
15:48:36.461 (1836993866)|VARIABLE_SCOPE_BEGIN|[16]|this|OrderHandler|true|false
15:48:36.461 (1837006362)|VARIABLE_ASSIGNMENT|[16]|this|{"newRecords":"0x5ad19f41","newRecordsMap":"0x48ab9fb7","oldRecords":"0x7b88a30f","oldRecordsMap":"0x297ddd19","handlerName":"OrderHandler","isTriggerExecuting":true,"triggerEvent":"0x146366c4"}|0x22b61bcf
15:48:36.461 (1837012644)|STATEMENT_EXECUTE|[16]
15:48:36.461 (1837013526)|STATEMENT_EXECUTE|[17]
15:48:36.461 (1837017738)|METHOD_ENTRY|[17]|01pg8000001LXzh|OrderHandler.checkActiveOrder()
15:48:36.461 (1837024165)|VARIABLE_SCOPE_BEGIN|[30]|this|OrderHandler|true|false
15:48:36.461 (1837033852)|VARIABLE_ASSIGNMENT|[30]|this|{"newRecords":"0x5ad19f41","newRecordsMap":"0x48ab9fb7","oldRecords":"0x7b88a30f","oldRecordsMap":"0x297ddd19","handlerName":"OrderHandler","isTriggerExecuting":true,"triggerEvent":"0x146366c4"}|0x22b61bcf
15:48:36.461 (1837038785)|STATEMENT_EXECUTE|[30]
15:48:36.461 (1837039739)|STATEMENT_EXECUTE|[31]
15:48:36.461 (1837043979)|VARIABLE_SCOPE_BEGIN|[31]|listaParaValidar|List<Order>|true|false
15:48:36.461 (1837048959)|VARIABLE_ASSIGNMENT|[31]|listaParaValidar|null|
15:48:36.461 (1837057779)|STATEMENT_EXECUTE|[35]
15:48:36.461 (1837058890)|STATEMENT_EXECUTE|[36]
15:48:36.461 (1837521587)|VARIABLE_ASSIGNMENT|[36]|listaParaValidar|[{"Status":"Draft","LastModifiedDate":"2026-04-10T18:48:36.000Z","Country__c":"a03g800000853ezAAA","IsDeleted":false,"AccountId":"001g8000009VBusAAG","OrderNumber":"00100116","TotalAmount":380385.50,"StatusCode":"Draft","IsReductionOrder":false,"SystemModstamp":"2026-04-10T18:48:37.000Z","City__c":"a05g8000002Bg61AAC","OwnerId":"005g80000010N45AAE","CreatedById":"005g80000010N45AAE","DistributionCenter__c":"a06g8000001gb4DAAQ","CreatedDate":"2026-04-10T18:48:36.000Z","Pricebook2Id":"01sg8000000h7xWAAQ","Id":"801g8000009VBuuAAG","LastModifiedById":"005g80000010N45AAE","State__c":"a04g8000000b5OvAAI","EffectiveDate":"2026-04-10T00:00:00.000Z"}]|0x5ad19f41
15:48:36.461 (1837579782)|HEAP_ALLOCATE|[40]|Bytes:5
15:48:36.461 (1837598914)|HEAP_ALLOCATE|[40]|Bytes:4
15:48:36.461 (1837607057)|VARIABLE_SCOPE_BEGIN|[40]|pedido|Order|true|false
15:48:36.461 (1838010660)|VARIABLE_ASSIGNMENT|[40]|pedido|{"Status":"Draft","LastModifiedDate":"2026-04-10T18:48:36.000Z","Country__c":"a03g800000853ezAAA","IsDeleted":false,"AccountId":"001g8000009VBusAAG","OrderNumber":"00100116","TotalAmount":380385.50,"StatusCode":"Draft","IsReductionOrder":false,"SystemModstamp":"2026-04-10T18:48:37.000Z","City__c":"a05g8000002Bg61AAC","OwnerId":"005g80000010N45AAE","CreatedById":"005g80000010N45AAE","DistributionCenter__c":"a06g8000001gb4DAAQ","CreatedDate":"2026-04-10T18:48:36.000Z","Pricebook2Id":"01sg8000000h7xWAAQ","Id":"801g8000009VBuuAAG","LastModifiedById":"005g80000010N45AAE","State__c":"a04g8000000b5OvAAI","EffectiveDate":"2026-04-10T00:00:00.000Z"}|0x123ec68d
15:48:36.461 (1838021002)|STATEMENT_EXECUTE|[40]
15:48:36.461 (1838022310)|STATEMENT_EXECUTE|[42]
15:48:36.461 (1838096272)|VARIABLE_SCOPE_BEGIN|[42]|pedidoAntigo|Order|true|false
15:48:36.461 (1838473488)|VARIABLE_ASSIGNMENT|[42]|pedidoAntigo|{"Status":"Draft","LastModifiedDate":"2026-04-10T18:48:36.000Z","Country__c":"a03g800000853ezAAA","IsDeleted":false,"AccountId":"001g8000009VBusAAG","OrderNumber":"00100116","TotalAmount":0.00,"StatusCode":"Draft","IsReductionOrder":false,"SystemModstamp":"2026-04-10T18:48:36.000Z","City__c":"a05g8000002Bg61AAC","OwnerId":"005g80000010N45AAE","CreatedById":"005g80000010N45AAE","DistributionCenter__c":"a06g8000001gb4DAAQ","CreatedDate":"2026-04-10T18:48:36.000Z","Pricebook2Id":"01sg8000000h7xWAAQ","Id":"801g8000009VBuuAAG","LastModifiedById":"005g80000010N45AAE","State__c":"a04g8000000b5OvAAI","EffectiveDate":"2026-04-10T00:00:00.000Z"}|0x6e65074e
15:48:36.461 (1838481851)|STATEMENT_EXECUTE|[45]
15:48:36.461 (1838489439)|VARIABLE_SCOPE_BEGIN|[45]|validacaoStatus|String|false|false
15:48:36.461 (1838494760)|VARIABLE_ASSIGNMENT|[45]|validacaoStatus|"Draft"
15:48:36.461 (1838512523)|STATEMENT_EXECUTE|[47]
15:48:36.461 (1838522848)|HEAP_ALLOCATE|[40]|Bytes:5
15:48:36.461 (1838531835)|VARIABLE_ASSIGNMENT|[40]|pedido|null|
15:48:36.461 (1838538904)|METHOD_EXIT|[17]|01pg8000001LXzh|OrderHandler.checkActiveOrder()
15:48:36.461 (1838543167)|METHOD_EXIT|[140]|01pg8000001LXzh|OrderHandler.beforeUpdate()
15:48:36.461 (1838546842)|STATEMENT_EXECUTE|[158]
15:48:36.461 (1838552233)|METHOD_ENTRY|[158]|01pg80000019iSf|TriggerHandler.andFinally()
15:48:36.461 (1838555503)|VARIABLE_SCOPE_BEGIN|[746]|this|TriggerHandler|true|false
15:48:36.461 (1838583234)|VARIABLE_ASSIGNMENT|[746]|this|{"newRecords":"0x5ad19f41","newRecordsMap":"0x48ab9fb7","oldRecords":"0x7b88a30f","oldRecordsMap":"0x297ddd19","handlerName":"OrderHandler","isTriggerExecuting":true,"triggerEvent":"0x146366c4"}|0x22b61bcf
15:48:36.461 (1838593405)|STATEMENT_EXECUTE|[746]
15:48:36.461 (1838596007)|METHOD_EXIT|[158]|01pg80000019iSf|TriggerHandler.andFinally()
15:48:36.461 (1838601252)|STATEMENT_EXECUTE|[160]
15:48:36.461 (1838603691)|STATEMENT_EXECUTE|[176]
15:48:36.461 (1838606207)|METHOD_EXIT|[2]|01pg80000019iSf|TriggerHandler.run()
15:48:36.838 (1838614357)|CUMULATIVE_LIMIT_USAGE
15:48:36.838 (1838614357)|LIMIT_USAGE_FOR_NS|(default)|
  Number of SOQL queries: 11 out of 100
  Number of query rows: 10 out of 50000
  Number of SOSL queries: 0 out of 20
  Number of DML statements: 14 out of 150
  Number of Publish Immediate DML: 0 out of 150
  Number of DML rows: 14 out of 10000
  Maximum CPU time: 118 out of 10000
  Maximum heap size: 0 out of 6000000
  Number of callouts: 0 out of 100
  Number of Email Invocations: 0 out of 10
  Number of future calls: 0 out of 50
  Number of queueable jobs added to the queue: 0 out of 50
  Number of Mobile Apex push calls: 0 out of 10

15:48:36.838 (1838614357)|CUMULATIVE_LIMIT_USAGE_END

15:48:36.461 (1838793291)|CODE_UNIT_FINISHED|OrderTrigger on Order trigger event BeforeUpdate|__sfdc_trigger/OrderTrigger
15:48:36.461 (1841474780)|CODE_UNIT_STARTED|[EXTERNAL]|Validation:Order:801g8000009VBuu
15:48:36.461 (1841496239)|VALIDATION_RULE|03dg8000000aS4D|Bloquear_Alteracao_Conta_Pedido
15:48:36.461 (1841648115)|VALIDATION_FORMULA|ISCHANGED(AccountId) && NOT(ISNEW())|AccountId=001g8000009VBus
15:48:36.461 (1841652756)|VALIDATION_PASS
15:48:36.461 (1841657155)|CODE_UNIT_FINISHED|Validation:Order:801g8000009VBuu
15:48:36.461 (1857108426)|CODE_UNIT_STARTED|[EXTERNAL]|01qg8000000GdOn|OrderTrigger on Order trigger event AfterUpdate|__sfdc_trigger/OrderTrigger
15:48:36.461 (1857184602)|HEAP_ALLOCATE|[EXTERNAL]|Bytes:8
15:48:36.461 (1857260220)|HEAP_ALLOCATE|[EXTERNAL]|Bytes:8
15:48:36.461 (1857354768)|HEAP_ALLOCATE|[EXTERNAL]|Bytes:4
15:48:36.461 (1857365072)|VARIABLE_SCOPE_BEGIN|[1]|this|OrderTrigger|true|false
15:48:36.461 (1857400176)|VARIABLE_ASSIGNMENT|[1]|this|{}|0x6d118901
15:48:36.461 (1857431265)|HEAP_ALLOCATE|[EXTERNAL]|Bytes:4
15:48:36.461 (1857435710)|VARIABLE_SCOPE_BEGIN|[1]|this|OrderTrigger|true|false
15:48:36.461 (1857441357)|VARIABLE_ASSIGNMENT|[1]|this|{}|0x6d118901
15:48:36.461 (1857448375)|STATEMENT_EXECUTE|[1]
15:48:36.461 (1857449905)|STATEMENT_EXECUTE|[2]
15:48:36.461 (1857454498)|HEAP_ALLOCATE|[2]|Bytes:32
15:48:36.461 (1857467178)|CONSTRUCTOR_ENTRY|[2]|01pg8000001LXzh|<init>()|OrderHandler
15:48:36.461 (1857474725)|VARIABLE_SCOPE_BEGIN|[8]|this|OrderHandler|true|false
15:48:36.461 (1857496173)|VARIABLE_ASSIGNMENT|[8]|this|{}|0x5ed16cd0
15:48:36.461 (1857500308)|STATEMENT_EXECUTE|[1]
15:48:36.461 (1857501163)|STATEMENT_EXECUTE|[3]
15:48:36.461 (1857502187)|STATEMENT_EXECUTE|[4]
15:48:36.461 (1857503129)|STATEMENT_EXECUTE|[5]
15:48:36.461 (1857504310)|STATEMENT_EXECUTE|[6]
15:48:36.461 (1857505351)|STATEMENT_EXECUTE|[9]
15:48:36.461 (1857517222)|CONSTRUCTOR_ENTRY|[9]|01pg80000019iSf|<init>(String)|TriggerHandler
15:48:36.461 (1857521351)|VARIABLE_SCOPE_BEGIN|[107]|this|TriggerHandler|true|false
15:48:36.461 (1857528764)|VARIABLE_ASSIGNMENT|[107]|this|{}|0x5ed16cd0
15:48:36.461 (1857531503)|VARIABLE_SCOPE_BEGIN|[107]|handlerName|String|false|false
15:48:36.461 (1857541458)|VARIABLE_ASSIGNMENT|[107]|handlerName|"OrderHandler"
15:48:36.461 (1857544684)|STATEMENT_EXECUTE|[15]
15:48:36.461 (1857545620)|STATEMENT_EXECUTE|[50]
15:48:36.461 (1857546700)|STATEMENT_EXECUTE|[57]
15:48:36.461 (1857547840)|STATEMENT_EXECUTE|[671]
15:48:36.461 (1857566640)|STATEMENT_EXECUTE|[107]
15:48:36.461 (1857567487)|STATEMENT_EXECUTE|[108]
15:48:36.461 (1857572680)|STATEMENT_EXECUTE|[109]
15:48:36.461 (1857579051)|METHOD_ENTRY|[109]|01pg80000019iSf|TriggerHandler.setTriggerContext()
15:48:36.461 (1857583016)|VARIABLE_SCOPE_BEGIN|[565]|this|TriggerHandler|true|false
15:48:36.461 (1857592278)|VARIABLE_ASSIGNMENT|[565]|this|{"handlerName":"OrderHandler"}|0x5ed16cd0
15:48:36.461 (1857603845)|STATEMENT_EXECUTE|[565]
15:48:36.461 (1857604880)|STATEMENT_EXECUTE|[566]
15:48:36.461 (1857666385)|HEAP_ALLOCATE|[566]|Bytes:16
15:48:36.461 (1857676000)|METHOD_ENTRY|[566]|01pg80000019iSf|TriggerHandler.setTriggerContext(System.TriggerOperation, Boolean)
15:48:36.461 (1857679350)|VARIABLE_SCOPE_BEGIN|[582]|this|TriggerHandler|true|false
15:48:36.461 (1857687164)|VARIABLE_ASSIGNMENT|[582]|this|{"handlerName":"OrderHandler"}|0x5ed16cd0
15:48:36.461 (1857690235)|VARIABLE_SCOPE_BEGIN|[582]|opType|System.TriggerOperation|true|false
15:48:36.461 (1857708095)|VARIABLE_ASSIGNMENT|[582]|opType|"AFTER_UPDATE"|0x2996f02f
15:48:36.461 (1857715429)|VARIABLE_SCOPE_BEGIN|[582]|testMode|Boolean|false|false
15:48:36.461 (1857724743)|VARIABLE_ASSIGNMENT|[582]|testMode|false
15:48:36.461 (1857729343)|STATEMENT_EXECUTE|[582]
15:48:36.461 (1857737925)|STATEMENT_EXECUTE|[586]
15:48:36.461 (1857738767)|STATEMENT_EXECUTE|[587]
15:48:36.461 (1857741497)|HEAP_ALLOCATE|[587]|Bytes:5
15:48:36.461 (1857746489)|STATEMENT_EXECUTE|[590]
15:48:36.461 (1857747509)|STATEMENT_EXECUTE|[592]
15:48:36.461 (1857757675)|HEAP_ALLOCATE|[592]|Bytes:16
15:48:36.461 (1857762154)|STATEMENT_EXECUTE|[595]
15:48:36.461 (1857769554)|VARIABLE_SCOPE_BEGIN|[595]|context|String|false|false
15:48:36.461 (1857776048)|VARIABLE_ASSIGNMENT|[595]|context|"AFTER_UPDATE"
15:48:36.461 (1857778184)|STATEMENT_EXECUTE|[597]
15:48:36.461 (1857809582)|HEAP_ALLOCATE|[604]|Bytes:13
15:48:36.461 (1857840817)|HEAP_ALLOCATE|[607]|Bytes:12
15:48:36.461 (1857850602)|HEAP_ALLOCATE|[610]|Bytes:12
15:48:36.461 (1857858868)|STATEMENT_EXECUTE|[610]
15:48:36.461 (1857859795)|STATEMENT_EXECUTE|[611]
15:48:36.461 (1857868622)|METHOD_EXIT|[566]|01pg80000019iSf|TriggerHandler.setTriggerContext(System.TriggerOperation, Boolean)
15:48:36.461 (1857871472)|METHOD_EXIT|[109]|01pg80000019iSf|TriggerHandler.setTriggerContext()
15:48:36.461 (1857876128)|CONSTRUCTOR_EXIT|[9]|01pg80000019iSf|<init>(String)|TriggerHandler
15:48:36.461 (1857878904)|STATEMENT_EXECUTE|[8]
15:48:36.461 (1857879794)|STATEMENT_EXECUTE|[10]
15:48:36.461 (1858644539)|VARIABLE_ASSIGNMENT|[10]|this.newRecords|[{"Status":"Draft","LastModifiedDate":"2026-04-10T18:48:37.000Z","Country__c":"a03g800000853ezAAA","IsDeleted":false,"AccountId":"001g8000009VBusAAG","OrderNumber":"00100116","TotalAmount":380385.50,"StatusCode":"Draft","IsReductionOrder":false,"SystemModstamp":"2026-04-10T18:48:37.000Z","City__c":"a05g8000002Bg61AAC","OwnerId":"005g80000010N45AAE","CreatedById":"005g80000010N45AAE","DistributionCenter__c":"a06g8000001gb4DAAQ","CreatedDate":"2026-04-10T18:48:36.000Z","Pricebook2Id":"01sg8000000h7xWAAQ","Id":"801g8000009VBuuAAG","LastModifiedById":"005g80000010N45AAE","State__c":"a04g8000000b5OvAAI","EffectiveDate":"2026-04-10T00:00:00.000Z"}]|0x5ed16cd0
15:48:36.461 (1858658028)|STATEMENT_EXECUTE|[11]
15:48:36.461 (1859120654)|VARIABLE_ASSIGNMENT|[11]|this.oldRecords|[{"Status":"Draft","LastModifiedDate":"2026-04-10T18:48:36.000Z","Country__c":"a03g800000853ezAAA","IsDeleted":false,"AccountId":"001g8000009VBusAAG","OrderNumber":"00100116","TotalAmount":0.00,"StatusCode":"Draft","IsReductionOrder":false,"SystemModstamp":"2026-04-10T18:48:36.000Z","City__c":"a05g8000002Bg61AAC","OwnerId":"005g80000010N45AAE","CreatedById":"005g80000010N45AAE","DistributionCenter__c":"a06g8000001gb4DAAQ","CreatedDate":"2026-04-10T18:48:36.000Z","Pricebook2Id":"01sg8000000h7xWAAQ","Id":"801g8000009VBuuAAG","LastModifiedById":"005g80000010N45AAE","State__c":"a04g8000000b5OvAAI","EffectiveDate":"2026-04-10T00:00:00.000Z"}]|0x5ed16cd0
15:48:36.461 (1859129276)|STATEMENT_EXECUTE|[12]
15:48:36.461 (1859494019)|VARIABLE_ASSIGNMENT|[12]|this.newRecordsMap|{"801g8000009VBuuAAG":{"Status":"Draft","LastModifiedDate":"2026-04-10T18:48:37.000Z","Country__c":"a03g800000853ezAAA","IsDeleted":false,"AccountId":"001g8000009VBusAAG","OrderNumber":"00100116","TotalAmount":380385.50,"StatusCode":"Draft","IsReductionOrder":false,"SystemModstamp":"2026-04-10T18:48:37.000Z","City__c":"a05g8000002Bg61AAC","OwnerId":"005g80000010N45AAE","CreatedById":"005g80000010N45AAE","DistributionCenter__c":"a06g8000001gb4DAAQ","CreatedDate":"2026-04-10T18:48:36.000Z","Pricebook2Id":"01sg8000000h7xWAAQ","Id":"801g8000009VBuuAAG","LastModifiedById":"005g80000010N45AAE","State__c":"a04g8000000b5OvAAI","EffectiveDate":"2026-04-10T00:00:00.000Z"}}|0x5ed16cd0
15:48:36.461 (1859503257)|STATEMENT_EXECUTE|[13]
15:48:36.461 (1859839502)|VARIABLE_ASSIGNMENT|[13]|this.oldRecordsMap|{"801g8000009VBuuAAG":{"Status":"Draft","LastModifiedDate":"2026-04-10T18:48:36.000Z","Country__c":"a03g800000853ezAAA","IsDeleted":false,"AccountId":"001g8000009VBusAAG","OrderNumber":"00100116","TotalAmount":0.00,"StatusCode":"Draft","IsReductionOrder":false,"SystemModstamp":"2026-04-10T18:48:36.000Z","City__c":"a05g8000002Bg61AAC","OwnerId":"005g80000010N45AAE","CreatedById":"005g80000010N45AAE","DistributionCenter__c":"a06g8000001gb4DAAQ","CreatedDate":"2026-04-10T18:48:36.000Z","Pricebook2Id":"01sg8000000h7xWAAQ","Id":"801g8000009VBuuAAG","LastModifiedById":"005g80000010N45AAE","State__c":"a04g8000000b5OvAAI","EffectiveDate":"2026-04-10T00:00:00.000Z"}}|0x5ed16cd0
15:48:36.461 (1859852774)|CONSTRUCTOR_EXIT|[2]|01pg8000001LXzh|<init>()|OrderHandler
15:48:36.461 (1859862218)|METHOD_ENTRY|[2]|01pg80000019iSf|TriggerHandler.run()
15:48:36.461 (1859867447)|VARIABLE_SCOPE_BEGIN|[120]|this|TriggerHandler|true|false
15:48:36.461 (1859902434)|VARIABLE_ASSIGNMENT|[120]|this|{"newRecords":"0x19c06b1a","newRecordsMap":"0x4ca2331e","oldRecords":"0x546c722","oldRecordsMap":"0x38e74f9b","handlerName":"OrderHandler","isTriggerExecuting":true,"triggerEvent":"0x2996f02f"}|0x5ed16cd0
15:48:36.461 (1859930702)|STATEMENT_EXECUTE|[120]
15:48:36.461 (1859935503)|METHOD_ENTRY|[121]|01pg80000019iSf|TriggerHandler.validateRun()
15:48:36.461 (1859938753)|VARIABLE_SCOPE_BEGIN|[661]|this|TriggerHandler|true|false
15:48:36.461 (1859951085)|VARIABLE_ASSIGNMENT|[661]|this|{"newRecords":"0x19c06b1a","newRecordsMap":"0x4ca2331e","oldRecords":"0x546c722","oldRecordsMap":"0x38e74f9b","handlerName":"OrderHandler","isTriggerExecuting":true,"triggerEvent":"0x2996f02f"}|0x5ed16cd0
15:48:36.461 (1859956355)|STATEMENT_EXECUTE|[661]
15:48:36.461 (1859963036)|STATEMENT_EXECUTE|[662]
15:48:36.461 (1859964269)|STATEMENT_EXECUTE|[665]
15:48:36.461 (1859969717)|METHOD_ENTRY|[665]|01pg80000019iSf|TriggerHandler.getHandlerName()
15:48:36.461 (1859972880)|VARIABLE_SCOPE_BEGIN|[680]|this|TriggerHandler|true|false
15:48:36.461 (1859982056)|VARIABLE_ASSIGNMENT|[680]|this|{"newRecords":"0x19c06b1a","newRecordsMap":"0x4ca2331e","oldRecords":"0x546c722","oldRecordsMap":"0x38e74f9b","handlerName":"OrderHandler","isTriggerExecuting":true,"triggerEvent":"0x2996f02f"}|0x5ed16cd0
15:48:36.461 (1859986944)|STATEMENT_EXECUTE|[680]
15:48:36.461 (1860005989)|STATEMENT_EXECUTE|[681]
15:48:36.461 (1860007312)|STATEMENT_EXECUTE|[684]
15:48:36.461 (1860010138)|METHOD_EXIT|[665]|01pg80000019iSf|TriggerHandler.getHandlerName()
15:48:36.461 (1860027125)|METHOD_EXIT|[121]|01pg80000019iSf|TriggerHandler.validateRun()
15:48:36.461 (1860030333)|STATEMENT_EXECUTE|[121]
15:48:36.461 (1860033010)|METHOD_ENTRY|[126]|01pg80000019iSf|TriggerHandler.incrementCheckLoopCount()
15:48:36.461 (1860036167)|VARIABLE_SCOPE_BEGIN|[634]|this|TriggerHandler|true|false
15:48:36.461 (1860045935)|VARIABLE_ASSIGNMENT|[634]|this|{"newRecords":"0x19c06b1a","newRecordsMap":"0x4ca2331e","oldRecords":"0x546c722","oldRecordsMap":"0x38e74f9b","handlerName":"OrderHandler","isTriggerExecuting":true,"triggerEvent":"0x2996f02f"}|0x5ed16cd0
15:48:36.461 (1860051713)|STATEMENT_EXECUTE|[634]
15:48:36.461 (1860052654)|STATEMENT_EXECUTE|[635]
15:48:36.461 (1860054716)|METHOD_ENTRY|[635]|01pg80000019iSf|TriggerHandler.getHandlerName()
15:48:36.461 (1860056878)|VARIABLE_SCOPE_BEGIN|[680]|this|TriggerHandler|true|false
15:48:36.461 (1860065547)|VARIABLE_ASSIGNMENT|[680]|this|{"newRecords":"0x19c06b1a","newRecordsMap":"0x4ca2331e","oldRecords":"0x546c722","oldRecordsMap":"0x38e74f9b","handlerName":"OrderHandler","isTriggerExecuting":true,"triggerEvent":"0x2996f02f"}|0x5ed16cd0
15:48:36.461 (1860069524)|STATEMENT_EXECUTE|[680]
15:48:36.461 (1860075675)|STATEMENT_EXECUTE|[681]
15:48:36.461 (1860076633)|STATEMENT_EXECUTE|[684]
15:48:36.461 (1860078113)|METHOD_EXIT|[635]|01pg80000019iSf|TriggerHandler.getHandlerName()
15:48:36.461 (1860081053)|VARIABLE_SCOPE_BEGIN|[635]|handlerName|String|false|false
15:48:36.461 (1860086537)|VARIABLE_ASSIGNMENT|[635]|handlerName|"OrderHandler"
15:48:36.461 (1860103088)|STATEMENT_EXECUTE|[636]
15:48:36.461 (1860104193)|STATEMENT_EXECUTE|[649]
15:48:36.461 (1860105825)|METHOD_EXIT|[126]|01pg80000019iSf|TriggerHandler.incrementCheckLoopCount()
15:48:36.461 (1860108562)|STATEMENT_EXECUTE|[126]
15:48:36.461 (1860110960)|STATEMENT_EXECUTE|[130]
15:48:36.461 (1860112010)|STATEMENT_EXECUTE|[135]
15:48:36.461 (1860215272)|STATEMENT_EXECUTE|[148]
15:48:36.461 (1860216337)|STATEMENT_EXECUTE|[149]
15:48:36.461 (1860232246)|METHOD_ENTRY|[149]|01pg8000001LXzh|OrderHandler.afterUpdate()
15:48:36.461 (1860244929)|VARIABLE_SCOPE_BEGIN|[20]|this|OrderHandler|true|false
15:48:36.461 (1860257575)|VARIABLE_ASSIGNMENT|[20]|this|{"newRecords":"0x19c06b1a","newRecordsMap":"0x4ca2331e","oldRecords":"0x546c722","oldRecordsMap":"0x38e74f9b","handlerName":"OrderHandler","isTriggerExecuting":true,"triggerEvent":"0x2996f02f"}|0x5ed16cd0
15:48:36.461 (1860264439)|STATEMENT_EXECUTE|[20]
15:48:36.461 (1860265359)|STATEMENT_EXECUTE|[21]
15:48:36.461 (1860271341)|METHOD_ENTRY|[21]|01pg8000001LXzh|OrderHandler.checkActiveOrder()
15:48:36.461 (1860276933)|VARIABLE_SCOPE_BEGIN|[30]|this|OrderHandler|true|false
15:48:36.461 (1860286620)|VARIABLE_ASSIGNMENT|[30]|this|{"newRecords":"0x19c06b1a","newRecordsMap":"0x4ca2331e","oldRecords":"0x546c722","oldRecordsMap":"0x38e74f9b","handlerName":"OrderHandler","isTriggerExecuting":true,"triggerEvent":"0x2996f02f"}|0x5ed16cd0
15:48:36.461 (1860292183)|STATEMENT_EXECUTE|[30]
15:48:36.461 (1860293434)|STATEMENT_EXECUTE|[31]
15:48:36.461 (1860296131)|VARIABLE_SCOPE_BEGIN|[31]|listaParaValidar|List<Order>|true|false
15:48:36.461 (1860301405)|VARIABLE_ASSIGNMENT|[31]|listaParaValidar|null|
15:48:36.461 (1860308555)|STATEMENT_EXECUTE|[35]
15:48:36.461 (1860309586)|STATEMENT_EXECUTE|[36]
15:48:36.461 (1860726764)|VARIABLE_ASSIGNMENT|[36]|listaParaValidar|[{"Status":"Draft","LastModifiedDate":"2026-04-10T18:48:37.000Z","Country__c":"a03g800000853ezAAA","IsDeleted":false,"AccountId":"001g8000009VBusAAG","OrderNumber":"00100116","TotalAmount":380385.50,"StatusCode":"Draft","IsReductionOrder":false,"SystemModstamp":"2026-04-10T18:48:37.000Z","City__c":"a05g8000002Bg61AAC","OwnerId":"005g80000010N45AAE","CreatedById":"005g80000010N45AAE","DistributionCenter__c":"a06g8000001gb4DAAQ","CreatedDate":"2026-04-10T18:48:36.000Z","Pricebook2Id":"01sg8000000h7xWAAQ","Id":"801g8000009VBuuAAG","LastModifiedById":"005g80000010N45AAE","State__c":"a04g8000000b5OvAAI","EffectiveDate":"2026-04-10T00:00:00.000Z"}]|0x19c06b1a
15:48:36.461 (1860762649)|HEAP_ALLOCATE|[40]|Bytes:5
15:48:36.461 (1860785019)|VARIABLE_SCOPE_BEGIN|[40]|pedido|Order|true|false
15:48:36.461 (1861118668)|VARIABLE_ASSIGNMENT|[40]|pedido|{"Status":"Draft","LastModifiedDate":"2026-04-10T18:48:37.000Z","Country__c":"a03g800000853ezAAA","IsDeleted":false,"AccountId":"001g8000009VBusAAG","OrderNumber":"00100116","TotalAmount":380385.50,"StatusCode":"Draft","IsReductionOrder":false,"SystemModstamp":"2026-04-10T18:48:37.000Z","City__c":"a05g8000002Bg61AAC","OwnerId":"005g80000010N45AAE","CreatedById":"005g80000010N45AAE","DistributionCenter__c":"a06g8000001gb4DAAQ","CreatedDate":"2026-04-10T18:48:36.000Z","Pricebook2Id":"01sg8000000h7xWAAQ","Id":"801g8000009VBuuAAG","LastModifiedById":"005g80000010N45AAE","State__c":"a04g8000000b5OvAAI","EffectiveDate":"2026-04-10T00:00:00.000Z"}|0x7f8296b7
15:48:36.461 (1861128248)|STATEMENT_EXECUTE|[40]
15:48:36.461 (1861129325)|STATEMENT_EXECUTE|[42]
15:48:36.461 (1861151826)|VARIABLE_SCOPE_BEGIN|[42]|pedidoAntigo|Order|true|false
15:48:36.461 (1861488615)|VARIABLE_ASSIGNMENT|[42]|pedidoAntigo|{"Status":"Draft","LastModifiedDate":"2026-04-10T18:48:36.000Z","Country__c":"a03g800000853ezAAA","IsDeleted":false,"AccountId":"001g8000009VBusAAG","OrderNumber":"00100116","TotalAmount":0.00,"StatusCode":"Draft","IsReductionOrder":false,"SystemModstamp":"2026-04-10T18:48:36.000Z","City__c":"a05g8000002Bg61AAC","OwnerId":"005g80000010N45AAE","CreatedById":"005g80000010N45AAE","DistributionCenter__c":"a06g8000001gb4DAAQ","CreatedDate":"2026-04-10T18:48:36.000Z","Pricebook2Id":"01sg8000000h7xWAAQ","Id":"801g8000009VBuuAAG","LastModifiedById":"005g80000010N45AAE","State__c":"a04g8000000b5OvAAI","EffectiveDate":"2026-04-10T00:00:00.000Z"}|0x4cce31b2
15:48:36.461 (1861496987)|STATEMENT_EXECUTE|[45]
15:48:36.461 (1861502102)|VARIABLE_SCOPE_BEGIN|[45]|validacaoStatus|String|false|false
15:48:36.461 (1861507110)|VARIABLE_ASSIGNMENT|[45]|validacaoStatus|"Draft"
15:48:36.461 (1861521300)|STATEMENT_EXECUTE|[47]
15:48:36.461 (1861527993)|HEAP_ALLOCATE|[40]|Bytes:5
15:48:36.461 (1861535042)|VARIABLE_ASSIGNMENT|[40]|pedido|null|
15:48:36.461 (1861540697)|METHOD_EXIT|[21]|01pg8000001LXzh|OrderHandler.checkActiveOrder()
15:48:36.461 (1861543578)|STATEMENT_EXECUTE|[22]
15:48:36.461 (1861549830)|METHOD_ENTRY|[22]|01pg8000001LXzh|OrderHandler.itemsRecalculation()
15:48:36.461 (1861568442)|VARIABLE_SCOPE_BEGIN|[54]|this|OrderHandler|true|false
15:48:36.461 (1861589544)|VARIABLE_ASSIGNMENT|[54]|this|{"newRecords":"0x19c06b1a","newRecordsMap":"0x4ca2331e","oldRecords":"0x546c722","oldRecordsMap":"0x38e74f9b","handlerName":"OrderHandler","isTriggerExecuting":true,"triggerEvent":"0x2996f02f"}|0x5ed16cd0
15:48:36.461 (1861597649)|STATEMENT_EXECUTE|[54]
15:48:36.461 (1861598678)|STATEMENT_EXECUTE|[55]
15:48:36.461 (1861610890)|HEAP_ALLOCATE|[55]|Bytes:4
15:48:36.461 (1861631200)|VARIABLE_SCOPE_BEGIN|[55]|ordersToRecalculate|Set<Id>|true|false
15:48:36.461 (1861659385)|VARIABLE_ASSIGNMENT|[55]|ordersToRecalculate|[]|0x47e2da90
15:48:36.461 (1861684095)|HEAP_ALLOCATE|[57]|Bytes:5
15:48:36.461 (1861693162)|VARIABLE_SCOPE_BEGIN|[57]|pedido|Order|true|false
15:48:36.461 (1862042534)|VARIABLE_ASSIGNMENT|[57]|pedido|{"Status":"Draft","LastModifiedDate":"2026-04-10T18:48:37.000Z","Country__c":"a03g800000853ezAAA","IsDeleted":false,"AccountId":"001g8000009VBusAAG","OrderNumber":"00100116","TotalAmount":380385.50,"StatusCode":"Draft","IsReductionOrder":false,"SystemModstamp":"2026-04-10T18:48:37.000Z","City__c":"a05g8000002Bg61AAC","OwnerId":"005g80000010N45AAE","CreatedById":"005g80000010N45AAE","DistributionCenter__c":"a06g8000001gb4DAAQ","CreatedDate":"2026-04-10T18:48:36.000Z","Pricebook2Id":"01sg8000000h7xWAAQ","Id":"801g8000009VBuuAAG","LastModifiedById":"005g80000010N45AAE","State__c":"a04g8000000b5OvAAI","EffectiveDate":"2026-04-10T00:00:00.000Z"}|0x7f8296b7
15:48:36.461 (1862050939)|STATEMENT_EXECUTE|[57]
15:48:36.461 (1862051746)|STATEMENT_EXECUTE|[58]
15:48:36.461 (1862076175)|VARIABLE_SCOPE_BEGIN|[58]|pedidoAntigo|Order|true|false
15:48:36.461 (1862428698)|VARIABLE_ASSIGNMENT|[58]|pedidoAntigo|{"Status":"Draft","LastModifiedDate":"2026-04-10T18:48:36.000Z","Country__c":"a03g800000853ezAAA","IsDeleted":false,"AccountId":"001g8000009VBusAAG","OrderNumber":"00100116","TotalAmount":0.00,"StatusCode":"Draft","IsReductionOrder":false,"SystemModstamp":"2026-04-10T18:48:36.000Z","City__c":"a05g8000002Bg61AAC","OwnerId":"005g80000010N45AAE","CreatedById":"005g80000010N45AAE","DistributionCenter__c":"a06g8000001gb4DAAQ","CreatedDate":"2026-04-10T18:48:36.000Z","Pricebook2Id":"01sg8000000h7xWAAQ","Id":"801g8000009VBuuAAG","LastModifiedById":"005g80000010N45AAE","State__c":"a04g8000000b5OvAAI","EffectiveDate":"2026-04-10T00:00:00.000Z"}|0x4cce31b2
15:48:36.461 (1862549406)|STATEMENT_EXECUTE|[60]
15:48:36.461 (1862557979)|HEAP_ALLOCATE|[57]|Bytes:5
15:48:36.461 (1862566605)|VARIABLE_ASSIGNMENT|[57]|pedido|null|
15:48:36.461 (1862581841)|STATEMENT_EXECUTE|[67]
15:48:36.461 (1862584817)|METHOD_EXIT|[22]|01pg8000001LXzh|OrderHandler.itemsRecalculation()
15:48:36.461 (1862589025)|METHOD_EXIT|[149]|01pg8000001LXzh|OrderHandler.afterUpdate()
15:48:36.461 (1862592013)|STATEMENT_EXECUTE|[158]
15:48:36.461 (1862596273)|METHOD_ENTRY|[158]|01pg80000019iSf|TriggerHandler.andFinally()
15:48:36.461 (1862599685)|VARIABLE_SCOPE_BEGIN|[746]|this|TriggerHandler|true|false
15:48:36.461 (1862622794)|VARIABLE_ASSIGNMENT|[746]|this|{"newRecords":"0x19c06b1a","newRecordsMap":"0x4ca2331e","oldRecords":"0x546c722","oldRecordsMap":"0x38e74f9b","handlerName":"OrderHandler","isTriggerExecuting":true,"triggerEvent":"0x2996f02f"}|0x5ed16cd0
15:48:36.461 (1862629993)|STATEMENT_EXECUTE|[746]
15:48:36.461 (1862631677)|METHOD_EXIT|[158]|01pg80000019iSf|TriggerHandler.andFinally()
15:48:36.461 (1862635381)|STATEMENT_EXECUTE|[160]
15:48:36.461 (1862637371)|STATEMENT_EXECUTE|[176]
15:48:36.461 (1862639695)|METHOD_EXIT|[2]|01pg80000019iSf|TriggerHandler.run()
15:48:36.862 (1862646691)|CUMULATIVE_LIMIT_USAGE
15:48:36.862 (1862646691)|LIMIT_USAGE_FOR_NS|(default)|
  Number of SOQL queries: 11 out of 100
  Number of query rows: 10 out of 50000
  Number of SOSL queries: 0 out of 20
  Number of DML statements: 14 out of 150
  Number of Publish Immediate DML: 0 out of 150
  Number of DML rows: 14 out of 10000
  Maximum CPU time: 118 out of 10000
  Maximum heap size: 0 out of 6000000
  Number of callouts: 0 out of 100
  Number of Email Invocations: 0 out of 10
  Number of future calls: 0 out of 50
  Number of queueable jobs added to the queue: 0 out of 50
  Number of Mobile Apex push calls: 0 out of 10

15:48:36.862 (1862646691)|CUMULATIVE_LIMIT_USAGE_END

15:48:36.461 (1862808784)|CODE_UNIT_FINISHED|OrderTrigger on Order trigger event AfterUpdate|__sfdc_trigger/OrderTrigger
15:48:36.461 (1867208554)|DML_END|[230]
15:48:36.461 (1867963494)|STATEMENT_EXECUTE|[232]
15:48:36.461 (1867998975)|HEAP_ALLOCATE|[232]|Bytes:118
15:48:36.461 (1868031924)|SYSTEM_METHOD_ENTRY|[1]|Test.Test()
15:48:36.461 (1868037119)|STATEMENT_EXECUTE|[1]
15:48:36.461 (1868064572)|SYSTEM_METHOD_EXIT|[1]|Test
15:48:36.461 (1868075013)|METHOD_ENTRY|[232]||System.Test.startTest()
15:48:36.461 (1870829127)|METHOD_EXIT|[232]||System.Test.startTest()
15:48:36.461 (1870842454)|STATEMENT_EXECUTE|[233]
15:48:36.461 (1870891747)|HEAP_ALLOCATE|[233]|Bytes:8
15:48:36.461 (1870912324)|HEAP_ALLOCATE|[233]|Bytes:8
15:48:36.461 (1870927887)|DML_BEGIN|[233]|Op:Delete|Type:OrderItem|Rows:1
15:48:36.461 (1870960679)|HEAP_ALLOCATE|[EXTERNAL]|Bytes:8
15:48:36.461 (1880831131)|CODE_UNIT_STARTED|[EXTERNAL]|01qg8000000Fou9|OrdemItemTrigger on OrderItem trigger event BeforeDelete|__sfdc_trigger/OrdemItemTrigger
15:48:36.461 (1880891307)|HEAP_ALLOCATE|[EXTERNAL]|Bytes:8
15:48:36.461 (1881014764)|HEAP_ALLOCATE|[EXTERNAL]|Bytes:4
15:48:36.461 (1881024048)|VARIABLE_SCOPE_BEGIN|[1]|this|OrdemItemTrigger|true|false
15:48:36.461 (1881054683)|VARIABLE_ASSIGNMENT|[1]|this|{}|0x4ccd7be
15:48:36.461 (1881082060)|HEAP_ALLOCATE|[EXTERNAL]|Bytes:4
15:48:36.461 (1881086703)|VARIABLE_SCOPE_BEGIN|[1]|this|OrdemItemTrigger|true|false
15:48:36.461 (1881092295)|VARIABLE_ASSIGNMENT|[1]|this|{}|0x4ccd7be
15:48:36.461 (1881098037)|STATEMENT_EXECUTE|[1]
15:48:36.461 (1881099185)|STATEMENT_EXECUTE|[2]
15:48:36.461 (1881103618)|HEAP_ALLOCATE|[2]|Bytes:32
15:48:36.461 (1881114385)|CONSTRUCTOR_ENTRY|[2]|01pg8000001EZwd|<init>()|OrdemItemHandler
15:48:36.461 (1881122636)|VARIABLE_SCOPE_BEGIN|[9]|this|OrdemItemHandler|true|false
15:48:36.461 (1881142560)|VARIABLE_ASSIGNMENT|[9]|this|{}|0x636b00f1
15:48:36.461 (1881147523)|STATEMENT_EXECUTE|[1]
15:48:36.461 (1881148472)|STATEMENT_EXECUTE|[3]
15:48:36.461 (1881149644)|STATEMENT_EXECUTE|[4]
15:48:36.461 (1881150808)|STATEMENT_EXECUTE|[5]
15:48:36.461 (1881151963)|STATEMENT_EXECUTE|[6]
15:48:36.461 (1881152803)|STATEMENT_EXECUTE|[10]
15:48:36.461 (1881163516)|CONSTRUCTOR_ENTRY|[10]|01pg80000019iSf|<init>(String)|TriggerHandler
15:48:36.461 (1881167696)|VARIABLE_SCOPE_BEGIN|[107]|this|TriggerHandler|true|false
15:48:36.461 (1881174496)|VARIABLE_ASSIGNMENT|[107]|this|{}|0x636b00f1
15:48:36.461 (1881177366)|VARIABLE_SCOPE_BEGIN|[107]|handlerName|String|false|false
15:48:36.461 (1881186472)|VARIABLE_ASSIGNMENT|[107]|handlerName|"OrderItemHandler"
15:48:36.461 (1881189660)|STATEMENT_EXECUTE|[15]
15:48:36.461 (1881190647)|STATEMENT_EXECUTE|[50]
15:48:36.461 (1881191711)|STATEMENT_EXECUTE|[57]
15:48:36.461 (1881192708)|STATEMENT_EXECUTE|[671]
15:48:36.461 (1881209285)|STATEMENT_EXECUTE|[107]
15:48:36.461 (1881210143)|STATEMENT_EXECUTE|[108]
15:48:36.461 (1881213979)|STATEMENT_EXECUTE|[109]
15:48:36.461 (1881220058)|METHOD_ENTRY|[109]|01pg80000019iSf|TriggerHandler.setTriggerContext()
15:48:36.461 (1881223635)|VARIABLE_SCOPE_BEGIN|[565]|this|TriggerHandler|true|false
15:48:36.461 (1881232948)|VARIABLE_ASSIGNMENT|[565]|this|{"handlerName":"OrderItemHandler"}|0x636b00f1
15:48:36.461 (1881242391)|STATEMENT_EXECUTE|[565]
15:48:36.461 (1881243387)|STATEMENT_EXECUTE|[566]
15:48:36.461 (1881302477)|HEAP_ALLOCATE|[566]|Bytes:16
15:48:36.461 (1881326920)|METHOD_ENTRY|[566]|01pg80000019iSf|TriggerHandler.setTriggerContext(System.TriggerOperation, Boolean)
15:48:36.461 (1881330339)|VARIABLE_SCOPE_BEGIN|[582]|this|TriggerHandler|true|false
15:48:36.461 (1881340154)|VARIABLE_ASSIGNMENT|[582]|this|{"handlerName":"OrderItemHandler"}|0x636b00f1
15:48:36.461 (1881343382)|VARIABLE_SCOPE_BEGIN|[582]|opType|System.TriggerOperation|true|false
15:48:36.461 (1881360003)|VARIABLE_ASSIGNMENT|[582]|opType|"BEFORE_DELETE"|0x50c30033
15:48:36.461 (1881367641)|VARIABLE_SCOPE_BEGIN|[582]|testMode|Boolean|false|false
15:48:36.461 (1881375825)|VARIABLE_ASSIGNMENT|[582]|testMode|false
15:48:36.461 (1881380456)|STATEMENT_EXECUTE|[582]
15:48:36.461 (1881387986)|STATEMENT_EXECUTE|[586]
15:48:36.461 (1881388848)|STATEMENT_EXECUTE|[587]
15:48:36.461 (1881391632)|HEAP_ALLOCATE|[587]|Bytes:5
15:48:36.461 (1881396573)|STATEMENT_EXECUTE|[590]
15:48:36.461 (1881397381)|STATEMENT_EXECUTE|[592]
15:48:36.461 (1881409016)|HEAP_ALLOCATE|[592]|Bytes:16
15:48:36.461 (1881413638)|STATEMENT_EXECUTE|[595]
15:48:36.461 (1881421726)|VARIABLE_SCOPE_BEGIN|[595]|context|String|false|false
15:48:36.461 (1881427535)|VARIABLE_ASSIGNMENT|[595]|context|"BEFORE_DELETE"
15:48:36.461 (1881429518)|STATEMENT_EXECUTE|[597]
15:48:36.461 (1881461603)|STATEMENT_EXECUTE|[604]
15:48:36.461 (1881462471)|STATEMENT_EXECUTE|[605]
15:48:36.461 (1881471993)|METHOD_EXIT|[566]|01pg80000019iSf|TriggerHandler.setTriggerContext(System.TriggerOperation, Boolean)
15:48:36.461 (1881474773)|METHOD_EXIT|[109]|01pg80000019iSf|TriggerHandler.setTriggerContext()
15:48:36.461 (1881479307)|CONSTRUCTOR_EXIT|[10]|01pg80000019iSf|<init>(String)|TriggerHandler
15:48:36.461 (1881482796)|STATEMENT_EXECUTE|[9]
15:48:36.461 (1881483958)|STATEMENT_EXECUTE|[11]
15:48:36.461 (1881495434)|VARIABLE_ASSIGNMENT|[11]|this.newRecords|null|0x636b00f1
15:48:36.461 (1881498111)|STATEMENT_EXECUTE|[12]
15:48:36.461 (1882589695)|VARIABLE_ASSIGNMENT|[12]|this.oldRecords|[{"LastModifiedDate":"2026-04-10T18:48:37.000Z","DiscountPercentage__c":0.999737108801465881323026245742806,"DiscountValue__c":380285.50,"FinalPrice__c":380385.50,"ListPrice":1000.00,"AvailableQuantity":1.00,"PriceWithoutMargin__c":330770.00,"FreightValue__c":700.00,"CreatedById":"005g80000010N45AAE","MarginPercentage__c":15.00,"Product_Code_Display__c":"TRT 7","IsDeleted":false,"Quantity":1.00,"TaxPercentage__c":10.00,"OrderId":"801g8000009VBuuAAG","OrderItemNumber":"0000100113","SystemModstamp":"2026-04-10T18:48:37.000Z","UnitPrice":380385.50,"Product2Id":"01tg8000001RQp3AAG","ProductionCost__c":300000.00,"PricebookEntryId":"01ug8000000gTdVAAU","TotalPrice":380385.50,"CreatedDate":"2026-04-10T18:48:37.000Z","Id":"802g8000002mJglAAE","LastModifiedById":"005g80000010N45AAE"}]|0x636b00f1
15:48:36.461 (1882610841)|STATEMENT_EXECUTE|[13]
15:48:36.461 (1882628777)|VARIABLE_ASSIGNMENT|[13]|this.newRecordsMap|null|0x636b00f1
15:48:36.461 (1882631787)|STATEMENT_EXECUTE|[14]
15:48:36.461 (1883024272)|VARIABLE_ASSIGNMENT|[14]|this.oldRecordsMap|{"802g8000002mJglAAE":{"LastModifiedDate":"2026-04-10T18:48:37.000Z","DiscountPercentage__c":0.999737108801465881323026245742806,"DiscountValue__c":380285.50,"FinalPrice__c":380385.50,"ListPrice":1000.00,"AvailableQuantity":1.00,"PriceWithoutMargin__c":330770.00,"FreightValue__c":700.00,"CreatedById":"005g80000010N45AAE","MarginPercentage__c":15.00,"Product_Code_Display__c":"TRT 7","IsDeleted":false,"Quantity":1.00,"TaxPercentage__c":10.00,"OrderId":"801g8000009VBuuAAG","OrderItemNumber":"0000100113","SystemModstamp":"2026-04-10T18:48:37.000Z","UnitPrice":380385.50,"Product2Id":"01tg8000001RQp3AAG","ProductionCost__c":300000.00,"PricebookEntryId":"01ug8000000gTdVAAU","TotalPrice":380385.50,"CreatedDate":"2026-04-10T18:48:37.000Z","Id":"802g8000002mJglAAE","LastModifiedById":"005g80000010N45AAE"}}|0x636b00f1
15:48:36.461 (1883038553)|CONSTRUCTOR_EXIT|[2]|01pg8000001EZwd|<init>()|OrdemItemHandler
15:48:36.461 (1883047474)|METHOD_ENTRY|[2]|01pg80000019iSf|TriggerHandler.run()
15:48:36.461 (1883053005)|VARIABLE_SCOPE_BEGIN|[120]|this|TriggerHandler|true|false
15:48:36.461 (1883086805)|VARIABLE_ASSIGNMENT|[120]|this|{"oldRecords":"0x223924e0","oldRecordsMap":"0x402a663e","handlerName":"OrderItemHandler","isTriggerExecuting":true,"triggerEvent":"0x50c30033"}|0x636b00f1
15:48:36.461 (1883095376)|STATEMENT_EXECUTE|[120]
15:48:36.461 (1883099570)|METHOD_ENTRY|[121]|01pg80000019iSf|TriggerHandler.validateRun()
15:48:36.461 (1883102930)|VARIABLE_SCOPE_BEGIN|[661]|this|TriggerHandler|true|false
15:48:36.461 (1883112728)|VARIABLE_ASSIGNMENT|[661]|this|{"oldRecords":"0x223924e0","oldRecordsMap":"0x402a663e","handlerName":"OrderItemHandler","isTriggerExecuting":true,"triggerEvent":"0x50c30033"}|0x636b00f1
15:48:36.461 (1883117266)|STATEMENT_EXECUTE|[661]
15:48:36.461 (1883123781)|STATEMENT_EXECUTE|[662]
15:48:36.461 (1883124895)|STATEMENT_EXECUTE|[665]
15:48:36.461 (1883130437)|METHOD_ENTRY|[665]|01pg80000019iSf|TriggerHandler.getHandlerName()
15:48:36.461 (1883133439)|VARIABLE_SCOPE_BEGIN|[680]|this|TriggerHandler|true|false
15:48:36.461 (1883142403)|VARIABLE_ASSIGNMENT|[680]|this|{"oldRecords":"0x223924e0","oldRecordsMap":"0x402a663e","handlerName":"OrderItemHandler","isTriggerExecuting":true,"triggerEvent":"0x50c30033"}|0x636b00f1
15:48:36.461 (1883147102)|STATEMENT_EXECUTE|[680]
15:48:36.461 (1883166609)|STATEMENT_EXECUTE|[681]
15:48:36.461 (1883167657)|STATEMENT_EXECUTE|[684]
15:48:36.461 (1883170001)|METHOD_EXIT|[665]|01pg80000019iSf|TriggerHandler.getHandlerName()
15:48:36.461 (1883187344)|METHOD_EXIT|[121]|01pg80000019iSf|TriggerHandler.validateRun()
15:48:36.461 (1883190136)|STATEMENT_EXECUTE|[121]
15:48:36.461 (1883192829)|METHOD_ENTRY|[126]|01pg80000019iSf|TriggerHandler.incrementCheckLoopCount()
15:48:36.461 (1883196042)|VARIABLE_SCOPE_BEGIN|[634]|this|TriggerHandler|true|false
15:48:36.461 (1883205278)|VARIABLE_ASSIGNMENT|[634]|this|{"oldRecords":"0x223924e0","oldRecordsMap":"0x402a663e","handlerName":"OrderItemHandler","isTriggerExecuting":true,"triggerEvent":"0x50c30033"}|0x636b00f1
15:48:36.461 (1883210659)|STATEMENT_EXECUTE|[634]
15:48:36.461 (1883211609)|STATEMENT_EXECUTE|[635]
15:48:36.461 (1883213794)|METHOD_ENTRY|[635]|01pg80000019iSf|TriggerHandler.getHandlerName()
15:48:36.461 (1883215883)|VARIABLE_SCOPE_BEGIN|[680]|this|TriggerHandler|true|false
15:48:36.461 (1883224106)|VARIABLE_ASSIGNMENT|[680]|this|{"oldRecords":"0x223924e0","oldRecordsMap":"0x402a663e","handlerName":"OrderItemHandler","isTriggerExecuting":true,"triggerEvent":"0x50c30033"}|0x636b00f1
15:48:36.461 (1883227647)|STATEMENT_EXECUTE|[680]
15:48:36.461 (1883233899)|STATEMENT_EXECUTE|[681]
15:48:36.461 (1883234779)|STATEMENT_EXECUTE|[684]
15:48:36.461 (1883236206)|METHOD_EXIT|[635]|01pg80000019iSf|TriggerHandler.getHandlerName()
15:48:36.461 (1883239155)|VARIABLE_SCOPE_BEGIN|[635]|handlerName|String|false|false
15:48:36.461 (1883244349)|VARIABLE_ASSIGNMENT|[635]|handlerName|"OrderItemHandler"
15:48:36.461 (1883255031)|STATEMENT_EXECUTE|[636]
15:48:36.461 (1883256167)|STATEMENT_EXECUTE|[649]
15:48:36.461 (1883257794)|METHOD_EXIT|[126]|01pg80000019iSf|TriggerHandler.incrementCheckLoopCount()
15:48:36.461 (1883260425)|STATEMENT_EXECUTE|[126]
15:48:36.461 (1883262932)|STATEMENT_EXECUTE|[130]
15:48:36.461 (1883263906)|STATEMENT_EXECUTE|[135]
15:48:36.461 (1883312983)|STATEMENT_EXECUTE|[142]
15:48:36.461 (1883314054)|STATEMENT_EXECUTE|[143]
15:48:36.461 (1883328499)|METHOD_ENTRY|[143]|01pg8000001EZwd|OrdemItemHandler.beforeDelete()
15:48:36.461 (1883354089)|VARIABLE_SCOPE_BEGIN|[30]|this|OrdemItemHandler|true|false
15:48:36.461 (1883365417)|VARIABLE_ASSIGNMENT|[30]|this|{"oldRecords":"0x223924e0","oldRecordsMap":"0x402a663e","handlerName":"OrderItemHandler","isTriggerExecuting":true,"triggerEvent":"0x50c30033"}|0x636b00f1
15:48:36.461 (1883372362)|STATEMENT_EXECUTE|[30]
15:48:36.461 (1883373492)|STATEMENT_EXECUTE|[31]
15:48:36.461 (1883378194)|METHOD_ENTRY|[31]|01pg8000001EZwd|OrdemItemHandler.checkActiveOrderItem()
15:48:36.461 (1883384655)|VARIABLE_SCOPE_BEGIN|[176]|this|OrdemItemHandler|true|false
15:48:36.461 (1883393659)|VARIABLE_ASSIGNMENT|[176]|this|{"oldRecords":"0x223924e0","oldRecordsMap":"0x402a663e","handlerName":"OrderItemHandler","isTriggerExecuting":true,"triggerEvent":"0x50c30033"}|0x636b00f1
15:48:36.461 (1883398409)|STATEMENT_EXECUTE|[176]
15:48:36.461 (1883399660)|STATEMENT_EXECUTE|[177]
15:48:36.461 (1883402534)|VARIABLE_SCOPE_BEGIN|[177]|listaParaValidar|List<OrderItem>|true|false
15:48:36.461 (1883407242)|VARIABLE_ASSIGNMENT|[177]|listaParaValidar|null|
15:48:36.461 (1883409409)|STATEMENT_EXECUTE|[178]
15:48:36.461 (1883419910)|HEAP_ALLOCATE|[178]|Bytes:4
15:48:36.461 (1883431464)|VARIABLE_SCOPE_BEGIN|[178]|idOrders|Set<Id>|true|false
15:48:36.461 (1883460892)|VARIABLE_ASSIGNMENT|[178]|idOrders|[]|0x69a2970c
15:48:36.461 (1883463702)|STATEMENT_EXECUTE|[179]
15:48:36.461 (1883471828)|HEAP_ALLOCATE|[179]|Bytes:4
15:48:36.461 (1883476342)|VARIABLE_SCOPE_BEGIN|[179]|idMapOrders|Map<Id,Order>|true|false
15:48:36.461 (1883483803)|VARIABLE_ASSIGNMENT|[179]|idMapOrders|{}|0x2d7a0fc
15:48:36.461 (1883491243)|STATEMENT_EXECUTE|[181]
15:48:36.461 (1883492446)|STATEMENT_EXECUTE|[182]
15:48:36.461 (1883881557)|VARIABLE_ASSIGNMENT|[182]|listaParaValidar|[{"LastModifiedDate":"2026-04-10T18:48:37.000Z","DiscountPercentage__c":0.999737108801465881323026245742806,"DiscountValue__c":380285.50,"FinalPrice__c":380385.50,"ListPrice":1000.00,"AvailableQuantity":1.00,"PriceWithoutMargin__c":330770.00,"FreightValue__c":700.00,"CreatedById":"005g80000010N45AAE","MarginPercentage__c":15.00,"Product_Code_Display__c":"TRT 7","IsDeleted":false,"Quantity":1.00,"TaxPercentage__c":10.00,"OrderId":"801g8000009VBuuAAG","OrderItemNumber":"0000100113","SystemModstamp":"2026-04-10T18:48:37.000Z","UnitPrice":380385.50,"Product2Id":"01tg8000001RQp3AAG","ProductionCost__c":300000.00,"PricebookEntryId":"01ug8000000gTdVAAU","TotalPrice":380385.50,"CreatedDate":"2026-04-10T18:48:37.000Z","Id":"802g8000002mJglAAE","LastModifiedById":"005g80000010N45AAE"}]|0x223924e0
15:48:36.461 (1883916117)|HEAP_ALLOCATE|[187]|Bytes:5
15:48:36.461 (1883936599)|VARIABLE_SCOPE_BEGIN|[187]|ot|OrderItem|true|false
15:48:36.461 (1884266197)|VARIABLE_ASSIGNMENT|[187]|ot|{"LastModifiedDate":"2026-04-10T18:48:37.000Z","DiscountPercentage__c":0.999737108801465881323026245742806,"DiscountValue__c":380285.50,"FinalPrice__c":380385.50,"ListPrice":1000.00,"AvailableQuantity":1.00,"PriceWithoutMargin__c":330770.00,"FreightValue__c":700.00,"CreatedById":"005g80000010N45AAE","MarginPercentage__c":15.00,"Product_Code_Display__c":"TRT 7","IsDeleted":false,"Quantity":1.00,"TaxPercentage__c":10.00,"OrderId":"801g8000009VBuuAAG","OrderItemNumber":"0000100113","SystemModstamp":"2026-04-10T18:48:37.000Z","UnitPrice":380385.50,"Product2Id":"01tg8000001RQp3AAG","ProductionCost__c":300000.00,"PricebookEntryId":"01ug8000000gTdVAAU","TotalPrice":380385.50,"CreatedDate":"2026-04-10T18:48:37.000Z","Id":"802g8000002mJglAAE","LastModifiedById":"005g80000010N45AAE"}|0x115f2d0e
15:48:36.461 (1884278747)|STATEMENT_EXECUTE|[187]
15:48:36.461 (1884280221)|STATEMENT_EXECUTE|[188]
15:48:36.461 (1884301858)|HEAP_ALLOCATE|[EXTERNAL]|Bytes:4
15:48:36.461 (1884313275)|HEAP_ALLOCATE|[187]|Bytes:5
15:48:36.461 (1884320112)|VARIABLE_ASSIGNMENT|[187]|ot|null|
15:48:36.461 (1884323790)|STATEMENT_EXECUTE|[191]
15:48:36.461 (1884329002)|METHOD_ENTRY|[191]|01pg8000001w1Md|OrderSelector.getOrdersByIds(Set<Id>)
15:48:36.461 (1884333308)|VARIABLE_SCOPE_BEGIN|[2]|ids|Set<Id>|true|false
15:48:36.461 (1884341626)|VARIABLE_ASSIGNMENT|[2]|ids|["801g8000009VBuuAAG"]|0x69a2970c
15:48:36.461 (1884347067)|STATEMENT_EXECUTE|[2]
15:48:36.461 (1884348063)|STATEMENT_EXECUTE|[3]
15:48:36.461 (1884354128)|HEAP_ALLOCATE|[3]|Bytes:4
15:48:36.461 (1884361485)|HEAP_ALLOCATE|[3]|Bytes:4
15:48:36.461 (1884859924)|SOQL_EXECUTE_BEGIN|[3]|Aggregations:0|SELECT Id, DistributionCenter__c, State__c, City__c, Country__c, AccountId, Status FROM Order WHERE Id = :tmpVar1
15:48:36.461 (1888819455)|SOQL_EXECUTE_END|[3]|Rows:1
15:48:36.461 (1888848426)|HEAP_ALLOCATE|[3]|Bytes:8
15:48:36.461 (1888865981)|HEAP_ALLOCATE|[3]|Bytes:209
15:48:36.461 (1888901891)|HEAP_ALLOCATE|[3]|Bytes:8
15:48:36.461 (1888923660)|HEAP_ALLOCATE|[3]|Bytes:32
15:48:36.461 (1888940390)|HEAP_ALLOCATE|[3]|Bytes:4
15:48:36.461 (1888950261)|METHOD_EXIT|[191]|01pg8000001w1Md|OrderSelector.getOrdersByIds(Set<Id>)
15:48:36.461 (1889056305)|VARIABLE_ASSIGNMENT|[191]|idMapOrders|{"801g8000009VBuuAAG":{"Status":"Draft","City__c":"a05g8000002Bg61AAC","Country__c":"a03g800000853ezAAA","AccountId":"001g8000009VBusAAG","DistributionCenter__c":"a06g8000001gb4DAAQ","Id":"801g8000009VBuuAAG","State__c":"a04g8000000b5OvAAI"}}|0x4668b32b
15:48:36.461 (1889091008)|HEAP_ALLOCATE|[193]|Bytes:5
15:48:36.461 (1889114494)|VARIABLE_SCOPE_BEGIN|[193]|ot|OrderItem|true|false
15:48:36.461 (1889608761)|VARIABLE_ASSIGNMENT|[193]|ot|{"LastModifiedDate":"2026-04-10T18:48:37.000Z","DiscountPercentage__c":0.999737108801465881323026245742806,"DiscountValue__c":380285.50,"FinalPrice__c":380385.50,"ListPrice":1000.00,"AvailableQuantity":1.00,"PriceWithoutMargin__c":330770.00,"FreightValue__c":700.00,"CreatedById":"005g80000010N45AAE","MarginPercentage__c":15.00,"Product_Code_Display__c":"TRT 7","IsDeleted":false,"Quantity":1.00,"TaxPercentage__c":10.00,"OrderId":"801g8000009VBuuAAG","OrderItemNumber":"0000100113","SystemModstamp":"2026-04-10T18:48:37.000Z","UnitPrice":380385.50,"Product2Id":"01tg8000001RQp3AAG","ProductionCost__c":300000.00,"PricebookEntryId":"01ug8000000gTdVAAU","TotalPrice":380385.50,"CreatedDate":"2026-04-10T18:48:37.000Z","Id":"802g8000002mJglAAE","LastModifiedById":"005g80000010N45AAE"}|0x115f2d0e
15:48:36.461 (1889622667)|STATEMENT_EXECUTE|[193]
15:48:36.461 (1889624202)|STATEMENT_EXECUTE|[194]
15:48:36.461 (1889647082)|VARIABLE_SCOPE_BEGIN|[194]|pedido|Order|true|false
15:48:36.461 (1889686747)|VARIABLE_ASSIGNMENT|[194]|pedido|{"Status":"Draft","City__c":"a05g8000002Bg61AAC","Country__c":"a03g800000853ezAAA","AccountId":"001g8000009VBusAAG","DistributionCenter__c":"a06g8000001gb4DAAQ","Id":"801g8000009VBuuAAG","State__c":"a04g8000000b5OvAAI"}|0x1fdc516b
15:48:36.461 (1889708937)|STATEMENT_EXECUTE|[195]
15:48:36.461 (1889717342)|HEAP_ALLOCATE|[193]|Bytes:5
15:48:36.461 (1889725615)|VARIABLE_ASSIGNMENT|[193]|ot|null|
15:48:36.461 (1889732365)|METHOD_EXIT|[31]|01pg8000001EZwd|OrdemItemHandler.checkActiveOrderItem()
15:48:36.461 (1889737696)|METHOD_EXIT|[143]|01pg8000001EZwd|OrdemItemHandler.beforeDelete()
15:48:36.461 (1889741134)|STATEMENT_EXECUTE|[158]
15:48:36.461 (1889746454)|METHOD_ENTRY|[158]|01pg80000019iSf|TriggerHandler.andFinally()
15:48:36.461 (1889750456)|VARIABLE_SCOPE_BEGIN|[746]|this|TriggerHandler|true|false
15:48:36.461 (1889785741)|VARIABLE_ASSIGNMENT|[746]|this|{"oldRecords":"0x223924e0","oldRecordsMap":"0x402a663e","handlerName":"OrderItemHandler","isTriggerExecuting":true,"triggerEvent":"0x50c30033"}|0x636b00f1
15:48:36.461 (1889795041)|STATEMENT_EXECUTE|[746]
15:48:36.461 (1889796526)|METHOD_EXIT|[158]|01pg80000019iSf|TriggerHandler.andFinally()
15:48:36.461 (1889800724)|STATEMENT_EXECUTE|[160]
15:48:36.461 (1889802754)|STATEMENT_EXECUTE|[176]
15:48:36.461 (1889805009)|METHOD_EXIT|[2]|01pg80000019iSf|TriggerHandler.run()
15:48:36.889 (1889811813)|CUMULATIVE_LIMIT_USAGE
15:48:36.889 (1889811813)|LIMIT_USAGE_FOR_NS|(default)|
  Number of SOQL queries: 11 out of 100
  Number of query rows: 10 out of 50000
  Number of SOSL queries: 0 out of 20
  Number of DML statements: 14 out of 150
  Number of Publish Immediate DML: 0 out of 150
  Number of DML rows: 14 out of 10000
  Maximum CPU time: 118 out of 10000
  Maximum heap size: 0 out of 6000000
  Number of callouts: 0 out of 100
  Number of Email Invocations: 0 out of 10
  Number of future calls: 0 out of 50
  Number of queueable jobs added to the queue: 0 out of 50
  Number of Mobile Apex push calls: 0 out of 10

15:48:36.889 (1889811813)|TESTING_LIMITS
15:48:36.889 (1889811813)|LIMIT_USAGE_FOR_NS|(default)|
  Number of SOQL queries: 1 out of 100
  Number of query rows: 1 out of 50000
  Number of SOSL queries: 0 out of 20
  Number of DML statements: 1 out of 150
  Number of Publish Immediate DML: 0 out of 150
  Number of DML rows: 1 out of 10000
  Maximum CPU time: 0 out of 10000
  Maximum heap size: 0 out of 6000000
  Number of callouts: 0 out of 100
  Number of Email Invocations: 0 out of 10
  Number of future calls: 0 out of 50
  Number of queueable jobs added to the queue: 0 out of 50
  Number of Mobile Apex push calls: 0 out of 10

15:48:36.889 (1889811813)|CUMULATIVE_LIMIT_USAGE_END

15:48:36.461 (1889975381)|CODE_UNIT_FINISHED|OrdemItemTrigger on OrderItem trigger event BeforeDelete|__sfdc_trigger/OrdemItemTrigger
15:48:37.564 (2564130981)|CODE_UNIT_STARTED|[EXTERNAL]|01qg8000000GdOn|OrderTrigger on Order trigger event BeforeUpdate|__sfdc_trigger/OrderTrigger
15:48:37.564 (2564212176)|HEAP_ALLOCATE|[EXTERNAL]|Bytes:8
15:48:37.564 (2564274863)|HEAP_ALLOCATE|[EXTERNAL]|Bytes:8
15:48:37.564 (2564349077)|HEAP_ALLOCATE|[EXTERNAL]|Bytes:4
15:48:37.564 (2564359593)|VARIABLE_SCOPE_BEGIN|[1]|this|OrderTrigger|true|false
15:48:37.564 (2564397459)|VARIABLE_ASSIGNMENT|[1]|this|{}|0x7196a511
15:48:37.564 (2564429712)|HEAP_ALLOCATE|[EXTERNAL]|Bytes:4
15:48:37.564 (2564434221)|VARIABLE_SCOPE_BEGIN|[1]|this|OrderTrigger|true|false
15:48:37.564 (2564439860)|VARIABLE_ASSIGNMENT|[1]|this|{}|0x7196a511
15:48:37.564 (2564446566)|STATEMENT_EXECUTE|[1]
15:48:37.564 (2564448101)|STATEMENT_EXECUTE|[2]
15:48:37.564 (2564453481)|HEAP_ALLOCATE|[2]|Bytes:32
15:48:37.564 (2564467362)|CONSTRUCTOR_ENTRY|[2]|01pg8000001LXzh|<init>()|OrderHandler
15:48:37.564 (2564475383)|VARIABLE_SCOPE_BEGIN|[8]|this|OrderHandler|true|false
15:48:37.564 (2564497208)|VARIABLE_ASSIGNMENT|[8]|this|{}|0x1baed987
15:48:37.564 (2564501196)|STATEMENT_EXECUTE|[1]
15:48:37.564 (2564502163)|STATEMENT_EXECUTE|[3]
15:48:37.564 (2564503315)|STATEMENT_EXECUTE|[4]
15:48:37.564 (2564504251)|STATEMENT_EXECUTE|[5]
15:48:37.564 (2564505260)|STATEMENT_EXECUTE|[6]
15:48:37.564 (2564506277)|STATEMENT_EXECUTE|[9]
15:48:37.564 (2564517900)|CONSTRUCTOR_ENTRY|[9]|01pg80000019iSf|<init>(String)|TriggerHandler
15:48:37.564 (2564522286)|VARIABLE_SCOPE_BEGIN|[107]|this|TriggerHandler|true|false
15:48:37.564 (2564529353)|VARIABLE_ASSIGNMENT|[107]|this|{}|0x1baed987
15:48:37.564 (2564532411)|VARIABLE_SCOPE_BEGIN|[107]|handlerName|String|false|false
15:48:37.564 (2564541758)|VARIABLE_ASSIGNMENT|[107]|handlerName|"OrderHandler"
15:48:37.564 (2564544677)|STATEMENT_EXECUTE|[15]
15:48:37.564 (2564545680)|STATEMENT_EXECUTE|[50]
15:48:37.564 (2564546985)|STATEMENT_EXECUTE|[57]
15:48:37.564 (2564548091)|STATEMENT_EXECUTE|[671]
15:48:37.564 (2564568521)|STATEMENT_EXECUTE|[107]
15:48:37.564 (2564569493)|STATEMENT_EXECUTE|[108]
15:48:37.564 (2564574181)|STATEMENT_EXECUTE|[109]
15:48:37.564 (2564582036)|METHOD_ENTRY|[109]|01pg80000019iSf|TriggerHandler.setTriggerContext()
15:48:37.564 (2564585802)|VARIABLE_SCOPE_BEGIN|[565]|this|TriggerHandler|true|false
15:48:37.564 (2564595055)|VARIABLE_ASSIGNMENT|[565]|this|{"handlerName":"OrderHandler"}|0x1baed987
15:48:37.564 (2564607583)|STATEMENT_EXECUTE|[565]
15:48:37.564 (2564608572)|STATEMENT_EXECUTE|[566]
15:48:37.564 (2564674457)|HEAP_ALLOCATE|[566]|Bytes:16
15:48:37.564 (2564684508)|METHOD_ENTRY|[566]|01pg80000019iSf|TriggerHandler.setTriggerContext(System.TriggerOperation, Boolean)
15:48:37.564 (2564687746)|VARIABLE_SCOPE_BEGIN|[582]|this|TriggerHandler|true|false
15:48:37.564 (2564695538)|VARIABLE_ASSIGNMENT|[582]|this|{"handlerName":"OrderHandler"}|0x1baed987
15:48:37.564 (2564699911)|VARIABLE_SCOPE_BEGIN|[582]|opType|System.TriggerOperation|true|false
15:48:37.564 (2564719586)|VARIABLE_ASSIGNMENT|[582]|opType|"BEFORE_UPDATE"|0x146366c4
15:48:37.564 (2564728030)|VARIABLE_SCOPE_BEGIN|[582]|testMode|Boolean|false|false
15:48:37.564 (2564737642)|VARIABLE_ASSIGNMENT|[582]|testMode|false
15:48:37.564 (2564742099)|STATEMENT_EXECUTE|[582]
15:48:37.564 (2564750835)|STATEMENT_EXECUTE|[586]
15:48:37.564 (2564751705)|STATEMENT_EXECUTE|[587]
15:48:37.564 (2564754559)|HEAP_ALLOCATE|[587]|Bytes:5
15:48:37.564 (2564759671)|STATEMENT_EXECUTE|[590]
15:48:37.564 (2564760509)|STATEMENT_EXECUTE|[592]
15:48:37.564 (2564771706)|HEAP_ALLOCATE|[592]|Bytes:16
15:48:37.564 (2564776310)|STATEMENT_EXECUTE|[595]
15:48:37.564 (2564784276)|VARIABLE_SCOPE_BEGIN|[595]|context|String|false|false
15:48:37.564 (2564795607)|VARIABLE_ASSIGNMENT|[595]|context|"BEFORE_UPDATE"
15:48:37.564 (2564797589)|STATEMENT_EXECUTE|[597]
15:48:37.564 (2564825640)|STATEMENT_EXECUTE|[601]
15:48:37.564 (2564826771)|STATEMENT_EXECUTE|[602]
15:48:37.564 (2564831414)|METHOD_EXIT|[566]|01pg80000019iSf|TriggerHandler.setTriggerContext(System.TriggerOperation, Boolean)
15:48:37.564 (2564834568)|METHOD_EXIT|[109]|01pg80000019iSf|TriggerHandler.setTriggerContext()
15:48:37.564 (2564839291)|CONSTRUCTOR_EXIT|[9]|01pg80000019iSf|<init>(String)|TriggerHandler
15:48:37.564 (2564842022)|STATEMENT_EXECUTE|[8]
15:48:37.564 (2564842982)|STATEMENT_EXECUTE|[10]
15:48:37.564 (2565603875)|VARIABLE_ASSIGNMENT|[10]|this.newRecords|[{"Status":"Draft","LastModifiedDate":"2026-04-10T18:48:37.000Z","Country__c":"a03g800000853ezAAA","IsDeleted":false,"AccountId":"001g8000009VBusAAG","OrderNumber":"00100116","TotalAmount":0.00,"StatusCode":"Draft","IsReductionOrder":false,"SystemModstamp":"2026-04-10T18:48:37.000Z","City__c":"a05g8000002Bg61AAC","OwnerId":"005g80000010N45AAE","CreatedById":"005g80000010N45AAE","DistributionCenter__c":"a06g8000001gb4DAAQ","CreatedDate":"2026-04-10T18:48:36.000Z","Pricebook2Id":"01sg8000000h7xWAAQ","Id":"801g8000009VBuuAAG","LastModifiedById":"005g80000010N45AAE","State__c":"a04g8000000b5OvAAI","EffectiveDate":"2026-04-10T00:00:00.000Z"}]|0x1baed987
15:48:37.564 (2565617847)|STATEMENT_EXECUTE|[11]
15:48:37.564 (2566054661)|VARIABLE_ASSIGNMENT|[11]|this.oldRecords|[{"Status":"Draft","LastModifiedDate":"2026-04-10T18:48:37.000Z","Country__c":"a03g800000853ezAAA","IsDeleted":false,"AccountId":"001g8000009VBusAAG","OrderNumber":"00100116","TotalAmount":380385.50,"StatusCode":"Draft","IsReductionOrder":false,"SystemModstamp":"2026-04-10T18:48:37.000Z","City__c":"a05g8000002Bg61AAC","OwnerId":"005g80000010N45AAE","CreatedById":"005g80000010N45AAE","DistributionCenter__c":"a06g8000001gb4DAAQ","CreatedDate":"2026-04-10T18:48:36.000Z","Pricebook2Id":"01sg8000000h7xWAAQ","Id":"801g8000009VBuuAAG","LastModifiedById":"005g80000010N45AAE","State__c":"a04g8000000b5OvAAI","EffectiveDate":"2026-04-10T00:00:00.000Z"}]|0x1baed987
15:48:37.564 (2566062988)|STATEMENT_EXECUTE|[12]
15:48:37.564 (2566452983)|VARIABLE_ASSIGNMENT|[12]|this.newRecordsMap|{"801g8000009VBuuAAG":{"Status":"Draft","LastModifiedDate":"2026-04-10T18:48:37.000Z","Country__c":"a03g800000853ezAAA","IsDeleted":false,"AccountId":"001g8000009VBusAAG","OrderNumber":"00100116","TotalAmount":0.00,"StatusCode":"Draft","IsReductionOrder":false,"SystemModstamp":"2026-04-10T18:48:37.000Z","City__c":"a05g8000002Bg61AAC","OwnerId":"005g80000010N45AAE","CreatedById":"005g80000010N45AAE","DistributionCenter__c":"a06g8000001gb4DAAQ","CreatedDate":"2026-04-10T18:48:36.000Z","Pricebook2Id":"01sg8000000h7xWAAQ","Id":"801g8000009VBuuAAG","LastModifiedById":"005g80000010N45AAE","State__c":"a04g8000000b5OvAAI","EffectiveDate":"2026-04-10T00:00:00.000Z"}}|0x1baed987
15:48:37.564 (2566461513)|STATEMENT_EXECUTE|[13]
15:48:37.564 (2566792698)|VARIABLE_ASSIGNMENT|[13]|this.oldRecordsMap|{"801g8000009VBuuAAG":{"Status":"Draft","LastModifiedDate":"2026-04-10T18:48:37.000Z","Country__c":"a03g800000853ezAAA","IsDeleted":false,"AccountId":"001g8000009VBusAAG","OrderNumber":"00100116","TotalAmount":380385.50,"StatusCode":"Draft","IsReductionOrder":false,"SystemModstamp":"2026-04-10T18:48:37.000Z","City__c":"a05g8000002Bg61AAC","OwnerId":"005g80000010N45AAE","CreatedById":"005g80000010N45AAE","DistributionCenter__c":"a06g8000001gb4DAAQ","CreatedDate":"2026-04-10T18:48:36.000Z","Pricebook2Id":"01sg8000000h7xWAAQ","Id":"801g8000009VBuuAAG","LastModifiedById":"005g80000010N45AAE","State__c":"a04g8000000b5OvAAI","EffectiveDate":"2026-04-10T00:00:00.000Z"}}|0x1baed987
15:48:37.564 (2566805001)|CONSTRUCTOR_EXIT|[2]|01pg8000001LXzh|<init>()|OrderHandler
15:48:37.564 (2566814003)|METHOD_ENTRY|[2]|01pg80000019iSf|TriggerHandler.run()
15:48:37.564 (2566819897)|VARIABLE_SCOPE_BEGIN|[120]|this|TriggerHandler|true|false
15:48:37.564 (2566854061)|VARIABLE_ASSIGNMENT|[120]|this|{"newRecords":"0x56822e8","newRecordsMap":"0x3686cadf","oldRecords":"0x727c4f33","oldRecordsMap":"0x1ff3d21a","handlerName":"OrderHandler","isTriggerExecuting":true,"triggerEvent":"0x146366c4"}|0x1baed987
15:48:37.564 (2566864203)|STATEMENT_EXECUTE|[120]
15:48:37.564 (2566868383)|METHOD_ENTRY|[121]|01pg80000019iSf|TriggerHandler.validateRun()
15:48:37.564 (2566871556)|VARIABLE_SCOPE_BEGIN|[661]|this|TriggerHandler|true|false
15:48:37.564 (2566882556)|VARIABLE_ASSIGNMENT|[661]|this|{"newRecords":"0x56822e8","newRecordsMap":"0x3686cadf","oldRecords":"0x727c4f33","oldRecordsMap":"0x1ff3d21a","handlerName":"OrderHandler","isTriggerExecuting":true,"triggerEvent":"0x146366c4"}|0x1baed987
15:48:37.564 (2566887808)|STATEMENT_EXECUTE|[661]
15:48:37.564 (2566895359)|STATEMENT_EXECUTE|[662]
15:48:37.564 (2566896225)|STATEMENT_EXECUTE|[665]
15:48:37.564 (2567188321)|METHOD_ENTRY|[665]|01pg80000019iSf|TriggerHandler.getHandlerName()
15:48:37.564 (2567195894)|VARIABLE_SCOPE_BEGIN|[680]|this|TriggerHandler|true|false
15:48:37.564 (2567218927)|VARIABLE_ASSIGNMENT|[680]|this|{"newRecords":"0x56822e8","newRecordsMap":"0x3686cadf","oldRecords":"0x727c4f33","oldRecordsMap":"0x1ff3d21a","handlerName":"OrderHandler","isTriggerExecuting":true,"triggerEvent":"0x146366c4"}|0x1baed987
15:48:37.564 (2567227302)|STATEMENT_EXECUTE|[680]
15:48:37.564 (2567250908)|STATEMENT_EXECUTE|[681]
15:48:37.564 (2567252032)|STATEMENT_EXECUTE|[684]
15:48:37.564 (2567254591)|METHOD_EXIT|[665]|01pg80000019iSf|TriggerHandler.getHandlerName()
15:48:37.564 (2567272771)|METHOD_EXIT|[121]|01pg80000019iSf|TriggerHandler.validateRun()
15:48:37.564 (2567275620)|STATEMENT_EXECUTE|[121]
15:48:37.564 (2567278406)|METHOD_ENTRY|[126]|01pg80000019iSf|TriggerHandler.incrementCheckLoopCount()
15:48:37.564 (2567281666)|VARIABLE_SCOPE_BEGIN|[634]|this|TriggerHandler|true|false
15:48:37.564 (2567292002)|VARIABLE_ASSIGNMENT|[634]|this|{"newRecords":"0x56822e8","newRecordsMap":"0x3686cadf","oldRecords":"0x727c4f33","oldRecordsMap":"0x1ff3d21a","handlerName":"OrderHandler","isTriggerExecuting":true,"triggerEvent":"0x146366c4"}|0x1baed987
15:48:37.564 (2567297553)|STATEMENT_EXECUTE|[634]
15:48:37.564 (2567298547)|STATEMENT_EXECUTE|[635]
15:48:37.564 (2567300764)|METHOD_ENTRY|[635]|01pg80000019iSf|TriggerHandler.getHandlerName()
15:48:37.564 (2567302922)|VARIABLE_SCOPE_BEGIN|[680]|this|TriggerHandler|true|false
15:48:37.564 (2567311774)|VARIABLE_ASSIGNMENT|[680]|this|{"newRecords":"0x56822e8","newRecordsMap":"0x3686cadf","oldRecords":"0x727c4f33","oldRecordsMap":"0x1ff3d21a","handlerName":"OrderHandler","isTriggerExecuting":true,"triggerEvent":"0x146366c4"}|0x1baed987
15:48:37.564 (2567315686)|STATEMENT_EXECUTE|[680]
15:48:37.564 (2567322227)|STATEMENT_EXECUTE|[681]
15:48:37.564 (2567323102)|STATEMENT_EXECUTE|[684]
15:48:37.564 (2567324598)|METHOD_EXIT|[635]|01pg80000019iSf|TriggerHandler.getHandlerName()
15:48:37.564 (2567327794)|VARIABLE_SCOPE_BEGIN|[635]|handlerName|String|false|false
15:48:37.564 (2567332905)|VARIABLE_ASSIGNMENT|[635]|handlerName|"OrderHandler"
15:48:37.564 (2567343861)|STATEMENT_EXECUTE|[636]
15:48:37.564 (2567344921)|STATEMENT_EXECUTE|[649]
15:48:37.564 (2567346474)|METHOD_EXIT|[126]|01pg80000019iSf|TriggerHandler.incrementCheckLoopCount()
15:48:37.564 (2567349348)|STATEMENT_EXECUTE|[126]
15:48:37.564 (2567351862)|STATEMENT_EXECUTE|[130]
15:48:37.564 (2567352880)|STATEMENT_EXECUTE|[135]
15:48:37.564 (2567396755)|STATEMENT_EXECUTE|[139]
15:48:37.564 (2567397770)|STATEMENT_EXECUTE|[140]
15:48:37.564 (2567400556)|METHOD_ENTRY|[140]|01pg8000001LXzh|OrderHandler.beforeUpdate()
15:48:37.564 (2567403600)|VARIABLE_SCOPE_BEGIN|[16]|this|OrderHandler|true|false
15:48:37.564 (2567414175)|VARIABLE_ASSIGNMENT|[16]|this|{"newRecords":"0x56822e8","newRecordsMap":"0x3686cadf","oldRecords":"0x727c4f33","oldRecordsMap":"0x1ff3d21a","handlerName":"OrderHandler","isTriggerExecuting":true,"triggerEvent":"0x146366c4"}|0x1baed987
15:48:37.564 (2567419541)|STATEMENT_EXECUTE|[16]
15:48:37.564 (2567420418)|STATEMENT_EXECUTE|[17]
15:48:37.564 (2567423490)|METHOD_ENTRY|[17]|01pg8000001LXzh|OrderHandler.checkActiveOrder()
15:48:37.564 (2567426161)|VARIABLE_SCOPE_BEGIN|[30]|this|OrderHandler|true|false
15:48:37.564 (2567434655)|VARIABLE_ASSIGNMENT|[30]|this|{"newRecords":"0x56822e8","newRecordsMap":"0x3686cadf","oldRecords":"0x727c4f33","oldRecordsMap":"0x1ff3d21a","handlerName":"OrderHandler","isTriggerExecuting":true,"triggerEvent":"0x146366c4"}|0x1baed987
15:48:37.564 (2567439705)|STATEMENT_EXECUTE|[30]
15:48:37.564 (2567440780)|STATEMENT_EXECUTE|[31]
15:48:37.564 (2567443261)|VARIABLE_SCOPE_BEGIN|[31]|listaParaValidar|List<Order>|true|false
15:48:37.564 (2567448461)|VARIABLE_ASSIGNMENT|[31]|listaParaValidar|null|
15:48:37.564 (2567456195)|STATEMENT_EXECUTE|[35]
15:48:37.564 (2567457235)|STATEMENT_EXECUTE|[36]
15:48:37.564 (2567902059)|VARIABLE_ASSIGNMENT|[36]|listaParaValidar|[{"Status":"Draft","LastModifiedDate":"2026-04-10T18:48:37.000Z","Country__c":"a03g800000853ezAAA","IsDeleted":false,"AccountId":"001g8000009VBusAAG","OrderNumber":"00100116","TotalAmount":0.00,"StatusCode":"Draft","IsReductionOrder":false,"SystemModstamp":"2026-04-10T18:48:37.000Z","City__c":"a05g8000002Bg61AAC","OwnerId":"005g80000010N45AAE","CreatedById":"005g80000010N45AAE","DistributionCenter__c":"a06g8000001gb4DAAQ","CreatedDate":"2026-04-10T18:48:36.000Z","Pricebook2Id":"01sg8000000h7xWAAQ","Id":"801g8000009VBuuAAG","LastModifiedById":"005g80000010N45AAE","State__c":"a04g8000000b5OvAAI","EffectiveDate":"2026-04-10T00:00:00.000Z"}]|0x56822e8
15:48:37.564 (2567939188)|HEAP_ALLOCATE|[40]|Bytes:5
15:48:37.564 (2567958548)|HEAP_ALLOCATE|[40]|Bytes:4
15:48:37.564 (2567967480)|VARIABLE_SCOPE_BEGIN|[40]|pedido|Order|true|false
15:48:37.564 (2568387405)|VARIABLE_ASSIGNMENT|[40]|pedido|{"Status":"Draft","LastModifiedDate":"2026-04-10T18:48:37.000Z","Country__c":"a03g800000853ezAAA","IsDeleted":false,"AccountId":"001g8000009VBusAAG","OrderNumber":"00100116","TotalAmount":0.00,"StatusCode":"Draft","IsReductionOrder":false,"SystemModstamp":"2026-04-10T18:48:37.000Z","City__c":"a05g8000002Bg61AAC","OwnerId":"005g80000010N45AAE","CreatedById":"005g80000010N45AAE","DistributionCenter__c":"a06g8000001gb4DAAQ","CreatedDate":"2026-04-10T18:48:36.000Z","Pricebook2Id":"01sg8000000h7xWAAQ","Id":"801g8000009VBuuAAG","LastModifiedById":"005g80000010N45AAE","State__c":"a04g8000000b5OvAAI","EffectiveDate":"2026-04-10T00:00:00.000Z"}|0x5bc8cc6e
15:48:37.564 (2568398954)|STATEMENT_EXECUTE|[40]
15:48:37.564 (2568400259)|STATEMENT_EXECUTE|[42]
15:48:37.564 (2568426391)|VARIABLE_SCOPE_BEGIN|[42]|pedidoAntigo|Order|true|false
15:48:37.564 (2568806941)|VARIABLE_ASSIGNMENT|[42]|pedidoAntigo|{"Status":"Draft","LastModifiedDate":"2026-04-10T18:48:37.000Z","Country__c":"a03g800000853ezAAA","IsDeleted":false,"AccountId":"001g8000009VBusAAG","OrderNumber":"00100116","TotalAmount":380385.50,"StatusCode":"Draft","IsReductionOrder":false,"SystemModstamp":"2026-04-10T18:48:37.000Z","City__c":"a05g8000002Bg61AAC","OwnerId":"005g80000010N45AAE","CreatedById":"005g80000010N45AAE","DistributionCenter__c":"a06g8000001gb4DAAQ","CreatedDate":"2026-04-10T18:48:36.000Z","Pricebook2Id":"01sg8000000h7xWAAQ","Id":"801g8000009VBuuAAG","LastModifiedById":"005g80000010N45AAE","State__c":"a04g8000000b5OvAAI","EffectiveDate":"2026-04-10T00:00:00.000Z"}|0x5b9825fa
15:48:37.564 (2568815468)|STATEMENT_EXECUTE|[45]
15:48:37.564 (2568822006)|VARIABLE_SCOPE_BEGIN|[45]|validacaoStatus|String|false|false
15:48:37.564 (2568827022)|VARIABLE_ASSIGNMENT|[45]|validacaoStatus|"Draft"
15:48:37.564 (2568842099)|STATEMENT_EXECUTE|[47]
15:48:37.564 (2568860835)|HEAP_ALLOCATE|[40]|Bytes:5
15:48:37.564 (2568869638)|VARIABLE_ASSIGNMENT|[40]|pedido|null|
15:48:37.564 (2568876608)|METHOD_EXIT|[17]|01pg8000001LXzh|OrderHandler.checkActiveOrder()
15:48:37.564 (2568881031)|METHOD_EXIT|[140]|01pg8000001LXzh|OrderHandler.beforeUpdate()
15:48:37.564 (2568884308)|STATEMENT_EXECUTE|[158]
15:48:37.564 (2568889506)|METHOD_ENTRY|[158]|01pg80000019iSf|TriggerHandler.andFinally()
15:48:37.564 (2568892807)|VARIABLE_SCOPE_BEGIN|[746]|this|TriggerHandler|true|false
15:48:37.564 (2568920109)|VARIABLE_ASSIGNMENT|[746]|this|{"newRecords":"0x56822e8","newRecordsMap":"0x3686cadf","oldRecords":"0x727c4f33","oldRecordsMap":"0x1ff3d21a","handlerName":"OrderHandler","isTriggerExecuting":true,"triggerEvent":"0x146366c4"}|0x1baed987
15:48:37.564 (2568927849)|STATEMENT_EXECUTE|[746]
15:48:37.564 (2568929299)|METHOD_EXIT|[158]|01pg80000019iSf|TriggerHandler.andFinally()
15:48:37.564 (2568933129)|STATEMENT_EXECUTE|[160]
15:48:37.564 (2568935164)|STATEMENT_EXECUTE|[176]
15:48:37.564 (2568937363)|METHOD_EXIT|[2]|01pg80000019iSf|TriggerHandler.run()
15:48:37.568 (2568954988)|CUMULATIVE_LIMIT_USAGE
15:48:37.568 (2568954988)|LIMIT_USAGE_FOR_NS|(default)|
  Number of SOQL queries: 11 out of 100
  Number of query rows: 10 out of 50000
  Number of SOSL queries: 0 out of 20
  Number of DML statements: 14 out of 150
  Number of Publish Immediate DML: 0 out of 150
  Number of DML rows: 14 out of 10000
  Maximum CPU time: 118 out of 10000
  Maximum heap size: 0 out of 6000000
  Number of callouts: 0 out of 100
  Number of Email Invocations: 0 out of 10
  Number of future calls: 0 out of 50
  Number of queueable jobs added to the queue: 0 out of 50
  Number of Mobile Apex push calls: 0 out of 10

15:48:37.568 (2568954988)|TESTING_LIMITS
15:48:37.568 (2568954988)|LIMIT_USAGE_FOR_NS|(default)|
  Number of SOQL queries: 1 out of 100
  Number of query rows: 1 out of 50000
  Number of SOSL queries: 0 out of 20
  Number of DML statements: 1 out of 150
  Number of Publish Immediate DML: 0 out of 150
  Number of DML rows: 1 out of 10000
  Maximum CPU time: 0 out of 10000
  Maximum heap size: 0 out of 6000000
  Number of callouts: 0 out of 100
  Number of Email Invocations: 0 out of 10
  Number of future calls: 0 out of 50
  Number of queueable jobs added to the queue: 0 out of 50
  Number of Mobile Apex push calls: 0 out of 10

15:48:37.568 (2568954988)|CUMULATIVE_LIMIT_USAGE_END

15:48:37.564 (2569143148)|CODE_UNIT_FINISHED|OrderTrigger on Order trigger event BeforeUpdate|__sfdc_trigger/OrderTrigger
15:48:37.564 (2571794446)|CODE_UNIT_STARTED|[EXTERNAL]|Validation:Order:801g8000009VBuu
15:48:37.564 (2571811407)|VALIDATION_RULE|03dg8000000aS4D|Bloquear_Alteracao_Conta_Pedido
15:48:37.564 (2571935764)|VALIDATION_FORMULA|ISCHANGED(AccountId) && NOT(ISNEW())|AccountId=001g8000009VBus
15:48:37.564 (2571940141)|VALIDATION_PASS
15:48:37.564 (2571943982)|CODE_UNIT_FINISHED|Validation:Order:801g8000009VBuu
15:48:37.564 (2586977035)|CODE_UNIT_STARTED|[EXTERNAL]|01qg8000000GdOn|OrderTrigger on Order trigger event AfterUpdate|__sfdc_trigger/OrderTrigger
15:48:37.564 (2587052713)|HEAP_ALLOCATE|[EXTERNAL]|Bytes:8
15:48:37.564 (2587114131)|HEAP_ALLOCATE|[EXTERNAL]|Bytes:8
15:48:37.564 (2587193382)|HEAP_ALLOCATE|[EXTERNAL]|Bytes:4
15:48:37.564 (2587203107)|VARIABLE_SCOPE_BEGIN|[1]|this|OrderTrigger|true|false
15:48:37.564 (2587236849)|VARIABLE_ASSIGNMENT|[1]|this|{}|0x2f5dd6c1
15:48:37.564 (2587265344)|HEAP_ALLOCATE|[EXTERNAL]|Bytes:4
15:48:37.564 (2587270130)|VARIABLE_SCOPE_BEGIN|[1]|this|OrderTrigger|true|false
15:48:37.564 (2587275736)|VARIABLE_ASSIGNMENT|[1]|this|{}|0x2f5dd6c1
15:48:37.564 (2587282314)|STATEMENT_EXECUTE|[1]
15:48:37.564 (2587283766)|STATEMENT_EXECUTE|[2]
15:48:37.564 (2587293047)|HEAP_ALLOCATE|[2]|Bytes:32
15:48:37.564 (2587305925)|CONSTRUCTOR_ENTRY|[2]|01pg8000001LXzh|<init>()|OrderHandler
15:48:37.564 (2587312462)|VARIABLE_SCOPE_BEGIN|[8]|this|OrderHandler|true|false
15:48:37.564 (2587331802)|VARIABLE_ASSIGNMENT|[8]|this|{}|0x337615e3
15:48:37.564 (2587335502)|STATEMENT_EXECUTE|[1]
15:48:37.564 (2587336357)|STATEMENT_EXECUTE|[3]
15:48:37.564 (2587337514)|STATEMENT_EXECUTE|[4]
15:48:37.564 (2587338442)|STATEMENT_EXECUTE|[5]
15:48:37.564 (2587339457)|STATEMENT_EXECUTE|[6]
15:48:37.564 (2587340682)|STATEMENT_EXECUTE|[9]
15:48:37.564 (2587352375)|CONSTRUCTOR_ENTRY|[9]|01pg80000019iSf|<init>(String)|TriggerHandler
15:48:37.564 (2587356753)|VARIABLE_SCOPE_BEGIN|[107]|this|TriggerHandler|true|false
15:48:37.564 (2587363815)|VARIABLE_ASSIGNMENT|[107]|this|{}|0x337615e3
15:48:37.564 (2587366755)|VARIABLE_SCOPE_BEGIN|[107]|handlerName|String|false|false
15:48:37.564 (2587375705)|VARIABLE_ASSIGNMENT|[107]|handlerName|"OrderHandler"
15:48:37.564 (2587378740)|STATEMENT_EXECUTE|[15]
15:48:37.564 (2587379807)|STATEMENT_EXECUTE|[50]
15:48:37.564 (2587380896)|STATEMENT_EXECUTE|[57]
15:48:37.564 (2587382031)|STATEMENT_EXECUTE|[671]
15:48:37.564 (2587401230)|STATEMENT_EXECUTE|[107]
15:48:37.564 (2587402083)|STATEMENT_EXECUTE|[108]
15:48:37.564 (2587407504)|STATEMENT_EXECUTE|[109]
15:48:37.564 (2587414430)|METHOD_ENTRY|[109]|01pg80000019iSf|TriggerHandler.setTriggerContext()
15:48:37.564 (2587417886)|VARIABLE_SCOPE_BEGIN|[565]|this|TriggerHandler|true|false
15:48:37.564 (2587427090)|VARIABLE_ASSIGNMENT|[565]|this|{"handlerName":"OrderHandler"}|0x337615e3
15:48:37.564 (2587438329)|STATEMENT_EXECUTE|[565]
15:48:37.564 (2587439316)|STATEMENT_EXECUTE|[566]
15:48:37.564 (2587500447)|HEAP_ALLOCATE|[566]|Bytes:16
15:48:37.564 (2587510230)|METHOD_ENTRY|[566]|01pg80000019iSf|TriggerHandler.setTriggerContext(System.TriggerOperation, Boolean)
15:48:37.564 (2587513700)|VARIABLE_SCOPE_BEGIN|[582]|this|TriggerHandler|true|false
15:48:37.564 (2587522166)|VARIABLE_ASSIGNMENT|[582]|this|{"handlerName":"OrderHandler"}|0x337615e3
15:48:37.564 (2587525288)|VARIABLE_SCOPE_BEGIN|[582]|opType|System.TriggerOperation|true|false
15:48:37.564 (2587542731)|VARIABLE_ASSIGNMENT|[582]|opType|"AFTER_UPDATE"|0x2996f02f
15:48:37.564 (2587550013)|VARIABLE_SCOPE_BEGIN|[582]|testMode|Boolean|false|false
15:48:37.564 (2587558704)|VARIABLE_ASSIGNMENT|[582]|testMode|false
15:48:37.564 (2587563143)|STATEMENT_EXECUTE|[582]
15:48:37.564 (2587571243)|STATEMENT_EXECUTE|[586]
15:48:37.564 (2587572111)|STATEMENT_EXECUTE|[587]
15:48:37.564 (2587574736)|HEAP_ALLOCATE|[587]|Bytes:5
15:48:37.564 (2587580022)|STATEMENT_EXECUTE|[590]
15:48:37.564 (2587580870)|STATEMENT_EXECUTE|[592]
15:48:37.564 (2587591281)|HEAP_ALLOCATE|[592]|Bytes:16
15:48:37.564 (2587595791)|STATEMENT_EXECUTE|[595]
15:48:37.564 (2587602853)|VARIABLE_SCOPE_BEGIN|[595]|context|String|false|false
15:48:37.564 (2587608610)|VARIABLE_ASSIGNMENT|[595]|context|"AFTER_UPDATE"
15:48:37.564 (2587610846)|STATEMENT_EXECUTE|[597]
15:48:37.564 (2587655486)|STATEMENT_EXECUTE|[610]
15:48:37.564 (2587656476)|STATEMENT_EXECUTE|[611]
15:48:37.564 (2587661121)|METHOD_EXIT|[566]|01pg80000019iSf|TriggerHandler.setTriggerContext(System.TriggerOperation, Boolean)
15:48:37.564 (2587663966)|METHOD_EXIT|[109]|01pg80000019iSf|TriggerHandler.setTriggerContext()
15:48:37.564 (2587668511)|CONSTRUCTOR_EXIT|[9]|01pg80000019iSf|<init>(String)|TriggerHandler
15:48:37.564 (2587671143)|STATEMENT_EXECUTE|[8]
15:48:37.564 (2587672082)|STATEMENT_EXECUTE|[10]
15:48:37.564 (2588361681)|VARIABLE_ASSIGNMENT|[10]|this.newRecords|[{"Status":"Draft","LastModifiedDate":"2026-04-10T18:48:37.000Z","Country__c":"a03g800000853ezAAA","IsDeleted":false,"AccountId":"001g8000009VBusAAG","OrderNumber":"00100116","TotalAmount":0.00,"StatusCode":"Draft","IsReductionOrder":false,"SystemModstamp":"2026-04-10T18:48:37.000Z","City__c":"a05g8000002Bg61AAC","OwnerId":"005g80000010N45AAE","CreatedById":"005g80000010N45AAE","DistributionCenter__c":"a06g8000001gb4DAAQ","CreatedDate":"2026-04-10T18:48:36.000Z","Pricebook2Id":"01sg8000000h7xWAAQ","Id":"801g8000009VBuuAAG","LastModifiedById":"005g80000010N45AAE","State__c":"a04g8000000b5OvAAI","EffectiveDate":"2026-04-10T00:00:00.000Z"}]|0x337615e3
15:48:37.564 (2588372408)|STATEMENT_EXECUTE|[11]
15:48:37.564 (2588802053)|VARIABLE_ASSIGNMENT|[11]|this.oldRecords|[{"Status":"Draft","LastModifiedDate":"2026-04-10T18:48:37.000Z","Country__c":"a03g800000853ezAAA","IsDeleted":false,"AccountId":"001g8000009VBusAAG","OrderNumber":"00100116","TotalAmount":380385.50,"StatusCode":"Draft","IsReductionOrder":false,"SystemModstamp":"2026-04-10T18:48:37.000Z","City__c":"a05g8000002Bg61AAC","OwnerId":"005g80000010N45AAE","CreatedById":"005g80000010N45AAE","DistributionCenter__c":"a06g8000001gb4DAAQ","CreatedDate":"2026-04-10T18:48:36.000Z","Pricebook2Id":"01sg8000000h7xWAAQ","Id":"801g8000009VBuuAAG","LastModifiedById":"005g80000010N45AAE","State__c":"a04g8000000b5OvAAI","EffectiveDate":"2026-04-10T00:00:00.000Z"}]|0x337615e3
15:48:37.564 (2588809750)|STATEMENT_EXECUTE|[12]
15:48:37.564 (2589163438)|VARIABLE_ASSIGNMENT|[12]|this.newRecordsMap|{"801g8000009VBuuAAG":{"Status":"Draft","LastModifiedDate":"2026-04-10T18:48:37.000Z","Country__c":"a03g800000853ezAAA","IsDeleted":false,"AccountId":"001g8000009VBusAAG","OrderNumber":"00100116","TotalAmount":0.00,"StatusCode":"Draft","IsReductionOrder":false,"SystemModstamp":"2026-04-10T18:48:37.000Z","City__c":"a05g8000002Bg61AAC","OwnerId":"005g80000010N45AAE","CreatedById":"005g80000010N45AAE","DistributionCenter__c":"a06g8000001gb4DAAQ","CreatedDate":"2026-04-10T18:48:36.000Z","Pricebook2Id":"01sg8000000h7xWAAQ","Id":"801g8000009VBuuAAG","LastModifiedById":"005g80000010N45AAE","State__c":"a04g8000000b5OvAAI","EffectiveDate":"2026-04-10T00:00:00.000Z"}}|0x337615e3
15:48:37.564 (2589171417)|STATEMENT_EXECUTE|[13]
15:48:37.564 (2589517996)|VARIABLE_ASSIGNMENT|[13]|this.oldRecordsMap|{"801g8000009VBuuAAG":{"Status":"Draft","LastModifiedDate":"2026-04-10T18:48:37.000Z","Country__c":"a03g800000853ezAAA","IsDeleted":false,"AccountId":"001g8000009VBusAAG","OrderNumber":"00100116","TotalAmount":380385.50,"StatusCode":"Draft","IsReductionOrder":false,"SystemModstamp":"2026-04-10T18:48:37.000Z","City__c":"a05g8000002Bg61AAC","OwnerId":"005g80000010N45AAE","CreatedById":"005g80000010N45AAE","DistributionCenter__c":"a06g8000001gb4DAAQ","CreatedDate":"2026-04-10T18:48:36.000Z","Pricebook2Id":"01sg8000000h7xWAAQ","Id":"801g8000009VBuuAAG","LastModifiedById":"005g80000010N45AAE","State__c":"a04g8000000b5OvAAI","EffectiveDate":"2026-04-10T00:00:00.000Z"}}|0x337615e3
15:48:37.564 (2589529558)|CONSTRUCTOR_EXIT|[2]|01pg8000001LXzh|<init>()|OrderHandler
15:48:37.564 (2589537736)|METHOD_ENTRY|[2]|01pg80000019iSf|TriggerHandler.run()
15:48:37.564 (2589542710)|VARIABLE_SCOPE_BEGIN|[120]|this|TriggerHandler|true|false
15:48:37.564 (2589570820)|VARIABLE_ASSIGNMENT|[120]|this|{"newRecords":"0x526dc60d","newRecordsMap":"0x1e6c72bd","oldRecords":"0x5fc6546f","oldRecordsMap":"0x5c1c9b79","handlerName":"OrderHandler","isTriggerExecuting":true,"triggerEvent":"0x2996f02f"}|0x337615e3
15:48:37.564 (2589579739)|STATEMENT_EXECUTE|[120]
15:48:37.564 (2589583774)|METHOD_ENTRY|[121]|01pg80000019iSf|TriggerHandler.validateRun()
15:48:37.564 (2589586811)|VARIABLE_SCOPE_BEGIN|[661]|this|TriggerHandler|true|false
15:48:37.564 (2589596742)|VARIABLE_ASSIGNMENT|[661]|this|{"newRecords":"0x526dc60d","newRecordsMap":"0x1e6c72bd","oldRecords":"0x5fc6546f","oldRecordsMap":"0x5c1c9b79","handlerName":"OrderHandler","isTriggerExecuting":true,"triggerEvent":"0x2996f02f"}|0x337615e3
15:48:37.564 (2589602019)|STATEMENT_EXECUTE|[661]
15:48:37.564 (2589633114)|STATEMENT_EXECUTE|[662]
15:48:37.564 (2589634219)|STATEMENT_EXECUTE|[665]
15:48:37.564 (2589639655)|METHOD_ENTRY|[665]|01pg80000019iSf|TriggerHandler.getHandlerName()
15:48:37.564 (2589642892)|VARIABLE_SCOPE_BEGIN|[680]|this|TriggerHandler|true|false
15:48:37.564 (2589652262)|VARIABLE_ASSIGNMENT|[680]|this|{"newRecords":"0x526dc60d","newRecordsMap":"0x1e6c72bd","oldRecords":"0x5fc6546f","oldRecordsMap":"0x5c1c9b79","handlerName":"OrderHandler","isTriggerExecuting":true,"triggerEvent":"0x2996f02f"}|0x337615e3
15:48:37.564 (2589657343)|STATEMENT_EXECUTE|[680]
15:48:37.564 (2589675567)|STATEMENT_EXECUTE|[681]
15:48:37.564 (2589676591)|STATEMENT_EXECUTE|[684]
15:48:37.564 (2589678945)|METHOD_EXIT|[665]|01pg80000019iSf|TriggerHandler.getHandlerName()
15:48:37.564 (2589695991)|METHOD_EXIT|[121]|01pg80000019iSf|TriggerHandler.validateRun()
15:48:37.564 (2589699085)|STATEMENT_EXECUTE|[121]
15:48:37.564 (2589701774)|METHOD_ENTRY|[126]|01pg80000019iSf|TriggerHandler.incrementCheckLoopCount()
15:48:37.564 (2589704912)|VARIABLE_SCOPE_BEGIN|[634]|this|TriggerHandler|true|false
15:48:37.564 (2589714206)|VARIABLE_ASSIGNMENT|[634]|this|{"newRecords":"0x526dc60d","newRecordsMap":"0x1e6c72bd","oldRecords":"0x5fc6546f","oldRecordsMap":"0x5c1c9b79","handlerName":"OrderHandler","isTriggerExecuting":true,"triggerEvent":"0x2996f02f"}|0x337615e3
15:48:37.564 (2589719903)|STATEMENT_EXECUTE|[634]
15:48:37.564 (2589720866)|STATEMENT_EXECUTE|[635]
15:48:37.564 (2589722882)|METHOD_ENTRY|[635]|01pg80000019iSf|TriggerHandler.getHandlerName()
15:48:37.564 (2589724956)|VARIABLE_SCOPE_BEGIN|[680]|this|TriggerHandler|true|false
15:48:37.564 (2589733352)|VARIABLE_ASSIGNMENT|[680]|this|{"newRecords":"0x526dc60d","newRecordsMap":"0x1e6c72bd","oldRecords":"0x5fc6546f","oldRecordsMap":"0x5c1c9b79","handlerName":"OrderHandler","isTriggerExecuting":true,"triggerEvent":"0x2996f02f"}|0x337615e3
15:48:37.564 (2589737173)|STATEMENT_EXECUTE|[680]
15:48:37.564 (2589743395)|STATEMENT_EXECUTE|[681]
15:48:37.564 (2589744257)|STATEMENT_EXECUTE|[684]
15:48:37.564 (2589745751)|METHOD_EXIT|[635]|01pg80000019iSf|TriggerHandler.getHandlerName()
15:48:37.564 (2589748763)|VARIABLE_SCOPE_BEGIN|[635]|handlerName|String|false|false
15:48:37.564 (2589754187)|VARIABLE_ASSIGNMENT|[635]|handlerName|"OrderHandler"
15:48:37.564 (2589764942)|STATEMENT_EXECUTE|[636]
15:48:37.564 (2589766067)|STATEMENT_EXECUTE|[649]
15:48:37.564 (2589767724)|METHOD_EXIT|[126]|01pg80000019iSf|TriggerHandler.incrementCheckLoopCount()
15:48:37.564 (2589770597)|STATEMENT_EXECUTE|[126]
15:48:37.564 (2589772663)|STATEMENT_EXECUTE|[130]
15:48:37.564 (2589773731)|STATEMENT_EXECUTE|[135]
15:48:37.564 (2589835407)|STATEMENT_EXECUTE|[148]
15:48:37.564 (2589836463)|STATEMENT_EXECUTE|[149]
15:48:37.564 (2589839247)|METHOD_ENTRY|[149]|01pg8000001LXzh|OrderHandler.afterUpdate()
15:48:37.564 (2589842468)|VARIABLE_SCOPE_BEGIN|[20]|this|OrderHandler|true|false
15:48:37.564 (2589852696)|VARIABLE_ASSIGNMENT|[20]|this|{"newRecords":"0x526dc60d","newRecordsMap":"0x1e6c72bd","oldRecords":"0x5fc6546f","oldRecordsMap":"0x5c1c9b79","handlerName":"OrderHandler","isTriggerExecuting":true,"triggerEvent":"0x2996f02f"}|0x337615e3
15:48:37.564 (2589858281)|STATEMENT_EXECUTE|[20]
15:48:37.564 (2589859176)|STATEMENT_EXECUTE|[21]
15:48:37.564 (2589862142)|METHOD_ENTRY|[21]|01pg8000001LXzh|OrderHandler.checkActiveOrder()
15:48:37.564 (2589865146)|VARIABLE_SCOPE_BEGIN|[30]|this|OrderHandler|true|false
15:48:37.564 (2589873555)|VARIABLE_ASSIGNMENT|[30]|this|{"newRecords":"0x526dc60d","newRecordsMap":"0x1e6c72bd","oldRecords":"0x5fc6546f","oldRecordsMap":"0x5c1c9b79","handlerName":"OrderHandler","isTriggerExecuting":true,"triggerEvent":"0x2996f02f"}|0x337615e3
15:48:37.564 (2589878577)|STATEMENT_EXECUTE|[30]
15:48:37.564 (2589879627)|STATEMENT_EXECUTE|[31]
15:48:37.564 (2589882410)|VARIABLE_SCOPE_BEGIN|[31]|listaParaValidar|List<Order>|true|false
15:48:37.564 (2589891780)|VARIABLE_ASSIGNMENT|[31]|listaParaValidar|null|
15:48:37.564 (2589898953)|STATEMENT_EXECUTE|[35]
15:48:37.564 (2589900098)|STATEMENT_EXECUTE|[36]
15:48:37.564 (2590274566)|VARIABLE_ASSIGNMENT|[36]|listaParaValidar|[{"Status":"Draft","LastModifiedDate":"2026-04-10T18:48:37.000Z","Country__c":"a03g800000853ezAAA","IsDeleted":false,"AccountId":"001g8000009VBusAAG","OrderNumber":"00100116","TotalAmount":0.00,"StatusCode":"Draft","IsReductionOrder":false,"SystemModstamp":"2026-04-10T18:48:37.000Z","City__c":"a05g8000002Bg61AAC","OwnerId":"005g80000010N45AAE","CreatedById":"005g80000010N45AAE","DistributionCenter__c":"a06g8000001gb4DAAQ","CreatedDate":"2026-04-10T18:48:36.000Z","Pricebook2Id":"01sg8000000h7xWAAQ","Id":"801g8000009VBuuAAG","LastModifiedById":"005g80000010N45AAE","State__c":"a04g8000000b5OvAAI","EffectiveDate":"2026-04-10T00:00:00.000Z"}]|0x526dc60d
15:48:37.564 (2590305742)|HEAP_ALLOCATE|[40]|Bytes:5
15:48:37.564 (2590325665)|VARIABLE_SCOPE_BEGIN|[40]|pedido|Order|true|false
15:48:37.564 (2590727840)|VARIABLE_ASSIGNMENT|[40]|pedido|{"Status":"Draft","LastModifiedDate":"2026-04-10T18:48:37.000Z","Country__c":"a03g800000853ezAAA","IsDeleted":false,"AccountId":"001g8000009VBusAAG","OrderNumber":"00100116","TotalAmount":0.00,"StatusCode":"Draft","IsReductionOrder":false,"SystemModstamp":"2026-04-10T18:48:37.000Z","City__c":"a05g8000002Bg61AAC","OwnerId":"005g80000010N45AAE","CreatedById":"005g80000010N45AAE","DistributionCenter__c":"a06g8000001gb4DAAQ","CreatedDate":"2026-04-10T18:48:36.000Z","Pricebook2Id":"01sg8000000h7xWAAQ","Id":"801g8000009VBuuAAG","LastModifiedById":"005g80000010N45AAE","State__c":"a04g8000000b5OvAAI","EffectiveDate":"2026-04-10T00:00:00.000Z"}|0x607d7359
15:48:37.564 (2590737969)|STATEMENT_EXECUTE|[40]
15:48:37.564 (2590738999)|STATEMENT_EXECUTE|[42]
15:48:37.564 (2590765474)|VARIABLE_SCOPE_BEGIN|[42]|pedidoAntigo|Order|true|false
15:48:37.564 (2591089141)|VARIABLE_ASSIGNMENT|[42]|pedidoAntigo|{"Status":"Draft","LastModifiedDate":"2026-04-10T18:48:37.000Z","Country__c":"a03g800000853ezAAA","IsDeleted":false,"AccountId":"001g8000009VBusAAG","OrderNumber":"00100116","TotalAmount":380385.50,"StatusCode":"Draft","IsReductionOrder":false,"SystemModstamp":"2026-04-10T18:48:37.000Z","City__c":"a05g8000002Bg61AAC","OwnerId":"005g80000010N45AAE","CreatedById":"005g80000010N45AAE","DistributionCenter__c":"a06g8000001gb4DAAQ","CreatedDate":"2026-04-10T18:48:36.000Z","Pricebook2Id":"01sg8000000h7xWAAQ","Id":"801g8000009VBuuAAG","LastModifiedById":"005g80000010N45AAE","State__c":"a04g8000000b5OvAAI","EffectiveDate":"2026-04-10T00:00:00.000Z"}|0x1d790c71
15:48:37.564 (2591097505)|STATEMENT_EXECUTE|[45]
15:48:37.564 (2591103369)|VARIABLE_SCOPE_BEGIN|[45]|validacaoStatus|String|false|false
15:48:37.564 (2591108280)|VARIABLE_ASSIGNMENT|[45]|validacaoStatus|"Draft"
15:48:37.564 (2591121944)|STATEMENT_EXECUTE|[47]
15:48:37.564 (2591129290)|HEAP_ALLOCATE|[40]|Bytes:5
15:48:37.564 (2591136324)|VARIABLE_ASSIGNMENT|[40]|pedido|null|
15:48:37.564 (2591142899)|METHOD_EXIT|[21]|01pg8000001LXzh|OrderHandler.checkActiveOrder()
15:48:37.564 (2591145568)|STATEMENT_EXECUTE|[22]
15:48:37.564 (2591148325)|METHOD_ENTRY|[22]|01pg8000001LXzh|OrderHandler.itemsRecalculation()
15:48:37.564 (2591151520)|VARIABLE_SCOPE_BEGIN|[54]|this|OrderHandler|true|false
15:48:37.564 (2591174426)|VARIABLE_ASSIGNMENT|[54]|this|{"newRecords":"0x526dc60d","newRecordsMap":"0x1e6c72bd","oldRecords":"0x5fc6546f","oldRecordsMap":"0x5c1c9b79","handlerName":"OrderHandler","isTriggerExecuting":true,"triggerEvent":"0x2996f02f"}|0x337615e3
15:48:37.564 (2591181744)|STATEMENT_EXECUTE|[54]
15:48:37.564 (2591182743)|STATEMENT_EXECUTE|[55]
15:48:37.564 (2591193995)|HEAP_ALLOCATE|[55]|Bytes:4
15:48:37.564 (2591205185)|VARIABLE_SCOPE_BEGIN|[55]|ordersToRecalculate|Set<Id>|true|false
15:48:37.564 (2591232730)|VARIABLE_ASSIGNMENT|[55]|ordersToRecalculate|[]|0x70f1469d
15:48:37.564 (2591244532)|HEAP_ALLOCATE|[57]|Bytes:5
15:48:37.564 (2591252393)|VARIABLE_SCOPE_BEGIN|[57]|pedido|Order|true|false
15:48:37.564 (2591616595)|VARIABLE_ASSIGNMENT|[57]|pedido|{"Status":"Draft","LastModifiedDate":"2026-04-10T18:48:37.000Z","Country__c":"a03g800000853ezAAA","IsDeleted":false,"AccountId":"001g8000009VBusAAG","OrderNumber":"00100116","TotalAmount":0.00,"StatusCode":"Draft","IsReductionOrder":false,"SystemModstamp":"2026-04-10T18:48:37.000Z","City__c":"a05g8000002Bg61AAC","OwnerId":"005g80000010N45AAE","CreatedById":"005g80000010N45AAE","DistributionCenter__c":"a06g8000001gb4DAAQ","CreatedDate":"2026-04-10T18:48:36.000Z","Pricebook2Id":"01sg8000000h7xWAAQ","Id":"801g8000009VBuuAAG","LastModifiedById":"005g80000010N45AAE","State__c":"a04g8000000b5OvAAI","EffectiveDate":"2026-04-10T00:00:00.000Z"}|0x607d7359
15:48:37.564 (2591624523)|STATEMENT_EXECUTE|[57]
15:48:37.564 (2591625512)|STATEMENT_EXECUTE|[58]
15:48:37.564 (2591636468)|VARIABLE_SCOPE_BEGIN|[58]|pedidoAntigo|Order|true|false
15:48:37.564 (2591961643)|VARIABLE_ASSIGNMENT|[58]|pedidoAntigo|{"Status":"Draft","LastModifiedDate":"2026-04-10T18:48:37.000Z","Country__c":"a03g800000853ezAAA","IsDeleted":false,"AccountId":"001g8000009VBusAAG","OrderNumber":"00100116","TotalAmount":380385.50,"StatusCode":"Draft","IsReductionOrder":false,"SystemModstamp":"2026-04-10T18:48:37.000Z","City__c":"a05g8000002Bg61AAC","OwnerId":"005g80000010N45AAE","CreatedById":"005g80000010N45AAE","DistributionCenter__c":"a06g8000001gb4DAAQ","CreatedDate":"2026-04-10T18:48:36.000Z","Pricebook2Id":"01sg8000000h7xWAAQ","Id":"801g8000009VBuuAAG","LastModifiedById":"005g80000010N45AAE","State__c":"a04g8000000b5OvAAI","EffectiveDate":"2026-04-10T00:00:00.000Z"}|0x1d790c71
15:48:37.564 (2592004996)|STATEMENT_EXECUTE|[60]
15:48:37.564 (2592010407)|HEAP_ALLOCATE|[57]|Bytes:5
15:48:37.564 (2592016078)|VARIABLE_ASSIGNMENT|[57]|pedido|null|
15:48:37.564 (2592024897)|STATEMENT_EXECUTE|[67]
15:48:37.564 (2592027412)|METHOD_EXIT|[22]|01pg8000001LXzh|OrderHandler.itemsRecalculation()
15:48:37.564 (2592030985)|METHOD_EXIT|[149]|01pg8000001LXzh|OrderHandler.afterUpdate()
15:48:37.564 (2592034090)|STATEMENT_EXECUTE|[158]
15:48:37.564 (2592038069)|METHOD_ENTRY|[158]|01pg80000019iSf|TriggerHandler.andFinally()
15:48:37.564 (2592041373)|VARIABLE_SCOPE_BEGIN|[746]|this|TriggerHandler|true|false
15:48:37.564 (2592058888)|VARIABLE_ASSIGNMENT|[746]|this|{"newRecords":"0x526dc60d","newRecordsMap":"0x1e6c72bd","oldRecords":"0x5fc6546f","oldRecordsMap":"0x5c1c9b79","handlerName":"OrderHandler","isTriggerExecuting":true,"triggerEvent":"0x2996f02f"}|0x337615e3
15:48:37.564 (2592065651)|STATEMENT_EXECUTE|[746]
15:48:37.564 (2592067012)|METHOD_EXIT|[158]|01pg80000019iSf|TriggerHandler.andFinally()
15:48:37.564 (2592070608)|STATEMENT_EXECUTE|[160]
15:48:37.564 (2592072553)|STATEMENT_EXECUTE|[176]
15:48:37.564 (2592074533)|METHOD_EXIT|[2]|01pg80000019iSf|TriggerHandler.run()
15:48:37.592 (2592081169)|CUMULATIVE_LIMIT_USAGE
15:48:37.592 (2592081169)|LIMIT_USAGE_FOR_NS|(default)|
  Number of SOQL queries: 11 out of 100
  Number of query rows: 10 out of 50000
  Number of SOSL queries: 0 out of 20
  Number of DML statements: 14 out of 150
  Number of Publish Immediate DML: 0 out of 150
  Number of DML rows: 14 out of 10000
  Maximum CPU time: 118 out of 10000
  Maximum heap size: 0 out of 6000000
  Number of callouts: 0 out of 100
  Number of Email Invocations: 0 out of 10
  Number of future calls: 0 out of 50
  Number of queueable jobs added to the queue: 0 out of 50
  Number of Mobile Apex push calls: 0 out of 10

15:48:37.592 (2592081169)|TESTING_LIMITS
15:48:37.592 (2592081169)|LIMIT_USAGE_FOR_NS|(default)|
  Number of SOQL queries: 1 out of 100
  Number of query rows: 1 out of 50000
  Number of SOSL queries: 0 out of 20
  Number of DML statements: 1 out of 150
  Number of Publish Immediate DML: 0 out of 150
  Number of DML rows: 1 out of 10000
  Maximum CPU time: 0 out of 10000
  Maximum heap size: 0 out of 6000000
  Number of callouts: 0 out of 100
  Number of Email Invocations: 0 out of 10
  Number of future calls: 0 out of 50
  Number of queueable jobs added to the queue: 0 out of 50
  Number of Mobile Apex push calls: 0 out of 10

15:48:37.592 (2592081169)|CUMULATIVE_LIMIT_USAGE_END

15:48:37.564 (2592427746)|CODE_UNIT_FINISHED|OrderTrigger on Order trigger event AfterUpdate|__sfdc_trigger/OrderTrigger
15:48:37.564 (2597391951)|DML_END|[233]
15:48:37.564 (2598126039)|STATEMENT_EXECUTE|[234]
15:48:37.564 (2598149080)|METHOD_ENTRY|[234]||System.Test.stopTest()
15:48:37.564 (2598327319)|METHOD_EXIT|[234]||System.Test.stopTest()
15:48:37.564 (2598332377)|STATEMENT_EXECUTE|[236]
15:48:37.564 (2598337959)|HEAP_ALLOCATE|[236]|Bytes:49
15:48:37.564 (2598356899)|HEAP_ALLOCATE|[236]|Bytes:4
15:48:37.564 (2598695701)|SOQL_EXECUTE_BEGIN|[236]|Aggregations:0|SELECT COUNT() FROM OrderItem WHERE Id = :tmpVar1
15:48:37.564 (2608050764)|SOQL_EXECUTE_END|[236]|Rows:0
15:48:37.564 (2608118285)|HEAP_ALLOCATE|[236]|Bytes:4
15:48:37.564 (2608140898)|VARIABLE_SCOPE_BEGIN|[236]|countItem|Integer|false|false
15:48:37.564 (2608147877)|HEAP_ALLOCATE|[236]|Bytes:4
15:48:37.564 (2608163970)|VARIABLE_ASSIGNMENT|[236]|countItem|0
15:48:37.564 (2608168358)|STATEMENT_EXECUTE|[237]
15:48:37.564 (2608176410)|HEAP_ALLOCATE|[237]|Bytes:45
15:48:37.608 (2608251885)|CUMULATIVE_LIMIT_USAGE
15:48:37.608 (2608251885)|LIMIT_USAGE_FOR_NS|(default)|
  Number of SOQL queries: 12 out of 100
  Number of query rows: 11 out of 50000
  Number of SOSL queries: 0 out of 20
  Number of DML statements: 14 out of 150
  Number of Publish Immediate DML: 0 out of 150
  Number of DML rows: 14 out of 10000
  Maximum CPU time: 118 out of 10000
  Maximum heap size: 0 out of 6000000
  Number of callouts: 0 out of 100
  Number of Email Invocations: 0 out of 10
  Number of future calls: 0 out of 50
  Number of queueable jobs added to the queue: 0 out of 50
  Number of Mobile Apex push calls: 0 out of 10

15:48:37.608 (2608251885)|TESTING_LIMITS
15:48:37.608 (2608251885)|LIMIT_USAGE_FOR_NS|(default)|
  Number of SOQL queries: 1 out of 100
  Number of query rows: 1 out of 50000
  Number of SOSL queries: 0 out of 20
  Number of DML statements: 1 out of 150
  Number of Publish Immediate DML: 0 out of 150
  Number of DML rows: 1 out of 10000
  Maximum CPU time: 0 out of 10000
  Maximum heap size: 0 out of 6000000
  Number of callouts: 0 out of 100
  Number of Email Invocations: 0 out of 10
  Number of future calls: 0 out of 50
  Number of queueable jobs added to the queue: 0 out of 50
  Number of Mobile Apex push calls: 0 out of 10

15:48:37.608 (2608251885)|CUMULATIVE_LIMIT_USAGE_END

15:48:37.564 (2608294479)|CODE_UNIT_FINISHED|OrderItemHandlerTest.deleteOrderItemDraft()
15:48:37.564 (2608302763)|EXECUTION_FINISHED
