66.0 APEX_CODE,FINEST;APEX_PROFILING,INFO;CALLOUT,INFO;DATA_ACCESS,INFO;DB,INFO;NBA,INFO;SYSTEM,DEBUG;VALIDATION,INFO;VISUALFORCE,INFO;WAVE,INFO;WORKFLOW,INFO
15:40:44.1 (1355473)|USER_INFO|[EXTERNAL]|005g80000010N45|sabrina.jesus@resourceful-moose-fmmd11.com|(GMT-03:00) Brasilia Standard Time (America/Sao_Paulo)|GMT-03:00
15:40:44.1 (1444188)|EXECUTION_STARTED
15:40:44.1 (1464033)|CODE_UNIT_STARTED|[EXTERNAL]|01pg8000001w1Mb|OrderItemHandlerTest.setup()
15:40:44.1 (1764510)|HEAP_ALLOCATE|[95]|Bytes:3
15:40:44.1 (1865413)|HEAP_ALLOCATE|[100]|Bytes:152
15:40:44.1 (1880580)|HEAP_ALLOCATE|[417]|Bytes:408
15:40:44.1 (1891987)|HEAP_ALLOCATE|[430]|Bytes:408
15:40:44.1 (1912836)|HEAP_ALLOCATE|[317]|Bytes:6
15:40:44.1 (1923956)|HEAP_ALLOCATE|[EXTERNAL]|Bytes:353
15:40:44.1 (1941378)|METHOD_ENTRY|[2]|01pg8000001w1Mb|OrderItemHandlerTest.OrderItemHandlerTest()
15:40:44.1 (2003663)|STATEMENT_EXECUTE|[2]
15:40:44.1 (2023212)|STATEMENT_EXECUTE|[2]
15:40:44.1 (2029347)|METHOD_EXIT|[2]|OrderItemHandlerTest
15:40:44.1 (2053932)|HEAP_ALLOCATE|[68]|Bytes:5
15:40:44.1 (2089140)|HEAP_ALLOCATE|[74]|Bytes:5
15:40:44.1 (2094457)|HEAP_ALLOCATE|[82]|Bytes:7
15:40:44.1 (2138054)|STATEMENT_EXECUTE|[4]
15:40:44.1 (2140030)|STATEMENT_EXECUTE|[5]
15:40:44.1 (3944778)|VARIABLE_SCOPE_BEGIN|[3]|TestFactorySObject.countSObjectCreated|Decimal|false|true
15:40:44.1 (3968353)|VARIABLE_SCOPE_BEGIN|[2]|TestFactorySObject.testFactorySObject|TestFactorySObject|true|true
15:40:44.1 (3984710)|HEAP_ALLOCATE|[5]|Bytes:20
15:40:44.1 (3992298)|HEAP_ALLOCATE|[5]|Bytes:13
15:40:44.1 (4014840)|METHOD_ENTRY|[1]|01pg8000001w1Mi|TestFactorySObject.TestFactorySObject()
15:40:44.1 (4032758)|STATEMENT_EXECUTE|[1]
15:40:44.1 (4044378)|STATEMENT_EXECUTE|[1]
15:40:44.1 (4046828)|STATEMENT_EXECUTE|[3]
15:40:44.1 (4097445)|HEAP_ALLOCATE|[3]|Bytes:28
15:40:44.1 (4101742)|HEAP_ALLOCATE|[3]|Bytes:28
15:40:44.1 (4193732)|VARIABLE_ASSIGNMENT|[3]|TestFactorySObject.countSObjectCreated|0
15:40:44.1 (4200390)|STATEMENT_EXECUTE|[59]
15:40:44.1 (4206782)|METHOD_EXIT|[1]|TestFactorySObject
15:40:44.1 (4256654)|METHOD_ENTRY|[5]|01pg8000001w1Mi|TestFactorySObject.getInstance()
15:40:44.1 (4302099)|STATEMENT_EXECUTE|[5]
15:40:44.1 (4333008)|STATEMENT_EXECUTE|[6]
15:40:44.1 (4335544)|STATEMENT_EXECUTE|[7]
15:40:44.1 (4355311)|HEAP_ALLOCATE|[7]|Bytes:4
15:40:44.1 (4381636)|CONSTRUCTOR_ENTRY|[7]|01pg8000001w1Mi|<init>()|TestFactorySObject
15:40:44.1 (4433172)|VARIABLE_SCOPE_BEGIN|[1]|this|TestFactorySObject|true|false
15:40:44.1 (4487736)|VARIABLE_ASSIGNMENT|[1]|this|{}|0x395d1c28
15:40:44.1 (4495262)|HEAP_ALLOCATE|[EXTERNAL]|Bytes:6
15:40:44.1 (5117988)|STATEMENT_EXECUTE|[1]
15:40:44.1 (5127458)|CONSTRUCTOR_EXIT|[7]|01pg8000001w1Mi|<init>()|TestFactorySObject
15:40:44.1 (5145991)|VARIABLE_ASSIGNMENT|[7]|TestFactorySObject.testFactorySObject|{}|0x395d1c28
15:40:44.1 (5151439)|STATEMENT_EXECUTE|[9]
15:40:44.1 (5162007)|METHOD_EXIT|[5]|01pg8000001w1Mi|TestFactorySObject.getInstance()
15:40:44.1 (5166422)|VARIABLE_SCOPE_BEGIN|[5]|factory|TestFactorySObject|true|false
15:40:44.1 (5177691)|VARIABLE_ASSIGNMENT|[5]|factory|{}|0x395d1c28
15:40:44.1 (5181662)|STATEMENT_EXECUTE|[7]
15:40:44.1 (5256683)|HEAP_ALLOCATE|[7]|Bytes:4
15:40:44.1 (5402456)|METHOD_ENTRY|[7]|01pg8000001w1Mi|TestFactorySObject.createSObject(SObject)
15:40:44.1 (5418587)|VARIABLE_SCOPE_BEGIN|[27]|this|TestFactorySObject|true|false
15:40:44.1 (5427516)|VARIABLE_ASSIGNMENT|[27]|this|{}|0x395d1c28
15:40:44.1 (5430408)|VARIABLE_SCOPE_BEGIN|[27]|sObj|SObject|true|false
15:40:44.1 (5441233)|VARIABLE_ASSIGNMENT|[27]|sObj|{}|0x78f0d5d9
15:40:44.1 (5453431)|STATEMENT_EXECUTE|[27]
15:40:44.1 (5455094)|STATEMENT_EXECUTE|[28]
15:40:44.1 (5460846)|METHOD_ENTRY|[28]|01pg8000001w1Mi|TestFactorySObject.validateSObject(SObject)
15:40:44.1 (5479249)|VARIABLE_SCOPE_BEGIN|[13]|sObj|SObject|true|false
15:40:44.1 (5483350)|VARIABLE_ASSIGNMENT|[13]|sObj|{}|0x78f0d5d9
15:40:44.1 (5488525)|STATEMENT_EXECUTE|[13]
15:40:44.1 (5490726)|STATEMENT_EXECUTE|[14]
15:40:44.1 (5493197)|METHOD_EXIT|[28]|01pg8000001w1Mi|TestFactorySObject.validateSObject(SObject)
15:40:44.1 (5496732)|STATEMENT_EXECUTE|[30]
15:40:44.1 (5570298)|HEAP_ALLOCATE|[30]|Bytes:15
15:40:44.1 (5576555)|VARIABLE_SCOPE_BEGIN|[30]|objectName|String|false|false
15:40:44.1 (5588875)|VARIABLE_ASSIGNMENT|[30]|objectName|"AccountGroup__c"
15:40:44.1 (5593364)|HEAP_ALLOCATE|[31]|Bytes:8
15:40:44.1 (5620191)|STATEMENT_EXECUTE|[31]
15:40:44.1 (5621902)|STATEMENT_EXECUTE|[35]
15:40:44.1 (5623267)|HEAP_ALLOCATE|[36]|Bytes:22
15:40:44.1 (5625506)|HEAP_ALLOCATE|[36]|Bytes:14
15:40:44.1 (5660259)|HEAP_ALLOCATE|[36]|Bytes:12
15:40:44.1 (5665009)|HEAP_ALLOCATE|[36]|Bytes:8
15:40:44.1 (5671538)|HEAP_ALLOCATE|[36]|Bytes:42
15:40:44.1 (5673605)|VARIABLE_SCOPE_BEGIN|[35]|defaultClassName|String|false|false
15:40:44.1 (5680809)|VARIABLE_ASSIGNMENT|[35]|defaultClassName|"TemplateDefaultField (22 more) ..."
15:40:44.1 (5683987)|STATEMENT_EXECUTE|[38]
15:40:44.1 (5690717)|METHOD_ENTRY|[38]|01pg8000001w1Mi|TestFactorySObject.dispatchSObjectCreation(SObject, String)
15:40:44.1 (5695787)|VARIABLE_SCOPE_BEGIN|[42]|this|TestFactorySObject|true|false
15:40:44.1 (5702809)|VARIABLE_ASSIGNMENT|[42]|this|{}|0x395d1c28
15:40:44.1 (5705235)|VARIABLE_SCOPE_BEGIN|[42]|sObj|SObject|true|false
15:40:44.1 (5709238)|VARIABLE_ASSIGNMENT|[42]|sObj|{}|0x78f0d5d9
15:40:44.1 (5711536)|VARIABLE_SCOPE_BEGIN|[42]|defaultClassName|String|false|false
15:40:44.1 (5715765)|VARIABLE_ASSIGNMENT|[42]|defaultClassName|"TemplateDefaultField (22 more) ..."
15:40:44.1 (5720877)|STATEMENT_EXECUTE|[42]
15:40:44.1 (5722381)|STATEMENT_EXECUTE|[44]
15:40:44.1 (5764299)|HEAP_ALLOCATE|[44]|Bytes:33
15:40:44.1 (5771006)|SYSTEM_METHOD_ENTRY|[1]|Type.Type()
15:40:44.1 (5773433)|STATEMENT_EXECUTE|[1]
15:40:44.1 (5777532)|SYSTEM_METHOD_EXIT|[1]|Type
15:40:44.1 (5782472)|METHOD_ENTRY|[44]||System.Type.forName(String)
15:40:44.1 (8911885)|METHOD_EXIT|[44]||System.Type.forName(String)
15:40:44.1 (8922287)|VARIABLE_SCOPE_BEGIN|[44]|t|System.Type|true|false
15:40:44.1 (8953965)|VARIABLE_ASSIGNMENT|[44]|t|{"aot":"0x5b352a37"}|0x1c82372a
15:40:44.1 (8967657)|STATEMENT_EXECUTE|[45]
15:40:44.1 (8969801)|STATEMENT_EXECUTE|[51]
15:40:44.1 (8978025)|METHOD_ENTRY|[52]||System.Type.newInstance()
15:40:44.1 (10478169)|STATEMENT_EXECUTE|[121]
15:40:44.1 (10497153)|METHOD_EXIT|[52]||System.Type.newInstance()
15:40:44.1 (10511412)|VARIABLE_SCOPE_BEGIN|[51]|defaults|TemplateDefaultFields.FieldDefaults|true|false
15:40:44.1 (10530421)|VARIABLE_ASSIGNMENT|[51]|defaults|{}|0x25f23dae
15:40:44.1 (10534853)|STATEMENT_EXECUTE|[53]
15:40:44.1 (10558229)|METHOD_ENTRY|[53]|01pg8000001w1Mh|TemplateDefaultFields.AccountGroupDefaults.getFieldDefaults(Decimal)
15:40:44.1 (10573698)|VARIABLE_SCOPE_BEGIN|[122]|this|TemplateDefaultFields.AccountGroupDefaults|true|false
15:40:44.1 (10579791)|VARIABLE_ASSIGNMENT|[122]|this|{}|0x25f23dae
15:40:44.1 (10583363)|VARIABLE_SCOPE_BEGIN|[122]|countSObjectCreated|Decimal|false|false
15:40:44.1 (10591261)|VARIABLE_ASSIGNMENT|[122]|countSObjectCreated|0
15:40:44.1 (10601153)|STATEMENT_EXECUTE|[122]
15:40:44.1 (10602906)|STATEMENT_EXECUTE|[123]
15:40:44.1 (10617091)|HEAP_ALLOCATE|[123]|Bytes:4
15:40:44.1 (10629841)|HEAP_ALLOCATE|[124]|Bytes:4
15:40:44.1 (10632411)|HEAP_ALLOCATE|[124]|Bytes:20
15:40:44.1 (10672787)|HEAP_ALLOCATE|[124]|Bytes:1
15:40:44.1 (10686882)|HEAP_ALLOCATE|[124]|Bytes:21
15:40:44.1 (10722664)|HEAP_ALLOCATE|[125]|Bytes:19
15:40:44.1 (10724779)|HEAP_ALLOCATE|[125]|Bytes:3
15:40:44.1 (10732123)|HEAP_ALLOCATE|[125]|Bytes:1
15:40:44.1 (10736536)|HEAP_ALLOCATE|[125]|Bytes:4
15:40:44.1 (10743028)|METHOD_EXIT|[53]|01pg8000001w1Mh|TemplateDefaultFields.AccountGroupDefaults.getFieldDefaults(Decimal)
15:40:44.1 (10752023)|METHOD_ENTRY|[53]|01pg8000001w1Mi|TestFactorySObject.addFieldDefaults(SObject, Map<String,ANY>)
15:40:44.1 (10756030)|VARIABLE_SCOPE_BEGIN|[19]|sObj|SObject|true|false
15:40:44.1 (10765825)|VARIABLE_ASSIGNMENT|[19]|sObj|{}|0x78f0d5d9
15:40:44.1 (10768488)|VARIABLE_SCOPE_BEGIN|[19]|defaultFields|Map<String,ANY>|true|false
15:40:44.1 (10791858)|VARIABLE_ASSIGNMENT|[19]|defaultFields|{"Name":"Grupo de Conta Teste (1 more) ...","AccountGroupCode__c":"ACG0"}|0xeddc7ed
15:40:44.1 (10798924)|STATEMENT_EXECUTE|[19]
15:40:44.1 (10863958)|HEAP_ALLOCATE|[20]|Bytes:35
15:40:44.1 (10927151)|HEAP_ALLOCATE|[20]|Bytes:5
15:40:44.1 (10942412)|VARIABLE_SCOPE_BEGIN|[20]|fieldApiName|String|false|false
15:40:44.1 (10947872)|VARIABLE_ASSIGNMENT|[20]|fieldApiName|"Name"
15:40:44.1 (10952753)|STATEMENT_EXECUTE|[20]
15:40:44.1 (11048617)|STATEMENT_EXECUTE|[21]
15:40:44.1 (11051298)|STATEMENT_EXECUTE|[22]
15:40:44.1 (11153617)|HEAP_ALLOCATE|[20]|Bytes:5
15:40:44.1 (11160121)|VARIABLE_SCOPE_BEGIN|[20]|fieldApiName|String|false|false
15:40:44.1 (11165289)|VARIABLE_ASSIGNMENT|[20]|fieldApiName|"AccountGroupCode__c"
15:40:44.1 (11168782)|STATEMENT_EXECUTE|[20]
15:40:44.1 (11198193)|STATEMENT_EXECUTE|[21]
15:40:44.1 (11199821)|STATEMENT_EXECUTE|[22]
15:40:44.1 (11228119)|HEAP_ALLOCATE|[20]|Bytes:5
15:40:44.1 (11234454)|VARIABLE_ASSIGNMENT|[20]|fieldApiName|null
15:40:44.1 (11244833)|METHOD_EXIT|[53]|01pg8000001w1Mi|TestFactorySObject.addFieldDefaults(SObject, Map<String,ANY>)
15:40:44.1 (11248621)|STATEMENT_EXECUTE|[54]
15:40:44.1 (11267711)|HEAP_ALLOCATE|[54]|Bytes:28
15:40:44.1 (11269758)|HEAP_ALLOCATE|[54]|Bytes:28
15:40:44.1 (11300836)|HEAP_ALLOCATE|[54]|Bytes:28
15:40:44.1 (11302526)|HEAP_ALLOCATE|[54]|Bytes:28
15:40:44.1 (11314603)|VARIABLE_ASSIGNMENT|[54]|TestFactorySObject.countSObjectCreated|1
15:40:44.1 (11317834)|STATEMENT_EXECUTE|[56]
15:40:44.1 (11320793)|METHOD_EXIT|[38]|01pg8000001w1Mi|TestFactorySObject.dispatchSObjectCreation(SObject, String)
15:40:44.1 (11324617)|METHOD_EXIT|[7]|01pg8000001w1Mi|TestFactorySObject.createSObject(SObject)
15:40:44.1 (11331137)|VARIABLE_SCOPE_BEGIN|[7]|acg|AccountGroup__c|true|false
15:40:44.1 (11343368)|VARIABLE_ASSIGNMENT|[7]|acg|{"Name":"Grupo de Conta Teste (1 more) ...","AccountGroupCode__c":"ACG0"}|0x78f0d5d9
15:40:44.1 (11347622)|STATEMENT_EXECUTE|[8]
15:40:44.1 (11377920)|HEAP_ALLOCATE|[8]|Bytes:8
15:40:44.1 (11399294)|DML_BEGIN|[8]|Op:Insert|Type:AccountGroup__c|Rows:1
15:40:44.1 (11434911)|HEAP_ALLOCATE|[EXTERNAL]|Bytes:8
15:40:44.1 (34473532)|DML_END|[8]
15:40:44.1 (34656945)|STATEMENT_EXECUTE|[10]
15:40:44.1 (34732395)|HEAP_ALLOCATE|[10]|Bytes:4
15:40:44.1 (34890111)|METHOD_ENTRY|[10]|01pg8000001w1Mi|TestFactorySObject.createSObject(SObject)
15:40:44.1 (34918524)|VARIABLE_SCOPE_BEGIN|[27]|this|TestFactorySObject|true|false
15:40:44.1 (34967022)|VARIABLE_ASSIGNMENT|[27]|this|{}|0x395d1c28
15:40:44.1 (34970413)|VARIABLE_SCOPE_BEGIN|[27]|sObj|SObject|true|false
15:40:44.1 (34979816)|VARIABLE_ASSIGNMENT|[27]|sObj|{}|0x29918f4a
15:40:44.1 (34999173)|STATEMENT_EXECUTE|[27]
15:40:44.1 (35001001)|STATEMENT_EXECUTE|[28]
15:40:44.1 (35007444)|METHOD_ENTRY|[28]|01pg8000001w1Mi|TestFactorySObject.validateSObject(SObject)
15:40:44.1 (35011096)|VARIABLE_SCOPE_BEGIN|[13]|sObj|SObject|true|false
15:40:44.1 (35015076)|VARIABLE_ASSIGNMENT|[13]|sObj|{}|0x29918f4a
15:40:44.1 (35020099)|STATEMENT_EXECUTE|[13]
15:40:44.1 (35023318)|STATEMENT_EXECUTE|[14]
15:40:44.1 (35027432)|METHOD_EXIT|[28]|01pg8000001w1Mi|TestFactorySObject.validateSObject(SObject)
15:40:44.1 (35031081)|STATEMENT_EXECUTE|[30]
15:40:44.1 (35090908)|HEAP_ALLOCATE|[30]|Bytes:7
15:40:44.1 (35099886)|VARIABLE_SCOPE_BEGIN|[30]|objectName|String|false|false
15:40:44.1 (35112761)|VARIABLE_ASSIGNMENT|[30]|objectName|"Account"
15:40:44.1 (35134635)|STATEMENT_EXECUTE|[31]
15:40:44.1 (35136207)|STATEMENT_EXECUTE|[35]
15:40:44.1 (35152736)|HEAP_ALLOCATE|[36]|Bytes:7
15:40:44.1 (35160655)|HEAP_ALLOCATE|[36]|Bytes:37
15:40:44.1 (35162871)|VARIABLE_SCOPE_BEGIN|[35]|defaultClassName|String|false|false
15:40:44.1 (35169708)|VARIABLE_ASSIGNMENT|[35]|defaultClassName|"TemplateDefaultField (17 more) ..."
15:40:44.1 (35172476)|STATEMENT_EXECUTE|[38]
15:40:44.1 (35176427)|METHOD_ENTRY|[38]|01pg8000001w1Mi|TestFactorySObject.dispatchSObjectCreation(SObject, String)
15:40:44.1 (35179378)|VARIABLE_SCOPE_BEGIN|[42]|this|TestFactorySObject|true|false
15:40:44.1 (35188088)|VARIABLE_ASSIGNMENT|[42]|this|{}|0x395d1c28
15:40:44.1 (35190743)|VARIABLE_SCOPE_BEGIN|[42]|sObj|SObject|true|false
15:40:44.1 (35194830)|VARIABLE_ASSIGNMENT|[42]|sObj|{}|0x29918f4a
15:40:44.1 (35197498)|VARIABLE_SCOPE_BEGIN|[42]|defaultClassName|String|false|false
15:40:44.1 (35201698)|VARIABLE_ASSIGNMENT|[42]|defaultClassName|"TemplateDefaultField (17 more) ..."
15:40:44.1 (35206653)|STATEMENT_EXECUTE|[42]
15:40:44.1 (35208343)|STATEMENT_EXECUTE|[44]
15:40:44.1 (35212272)|METHOD_ENTRY|[44]||System.Type.forName(String)
15:40:44.1 (37312170)|METHOD_EXIT|[44]||System.Type.forName(String)
15:40:44.1 (37326699)|VARIABLE_SCOPE_BEGIN|[44]|t|System.Type|true|false
15:40:44.1 (37368355)|VARIABLE_ASSIGNMENT|[44]|t|{"aot":"0x1c14b0a4"}|0x143ac51a
15:40:44.1 (37418084)|STATEMENT_EXECUTE|[45]
15:40:44.1 (37421167)|STATEMENT_EXECUTE|[51]
15:40:44.1 (37428310)|METHOD_ENTRY|[52]||System.Type.newInstance()
15:40:44.1 (37630818)|STATEMENT_EXECUTE|[108]
15:40:44.1 (37646971)|METHOD_EXIT|[52]||System.Type.newInstance()
15:40:44.1 (37657933)|VARIABLE_SCOPE_BEGIN|[51]|defaults|TemplateDefaultFields.FieldDefaults|true|false
15:40:44.1 (37673376)|VARIABLE_ASSIGNMENT|[51]|defaults|{}|0x47c60d77
15:40:44.1 (37678583)|STATEMENT_EXECUTE|[53]
15:40:44.1 (37706041)|METHOD_ENTRY|[53]|01pg8000001w1Mh|TemplateDefaultFields.AccountDefaults.getFieldDefaults(Decimal)
15:40:44.1 (37712194)|VARIABLE_SCOPE_BEGIN|[109]|this|TemplateDefaultFields.AccountDefaults|true|false
15:40:44.1 (37721001)|VARIABLE_ASSIGNMENT|[109]|this|{}|0x47c60d77
15:40:44.1 (37725448)|VARIABLE_SCOPE_BEGIN|[109]|countSObjectCreated|Decimal|false|false
15:40:44.1 (37735388)|VARIABLE_ASSIGNMENT|[109]|countSObjectCreated|1
15:40:44.1 (37747468)|STATEMENT_EXECUTE|[109]
15:40:44.1 (37749479)|STATEMENT_EXECUTE|[112]
15:40:44.1 (37850475)|HEAP_ALLOCATE|[112]|Bytes:1
15:40:44.1 (37859714)|HEAP_ALLOCATE|[112]|Bytes:1
15:40:44.1 (37913346)|HEAP_ALLOCATE|[112]|Bytes:2
15:40:44.1 (37918541)|VARIABLE_SCOPE_BEGIN|[112]|finalDoCnpj|String|false|false
15:40:44.1 (37925820)|VARIABLE_ASSIGNMENT|[112]|finalDoCnpj|"01"
15:40:44.1 (37929153)|STATEMENT_EXECUTE|[114]
15:40:44.1 (37944310)|HEAP_ALLOCATE|[114]|Bytes:4
15:40:44.1 (37951753)|HEAP_ALLOCATE|[115]|Bytes:11
15:40:44.1 (37969074)|HEAP_ALLOCATE|[115]|Bytes:1
15:40:44.1 (37977008)|HEAP_ALLOCATE|[115]|Bytes:12
15:40:44.1 (38003166)|HEAP_ALLOCATE|[116]|Bytes:7
15:40:44.1 (38006226)|HEAP_ALLOCATE|[116]|Bytes:16
15:40:44.1 (38008761)|HEAP_ALLOCATE|[116]|Bytes:18
15:40:44.1 (38015867)|METHOD_EXIT|[53]|01pg8000001w1Mh|TemplateDefaultFields.AccountDefaults.getFieldDefaults(Decimal)
15:40:44.1 (38020747)|METHOD_ENTRY|[53]|01pg8000001w1Mi|TestFactorySObject.addFieldDefaults(SObject, Map<String,ANY>)
15:40:44.1 (38024177)|VARIABLE_SCOPE_BEGIN|[19]|sObj|SObject|true|false
15:40:44.1 (38033162)|VARIABLE_ASSIGNMENT|[19]|sObj|{}|0x29918f4a
15:40:44.1 (38035901)|VARIABLE_SCOPE_BEGIN|[19]|defaultFields|Map<String,ANY>|true|false
15:40:44.1 (38053053)|VARIABLE_ASSIGNMENT|[19]|defaultFields|{"Name":"Conta Teste1","CNPJ__c":"12.345.678/0001-01"}|0x13a0cf8d
15:40:44.1 (38059414)|STATEMENT_EXECUTE|[19]
15:40:44.1 (38090890)|HEAP_ALLOCATE|[20]|Bytes:23
15:40:44.1 (38115169)|HEAP_ALLOCATE|[20]|Bytes:5
15:40:44.1 (38126747)|VARIABLE_SCOPE_BEGIN|[20]|fieldApiName|String|false|false
15:40:44.1 (38131155)|VARIABLE_ASSIGNMENT|[20]|fieldApiName|"Name"
15:40:44.1 (38135166)|STATEMENT_EXECUTE|[20]
15:40:44.1 (38212052)|STATEMENT_EXECUTE|[21]
15:40:44.1 (38213618)|STATEMENT_EXECUTE|[22]
15:40:44.1 (38290969)|HEAP_ALLOCATE|[20]|Bytes:5
15:40:44.1 (38296351)|VARIABLE_SCOPE_BEGIN|[20]|fieldApiName|String|false|false
15:40:44.1 (38301601)|VARIABLE_ASSIGNMENT|[20]|fieldApiName|"CNPJ__c"
15:40:44.1 (38304586)|STATEMENT_EXECUTE|[20]
15:40:44.1 (38330957)|STATEMENT_EXECUTE|[21]
15:40:44.1 (38332318)|STATEMENT_EXECUTE|[22]
15:40:44.1 (38360243)|HEAP_ALLOCATE|[20]|Bytes:5
15:40:44.1 (38366431)|VARIABLE_ASSIGNMENT|[20]|fieldApiName|null
15:40:44.1 (38371975)|METHOD_EXIT|[53]|01pg8000001w1Mi|TestFactorySObject.addFieldDefaults(SObject, Map<String,ANY>)
15:40:44.1 (38375478)|STATEMENT_EXECUTE|[54]
15:40:44.1 (38394505)|HEAP_ALLOCATE|[54]|Bytes:28
15:40:44.1 (38396282)|HEAP_ALLOCATE|[54]|Bytes:28
15:40:44.1 (38409666)|HEAP_ALLOCATE|[54]|Bytes:28
15:40:44.1 (38411206)|HEAP_ALLOCATE|[54]|Bytes:28
15:40:44.1 (38424058)|VARIABLE_ASSIGNMENT|[54]|TestFactorySObject.countSObjectCreated|2
15:40:44.1 (38426849)|STATEMENT_EXECUTE|[56]
15:40:44.1 (38429574)|METHOD_EXIT|[38]|01pg8000001w1Mi|TestFactorySObject.dispatchSObjectCreation(SObject, String)
15:40:44.1 (38433903)|METHOD_EXIT|[10]|01pg8000001w1Mi|TestFactorySObject.createSObject(SObject)
15:40:44.1 (38440905)|VARIABLE_SCOPE_BEGIN|[10]|acc|Account|true|false
15:40:44.1 (38450693)|VARIABLE_ASSIGNMENT|[10]|acc|{"Name":"Conta Teste1","CNPJ__c":"12.345.678/0001-01"}|0x29918f4a
15:40:44.1 (38454293)|STATEMENT_EXECUTE|[11]
15:40:44.1 (38570425)|VARIABLE_ASSIGNMENT|[11]|this.AccountGroup__c|"a02g8000002mPHVAA2"|0x29918f4a
15:40:44.1 (38577567)|STATEMENT_EXECUTE|[12]
15:40:44.1 (38606700)|HEAP_ALLOCATE|[12]|Bytes:8
15:40:44.1 (38623832)|DML_BEGIN|[12]|Op:Insert|Type:Account|Rows:1
15:40:44.1 (38657086)|HEAP_ALLOCATE|[EXTERNAL]|Bytes:8
15:40:44.1 (58173337)|CODE_UNIT_STARTED|[EXTERNAL]|Validation:Account:new
15:40:44.1 (58200373)|VALIDATION_RULE|03dg8000000honx|Obrigatorio_AccountGroup
15:40:44.1 (58376025)|VALIDATION_FORMULA|ISBLANK(AccountGroup__c)|AccountGroup__c=a02g8000002mPHV
15:40:44.1 (58382641)|VALIDATION_PASS
15:40:44.1 (58384432)|VALIDATION_RULE|03dg8000000hbab|validacao_CNPJ
15:40:44.1 (58472114)|VALIDATION_FORMULA|NOT(
    REGEX(CNPJ__c, "^(\\d{2}\\.\\d{3}\\.\\d{3}/\\d{4}\\-\\d{2})?$")
)|CNPJ__c=12.345.678/0001-01
15:40:44.1 (58475977)|VALIDATION_PASS
15:40:44.1 (58482389)|CODE_UNIT_FINISHED|Validation:Account:new
15:40:44.1 (82409333)|DML_END|[12]
15:40:44.1 (82648917)|STATEMENT_EXECUTE|[14]
15:40:44.1 (82735223)|HEAP_ALLOCATE|[14]|Bytes:4
15:40:44.1 (82906353)|METHOD_ENTRY|[14]|01pg8000001w1Mi|TestFactorySObject.createSObject(SObject)
15:40:44.1 (82934434)|VARIABLE_SCOPE_BEGIN|[27]|this|TestFactorySObject|true|false
15:40:44.1 (82979859)|VARIABLE_ASSIGNMENT|[27]|this|{}|0x395d1c28
15:40:44.1 (82983132)|VARIABLE_SCOPE_BEGIN|[27]|sObj|SObject|true|false
15:40:44.1 (82992127)|VARIABLE_ASSIGNMENT|[27]|sObj|{}|0x6d4cb7e5
15:40:44.1 (83015448)|STATEMENT_EXECUTE|[27]
15:40:44.1 (83018355)|STATEMENT_EXECUTE|[28]
15:40:44.1 (83024744)|METHOD_ENTRY|[28]|01pg8000001w1Mi|TestFactorySObject.validateSObject(SObject)
15:40:44.1 (83028347)|VARIABLE_SCOPE_BEGIN|[13]|sObj|SObject|true|false
15:40:44.1 (83032297)|VARIABLE_ASSIGNMENT|[13]|sObj|{}|0x6d4cb7e5
15:40:44.1 (83037475)|STATEMENT_EXECUTE|[13]
15:40:44.1 (83040264)|STATEMENT_EXECUTE|[14]
15:40:44.1 (83045469)|METHOD_EXIT|[28]|01pg8000001w1Mi|TestFactorySObject.validateSObject(SObject)
15:40:44.1 (83048935)|STATEMENT_EXECUTE|[30]
15:40:44.1 (83108190)|HEAP_ALLOCATE|[30]|Bytes:10
15:40:44.1 (83115278)|VARIABLE_SCOPE_BEGIN|[30]|objectName|String|false|false
15:40:44.1 (83129176)|VARIABLE_ASSIGNMENT|[30]|objectName|"Country__c"
15:40:44.1 (83157180)|STATEMENT_EXECUTE|[31]
15:40:44.1 (83158725)|STATEMENT_EXECUTE|[35]
15:40:44.1 (83176594)|HEAP_ALLOCATE|[36]|Bytes:7
15:40:44.1 (83185315)|HEAP_ALLOCATE|[36]|Bytes:37
15:40:44.1 (83187505)|VARIABLE_SCOPE_BEGIN|[35]|defaultClassName|String|false|false
15:40:44.1 (83194637)|VARIABLE_ASSIGNMENT|[35]|defaultClassName|"TemplateDefaultField (17 more) ..."
15:40:44.1 (83197366)|STATEMENT_EXECUTE|[38]
15:40:44.1 (83201275)|METHOD_ENTRY|[38]|01pg8000001w1Mi|TestFactorySObject.dispatchSObjectCreation(SObject, String)
15:40:44.1 (83204398)|VARIABLE_SCOPE_BEGIN|[42]|this|TestFactorySObject|true|false
15:40:44.1 (83213133)|VARIABLE_ASSIGNMENT|[42]|this|{}|0x395d1c28
15:40:44.1 (83215711)|VARIABLE_SCOPE_BEGIN|[42]|sObj|SObject|true|false
15:40:44.1 (83219636)|VARIABLE_ASSIGNMENT|[42]|sObj|{}|0x6d4cb7e5
15:40:44.1 (83222370)|VARIABLE_SCOPE_BEGIN|[42]|defaultClassName|String|false|false
15:40:44.1 (83226537)|VARIABLE_ASSIGNMENT|[42]|defaultClassName|"TemplateDefaultField (17 more) ..."
15:40:44.1 (83231526)|STATEMENT_EXECUTE|[42]
15:40:44.1 (83232902)|STATEMENT_EXECUTE|[44]
15:40:44.1 (83236503)|METHOD_ENTRY|[44]||System.Type.forName(String)
15:40:44.1 (85182749)|METHOD_EXIT|[44]||System.Type.forName(String)
15:40:44.1 (85196018)|VARIABLE_SCOPE_BEGIN|[44]|t|System.Type|true|false
15:40:44.1 (85234407)|VARIABLE_ASSIGNMENT|[44]|t|{"aot":"0x58dd971d"}|0xc1408ec
15:40:44.1 (85248563)|STATEMENT_EXECUTE|[45]
15:40:44.1 (85250788)|STATEMENT_EXECUTE|[51]
15:40:44.1 (85255866)|METHOD_ENTRY|[52]||System.Type.newInstance()
15:40:44.1 (85432581)|STATEMENT_EXECUTE|[19]
15:40:44.1 (85444540)|METHOD_EXIT|[52]||System.Type.newInstance()
15:40:44.1 (85453610)|VARIABLE_SCOPE_BEGIN|[51]|defaults|TemplateDefaultFields.FieldDefaults|true|false
15:40:44.1 (85464523)|VARIABLE_ASSIGNMENT|[51]|defaults|{}|0x6062f997
15:40:44.1 (85467960)|STATEMENT_EXECUTE|[53]
15:40:44.1 (85494536)|METHOD_ENTRY|[53]|01pg8000001w1Mh|TemplateDefaultFields.CountryDefaults.getFieldDefaults(Decimal)
15:40:44.1 (85498872)|VARIABLE_SCOPE_BEGIN|[20]|this|TemplateDefaultFields.CountryDefaults|true|false
15:40:44.1 (85504802)|VARIABLE_ASSIGNMENT|[20]|this|{}|0x6062f997
15:40:44.1 (85508547)|VARIABLE_SCOPE_BEGIN|[20]|countSObjectCreated|Decimal|false|false
15:40:44.1 (85516873)|VARIABLE_ASSIGNMENT|[20]|countSObjectCreated|2
15:40:44.1 (85523747)|STATEMENT_EXECUTE|[20]
15:40:44.1 (85525197)|STATEMENT_EXECUTE|[21]
15:40:44.1 (85538734)|HEAP_ALLOCATE|[21]|Bytes:4
15:40:44.1 (85548877)|HEAP_ALLOCATE|[22]|Bytes:10
15:40:44.1 (85594768)|HEAP_ALLOCATE|[22]|Bytes:1
15:40:44.1 (85604697)|HEAP_ALLOCATE|[22]|Bytes:11
15:40:44.1 (85631562)|HEAP_ALLOCATE|[23]|Bytes:14
15:40:44.1 (85633768)|HEAP_ALLOCATE|[23]|Bytes:1
15:40:44.1 (85641182)|HEAP_ALLOCATE|[23]|Bytes:1
15:40:44.1 (85645752)|HEAP_ALLOCATE|[23]|Bytes:2
15:40:44.1 (85651964)|METHOD_EXIT|[53]|01pg8000001w1Mh|TemplateDefaultFields.CountryDefaults.getFieldDefaults(Decimal)
15:40:44.1 (85656877)|METHOD_ENTRY|[53]|01pg8000001w1Mi|TestFactorySObject.addFieldDefaults(SObject, Map<String,ANY>)
15:40:44.1 (85660522)|VARIABLE_SCOPE_BEGIN|[19]|sObj|SObject|true|false
15:40:44.1 (85669287)|VARIABLE_ASSIGNMENT|[19]|sObj|{}|0x6d4cb7e5
15:40:44.1 (85671836)|VARIABLE_SCOPE_BEGIN|[19]|defaultFields|Map<String,ANY>|true|false
15:40:44.1 (85687707)|VARIABLE_ASSIGNMENT|[19]|defaultFields|{"Name":"País Teste2","CountryCode__c":"P2"}|0x258fe3d8
15:40:44.1 (85694559)|STATEMENT_EXECUTE|[19]
15:40:44.1 (85727072)|HEAP_ALLOCATE|[20]|Bytes:30
15:40:44.1 (85749987)|HEAP_ALLOCATE|[20]|Bytes:5
15:40:44.1 (85762077)|VARIABLE_SCOPE_BEGIN|[20]|fieldApiName|String|false|false
15:40:44.1 (85767316)|VARIABLE_ASSIGNMENT|[20]|fieldApiName|"Name"
15:40:44.1 (85996959)|STATEMENT_EXECUTE|[20]
15:40:44.1 (86098995)|STATEMENT_EXECUTE|[21]
15:40:44.1 (86102235)|STATEMENT_EXECUTE|[22]
15:40:44.1 (86204465)|HEAP_ALLOCATE|[20]|Bytes:5
15:40:44.1 (86217551)|VARIABLE_SCOPE_BEGIN|[20]|fieldApiName|String|false|false
15:40:44.1 (86227685)|VARIABLE_ASSIGNMENT|[20]|fieldApiName|"CountryCode__c"
15:40:44.1 (86233481)|STATEMENT_EXECUTE|[20]
15:40:44.1 (86270552)|STATEMENT_EXECUTE|[21]
15:40:44.1 (86271970)|STATEMENT_EXECUTE|[22]
15:40:44.1 (86305059)|HEAP_ALLOCATE|[20]|Bytes:5
15:40:44.1 (86312314)|VARIABLE_ASSIGNMENT|[20]|fieldApiName|null
15:40:44.1 (86319553)|METHOD_EXIT|[53]|01pg8000001w1Mi|TestFactorySObject.addFieldDefaults(SObject, Map<String,ANY>)
15:40:44.1 (86323459)|STATEMENT_EXECUTE|[54]
15:40:44.1 (86345393)|HEAP_ALLOCATE|[54]|Bytes:28
15:40:44.1 (86347469)|HEAP_ALLOCATE|[54]|Bytes:28
15:40:44.1 (86366859)|HEAP_ALLOCATE|[54]|Bytes:28
15:40:44.1 (86368527)|HEAP_ALLOCATE|[54]|Bytes:28
15:40:44.1 (86383524)|VARIABLE_ASSIGNMENT|[54]|TestFactorySObject.countSObjectCreated|3
15:40:44.1 (86386459)|STATEMENT_EXECUTE|[56]
15:40:44.1 (86389893)|METHOD_EXIT|[38]|01pg8000001w1Mi|TestFactorySObject.dispatchSObjectCreation(SObject, String)
15:40:44.1 (86394264)|METHOD_EXIT|[14]|01pg8000001w1Mi|TestFactorySObject.createSObject(SObject)
15:40:44.1 (86402147)|VARIABLE_SCOPE_BEGIN|[14]|pais|Country__c|true|false
15:40:44.1 (86416074)|VARIABLE_ASSIGNMENT|[14]|pais|{"Name":"País Teste2","CountryCode__c":"P2"}|0x6d4cb7e5
15:40:44.1 (86420210)|STATEMENT_EXECUTE|[15]
15:40:44.1 (86447071)|HEAP_ALLOCATE|[15]|Bytes:8
15:40:44.1 (86462656)|DML_BEGIN|[15]|Op:Insert|Type:Country__c|Rows:1
15:40:44.1 (86496576)|HEAP_ALLOCATE|[EXTERNAL]|Bytes:8
15:40:44.1 (104190911)|DML_END|[15]
15:40:44.1 (104411500)|STATEMENT_EXECUTE|[17]
15:40:44.1 (104492148)|HEAP_ALLOCATE|[17]|Bytes:4
15:40:44.1 (104662795)|METHOD_ENTRY|[17]|01pg8000001w1Mi|TestFactorySObject.createSObject(SObject)
15:40:44.1 (104687884)|VARIABLE_SCOPE_BEGIN|[27]|this|TestFactorySObject|true|false
15:40:44.1 (104732023)|VARIABLE_ASSIGNMENT|[27]|this|{}|0x395d1c28
15:40:44.1 (104735249)|VARIABLE_SCOPE_BEGIN|[27]|sObj|SObject|true|false
15:40:44.1 (104744366)|VARIABLE_ASSIGNMENT|[27]|sObj|{}|0x6789faeb
15:40:44.1 (104785933)|STATEMENT_EXECUTE|[27]
15:40:44.1 (104787627)|STATEMENT_EXECUTE|[28]
15:40:44.1 (104793334)|METHOD_ENTRY|[28]|01pg8000001w1Mi|TestFactorySObject.validateSObject(SObject)
15:40:44.1 (104797077)|VARIABLE_SCOPE_BEGIN|[13]|sObj|SObject|true|false
15:40:44.1 (104801448)|VARIABLE_ASSIGNMENT|[13]|sObj|{}|0x6789faeb
15:40:44.1 (104806363)|STATEMENT_EXECUTE|[13]
15:40:44.1 (104808952)|STATEMENT_EXECUTE|[14]
15:40:44.1 (104813091)|METHOD_EXIT|[28]|01pg8000001w1Mi|TestFactorySObject.validateSObject(SObject)
15:40:44.1 (104816535)|STATEMENT_EXECUTE|[30]
15:40:44.1 (104870599)|HEAP_ALLOCATE|[30]|Bytes:8
15:40:44.1 (104877746)|VARIABLE_SCOPE_BEGIN|[30]|objectName|String|false|false
15:40:44.1 (104889343)|VARIABLE_ASSIGNMENT|[30]|objectName|"State__c"
15:40:44.1 (104909500)|STATEMENT_EXECUTE|[31]
15:40:44.1 (104910931)|STATEMENT_EXECUTE|[35]
15:40:44.1 (104928718)|HEAP_ALLOCATE|[36]|Bytes:5
15:40:44.1 (104937242)|HEAP_ALLOCATE|[36]|Bytes:35
15:40:44.1 (104939246)|VARIABLE_SCOPE_BEGIN|[35]|defaultClassName|String|false|false
15:40:44.1 (104946318)|VARIABLE_ASSIGNMENT|[35]|defaultClassName|"TemplateDefaultField (15 more) ..."
15:40:44.1 (104948802)|STATEMENT_EXECUTE|[38]
15:40:44.1 (104952617)|METHOD_ENTRY|[38]|01pg8000001w1Mi|TestFactorySObject.dispatchSObjectCreation(SObject, String)
15:40:44.1 (104955516)|VARIABLE_SCOPE_BEGIN|[42]|this|TestFactorySObject|true|false
15:40:44.1 (104964303)|VARIABLE_ASSIGNMENT|[42]|this|{}|0x395d1c28
15:40:44.1 (104966999)|VARIABLE_SCOPE_BEGIN|[42]|sObj|SObject|true|false
15:40:44.1 (104970962)|VARIABLE_ASSIGNMENT|[42]|sObj|{}|0x6789faeb
15:40:44.1 (104973795)|VARIABLE_SCOPE_BEGIN|[42]|defaultClassName|String|false|false
15:40:44.1 (104977911)|VARIABLE_ASSIGNMENT|[42]|defaultClassName|"TemplateDefaultField (15 more) ..."
15:40:44.1 (104982586)|STATEMENT_EXECUTE|[42]
15:40:44.1 (104983842)|STATEMENT_EXECUTE|[44]
15:40:44.1 (104987556)|METHOD_ENTRY|[44]||System.Type.forName(String)
15:40:44.1 (107017080)|METHOD_EXIT|[44]||System.Type.forName(String)
15:40:44.1 (107027914)|VARIABLE_SCOPE_BEGIN|[44]|t|System.Type|true|false
15:40:44.1 (107060618)|VARIABLE_ASSIGNMENT|[44]|t|{"aot":"0x448f5a6c"}|0x24a3bfdc
15:40:44.1 (107069159)|STATEMENT_EXECUTE|[45]
15:40:44.1 (107070975)|STATEMENT_EXECUTE|[51]
15:40:44.1 (107075535)|METHOD_ENTRY|[52]||System.Type.newInstance()
15:40:44.1 (107197380)|STATEMENT_EXECUTE|[28]
15:40:44.1 (107207595)|METHOD_EXIT|[52]||System.Type.newInstance()
15:40:44.1 (107216213)|VARIABLE_SCOPE_BEGIN|[51]|defaults|TemplateDefaultFields.FieldDefaults|true|false
15:40:44.1 (107225543)|VARIABLE_ASSIGNMENT|[51]|defaults|{}|0x19d7a809
15:40:44.1 (107229048)|STATEMENT_EXECUTE|[53]
15:40:44.1 (107250540)|METHOD_ENTRY|[53]|01pg8000001w1Mh|TemplateDefaultFields.StateDefaults.getFieldDefaults(Decimal)
15:40:44.1 (107254303)|VARIABLE_SCOPE_BEGIN|[29]|this|TemplateDefaultFields.StateDefaults|true|false
15:40:44.1 (107259876)|VARIABLE_ASSIGNMENT|[29]|this|{}|0x19d7a809
15:40:44.1 (107263472)|VARIABLE_SCOPE_BEGIN|[29]|countSObjectCreated|Decimal|false|false
15:40:44.1 (107271531)|VARIABLE_ASSIGNMENT|[29]|countSObjectCreated|3
15:40:44.1 (107277858)|STATEMENT_EXECUTE|[29]
15:40:44.1 (107278994)|STATEMENT_EXECUTE|[30]
15:40:44.1 (107292689)|HEAP_ALLOCATE|[30]|Bytes:4
15:40:44.1 (107302572)|HEAP_ALLOCATE|[31]|Bytes:12
15:40:44.1 (107346526)|HEAP_ALLOCATE|[31]|Bytes:1
15:40:44.1 (107356343)|HEAP_ALLOCATE|[31]|Bytes:13
15:40:44.1 (107384016)|HEAP_ALLOCATE|[32]|Bytes:12
15:40:44.1 (107386172)|HEAP_ALLOCATE|[32]|Bytes:1
15:40:44.1 (107395769)|HEAP_ALLOCATE|[32]|Bytes:1
15:40:44.1 (107400276)|HEAP_ALLOCATE|[32]|Bytes:2
15:40:44.1 (107406557)|METHOD_EXIT|[53]|01pg8000001w1Mh|TemplateDefaultFields.StateDefaults.getFieldDefaults(Decimal)
15:40:44.1 (107411377)|METHOD_ENTRY|[53]|01pg8000001w1Mi|TestFactorySObject.addFieldDefaults(SObject, Map<String,ANY>)
15:40:44.1 (107414564)|VARIABLE_SCOPE_BEGIN|[19]|sObj|SObject|true|false
15:40:44.1 (107423374)|VARIABLE_ASSIGNMENT|[19]|sObj|{}|0x6789faeb
15:40:44.1 (107426234)|VARIABLE_SCOPE_BEGIN|[19]|defaultFields|Map<String,ANY>|true|false
15:40:44.1 (107441532)|VARIABLE_ASSIGNMENT|[19]|defaultFields|{"Name":"Estado Teste3","StateCode__c":"E3"}|0x5e7f21f
15:40:44.1 (107447245)|STATEMENT_EXECUTE|[19]
15:40:44.1 (107477667)|HEAP_ALLOCATE|[20]|Bytes:28
15:40:44.1 (107500949)|HEAP_ALLOCATE|[20]|Bytes:5
15:40:44.1 (107512704)|VARIABLE_SCOPE_BEGIN|[20]|fieldApiName|String|false|false
15:40:44.1 (107517497)|VARIABLE_ASSIGNMENT|[20]|fieldApiName|"Name"
15:40:44.1 (107520974)|STATEMENT_EXECUTE|[20]
15:40:44.1 (107599021)|STATEMENT_EXECUTE|[21]
15:40:44.1 (107600461)|STATEMENT_EXECUTE|[22]
15:40:44.1 (107670533)|HEAP_ALLOCATE|[20]|Bytes:5
15:40:44.1 (107676066)|VARIABLE_SCOPE_BEGIN|[20]|fieldApiName|String|false|false
15:40:44.1 (107681121)|VARIABLE_ASSIGNMENT|[20]|fieldApiName|"StateCode__c"
15:40:44.1 (107683811)|STATEMENT_EXECUTE|[20]
15:40:44.1 (107708244)|STATEMENT_EXECUTE|[21]
15:40:44.1 (107709405)|STATEMENT_EXECUTE|[22]
15:40:44.1 (107737156)|HEAP_ALLOCATE|[20]|Bytes:5
15:40:44.1 (107743166)|VARIABLE_ASSIGNMENT|[20]|fieldApiName|null
15:40:44.1 (107748656)|METHOD_EXIT|[53]|01pg8000001w1Mi|TestFactorySObject.addFieldDefaults(SObject, Map<String,ANY>)
15:40:44.1 (107796259)|STATEMENT_EXECUTE|[54]
15:40:44.1 (107817005)|HEAP_ALLOCATE|[54]|Bytes:28
15:40:44.1 (107819426)|HEAP_ALLOCATE|[54]|Bytes:28
15:40:44.1 (107838997)|HEAP_ALLOCATE|[54]|Bytes:28
15:40:44.1 (107840531)|HEAP_ALLOCATE|[54]|Bytes:28
15:40:44.1 (107853967)|VARIABLE_ASSIGNMENT|[54]|TestFactorySObject.countSObjectCreated|4
15:40:44.1 (107856600)|STATEMENT_EXECUTE|[56]
15:40:44.1 (107859821)|METHOD_EXIT|[38]|01pg8000001w1Mi|TestFactorySObject.dispatchSObjectCreation(SObject, String)
15:40:44.1 (107863917)|METHOD_EXIT|[17]|01pg8000001w1Mi|TestFactorySObject.createSObject(SObject)
15:40:44.1 (107871058)|VARIABLE_SCOPE_BEGIN|[17]|estado1|State__c|true|false
15:40:44.1 (107880473)|VARIABLE_ASSIGNMENT|[17]|estado1|{"Name":"Estado Teste3","StateCode__c":"E3"}|0x6789faeb
15:40:44.1 (107884008)|STATEMENT_EXECUTE|[18]
15:40:44.1 (107966495)|VARIABLE_ASSIGNMENT|[18]|this.Country__c|"a03g80000084ySPAAY"|0x6789faeb
15:40:44.1 (107970345)|STATEMENT_EXECUTE|[19]
15:40:44.1 (107993838)|HEAP_ALLOCATE|[19]|Bytes:8
15:40:44.1 (108009522)|DML_BEGIN|[19]|Op:Insert|Type:State__c|Rows:1
15:40:44.1 (108044667)|HEAP_ALLOCATE|[EXTERNAL]|Bytes:8
15:40:44.1 (112168984)|CODE_UNIT_STARTED|[EXTERNAL]|Validation:State:new
15:40:44.1 (112193959)|VALIDATION_RULE|03dg8000000VA7x|Estado_Precisa_de_Pais
15:40:44.1 (112318554)|VALIDATION_FORMULA|ISBLANK(Country__c)|Country__c=a03g80000084ySP
15:40:44.1 (112323981)|VALIDATION_PASS
15:40:44.1 (112329697)|CODE_UNIT_FINISHED|Validation:State:new
15:40:44.1 (126571189)|DML_END|[19]
15:40:44.1 (126836525)|STATEMENT_EXECUTE|[21]
15:40:44.1 (126920214)|HEAP_ALLOCATE|[21]|Bytes:4
15:40:44.1 (127084718)|METHOD_ENTRY|[21]|01pg8000001w1Mi|TestFactorySObject.createSObject(SObject)
15:40:44.1 (127113655)|VARIABLE_SCOPE_BEGIN|[27]|this|TestFactorySObject|true|false
15:40:44.1 (127158756)|VARIABLE_ASSIGNMENT|[27]|this|{}|0x395d1c28
15:40:44.1 (127161891)|VARIABLE_SCOPE_BEGIN|[27]|sObj|SObject|true|false
15:40:44.1 (127170751)|VARIABLE_ASSIGNMENT|[27]|sObj|{}|0x70d67774
15:40:44.1 (127187897)|STATEMENT_EXECUTE|[27]
15:40:44.1 (127404353)|STATEMENT_EXECUTE|[28]
15:40:44.1 (127411138)|METHOD_ENTRY|[28]|01pg8000001w1Mi|TestFactorySObject.validateSObject(SObject)
15:40:44.1 (127415295)|VARIABLE_SCOPE_BEGIN|[13]|sObj|SObject|true|false
15:40:44.1 (127419803)|VARIABLE_ASSIGNMENT|[13]|sObj|{}|0x70d67774
15:40:44.1 (127425095)|STATEMENT_EXECUTE|[13]
15:40:44.1 (127427623)|STATEMENT_EXECUTE|[14]
15:40:44.1 (127431900)|METHOD_EXIT|[28]|01pg8000001w1Mi|TestFactorySObject.validateSObject(SObject)
15:40:44.1 (127435058)|STATEMENT_EXECUTE|[30]
15:40:44.1 (127496738)|HEAP_ALLOCATE|[30]|Bytes:7
15:40:44.1 (127506019)|VARIABLE_SCOPE_BEGIN|[30]|objectName|String|false|false
15:40:44.1 (127521220)|VARIABLE_ASSIGNMENT|[30]|objectName|"City__c"
15:40:44.1 (127544183)|STATEMENT_EXECUTE|[31]
15:40:44.1 (127545363)|STATEMENT_EXECUTE|[35]
15:40:44.1 (127561933)|HEAP_ALLOCATE|[36]|Bytes:4
15:40:44.1 (127570004)|HEAP_ALLOCATE|[36]|Bytes:34
15:40:44.1 (127572044)|VARIABLE_SCOPE_BEGIN|[35]|defaultClassName|String|false|false
15:40:44.1 (127578762)|VARIABLE_ASSIGNMENT|[35]|defaultClassName|"TemplateDefaultField (14 more) ..."
15:40:44.1 (127581181)|STATEMENT_EXECUTE|[38]
15:40:44.1 (127585022)|METHOD_ENTRY|[38]|01pg8000001w1Mi|TestFactorySObject.dispatchSObjectCreation(SObject, String)
15:40:44.1 (127588092)|VARIABLE_SCOPE_BEGIN|[42]|this|TestFactorySObject|true|false
15:40:44.1 (127597534)|VARIABLE_ASSIGNMENT|[42]|this|{}|0x395d1c28
15:40:44.1 (127600102)|VARIABLE_SCOPE_BEGIN|[42]|sObj|SObject|true|false
15:40:44.1 (127603993)|VARIABLE_ASSIGNMENT|[42]|sObj|{}|0x70d67774
15:40:44.1 (127606865)|VARIABLE_SCOPE_BEGIN|[42]|defaultClassName|String|false|false
15:40:44.1 (127611257)|VARIABLE_ASSIGNMENT|[42]|defaultClassName|"TemplateDefaultField (14 more) ..."
15:40:44.1 (127615901)|STATEMENT_EXECUTE|[42]
15:40:44.1 (127617063)|STATEMENT_EXECUTE|[44]
15:40:44.1 (127621478)|METHOD_ENTRY|[44]||System.Type.forName(String)
15:40:44.1 (129780269)|METHOD_EXIT|[44]||System.Type.forName(String)
15:40:44.1 (129791360)|VARIABLE_SCOPE_BEGIN|[44]|t|System.Type|true|false
15:40:44.1 (129826105)|VARIABLE_ASSIGNMENT|[44]|t|{"aot":"0x192edc21"}|0x3ec611ab
15:40:44.1 (129833307)|STATEMENT_EXECUTE|[45]
15:40:44.1 (129835089)|STATEMENT_EXECUTE|[51]
15:40:44.1 (129839857)|METHOD_ENTRY|[52]||System.Type.newInstance()
15:40:44.1 (129963099)|STATEMENT_EXECUTE|[37]
15:40:44.1 (129972575)|METHOD_EXIT|[52]||System.Type.newInstance()
15:40:44.1 (129981477)|VARIABLE_SCOPE_BEGIN|[51]|defaults|TemplateDefaultFields.FieldDefaults|true|false
15:40:44.1 (129990840)|VARIABLE_ASSIGNMENT|[51]|defaults|{}|0x36ed0f84
15:40:44.1 (129994239)|STATEMENT_EXECUTE|[53]
15:40:44.1 (130015988)|METHOD_ENTRY|[53]|01pg8000001w1Mh|TemplateDefaultFields.CityDefaults.getFieldDefaults(Decimal)
15:40:44.1 (130020179)|VARIABLE_SCOPE_BEGIN|[38]|this|TemplateDefaultFields.CityDefaults|true|false
15:40:44.1 (130025453)|VARIABLE_ASSIGNMENT|[38]|this|{}|0x36ed0f84
15:40:44.1 (130028978)|VARIABLE_SCOPE_BEGIN|[38]|countSObjectCreated|Decimal|false|false
15:40:44.1 (130037969)|VARIABLE_ASSIGNMENT|[38]|countSObjectCreated|4
15:40:44.1 (130043615)|STATEMENT_EXECUTE|[38]
15:40:44.1 (130044773)|STATEMENT_EXECUTE|[39]
15:40:44.1 (130058684)|HEAP_ALLOCATE|[39]|Bytes:4
15:40:44.1 (130068112)|HEAP_ALLOCATE|[40]|Bytes:12
15:40:44.1 (130110698)|HEAP_ALLOCATE|[40]|Bytes:1
15:40:44.1 (130120460)|HEAP_ALLOCATE|[40]|Bytes:13
15:40:44.1 (130153843)|HEAP_ALLOCATE|[41]|Bytes:11
15:40:44.1 (130156785)|HEAP_ALLOCATE|[41]|Bytes:1
15:40:44.1 (130164390)|HEAP_ALLOCATE|[41]|Bytes:1
15:40:44.1 (130168948)|HEAP_ALLOCATE|[41]|Bytes:2
15:40:44.1 (130175410)|METHOD_EXIT|[53]|01pg8000001w1Mh|TemplateDefaultFields.CityDefaults.getFieldDefaults(Decimal)
15:40:44.1 (130180506)|METHOD_ENTRY|[53]|01pg8000001w1Mi|TestFactorySObject.addFieldDefaults(SObject, Map<String,ANY>)
15:40:44.1 (130184312)|VARIABLE_SCOPE_BEGIN|[19]|sObj|SObject|true|false
15:40:44.1 (130194020)|VARIABLE_ASSIGNMENT|[19]|sObj|{}|0x70d67774
15:40:44.1 (130196639)|VARIABLE_SCOPE_BEGIN|[19]|defaultFields|Map<String,ANY>|true|false
15:40:44.1 (130212057)|VARIABLE_ASSIGNMENT|[19]|defaultFields|{"Name":"Cidade Teste4","CityCode__c":"C4"}|0x175ccc01
15:40:44.1 (130217828)|STATEMENT_EXECUTE|[19]
15:40:44.1 (130248605)|HEAP_ALLOCATE|[20]|Bytes:27
15:40:44.1 (130272032)|HEAP_ALLOCATE|[20]|Bytes:5
15:40:44.1 (130283540)|VARIABLE_SCOPE_BEGIN|[20]|fieldApiName|String|false|false
15:40:44.1 (130288696)|VARIABLE_ASSIGNMENT|[20]|fieldApiName|"Name"
15:40:44.1 (130292185)|STATEMENT_EXECUTE|[20]
15:40:44.1 (130364959)|STATEMENT_EXECUTE|[21]
15:40:44.1 (130366317)|STATEMENT_EXECUTE|[22]
15:40:44.1 (130433687)|HEAP_ALLOCATE|[20]|Bytes:5
15:40:44.1 (130439033)|VARIABLE_SCOPE_BEGIN|[20]|fieldApiName|String|false|false
15:40:44.1 (130444161)|VARIABLE_ASSIGNMENT|[20]|fieldApiName|"CityCode__c"
15:40:44.1 (130446779)|STATEMENT_EXECUTE|[20]
15:40:44.1 (130469349)|STATEMENT_EXECUTE|[21]
15:40:44.1 (130470602)|STATEMENT_EXECUTE|[22]
15:40:44.1 (130498104)|HEAP_ALLOCATE|[20]|Bytes:5
15:40:44.1 (130504203)|VARIABLE_ASSIGNMENT|[20]|fieldApiName|null
15:40:44.1 (130509986)|METHOD_EXIT|[53]|01pg8000001w1Mi|TestFactorySObject.addFieldDefaults(SObject, Map<String,ANY>)
15:40:44.1 (130512933)|STATEMENT_EXECUTE|[54]
15:40:44.1 (130533849)|HEAP_ALLOCATE|[54]|Bytes:28
15:40:44.1 (130536818)|HEAP_ALLOCATE|[54]|Bytes:28
15:40:44.1 (130559268)|HEAP_ALLOCATE|[54]|Bytes:28
15:40:44.1 (130561636)|HEAP_ALLOCATE|[54]|Bytes:28
15:40:44.1 (130575863)|VARIABLE_ASSIGNMENT|[54]|TestFactorySObject.countSObjectCreated|5
15:40:44.1 (130578372)|STATEMENT_EXECUTE|[56]
15:40:44.1 (130581441)|METHOD_EXIT|[38]|01pg8000001w1Mi|TestFactorySObject.dispatchSObjectCreation(SObject, String)
15:40:44.1 (130585237)|METHOD_EXIT|[21]|01pg8000001w1Mi|TestFactorySObject.createSObject(SObject)
15:40:44.1 (130592122)|VARIABLE_SCOPE_BEGIN|[21]|cidade|City__c|true|false
15:40:44.1 (130601822)|VARIABLE_ASSIGNMENT|[21]|cidade|{"Name":"Cidade Teste4","CityCode__c":"C4"}|0x70d67774
15:40:44.1 (130604958)|STATEMENT_EXECUTE|[22]
15:40:44.1 (130681728)|VARIABLE_ASSIGNMENT|[22]|this.State__c|"a04g8000000b50jAAA"|0x70d67774
15:40:44.1 (130685365)|STATEMENT_EXECUTE|[23]
15:40:44.1 (130710000)|HEAP_ALLOCATE|[23]|Bytes:8
15:40:44.1 (130725255)|DML_BEGIN|[23]|Op:Insert|Type:City__c|Rows:1
15:40:44.1 (130756436)|HEAP_ALLOCATE|[EXTERNAL]|Bytes:8
15:40:44.1 (135404279)|CODE_UNIT_STARTED|[EXTERNAL]|Validation:City:new
15:40:44.1 (135429238)|VALIDATION_RULE|03dg8000000VA7F|Cidade_Precisa_de_Estado
15:40:44.1 (135582758)|VALIDATION_FORMULA|ISBLANK(State__c)|State__c=a04g8000000b50j
15:40:44.1 (135590184)|VALIDATION_PASS
15:40:44.1 (135596749)|CODE_UNIT_FINISHED|Validation:City:new
15:40:44.1 (149196078)|DML_END|[23]
15:40:44.1 (149360194)|STATEMENT_EXECUTE|[25]
15:40:44.1 (149454917)|HEAP_ALLOCATE|[25]|Bytes:4
15:40:44.1 (149612986)|METHOD_ENTRY|[25]|01pg8000001w1Mi|TestFactorySObject.createSObject(SObject)
15:40:44.1 (149640928)|VARIABLE_SCOPE_BEGIN|[27]|this|TestFactorySObject|true|false
15:40:44.1 (149683624)|VARIABLE_ASSIGNMENT|[27]|this|{}|0x395d1c28
15:40:44.1 (149686987)|VARIABLE_SCOPE_BEGIN|[27]|sObj|SObject|true|false
15:40:44.1 (149695198)|VARIABLE_ASSIGNMENT|[27]|sObj|{}|0x51f704c1
15:40:44.1 (149714001)|STATEMENT_EXECUTE|[27]
15:40:44.1 (149715265)|STATEMENT_EXECUTE|[28]
15:40:44.1 (149720601)|METHOD_ENTRY|[28]|01pg8000001w1Mi|TestFactorySObject.validateSObject(SObject)
15:40:44.1 (149724358)|VARIABLE_SCOPE_BEGIN|[13]|sObj|SObject|true|false
15:40:44.1 (149728011)|VARIABLE_ASSIGNMENT|[13]|sObj|{}|0x51f704c1
15:40:44.1 (149732726)|STATEMENT_EXECUTE|[13]
15:40:44.1 (149734927)|STATEMENT_EXECUTE|[14]
15:40:44.1 (149739484)|METHOD_EXIT|[28]|01pg8000001w1Mi|TestFactorySObject.validateSObject(SObject)
15:40:44.1 (149742273)|STATEMENT_EXECUTE|[30]
15:40:44.1 (149798627)|HEAP_ALLOCATE|[30]|Bytes:21
15:40:44.1 (149805518)|VARIABLE_SCOPE_BEGIN|[30]|objectName|String|false|false
15:40:44.1 (149819895)|VARIABLE_ASSIGNMENT|[30]|objectName|"DistributionCenter__ (1 more) ..."
15:40:44.1 (149841065)|STATEMENT_EXECUTE|[31]
15:40:44.1 (149842266)|STATEMENT_EXECUTE|[35]
15:40:44.1 (149860394)|HEAP_ALLOCATE|[36]|Bytes:18
15:40:44.1 (149868196)|HEAP_ALLOCATE|[36]|Bytes:48
15:40:44.1 (149870411)|VARIABLE_SCOPE_BEGIN|[35]|defaultClassName|String|false|false
15:40:44.1 (149876490)|VARIABLE_ASSIGNMENT|[35]|defaultClassName|"TemplateDefaultField (28 more) ..."
15:40:44.1 (149878740)|STATEMENT_EXECUTE|[38]
15:40:44.1 (149882413)|METHOD_ENTRY|[38]|01pg8000001w1Mi|TestFactorySObject.dispatchSObjectCreation(SObject, String)
15:40:44.1 (149885688)|VARIABLE_SCOPE_BEGIN|[42]|this|TestFactorySObject|true|false
15:40:44.1 (149894010)|VARIABLE_ASSIGNMENT|[42]|this|{}|0x395d1c28
15:40:44.1 (149896817)|VARIABLE_SCOPE_BEGIN|[42]|sObj|SObject|true|false
15:40:44.1 (149900770)|VARIABLE_ASSIGNMENT|[42]|sObj|{}|0x51f704c1
15:40:44.1 (149903387)|VARIABLE_SCOPE_BEGIN|[42]|defaultClassName|String|false|false
15:40:44.1 (149907848)|VARIABLE_ASSIGNMENT|[42]|defaultClassName|"TemplateDefaultField (28 more) ..."
15:40:44.1 (149912330)|STATEMENT_EXECUTE|[42]
15:40:44.1 (149913272)|STATEMENT_EXECUTE|[44]
15:40:44.1 (149917267)|METHOD_ENTRY|[44]||System.Type.forName(String)
15:40:44.1 (151913055)|METHOD_EXIT|[44]||System.Type.forName(String)
15:40:44.1 (151923213)|VARIABLE_SCOPE_BEGIN|[44]|t|System.Type|true|false
15:40:44.1 (151955933)|VARIABLE_ASSIGNMENT|[44]|t|{"aot":"0x4c1f3f50"}|0x5eafb95b
15:40:44.1 (151960948)|STATEMENT_EXECUTE|[45]
15:40:44.1 (151962643)|STATEMENT_EXECUTE|[51]
15:40:44.1 (151967138)|METHOD_ENTRY|[52]||System.Type.newInstance()
15:40:44.1 (152087425)|STATEMENT_EXECUTE|[46]
15:40:44.1 (152097544)|METHOD_EXIT|[52]||System.Type.newInstance()
15:40:44.1 (152106212)|VARIABLE_SCOPE_BEGIN|[51]|defaults|TemplateDefaultFields.FieldDefaults|true|false
15:40:44.1 (152115043)|VARIABLE_ASSIGNMENT|[51]|defaults|{}|0x4750a1a6
15:40:44.1 (152117828)|STATEMENT_EXECUTE|[53]
15:40:44.1 (152138806)|METHOD_ENTRY|[53]|01pg8000001w1Mh|TemplateDefaultFields.DistributionCenterDefaults.getFieldDefaults(Decimal)
15:40:44.1 (152143002)|VARIABLE_SCOPE_BEGIN|[47]|this|TemplateDefaultFields.DistributionCenterDefaults|true|false
15:40:44.1 (152148231)|VARIABLE_ASSIGNMENT|[47]|this|{}|0x4750a1a6
15:40:44.1 (152151988)|VARIABLE_SCOPE_BEGIN|[47]|countSObjectCreated|Decimal|false|false
15:40:44.1 (152159924)|VARIABLE_ASSIGNMENT|[47]|countSObjectCreated|5
15:40:44.1 (152170222)|STATEMENT_EXECUTE|[47]
15:40:44.1 (152171179)|STATEMENT_EXECUTE|[48]
15:40:44.1 (152184367)|HEAP_ALLOCATE|[48]|Bytes:4
15:40:44.1 (152194292)|HEAP_ALLOCATE|[49]|Bytes:28
15:40:44.1 (152235911)|HEAP_ALLOCATE|[49]|Bytes:1
15:40:44.1 (152244609)|HEAP_ALLOCATE|[49]|Bytes:29
15:40:44.1 (152271111)|HEAP_ALLOCATE|[50]|Bytes:25
15:40:44.1 (152273291)|HEAP_ALLOCATE|[50]|Bytes:2
15:40:44.1 (152280544)|HEAP_ALLOCATE|[50]|Bytes:1
15:40:44.1 (152284914)|HEAP_ALLOCATE|[50]|Bytes:3
15:40:44.1 (152291375)|METHOD_EXIT|[53]|01pg8000001w1Mh|TemplateDefaultFields.DistributionCenterDefaults.getFieldDefaults(Decimal)
15:40:44.1 (152296741)|METHOD_ENTRY|[53]|01pg8000001w1Mi|TestFactorySObject.addFieldDefaults(SObject, Map<String,ANY>)
15:40:44.1 (152300264)|VARIABLE_SCOPE_BEGIN|[19]|sObj|SObject|true|false
15:40:44.1 (152309685)|VARIABLE_ASSIGNMENT|[19]|sObj|{}|0x51f704c1
15:40:44.1 (152312353)|VARIABLE_SCOPE_BEGIN|[19]|defaultFields|Map<String,ANY>|true|false
15:40:44.1 (152327786)|VARIABLE_ASSIGNMENT|[19]|defaultFields|{"Name":"Centro de Distribuiç (9 more) ...","DistributionCenterCode__c":"DC5"}|0xc3e6f4b
15:40:44.1 (152333972)|STATEMENT_EXECUTE|[19]
15:40:44.1 (152363211)|HEAP_ALLOCATE|[20]|Bytes:41
15:40:44.1 (152384888)|HEAP_ALLOCATE|[20]|Bytes:5
15:40:44.1 (152396436)|VARIABLE_SCOPE_BEGIN|[20]|fieldApiName|String|false|false
15:40:44.1 (152401208)|VARIABLE_ASSIGNMENT|[20]|fieldApiName|"Name"
15:40:44.1 (152404456)|STATEMENT_EXECUTE|[20]
15:40:44.1 (152476630)|STATEMENT_EXECUTE|[21]
15:40:44.1 (152477831)|STATEMENT_EXECUTE|[22]
15:40:44.1 (152548758)|HEAP_ALLOCATE|[20]|Bytes:5
15:40:44.1 (152556122)|VARIABLE_SCOPE_BEGIN|[20]|fieldApiName|String|false|false
15:40:44.1 (152563753)|VARIABLE_ASSIGNMENT|[20]|fieldApiName|"DistributionCenterCo (5 more) ..."
15:40:44.1 (152567211)|STATEMENT_EXECUTE|[20]
15:40:44.1 (152612590)|STATEMENT_EXECUTE|[21]
15:40:44.1 (152613914)|STATEMENT_EXECUTE|[22]
15:40:44.1 (152655673)|HEAP_ALLOCATE|[20]|Bytes:5
15:40:44.1 (152664665)|VARIABLE_ASSIGNMENT|[20]|fieldApiName|null
15:40:44.1 (152673953)|METHOD_EXIT|[53]|01pg8000001w1Mi|TestFactorySObject.addFieldDefaults(SObject, Map<String,ANY>)
15:40:44.1 (152678735)|STATEMENT_EXECUTE|[54]
15:40:44.1 (152702624)|HEAP_ALLOCATE|[54]|Bytes:28
15:40:44.1 (152705293)|HEAP_ALLOCATE|[54]|Bytes:28
15:40:44.1 (152728674)|HEAP_ALLOCATE|[54]|Bytes:28
15:40:44.1 (152732007)|HEAP_ALLOCATE|[54]|Bytes:28
15:40:44.1 (152752274)|VARIABLE_ASSIGNMENT|[54]|TestFactorySObject.countSObjectCreated|6
15:40:44.1 (152755797)|STATEMENT_EXECUTE|[56]
15:40:44.1 (152760577)|METHOD_EXIT|[38]|01pg8000001w1Mi|TestFactorySObject.dispatchSObjectCreation(SObject, String)
15:40:44.1 (152765970)|METHOD_EXIT|[25]|01pg8000001w1Mi|TestFactorySObject.createSObject(SObject)
15:40:44.1 (152775907)|VARIABLE_SCOPE_BEGIN|[25]|dc|DistributionCenter__c|true|false
15:40:44.1 (152789964)|VARIABLE_ASSIGNMENT|[25]|dc|{"Name":"Centro de Distribuiç (9 more) ...","DistributionCenterCode__c":"DC5"}|0x51f704c1
15:40:44.1 (152793606)|STATEMENT_EXECUTE|[26]
15:40:44.1 (152879214)|VARIABLE_ASSIGNMENT|[26]|this.City__c|"a05g8000002BeozAAC"|0x51f704c1
15:40:44.1 (152882609)|STATEMENT_EXECUTE|[27]
15:40:44.1 (152904685)|VARIABLE_ASSIGNMENT|[27]|this.State__c|"a04g8000000b50jAAA"|0x51f704c1
15:40:44.1 (152907541)|STATEMENT_EXECUTE|[28]
15:40:44.1 (152926484)|VARIABLE_ASSIGNMENT|[28]|this.Country__c|"a03g80000084ySPAAY"|0x51f704c1
15:40:44.1 (152929366)|STATEMENT_EXECUTE|[29]
15:40:44.1 (152954144)|HEAP_ALLOCATE|[29]|Bytes:8
15:40:44.1 (152970814)|DML_BEGIN|[29]|Op:Insert|Type:DistributionCenter__c|Rows:1
15:40:44.1 (153005874)|HEAP_ALLOCATE|[EXTERNAL]|Bytes:8
15:40:44.1 (173672058)|DML_END|[29]
15:40:44.1 (173851558)|STATEMENT_EXECUTE|[31]
15:40:44.1 (173915714)|HEAP_ALLOCATE|[31]|Bytes:4
15:40:44.1 (174033418)|METHOD_ENTRY|[31]|01pg8000001w1Mi|TestFactorySObject.createSObject(SObject)
15:40:44.1 (174059610)|VARIABLE_SCOPE_BEGIN|[27]|this|TestFactorySObject|true|false
15:40:44.1 (174102306)|VARIABLE_ASSIGNMENT|[27]|this|{}|0x395d1c28
15:40:44.1 (174105731)|VARIABLE_SCOPE_BEGIN|[27]|sObj|SObject|true|false
15:40:44.1 (174113381)|VARIABLE_ASSIGNMENT|[27]|sObj|{}|0x4e7a910b
15:40:44.1 (174128278)|STATEMENT_EXECUTE|[27]
15:40:44.1 (174129370)|STATEMENT_EXECUTE|[28]
15:40:44.1 (174134276)|METHOD_ENTRY|[28]|01pg8000001w1Mi|TestFactorySObject.validateSObject(SObject)
15:40:44.1 (174137730)|VARIABLE_SCOPE_BEGIN|[13]|sObj|SObject|true|false
15:40:44.1 (174141445)|VARIABLE_ASSIGNMENT|[13]|sObj|{}|0x4e7a910b
15:40:44.1 (174145740)|STATEMENT_EXECUTE|[13]
15:40:44.1 (174147761)|STATEMENT_EXECUTE|[14]
15:40:44.1 (174151400)|METHOD_EXIT|[28]|01pg8000001w1Mi|TestFactorySObject.validateSObject(SObject)
15:40:44.1 (174154223)|STATEMENT_EXECUTE|[30]
15:40:44.1 (174204044)|HEAP_ALLOCATE|[30]|Bytes:19
15:40:44.1 (174210090)|VARIABLE_SCOPE_BEGIN|[30]|objectName|String|false|false
15:40:44.1 (174222211)|VARIABLE_ASSIGNMENT|[30]|objectName|"ProductHierarchy__c"
15:40:44.1 (174238134)|STATEMENT_EXECUTE|[31]
15:40:44.1 (174239314)|STATEMENT_EXECUTE|[35]
15:40:44.1 (174256573)|HEAP_ALLOCATE|[36]|Bytes:16
15:40:44.1 (174263484)|HEAP_ALLOCATE|[36]|Bytes:46
15:40:44.1 (174265435)|VARIABLE_SCOPE_BEGIN|[35]|defaultClassName|String|false|false
15:40:44.1 (174271829)|VARIABLE_ASSIGNMENT|[35]|defaultClassName|"TemplateDefaultField (26 more) ..."
15:40:44.1 (174274026)|STATEMENT_EXECUTE|[38]
15:40:44.1 (174282739)|METHOD_ENTRY|[38]|01pg8000001w1Mi|TestFactorySObject.dispatchSObjectCreation(SObject, String)
15:40:44.1 (174285897)|VARIABLE_SCOPE_BEGIN|[42]|this|TestFactorySObject|true|false
15:40:44.1 (174294222)|VARIABLE_ASSIGNMENT|[42]|this|{}|0x395d1c28
15:40:44.1 (174296853)|VARIABLE_SCOPE_BEGIN|[42]|sObj|SObject|true|false
15:40:44.1 (174301062)|VARIABLE_ASSIGNMENT|[42]|sObj|{}|0x4e7a910b
15:40:44.1 (174303819)|VARIABLE_SCOPE_BEGIN|[42]|defaultClassName|String|false|false
15:40:44.1 (174307946)|VARIABLE_ASSIGNMENT|[42]|defaultClassName|"TemplateDefaultField (26 more) ..."
15:40:44.1 (174312339)|STATEMENT_EXECUTE|[42]
15:40:44.1 (174313990)|STATEMENT_EXECUTE|[44]
15:40:44.1 (174317582)|METHOD_ENTRY|[44]||System.Type.forName(String)
15:40:44.1 (176694091)|METHOD_EXIT|[44]||System.Type.forName(String)
15:40:44.1 (176709434)|VARIABLE_SCOPE_BEGIN|[44]|t|System.Type|true|false
15:40:44.1 (176778550)|VARIABLE_ASSIGNMENT|[44]|t|{"aot":"0x42686835"}|0x67739735
15:40:44.1 (176788896)|STATEMENT_EXECUTE|[45]
15:40:44.1 (176790873)|STATEMENT_EXECUTE|[51]
15:40:44.1 (176798080)|METHOD_ENTRY|[52]||System.Type.newInstance()
15:40:44.1 (176951669)|STATEMENT_EXECUTE|[57]
15:40:44.1 (176962914)|METHOD_EXIT|[52]||System.Type.newInstance()
15:40:44.1 (176971672)|VARIABLE_SCOPE_BEGIN|[51]|defaults|TemplateDefaultFields.FieldDefaults|true|false
15:40:44.1 (176986127)|VARIABLE_ASSIGNMENT|[51]|defaults|{}|0x7dc07c21
15:40:44.1 (176990310)|STATEMENT_EXECUTE|[53]
15:40:44.1 (177021867)|METHOD_ENTRY|[53]|01pg8000001w1Mh|TemplateDefaultFields.ProductHierarchyDefaults.getFieldDefaults(Decimal)
15:40:44.1 (177035657)|VARIABLE_SCOPE_BEGIN|[58]|this|TemplateDefaultFields.ProductHierarchyDefaults|true|false
15:40:44.1 (177048606)|VARIABLE_ASSIGNMENT|[58]|this|{}|0x7dc07c21
15:40:44.1 (177052925)|VARIABLE_SCOPE_BEGIN|[58]|countSObjectCreated|Decimal|false|false
15:40:44.1 (177067429)|VARIABLE_ASSIGNMENT|[58]|countSObjectCreated|6
15:40:44.1 (177073935)|STATEMENT_EXECUTE|[58]
15:40:44.1 (177075190)|STATEMENT_EXECUTE|[59]
15:40:44.1 (177094937)|HEAP_ALLOCATE|[59]|Bytes:4
15:40:44.1 (177109323)|HEAP_ALLOCATE|[60]|Bytes:16
15:40:44.1 (177191312)|HEAP_ALLOCATE|[60]|Bytes:1
15:40:44.1 (177211592)|HEAP_ALLOCATE|[60]|Bytes:17
15:40:44.1 (177268396)|HEAP_ALLOCATE|[61]|Bytes:7
15:40:44.1 (177274991)|HEAP_ALLOCATE|[61]|Bytes:1
15:40:44.1 (177302397)|HEAP_ALLOCATE|[61]|Bytes:1
15:40:44.1 (177312686)|HEAP_ALLOCATE|[61]|Bytes:2
15:40:44.1 (177327773)|METHOD_EXIT|[53]|01pg8000001w1Mh|TemplateDefaultFields.ProductHierarchyDefaults.getFieldDefaults(Decimal)
15:40:44.1 (177337036)|METHOD_ENTRY|[53]|01pg8000001w1Mi|TestFactorySObject.addFieldDefaults(SObject, Map<String,ANY>)
15:40:44.1 (177347754)|VARIABLE_SCOPE_BEGIN|[19]|sObj|SObject|true|false
15:40:44.1 (177365892)|VARIABLE_ASSIGNMENT|[19]|sObj|{}|0x4e7a910b
15:40:44.1 (177401613)|VARIABLE_SCOPE_BEGIN|[19]|defaultFields|Map<String,ANY>|true|false
15:40:44.1 (177427842)|VARIABLE_ASSIGNMENT|[19]|defaultFields|{"Name":"Hierarquia Teste6","Code__c":"H6"}|0x61be1879
15:40:44.1 (177435998)|STATEMENT_EXECUTE|[19]
15:40:44.1 (177466965)|HEAP_ALLOCATE|[20]|Bytes:23
15:40:44.1 (177492753)|HEAP_ALLOCATE|[20]|Bytes:5
15:40:44.1 (177505322)|VARIABLE_SCOPE_BEGIN|[20]|fieldApiName|String|false|false
15:40:44.1 (177512905)|VARIABLE_ASSIGNMENT|[20]|fieldApiName|"Name"
15:40:44.1 (177517782)|STATEMENT_EXECUTE|[20]
15:40:44.1 (177593496)|STATEMENT_EXECUTE|[21]
15:40:44.1 (177594699)|STATEMENT_EXECUTE|[22]
15:40:44.1 (177658770)|HEAP_ALLOCATE|[20]|Bytes:5
15:40:44.1 (177666733)|VARIABLE_SCOPE_BEGIN|[20]|fieldApiName|String|false|false
15:40:44.1 (177674362)|VARIABLE_ASSIGNMENT|[20]|fieldApiName|"Code__c"
15:40:44.1 (177677745)|STATEMENT_EXECUTE|[20]
15:40:44.1 (177699250)|STATEMENT_EXECUTE|[21]
15:40:44.1 (177700205)|STATEMENT_EXECUTE|[22]
15:40:44.1 (177726272)|HEAP_ALLOCATE|[20]|Bytes:5
15:40:44.1 (177732176)|VARIABLE_ASSIGNMENT|[20]|fieldApiName|null
15:40:44.1 (177737616)|METHOD_EXIT|[53]|01pg8000001w1Mi|TestFactorySObject.addFieldDefaults(SObject, Map<String,ANY>)
15:40:44.1 (177740514)|STATEMENT_EXECUTE|[54]
15:40:44.1 (177759978)|HEAP_ALLOCATE|[54]|Bytes:28
15:40:44.1 (177762111)|HEAP_ALLOCATE|[54]|Bytes:28
15:40:44.1 (177781233)|HEAP_ALLOCATE|[54]|Bytes:28
15:40:44.1 (177783122)|HEAP_ALLOCATE|[54]|Bytes:28
15:40:44.1 (177795504)|VARIABLE_ASSIGNMENT|[54]|TestFactorySObject.countSObjectCreated|7
15:40:44.1 (177797876)|STATEMENT_EXECUTE|[56]
15:40:44.1 (177801122)|METHOD_EXIT|[38]|01pg8000001w1Mi|TestFactorySObject.dispatchSObjectCreation(SObject, String)
15:40:44.1 (177805910)|METHOD_EXIT|[31]|01pg8000001w1Mi|TestFactorySObject.createSObject(SObject)
15:40:44.1 (177813001)|VARIABLE_SCOPE_BEGIN|[31]|productH|ProductHierarchy__c|true|false
15:40:44.1 (177826110)|VARIABLE_ASSIGNMENT|[31]|productH|{"Name":"Hierarquia Teste6","Code__c":"H6"}|0x4e7a910b
15:40:44.1 (177830440)|STATEMENT_EXECUTE|[32]
15:40:44.1 (177857574)|HEAP_ALLOCATE|[32]|Bytes:8
15:40:44.1 (177876261)|DML_BEGIN|[32]|Op:Insert|Type:ProductHierarchy__c|Rows:1
15:40:44.1 (177914648)|HEAP_ALLOCATE|[EXTERNAL]|Bytes:8
15:40:44.1 (194430217)|DML_END|[32]
15:40:44.1 (194614164)|STATEMENT_EXECUTE|[34]
15:40:44.1 (194664284)|HEAP_ALLOCATE|[34]|Bytes:4
15:40:44.1 (194803100)|METHOD_ENTRY|[34]|01pg8000001w1Mi|TestFactorySObject.createSObject(SObject)
15:40:44.1 (194826435)|VARIABLE_SCOPE_BEGIN|[27]|this|TestFactorySObject|true|false
15:40:44.1 (194865498)|VARIABLE_ASSIGNMENT|[27]|this|{}|0x395d1c28
15:40:44.1 (194868618)|VARIABLE_SCOPE_BEGIN|[27]|sObj|SObject|true|false
15:40:44.1 (194876913)|VARIABLE_ASSIGNMENT|[27]|sObj|{}|0x68b0058c
15:40:44.1 (194890221)|STATEMENT_EXECUTE|[27]
15:40:44.1 (194891611)|STATEMENT_EXECUTE|[28]
15:40:44.1 (194896604)|METHOD_ENTRY|[28]|01pg8000001w1Mi|TestFactorySObject.validateSObject(SObject)
15:40:44.1 (194900057)|VARIABLE_SCOPE_BEGIN|[13]|sObj|SObject|true|false
15:40:44.1 (194904176)|VARIABLE_ASSIGNMENT|[13]|sObj|{}|0x68b0058c
15:40:44.1 (194908941)|STATEMENT_EXECUTE|[13]
15:40:44.1 (194910908)|STATEMENT_EXECUTE|[14]
15:40:44.1 (194914789)|METHOD_EXIT|[28]|01pg8000001w1Mi|TestFactorySObject.validateSObject(SObject)
15:40:44.1 (194917593)|STATEMENT_EXECUTE|[30]
15:40:44.1 (194970008)|HEAP_ALLOCATE|[30]|Bytes:8
15:40:44.1 (194976782)|VARIABLE_SCOPE_BEGIN|[30]|objectName|String|false|false
15:40:44.1 (194987617)|VARIABLE_ASSIGNMENT|[30]|objectName|"Product2"
15:40:44.1 (195007824)|STATEMENT_EXECUTE|[31]
15:40:44.1 (195009386)|STATEMENT_EXECUTE|[35]
15:40:44.1 (195024765)|HEAP_ALLOCATE|[36]|Bytes:8
15:40:44.1 (195032448)|HEAP_ALLOCATE|[36]|Bytes:38
15:40:44.1 (195034622)|VARIABLE_SCOPE_BEGIN|[35]|defaultClassName|String|false|false
15:40:44.1 (195041141)|VARIABLE_ASSIGNMENT|[35]|defaultClassName|"TemplateDefaultField (18 more) ..."
15:40:44.1 (195043656)|STATEMENT_EXECUTE|[38]
15:40:44.1 (195047245)|METHOD_ENTRY|[38]|01pg8000001w1Mi|TestFactorySObject.dispatchSObjectCreation(SObject, String)
15:40:44.1 (195050403)|VARIABLE_SCOPE_BEGIN|[42]|this|TestFactorySObject|true|false
15:40:44.1 (195058086)|VARIABLE_ASSIGNMENT|[42]|this|{}|0x395d1c28
15:40:44.1 (195060751)|VARIABLE_SCOPE_BEGIN|[42]|sObj|SObject|true|false
15:40:44.1 (195064518)|VARIABLE_ASSIGNMENT|[42]|sObj|{}|0x68b0058c
15:40:44.1 (195067292)|VARIABLE_SCOPE_BEGIN|[42]|defaultClassName|String|false|false
15:40:44.1 (195071519)|VARIABLE_ASSIGNMENT|[42]|defaultClassName|"TemplateDefaultField (18 more) ..."
15:40:44.1 (195075692)|STATEMENT_EXECUTE|[42]
15:40:44.1 (195076542)|STATEMENT_EXECUTE|[44]
15:40:44.1 (195080382)|METHOD_ENTRY|[44]||System.Type.forName(String)
15:40:44.1 (196879676)|METHOD_EXIT|[44]||System.Type.forName(String)
15:40:44.1 (196889920)|VARIABLE_SCOPE_BEGIN|[44]|t|System.Type|true|false
15:40:44.1 (196921036)|VARIABLE_ASSIGNMENT|[44]|t|{"aot":"0x9949ec3"}|0x2ef7d634
15:40:44.1 (196926154)|STATEMENT_EXECUTE|[45]
15:40:44.1 (196927875)|STATEMENT_EXECUTE|[51]
15:40:44.1 (196931951)|METHOD_ENTRY|[52]||System.Type.newInstance()
15:40:44.1 (197047655)|STATEMENT_EXECUTE|[66]
15:40:44.1 (197057434)|METHOD_EXIT|[52]||System.Type.newInstance()
15:40:44.1 (197065255)|VARIABLE_SCOPE_BEGIN|[51]|defaults|TemplateDefaultFields.FieldDefaults|true|false
15:40:44.1 (197073975)|VARIABLE_ASSIGNMENT|[51]|defaults|{}|0x25acf31f
15:40:44.1 (197076717)|STATEMENT_EXECUTE|[53]
15:40:44.1 (197096410)|METHOD_ENTRY|[53]|01pg8000001w1Mh|TemplateDefaultFields.Product2Defaults.getFieldDefaults(Decimal)
15:40:44.1 (197100323)|VARIABLE_SCOPE_BEGIN|[67]|this|TemplateDefaultFields.Product2Defaults|true|false
15:40:44.1 (197105628)|VARIABLE_ASSIGNMENT|[67]|this|{}|0x25acf31f
15:40:44.1 (197108809)|VARIABLE_SCOPE_BEGIN|[67]|countSObjectCreated|Decimal|false|false
15:40:44.1 (197117553)|VARIABLE_ASSIGNMENT|[67]|countSObjectCreated|7
15:40:44.1 (197123559)|STATEMENT_EXECUTE|[67]
15:40:44.1 (197124468)|STATEMENT_EXECUTE|[68]
15:40:44.1 (197137415)|HEAP_ALLOCATE|[68]|Bytes:4
15:40:44.1 (197146003)|HEAP_ALLOCATE|[69]|Bytes:12
15:40:44.1 (197186697)|HEAP_ALLOCATE|[69]|Bytes:1
15:40:44.1 (197195657)|HEAP_ALLOCATE|[69]|Bytes:13
15:40:44.1 (197220910)|HEAP_ALLOCATE|[70]|Bytes:13
15:40:44.1 (197223086)|HEAP_ALLOCATE|[70]|Bytes:4
15:40:44.1 (197230260)|HEAP_ALLOCATE|[70]|Bytes:1
15:40:44.1 (197234761)|HEAP_ALLOCATE|[70]|Bytes:5
15:40:44.1 (197239932)|HEAP_ALLOCATE|[71]|Bytes:17
15:40:44.1 (197246007)|HEAP_ALLOCATE|[68]|Bytes:4
15:40:44.1 (197268137)|HEAP_ALLOCATE|[72]|Bytes:8
15:40:44.1 (197277522)|HEAP_ALLOCATE|[68]|Bytes:5
15:40:44.1 (197282242)|METHOD_EXIT|[53]|01pg8000001w1Mh|TemplateDefaultFields.Product2Defaults.getFieldDefaults(Decimal)
15:40:44.1 (197287452)|METHOD_ENTRY|[53]|01pg8000001w1Mi|TestFactorySObject.addFieldDefaults(SObject, Map<String,ANY>)
15:40:44.1 (197290991)|VARIABLE_SCOPE_BEGIN|[19]|sObj|SObject|true|false
15:40:44.1 (197299126)|VARIABLE_ASSIGNMENT|[19]|sObj|{}|0x68b0058c
15:40:44.1 (197301837)|VARIABLE_SCOPE_BEGIN|[19]|defaultFields|Map<String,ANY>|true|false
15:40:44.1 (197319502)|VARIABLE_ASSIGNMENT|[19]|defaultFields|{"Name":"Trator Teste7","UniqueCode__c":"TRT 7","ProductionCost__c":300000,"IsActive":true}|0x57881f8d
15:40:44.1 (197325530)|STATEMENT_EXECUTE|[19]
15:40:44.1 (197352920)|HEAP_ALLOCATE|[20]|Bytes:62
15:40:44.1 (197402154)|HEAP_ALLOCATE|[20]|Bytes:5
15:40:44.1 (197413590)|VARIABLE_SCOPE_BEGIN|[20]|fieldApiName|String|false|false
15:40:44.1 (197419048)|VARIABLE_ASSIGNMENT|[20]|fieldApiName|"Name"
15:40:44.1 (197422333)|STATEMENT_EXECUTE|[20]
15:40:44.1 (197494275)|STATEMENT_EXECUTE|[21]
15:40:44.1 (197495546)|STATEMENT_EXECUTE|[22]
15:40:44.1 (197556008)|HEAP_ALLOCATE|[20]|Bytes:5
15:40:44.1 (197561646)|VARIABLE_SCOPE_BEGIN|[20]|fieldApiName|String|false|false
15:40:44.1 (197566471)|VARIABLE_ASSIGNMENT|[20]|fieldApiName|"UniqueCode__c"
15:40:44.1 (197568881)|STATEMENT_EXECUTE|[20]
15:40:44.1 (197590614)|STATEMENT_EXECUTE|[21]
15:40:44.1 (197591530)|STATEMENT_EXECUTE|[22]
15:40:44.1 (197616211)|HEAP_ALLOCATE|[20]|Bytes:5
15:40:44.1 (197620468)|VARIABLE_SCOPE_BEGIN|[20]|fieldApiName|String|false|false
15:40:44.1 (197625026)|VARIABLE_ASSIGNMENT|[20]|fieldApiName|"ProductionCost__c"
15:40:44.1 (197627208)|STATEMENT_EXECUTE|[20]
15:40:44.1 (197639038)|STATEMENT_EXECUTE|[21]
15:40:44.1 (197639948)|STATEMENT_EXECUTE|[22]
15:40:44.1 (197656836)|HEAP_ALLOCATE|[20]|Bytes:5
15:40:44.1 (197660751)|VARIABLE_SCOPE_BEGIN|[20]|fieldApiName|String|false|false
15:40:44.1 (197664926)|VARIABLE_ASSIGNMENT|[20]|fieldApiName|"IsActive"
15:40:44.1 (197666909)|STATEMENT_EXECUTE|[20]
15:40:44.1 (197684751)|STATEMENT_EXECUTE|[21]
15:40:44.1 (197685671)|STATEMENT_EXECUTE|[22]
15:40:44.1 (197705453)|HEAP_ALLOCATE|[20]|Bytes:5
15:40:44.1 (197711259)|VARIABLE_ASSIGNMENT|[20]|fieldApiName|null
15:40:44.1 (197716734)|METHOD_EXIT|[53]|01pg8000001w1Mi|TestFactorySObject.addFieldDefaults(SObject, Map<String,ANY>)
15:40:44.1 (197719695)|STATEMENT_EXECUTE|[54]
15:40:44.1 (197738388)|HEAP_ALLOCATE|[54]|Bytes:28
15:40:44.1 (197740483)|HEAP_ALLOCATE|[54]|Bytes:28
15:40:44.1 (197759173)|HEAP_ALLOCATE|[54]|Bytes:28
15:40:44.1 (197761171)|HEAP_ALLOCATE|[54]|Bytes:28
15:40:44.1 (197774673)|VARIABLE_ASSIGNMENT|[54]|TestFactorySObject.countSObjectCreated|8
15:40:44.1 (197776913)|STATEMENT_EXECUTE|[56]
15:40:44.1 (197779856)|METHOD_EXIT|[38]|01pg8000001w1Mi|TestFactorySObject.dispatchSObjectCreation(SObject, String)
15:40:44.1 (197784123)|METHOD_EXIT|[34]|01pg8000001w1Mi|TestFactorySObject.createSObject(SObject)
15:40:44.1 (197791569)|VARIABLE_SCOPE_BEGIN|[34]|produto|Product2|true|false
15:40:44.1 (197802889)|VARIABLE_ASSIGNMENT|[34]|produto|{"Name":"Trator Teste7","UniqueCode__c":"TRT 7","ProductionCost__c":300000,"IsActive":true}|0x68b0058c
15:40:44.1 (197805758)|STATEMENT_EXECUTE|[35]
15:40:44.1 (197887437)|VARIABLE_ASSIGNMENT|[35]|this.ProductHierarchy__c|"a01g8000009VmcgAAC"|0x68b0058c
15:40:44.1 (197890686)|STATEMENT_EXECUTE|[36]
15:40:44.1 (197910880)|HEAP_ALLOCATE|[36]|Bytes:8
15:40:44.1 (197925882)|DML_BEGIN|[36]|Op:Insert|Type:Product2|Rows:1
15:40:44.1 (197956281)|HEAP_ALLOCATE|[EXTERNAL]|Bytes:8
15:40:44.1 (216921425)|DML_END|[36]
15:40:44.1 (217135494)|STATEMENT_EXECUTE|[38]
15:40:44.1 (217222971)|HEAP_ALLOCATE|[38]|Bytes:4
15:40:44.1 (217468494)|METHOD_ENTRY|[38]|01pg8000001w1Mi|TestFactorySObject.createSObject(SObject)
15:40:44.1 (217503614)|VARIABLE_SCOPE_BEGIN|[27]|this|TestFactorySObject|true|false
15:40:44.1 (217555800)|VARIABLE_ASSIGNMENT|[27]|this|{}|0x395d1c28
15:40:44.1 (217562238)|VARIABLE_SCOPE_BEGIN|[27]|sObj|SObject|true|false
15:40:44.1 (217574560)|VARIABLE_ASSIGNMENT|[27]|sObj|{}|0x22448542
15:40:44.1 (217596243)|STATEMENT_EXECUTE|[27]
15:40:44.1 (217598380)|STATEMENT_EXECUTE|[28]
15:40:44.1 (217606326)|METHOD_ENTRY|[28]|01pg8000001w1Mi|TestFactorySObject.validateSObject(SObject)
15:40:44.1 (217613211)|VARIABLE_SCOPE_BEGIN|[13]|sObj|SObject|true|false
15:40:44.1 (217621243)|VARIABLE_ASSIGNMENT|[13]|sObj|{}|0x22448542
15:40:44.1 (217629805)|STATEMENT_EXECUTE|[13]
15:40:44.1 (217633120)|STATEMENT_EXECUTE|[14]
15:40:44.1 (217639983)|METHOD_EXIT|[28]|01pg8000001w1Mi|TestFactorySObject.validateSObject(SObject)
15:40:44.1 (217646525)|STATEMENT_EXECUTE|[30]
15:40:44.1 (217728097)|HEAP_ALLOCATE|[30]|Bytes:6
15:40:44.1 (217741350)|VARIABLE_SCOPE_BEGIN|[30]|objectName|String|false|false
15:40:44.1 (217758236)|VARIABLE_ASSIGNMENT|[30]|objectName|"Tax__c"
15:40:44.1 (217787097)|STATEMENT_EXECUTE|[31]
15:40:44.1 (217788865)|STATEMENT_EXECUTE|[35]
15:40:44.1 (217814000)|HEAP_ALLOCATE|[36]|Bytes:3
15:40:44.1 (217829209)|HEAP_ALLOCATE|[36]|Bytes:33
15:40:44.1 (217834054)|VARIABLE_SCOPE_BEGIN|[35]|defaultClassName|String|false|false
15:40:44.1 (217845676)|VARIABLE_ASSIGNMENT|[35]|defaultClassName|"TemplateDefaultField (13 more) ..."
15:40:44.1 (217850191)|STATEMENT_EXECUTE|[38]
15:40:44.1 (217856533)|METHOD_ENTRY|[38]|01pg8000001w1Mi|TestFactorySObject.dispatchSObjectCreation(SObject, String)
15:40:44.1 (217861735)|VARIABLE_SCOPE_BEGIN|[42]|this|TestFactorySObject|true|false
15:40:44.1 (217877722)|VARIABLE_ASSIGNMENT|[42]|this|{}|0x395d1c28
15:40:44.1 (217883342)|VARIABLE_SCOPE_BEGIN|[42]|sObj|SObject|true|false
15:40:44.1 (217890677)|VARIABLE_ASSIGNMENT|[42]|sObj|{}|0x22448542
15:40:44.1 (217895814)|VARIABLE_SCOPE_BEGIN|[42]|defaultClassName|String|false|false
15:40:44.1 (217903804)|VARIABLE_ASSIGNMENT|[42]|defaultClassName|"TemplateDefaultField (13 more) ..."
15:40:44.1 (217912738)|STATEMENT_EXECUTE|[42]
15:40:44.1 (217914362)|STATEMENT_EXECUTE|[44]
15:40:44.1 (217919894)|METHOD_ENTRY|[44]||System.Type.forName(String)
15:40:44.1 (220159952)|METHOD_EXIT|[44]||System.Type.forName(String)
15:40:44.1 (220175628)|VARIABLE_SCOPE_BEGIN|[44]|t|System.Type|true|false
15:40:44.1 (220222303)|VARIABLE_ASSIGNMENT|[44]|t|{"aot":"0x6c53b8ee"}|0x5688b22c
15:40:44.1 (220232148)|STATEMENT_EXECUTE|[45]
15:40:44.1 (220234940)|STATEMENT_EXECUTE|[51]
15:40:44.1 (220242565)|METHOD_ENTRY|[52]||System.Type.newInstance()
15:40:44.1 (220420635)|STATEMENT_EXECUTE|[79]
15:40:44.1 (220438193)|METHOD_EXIT|[52]||System.Type.newInstance()
15:40:44.1 (220452097)|VARIABLE_SCOPE_BEGIN|[51]|defaults|TemplateDefaultFields.FieldDefaults|true|false
15:40:44.1 (220471031)|VARIABLE_ASSIGNMENT|[51]|defaults|{}|0x4f740484
15:40:44.1 (220476940)|STATEMENT_EXECUTE|[53]
15:40:44.1 (220509055)|METHOD_ENTRY|[53]|01pg8000001w1Mh|TemplateDefaultFields.TaxDefaults.getFieldDefaults(Decimal)
15:40:44.1 (220517627)|VARIABLE_SCOPE_BEGIN|[80]|this|TemplateDefaultFields.TaxDefaults|true|false
15:40:44.1 (220531421)|VARIABLE_ASSIGNMENT|[80]|this|{}|0x4f740484
15:40:44.1 (220537649)|VARIABLE_SCOPE_BEGIN|[80]|countSObjectCreated|Decimal|false|false
15:40:44.1 (220549419)|VARIABLE_ASSIGNMENT|[80]|countSObjectCreated|8
15:40:44.1 (220561657)|STATEMENT_EXECUTE|[80]
15:40:44.1 (220563167)|STATEMENT_EXECUTE|[81]
15:40:44.1 (220581736)|HEAP_ALLOCATE|[81]|Bytes:4
15:40:44.1 (220607481)|HEAP_ALLOCATE|[82]|Bytes:13
15:40:44.1 (220673549)|HEAP_ALLOCATE|[82]|Bytes:1
15:40:44.1 (220690124)|HEAP_ALLOCATE|[82]|Bytes:14
15:40:44.1 (220738702)|HEAP_ALLOCATE|[83]|Bytes:10
15:40:44.1 (220742628)|HEAP_ALLOCATE|[83]|Bytes:2
15:40:44.1 (220757245)|HEAP_ALLOCATE|[83]|Bytes:1
15:40:44.1 (220765660)|HEAP_ALLOCATE|[83]|Bytes:3
15:40:44.1 (220779659)|METHOD_EXIT|[53]|01pg8000001w1Mh|TemplateDefaultFields.TaxDefaults.getFieldDefaults(Decimal)
15:40:44.1 (220787843)|METHOD_ENTRY|[53]|01pg8000001w1Mi|TestFactorySObject.addFieldDefaults(SObject, Map<String,ANY>)
15:40:44.1 (220793510)|VARIABLE_SCOPE_BEGIN|[19]|sObj|SObject|true|false
15:40:44.1 (220809086)|VARIABLE_ASSIGNMENT|[19]|sObj|{}|0x22448542
15:40:44.1 (220813638)|VARIABLE_SCOPE_BEGIN|[19]|defaultFields|Map<String,ANY>|true|false
15:40:44.1 (220836688)|VARIABLE_ASSIGNMENT|[19]|defaultFields|{"Name":"Imposto Teste8","TaxCode__c":"IP8"}|0x2dfe4745
15:40:44.1 (220859503)|STATEMENT_EXECUTE|[19]
15:40:44.1 (220898944)|HEAP_ALLOCATE|[20]|Bytes:26
15:40:44.1 (220933687)|HEAP_ALLOCATE|[20]|Bytes:5
15:40:44.1 (220952106)|VARIABLE_SCOPE_BEGIN|[20]|fieldApiName|String|false|false
15:40:44.1 (220961349)|VARIABLE_ASSIGNMENT|[20]|fieldApiName|"Name"
15:40:44.1 (220966232)|STATEMENT_EXECUTE|[20]
15:40:44.1 (221168699)|STATEMENT_EXECUTE|[21]
15:40:44.1 (221171692)|STATEMENT_EXECUTE|[22]
15:40:44.1 (221280806)|HEAP_ALLOCATE|[20]|Bytes:5
15:40:44.1 (221294944)|VARIABLE_SCOPE_BEGIN|[20]|fieldApiName|String|false|false
15:40:44.1 (221305449)|VARIABLE_ASSIGNMENT|[20]|fieldApiName|"TaxCode__c"
15:40:44.1 (221309677)|STATEMENT_EXECUTE|[20]
15:40:44.1 (221348342)|STATEMENT_EXECUTE|[21]
15:40:44.1 (221349951)|STATEMENT_EXECUTE|[22]
15:40:44.1 (221469635)|HEAP_ALLOCATE|[20]|Bytes:5
15:40:44.1 (221483316)|VARIABLE_ASSIGNMENT|[20]|fieldApiName|null
15:40:44.1 (221496200)|METHOD_EXIT|[53]|01pg8000001w1Mi|TestFactorySObject.addFieldDefaults(SObject, Map<String,ANY>)
15:40:44.1 (221502508)|STATEMENT_EXECUTE|[54]
15:40:44.1 (221527350)|HEAP_ALLOCATE|[54]|Bytes:28
15:40:44.1 (221531304)|HEAP_ALLOCATE|[54]|Bytes:28
15:40:44.1 (221556533)|HEAP_ALLOCATE|[54]|Bytes:28
15:40:44.1 (221559409)|HEAP_ALLOCATE|[54]|Bytes:28
15:40:44.1 (221607947)|VARIABLE_ASSIGNMENT|[54]|TestFactorySObject.countSObjectCreated|9
15:40:44.1 (221612739)|STATEMENT_EXECUTE|[56]
15:40:44.1 (221618947)|METHOD_EXIT|[38]|01pg8000001w1Mi|TestFactorySObject.dispatchSObjectCreation(SObject, String)
15:40:44.1 (221625981)|METHOD_EXIT|[38]|01pg8000001w1Mi|TestFactorySObject.createSObject(SObject)
15:40:44.1 (221636430)|VARIABLE_SCOPE_BEGIN|[38]|imposto|Tax__c|true|false
15:40:44.1 (221657113)|VARIABLE_ASSIGNMENT|[38]|imposto|{"Name":"Imposto Teste8","TaxCode__c":"IP8"}|0x22448542
15:40:44.1 (221662439)|STATEMENT_EXECUTE|[39]
15:40:44.1 (221790787)|VARIABLE_ASSIGNMENT|[39]|this.DistributionCenter__c|"a06g8000001ga3JAAQ"|0x22448542
15:40:44.1 (221797619)|STATEMENT_EXECUTE|[40]
15:40:44.1 (221859421)|VARIABLE_ASSIGNMENT|[40]|this.Product__c|"01tg8000001RPszAAG"|0x22448542
15:40:44.1 (221865822)|STATEMENT_EXECUTE|[41]
15:40:44.1 (221903974)|VARIABLE_ASSIGNMENT|[41]|this.State__c|"a04g8000000b50jAAA"|0x22448542
15:40:44.1 (221910724)|STATEMENT_EXECUTE|[42]
15:40:44.1 (221915204)|HEAP_ALLOCATE|[42]|Bytes:8
15:40:44.1 (221942096)|VARIABLE_ASSIGNMENT|[42]|this.Status__c|"Approved"|0x22448542
15:40:44.1 (221948086)|STATEMENT_EXECUTE|[43]
15:40:44.1 (221951322)|HEAP_ALLOCATE|[43]|Bytes:4
15:40:44.1 (221978642)|HEAP_ALLOCATE|[43]|Bytes:28
15:40:44.1 (222010791)|VARIABLE_ASSIGNMENT|[43]|this.TaxRate__c|10.0|0x22448542
15:40:44.1 (222016999)|STATEMENT_EXECUTE|[44]
15:40:44.1 (222049058)|HEAP_ALLOCATE|[44]|Bytes:8
15:40:44.1 (222069866)|DML_BEGIN|[44]|Op:Insert|Type:Tax__c|Rows:1
15:40:44.1 (222115477)|HEAP_ALLOCATE|[EXTERNAL]|Bytes:8
15:40:44.1 (230734298)|CODE_UNIT_STARTED|[EXTERNAL]|Flow:01Ig8000000dte9
15:40:44.234 (234080987)|FLOW_CREATE_INTERVIEW_BEGIN|00Dg8000001b33B|300g800000Csj6k|301g8000005x9nc
15:40:44.234 (234357618)|FLOW_CREATE_INTERVIEW_END|1382e0ecbe4d0f1847921f3fb4c19d77f07ec3-4939|Imposto: Gerar Chave Única
15:40:44.235 (235451319)|FLOW_START_INTERVIEWS_BEGIN|1
15:40:44.235 (235560052)|FLOW_START_INTERVIEW_BEGIN|1382e0ecbe4d0f1847921f3fb4c19d77f07ec3-4939|Imposto: Gerar Chave Única
15:40:44.235 (236867236)|FLOW_START_INTERVIEW_END|1382e0ecbe4d0f1847921f3fb4c19d77f07ec3-4939|Imposto: Gerar Chave Única
15:40:44.235 (239868715)|FLOW_START_INTERVIEWS_END|1
15:40:44.235 (240345416)|FLOW_INTERVIEW_FINISHED|1382e0ecbe4d0f1847921f3fb4c19d77f07ec3-4939|Imposto: Gerar Chave Única
15:40:44.1 (243330329)|CODE_UNIT_FINISHED|Flow:01Ig8000000dte9
15:40:44.1 (250712928)|CODE_UNIT_STARTED|[EXTERNAL]|Validation:Tax:new
15:40:44.1 (250745199)|VALIDATION_RULE|03dg8000000V8kT|Campos_Obrigatorios_Imposto
15:40:44.1 (251020324)|VALIDATION_FORMULA|OR(
ISBLANK(Product__c),
ISBLANK(DistributionCenter__c),
ISBLANK(State__c)
)|DistributionCenter__c=a06g8000001ga3J , Product__c=01tg8000001RPsz , State__c=a04g8000000b50j
15:40:44.1 (251031011)|VALIDATION_PASS
15:40:44.1 (251034125)|VALIDATION_RULE|03dg8000000oOS9|Imposto_ativo
15:40:44.1 (251540019)|VALIDATION_FORMULA|ISPICKVAL(Status__c, "Approved") && 
(ISCHANGED(Product__c) &#124;&#124; ISCHANGED(ProductHierarchy__c) &#124;&#124; ISCHANGED(TaxRate__c) &#124;&#124; ISCHANGED(DistributionCenter__c) &#124;&#124; ISCHANGED(State__c))|Status__c=Approved , TaxRate__c=10.0 , DistributionCenter__c=a06g8000001ga3J , Product__c=01tg8000001RPsz , ProductHierarchy__c=null , State__c=a04g8000000b50j
15:40:44.1 (251553785)|VALIDATION_PASS
15:40:44.1 (251556181)|VALIDATION_RULE|03dg8000000ZDAT|Produto_OU_Hierarquia
15:40:44.1 (251713714)|VALIDATION_FORMULA|( ISBLANK(Product__c) && ISBLANK(ProductHierarchy__c) )
&#124;&#124;
( NOT(ISBLANK(Product__c)) && NOT(ISBLANK(ProductHierarchy__c)) )|Product__c=01tg8000001RPsz , ProductHierarchy__c=null
15:40:44.1 (251720694)|VALIDATION_PASS
15:40:44.1 (251728108)|CODE_UNIT_FINISHED|Validation:Tax:new
15:40:44.1 (265583891)|CODE_UNIT_STARTED|[EXTERNAL]|Flow:01Ig8000000dte9
15:40:44.1 (265614936)|CODE_UNIT_FINISHED|Flow:01Ig8000000dte9
15:40:44.1 (265663355)|CODE_UNIT_STARTED|[EXTERNAL]|Flow:01Ig8000000dte9
15:40:44.1 (265678302)|CODE_UNIT_FINISHED|Flow:01Ig8000000dte9
15:40:44.1 (267926629)|DML_END|[44]
15:40:44.1 (268131371)|STATEMENT_EXECUTE|[46]
15:40:44.1 (268216208)|HEAP_ALLOCATE|[46]|Bytes:4
15:40:44.1 (268420570)|METHOD_ENTRY|[46]|01pg8000001w1Mi|TestFactorySObject.createSObject(SObject)
15:40:44.1 (268456383)|VARIABLE_SCOPE_BEGIN|[27]|this|TestFactorySObject|true|false
15:40:44.1 (268512482)|VARIABLE_ASSIGNMENT|[27]|this|{}|0x395d1c28
15:40:44.1 (268517247)|VARIABLE_SCOPE_BEGIN|[27]|sObj|SObject|true|false
15:40:44.1 (268530749)|VARIABLE_ASSIGNMENT|[27]|sObj|{}|0x6895140a
15:40:44.1 (268553893)|STATEMENT_EXECUTE|[27]
15:40:44.1 (268555505)|STATEMENT_EXECUTE|[28]
15:40:44.1 (268563077)|METHOD_ENTRY|[28]|01pg8000001w1Mi|TestFactorySObject.validateSObject(SObject)
15:40:44.1 (268568482)|VARIABLE_SCOPE_BEGIN|[13]|sObj|SObject|true|false
15:40:44.1 (268575066)|VARIABLE_ASSIGNMENT|[13]|sObj|{}|0x6895140a
15:40:44.1 (268581205)|STATEMENT_EXECUTE|[13]
15:40:44.1 (268596367)|STATEMENT_EXECUTE|[14]
15:40:44.1 (268602486)|METHOD_EXIT|[28]|01pg8000001w1Mi|TestFactorySObject.validateSObject(SObject)
15:40:44.1 (268607021)|STATEMENT_EXECUTE|[30]
15:40:44.1 (268682971)|HEAP_ALLOCATE|[30]|Bytes:10
15:40:44.1 (268694069)|VARIABLE_SCOPE_BEGIN|[30]|objectName|String|false|false
15:40:44.1 (268711121)|VARIABLE_ASSIGNMENT|[30]|objectName|"Freight__c"
15:40:44.1 (268738115)|STATEMENT_EXECUTE|[31]
15:40:44.1 (268739802)|STATEMENT_EXECUTE|[35]
15:40:44.1 (268761777)|HEAP_ALLOCATE|[36]|Bytes:7
15:40:44.1 (268773006)|HEAP_ALLOCATE|[36]|Bytes:37
15:40:44.1 (268776072)|VARIABLE_SCOPE_BEGIN|[35]|defaultClassName|String|false|false
15:40:44.1 (268785441)|VARIABLE_ASSIGNMENT|[35]|defaultClassName|"TemplateDefaultField (17 more) ..."
15:40:44.1 (268788939)|STATEMENT_EXECUTE|[38]
15:40:44.1 (268795322)|METHOD_ENTRY|[38]|01pg8000001w1Mi|TestFactorySObject.dispatchSObjectCreation(SObject, String)
15:40:44.1 (268800341)|VARIABLE_SCOPE_BEGIN|[42]|this|TestFactorySObject|true|false
15:40:44.1 (268815710)|VARIABLE_ASSIGNMENT|[42]|this|{}|0x395d1c28
15:40:44.1 (268819629)|VARIABLE_SCOPE_BEGIN|[42]|sObj|SObject|true|false
15:40:44.1 (268826200)|VARIABLE_ASSIGNMENT|[42]|sObj|{}|0x6895140a
15:40:44.1 (268830255)|VARIABLE_SCOPE_BEGIN|[42]|defaultClassName|String|false|false
15:40:44.1 (268836954)|VARIABLE_ASSIGNMENT|[42]|defaultClassName|"TemplateDefaultField (17 more) ..."
15:40:44.1 (268843596)|STATEMENT_EXECUTE|[42]
15:40:44.1 (268845209)|STATEMENT_EXECUTE|[44]
15:40:44.1 (268850634)|METHOD_ENTRY|[44]||System.Type.forName(String)
15:40:44.1 (271033475)|METHOD_EXIT|[44]||System.Type.forName(String)
15:40:44.1 (271047206)|VARIABLE_SCOPE_BEGIN|[44]|t|System.Type|true|false
15:40:44.1 (271094734)|VARIABLE_ASSIGNMENT|[44]|t|{"aot":"0x50b7011c"}|0x759434bd
15:40:44.1 (271102956)|STATEMENT_EXECUTE|[45]
15:40:44.1 (271105292)|STATEMENT_EXECUTE|[51]
15:40:44.1 (271110747)|METHOD_ENTRY|[52]||System.Type.newInstance()
15:40:44.1 (271273754)|STATEMENT_EXECUTE|[88]
15:40:44.1 (271288230)|METHOD_EXIT|[52]||System.Type.newInstance()
15:40:44.1 (271299782)|VARIABLE_SCOPE_BEGIN|[51]|defaults|TemplateDefaultFields.FieldDefaults|true|false
15:40:44.1 (271312564)|VARIABLE_ASSIGNMENT|[51]|defaults|{}|0x7b5a2a18
15:40:44.1 (271317187)|STATEMENT_EXECUTE|[53]
15:40:44.1 (271345912)|METHOD_ENTRY|[53]|01pg8000001w1Mh|TemplateDefaultFields.FreightDefaults.getFieldDefaults(Decimal)
15:40:44.1 (271351410)|VARIABLE_SCOPE_BEGIN|[89]|this|TemplateDefaultFields.FreightDefaults|true|false
15:40:44.1 (271359812)|VARIABLE_ASSIGNMENT|[89]|this|{}|0x7b5a2a18
15:40:44.1 (271365158)|VARIABLE_SCOPE_BEGIN|[89]|countSObjectCreated|Decimal|false|false
15:40:44.1 (271375717)|VARIABLE_ASSIGNMENT|[89]|countSObjectCreated|9
15:40:44.1 (271384920)|STATEMENT_EXECUTE|[89]
15:40:44.1 (271386695)|STATEMENT_EXECUTE|[90]
15:40:44.1 (271404892)|HEAP_ALLOCATE|[90]|Bytes:4
15:40:44.1 (271418545)|HEAP_ALLOCATE|[91]|Bytes:11
15:40:44.1 (271481737)|HEAP_ALLOCATE|[91]|Bytes:1
15:40:44.1 (271494654)|HEAP_ALLOCATE|[91]|Bytes:12
15:40:44.1 (271529786)|HEAP_ALLOCATE|[92]|Bytes:14
15:40:44.1 (271533146)|HEAP_ALLOCATE|[92]|Bytes:1
15:40:44.1 (271545394)|HEAP_ALLOCATE|[92]|Bytes:1
15:40:44.1 (271552351)|HEAP_ALLOCATE|[92]|Bytes:2
15:40:44.1 (271563106)|METHOD_EXIT|[53]|01pg8000001w1Mh|TemplateDefaultFields.FreightDefaults.getFieldDefaults(Decimal)
15:40:44.1 (271570702)|METHOD_ENTRY|[53]|01pg8000001w1Mi|TestFactorySObject.addFieldDefaults(SObject, Map<String,ANY>)
15:40:44.1 (271575576)|VARIABLE_SCOPE_BEGIN|[19]|sObj|SObject|true|false
15:40:44.1 (271586451)|VARIABLE_ASSIGNMENT|[19]|sObj|{}|0x6895140a
15:40:44.1 (271590539)|VARIABLE_SCOPE_BEGIN|[19]|defaultFields|Map<String,ANY>|true|false
15:40:44.1 (271612006)|VARIABLE_ASSIGNMENT|[19]|defaultFields|{"Name":"Frete Teste9","FreightCode__c":"F9"}|0x29aaf664
15:40:44.1 (271619900)|STATEMENT_EXECUTE|[19]
15:40:44.1 (271661935)|HEAP_ALLOCATE|[20]|Bytes:30
15:40:44.1 (271693280)|HEAP_ALLOCATE|[20]|Bytes:5
15:40:44.1 (271709065)|VARIABLE_SCOPE_BEGIN|[20]|fieldApiName|String|false|false
15:40:44.1 (271716694)|VARIABLE_ASSIGNMENT|[20]|fieldApiName|"Name"
15:40:44.1 (271721360)|STATEMENT_EXECUTE|[20]
15:40:44.1 (271945642)|STATEMENT_EXECUTE|[21]
15:40:44.1 (271947317)|STATEMENT_EXECUTE|[22]
15:40:44.1 (272047868)|HEAP_ALLOCATE|[20]|Bytes:5
15:40:44.1 (272059113)|VARIABLE_SCOPE_BEGIN|[20]|fieldApiName|String|false|false
15:40:44.1 (272068399)|VARIABLE_ASSIGNMENT|[20]|fieldApiName|"FreightCode__c"
15:40:44.1 (272072124)|STATEMENT_EXECUTE|[20]
15:40:44.1 (272101484)|STATEMENT_EXECUTE|[21]
15:40:44.1 (272102429)|STATEMENT_EXECUTE|[22]
15:40:44.1 (272139224)|HEAP_ALLOCATE|[20]|Bytes:5
15:40:44.1 (272149278)|VARIABLE_ASSIGNMENT|[20]|fieldApiName|null
15:40:44.1 (272158555)|METHOD_EXIT|[53]|01pg8000001w1Mi|TestFactorySObject.addFieldDefaults(SObject, Map<String,ANY>)
15:40:44.1 (272163406)|STATEMENT_EXECUTE|[54]
15:40:44.1 (272187948)|HEAP_ALLOCATE|[54]|Bytes:28
15:40:44.1 (272191570)|HEAP_ALLOCATE|[54]|Bytes:28
15:40:44.1 (272277583)|HEAP_ALLOCATE|[54]|Bytes:28
15:40:44.1 (272280463)|HEAP_ALLOCATE|[54]|Bytes:28
15:40:44.1 (272300443)|VARIABLE_ASSIGNMENT|[54]|TestFactorySObject.countSObjectCreated|10
15:40:44.1 (272304432)|STATEMENT_EXECUTE|[56]
15:40:44.1 (272308781)|METHOD_EXIT|[38]|01pg8000001w1Mi|TestFactorySObject.dispatchSObjectCreation(SObject, String)
15:40:44.1 (272316286)|METHOD_EXIT|[46]|01pg8000001w1Mi|TestFactorySObject.createSObject(SObject)
15:40:44.1 (272327398)|VARIABLE_SCOPE_BEGIN|[46]|frete|Freight__c|true|false
15:40:44.1 (272343363)|VARIABLE_ASSIGNMENT|[46]|frete|{"Name":"Frete Teste9","FreightCode__c":"F9"}|0x6895140a
15:40:44.1 (272347790)|STATEMENT_EXECUTE|[47]
15:40:44.1 (272445997)|VARIABLE_ASSIGNMENT|[47]|this.Product__c|"01tg8000001RPszAAG"|0x6895140a
15:40:44.1 (272450972)|STATEMENT_EXECUTE|[48]
15:40:44.1 (272491082)|VARIABLE_ASSIGNMENT|[48]|this.State__c|"a04g8000000b50jAAA"|0x6895140a
15:40:44.1 (272495239)|STATEMENT_EXECUTE|[49]
15:40:44.1 (272521811)|VARIABLE_ASSIGNMENT|[49]|this.DistributionCenter__c|"a06g8000001ga3JAAQ"|0x6895140a
15:40:44.1 (272526222)|STATEMENT_EXECUTE|[50]
15:40:44.1 (272545022)|VARIABLE_ASSIGNMENT|[50]|this.Status__c|"Approved"|0x6895140a
15:40:44.1 (272549312)|STATEMENT_EXECUTE|[51]
15:40:44.1 (272552636)|HEAP_ALLOCATE|[51]|Bytes:5
15:40:44.1 (272566394)|HEAP_ALLOCATE|[51]|Bytes:28
15:40:44.1 (272601776)|VARIABLE_ASSIGNMENT|[51]|this.FreightValue__c|700.0|0x6895140a
15:40:44.1 (272606387)|STATEMENT_EXECUTE|[52]
15:40:44.1 (272637602)|HEAP_ALLOCATE|[52]|Bytes:8
15:40:44.1 (272659046)|DML_BEGIN|[52]|Op:Insert|Type:Freight__c|Rows:1
15:40:44.1 (272704750)|HEAP_ALLOCATE|[EXTERNAL]|Bytes:8
15:40:44.1 (280121704)|CODE_UNIT_STARTED|[EXTERNAL]|Flow:01Ig8000000duwn
15:40:44.281 (281624839)|FLOW_CREATE_INTERVIEW_BEGIN|00Dg8000001b33B|300g800000CuE4d|301g8000008UX6n
15:40:44.281 (281735981)|FLOW_CREATE_INTERVIEW_END|1392e0ecbe4d0f1847921f3fb4c19d77f07ec3-4938|Frete: Gerar chave única
15:40:44.282 (282298541)|FLOW_START_INTERVIEWS_BEGIN|1
15:40:44.282 (282358684)|FLOW_START_INTERVIEW_BEGIN|1392e0ecbe4d0f1847921f3fb4c19d77f07ec3-4938|Frete: Gerar chave única
15:40:44.282 (283388042)|FLOW_START_INTERVIEW_END|1392e0ecbe4d0f1847921f3fb4c19d77f07ec3-4938|Frete: Gerar chave única
15:40:44.282 (285787492)|FLOW_START_INTERVIEWS_END|1
15:40:44.282 (286148794)|FLOW_INTERVIEW_FINISHED|1392e0ecbe4d0f1847921f3fb4c19d77f07ec3-4938|Frete: Gerar chave única
15:40:44.1 (287631361)|CODE_UNIT_FINISHED|Flow:01Ig8000000duwn
15:40:44.1 (295768085)|CODE_UNIT_STARTED|[EXTERNAL]|Validation:Freight:new
15:40:44.1 (295820291)|VALIDATION_RULE|03dg8000000V8m5|Campos_Obrigatorios_Frete
15:40:44.1 (296174510)|VALIDATION_FORMULA|OR(
ISBLANK(DistributionCenter__c),
ISBLANK(FreightValue__c)
)|FreightValue__c=700.0 , DistributionCenter__c=a06g8000001ga3J
15:40:44.1 (296192617)|VALIDATION_PASS
15:40:44.1 (296195726)|VALIDATION_RULE|03dg8000000oN1R|Frete_ativo
15:40:44.1 (296798096)|VALIDATION_FORMULA|ISPICKVAL(Status__c, "Approved") && 
(ISCHANGED(Product__c) &#124;&#124; ISCHANGED(ProductHierarchy__c) &#124;&#124; ISCHANGED(FreightValue__c) &#124;&#124; ISCHANGED(DistributionCenter__c) &#124;&#124; ISCHANGED(State__c) &#124;&#124; ISCHANGED(City__c) &#124;&#124; ISCHANGED(Country__c))|FreightValue__c=700.0 , Country__c=null , State__c=a04g8000000b50j , Product__c=01tg8000001RPsz , ProductHierarchy__c=null , DistributionCenter__c=a06g8000001ga3J , Status__c=Approved , City__c=null
15:40:44.1 (296815228)|VALIDATION_PASS
15:40:44.1 (296818426)|VALIDATION_RULE|03dg8000000ZDC5|Produto_OU_Hierarquia
15:40:44.1 (296957360)|VALIDATION_FORMULA|( ISBLANK(Product__c) && ISBLANK(ProductHierarchy__c) )
&#124;&#124;
( NOT(ISBLANK(Product__c)) && NOT(ISBLANK(ProductHierarchy__c)) )|Product__c=01tg8000001RPsz , ProductHierarchy__c=null
15:40:44.1 (296964348)|VALIDATION_PASS
15:40:44.1 (296972098)|CODE_UNIT_FINISHED|Validation:Freight:new
15:40:44.1 (309976012)|CODE_UNIT_STARTED|[EXTERNAL]|Flow:01Ig8000000duwn
15:40:44.1 (310001607)|CODE_UNIT_FINISHED|Flow:01Ig8000000duwn
15:40:44.1 (310045060)|CODE_UNIT_STARTED|[EXTERNAL]|Flow:01Ig8000000duwn
15:40:44.1 (310054262)|CODE_UNIT_FINISHED|Flow:01Ig8000000duwn
15:40:44.1 (312468008)|DML_END|[52]
15:40:44.1 (312647815)|STATEMENT_EXECUTE|[54]
15:40:44.1 (312734164)|HEAP_ALLOCATE|[54]|Bytes:4
15:40:44.1 (312940704)|METHOD_ENTRY|[54]|01pg8000001w1Mi|TestFactorySObject.createSObject(SObject)
15:40:44.1 (312975113)|VARIABLE_SCOPE_BEGIN|[27]|this|TestFactorySObject|true|false
15:40:44.1 (313029438)|VARIABLE_ASSIGNMENT|[27]|this|{}|0x395d1c28
15:40:44.1 (313035386)|VARIABLE_SCOPE_BEGIN|[27]|sObj|SObject|true|false
15:40:44.1 (313073492)|VARIABLE_ASSIGNMENT|[27]|sObj|{}|0x2043c8d9
15:40:44.1 (313095447)|STATEMENT_EXECUTE|[27]
15:40:44.1 (313097293)|STATEMENT_EXECUTE|[28]
15:40:44.1 (313105233)|METHOD_ENTRY|[28]|01pg8000001w1Mi|TestFactorySObject.validateSObject(SObject)
15:40:44.1 (313110723)|VARIABLE_SCOPE_BEGIN|[13]|sObj|SObject|true|false
15:40:44.1 (313117788)|VARIABLE_ASSIGNMENT|[13]|sObj|{}|0x2043c8d9
15:40:44.1 (313124738)|STATEMENT_EXECUTE|[13]
15:40:44.1 (313128138)|STATEMENT_EXECUTE|[14]
15:40:44.1 (313134198)|METHOD_EXIT|[28]|01pg8000001w1Mi|TestFactorySObject.validateSObject(SObject)
15:40:44.1 (313139128)|STATEMENT_EXECUTE|[30]
15:40:44.1 (313213728)|HEAP_ALLOCATE|[30]|Bytes:9
15:40:44.1 (313224722)|VARIABLE_SCOPE_BEGIN|[30]|objectName|String|false|false
15:40:44.1 (313241705)|VARIABLE_ASSIGNMENT|[30]|objectName|"Margem__c"
15:40:44.1 (313269482)|STATEMENT_EXECUTE|[31]
15:40:44.1 (313271284)|STATEMENT_EXECUTE|[35]
15:40:44.1 (313293360)|HEAP_ALLOCATE|[36]|Bytes:6
15:40:44.1 (313305017)|HEAP_ALLOCATE|[36]|Bytes:36
15:40:44.1 (313308402)|VARIABLE_SCOPE_BEGIN|[35]|defaultClassName|String|false|false
15:40:44.1 (313319140)|VARIABLE_ASSIGNMENT|[35]|defaultClassName|"TemplateDefaultField (16 more) ..."
15:40:44.1 (313323011)|STATEMENT_EXECUTE|[38]
15:40:44.1 (313328534)|METHOD_ENTRY|[38]|01pg8000001w1Mi|TestFactorySObject.dispatchSObjectCreation(SObject, String)
15:40:44.1 (313333207)|VARIABLE_SCOPE_BEGIN|[42]|this|TestFactorySObject|true|false
15:40:44.1 (313349348)|VARIABLE_ASSIGNMENT|[42]|this|{}|0x395d1c28
15:40:44.1 (313353624)|VARIABLE_SCOPE_BEGIN|[42]|sObj|SObject|true|false
15:40:44.1 (313360523)|VARIABLE_ASSIGNMENT|[42]|sObj|{}|0x2043c8d9
15:40:44.1 (313365058)|VARIABLE_SCOPE_BEGIN|[42]|defaultClassName|String|false|false
15:40:44.1 (313398922)|VARIABLE_ASSIGNMENT|[42]|defaultClassName|"TemplateDefaultField (16 more) ..."
15:40:44.1 (313407617)|STATEMENT_EXECUTE|[42]
15:40:44.1 (313409301)|STATEMENT_EXECUTE|[44]
15:40:44.1 (313415097)|METHOD_ENTRY|[44]||System.Type.forName(String)
15:40:44.1 (315759738)|METHOD_EXIT|[44]||System.Type.forName(String)
15:40:44.1 (315774014)|VARIABLE_SCOPE_BEGIN|[44]|t|System.Type|true|false
15:40:44.1 (315821763)|VARIABLE_ASSIGNMENT|[44]|t|{"aot":"0x3dbf85bc"}|0x214906e0
15:40:44.1 (315829871)|STATEMENT_EXECUTE|[45]
15:40:44.1 (315832328)|STATEMENT_EXECUTE|[51]
15:40:44.1 (315838864)|METHOD_ENTRY|[52]||System.Type.newInstance()
15:40:44.1 (316008300)|STATEMENT_EXECUTE|[97]
15:40:44.1 (316023892)|METHOD_EXIT|[52]||System.Type.newInstance()
15:40:44.1 (316053747)|VARIABLE_SCOPE_BEGIN|[51]|defaults|TemplateDefaultFields.FieldDefaults|true|false
15:40:44.1 (316071003)|VARIABLE_ASSIGNMENT|[51]|defaults|{}|0x3b328622
15:40:44.1 (316076322)|STATEMENT_EXECUTE|[53]
15:40:44.1 (316106904)|METHOD_ENTRY|[53]|01pg8000001w1Mh|TemplateDefaultFields.MargemDefaults.getFieldDefaults(Decimal)
15:40:44.1 (316113797)|VARIABLE_SCOPE_BEGIN|[98]|this|TemplateDefaultFields.MargemDefaults|true|false
15:40:44.1 (316123859)|VARIABLE_ASSIGNMENT|[98]|this|{}|0x3b328622
15:40:44.1 (316129339)|VARIABLE_SCOPE_BEGIN|[98]|countSObjectCreated|Decimal|false|false
15:40:44.1 (316141020)|VARIABLE_ASSIGNMENT|[98]|countSObjectCreated|10
15:40:44.1 (316152064)|STATEMENT_EXECUTE|[98]
15:40:44.1 (316153608)|STATEMENT_EXECUTE|[99]
15:40:44.1 (316171786)|HEAP_ALLOCATE|[99]|Bytes:4
15:40:44.1 (316186730)|HEAP_ALLOCATE|[100]|Bytes:12
15:40:44.1 (316249915)|HEAP_ALLOCATE|[100]|Bytes:2
15:40:44.1 (316264503)|HEAP_ALLOCATE|[100]|Bytes:14
15:40:44.1 (316300548)|HEAP_ALLOCATE|[101]|Bytes:13
15:40:44.1 (316304551)|HEAP_ALLOCATE|[101]|Bytes:1
15:40:44.1 (316317159)|HEAP_ALLOCATE|[101]|Bytes:2
15:40:44.1 (316325126)|HEAP_ALLOCATE|[101]|Bytes:3
15:40:44.1 (316335981)|METHOD_EXIT|[53]|01pg8000001w1Mh|TemplateDefaultFields.MargemDefaults.getFieldDefaults(Decimal)
15:40:44.1 (316390416)|METHOD_ENTRY|[53]|01pg8000001w1Mi|TestFactorySObject.addFieldDefaults(SObject, Map<String,ANY>)
15:40:44.1 (316396306)|VARIABLE_SCOPE_BEGIN|[19]|sObj|SObject|true|false
15:40:44.1 (316410259)|VARIABLE_ASSIGNMENT|[19]|sObj|{}|0x2043c8d9
15:40:44.1 (316414698)|VARIABLE_SCOPE_BEGIN|[19]|defaultFields|Map<String,ANY>|true|false
15:40:44.1 (316437152)|VARIABLE_ASSIGNMENT|[19]|defaultFields|{"Name":"Margem Teste10","MargemCode__c":"M10"}|0x61e7db45
15:40:44.1 (316446382)|STATEMENT_EXECUTE|[19]
15:40:44.1 (316486660)|HEAP_ALLOCATE|[20]|Bytes:29
15:40:44.1 (316518790)|HEAP_ALLOCATE|[20]|Bytes:5
15:40:44.1 (316534704)|VARIABLE_SCOPE_BEGIN|[20]|fieldApiName|String|false|false
15:40:44.1 (316542961)|VARIABLE_ASSIGNMENT|[20]|fieldApiName|"Name"
15:40:44.1 (316548267)|STATEMENT_EXECUTE|[20]
15:40:44.1 (316787497)|STATEMENT_EXECUTE|[21]
15:40:44.1 (316789609)|STATEMENT_EXECUTE|[22]
15:40:44.1 (316893929)|HEAP_ALLOCATE|[20]|Bytes:5
15:40:44.1 (316908058)|VARIABLE_SCOPE_BEGIN|[20]|fieldApiName|String|false|false
15:40:44.1 (316920038)|VARIABLE_ASSIGNMENT|[20]|fieldApiName|"MargemCode__c"
15:40:44.1 (316924466)|STATEMENT_EXECUTE|[20]
15:40:44.1 (316989580)|STATEMENT_EXECUTE|[21]
15:40:44.1 (316991048)|STATEMENT_EXECUTE|[22]
15:40:44.1 (317055762)|HEAP_ALLOCATE|[20]|Bytes:5
15:40:44.1 (317068068)|VARIABLE_ASSIGNMENT|[20]|fieldApiName|null
15:40:44.1 (317079508)|METHOD_EXIT|[53]|01pg8000001w1Mi|TestFactorySObject.addFieldDefaults(SObject, Map<String,ANY>)
15:40:44.1 (317085116)|STATEMENT_EXECUTE|[54]
15:40:44.1 (317108768)|HEAP_ALLOCATE|[54]|Bytes:28
15:40:44.1 (317112206)|HEAP_ALLOCATE|[54]|Bytes:28
15:40:44.1 (317137222)|HEAP_ALLOCATE|[54]|Bytes:28
15:40:44.1 (317163247)|VARIABLE_ASSIGNMENT|[54]|TestFactorySObject.countSObjectCreated|11
15:40:44.1 (317167560)|STATEMENT_EXECUTE|[56]
15:40:44.1 (317172918)|METHOD_EXIT|[38]|01pg8000001w1Mi|TestFactorySObject.dispatchSObjectCreation(SObject, String)
15:40:44.1 (317179842)|METHOD_EXIT|[54]|01pg8000001w1Mi|TestFactorySObject.createSObject(SObject)
15:40:44.1 (317191022)|VARIABLE_SCOPE_BEGIN|[54]|margem|Margem__c|true|false
15:40:44.1 (317211196)|VARIABLE_ASSIGNMENT|[54]|margem|{"Name":"Margem Teste10","MargemCode__c":"M10"}|0x2043c8d9
15:40:44.1 (317216329)|STATEMENT_EXECUTE|[55]
15:40:44.1 (317327492)|VARIABLE_ASSIGNMENT|[55]|this.Product__c|"01tg8000001RPszAAG"|0x2043c8d9
15:40:44.1 (317333352)|STATEMENT_EXECUTE|[56]
15:40:44.1 (317430302)|VARIABLE_ASSIGNMENT|[56]|this.Account__c|"001g8000009VmcfAAC"|0x2043c8d9
15:40:44.1 (317436372)|STATEMENT_EXECUTE|[57]
15:40:44.1 (317490457)|VARIABLE_ASSIGNMENT|[57]|this.State__c|"a04g8000000b50jAAA"|0x2043c8d9
15:40:44.1 (317495645)|STATEMENT_EXECUTE|[58]
15:40:44.1 (317525531)|VARIABLE_ASSIGNMENT|[58]|this.DistributionCenter__c|"a06g8000001ga3JAAQ"|0x2043c8d9
15:40:44.1 (317530548)|STATEMENT_EXECUTE|[59]
15:40:44.1 (317549806)|VARIABLE_ASSIGNMENT|[59]|this.Status__c|"Approved"|0x2043c8d9
15:40:44.1 (317554494)|STATEMENT_EXECUTE|[60]
15:40:44.1 (317557714)|HEAP_ALLOCATE|[60]|Bytes:4
15:40:44.1 (317574384)|HEAP_ALLOCATE|[60]|Bytes:28
15:40:44.1 (317613487)|VARIABLE_ASSIGNMENT|[60]|this.MarginValuePercent__c|15.0|0x2043c8d9
15:40:44.1 (317619135)|STATEMENT_EXECUTE|[61]
15:40:44.1 (317652208)|HEAP_ALLOCATE|[61]|Bytes:8
15:40:44.1 (317672256)|DML_BEGIN|[61]|Op:Insert|Type:Margem__c|Rows:1
15:40:44.1 (317717924)|HEAP_ALLOCATE|[EXTERNAL]|Bytes:8
15:40:44.1 (326056192)|CODE_UNIT_STARTED|[EXTERNAL]|Flow:01Ig8000000dEr7
15:40:44.327 (327154970)|FLOW_CREATE_INTERVIEW_BEGIN|00Dg8000001b33B|300g800000D1TN3|301g8000008UYKb
15:40:44.327 (327242217)|FLOW_CREATE_INTERVIEW_END|1402e0ecbe4d0f1847921f3fb4c19d77f07ec3-4937|Margem: Gerar chave única
15:40:44.327 (327824097)|FLOW_START_INTERVIEWS_BEGIN|1
15:40:44.327 (327886775)|FLOW_START_INTERVIEW_BEGIN|1402e0ecbe4d0f1847921f3fb4c19d77f07ec3-4937|Margem: Gerar chave única
15:40:44.327 (329297856)|FLOW_START_INTERVIEW_END|1402e0ecbe4d0f1847921f3fb4c19d77f07ec3-4937|Margem: Gerar chave única
15:40:44.327 (331000486)|FLOW_START_INTERVIEWS_END|1
15:40:44.327 (331251551)|FLOW_INTERVIEW_FINISHED|1402e0ecbe4d0f1847921f3fb4c19d77f07ec3-4937|Margem: Gerar chave única
15:40:44.1 (332432181)|CODE_UNIT_FINISHED|Flow:01Ig8000000dEr7
15:40:44.1 (339896662)|CODE_UNIT_STARTED|[EXTERNAL]|Validation:Margem:new
15:40:44.1 (339918483)|VALIDATION_RULE|03dg8000000oUqv|Margem_ativa
15:40:44.1 (340431410)|VALIDATION_FORMULA|ISPICKVAL(Status__c, "Approved") && 
(ISCHANGED(MarginValuePercent__c) &#124;&#124; ISCHANGED(Product__c) &#124;&#124; ISCHANGED(ProductHierarchy__c) &#124;&#124; ISCHANGED(State__c) &#124;&#124; ISCHANGED(City__c) &#124;&#124; ISCHANGED(Country__c)&#124;&#124; ISCHANGED(Account__c) &#124;&#124; ISCHANGED(AccountGroup__c))|Account__c=001g8000009Vmcf , City__c=null , AccountGroup__c=null , State__c=a04g8000000b50j , MarginValuePercent__c=15.0 , Country__c=null , ProductHierarchy__c=null , Status__c=Approved , Product__c=01tg8000001RPsz
15:40:44.1 (340443727)|VALIDATION_PASS
15:40:44.1 (340446204)|VALIDATION_RULE|03dg8000000hqEf|obrigatorio_conta_ou_accountGroup
15:40:44.1 (340523446)|VALIDATION_FORMULA|OR(
    AND(ISBLANK(Account__c), ISBLANK(AccountGroup__c)),
    AND(NOT(ISBLANK(Account__c)), NOT(ISBLANK(AccountGroup__c)))
)|Account__c=001g8000009Vmcf , AccountGroup__c=null
15:40:44.1 (340527167)|VALIDATION_PASS
15:40:44.1 (340528372)|VALIDATION_RULE|03dg8000000V50D|Required_Product_or_Hierarchy
15:40:44.1 (340601669)|VALIDATION_FORMULA|OR(
    AND(ISBLANK(Product__c), ISBLANK(ProductHierarchy__c)),
    AND(NOT(ISBLANK(Product__c)), NOT(ISBLANK(ProductHierarchy__c)))
)|ProductHierarchy__c=null , Product__c=01tg8000001RPsz
15:40:44.1 (340605705)|VALIDATION_PASS
15:40:44.1 (340610917)|CODE_UNIT_FINISHED|Validation:Margem:new
15:40:44.1 (353724288)|CODE_UNIT_STARTED|[EXTERNAL]|Flow:01Ig8000000dEr7
15:40:44.1 (353748399)|CODE_UNIT_FINISHED|Flow:01Ig8000000dEr7
15:40:44.1 (353787212)|CODE_UNIT_STARTED|[EXTERNAL]|Flow:01Ig8000000dEr7
15:40:44.1 (353794679)|CODE_UNIT_FINISHED|Flow:01Ig8000000dEr7
15:40:44.1 (355871958)|DML_END|[61]
15:40:44.1 (356044665)|STATEMENT_EXECUTE|[63]
15:40:44.1 (356154608)|HEAP_ALLOCATE|[63]|Bytes:118
15:40:44.1 (356187484)|SYSTEM_METHOD_ENTRY|[1]|Test.Test()
15:40:44.1 (356190541)|STATEMENT_EXECUTE|[1]
15:40:44.1 (356203380)|SYSTEM_METHOD_EXIT|[1]|Test
15:40:44.1 (356222854)|METHOD_ENTRY|[63]||System.Test.getStandardPricebookId()
15:40:44.1 (359100123)|METHOD_EXIT|[63]||System.Test.getStandardPricebookId()
15:40:44.1 (359124446)|VARIABLE_SCOPE_BEGIN|[63]|stdPricebookId|Id|false|false
15:40:44.1 (359407662)|VARIABLE_ASSIGNMENT|[63]|stdPricebookId|"01sg8000000h7xWAAQ"
15:40:44.1 (359420573)|STATEMENT_EXECUTE|[65]
15:40:44.1 (359526987)|HEAP_ALLOCATE|[65]|Bytes:4
15:40:44.1 (359833797)|VARIABLE_ASSIGNMENT|[65]|this.AccountId|"001g8000009VmcfAAC"|0x1874a20c
15:40:44.1 (359841166)|HEAP_ALLOCATE|[67]|Bytes:5
15:40:44.1 (359860029)|VARIABLE_ASSIGNMENT|[65]|this.Status|"Draft"|0x1874a20c
15:40:44.1 (360001060)|HEAP_ALLOCATE|[68]|Bytes:4
15:40:44.1 (360054683)|VARIABLE_ASSIGNMENT|[65]|this.EffectiveDate|"2026-04-10T00:00:00.000Z"|0x1874a20c
15:40:44.1 (360105148)|VARIABLE_ASSIGNMENT|[65]|this.Pricebook2Id|"01sg8000000h7xWAAQ"|0x1874a20c
15:40:44.1 (360147707)|VARIABLE_ASSIGNMENT|[65]|this.DistributionCenter__c|"a06g8000001ga3JAAQ"|0x1874a20c
15:40:44.1 (360167504)|VARIABLE_ASSIGNMENT|[65]|this.State__c|"a04g8000000b50jAAA"|0x1874a20c
15:40:44.1 (360184152)|VARIABLE_ASSIGNMENT|[65]|this.City__c|"a05g8000002BeozAAC"|0x1874a20c
15:40:44.1 (360219549)|VARIABLE_ASSIGNMENT|[65]|this.Country__c|"a03g80000084ySPAAY"|0x1874a20c
15:40:44.1 (360255649)|VARIABLE_SCOPE_BEGIN|[65]|pedido|Order|true|false
15:40:44.1 (360291465)|VARIABLE_ASSIGNMENT|[65]|pedido|{"AccountId":"001g8000009VmcfAAC","Status":"Draft","EffectiveDate":"2026-04-10T00:00:00.000Z","Pricebook2Id":"01sg8000000h7xWAAQ","DistributionCenter__c":"a06g8000001ga3JAAQ","State__c":"a04g8000000b50jAAA","City__c":"a05g8000002BeozAAC","Country__c":"a03g80000084ySPAAY"}|0x1874a20c
15:40:44.1 (360301023)|STATEMENT_EXECUTE|[75]
15:40:44.1 (360335935)|HEAP_ALLOCATE|[75]|Bytes:8
15:40:44.1 (360357232)|DML_BEGIN|[75]|Op:Insert|Type:Order|Rows:1
15:40:44.1 (360404122)|HEAP_ALLOCATE|[EXTERNAL]|Bytes:8
15:40:44.1 (377851512)|CODE_UNIT_STARTED|[EXTERNAL]|Validation:Order:new
15:40:44.1 (377882276)|VALIDATION_RULE|03dg8000000aS4D|Bloquear_Alteracao_Conta_Pedido
15:40:44.1 (378227403)|VALIDATION_FORMULA|ISCHANGED(AccountId) && NOT(ISNEW())|AccountId=001g8000009Vmcf
15:40:44.1 (378236081)|VALIDATION_PASS
15:40:44.1 (378244009)|CODE_UNIT_FINISHED|Validation:Order:new
15:40:44.1 (410516629)|DML_END|[75]
15:40:44.1 (410712698)|STATEMENT_EXECUTE|[77]
15:40:44.1 (410760498)|HEAP_ALLOCATE|[77]|Bytes:4
15:40:44.1 (410961638)|VARIABLE_ASSIGNMENT|[77]|this.Pricebook2Id|"01sg8000000h7xWAAQ"|0x10a5bfec
15:40:44.1 (410995815)|VARIABLE_ASSIGNMENT|[77]|this.Product2Id|"01tg8000001RPszAAG"|0x10a5bfec
15:40:44.1 (411025246)|HEAP_ALLOCATE|[77]|Bytes:28
15:40:44.1 (411046437)|VARIABLE_ASSIGNMENT|[77]|this.UnitPrice|1000|0x10a5bfec
15:40:44.1 (411061061)|VARIABLE_ASSIGNMENT|[77]|this.IsActive|true|0x10a5bfec
15:40:44.1 (411089515)|VARIABLE_SCOPE_BEGIN|[77]|pbe|PricebookEntry|true|false
15:40:44.1 (411112870)|VARIABLE_ASSIGNMENT|[77]|pbe|{"Pricebook2Id":"01sg8000000h7xWAAQ","Product2Id":"01tg8000001RPszAAG","UnitPrice":1000,"IsActive":true}|0x10a5bfec
15:40:44.1 (411117051)|STATEMENT_EXECUTE|[83]
15:40:44.1 (411151489)|HEAP_ALLOCATE|[83]|Bytes:8
15:40:44.1 (411169163)|DML_BEGIN|[83]|Op:Insert|Type:PricebookEntry|Rows:1
15:40:44.1 (411205099)|HEAP_ALLOCATE|[EXTERNAL]|Bytes:8
15:40:44.1 (437155493)|DML_END|[83]
15:40:44.437 (437359031)|CUMULATIVE_LIMIT_USAGE
15:40:44.437 (437359031)|LIMIT_USAGE_FOR_NS|(default)|
  Number of SOQL queries: 0 out of 100
  Number of query rows: 0 out of 50000
  Number of SOSL queries: 0 out of 20
  Number of DML statements: 13 out of 150
  Number of Publish Immediate DML: 0 out of 150
  Number of DML rows: 13 out of 10000
  Maximum CPU time: 102 out of 10000
  Maximum heap size: 0 out of 6000000
  Number of callouts: 0 out of 100
  Number of Email Invocations: 0 out of 10
  Number of future calls: 0 out of 50
  Number of queueable jobs added to the queue: 0 out of 50
  Number of Mobile Apex push calls: 0 out of 10

15:40:44.437 (437359031)|CUMULATIVE_LIMIT_USAGE_END

15:40:44.1 (437458357)|CODE_UNIT_FINISHED|OrderItemHandlerTest.setup()
15:40:44.1 (437478654)|EXECUTION_FINISHED
15:40:44.452 (452361974)|USER_INFO|[EXTERNAL]|005g80000010N45|sabrina.jesus@resourceful-moose-fmmd11.com|(GMT-03:00) Brasilia Standard Time (America/Sao_Paulo)|GMT-03:00
15:40:44.452 (452385191)|EXECUTION_STARTED
15:40:44.452 (452395459)|CODE_UNIT_STARTED|[EXTERNAL]|01pg8000001w1Mb|OrderItemHandlerTest.checkExistingProductInOrder()
15:40:44.452 (452557010)|HEAP_ALLOCATE|[95]|Bytes:3
15:40:44.452 (452617828)|HEAP_ALLOCATE|[100]|Bytes:152
15:40:44.452 (452632093)|HEAP_ALLOCATE|[417]|Bytes:408
15:40:44.452 (452642970)|HEAP_ALLOCATE|[430]|Bytes:408
15:40:44.452 (452663318)|HEAP_ALLOCATE|[317]|Bytes:6
15:40:44.452 (452674238)|HEAP_ALLOCATE|[EXTERNAL]|Bytes:353
15:40:44.452 (452683989)|METHOD_ENTRY|[2]|01pg8000001w1Mb|OrderItemHandlerTest.OrderItemHandlerTest()
15:40:44.452 (452689943)|STATEMENT_EXECUTE|[2]
15:40:44.452 (452696389)|STATEMENT_EXECUTE|[2]
15:40:44.452 (452698753)|METHOD_EXIT|[2]|OrderItemHandlerTest
15:40:44.452 (452718897)|HEAP_ALLOCATE|[68]|Bytes:5
15:40:44.452 (452742609)|HEAP_ALLOCATE|[74]|Bytes:5
15:40:44.452 (452747123)|HEAP_ALLOCATE|[82]|Bytes:7
15:40:44.452 (452780617)|STATEMENT_EXECUTE|[151]
15:40:44.452 (452781843)|STATEMENT_EXECUTE|[152]
15:40:44.452 (452783983)|HEAP_ALLOCATE|[152]|Bytes:28
15:40:44.452 (452801790)|HEAP_ALLOCATE|[152]|Bytes:4
15:40:44.452 (453132401)|SOQL_EXECUTE_BEGIN|[152]|Aggregations:0|SELECT Id FROM Order LIMIT 1
15:40:44.452 (458071940)|SOQL_EXECUTE_END|[152]|Rows:1
15:40:44.452 (458105813)|HEAP_ALLOCATE|[152]|Bytes:8
15:40:44.452 (458126684)|HEAP_ALLOCATE|[152]|Bytes:29
15:40:44.452 (458230652)|HEAP_ALLOCATE|[152]|Bytes:8
15:40:44.452 (458254931)|HEAP_ALLOCATE|[152]|Bytes:31
15:40:44.452 (458341373)|HEAP_ALLOCATE|[152]|Bytes:8
15:40:44.452 (458350207)|VARIABLE_SCOPE_BEGIN|[152]|pedido|Order|true|false
15:40:44.452 (458439770)|VARIABLE_ASSIGNMENT|[152]|pedido|{"Id":"801g8000009VmchAAC"}|0x25b46db6
15:40:44.452 (458446842)|STATEMENT_EXECUTE|[153]
15:40:44.452 (458449462)|HEAP_ALLOCATE|[153]|Bytes:37
15:40:44.452 (458463750)|HEAP_ALLOCATE|[153]|Bytes:4
15:40:44.452 (458733281)|SOQL_EXECUTE_BEGIN|[153]|Aggregations:0|SELECT Id FROM PricebookEntry LIMIT 1
15:40:44.452 (463515088)|SOQL_EXECUTE_END|[153]|Rows:1
15:40:44.452 (463542909)|HEAP_ALLOCATE|[153]|Bytes:8
15:40:44.452 (463560253)|HEAP_ALLOCATE|[153]|Bytes:29
15:40:44.452 (463652876)|HEAP_ALLOCATE|[153]|Bytes:8
15:40:44.452 (463673727)|HEAP_ALLOCATE|[153]|Bytes:40
15:40:44.452 (463736861)|HEAP_ALLOCATE|[153]|Bytes:8
15:40:44.452 (463744467)|VARIABLE_SCOPE_BEGIN|[153]|pbe|PricebookEntry|true|false
15:40:44.452 (463801374)|VARIABLE_ASSIGNMENT|[153]|pbe|{"Id":"01ug8000000gSxZAAU"}|0x2f04b742
15:40:44.452 (463807928)|STATEMENT_EXECUTE|[154]
15:40:44.452 (463810456)|HEAP_ALLOCATE|[154]|Bytes:31
15:40:44.452 (463823402)|HEAP_ALLOCATE|[154]|Bytes:4
15:40:44.452 (464049014)|SOQL_EXECUTE_BEGIN|[154]|Aggregations:0|SELECT Id FROM Product2 LIMIT 1
15:40:44.452 (468505497)|SOQL_EXECUTE_END|[154]|Rows:1
15:40:44.452 (468530880)|HEAP_ALLOCATE|[154]|Bytes:8
15:40:44.452 (468546238)|HEAP_ALLOCATE|[154]|Bytes:29
15:40:44.452 (468629905)|HEAP_ALLOCATE|[154]|Bytes:8
15:40:44.452 (468649719)|HEAP_ALLOCATE|[154]|Bytes:34
15:40:44.452 (468716584)|HEAP_ALLOCATE|[154]|Bytes:8
15:40:44.452 (468726540)|VARIABLE_SCOPE_BEGIN|[154]|produto|Product2|true|false
15:40:44.452 (468788399)|VARIABLE_ASSIGNMENT|[154]|produto|{"Id":"01tg8000001RPszAAG"}|0x16f4ff46
15:40:44.452 (468796865)|STATEMENT_EXECUTE|[156]
15:40:44.452 (468843945)|HEAP_ALLOCATE|[156]|Bytes:4
15:40:44.452 (469066104)|VARIABLE_ASSIGNMENT|[156]|this.OrderId|"801g8000009VmchAAC"|0x16a9b131
15:40:44.452 (469106118)|VARIABLE_ASSIGNMENT|[156]|this.Product2Id|"01tg8000001RPszAAG"|0x16a9b131
15:40:44.452 (469149075)|VARIABLE_ASSIGNMENT|[156]|this.PricebookEntryId|"01ug8000000gSxZAAU"|0x16a9b131
15:40:44.452 (469206017)|HEAP_ALLOCATE|[156]|Bytes:28
15:40:44.452 (469209727)|HEAP_ALLOCATE|[156]|Bytes:28
15:40:44.452 (469231010)|VARIABLE_ASSIGNMENT|[156]|this.Quantity|1|0x16a9b131
15:40:44.452 (469238406)|HEAP_ALLOCATE|[156]|Bytes:28
15:40:44.452 (469250942)|VARIABLE_ASSIGNMENT|[156]|this.UnitPrice|100|0x16a9b131
15:40:44.452 (469278699)|VARIABLE_SCOPE_BEGIN|[156]|item|OrderItem|true|false
15:40:44.452 (469299392)|VARIABLE_ASSIGNMENT|[156]|item|{"OrderId":"801g8000009VmchAAC","Product2Id":"01tg8000001RPszAAG","PricebookEntryId":"01ug8000000gSxZAAU","Quantity":1,"UnitPrice":100}|0x16a9b131
15:40:44.452 (469304712)|STATEMENT_EXECUTE|[163]
15:40:44.452 (469337121)|HEAP_ALLOCATE|[163]|Bytes:8
15:40:44.452 (469358977)|DML_BEGIN|[163]|Op:Insert|Type:OrderItem|Rows:1
15:40:44.452 (469431307)|HEAP_ALLOCATE|[EXTERNAL]|Bytes:8
15:40:44.452 (487765178)|CODE_UNIT_STARTED|[EXTERNAL]|01qg8000000Fou9|OrdemItemTrigger on OrderItem trigger event BeforeInsert|__sfdc_trigger/OrdemItemTrigger
15:40:44.452 (487842258)|HEAP_ALLOCATE|[EXTERNAL]|Bytes:8
15:40:44.452 (487925950)|HEAP_ALLOCATE|[EXTERNAL]|Bytes:4
15:40:44.452 (487951423)|VARIABLE_SCOPE_BEGIN|[1]|this|OrdemItemTrigger|true|false
15:40:44.452 (487992561)|VARIABLE_ASSIGNMENT|[1]|this|{}|0x25a8fea1
15:40:44.452 (488026278)|HEAP_ALLOCATE|[EXTERNAL]|Bytes:4
15:40:44.452 (488030986)|VARIABLE_SCOPE_BEGIN|[1]|this|OrdemItemTrigger|true|false
15:40:44.452 (488036640)|VARIABLE_ASSIGNMENT|[1]|this|{}|0x25a8fea1
15:40:44.452 (488043393)|STATEMENT_EXECUTE|[1]
15:40:44.452 (488044602)|STATEMENT_EXECUTE|[2]
15:40:44.452 (488171467)|VARIABLE_SCOPE_BEGIN|[63]|TriggerHandler.BYPASS_ALL_ALIAS|String|false|true
15:40:44.452 (488176177)|VARIABLE_SCOPE_BEGIN|[839]|TriggerHandler.ERROR_TRIGGERCONTEXT|String|false|true
15:40:44.452 (488180256)|VARIABLE_SCOPE_BEGIN|[26]|TriggerHandler.bypassedHandlers|Set<String>|true|true
15:40:44.452 (488183807)|VARIABLE_SCOPE_BEGIN|[32]|TriggerHandler.globalBypass|Boolean|false|true
15:40:44.452 (488187256)|VARIABLE_SCOPE_BEGIN|[20]|TriggerHandler.loopCountMap|Map<String,TriggerHandler.LoopCount>|true|true
15:40:44.452 (488190392)|VARIABLE_SCOPE_BEGIN|[44]|TriggerHandler.showDebug|Boolean|false|true
15:40:44.452 (488193329)|VARIABLE_SCOPE_BEGIN|[38]|TriggerHandler.showLimits|Boolean|false|true
15:40:44.452 (488216727)|HEAP_ALLOCATE|[2]|Bytes:21
15:40:44.452 (488221282)|HEAP_ALLOCATE|[2]|Bytes:6
15:40:44.452 (488239895)|METHOD_ENTRY|[1]|01pg8000001EZwd|OrdemItemHandler.OrdemItemHandler()
15:40:44.452 (488272972)|STATEMENT_EXECUTE|[1]
15:40:44.452 (488276674)|STATEMENT_EXECUTE|[1]
15:40:44.452 (488281674)|METHOD_EXIT|[1]|OrdemItemHandler
15:40:44.452 (488287747)|HEAP_ALLOCATE|[2]|Bytes:32
15:40:44.452 (488311656)|CONSTRUCTOR_ENTRY|[2]|01pg8000001EZwd|<init>()|OrdemItemHandler
15:40:44.452 (488333528)|VARIABLE_SCOPE_BEGIN|[9]|this|OrdemItemHandler|true|false
15:40:44.452 (488354553)|VARIABLE_ASSIGNMENT|[9]|this|{}|0x153cead8
15:40:44.452 (488361196)|STATEMENT_EXECUTE|[1]
15:40:44.452 (488362594)|STATEMENT_EXECUTE|[3]
15:40:44.452 (488363842)|STATEMENT_EXECUTE|[4]
15:40:44.452 (488364832)|STATEMENT_EXECUTE|[5]
15:40:44.452 (488366067)|STATEMENT_EXECUTE|[6]
15:40:44.452 (488367161)|STATEMENT_EXECUTE|[10]
15:40:44.452 (488370656)|HEAP_ALLOCATE|[10]|Bytes:16
15:40:44.452 (488377721)|HEAP_ALLOCATE|[10]|Bytes:33
15:40:44.452 (488380355)|HEAP_ALLOCATE|[10]|Bytes:166
15:40:44.452 (488382720)|HEAP_ALLOCATE|[10]|Bytes:55
15:40:44.452 (488384502)|HEAP_ALLOCATE|[10]|Bytes:9
15:40:44.452 (488396417)|VARIABLE_ASSIGNMENT|[10]|TriggerHandler.BYPASS_ALL_ALIAS|"BypassAll"
15:40:44.452 (488398487)|HEAP_ALLOCATE|[10]|Bytes:51
15:40:44.452 (488403690)|VARIABLE_ASSIGNMENT|[10]|TriggerHandler.ERROR_TRIGGERCONTEXT|"Trigger handler call (31 more) ..."
15:40:44.452 (488456741)|METHOD_ENTRY|[15]|01pg80000019iSf|TriggerHandler.TriggerHandler()
15:40:44.452 (488459182)|STATEMENT_EXECUTE|[15]
15:40:44.452 (488461707)|STATEMENT_EXECUTE|[15]
15:40:44.452 (488462539)|STATEMENT_EXECUTE|[66]
15:40:44.452 (488463558)|STATEMENT_EXECUTE|[67]
15:40:44.452 (488473648)|HEAP_ALLOCATE|[67]|Bytes:4
15:40:44.452 (488521011)|VARIABLE_ASSIGNMENT|[67]|TriggerHandler.loopCountMap|{}|0x153b5c24
15:40:44.452 (488524006)|STATEMENT_EXECUTE|[68]
15:40:44.452 (488544132)|HEAP_ALLOCATE|[68]|Bytes:4
15:40:44.452 (488620913)|VARIABLE_ASSIGNMENT|[68]|TriggerHandler.bypassedHandlers|[]|0x77090461
15:40:44.452 (488624449)|STATEMENT_EXECUTE|[69]
15:40:44.452 (488638398)|HEAP_ALLOCATE|[69]|Bytes:5
15:40:44.452 (488644370)|VARIABLE_ASSIGNMENT|[69]|TriggerHandler.globalBypass|false
15:40:44.452 (488646463)|STATEMENT_EXECUTE|[70]
15:40:44.452 (488648080)|HEAP_ALLOCATE|[70]|Bytes:5
15:40:44.452 (488651403)|VARIABLE_ASSIGNMENT|[70]|TriggerHandler.showLimits|false
15:40:44.452 (488653395)|STATEMENT_EXECUTE|[71]
15:40:44.452 (488654783)|HEAP_ALLOCATE|[71]|Bytes:5
15:40:44.452 (488657875)|VARIABLE_ASSIGNMENT|[71]|TriggerHandler.showDebug|false
15:40:44.452 (488660212)|STATEMENT_EXECUTE|[755]
15:40:44.452 (488661476)|STATEMENT_EXECUTE|[832]
15:40:44.452 (488665524)|METHOD_EXIT|[15]|TriggerHandler
15:40:44.452 (488678376)|CONSTRUCTOR_ENTRY|[10]|01pg80000019iSf|<init>(String)|TriggerHandler
15:40:44.452 (488687310)|VARIABLE_SCOPE_BEGIN|[107]|this|TriggerHandler|true|false
15:40:44.452 (488700503)|VARIABLE_ASSIGNMENT|[107]|this|{}|0x153cead8
15:40:44.452 (488703339)|VARIABLE_SCOPE_BEGIN|[107]|handlerName|String|false|false
15:40:44.452 (488708285)|VARIABLE_ASSIGNMENT|[107]|handlerName|"OrderItemHandler"
15:40:44.452 (488712770)|STATEMENT_EXECUTE|[15]
15:40:44.452 (488713750)|STATEMENT_EXECUTE|[50]
15:40:44.452 (488714820)|STATEMENT_EXECUTE|[57]
15:40:44.452 (488715760)|STATEMENT_EXECUTE|[671]
15:40:44.452 (488719908)|HEAP_ALLOCATE|[108]|Bytes:6
15:40:44.452 (488743105)|STATEMENT_EXECUTE|[107]
15:40:44.452 (488744189)|STATEMENT_EXECUTE|[108]
15:40:44.452 (488749551)|STATEMENT_EXECUTE|[109]
15:40:44.452 (488764897)|METHOD_ENTRY|[109]|01pg80000019iSf|TriggerHandler.setTriggerContext()
15:40:44.452 (488772832)|VARIABLE_SCOPE_BEGIN|[565]|this|TriggerHandler|true|false
15:40:44.452 (488783114)|VARIABLE_ASSIGNMENT|[565]|this|{"handlerName":"OrderItemHandler"}|0x153cead8
15:40:44.452 (488797912)|STATEMENT_EXECUTE|[565]
15:40:44.452 (488798976)|STATEMENT_EXECUTE|[566]
15:40:44.452 (488941549)|HEAP_ALLOCATE|[566]|Bytes:16
15:40:44.452 (488952320)|METHOD_ENTRY|[566]|01pg80000019iSf|TriggerHandler.setTriggerContext(System.TriggerOperation, Boolean)
15:40:44.452 (488955264)|VARIABLE_SCOPE_BEGIN|[582]|this|TriggerHandler|true|false
15:40:44.452 (488965575)|VARIABLE_ASSIGNMENT|[582]|this|{"handlerName":"OrderItemHandler"}|0x153cead8
15:40:44.452 (488968134)|VARIABLE_SCOPE_BEGIN|[582]|opType|System.TriggerOperation|true|false
15:40:44.452 (488983750)|VARIABLE_ASSIGNMENT|[582]|opType|"BEFORE_INSERT"|0x2c8bc884
15:40:44.452 (488987399)|VARIABLE_SCOPE_BEGIN|[582]|testMode|Boolean|false|false
15:40:44.452 (488991600)|VARIABLE_ASSIGNMENT|[582]|testMode|false
15:40:44.452 (488996939)|STATEMENT_EXECUTE|[582]
15:40:44.452 (489009175)|STATEMENT_EXECUTE|[586]
15:40:44.452 (489010895)|STATEMENT_EXECUTE|[587]
15:40:44.452 (489013676)|HEAP_ALLOCATE|[587]|Bytes:5
15:40:44.452 (489018952)|STATEMENT_EXECUTE|[590]
15:40:44.452 (489019779)|STATEMENT_EXECUTE|[592]
15:40:44.452 (489036624)|HEAP_ALLOCATE|[592]|Bytes:16
15:40:44.452 (489041284)|STATEMENT_EXECUTE|[595]
15:40:44.452 (489058174)|VARIABLE_SCOPE_BEGIN|[595]|context|String|false|false
15:40:44.452 (489064775)|VARIABLE_ASSIGNMENT|[595]|context|"BEFORE_INSERT"
15:40:44.452 (489066917)|STATEMENT_EXECUTE|[597]
15:40:44.452 (489069723)|HEAP_ALLOCATE|[598]|Bytes:13
15:40:44.452 (489106319)|STATEMENT_EXECUTE|[598]
15:40:44.452 (489107248)|STATEMENT_EXECUTE|[599]
15:40:44.452 (489113489)|METHOD_EXIT|[566]|01pg80000019iSf|TriggerHandler.setTriggerContext(System.TriggerOperation, Boolean)
15:40:44.452 (489116594)|METHOD_EXIT|[109]|01pg80000019iSf|TriggerHandler.setTriggerContext()
15:40:44.452 (489130109)|CONSTRUCTOR_EXIT|[10]|01pg80000019iSf|<init>(String)|TriggerHandler
15:40:44.452 (489134414)|STATEMENT_EXECUTE|[9]
15:40:44.452 (489135609)|STATEMENT_EXECUTE|[11]
15:40:44.452 (491288023)|VARIABLE_ASSIGNMENT|[11]|this.newRecords|[{"Product_Code_Display__c":"TRT 7","IsDeleted":false,"UnitPrice":100.00,"Product2Id":"01tg8000001RPszAAG","PricebookEntryId":"01ug8000000gSxZAAU","TotalPrice":100.00,"Quantity":1.00,"ListPrice":1000.00,"OrderId":"801g8000009VmchAAC"}]|0x153cead8
15:40:44.452 (491307631)|STATEMENT_EXECUTE|[12]
15:40:44.452 (491344966)|VARIABLE_ASSIGNMENT|[12]|this.oldRecords|null|0x153cead8
15:40:44.452 (491347970)|STATEMENT_EXECUTE|[13]
15:40:44.452 (491424450)|VARIABLE_ASSIGNMENT|[13]|this.newRecordsMap|null|0x153cead8
15:40:44.452 (491427797)|STATEMENT_EXECUTE|[14]
15:40:44.452 (491437935)|VARIABLE_ASSIGNMENT|[14]|this.oldRecordsMap|null|0x153cead8
15:40:44.452 (491459380)|CONSTRUCTOR_EXIT|[2]|01pg8000001EZwd|<init>()|OrdemItemHandler
15:40:44.452 (491491873)|METHOD_ENTRY|[2]|01pg80000019iSf|TriggerHandler.run()
15:40:44.452 (491497760)|VARIABLE_SCOPE_BEGIN|[120]|this|TriggerHandler|true|false
15:40:44.452 (491550171)|VARIABLE_ASSIGNMENT|[120]|this|{"newRecords":"0x172e6a44","handlerName":"OrderItemHandler","isTriggerExecuting":true,"triggerEvent":"0x2c8bc884"}|0x153cead8
15:40:44.452 (491565301)|STATEMENT_EXECUTE|[120]
15:40:44.452 (491570895)|METHOD_ENTRY|[121]|01pg80000019iSf|TriggerHandler.validateRun()
15:40:44.452 (491585337)|VARIABLE_SCOPE_BEGIN|[661]|this|TriggerHandler|true|false
15:40:44.452 (491595580)|VARIABLE_ASSIGNMENT|[661]|this|{"newRecords":"0x172e6a44","handlerName":"OrderItemHandler","isTriggerExecuting":true,"triggerEvent":"0x2c8bc884"}|0x153cead8
15:40:44.452 (491599981)|STATEMENT_EXECUTE|[661]
15:40:44.452 (491608094)|STATEMENT_EXECUTE|[662]
15:40:44.452 (491609305)|STATEMENT_EXECUTE|[665]
15:40:44.452 (491615742)|METHOD_ENTRY|[665]|01pg80000019iSf|TriggerHandler.getHandlerName()
15:40:44.452 (491620797)|VARIABLE_SCOPE_BEGIN|[680]|this|TriggerHandler|true|false
15:40:44.452 (491629212)|VARIABLE_ASSIGNMENT|[680]|this|{"newRecords":"0x172e6a44","handlerName":"OrderItemHandler","isTriggerExecuting":true,"triggerEvent":"0x2c8bc884"}|0x153cead8
15:40:44.452 (491633686)|STATEMENT_EXECUTE|[680]
15:40:44.452 (491672509)|STATEMENT_EXECUTE|[681]
15:40:44.452 (491673992)|STATEMENT_EXECUTE|[684]
15:40:44.452 (491677900)|METHOD_EXIT|[665]|01pg80000019iSf|TriggerHandler.getHandlerName()
15:40:44.452 (491701648)|METHOD_EXIT|[121]|01pg80000019iSf|TriggerHandler.validateRun()
15:40:44.452 (491704809)|STATEMENT_EXECUTE|[121]
15:40:44.452 (491707849)|METHOD_ENTRY|[126]|01pg80000019iSf|TriggerHandler.incrementCheckLoopCount()
15:40:44.452 (491712563)|VARIABLE_SCOPE_BEGIN|[634]|this|TriggerHandler|true|false
15:40:44.452 (491723219)|VARIABLE_ASSIGNMENT|[634]|this|{"newRecords":"0x172e6a44","handlerName":"OrderItemHandler","isTriggerExecuting":true,"triggerEvent":"0x2c8bc884"}|0x153cead8
15:40:44.452 (491728109)|STATEMENT_EXECUTE|[634]
15:40:44.452 (491728952)|STATEMENT_EXECUTE|[635]
15:40:44.452 (491731149)|METHOD_ENTRY|[635]|01pg80000019iSf|TriggerHandler.getHandlerName()
15:40:44.452 (491734452)|VARIABLE_SCOPE_BEGIN|[680]|this|TriggerHandler|true|false
15:40:44.452 (491742449)|VARIABLE_ASSIGNMENT|[680]|this|{"newRecords":"0x172e6a44","handlerName":"OrderItemHandler","isTriggerExecuting":true,"triggerEvent":"0x2c8bc884"}|0x153cead8
15:40:44.452 (491745908)|STATEMENT_EXECUTE|[680]
15:40:44.452 (491752844)|STATEMENT_EXECUTE|[681]
15:40:44.452 (491753816)|STATEMENT_EXECUTE|[684]
15:40:44.452 (491755525)|METHOD_EXIT|[635]|01pg80000019iSf|TriggerHandler.getHandlerName()
15:40:44.452 (491758404)|VARIABLE_SCOPE_BEGIN|[635]|handlerName|String|false|false
15:40:44.452 (491764899)|VARIABLE_ASSIGNMENT|[635]|handlerName|"OrderItemHandler"
15:40:44.452 (491797794)|STATEMENT_EXECUTE|[636]
15:40:44.452 (491798883)|STATEMENT_EXECUTE|[649]
15:40:44.452 (491800665)|METHOD_EXIT|[126]|01pg80000019iSf|TriggerHandler.incrementCheckLoopCount()
15:40:44.452 (491803559)|STATEMENT_EXECUTE|[126]
15:40:44.452 (491805913)|STATEMENT_EXECUTE|[130]
15:40:44.452 (491806912)|STATEMENT_EXECUTE|[135]
15:40:44.452 (491879631)|STATEMENT_EXECUTE|[136]
15:40:44.452 (491880596)|STATEMENT_EXECUTE|[137]
15:40:44.452 (491887145)|METHOD_ENTRY|[137]|01pg8000001EZwd|OrdemItemHandler.beforeInsert()
15:40:44.452 (491893308)|VARIABLE_SCOPE_BEGIN|[18]|this|OrdemItemHandler|true|false
15:40:44.452 (491904408)|VARIABLE_ASSIGNMENT|[18]|this|{"newRecords":"0x172e6a44","handlerName":"OrderItemHandler","isTriggerExecuting":true,"triggerEvent":"0x2c8bc884"}|0x153cead8
15:40:44.452 (491909851)|STATEMENT_EXECUTE|[18]
15:40:44.452 (491911062)|STATEMENT_EXECUTE|[19]
15:40:44.452 (491914726)|METHOD_ENTRY|[19]|01pg8000001EZwd|OrdemItemHandler.checkActiveOrderItem()
15:40:44.452 (491918888)|VARIABLE_SCOPE_BEGIN|[176]|this|OrdemItemHandler|true|false
15:40:44.452 (491926783)|VARIABLE_ASSIGNMENT|[176]|this|{"newRecords":"0x172e6a44","handlerName":"OrderItemHandler","isTriggerExecuting":true,"triggerEvent":"0x2c8bc884"}|0x153cead8
15:40:44.452 (491931293)|STATEMENT_EXECUTE|[176]
15:40:44.452 (491932239)|STATEMENT_EXECUTE|[177]
15:40:44.452 (491937768)|VARIABLE_SCOPE_BEGIN|[177]|listaParaValidar|List<OrderItem>|true|false
15:40:44.452 (491942891)|VARIABLE_ASSIGNMENT|[177]|listaParaValidar|null|
15:40:44.452 (491944973)|STATEMENT_EXECUTE|[178]
15:40:44.452 (491958112)|HEAP_ALLOCATE|[178]|Bytes:4
15:40:44.452 (491984183)|VARIABLE_SCOPE_BEGIN|[178]|idOrders|Set<Id>|true|false
15:40:44.452 (492007136)|VARIABLE_ASSIGNMENT|[178]|idOrders|[]|0x271416f1
15:40:44.452 (492010884)|STATEMENT_EXECUTE|[179]
15:40:44.452 (492034158)|HEAP_ALLOCATE|[179]|Bytes:4
15:40:44.452 (492053018)|VARIABLE_SCOPE_BEGIN|[179]|idMapOrders|Map<Id,Order>|true|false
15:40:44.452 (492067500)|VARIABLE_ASSIGNMENT|[179]|idMapOrders|{}|0x5514d984
15:40:44.452 (492080907)|STATEMENT_EXECUTE|[183]
15:40:44.452 (492081920)|STATEMENT_EXECUTE|[184]
15:40:44.452 (492718061)|VARIABLE_ASSIGNMENT|[184]|listaParaValidar|[{"Product_Code_Display__c":"TRT 7","IsDeleted":false,"UnitPrice":100.00,"Product2Id":"01tg8000001RPszAAG","PricebookEntryId":"01ug8000000gSxZAAU","TotalPrice":100.00,"Quantity":1.00,"ListPrice":1000.00,"OrderId":"801g8000009VmchAAC"}]|0x172e6a44
15:40:44.452 (492939600)|HEAP_ALLOCATE|[187]|Bytes:5
15:40:44.452 (492961554)|HEAP_ALLOCATE|[187]|Bytes:4
15:40:44.452 (492969679)|VARIABLE_SCOPE_BEGIN|[187]|ot|OrderItem|true|false
15:40:44.452 (493475174)|VARIABLE_ASSIGNMENT|[187]|ot|{"Product_Code_Display__c":"TRT 7","IsDeleted":false,"UnitPrice":100.00,"Product2Id":"01tg8000001RPszAAG","PricebookEntryId":"01ug8000000gSxZAAU","TotalPrice":100.00,"Quantity":1.00,"ListPrice":1000.00,"OrderId":"801g8000009VmchAAC"}|0x44ffa3b1
15:40:44.452 (493483794)|STATEMENT_EXECUTE|[187]
15:40:44.452 (493484868)|STATEMENT_EXECUTE|[188]
15:40:44.452 (493551443)|HEAP_ALLOCATE|[EXTERNAL]|Bytes:4
15:40:44.452 (493564437)|HEAP_ALLOCATE|[187]|Bytes:5
15:40:44.452 (493572600)|VARIABLE_ASSIGNMENT|[187]|ot|null|
15:40:44.452 (493576862)|STATEMENT_EXECUTE|[191]
15:40:44.452 (493648969)|HEAP_ALLOCATE|[191]|Bytes:1
15:40:44.452 (493659968)|METHOD_ENTRY|[1]|01pg8000001w1Md|OrderSelector.OrderSelector()
15:40:44.452 (493663598)|STATEMENT_EXECUTE|[1]
15:40:44.452 (493666232)|STATEMENT_EXECUTE|[1]
15:40:44.452 (493669344)|METHOD_EXIT|[1]|OrderSelector
15:40:44.452 (493675746)|METHOD_ENTRY|[191]|01pg8000001w1Md|OrderSelector.getOrdersByIds(Set<Id>)
15:40:44.452 (493683942)|VARIABLE_SCOPE_BEGIN|[2]|ids|Set<Id>|true|false
15:40:44.452 (493694482)|VARIABLE_ASSIGNMENT|[2]|ids|["801g8000009VmchAAC"]|0x271416f1
15:40:44.452 (493704271)|STATEMENT_EXECUTE|[2]
15:40:44.452 (493705227)|STATEMENT_EXECUTE|[3]
15:40:44.452 (493714367)|HEAP_ALLOCATE|[3]|Bytes:4
15:40:44.452 (493717678)|HEAP_ALLOCATE|[3]|Bytes:113
15:40:44.452 (493723922)|HEAP_ALLOCATE|[3]|Bytes:4
15:40:44.452 (493728027)|HEAP_ALLOCATE|[3]|Bytes:7
15:40:44.452 (494450884)|SOQL_EXECUTE_BEGIN|[3]|Aggregations:0|SELECT Id, DistributionCenter__c, State__c, City__c, Country__c, AccountId, Status FROM Order WHERE Id = :tmpVar1
15:40:44.452 (502094809)|SOQL_EXECUTE_END|[3]|Rows:1
15:40:44.452 (502121511)|HEAP_ALLOCATE|[3]|Bytes:8
15:40:44.452 (502136967)|HEAP_ALLOCATE|[3]|Bytes:209
15:40:44.452 (502173869)|HEAP_ALLOCATE|[3]|Bytes:8
15:40:44.452 (502205038)|HEAP_ALLOCATE|[3]|Bytes:32
15:40:44.452 (502222818)|HEAP_ALLOCATE|[3]|Bytes:4
15:40:44.452 (502237786)|METHOD_EXIT|[191]|01pg8000001w1Md|OrderSelector.getOrdersByIds(Set<Id>)
15:40:44.452 (502348487)|VARIABLE_ASSIGNMENT|[191]|idMapOrders|{"801g8000009VmchAAC":{"Status":"Draft","City__c":"a05g8000002BeozAAC","Country__c":"a03g80000084ySPAAY","AccountId":"001g8000009VmcfAAC","DistributionCenter__c":"a06g8000001ga3JAAQ","Id":"801g8000009VmchAAC","State__c":"a04g8000000b50jAAA"}}|0x65fee8cf
15:40:44.452 (502401915)|HEAP_ALLOCATE|[193]|Bytes:5
15:40:44.452 (502418005)|HEAP_ALLOCATE|[193]|Bytes:4
15:40:44.452 (502425739)|VARIABLE_SCOPE_BEGIN|[193]|ot|OrderItem|true|false
15:40:44.452 (502928611)|VARIABLE_ASSIGNMENT|[193]|ot|{"Product_Code_Display__c":"TRT 7","IsDeleted":false,"UnitPrice":100.00,"Product2Id":"01tg8000001RPszAAG","PricebookEntryId":"01ug8000000gSxZAAU","TotalPrice":100.00,"Quantity":1.00,"ListPrice":1000.00,"OrderId":"801g8000009VmchAAC"}|0x44ffa3b1
15:40:44.452 (502936943)|STATEMENT_EXECUTE|[193]
15:40:44.452 (502938058)|STATEMENT_EXECUTE|[194]
15:40:44.452 (502982230)|VARIABLE_SCOPE_BEGIN|[194]|pedido|Order|true|false
15:40:44.452 (503026405)|VARIABLE_ASSIGNMENT|[194]|pedido|{"Status":"Draft","City__c":"a05g8000002BeozAAC","Country__c":"a03g80000084ySPAAY","AccountId":"001g8000009VmcfAAC","DistributionCenter__c":"a06g8000001ga3JAAQ","Id":"801g8000009VmchAAC","State__c":"a04g8000000b50jAAA"}|0x415334e6
15:40:44.452 (503049547)|HEAP_ALLOCATE|[195]|Bytes:5
15:40:44.452 (503070188)|STATEMENT_EXECUTE|[195]
15:40:44.452 (503077251)|HEAP_ALLOCATE|[193]|Bytes:5
15:40:44.452 (503084175)|VARIABLE_ASSIGNMENT|[193]|ot|null|
15:40:44.452 (503090750)|METHOD_EXIT|[19]|01pg8000001EZwd|OrdemItemHandler.checkActiveOrderItem()
15:40:44.452 (503094387)|STATEMENT_EXECUTE|[20]
15:40:44.452 (503103881)|METHOD_ENTRY|[20]|01pg8000001EZwd|OrdemItemHandler.executePricingLogic()
15:40:44.452 (503113247)|VARIABLE_SCOPE_BEGIN|[35]|this|OrdemItemHandler|true|false
15:40:44.452 (503149947)|VARIABLE_ASSIGNMENT|[35]|this|{"newRecords":"0x172e6a44","handlerName":"OrderItemHandler","isTriggerExecuting":true,"triggerEvent":"0x2c8bc884"}|0x153cead8
15:40:44.452 (503166537)|STATEMENT_EXECUTE|[35]
15:40:44.452 (503167640)|STATEMENT_EXECUTE|[37]
15:40:44.452 (503177148)|HEAP_ALLOCATE|[37]|Bytes:4
15:40:44.452 (503197942)|VARIABLE_SCOPE_BEGIN|[37]|setOrderIds|Set<Id>|true|false
15:40:44.452 (503220207)|VARIABLE_ASSIGNMENT|[37]|setOrderIds|[]|0x34bd8671
15:40:44.452 (503223412)|STATEMENT_EXECUTE|[38]
15:40:44.452 (503225929)|HEAP_ALLOCATE|[38]|Bytes:4
15:40:44.452 (503232630)|VARIABLE_SCOPE_BEGIN|[38]|setProductIds|Set<Id>|true|false
15:40:44.452 (503239512)|VARIABLE_ASSIGNMENT|[38]|setProductIds|[]|0x2617a8b9
15:40:44.452 (503242480)|STATEMENT_EXECUTE|[39]
15:40:44.452 (503244403)|HEAP_ALLOCATE|[39]|Bytes:4
15:40:44.452 (503250163)|VARIABLE_SCOPE_BEGIN|[39]|setAccountIds|Set<Id>|true|false
15:40:44.452 (503256703)|VARIABLE_ASSIGNMENT|[39]|setAccountIds|[]|0x6b7ede20
15:40:44.452 (503259474)|STATEMENT_EXECUTE|[42]
15:40:44.452 (503298627)|HEAP_ALLOCATE|[42]|Bytes:4
15:40:44.452 (503318064)|VARIABLE_SCOPE_BEGIN|[42]|itemsByOrderId|Map<Id,List<OrderItem>>|true|false
15:40:44.452 (503325543)|VARIABLE_ASSIGNMENT|[42]|itemsByOrderId|{}|0x335233ad
15:40:44.452 (503346963)|HEAP_ALLOCATE|[45]|Bytes:5
15:40:44.452 (503355574)|HEAP_ALLOCATE|[45]|Bytes:4
15:40:44.452 (503360226)|VARIABLE_SCOPE_BEGIN|[45]|item|OrderItem|true|false
15:40:44.452 (503809853)|VARIABLE_ASSIGNMENT|[45]|item|{"Product_Code_Display__c":"TRT 7","IsDeleted":false,"UnitPrice":100.00,"Product2Id":"01tg8000001RPszAAG","PricebookEntryId":"01ug8000000gSxZAAU","TotalPrice":100.00,"Quantity":1.00,"ListPrice":1000.00,"OrderId":"801g8000009VmchAAC"}|0x44ffa3b1
15:40:44.452 (503816107)|STATEMENT_EXECUTE|[45]
15:40:44.452 (503821873)|STATEMENT_EXECUTE|[46]
15:40:44.452 (503822835)|STATEMENT_EXECUTE|[47]
15:40:44.452 (503843392)|HEAP_ALLOCATE|[EXTERNAL]|Bytes:4
15:40:44.452 (503870583)|STATEMENT_EXECUTE|[49]
15:40:44.452 (503878109)|HEAP_ALLOCATE|[49]|Bytes:4
15:40:44.452 (503891817)|HEAP_ALLOCATE|[EXTERNAL]|Bytes:4
15:40:44.452 (503898999)|HEAP_ALLOCATE|[EXTERNAL]|Bytes:-4
15:40:44.452 (503902469)|STATEMENT_EXECUTE|[50]
15:40:44.452 (503929967)|HEAP_ALLOCATE|[EXTERNAL]|Bytes:4
15:40:44.452 (503948148)|STATEMENT_EXECUTE|[52]
15:40:44.452 (503955970)|HEAP_ALLOCATE|[EXTERNAL]|Bytes:4
15:40:44.452 (503963782)|HEAP_ALLOCATE|[45]|Bytes:5
15:40:44.452 (503970662)|VARIABLE_ASSIGNMENT|[45]|item|null|
15:40:44.452 (503973979)|STATEMENT_EXECUTE|[56]
15:40:44.452 (503980673)|METHOD_ENTRY|[56]|01pg8000001w1Md|OrderSelector.getOrdersByIds(Set<Id>)
15:40:44.452 (503988140)|VARIABLE_SCOPE_BEGIN|[2]|ids|Set<Id>|true|false
15:40:44.452 (503996124)|VARIABLE_ASSIGNMENT|[2]|ids|["801g8000009VmchAAC"]|0x34bd8671
15:40:44.452 (504003686)|STATEMENT_EXECUTE|[2]
15:40:44.452 (504005195)|STATEMENT_EXECUTE|[3]
15:40:44.452 (504010449)|HEAP_ALLOCATE|[3]|Bytes:4
15:40:44.452 (504017643)|HEAP_ALLOCATE|[3]|Bytes:4
15:40:44.452 (504405563)|SOQL_EXECUTE_BEGIN|[3]|Aggregations:0|SELECT Id, DistributionCenter__c, State__c, City__c, Country__c, AccountId, Status FROM Order WHERE Id = :tmpVar1
15:40:44.452 (507720260)|SOQL_EXECUTE_END|[3]|Rows:1
15:40:44.452 (507744691)|HEAP_ALLOCATE|[3]|Bytes:8
15:40:44.452 (507758173)|HEAP_ALLOCATE|[3]|Bytes:209
15:40:44.452 (507791398)|HEAP_ALLOCATE|[3]|Bytes:8
15:40:44.452 (507811688)|HEAP_ALLOCATE|[3]|Bytes:32
15:40:44.452 (507828856)|HEAP_ALLOCATE|[3]|Bytes:4
15:40:44.452 (507840670)|METHOD_EXIT|[56]|01pg8000001w1Md|OrderSelector.getOrdersByIds(Set<Id>)
15:40:44.452 (507847523)|VARIABLE_SCOPE_BEGIN|[56]|mapOrders|Map<Id,Order>|true|false
15:40:44.452 (507940680)|VARIABLE_ASSIGNMENT|[56]|mapOrders|{"801g8000009VmchAAC":{"Status":"Draft","City__c":"a05g8000002BeozAAC","Country__c":"a03g80000084ySPAAY","AccountId":"001g8000009VmcfAAC","DistributionCenter__c":"a06g8000001ga3JAAQ","Id":"801g8000009VmchAAC","State__c":"a04g8000000b50jAAA"}}|0x5bed7316
15:40:44.452 (507978039)|HEAP_ALLOCATE|[EXTERNAL]|Bytes:8
15:40:44.452 (507985401)|HEAP_ALLOCATE|[58]|Bytes:216
15:40:44.452 (508096574)|HEAP_ALLOCATE|[58]|Bytes:5
15:40:44.452 (508107693)|HEAP_ALLOCATE|[58]|Bytes:32
15:40:44.452 (508113958)|VARIABLE_SCOPE_BEGIN|[58]|o|Order|true|false
15:40:44.452 (508154259)|VARIABLE_ASSIGNMENT|[58]|o|{"Status":"Draft","City__c":"a05g8000002BeozAAC","Country__c":"a03g80000084ySPAAY","AccountId":"001g8000009VmcfAAC","DistributionCenter__c":"a06g8000001ga3JAAQ","Id":"801g8000009VmchAAC","State__c":"a04g8000000b50jAAA"}|0x48abafdf
15:40:44.452 (508161619)|STATEMENT_EXECUTE|[58]
15:40:44.452 (508186801)|HEAP_ALLOCATE|[EXTERNAL]|Bytes:4
15:40:44.452 (508194674)|HEAP_ALLOCATE|[58]|Bytes:5
15:40:44.452 (508203348)|VARIABLE_ASSIGNMENT|[58]|o|null|
15:40:44.452 (508208646)|STATEMENT_EXECUTE|[60]
15:40:44.452 (508285276)|HEAP_ALLOCATE|[60]|Bytes:1
15:40:44.452 (508300963)|METHOD_ENTRY|[1]|01pg8000001w1MX|AccountSelector.AccountSelector()
15:40:44.452 (508303953)|STATEMENT_EXECUTE|[1]
15:40:44.452 (508307011)|STATEMENT_EXECUTE|[1]
15:40:44.452 (508310888)|METHOD_EXIT|[1]|AccountSelector
15:40:44.452 (508317123)|METHOD_ENTRY|[60]|01pg8000001w1MX|AccountSelector.getAccountByIds(Set<Id>)
15:40:44.452 (508327776)|VARIABLE_SCOPE_BEGIN|[2]|ids|Set<Id>|true|false
15:40:44.452 (508337848)|VARIABLE_ASSIGNMENT|[2]|ids|["001g8000009VmcfAAC"]|0x6b7ede20
15:40:44.452 (508347285)|STATEMENT_EXECUTE|[2]
15:40:44.452 (508348198)|STATEMENT_EXECUTE|[3]
15:40:44.452 (508375351)|HEAP_ALLOCATE|[3]|Bytes:4
15:40:44.452 (508378948)|HEAP_ALLOCATE|[3]|Bytes:59
15:40:44.452 (508384571)|HEAP_ALLOCATE|[3]|Bytes:4
15:40:44.452 (508739606)|SOQL_EXECUTE_BEGIN|[3]|Aggregations:0|SELECT Id, AccountGroup__c FROM Account WHERE Id = :tmpVar1
15:40:44.452 (517463999)|SOQL_EXECUTE_END|[3]|Rows:1
15:40:44.452 (517492356)|HEAP_ALLOCATE|[3]|Bytes:8
15:40:44.452 (517509584)|HEAP_ALLOCATE|[3]|Bytes:66
15:40:44.452 (517575124)|HEAP_ALLOCATE|[3]|Bytes:8
15:40:44.452 (517641915)|HEAP_ALLOCATE|[3]|Bytes:12
15:40:44.452 (517657544)|HEAP_ALLOCATE|[3]|Bytes:4
15:40:44.452 (517675268)|METHOD_EXIT|[60]|01pg8000001w1MX|AccountSelector.getAccountByIds(Set<Id>)
15:40:44.452 (517686038)|VARIABLE_SCOPE_BEGIN|[60]|mapAccounts|Map<Id,Account>|true|false
15:40:44.452 (517764804)|VARIABLE_ASSIGNMENT|[60]|mapAccounts|{"001g8000009VmcfAAC":{"AccountGroup__c":"a02g8000002mPHVAA2","Id":"001g8000009VmcfAAC"}}|0x3486245f
15:40:44.452 (517772453)|STATEMENT_EXECUTE|[62]
15:40:44.452 (517845703)|HEAP_ALLOCATE|[62]|Bytes:1
15:40:44.452 (517859169)|METHOD_ENTRY|[1]|01pg8000001w1Mf|ProductSelector.ProductSelector()
15:40:44.452 (517861968)|STATEMENT_EXECUTE|[1]
15:40:44.452 (517865353)|STATEMENT_EXECUTE|[1]
15:40:44.452 (517870368)|METHOD_EXIT|[1]|ProductSelector
15:40:44.452 (517879098)|METHOD_ENTRY|[62]|01pg8000001w1Mf|ProductSelector.getProductByIds(Set<Id>)
15:40:44.452 (517895210)|VARIABLE_SCOPE_BEGIN|[2]|ids|Set<Id>|true|false
15:40:44.452 (517908309)|VARIABLE_ASSIGNMENT|[2]|ids|["01tg8000001RPszAAG"]|0x2617a8b9
15:40:44.452 (517920098)|STATEMENT_EXECUTE|[2]
15:40:44.452 (517921089)|STATEMENT_EXECUTE|[3]
15:40:44.452 (517949748)|HEAP_ALLOCATE|[3]|Bytes:4
15:40:44.452 (517953387)|HEAP_ALLOCATE|[3]|Bytes:83
15:40:44.452 (517959859)|HEAP_ALLOCATE|[3]|Bytes:4
15:40:44.452 (518345941)|SOQL_EXECUTE_BEGIN|[3]|Aggregations:0|SELECT Id, ProductionCost__c, ProductHierarchy__c FROM Product2 WHERE Id = :tmpVar1
15:40:44.452 (522679550)|SOQL_EXECUTE_END|[3]|Rows:1
15:40:44.452 (522706062)|HEAP_ALLOCATE|[3]|Bytes:8
15:40:44.452 (522723541)|HEAP_ALLOCATE|[3]|Bytes:127
15:40:44.452 (522766250)|HEAP_ALLOCATE|[3]|Bytes:8
15:40:44.452 (522812363)|HEAP_ALLOCATE|[3]|Bytes:16
15:40:44.452 (522831254)|HEAP_ALLOCATE|[3]|Bytes:4
15:40:44.452 (522846361)|METHOD_EXIT|[62]|01pg8000001w1Mf|ProductSelector.getProductByIds(Set<Id>)
15:40:44.452 (522856119)|VARIABLE_SCOPE_BEGIN|[62]|mapProducts|Map<Id,Product2>|true|false
15:40:44.452 (522939137)|VARIABLE_ASSIGNMENT|[62]|mapProducts|{"01tg8000001RPszAAG":{"ProductionCost__c":300000.00,"ProductHierarchy__c":"a01g8000009VmcgAAC","Id":"01tg8000001RPszAAG"}}|0x7080275c
15:40:44.452 (522946953)|STATEMENT_EXECUTE|[65]
15:40:44.452 (523018489)|HEAP_ALLOCATE|[65]|Bytes:1
15:40:44.452 (523031650)|METHOD_ENTRY|[1]|01pg8000001w1MZ|MargemSelector.MargemSelector()
15:40:44.452 (523034385)|STATEMENT_EXECUTE|[1]
15:40:44.452 (523038112)|STATEMENT_EXECUTE|[1]
15:40:44.452 (523042091)|METHOD_EXIT|[1]|MargemSelector
15:40:44.452 (523050594)|METHOD_ENTRY|[65]|01pg8000001w1MZ|MargemSelector.getMargemApproved()
15:40:44.452 (523074744)|STATEMENT_EXECUTE|[2]
15:40:44.452 (523075886)|STATEMENT_EXECUTE|[3]
15:40:44.452 (523078664)|HEAP_ALLOCATE|[3]|Bytes:165
15:40:44.452 (523091127)|HEAP_ALLOCATE|[3]|Bytes:4
15:40:44.452 (523495567)|SOQL_EXECUTE_BEGIN|[3]|Aggregations:0|SELECT Product__c, ProductHierarchy__c, Account__c, AccountGroup__c, City__c, State__c, Country__c, MarginValuePercent__c FROM Margem__c WHERE Status__c = 'Approved'
15:40:44.452 (529226109)|SOQL_EXECUTE_END|[3]|Rows:1
15:40:44.452 (529253537)|HEAP_ALLOCATE|[3]|Bytes:8
15:40:44.452 (529268565)|HEAP_ALLOCATE|[3]|Bytes:184
15:40:44.452 (529339406)|HEAP_ALLOCATE|[3]|Bytes:8
15:40:44.452 (529362547)|METHOD_EXIT|[65]|01pg8000001w1MZ|MargemSelector.getMargemApproved()
15:40:44.452 (529372400)|VARIABLE_SCOPE_BEGIN|[65]|listMargins|List<Margem__c>|true|false
15:40:44.452 (529547875)|VARIABLE_ASSIGNMENT|[65]|listMargins|[{"Account__c":"001g8000009VmcfAAC","Product__c":"01tg8000001RPszAAG","Id":"a00g800000PiOpBAAV","State__c":"a04g8000000b50jAAA","MarginValuePercent__c":15.00}]|0x46314a82
15:40:44.452 (529557061)|STATEMENT_EXECUTE|[68]
15:40:44.452 (529592104)|HEAP_ALLOCATE|[68]|Bytes:4
15:40:44.452 (529624326)|VARIABLE_SCOPE_BEGIN|[68]|mapMargin|Map<String,Margem__c>|true|false
15:40:44.452 (529635170)|VARIABLE_ASSIGNMENT|[68]|mapMargin|{}|0x11670a16
15:40:44.452 (529800064)|HEAP_ALLOCATE|[69]|Bytes:5
15:40:44.452 (529820506)|HEAP_ALLOCATE|[69]|Bytes:24
15:40:44.452 (529828218)|VARIABLE_SCOPE_BEGIN|[69]|m|Margem__c|true|false
15:40:44.452 (529867344)|VARIABLE_ASSIGNMENT|[69]|m|{"Account__c":"001g8000009VmcfAAC","Product__c":"01tg8000001RPszAAG","Id":"a00g800000PiOpBAAV","State__c":"a04g8000000b50jAAA","MarginValuePercent__c":15.00}|0x6e5157cb
15:40:44.452 (529873609)|STATEMENT_EXECUTE|[69]
15:40:44.452 (529874995)|STATEMENT_EXECUTE|[70]
15:40:44.452 (529946494)|HEAP_ALLOCATE|[70]|Bytes:18
15:40:44.452 (529953778)|VARIABLE_SCOPE_BEGIN|[70]|p|String|false|false
15:40:44.452 (529959492)|VARIABLE_ASSIGNMENT|[70]|p|"01tg8000001RPszAAG"
15:40:44.452 (529962066)|STATEMENT_EXECUTE|[71]
15:40:44.452 (529982453)|HEAP_ALLOCATE|[71]|Bytes:18
15:40:44.452 (529987779)|VARIABLE_SCOPE_BEGIN|[71]|a|String|false|false
15:40:44.452 (529992570)|VARIABLE_ASSIGNMENT|[71]|a|"001g8000009VmcfAAC"
15:40:44.452 (529994656)|STATEMENT_EXECUTE|[72]
15:40:44.452 (530009491)|HEAP_ALLOCATE|[72]|Bytes:18
15:40:44.452 (530014796)|VARIABLE_SCOPE_BEGIN|[72]|l|String|false|false
15:40:44.452 (530019629)|VARIABLE_ASSIGNMENT|[72]|l|"a04g8000000b50jAAA"
15:40:44.452 (530021818)|STATEMENT_EXECUTE|[75]
15:40:44.452 (530024226)|HEAP_ALLOCATE|[75]|Bytes:1
15:40:44.452 (530039956)|HEAP_ALLOCATE|[75]|Bytes:56
15:40:44.452 (530042268)|VARIABLE_SCOPE_BEGIN|[75]|compositeKey|String|false|false
15:40:44.452 (530048022)|VARIABLE_ASSIGNMENT|[75]|compositeKey|"01tg8000001RPszAAG_0 (36 more) ..."
15:40:44.452 (530050365)|STATEMENT_EXECUTE|[76]
15:40:44.452 (530068518)|HEAP_ALLOCATE|[EXTERNAL]|Bytes:-4
15:40:44.452 (530073637)|STATEMENT_EXECUTE|[77]
15:40:44.452 (530075041)|HEAP_ALLOCATE|[77]|Bytes:28
15:40:44.452 (530081696)|HEAP_ALLOCATE|[77]|Bytes:84
15:40:44.452 (530111658)|USER_DEBUG|[77]|DEBUG|MAPA MARGEM - Chave Gerada: 01tg8000001RPszAAG_001g8000009VmcfAAC_a04g8000000b50jAAA
15:40:44.452 (530121478)|HEAP_ALLOCATE|[69]|Bytes:5
15:40:44.452 (530128675)|VARIABLE_ASSIGNMENT|[69]|m|null|
15:40:44.452 (530133323)|STATEMENT_EXECUTE|[81]
15:40:44.452 (530188627)|HEAP_ALLOCATE|[81]|Bytes:1
15:40:44.452 (530200684)|METHOD_ENTRY|[1]|01pg8000001w1Mg|TaxSelector.TaxSelector()
15:40:44.452 (530203157)|STATEMENT_EXECUTE|[1]
15:40:44.452 (530206038)|STATEMENT_EXECUTE|[1]
15:40:44.452 (530210052)|METHOD_EXIT|[1]|TaxSelector
15:40:44.452 (530216469)|METHOD_ENTRY|[81]|01pg8000001w1Mg|TaxSelector.getTaxApproved()
15:40:44.452 (530233212)|STATEMENT_EXECUTE|[2]
15:40:44.452 (530234117)|STATEMENT_EXECUTE|[3]
15:40:44.452 (530235855)|HEAP_ALLOCATE|[3]|Bytes:103
15:40:44.452 (530245542)|HEAP_ALLOCATE|[3]|Bytes:4
15:40:44.452 (530597296)|SOQL_EXECUTE_BEGIN|[3]|Aggregations:0|SELECT Product__c, State__c, DistributionCenter__c, TaxRate__c FROM Tax__c WHERE Status__c = 'Approved'
15:40:44.452 (535427976)|SOQL_EXECUTE_END|[3]|Rows:1
15:40:44.452 (535458931)|HEAP_ALLOCATE|[3]|Bytes:8
15:40:44.452 (535476520)|HEAP_ALLOCATE|[3]|Bytes:184
15:40:44.452 (535558303)|HEAP_ALLOCATE|[3]|Bytes:8
15:40:44.452 (535585204)|METHOD_EXIT|[81]|01pg8000001w1Mg|TaxSelector.getTaxApproved()
15:40:44.452 (535596899)|VARIABLE_SCOPE_BEGIN|[81]|listTaxes|List<Tax__c>|true|false
15:40:44.452 (535726812)|VARIABLE_ASSIGNMENT|[81]|listTaxes|[{"DistributionCenter__c":"a06g8000001ga3JAAQ","Product__c":"01tg8000001RPszAAG","TaxRate__c":10.00,"Id":"a09g8000002D1efAAC","State__c":"a04g8000000b50jAAA"}]|0x6b4c0de0
15:40:44.452 (535738794)|STATEMENT_EXECUTE|[83]
15:40:44.452 (535784215)|HEAP_ALLOCATE|[83]|Bytes:4
15:40:44.452 (535819851)|VARIABLE_SCOPE_BEGIN|[83]|mapTaxByCompositeKey|Map<String,Tax__c>|true|false
15:40:44.452 (535833422)|VARIABLE_ASSIGNMENT|[83]|mapTaxByCompositeKey|{}|0x602d74f5
15:40:44.452 (535989121)|HEAP_ALLOCATE|[84]|Bytes:5
15:40:44.452 (536009707)|HEAP_ALLOCATE|[84]|Bytes:24
15:40:44.452 (536017125)|VARIABLE_SCOPE_BEGIN|[84]|t|Tax__c|true|false
15:40:44.452 (536083006)|VARIABLE_ASSIGNMENT|[84]|t|{"DistributionCenter__c":"a06g8000001ga3JAAQ","Product__c":"01tg8000001RPszAAG","TaxRate__c":10.00,"Id":"a09g8000002D1efAAC","State__c":"a04g8000000b50jAAA"}|0x7ac8019
15:40:44.452 (536091217)|STATEMENT_EXECUTE|[84]
15:40:44.452 (536092989)|STATEMENT_EXECUTE|[85]
15:40:44.452 (536171335)|HEAP_ALLOCATE|[85]|Bytes:18
15:40:44.452 (536205351)|HEAP_ALLOCATE|[86]|Bytes:18
15:40:44.452 (536228903)|HEAP_ALLOCATE|[87]|Bytes:18
15:40:44.452 (536243389)|HEAP_ALLOCATE|[85]|Bytes:54
15:40:44.452 (536246815)|VARIABLE_SCOPE_BEGIN|[85]|key|String|false|false
15:40:44.452 (536257629)|VARIABLE_ASSIGNMENT|[85]|key|"01tg8000001RPszAAGa0 (34 more) ..."
15:40:44.452 (536262513)|STATEMENT_EXECUTE|[88]
15:40:44.452 (536289752)|HEAP_ALLOCATE|[EXTERNAL]|Bytes:-4
15:40:44.452 (536306163)|HEAP_ALLOCATE|[84]|Bytes:5
15:40:44.452 (536318527)|VARIABLE_ASSIGNMENT|[84]|t|null|
15:40:44.452 (536324742)|STATEMENT_EXECUTE|[92]
15:40:44.452 (536400315)|HEAP_ALLOCATE|[92]|Bytes:1
15:40:44.452 (536417424)|METHOD_ENTRY|[1]|01pg8000001w1MY|FreightSelector.FreightSelector()
15:40:44.452 (536421869)|STATEMENT_EXECUTE|[1]
15:40:44.452 (536425563)|STATEMENT_EXECUTE|[1]
15:40:44.452 (536431324)|METHOD_EXIT|[1]|FreightSelector
15:40:44.452 (536439188)|METHOD_ENTRY|[92]|01pg8000001w1MY|FreightSelector.getFreightApproved()
15:40:44.452 (536461256)|STATEMENT_EXECUTE|[2]
15:40:44.452 (536462724)|STATEMENT_EXECUTE|[3]
15:40:44.452 (536466644)|HEAP_ALLOCATE|[3]|Bytes:154
15:40:44.452 (536482039)|HEAP_ALLOCATE|[3]|Bytes:4
15:40:44.452 (536979553)|SOQL_EXECUTE_BEGIN|[3]|Aggregations:0|SELECT Product__c, City__c, State__c, Country__c, DistributionCenter__c, FreightValue__c, ProductHierarchy__c FROM Freight__c WHERE Status__c = 'Approved'
15:40:44.452 (542222876)|SOQL_EXECUTE_END|[3]|Rows:1
15:40:44.452 (542249133)|HEAP_ALLOCATE|[3]|Bytes:8
15:40:44.452 (542264778)|HEAP_ALLOCATE|[3]|Bytes:189
15:40:44.452 (542334919)|HEAP_ALLOCATE|[3]|Bytes:8
15:40:44.452 (542355062)|METHOD_EXIT|[92]|01pg8000001w1MY|FreightSelector.getFreightApproved()
15:40:44.452 (542363327)|VARIABLE_SCOPE_BEGIN|[92]|listFreights|List<Freight__c>|true|false
15:40:44.452 (542465318)|VARIABLE_ASSIGNMENT|[92]|listFreights|[{"DistributionCenter__c":"a06g8000001ga3JAAQ","Product__c":"01tg8000001RPszAAG","Id":"a0Ag8000000gFdlEAE","State__c":"a04g8000000b50jAAA","FreightValue__c":700.00}]|0xfaa5b91
15:40:44.452 (542474157)|STATEMENT_EXECUTE|[94]
15:40:44.452 (542505193)|HEAP_ALLOCATE|[94]|Bytes:4
15:40:44.452 (542535239)|VARIABLE_SCOPE_BEGIN|[94]|mapFreight|Map<String,Freight__c>|true|false
15:40:44.452 (542546400)|VARIABLE_ASSIGNMENT|[94]|mapFreight|{}|0x7bb0a0a2
15:40:44.452 (542717591)|HEAP_ALLOCATE|[95]|Bytes:5
15:40:44.452 (542741100)|HEAP_ALLOCATE|[95]|Bytes:24
15:40:44.452 (542751091)|VARIABLE_SCOPE_BEGIN|[95]|f|Freight__c|true|false
15:40:44.452 (542821540)|VARIABLE_ASSIGNMENT|[95]|f|{"DistributionCenter__c":"a06g8000001ga3JAAQ","Product__c":"01tg8000001RPszAAG","Id":"a0Ag8000000gFdlEAE","State__c":"a04g8000000b50jAAA","FreightValue__c":700.00}|0x1c7c143f
15:40:44.452 (542830750)|STATEMENT_EXECUTE|[95]
15:40:44.452 (542832711)|STATEMENT_EXECUTE|[96]
15:40:44.452 (542917560)|HEAP_ALLOCATE|[96]|Bytes:18
15:40:44.452 (542929517)|VARIABLE_SCOPE_BEGIN|[96]|quem|String|false|false
15:40:44.452 (542940015)|VARIABLE_ASSIGNMENT|[96]|quem|"01tg8000001RPszAAG"
15:40:44.452 (542944130)|STATEMENT_EXECUTE|[97]
15:40:44.452 (542973308)|HEAP_ALLOCATE|[97]|Bytes:18
15:40:44.452 (542981095)|VARIABLE_SCOPE_BEGIN|[97]|onde|String|false|false
15:40:44.452 (542988874)|VARIABLE_ASSIGNMENT|[97]|onde|"a04g8000000b50jAAA"
15:40:44.452 (542992300)|STATEMENT_EXECUTE|[99]
15:40:44.452 (543001610)|HEAP_ALLOCATE|[99]|Bytes:37
15:40:44.452 (543005830)|VARIABLE_SCOPE_BEGIN|[99]|key|String|false|false
15:40:44.452 (543014330)|VARIABLE_ASSIGNMENT|[99]|key|"01tg8000001RPszAAG_a (17 more) ..."
15:40:44.452 (543017759)|STATEMENT_EXECUTE|[101]
15:40:44.452 (543043643)|HEAP_ALLOCATE|[EXTERNAL]|Bytes:-4
15:40:44.452 (543050889)|STATEMENT_EXECUTE|[102]
15:40:44.452 (543053007)|HEAP_ALLOCATE|[102]|Bytes:27
15:40:44.452 (543060755)|HEAP_ALLOCATE|[102]|Bytes:64
15:40:44.452 (543088778)|USER_DEBUG|[102]|DEBUG|MAPA FRETE - Chave Gerada: 01tg8000001RPszAAG_a04g8000000b50jAAA
15:40:44.452 (543105261)|HEAP_ALLOCATE|[95]|Bytes:5
15:40:44.452 (543115865)|VARIABLE_ASSIGNMENT|[95]|f|null|
15:40:44.452 (543145449)|HEAP_ALLOCATE|[106]|Bytes:5
15:40:44.452 (543161522)|HEAP_ALLOCATE|[106]|Bytes:4
15:40:44.452 (543167479)|VARIABLE_SCOPE_BEGIN|[106]|item|OrderItem|true|false
15:40:44.452 (544055214)|VARIABLE_ASSIGNMENT|[106]|item|{"Product_Code_Display__c":"TRT 7","IsDeleted":false,"UnitPrice":100.00,"Product2Id":"01tg8000001RPszAAG","PricebookEntryId":"01ug8000000gSxZAAU","TotalPrice":100.00,"Quantity":1.00,"ListPrice":1000.00,"OrderId":"801g8000009VmchAAC"}|0x44ffa3b1
15:40:44.452 (544069101)|STATEMENT_EXECUTE|[106]
15:40:44.452 (544071161)|STATEMENT_EXECUTE|[107]
15:40:44.452 (544122783)|VARIABLE_SCOPE_BEGIN|[107]|pedido|Order|true|false
15:40:44.452 (544227709)|VARIABLE_ASSIGNMENT|[107]|pedido|{"Status":"Draft","City__c":"a05g8000002BeozAAC","Country__c":"a03g80000084ySPAAY","AccountId":"001g8000009VmcfAAC","DistributionCenter__c":"a06g8000001ga3JAAQ","Id":"801g8000009VmchAAC","State__c":"a04g8000000b50jAAA"}|0x48abafdf
15:40:44.452 (544235489)|STATEMENT_EXECUTE|[108]
15:40:44.452 (544265006)|VARIABLE_SCOPE_BEGIN|[108]|produto|Product2|true|false
15:40:44.452 (544313984)|VARIABLE_ASSIGNMENT|[108]|produto|{"ProductionCost__c":300000.00,"ProductHierarchy__c":"a01g8000009VmcgAAC","Id":"01tg8000001RPszAAG"}|0x3c93bae4
15:40:44.452 (544319981)|STATEMENT_EXECUTE|[109]
15:40:44.452 (544347605)|VARIABLE_SCOPE_BEGIN|[109]|cliente|Account|true|false
15:40:44.452 (544389072)|VARIABLE_ASSIGNMENT|[109]|cliente|{"AccountGroup__c":"a02g8000002mPHVAA2","Id":"001g8000009VmcfAAC"}|0x11e3f16e
15:40:44.452 (544445057)|HEAP_ALLOCATE|[113]|Bytes:28
15:40:44.452 (544449640)|HEAP_ALLOCATE|[113]|Bytes:28
15:40:44.452 (544527048)|HEAP_ALLOCATE|[113]|Bytes:28
15:40:44.452 (544530477)|HEAP_ALLOCATE|[113]|Bytes:28
15:40:44.452 (544546903)|STATEMENT_EXECUTE|[113]
15:40:44.452 (544550886)|STATEMENT_EXECUTE|[119]
15:40:44.452 (544552608)|STATEMENT_EXECUTE|[121]
15:40:44.452 (544572024)|HEAP_ALLOCATE|[121]|Bytes:18
15:40:44.452 (544619616)|HEAP_ALLOCATE|[122]|Bytes:18
15:40:44.452 (544646168)|HEAP_ALLOCATE|[123]|Bytes:18
15:40:44.452 (544656485)|HEAP_ALLOCATE|[121]|Bytes:54
15:40:44.452 (544660439)|VARIABLE_SCOPE_BEGIN|[121]|keyOrderItemImposto|String|false|false
15:40:44.452 (544671990)|VARIABLE_ASSIGNMENT|[121]|keyOrderItemImposto|"01tg8000001RPszAAGa0 (34 more) ..."
15:40:44.452 (544676524)|STATEMENT_EXECUTE|[125]
15:40:44.452 (544704767)|VARIABLE_SCOPE_BEGIN|[125]|impostoEncontrado|Tax__c|true|false
15:40:44.452 (544765459)|VARIABLE_ASSIGNMENT|[125]|impostoEncontrado|{"DistributionCenter__c":"a06g8000001ga3JAAQ","Product__c":"01tg8000001RPszAAG","TaxRate__c":10.00,"Id":"a09g8000002D1efAAC","State__c":"a04g8000000b50jAAA"}|0x7ac8019
15:40:44.452 (544772269)|STATEMENT_EXECUTE|[127]
15:40:44.452 (545677924)|VARIABLE_ASSIGNMENT|[127]|this.TaxPercentage__c|10.00|0x44ffa3b1
15:40:44.452 (545691010)|STATEMENT_EXECUTE|[130]
15:40:44.452 (545806213)|HEAP_ALLOCATE|[130]|Bytes:7
15:40:44.452 (545824786)|METHOD_ENTRY|[1]|01pg8000001F8kf|PricingService.PricingService()
15:40:44.452 (545829583)|STATEMENT_EXECUTE|[1]
15:40:44.452 (545834621)|STATEMENT_EXECUTE|[1]
15:40:44.452 (545840730)|METHOD_EXIT|[1]|PricingService
15:40:44.452 (545855808)|METHOD_ENTRY|[130]|01pg8000001F8kf|PricingService.findMargin(OrderItem, Order, Map<String,Margem__c>, Id, Account)
15:40:44.452 (545874687)|VARIABLE_SCOPE_BEGIN|[21]|item|OrderItem|true|false
15:40:44.452 (546329430)|VARIABLE_ASSIGNMENT|[21]|item|{"Product_Code_Display__c":"TRT 7","IsDeleted":false,"UnitPrice":100.00,"Product2Id":"01tg8000001RPszAAG","PricebookEntryId":"01ug8000000gSxZAAU","TotalPrice":100.00,"Quantity":1.00,"TaxPercentage__c":10.00,"ListPrice":1000.00,"OrderId":"801g8000009VmchAAC"}|0x44ffa3b1
15:40:44.452 (546336041)|VARIABLE_SCOPE_BEGIN|[21]|pedido|Order|true|false
15:40:44.452 (546392681)|VARIABLE_ASSIGNMENT|[21]|pedido|{"Status":"Draft","City__c":"a05g8000002BeozAAC","Country__c":"a03g80000084ySPAAY","AccountId":"001g8000009VmcfAAC","DistributionCenter__c":"a06g8000001ga3JAAQ","Id":"801g8000009VmchAAC","State__c":"a04g8000000b50jAAA"}|0x48abafdf
15:40:44.452 (546396619)|VARIABLE_SCOPE_BEGIN|[21]|mapMargin|Map<String,Margem__c>|true|false
15:40:44.452 (546445347)|VARIABLE_ASSIGNMENT|[21]|mapMargin|{"01tg8000001RPszAAG_001g8000009VmcfAAC_a04g8000000b50jAAA":{"Account__c":"001g8000009VmcfAAC","Product__c":"01tg8000001RPszAAG","Id":"a00g800000PiOpBAAV","State__c":"a04g8000000b50jAAA","MarginValuePercent__c":15.00}}|0x11670a16
15:40:44.452 (546449352)|VARIABLE_SCOPE_BEGIN|[21]|h|Id|false|false
15:40:44.452 (546618023)|VARIABLE_ASSIGNMENT|[21]|h|"a01g8000009VmcgAAC"
15:40:44.452 (546623547)|VARIABLE_SCOPE_BEGIN|[21]|cliente|Account|true|false
15:40:44.452 (546662895)|VARIABLE_ASSIGNMENT|[21]|cliente|{"AccountGroup__c":"a02g8000002mPHVAA2","Id":"001g8000009VmcfAAC"}|0x11e3f16e
15:40:44.452 (546687849)|STATEMENT_EXECUTE|[21]
15:40:44.452 (546689610)|STATEMENT_EXECUTE|[22]
15:40:44.452 (546703733)|VARIABLE_SCOPE_BEGIN|[22]|p|Id|false|false
15:40:44.452 (546770142)|VARIABLE_ASSIGNMENT|[22]|p|"01tg8000001RPszAAG"
15:40:44.452 (546774674)|STATEMENT_EXECUTE|[23]
15:40:44.452 (546781190)|VARIABLE_SCOPE_BEGIN|[23]|a|Id|false|false
15:40:44.452 (546821087)|VARIABLE_ASSIGNMENT|[23]|a|"001g8000009VmcfAAC"
15:40:44.452 (546825380)|STATEMENT_EXECUTE|[24]
15:40:44.452 (546845344)|VARIABLE_SCOPE_BEGIN|[24]|g|Id|false|false
15:40:44.452 (546877190)|VARIABLE_ASSIGNMENT|[24]|g|"a02g8000002mPHVAA2"
15:40:44.452 (546881251)|STATEMENT_EXECUTE|[25]
15:40:44.452 (546895157)|VARIABLE_SCOPE_BEGIN|[25]|c|Id|false|false
15:40:44.452 (546924188)|VARIABLE_ASSIGNMENT|[25]|c|"a05g8000002BeozAAC"
15:40:44.452 (546927270)|STATEMENT_EXECUTE|[26]
15:40:44.452 (546930426)|VARIABLE_SCOPE_BEGIN|[26]|e|Id|false|false
15:40:44.452 (546949143)|VARIABLE_ASSIGNMENT|[26]|e|"a04g8000000b50jAAA"
15:40:44.452 (546951546)|STATEMENT_EXECUTE|[27]
15:40:44.452 (546959678)|VARIABLE_SCOPE_BEGIN|[27]|pa|Id|false|false
15:40:44.452 (546979181)|VARIABLE_ASSIGNMENT|[27]|pa|"a03g80000084ySPAAY"
15:40:44.452 (547020619)|HEAP_ALLOCATE|[30]|Bytes:18
15:40:44.452 (547035220)|HEAP_ALLOCATE|[30]|Bytes:18
15:40:44.452 (547041334)|HEAP_ALLOCATE|[30]|Bytes:18
15:40:44.452 (547049063)|HEAP_ALLOCATE|[30]|Bytes:56
15:40:44.452 (547064140)|STATEMENT_EXECUTE|[30]
15:40:44.452 (547070848)|HEAP_ALLOCATE|[31]|Bytes:18
15:40:44.452 (547077155)|HEAP_ALLOCATE|[31]|Bytes:18
15:40:44.452 (547082985)|HEAP_ALLOCATE|[31]|Bytes:18
15:40:44.452 (547087336)|HEAP_ALLOCATE|[31]|Bytes:56
15:40:44.452 (547092723)|STATEMENT_EXECUTE|[31]
15:40:44.452 (547096012)|HEAP_ALLOCATE|[31]|Bytes:18
15:40:44.452 (547101700)|HEAP_ALLOCATE|[31]|Bytes:18
15:40:44.452 (547107473)|HEAP_ALLOCATE|[31]|Bytes:18
15:40:44.452 (547111590)|HEAP_ALLOCATE|[31]|Bytes:56
15:40:44.452 (547129605)|METHOD_EXIT|[130]|01pg8000001F8kf|PricingService.findMargin(OrderItem, Order, Map<String,Margem__c>, Id, Account)
15:40:44.452 (547135530)|VARIABLE_SCOPE_BEGIN|[130]|margem|Margem__c|true|false
15:40:44.452 (547193069)|VARIABLE_ASSIGNMENT|[130]|margem|{"Account__c":"001g8000009VmcfAAC","Product__c":"01tg8000001RPszAAG","Id":"a00g800000PiOpBAAV","State__c":"a04g8000000b50jAAA","MarginValuePercent__c":15.00}|0x6e5157cb
15:40:44.452 (547197780)|STATEMENT_EXECUTE|[131]
15:40:44.452 (547710491)|VARIABLE_ASSIGNMENT|[131]|this.MarginPercentage__c|15.00|0x44ffa3b1
15:40:44.452 (547715053)|STATEMENT_EXECUTE|[134]
15:40:44.452 (547734048)|METHOD_ENTRY|[134]|01pg8000001F8kf|PricingService.findFreightValue(OrderItem, Order, Map<String,Freight__c>, Id)
15:40:44.452 (547745159)|VARIABLE_SCOPE_BEGIN|[4]|item|OrderItem|true|false
15:40:44.452 (548185885)|VARIABLE_ASSIGNMENT|[4]|item|{"Product_Code_Display__c":"TRT 7","IsDeleted":false,"UnitPrice":100.00,"Product2Id":"01tg8000001RPszAAG","PricebookEntryId":"01ug8000000gSxZAAU","TotalPrice":100.00,"Quantity":1.00,"MarginPercentage__c":15.00,"TaxPercentage__c":10.00,"ListPrice":1000.00,"OrderId":"801g8000009VmchAAC"}|0x44ffa3b1
15:40:44.452 (548193209)|VARIABLE_SCOPE_BEGIN|[4]|pedido|Order|true|false
15:40:44.452 (548243242)|VARIABLE_ASSIGNMENT|[4]|pedido|{"Status":"Draft","City__c":"a05g8000002BeozAAC","Country__c":"a03g80000084ySPAAY","AccountId":"001g8000009VmcfAAC","DistributionCenter__c":"a06g8000001ga3JAAQ","Id":"801g8000009VmchAAC","State__c":"a04g8000000b50jAAA"}|0x48abafdf
15:40:44.452 (548247196)|VARIABLE_SCOPE_BEGIN|[4]|mapFrete|Map<String,Freight__c>|true|false
15:40:44.452 (548287291)|VARIABLE_ASSIGNMENT|[4]|mapFrete|{"01tg8000001RPszAAG_a04g8000000b50jAAA":{"DistributionCenter__c":"a06g8000001ga3JAAQ","Product__c":"01tg8000001RPszAAG","Id":"a0Ag8000000gFdlEAE","State__c":"a04g8000000b50jAAA","FreightValue__c":700.00}}|0x7bb0a0a2
15:40:44.452 (548290775)|VARIABLE_SCOPE_BEGIN|[4]|h|Id|false|false
15:40:44.452 (548367958)|VARIABLE_ASSIGNMENT|[4]|h|"a01g8000009VmcgAAC"
15:40:44.452 (548384354)|STATEMENT_EXECUTE|[4]
15:40:44.452 (548385575)|STATEMENT_EXECUTE|[5]
15:40:44.452 (548394122)|VARIABLE_SCOPE_BEGIN|[5]|p|Id|false|false
15:40:44.452 (548439340)|VARIABLE_ASSIGNMENT|[5]|p|"01tg8000001RPszAAG"
15:40:44.452 (548442155)|STATEMENT_EXECUTE|[6]
15:40:44.452 (548446385)|VARIABLE_SCOPE_BEGIN|[6]|c|Id|false|false
15:40:44.452 (548464200)|VARIABLE_ASSIGNMENT|[6]|c|"a05g8000002BeozAAC"
15:40:44.452 (548466828)|STATEMENT_EXECUTE|[7]
15:40:44.452 (548469215)|VARIABLE_SCOPE_BEGIN|[7]|e|Id|false|false
15:40:44.452 (548486434)|VARIABLE_ASSIGNMENT|[7]|e|"a04g8000000b50jAAA"
15:40:44.452 (548488643)|STATEMENT_EXECUTE|[8]
15:40:44.452 (548491235)|VARIABLE_SCOPE_BEGIN|[8]|pa|Id|false|false
15:40:44.452 (548508172)|VARIABLE_ASSIGNMENT|[8]|pa|"a03g80000084ySPAAY"
15:40:44.452 (548589450)|HEAP_ALLOCATE|[10]|Bytes:18
15:40:44.452 (548604734)|HEAP_ALLOCATE|[10]|Bytes:18
15:40:44.452 (548611070)|HEAP_ALLOCATE|[10]|Bytes:37
15:40:44.452 (548623031)|STATEMENT_EXECUTE|[10]
15:40:44.452 (548631713)|HEAP_ALLOCATE|[11]|Bytes:18
15:40:44.452 (548641082)|HEAP_ALLOCATE|[11]|Bytes:18
15:40:44.452 (548647263)|HEAP_ALLOCATE|[11]|Bytes:37
15:40:44.452 (548654460)|STATEMENT_EXECUTE|[11]
15:40:44.452 (548659339)|HEAP_ALLOCATE|[11]|Bytes:18
15:40:44.452 (548668209)|HEAP_ALLOCATE|[11]|Bytes:18
15:40:44.452 (548674247)|HEAP_ALLOCATE|[11]|Bytes:37
15:40:44.452 (548724172)|METHOD_EXIT|[134]|01pg8000001F8kf|PricingService.findFreightValue(OrderItem, Order, Map<String,Freight__c>, Id)
15:40:44.452 (549186528)|VARIABLE_ASSIGNMENT|[134]|this.FreightValue__c|700.00|0x44ffa3b1
15:40:44.452 (549193234)|STATEMENT_EXECUTE|[137]
15:40:44.452 (549210697)|VARIABLE_SCOPE_BEGIN|[137]|custoUnitario|Decimal|false|false
15:40:44.452 (549216885)|VARIABLE_ASSIGNMENT|[137]|custoUnitario|300000.00
15:40:44.452 (549219364)|STATEMENT_EXECUTE|[140]
15:40:44.452 (549231364)|HEAP_ALLOCATE|[140]|Bytes:28
15:40:44.452 (549237767)|HEAP_ALLOCATE|[140]|Bytes:28
15:40:44.452 (549248719)|METHOD_ENTRY|[140]|01pg8000001F8kf|PricingService.calculateFinalPrice(OrderItem, Decimal, Margem__c, Decimal, Decimal)
15:40:44.452 (549259393)|VARIABLE_SCOPE_BEGIN|[47]|item|OrderItem|true|false
15:40:44.452 (549666958)|VARIABLE_ASSIGNMENT|[47]|item|{"Product_Code_Display__c":"TRT 7","IsDeleted":false,"UnitPrice":100.00,"Product2Id":"01tg8000001RPszAAG","PricebookEntryId":"01ug8000000gSxZAAU","TotalPrice":100.00,"Quantity":1.00,"MarginPercentage__c":15.00,"TaxPercentage__c":10.00,"ListPrice":1000.00,"OrderId":"801g8000009VmchAAC","FreightValue__c":700.00}|0x44ffa3b1
15:40:44.452 (549673022)|VARIABLE_SCOPE_BEGIN|[47]|frete|Decimal|false|false
15:40:44.452 (549679070)|VARIABLE_ASSIGNMENT|[47]|frete|700.00
15:40:44.452 (549681086)|VARIABLE_SCOPE_BEGIN|[47]|margem|Margem__c|true|false
15:40:44.452 (549722075)|VARIABLE_ASSIGNMENT|[47]|margem|{"Account__c":"001g8000009VmcfAAC","Product__c":"01tg8000001RPszAAG","Id":"a00g800000PiOpBAAV","State__c":"a04g8000000b50jAAA","MarginValuePercent__c":15.00}|0x6e5157cb
15:40:44.452 (549725220)|VARIABLE_SCOPE_BEGIN|[47]|impostoPercent|Decimal|false|false
15:40:44.452 (549729495)|VARIABLE_ASSIGNMENT|[47]|impostoPercent|10.00
15:40:44.452 (549731470)|VARIABLE_SCOPE_BEGIN|[47]|custo|Decimal|false|false
15:40:44.452 (549735378)|VARIABLE_ASSIGNMENT|[47]|custo|300000.00
15:40:44.452 (549745280)|STATEMENT_EXECUTE|[47]
15:40:44.452 (549746446)|STATEMENT_EXECUTE|[48]
15:40:44.452 (549758957)|VARIABLE_SCOPE_BEGIN|[48]|mPerc|Decimal|false|false
15:40:44.452 (549763752)|VARIABLE_ASSIGNMENT|[48]|mPerc|15.00
15:40:44.452 (549765725)|STATEMENT_EXECUTE|[49]
15:40:44.452 (549767238)|VARIABLE_SCOPE_BEGIN|[49]|iPerc|Decimal|false|false
15:40:44.452 (549771253)|VARIABLE_ASSIGNMENT|[49]|iPerc|10.00
15:40:44.452 (549773370)|STATEMENT_EXECUTE|[50]
15:40:44.452 (549774638)|VARIABLE_SCOPE_BEGIN|[50]|custoProd|Decimal|false|false
15:40:44.452 (549783498)|VARIABLE_ASSIGNMENT|[50]|custoProd|300000.00
15:40:44.452 (549785645)|STATEMENT_EXECUTE|[51]
15:40:44.452 (549786853)|VARIABLE_SCOPE_BEGIN|[51]|freteVal|Decimal|false|false
15:40:44.452 (549790528)|VARIABLE_ASSIGNMENT|[51]|freteVal|700.00
15:40:44.452 (549792522)|STATEMENT_EXECUTE|[54]
15:40:44.452 (549831044)|HEAP_ALLOCATE|[54]|Bytes:28
15:40:44.452 (549838180)|VARIABLE_SCOPE_BEGIN|[54]|precoBase|Decimal|false|false
15:40:44.452 (549842886)|VARIABLE_ASSIGNMENT|[54]|precoBase|300700.00
15:40:44.452 (549845366)|STATEMENT_EXECUTE|[57]
15:40:44.452 (549852733)|HEAP_ALLOCATE|[57]|Bytes:28
15:40:44.452 (549854453)|HEAP_ALLOCATE|[57]|Bytes:28
15:40:44.452 (549858378)|HEAP_ALLOCATE|[57]|Bytes:28
15:40:44.452 (549970669)|HEAP_ALLOCATE|[57]|Bytes:28
15:40:44.452 (549972639)|HEAP_ALLOCATE|[57]|Bytes:28
15:40:44.452 (549981639)|HEAP_ALLOCATE|[57]|Bytes:28
15:40:44.452 (549991544)|HEAP_ALLOCATE|[57]|Bytes:28
15:40:44.452 (549995469)|VARIABLE_SCOPE_BEGIN|[57]|precoSemMargem|Decimal|false|false
15:40:44.452 (550001681)|VARIABLE_ASSIGNMENT|[57]|precoSemMargem|330770.0000
15:40:44.452 (550004512)|STATEMENT_EXECUTE|[60]
15:40:44.452 (550006934)|HEAP_ALLOCATE|[60]|Bytes:28
15:40:44.452 (550008491)|HEAP_ALLOCATE|[60]|Bytes:28
15:40:44.452 (550011121)|HEAP_ALLOCATE|[60]|Bytes:28
15:40:44.452 (550027227)|HEAP_ALLOCATE|[60]|Bytes:28
15:40:44.452 (550028984)|HEAP_ALLOCATE|[60]|Bytes:28
15:40:44.452 (550036550)|HEAP_ALLOCATE|[60]|Bytes:28
15:40:44.452 (550043370)|HEAP_ALLOCATE|[60]|Bytes:28
15:40:44.452 (550047249)|VARIABLE_SCOPE_BEGIN|[60]|precoCalculado|Decimal|false|false
15:40:44.452 (550052404)|VARIABLE_ASSIGNMENT|[60]|precoCalculado|380385.500000
15:40:44.452 (550054619)|STATEMENT_EXECUTE|[63]
15:40:44.452 (550475016)|VARIABLE_ASSIGNMENT|[63]|this.ProductionCost__c|300000.00|0x44ffa3b1
15:40:44.452 (550478824)|STATEMENT_EXECUTE|[64]
15:40:44.452 (550932834)|VARIABLE_ASSIGNMENT|[64]|this.MarginPercentage__c|15.00|0x44ffa3b1
15:40:44.452 (550941198)|STATEMENT_EXECUTE|[65]
15:40:44.452 (551554168)|VARIABLE_ASSIGNMENT|[65]|this.FreightValue__c|700.00|0x44ffa3b1
15:40:44.452 (551566975)|STATEMENT_EXECUTE|[66]
15:40:44.452 (551977728)|VARIABLE_ASSIGNMENT|[66]|this.TaxPercentage__c|10.00|0x44ffa3b1
15:40:44.452 (551983347)|STATEMENT_EXECUTE|[67]
15:40:44.452 (552322539)|VARIABLE_ASSIGNMENT|[67]|this.PriceWithoutMargin__c|330770.0000|0x44ffa3b1
15:40:44.452 (552326774)|STATEMENT_EXECUTE|[68]
15:40:44.452 (552671313)|VARIABLE_ASSIGNMENT|[68]|this.FinalPrice__c|380385.500000|0x44ffa3b1
15:40:44.452 (552674529)|STATEMENT_EXECUTE|[71]
15:40:44.452 (552693729)|VARIABLE_SCOPE_BEGIN|[71]|unitPriceDigitado|Decimal|false|false
15:40:44.452 (552701060)|VARIABLE_ASSIGNMENT|[71]|unitPriceDigitado|100.00
15:40:44.452 (552717439)|HEAP_ALLOCATE|[74]|Bytes:28
15:40:44.452 (552720239)|HEAP_ALLOCATE|[74]|Bytes:28
15:40:44.452 (552765972)|STATEMENT_EXECUTE|[74]
15:40:44.452 (552767351)|STATEMENT_EXECUTE|[75]
15:40:44.452 (552790839)|HEAP_ALLOCATE|[75]|Bytes:28
15:40:44.452 (552880796)|HEAP_ALLOCATE|[75]|Bytes:28
15:40:44.452 (552882829)|HEAP_ALLOCATE|[75]|Bytes:28
15:40:44.452 (553293520)|VARIABLE_ASSIGNMENT|[75]|this.DiscountPercentage__c|0.999737108801465881323026245742806|0x44ffa3b1
15:40:44.452 (553298677)|STATEMENT_EXECUTE|[76]
15:40:44.452 (553311666)|HEAP_ALLOCATE|[76]|Bytes:28
15:40:44.452 (553698218)|VARIABLE_ASSIGNMENT|[76]|this.DiscountValue__c|380285.500000|0x44ffa3b1
15:40:44.452 (553703417)|STATEMENT_EXECUTE|[79]
15:40:44.452 (553717337)|HEAP_ALLOCATE|[79]|Bytes:28
15:40:44.452 (554081890)|VARIABLE_ASSIGNMENT|[79]|this.UnitPrice|380385.500000|0x44ffa3b1
15:40:44.452 (554093265)|METHOD_EXIT|[140]|01pg8000001F8kf|PricingService.calculateFinalPrice(OrderItem, Decimal, Margem__c, Decimal, Decimal)
15:40:44.452 (554115448)|HEAP_ALLOCATE|[106]|Bytes:5
15:40:44.452 (554128182)|VARIABLE_ASSIGNMENT|[106]|item|null|
15:40:44.452 (554133532)|METHOD_EXIT|[20]|01pg8000001EZwd|OrdemItemHandler.executePricingLogic()
15:40:44.452 (554138260)|STATEMENT_EXECUTE|[21]
15:40:44.452 (554149449)|METHOD_ENTRY|[21]|01pg8000001EZwd|OrdemItemHandler.checkDuplicateProducts()
15:40:44.452 (554159093)|VARIABLE_SCOPE_BEGIN|[145]|this|OrdemItemHandler|true|false
15:40:44.452 (554215024)|VARIABLE_ASSIGNMENT|[145]|this|{"newRecords":"0x172e6a44","handlerName":"OrderItemHandler","isTriggerExecuting":true,"triggerEvent":"0x2c8bc884"}|0x153cead8
15:40:44.452 (554226039)|STATEMENT_EXECUTE|[145]
15:40:44.452 (583051020)|HEAP_DUMP|[146]|07ng80000000sBh|OrdemItemHandler|none|146
15:40:44.452 (583076362)|STATEMENT_EXECUTE|[146]
15:40:44.452 (583118247)|HEAP_ALLOCATE|[146]|Bytes:4
15:40:44.452 (583207267)|VARIABLE_SCOPE_BEGIN|[146]|setOrderIds|Set<Id>|true|false
15:40:44.452 (583279999)|VARIABLE_ASSIGNMENT|[146]|setOrderIds|[]|0x7184b6d0
15:40:44.452 (583290355)|STATEMENT_EXECUTE|[147]
15:40:44.452 (583295745)|HEAP_ALLOCATE|[147]|Bytes:4
15:40:44.452 (583309393)|VARIABLE_SCOPE_BEGIN|[147]|setProductIds|Set<Id>|true|false
15:40:44.452 (583321624)|VARIABLE_ASSIGNMENT|[147]|setProductIds|[]|0x5088dd60
15:40:44.452 (583400704)|HEAP_ALLOCATE|[149]|Bytes:5
15:40:44.452 (583437804)|HEAP_ALLOCATE|[149]|Bytes:40
15:40:44.452 (583451266)|VARIABLE_SCOPE_BEGIN|[149]|ot|OrderItem|true|false
15:40:44.452 (584522452)|VARIABLE_ASSIGNMENT|[149]|ot|{"Product_Code_Display__c":"TRT 7","DiscountPercentage__c":0.999737108801465881323026245742806,"IsDeleted":false,"DiscountValue__c":380285.500000,"Quantity":1.00,"FinalPrice__c":380385.500000,"TaxPercentage__c":10.00,"ListPrice":1000.00,"OrderId":"801g8000009VmchAAC","PriceWithoutMargin__c":330770.0000,"FreightValue__c":700.00,"UnitPrice":380385.500000,"Product2Id":"01tg8000001RPszAAG","ProductionCost__c":300000.00,"PricebookEntryId":"01ug8000000gSxZAAU","TotalPrice":100.00,"MarginPercentage__c":15.00}|0x44ffa3b1
15:40:44.452 (584542131)|STATEMENT_EXECUTE|[149]
15:40:44.452 (584543962)|STATEMENT_EXECUTE|[150]
15:40:44.452 (584628782)|HEAP_ALLOCATE|[EXTERNAL]|Bytes:4
15:40:44.452 (584641314)|STATEMENT_EXECUTE|[151]
15:40:44.452 (584655122)|HEAP_ALLOCATE|[EXTERNAL]|Bytes:4
15:40:44.452 (584679647)|HEAP_ALLOCATE|[149]|Bytes:5
15:40:44.452 (584696068)|VARIABLE_ASSIGNMENT|[149]|ot|null|
15:40:44.452 (584702350)|STATEMENT_EXECUTE|[154]
15:40:44.452 (584813270)|HEAP_ALLOCATE|[154]|Bytes:4
15:40:44.452 (584832842)|METHOD_ENTRY|[1]|01pg8000001w1Mc|OrderItemSelector.OrderItemSelector()
15:40:44.452 (584838200)|STATEMENT_EXECUTE|[1]
15:40:44.452 (584842380)|STATEMENT_EXECUTE|[1]
15:40:44.452 (584848441)|METHOD_EXIT|[1]|OrderItemSelector
15:40:44.452 (584860966)|METHOD_ENTRY|[154]|01pg8000001w1Mc|OrderItemSelector.getOrderItemByIds(Set<Id>, Set<Id>)
15:40:44.452 (584874888)|VARIABLE_SCOPE_BEGIN|[2]|orderIds|Set<Id>|true|false
15:40:44.452 (584891983)|VARIABLE_ASSIGNMENT|[2]|orderIds|["801g8000009VmchAAC"]|0x7184b6d0
15:40:44.452 (584896568)|VARIABLE_SCOPE_BEGIN|[2]|productIds|Set<Id>|true|false
15:40:44.452 (584904031)|VARIABLE_ASSIGNMENT|[2]|productIds|["01tg8000001RPszAAG"]|0x5088dd60
15:40:44.452 (584925764)|STATEMENT_EXECUTE|[2]
15:40:44.452 (584927231)|STATEMENT_EXECUTE|[3]
15:40:44.452 (584930594)|HEAP_ALLOCATE|[3]|Bytes:98
15:40:44.452 (584953327)|HEAP_ALLOCATE|[3]|Bytes:4
15:40:44.452 (584973857)|HEAP_ALLOCATE|[3]|Bytes:7
15:40:44.452 (585742029)|SOQL_EXECUTE_BEGIN|[3]|Aggregations:0|SELECT Id, OrderId, Product2Id FROM OrderItem WHERE (OrderId = :tmpVar1 AND Product2Id = :tmpVar2)
15:40:44.452 (590245651)|SOQL_EXECUTE_END|[3]|Rows:0
15:40:44.452 (590290210)|HEAP_ALLOCATE|[3]|Bytes:4
15:40:44.452 (590309820)|HEAP_ALLOCATE|[3]|Bytes:0
15:40:44.452 (590369167)|HEAP_ALLOCATE|[3]|Bytes:4
15:40:44.452 (590396142)|METHOD_EXIT|[154]|01pg8000001w1Mc|OrderItemSelector.getOrderItemByIds(Set<Id>, Set<Id>)
15:40:44.452 (590406041)|VARIABLE_SCOPE_BEGIN|[154]|existingItens|List<OrderItem>|true|false
15:40:44.452 (590429148)|VARIABLE_ASSIGNMENT|[154]|existingItens|[]|0x7f85c4f9
15:40:44.452 (590437292)|STATEMENT_EXECUTE|[156]
15:40:44.452 (590451999)|HEAP_ALLOCATE|[156]|Bytes:4
15:40:44.452 (590497134)|VARIABLE_SCOPE_BEGIN|[156]|comparacao|Set<String>|true|false
15:40:44.452 (590521160)|VARIABLE_ASSIGNMENT|[156]|comparacao|[]|0x6435eb59
15:40:44.452 (590573100)|HEAP_ALLOCATE|[157]|Bytes:5
15:40:44.452 (590590148)|VARIABLE_ASSIGNMENT|[157]|it|null|
15:40:44.452 (590596364)|STATEMENT_EXECUTE|[157]
15:40:44.452 (590614398)|HEAP_ALLOCATE|[161]|Bytes:5
15:40:44.452 (590637986)|HEAP_ALLOCATE|[161]|Bytes:40
15:40:44.452 (590647356)|VARIABLE_SCOPE_BEGIN|[161]|newItem|OrderItem|true|false
15:40:44.452 (591631289)|VARIABLE_ASSIGNMENT|[161]|newItem|{"Product_Code_Display__c":"TRT 7","DiscountPercentage__c":0.999737108801465881323026245742806,"IsDeleted":false,"DiscountValue__c":380285.500000,"Quantity":1.00,"FinalPrice__c":380385.500000,"TaxPercentage__c":10.00,"ListPrice":1000.00,"OrderId":"801g8000009VmchAAC","PriceWithoutMargin__c":330770.0000,"FreightValue__c":700.00,"UnitPrice":380385.500000,"Product2Id":"01tg8000001RPszAAG","ProductionCost__c":300000.00,"PricebookEntryId":"01ug8000000gSxZAAU","TotalPrice":100.00,"MarginPercentage__c":15.00}|0x44ffa3b1
15:40:44.452 (591650681)|STATEMENT_EXECUTE|[161]
15:40:44.452 (591652656)|STATEMENT_EXECUTE|[162]
15:40:44.452 (591724491)|HEAP_ALLOCATE|[162]|Bytes:18
15:40:44.452 (591738807)|HEAP_ALLOCATE|[162]|Bytes:1
15:40:44.452 (591751615)|HEAP_ALLOCATE|[162]|Bytes:18
15:40:44.452 (591763810)|HEAP_ALLOCATE|[162]|Bytes:37
15:40:44.452 (591768105)|VARIABLE_SCOPE_BEGIN|[162]|keyCombo|String|false|false
15:40:44.452 (591780270)|VARIABLE_ASSIGNMENT|[162]|keyCombo|"801g8000009VmchAAC-0 (17 more) ..."
15:40:44.452 (591812503)|STATEMENT_EXECUTE|[166]
15:40:44.452 (591814241)|STATEMENT_EXECUTE|[168]
15:40:44.452 (591824955)|HEAP_ALLOCATE|[EXTERNAL]|Bytes:4
15:40:44.452 (591846809)|HEAP_ALLOCATE|[161]|Bytes:5
15:40:44.452 (591857514)|VARIABLE_ASSIGNMENT|[161]|newItem|null|
15:40:44.452 (591869635)|METHOD_EXIT|[21]|01pg8000001EZwd|OrdemItemHandler.checkDuplicateProducts()
15:40:44.452 (591878431)|METHOD_EXIT|[137]|01pg8000001EZwd|OrdemItemHandler.beforeInsert()
15:40:44.452 (591883970)|STATEMENT_EXECUTE|[158]
15:40:44.452 (591907183)|METHOD_ENTRY|[158]|01pg80000019iSf|TriggerHandler.andFinally()
15:40:44.452 (591921147)|VARIABLE_SCOPE_BEGIN|[746]|this|TriggerHandler|true|false
15:40:44.452 (591984819)|VARIABLE_ASSIGNMENT|[746]|this|{"newRecords":"0x172e6a44","handlerName":"OrderItemHandler","isTriggerExecuting":true,"triggerEvent":"0x2c8bc884"}|0x153cead8
15:40:44.452 (592005029)|STATEMENT_EXECUTE|[746]
15:40:44.452 (592008299)|METHOD_EXIT|[158]|01pg80000019iSf|TriggerHandler.andFinally()
15:40:44.452 (592016322)|STATEMENT_EXECUTE|[160]
15:40:44.452 (592019585)|STATEMENT_EXECUTE|[176]
15:40:44.452 (592023422)|METHOD_EXIT|[2]|01pg80000019iSf|TriggerHandler.run()
15:40:44.592 (592034680)|CUMULATIVE_LIMIT_USAGE
15:40:44.592 (592034680)|LIMIT_USAGE_FOR_NS|(default)|
  Number of SOQL queries: 11 out of 100
  Number of query rows: 10 out of 50000
  Number of SOSL queries: 0 out of 20
  Number of DML statements: 14 out of 150
  Number of Publish Immediate DML: 0 out of 150
  Number of DML rows: 14 out of 10000
  Maximum CPU time: 102 out of 10000
  Maximum heap size: 0 out of 6000000
  Number of callouts: 0 out of 100
  Number of Email Invocations: 0 out of 10
  Number of future calls: 0 out of 50
  Number of queueable jobs added to the queue: 0 out of 50
  Number of Mobile Apex push calls: 0 out of 10

15:40:44.592 (592034680)|CUMULATIVE_LIMIT_USAGE_END

15:40:44.452 (592527443)|CODE_UNIT_FINISHED|OrdemItemTrigger on OrderItem trigger event BeforeInsert|__sfdc_trigger/OrdemItemTrigger
15:40:44.452 (655243085)|CODE_UNIT_STARTED|[EXTERNAL]|01qg8000000GdOn|OrderTrigger on Order trigger event BeforeUpdate|__sfdc_trigger/OrderTrigger
15:40:44.452 (655332320)|HEAP_ALLOCATE|[EXTERNAL]|Bytes:8
15:40:44.452 (655426441)|HEAP_ALLOCATE|[EXTERNAL]|Bytes:8
15:40:44.452 (655532262)|HEAP_ALLOCATE|[EXTERNAL]|Bytes:4
15:40:44.452 (655546700)|VARIABLE_SCOPE_BEGIN|[1]|this|OrderTrigger|true|false
15:40:44.452 (655595712)|VARIABLE_ASSIGNMENT|[1]|this|{}|0x6d9ae9e4
15:40:44.452 (655637858)|HEAP_ALLOCATE|[EXTERNAL]|Bytes:4
15:40:44.452 (655644245)|VARIABLE_SCOPE_BEGIN|[1]|this|OrderTrigger|true|false
15:40:44.452 (655654345)|VARIABLE_ASSIGNMENT|[1]|this|{}|0x6d9ae9e4
15:40:44.452 (655664105)|STATEMENT_EXECUTE|[1]
15:40:44.452 (655665824)|STATEMENT_EXECUTE|[2]
15:40:44.452 (655773814)|HEAP_ALLOCATE|[2]|Bytes:16
15:40:44.452 (655794604)|METHOD_ENTRY|[1]|01pg8000001LXzh|OrderHandler.OrderHandler()
15:40:44.452 (655800265)|STATEMENT_EXECUTE|[1]
15:40:44.452 (655804702)|STATEMENT_EXECUTE|[1]
15:40:44.452 (655809575)|METHOD_EXIT|[1]|OrderHandler
15:40:44.452 (655816170)|HEAP_ALLOCATE|[2]|Bytes:32
15:40:44.452 (655841385)|CONSTRUCTOR_ENTRY|[2]|01pg8000001LXzh|<init>()|OrderHandler
15:40:44.452 (655862749)|VARIABLE_SCOPE_BEGIN|[8]|this|OrderHandler|true|false
15:40:44.452 (655892138)|VARIABLE_ASSIGNMENT|[8]|this|{}|0x2254bfe0
15:40:44.452 (655899923)|STATEMENT_EXECUTE|[1]
15:40:44.452 (655901644)|STATEMENT_EXECUTE|[3]
15:40:44.452 (655903030)|STATEMENT_EXECUTE|[4]
15:40:44.452 (655904192)|STATEMENT_EXECUTE|[5]
15:40:44.452 (655905552)|STATEMENT_EXECUTE|[6]
15:40:44.452 (655906659)|STATEMENT_EXECUTE|[9]
15:40:44.452 (655910224)|HEAP_ALLOCATE|[9]|Bytes:12
15:40:44.452 (655927985)|CONSTRUCTOR_ENTRY|[9]|01pg80000019iSf|<init>(String)|TriggerHandler
15:40:44.452 (655941789)|VARIABLE_SCOPE_BEGIN|[107]|this|TriggerHandler|true|false
15:40:44.452 (655961685)|VARIABLE_ASSIGNMENT|[107]|this|{}|0x2254bfe0
15:40:44.452 (655965161)|VARIABLE_SCOPE_BEGIN|[107]|handlerName|String|false|false
15:40:44.452 (655976638)|VARIABLE_ASSIGNMENT|[107]|handlerName|"OrderHandler"
15:40:44.452 (655981218)|STATEMENT_EXECUTE|[15]
15:40:44.452 (655982749)|STATEMENT_EXECUTE|[50]
15:40:44.452 (655984074)|STATEMENT_EXECUTE|[57]
15:40:44.452 (655985645)|STATEMENT_EXECUTE|[671]
15:40:44.452 (656010421)|STATEMENT_EXECUTE|[107]
15:40:44.452 (656012220)|STATEMENT_EXECUTE|[108]
15:40:44.452 (656017034)|STATEMENT_EXECUTE|[109]
15:40:44.452 (656025525)|METHOD_ENTRY|[109]|01pg80000019iSf|TriggerHandler.setTriggerContext()
15:40:44.452 (656029483)|VARIABLE_SCOPE_BEGIN|[565]|this|TriggerHandler|true|false
15:40:44.452 (656038958)|VARIABLE_ASSIGNMENT|[565]|this|{"handlerName":"OrderHandler"}|0x2254bfe0
15:40:44.452 (656054607)|STATEMENT_EXECUTE|[565]
15:40:44.452 (656055643)|STATEMENT_EXECUTE|[566]
15:40:44.452 (656119031)|HEAP_ALLOCATE|[566]|Bytes:16
15:40:44.452 (656131628)|METHOD_ENTRY|[566]|01pg80000019iSf|TriggerHandler.setTriggerContext(System.TriggerOperation, Boolean)
15:40:44.452 (656135991)|VARIABLE_SCOPE_BEGIN|[582]|this|TriggerHandler|true|false
15:40:44.452 (656148399)|VARIABLE_ASSIGNMENT|[582]|this|{"handlerName":"OrderHandler"}|0x2254bfe0
15:40:44.452 (656151854)|VARIABLE_SCOPE_BEGIN|[582]|opType|System.TriggerOperation|true|false
15:40:44.452 (656170778)|VARIABLE_ASSIGNMENT|[582]|opType|"BEFORE_UPDATE"|0x1de8b7e9
15:40:44.452 (656180183)|VARIABLE_SCOPE_BEGIN|[582]|testMode|Boolean|false|false
15:40:44.452 (656188481)|VARIABLE_ASSIGNMENT|[582]|testMode|false
15:40:44.452 (656195948)|STATEMENT_EXECUTE|[582]
15:40:44.452 (656206193)|STATEMENT_EXECUTE|[586]
15:40:44.452 (656207603)|STATEMENT_EXECUTE|[587]
15:40:44.452 (656211463)|HEAP_ALLOCATE|[587]|Bytes:5
15:40:44.452 (656218758)|STATEMENT_EXECUTE|[590]
15:40:44.452 (656220070)|STATEMENT_EXECUTE|[592]
15:40:44.452 (656240165)|HEAP_ALLOCATE|[592]|Bytes:16
15:40:44.452 (656248360)|STATEMENT_EXECUTE|[595]
15:40:44.452 (656260499)|VARIABLE_SCOPE_BEGIN|[595]|context|String|false|false
15:40:44.452 (656270630)|VARIABLE_ASSIGNMENT|[595]|context|"BEFORE_UPDATE"
15:40:44.452 (656273779)|STATEMENT_EXECUTE|[597]
15:40:44.452 (656302970)|HEAP_ALLOCATE|[601]|Bytes:13
15:40:44.452 (656337201)|STATEMENT_EXECUTE|[601]
15:40:44.452 (656338897)|STATEMENT_EXECUTE|[602]
15:40:44.452 (656348357)|METHOD_EXIT|[566]|01pg80000019iSf|TriggerHandler.setTriggerContext(System.TriggerOperation, Boolean)
15:40:44.452 (656353574)|METHOD_EXIT|[109]|01pg80000019iSf|TriggerHandler.setTriggerContext()
15:40:44.452 (656366132)|CONSTRUCTOR_EXIT|[9]|01pg80000019iSf|<init>(String)|TriggerHandler
15:40:44.452 (656371371)|STATEMENT_EXECUTE|[8]
15:40:44.452 (656373057)|STATEMENT_EXECUTE|[10]
15:40:44.452 (657685692)|VARIABLE_ASSIGNMENT|[10]|this.newRecords|[{"Status":"Draft","LastModifiedDate":"2026-04-10T18:40:45.000Z","Country__c":"a03g80000084ySPAAY","IsDeleted":false,"AccountId":"001g8000009VmcfAAC","OrderNumber":"00100116","TotalAmount":380385.50,"StatusCode":"Draft","IsReductionOrder":false,"SystemModstamp":"2026-04-10T18:40:45.000Z","City__c":"a05g8000002BeozAAC","OwnerId":"005g80000010N45AAE","CreatedById":"005g80000010N45AAE","DistributionCenter__c":"a06g8000001ga3JAAQ","CreatedDate":"2026-04-10T18:40:45.000Z","Pricebook2Id":"01sg8000000h7xWAAQ","Id":"801g8000009VmchAAC","LastModifiedById":"005g80000010N45AAE","State__c":"a04g8000000b50jAAA","EffectiveDate":"2026-04-10T00:00:00.000Z"}]|0x2254bfe0
15:40:44.452 (657714402)|STATEMENT_EXECUTE|[11]
15:40:44.452 (658403785)|VARIABLE_ASSIGNMENT|[11]|this.oldRecords|[{"Status":"Draft","LastModifiedDate":"2026-04-10T18:40:45.000Z","Country__c":"a03g80000084ySPAAY","IsDeleted":false,"AccountId":"001g8000009VmcfAAC","OrderNumber":"00100116","TotalAmount":0.00,"StatusCode":"Draft","IsReductionOrder":false,"SystemModstamp":"2026-04-10T18:40:45.000Z","City__c":"a05g8000002BeozAAC","OwnerId":"005g80000010N45AAE","CreatedById":"005g80000010N45AAE","DistributionCenter__c":"a06g8000001ga3JAAQ","CreatedDate":"2026-04-10T18:40:45.000Z","Pricebook2Id":"01sg8000000h7xWAAQ","Id":"801g8000009VmchAAC","LastModifiedById":"005g80000010N45AAE","State__c":"a04g8000000b50jAAA","EffectiveDate":"2026-04-10T00:00:00.000Z"}]|0x2254bfe0
15:40:44.452 (658415216)|STATEMENT_EXECUTE|[12]
15:40:44.452 (658805768)|VARIABLE_ASSIGNMENT|[12]|this.newRecordsMap|{"801g8000009VmchAAC":{"Status":"Draft","LastModifiedDate":"2026-04-10T18:40:45.000Z","Country__c":"a03g80000084ySPAAY","IsDeleted":false,"AccountId":"001g8000009VmcfAAC","OrderNumber":"00100116","TotalAmount":380385.50,"StatusCode":"Draft","IsReductionOrder":false,"SystemModstamp":"2026-04-10T18:40:45.000Z","City__c":"a05g8000002BeozAAC","OwnerId":"005g80000010N45AAE","CreatedById":"005g80000010N45AAE","DistributionCenter__c":"a06g8000001ga3JAAQ","CreatedDate":"2026-04-10T18:40:45.000Z","Pricebook2Id":"01sg8000000h7xWAAQ","Id":"801g8000009VmchAAC","LastModifiedById":"005g80000010N45AAE","State__c":"a04g8000000b50jAAA","EffectiveDate":"2026-04-10T00:00:00.000Z"}}|0x2254bfe0
15:40:44.452 (658814345)|STATEMENT_EXECUTE|[13]
15:40:44.452 (659230515)|VARIABLE_ASSIGNMENT|[13]|this.oldRecordsMap|{"801g8000009VmchAAC":{"Status":"Draft","LastModifiedDate":"2026-04-10T18:40:45.000Z","Country__c":"a03g80000084ySPAAY","IsDeleted":false,"AccountId":"001g8000009VmcfAAC","OrderNumber":"00100116","TotalAmount":0.00,"StatusCode":"Draft","IsReductionOrder":false,"SystemModstamp":"2026-04-10T18:40:45.000Z","City__c":"a05g8000002BeozAAC","OwnerId":"005g80000010N45AAE","CreatedById":"005g80000010N45AAE","DistributionCenter__c":"a06g8000001ga3JAAQ","CreatedDate":"2026-04-10T18:40:45.000Z","Pricebook2Id":"01sg8000000h7xWAAQ","Id":"801g8000009VmchAAC","LastModifiedById":"005g80000010N45AAE","State__c":"a04g8000000b50jAAA","EffectiveDate":"2026-04-10T00:00:00.000Z"}}|0x2254bfe0
15:40:44.452 (659254454)|CONSTRUCTOR_EXIT|[2]|01pg8000001LXzh|<init>()|OrderHandler
15:40:44.452 (659282242)|METHOD_ENTRY|[2]|01pg80000019iSf|TriggerHandler.run()
15:40:44.452 (659289688)|VARIABLE_SCOPE_BEGIN|[120]|this|TriggerHandler|true|false
15:40:44.452 (659338193)|VARIABLE_ASSIGNMENT|[120]|this|{"newRecords":"0x2bd0cd78","newRecordsMap":"0x46e6988d","oldRecords":"0x7c898c7c","oldRecordsMap":"0x7ba587b2","handlerName":"OrderHandler","isTriggerExecuting":true,"triggerEvent":"0x1de8b7e9"}|0x2254bfe0
15:40:44.452 (659359103)|STATEMENT_EXECUTE|[120]
15:40:44.452 (659364707)|METHOD_ENTRY|[121]|01pg80000019iSf|TriggerHandler.validateRun()
15:40:44.452 (659369205)|VARIABLE_SCOPE_BEGIN|[661]|this|TriggerHandler|true|false
15:40:44.452 (659386313)|VARIABLE_ASSIGNMENT|[661]|this|{"newRecords":"0x2bd0cd78","newRecordsMap":"0x46e6988d","oldRecords":"0x7c898c7c","oldRecordsMap":"0x7ba587b2","handlerName":"OrderHandler","isTriggerExecuting":true,"triggerEvent":"0x1de8b7e9"}|0x2254bfe0
15:40:44.452 (659397502)|STATEMENT_EXECUTE|[661]
15:40:44.452 (659404241)|STATEMENT_EXECUTE|[662]
15:40:44.452 (659405414)|STATEMENT_EXECUTE|[665]
15:40:44.452 (659410586)|METHOD_ENTRY|[665]|01pg80000019iSf|TriggerHandler.getHandlerName()
15:40:44.452 (659413565)|VARIABLE_SCOPE_BEGIN|[680]|this|TriggerHandler|true|false
15:40:44.452 (659423358)|VARIABLE_ASSIGNMENT|[680]|this|{"newRecords":"0x2bd0cd78","newRecordsMap":"0x46e6988d","oldRecords":"0x7c898c7c","oldRecordsMap":"0x7ba587b2","handlerName":"OrderHandler","isTriggerExecuting":true,"triggerEvent":"0x1de8b7e9"}|0x2254bfe0
15:40:44.452 (659427880)|STATEMENT_EXECUTE|[680]
15:40:44.452 (659454789)|STATEMENT_EXECUTE|[681]
15:40:44.452 (659456032)|STATEMENT_EXECUTE|[684]
15:40:44.452 (659459919)|METHOD_EXIT|[665]|01pg80000019iSf|TriggerHandler.getHandlerName()
15:40:44.452 (659476233)|METHOD_EXIT|[121]|01pg80000019iSf|TriggerHandler.validateRun()
15:40:44.452 (659479061)|STATEMENT_EXECUTE|[121]
15:40:44.452 (659481637)|METHOD_ENTRY|[126]|01pg80000019iSf|TriggerHandler.incrementCheckLoopCount()
15:40:44.452 (659484507)|VARIABLE_SCOPE_BEGIN|[634]|this|TriggerHandler|true|false
15:40:44.452 (659493956)|VARIABLE_ASSIGNMENT|[634]|this|{"newRecords":"0x2bd0cd78","newRecordsMap":"0x46e6988d","oldRecords":"0x7c898c7c","oldRecordsMap":"0x7ba587b2","handlerName":"OrderHandler","isTriggerExecuting":true,"triggerEvent":"0x1de8b7e9"}|0x2254bfe0
15:40:44.452 (659499036)|STATEMENT_EXECUTE|[634]
15:40:44.452 (659499900)|STATEMENT_EXECUTE|[635]
15:40:44.452 (659501948)|METHOD_ENTRY|[635]|01pg80000019iSf|TriggerHandler.getHandlerName()
15:40:44.452 (659504196)|VARIABLE_SCOPE_BEGIN|[680]|this|TriggerHandler|true|false
15:40:44.452 (659512779)|VARIABLE_ASSIGNMENT|[680]|this|{"newRecords":"0x2bd0cd78","newRecordsMap":"0x46e6988d","oldRecords":"0x7c898c7c","oldRecordsMap":"0x7ba587b2","handlerName":"OrderHandler","isTriggerExecuting":true,"triggerEvent":"0x1de8b7e9"}|0x2254bfe0
15:40:44.452 (659516684)|STATEMENT_EXECUTE|[680]
15:40:44.452 (659523453)|STATEMENT_EXECUTE|[681]
15:40:44.452 (659524824)|STATEMENT_EXECUTE|[684]
15:40:44.452 (659527486)|METHOD_EXIT|[635]|01pg80000019iSf|TriggerHandler.getHandlerName()
15:40:44.452 (659533014)|VARIABLE_SCOPE_BEGIN|[635]|handlerName|String|false|false
15:40:44.452 (659542132)|VARIABLE_ASSIGNMENT|[635]|handlerName|"OrderHandler"
15:40:44.452 (659555644)|STATEMENT_EXECUTE|[636]
15:40:44.452 (659556895)|STATEMENT_EXECUTE|[649]
15:40:44.452 (659558669)|METHOD_EXIT|[126]|01pg80000019iSf|TriggerHandler.incrementCheckLoopCount()
15:40:44.452 (659561471)|STATEMENT_EXECUTE|[126]
15:40:44.452 (659563592)|STATEMENT_EXECUTE|[130]
15:40:44.452 (659564845)|STATEMENT_EXECUTE|[135]
15:40:44.452 (659663043)|STATEMENT_EXECUTE|[139]
15:40:44.452 (659664050)|STATEMENT_EXECUTE|[140]
15:40:44.452 (659675878)|METHOD_ENTRY|[140]|01pg8000001LXzh|OrderHandler.beforeUpdate()
15:40:44.452 (659685625)|VARIABLE_SCOPE_BEGIN|[16]|this|OrderHandler|true|false
15:40:44.452 (659699885)|VARIABLE_ASSIGNMENT|[16]|this|{"newRecords":"0x2bd0cd78","newRecordsMap":"0x46e6988d","oldRecords":"0x7c898c7c","oldRecordsMap":"0x7ba587b2","handlerName":"OrderHandler","isTriggerExecuting":true,"triggerEvent":"0x1de8b7e9"}|0x2254bfe0
15:40:44.452 (659706785)|STATEMENT_EXECUTE|[16]
15:40:44.452 (659708001)|STATEMENT_EXECUTE|[17]
15:40:44.452 (659712740)|METHOD_ENTRY|[17]|01pg8000001LXzh|OrderHandler.checkActiveOrder()
15:40:44.452 (659717035)|VARIABLE_SCOPE_BEGIN|[30]|this|OrderHandler|true|false
15:40:44.452 (659725640)|VARIABLE_ASSIGNMENT|[30]|this|{"newRecords":"0x2bd0cd78","newRecordsMap":"0x46e6988d","oldRecords":"0x7c898c7c","oldRecordsMap":"0x7ba587b2","handlerName":"OrderHandler","isTriggerExecuting":true,"triggerEvent":"0x1de8b7e9"}|0x2254bfe0
15:40:44.452 (659729935)|STATEMENT_EXECUTE|[30]
15:40:44.452 (659730917)|STATEMENT_EXECUTE|[31]
15:40:44.452 (659735978)|VARIABLE_SCOPE_BEGIN|[31]|listaParaValidar|List<Order>|true|false
15:40:44.452 (659741213)|VARIABLE_ASSIGNMENT|[31]|listaParaValidar|null|
15:40:44.452 (659750097)|STATEMENT_EXECUTE|[35]
15:40:44.452 (659751049)|STATEMENT_EXECUTE|[36]
15:40:44.452 (660224570)|VARIABLE_ASSIGNMENT|[36]|listaParaValidar|[{"Status":"Draft","LastModifiedDate":"2026-04-10T18:40:45.000Z","Country__c":"a03g80000084ySPAAY","IsDeleted":false,"AccountId":"001g8000009VmcfAAC","OrderNumber":"00100116","TotalAmount":380385.50,"StatusCode":"Draft","IsReductionOrder":false,"SystemModstamp":"2026-04-10T18:40:45.000Z","City__c":"a05g8000002BeozAAC","OwnerId":"005g80000010N45AAE","CreatedById":"005g80000010N45AAE","DistributionCenter__c":"a06g8000001ga3JAAQ","CreatedDate":"2026-04-10T18:40:45.000Z","Pricebook2Id":"01sg8000000h7xWAAQ","Id":"801g8000009VmchAAC","LastModifiedById":"005g80000010N45AAE","State__c":"a04g8000000b50jAAA","EffectiveDate":"2026-04-10T00:00:00.000Z"}]|0x2bd0cd78
15:40:44.452 (660280190)|HEAP_ALLOCATE|[40]|Bytes:5
15:40:44.452 (660301744)|HEAP_ALLOCATE|[40]|Bytes:4
15:40:44.452 (660310134)|VARIABLE_SCOPE_BEGIN|[40]|pedido|Order|true|false
15:40:44.452 (660747311)|VARIABLE_ASSIGNMENT|[40]|pedido|{"Status":"Draft","LastModifiedDate":"2026-04-10T18:40:45.000Z","Country__c":"a03g80000084ySPAAY","IsDeleted":false,"AccountId":"001g8000009VmcfAAC","OrderNumber":"00100116","TotalAmount":380385.50,"StatusCode":"Draft","IsReductionOrder":false,"SystemModstamp":"2026-04-10T18:40:45.000Z","City__c":"a05g8000002BeozAAC","OwnerId":"005g80000010N45AAE","CreatedById":"005g80000010N45AAE","DistributionCenter__c":"a06g8000001ga3JAAQ","CreatedDate":"2026-04-10T18:40:45.000Z","Pricebook2Id":"01sg8000000h7xWAAQ","Id":"801g8000009VmchAAC","LastModifiedById":"005g80000010N45AAE","State__c":"a04g8000000b50jAAA","EffectiveDate":"2026-04-10T00:00:00.000Z"}|0x56b33eb3
15:40:44.452 (660757755)|STATEMENT_EXECUTE|[40]
15:40:44.452 (660758978)|STATEMENT_EXECUTE|[42]
15:40:44.452 (660810324)|VARIABLE_SCOPE_BEGIN|[42]|pedidoAntigo|Order|true|false
15:40:44.452 (661204580)|VARIABLE_ASSIGNMENT|[42]|pedidoAntigo|{"Status":"Draft","LastModifiedDate":"2026-04-10T18:40:45.000Z","Country__c":"a03g80000084ySPAAY","IsDeleted":false,"AccountId":"001g8000009VmcfAAC","OrderNumber":"00100116","TotalAmount":0.00,"StatusCode":"Draft","IsReductionOrder":false,"SystemModstamp":"2026-04-10T18:40:45.000Z","City__c":"a05g8000002BeozAAC","OwnerId":"005g80000010N45AAE","CreatedById":"005g80000010N45AAE","DistributionCenter__c":"a06g8000001ga3JAAQ","CreatedDate":"2026-04-10T18:40:45.000Z","Pricebook2Id":"01sg8000000h7xWAAQ","Id":"801g8000009VmchAAC","LastModifiedById":"005g80000010N45AAE","State__c":"a04g8000000b50jAAA","EffectiveDate":"2026-04-10T00:00:00.000Z"}|0x24e3f618
15:40:44.452 (661213595)|STATEMENT_EXECUTE|[45]
15:40:44.452 (661221679)|VARIABLE_SCOPE_BEGIN|[45]|validacaoStatus|String|false|false
15:40:44.452 (661228055)|VARIABLE_ASSIGNMENT|[45]|validacaoStatus|"Draft"
15:40:44.452 (661249217)|STATEMENT_EXECUTE|[47]
15:40:44.452 (661261897)|HEAP_ALLOCATE|[40]|Bytes:5
15:40:44.452 (661269989)|VARIABLE_ASSIGNMENT|[40]|pedido|null|
15:40:44.452 (661277332)|METHOD_EXIT|[17]|01pg8000001LXzh|OrderHandler.checkActiveOrder()
15:40:44.452 (661281748)|METHOD_EXIT|[140]|01pg8000001LXzh|OrderHandler.beforeUpdate()
15:40:44.452 (661284649)|STATEMENT_EXECUTE|[158]
15:40:44.452 (661289424)|METHOD_ENTRY|[158]|01pg80000019iSf|TriggerHandler.andFinally()
15:40:44.452 (661292959)|VARIABLE_SCOPE_BEGIN|[746]|this|TriggerHandler|true|false
15:40:44.452 (661321297)|VARIABLE_ASSIGNMENT|[746]|this|{"newRecords":"0x2bd0cd78","newRecordsMap":"0x46e6988d","oldRecords":"0x7c898c7c","oldRecordsMap":"0x7ba587b2","handlerName":"OrderHandler","isTriggerExecuting":true,"triggerEvent":"0x1de8b7e9"}|0x2254bfe0
15:40:44.452 (661330469)|STATEMENT_EXECUTE|[746]
15:40:44.452 (661331997)|METHOD_EXIT|[158]|01pg80000019iSf|TriggerHandler.andFinally()
15:40:44.452 (661335452)|STATEMENT_EXECUTE|[160]
15:40:44.452 (661337787)|STATEMENT_EXECUTE|[176]
15:40:44.452 (661340526)|METHOD_EXIT|[2]|01pg80000019iSf|TriggerHandler.run()
15:40:44.661 (661349331)|CUMULATIVE_LIMIT_USAGE
15:40:44.661 (661349331)|LIMIT_USAGE_FOR_NS|(default)|
  Number of SOQL queries: 11 out of 100
  Number of query rows: 10 out of 50000
  Number of SOSL queries: 0 out of 20
  Number of DML statements: 14 out of 150
  Number of Publish Immediate DML: 0 out of 150
  Number of DML rows: 14 out of 10000
  Maximum CPU time: 102 out of 10000
  Maximum heap size: 0 out of 6000000
  Number of callouts: 0 out of 100
  Number of Email Invocations: 0 out of 10
  Number of future calls: 0 out of 50
  Number of queueable jobs added to the queue: 0 out of 50
  Number of Mobile Apex push calls: 0 out of 10

15:40:44.661 (661349331)|CUMULATIVE_LIMIT_USAGE_END

15:40:44.452 (661564783)|CODE_UNIT_FINISHED|OrderTrigger on Order trigger event BeforeUpdate|__sfdc_trigger/OrderTrigger
15:40:44.452 (663193667)|CODE_UNIT_STARTED|[EXTERNAL]|Validation:Order:801g8000009Vmch
15:40:44.452 (663217712)|VALIDATION_RULE|03dg8000000aS4D|Bloquear_Alteracao_Conta_Pedido
15:40:44.452 (663386060)|VALIDATION_FORMULA|ISCHANGED(AccountId) && NOT(ISNEW())|AccountId=001g8000009Vmcf
15:40:44.452 (663393659)|VALIDATION_PASS
15:40:44.452 (663399102)|CODE_UNIT_FINISHED|Validation:Order:801g8000009Vmch
15:40:44.452 (675776951)|CODE_UNIT_STARTED|[EXTERNAL]|01qg8000000GdOn|OrderTrigger on Order trigger event AfterUpdate|__sfdc_trigger/OrderTrigger
15:40:44.452 (675894375)|HEAP_ALLOCATE|[EXTERNAL]|Bytes:8
15:40:44.452 (676000764)|HEAP_ALLOCATE|[EXTERNAL]|Bytes:8
15:40:44.452 (676111650)|HEAP_ALLOCATE|[EXTERNAL]|Bytes:4
15:40:44.452 (676130172)|VARIABLE_SCOPE_BEGIN|[1]|this|OrderTrigger|true|false
15:40:44.452 (676190054)|VARIABLE_ASSIGNMENT|[1]|this|{}|0x642f7ae6
15:40:44.452 (676232381)|HEAP_ALLOCATE|[EXTERNAL]|Bytes:4
15:40:44.452 (676237745)|VARIABLE_SCOPE_BEGIN|[1]|this|OrderTrigger|true|false
15:40:44.452 (676245399)|VARIABLE_ASSIGNMENT|[1]|this|{}|0x642f7ae6
15:40:44.452 (676254134)|STATEMENT_EXECUTE|[1]
15:40:44.452 (676255843)|STATEMENT_EXECUTE|[2]
15:40:44.452 (676263261)|HEAP_ALLOCATE|[2]|Bytes:32
15:40:44.452 (676306142)|CONSTRUCTOR_ENTRY|[2]|01pg8000001LXzh|<init>()|OrderHandler
15:40:44.452 (676314028)|VARIABLE_SCOPE_BEGIN|[8]|this|OrderHandler|true|false
15:40:44.452 (676344829)|VARIABLE_ASSIGNMENT|[8]|this|{}|0x256d2f67
15:40:44.452 (676350145)|STATEMENT_EXECUTE|[1]
15:40:44.452 (676351845)|STATEMENT_EXECUTE|[3]
15:40:44.452 (676353292)|STATEMENT_EXECUTE|[4]
15:40:44.452 (676354534)|STATEMENT_EXECUTE|[5]
15:40:44.452 (676355557)|STATEMENT_EXECUTE|[6]
15:40:44.452 (676356330)|STATEMENT_EXECUTE|[9]
15:40:44.452 (676375609)|CONSTRUCTOR_ENTRY|[9]|01pg80000019iSf|<init>(String)|TriggerHandler
15:40:44.452 (676380752)|VARIABLE_SCOPE_BEGIN|[107]|this|TriggerHandler|true|false
15:40:44.452 (676388353)|VARIABLE_ASSIGNMENT|[107]|this|{}|0x256d2f67
15:40:44.452 (676390959)|VARIABLE_SCOPE_BEGIN|[107]|handlerName|String|false|false
15:40:44.452 (676401038)|VARIABLE_ASSIGNMENT|[107]|handlerName|"OrderHandler"
15:40:44.452 (676403909)|STATEMENT_EXECUTE|[15]
15:40:44.452 (676405106)|STATEMENT_EXECUTE|[50]
15:40:44.452 (676406062)|STATEMENT_EXECUTE|[57]
15:40:44.452 (676407192)|STATEMENT_EXECUTE|[671]
15:40:44.452 (676437533)|STATEMENT_EXECUTE|[107]
15:40:44.452 (676438911)|STATEMENT_EXECUTE|[108]
15:40:44.452 (676445470)|STATEMENT_EXECUTE|[109]
15:40:44.452 (676454620)|METHOD_ENTRY|[109]|01pg80000019iSf|TriggerHandler.setTriggerContext()
15:40:44.452 (676459008)|VARIABLE_SCOPE_BEGIN|[565]|this|TriggerHandler|true|false
15:40:44.452 (676469019)|VARIABLE_ASSIGNMENT|[565]|this|{"handlerName":"OrderHandler"}|0x256d2f67
15:40:44.452 (676505364)|STATEMENT_EXECUTE|[565]
15:40:44.452 (676506798)|STATEMENT_EXECUTE|[566]
15:40:44.452 (676604223)|HEAP_ALLOCATE|[566]|Bytes:16
15:40:44.452 (676616939)|METHOD_ENTRY|[566]|01pg80000019iSf|TriggerHandler.setTriggerContext(System.TriggerOperation, Boolean)
15:40:44.452 (676620376)|VARIABLE_SCOPE_BEGIN|[582]|this|TriggerHandler|true|false
15:40:44.452 (676639358)|VARIABLE_ASSIGNMENT|[582]|this|{"handlerName":"OrderHandler"}|0x256d2f67
15:40:44.452 (676643313)|VARIABLE_SCOPE_BEGIN|[582]|opType|System.TriggerOperation|true|false
15:40:44.452 (676661143)|VARIABLE_ASSIGNMENT|[582]|opType|"AFTER_UPDATE"|0x7a58268a
15:40:44.452 (676669665)|VARIABLE_SCOPE_BEGIN|[582]|testMode|Boolean|false|false
15:40:44.452 (676676572)|VARIABLE_ASSIGNMENT|[582]|testMode|false
15:40:44.452 (676681973)|STATEMENT_EXECUTE|[582]
15:40:44.452 (676690949)|STATEMENT_EXECUTE|[586]
15:40:44.452 (676691824)|STATEMENT_EXECUTE|[587]
15:40:44.452 (676695004)|HEAP_ALLOCATE|[587]|Bytes:5
15:40:44.452 (676701015)|STATEMENT_EXECUTE|[590]
15:40:44.452 (676701840)|STATEMENT_EXECUTE|[592]
15:40:44.452 (676715155)|HEAP_ALLOCATE|[592]|Bytes:16
15:40:44.452 (676719681)|STATEMENT_EXECUTE|[595]
15:40:44.452 (676729134)|VARIABLE_SCOPE_BEGIN|[595]|context|String|false|false
15:40:44.452 (676736095)|VARIABLE_ASSIGNMENT|[595]|context|"AFTER_UPDATE"
15:40:44.452 (676738132)|STATEMENT_EXECUTE|[597]
15:40:44.452 (676775527)|HEAP_ALLOCATE|[604]|Bytes:13
15:40:44.452 (676810817)|HEAP_ALLOCATE|[607]|Bytes:12
15:40:44.452 (676838657)|HEAP_ALLOCATE|[610]|Bytes:12
15:40:44.452 (676848057)|STATEMENT_EXECUTE|[610]
15:40:44.452 (676849332)|STATEMENT_EXECUTE|[611]
15:40:44.452 (676861097)|METHOD_EXIT|[566]|01pg80000019iSf|TriggerHandler.setTriggerContext(System.TriggerOperation, Boolean)
15:40:44.452 (676865524)|METHOD_EXIT|[109]|01pg80000019iSf|TriggerHandler.setTriggerContext()
15:40:44.452 (676875566)|CONSTRUCTOR_EXIT|[9]|01pg80000019iSf|<init>(String)|TriggerHandler
15:40:44.452 (676878882)|STATEMENT_EXECUTE|[8]
15:40:44.452 (676880003)|STATEMENT_EXECUTE|[10]
15:40:44.452 (678109995)|VARIABLE_ASSIGNMENT|[10]|this.newRecords|[{"Status":"Draft","LastModifiedDate":"2026-04-10T18:40:45.000Z","Country__c":"a03g80000084ySPAAY","IsDeleted":false,"AccountId":"001g8000009VmcfAAC","OrderNumber":"00100116","TotalAmount":380385.50,"StatusCode":"Draft","IsReductionOrder":false,"SystemModstamp":"2026-04-10T18:40:45.000Z","City__c":"a05g8000002BeozAAC","OwnerId":"005g80000010N45AAE","CreatedById":"005g80000010N45AAE","DistributionCenter__c":"a06g8000001ga3JAAQ","CreatedDate":"2026-04-10T18:40:45.000Z","Pricebook2Id":"01sg8000000h7xWAAQ","Id":"801g8000009VmchAAC","LastModifiedById":"005g80000010N45AAE","State__c":"a04g8000000b50jAAA","EffectiveDate":"2026-04-10T00:00:00.000Z"}]|0x256d2f67
15:40:44.452 (678129128)|STATEMENT_EXECUTE|[11]
15:40:44.452 (678814241)|VARIABLE_ASSIGNMENT|[11]|this.oldRecords|[{"Status":"Draft","LastModifiedDate":"2026-04-10T18:40:45.000Z","Country__c":"a03g80000084ySPAAY","IsDeleted":false,"AccountId":"001g8000009VmcfAAC","OrderNumber":"00100116","TotalAmount":0.00,"StatusCode":"Draft","IsReductionOrder":false,"SystemModstamp":"2026-04-10T18:40:45.000Z","City__c":"a05g8000002BeozAAC","OwnerId":"005g80000010N45AAE","CreatedById":"005g80000010N45AAE","DistributionCenter__c":"a06g8000001ga3JAAQ","CreatedDate":"2026-04-10T18:40:45.000Z","Pricebook2Id":"01sg8000000h7xWAAQ","Id":"801g8000009VmchAAC","LastModifiedById":"005g80000010N45AAE","State__c":"a04g8000000b50jAAA","EffectiveDate":"2026-04-10T00:00:00.000Z"}]|0x256d2f67
15:40:44.452 (678827763)|STATEMENT_EXECUTE|[12]
15:40:44.452 (679363487)|VARIABLE_ASSIGNMENT|[12]|this.newRecordsMap|{"801g8000009VmchAAC":{"Status":"Draft","LastModifiedDate":"2026-04-10T18:40:45.000Z","Country__c":"a03g80000084ySPAAY","IsDeleted":false,"AccountId":"001g8000009VmcfAAC","OrderNumber":"00100116","TotalAmount":380385.50,"StatusCode":"Draft","IsReductionOrder":false,"SystemModstamp":"2026-04-10T18:40:45.000Z","City__c":"a05g8000002BeozAAC","OwnerId":"005g80000010N45AAE","CreatedById":"005g80000010N45AAE","DistributionCenter__c":"a06g8000001ga3JAAQ","CreatedDate":"2026-04-10T18:40:45.000Z","Pricebook2Id":"01sg8000000h7xWAAQ","Id":"801g8000009VmchAAC","LastModifiedById":"005g80000010N45AAE","State__c":"a04g8000000b50jAAA","EffectiveDate":"2026-04-10T00:00:00.000Z"}}|0x256d2f67
15:40:44.452 (679373306)|STATEMENT_EXECUTE|[13]
15:40:44.452 (679835030)|VARIABLE_ASSIGNMENT|[13]|this.oldRecordsMap|{"801g8000009VmchAAC":{"Status":"Draft","LastModifiedDate":"2026-04-10T18:40:45.000Z","Country__c":"a03g80000084ySPAAY","IsDeleted":false,"AccountId":"001g8000009VmcfAAC","OrderNumber":"00100116","TotalAmount":0.00,"StatusCode":"Draft","IsReductionOrder":false,"SystemModstamp":"2026-04-10T18:40:45.000Z","City__c":"a05g8000002BeozAAC","OwnerId":"005g80000010N45AAE","CreatedById":"005g80000010N45AAE","DistributionCenter__c":"a06g8000001ga3JAAQ","CreatedDate":"2026-04-10T18:40:45.000Z","Pricebook2Id":"01sg8000000h7xWAAQ","Id":"801g8000009VmchAAC","LastModifiedById":"005g80000010N45AAE","State__c":"a04g8000000b50jAAA","EffectiveDate":"2026-04-10T00:00:00.000Z"}}|0x256d2f67
15:40:44.452 (679868512)|CONSTRUCTOR_EXIT|[2]|01pg8000001LXzh|<init>()|OrderHandler
15:40:44.452 (679882958)|METHOD_ENTRY|[2]|01pg80000019iSf|TriggerHandler.run()
15:40:44.452 (679890854)|VARIABLE_SCOPE_BEGIN|[120]|this|TriggerHandler|true|false
15:40:44.452 (679938604)|VARIABLE_ASSIGNMENT|[120]|this|{"newRecords":"0x6f10116c","newRecordsMap":"0x7d6dcdac","oldRecords":"0x628a70ad","oldRecordsMap":"0x2e507d8c","handlerName":"OrderHandler","isTriggerExecuting":true,"triggerEvent":"0x7a58268a"}|0x256d2f67
15:40:44.452 (679952781)|STATEMENT_EXECUTE|[120]
15:40:44.452 (679957712)|METHOD_ENTRY|[121]|01pg80000019iSf|TriggerHandler.validateRun()
15:40:44.452 (679961305)|VARIABLE_SCOPE_BEGIN|[661]|this|TriggerHandler|true|false
15:40:44.452 (679973711)|VARIABLE_ASSIGNMENT|[661]|this|{"newRecords":"0x6f10116c","newRecordsMap":"0x7d6dcdac","oldRecords":"0x628a70ad","oldRecordsMap":"0x2e507d8c","handlerName":"OrderHandler","isTriggerExecuting":true,"triggerEvent":"0x7a58268a"}|0x256d2f67
15:40:44.452 (679981050)|STATEMENT_EXECUTE|[661]
15:40:44.452 (679989460)|STATEMENT_EXECUTE|[662]
15:40:44.452 (679991100)|STATEMENT_EXECUTE|[665]
15:40:44.452 (679997532)|METHOD_ENTRY|[665]|01pg80000019iSf|TriggerHandler.getHandlerName()
15:40:44.452 (680000852)|VARIABLE_SCOPE_BEGIN|[680]|this|TriggerHandler|true|false
15:40:44.452 (680010554)|VARIABLE_ASSIGNMENT|[680]|this|{"newRecords":"0x6f10116c","newRecordsMap":"0x7d6dcdac","oldRecords":"0x628a70ad","oldRecordsMap":"0x2e507d8c","handlerName":"OrderHandler","isTriggerExecuting":true,"triggerEvent":"0x7a58268a"}|0x256d2f67
15:40:44.452 (680015220)|STATEMENT_EXECUTE|[680]
15:40:44.452 (680038993)|STATEMENT_EXECUTE|[681]
15:40:44.452 (680040115)|STATEMENT_EXECUTE|[684]
15:40:44.452 (680050035)|METHOD_EXIT|[665]|01pg80000019iSf|TriggerHandler.getHandlerName()
15:40:44.452 (680091935)|METHOD_EXIT|[121]|01pg80000019iSf|TriggerHandler.validateRun()
15:40:44.452 (680097156)|STATEMENT_EXECUTE|[121]
15:40:44.452 (680101256)|METHOD_ENTRY|[126]|01pg80000019iSf|TriggerHandler.incrementCheckLoopCount()
15:40:44.452 (680105580)|VARIABLE_SCOPE_BEGIN|[634]|this|TriggerHandler|true|false
15:40:44.452 (680139944)|VARIABLE_ASSIGNMENT|[634]|this|{"newRecords":"0x6f10116c","newRecordsMap":"0x7d6dcdac","oldRecords":"0x628a70ad","oldRecordsMap":"0x2e507d8c","handlerName":"OrderHandler","isTriggerExecuting":true,"triggerEvent":"0x7a58268a"}|0x256d2f67
15:40:44.452 (680151887)|STATEMENT_EXECUTE|[634]
15:40:44.452 (680153447)|STATEMENT_EXECUTE|[635]
15:40:44.452 (680157726)|METHOD_ENTRY|[635]|01pg80000019iSf|TriggerHandler.getHandlerName()
15:40:44.452 (680161329)|VARIABLE_SCOPE_BEGIN|[680]|this|TriggerHandler|true|false
15:40:44.452 (680177789)|VARIABLE_ASSIGNMENT|[680]|this|{"newRecords":"0x6f10116c","newRecordsMap":"0x7d6dcdac","oldRecords":"0x628a70ad","oldRecordsMap":"0x2e507d8c","handlerName":"OrderHandler","isTriggerExecuting":true,"triggerEvent":"0x7a58268a"}|0x256d2f67
15:40:44.452 (680182162)|STATEMENT_EXECUTE|[680]
15:40:44.452 (680189702)|STATEMENT_EXECUTE|[681]
15:40:44.452 (680190634)|STATEMENT_EXECUTE|[684]
15:40:44.452 (680192344)|METHOD_EXIT|[635]|01pg80000019iSf|TriggerHandler.getHandlerName()
15:40:44.452 (680197174)|VARIABLE_SCOPE_BEGIN|[635]|handlerName|String|false|false
15:40:44.452 (680207697)|VARIABLE_ASSIGNMENT|[635]|handlerName|"OrderHandler"
15:40:44.452 (680230035)|STATEMENT_EXECUTE|[636]
15:40:44.452 (680233573)|STATEMENT_EXECUTE|[649]
15:40:44.452 (680237386)|METHOD_EXIT|[126]|01pg80000019iSf|TriggerHandler.incrementCheckLoopCount()
15:40:44.452 (680244337)|STATEMENT_EXECUTE|[126]
15:40:44.452 (680247295)|STATEMENT_EXECUTE|[130]
15:40:44.452 (680248755)|STATEMENT_EXECUTE|[135]
15:40:44.452 (680389608)|STATEMENT_EXECUTE|[148]
15:40:44.452 (680390856)|STATEMENT_EXECUTE|[149]
15:40:44.452 (680404705)|METHOD_ENTRY|[149]|01pg8000001LXzh|OrderHandler.afterUpdate()
15:40:44.452 (680411694)|VARIABLE_SCOPE_BEGIN|[20]|this|OrderHandler|true|false
15:40:44.452 (680424134)|VARIABLE_ASSIGNMENT|[20]|this|{"newRecords":"0x6f10116c","newRecordsMap":"0x7d6dcdac","oldRecords":"0x628a70ad","oldRecordsMap":"0x2e507d8c","handlerName":"OrderHandler","isTriggerExecuting":true,"triggerEvent":"0x7a58268a"}|0x256d2f67
15:40:44.452 (680431549)|STATEMENT_EXECUTE|[20]
15:40:44.452 (680432709)|STATEMENT_EXECUTE|[21]
15:40:44.452 (680439141)|METHOD_ENTRY|[21]|01pg8000001LXzh|OrderHandler.checkActiveOrder()
15:40:44.452 (680444009)|VARIABLE_SCOPE_BEGIN|[30]|this|OrderHandler|true|false
15:40:44.452 (680452724)|VARIABLE_ASSIGNMENT|[30]|this|{"newRecords":"0x6f10116c","newRecordsMap":"0x7d6dcdac","oldRecords":"0x628a70ad","oldRecordsMap":"0x2e507d8c","handlerName":"OrderHandler","isTriggerExecuting":true,"triggerEvent":"0x7a58268a"}|0x256d2f67
15:40:44.452 (680457585)|STATEMENT_EXECUTE|[30]
15:40:44.452 (680458558)|STATEMENT_EXECUTE|[31]
15:40:44.452 (680462113)|VARIABLE_SCOPE_BEGIN|[31]|listaParaValidar|List<Order>|true|false
15:40:44.452 (680467038)|VARIABLE_ASSIGNMENT|[31]|listaParaValidar|null|
15:40:44.452 (680476686)|STATEMENT_EXECUTE|[35]
15:40:44.452 (680478033)|STATEMENT_EXECUTE|[36]
15:40:44.452 (681135436)|VARIABLE_ASSIGNMENT|[36]|listaParaValidar|[{"Status":"Draft","LastModifiedDate":"2026-04-10T18:40:45.000Z","Country__c":"a03g80000084ySPAAY","IsDeleted":false,"AccountId":"001g8000009VmcfAAC","OrderNumber":"00100116","TotalAmount":380385.50,"StatusCode":"Draft","IsReductionOrder":false,"SystemModstamp":"2026-04-10T18:40:45.000Z","City__c":"a05g8000002BeozAAC","OwnerId":"005g80000010N45AAE","CreatedById":"005g80000010N45AAE","DistributionCenter__c":"a06g8000001ga3JAAQ","CreatedDate":"2026-04-10T18:40:45.000Z","Pricebook2Id":"01sg8000000h7xWAAQ","Id":"801g8000009VmchAAC","LastModifiedById":"005g80000010N45AAE","State__c":"a04g8000000b50jAAA","EffectiveDate":"2026-04-10T00:00:00.000Z"}]|0x6f10116c
15:40:44.452 (681188756)|HEAP_ALLOCATE|[40]|Bytes:5
15:40:44.452 (681251890)|VARIABLE_SCOPE_BEGIN|[40]|pedido|Order|true|false
15:40:44.452 (681777055)|VARIABLE_ASSIGNMENT|[40]|pedido|{"Status":"Draft","LastModifiedDate":"2026-04-10T18:40:45.000Z","Country__c":"a03g80000084ySPAAY","IsDeleted":false,"AccountId":"001g8000009VmcfAAC","OrderNumber":"00100116","TotalAmount":380385.50,"StatusCode":"Draft","IsReductionOrder":false,"SystemModstamp":"2026-04-10T18:40:45.000Z","City__c":"a05g8000002BeozAAC","OwnerId":"005g80000010N45AAE","CreatedById":"005g80000010N45AAE","DistributionCenter__c":"a06g8000001ga3JAAQ","CreatedDate":"2026-04-10T18:40:45.000Z","Pricebook2Id":"01sg8000000h7xWAAQ","Id":"801g8000009VmchAAC","LastModifiedById":"005g80000010N45AAE","State__c":"a04g8000000b50jAAA","EffectiveDate":"2026-04-10T00:00:00.000Z"}|0x41a4825b
15:40:44.452 (681787460)|STATEMENT_EXECUTE|[40]
15:40:44.452 (681788847)|STATEMENT_EXECUTE|[42]
15:40:44.452 (681819767)|VARIABLE_SCOPE_BEGIN|[42]|pedidoAntigo|Order|true|false
15:40:44.452 (682217247)|VARIABLE_ASSIGNMENT|[42]|pedidoAntigo|{"Status":"Draft","LastModifiedDate":"2026-04-10T18:40:45.000Z","Country__c":"a03g80000084ySPAAY","IsDeleted":false,"AccountId":"001g8000009VmcfAAC","OrderNumber":"00100116","TotalAmount":0.00,"StatusCode":"Draft","IsReductionOrder":false,"SystemModstamp":"2026-04-10T18:40:45.000Z","City__c":"a05g8000002BeozAAC","OwnerId":"005g80000010N45AAE","CreatedById":"005g80000010N45AAE","DistributionCenter__c":"a06g8000001ga3JAAQ","CreatedDate":"2026-04-10T18:40:45.000Z","Pricebook2Id":"01sg8000000h7xWAAQ","Id":"801g8000009VmchAAC","LastModifiedById":"005g80000010N45AAE","State__c":"a04g8000000b50jAAA","EffectiveDate":"2026-04-10T00:00:00.000Z"}|0x52b7376e
15:40:44.452 (682225947)|STATEMENT_EXECUTE|[45]
15:40:44.452 (682234247)|VARIABLE_SCOPE_BEGIN|[45]|validacaoStatus|String|false|false
15:40:44.452 (682242395)|VARIABLE_ASSIGNMENT|[45]|validacaoStatus|"Draft"
15:40:44.452 (682261466)|STATEMENT_EXECUTE|[47]
15:40:44.452 (682276761)|HEAP_ALLOCATE|[40]|Bytes:5
15:40:44.452 (682286072)|VARIABLE_ASSIGNMENT|[40]|pedido|null|
15:40:44.452 (682308975)|METHOD_EXIT|[21]|01pg8000001LXzh|OrderHandler.checkActiveOrder()
15:40:44.452 (682312377)|STATEMENT_EXECUTE|[22]
15:40:44.452 (682321825)|METHOD_ENTRY|[22]|01pg8000001LXzh|OrderHandler.itemsRecalculation()
15:40:44.452 (682333401)|VARIABLE_SCOPE_BEGIN|[54]|this|OrderHandler|true|false
15:40:44.452 (682369274)|VARIABLE_ASSIGNMENT|[54]|this|{"newRecords":"0x6f10116c","newRecordsMap":"0x7d6dcdac","oldRecords":"0x628a70ad","oldRecordsMap":"0x2e507d8c","handlerName":"OrderHandler","isTriggerExecuting":true,"triggerEvent":"0x7a58268a"}|0x256d2f67
15:40:44.452 (682387133)|STATEMENT_EXECUTE|[54]
15:40:44.452 (682388254)|STATEMENT_EXECUTE|[55]
15:40:44.452 (682404364)|HEAP_ALLOCATE|[55]|Bytes:4
15:40:44.452 (682432121)|VARIABLE_SCOPE_BEGIN|[55]|ordersToRecalculate|Set<Id>|true|false
15:40:44.452 (682460183)|VARIABLE_ASSIGNMENT|[55]|ordersToRecalculate|[]|0x63893a8d
15:40:44.452 (682485516)|HEAP_ALLOCATE|[57]|Bytes:5
15:40:44.452 (682496531)|VARIABLE_SCOPE_BEGIN|[57]|pedido|Order|true|false
15:40:44.452 (683065379)|VARIABLE_ASSIGNMENT|[57]|pedido|{"Status":"Draft","LastModifiedDate":"2026-04-10T18:40:45.000Z","Country__c":"a03g80000084ySPAAY","IsDeleted":false,"AccountId":"001g8000009VmcfAAC","OrderNumber":"00100116","TotalAmount":380385.50,"StatusCode":"Draft","IsReductionOrder":false,"SystemModstamp":"2026-04-10T18:40:45.000Z","City__c":"a05g8000002BeozAAC","OwnerId":"005g80000010N45AAE","CreatedById":"005g80000010N45AAE","DistributionCenter__c":"a06g8000001ga3JAAQ","CreatedDate":"2026-04-10T18:40:45.000Z","Pricebook2Id":"01sg8000000h7xWAAQ","Id":"801g8000009VmchAAC","LastModifiedById":"005g80000010N45AAE","State__c":"a04g8000000b50jAAA","EffectiveDate":"2026-04-10T00:00:00.000Z"}|0x41a4825b
15:40:44.452 (683075662)|STATEMENT_EXECUTE|[57]
15:40:44.452 (683076712)|STATEMENT_EXECUTE|[58]
15:40:44.452 (683122846)|VARIABLE_SCOPE_BEGIN|[58]|pedidoAntigo|Order|true|false
15:40:44.452 (683619177)|VARIABLE_ASSIGNMENT|[58]|pedidoAntigo|{"Status":"Draft","LastModifiedDate":"2026-04-10T18:40:45.000Z","Country__c":"a03g80000084ySPAAY","IsDeleted":false,"AccountId":"001g8000009VmcfAAC","OrderNumber":"00100116","TotalAmount":0.00,"StatusCode":"Draft","IsReductionOrder":false,"SystemModstamp":"2026-04-10T18:40:45.000Z","City__c":"a05g8000002BeozAAC","OwnerId":"005g80000010N45AAE","CreatedById":"005g80000010N45AAE","DistributionCenter__c":"a06g8000001ga3JAAQ","CreatedDate":"2026-04-10T18:40:45.000Z","Pricebook2Id":"01sg8000000h7xWAAQ","Id":"801g8000009VmchAAC","LastModifiedById":"005g80000010N45AAE","State__c":"a04g8000000b50jAAA","EffectiveDate":"2026-04-10T00:00:00.000Z"}|0x52b7376e
15:40:44.452 (683752660)|STATEMENT_EXECUTE|[60]
15:40:44.452 (683762900)|HEAP_ALLOCATE|[57]|Bytes:5
15:40:44.452 (683772751)|VARIABLE_ASSIGNMENT|[57]|pedido|null|
15:40:44.452 (683790836)|STATEMENT_EXECUTE|[67]
15:40:44.452 (683796169)|METHOD_EXIT|[22]|01pg8000001LXzh|OrderHandler.itemsRecalculation()
15:40:44.452 (683802789)|METHOD_EXIT|[149]|01pg8000001LXzh|OrderHandler.afterUpdate()
15:40:44.452 (683807226)|STATEMENT_EXECUTE|[158]
15:40:44.452 (683812747)|METHOD_ENTRY|[158]|01pg80000019iSf|TriggerHandler.andFinally()
15:40:44.452 (683817714)|VARIABLE_SCOPE_BEGIN|[746]|this|TriggerHandler|true|false
15:40:44.452 (683852544)|VARIABLE_ASSIGNMENT|[746]|this|{"newRecords":"0x6f10116c","newRecordsMap":"0x7d6dcdac","oldRecords":"0x628a70ad","oldRecordsMap":"0x2e507d8c","handlerName":"OrderHandler","isTriggerExecuting":true,"triggerEvent":"0x7a58268a"}|0x256d2f67
15:40:44.452 (683863864)|STATEMENT_EXECUTE|[746]
15:40:44.452 (683880001)|METHOD_EXIT|[158]|01pg80000019iSf|TriggerHandler.andFinally()
15:40:44.452 (683884154)|STATEMENT_EXECUTE|[160]
15:40:44.452 (683886057)|STATEMENT_EXECUTE|[176]
15:40:44.452 (683889176)|METHOD_EXIT|[2]|01pg80000019iSf|TriggerHandler.run()
15:40:44.683 (683897880)|CUMULATIVE_LIMIT_USAGE
15:40:44.683 (683897880)|LIMIT_USAGE_FOR_NS|(default)|
  Number of SOQL queries: 11 out of 100
  Number of query rows: 10 out of 50000
  Number of SOSL queries: 0 out of 20
  Number of DML statements: 14 out of 150
  Number of Publish Immediate DML: 0 out of 150
  Number of DML rows: 14 out of 10000
  Maximum CPU time: 102 out of 10000
  Maximum heap size: 0 out of 6000000
  Number of callouts: 0 out of 100
  Number of Email Invocations: 0 out of 10
  Number of future calls: 0 out of 50
  Number of queueable jobs added to the queue: 0 out of 50
  Number of Mobile Apex push calls: 0 out of 10

15:40:44.683 (683897880)|CUMULATIVE_LIMIT_USAGE_END

15:40:44.452 (684095943)|CODE_UNIT_FINISHED|OrderTrigger on Order trigger event AfterUpdate|__sfdc_trigger/OrderTrigger
15:40:44.452 (687545970)|DML_END|[163]
15:40:44.452 (687759142)|STATEMENT_EXECUTE|[165]
15:40:44.452 (687804028)|HEAP_ALLOCATE|[165]|Bytes:4
15:40:44.452 (687927965)|VARIABLE_ASSIGNMENT|[165]|this.OrderId|"801g8000009VmchAAC"|0x6adb3b35
15:40:44.452 (687955696)|VARIABLE_ASSIGNMENT|[165]|this.Product2Id|"01tg8000001RPszAAG"|0x6adb3b35
15:40:44.452 (687975309)|VARIABLE_ASSIGNMENT|[165]|this.PricebookEntryId|"01ug8000000gSxZAAU"|0x6adb3b35
15:40:44.452 (688010549)|HEAP_ALLOCATE|[165]|Bytes:28
15:40:44.452 (688015688)|HEAP_ALLOCATE|[165]|Bytes:28
15:40:44.452 (688044075)|VARIABLE_ASSIGNMENT|[165]|this.Quantity|1|0x6adb3b35
15:40:44.452 (688054389)|HEAP_ALLOCATE|[165]|Bytes:28
15:40:44.452 (688073426)|VARIABLE_ASSIGNMENT|[165]|this.UnitPrice|100|0x6adb3b35
15:40:44.452 (688109465)|VARIABLE_SCOPE_BEGIN|[165]|item2|OrderItem|true|false
15:40:44.452 (688133672)|VARIABLE_ASSIGNMENT|[165]|item2|{"OrderId":"801g8000009VmchAAC","Product2Id":"01tg8000001RPszAAG","PricebookEntryId":"01ug8000000gSxZAAU","Quantity":1,"UnitPrice":100}|0x6adb3b35
15:40:44.452 (688140439)|STATEMENT_EXECUTE|[173]
15:40:44.452 (688168654)|HEAP_ALLOCATE|[173]|Bytes:118
15:40:44.452 (688186713)|SYSTEM_METHOD_ENTRY|[1]|Test.Test()
15:40:44.452 (688189424)|STATEMENT_EXECUTE|[1]
15:40:44.452 (688198706)|SYSTEM_METHOD_EXIT|[1]|Test
15:40:44.452 (688209735)|METHOD_ENTRY|[173]||System.Test.startTest()
15:40:44.452 (690824435)|METHOD_EXIT|[173]||System.Test.startTest()
15:40:44.452 (690842605)|STATEMENT_EXECUTE|[174]
15:40:44.452 (690844410)|STATEMENT_EXECUTE|[174]
15:40:44.452 (690845424)|STATEMENT_EXECUTE|[175]
15:40:44.452 (690892955)|HEAP_ALLOCATE|[175]|Bytes:8
15:40:44.452 (690914359)|DML_BEGIN|[175]|Op:Insert|Type:OrderItem|Rows:1
15:40:44.452 (690959834)|HEAP_ALLOCATE|[EXTERNAL]|Bytes:8
15:40:44.452 (702864065)|CODE_UNIT_STARTED|[EXTERNAL]|01qg8000000Fou9|OrdemItemTrigger on OrderItem trigger event BeforeInsert|__sfdc_trigger/OrdemItemTrigger
15:40:44.452 (702942115)|HEAP_ALLOCATE|[EXTERNAL]|Bytes:8
15:40:44.452 (703006100)|HEAP_ALLOCATE|[EXTERNAL]|Bytes:4
15:40:44.452 (703017511)|VARIABLE_SCOPE_BEGIN|[1]|this|OrdemItemTrigger|true|false
15:40:44.452 (703066582)|VARIABLE_ASSIGNMENT|[1]|this|{}|0xfa90b6a
15:40:44.452 (703099215)|HEAP_ALLOCATE|[EXTERNAL]|Bytes:4
15:40:44.452 (703103574)|VARIABLE_SCOPE_BEGIN|[1]|this|OrdemItemTrigger|true|false
15:40:44.452 (703109200)|VARIABLE_ASSIGNMENT|[1]|this|{}|0xfa90b6a
15:40:44.452 (703115845)|STATEMENT_EXECUTE|[1]
15:40:44.452 (703117317)|STATEMENT_EXECUTE|[2]
15:40:44.452 (703122524)|HEAP_ALLOCATE|[2]|Bytes:32
15:40:44.452 (703143018)|CONSTRUCTOR_ENTRY|[2]|01pg8000001EZwd|<init>()|OrdemItemHandler
15:40:44.452 (703152072)|VARIABLE_SCOPE_BEGIN|[9]|this|OrdemItemHandler|true|false
15:40:44.452 (703177852)|VARIABLE_ASSIGNMENT|[9]|this|{}|0x75498c88
15:40:44.452 (703183255)|STATEMENT_EXECUTE|[1]
15:40:44.452 (703184525)|STATEMENT_EXECUTE|[3]
15:40:44.452 (703185855)|STATEMENT_EXECUTE|[4]
15:40:44.452 (703186883)|STATEMENT_EXECUTE|[5]
15:40:44.452 (703188120)|STATEMENT_EXECUTE|[6]
15:40:44.452 (703189202)|STATEMENT_EXECUTE|[10]
15:40:44.452 (703204572)|CONSTRUCTOR_ENTRY|[10]|01pg80000019iSf|<init>(String)|TriggerHandler
15:40:44.452 (703209505)|VARIABLE_SCOPE_BEGIN|[107]|this|TriggerHandler|true|false
15:40:44.452 (703216774)|VARIABLE_ASSIGNMENT|[107]|this|{}|0x75498c88
15:40:44.452 (703219535)|VARIABLE_SCOPE_BEGIN|[107]|handlerName|String|false|false
15:40:44.452 (703229625)|VARIABLE_ASSIGNMENT|[107]|handlerName|"OrderItemHandler"
15:40:44.452 (703232644)|STATEMENT_EXECUTE|[15]
15:40:44.452 (703233774)|STATEMENT_EXECUTE|[50]
15:40:44.452 (703234672)|STATEMENT_EXECUTE|[57]
15:40:44.452 (703235757)|STATEMENT_EXECUTE|[671]
15:40:44.452 (703256844)|STATEMENT_EXECUTE|[107]
15:40:44.452 (703258762)|STATEMENT_EXECUTE|[108]
15:40:44.452 (703268868)|STATEMENT_EXECUTE|[109]
15:40:44.452 (703276399)|METHOD_ENTRY|[109]|01pg80000019iSf|TriggerHandler.setTriggerContext()
15:40:44.452 (703280131)|VARIABLE_SCOPE_BEGIN|[565]|this|TriggerHandler|true|false
15:40:44.452 (703289467)|VARIABLE_ASSIGNMENT|[565]|this|{"handlerName":"OrderItemHandler"}|0x75498c88
15:40:44.452 (703302911)|STATEMENT_EXECUTE|[565]
15:40:44.452 (703304104)|STATEMENT_EXECUTE|[566]
15:40:44.452 (703365919)|HEAP_ALLOCATE|[566]|Bytes:16
15:40:44.452 (703376643)|METHOD_ENTRY|[566]|01pg80000019iSf|TriggerHandler.setTriggerContext(System.TriggerOperation, Boolean)
15:40:44.452 (703379540)|VARIABLE_SCOPE_BEGIN|[582]|this|TriggerHandler|true|false
15:40:44.452 (703388714)|VARIABLE_ASSIGNMENT|[582]|this|{"handlerName":"OrderItemHandler"}|0x75498c88
15:40:44.452 (703393021)|VARIABLE_SCOPE_BEGIN|[582]|opType|System.TriggerOperation|true|false
15:40:44.452 (703413624)|VARIABLE_ASSIGNMENT|[582]|opType|"BEFORE_INSERT"|0x2c8bc884
15:40:44.452 (703422701)|VARIABLE_SCOPE_BEGIN|[582]|testMode|Boolean|false|false
15:40:44.452 (703428639)|VARIABLE_ASSIGNMENT|[582]|testMode|false
15:40:44.452 (703433154)|STATEMENT_EXECUTE|[582]
15:40:44.452 (703441332)|STATEMENT_EXECUTE|[586]
15:40:44.452 (703442202)|STATEMENT_EXECUTE|[587]
15:40:44.452 (703444954)|HEAP_ALLOCATE|[587]|Bytes:5
15:40:44.452 (703449980)|STATEMENT_EXECUTE|[590]
15:40:44.452 (703450917)|STATEMENT_EXECUTE|[592]
15:40:44.452 (703461647)|HEAP_ALLOCATE|[592]|Bytes:16
15:40:44.452 (703466070)|STATEMENT_EXECUTE|[595]
15:40:44.452 (703475163)|VARIABLE_SCOPE_BEGIN|[595]|context|String|false|false
15:40:44.452 (703482296)|VARIABLE_ASSIGNMENT|[595]|context|"BEFORE_INSERT"
15:40:44.452 (703484559)|STATEMENT_EXECUTE|[597]
15:40:44.452 (703506891)|STATEMENT_EXECUTE|[598]
15:40:44.452 (703507812)|STATEMENT_EXECUTE|[599]
15:40:44.452 (703512388)|METHOD_EXIT|[566]|01pg80000019iSf|TriggerHandler.setTriggerContext(System.TriggerOperation, Boolean)
15:40:44.452 (703515478)|METHOD_EXIT|[109]|01pg80000019iSf|TriggerHandler.setTriggerContext()
15:40:44.452 (703522006)|CONSTRUCTOR_EXIT|[10]|01pg80000019iSf|<init>(String)|TriggerHandler
15:40:44.452 (703525136)|STATEMENT_EXECUTE|[9]
15:40:44.452 (703526628)|STATEMENT_EXECUTE|[11]
15:40:44.452 (704556819)|VARIABLE_ASSIGNMENT|[11]|this.newRecords|[{"Product_Code_Display__c":"TRT 7","IsDeleted":false,"UnitPrice":100.00,"Product2Id":"01tg8000001RPszAAG","PricebookEntryId":"01ug8000000gSxZAAU","TotalPrice":100.00,"Quantity":1.00,"ListPrice":1000.00,"OrderId":"801g8000009VmchAAC"}]|0x75498c88
15:40:44.452 (704572844)|STATEMENT_EXECUTE|[12]
15:40:44.452 (704610282)|VARIABLE_ASSIGNMENT|[12]|this.oldRecords|null|0x75498c88
15:40:44.452 (704615239)|STATEMENT_EXECUTE|[13]
15:40:44.452 (704624976)|VARIABLE_ASSIGNMENT|[13]|this.newRecordsMap|null|0x75498c88
15:40:44.452 (704627792)|STATEMENT_EXECUTE|[14]
15:40:44.452 (704633483)|VARIABLE_ASSIGNMENT|[14]|this.oldRecordsMap|null|0x75498c88
15:40:44.452 (704646934)|CONSTRUCTOR_EXIT|[2]|01pg8000001EZwd|<init>()|OrdemItemHandler
15:40:44.452 (704655882)|METHOD_ENTRY|[2]|01pg80000019iSf|TriggerHandler.run()
15:40:44.452 (704661482)|VARIABLE_SCOPE_BEGIN|[120]|this|TriggerHandler|true|false
15:40:44.452 (704704581)|VARIABLE_ASSIGNMENT|[120]|this|{"newRecords":"0x51267047","handlerName":"OrderItemHandler","isTriggerExecuting":true,"triggerEvent":"0x2c8bc884"}|0x75498c88
15:40:44.452 (704717877)|STATEMENT_EXECUTE|[120]
15:40:44.452 (704721889)|METHOD_ENTRY|[121]|01pg80000019iSf|TriggerHandler.validateRun()
15:40:44.452 (704724995)|VARIABLE_SCOPE_BEGIN|[661]|this|TriggerHandler|true|false
15:40:44.452 (704734627)|VARIABLE_ASSIGNMENT|[661]|this|{"newRecords":"0x51267047","handlerName":"OrderItemHandler","isTriggerExecuting":true,"triggerEvent":"0x2c8bc884"}|0x75498c88
15:40:44.452 (704738876)|STATEMENT_EXECUTE|[661]
15:40:44.452 (704745029)|STATEMENT_EXECUTE|[662]
15:40:44.452 (704746210)|STATEMENT_EXECUTE|[665]
15:40:44.452 (704751924)|METHOD_ENTRY|[665]|01pg80000019iSf|TriggerHandler.getHandlerName()
15:40:44.452 (704754732)|VARIABLE_SCOPE_BEGIN|[680]|this|TriggerHandler|true|false
15:40:44.452 (704765689)|VARIABLE_ASSIGNMENT|[680]|this|{"newRecords":"0x51267047","handlerName":"OrderItemHandler","isTriggerExecuting":true,"triggerEvent":"0x2c8bc884"}|0x75498c88
15:40:44.452 (704770800)|STATEMENT_EXECUTE|[680]
15:40:44.452 (704792994)|STATEMENT_EXECUTE|[681]
15:40:44.452 (704794204)|STATEMENT_EXECUTE|[684]
15:40:44.452 (704797574)|METHOD_EXIT|[665]|01pg80000019iSf|TriggerHandler.getHandlerName()
15:40:44.452 (704814950)|METHOD_EXIT|[121]|01pg80000019iSf|TriggerHandler.validateRun()
15:40:44.452 (704817996)|STATEMENT_EXECUTE|[121]
15:40:44.452 (704820648)|METHOD_ENTRY|[126]|01pg80000019iSf|TriggerHandler.incrementCheckLoopCount()
15:40:44.452 (704823588)|VARIABLE_SCOPE_BEGIN|[634]|this|TriggerHandler|true|false
15:40:44.452 (704832903)|VARIABLE_ASSIGNMENT|[634]|this|{"newRecords":"0x51267047","handlerName":"OrderItemHandler","isTriggerExecuting":true,"triggerEvent":"0x2c8bc884"}|0x75498c88
15:40:44.452 (704837393)|STATEMENT_EXECUTE|[634]
15:40:44.452 (704838263)|STATEMENT_EXECUTE|[635]
15:40:44.452 (704840308)|METHOD_ENTRY|[635]|01pg80000019iSf|TriggerHandler.getHandlerName()
15:40:44.452 (704842431)|VARIABLE_SCOPE_BEGIN|[680]|this|TriggerHandler|true|false
15:40:44.452 (704849952)|VARIABLE_ASSIGNMENT|[680]|this|{"newRecords":"0x51267047","handlerName":"OrderItemHandler","isTriggerExecuting":true,"triggerEvent":"0x2c8bc884"}|0x75498c88
15:40:44.452 (704853106)|STATEMENT_EXECUTE|[680]
15:40:44.452 (704859556)|STATEMENT_EXECUTE|[681]
15:40:44.452 (704860468)|STATEMENT_EXECUTE|[684]
15:40:44.452 (704861911)|METHOD_EXIT|[635]|01pg80000019iSf|TriggerHandler.getHandlerName()
15:40:44.452 (704865578)|VARIABLE_SCOPE_BEGIN|[635]|handlerName|String|false|false
15:40:44.452 (704876182)|VARIABLE_ASSIGNMENT|[635]|handlerName|"OrderItemHandler"
15:40:44.452 (704887431)|STATEMENT_EXECUTE|[636]
15:40:44.452 (704888406)|STATEMENT_EXECUTE|[649]
15:40:44.452 (704890143)|METHOD_EXIT|[126]|01pg80000019iSf|TriggerHandler.incrementCheckLoopCount()
15:40:44.452 (704892633)|STATEMENT_EXECUTE|[126]
15:40:44.452 (704894497)|STATEMENT_EXECUTE|[130]
15:40:44.452 (704895454)|STATEMENT_EXECUTE|[135]
15:40:44.452 (704921495)|STATEMENT_EXECUTE|[136]
15:40:44.452 (704922551)|STATEMENT_EXECUTE|[137]
15:40:44.452 (704925386)|METHOD_ENTRY|[137]|01pg8000001EZwd|OrdemItemHandler.beforeInsert()
15:40:44.452 (704928086)|VARIABLE_SCOPE_BEGIN|[18]|this|OrdemItemHandler|true|false
15:40:44.452 (704937278)|VARIABLE_ASSIGNMENT|[18]|this|{"newRecords":"0x51267047","handlerName":"OrderItemHandler","isTriggerExecuting":true,"triggerEvent":"0x2c8bc884"}|0x75498c88
15:40:44.452 (704941194)|STATEMENT_EXECUTE|[18]
15:40:44.452 (704942312)|STATEMENT_EXECUTE|[19]
15:40:44.452 (704946054)|METHOD_ENTRY|[19]|01pg8000001EZwd|OrdemItemHandler.checkActiveOrderItem()
15:40:44.452 (704948497)|VARIABLE_SCOPE_BEGIN|[176]|this|OrdemItemHandler|true|false
15:40:44.452 (704956004)|VARIABLE_ASSIGNMENT|[176]|this|{"newRecords":"0x51267047","handlerName":"OrderItemHandler","isTriggerExecuting":true,"triggerEvent":"0x2c8bc884"}|0x75498c88
15:40:44.452 (704960135)|STATEMENT_EXECUTE|[176]
15:40:44.452 (704961158)|STATEMENT_EXECUTE|[177]
15:40:44.452 (704964291)|VARIABLE_SCOPE_BEGIN|[177]|listaParaValidar|List<OrderItem>|true|false
15:40:44.452 (704969086)|VARIABLE_ASSIGNMENT|[177]|listaParaValidar|null|
15:40:44.452 (704971146)|STATEMENT_EXECUTE|[178]
15:40:44.452 (704985971)|HEAP_ALLOCATE|[178]|Bytes:4
15:40:44.452 (704998208)|VARIABLE_SCOPE_BEGIN|[178]|idOrders|Set<Id>|true|false
15:40:44.452 (705029859)|VARIABLE_ASSIGNMENT|[178]|idOrders|[]|0x1613d352
15:40:44.452 (705034676)|STATEMENT_EXECUTE|[179]
15:40:44.452 (705046158)|HEAP_ALLOCATE|[179]|Bytes:4
15:40:44.452 (705050886)|VARIABLE_SCOPE_BEGIN|[179]|idMapOrders|Map<Id,Order>|true|false
15:40:44.452 (705062504)|VARIABLE_ASSIGNMENT|[179]|idMapOrders|{}|0x2f8720d4
15:40:44.452 (705069493)|STATEMENT_EXECUTE|[183]
15:40:44.452 (705070402)|STATEMENT_EXECUTE|[184]
15:40:44.452 (705672155)|VARIABLE_ASSIGNMENT|[184]|listaParaValidar|[{"Product_Code_Display__c":"TRT 7","IsDeleted":false,"UnitPrice":100.00,"Product2Id":"01tg8000001RPszAAG","PricebookEntryId":"01ug8000000gSxZAAU","TotalPrice":100.00,"Quantity":1.00,"ListPrice":1000.00,"OrderId":"801g8000009VmchAAC"}]|0x51267047
15:40:44.452 (705707495)|HEAP_ALLOCATE|[187]|Bytes:5
15:40:44.452 (705727621)|HEAP_ALLOCATE|[187]|Bytes:4
15:40:44.452 (705738707)|VARIABLE_SCOPE_BEGIN|[187]|ot|OrderItem|true|false
15:40:44.452 (706160303)|VARIABLE_ASSIGNMENT|[187]|ot|{"Product_Code_Display__c":"TRT 7","IsDeleted":false,"UnitPrice":100.00,"Product2Id":"01tg8000001RPszAAG","PricebookEntryId":"01ug8000000gSxZAAU","TotalPrice":100.00,"Quantity":1.00,"ListPrice":1000.00,"OrderId":"801g8000009VmchAAC"}|0x73ebfd96
15:40:44.452 (706168688)|STATEMENT_EXECUTE|[187]
15:40:44.452 (706170283)|STATEMENT_EXECUTE|[188]
15:40:44.452 (706196947)|HEAP_ALLOCATE|[EXTERNAL]|Bytes:4
15:40:44.452 (706210175)|HEAP_ALLOCATE|[187]|Bytes:5
15:40:44.452 (706217848)|VARIABLE_ASSIGNMENT|[187]|ot|null|
15:40:44.452 (706221723)|STATEMENT_EXECUTE|[191]
15:40:44.452 (706227855)|METHOD_ENTRY|[191]|01pg8000001w1Md|OrderSelector.getOrdersByIds(Set<Id>)
15:40:44.452 (706232641)|VARIABLE_SCOPE_BEGIN|[2]|ids|Set<Id>|true|false
15:40:44.452 (706242598)|VARIABLE_ASSIGNMENT|[2]|ids|["801g8000009VmchAAC"]|0x1613d352
15:40:44.452 (706253115)|STATEMENT_EXECUTE|[2]
15:40:44.452 (706254633)|STATEMENT_EXECUTE|[3]
15:40:44.452 (706264939)|HEAP_ALLOCATE|[3]|Bytes:4
15:40:44.452 (706273821)|HEAP_ALLOCATE|[3]|Bytes:4
15:40:44.452 (706810784)|SOQL_EXECUTE_BEGIN|[3]|Aggregations:0|SELECT Id, DistributionCenter__c, State__c, City__c, Country__c, AccountId, Status FROM Order WHERE Id = :tmpVar1
15:40:44.452 (710779345)|SOQL_EXECUTE_END|[3]|Rows:1
15:40:44.452 (710818381)|HEAP_ALLOCATE|[3]|Bytes:8
15:40:44.452 (710840516)|HEAP_ALLOCATE|[3]|Bytes:209
15:40:44.452 (710897909)|HEAP_ALLOCATE|[3]|Bytes:8
15:40:44.452 (710932171)|HEAP_ALLOCATE|[3]|Bytes:32
15:40:44.452 (710959511)|HEAP_ALLOCATE|[3]|Bytes:4
15:40:44.452 (710979329)|METHOD_EXIT|[191]|01pg8000001w1Md|OrderSelector.getOrdersByIds(Set<Id>)
15:40:44.452 (711302825)|VARIABLE_ASSIGNMENT|[191]|idMapOrders|{"801g8000009VmchAAC":{"Status":"Draft","City__c":"a05g8000002BeozAAC","Country__c":"a03g80000084ySPAAY","AccountId":"001g8000009VmcfAAC","DistributionCenter__c":"a06g8000001ga3JAAQ","Id":"801g8000009VmchAAC","State__c":"a04g8000000b50jAAA"}}|0x6f8480b1
15:40:44.452 (711364348)|HEAP_ALLOCATE|[193]|Bytes:5
15:40:44.452 (711389344)|HEAP_ALLOCATE|[193]|Bytes:4
15:40:44.452 (711402332)|VARIABLE_SCOPE_BEGIN|[193]|ot|OrderItem|true|false
15:40:44.452 (712237361)|VARIABLE_ASSIGNMENT|[193]|ot|{"Product_Code_Display__c":"TRT 7","IsDeleted":false,"UnitPrice":100.00,"Product2Id":"01tg8000001RPszAAG","PricebookEntryId":"01ug8000000gSxZAAU","TotalPrice":100.00,"Quantity":1.00,"ListPrice":1000.00,"OrderId":"801g8000009VmchAAC"}|0x73ebfd96
15:40:44.452 (712260621)|STATEMENT_EXECUTE|[193]
15:40:44.452 (712262578)|STATEMENT_EXECUTE|[194]
15:40:44.452 (712309731)|VARIABLE_SCOPE_BEGIN|[194]|pedido|Order|true|false
15:40:44.452 (712404613)|VARIABLE_ASSIGNMENT|[194]|pedido|{"Status":"Draft","City__c":"a05g8000002BeozAAC","Country__c":"a03g80000084ySPAAY","AccountId":"001g8000009VmcfAAC","DistributionCenter__c":"a06g8000001ga3JAAQ","Id":"801g8000009VmchAAC","State__c":"a04g8000000b50jAAA"}|0x658457de
15:40:44.452 (712445006)|STATEMENT_EXECUTE|[195]
15:40:44.452 (712464551)|HEAP_ALLOCATE|[193]|Bytes:5
15:40:44.452 (712478683)|VARIABLE_ASSIGNMENT|[193]|ot|null|
15:40:44.452 (712489670)|METHOD_EXIT|[19]|01pg8000001EZwd|OrdemItemHandler.checkActiveOrderItem()
15:40:44.452 (712495590)|STATEMENT_EXECUTE|[20]
15:40:44.452 (712502545)|METHOD_ENTRY|[20]|01pg8000001EZwd|OrdemItemHandler.executePricingLogic()
15:40:44.452 (712509651)|VARIABLE_SCOPE_BEGIN|[35]|this|OrdemItemHandler|true|false
15:40:44.452 (712567542)|VARIABLE_ASSIGNMENT|[35]|this|{"newRecords":"0x51267047","handlerName":"OrderItemHandler","isTriggerExecuting":true,"triggerEvent":"0x2c8bc884"}|0x75498c88
15:40:44.452 (712596985)|STATEMENT_EXECUTE|[35]
15:40:44.452 (712598859)|STATEMENT_EXECUTE|[37]
15:40:44.452 (712613890)|HEAP_ALLOCATE|[37]|Bytes:4
15:40:44.452 (712630140)|VARIABLE_SCOPE_BEGIN|[37]|setOrderIds|Set<Id>|true|false
15:40:44.452 (712670579)|VARIABLE_ASSIGNMENT|[37]|setOrderIds|[]|0x31284d8a
15:40:44.452 (712676440)|STATEMENT_EXECUTE|[38]
15:40:44.452 (712681010)|HEAP_ALLOCATE|[38]|Bytes:4
15:40:44.452 (712689109)|VARIABLE_SCOPE_BEGIN|[38]|setProductIds|Set<Id>|true|false
15:40:44.452 (712700184)|VARIABLE_ASSIGNMENT|[38]|setProductIds|[]|0x29fdbc74
15:40:44.452 (712705011)|STATEMENT_EXECUTE|[39]
15:40:44.452 (712708165)|HEAP_ALLOCATE|[39]|Bytes:4
15:40:44.452 (712715087)|VARIABLE_SCOPE_BEGIN|[39]|setAccountIds|Set<Id>|true|false
15:40:44.452 (712725153)|VARIABLE_ASSIGNMENT|[39]|setAccountIds|[]|0x62b720f2
15:40:44.452 (712729525)|STATEMENT_EXECUTE|[42]
15:40:44.452 (712743998)|HEAP_ALLOCATE|[42]|Bytes:4
15:40:44.452 (712749688)|VARIABLE_SCOPE_BEGIN|[42]|itemsByOrderId|Map<Id,List<OrderItem>>|true|false
15:40:44.452 (712762953)|VARIABLE_ASSIGNMENT|[42]|itemsByOrderId|{}|0x25cab1dd
15:40:44.452 (712788524)|HEAP_ALLOCATE|[45]|Bytes:5
15:40:44.452 (712804319)|HEAP_ALLOCATE|[45]|Bytes:4
15:40:44.452 (712811334)|VARIABLE_SCOPE_BEGIN|[45]|item|OrderItem|true|false
15:40:44.452 (713420854)|VARIABLE_ASSIGNMENT|[45]|item|{"Product_Code_Display__c":"TRT 7","IsDeleted":false,"UnitPrice":100.00,"Product2Id":"01tg8000001RPszAAG","PricebookEntryId":"01ug8000000gSxZAAU","TotalPrice":100.00,"Quantity":1.00,"ListPrice":1000.00,"OrderId":"801g8000009VmchAAC"}|0x73ebfd96
15:40:44.452 (713438536)|STATEMENT_EXECUTE|[45]
15:40:44.452 (713449819)|STATEMENT_EXECUTE|[46]
15:40:44.452 (713451421)|STATEMENT_EXECUTE|[47]
15:40:44.452 (713467937)|HEAP_ALLOCATE|[EXTERNAL]|Bytes:4
15:40:44.452 (713492327)|STATEMENT_EXECUTE|[49]
15:40:44.452 (713507395)|HEAP_ALLOCATE|[49]|Bytes:4
15:40:44.452 (713525218)|HEAP_ALLOCATE|[EXTERNAL]|Bytes:4
15:40:44.452 (713530963)|HEAP_ALLOCATE|[EXTERNAL]|Bytes:-4
15:40:44.452 (713536907)|STATEMENT_EXECUTE|[50]
15:40:44.452 (713580441)|HEAP_ALLOCATE|[EXTERNAL]|Bytes:4
15:40:44.452 (713589370)|STATEMENT_EXECUTE|[52]
15:40:44.452 (713594839)|HEAP_ALLOCATE|[EXTERNAL]|Bytes:4
15:40:44.452 (713610898)|HEAP_ALLOCATE|[45]|Bytes:5
15:40:44.452 (713626410)|VARIABLE_ASSIGNMENT|[45]|item|null|
15:40:44.452 (713630839)|STATEMENT_EXECUTE|[56]
15:40:44.452 (713638609)|METHOD_ENTRY|[56]|01pg8000001w1Md|OrderSelector.getOrdersByIds(Set<Id>)
15:40:44.452 (713645696)|VARIABLE_SCOPE_BEGIN|[2]|ids|Set<Id>|true|false
15:40:44.452 (713658851)|VARIABLE_ASSIGNMENT|[2]|ids|["801g8000009VmchAAC"]|0x31284d8a
15:40:44.452 (713667814)|STATEMENT_EXECUTE|[2]
15:40:44.452 (713668924)|STATEMENT_EXECUTE|[3]
15:40:44.452 (713676491)|HEAP_ALLOCATE|[3]|Bytes:4
15:40:44.452 (713685016)|HEAP_ALLOCATE|[3]|Bytes:4
15:40:44.452 (714216917)|SOQL_EXECUTE_BEGIN|[3]|Aggregations:0|SELECT Id, DistributionCenter__c, State__c, City__c, Country__c, AccountId, Status FROM Order WHERE Id = :tmpVar1
15:40:44.452 (718579183)|SOQL_EXECUTE_END|[3]|Rows:1
15:40:44.452 (718614367)|HEAP_ALLOCATE|[3]|Bytes:8
15:40:44.452 (718634626)|HEAP_ALLOCATE|[3]|Bytes:209
15:40:44.452 (718680598)|HEAP_ALLOCATE|[3]|Bytes:8
15:40:44.452 (718707646)|HEAP_ALLOCATE|[3]|Bytes:32
15:40:44.452 (718732781)|HEAP_ALLOCATE|[3]|Bytes:4
15:40:44.452 (718750437)|METHOD_EXIT|[56]|01pg8000001w1Md|OrderSelector.getOrdersByIds(Set<Id>)
15:40:44.452 (718760107)|VARIABLE_SCOPE_BEGIN|[56]|mapOrders|Map<Id,Order>|true|false
15:40:44.452 (718883754)|VARIABLE_ASSIGNMENT|[56]|mapOrders|{"801g8000009VmchAAC":{"Status":"Draft","City__c":"a05g8000002BeozAAC","Country__c":"a03g80000084ySPAAY","AccountId":"001g8000009VmcfAAC","DistributionCenter__c":"a06g8000001ga3JAAQ","Id":"801g8000009VmchAAC","State__c":"a04g8000000b50jAAA"}}|0x74e23261
15:40:44.452 (718910540)|HEAP_ALLOCATE|[EXTERNAL]|Bytes:8
15:40:44.452 (718922414)|HEAP_ALLOCATE|[58]|Bytes:216
15:40:44.452 (718950012)|HEAP_ALLOCATE|[58]|Bytes:5
15:40:44.452 (718961191)|HEAP_ALLOCATE|[58]|Bytes:32
15:40:44.452 (718967862)|VARIABLE_SCOPE_BEGIN|[58]|o|Order|true|false
15:40:44.452 (719007798)|VARIABLE_ASSIGNMENT|[58]|o|{"Status":"Draft","City__c":"a05g8000002BeozAAC","Country__c":"a03g80000084ySPAAY","AccountId":"001g8000009VmcfAAC","DistributionCenter__c":"a06g8000001ga3JAAQ","Id":"801g8000009VmchAAC","State__c":"a04g8000000b50jAAA"}|0x1414d96f
15:40:44.452 (719015981)|STATEMENT_EXECUTE|[58]
15:40:44.452 (719033152)|HEAP_ALLOCATE|[EXTERNAL]|Bytes:4
15:40:44.452 (719040830)|HEAP_ALLOCATE|[58]|Bytes:5
15:40:44.452 (719047272)|VARIABLE_ASSIGNMENT|[58]|o|null|
15:40:44.452 (719050570)|STATEMENT_EXECUTE|[60]
15:40:44.452 (719057721)|METHOD_ENTRY|[60]|01pg8000001w1MX|AccountSelector.getAccountByIds(Set<Id>)
15:40:44.452 (719062536)|VARIABLE_SCOPE_BEGIN|[2]|ids|Set<Id>|true|false
15:40:44.452 (719071839)|VARIABLE_ASSIGNMENT|[2]|ids|["001g8000009VmcfAAC"]|0x62b720f2
15:40:44.452 (719081207)|STATEMENT_EXECUTE|[2]
15:40:44.452 (719082353)|STATEMENT_EXECUTE|[3]
15:40:44.452 (719092070)|HEAP_ALLOCATE|[3]|Bytes:4
15:40:44.452 (719100389)|HEAP_ALLOCATE|[3]|Bytes:4
15:40:44.452 (719489945)|SOQL_EXECUTE_BEGIN|[3]|Aggregations:0|SELECT Id, AccountGroup__c FROM Account WHERE Id = :tmpVar1
15:40:44.452 (723236110)|SOQL_EXECUTE_END|[3]|Rows:1
15:40:44.452 (723265541)|HEAP_ALLOCATE|[3]|Bytes:8
15:40:44.452 (723285634)|HEAP_ALLOCATE|[3]|Bytes:66
15:40:44.452 (723330621)|HEAP_ALLOCATE|[3]|Bytes:8
15:40:44.452 (723354298)|HEAP_ALLOCATE|[3]|Bytes:12
15:40:44.452 (723374540)|HEAP_ALLOCATE|[3]|Bytes:4
15:40:44.452 (723389227)|METHOD_EXIT|[60]|01pg8000001w1MX|AccountSelector.getAccountByIds(Set<Id>)
15:40:44.452 (723397960)|VARIABLE_SCOPE_BEGIN|[60]|mapAccounts|Map<Id,Account>|true|false
15:40:44.452 (723481341)|VARIABLE_ASSIGNMENT|[60]|mapAccounts|{"001g8000009VmcfAAC":{"AccountGroup__c":"a02g8000002mPHVAA2","Id":"001g8000009VmcfAAC"}}|0x4c6e1dc7
15:40:44.452 (723490463)|STATEMENT_EXECUTE|[62]
15:40:44.452 (723500486)|METHOD_ENTRY|[62]|01pg8000001w1Mf|ProductSelector.getProductByIds(Set<Id>)
15:40:44.452 (723508369)|VARIABLE_SCOPE_BEGIN|[2]|ids|Set<Id>|true|false
15:40:44.452 (723521850)|VARIABLE_ASSIGNMENT|[2]|ids|["01tg8000001RPszAAG"]|0x29fdbc74
15:40:44.452 (723534768)|STATEMENT_EXECUTE|[2]
15:40:44.452 (723536582)|STATEMENT_EXECUTE|[3]
15:40:44.452 (723548615)|HEAP_ALLOCATE|[3]|Bytes:4
15:40:44.452 (723558461)|HEAP_ALLOCATE|[3]|Bytes:4
15:40:44.452 (723958284)|SOQL_EXECUTE_BEGIN|[3]|Aggregations:0|SELECT Id, ProductionCost__c, ProductHierarchy__c FROM Product2 WHERE Id = :tmpVar1
15:40:44.452 (727209954)|SOQL_EXECUTE_END|[3]|Rows:1
15:40:44.452 (727241879)|HEAP_ALLOCATE|[3]|Bytes:8
15:40:44.452 (727262541)|HEAP_ALLOCATE|[3]|Bytes:127
15:40:44.452 (727305537)|HEAP_ALLOCATE|[3]|Bytes:8
15:40:44.452 (727329372)|HEAP_ALLOCATE|[3]|Bytes:16
15:40:44.452 (727349096)|HEAP_ALLOCATE|[3]|Bytes:4
15:40:44.452 (727363639)|METHOD_EXIT|[62]|01pg8000001w1Mf|ProductSelector.getProductByIds(Set<Id>)
15:40:44.452 (727372988)|VARIABLE_SCOPE_BEGIN|[62]|mapProducts|Map<Id,Product2>|true|false
15:40:44.452 (727460573)|VARIABLE_ASSIGNMENT|[62]|mapProducts|{"01tg8000001RPszAAG":{"ProductionCost__c":300000.00,"ProductHierarchy__c":"a01g8000009VmcgAAC","Id":"01tg8000001RPszAAG"}}|0xc59cb4f
15:40:44.452 (727470204)|STATEMENT_EXECUTE|[65]
15:40:44.452 (727478470)|METHOD_ENTRY|[65]|01pg8000001w1MZ|MargemSelector.getMargemApproved()
15:40:44.452 (727493004)|STATEMENT_EXECUTE|[2]
15:40:44.452 (727494615)|STATEMENT_EXECUTE|[3]
15:40:44.452 (727506965)|HEAP_ALLOCATE|[3]|Bytes:4
15:40:44.452 (727945161)|SOQL_EXECUTE_BEGIN|[3]|Aggregations:0|SELECT Product__c, ProductHierarchy__c, Account__c, AccountGroup__c, City__c, State__c, Country__c, MarginValuePercent__c FROM Margem__c WHERE Status__c = 'Approved'
15:40:44.452 (731420536)|SOQL_EXECUTE_END|[3]|Rows:1
15:40:44.452 (731447961)|HEAP_ALLOCATE|[3]|Bytes:8
15:40:44.452 (731472235)|HEAP_ALLOCATE|[3]|Bytes:184
15:40:44.452 (731516059)|HEAP_ALLOCATE|[3]|Bytes:8
15:40:44.452 (731535855)|METHOD_EXIT|[65]|01pg8000001w1MZ|MargemSelector.getMargemApproved()
15:40:44.452 (731545003)|VARIABLE_SCOPE_BEGIN|[65]|listMargins|List<Margem__c>|true|false
15:40:44.452 (731652419)|VARIABLE_ASSIGNMENT|[65]|listMargins|[{"Account__c":"001g8000009VmcfAAC","Product__c":"01tg8000001RPszAAG","Id":"a00g800000PiOpBAAV","State__c":"a04g8000000b50jAAA","MarginValuePercent__c":15.00}]|0x35a857a4
15:40:44.452 (731662372)|STATEMENT_EXECUTE|[68]
15:40:44.452 (731674061)|HEAP_ALLOCATE|[68]|Bytes:4
15:40:44.452 (731682728)|VARIABLE_SCOPE_BEGIN|[68]|mapMargin|Map<String,Margem__c>|true|false
15:40:44.452 (731696130)|VARIABLE_ASSIGNMENT|[68]|mapMargin|{}|0x583a3e1d
15:40:44.452 (731736094)|HEAP_ALLOCATE|[69]|Bytes:5
15:40:44.452 (731753758)|HEAP_ALLOCATE|[69]|Bytes:24
15:40:44.452 (731764610)|VARIABLE_SCOPE_BEGIN|[69]|m|Margem__c|true|false
15:40:44.452 (731800669)|VARIABLE_ASSIGNMENT|[69]|m|{"Account__c":"001g8000009VmcfAAC","Product__c":"01tg8000001RPszAAG","Id":"a00g800000PiOpBAAV","State__c":"a04g8000000b50jAAA","MarginValuePercent__c":15.00}|0x6a677cd0
15:40:44.452 (731808036)|STATEMENT_EXECUTE|[69]
15:40:44.452 (731809902)|STATEMENT_EXECUTE|[70]
15:40:44.452 (731856438)|HEAP_ALLOCATE|[70]|Bytes:18
15:40:44.452 (731866518)|VARIABLE_SCOPE_BEGIN|[70]|p|String|false|false
15:40:44.452 (731874097)|VARIABLE_ASSIGNMENT|[70]|p|"01tg8000001RPszAAG"
15:40:44.452 (731878187)|STATEMENT_EXECUTE|[71]
15:40:44.452 (731887651)|HEAP_ALLOCATE|[71]|Bytes:18
15:40:44.452 (731894279)|VARIABLE_SCOPE_BEGIN|[71]|a|String|false|false
15:40:44.452 (731900959)|VARIABLE_ASSIGNMENT|[71]|a|"001g8000009VmcfAAC"
15:40:44.452 (731904601)|STATEMENT_EXECUTE|[72]
15:40:44.452 (731917244)|HEAP_ALLOCATE|[72]|Bytes:18
15:40:44.452 (731923609)|VARIABLE_SCOPE_BEGIN|[72]|l|String|false|false
15:40:44.452 (731930659)|VARIABLE_ASSIGNMENT|[72]|l|"a04g8000000b50jAAA"
15:40:44.452 (731933882)|STATEMENT_EXECUTE|[75]
15:40:44.452 (731942509)|HEAP_ALLOCATE|[75]|Bytes:56
15:40:44.452 (731945669)|VARIABLE_SCOPE_BEGIN|[75]|compositeKey|String|false|false
15:40:44.452 (731954189)|VARIABLE_ASSIGNMENT|[75]|compositeKey|"01tg8000001RPszAAG_0 (36 more) ..."
15:40:44.452 (731957927)|STATEMENT_EXECUTE|[76]
15:40:44.452 (731967613)|HEAP_ALLOCATE|[EXTERNAL]|Bytes:-4
15:40:44.452 (731973848)|STATEMENT_EXECUTE|[77]
15:40:44.452 (731979713)|HEAP_ALLOCATE|[77]|Bytes:84
15:40:44.452 (731995781)|USER_DEBUG|[77]|DEBUG|MAPA MARGEM - Chave Gerada: 01tg8000001RPszAAG_001g8000009VmcfAAC_a04g8000000b50jAAA
15:40:44.452 (732007448)|HEAP_ALLOCATE|[69]|Bytes:5
15:40:44.452 (732017383)|VARIABLE_ASSIGNMENT|[69]|m|null|
15:40:44.452 (732022333)|STATEMENT_EXECUTE|[81]
15:40:44.452 (732029573)|METHOD_ENTRY|[81]|01pg8000001w1Mg|TaxSelector.getTaxApproved()
15:40:44.452 (732043077)|STATEMENT_EXECUTE|[2]
15:40:44.452 (732044573)|STATEMENT_EXECUTE|[3]
15:40:44.452 (732053128)|HEAP_ALLOCATE|[3]|Bytes:4
15:40:44.452 (732401612)|SOQL_EXECUTE_BEGIN|[3]|Aggregations:0|SELECT Product__c, State__c, DistributionCenter__c, TaxRate__c FROM Tax__c WHERE Status__c = 'Approved'
15:40:44.452 (735879821)|SOQL_EXECUTE_END|[3]|Rows:1
15:40:44.452 (735906235)|HEAP_ALLOCATE|[3]|Bytes:8
15:40:44.452 (735928126)|HEAP_ALLOCATE|[3]|Bytes:184
15:40:44.452 (735970185)|HEAP_ALLOCATE|[3]|Bytes:8
15:40:44.452 (735989359)|METHOD_EXIT|[81]|01pg8000001w1Mg|TaxSelector.getTaxApproved()
15:40:44.452 (735996961)|VARIABLE_SCOPE_BEGIN|[81]|listTaxes|List<Tax__c>|true|false
15:40:44.452 (736110216)|VARIABLE_ASSIGNMENT|[81]|listTaxes|[{"DistributionCenter__c":"a06g8000001ga3JAAQ","Product__c":"01tg8000001RPszAAG","TaxRate__c":10.00,"Id":"a09g8000002D1efAAC","State__c":"a04g8000000b50jAAA"}]|0x7cdd00af
15:40:44.452 (736120908)|STATEMENT_EXECUTE|[83]
15:40:44.452 (736134557)|HEAP_ALLOCATE|[83]|Bytes:4
15:40:44.452 (736143196)|VARIABLE_SCOPE_BEGIN|[83]|mapTaxByCompositeKey|Map<String,Tax__c>|true|false
15:40:44.452 (736156851)|VARIABLE_ASSIGNMENT|[83]|mapTaxByCompositeKey|{}|0x72d57229
15:40:44.452 (736193808)|HEAP_ALLOCATE|[84]|Bytes:5
15:40:44.452 (736210389)|HEAP_ALLOCATE|[84]|Bytes:24
15:40:44.452 (736219081)|VARIABLE_SCOPE_BEGIN|[84]|t|Tax__c|true|false
15:40:44.452 (736248478)|VARIABLE_ASSIGNMENT|[84]|t|{"DistributionCenter__c":"a06g8000001ga3JAAQ","Product__c":"01tg8000001RPszAAG","TaxRate__c":10.00,"Id":"a09g8000002D1efAAC","State__c":"a04g8000000b50jAAA"}|0xf8cd04d
15:40:44.452 (736253798)|STATEMENT_EXECUTE|[84]
15:40:44.452 (736254893)|STATEMENT_EXECUTE|[85]
15:40:44.452 (736290572)|HEAP_ALLOCATE|[85]|Bytes:18
15:40:44.452 (736301343)|HEAP_ALLOCATE|[86]|Bytes:18
15:40:44.452 (736310551)|HEAP_ALLOCATE|[87]|Bytes:18
15:40:44.452 (736318046)|HEAP_ALLOCATE|[85]|Bytes:54
15:40:44.452 (736321166)|VARIABLE_SCOPE_BEGIN|[85]|key|String|false|false
15:40:44.452 (736327763)|VARIABLE_ASSIGNMENT|[85]|key|"01tg8000001RPszAAGa0 (34 more) ..."
15:40:44.452 (736330610)|STATEMENT_EXECUTE|[88]
15:40:44.452 (736339057)|HEAP_ALLOCATE|[EXTERNAL]|Bytes:-4
15:40:44.452 (736347867)|HEAP_ALLOCATE|[84]|Bytes:5
15:40:44.452 (736353782)|VARIABLE_ASSIGNMENT|[84]|t|null|
15:40:44.452 (736357583)|STATEMENT_EXECUTE|[92]
15:40:44.452 (736363847)|METHOD_ENTRY|[92]|01pg8000001w1MY|FreightSelector.getFreightApproved()
15:40:44.452 (736375169)|STATEMENT_EXECUTE|[2]
15:40:44.452 (736376171)|STATEMENT_EXECUTE|[3]
15:40:44.452 (736384242)|HEAP_ALLOCATE|[3]|Bytes:4
15:40:44.452 (736752207)|SOQL_EXECUTE_BEGIN|[3]|Aggregations:0|SELECT Product__c, City__c, State__c, Country__c, DistributionCenter__c, FreightValue__c, ProductHierarchy__c FROM Freight__c WHERE Status__c = 'Approved'
15:40:44.452 (741034067)|SOQL_EXECUTE_END|[3]|Rows:1
15:40:44.452 (741062365)|HEAP_ALLOCATE|[3]|Bytes:8
15:40:44.452 (741087610)|HEAP_ALLOCATE|[3]|Bytes:189
15:40:44.452 (741140374)|HEAP_ALLOCATE|[3]|Bytes:8
15:40:44.452 (741163186)|METHOD_EXIT|[92]|01pg8000001w1MY|FreightSelector.getFreightApproved()
15:40:44.452 (741171510)|VARIABLE_SCOPE_BEGIN|[92]|listFreights|List<Freight__c>|true|false
15:40:44.452 (741292814)|VARIABLE_ASSIGNMENT|[92]|listFreights|[{"DistributionCenter__c":"a06g8000001ga3JAAQ","Product__c":"01tg8000001RPszAAG","Id":"a0Ag8000000gFdlEAE","State__c":"a04g8000000b50jAAA","FreightValue__c":700.00}]|0x3dd38d3c
15:40:44.452 (741304950)|STATEMENT_EXECUTE|[94]
15:40:44.452 (741319624)|HEAP_ALLOCATE|[94]|Bytes:4
15:40:44.452 (741330222)|VARIABLE_SCOPE_BEGIN|[94]|mapFreight|Map<String,Freight__c>|true|false
15:40:44.452 (741346234)|VARIABLE_ASSIGNMENT|[94]|mapFreight|{}|0x68fa8da8
15:40:44.452 (741419929)|HEAP_ALLOCATE|[95]|Bytes:5
15:40:44.452 (741448523)|HEAP_ALLOCATE|[95]|Bytes:24
15:40:44.452 (741460091)|VARIABLE_SCOPE_BEGIN|[95]|f|Freight__c|true|false
15:40:44.452 (741518042)|VARIABLE_ASSIGNMENT|[95]|f|{"DistributionCenter__c":"a06g8000001ga3JAAQ","Product__c":"01tg8000001RPszAAG","Id":"a0Ag8000000gFdlEAE","State__c":"a04g8000000b50jAAA","FreightValue__c":700.00}|0x60683c4a
15:40:44.452 (741532916)|STATEMENT_EXECUTE|[95]
15:40:44.452 (741535183)|STATEMENT_EXECUTE|[96]
15:40:44.452 (741582433)|HEAP_ALLOCATE|[96]|Bytes:18
15:40:44.452 (741593844)|VARIABLE_SCOPE_BEGIN|[96]|quem|String|false|false
15:40:44.452 (741602926)|VARIABLE_ASSIGNMENT|[96]|quem|"01tg8000001RPszAAG"
15:40:44.452 (741606703)|STATEMENT_EXECUTE|[97]
15:40:44.452 (741619686)|HEAP_ALLOCATE|[97]|Bytes:18
15:40:44.452 (741626448)|VARIABLE_SCOPE_BEGIN|[97]|onde|String|false|false
15:40:44.452 (741633417)|VARIABLE_ASSIGNMENT|[97]|onde|"a04g8000000b50jAAA"
15:40:44.452 (741636733)|STATEMENT_EXECUTE|[99]
15:40:44.452 (741682380)|HEAP_ALLOCATE|[99]|Bytes:37
15:40:44.452 (741686588)|VARIABLE_SCOPE_BEGIN|[99]|key|String|false|false
15:40:44.452 (741694793)|VARIABLE_ASSIGNMENT|[99]|key|"01tg8000001RPszAAG_a (17 more) ..."
15:40:44.452 (741698284)|STATEMENT_EXECUTE|[101]
15:40:44.452 (741711345)|HEAP_ALLOCATE|[EXTERNAL]|Bytes:-4
15:40:44.452 (741718326)|STATEMENT_EXECUTE|[102]
15:40:44.452 (741724620)|HEAP_ALLOCATE|[102]|Bytes:64
15:40:44.452 (741739762)|USER_DEBUG|[102]|DEBUG|MAPA FRETE - Chave Gerada: 01tg8000001RPszAAG_a04g8000000b50jAAA
15:40:44.452 (741759616)|HEAP_ALLOCATE|[95]|Bytes:5
15:40:44.452 (741773068)|VARIABLE_ASSIGNMENT|[95]|f|null|
15:40:44.452 (741794097)|HEAP_ALLOCATE|[106]|Bytes:5
15:40:44.452 (741811445)|HEAP_ALLOCATE|[106]|Bytes:4
15:40:44.452 (741818695)|VARIABLE_SCOPE_BEGIN|[106]|item|OrderItem|true|false
15:40:44.452 (742939048)|VARIABLE_ASSIGNMENT|[106]|item|{"Product_Code_Display__c":"TRT 7","IsDeleted":false,"UnitPrice":100.00,"Product2Id":"01tg8000001RPszAAG","PricebookEntryId":"01ug8000000gSxZAAU","TotalPrice":100.00,"Quantity":1.00,"ListPrice":1000.00,"OrderId":"801g8000009VmchAAC"}|0x73ebfd96
15:40:44.452 (742960713)|STATEMENT_EXECUTE|[106]
15:40:44.452 (742962796)|STATEMENT_EXECUTE|[107]
15:40:44.452 (743009584)|VARIABLE_SCOPE_BEGIN|[107]|pedido|Order|true|false
15:40:44.452 (743138495)|VARIABLE_ASSIGNMENT|[107]|pedido|{"Status":"Draft","City__c":"a05g8000002BeozAAC","Country__c":"a03g80000084ySPAAY","AccountId":"001g8000009VmcfAAC","DistributionCenter__c":"a06g8000001ga3JAAQ","Id":"801g8000009VmchAAC","State__c":"a04g8000000b50jAAA"}|0x1414d96f
15:40:44.452 (743152050)|STATEMENT_EXECUTE|[108]
15:40:44.452 (743170972)|VARIABLE_SCOPE_BEGIN|[108]|produto|Product2|true|false
15:40:44.452 (743223212)|VARIABLE_ASSIGNMENT|[108]|produto|{"ProductionCost__c":300000.00,"ProductHierarchy__c":"a01g8000009VmcgAAC","Id":"01tg8000001RPszAAG"}|0x2d566c30
15:40:44.452 (743228107)|STATEMENT_EXECUTE|[109]
15:40:44.452 (743246927)|VARIABLE_SCOPE_BEGIN|[109]|cliente|Account|true|false
15:40:44.452 (743285116)|VARIABLE_ASSIGNMENT|[109]|cliente|{"AccountGroup__c":"a02g8000002mPHVAA2","Id":"001g8000009VmcfAAC"}|0xccdbecb
15:40:44.452 (743345863)|HEAP_ALLOCATE|[113]|Bytes:28
15:40:44.452 (743350662)|HEAP_ALLOCATE|[113]|Bytes:28
15:40:44.452 (743421711)|HEAP_ALLOCATE|[113]|Bytes:28
15:40:44.452 (743425367)|HEAP_ALLOCATE|[113]|Bytes:28
15:40:44.452 (743461990)|STATEMENT_EXECUTE|[113]
15:40:44.452 (743466304)|STATEMENT_EXECUTE|[119]
15:40:44.452 (743468022)|STATEMENT_EXECUTE|[121]
15:40:44.452 (743502376)|HEAP_ALLOCATE|[121]|Bytes:18
15:40:44.452 (743517541)|HEAP_ALLOCATE|[122]|Bytes:18
15:40:44.452 (743530262)|HEAP_ALLOCATE|[123]|Bytes:18
15:40:44.452 (743545799)|HEAP_ALLOCATE|[121]|Bytes:54
15:40:44.452 (743551676)|VARIABLE_SCOPE_BEGIN|[121]|keyOrderItemImposto|String|false|false
15:40:44.452 (743564915)|VARIABLE_ASSIGNMENT|[121]|keyOrderItemImposto|"01tg8000001RPszAAGa0 (34 more) ..."
15:40:44.452 (743569611)|STATEMENT_EXECUTE|[125]
15:40:44.452 (743607581)|VARIABLE_SCOPE_BEGIN|[125]|impostoEncontrado|Tax__c|true|false
15:40:44.452 (743685766)|VARIABLE_ASSIGNMENT|[125]|impostoEncontrado|{"DistributionCenter__c":"a06g8000001ga3JAAQ","Product__c":"01tg8000001RPszAAG","TaxRate__c":10.00,"Id":"a09g8000002D1efAAC","State__c":"a04g8000000b50jAAA"}|0xf8cd04d
15:40:44.452 (743692580)|STATEMENT_EXECUTE|[127]
15:40:44.452 (744550732)|VARIABLE_ASSIGNMENT|[127]|this.TaxPercentage__c|10.00|0x73ebfd96
15:40:44.452 (744562585)|STATEMENT_EXECUTE|[130]
15:40:44.452 (744597253)|METHOD_ENTRY|[130]|01pg8000001F8kf|PricingService.findMargin(OrderItem, Order, Map<String,Margem__c>, Id, Account)
15:40:44.452 (744626643)|VARIABLE_SCOPE_BEGIN|[21]|item|OrderItem|true|false
15:40:44.452 (745269934)|VARIABLE_ASSIGNMENT|[21]|item|{"Product_Code_Display__c":"TRT 7","IsDeleted":false,"UnitPrice":100.00,"Product2Id":"01tg8000001RPszAAG","PricebookEntryId":"01ug8000000gSxZAAU","TotalPrice":100.00,"Quantity":1.00,"TaxPercentage__c":10.00,"ListPrice":1000.00,"OrderId":"801g8000009VmchAAC"}|0x73ebfd96
15:40:44.452 (745301414)|VARIABLE_SCOPE_BEGIN|[21]|pedido|Order|true|false
15:40:44.452 (745450539)|VARIABLE_ASSIGNMENT|[21]|pedido|{"Status":"Draft","City__c":"a05g8000002BeozAAC","Country__c":"a03g80000084ySPAAY","AccountId":"001g8000009VmcfAAC","DistributionCenter__c":"a06g8000001ga3JAAQ","Id":"801g8000009VmchAAC","State__c":"a04g8000000b50jAAA"}|0x1414d96f
15:40:44.452 (745458113)|VARIABLE_SCOPE_BEGIN|[21]|mapMargin|Map<String,Margem__c>|true|false
15:40:44.452 (745526262)|VARIABLE_ASSIGNMENT|[21]|mapMargin|{"01tg8000001RPszAAG_001g8000009VmcfAAC_a04g8000000b50jAAA":{"Account__c":"001g8000009VmcfAAC","Product__c":"01tg8000001RPszAAG","Id":"a00g800000PiOpBAAV","State__c":"a04g8000000b50jAAA","MarginValuePercent__c":15.00}}|0x583a3e1d
15:40:44.452 (745530828)|VARIABLE_SCOPE_BEGIN|[21]|h|Id|false|false
15:40:44.452 (745643746)|VARIABLE_ASSIGNMENT|[21]|h|"a01g8000009VmcgAAC"
15:40:44.452 (745646760)|VARIABLE_SCOPE_BEGIN|[21]|cliente|Account|true|false
15:40:44.452 (745679055)|VARIABLE_ASSIGNMENT|[21]|cliente|{"AccountGroup__c":"a02g8000002mPHVAA2","Id":"001g8000009VmcfAAC"}|0xccdbecb
15:40:44.452 (745728011)|STATEMENT_EXECUTE|[21]
15:40:44.452 (745729468)|STATEMENT_EXECUTE|[22]
15:40:44.452 (745741187)|VARIABLE_SCOPE_BEGIN|[22]|p|Id|false|false
15:40:44.452 (745773257)|VARIABLE_ASSIGNMENT|[22]|p|"01tg8000001RPszAAG"
15:40:44.452 (745789926)|STATEMENT_EXECUTE|[23]
15:40:44.452 (745794906)|VARIABLE_SCOPE_BEGIN|[23]|a|Id|false|false
15:40:44.452 (745815210)|VARIABLE_ASSIGNMENT|[23]|a|"001g8000009VmcfAAC"
15:40:44.452 (745817797)|STATEMENT_EXECUTE|[24]
15:40:44.452 (745823519)|VARIABLE_SCOPE_BEGIN|[24]|g|Id|false|false
15:40:44.452 (745842012)|VARIABLE_ASSIGNMENT|[24]|g|"a02g8000002mPHVAA2"
15:40:44.452 (745844328)|STATEMENT_EXECUTE|[25]
15:40:44.452 (745847727)|VARIABLE_SCOPE_BEGIN|[25]|c|Id|false|false
15:40:44.452 (745865952)|VARIABLE_ASSIGNMENT|[25]|c|"a05g8000002BeozAAC"
15:40:44.452 (745868779)|STATEMENT_EXECUTE|[26]
15:40:44.452 (745871644)|VARIABLE_SCOPE_BEGIN|[26]|e|Id|false|false
15:40:44.452 (745889589)|VARIABLE_ASSIGNMENT|[26]|e|"a04g8000000b50jAAA"
15:40:44.452 (745892017)|STATEMENT_EXECUTE|[27]
15:40:44.452 (745895503)|VARIABLE_SCOPE_BEGIN|[27]|pa|Id|false|false
15:40:44.452 (745913214)|VARIABLE_ASSIGNMENT|[27]|pa|"a03g80000084ySPAAY"
15:40:44.452 (745946490)|HEAP_ALLOCATE|[30]|Bytes:18
15:40:44.452 (745959830)|HEAP_ALLOCATE|[30]|Bytes:18
15:40:44.452 (745966245)|HEAP_ALLOCATE|[30]|Bytes:18
15:40:44.452 (745986087)|HEAP_ALLOCATE|[30]|Bytes:56
15:40:44.452 (746001233)|STATEMENT_EXECUTE|[30]
15:40:44.452 (746006016)|HEAP_ALLOCATE|[31]|Bytes:18
15:40:44.452 (746012647)|HEAP_ALLOCATE|[31]|Bytes:18
15:40:44.452 (746018342)|HEAP_ALLOCATE|[31]|Bytes:18
15:40:44.452 (746022607)|HEAP_ALLOCATE|[31]|Bytes:56
15:40:44.452 (746027611)|STATEMENT_EXECUTE|[31]
15:40:44.452 (746031022)|HEAP_ALLOCATE|[31]|Bytes:18
15:40:44.452 (746037083)|HEAP_ALLOCATE|[31]|Bytes:18
15:40:44.452 (746043049)|HEAP_ALLOCATE|[31]|Bytes:18
15:40:44.452 (746047160)|HEAP_ALLOCATE|[31]|Bytes:56
15:40:44.452 (746065399)|METHOD_EXIT|[130]|01pg8000001F8kf|PricingService.findMargin(OrderItem, Order, Map<String,Margem__c>, Id, Account)
15:40:44.452 (746082013)|VARIABLE_SCOPE_BEGIN|[130]|margem|Margem__c|true|false
15:40:44.452 (746126591)|VARIABLE_ASSIGNMENT|[130]|margem|{"Account__c":"001g8000009VmcfAAC","Product__c":"01tg8000001RPszAAG","Id":"a00g800000PiOpBAAV","State__c":"a04g8000000b50jAAA","MarginValuePercent__c":15.00}|0x6a677cd0
15:40:44.452 (746131486)|STATEMENT_EXECUTE|[131]
15:40:44.452 (746631714)|VARIABLE_ASSIGNMENT|[131]|this.MarginPercentage__c|15.00|0x73ebfd96
15:40:44.452 (746636274)|STATEMENT_EXECUTE|[134]
15:40:44.452 (746658567)|METHOD_ENTRY|[134]|01pg8000001F8kf|PricingService.findFreightValue(OrderItem, Order, Map<String,Freight__c>, Id)
15:40:44.452 (746665354)|VARIABLE_SCOPE_BEGIN|[4]|item|OrderItem|true|false
15:40:44.452 (747160300)|VARIABLE_ASSIGNMENT|[4]|item|{"Product_Code_Display__c":"TRT 7","IsDeleted":false,"UnitPrice":100.00,"Product2Id":"01tg8000001RPszAAG","PricebookEntryId":"01ug8000000gSxZAAU","TotalPrice":100.00,"Quantity":1.00,"MarginPercentage__c":15.00,"TaxPercentage__c":10.00,"ListPrice":1000.00,"OrderId":"801g8000009VmchAAC"}|0x73ebfd96
15:40:44.452 (747166350)|VARIABLE_SCOPE_BEGIN|[4]|pedido|Order|true|false
15:40:44.452 (747214898)|VARIABLE_ASSIGNMENT|[4]|pedido|{"Status":"Draft","City__c":"a05g8000002BeozAAC","Country__c":"a03g80000084ySPAAY","AccountId":"001g8000009VmcfAAC","DistributionCenter__c":"a06g8000001ga3JAAQ","Id":"801g8000009VmchAAC","State__c":"a04g8000000b50jAAA"}|0x1414d96f
15:40:44.452 (747218660)|VARIABLE_SCOPE_BEGIN|[4]|mapFrete|Map<String,Freight__c>|true|false
15:40:44.452 (747258552)|VARIABLE_ASSIGNMENT|[4]|mapFrete|{"01tg8000001RPszAAG_a04g8000000b50jAAA":{"DistributionCenter__c":"a06g8000001ga3JAAQ","Product__c":"01tg8000001RPszAAG","Id":"a0Ag8000000gFdlEAE","State__c":"a04g8000000b50jAAA","FreightValue__c":700.00}}|0x68fa8da8
15:40:44.452 (747262057)|VARIABLE_SCOPE_BEGIN|[4]|h|Id|false|false
15:40:44.452 (747324320)|VARIABLE_ASSIGNMENT|[4]|h|"a01g8000009VmcgAAC"
15:40:44.452 (747334859)|STATEMENT_EXECUTE|[4]
15:40:44.452 (747335902)|STATEMENT_EXECUTE|[5]
15:40:44.452 (747342992)|VARIABLE_SCOPE_BEGIN|[5]|p|Id|false|false
15:40:44.452 (747364752)|VARIABLE_ASSIGNMENT|[5]|p|"01tg8000001RPszAAG"
15:40:44.452 (747368068)|STATEMENT_EXECUTE|[6]
15:40:44.452 (747371389)|VARIABLE_SCOPE_BEGIN|[6]|c|Id|false|false
15:40:44.452 (747389785)|VARIABLE_ASSIGNMENT|[6]|c|"a05g8000002BeozAAC"
15:40:44.452 (747392261)|STATEMENT_EXECUTE|[7]
15:40:44.452 (747394782)|VARIABLE_SCOPE_BEGIN|[7]|e|Id|false|false
15:40:44.452 (747417532)|VARIABLE_ASSIGNMENT|[7]|e|"a04g8000000b50jAAA"
15:40:44.452 (747419802)|STATEMENT_EXECUTE|[8]
15:40:44.452 (747422841)|VARIABLE_SCOPE_BEGIN|[8]|pa|Id|false|false
15:40:44.452 (747440717)|VARIABLE_ASSIGNMENT|[8]|pa|"a03g80000084ySPAAY"
15:40:44.452 (747456139)|HEAP_ALLOCATE|[10]|Bytes:18
15:40:44.452 (747466634)|HEAP_ALLOCATE|[10]|Bytes:18
15:40:44.452 (747472680)|HEAP_ALLOCATE|[10]|Bytes:37
15:40:44.452 (747484221)|STATEMENT_EXECUTE|[10]
15:40:44.452 (747495566)|HEAP_ALLOCATE|[11]|Bytes:18
15:40:44.452 (747502229)|HEAP_ALLOCATE|[11]|Bytes:18
15:40:44.452 (747506536)|HEAP_ALLOCATE|[11]|Bytes:37
15:40:44.452 (747511393)|STATEMENT_EXECUTE|[11]
15:40:44.452 (747514821)|HEAP_ALLOCATE|[11]|Bytes:18
15:40:44.452 (747520973)|HEAP_ALLOCATE|[11]|Bytes:18
15:40:44.452 (747524991)|HEAP_ALLOCATE|[11]|Bytes:37
15:40:44.452 (747556437)|METHOD_EXIT|[134]|01pg8000001F8kf|PricingService.findFreightValue(OrderItem, Order, Map<String,Freight__c>, Id)
15:40:44.452 (748044928)|VARIABLE_ASSIGNMENT|[134]|this.FreightValue__c|700.00|0x73ebfd96
15:40:44.452 (748050869)|STATEMENT_EXECUTE|[137]
15:40:44.452 (748062105)|VARIABLE_SCOPE_BEGIN|[137]|custoUnitario|Decimal|false|false
15:40:44.452 (748068144)|VARIABLE_ASSIGNMENT|[137]|custoUnitario|300000.00
15:40:44.452 (748070731)|STATEMENT_EXECUTE|[140]
15:40:44.452 (748085114)|HEAP_ALLOCATE|[140]|Bytes:28
15:40:44.452 (748089909)|HEAP_ALLOCATE|[140]|Bytes:28
15:40:44.452 (748097938)|METHOD_ENTRY|[140]|01pg8000001F8kf|PricingService.calculateFinalPrice(OrderItem, Decimal, Margem__c, Decimal, Decimal)
15:40:44.452 (748102607)|VARIABLE_SCOPE_BEGIN|[47]|item|OrderItem|true|false
15:40:44.452 (748507124)|VARIABLE_ASSIGNMENT|[47]|item|{"Product_Code_Display__c":"TRT 7","IsDeleted":false,"UnitPrice":100.00,"Product2Id":"01tg8000001RPszAAG","PricebookEntryId":"01ug8000000gSxZAAU","TotalPrice":100.00,"Quantity":1.00,"MarginPercentage__c":15.00,"TaxPercentage__c":10.00,"ListPrice":1000.00,"OrderId":"801g8000009VmchAAC","FreightValue__c":700.00}|0x73ebfd96
15:40:44.452 (748512132)|VARIABLE_SCOPE_BEGIN|[47]|frete|Decimal|false|false
15:40:44.452 (748518227)|VARIABLE_ASSIGNMENT|[47]|frete|700.00
15:40:44.452 (748520110)|VARIABLE_SCOPE_BEGIN|[47]|margem|Margem__c|true|false
15:40:44.452 (748572816)|VARIABLE_ASSIGNMENT|[47]|margem|{"Account__c":"001g8000009VmcfAAC","Product__c":"01tg8000001RPszAAG","Id":"a00g800000PiOpBAAV","State__c":"a04g8000000b50jAAA","MarginValuePercent__c":15.00}|0x6a677cd0
15:40:44.452 (748576205)|VARIABLE_SCOPE_BEGIN|[47]|impostoPercent|Decimal|false|false
15:40:44.452 (748580904)|VARIABLE_ASSIGNMENT|[47]|impostoPercent|10.00
15:40:44.452 (748609877)|VARIABLE_SCOPE_BEGIN|[47]|custo|Decimal|false|false
15:40:44.452 (748615445)|VARIABLE_ASSIGNMENT|[47]|custo|300000.00
15:40:44.452 (748624871)|STATEMENT_EXECUTE|[47]
15:40:44.452 (748625861)|STATEMENT_EXECUTE|[48]
15:40:44.452 (748637714)|VARIABLE_SCOPE_BEGIN|[48]|mPerc|Decimal|false|false
15:40:44.452 (748642576)|VARIABLE_ASSIGNMENT|[48]|mPerc|15.00
15:40:44.452 (748644514)|STATEMENT_EXECUTE|[49]
15:40:44.452 (748646061)|VARIABLE_SCOPE_BEGIN|[49]|iPerc|Decimal|false|false
15:40:44.452 (748650117)|VARIABLE_ASSIGNMENT|[49]|iPerc|10.00
15:40:44.452 (748652059)|STATEMENT_EXECUTE|[50]
15:40:44.452 (748653428)|VARIABLE_SCOPE_BEGIN|[50]|custoProd|Decimal|false|false
15:40:44.452 (748657107)|VARIABLE_ASSIGNMENT|[50]|custoProd|300000.00
15:40:44.452 (748659332)|STATEMENT_EXECUTE|[51]
15:40:44.452 (748660603)|VARIABLE_SCOPE_BEGIN|[51]|freteVal|Decimal|false|false
15:40:44.452 (748669648)|VARIABLE_ASSIGNMENT|[51]|freteVal|700.00
15:40:44.452 (748671697)|STATEMENT_EXECUTE|[54]
15:40:44.452 (748692337)|HEAP_ALLOCATE|[54]|Bytes:28
15:40:44.452 (748698745)|VARIABLE_SCOPE_BEGIN|[54]|precoBase|Decimal|false|false
15:40:44.452 (748703297)|VARIABLE_ASSIGNMENT|[54]|precoBase|300700.00
15:40:44.452 (748705502)|STATEMENT_EXECUTE|[57]
15:40:44.452 (748712003)|HEAP_ALLOCATE|[57]|Bytes:28
15:40:44.452 (748713830)|HEAP_ALLOCATE|[57]|Bytes:28
15:40:44.452 (748717683)|HEAP_ALLOCATE|[57]|Bytes:28
15:40:44.452 (748772480)|HEAP_ALLOCATE|[57]|Bytes:28
15:40:44.452 (748774342)|HEAP_ALLOCATE|[57]|Bytes:28
15:40:44.452 (748782451)|HEAP_ALLOCATE|[57]|Bytes:28
15:40:44.452 (748792906)|HEAP_ALLOCATE|[57]|Bytes:28
15:40:44.452 (748796769)|VARIABLE_SCOPE_BEGIN|[57]|precoSemMargem|Decimal|false|false
15:40:44.452 (748802949)|VARIABLE_ASSIGNMENT|[57]|precoSemMargem|330770.0000
15:40:44.452 (748805221)|STATEMENT_EXECUTE|[60]
15:40:44.452 (748807601)|HEAP_ALLOCATE|[60]|Bytes:28
15:40:44.452 (748809211)|HEAP_ALLOCATE|[60]|Bytes:28
15:40:44.452 (748811939)|HEAP_ALLOCATE|[60]|Bytes:28
15:40:44.452 (748823539)|HEAP_ALLOCATE|[60]|Bytes:28
15:40:44.452 (748825211)|HEAP_ALLOCATE|[60]|Bytes:28
15:40:44.452 (748832615)|HEAP_ALLOCATE|[60]|Bytes:28
15:40:44.452 (748839641)|HEAP_ALLOCATE|[60]|Bytes:28
15:40:44.452 (748843701)|VARIABLE_SCOPE_BEGIN|[60]|precoCalculado|Decimal|false|false
15:40:44.452 (748848666)|VARIABLE_ASSIGNMENT|[60]|precoCalculado|380385.500000
15:40:44.452 (748850861)|STATEMENT_EXECUTE|[63]
15:40:44.452 (749671621)|VARIABLE_ASSIGNMENT|[63]|this.ProductionCost__c|300000.00|0x73ebfd96
15:40:44.452 (749690083)|STATEMENT_EXECUTE|[64]
15:40:44.452 (750222149)|VARIABLE_ASSIGNMENT|[64]|this.MarginPercentage__c|15.00|0x73ebfd96
15:40:44.452 (750229306)|STATEMENT_EXECUTE|[65]
15:40:44.452 (750647033)|VARIABLE_ASSIGNMENT|[65]|this.FreightValue__c|700.00|0x73ebfd96
15:40:44.452 (750658895)|STATEMENT_EXECUTE|[66]
15:40:44.452 (751197086)|VARIABLE_ASSIGNMENT|[66]|this.TaxPercentage__c|10.00|0x73ebfd96
15:40:44.452 (751204694)|STATEMENT_EXECUTE|[67]
15:40:44.452 (751664646)|VARIABLE_ASSIGNMENT|[67]|this.PriceWithoutMargin__c|330770.0000|0x73ebfd96
15:40:44.452 (751670429)|STATEMENT_EXECUTE|[68]
15:40:44.452 (752135606)|VARIABLE_ASSIGNMENT|[68]|this.FinalPrice__c|380385.500000|0x73ebfd96
15:40:44.452 (752140940)|STATEMENT_EXECUTE|[71]
15:40:44.452 (752163019)|VARIABLE_SCOPE_BEGIN|[71]|unitPriceDigitado|Decimal|false|false
15:40:44.452 (752172237)|VARIABLE_ASSIGNMENT|[71]|unitPriceDigitado|100.00
15:40:44.452 (752194575)|HEAP_ALLOCATE|[74]|Bytes:28
15:40:44.452 (752197929)|HEAP_ALLOCATE|[74]|Bytes:28
15:40:44.452 (752244149)|STATEMENT_EXECUTE|[74]
15:40:44.452 (752245314)|STATEMENT_EXECUTE|[75]
15:40:44.452 (752255390)|HEAP_ALLOCATE|[75]|Bytes:28
15:40:44.452 (752339155)|HEAP_ALLOCATE|[75]|Bytes:28
15:40:44.452 (752341487)|HEAP_ALLOCATE|[75]|Bytes:28
15:40:44.452 (753301413)|VARIABLE_ASSIGNMENT|[75]|this.DiscountPercentage__c|0.999737108801465881323026245742806|0x73ebfd96
15:40:44.452 (753320661)|STATEMENT_EXECUTE|[76]
15:40:44.452 (753443690)|HEAP_ALLOCATE|[76]|Bytes:28
15:40:44.452 (754344775)|VARIABLE_ASSIGNMENT|[76]|this.DiscountValue__c|380285.500000|0x73ebfd96
15:40:44.452 (754377016)|STATEMENT_EXECUTE|[79]
15:40:44.452 (754401454)|HEAP_ALLOCATE|[79]|Bytes:28
15:40:44.452 (755007241)|VARIABLE_ASSIGNMENT|[79]|this.UnitPrice|380385.500000|0x73ebfd96
15:40:44.452 (755030248)|METHOD_EXIT|[140]|01pg8000001F8kf|PricingService.calculateFinalPrice(OrderItem, Decimal, Margem__c, Decimal, Decimal)
15:40:44.452 (755063853)|HEAP_ALLOCATE|[106]|Bytes:5
15:40:44.452 (755085220)|VARIABLE_ASSIGNMENT|[106]|item|null|
15:40:44.452 (755091718)|METHOD_EXIT|[20]|01pg8000001EZwd|OrdemItemHandler.executePricingLogic()
15:40:44.452 (755097932)|STATEMENT_EXECUTE|[21]
15:40:44.452 (755104103)|METHOD_ENTRY|[21]|01pg8000001EZwd|OrdemItemHandler.checkDuplicateProducts()
15:40:44.452 (755110543)|VARIABLE_SCOPE_BEGIN|[145]|this|OrdemItemHandler|true|false
15:40:44.452 (755197447)|VARIABLE_ASSIGNMENT|[145]|this|{"newRecords":"0x51267047","handlerName":"OrderItemHandler","isTriggerExecuting":true,"triggerEvent":"0x2c8bc884"}|0x75498c88
15:40:44.452 (755211586)|STATEMENT_EXECUTE|[145]
15:40:44.452 (755213278)|STATEMENT_EXECUTE|[146]
15:40:44.452 (755231000)|HEAP_ALLOCATE|[146]|Bytes:4
15:40:44.452 (755245107)|VARIABLE_SCOPE_BEGIN|[146]|setOrderIds|Set<Id>|true|false
15:40:44.452 (755283841)|VARIABLE_ASSIGNMENT|[146]|setOrderIds|[]|0x11cd051d
15:40:44.452 (755287357)|STATEMENT_EXECUTE|[147]
15:40:44.452 (755289917)|HEAP_ALLOCATE|[147]|Bytes:4
15:40:44.452 (755295802)|VARIABLE_SCOPE_BEGIN|[147]|setProductIds|Set<Id>|true|false
15:40:44.452 (755302816)|VARIABLE_ASSIGNMENT|[147]|setProductIds|[]|0xf64dcf8
15:40:44.452 (755321700)|HEAP_ALLOCATE|[149]|Bytes:5
15:40:44.452 (755339505)|HEAP_ALLOCATE|[149]|Bytes:40
15:40:44.452 (755347101)|VARIABLE_SCOPE_BEGIN|[149]|ot|OrderItem|true|false
15:40:44.452 (755917915)|VARIABLE_ASSIGNMENT|[149]|ot|{"Product_Code_Display__c":"TRT 7","DiscountPercentage__c":0.999737108801465881323026245742806,"IsDeleted":false,"DiscountValue__c":380285.500000,"Quantity":1.00,"FinalPrice__c":380385.500000,"TaxPercentage__c":10.00,"ListPrice":1000.00,"OrderId":"801g8000009VmchAAC","PriceWithoutMargin__c":330770.0000,"FreightValue__c":700.00,"UnitPrice":380385.500000,"Product2Id":"01tg8000001RPszAAG","ProductionCost__c":300000.00,"PricebookEntryId":"01ug8000000gSxZAAU","TotalPrice":100.00,"MarginPercentage__c":15.00}|0x73ebfd96
15:40:44.452 (755934371)|STATEMENT_EXECUTE|[149]
15:40:44.452 (755935953)|STATEMENT_EXECUTE|[150]
15:40:44.452 (755955855)|HEAP_ALLOCATE|[EXTERNAL]|Bytes:4
15:40:44.452 (755963214)|STATEMENT_EXECUTE|[151]
15:40:44.452 (755968715)|HEAP_ALLOCATE|[EXTERNAL]|Bytes:4
15:40:44.452 (755978437)|HEAP_ALLOCATE|[149]|Bytes:5
15:40:44.452 (755998950)|VARIABLE_ASSIGNMENT|[149]|ot|null|
15:40:44.452 (756002238)|STATEMENT_EXECUTE|[154]
15:40:44.452 (756010313)|METHOD_ENTRY|[154]|01pg8000001w1Mc|OrderItemSelector.getOrderItemByIds(Set<Id>, Set<Id>)
15:40:44.452 (756015704)|VARIABLE_SCOPE_BEGIN|[2]|orderIds|Set<Id>|true|false
15:40:44.452 (756025258)|VARIABLE_ASSIGNMENT|[2]|orderIds|["801g8000009VmchAAC"]|0x11cd051d
15:40:44.452 (756027731)|VARIABLE_SCOPE_BEGIN|[2]|productIds|Set<Id>|true|false
15:40:44.452 (756054116)|VARIABLE_ASSIGNMENT|[2]|productIds|["01tg8000001RPszAAG"]|0xf64dcf8
15:40:44.452 (756064318)|STATEMENT_EXECUTE|[2]
15:40:44.452 (756065650)|STATEMENT_EXECUTE|[3]
15:40:44.452 (756102518)|HEAP_ALLOCATE|[3]|Bytes:4
15:40:44.452 (756716975)|SOQL_EXECUTE_BEGIN|[3]|Aggregations:0|SELECT Id, OrderId, Product2Id FROM OrderItem WHERE (OrderId = :tmpVar1 AND Product2Id = :tmpVar2)
15:40:44.452 (768061771)|SOQL_EXECUTE_END|[3]|Rows:1
15:40:44.452 (768095841)|HEAP_ALLOCATE|[3]|Bytes:8
15:40:44.452 (768116239)|HEAP_ALLOCATE|[3]|Bytes:90
15:40:44.452 (768174750)|HEAP_ALLOCATE|[3]|Bytes:8
15:40:44.452 (768202010)|METHOD_EXIT|[154]|01pg8000001w1Mc|OrderItemSelector.getOrderItemByIds(Set<Id>, Set<Id>)
15:40:44.452 (768211397)|VARIABLE_SCOPE_BEGIN|[154]|existingItens|List<OrderItem>|true|false
15:40:44.452 (768309860)|VARIABLE_ASSIGNMENT|[154]|existingItens|[{"OrderId":"801g8000009VmchAAC","Id":"802g8000002mPHWAA2","Product2Id":"01tg8000001RPszAAG"}]|0x39b1a118
15:40:44.452 (768318208)|STATEMENT_EXECUTE|[156]
15:40:44.452 (768331435)|HEAP_ALLOCATE|[156]|Bytes:4
15:40:44.452 (768349554)|VARIABLE_SCOPE_BEGIN|[156]|comparacao|Set<String>|true|false
15:40:44.452 (768368910)|VARIABLE_ASSIGNMENT|[156]|comparacao|[]|0x2f27d3e0
15:40:44.452 (768401807)|HEAP_ALLOCATE|[157]|Bytes:5
15:40:44.452 (768420595)|HEAP_ALLOCATE|[157]|Bytes:16
15:40:44.452 (768430653)|VARIABLE_SCOPE_BEGIN|[157]|it|OrderItem|true|false
15:40:44.452 (768452506)|VARIABLE_ASSIGNMENT|[157]|it|{"OrderId":"801g8000009VmchAAC","Id":"802g8000002mPHWAA2","Product2Id":"01tg8000001RPszAAG"}|0x725fcfb2
15:40:44.452 (768456877)|STATEMENT_EXECUTE|[157]
15:40:44.452 (768457865)|STATEMENT_EXECUTE|[158]
15:40:44.452 (768524208)|HEAP_ALLOCATE|[158]|Bytes:18
15:40:44.452 (768537132)|HEAP_ALLOCATE|[158]|Bytes:18
15:40:44.452 (768545423)|HEAP_ALLOCATE|[158]|Bytes:37
15:40:44.452 (768554754)|HEAP_ALLOCATE|[EXTERNAL]|Bytes:4
15:40:44.452 (768563437)|HEAP_ALLOCATE|[157]|Bytes:5
15:40:44.452 (768571007)|VARIABLE_ASSIGNMENT|[157]|it|null|
15:40:44.452 (768595424)|HEAP_ALLOCATE|[161]|Bytes:5
15:40:44.452 (768655678)|HEAP_ALLOCATE|[161]|Bytes:40
15:40:44.452 (768659249)|VARIABLE_SCOPE_BEGIN|[161]|newItem|OrderItem|true|false
15:40:44.452 (769205492)|VARIABLE_ASSIGNMENT|[161]|newItem|{"Product_Code_Display__c":"TRT 7","DiscountPercentage__c":0.999737108801465881323026245742806,"IsDeleted":false,"DiscountValue__c":380285.500000,"Quantity":1.00,"FinalPrice__c":380385.500000,"TaxPercentage__c":10.00,"ListPrice":1000.00,"OrderId":"801g8000009VmchAAC","PriceWithoutMargin__c":330770.0000,"FreightValue__c":700.00,"UnitPrice":380385.500000,"Product2Id":"01tg8000001RPszAAG","ProductionCost__c":300000.00,"PricebookEntryId":"01ug8000000gSxZAAU","TotalPrice":100.00,"MarginPercentage__c":15.00}|0x73ebfd96
15:40:44.452 (769214927)|STATEMENT_EXECUTE|[161]
15:40:44.452 (769216251)|STATEMENT_EXECUTE|[162]
15:40:44.452 (769228486)|HEAP_ALLOCATE|[162]|Bytes:18
15:40:44.452 (769237112)|HEAP_ALLOCATE|[162]|Bytes:18
15:40:44.452 (769242354)|HEAP_ALLOCATE|[162]|Bytes:37
15:40:44.452 (769244804)|VARIABLE_SCOPE_BEGIN|[162]|keyCombo|String|false|false
15:40:44.452 (769251836)|VARIABLE_ASSIGNMENT|[162]|keyCombo|"801g8000009VmchAAC-0 (17 more) ..."
15:40:44.452 (769261820)|STATEMENT_EXECUTE|[164]
15:40:44.452 (769262921)|STATEMENT_EXECUTE|[165]
15:40:44.452 (769265124)|HEAP_ALLOCATE|[165]|Bytes:84
15:40:44.452 (769508599)|VF_PAGE_MESSAGE|Este produto já foi adicionado a este pedido. Altere a quantidade do item existente.
15:40:44.452 (769529863)|HEAP_ALLOCATE|[161]|Bytes:5
15:40:44.452 (769538929)|VARIABLE_ASSIGNMENT|[161]|newItem|null|
15:40:44.452 (769546546)|METHOD_EXIT|[21]|01pg8000001EZwd|OrdemItemHandler.checkDuplicateProducts()
15:40:44.452 (769553194)|METHOD_EXIT|[137]|01pg8000001EZwd|OrdemItemHandler.beforeInsert()
15:40:44.452 (769556807)|STATEMENT_EXECUTE|[158]
15:40:44.452 (769565005)|METHOD_ENTRY|[158]|01pg80000019iSf|TriggerHandler.andFinally()
15:40:44.452 (769569640)|VARIABLE_SCOPE_BEGIN|[746]|this|TriggerHandler|true|false
15:40:44.452 (769621765)|VARIABLE_ASSIGNMENT|[746]|this|{"newRecords":"0x51267047","handlerName":"OrderItemHandler","isTriggerExecuting":true,"triggerEvent":"0x2c8bc884"}|0x75498c88
15:40:44.452 (769635075)|STATEMENT_EXECUTE|[746]
15:40:44.452 (769636739)|METHOD_EXIT|[158]|01pg80000019iSf|TriggerHandler.andFinally()
15:40:44.452 (769640763)|STATEMENT_EXECUTE|[160]
15:40:44.452 (769642688)|STATEMENT_EXECUTE|[176]
15:40:44.452 (769646160)|METHOD_EXIT|[2]|01pg80000019iSf|TriggerHandler.run()
15:40:44.769 (769655153)|CUMULATIVE_LIMIT_USAGE
15:40:44.769 (769655153)|LIMIT_USAGE_FOR_NS|(default)|
  Number of SOQL queries: 11 out of 100
  Number of query rows: 10 out of 50000
  Number of SOSL queries: 0 out of 20
  Number of DML statements: 14 out of 150
  Number of Publish Immediate DML: 0 out of 150
  Number of DML rows: 14 out of 10000
  Maximum CPU time: 102 out of 10000
  Maximum heap size: 0 out of 6000000
  Number of callouts: 0 out of 100
  Number of Email Invocations: 0 out of 10
  Number of future calls: 0 out of 50
  Number of queueable jobs added to the queue: 0 out of 50
  Number of Mobile Apex push calls: 0 out of 10

15:40:44.769 (769655153)|TESTING_LIMITS
15:40:44.769 (769655153)|LIMIT_USAGE_FOR_NS|(default)|
  Number of SOQL queries: 8 out of 100
  Number of query rows: 8 out of 50000
  Number of SOSL queries: 0 out of 20
  Number of DML statements: 1 out of 150
  Number of Publish Immediate DML: 0 out of 150
  Number of DML rows: 1 out of 10000
  Maximum CPU time: 0 out of 10000
  Maximum heap size: 0 out of 6000000
  Number of callouts: 0 out of 100
  Number of Email Invocations: 0 out of 10
  Number of future calls: 0 out of 50
  Number of queueable jobs added to the queue: 0 out of 50
  Number of Mobile Apex push calls: 0 out of 10

15:40:44.769 (769655153)|CUMULATIVE_LIMIT_USAGE_END

15:40:44.452 (769825732)|CODE_UNIT_FINISHED|OrdemItemTrigger on OrderItem trigger event BeforeInsert|__sfdc_trigger/OrdemItemTrigger
15:40:44.452 (771703517)|DML_END|[175]
15:40:44.452 (771761427)|EXCEPTION_THROWN|[175]|System.DmlException: Insert failed. First exception on row 0; first error: FIELD_CUSTOM_VALIDATION_EXCEPTION, Este produto já foi adicionado a este pedido. Altere a quantidade do item existente.: []
15:40:44.452 (772519781)|HEAP_ALLOCATE|[175]|Bytes:181
15:40:44.452 (772602803)|VARIABLE_SCOPE_BEGIN|[177]|e|System.DmlException|true|false
15:40:44.452 (772726363)|VARIABLE_ASSIGNMENT|[177]|e|"common.apex.runtime.impl.DmlExecutionException: Insert failed. First exception on row 0; first error: FIELD_CUSTOM_VALIDATION_EXCEPTION, Este produto já foi adicionado a este pedido. Altere a quantidade do item existente.: []"|0x2c855977
15:40:44.452 (772742101)|STATEMENT_EXECUTE|[177]
15:40:44.452 (772744388)|STATEMENT_EXECUTE|[178]
15:40:44.452 (772831705)|HEAP_ALLOCATE|[178]|Bytes:177
15:40:44.452 (772846516)|VARIABLE_SCOPE_BEGIN|[178]|mensagem|String|false|false
15:40:44.452 (772863778)|VARIABLE_ASSIGNMENT|[178]|mensagem|"Insert failed. First (157 more) ..."
15:40:44.452 (772870930)|STATEMENT_EXECUTE|[179]
15:40:44.452 (772935359)|HEAP_ALLOCATE|[180]|Bytes:34
15:40:44.452 (772949058)|HEAP_ALLOCATE|[180]|Bytes:211
15:40:44.452 (773030398)|HEAP_ALLOCATE|[179]|Bytes:51
15:40:44.452 (773052770)|SYSTEM_METHOD_ENTRY|[4]|Assert.Assert()
15:40:44.452 (773058806)|STATEMENT_EXECUTE|[4]
15:40:44.452 (773071363)|SYSTEM_METHOD_EXIT|[4]|Assert
15:40:44.452 (773086582)|METHOD_ENTRY|[179]||System.Assert.isTrue(Boolean, String)
15:40:44.452 (773194705)|METHOD_EXIT|[179]||System.Assert.isTrue(Boolean, String)
15:40:44.452 (773201906)|STATEMENT_EXECUTE|[182]
15:40:44.452 (773210777)|METHOD_ENTRY|[182]||System.Test.stopTest()
15:40:44.452 (773498194)|METHOD_EXIT|[182]||System.Test.stopTest()
15:40:44.773 (773512789)|CUMULATIVE_LIMIT_USAGE
15:40:44.773 (773512789)|LIMIT_USAGE_FOR_NS|(default)|
  Number of SOQL queries: 11 out of 100
  Number of query rows: 10 out of 50000
  Number of SOSL queries: 0 out of 20
  Number of DML statements: 14 out of 150
  Number of Publish Immediate DML: 0 out of 150
  Number of DML rows: 14 out of 10000
  Maximum CPU time: 102 out of 10000
  Maximum heap size: 0 out of 6000000
  Number of callouts: 0 out of 100
  Number of Email Invocations: 0 out of 10
  Number of future calls: 0 out of 50
  Number of queueable jobs added to the queue: 0 out of 50
  Number of Mobile Apex push calls: 0 out of 10

15:40:44.773 (773512789)|TESTING_LIMITS
15:40:44.773 (773512789)|LIMIT_USAGE_FOR_NS|(default)|
  Number of SOQL queries: 0 out of 100
  Number of query rows: 0 out of 50000
  Number of SOSL queries: 0 out of 20
  Number of DML statements: 1 out of 150
  Number of Publish Immediate DML: 0 out of 150
  Number of DML rows: 1 out of 10000
  Maximum CPU time: 0 out of 10000
  Maximum heap size: 0 out of 6000000
  Number of callouts: 0 out of 100
  Number of Email Invocations: 0 out of 10
  Number of future calls: 0 out of 50
  Number of queueable jobs added to the queue: 0 out of 50
  Number of Mobile Apex push calls: 0 out of 10

15:40:44.773 (773512789)|CUMULATIVE_LIMIT_USAGE_END

15:40:44.452 (773549240)|CODE_UNIT_FINISHED|OrderItemHandlerTest.checkExistingProductInOrder()
15:40:44.452 (773557565)|EXECUTION_FINISHED
15:40:44.861 (861134582)|USER_INFO|[EXTERNAL]|005g80000010N45|sabrina.jesus@resourceful-moose-fmmd11.com|(GMT-03:00) Brasilia Standard Time (America/Sao_Paulo)|GMT-03:00
15:40:44.861 (861164185)|EXECUTION_STARTED
15:40:44.861 (861175829)|CODE_UNIT_STARTED|[EXTERNAL]|01pg8000001w1Mb|OrderItemHandlerTest.pricingOrderItemTest()
15:40:44.861 (861368546)|HEAP_ALLOCATE|[95]|Bytes:3
15:40:44.861 (861476541)|HEAP_ALLOCATE|[100]|Bytes:152
15:40:44.861 (861495955)|HEAP_ALLOCATE|[417]|Bytes:408
15:40:44.861 (861514087)|HEAP_ALLOCATE|[430]|Bytes:408
15:40:44.861 (861544011)|HEAP_ALLOCATE|[317]|Bytes:6
15:40:44.861 (861558421)|HEAP_ALLOCATE|[EXTERNAL]|Bytes:353
15:40:44.861 (861571541)|METHOD_ENTRY|[2]|01pg8000001w1Mb|OrderItemHandlerTest.OrderItemHandlerTest()
15:40:44.861 (861579560)|STATEMENT_EXECUTE|[2]
15:40:44.861 (861587421)|STATEMENT_EXECUTE|[2]
15:40:44.861 (861591264)|METHOD_EXIT|[2]|OrderItemHandlerTest
15:40:44.861 (861615043)|HEAP_ALLOCATE|[68]|Bytes:5
15:40:44.861 (861641880)|HEAP_ALLOCATE|[74]|Bytes:5
15:40:44.861 (861648553)|HEAP_ALLOCATE|[82]|Bytes:7
15:40:44.861 (861689418)|STATEMENT_EXECUTE|[87]
15:40:44.861 (861691310)|STATEMENT_EXECUTE|[88]
15:40:44.861 (861694215)|HEAP_ALLOCATE|[88]|Bytes:30
15:40:44.861 (861715865)|HEAP_ALLOCATE|[88]|Bytes:4
15:40:44.861 (862129235)|SOQL_EXECUTE_BEGIN|[88]|Aggregations:0|SELECT Id FROM Account LIMIT 1
15:40:44.861 (868625939)|SOQL_EXECUTE_END|[88]|Rows:1
15:40:44.861 (868674673)|HEAP_ALLOCATE|[88]|Bytes:8
15:40:44.861 (868701588)|HEAP_ALLOCATE|[88]|Bytes:29
15:40:44.861 (868791185)|HEAP_ALLOCATE|[88]|Bytes:8
15:40:44.861 (868817497)|HEAP_ALLOCATE|[88]|Bytes:33
15:40:44.861 (868912401)|HEAP_ALLOCATE|[88]|Bytes:8
15:40:44.861 (868925895)|VARIABLE_SCOPE_BEGIN|[88]|acc|Account|true|false
15:40:44.861 (869031794)|VARIABLE_ASSIGNMENT|[88]|acc|{"Id":"001g8000009VmcfAAC"}|0x1561d523
15:40:44.861 (869041529)|STATEMENT_EXECUTE|[89]
15:40:44.861 (869045226)|HEAP_ALLOCATE|[89]|Bytes:31
15:40:44.861 (869064256)|HEAP_ALLOCATE|[89]|Bytes:4
15:40:44.861 (869771466)|SOQL_EXECUTE_BEGIN|[89]|Aggregations:0|SELECT Id FROM Product2 LIMIT 1
15:40:44.861 (874549441)|SOQL_EXECUTE_END|[89]|Rows:1
15:40:44.861 (874588268)|HEAP_ALLOCATE|[89]|Bytes:8
15:40:44.861 (874610922)|HEAP_ALLOCATE|[89]|Bytes:29
15:40:44.861 (874687176)|HEAP_ALLOCATE|[89]|Bytes:8
15:40:44.861 (874711352)|HEAP_ALLOCATE|[89]|Bytes:34
15:40:44.861 (874759975)|HEAP_ALLOCATE|[89]|Bytes:8
15:40:44.861 (874773071)|VARIABLE_SCOPE_BEGIN|[89]|produto|Product2|true|false
15:40:44.861 (874843287)|VARIABLE_ASSIGNMENT|[89]|produto|{"Id":"01tg8000001RPszAAG"}|0x36c17e7c
15:40:44.861 (874852062)|STATEMENT_EXECUTE|[90]
15:40:44.861 (874855347)|HEAP_ALLOCATE|[90]|Bytes:75
15:40:44.861 (874871946)|HEAP_ALLOCATE|[90]|Bytes:4
15:40:44.861 (875335563)|SOQL_EXECUTE_BEGIN|[90]|Aggregations:0|SELECT Id, State__c, City__c, Country__c FROM DistributionCenter__c LIMIT 1
15:40:44.861 (884122508)|SOQL_EXECUTE_END|[90]|Rows:1
15:40:44.861 (884177708)|HEAP_ALLOCATE|[90]|Bytes:8
15:40:44.861 (884211417)|HEAP_ALLOCATE|[90]|Bytes:120
15:40:44.861 (884307889)|HEAP_ALLOCATE|[90]|Bytes:8
15:40:44.861 (884333932)|HEAP_ALLOCATE|[90]|Bytes:47
15:40:44.861 (884416177)|HEAP_ALLOCATE|[90]|Bytes:20
15:40:44.861 (884430002)|VARIABLE_SCOPE_BEGIN|[90]|dc|DistributionCenter__c|true|false
15:40:44.861 (884565891)|VARIABLE_ASSIGNMENT|[90]|dc|{"City__c":"a05g8000002BeozAAC","Country__c":"a03g80000084ySPAAY","Id":"a06g8000001ga3JAAQ","State__c":"a04g8000000b50jAAA"}|0x59224ff7
15:40:44.861 (884577022)|STATEMENT_EXECUTE|[91]
15:40:44.861 (884596662)|HEAP_ALLOCATE|[91]|Bytes:37
15:40:44.861 (884618989)|HEAP_ALLOCATE|[91]|Bytes:4
15:40:44.861 (885046837)|SOQL_EXECUTE_BEGIN|[91]|Aggregations:0|SELECT Id FROM PricebookEntry LIMIT 1
15:40:44.861 (888946260)|SOQL_EXECUTE_END|[91]|Rows:1
15:40:44.861 (888978875)|HEAP_ALLOCATE|[91]|Bytes:8
15:40:44.861 (889001692)|HEAP_ALLOCATE|[91]|Bytes:29
15:40:44.861 (889060215)|HEAP_ALLOCATE|[91]|Bytes:8
15:40:44.861 (889080784)|HEAP_ALLOCATE|[91]|Bytes:40
15:40:44.861 (889115168)|HEAP_ALLOCATE|[91]|Bytes:8
15:40:44.861 (889125076)|VARIABLE_SCOPE_BEGIN|[91]|pbe|PricebookEntry|true|false
15:40:44.861 (889179148)|VARIABLE_ASSIGNMENT|[91]|pbe|{"Id":"01ug8000000gSxZAAU"}|0x6f62d7e9
15:40:44.861 (889185176)|STATEMENT_EXECUTE|[93]
15:40:44.861 (889205575)|HEAP_ALLOCATE|[93]|Bytes:118
15:40:44.861 (889221393)|SYSTEM_METHOD_ENTRY|[1]|Test.Test()
15:40:44.861 (889223635)|STATEMENT_EXECUTE|[1]
15:40:44.861 (889233149)|SYSTEM_METHOD_EXIT|[1]|Test
15:40:44.861 (889245092)|METHOD_ENTRY|[93]||System.Test.getStandardPricebookId()
15:40:44.861 (889813042)|METHOD_EXIT|[93]||System.Test.getStandardPricebookId()
15:40:44.861 (889820522)|VARIABLE_SCOPE_BEGIN|[93]|stdPricebookId|Id|false|false
15:40:44.861 (890005622)|VARIABLE_ASSIGNMENT|[93]|stdPricebookId|"01sg8000000h7xWAAQ"
15:40:44.861 (890013744)|STATEMENT_EXECUTE|[95]
15:40:44.861 (890045728)|HEAP_ALLOCATE|[95]|Bytes:4
15:40:44.861 (890140113)|VARIABLE_ASSIGNMENT|[95]|this.AccountId|"001g8000009VmcfAAC"|0x1f154c6b
15:40:44.861 (890144678)|HEAP_ALLOCATE|[97]|Bytes:5
15:40:44.861 (890160229)|VARIABLE_ASSIGNMENT|[95]|this.Status|"Draft"|0x1f154c6b
15:40:44.861 (890240962)|HEAP_ALLOCATE|[98]|Bytes:4
15:40:44.861 (890280084)|VARIABLE_ASSIGNMENT|[95]|this.EffectiveDate|"2026-04-10T00:00:00.000Z"|0x1f154c6b
15:40:44.861 (890295465)|VARIABLE_ASSIGNMENT|[95]|this.Pricebook2Id|"01sg8000000h7xWAAQ"|0x1f154c6b
15:40:44.861 (890331028)|VARIABLE_ASSIGNMENT|[95]|this.DistributionCenter__c|"a06g8000001ga3JAAQ"|0x1f154c6b
15:40:44.861 (890358240)|VARIABLE_ASSIGNMENT|[95]|this.State__c|"a04g8000000b50jAAA"|0x1f154c6b
15:40:44.861 (890376108)|VARIABLE_ASSIGNMENT|[95]|this.City__c|"a05g8000002BeozAAC"|0x1f154c6b
15:40:44.861 (890393512)|VARIABLE_ASSIGNMENT|[95]|this.Country__c|"a03g80000084ySPAAY"|0x1f154c6b
15:40:44.861 (890419301)|VARIABLE_SCOPE_BEGIN|[95]|pedido|Order|true|false
15:40:44.861 (890442152)|VARIABLE_ASSIGNMENT|[95]|pedido|{"AccountId":"001g8000009VmcfAAC","Status":"Draft","EffectiveDate":"2026-04-10T00:00:00.000Z","Pricebook2Id":"01sg8000000h7xWAAQ","DistributionCenter__c":"a06g8000001ga3JAAQ","State__c":"a04g8000000b50jAAA","City__c":"a05g8000002BeozAAC","Country__c":"a03g80000084ySPAAY"}|0x1f154c6b
15:40:44.861 (890447216)|STATEMENT_EXECUTE|[105]
15:40:44.861 (890472088)|HEAP_ALLOCATE|[105]|Bytes:8
15:40:44.861 (890488038)|DML_BEGIN|[105]|Op:Insert|Type:Order|Rows:1
15:40:44.861 (890519774)|HEAP_ALLOCATE|[EXTERNAL]|Bytes:8
15:40:44.861 (897663953)|CODE_UNIT_STARTED|[EXTERNAL]|Validation:Order:new
15:40:44.861 (897691491)|VALIDATION_RULE|03dg8000000aS4D|Bloquear_Alteracao_Conta_Pedido
15:40:44.861 (897846812)|VALIDATION_FORMULA|ISCHANGED(AccountId) && NOT(ISNEW())|AccountId=001g8000009Vmcf
15:40:44.861 (897852326)|VALIDATION_PASS
15:40:44.861 (897858267)|CODE_UNIT_FINISHED|Validation:Order:new
15:40:44.861 (911329672)|DML_END|[105]
15:40:44.861 (911535192)|STATEMENT_EXECUTE|[107]
15:40:44.861 (911590050)|HEAP_ALLOCATE|[107]|Bytes:4
15:40:44.861 (911735895)|VARIABLE_ASSIGNMENT|[107]|this.OrderId|"801g8000009VmciAAC"|0x2218c5e7
15:40:44.861 (911775460)|VARIABLE_ASSIGNMENT|[107]|this.Product2Id|"01tg8000001RPszAAG"|0x2218c5e7
15:40:44.861 (911802560)|VARIABLE_ASSIGNMENT|[107]|this.PricebookEntryId|"01ug8000000gSxZAAU"|0x2218c5e7
15:40:44.861 (911867651)|HEAP_ALLOCATE|[107]|Bytes:28
15:40:44.861 (911872455)|HEAP_ALLOCATE|[107]|Bytes:28
15:40:44.861 (911902455)|VARIABLE_ASSIGNMENT|[107]|this.Quantity|1|0x2218c5e7
15:40:44.861 (911913100)|HEAP_ALLOCATE|[107]|Bytes:28
15:40:44.861 (911933564)|VARIABLE_ASSIGNMENT|[107]|this.UnitPrice|100|0x2218c5e7
15:40:44.861 (911973503)|VARIABLE_SCOPE_BEGIN|[107]|item|OrderItem|true|false
15:40:44.861 (912006227)|VARIABLE_ASSIGNMENT|[107]|item|{"OrderId":"801g8000009VmciAAC","Product2Id":"01tg8000001RPszAAG","PricebookEntryId":"01ug8000000gSxZAAU","Quantity":1,"UnitPrice":100}|0x2218c5e7
15:40:44.861 (912014683)|STATEMENT_EXECUTE|[115]
15:40:44.861 (912037502)|METHOD_ENTRY|[115]||System.Test.startTest()
15:40:44.861 (913406922)|METHOD_EXIT|[115]||System.Test.startTest()
15:40:44.861 (913422881)|STATEMENT_EXECUTE|[116]
15:40:44.861 (913469479)|HEAP_ALLOCATE|[116]|Bytes:8
15:40:44.861 (913489533)|DML_BEGIN|[116]|Op:Insert|Type:OrderItem|Rows:1
15:40:44.861 (913530578)|HEAP_ALLOCATE|[EXTERNAL]|Bytes:8
15:40:44.861 (924234754)|CODE_UNIT_STARTED|[EXTERNAL]|01qg8000000Fou9|OrdemItemTrigger on OrderItem trigger event BeforeInsert|__sfdc_trigger/OrdemItemTrigger
15:40:44.861 (924316038)|HEAP_ALLOCATE|[EXTERNAL]|Bytes:8
15:40:44.861 (924389690)|HEAP_ALLOCATE|[EXTERNAL]|Bytes:4
15:40:44.861 (924400125)|VARIABLE_SCOPE_BEGIN|[1]|this|OrdemItemTrigger|true|false
15:40:44.861 (924441647)|VARIABLE_ASSIGNMENT|[1]|this|{}|0x36342874
15:40:44.861 (924472843)|HEAP_ALLOCATE|[EXTERNAL]|Bytes:4
15:40:44.861 (924478816)|VARIABLE_SCOPE_BEGIN|[1]|this|OrdemItemTrigger|true|false
15:40:44.861 (924487375)|VARIABLE_ASSIGNMENT|[1]|this|{}|0x36342874
15:40:44.861 (924496257)|STATEMENT_EXECUTE|[1]
15:40:44.861 (924498044)|STATEMENT_EXECUTE|[2]
15:40:44.861 (924519864)|VARIABLE_SCOPE_BEGIN|[63]|TriggerHandler.BYPASS_ALL_ALIAS|String|false|true
15:40:44.861 (924523804)|VARIABLE_SCOPE_BEGIN|[839]|TriggerHandler.ERROR_TRIGGERCONTEXT|String|false|true
15:40:44.861 (924528144)|VARIABLE_SCOPE_BEGIN|[26]|TriggerHandler.bypassedHandlers|Set<String>|true|true
15:40:44.861 (924531754)|VARIABLE_SCOPE_BEGIN|[32]|TriggerHandler.globalBypass|Boolean|false|true
15:40:44.861 (924535404)|VARIABLE_SCOPE_BEGIN|[20]|TriggerHandler.loopCountMap|Map<String,TriggerHandler.LoopCount>|true|true
15:40:44.861 (924538650)|VARIABLE_SCOPE_BEGIN|[44]|TriggerHandler.showDebug|Boolean|false|true
15:40:44.861 (924541553)|VARIABLE_SCOPE_BEGIN|[38]|TriggerHandler.showLimits|Boolean|false|true
15:40:44.861 (924550616)|HEAP_ALLOCATE|[2]|Bytes:21
15:40:44.861 (924554848)|HEAP_ALLOCATE|[2]|Bytes:6
15:40:44.861 (924566796)|METHOD_ENTRY|[1]|01pg8000001EZwd|OrdemItemHandler.OrdemItemHandler()
15:40:44.861 (924571757)|STATEMENT_EXECUTE|[1]
15:40:44.861 (924575024)|STATEMENT_EXECUTE|[1]
15:40:44.861 (924579004)|METHOD_EXIT|[1]|OrdemItemHandler
15:40:44.861 (924592263)|HEAP_ALLOCATE|[2]|Bytes:32
15:40:44.861 (924615454)|CONSTRUCTOR_ENTRY|[2]|01pg8000001EZwd|<init>()|OrdemItemHandler
15:40:44.861 (924620479)|VARIABLE_SCOPE_BEGIN|[9]|this|OrdemItemHandler|true|false
15:40:44.861 (924638703)|VARIABLE_ASSIGNMENT|[9]|this|{}|0x4e73bab6
15:40:44.861 (924645543)|STATEMENT_EXECUTE|[1]
15:40:44.861 (924646741)|STATEMENT_EXECUTE|[3]
15:40:44.861 (924647979)|STATEMENT_EXECUTE|[4]
15:40:44.861 (924648941)|STATEMENT_EXECUTE|[5]
15:40:44.861 (924650133)|STATEMENT_EXECUTE|[6]
15:40:44.861 (924651213)|STATEMENT_EXECUTE|[10]
15:40:44.861 (924654274)|HEAP_ALLOCATE|[10]|Bytes:16
15:40:44.861 (924661310)|HEAP_ALLOCATE|[10]|Bytes:33
15:40:44.861 (924663839)|HEAP_ALLOCATE|[10]|Bytes:166
15:40:44.861 (924666041)|HEAP_ALLOCATE|[10]|Bytes:55
15:40:44.861 (924667898)|HEAP_ALLOCATE|[10]|Bytes:9
15:40:44.861 (924680078)|VARIABLE_ASSIGNMENT|[10]|TriggerHandler.BYPASS_ALL_ALIAS|"BypassAll"
15:40:44.861 (924682888)|HEAP_ALLOCATE|[10]|Bytes:51
15:40:44.861 (924689423)|VARIABLE_ASSIGNMENT|[10]|TriggerHandler.ERROR_TRIGGERCONTEXT|"Trigger handler call (31 more) ..."
15:40:44.861 (924705059)|METHOD_ENTRY|[15]|01pg80000019iSf|TriggerHandler.TriggerHandler()
15:40:44.861 (924708762)|STATEMENT_EXECUTE|[15]
15:40:44.861 (924711693)|STATEMENT_EXECUTE|[15]
15:40:44.861 (924713053)|STATEMENT_EXECUTE|[66]
15:40:44.861 (924714353)|STATEMENT_EXECUTE|[67]
15:40:44.861 (924904907)|HEAP_ALLOCATE|[67]|Bytes:4
15:40:44.861 (924933472)|VARIABLE_ASSIGNMENT|[67]|TriggerHandler.loopCountMap|{}|0x6ef7e35f
15:40:44.861 (924936764)|STATEMENT_EXECUTE|[68]
15:40:44.861 (924944462)|HEAP_ALLOCATE|[68]|Bytes:4
15:40:44.861 (924995962)|VARIABLE_ASSIGNMENT|[68]|TriggerHandler.bypassedHandlers|[]|0x500abf5b
15:40:44.861 (924999117)|STATEMENT_EXECUTE|[69]
15:40:44.861 (925013572)|HEAP_ALLOCATE|[69]|Bytes:5
15:40:44.861 (925020076)|VARIABLE_ASSIGNMENT|[69]|TriggerHandler.globalBypass|false
15:40:44.861 (925022132)|STATEMENT_EXECUTE|[70]
15:40:44.861 (925023651)|HEAP_ALLOCATE|[70]|Bytes:5
15:40:44.861 (925026875)|VARIABLE_ASSIGNMENT|[70]|TriggerHandler.showLimits|false
15:40:44.861 (925028815)|STATEMENT_EXECUTE|[71]
15:40:44.861 (925030175)|HEAP_ALLOCATE|[71]|Bytes:5
15:40:44.861 (925033266)|VARIABLE_ASSIGNMENT|[71]|TriggerHandler.showDebug|false
15:40:44.861 (925035574)|STATEMENT_EXECUTE|[755]
15:40:44.861 (925036782)|STATEMENT_EXECUTE|[832]
15:40:44.861 (925041735)|METHOD_EXIT|[15]|TriggerHandler
15:40:44.861 (925058659)|CONSTRUCTOR_ENTRY|[10]|01pg80000019iSf|<init>(String)|TriggerHandler
15:40:44.861 (925063127)|VARIABLE_SCOPE_BEGIN|[107]|this|TriggerHandler|true|false
15:40:44.861 (925079675)|VARIABLE_ASSIGNMENT|[107]|this|{}|0x4e73bab6
15:40:44.861 (925082610)|VARIABLE_SCOPE_BEGIN|[107]|handlerName|String|false|false
15:40:44.861 (925087871)|VARIABLE_ASSIGNMENT|[107]|handlerName|"OrderItemHandler"
15:40:44.861 (925092166)|STATEMENT_EXECUTE|[15]
15:40:44.861 (925093238)|STATEMENT_EXECUTE|[50]
15:40:44.861 (925094247)|STATEMENT_EXECUTE|[57]
15:40:44.861 (925095225)|STATEMENT_EXECUTE|[671]
15:40:44.861 (925099247)|HEAP_ALLOCATE|[108]|Bytes:6
15:40:44.861 (925121360)|STATEMENT_EXECUTE|[107]
15:40:44.861 (925122288)|STATEMENT_EXECUTE|[108]
15:40:44.861 (925127437)|STATEMENT_EXECUTE|[109]
15:40:44.861 (925140997)|METHOD_ENTRY|[109]|01pg80000019iSf|TriggerHandler.setTriggerContext()
15:40:44.861 (925150155)|VARIABLE_SCOPE_BEGIN|[565]|this|TriggerHandler|true|false
15:40:44.861 (925160613)|VARIABLE_ASSIGNMENT|[565]|this|{"handlerName":"OrderItemHandler"}|0x4e73bab6
15:40:44.861 (925172815)|STATEMENT_EXECUTE|[565]
15:40:44.861 (925173861)|STATEMENT_EXECUTE|[566]
15:40:44.861 (925248689)|HEAP_ALLOCATE|[566]|Bytes:16
15:40:44.861 (925258081)|METHOD_ENTRY|[566]|01pg80000019iSf|TriggerHandler.setTriggerContext(System.TriggerOperation, Boolean)
15:40:44.861 (925261133)|VARIABLE_SCOPE_BEGIN|[582]|this|TriggerHandler|true|false
15:40:44.861 (925269501)|VARIABLE_ASSIGNMENT|[582]|this|{"handlerName":"OrderItemHandler"}|0x4e73bab6
15:40:44.861 (925272226)|VARIABLE_SCOPE_BEGIN|[582]|opType|System.TriggerOperation|true|false
15:40:44.861 (925285782)|VARIABLE_ASSIGNMENT|[582]|opType|"BEFORE_INSERT"|0x2c8bc884
15:40:44.861 (925289554)|VARIABLE_SCOPE_BEGIN|[582]|testMode|Boolean|false|false
15:40:44.861 (925293861)|VARIABLE_ASSIGNMENT|[582]|testMode|false
15:40:44.861 (925298452)|STATEMENT_EXECUTE|[582]
15:40:44.861 (925308503)|STATEMENT_EXECUTE|[586]
15:40:44.861 (925309376)|STATEMENT_EXECUTE|[587]
15:40:44.861 (925312454)|HEAP_ALLOCATE|[587]|Bytes:5
15:40:44.861 (925318141)|STATEMENT_EXECUTE|[590]
15:40:44.861 (925318988)|STATEMENT_EXECUTE|[592]
15:40:44.861 (925330821)|HEAP_ALLOCATE|[592]|Bytes:16
15:40:44.861 (925335589)|STATEMENT_EXECUTE|[595]
15:40:44.861 (925350176)|VARIABLE_SCOPE_BEGIN|[595]|context|String|false|false
15:40:44.861 (925357556)|VARIABLE_ASSIGNMENT|[595]|context|"BEFORE_INSERT"
15:40:44.861 (925359651)|STATEMENT_EXECUTE|[597]
15:40:44.861 (925362600)|HEAP_ALLOCATE|[598]|Bytes:13
15:40:44.861 (925419119)|STATEMENT_EXECUTE|[598]
15:40:44.861 (925420144)|STATEMENT_EXECUTE|[599]
15:40:44.861 (925426964)|METHOD_EXIT|[566]|01pg80000019iSf|TriggerHandler.setTriggerContext(System.TriggerOperation, Boolean)
15:40:44.861 (925430466)|METHOD_EXIT|[109]|01pg80000019iSf|TriggerHandler.setTriggerContext()
15:40:44.861 (925438974)|CONSTRUCTOR_EXIT|[10]|01pg80000019iSf|<init>(String)|TriggerHandler
15:40:44.861 (925442826)|STATEMENT_EXECUTE|[9]
15:40:44.861 (925444059)|STATEMENT_EXECUTE|[11]
15:40:44.861 (926384503)|VARIABLE_ASSIGNMENT|[11]|this.newRecords|[{"Product_Code_Display__c":"TRT 7","IsDeleted":false,"UnitPrice":100.00,"Product2Id":"01tg8000001RPszAAG","PricebookEntryId":"01ug8000000gSxZAAU","TotalPrice":100.00,"Quantity":1.00,"ListPrice":1000.00,"OrderId":"801g8000009VmciAAC"}]|0x4e73bab6
15:40:44.861 (926397760)|STATEMENT_EXECUTE|[12]
15:40:44.861 (926421289)|VARIABLE_ASSIGNMENT|[12]|this.oldRecords|null|0x4e73bab6
15:40:44.861 (926424113)|STATEMENT_EXECUTE|[13]
15:40:44.861 (926436053)|VARIABLE_ASSIGNMENT|[13]|this.newRecordsMap|null|0x4e73bab6
15:40:44.861 (926438958)|STATEMENT_EXECUTE|[14]
15:40:44.861 (926445365)|VARIABLE_ASSIGNMENT|[14]|this.oldRecordsMap|null|0x4e73bab6
15:40:44.861 (926457833)|CONSTRUCTOR_EXIT|[2]|01pg8000001EZwd|<init>()|OrdemItemHandler
15:40:44.861 (926475891)|METHOD_ENTRY|[2]|01pg80000019iSf|TriggerHandler.run()
15:40:44.861 (926482418)|VARIABLE_SCOPE_BEGIN|[120]|this|TriggerHandler|true|false
15:40:44.861 (926515980)|VARIABLE_ASSIGNMENT|[120]|this|{"newRecords":"0x141feef7","handlerName":"OrderItemHandler","isTriggerExecuting":true,"triggerEvent":"0x2c8bc884"}|0x4e73bab6
15:40:44.861 (926527152)|STATEMENT_EXECUTE|[120]
15:40:44.861 (926532111)|METHOD_ENTRY|[121]|01pg80000019iSf|TriggerHandler.validateRun()
15:40:44.861 (926535016)|VARIABLE_SCOPE_BEGIN|[661]|this|TriggerHandler|true|false
15:40:44.861 (926544366)|VARIABLE_ASSIGNMENT|[661]|this|{"newRecords":"0x141feef7","handlerName":"OrderItemHandler","isTriggerExecuting":true,"triggerEvent":"0x2c8bc884"}|0x4e73bab6
15:40:44.861 (926548553)|STATEMENT_EXECUTE|[661]
15:40:44.861 (926554650)|STATEMENT_EXECUTE|[662]
15:40:44.861 (926555816)|STATEMENT_EXECUTE|[665]
15:40:44.861 (926561871)|METHOD_ENTRY|[665]|01pg80000019iSf|TriggerHandler.getHandlerName()
15:40:44.861 (926564801)|VARIABLE_SCOPE_BEGIN|[680]|this|TriggerHandler|true|false
15:40:44.861 (926572817)|VARIABLE_ASSIGNMENT|[680]|this|{"newRecords":"0x141feef7","handlerName":"OrderItemHandler","isTriggerExecuting":true,"triggerEvent":"0x2c8bc884"}|0x4e73bab6
15:40:44.861 (926576783)|STATEMENT_EXECUTE|[680]
15:40:44.861 (926600736)|STATEMENT_EXECUTE|[681]
15:40:44.861 (926602055)|STATEMENT_EXECUTE|[684]
15:40:44.861 (926605408)|METHOD_EXIT|[665]|01pg80000019iSf|TriggerHandler.getHandlerName()
15:40:44.861 (926623436)|METHOD_EXIT|[121]|01pg80000019iSf|TriggerHandler.validateRun()
15:40:44.861 (926626631)|STATEMENT_EXECUTE|[121]
15:40:44.861 (926630346)|METHOD_ENTRY|[126]|01pg80000019iSf|TriggerHandler.incrementCheckLoopCount()
15:40:44.861 (926633271)|VARIABLE_SCOPE_BEGIN|[634]|this|TriggerHandler|true|false
15:40:44.861 (926641899)|VARIABLE_ASSIGNMENT|[634]|this|{"newRecords":"0x141feef7","handlerName":"OrderItemHandler","isTriggerExecuting":true,"triggerEvent":"0x2c8bc884"}|0x4e73bab6
15:40:44.861 (926646360)|STATEMENT_EXECUTE|[634]
15:40:44.861 (926647206)|STATEMENT_EXECUTE|[635]
15:40:44.861 (926649853)|METHOD_ENTRY|[635]|01pg80000019iSf|TriggerHandler.getHandlerName()
15:40:44.861 (926652154)|VARIABLE_SCOPE_BEGIN|[680]|this|TriggerHandler|true|false
15:40:44.861 (926659741)|VARIABLE_ASSIGNMENT|[680]|this|{"newRecords":"0x141feef7","handlerName":"OrderItemHandler","isTriggerExecuting":true,"triggerEvent":"0x2c8bc884"}|0x4e73bab6
15:40:44.861 (926663156)|STATEMENT_EXECUTE|[680]
15:40:44.861 (926669680)|STATEMENT_EXECUTE|[681]
15:40:44.861 (926670561)|STATEMENT_EXECUTE|[684]
15:40:44.861 (926672129)|METHOD_EXIT|[635]|01pg80000019iSf|TriggerHandler.getHandlerName()
15:40:44.861 (926675534)|VARIABLE_SCOPE_BEGIN|[635]|handlerName|String|false|false
15:40:44.861 (926681197)|VARIABLE_ASSIGNMENT|[635]|handlerName|"OrderItemHandler"
15:40:44.861 (926693812)|STATEMENT_EXECUTE|[636]
15:40:44.861 (926694799)|STATEMENT_EXECUTE|[649]
15:40:44.861 (926696392)|METHOD_EXIT|[126]|01pg80000019iSf|TriggerHandler.incrementCheckLoopCount()
15:40:44.861 (926698926)|STATEMENT_EXECUTE|[126]
15:40:44.861 (926700650)|STATEMENT_EXECUTE|[130]
15:40:44.861 (926701725)|STATEMENT_EXECUTE|[135]
15:40:44.861 (926729761)|STATEMENT_EXECUTE|[136]
15:40:44.861 (926730775)|STATEMENT_EXECUTE|[137]
15:40:44.861 (926735506)|METHOD_ENTRY|[137]|01pg8000001EZwd|OrdemItemHandler.beforeInsert()
15:40:44.861 (926738711)|VARIABLE_SCOPE_BEGIN|[18]|this|OrdemItemHandler|true|false
15:40:44.861 (926748767)|VARIABLE_ASSIGNMENT|[18]|this|{"newRecords":"0x141feef7","handlerName":"OrderItemHandler","isTriggerExecuting":true,"triggerEvent":"0x2c8bc884"}|0x4e73bab6
15:40:44.861 (926755421)|STATEMENT_EXECUTE|[18]
15:40:44.861 (926757078)|STATEMENT_EXECUTE|[19]
15:40:44.861 (926761563)|METHOD_ENTRY|[19]|01pg8000001EZwd|OrdemItemHandler.checkActiveOrderItem()
15:40:44.861 (926765526)|VARIABLE_SCOPE_BEGIN|[176]|this|OrdemItemHandler|true|false
15:40:44.861 (926776727)|VARIABLE_ASSIGNMENT|[176]|this|{"newRecords":"0x141feef7","handlerName":"OrderItemHandler","isTriggerExecuting":true,"triggerEvent":"0x2c8bc884"}|0x4e73bab6
15:40:44.861 (926783061)|STATEMENT_EXECUTE|[176]
15:40:44.861 (926784496)|STATEMENT_EXECUTE|[177]
15:40:44.861 (926788262)|VARIABLE_SCOPE_BEGIN|[177]|listaParaValidar|List<OrderItem>|true|false
15:40:44.861 (926793805)|VARIABLE_ASSIGNMENT|[177]|listaParaValidar|null|
15:40:44.861 (926796094)|STATEMENT_EXECUTE|[178]
15:40:44.861 (926810218)|HEAP_ALLOCATE|[178]|Bytes:4
15:40:44.861 (926821932)|VARIABLE_SCOPE_BEGIN|[178]|idOrders|Set<Id>|true|false
15:40:44.861 (926845295)|VARIABLE_ASSIGNMENT|[178]|idOrders|[]|0x45230a30
15:40:44.861 (926848126)|STATEMENT_EXECUTE|[179]
15:40:44.861 (926858035)|HEAP_ALLOCATE|[179]|Bytes:4
15:40:44.861 (926864267)|VARIABLE_SCOPE_BEGIN|[179]|idMapOrders|Map<Id,Order>|true|false
15:40:44.861 (926873323)|VARIABLE_ASSIGNMENT|[179]|idMapOrders|{}|0x40d695a8
15:40:44.861 (926882386)|STATEMENT_EXECUTE|[183]
15:40:44.861 (926883329)|STATEMENT_EXECUTE|[184]
15:40:44.861 (927351537)|VARIABLE_ASSIGNMENT|[184]|listaParaValidar|[{"Product_Code_Display__c":"TRT 7","IsDeleted":false,"UnitPrice":100.00,"Product2Id":"01tg8000001RPszAAG","PricebookEntryId":"01ug8000000gSxZAAU","TotalPrice":100.00,"Quantity":1.00,"ListPrice":1000.00,"OrderId":"801g8000009VmciAAC"}]|0x141feef7
15:40:44.861 (927390068)|HEAP_ALLOCATE|[187]|Bytes:5
15:40:44.861 (927407707)|HEAP_ALLOCATE|[187]|Bytes:4
15:40:44.861 (927417203)|VARIABLE_SCOPE_BEGIN|[187]|ot|OrderItem|true|false
15:40:44.861 (927821867)|VARIABLE_ASSIGNMENT|[187]|ot|{"Product_Code_Display__c":"TRT 7","IsDeleted":false,"UnitPrice":100.00,"Product2Id":"01tg8000001RPszAAG","PricebookEntryId":"01ug8000000gSxZAAU","TotalPrice":100.00,"Quantity":1.00,"ListPrice":1000.00,"OrderId":"801g8000009VmciAAC"}|0x55fcd86e
15:40:44.861 (927828614)|STATEMENT_EXECUTE|[187]
15:40:44.861 (927829745)|STATEMENT_EXECUTE|[188]
15:40:44.861 (927851307)|HEAP_ALLOCATE|[EXTERNAL]|Bytes:4
15:40:44.861 (927862290)|HEAP_ALLOCATE|[187]|Bytes:5
15:40:44.861 (927869584)|VARIABLE_ASSIGNMENT|[187]|ot|null|
15:40:44.861 (927873683)|STATEMENT_EXECUTE|[191]
15:40:44.861 (927883761)|HEAP_ALLOCATE|[191]|Bytes:1
15:40:44.861 (927892515)|METHOD_ENTRY|[1]|01pg8000001w1Md|OrderSelector.OrderSelector()
15:40:44.861 (927895489)|STATEMENT_EXECUTE|[1]
15:40:44.861 (927897766)|STATEMENT_EXECUTE|[1]
15:40:44.861 (927901533)|METHOD_EXIT|[1]|OrderSelector
15:40:44.861 (927907178)|METHOD_ENTRY|[191]|01pg8000001w1Md|OrderSelector.getOrdersByIds(Set<Id>)
15:40:44.861 (927911240)|VARIABLE_SCOPE_BEGIN|[2]|ids|Set<Id>|true|false
15:40:44.861 (927919814)|VARIABLE_ASSIGNMENT|[2]|ids|["801g8000009VmciAAC"]|0x45230a30
15:40:44.861 (927927974)|STATEMENT_EXECUTE|[2]
15:40:44.861 (927928901)|STATEMENT_EXECUTE|[3]
15:40:44.861 (927936649)|HEAP_ALLOCATE|[3]|Bytes:4
15:40:44.861 (927940817)|HEAP_ALLOCATE|[3]|Bytes:113
15:40:44.861 (927948358)|HEAP_ALLOCATE|[3]|Bytes:4
15:40:44.861 (927953294)|HEAP_ALLOCATE|[3]|Bytes:7
15:40:44.861 (928448186)|SOQL_EXECUTE_BEGIN|[3]|Aggregations:0|SELECT Id, DistributionCenter__c, State__c, City__c, Country__c, AccountId, Status FROM Order WHERE Id = :tmpVar1
15:40:44.861 (932279050)|SOQL_EXECUTE_END|[3]|Rows:1
15:40:44.861 (932313695)|HEAP_ALLOCATE|[3]|Bytes:8
15:40:44.861 (932332960)|HEAP_ALLOCATE|[3]|Bytes:209
15:40:44.861 (932390012)|HEAP_ALLOCATE|[3]|Bytes:8
15:40:44.861 (932424410)|HEAP_ALLOCATE|[3]|Bytes:32
15:40:44.861 (932443038)|HEAP_ALLOCATE|[3]|Bytes:4
15:40:44.861 (932458953)|METHOD_EXIT|[191]|01pg8000001w1Md|OrderSelector.getOrdersByIds(Set<Id>)
15:40:44.861 (932598709)|VARIABLE_ASSIGNMENT|[191]|idMapOrders|{"801g8000009VmciAAC":{"Status":"Draft","City__c":"a05g8000002BeozAAC","Country__c":"a03g80000084ySPAAY","AccountId":"001g8000009VmcfAAC","DistributionCenter__c":"a06g8000001ga3JAAQ","Id":"801g8000009VmciAAC","State__c":"a04g8000000b50jAAA"}}|0xb5b3edb
15:40:44.861 (932641240)|HEAP_ALLOCATE|[193]|Bytes:5
15:40:44.861 (932658787)|HEAP_ALLOCATE|[193]|Bytes:4
15:40:44.861 (932670447)|VARIABLE_SCOPE_BEGIN|[193]|ot|OrderItem|true|false
15:40:44.861 (933232726)|VARIABLE_ASSIGNMENT|[193]|ot|{"Product_Code_Display__c":"TRT 7","IsDeleted":false,"UnitPrice":100.00,"Product2Id":"01tg8000001RPszAAG","PricebookEntryId":"01ug8000000gSxZAAU","TotalPrice":100.00,"Quantity":1.00,"ListPrice":1000.00,"OrderId":"801g8000009VmciAAC"}|0x55fcd86e
15:40:44.861 (933243605)|STATEMENT_EXECUTE|[193]
15:40:44.861 (933244804)|STATEMENT_EXECUTE|[194]
15:40:44.861 (933274239)|VARIABLE_SCOPE_BEGIN|[194]|pedido|Order|true|false
15:40:44.861 (933327704)|VARIABLE_ASSIGNMENT|[194]|pedido|{"Status":"Draft","City__c":"a05g8000002BeozAAC","Country__c":"a03g80000084ySPAAY","AccountId":"001g8000009VmcfAAC","DistributionCenter__c":"a06g8000001ga3JAAQ","Id":"801g8000009VmciAAC","State__c":"a04g8000000b50jAAA"}|0x3f1e8c31
15:40:44.861 (933369161)|STATEMENT_EXECUTE|[195]
15:40:44.861 (933409794)|HEAP_ALLOCATE|[193]|Bytes:5
15:40:44.861 (933420691)|VARIABLE_ASSIGNMENT|[193]|ot|null|
15:40:44.861 (933428972)|METHOD_EXIT|[19]|01pg8000001EZwd|OrdemItemHandler.checkActiveOrderItem()
15:40:44.861 (933434462)|STATEMENT_EXECUTE|[20]
15:40:44.861 (933444551)|METHOD_ENTRY|[20]|01pg8000001EZwd|OrdemItemHandler.executePricingLogic()
15:40:44.861 (933449804)|VARIABLE_SCOPE_BEGIN|[35]|this|OrdemItemHandler|true|false
15:40:44.861 (933490661)|VARIABLE_ASSIGNMENT|[35]|this|{"newRecords":"0x141feef7","handlerName":"OrderItemHandler","isTriggerExecuting":true,"triggerEvent":"0x2c8bc884"}|0x4e73bab6
15:40:44.861 (933502459)|STATEMENT_EXECUTE|[35]
15:40:44.861 (933503636)|STATEMENT_EXECUTE|[37]
15:40:44.861 (933515770)|HEAP_ALLOCATE|[37]|Bytes:4
15:40:44.861 (933528311)|VARIABLE_SCOPE_BEGIN|[37]|setOrderIds|Set<Id>|true|false
15:40:44.861 (933552746)|VARIABLE_ASSIGNMENT|[37]|setOrderIds|[]|0x18c68beb
15:40:44.861 (933556472)|STATEMENT_EXECUTE|[38]
15:40:44.861 (933558971)|HEAP_ALLOCATE|[38]|Bytes:4
15:40:44.861 (933563648)|VARIABLE_SCOPE_BEGIN|[38]|setProductIds|Set<Id>|true|false
15:40:44.861 (933570459)|VARIABLE_ASSIGNMENT|[38]|setProductIds|[]|0x360ce2d6
15:40:44.861 (933573504)|STATEMENT_EXECUTE|[39]
15:40:44.861 (933575345)|HEAP_ALLOCATE|[39]|Bytes:4
15:40:44.861 (933579548)|VARIABLE_SCOPE_BEGIN|[39]|setAccountIds|Set<Id>|true|false
15:40:44.861 (933585703)|VARIABLE_ASSIGNMENT|[39]|setAccountIds|[]|0x64f3bf2a
15:40:44.861 (933588561)|STATEMENT_EXECUTE|[42]
15:40:44.861 (933601868)|HEAP_ALLOCATE|[42]|Bytes:4
15:40:44.861 (933607858)|VARIABLE_SCOPE_BEGIN|[42]|itemsByOrderId|Map<Id,List<OrderItem>>|true|false
15:40:44.861 (933616080)|VARIABLE_ASSIGNMENT|[42]|itemsByOrderId|{}|0x2fc7d881
15:40:44.861 (933633187)|HEAP_ALLOCATE|[45]|Bytes:5
15:40:44.861 (933642448)|HEAP_ALLOCATE|[45]|Bytes:4
15:40:44.861 (933646808)|VARIABLE_SCOPE_BEGIN|[45]|item|OrderItem|true|false
15:40:44.861 (934117455)|VARIABLE_ASSIGNMENT|[45]|item|{"Product_Code_Display__c":"TRT 7","IsDeleted":false,"UnitPrice":100.00,"Product2Id":"01tg8000001RPszAAG","PricebookEntryId":"01ug8000000gSxZAAU","TotalPrice":100.00,"Quantity":1.00,"ListPrice":1000.00,"OrderId":"801g8000009VmciAAC"}|0x55fcd86e
15:40:44.861 (934126682)|STATEMENT_EXECUTE|[45]
15:40:44.861 (934133408)|STATEMENT_EXECUTE|[46]
15:40:44.861 (934134454)|STATEMENT_EXECUTE|[47]
15:40:44.861 (934144279)|HEAP_ALLOCATE|[EXTERNAL]|Bytes:4
15:40:44.861 (934160902)|STATEMENT_EXECUTE|[49]
15:40:44.861 (934168766)|HEAP_ALLOCATE|[49]|Bytes:4
15:40:44.861 (934183126)|HEAP_ALLOCATE|[EXTERNAL]|Bytes:4
15:40:44.861 (934186861)|HEAP_ALLOCATE|[EXTERNAL]|Bytes:-4
15:40:44.861 (934190622)|STATEMENT_EXECUTE|[50]
15:40:44.861 (934215003)|HEAP_ALLOCATE|[EXTERNAL]|Bytes:4
15:40:44.861 (934221855)|STATEMENT_EXECUTE|[52]
15:40:44.861 (934227653)|HEAP_ALLOCATE|[EXTERNAL]|Bytes:4
15:40:44.861 (934238173)|HEAP_ALLOCATE|[45]|Bytes:5
15:40:44.861 (934248988)|VARIABLE_ASSIGNMENT|[45]|item|null|
15:40:44.861 (934253696)|STATEMENT_EXECUTE|[56]
15:40:44.861 (934261736)|METHOD_ENTRY|[56]|01pg8000001w1Md|OrderSelector.getOrdersByIds(Set<Id>)
15:40:44.861 (934268060)|VARIABLE_SCOPE_BEGIN|[2]|ids|Set<Id>|true|false
15:40:44.861 (934279243)|VARIABLE_ASSIGNMENT|[2]|ids|["801g8000009VmciAAC"]|0x18c68beb
15:40:44.861 (934289129)|STATEMENT_EXECUTE|[2]
15:40:44.861 (934290483)|STATEMENT_EXECUTE|[3]
15:40:44.861 (934297769)|HEAP_ALLOCATE|[3]|Bytes:4
15:40:44.861 (934306710)|HEAP_ALLOCATE|[3]|Bytes:4
15:40:44.861 (934796484)|SOQL_EXECUTE_BEGIN|[3]|Aggregations:0|SELECT Id, DistributionCenter__c, State__c, City__c, Country__c, AccountId, Status FROM Order WHERE Id = :tmpVar1
15:40:44.861 (938314118)|SOQL_EXECUTE_END|[3]|Rows:1
15:40:44.861 (938342006)|HEAP_ALLOCATE|[3]|Bytes:8
15:40:44.861 (938357838)|HEAP_ALLOCATE|[3]|Bytes:209
15:40:44.861 (938397922)|HEAP_ALLOCATE|[3]|Bytes:8
15:40:44.861 (938425155)|HEAP_ALLOCATE|[3]|Bytes:32
15:40:44.861 (938441718)|HEAP_ALLOCATE|[3]|Bytes:4
15:40:44.861 (938454937)|METHOD_EXIT|[56]|01pg8000001w1Md|OrderSelector.getOrdersByIds(Set<Id>)
15:40:44.861 (938463132)|VARIABLE_SCOPE_BEGIN|[56]|mapOrders|Map<Id,Order>|true|false
15:40:44.861 (938566921)|VARIABLE_ASSIGNMENT|[56]|mapOrders|{"801g8000009VmciAAC":{"Status":"Draft","City__c":"a05g8000002BeozAAC","Country__c":"a03g80000084ySPAAY","AccountId":"001g8000009VmcfAAC","DistributionCenter__c":"a06g8000001ga3JAAQ","Id":"801g8000009VmciAAC","State__c":"a04g8000000b50jAAA"}}|0x269d225d
15:40:44.861 (938587957)|HEAP_ALLOCATE|[EXTERNAL]|Bytes:8
15:40:44.861 (938594505)|HEAP_ALLOCATE|[58]|Bytes:216
15:40:44.861 (938630017)|HEAP_ALLOCATE|[58]|Bytes:5
15:40:44.861 (938640592)|HEAP_ALLOCATE|[58]|Bytes:32
15:40:44.861 (938648452)|VARIABLE_SCOPE_BEGIN|[58]|o|Order|true|false
15:40:44.861 (938679939)|VARIABLE_ASSIGNMENT|[58]|o|{"Status":"Draft","City__c":"a05g8000002BeozAAC","Country__c":"a03g80000084ySPAAY","AccountId":"001g8000009VmcfAAC","DistributionCenter__c":"a06g8000001ga3JAAQ","Id":"801g8000009VmciAAC","State__c":"a04g8000000b50jAAA"}|0x45a39f5f
15:40:44.861 (938688258)|STATEMENT_EXECUTE|[58]
15:40:44.861 (938707762)|HEAP_ALLOCATE|[EXTERNAL]|Bytes:4
15:40:44.861 (938715461)|HEAP_ALLOCATE|[58]|Bytes:5
15:40:44.861 (938722223)|VARIABLE_ASSIGNMENT|[58]|o|null|
15:40:44.861 (938725701)|STATEMENT_EXECUTE|[60]
15:40:44.861 (938740889)|HEAP_ALLOCATE|[60]|Bytes:1
15:40:44.861 (938752531)|METHOD_ENTRY|[1]|01pg8000001w1MX|AccountSelector.AccountSelector()
15:40:44.861 (938755203)|STATEMENT_EXECUTE|[1]
15:40:44.861 (938757486)|STATEMENT_EXECUTE|[1]
15:40:44.861 (938761196)|METHOD_EXIT|[1]|AccountSelector
15:40:44.861 (938766499)|METHOD_ENTRY|[60]|01pg8000001w1MX|AccountSelector.getAccountByIds(Set<Id>)
15:40:44.861 (938770983)|VARIABLE_SCOPE_BEGIN|[2]|ids|Set<Id>|true|false
15:40:44.861 (938781863)|VARIABLE_ASSIGNMENT|[2]|ids|["001g8000009VmcfAAC"]|0x64f3bf2a
15:40:44.861 (938793594)|STATEMENT_EXECUTE|[2]
15:40:44.861 (938794521)|STATEMENT_EXECUTE|[3]
15:40:44.861 (938806219)|HEAP_ALLOCATE|[3]|Bytes:4
15:40:44.861 (938809431)|HEAP_ALLOCATE|[3]|Bytes:59
15:40:44.861 (938815659)|HEAP_ALLOCATE|[3]|Bytes:4
15:40:44.861 (939143025)|SOQL_EXECUTE_BEGIN|[3]|Aggregations:0|SELECT Id, AccountGroup__c FROM Account WHERE Id = :tmpVar1
15:40:44.861 (942227912)|SOQL_EXECUTE_END|[3]|Rows:1
15:40:44.861 (942255188)|HEAP_ALLOCATE|[3]|Bytes:8
15:40:44.861 (942275513)|HEAP_ALLOCATE|[3]|Bytes:66
15:40:44.861 (942316181)|HEAP_ALLOCATE|[3]|Bytes:8
15:40:44.861 (942348558)|HEAP_ALLOCATE|[3]|Bytes:12
15:40:44.861 (942366513)|HEAP_ALLOCATE|[3]|Bytes:4
15:40:44.861 (942379913)|METHOD_EXIT|[60]|01pg8000001w1MX|AccountSelector.getAccountByIds(Set<Id>)
15:40:44.861 (942386684)|VARIABLE_SCOPE_BEGIN|[60]|mapAccounts|Map<Id,Account>|true|false
15:40:44.861 (942466982)|VARIABLE_ASSIGNMENT|[60]|mapAccounts|{"001g8000009VmcfAAC":{"AccountGroup__c":"a02g8000002mPHVAA2","Id":"001g8000009VmcfAAC"}}|0x696d6625
15:40:44.861 (942473951)|STATEMENT_EXECUTE|[62]
15:40:44.861 (942491144)|HEAP_ALLOCATE|[62]|Bytes:1
15:40:44.861 (942502447)|METHOD_ENTRY|[1]|01pg8000001w1Mf|ProductSelector.ProductSelector()
15:40:44.861 (942505209)|STATEMENT_EXECUTE|[1]
15:40:44.861 (942508260)|STATEMENT_EXECUTE|[1]
15:40:44.861 (942512377)|METHOD_EXIT|[1]|ProductSelector
15:40:44.861 (942518256)|METHOD_ENTRY|[62]|01pg8000001w1Mf|ProductSelector.getProductByIds(Set<Id>)
15:40:44.861 (942523112)|VARIABLE_SCOPE_BEGIN|[2]|ids|Set<Id>|true|false
15:40:44.861 (942535507)|VARIABLE_ASSIGNMENT|[2]|ids|["01tg8000001RPszAAG"]|0x360ce2d6
15:40:44.861 (942547630)|STATEMENT_EXECUTE|[2]
15:40:44.861 (942548525)|STATEMENT_EXECUTE|[3]
15:40:44.861 (942561362)|HEAP_ALLOCATE|[3]|Bytes:4
15:40:44.861 (942565002)|HEAP_ALLOCATE|[3]|Bytes:83
15:40:44.861 (942571387)|HEAP_ALLOCATE|[3]|Bytes:4
15:40:44.861 (942915231)|SOQL_EXECUTE_BEGIN|[3]|Aggregations:0|SELECT Id, ProductionCost__c, ProductHierarchy__c FROM Product2 WHERE Id = :tmpVar1
15:40:44.861 (945504776)|SOQL_EXECUTE_END|[3]|Rows:1
15:40:44.861 (945529122)|HEAP_ALLOCATE|[3]|Bytes:8
15:40:44.861 (945548353)|HEAP_ALLOCATE|[3]|Bytes:127
15:40:44.861 (945586236)|HEAP_ALLOCATE|[3]|Bytes:8
15:40:44.861 (945616480)|HEAP_ALLOCATE|[3]|Bytes:16
15:40:44.861 (945633210)|HEAP_ALLOCATE|[3]|Bytes:4
15:40:44.861 (945645211)|METHOD_EXIT|[62]|01pg8000001w1Mf|ProductSelector.getProductByIds(Set<Id>)
15:40:44.861 (945652494)|VARIABLE_SCOPE_BEGIN|[62]|mapProducts|Map<Id,Product2>|true|false
15:40:44.861 (945731369)|VARIABLE_ASSIGNMENT|[62]|mapProducts|{"01tg8000001RPszAAG":{"ProductionCost__c":300000.00,"ProductHierarchy__c":"a01g8000009VmcgAAC","Id":"01tg8000001RPszAAG"}}|0x218dc4e7
15:40:44.861 (945739226)|STATEMENT_EXECUTE|[65]
15:40:44.861 (945754151)|HEAP_ALLOCATE|[65]|Bytes:1
15:40:44.861 (945764390)|METHOD_ENTRY|[1]|01pg8000001w1MZ|MargemSelector.MargemSelector()
15:40:44.861 (945766920)|STATEMENT_EXECUTE|[1]
15:40:44.861 (945770110)|STATEMENT_EXECUTE|[1]
15:40:44.861 (945774048)|METHOD_EXIT|[1]|MargemSelector
15:40:44.861 (945780125)|METHOD_ENTRY|[65]|01pg8000001w1MZ|MargemSelector.getMargemApproved()
15:40:44.861 (945792918)|STATEMENT_EXECUTE|[2]
15:40:44.861 (945793923)|STATEMENT_EXECUTE|[3]
15:40:44.861 (945795936)|HEAP_ALLOCATE|[3]|Bytes:165
15:40:44.861 (945807365)|HEAP_ALLOCATE|[3]|Bytes:4
15:40:44.861 (946172639)|SOQL_EXECUTE_BEGIN|[3]|Aggregations:0|SELECT Product__c, ProductHierarchy__c, Account__c, AccountGroup__c, City__c, State__c, Country__c, MarginValuePercent__c FROM Margem__c WHERE Status__c = 'Approved'
15:40:44.861 (948944313)|SOQL_EXECUTE_END|[3]|Rows:1
15:40:44.861 (948967067)|HEAP_ALLOCATE|[3]|Bytes:8
15:40:44.861 (948987542)|HEAP_ALLOCATE|[3]|Bytes:184
15:40:44.861 (949027957)|HEAP_ALLOCATE|[3]|Bytes:8
15:40:44.861 (949046091)|METHOD_EXIT|[65]|01pg8000001w1MZ|MargemSelector.getMargemApproved()
15:40:44.861 (949053103)|VARIABLE_SCOPE_BEGIN|[65]|listMargins|List<Margem__c>|true|false
15:40:44.861 (949142228)|VARIABLE_ASSIGNMENT|[65]|listMargins|[{"Account__c":"001g8000009VmcfAAC","Product__c":"01tg8000001RPszAAG","Id":"a00g800000PiOpBAAV","State__c":"a04g8000000b50jAAA","MarginValuePercent__c":15.00}]|0x5d32c0f6
15:40:44.861 (949149824)|STATEMENT_EXECUTE|[68]
15:40:44.861 (949162922)|HEAP_ALLOCATE|[68]|Bytes:4
15:40:44.861 (949176486)|VARIABLE_SCOPE_BEGIN|[68]|mapMargin|Map<String,Margem__c>|true|false
15:40:44.861 (949187935)|VARIABLE_ASSIGNMENT|[68]|mapMargin|{}|0x38e5f8cb
15:40:44.861 (949231726)|HEAP_ALLOCATE|[69]|Bytes:5
15:40:44.861 (949253421)|HEAP_ALLOCATE|[69]|Bytes:24
15:40:44.861 (949264571)|VARIABLE_SCOPE_BEGIN|[69]|m|Margem__c|true|false
15:40:44.861 (949305180)|VARIABLE_ASSIGNMENT|[69]|m|{"Account__c":"001g8000009VmcfAAC","Product__c":"01tg8000001RPszAAG","Id":"a00g800000PiOpBAAV","State__c":"a04g8000000b50jAAA","MarginValuePercent__c":15.00}|0x648acbb7
15:40:44.861 (949311274)|STATEMENT_EXECUTE|[69]
15:40:44.861 (949312717)|STATEMENT_EXECUTE|[70]
15:40:44.861 (949356270)|HEAP_ALLOCATE|[70]|Bytes:18
15:40:44.861 (949363726)|VARIABLE_SCOPE_BEGIN|[70]|p|String|false|false
15:40:44.861 (949369925)|VARIABLE_ASSIGNMENT|[70]|p|"01tg8000001RPszAAG"
15:40:44.861 (949373052)|STATEMENT_EXECUTE|[71]
15:40:44.861 (949411992)|HEAP_ALLOCATE|[71]|Bytes:18
15:40:44.861 (949417335)|VARIABLE_SCOPE_BEGIN|[71]|a|String|false|false
15:40:44.861 (949422544)|VARIABLE_ASSIGNMENT|[71]|a|"001g8000009VmcfAAC"
15:40:44.861 (949424697)|STATEMENT_EXECUTE|[72]
15:40:44.861 (949433345)|HEAP_ALLOCATE|[72]|Bytes:18
15:40:44.861 (949437407)|VARIABLE_SCOPE_BEGIN|[72]|l|String|false|false
15:40:44.861 (949441704)|VARIABLE_ASSIGNMENT|[72]|l|"a04g8000000b50jAAA"
15:40:44.861 (949444080)|STATEMENT_EXECUTE|[75]
15:40:44.861 (949446181)|HEAP_ALLOCATE|[75]|Bytes:1
15:40:44.861 (949455105)|HEAP_ALLOCATE|[75]|Bytes:56
15:40:44.861 (949457025)|VARIABLE_SCOPE_BEGIN|[75]|compositeKey|String|false|false
15:40:44.861 (949462905)|VARIABLE_ASSIGNMENT|[75]|compositeKey|"01tg8000001RPszAAG_0 (36 more) ..."
15:40:44.861 (949465307)|STATEMENT_EXECUTE|[76]
15:40:44.861 (949476369)|HEAP_ALLOCATE|[EXTERNAL]|Bytes:-4
15:40:44.861 (949481031)|STATEMENT_EXECUTE|[77]
15:40:44.861 (949482625)|HEAP_ALLOCATE|[77]|Bytes:28
15:40:44.861 (949489365)|HEAP_ALLOCATE|[77]|Bytes:84
15:40:44.861 (949506992)|USER_DEBUG|[77]|DEBUG|MAPA MARGEM - Chave Gerada: 01tg8000001RPszAAG_001g8000009VmcfAAC_a04g8000000b50jAAA
15:40:44.861 (949517877)|HEAP_ALLOCATE|[69]|Bytes:5
15:40:44.861 (949525088)|VARIABLE_ASSIGNMENT|[69]|m|null|
15:40:44.861 (949529127)|STATEMENT_EXECUTE|[81]
15:40:44.861 (949540071)|HEAP_ALLOCATE|[81]|Bytes:1
15:40:44.861 (949548919)|METHOD_ENTRY|[1]|01pg8000001w1Mg|TaxSelector.TaxSelector()
15:40:44.861 (949551907)|STATEMENT_EXECUTE|[1]
15:40:44.861 (949554049)|STATEMENT_EXECUTE|[1]
15:40:44.861 (949557555)|METHOD_EXIT|[1]|TaxSelector
15:40:44.861 (949562539)|METHOD_ENTRY|[81]|01pg8000001w1Mg|TaxSelector.getTaxApproved()
15:40:44.861 (949574331)|STATEMENT_EXECUTE|[2]
15:40:44.861 (949575268)|STATEMENT_EXECUTE|[3]
15:40:44.861 (949576665)|HEAP_ALLOCATE|[3]|Bytes:103
15:40:44.861 (949585480)|HEAP_ALLOCATE|[3]|Bytes:4
15:40:44.861 (949893385)|SOQL_EXECUTE_BEGIN|[3]|Aggregations:0|SELECT Product__c, State__c, DistributionCenter__c, TaxRate__c FROM Tax__c WHERE Status__c = 'Approved'
15:40:44.861 (952597958)|SOQL_EXECUTE_END|[3]|Rows:1
15:40:44.861 (952622604)|HEAP_ALLOCATE|[3]|Bytes:8
15:40:44.861 (952643510)|HEAP_ALLOCATE|[3]|Bytes:184
15:40:44.861 (952686509)|HEAP_ALLOCATE|[3]|Bytes:8
15:40:44.861 (952705113)|METHOD_EXIT|[81]|01pg8000001w1Mg|TaxSelector.getTaxApproved()
15:40:44.861 (952712472)|VARIABLE_SCOPE_BEGIN|[81]|listTaxes|List<Tax__c>|true|false
15:40:44.861 (952801503)|VARIABLE_ASSIGNMENT|[81]|listTaxes|[{"DistributionCenter__c":"a06g8000001ga3JAAQ","Product__c":"01tg8000001RPszAAG","TaxRate__c":10.00,"Id":"a09g8000002D1efAAC","State__c":"a04g8000000b50jAAA"}]|0x15b2ce5
15:40:44.861 (952808659)|STATEMENT_EXECUTE|[83]
15:40:44.861 (952822449)|HEAP_ALLOCATE|[83]|Bytes:4
15:40:44.861 (952834010)|VARIABLE_SCOPE_BEGIN|[83]|mapTaxByCompositeKey|Map<String,Tax__c>|true|false
15:40:44.861 (952844725)|VARIABLE_ASSIGNMENT|[83]|mapTaxByCompositeKey|{}|0x283e8368
15:40:44.861 (952884411)|HEAP_ALLOCATE|[84]|Bytes:5
15:40:44.861 (952901657)|HEAP_ALLOCATE|[84]|Bytes:24
15:40:44.861 (952909644)|VARIABLE_SCOPE_BEGIN|[84]|t|Tax__c|true|false
15:40:44.861 (952934527)|VARIABLE_ASSIGNMENT|[84]|t|{"DistributionCenter__c":"a06g8000001ga3JAAQ","Product__c":"01tg8000001RPszAAG","TaxRate__c":10.00,"Id":"a09g8000002D1efAAC","State__c":"a04g8000000b50jAAA"}|0x7e66f4b3
15:40:44.861 (952939842)|STATEMENT_EXECUTE|[84]
15:40:44.861 (952940921)|STATEMENT_EXECUTE|[85]
15:40:44.861 (952973984)|HEAP_ALLOCATE|[85]|Bytes:18
15:40:44.861 (952984564)|HEAP_ALLOCATE|[86]|Bytes:18
15:40:44.861 (952993012)|HEAP_ALLOCATE|[87]|Bytes:18
15:40:44.861 (953004276)|HEAP_ALLOCATE|[85]|Bytes:54
15:40:44.861 (953007943)|VARIABLE_SCOPE_BEGIN|[85]|key|String|false|false
15:40:44.861 (953014953)|VARIABLE_ASSIGNMENT|[85]|key|"01tg8000001RPszAAGa0 (34 more) ..."
15:40:44.861 (953017639)|STATEMENT_EXECUTE|[88]
15:40:44.861 (953027369)|HEAP_ALLOCATE|[EXTERNAL]|Bytes:-4
15:40:44.861 (953036125)|HEAP_ALLOCATE|[84]|Bytes:5
15:40:44.861 (953042134)|VARIABLE_ASSIGNMENT|[84]|t|null|
15:40:44.861 (953046016)|STATEMENT_EXECUTE|[92]
15:40:44.861 (953057053)|HEAP_ALLOCATE|[92]|Bytes:1
15:40:44.861 (953066497)|METHOD_ENTRY|[1]|01pg8000001w1MY|FreightSelector.FreightSelector()
15:40:44.861 (953069323)|STATEMENT_EXECUTE|[1]
15:40:44.861 (953071822)|STATEMENT_EXECUTE|[1]
15:40:44.861 (953075448)|METHOD_EXIT|[1]|FreightSelector
15:40:44.861 (953079961)|METHOD_ENTRY|[92]|01pg8000001w1MY|FreightSelector.getFreightApproved()
15:40:44.861 (953091755)|STATEMENT_EXECUTE|[2]
15:40:44.861 (953092782)|STATEMENT_EXECUTE|[3]
15:40:44.861 (953094599)|HEAP_ALLOCATE|[3]|Bytes:154
15:40:44.861 (953102253)|HEAP_ALLOCATE|[3]|Bytes:4
15:40:44.861 (953443130)|SOQL_EXECUTE_BEGIN|[3]|Aggregations:0|SELECT Product__c, City__c, State__c, Country__c, DistributionCenter__c, FreightValue__c, ProductHierarchy__c FROM Freight__c WHERE Status__c = 'Approved'
15:40:44.861 (956066860)|SOQL_EXECUTE_END|[3]|Rows:1
15:40:44.861 (956089668)|HEAP_ALLOCATE|[3]|Bytes:8
15:40:44.861 (956110125)|HEAP_ALLOCATE|[3]|Bytes:189
15:40:44.861 (956150042)|HEAP_ALLOCATE|[3]|Bytes:8
15:40:44.861 (956167716)|METHOD_EXIT|[92]|01pg8000001w1MY|FreightSelector.getFreightApproved()
15:40:44.861 (956175435)|VARIABLE_SCOPE_BEGIN|[92]|listFreights|List<Freight__c>|true|false
15:40:44.861 (956261645)|VARIABLE_ASSIGNMENT|[92]|listFreights|[{"DistributionCenter__c":"a06g8000001ga3JAAQ","Product__c":"01tg8000001RPszAAG","Id":"a0Ag8000000gFdlEAE","State__c":"a04g8000000b50jAAA","FreightValue__c":700.00}]|0x1b63ff11
15:40:44.861 (956269236)|STATEMENT_EXECUTE|[94]
15:40:44.861 (956282002)|HEAP_ALLOCATE|[94]|Bytes:4
15:40:44.861 (956293244)|VARIABLE_SCOPE_BEGIN|[94]|mapFreight|Map<String,Freight__c>|true|false
15:40:44.861 (956304069)|VARIABLE_ASSIGNMENT|[94]|mapFreight|{}|0x24758882
15:40:44.861 (956342684)|HEAP_ALLOCATE|[95]|Bytes:5
15:40:44.861 (956358711)|HEAP_ALLOCATE|[95]|Bytes:24
15:40:44.861 (956367821)|VARIABLE_SCOPE_BEGIN|[95]|f|Freight__c|true|false
15:40:44.861 (956394120)|VARIABLE_ASSIGNMENT|[95]|f|{"DistributionCenter__c":"a06g8000001ga3JAAQ","Product__c":"01tg8000001RPszAAG","Id":"a0Ag8000000gFdlEAE","State__c":"a04g8000000b50jAAA","FreightValue__c":700.00}|0x6876fddf
15:40:44.861 (956399366)|STATEMENT_EXECUTE|[95]
15:40:44.861 (956400506)|STATEMENT_EXECUTE|[96]
15:40:44.861 (956433316)|HEAP_ALLOCATE|[96]|Bytes:18
15:40:44.861 (956440429)|VARIABLE_SCOPE_BEGIN|[96]|quem|String|false|false
15:40:44.861 (956446119)|VARIABLE_ASSIGNMENT|[96]|quem|"01tg8000001RPszAAG"
15:40:44.861 (956448573)|STATEMENT_EXECUTE|[97]
15:40:44.861 (956457791)|HEAP_ALLOCATE|[97]|Bytes:18
15:40:44.861 (956462464)|VARIABLE_SCOPE_BEGIN|[97]|onde|String|false|false
15:40:44.861 (956467217)|VARIABLE_ASSIGNMENT|[97]|onde|"a04g8000000b50jAAA"
15:40:44.861 (956469619)|STATEMENT_EXECUTE|[99]
15:40:44.861 (956475384)|HEAP_ALLOCATE|[99]|Bytes:37
15:40:44.861 (956477569)|VARIABLE_SCOPE_BEGIN|[99]|key|String|false|false
15:40:44.861 (956483072)|VARIABLE_ASSIGNMENT|[99]|key|"01tg8000001RPszAAG_a (17 more) ..."
15:40:44.861 (956485241)|STATEMENT_EXECUTE|[101]
15:40:44.861 (956494793)|HEAP_ALLOCATE|[EXTERNAL]|Bytes:-4
15:40:44.861 (956498949)|STATEMENT_EXECUTE|[102]
15:40:44.861 (956500508)|HEAP_ALLOCATE|[102]|Bytes:27
15:40:44.861 (956506760)|HEAP_ALLOCATE|[102]|Bytes:64
15:40:44.861 (956519803)|USER_DEBUG|[102]|DEBUG|MAPA FRETE - Chave Gerada: 01tg8000001RPszAAG_a04g8000000b50jAAA
15:40:44.861 (956528731)|HEAP_ALLOCATE|[95]|Bytes:5
15:40:44.861 (956535062)|VARIABLE_ASSIGNMENT|[95]|f|null|
15:40:44.861 (956553989)|HEAP_ALLOCATE|[106]|Bytes:5
15:40:44.861 (956566736)|HEAP_ALLOCATE|[106]|Bytes:4
15:40:44.861 (956570811)|VARIABLE_SCOPE_BEGIN|[106]|item|OrderItem|true|false
15:40:44.861 (957170498)|VARIABLE_ASSIGNMENT|[106]|item|{"Product_Code_Display__c":"TRT 7","IsDeleted":false,"UnitPrice":100.00,"Product2Id":"01tg8000001RPszAAG","PricebookEntryId":"01ug8000000gSxZAAU","TotalPrice":100.00,"Quantity":1.00,"ListPrice":1000.00,"OrderId":"801g8000009VmciAAC"}|0x55fcd86e
15:40:44.861 (957178433)|STATEMENT_EXECUTE|[106]
15:40:44.861 (957179671)|STATEMENT_EXECUTE|[107]
15:40:44.861 (957201548)|VARIABLE_SCOPE_BEGIN|[107]|pedido|Order|true|false
15:40:44.861 (957276407)|VARIABLE_ASSIGNMENT|[107]|pedido|{"Status":"Draft","City__c":"a05g8000002BeozAAC","Country__c":"a03g80000084ySPAAY","AccountId":"001g8000009VmcfAAC","DistributionCenter__c":"a06g8000001ga3JAAQ","Id":"801g8000009VmciAAC","State__c":"a04g8000000b50jAAA"}|0x45a39f5f
15:40:44.861 (957281168)|STATEMENT_EXECUTE|[108]
15:40:44.861 (957293757)|VARIABLE_SCOPE_BEGIN|[108]|produto|Product2|true|false
15:40:44.861 (957325339)|VARIABLE_ASSIGNMENT|[108]|produto|{"ProductionCost__c":300000.00,"ProductHierarchy__c":"a01g8000009VmcgAAC","Id":"01tg8000001RPszAAG"}|0x5cae0e87
15:40:44.861 (957328313)|STATEMENT_EXECUTE|[109]
15:40:44.861 (957343005)|VARIABLE_SCOPE_BEGIN|[109]|cliente|Account|true|false
15:40:44.861 (957370172)|VARIABLE_ASSIGNMENT|[109]|cliente|{"AccountGroup__c":"a02g8000002mPHVAA2","Id":"001g8000009VmcfAAC"}|0x5831e974
15:40:44.861 (957449772)|HEAP_ALLOCATE|[113]|Bytes:28
15:40:44.861 (957452833)|HEAP_ALLOCATE|[113]|Bytes:28
15:40:44.861 (957495047)|HEAP_ALLOCATE|[113]|Bytes:28
15:40:44.861 (957496899)|HEAP_ALLOCATE|[113]|Bytes:28
15:40:44.861 (957506480)|STATEMENT_EXECUTE|[113]
15:40:44.861 (957509597)|STATEMENT_EXECUTE|[119]
15:40:44.861 (957510752)|STATEMENT_EXECUTE|[121]
15:40:44.861 (957517602)|HEAP_ALLOCATE|[121]|Bytes:18
15:40:44.861 (957526642)|HEAP_ALLOCATE|[122]|Bytes:18
15:40:44.861 (957535112)|HEAP_ALLOCATE|[123]|Bytes:18
15:40:44.861 (957540723)|HEAP_ALLOCATE|[121]|Bytes:54
15:40:44.861 (957543877)|VARIABLE_SCOPE_BEGIN|[121]|keyOrderItemImposto|String|false|false
15:40:44.861 (957550352)|VARIABLE_ASSIGNMENT|[121]|keyOrderItemImposto|"01tg8000001RPszAAGa0 (34 more) ..."
15:40:44.861 (957553117)|STATEMENT_EXECUTE|[125]
15:40:44.861 (957564952)|VARIABLE_SCOPE_BEGIN|[125]|impostoEncontrado|Tax__c|true|false
15:40:44.861 (957605818)|VARIABLE_ASSIGNMENT|[125]|impostoEncontrado|{"DistributionCenter__c":"a06g8000001ga3JAAQ","Product__c":"01tg8000001RPszAAG","TaxRate__c":10.00,"Id":"a09g8000002D1efAAC","State__c":"a04g8000000b50jAAA"}|0x7e66f4b3
15:40:44.861 (957609767)|STATEMENT_EXECUTE|[127]
15:40:44.861 (958069178)|VARIABLE_ASSIGNMENT|[127]|this.TaxPercentage__c|10.00|0x55fcd86e
15:40:44.861 (958073723)|STATEMENT_EXECUTE|[130]
15:40:44.861 (958094427)|HEAP_ALLOCATE|[130]|Bytes:7
15:40:44.861 (958104821)|METHOD_ENTRY|[1]|01pg8000001F8kf|PricingService.PricingService()
15:40:44.861 (958107971)|STATEMENT_EXECUTE|[1]
15:40:44.861 (958110378)|STATEMENT_EXECUTE|[1]
15:40:44.861 (958114389)|METHOD_EXIT|[1]|PricingService
15:40:44.861 (958122230)|METHOD_ENTRY|[130]|01pg8000001F8kf|PricingService.findMargin(OrderItem, Order, Map<String,Margem__c>, Id, Account)
15:40:44.861 (958127891)|VARIABLE_SCOPE_BEGIN|[21]|item|OrderItem|true|false
15:40:44.861 (958511425)|VARIABLE_ASSIGNMENT|[21]|item|{"Product_Code_Display__c":"TRT 7","IsDeleted":false,"UnitPrice":100.00,"Product2Id":"01tg8000001RPszAAG","PricebookEntryId":"01ug8000000gSxZAAU","TotalPrice":100.00,"Quantity":1.00,"TaxPercentage__c":10.00,"ListPrice":1000.00,"OrderId":"801g8000009VmciAAC"}|0x55fcd86e
15:40:44.861 (958516183)|VARIABLE_SCOPE_BEGIN|[21]|pedido|Order|true|false
15:40:44.861 (958560028)|VARIABLE_ASSIGNMENT|[21]|pedido|{"Status":"Draft","City__c":"a05g8000002BeozAAC","Country__c":"a03g80000084ySPAAY","AccountId":"001g8000009VmcfAAC","DistributionCenter__c":"a06g8000001ga3JAAQ","Id":"801g8000009VmciAAC","State__c":"a04g8000000b50jAAA"}|0x45a39f5f
15:40:44.861 (958563931)|VARIABLE_SCOPE_BEGIN|[21]|mapMargin|Map<String,Margem__c>|true|false
15:40:44.861 (958608253)|VARIABLE_ASSIGNMENT|[21]|mapMargin|{"01tg8000001RPszAAG_001g8000009VmcfAAC_a04g8000000b50jAAA":{"Account__c":"001g8000009VmcfAAC","Product__c":"01tg8000001RPszAAG","Id":"a00g800000PiOpBAAV","State__c":"a04g8000000b50jAAA","MarginValuePercent__c":15.00}}|0x38e5f8cb
15:40:44.861 (958613540)|VARIABLE_SCOPE_BEGIN|[21]|h|Id|false|false
15:40:44.861 (958705608)|VARIABLE_ASSIGNMENT|[21]|h|"a01g8000009VmcgAAC"
15:40:44.861 (958709097)|VARIABLE_SCOPE_BEGIN|[21]|cliente|Account|true|false
15:40:44.861 (958733911)|VARIABLE_ASSIGNMENT|[21]|cliente|{"AccountGroup__c":"a02g8000002mPHVAA2","Id":"001g8000009VmcfAAC"}|0x5831e974
15:40:44.861 (958758601)|STATEMENT_EXECUTE|[21]
15:40:44.861 (958759706)|STATEMENT_EXECUTE|[22]
15:40:44.861 (958768705)|VARIABLE_SCOPE_BEGIN|[22]|p|Id|false|false
15:40:44.861 (958797535)|VARIABLE_ASSIGNMENT|[22]|p|"01tg8000001RPszAAG"
15:40:44.861 (958800510)|STATEMENT_EXECUTE|[23]
15:40:44.861 (958804287)|VARIABLE_SCOPE_BEGIN|[23]|a|Id|false|false
15:40:44.861 (958823902)|VARIABLE_ASSIGNMENT|[23]|a|"001g8000009VmcfAAC"
15:40:44.861 (958826483)|STATEMENT_EXECUTE|[24]
15:40:44.861 (958831891)|VARIABLE_SCOPE_BEGIN|[24]|g|Id|false|false
15:40:44.861 (958850917)|VARIABLE_ASSIGNMENT|[24]|g|"a02g8000002mPHVAA2"
15:40:44.861 (958853477)|STATEMENT_EXECUTE|[25]
15:40:44.861 (958856880)|VARIABLE_SCOPE_BEGIN|[25]|c|Id|false|false
15:40:44.861 (958874985)|VARIABLE_ASSIGNMENT|[25]|c|"a05g8000002BeozAAC"
15:40:44.861 (958877486)|STATEMENT_EXECUTE|[26]
15:40:44.861 (958880087)|VARIABLE_SCOPE_BEGIN|[26]|e|Id|false|false
15:40:44.861 (958897752)|VARIABLE_ASSIGNMENT|[26]|e|"a04g8000000b50jAAA"
15:40:44.861 (958900172)|STATEMENT_EXECUTE|[27]
15:40:44.861 (958903867)|VARIABLE_SCOPE_BEGIN|[27]|pa|Id|false|false
15:40:44.861 (959029835)|VARIABLE_ASSIGNMENT|[27]|pa|"a03g80000084ySPAAY"
15:40:44.861 (959050871)|HEAP_ALLOCATE|[30]|Bytes:18
15:40:44.861 (959065771)|HEAP_ALLOCATE|[30]|Bytes:18
15:40:44.861 (959075044)|HEAP_ALLOCATE|[30]|Bytes:18
15:40:44.861 (959085132)|HEAP_ALLOCATE|[30]|Bytes:56
15:40:44.861 (959101054)|STATEMENT_EXECUTE|[30]
15:40:44.861 (959105181)|HEAP_ALLOCATE|[31]|Bytes:18
15:40:44.861 (959111621)|HEAP_ALLOCATE|[31]|Bytes:18
15:40:44.861 (959117501)|HEAP_ALLOCATE|[31]|Bytes:18
15:40:44.861 (959121826)|HEAP_ALLOCATE|[31]|Bytes:56
15:40:44.861 (959126627)|STATEMENT_EXECUTE|[31]
15:40:44.861 (959129956)|HEAP_ALLOCATE|[31]|Bytes:18
15:40:44.861 (959135609)|HEAP_ALLOCATE|[31]|Bytes:18
15:40:44.861 (959141391)|HEAP_ALLOCATE|[31]|Bytes:18
15:40:44.861 (959145354)|HEAP_ALLOCATE|[31]|Bytes:56
15:40:44.861 (959161623)|METHOD_EXIT|[130]|01pg8000001F8kf|PricingService.findMargin(OrderItem, Order, Map<String,Margem__c>, Id, Account)
15:40:44.861 (959167381)|VARIABLE_SCOPE_BEGIN|[130]|margem|Margem__c|true|false
15:40:44.861 (959213346)|VARIABLE_ASSIGNMENT|[130]|margem|{"Account__c":"001g8000009VmcfAAC","Product__c":"01tg8000001RPszAAG","Id":"a00g800000PiOpBAAV","State__c":"a04g8000000b50jAAA","MarginValuePercent__c":15.00}|0x648acbb7
15:40:44.861 (959218890)|STATEMENT_EXECUTE|[131]
15:40:44.861 (959704017)|VARIABLE_ASSIGNMENT|[131]|this.MarginPercentage__c|15.00|0x55fcd86e
15:40:44.861 (959708629)|STATEMENT_EXECUTE|[134]
15:40:44.861 (959724867)|METHOD_ENTRY|[134]|01pg8000001F8kf|PricingService.findFreightValue(OrderItem, Order, Map<String,Freight__c>, Id)
15:40:44.861 (959730654)|VARIABLE_SCOPE_BEGIN|[4]|item|OrderItem|true|false
15:40:44.861 (960077363)|VARIABLE_ASSIGNMENT|[4]|item|{"Product_Code_Display__c":"TRT 7","IsDeleted":false,"UnitPrice":100.00,"Product2Id":"01tg8000001RPszAAG","PricebookEntryId":"01ug8000000gSxZAAU","TotalPrice":100.00,"Quantity":1.00,"MarginPercentage__c":15.00,"TaxPercentage__c":10.00,"ListPrice":1000.00,"OrderId":"801g8000009VmciAAC"}|0x55fcd86e
15:40:44.861 (960082598)|VARIABLE_SCOPE_BEGIN|[4]|pedido|Order|true|false
15:40:44.861 (960123849)|VARIABLE_ASSIGNMENT|[4]|pedido|{"Status":"Draft","City__c":"a05g8000002BeozAAC","Country__c":"a03g80000084ySPAAY","AccountId":"001g8000009VmcfAAC","DistributionCenter__c":"a06g8000001ga3JAAQ","Id":"801g8000009VmciAAC","State__c":"a04g8000000b50jAAA"}|0x45a39f5f
15:40:44.861 (960127652)|VARIABLE_SCOPE_BEGIN|[4]|mapFrete|Map<String,Freight__c>|true|false
15:40:44.861 (960161270)|VARIABLE_ASSIGNMENT|[4]|mapFrete|{"01tg8000001RPszAAG_a04g8000000b50jAAA":{"DistributionCenter__c":"a06g8000001ga3JAAQ","Product__c":"01tg8000001RPszAAG","Id":"a0Ag8000000gFdlEAE","State__c":"a04g8000000b50jAAA","FreightValue__c":700.00}}|0x24758882
15:40:44.861 (960164787)|VARIABLE_SCOPE_BEGIN|[4]|h|Id|false|false
15:40:44.861 (960208328)|VARIABLE_ASSIGNMENT|[4]|h|"a01g8000009VmcgAAC"
15:40:44.861 (960219022)|STATEMENT_EXECUTE|[4]
15:40:44.861 (960220057)|STATEMENT_EXECUTE|[5]
15:40:44.861 (960225122)|VARIABLE_SCOPE_BEGIN|[5]|p|Id|false|false
15:40:44.861 (960246773)|VARIABLE_ASSIGNMENT|[5]|p|"01tg8000001RPszAAG"
15:40:44.861 (960249902)|STATEMENT_EXECUTE|[6]
15:40:44.861 (960253134)|VARIABLE_SCOPE_BEGIN|[6]|c|Id|false|false
15:40:44.861 (960270722)|VARIABLE_ASSIGNMENT|[6]|c|"a05g8000002BeozAAC"
15:40:44.861 (960273358)|STATEMENT_EXECUTE|[7]
15:40:44.861 (960275722)|VARIABLE_SCOPE_BEGIN|[7]|e|Id|false|false
15:40:44.861 (960293382)|VARIABLE_ASSIGNMENT|[7]|e|"a04g8000000b50jAAA"
15:40:44.861 (960295686)|STATEMENT_EXECUTE|[8]
15:40:44.861 (960298172)|VARIABLE_SCOPE_BEGIN|[8]|pa|Id|false|false
15:40:44.861 (960315497)|VARIABLE_ASSIGNMENT|[8]|pa|"a03g80000084ySPAAY"
15:40:44.861 (960326942)|HEAP_ALLOCATE|[10]|Bytes:18
15:40:44.861 (960335782)|HEAP_ALLOCATE|[10]|Bytes:18
15:40:44.861 (960341430)|HEAP_ALLOCATE|[10]|Bytes:37
15:40:44.861 (960350580)|STATEMENT_EXECUTE|[10]
15:40:44.861 (960354412)|HEAP_ALLOCATE|[11]|Bytes:18
15:40:44.861 (960360429)|HEAP_ALLOCATE|[11]|Bytes:18
15:40:44.861 (960364838)|HEAP_ALLOCATE|[11]|Bytes:37
15:40:44.861 (960369670)|STATEMENT_EXECUTE|[11]
15:40:44.861 (960372790)|HEAP_ALLOCATE|[11]|Bytes:18
15:40:44.861 (960378611)|HEAP_ALLOCATE|[11]|Bytes:18
15:40:44.861 (960382504)|HEAP_ALLOCATE|[11]|Bytes:37
15:40:44.861 (960400331)|METHOD_EXIT|[134]|01pg8000001F8kf|PricingService.findFreightValue(OrderItem, Order, Map<String,Freight__c>, Id)
15:40:44.861 (960811065)|VARIABLE_ASSIGNMENT|[134]|this.FreightValue__c|700.00|0x55fcd86e
15:40:44.861 (960816340)|STATEMENT_EXECUTE|[137]
15:40:44.861 (960825695)|VARIABLE_SCOPE_BEGIN|[137]|custoUnitario|Decimal|false|false
15:40:44.861 (960830865)|VARIABLE_ASSIGNMENT|[137]|custoUnitario|300000.00
15:40:44.861 (960833378)|STATEMENT_EXECUTE|[140]
15:40:44.861 (960842728)|HEAP_ALLOCATE|[140]|Bytes:28
15:40:44.861 (960847293)|HEAP_ALLOCATE|[140]|Bytes:28
15:40:44.861 (960857149)|METHOD_ENTRY|[140]|01pg8000001F8kf|PricingService.calculateFinalPrice(OrderItem, Decimal, Margem__c, Decimal, Decimal)
15:40:44.861 (960861363)|VARIABLE_SCOPE_BEGIN|[47]|item|OrderItem|true|false
15:40:44.861 (961209041)|VARIABLE_ASSIGNMENT|[47]|item|{"Product_Code_Display__c":"TRT 7","IsDeleted":false,"UnitPrice":100.00,"Product2Id":"01tg8000001RPszAAG","PricebookEntryId":"01ug8000000gSxZAAU","TotalPrice":100.00,"Quantity":1.00,"MarginPercentage__c":15.00,"TaxPercentage__c":10.00,"ListPrice":1000.00,"OrderId":"801g8000009VmciAAC","FreightValue__c":700.00}|0x55fcd86e
15:40:44.861 (961214516)|VARIABLE_SCOPE_BEGIN|[47]|frete|Decimal|false|false
15:40:44.861 (961219836)|VARIABLE_ASSIGNMENT|[47]|frete|700.00
15:40:44.861 (961221644)|VARIABLE_SCOPE_BEGIN|[47]|margem|Margem__c|true|false
15:40:44.861 (961258228)|VARIABLE_ASSIGNMENT|[47]|margem|{"Account__c":"001g8000009VmcfAAC","Product__c":"01tg8000001RPszAAG","Id":"a00g800000PiOpBAAV","State__c":"a04g8000000b50jAAA","MarginValuePercent__c":15.00}|0x648acbb7
15:40:44.861 (961262672)|VARIABLE_SCOPE_BEGIN|[47]|impostoPercent|Decimal|false|false
15:40:44.861 (961268541)|VARIABLE_ASSIGNMENT|[47]|impostoPercent|10.00
15:40:44.861 (961271171)|VARIABLE_SCOPE_BEGIN|[47]|custo|Decimal|false|false
15:40:44.861 (961276453)|VARIABLE_ASSIGNMENT|[47]|custo|300000.00
15:40:44.861 (961287266)|STATEMENT_EXECUTE|[47]
15:40:44.861 (961288613)|STATEMENT_EXECUTE|[48]
15:40:44.861 (961301381)|VARIABLE_SCOPE_BEGIN|[48]|mPerc|Decimal|false|false
15:40:44.861 (961307729)|VARIABLE_ASSIGNMENT|[48]|mPerc|15.00
15:40:44.861 (961310798)|STATEMENT_EXECUTE|[49]
15:40:44.861 (961312759)|VARIABLE_SCOPE_BEGIN|[49]|iPerc|Decimal|false|false
15:40:44.861 (961323011)|VARIABLE_ASSIGNMENT|[49]|iPerc|10.00
15:40:44.861 (961326246)|STATEMENT_EXECUTE|[50]
15:40:44.861 (961328056)|VARIABLE_SCOPE_BEGIN|[50]|custoProd|Decimal|false|false
15:40:44.861 (961333731)|VARIABLE_ASSIGNMENT|[50]|custoProd|300000.00
15:40:44.861 (961336666)|STATEMENT_EXECUTE|[51]
15:40:44.861 (961338281)|VARIABLE_SCOPE_BEGIN|[51]|freteVal|Decimal|false|false
15:40:44.861 (961343565)|VARIABLE_ASSIGNMENT|[51]|freteVal|700.00
15:40:44.861 (961345680)|STATEMENT_EXECUTE|[54]
15:40:44.861 (961395976)|HEAP_ALLOCATE|[54]|Bytes:28
15:40:44.861 (961406111)|VARIABLE_SCOPE_BEGIN|[54]|precoBase|Decimal|false|false
15:40:44.861 (961411324)|VARIABLE_ASSIGNMENT|[54]|precoBase|300700.00
15:40:44.861 (961413490)|STATEMENT_EXECUTE|[57]
15:40:44.861 (961420758)|HEAP_ALLOCATE|[57]|Bytes:28
15:40:44.861 (961422365)|HEAP_ALLOCATE|[57]|Bytes:28
15:40:44.861 (961426367)|HEAP_ALLOCATE|[57]|Bytes:28
15:40:44.861 (961481165)|HEAP_ALLOCATE|[57]|Bytes:28
15:40:44.861 (961482921)|HEAP_ALLOCATE|[57]|Bytes:28
15:40:44.861 (961490958)|HEAP_ALLOCATE|[57]|Bytes:28
15:40:44.861 (961501402)|HEAP_ALLOCATE|[57]|Bytes:28
15:40:44.861 (961505547)|VARIABLE_SCOPE_BEGIN|[57]|precoSemMargem|Decimal|false|false
15:40:44.861 (961511810)|VARIABLE_ASSIGNMENT|[57]|precoSemMargem|330770.0000
15:40:44.861 (961514108)|STATEMENT_EXECUTE|[60]
15:40:44.861 (961516490)|HEAP_ALLOCATE|[60]|Bytes:28
15:40:44.861 (961518095)|HEAP_ALLOCATE|[60]|Bytes:28
15:40:44.861 (961520765)|HEAP_ALLOCATE|[60]|Bytes:28
15:40:44.861 (961531958)|HEAP_ALLOCATE|[60]|Bytes:28
15:40:44.861 (961533530)|HEAP_ALLOCATE|[60]|Bytes:28
15:40:44.861 (961540617)|HEAP_ALLOCATE|[60]|Bytes:28
15:40:44.861 (961547349)|HEAP_ALLOCATE|[60]|Bytes:28
15:40:44.861 (961551369)|VARIABLE_SCOPE_BEGIN|[60]|precoCalculado|Decimal|false|false
15:40:44.861 (961555900)|VARIABLE_ASSIGNMENT|[60]|precoCalculado|380385.500000
15:40:44.861 (961557992)|STATEMENT_EXECUTE|[63]
15:40:44.861 (961970781)|VARIABLE_ASSIGNMENT|[63]|this.ProductionCost__c|300000.00|0x55fcd86e
15:40:44.861 (961975823)|STATEMENT_EXECUTE|[64]
15:40:44.861 (962339844)|VARIABLE_ASSIGNMENT|[64]|this.MarginPercentage__c|15.00|0x55fcd86e
15:40:44.861 (962345549)|STATEMENT_EXECUTE|[65]
15:40:44.861 (962858342)|VARIABLE_ASSIGNMENT|[65]|this.FreightValue__c|700.00|0x55fcd86e
15:40:44.861 (962862961)|STATEMENT_EXECUTE|[66]
15:40:44.861 (963194736)|VARIABLE_ASSIGNMENT|[66]|this.TaxPercentage__c|10.00|0x55fcd86e
15:40:44.861 (963198789)|STATEMENT_EXECUTE|[67]
15:40:44.861 (963525348)|VARIABLE_ASSIGNMENT|[67]|this.PriceWithoutMargin__c|330770.0000|0x55fcd86e
15:40:44.861 (963529075)|STATEMENT_EXECUTE|[68]
15:40:44.861 (963851891)|VARIABLE_ASSIGNMENT|[68]|this.FinalPrice__c|380385.500000|0x55fcd86e
15:40:44.861 (963855874)|STATEMENT_EXECUTE|[71]
15:40:44.861 (963870170)|VARIABLE_SCOPE_BEGIN|[71]|unitPriceDigitado|Decimal|false|false
15:40:44.861 (963876594)|VARIABLE_ASSIGNMENT|[71]|unitPriceDigitado|100.00
15:40:44.861 (963885477)|HEAP_ALLOCATE|[74]|Bytes:28
15:40:44.861 (963887721)|HEAP_ALLOCATE|[74]|Bytes:28
15:40:44.861 (963913439)|STATEMENT_EXECUTE|[74]
15:40:44.861 (963915351)|STATEMENT_EXECUTE|[75]
15:40:44.861 (963928865)|HEAP_ALLOCATE|[75]|Bytes:28
15:40:44.861 (963991345)|HEAP_ALLOCATE|[75]|Bytes:28
15:40:44.861 (963993722)|HEAP_ALLOCATE|[75]|Bytes:28
15:40:44.861 (964368192)|VARIABLE_ASSIGNMENT|[75]|this.DiscountPercentage__c|0.999737108801465881323026245742806|0x55fcd86e
15:40:44.861 (964373515)|STATEMENT_EXECUTE|[76]
15:40:44.861 (964383408)|HEAP_ALLOCATE|[76]|Bytes:28
15:40:44.861 (964765849)|VARIABLE_ASSIGNMENT|[76]|this.DiscountValue__c|380285.500000|0x55fcd86e
15:40:44.861 (964771286)|STATEMENT_EXECUTE|[79]
15:40:44.861 (964779796)|HEAP_ALLOCATE|[79]|Bytes:28
15:40:44.861 (965161792)|VARIABLE_ASSIGNMENT|[79]|this.UnitPrice|380385.500000|0x55fcd86e
15:40:44.861 (965175600)|METHOD_EXIT|[140]|01pg8000001F8kf|PricingService.calculateFinalPrice(OrderItem, Decimal, Margem__c, Decimal, Decimal)
15:40:44.861 (965199225)|HEAP_ALLOCATE|[106]|Bytes:5
15:40:44.861 (965212555)|VARIABLE_ASSIGNMENT|[106]|item|null|
15:40:44.861 (965218446)|METHOD_EXIT|[20]|01pg8000001EZwd|OrdemItemHandler.executePricingLogic()
15:40:44.861 (965223164)|STATEMENT_EXECUTE|[21]
15:40:44.861 (965235769)|METHOD_ENTRY|[21]|01pg8000001EZwd|OrdemItemHandler.checkDuplicateProducts()
15:40:44.861 (965240457)|VARIABLE_SCOPE_BEGIN|[145]|this|OrdemItemHandler|true|false
15:40:44.861 (965300000)|VARIABLE_ASSIGNMENT|[145]|this|{"newRecords":"0x141feef7","handlerName":"OrderItemHandler","isTriggerExecuting":true,"triggerEvent":"0x2c8bc884"}|0x4e73bab6
15:40:44.861 (965312159)|STATEMENT_EXECUTE|[145]
15:40:44.861 (965314057)|STATEMENT_EXECUTE|[146]
15:40:44.861 (965330358)|HEAP_ALLOCATE|[146]|Bytes:4
15:40:44.861 (965344103)|VARIABLE_SCOPE_BEGIN|[146]|setOrderIds|Set<Id>|true|false
15:40:44.861 (965440694)|VARIABLE_ASSIGNMENT|[146]|setOrderIds|[]|0xf4fcca3
15:40:44.861 (965445790)|STATEMENT_EXECUTE|[147]
15:40:44.861 (965449811)|HEAP_ALLOCATE|[147]|Bytes:4
15:40:44.861 (965456473)|VARIABLE_SCOPE_BEGIN|[147]|setProductIds|Set<Id>|true|false
15:40:44.861 (965465623)|VARIABLE_ASSIGNMENT|[147]|setProductIds|[]|0x23b931fb
15:40:44.861 (965490268)|HEAP_ALLOCATE|[149]|Bytes:5
15:40:44.861 (965507607)|HEAP_ALLOCATE|[149]|Bytes:40
15:40:44.861 (965515362)|VARIABLE_SCOPE_BEGIN|[149]|ot|OrderItem|true|false
15:40:44.861 (965931359)|VARIABLE_ASSIGNMENT|[149]|ot|{"Product_Code_Display__c":"TRT 7","DiscountPercentage__c":0.999737108801465881323026245742806,"IsDeleted":false,"DiscountValue__c":380285.500000,"Quantity":1.00,"FinalPrice__c":380385.500000,"TaxPercentage__c":10.00,"ListPrice":1000.00,"OrderId":"801g8000009VmciAAC","PriceWithoutMargin__c":330770.0000,"FreightValue__c":700.00,"UnitPrice":380385.500000,"Product2Id":"01tg8000001RPszAAG","ProductionCost__c":300000.00,"PricebookEntryId":"01ug8000000gSxZAAU","TotalPrice":100.00,"MarginPercentage__c":15.00}|0x55fcd86e
15:40:44.861 (965941128)|STATEMENT_EXECUTE|[149]
15:40:44.861 (965942248)|STATEMENT_EXECUTE|[150]
15:40:44.861 (965959467)|HEAP_ALLOCATE|[EXTERNAL]|Bytes:4
15:40:44.861 (965966004)|STATEMENT_EXECUTE|[151]
15:40:44.861 (965971046)|HEAP_ALLOCATE|[EXTERNAL]|Bytes:4
15:40:44.861 (965979791)|HEAP_ALLOCATE|[149]|Bytes:5
15:40:44.861 (965986481)|VARIABLE_ASSIGNMENT|[149]|ot|null|
15:40:44.861 (965989946)|STATEMENT_EXECUTE|[154]
15:40:44.861 (966005573)|HEAP_ALLOCATE|[154]|Bytes:4
15:40:44.861 (966016904)|METHOD_ENTRY|[1]|01pg8000001w1Mc|OrderItemSelector.OrderItemSelector()
15:40:44.861 (966019688)|STATEMENT_EXECUTE|[1]
15:40:44.861 (966022051)|STATEMENT_EXECUTE|[1]
15:40:44.861 (966025951)|METHOD_EXIT|[1]|OrderItemSelector
15:40:44.861 (966031299)|METHOD_ENTRY|[154]|01pg8000001w1Mc|OrderItemSelector.getOrderItemByIds(Set<Id>, Set<Id>)
15:40:44.861 (966035112)|VARIABLE_SCOPE_BEGIN|[2]|orderIds|Set<Id>|true|false
15:40:44.861 (966042970)|VARIABLE_ASSIGNMENT|[2]|orderIds|["801g8000009VmciAAC"]|0xf4fcca3
15:40:44.861 (966045560)|VARIABLE_SCOPE_BEGIN|[2]|productIds|Set<Id>|true|false
15:40:44.861 (966049980)|VARIABLE_ASSIGNMENT|[2]|productIds|["01tg8000001RPszAAG"]|0x23b931fb
15:40:44.861 (966058308)|STATEMENT_EXECUTE|[2]
15:40:44.861 (966059204)|STATEMENT_EXECUTE|[3]
15:40:44.861 (966061287)|HEAP_ALLOCATE|[3]|Bytes:98
15:40:44.861 (966074325)|HEAP_ALLOCATE|[3]|Bytes:4
15:40:44.861 (966087593)|HEAP_ALLOCATE|[3]|Bytes:7
15:40:44.861 (966484037)|SOQL_EXECUTE_BEGIN|[3]|Aggregations:0|SELECT Id, OrderId, Product2Id FROM OrderItem WHERE (OrderId = :tmpVar1 AND Product2Id = :tmpVar2)
15:40:44.861 (968012821)|SOQL_EXECUTE_END|[3]|Rows:0
15:40:44.861 (968049926)|HEAP_ALLOCATE|[3]|Bytes:4
15:40:44.861 (968066146)|HEAP_ALLOCATE|[3]|Bytes:0
15:40:44.861 (968111701)|HEAP_ALLOCATE|[3]|Bytes:4
15:40:44.861 (968130313)|METHOD_EXIT|[154]|01pg8000001w1Mc|OrderItemSelector.getOrderItemByIds(Set<Id>, Set<Id>)
15:40:44.861 (968136946)|VARIABLE_SCOPE_BEGIN|[154]|existingItens|List<OrderItem>|true|false
15:40:44.861 (968153308)|VARIABLE_ASSIGNMENT|[154]|existingItens|[]|0x1ce4f344
15:40:44.861 (968159376)|STATEMENT_EXECUTE|[156]
15:40:44.861 (968169737)|HEAP_ALLOCATE|[156]|Bytes:4
15:40:44.861 (968183809)|VARIABLE_SCOPE_BEGIN|[156]|comparacao|Set<String>|true|false
15:40:44.861 (968200176)|VARIABLE_ASSIGNMENT|[156]|comparacao|[]|0x75f088f6
15:40:44.861 (968229098)|HEAP_ALLOCATE|[157]|Bytes:5
15:40:44.861 (968243041)|VARIABLE_ASSIGNMENT|[157]|it|null|
15:40:44.861 (968247538)|STATEMENT_EXECUTE|[157]
15:40:44.861 (968260018)|HEAP_ALLOCATE|[161]|Bytes:5
15:40:44.861 (968280259)|HEAP_ALLOCATE|[161]|Bytes:40
15:40:44.861 (968287953)|VARIABLE_SCOPE_BEGIN|[161]|newItem|OrderItem|true|false
15:40:44.861 (968819406)|VARIABLE_ASSIGNMENT|[161]|newItem|{"Product_Code_Display__c":"TRT 7","DiscountPercentage__c":0.999737108801465881323026245742806,"IsDeleted":false,"DiscountValue__c":380285.500000,"Quantity":1.00,"FinalPrice__c":380385.500000,"TaxPercentage__c":10.00,"ListPrice":1000.00,"OrderId":"801g8000009VmciAAC","PriceWithoutMargin__c":330770.0000,"FreightValue__c":700.00,"UnitPrice":380385.500000,"Product2Id":"01tg8000001RPszAAG","ProductionCost__c":300000.00,"PricebookEntryId":"01ug8000000gSxZAAU","TotalPrice":100.00,"MarginPercentage__c":15.00}|0x55fcd86e
15:40:44.861 (968830187)|STATEMENT_EXECUTE|[161]
15:40:44.861 (968831841)|STATEMENT_EXECUTE|[162]
15:40:44.861 (968859161)|HEAP_ALLOCATE|[162]|Bytes:18
15:40:44.861 (968866075)|HEAP_ALLOCATE|[162]|Bytes:1
15:40:44.861 (968872693)|HEAP_ALLOCATE|[162]|Bytes:18
15:40:44.861 (968879748)|HEAP_ALLOCATE|[162]|Bytes:37
15:40:44.861 (968883297)|VARIABLE_SCOPE_BEGIN|[162]|keyCombo|String|false|false
15:40:44.861 (968890918)|VARIABLE_ASSIGNMENT|[162]|keyCombo|"801g8000009VmciAAC-0 (17 more) ..."
15:40:44.861 (968904663)|STATEMENT_EXECUTE|[166]
15:40:44.861 (968905953)|STATEMENT_EXECUTE|[168]
15:40:44.861 (968910748)|HEAP_ALLOCATE|[EXTERNAL]|Bytes:4
15:40:44.861 (968922119)|HEAP_ALLOCATE|[161]|Bytes:5
15:40:44.861 (968928870)|VARIABLE_ASSIGNMENT|[161]|newItem|null|
15:40:44.861 (968936068)|METHOD_EXIT|[21]|01pg8000001EZwd|OrdemItemHandler.checkDuplicateProducts()
15:40:44.861 (968942093)|METHOD_EXIT|[137]|01pg8000001EZwd|OrdemItemHandler.beforeInsert()
15:40:44.861 (968945865)|STATEMENT_EXECUTE|[158]
15:40:44.861 (968963830)|METHOD_ENTRY|[158]|01pg80000019iSf|TriggerHandler.andFinally()
15:40:44.861 (968972497)|VARIABLE_SCOPE_BEGIN|[746]|this|TriggerHandler|true|false
15:40:44.861 (969015650)|VARIABLE_ASSIGNMENT|[746]|this|{"newRecords":"0x141feef7","handlerName":"OrderItemHandler","isTriggerExecuting":true,"triggerEvent":"0x2c8bc884"}|0x4e73bab6
15:40:44.861 (969027204)|STATEMENT_EXECUTE|[746]
15:40:44.861 (969028999)|METHOD_EXIT|[158]|01pg80000019iSf|TriggerHandler.andFinally()
15:40:44.861 (969034820)|STATEMENT_EXECUTE|[160]
15:40:44.861 (969037180)|STATEMENT_EXECUTE|[176]
15:40:44.861 (969040835)|METHOD_EXIT|[2]|01pg80000019iSf|TriggerHandler.run()
15:40:44.969 (969049225)|CUMULATIVE_LIMIT_USAGE
15:40:44.969 (969049225)|LIMIT_USAGE_FOR_NS|(default)|
  Number of SOQL queries: 4 out of 100
  Number of query rows: 4 out of 50000
  Number of SOSL queries: 0 out of 20
  Number of DML statements: 14 out of 150
  Number of Publish Immediate DML: 0 out of 150
  Number of DML rows: 14 out of 10000
  Maximum CPU time: 102 out of 10000
  Maximum heap size: 0 out of 6000000
  Number of callouts: 0 out of 100
  Number of Email Invocations: 0 out of 10
  Number of future calls: 0 out of 50
  Number of queueable jobs added to the queue: 0 out of 50
  Number of Mobile Apex push calls: 0 out of 10

15:40:44.969 (969049225)|TESTING_LIMITS
15:40:44.969 (969049225)|LIMIT_USAGE_FOR_NS|(default)|
  Number of SOQL queries: 8 out of 100
  Number of query rows: 7 out of 50000
  Number of SOSL queries: 0 out of 20
  Number of DML statements: 1 out of 150
  Number of Publish Immediate DML: 0 out of 150
  Number of DML rows: 1 out of 10000
  Maximum CPU time: 0 out of 10000
  Maximum heap size: 0 out of 6000000
  Number of callouts: 0 out of 100
  Number of Email Invocations: 0 out of 10
  Number of future calls: 0 out of 50
  Number of queueable jobs added to the queue: 0 out of 50
  Number of Mobile Apex push calls: 0 out of 10

15:40:44.969 (969049225)|CUMULATIVE_LIMIT_USAGE_END

15:40:44.861 (969426105)|CODE_UNIT_FINISHED|OrdemItemTrigger on OrderItem trigger event BeforeInsert|__sfdc_trigger/OrdemItemTrigger
15:40:44.861 (999294415)|CODE_UNIT_STARTED|[EXTERNAL]|01qg8000000GdOn|OrderTrigger on Order trigger event BeforeUpdate|__sfdc_trigger/OrderTrigger
15:40:44.861 (999374572)|HEAP_ALLOCATE|[EXTERNAL]|Bytes:8
15:40:44.861 (999446631)|HEAP_ALLOCATE|[EXTERNAL]|Bytes:8
15:40:44.861 (999515625)|HEAP_ALLOCATE|[EXTERNAL]|Bytes:4
15:40:44.861 (999526165)|VARIABLE_SCOPE_BEGIN|[1]|this|OrderTrigger|true|false
15:40:44.861 (999566077)|VARIABLE_ASSIGNMENT|[1]|this|{}|0x7d61bf3b
15:40:44.861 (999597437)|HEAP_ALLOCATE|[EXTERNAL]|Bytes:4
15:40:44.861 (999601636)|VARIABLE_SCOPE_BEGIN|[1]|this|OrderTrigger|true|false
15:40:44.861 (999607150)|VARIABLE_ASSIGNMENT|[1]|this|{}|0x7d61bf3b
15:40:44.861 (999614822)|STATEMENT_EXECUTE|[1]
15:40:44.861 (999616317)|STATEMENT_EXECUTE|[2]
15:40:44.861 (999637843)|HEAP_ALLOCATE|[2]|Bytes:16
15:40:44.861 (999653985)|METHOD_ENTRY|[1]|01pg8000001LXzh|OrderHandler.OrderHandler()
15:40:44.861 (999657422)|STATEMENT_EXECUTE|[1]
15:40:44.861 (999660153)|STATEMENT_EXECUTE|[1]
15:40:44.861 (999664243)|METHOD_EXIT|[1]|OrderHandler
15:40:44.861 (999669199)|HEAP_ALLOCATE|[2]|Bytes:32
15:40:44.861 (999692895)|CONSTRUCTOR_ENTRY|[2]|01pg8000001LXzh|<init>()|OrderHandler
15:40:44.861 (999702663)|VARIABLE_SCOPE_BEGIN|[8]|this|OrderHandler|true|false
15:40:44.861 (999723121)|VARIABLE_ASSIGNMENT|[8]|this|{}|0x4c5958c0
15:40:44.861 (999729216)|STATEMENT_EXECUTE|[1]
15:40:44.861 (999730583)|STATEMENT_EXECUTE|[3]
15:40:44.861 (999731676)|STATEMENT_EXECUTE|[4]
15:40:44.861 (999732471)|STATEMENT_EXECUTE|[5]
15:40:44.861 (999733545)|STATEMENT_EXECUTE|[6]
15:40:44.861 (999734319)|STATEMENT_EXECUTE|[9]
15:40:44.861 (999737226)|HEAP_ALLOCATE|[9]|Bytes:12
15:40:44.861 (999751451)|CONSTRUCTOR_ENTRY|[9]|01pg80000019iSf|<init>(String)|TriggerHandler
15:40:44.861 (999755791)|VARIABLE_SCOPE_BEGIN|[107]|this|TriggerHandler|true|false
15:40:44.861 (999763166)|VARIABLE_ASSIGNMENT|[107]|this|{}|0x4c5958c0
15:40:44.861 (999765753)|VARIABLE_SCOPE_BEGIN|[107]|handlerName|String|false|false
15:40:44.861 (999775645)|VARIABLE_ASSIGNMENT|[107]|handlerName|"OrderHandler"
15:40:44.861 (999779189)|STATEMENT_EXECUTE|[15]
15:40:44.861 (999780114)|STATEMENT_EXECUTE|[50]
15:40:44.861 (999781092)|STATEMENT_EXECUTE|[57]
15:40:44.861 (999782051)|STATEMENT_EXECUTE|[671]
15:40:44.861 (999801132)|STATEMENT_EXECUTE|[107]
15:40:44.861 (999802069)|STATEMENT_EXECUTE|[108]
15:40:44.861 (999806227)|STATEMENT_EXECUTE|[109]
15:40:44.861 (999814271)|METHOD_ENTRY|[109]|01pg80000019iSf|TriggerHandler.setTriggerContext()
15:40:44.861 (999817994)|VARIABLE_SCOPE_BEGIN|[565]|this|TriggerHandler|true|false
15:40:44.861 (999827307)|VARIABLE_ASSIGNMENT|[565]|this|{"handlerName":"OrderHandler"}|0x4c5958c0
15:40:44.861 (999842230)|STATEMENT_EXECUTE|[565]
15:40:44.861 (999843385)|STATEMENT_EXECUTE|[566]
15:40:44.861 (999907321)|HEAP_ALLOCATE|[566]|Bytes:16
15:40:44.861 (999918828)|METHOD_ENTRY|[566]|01pg80000019iSf|TriggerHandler.setTriggerContext(System.TriggerOperation, Boolean)
15:40:44.861 (999922235)|VARIABLE_SCOPE_BEGIN|[582]|this|TriggerHandler|true|false
15:40:44.861 (999930788)|VARIABLE_ASSIGNMENT|[582]|this|{"handlerName":"OrderHandler"}|0x4c5958c0
15:40:44.861 (999933604)|VARIABLE_SCOPE_BEGIN|[582]|opType|System.TriggerOperation|true|false
15:40:44.861 (999947660)|VARIABLE_ASSIGNMENT|[582]|opType|"BEFORE_UPDATE"|0x1de8b7e9
15:40:44.861 (999955990)|VARIABLE_SCOPE_BEGIN|[582]|testMode|Boolean|false|false
15:40:44.861 (999963286)|VARIABLE_ASSIGNMENT|[582]|testMode|false
15:40:44.861 (999967667)|STATEMENT_EXECUTE|[582]
15:40:44.861 (999975978)|STATEMENT_EXECUTE|[586]
15:40:44.861 (999976850)|STATEMENT_EXECUTE|[587]
15:40:44.861 (999979676)|HEAP_ALLOCATE|[587]|Bytes:5
15:40:44.861 (999984547)|STATEMENT_EXECUTE|[590]
15:40:44.861 (999985651)|STATEMENT_EXECUTE|[592]
15:40:44.861 (999995800)|HEAP_ALLOCATE|[592]|Bytes:16
15:40:44.861 (1000000235)|STATEMENT_EXECUTE|[595]
15:40:44.861 (1000010370)|VARIABLE_SCOPE_BEGIN|[595]|context|String|false|false
15:40:44.861 (1000017370)|VARIABLE_ASSIGNMENT|[595]|context|"BEFORE_UPDATE"
15:40:44.861 (1000019501)|STATEMENT_EXECUTE|[597]
15:40:44.861 (1000042210)|HEAP_ALLOCATE|[601]|Bytes:13
15:40:44.861 (1000051845)|STATEMENT_EXECUTE|[601]
15:40:44.861 (1000053002)|STATEMENT_EXECUTE|[602]
15:40:44.861 (1000059933)|METHOD_EXIT|[566]|01pg80000019iSf|TriggerHandler.setTriggerContext(System.TriggerOperation, Boolean)
15:40:44.861 (1000063108)|METHOD_EXIT|[109]|01pg80000019iSf|TriggerHandler.setTriggerContext()
15:40:44.861 (1000068991)|CONSTRUCTOR_EXIT|[9]|01pg80000019iSf|<init>(String)|TriggerHandler
15:40:44.861 (1000072235)|STATEMENT_EXECUTE|[8]
15:40:44.861 (1000073665)|STATEMENT_EXECUTE|[10]
15:40:44.861 (1000850727)|VARIABLE_ASSIGNMENT|[10]|this.newRecords|[{"Status":"Draft","LastModifiedDate":"2026-04-10T18:40:45.000Z","Country__c":"a03g80000084ySPAAY","IsDeleted":false,"AccountId":"001g8000009VmcfAAC","OrderNumber":"00100116","TotalAmount":380385.50,"StatusCode":"Draft","IsReductionOrder":false,"SystemModstamp":"2026-04-10T18:40:45.000Z","City__c":"a05g8000002BeozAAC","OwnerId":"005g80000010N45AAE","CreatedById":"005g80000010N45AAE","DistributionCenter__c":"a06g8000001ga3JAAQ","CreatedDate":"2026-04-10T18:40:45.000Z","Pricebook2Id":"01sg8000000h7xWAAQ","Id":"801g8000009VmciAAC","LastModifiedById":"005g80000010N45AAE","State__c":"a04g8000000b50jAAA","EffectiveDate":"2026-04-10T00:00:00.000Z"}]|0x4c5958c0
15:40:44.861 (1000862672)|STATEMENT_EXECUTE|[11]
15:40:44.861 (1001329269)|VARIABLE_ASSIGNMENT|[11]|this.oldRecords|[{"Status":"Draft","LastModifiedDate":"2026-04-10T18:40:45.000Z","Country__c":"a03g80000084ySPAAY","IsDeleted":false,"AccountId":"001g8000009VmcfAAC","OrderNumber":"00100116","TotalAmount":0.00,"StatusCode":"Draft","IsReductionOrder":false,"SystemModstamp":"2026-04-10T18:40:45.000Z","City__c":"a05g8000002BeozAAC","OwnerId":"005g80000010N45AAE","CreatedById":"005g80000010N45AAE","DistributionCenter__c":"a06g8000001ga3JAAQ","CreatedDate":"2026-04-10T18:40:45.000Z","Pricebook2Id":"01sg8000000h7xWAAQ","Id":"801g8000009VmciAAC","LastModifiedById":"005g80000010N45AAE","State__c":"a04g8000000b50jAAA","EffectiveDate":"2026-04-10T00:00:00.000Z"}]|0x4c5958c0
15:40:44.861 (1001338583)|STATEMENT_EXECUTE|[12]
15:40:44.861 (1001724509)|VARIABLE_ASSIGNMENT|[12]|this.newRecordsMap|{"801g8000009VmciAAC":{"Status":"Draft","LastModifiedDate":"2026-04-10T18:40:45.000Z","Country__c":"a03g80000084ySPAAY","IsDeleted":false,"AccountId":"001g8000009VmcfAAC","OrderNumber":"00100116","TotalAmount":380385.50,"StatusCode":"Draft","IsReductionOrder":false,"SystemModstamp":"2026-04-10T18:40:45.000Z","City__c":"a05g8000002BeozAAC","OwnerId":"005g80000010N45AAE","CreatedById":"005g80000010N45AAE","DistributionCenter__c":"a06g8000001ga3JAAQ","CreatedDate":"2026-04-10T18:40:45.000Z","Pricebook2Id":"01sg8000000h7xWAAQ","Id":"801g8000009VmciAAC","LastModifiedById":"005g80000010N45AAE","State__c":"a04g8000000b50jAAA","EffectiveDate":"2026-04-10T00:00:00.000Z"}}|0x4c5958c0
15:40:44.861 (1001732824)|STATEMENT_EXECUTE|[13]
15:40:44.861 (1002072695)|VARIABLE_ASSIGNMENT|[13]|this.oldRecordsMap|{"801g8000009VmciAAC":{"Status":"Draft","LastModifiedDate":"2026-04-10T18:40:45.000Z","Country__c":"a03g80000084ySPAAY","IsDeleted":false,"AccountId":"001g8000009VmcfAAC","OrderNumber":"00100116","TotalAmount":0.00,"StatusCode":"Draft","IsReductionOrder":false,"SystemModstamp":"2026-04-10T18:40:45.000Z","City__c":"a05g8000002BeozAAC","OwnerId":"005g80000010N45AAE","CreatedById":"005g80000010N45AAE","DistributionCenter__c":"a06g8000001ga3JAAQ","CreatedDate":"2026-04-10T18:40:45.000Z","Pricebook2Id":"01sg8000000h7xWAAQ","Id":"801g8000009VmciAAC","LastModifiedById":"005g80000010N45AAE","State__c":"a04g8000000b50jAAA","EffectiveDate":"2026-04-10T00:00:00.000Z"}}|0x4c5958c0
15:40:44.861 (1002092922)|CONSTRUCTOR_EXIT|[2]|01pg8000001LXzh|<init>()|OrderHandler
15:40:44.861 (1002116183)|METHOD_ENTRY|[2]|01pg80000019iSf|TriggerHandler.run()
15:40:44.861 (1002121793)|VARIABLE_SCOPE_BEGIN|[120]|this|TriggerHandler|true|false
15:40:44.861 (1002158586)|VARIABLE_ASSIGNMENT|[120]|this|{"newRecords":"0x3ab8bcf2","newRecordsMap":"0x11565519","oldRecords":"0x613eb86f","oldRecordsMap":"0x67a773d0","handlerName":"OrderHandler","isTriggerExecuting":true,"triggerEvent":"0x1de8b7e9"}|0x4c5958c0
15:40:44.861 (1002170557)|STATEMENT_EXECUTE|[120]
15:40:44.861 (1002174607)|METHOD_ENTRY|[121]|01pg80000019iSf|TriggerHandler.validateRun()
15:40:44.861 (1002179291)|VARIABLE_SCOPE_BEGIN|[661]|this|TriggerHandler|true|false
15:40:44.861 (1002190354)|VARIABLE_ASSIGNMENT|[661]|this|{"newRecords":"0x3ab8bcf2","newRecordsMap":"0x11565519","oldRecords":"0x613eb86f","oldRecordsMap":"0x67a773d0","handlerName":"OrderHandler","isTriggerExecuting":true,"triggerEvent":"0x1de8b7e9"}|0x4c5958c0
15:40:44.861 (1002195177)|STATEMENT_EXECUTE|[661]
15:40:44.861 (1002200882)|STATEMENT_EXECUTE|[662]
15:40:44.861 (1002202216)|STATEMENT_EXECUTE|[665]
15:40:44.861 (1002206899)|METHOD_ENTRY|[665]|01pg80000019iSf|TriggerHandler.getHandlerName()
15:40:44.861 (1002210447)|VARIABLE_SCOPE_BEGIN|[680]|this|TriggerHandler|true|false
15:40:44.861 (1002219452)|VARIABLE_ASSIGNMENT|[680]|this|{"newRecords":"0x3ab8bcf2","newRecordsMap":"0x11565519","oldRecords":"0x613eb86f","oldRecordsMap":"0x67a773d0","handlerName":"OrderHandler","isTriggerExecuting":true,"triggerEvent":"0x1de8b7e9"}|0x4c5958c0
15:40:44.861 (1002224082)|STATEMENT_EXECUTE|[680]
15:40:44.861 (1002245579)|STATEMENT_EXECUTE|[681]
15:40:44.861 (1002246715)|STATEMENT_EXECUTE|[684]
15:40:44.861 (1002249327)|METHOD_EXIT|[665]|01pg80000019iSf|TriggerHandler.getHandlerName()
15:40:44.861 (1002268001)|METHOD_EXIT|[121]|01pg80000019iSf|TriggerHandler.validateRun()
15:40:44.861 (1002271525)|STATEMENT_EXECUTE|[121]
15:40:44.861 (1002274297)|METHOD_ENTRY|[126]|01pg80000019iSf|TriggerHandler.incrementCheckLoopCount()
15:40:44.861 (1002277601)|VARIABLE_SCOPE_BEGIN|[634]|this|TriggerHandler|true|false
15:40:44.861 (1002287552)|VARIABLE_ASSIGNMENT|[634]|this|{"newRecords":"0x3ab8bcf2","newRecordsMap":"0x11565519","oldRecords":"0x613eb86f","oldRecordsMap":"0x67a773d0","handlerName":"OrderHandler","isTriggerExecuting":true,"triggerEvent":"0x1de8b7e9"}|0x4c5958c0
15:40:44.861 (1002292761)|STATEMENT_EXECUTE|[634]
15:40:44.861 (1002293647)|STATEMENT_EXECUTE|[635]
15:40:44.861 (1002296090)|METHOD_ENTRY|[635]|01pg80000019iSf|TriggerHandler.getHandlerName()
15:40:44.861 (1002298122)|VARIABLE_SCOPE_BEGIN|[680]|this|TriggerHandler|true|false
15:40:44.861 (1002306417)|VARIABLE_ASSIGNMENT|[680]|this|{"newRecords":"0x3ab8bcf2","newRecordsMap":"0x11565519","oldRecords":"0x613eb86f","oldRecordsMap":"0x67a773d0","handlerName":"OrderHandler","isTriggerExecuting":true,"triggerEvent":"0x1de8b7e9"}|0x4c5958c0
15:40:44.861 (1002310047)|STATEMENT_EXECUTE|[680]
15:40:44.861 (1002316249)|STATEMENT_EXECUTE|[681]
15:40:44.861 (1002317247)|STATEMENT_EXECUTE|[684]
15:40:44.861 (1002318725)|METHOD_EXIT|[635]|01pg80000019iSf|TriggerHandler.getHandlerName()
15:40:44.861 (1002321832)|VARIABLE_SCOPE_BEGIN|[635]|handlerName|String|false|false
15:40:44.861 (1002327477)|VARIABLE_ASSIGNMENT|[635]|handlerName|"OrderHandler"
15:40:44.861 (1002338581)|STATEMENT_EXECUTE|[636]
15:40:44.861 (1002339787)|STATEMENT_EXECUTE|[649]
15:40:44.861 (1002341567)|METHOD_EXIT|[126]|01pg80000019iSf|TriggerHandler.incrementCheckLoopCount()
15:40:44.861 (1002344172)|STATEMENT_EXECUTE|[126]
15:40:44.861 (1002346062)|STATEMENT_EXECUTE|[130]
15:40:44.861 (1002347093)|STATEMENT_EXECUTE|[135]
15:40:44.861 (1002400267)|STATEMENT_EXECUTE|[139]
15:40:44.861 (1002401162)|STATEMENT_EXECUTE|[140]
15:40:44.861 (1002406657)|METHOD_ENTRY|[140]|01pg8000001LXzh|OrderHandler.beforeUpdate()
15:40:44.861 (1002410280)|VARIABLE_SCOPE_BEGIN|[16]|this|OrderHandler|true|false
15:40:44.861 (1002420906)|VARIABLE_ASSIGNMENT|[16]|this|{"newRecords":"0x3ab8bcf2","newRecordsMap":"0x11565519","oldRecords":"0x613eb86f","oldRecordsMap":"0x67a773d0","handlerName":"OrderHandler","isTriggerExecuting":true,"triggerEvent":"0x1de8b7e9"}|0x4c5958c0
15:40:44.861 (1002430682)|STATEMENT_EXECUTE|[16]
15:40:44.861 (1002431667)|STATEMENT_EXECUTE|[17]
15:40:44.861 (1002435892)|METHOD_ENTRY|[17]|01pg8000001LXzh|OrderHandler.checkActiveOrder()
15:40:44.861 (1002438708)|VARIABLE_SCOPE_BEGIN|[30]|this|OrderHandler|true|false
15:40:44.861 (1002447506)|VARIABLE_ASSIGNMENT|[30]|this|{"newRecords":"0x3ab8bcf2","newRecordsMap":"0x11565519","oldRecords":"0x613eb86f","oldRecordsMap":"0x67a773d0","handlerName":"OrderHandler","isTriggerExecuting":true,"triggerEvent":"0x1de8b7e9"}|0x4c5958c0
15:40:44.861 (1002452391)|STATEMENT_EXECUTE|[30]
15:40:44.861 (1002453392)|STATEMENT_EXECUTE|[31]
15:40:44.861 (1002456668)|VARIABLE_SCOPE_BEGIN|[31]|listaParaValidar|List<Order>|true|false
15:40:44.861 (1002461697)|VARIABLE_ASSIGNMENT|[31]|listaParaValidar|null|
15:40:44.861 (1002469991)|STATEMENT_EXECUTE|[35]
15:40:44.861 (1002471105)|STATEMENT_EXECUTE|[36]
15:40:44.861 (1002857315)|VARIABLE_ASSIGNMENT|[36]|listaParaValidar|[{"Status":"Draft","LastModifiedDate":"2026-04-10T18:40:45.000Z","Country__c":"a03g80000084ySPAAY","IsDeleted":false,"AccountId":"001g8000009VmcfAAC","OrderNumber":"00100116","TotalAmount":380385.50,"StatusCode":"Draft","IsReductionOrder":false,"SystemModstamp":"2026-04-10T18:40:45.000Z","City__c":"a05g8000002BeozAAC","OwnerId":"005g80000010N45AAE","CreatedById":"005g80000010N45AAE","DistributionCenter__c":"a06g8000001ga3JAAQ","CreatedDate":"2026-04-10T18:40:45.000Z","Pricebook2Id":"01sg8000000h7xWAAQ","Id":"801g8000009VmciAAC","LastModifiedById":"005g80000010N45AAE","State__c":"a04g8000000b50jAAA","EffectiveDate":"2026-04-10T00:00:00.000Z"}]|0x3ab8bcf2
15:40:44.861 (1002894453)|HEAP_ALLOCATE|[40]|Bytes:5
15:40:44.861 (1002912859)|HEAP_ALLOCATE|[40]|Bytes:4
15:40:44.861 (1002921948)|VARIABLE_SCOPE_BEGIN|[40]|pedido|Order|true|false
15:40:44.861 (1003238923)|VARIABLE_ASSIGNMENT|[40]|pedido|{"Status":"Draft","LastModifiedDate":"2026-04-10T18:40:45.000Z","Country__c":"a03g80000084ySPAAY","IsDeleted":false,"AccountId":"001g8000009VmcfAAC","OrderNumber":"00100116","TotalAmount":380385.50,"StatusCode":"Draft","IsReductionOrder":false,"SystemModstamp":"2026-04-10T18:40:45.000Z","City__c":"a05g8000002BeozAAC","OwnerId":"005g80000010N45AAE","CreatedById":"005g80000010N45AAE","DistributionCenter__c":"a06g8000001ga3JAAQ","CreatedDate":"2026-04-10T18:40:45.000Z","Pricebook2Id":"01sg8000000h7xWAAQ","Id":"801g8000009VmciAAC","LastModifiedById":"005g80000010N45AAE","State__c":"a04g8000000b50jAAA","EffectiveDate":"2026-04-10T00:00:00.000Z"}|0x18070cfa
15:40:44.861 (1003247480)|STATEMENT_EXECUTE|[40]
15:40:44.861 (1003248468)|STATEMENT_EXECUTE|[42]
15:40:44.861 (1003274168)|VARIABLE_SCOPE_BEGIN|[42]|pedidoAntigo|Order|true|false
15:40:44.861 (1003580677)|VARIABLE_ASSIGNMENT|[42]|pedidoAntigo|{"Status":"Draft","LastModifiedDate":"2026-04-10T18:40:45.000Z","Country__c":"a03g80000084ySPAAY","IsDeleted":false,"AccountId":"001g8000009VmcfAAC","OrderNumber":"00100116","TotalAmount":0.00,"StatusCode":"Draft","IsReductionOrder":false,"SystemModstamp":"2026-04-10T18:40:45.000Z","City__c":"a05g8000002BeozAAC","OwnerId":"005g80000010N45AAE","CreatedById":"005g80000010N45AAE","DistributionCenter__c":"a06g8000001ga3JAAQ","CreatedDate":"2026-04-10T18:40:45.000Z","Pricebook2Id":"01sg8000000h7xWAAQ","Id":"801g8000009VmciAAC","LastModifiedById":"005g80000010N45AAE","State__c":"a04g8000000b50jAAA","EffectiveDate":"2026-04-10T00:00:00.000Z"}|0x3bda7c7e
15:40:44.861 (1003587662)|STATEMENT_EXECUTE|[45]
15:40:44.861 (1003593299)|VARIABLE_SCOPE_BEGIN|[45]|validacaoStatus|String|false|false
15:40:44.861 (1003598312)|VARIABLE_ASSIGNMENT|[45]|validacaoStatus|"Draft"
15:40:44.861 (1003613655)|STATEMENT_EXECUTE|[47]
15:40:44.861 (1003619672)|HEAP_ALLOCATE|[40]|Bytes:5
15:40:44.861 (1003625362)|VARIABLE_ASSIGNMENT|[40]|pedido|null|
15:40:44.861 (1003631263)|METHOD_EXIT|[17]|01pg8000001LXzh|OrderHandler.checkActiveOrder()
15:40:44.861 (1003634544)|METHOD_EXIT|[140]|01pg8000001LXzh|OrderHandler.beforeUpdate()
15:40:44.861 (1003637152)|STATEMENT_EXECUTE|[158]
15:40:44.861 (1003641307)|METHOD_ENTRY|[158]|01pg80000019iSf|TriggerHandler.andFinally()
15:40:44.861 (1003644272)|VARIABLE_SCOPE_BEGIN|[746]|this|TriggerHandler|true|false
15:40:44.861 (1003663205)|VARIABLE_ASSIGNMENT|[746]|this|{"newRecords":"0x3ab8bcf2","newRecordsMap":"0x11565519","oldRecords":"0x613eb86f","oldRecordsMap":"0x67a773d0","handlerName":"OrderHandler","isTriggerExecuting":true,"triggerEvent":"0x1de8b7e9"}|0x4c5958c0
15:40:44.861 (1003669894)|STATEMENT_EXECUTE|[746]
15:40:44.861 (1003671559)|METHOD_EXIT|[158]|01pg80000019iSf|TriggerHandler.andFinally()
15:40:44.861 (1003674779)|STATEMENT_EXECUTE|[160]
15:40:44.861 (1003676319)|STATEMENT_EXECUTE|[176]
15:40:44.861 (1003678120)|METHOD_EXIT|[2]|01pg80000019iSf|TriggerHandler.run()
15:40:45.3 (1003684017)|CUMULATIVE_LIMIT_USAGE
15:40:45.3 (1003684017)|LIMIT_USAGE_FOR_NS|(default)|
  Number of SOQL queries: 4 out of 100
  Number of query rows: 4 out of 50000
  Number of SOSL queries: 0 out of 20
  Number of DML statements: 14 out of 150
  Number of Publish Immediate DML: 0 out of 150
  Number of DML rows: 14 out of 10000
  Maximum CPU time: 102 out of 10000
  Maximum heap size: 0 out of 6000000
  Number of callouts: 0 out of 100
  Number of Email Invocations: 0 out of 10
  Number of future calls: 0 out of 50
  Number of queueable jobs added to the queue: 0 out of 50
  Number of Mobile Apex push calls: 0 out of 10

15:40:45.3 (1003684017)|TESTING_LIMITS
15:40:45.3 (1003684017)|LIMIT_USAGE_FOR_NS|(default)|
  Number of SOQL queries: 8 out of 100
  Number of query rows: 7 out of 50000
  Number of SOSL queries: 0 out of 20
  Number of DML statements: 1 out of 150
  Number of Publish Immediate DML: 0 out of 150
  Number of DML rows: 1 out of 10000
  Maximum CPU time: 0 out of 10000
  Maximum heap size: 0 out of 6000000
  Number of callouts: 0 out of 100
  Number of Email Invocations: 0 out of 10
  Number of future calls: 0 out of 50
  Number of queueable jobs added to the queue: 0 out of 50
  Number of Mobile Apex push calls: 0 out of 10

15:40:45.3 (1003684017)|CUMULATIVE_LIMIT_USAGE_END

15:40:44.861 (1003854000)|CODE_UNIT_FINISHED|OrderTrigger on Order trigger event BeforeUpdate|__sfdc_trigger/OrderTrigger
15:40:44.861 (1005211630)|CODE_UNIT_STARTED|[EXTERNAL]|Validation:Order:801g8000009Vmci
15:40:44.861 (1005232209)|VALIDATION_RULE|03dg8000000aS4D|Bloquear_Alteracao_Conta_Pedido
15:40:44.861 (1005399463)|VALIDATION_FORMULA|ISCHANGED(AccountId) && NOT(ISNEW())|AccountId=001g8000009Vmcf
15:40:44.861 (1005406985)|VALIDATION_PASS
15:40:44.861 (1005412082)|CODE_UNIT_FINISHED|Validation:Order:801g8000009Vmci
15:40:44.861 (1014539225)|CODE_UNIT_STARTED|[EXTERNAL]|01qg8000000GdOn|OrderTrigger on Order trigger event AfterUpdate|__sfdc_trigger/OrderTrigger
15:40:44.861 (1014607579)|HEAP_ALLOCATE|[EXTERNAL]|Bytes:8
15:40:44.861 (1014667273)|HEAP_ALLOCATE|[EXTERNAL]|Bytes:8
15:40:44.861 (1014735539)|HEAP_ALLOCATE|[EXTERNAL]|Bytes:4
15:40:44.861 (1014744933)|VARIABLE_SCOPE_BEGIN|[1]|this|OrderTrigger|true|false
15:40:44.861 (1014779172)|VARIABLE_ASSIGNMENT|[1]|this|{}|0x2ce6e04d
15:40:44.861 (1014809981)|HEAP_ALLOCATE|[EXTERNAL]|Bytes:4
15:40:44.861 (1014813779)|VARIABLE_SCOPE_BEGIN|[1]|this|OrderTrigger|true|false
15:40:44.861 (1014819195)|VARIABLE_ASSIGNMENT|[1]|this|{}|0x2ce6e04d
15:40:44.861 (1014825816)|STATEMENT_EXECUTE|[1]
15:40:44.861 (1014826958)|STATEMENT_EXECUTE|[2]
15:40:44.861 (1014832605)|HEAP_ALLOCATE|[2]|Bytes:32
15:40:44.861 (1014850124)|CONSTRUCTOR_ENTRY|[2]|01pg8000001LXzh|<init>()|OrderHandler
15:40:44.861 (1014856101)|VARIABLE_SCOPE_BEGIN|[8]|this|OrderHandler|true|false
15:40:44.861 (1014877532)|VARIABLE_ASSIGNMENT|[8]|this|{}|0x623a18d
15:40:44.861 (1014881701)|STATEMENT_EXECUTE|[1]
15:40:44.861 (1014882892)|STATEMENT_EXECUTE|[3]
15:40:44.861 (1014883866)|STATEMENT_EXECUTE|[4]
15:40:44.861 (1014884641)|STATEMENT_EXECUTE|[5]
15:40:44.861 (1014885618)|STATEMENT_EXECUTE|[6]
15:40:44.861 (1014886405)|STATEMENT_EXECUTE|[9]
15:40:44.861 (1014902045)|CONSTRUCTOR_ENTRY|[9]|01pg80000019iSf|<init>(String)|TriggerHandler
15:40:44.861 (1014906631)|VARIABLE_SCOPE_BEGIN|[107]|this|TriggerHandler|true|false
15:40:44.861 (1014914099)|VARIABLE_ASSIGNMENT|[107]|this|{}|0x623a18d
15:40:44.861 (1014916746)|VARIABLE_SCOPE_BEGIN|[107]|handlerName|String|false|false
15:40:44.861 (1014925938)|VARIABLE_ASSIGNMENT|[107]|handlerName|"OrderHandler"
15:40:44.861 (1014928986)|STATEMENT_EXECUTE|[15]
15:40:44.861 (1014930299)|STATEMENT_EXECUTE|[50]
15:40:44.861 (1014931221)|STATEMENT_EXECUTE|[57]
15:40:44.861 (1014932076)|STATEMENT_EXECUTE|[671]
15:40:44.861 (1014951690)|STATEMENT_EXECUTE|[107]
15:40:44.861 (1014952568)|STATEMENT_EXECUTE|[108]
15:40:44.861 (1014957144)|STATEMENT_EXECUTE|[109]
15:40:44.861 (1014963539)|METHOD_ENTRY|[109]|01pg80000019iSf|TriggerHandler.setTriggerContext()
15:40:44.861 (1014967255)|VARIABLE_SCOPE_BEGIN|[565]|this|TriggerHandler|true|false
15:40:44.861 (1014976666)|VARIABLE_ASSIGNMENT|[565]|this|{"handlerName":"OrderHandler"}|0x623a18d
15:40:44.861 (1014989475)|STATEMENT_EXECUTE|[565]
15:40:44.861 (1014990364)|STATEMENT_EXECUTE|[566]
15:40:44.861 (1015049806)|HEAP_ALLOCATE|[566]|Bytes:16
15:40:44.861 (1015060171)|METHOD_ENTRY|[566]|01pg80000019iSf|TriggerHandler.setTriggerContext(System.TriggerOperation, Boolean)
15:40:44.861 (1015063471)|VARIABLE_SCOPE_BEGIN|[582]|this|TriggerHandler|true|false
15:40:44.861 (1015071292)|VARIABLE_ASSIGNMENT|[582]|this|{"handlerName":"OrderHandler"}|0x623a18d
15:40:44.861 (1015074088)|VARIABLE_SCOPE_BEGIN|[582]|opType|System.TriggerOperation|true|false
15:40:44.861 (1015089070)|VARIABLE_ASSIGNMENT|[582]|opType|"AFTER_UPDATE"|0x7a58268a
15:40:44.861 (1015097011)|VARIABLE_SCOPE_BEGIN|[582]|testMode|Boolean|false|false
15:40:44.861 (1015102920)|VARIABLE_ASSIGNMENT|[582]|testMode|false
15:40:44.861 (1015107470)|STATEMENT_EXECUTE|[582]
15:40:44.861 (1015115015)|STATEMENT_EXECUTE|[586]
15:40:44.861 (1015115891)|STATEMENT_EXECUTE|[587]
15:40:44.861 (1015118665)|HEAP_ALLOCATE|[587]|Bytes:5
15:40:44.861 (1015123897)|STATEMENT_EXECUTE|[590]
15:40:44.861 (1015124725)|STATEMENT_EXECUTE|[592]
15:40:44.861 (1015134518)|HEAP_ALLOCATE|[592]|Bytes:16
15:40:44.861 (1015139148)|STATEMENT_EXECUTE|[595]
15:40:44.861 (1015146541)|VARIABLE_SCOPE_BEGIN|[595]|context|String|false|false
15:40:44.861 (1015153151)|VARIABLE_ASSIGNMENT|[595]|context|"AFTER_UPDATE"
15:40:44.861 (1015155267)|STATEMENT_EXECUTE|[597]
15:40:44.861 (1015183260)|HEAP_ALLOCATE|[604]|Bytes:13
15:40:44.861 (1015195066)|HEAP_ALLOCATE|[607]|Bytes:12
15:40:44.861 (1015202215)|HEAP_ALLOCATE|[610]|Bytes:12
15:40:44.861 (1015209437)|STATEMENT_EXECUTE|[610]
15:40:44.861 (1015210441)|STATEMENT_EXECUTE|[611]
15:40:44.861 (1015217084)|METHOD_EXIT|[566]|01pg80000019iSf|TriggerHandler.setTriggerContext(System.TriggerOperation, Boolean)
15:40:44.861 (1015220261)|METHOD_EXIT|[109]|01pg80000019iSf|TriggerHandler.setTriggerContext()
15:40:44.861 (1015227044)|CONSTRUCTOR_EXIT|[9]|01pg80000019iSf|<init>(String)|TriggerHandler
15:40:44.861 (1015230464)|STATEMENT_EXECUTE|[8]
15:40:44.861 (1015231604)|STATEMENT_EXECUTE|[10]
15:40:44.861 (1015897827)|VARIABLE_ASSIGNMENT|[10]|this.newRecords|[{"Status":"Draft","LastModifiedDate":"2026-04-10T18:40:45.000Z","Country__c":"a03g80000084ySPAAY","IsDeleted":false,"AccountId":"001g8000009VmcfAAC","OrderNumber":"00100116","TotalAmount":380385.50,"StatusCode":"Draft","IsReductionOrder":false,"SystemModstamp":"2026-04-10T18:40:45.000Z","City__c":"a05g8000002BeozAAC","OwnerId":"005g80000010N45AAE","CreatedById":"005g80000010N45AAE","DistributionCenter__c":"a06g8000001ga3JAAQ","CreatedDate":"2026-04-10T18:40:45.000Z","Pricebook2Id":"01sg8000000h7xWAAQ","Id":"801g8000009VmciAAC","LastModifiedById":"005g80000010N45AAE","State__c":"a04g8000000b50jAAA","EffectiveDate":"2026-04-10T00:00:00.000Z"}]|0x623a18d
15:40:44.861 (1015908249)|STATEMENT_EXECUTE|[11]
15:40:44.861 (1016324546)|VARIABLE_ASSIGNMENT|[11]|this.oldRecords|[{"Status":"Draft","LastModifiedDate":"2026-04-10T18:40:45.000Z","Country__c":"a03g80000084ySPAAY","IsDeleted":false,"AccountId":"001g8000009VmcfAAC","OrderNumber":"00100116","TotalAmount":0.00,"StatusCode":"Draft","IsReductionOrder":false,"SystemModstamp":"2026-04-10T18:40:45.000Z","City__c":"a05g8000002BeozAAC","OwnerId":"005g80000010N45AAE","CreatedById":"005g80000010N45AAE","DistributionCenter__c":"a06g8000001ga3JAAQ","CreatedDate":"2026-04-10T18:40:45.000Z","Pricebook2Id":"01sg8000000h7xWAAQ","Id":"801g8000009VmciAAC","LastModifiedById":"005g80000010N45AAE","State__c":"a04g8000000b50jAAA","EffectiveDate":"2026-04-10T00:00:00.000Z"}]|0x623a18d
15:40:44.861 (1016332720)|STATEMENT_EXECUTE|[12]
15:40:44.861 (1016693557)|VARIABLE_ASSIGNMENT|[12]|this.newRecordsMap|{"801g8000009VmciAAC":{"Status":"Draft","LastModifiedDate":"2026-04-10T18:40:45.000Z","Country__c":"a03g80000084ySPAAY","IsDeleted":false,"AccountId":"001g8000009VmcfAAC","OrderNumber":"00100116","TotalAmount":380385.50,"StatusCode":"Draft","IsReductionOrder":false,"SystemModstamp":"2026-04-10T18:40:45.000Z","City__c":"a05g8000002BeozAAC","OwnerId":"005g80000010N45AAE","CreatedById":"005g80000010N45AAE","DistributionCenter__c":"a06g8000001ga3JAAQ","CreatedDate":"2026-04-10T18:40:45.000Z","Pricebook2Id":"01sg8000000h7xWAAQ","Id":"801g8000009VmciAAC","LastModifiedById":"005g80000010N45AAE","State__c":"a04g8000000b50jAAA","EffectiveDate":"2026-04-10T00:00:00.000Z"}}|0x623a18d
15:40:44.861 (1016701125)|STATEMENT_EXECUTE|[13]
15:40:44.861 (1017022778)|VARIABLE_ASSIGNMENT|[13]|this.oldRecordsMap|{"801g8000009VmciAAC":{"Status":"Draft","LastModifiedDate":"2026-04-10T18:40:45.000Z","Country__c":"a03g80000084ySPAAY","IsDeleted":false,"AccountId":"001g8000009VmcfAAC","OrderNumber":"00100116","TotalAmount":0.00,"StatusCode":"Draft","IsReductionOrder":false,"SystemModstamp":"2026-04-10T18:40:45.000Z","City__c":"a05g8000002BeozAAC","OwnerId":"005g80000010N45AAE","CreatedById":"005g80000010N45AAE","DistributionCenter__c":"a06g8000001ga3JAAQ","CreatedDate":"2026-04-10T18:40:45.000Z","Pricebook2Id":"01sg8000000h7xWAAQ","Id":"801g8000009VmciAAC","LastModifiedById":"005g80000010N45AAE","State__c":"a04g8000000b50jAAA","EffectiveDate":"2026-04-10T00:00:00.000Z"}}|0x623a18d
15:40:44.861 (1017036931)|CONSTRUCTOR_EXIT|[2]|01pg8000001LXzh|<init>()|OrderHandler
15:40:44.861 (1017044570)|METHOD_ENTRY|[2]|01pg80000019iSf|TriggerHandler.run()
15:40:44.861 (1017049363)|VARIABLE_SCOPE_BEGIN|[120]|this|TriggerHandler|true|false
15:40:44.861 (1017080088)|VARIABLE_ASSIGNMENT|[120]|this|{"newRecords":"0x38c6bca8","newRecordsMap":"0xf2e7fa9","oldRecords":"0x14d10289","oldRecordsMap":"0xf65f657","handlerName":"OrderHandler","isTriggerExecuting":true,"triggerEvent":"0x7a58268a"}|0x623a18d
15:40:44.861 (1017089582)|STATEMENT_EXECUTE|[120]
15:40:44.861 (1017092568)|METHOD_ENTRY|[121]|01pg80000019iSf|TriggerHandler.validateRun()
15:40:44.861 (1017095667)|VARIABLE_SCOPE_BEGIN|[661]|this|TriggerHandler|true|false
15:40:44.861 (1017106523)|VARIABLE_ASSIGNMENT|[661]|this|{"newRecords":"0x38c6bca8","newRecordsMap":"0xf2e7fa9","oldRecords":"0x14d10289","oldRecordsMap":"0xf65f657","handlerName":"OrderHandler","isTriggerExecuting":true,"triggerEvent":"0x7a58268a"}|0x623a18d
15:40:44.861 (1017111098)|STATEMENT_EXECUTE|[661]
15:40:44.861 (1017116028)|STATEMENT_EXECUTE|[662]
15:40:44.861 (1017117125)|STATEMENT_EXECUTE|[665]
15:40:44.861 (1017121416)|METHOD_ENTRY|[665]|01pg80000019iSf|TriggerHandler.getHandlerName()
15:40:44.861 (1017123993)|VARIABLE_SCOPE_BEGIN|[680]|this|TriggerHandler|true|false
15:40:44.861 (1017132695)|VARIABLE_ASSIGNMENT|[680]|this|{"newRecords":"0x38c6bca8","newRecordsMap":"0xf2e7fa9","oldRecords":"0x14d10289","oldRecordsMap":"0xf65f657","handlerName":"OrderHandler","isTriggerExecuting":true,"triggerEvent":"0x7a58268a"}|0x623a18d
15:40:44.861 (1017137138)|STATEMENT_EXECUTE|[680]
15:40:44.861 (1017154838)|STATEMENT_EXECUTE|[681]
15:40:44.861 (1017156092)|STATEMENT_EXECUTE|[684]
15:40:44.861 (1017159061)|METHOD_EXIT|[665]|01pg80000019iSf|TriggerHandler.getHandlerName()
15:40:44.861 (1017177456)|METHOD_EXIT|[121]|01pg80000019iSf|TriggerHandler.validateRun()
15:40:44.861 (1017180160)|STATEMENT_EXECUTE|[121]
15:40:44.861 (1017183682)|METHOD_ENTRY|[126]|01pg80000019iSf|TriggerHandler.incrementCheckLoopCount()
15:40:44.861 (1017186613)|VARIABLE_SCOPE_BEGIN|[634]|this|TriggerHandler|true|false
15:40:44.861 (1017196401)|VARIABLE_ASSIGNMENT|[634]|this|{"newRecords":"0x38c6bca8","newRecordsMap":"0xf2e7fa9","oldRecords":"0x14d10289","oldRecordsMap":"0xf65f657","handlerName":"OrderHandler","isTriggerExecuting":true,"triggerEvent":"0x7a58268a"}|0x623a18d
15:40:44.861 (1017201290)|STATEMENT_EXECUTE|[634]
15:40:44.861 (1017202121)|STATEMENT_EXECUTE|[635]
15:40:44.861 (1017204389)|METHOD_ENTRY|[635]|01pg80000019iSf|TriggerHandler.getHandlerName()
15:40:44.861 (1017206612)|VARIABLE_SCOPE_BEGIN|[680]|this|TriggerHandler|true|false
15:40:44.861 (1017215242)|VARIABLE_ASSIGNMENT|[680]|this|{"newRecords":"0x38c6bca8","newRecordsMap":"0xf2e7fa9","oldRecords":"0x14d10289","oldRecordsMap":"0xf65f657","handlerName":"OrderHandler","isTriggerExecuting":true,"triggerEvent":"0x7a58268a"}|0x623a18d
15:40:44.861 (1017219132)|STATEMENT_EXECUTE|[680]
15:40:44.861 (1017225075)|STATEMENT_EXECUTE|[681]
15:40:44.861 (1017225948)|STATEMENT_EXECUTE|[684]
15:40:44.861 (1017227400)|METHOD_EXIT|[635]|01pg80000019iSf|TriggerHandler.getHandlerName()
15:40:44.861 (1017230395)|VARIABLE_SCOPE_BEGIN|[635]|handlerName|String|false|false
15:40:44.861 (1017236587)|VARIABLE_ASSIGNMENT|[635]|handlerName|"OrderHandler"
15:40:44.861 (1017246777)|STATEMENT_EXECUTE|[636]
15:40:44.861 (1017247763)|STATEMENT_EXECUTE|[649]
15:40:44.861 (1017249449)|METHOD_EXIT|[126]|01pg80000019iSf|TriggerHandler.incrementCheckLoopCount()
15:40:44.861 (1017251911)|STATEMENT_EXECUTE|[126]
15:40:44.861 (1017253857)|STATEMENT_EXECUTE|[130]
15:40:44.861 (1017254737)|STATEMENT_EXECUTE|[135]
15:40:44.861 (1017323922)|STATEMENT_EXECUTE|[148]
15:40:44.861 (1017324929)|STATEMENT_EXECUTE|[149]
15:40:44.861 (1017339282)|METHOD_ENTRY|[149]|01pg8000001LXzh|OrderHandler.afterUpdate()
15:40:44.861 (1017342978)|VARIABLE_SCOPE_BEGIN|[20]|this|OrderHandler|true|false
15:40:44.861 (1017353548)|VARIABLE_ASSIGNMENT|[20]|this|{"newRecords":"0x38c6bca8","newRecordsMap":"0xf2e7fa9","oldRecords":"0x14d10289","oldRecordsMap":"0xf65f657","handlerName":"OrderHandler","isTriggerExecuting":true,"triggerEvent":"0x7a58268a"}|0x623a18d
15:40:44.861 (1017360256)|STATEMENT_EXECUTE|[20]
15:40:44.861 (1017361267)|STATEMENT_EXECUTE|[21]
15:40:44.861 (1017368037)|METHOD_ENTRY|[21]|01pg8000001LXzh|OrderHandler.checkActiveOrder()
15:40:44.861 (1017371326)|VARIABLE_SCOPE_BEGIN|[30]|this|OrderHandler|true|false
15:40:44.861 (1017410432)|VARIABLE_ASSIGNMENT|[30]|this|{"newRecords":"0x38c6bca8","newRecordsMap":"0xf2e7fa9","oldRecords":"0x14d10289","oldRecordsMap":"0xf65f657","handlerName":"OrderHandler","isTriggerExecuting":true,"triggerEvent":"0x7a58268a"}|0x623a18d
15:40:44.861 (1017416186)|STATEMENT_EXECUTE|[30]
15:40:44.861 (1017417033)|STATEMENT_EXECUTE|[31]
15:40:44.861 (1017420929)|VARIABLE_SCOPE_BEGIN|[31]|listaParaValidar|List<Order>|true|false
15:40:44.861 (1017426162)|VARIABLE_ASSIGNMENT|[31]|listaParaValidar|null|
15:40:44.861 (1017432922)|STATEMENT_EXECUTE|[35]
15:40:44.861 (1017434070)|STATEMENT_EXECUTE|[36]
15:40:44.861 (1017828292)|VARIABLE_ASSIGNMENT|[36]|listaParaValidar|[{"Status":"Draft","LastModifiedDate":"2026-04-10T18:40:45.000Z","Country__c":"a03g80000084ySPAAY","IsDeleted":false,"AccountId":"001g8000009VmcfAAC","OrderNumber":"00100116","TotalAmount":380385.50,"StatusCode":"Draft","IsReductionOrder":false,"SystemModstamp":"2026-04-10T18:40:45.000Z","City__c":"a05g8000002BeozAAC","OwnerId":"005g80000010N45AAE","CreatedById":"005g80000010N45AAE","DistributionCenter__c":"a06g8000001ga3JAAQ","CreatedDate":"2026-04-10T18:40:45.000Z","Pricebook2Id":"01sg8000000h7xWAAQ","Id":"801g8000009VmciAAC","LastModifiedById":"005g80000010N45AAE","State__c":"a04g8000000b50jAAA","EffectiveDate":"2026-04-10T00:00:00.000Z"}]|0x38c6bca8
15:40:44.861 (1017861833)|HEAP_ALLOCATE|[40]|Bytes:5
15:40:44.861 (1017885210)|VARIABLE_SCOPE_BEGIN|[40]|pedido|Order|true|false
15:40:44.861 (1018435157)|VARIABLE_ASSIGNMENT|[40]|pedido|{"Status":"Draft","LastModifiedDate":"2026-04-10T18:40:45.000Z","Country__c":"a03g80000084ySPAAY","IsDeleted":false,"AccountId":"001g8000009VmcfAAC","OrderNumber":"00100116","TotalAmount":380385.50,"StatusCode":"Draft","IsReductionOrder":false,"SystemModstamp":"2026-04-10T18:40:45.000Z","City__c":"a05g8000002BeozAAC","OwnerId":"005g80000010N45AAE","CreatedById":"005g80000010N45AAE","DistributionCenter__c":"a06g8000001ga3JAAQ","CreatedDate":"2026-04-10T18:40:45.000Z","Pricebook2Id":"01sg8000000h7xWAAQ","Id":"801g8000009VmciAAC","LastModifiedById":"005g80000010N45AAE","State__c":"a04g8000000b50jAAA","EffectiveDate":"2026-04-10T00:00:00.000Z"}|0x24b28ef
15:40:44.861 (1018444608)|STATEMENT_EXECUTE|[40]
15:40:44.861 (1018445897)|STATEMENT_EXECUTE|[42]
15:40:44.861 (1018474488)|VARIABLE_SCOPE_BEGIN|[42]|pedidoAntigo|Order|true|false
15:40:44.861 (1018820624)|VARIABLE_ASSIGNMENT|[42]|pedidoAntigo|{"Status":"Draft","LastModifiedDate":"2026-04-10T18:40:45.000Z","Country__c":"a03g80000084ySPAAY","IsDeleted":false,"AccountId":"001g8000009VmcfAAC","OrderNumber":"00100116","TotalAmount":0.00,"StatusCode":"Draft","IsReductionOrder":false,"SystemModstamp":"2026-04-10T18:40:45.000Z","City__c":"a05g8000002BeozAAC","OwnerId":"005g80000010N45AAE","CreatedById":"005g80000010N45AAE","DistributionCenter__c":"a06g8000001ga3JAAQ","CreatedDate":"2026-04-10T18:40:45.000Z","Pricebook2Id":"01sg8000000h7xWAAQ","Id":"801g8000009VmciAAC","LastModifiedById":"005g80000010N45AAE","State__c":"a04g8000000b50jAAA","EffectiveDate":"2026-04-10T00:00:00.000Z"}|0x7e64cc38
15:40:44.861 (1018828751)|STATEMENT_EXECUTE|[45]
15:40:44.861 (1018835821)|VARIABLE_SCOPE_BEGIN|[45]|validacaoStatus|String|false|false
15:40:44.861 (1018841614)|VARIABLE_ASSIGNMENT|[45]|validacaoStatus|"Draft"
15:40:44.861 (1018856520)|STATEMENT_EXECUTE|[47]
15:40:44.861 (1018867878)|HEAP_ALLOCATE|[40]|Bytes:5
15:40:44.861 (1018878831)|VARIABLE_ASSIGNMENT|[40]|pedido|null|
15:40:44.861 (1018887471)|METHOD_EXIT|[21]|01pg8000001LXzh|OrderHandler.checkActiveOrder()
15:40:44.861 (1018890934)|STATEMENT_EXECUTE|[22]
15:40:44.861 (1018897857)|METHOD_ENTRY|[22]|01pg8000001LXzh|OrderHandler.itemsRecalculation()
15:40:44.861 (1018902396)|VARIABLE_SCOPE_BEGIN|[54]|this|OrderHandler|true|false
15:40:44.861 (1018928956)|VARIABLE_ASSIGNMENT|[54]|this|{"newRecords":"0x38c6bca8","newRecordsMap":"0xf2e7fa9","oldRecords":"0x14d10289","oldRecordsMap":"0xf65f657","handlerName":"OrderHandler","isTriggerExecuting":true,"triggerEvent":"0x7a58268a"}|0x623a18d
15:40:44.861 (1018938276)|STATEMENT_EXECUTE|[54]
15:40:44.861 (1018939274)|STATEMENT_EXECUTE|[55]
15:40:44.861 (1018953559)|HEAP_ALLOCATE|[55]|Bytes:4
15:40:44.861 (1018966134)|VARIABLE_SCOPE_BEGIN|[55]|ordersToRecalculate|Set<Id>|true|false
15:40:44.861 (1018993336)|VARIABLE_ASSIGNMENT|[55]|ordersToRecalculate|[]|0x62bd5c37
15:40:44.861 (1019011847)|HEAP_ALLOCATE|[57]|Bytes:5
15:40:44.861 (1019022176)|VARIABLE_SCOPE_BEGIN|[57]|pedido|Order|true|false
15:40:44.861 (1019390058)|VARIABLE_ASSIGNMENT|[57]|pedido|{"Status":"Draft","LastModifiedDate":"2026-04-10T18:40:45.000Z","Country__c":"a03g80000084ySPAAY","IsDeleted":false,"AccountId":"001g8000009VmcfAAC","OrderNumber":"00100116","TotalAmount":380385.50,"StatusCode":"Draft","IsReductionOrder":false,"SystemModstamp":"2026-04-10T18:40:45.000Z","City__c":"a05g8000002BeozAAC","OwnerId":"005g80000010N45AAE","CreatedById":"005g80000010N45AAE","DistributionCenter__c":"a06g8000001ga3JAAQ","CreatedDate":"2026-04-10T18:40:45.000Z","Pricebook2Id":"01sg8000000h7xWAAQ","Id":"801g8000009VmciAAC","LastModifiedById":"005g80000010N45AAE","State__c":"a04g8000000b50jAAA","EffectiveDate":"2026-04-10T00:00:00.000Z"}|0x24b28ef
15:40:44.861 (1019398069)|STATEMENT_EXECUTE|[57]
15:40:44.861 (1019398985)|STATEMENT_EXECUTE|[58]
15:40:44.861 (1019413124)|VARIABLE_SCOPE_BEGIN|[58]|pedidoAntigo|Order|true|false
15:40:44.861 (1019736068)|VARIABLE_ASSIGNMENT|[58]|pedidoAntigo|{"Status":"Draft","LastModifiedDate":"2026-04-10T18:40:45.000Z","Country__c":"a03g80000084ySPAAY","IsDeleted":false,"AccountId":"001g8000009VmcfAAC","OrderNumber":"00100116","TotalAmount":0.00,"StatusCode":"Draft","IsReductionOrder":false,"SystemModstamp":"2026-04-10T18:40:45.000Z","City__c":"a05g8000002BeozAAC","OwnerId":"005g80000010N45AAE","CreatedById":"005g80000010N45AAE","DistributionCenter__c":"a06g8000001ga3JAAQ","CreatedDate":"2026-04-10T18:40:45.000Z","Pricebook2Id":"01sg8000000h7xWAAQ","Id":"801g8000009VmciAAC","LastModifiedById":"005g80000010N45AAE","State__c":"a04g8000000b50jAAA","EffectiveDate":"2026-04-10T00:00:00.000Z"}|0x7e64cc38
15:40:44.861 (1019789597)|STATEMENT_EXECUTE|[60]
15:40:44.861 (1019795579)|HEAP_ALLOCATE|[57]|Bytes:5
15:40:44.861 (1019802158)|VARIABLE_ASSIGNMENT|[57]|pedido|null|
15:40:44.861 (1019812311)|STATEMENT_EXECUTE|[67]
15:40:44.861 (1019815300)|METHOD_EXIT|[22]|01pg8000001LXzh|OrderHandler.itemsRecalculation()
15:40:44.861 (1019819273)|METHOD_EXIT|[149]|01pg8000001LXzh|OrderHandler.afterUpdate()
15:40:44.861 (1019822433)|STATEMENT_EXECUTE|[158]
15:40:44.861 (1019827183)|METHOD_ENTRY|[158]|01pg80000019iSf|TriggerHandler.andFinally()
15:40:44.861 (1019830592)|VARIABLE_SCOPE_BEGIN|[746]|this|TriggerHandler|true|false
15:40:44.861 (1019857577)|VARIABLE_ASSIGNMENT|[746]|this|{"newRecords":"0x38c6bca8","newRecordsMap":"0xf2e7fa9","oldRecords":"0x14d10289","oldRecordsMap":"0xf65f657","handlerName":"OrderHandler","isTriggerExecuting":true,"triggerEvent":"0x7a58268a"}|0x623a18d
15:40:44.861 (1019867817)|STATEMENT_EXECUTE|[746]
15:40:44.861 (1019870146)|METHOD_EXIT|[158]|01pg80000019iSf|TriggerHandler.andFinally()
15:40:44.861 (1019875194)|STATEMENT_EXECUTE|[160]
15:40:44.861 (1019877363)|STATEMENT_EXECUTE|[176]
15:40:44.861 (1019880058)|METHOD_EXIT|[2]|01pg80000019iSf|TriggerHandler.run()
15:40:45.19 (1019887500)|CUMULATIVE_LIMIT_USAGE
15:40:45.19 (1019887500)|LIMIT_USAGE_FOR_NS|(default)|
  Number of SOQL queries: 4 out of 100
  Number of query rows: 4 out of 50000
  Number of SOSL queries: 0 out of 20
  Number of DML statements: 14 out of 150
  Number of Publish Immediate DML: 0 out of 150
  Number of DML rows: 14 out of 10000
  Maximum CPU time: 102 out of 10000
  Maximum heap size: 0 out of 6000000
  Number of callouts: 0 out of 100
  Number of Email Invocations: 0 out of 10
  Number of future calls: 0 out of 50
  Number of queueable jobs added to the queue: 0 out of 50
  Number of Mobile Apex push calls: 0 out of 10

15:40:45.19 (1019887500)|TESTING_LIMITS
15:40:45.19 (1019887500)|LIMIT_USAGE_FOR_NS|(default)|
  Number of SOQL queries: 8 out of 100
  Number of query rows: 7 out of 50000
  Number of SOSL queries: 0 out of 20
  Number of DML statements: 1 out of 150
  Number of Publish Immediate DML: 0 out of 150
  Number of DML rows: 1 out of 10000
  Maximum CPU time: 0 out of 10000
  Maximum heap size: 0 out of 6000000
  Number of callouts: 0 out of 100
  Number of Email Invocations: 0 out of 10
  Number of future calls: 0 out of 50
  Number of queueable jobs added to the queue: 0 out of 50
  Number of Mobile Apex push calls: 0 out of 10

15:40:45.19 (1019887500)|CUMULATIVE_LIMIT_USAGE_END

15:40:44.861 (1020065442)|CODE_UNIT_FINISHED|OrderTrigger on Order trigger event AfterUpdate|__sfdc_trigger/OrderTrigger
15:40:44.861 (1022665181)|DML_END|[116]
15:40:44.861 (1022822779)|STATEMENT_EXECUTE|[117]
15:40:44.861 (1022841663)|METHOD_ENTRY|[117]||System.Test.stopTest()
15:40:44.861 (1023016586)|METHOD_EXIT|[117]||System.Test.stopTest()
15:40:44.861 (1023021174)|STATEMENT_EXECUTE|[119]
15:40:44.861 (1023027087)|HEAP_ALLOCATE|[119]|Bytes:107
15:40:44.861 (1023045696)|HEAP_ALLOCATE|[119]|Bytes:4
15:40:44.861 (1023524492)|SOQL_EXECUTE_BEGIN|[119]|Aggregations:0|SELECT UnitPrice, MarginPercentage__c, TaxPercentage__c, FreightValue__c FROM OrderItem WHERE Id = :tmpVar1
15:40:44.861 (1030348014)|SOQL_EXECUTE_END|[119]|Rows:1
15:40:44.861 (1030382232)|HEAP_ALLOCATE|[119]|Bytes:8
15:40:44.861 (1030405024)|HEAP_ALLOCATE|[119]|Bytes:248
15:40:44.861 (1030457737)|HEAP_ALLOCATE|[119]|Bytes:8
15:40:44.861 (1030478873)|HEAP_ALLOCATE|[119]|Bytes:35
15:40:44.861 (1030509756)|HEAP_ALLOCATE|[119]|Bytes:24
15:40:44.861 (1030520652)|VARIABLE_SCOPE_BEGIN|[119]|itemResult|OrderItem|true|false
15:40:44.861 (1030621891)|VARIABLE_ASSIGNMENT|[119]|itemResult|{"UnitPrice":380385.50,"MarginPercentage__c":15.00,"Id":"802g8000002mPHXAA2","TaxPercentage__c":10.00,"FreightValue__c":700.00}|0xccd43d3
15:40:44.861 (1030629050)|STATEMENT_EXECUTE|[121]
15:40:44.861 (1030775798)|STATEMENT_EXECUTE|[122]
15:40:44.861 (1030778380)|HEAP_ALLOCATE|[122]|Bytes:4
15:40:44.861 (1030794339)|HEAP_ALLOCATE|[122]|Bytes:28
15:40:44.861 (1030813422)|STATEMENT_EXECUTE|[123]
15:40:44.861 (1030814736)|HEAP_ALLOCATE|[123]|Bytes:4
15:40:44.861 (1030817958)|HEAP_ALLOCATE|[123]|Bytes:28
15:40:45.30 (1030851467)|CUMULATIVE_LIMIT_USAGE
15:40:45.30 (1030851467)|LIMIT_USAGE_FOR_NS|(default)|
  Number of SOQL queries: 5 out of 100
  Number of query rows: 5 out of 50000
  Number of SOSL queries: 0 out of 20
  Number of DML statements: 14 out of 150
  Number of Publish Immediate DML: 0 out of 150
  Number of DML rows: 14 out of 10000
  Maximum CPU time: 102 out of 10000
  Maximum heap size: 0 out of 6000000
  Number of callouts: 0 out of 100
  Number of Email Invocations: 0 out of 10
  Number of future calls: 0 out of 50
  Number of queueable jobs added to the queue: 0 out of 50
  Number of Mobile Apex push calls: 0 out of 10

15:40:45.30 (1030851467)|TESTING_LIMITS
15:40:45.30 (1030851467)|LIMIT_USAGE_FOR_NS|(default)|
  Number of SOQL queries: 8 out of 100
  Number of query rows: 7 out of 50000
  Number of SOSL queries: 0 out of 20
  Number of DML statements: 1 out of 150
  Number of Publish Immediate DML: 0 out of 150
  Number of DML rows: 1 out of 10000
  Maximum CPU time: 0 out of 10000
  Maximum heap size: 0 out of 6000000
  Number of callouts: 0 out of 100
  Number of Email Invocations: 0 out of 10
  Number of future calls: 0 out of 50
  Number of queueable jobs added to the queue: 0 out of 50
  Number of Mobile Apex push calls: 0 out of 10

15:40:45.30 (1030851467)|CUMULATIVE_LIMIT_USAGE_END

15:40:44.861 (1030882729)|CODE_UNIT_FINISHED|OrderItemHandlerTest.pricingOrderItemTest()
15:40:44.861 (1030889432)|EXECUTION_FINISHED
15:40:45.45 (1045093694)|USER_INFO|[EXTERNAL]|005g80000010N45|sabrina.jesus@resourceful-moose-fmmd11.com|(GMT-03:00) Brasilia Standard Time (America/Sao_Paulo)|GMT-03:00
15:40:45.45 (1045114527)|EXECUTION_STARTED
15:40:45.45 (1045124928)|CODE_UNIT_STARTED|[EXTERNAL]|01pg8000001w1Mb|OrderItemHandlerTest.shouldNotAllowChangesOnActiveOrder()
15:40:45.45 (1045281083)|HEAP_ALLOCATE|[95]|Bytes:3
15:40:45.45 (1045327413)|HEAP_ALLOCATE|[100]|Bytes:152
15:40:45.45 (1045342573)|HEAP_ALLOCATE|[417]|Bytes:408
15:40:45.45 (1045353620)|HEAP_ALLOCATE|[430]|Bytes:408
15:40:45.45 (1045401546)|HEAP_ALLOCATE|[317]|Bytes:6
15:40:45.45 (1045414421)|HEAP_ALLOCATE|[EXTERNAL]|Bytes:353
15:40:45.45 (1045423796)|METHOD_ENTRY|[2]|01pg8000001w1Mb|OrderItemHandlerTest.OrderItemHandlerTest()
15:40:45.45 (1045429273)|STATEMENT_EXECUTE|[2]
15:40:45.45 (1045435195)|STATEMENT_EXECUTE|[2]
15:40:45.45 (1045438634)|METHOD_EXIT|[2]|OrderItemHandlerTest
15:40:45.45 (1045457397)|HEAP_ALLOCATE|[68]|Bytes:5
15:40:45.45 (1045482839)|HEAP_ALLOCATE|[74]|Bytes:5
15:40:45.45 (1045487898)|HEAP_ALLOCATE|[82]|Bytes:7
15:40:45.45 (1045522743)|STATEMENT_EXECUTE|[186]
15:40:45.45 (1045524092)|STATEMENT_EXECUTE|[187]
15:40:45.45 (1045526593)|HEAP_ALLOCATE|[187]|Bytes:28
15:40:45.45 (1045543056)|HEAP_ALLOCATE|[187]|Bytes:4
15:40:45.45 (1045906771)|SOQL_EXECUTE_BEGIN|[187]|Aggregations:0|SELECT Id FROM Order LIMIT 1
15:40:45.45 (1050102997)|SOQL_EXECUTE_END|[187]|Rows:1
15:40:45.45 (1050134011)|HEAP_ALLOCATE|[187]|Bytes:8
15:40:45.45 (1050153213)|HEAP_ALLOCATE|[187]|Bytes:29
15:40:45.45 (1050221887)|HEAP_ALLOCATE|[187]|Bytes:8
15:40:45.45 (1050241323)|HEAP_ALLOCATE|[187]|Bytes:31
15:40:45.45 (1050282396)|HEAP_ALLOCATE|[187]|Bytes:8
15:40:45.45 (1050292690)|VARIABLE_SCOPE_BEGIN|[187]|pedido|Order|true|false
15:40:45.45 (1050379256)|VARIABLE_ASSIGNMENT|[187]|pedido|{"Id":"801g8000009VmchAAC"}|0x636e419a
15:40:45.45 (1050385624)|STATEMENT_EXECUTE|[188]
15:40:45.45 (1050388105)|HEAP_ALLOCATE|[188]|Bytes:37
15:40:45.45 (1050400656)|HEAP_ALLOCATE|[188]|Bytes:4
15:40:45.45 (1050687852)|SOQL_EXECUTE_BEGIN|[188]|Aggregations:0|SELECT Id FROM PricebookEntry LIMIT 1
15:40:45.45 (1092024776)|SOQL_EXECUTE_END|[188]|Rows:1
15:40:45.45 (1092074692)|HEAP_ALLOCATE|[188]|Bytes:8
15:40:45.45 (1092104971)|HEAP_ALLOCATE|[188]|Bytes:29
15:40:45.45 (1092195361)|HEAP_ALLOCATE|[188]|Bytes:8
15:40:45.45 (1092221540)|HEAP_ALLOCATE|[188]|Bytes:40
15:40:45.45 (1092266080)|HEAP_ALLOCATE|[188]|Bytes:8
15:40:45.45 (1092277820)|VARIABLE_SCOPE_BEGIN|[188]|pbe|PricebookEntry|true|false
15:40:45.45 (1092359641)|VARIABLE_ASSIGNMENT|[188]|pbe|{"Id":"01ug8000000gSxZAAU"}|0x7f49ac82
15:40:45.45 (1092367200)|STATEMENT_EXECUTE|[189]
15:40:45.45 (1092369930)|HEAP_ALLOCATE|[189]|Bytes:31
15:40:45.45 (1092385960)|HEAP_ALLOCATE|[189]|Bytes:4
15:40:45.45 (1092720199)|SOQL_EXECUTE_BEGIN|[189]|Aggregations:0|SELECT Id FROM Product2 LIMIT 1
15:40:45.45 (1097270719)|SOQL_EXECUTE_END|[189]|Rows:1
15:40:45.45 (1097309782)|HEAP_ALLOCATE|[189]|Bytes:8
15:40:45.45 (1097333638)|HEAP_ALLOCATE|[189]|Bytes:29
15:40:45.45 (1097437716)|HEAP_ALLOCATE|[189]|Bytes:8
15:40:45.45 (1097466137)|HEAP_ALLOCATE|[189]|Bytes:34
15:40:45.45 (1097512611)|HEAP_ALLOCATE|[189]|Bytes:8
15:40:45.45 (1097526156)|VARIABLE_SCOPE_BEGIN|[189]|produto|Product2|true|false
15:40:45.45 (1097602682)|VARIABLE_ASSIGNMENT|[189]|produto|{"Id":"01tg8000001RPszAAG"}|0x2829b556
15:40:45.45 (1097611949)|STATEMENT_EXECUTE|[191]
15:40:45.45 (1097638351)|HEAP_ALLOCATE|[191]|Bytes:4
15:40:45.45 (1097740915)|VARIABLE_ASSIGNMENT|[191]|this.OrderId|"801g8000009VmchAAC"|0x34ed36b
15:40:45.45 (1097767910)|VARIABLE_ASSIGNMENT|[191]|this.Product2Id|"01tg8000001RPszAAG"|0x34ed36b
15:40:45.45 (1097790120)|VARIABLE_ASSIGNMENT|[191]|this.PricebookEntryId|"01ug8000000gSxZAAU"|0x34ed36b
15:40:45.45 (1097851706)|HEAP_ALLOCATE|[191]|Bytes:28
15:40:45.45 (1097855387)|HEAP_ALLOCATE|[191]|Bytes:28
15:40:45.45 (1097881930)|VARIABLE_ASSIGNMENT|[191]|this.Quantity|1|0x34ed36b
15:40:45.45 (1097891305)|HEAP_ALLOCATE|[191]|Bytes:28
15:40:45.45 (1097909024)|VARIABLE_ASSIGNMENT|[191]|this.UnitPrice|100|0x34ed36b
15:40:45.45 (1097939706)|VARIABLE_SCOPE_BEGIN|[191]|item|OrderItem|true|false
15:40:45.45 (1097961089)|VARIABLE_ASSIGNMENT|[191]|item|{"OrderId":"801g8000009VmchAAC","Product2Id":"01tg8000001RPszAAG","PricebookEntryId":"01ug8000000gSxZAAU","Quantity":1,"UnitPrice":100}|0x34ed36b
15:40:45.45 (1097967028)|STATEMENT_EXECUTE|[198]
15:40:45.45 (1098007516)|HEAP_ALLOCATE|[198]|Bytes:8
15:40:45.45 (1098029720)|DML_BEGIN|[198]|Op:Insert|Type:OrderItem|Rows:1
15:40:45.45 (1098073703)|HEAP_ALLOCATE|[EXTERNAL]|Bytes:8
15:40:45.45 (1109347166)|CODE_UNIT_STARTED|[EXTERNAL]|01qg8000000Fou9|OrdemItemTrigger on OrderItem trigger event BeforeInsert|__sfdc_trigger/OrdemItemTrigger
15:40:45.45 (1109461112)|HEAP_ALLOCATE|[EXTERNAL]|Bytes:8
15:40:45.45 (1109556336)|HEAP_ALLOCATE|[EXTERNAL]|Bytes:4
15:40:45.45 (1109568973)|VARIABLE_SCOPE_BEGIN|[1]|this|OrdemItemTrigger|true|false
15:40:45.45 (1109611868)|VARIABLE_ASSIGNMENT|[1]|this|{}|0x7f56d333
15:40:45.45 (1109649156)|HEAP_ALLOCATE|[EXTERNAL]|Bytes:4
15:40:45.45 (1109655931)|VARIABLE_SCOPE_BEGIN|[1]|this|OrdemItemTrigger|true|false
15:40:45.45 (1109665542)|VARIABLE_ASSIGNMENT|[1]|this|{}|0x7f56d333
15:40:45.45 (1109674836)|STATEMENT_EXECUTE|[1]
15:40:45.45 (1109676963)|STATEMENT_EXECUTE|[2]
15:40:45.45 (1109701639)|VARIABLE_SCOPE_BEGIN|[63]|TriggerHandler.BYPASS_ALL_ALIAS|String|false|true
15:40:45.45 (1109707757)|VARIABLE_SCOPE_BEGIN|[839]|TriggerHandler.ERROR_TRIGGERCONTEXT|String|false|true
15:40:45.45 (1109714045)|VARIABLE_SCOPE_BEGIN|[26]|TriggerHandler.bypassedHandlers|Set<String>|true|true
15:40:45.45 (1109719686)|VARIABLE_SCOPE_BEGIN|[32]|TriggerHandler.globalBypass|Boolean|false|true
15:40:45.45 (1109725299)|VARIABLE_SCOPE_BEGIN|[20]|TriggerHandler.loopCountMap|Map<String,TriggerHandler.LoopCount>|true|true
15:40:45.45 (1109730718)|VARIABLE_SCOPE_BEGIN|[44]|TriggerHandler.showDebug|Boolean|false|true
15:40:45.45 (1109736078)|VARIABLE_SCOPE_BEGIN|[38]|TriggerHandler.showLimits|Boolean|false|true
15:40:45.45 (1109751354)|HEAP_ALLOCATE|[2]|Bytes:21
15:40:45.45 (1109756786)|HEAP_ALLOCATE|[2]|Bytes:6
15:40:45.45 (1109773709)|METHOD_ENTRY|[1]|01pg8000001EZwd|OrdemItemHandler.OrdemItemHandler()
15:40:45.45 (1109779906)|STATEMENT_EXECUTE|[1]
15:40:45.45 (1109783511)|STATEMENT_EXECUTE|[1]
15:40:45.45 (1109788757)|METHOD_EXIT|[1]|OrdemItemHandler
15:40:45.45 (1109795144)|HEAP_ALLOCATE|[2]|Bytes:32
15:40:45.45 (1109821506)|CONSTRUCTOR_ENTRY|[2]|01pg8000001EZwd|<init>()|OrdemItemHandler
15:40:45.45 (1109829194)|VARIABLE_SCOPE_BEGIN|[9]|this|OrdemItemHandler|true|false
15:40:45.45 (1109853030)|VARIABLE_ASSIGNMENT|[9]|this|{}|0x214f2881
15:40:45.45 (1109861908)|STATEMENT_EXECUTE|[1]
15:40:45.45 (1109863646)|STATEMENT_EXECUTE|[3]
15:40:45.45 (1109865370)|STATEMENT_EXECUTE|[4]
15:40:45.45 (1109866955)|STATEMENT_EXECUTE|[5]
15:40:45.45 (1109868935)|STATEMENT_EXECUTE|[6]
15:40:45.45 (1109870848)|STATEMENT_EXECUTE|[10]
15:40:45.45 (1109875640)|HEAP_ALLOCATE|[10]|Bytes:16
15:40:45.45 (1109884636)|HEAP_ALLOCATE|[10]|Bytes:33
15:40:45.45 (1109888618)|HEAP_ALLOCATE|[10]|Bytes:166
15:40:45.45 (1109891868)|HEAP_ALLOCATE|[10]|Bytes:55
15:40:45.45 (1109902736)|HEAP_ALLOCATE|[10]|Bytes:9
15:40:45.45 (1109917381)|VARIABLE_ASSIGNMENT|[10]|TriggerHandler.BYPASS_ALL_ALIAS|"BypassAll"
15:40:45.45 (1109920630)|HEAP_ALLOCATE|[10]|Bytes:51
15:40:45.45 (1109929152)|VARIABLE_ASSIGNMENT|[10]|TriggerHandler.ERROR_TRIGGERCONTEXT|"Trigger handler call (31 more) ..."
15:40:45.45 (1109946672)|METHOD_ENTRY|[15]|01pg80000019iSf|TriggerHandler.TriggerHandler()
15:40:45.45 (1109950373)|STATEMENT_EXECUTE|[15]
15:40:45.45 (1109953442)|STATEMENT_EXECUTE|[15]
15:40:45.45 (1109954889)|STATEMENT_EXECUTE|[66]
15:40:45.45 (1109956470)|STATEMENT_EXECUTE|[67]
15:40:45.45 (1109974500)|HEAP_ALLOCATE|[67]|Bytes:4
15:40:45.45 (1110000995)|VARIABLE_ASSIGNMENT|[67]|TriggerHandler.loopCountMap|{}|0x2e11c57a
15:40:45.45 (1110006805)|STATEMENT_EXECUTE|[68]
15:40:45.45 (1110015653)|HEAP_ALLOCATE|[68]|Bytes:4
15:40:45.45 (1110065210)|VARIABLE_ASSIGNMENT|[68]|TriggerHandler.bypassedHandlers|[]|0x26bc18c7
15:40:45.45 (1110070164)|STATEMENT_EXECUTE|[69]
15:40:45.45 (1110085608)|HEAP_ALLOCATE|[69]|Bytes:5
15:40:45.45 (1110093497)|VARIABLE_ASSIGNMENT|[69]|TriggerHandler.globalBypass|false
15:40:45.45 (1110096995)|STATEMENT_EXECUTE|[70]
15:40:45.45 (1110099578)|HEAP_ALLOCATE|[70]|Bytes:5
15:40:45.45 (1110104405)|VARIABLE_ASSIGNMENT|[70]|TriggerHandler.showLimits|false
15:40:45.45 (1110107854)|STATEMENT_EXECUTE|[71]
15:40:45.45 (1110110100)|HEAP_ALLOCATE|[71]|Bytes:5
15:40:45.45 (1110115149)|VARIABLE_ASSIGNMENT|[71]|TriggerHandler.showDebug|false
15:40:45.45 (1110118788)|STATEMENT_EXECUTE|[755]
15:40:45.45 (1110120609)|STATEMENT_EXECUTE|[832]
15:40:45.45 (1110124430)|METHOD_EXIT|[15]|TriggerHandler
15:40:45.45 (1110138434)|CONSTRUCTOR_ENTRY|[10]|01pg80000019iSf|<init>(String)|TriggerHandler
15:40:45.45 (1110144529)|VARIABLE_SCOPE_BEGIN|[107]|this|TriggerHandler|true|false
15:40:45.45 (1110160276)|VARIABLE_ASSIGNMENT|[107]|this|{}|0x214f2881
15:40:45.45 (1110164524)|VARIABLE_SCOPE_BEGIN|[107]|handlerName|String|false|false
15:40:45.45 (1110172092)|VARIABLE_ASSIGNMENT|[107]|handlerName|"OrderItemHandler"
15:40:45.45 (1110177798)|STATEMENT_EXECUTE|[15]
15:40:45.45 (1110179452)|STATEMENT_EXECUTE|[50]
15:40:45.45 (1110180949)|STATEMENT_EXECUTE|[57]
15:40:45.45 (1110182417)|STATEMENT_EXECUTE|[671]
15:40:45.45 (1110186952)|HEAP_ALLOCATE|[108]|Bytes:6
15:40:45.45 (1110214600)|STATEMENT_EXECUTE|[107]
15:40:45.45 (1110216514)|STATEMENT_EXECUTE|[108]
15:40:45.45 (1110224026)|STATEMENT_EXECUTE|[109]
15:40:45.45 (1110239994)|METHOD_ENTRY|[109]|01pg80000019iSf|TriggerHandler.setTriggerContext()
15:40:45.45 (1110245221)|VARIABLE_SCOPE_BEGIN|[565]|this|TriggerHandler|true|false
15:40:45.45 (1110260580)|VARIABLE_ASSIGNMENT|[565]|this|{"handlerName":"OrderItemHandler"}|0x214f2881
15:40:45.45 (1110279085)|STATEMENT_EXECUTE|[565]
15:40:45.45 (1110280832)|STATEMENT_EXECUTE|[566]
15:40:45.45 (1110378622)|HEAP_ALLOCATE|[566]|Bytes:16
15:40:45.45 (1110393334)|METHOD_ENTRY|[566]|01pg80000019iSf|TriggerHandler.setTriggerContext(System.TriggerOperation, Boolean)
15:40:45.45 (1110397742)|VARIABLE_SCOPE_BEGIN|[582]|this|TriggerHandler|true|false
15:40:45.45 (1110412216)|VARIABLE_ASSIGNMENT|[582]|this|{"handlerName":"OrderItemHandler"}|0x214f2881
15:40:45.45 (1110416304)|VARIABLE_SCOPE_BEGIN|[582]|opType|System.TriggerOperation|true|false
15:40:45.45 (1110432827)|VARIABLE_ASSIGNMENT|[582]|opType|"BEFORE_INSERT"|0x2c8bc884
15:40:45.45 (1110438590)|VARIABLE_SCOPE_BEGIN|[582]|testMode|Boolean|false|false
15:40:45.45 (1110445002)|VARIABLE_ASSIGNMENT|[582]|testMode|false
15:40:45.45 (1110452626)|STATEMENT_EXECUTE|[582]
15:40:45.45 (1110464993)|STATEMENT_EXECUTE|[586]
15:40:45.45 (1110466704)|STATEMENT_EXECUTE|[587]
15:40:45.45 (1110470931)|HEAP_ALLOCATE|[587]|Bytes:5
15:40:45.45 (1110479116)|STATEMENT_EXECUTE|[590]
15:40:45.45 (1110480690)|STATEMENT_EXECUTE|[592]
15:40:45.45 (1110499228)|HEAP_ALLOCATE|[592]|Bytes:16
15:40:45.45 (1110506340)|STATEMENT_EXECUTE|[595]
15:40:45.45 (1110523763)|VARIABLE_SCOPE_BEGIN|[595]|context|String|false|false
15:40:45.45 (1110533626)|VARIABLE_ASSIGNMENT|[595]|context|"BEFORE_INSERT"
15:40:45.45 (1110536936)|STATEMENT_EXECUTE|[597]
15:40:45.45 (1110541082)|HEAP_ALLOCATE|[598]|Bytes:13
15:40:45.45 (1110574812)|STATEMENT_EXECUTE|[598]
15:40:45.45 (1110576831)|STATEMENT_EXECUTE|[599]
15:40:45.45 (1110584881)|METHOD_EXIT|[566]|01pg80000019iSf|TriggerHandler.setTriggerContext(System.TriggerOperation, Boolean)
15:40:45.45 (1110589974)|METHOD_EXIT|[109]|01pg80000019iSf|TriggerHandler.setTriggerContext()
15:40:45.45 (1110600460)|CONSTRUCTOR_EXIT|[10]|01pg80000019iSf|<init>(String)|TriggerHandler
15:40:45.45 (1110606167)|STATEMENT_EXECUTE|[9]
15:40:45.45 (1110608094)|STATEMENT_EXECUTE|[11]
15:40:45.45 (1112002111)|VARIABLE_ASSIGNMENT|[11]|this.newRecords|[{"Product_Code_Display__c":"TRT 7","IsDeleted":false,"UnitPrice":100.00,"Product2Id":"01tg8000001RPszAAG","PricebookEntryId":"01ug8000000gSxZAAU","TotalPrice":100.00,"Quantity":1.00,"ListPrice":1000.00,"OrderId":"801g8000009VmchAAC"}]|0x214f2881
15:40:45.45 (1112023247)|STATEMENT_EXECUTE|[12]
15:40:45.45 (1112060177)|VARIABLE_ASSIGNMENT|[12]|this.oldRecords|null|0x214f2881
15:40:45.45 (1112065182)|STATEMENT_EXECUTE|[13]
15:40:45.45 (1112081117)|VARIABLE_ASSIGNMENT|[13]|this.newRecordsMap|null|0x214f2881
15:40:45.45 (1112085801)|STATEMENT_EXECUTE|[14]
15:40:45.45 (1112095117)|VARIABLE_ASSIGNMENT|[14]|this.oldRecordsMap|null|0x214f2881
15:40:45.45 (1112112821)|CONSTRUCTOR_EXIT|[2]|01pg8000001EZwd|<init>()|OrdemItemHandler
15:40:45.45 (1112138252)|METHOD_ENTRY|[2]|01pg80000019iSf|TriggerHandler.run()
15:40:45.45 (1112147342)|VARIABLE_SCOPE_BEGIN|[120]|this|TriggerHandler|true|false
15:40:45.45 (1112196584)|VARIABLE_ASSIGNMENT|[120]|this|{"newRecords":"0x37e9be2e","handlerName":"OrderItemHandler","isTriggerExecuting":true,"triggerEvent":"0x2c8bc884"}|0x214f2881
15:40:45.45 (1112215042)|STATEMENT_EXECUTE|[120]
15:40:45.45 (1112222643)|METHOD_ENTRY|[121]|01pg80000019iSf|TriggerHandler.validateRun()
15:40:45.45 (1112227892)|VARIABLE_SCOPE_BEGIN|[661]|this|TriggerHandler|true|false
15:40:45.45 (1112244867)|VARIABLE_ASSIGNMENT|[661]|this|{"newRecords":"0x37e9be2e","handlerName":"OrderItemHandler","isTriggerExecuting":true,"triggerEvent":"0x2c8bc884"}|0x214f2881
15:40:45.45 (1112251980)|STATEMENT_EXECUTE|[661]
15:40:45.45 (1112261201)|STATEMENT_EXECUTE|[662]
15:40:45.45 (1112263027)|STATEMENT_EXECUTE|[665]
15:40:45.45 (1112271632)|METHOD_ENTRY|[665]|01pg80000019iSf|TriggerHandler.getHandlerName()
15:40:45.45 (1112276276)|VARIABLE_SCOPE_BEGIN|[680]|this|TriggerHandler|true|false
15:40:45.45 (1112291021)|VARIABLE_ASSIGNMENT|[680]|this|{"newRecords":"0x37e9be2e","handlerName":"OrderItemHandler","isTriggerExecuting":true,"triggerEvent":"0x2c8bc884"}|0x214f2881
15:40:45.45 (1112297669)|STATEMENT_EXECUTE|[680]
15:40:45.45 (1112329564)|STATEMENT_EXECUTE|[681]
15:40:45.45 (1112331310)|STATEMENT_EXECUTE|[684]
15:40:45.45 (1112336069)|METHOD_EXIT|[665]|01pg80000019iSf|TriggerHandler.getHandlerName()
15:40:45.45 (1112359220)|METHOD_EXIT|[121]|01pg80000019iSf|TriggerHandler.validateRun()
15:40:45.45 (1112364236)|STATEMENT_EXECUTE|[121]
15:40:45.45 (1112369543)|METHOD_ENTRY|[126]|01pg80000019iSf|TriggerHandler.incrementCheckLoopCount()
15:40:45.45 (1112374484)|VARIABLE_SCOPE_BEGIN|[634]|this|TriggerHandler|true|false
15:40:45.45 (1112391133)|VARIABLE_ASSIGNMENT|[634]|this|{"newRecords":"0x37e9be2e","handlerName":"OrderItemHandler","isTriggerExecuting":true,"triggerEvent":"0x2c8bc884"}|0x214f2881
15:40:45.45 (1112398558)|STATEMENT_EXECUTE|[634]
15:40:45.45 (1112399991)|STATEMENT_EXECUTE|[635]
15:40:45.45 (1112403971)|METHOD_ENTRY|[635]|01pg80000019iSf|TriggerHandler.getHandlerName()
15:40:45.45 (1112408096)|VARIABLE_SCOPE_BEGIN|[680]|this|TriggerHandler|true|false
15:40:45.45 (1112422481)|VARIABLE_ASSIGNMENT|[680]|this|{"newRecords":"0x37e9be2e","handlerName":"OrderItemHandler","isTriggerExecuting":true,"triggerEvent":"0x2c8bc884"}|0x214f2881
15:40:45.45 (1112428388)|STATEMENT_EXECUTE|[680]
15:40:45.45 (1112439178)|STATEMENT_EXECUTE|[681]
15:40:45.45 (1112440990)|STATEMENT_EXECUTE|[684]
15:40:45.45 (1112443889)|METHOD_EXIT|[635]|01pg80000019iSf|TriggerHandler.getHandlerName()
15:40:45.45 (1112449370)|VARIABLE_SCOPE_BEGIN|[635]|handlerName|String|false|false
15:40:45.45 (1112458294)|VARIABLE_ASSIGNMENT|[635]|handlerName|"OrderItemHandler"
15:40:45.45 (1112476047)|STATEMENT_EXECUTE|[636]
15:40:45.45 (1112477686)|STATEMENT_EXECUTE|[649]
15:40:45.45 (1112480315)|METHOD_EXIT|[126]|01pg80000019iSf|TriggerHandler.incrementCheckLoopCount()
15:40:45.45 (1112484365)|STATEMENT_EXECUTE|[126]
15:40:45.45 (1112487271)|STATEMENT_EXECUTE|[130]
15:40:45.45 (1112488856)|STATEMENT_EXECUTE|[135]
15:40:45.45 (1112525186)|STATEMENT_EXECUTE|[136]
15:40:45.45 (1112526791)|STATEMENT_EXECUTE|[137]
15:40:45.45 (1112533546)|METHOD_ENTRY|[137]|01pg8000001EZwd|OrdemItemHandler.beforeInsert()
15:40:45.45 (1112538423)|VARIABLE_SCOPE_BEGIN|[18]|this|OrdemItemHandler|true|false
15:40:45.45 (1112555751)|VARIABLE_ASSIGNMENT|[18]|this|{"newRecords":"0x37e9be2e","handlerName":"OrderItemHandler","isTriggerExecuting":true,"triggerEvent":"0x2c8bc884"}|0x214f2881
15:40:45.45 (1112564048)|STATEMENT_EXECUTE|[18]
15:40:45.45 (1112565730)|STATEMENT_EXECUTE|[19]
15:40:45.45 (1112571125)|METHOD_ENTRY|[19]|01pg8000001EZwd|OrdemItemHandler.checkActiveOrderItem()
15:40:45.45 (1112575448)|VARIABLE_SCOPE_BEGIN|[176]|this|OrdemItemHandler|true|false
15:40:45.45 (1112605796)|VARIABLE_ASSIGNMENT|[176]|this|{"newRecords":"0x37e9be2e","handlerName":"OrderItemHandler","isTriggerExecuting":true,"triggerEvent":"0x2c8bc884"}|0x214f2881
15:40:45.45 (1112614408)|STATEMENT_EXECUTE|[176]
15:40:45.45 (1112615995)|STATEMENT_EXECUTE|[177]
15:40:45.45 (1112620110)|VARIABLE_SCOPE_BEGIN|[177]|listaParaValidar|List<OrderItem>|true|false
15:40:45.45 (1112627930)|VARIABLE_ASSIGNMENT|[177]|listaParaValidar|null|
15:40:45.45 (1112631665)|STATEMENT_EXECUTE|[178]
15:40:45.45 (1112650538)|HEAP_ALLOCATE|[178]|Bytes:4
15:40:45.45 (1112666995)|VARIABLE_SCOPE_BEGIN|[178]|idOrders|Set<Id>|true|false
15:40:45.45 (1112697510)|VARIABLE_ASSIGNMENT|[178]|idOrders|[]|0x177397bc
15:40:45.45 (1112702510)|STATEMENT_EXECUTE|[179]
15:40:45.45 (1112715125)|HEAP_ALLOCATE|[179]|Bytes:4
15:40:45.45 (1112722215)|VARIABLE_SCOPE_BEGIN|[179]|idMapOrders|Map<Id,Order>|true|false
15:40:45.45 (1112734220)|VARIABLE_ASSIGNMENT|[179]|idMapOrders|{}|0x514fdfb5
15:40:45.45 (1112747884)|STATEMENT_EXECUTE|[183]
15:40:45.45 (1112749643)|STATEMENT_EXECUTE|[184]
15:40:45.45 (1113539625)|VARIABLE_ASSIGNMENT|[184]|listaParaValidar|[{"Product_Code_Display__c":"TRT 7","IsDeleted":false,"UnitPrice":100.00,"Product2Id":"01tg8000001RPszAAG","PricebookEntryId":"01ug8000000gSxZAAU","TotalPrice":100.00,"Quantity":1.00,"ListPrice":1000.00,"OrderId":"801g8000009VmchAAC"}]|0x37e9be2e
15:40:45.45 (1113600944)|HEAP_ALLOCATE|[187]|Bytes:5
15:40:45.45 (1113624710)|HEAP_ALLOCATE|[187]|Bytes:4
15:40:45.45 (1113637601)|VARIABLE_SCOPE_BEGIN|[187]|ot|OrderItem|true|false
15:40:45.45 (1114340067)|VARIABLE_ASSIGNMENT|[187]|ot|{"Product_Code_Display__c":"TRT 7","IsDeleted":false,"UnitPrice":100.00,"Product2Id":"01tg8000001RPszAAG","PricebookEntryId":"01ug8000000gSxZAAU","TotalPrice":100.00,"Quantity":1.00,"ListPrice":1000.00,"OrderId":"801g8000009VmchAAC"}|0x6a0d743c
15:40:45.45 (1114353506)|STATEMENT_EXECUTE|[187]
15:40:45.45 (1114355345)|STATEMENT_EXECUTE|[188]
15:40:45.45 (1114383117)|HEAP_ALLOCATE|[EXTERNAL]|Bytes:4
15:40:45.45 (1114404297)|HEAP_ALLOCATE|[187]|Bytes:5
15:40:45.45 (1114417379)|VARIABLE_ASSIGNMENT|[187]|ot|null|
15:40:45.45 (1114423650)|STATEMENT_EXECUTE|[191]
15:40:45.45 (1114439367)|HEAP_ALLOCATE|[191]|Bytes:1
15:40:45.45 (1114452925)|METHOD_ENTRY|[1]|01pg8000001w1Md|OrderSelector.OrderSelector()
15:40:45.45 (1114463730)|STATEMENT_EXECUTE|[1]
15:40:45.45 (1114467147)|STATEMENT_EXECUTE|[1]
15:40:45.45 (1114471669)|METHOD_EXIT|[1]|OrderSelector
15:40:45.45 (1114480044)|METHOD_ENTRY|[191]|01pg8000001w1Md|OrderSelector.getOrdersByIds(Set<Id>)
15:40:45.45 (1114486348)|VARIABLE_SCOPE_BEGIN|[2]|ids|Set<Id>|true|false
15:40:45.45 (1114499183)|VARIABLE_ASSIGNMENT|[2]|ids|["801g8000009VmchAAC"]|0x177397bc
15:40:45.45 (1114512142)|STATEMENT_EXECUTE|[2]
15:40:45.45 (1114513515)|STATEMENT_EXECUTE|[3]
15:40:45.45 (1114525993)|HEAP_ALLOCATE|[3]|Bytes:4
15:40:45.45 (1114531168)|HEAP_ALLOCATE|[3]|Bytes:113
15:40:45.45 (1114539613)|HEAP_ALLOCATE|[3]|Bytes:4
15:40:45.45 (1114545865)|HEAP_ALLOCATE|[3]|Bytes:7
15:40:45.45 (1115143791)|SOQL_EXECUTE_BEGIN|[3]|Aggregations:0|SELECT Id, DistributionCenter__c, State__c, City__c, Country__c, AccountId, Status FROM Order WHERE Id = :tmpVar1
15:40:45.45 (1119814739)|SOQL_EXECUTE_END|[3]|Rows:1
15:40:45.45 (1119846515)|HEAP_ALLOCATE|[3]|Bytes:8
15:40:45.45 (1119864013)|HEAP_ALLOCATE|[3]|Bytes:209
15:40:45.45 (1119903797)|HEAP_ALLOCATE|[3]|Bytes:8
15:40:45.45 (1119932784)|HEAP_ALLOCATE|[3]|Bytes:32
15:40:45.45 (1119954953)|HEAP_ALLOCATE|[3]|Bytes:4
15:40:45.45 (1119968343)|METHOD_EXIT|[191]|01pg8000001w1Md|OrderSelector.getOrdersByIds(Set<Id>)
15:40:45.45 (1120104592)|VARIABLE_ASSIGNMENT|[191]|idMapOrders|{"801g8000009VmchAAC":{"Status":"Draft","City__c":"a05g8000002BeozAAC","Country__c":"a03g80000084ySPAAY","AccountId":"001g8000009VmcfAAC","DistributionCenter__c":"a06g8000001ga3JAAQ","Id":"801g8000009VmchAAC","State__c":"a04g8000000b50jAAA"}}|0x3a47912
15:40:45.45 (1120142856)|HEAP_ALLOCATE|[193]|Bytes:5
15:40:45.45 (1120159171)|HEAP_ALLOCATE|[193]|Bytes:4
15:40:45.45 (1120168035)|VARIABLE_SCOPE_BEGIN|[193]|ot|OrderItem|true|false
15:40:45.45 (1120780231)|VARIABLE_ASSIGNMENT|[193]|ot|{"Product_Code_Display__c":"TRT 7","IsDeleted":false,"UnitPrice":100.00,"Product2Id":"01tg8000001RPszAAG","PricebookEntryId":"01ug8000000gSxZAAU","TotalPrice":100.00,"Quantity":1.00,"ListPrice":1000.00,"OrderId":"801g8000009VmchAAC"}|0x6a0d743c
15:40:45.45 (1120792179)|STATEMENT_EXECUTE|[193]
15:40:45.45 (1120793395)|STATEMENT_EXECUTE|[194]
15:40:45.45 (1120828038)|VARIABLE_SCOPE_BEGIN|[194]|pedido|Order|true|false
15:40:45.45 (1120889120)|VARIABLE_ASSIGNMENT|[194]|pedido|{"Status":"Draft","City__c":"a05g8000002BeozAAC","Country__c":"a03g80000084ySPAAY","AccountId":"001g8000009VmcfAAC","DistributionCenter__c":"a06g8000001ga3JAAQ","Id":"801g8000009VmchAAC","State__c":"a04g8000000b50jAAA"}|0x57ee2909
15:40:45.45 (1120904018)|HEAP_ALLOCATE|[195]|Bytes:5
15:40:45.45 (1120927855)|STATEMENT_EXECUTE|[195]
15:40:45.45 (1120939634)|HEAP_ALLOCATE|[193]|Bytes:5
15:40:45.45 (1120947616)|VARIABLE_ASSIGNMENT|[193]|ot|null|
15:40:45.45 (1120955262)|METHOD_EXIT|[19]|01pg8000001EZwd|OrdemItemHandler.checkActiveOrderItem()
15:40:45.45 (1120959427)|STATEMENT_EXECUTE|[20]
15:40:45.45 (1120968254)|METHOD_ENTRY|[20]|01pg8000001EZwd|OrdemItemHandler.executePricingLogic()
15:40:45.45 (1120973720)|VARIABLE_SCOPE_BEGIN|[35]|this|OrdemItemHandler|true|false
15:40:45.45 (1121015182)|VARIABLE_ASSIGNMENT|[35]|this|{"newRecords":"0x37e9be2e","handlerName":"OrderItemHandler","isTriggerExecuting":true,"triggerEvent":"0x2c8bc884"}|0x214f2881
15:40:45.45 (1121028610)|STATEMENT_EXECUTE|[35]
15:40:45.45 (1121029720)|STATEMENT_EXECUTE|[37]
15:40:45.45 (1121040550)|HEAP_ALLOCATE|[37]|Bytes:4
15:40:45.45 (1121051012)|VARIABLE_SCOPE_BEGIN|[37]|setOrderIds|Set<Id>|true|false
15:40:45.45 (1121075234)|VARIABLE_ASSIGNMENT|[37]|setOrderIds|[]|0x6ac3756e
15:40:45.45 (1121078370)|STATEMENT_EXECUTE|[38]
15:40:45.45 (1121081052)|HEAP_ALLOCATE|[38]|Bytes:4
15:40:45.45 (1121086032)|VARIABLE_SCOPE_BEGIN|[38]|setProductIds|Set<Id>|true|false
15:40:45.45 (1121092683)|VARIABLE_ASSIGNMENT|[38]|setProductIds|[]|0x3d04ddc
15:40:45.45 (1121095792)|STATEMENT_EXECUTE|[39]
15:40:45.45 (1121097643)|HEAP_ALLOCATE|[39]|Bytes:4
15:40:45.45 (1121101934)|VARIABLE_SCOPE_BEGIN|[39]|setAccountIds|Set<Id>|true|false
15:40:45.45 (1121107929)|VARIABLE_ASSIGNMENT|[39]|setAccountIds|[]|0x239cc85d
15:40:45.45 (1121110771)|STATEMENT_EXECUTE|[42]
15:40:45.45 (1121124082)|HEAP_ALLOCATE|[42]|Bytes:4
15:40:45.45 (1121129375)|VARIABLE_SCOPE_BEGIN|[42]|itemsByOrderId|Map<Id,List<OrderItem>>|true|false
15:40:45.45 (1121137212)|VARIABLE_ASSIGNMENT|[42]|itemsByOrderId|{}|0x59c0b46
15:40:45.45 (1121154900)|HEAP_ALLOCATE|[45]|Bytes:5
15:40:45.45 (1121164810)|HEAP_ALLOCATE|[45]|Bytes:4
15:40:45.45 (1121169232)|VARIABLE_SCOPE_BEGIN|[45]|item|OrderItem|true|false
15:40:45.45 (1121750331)|VARIABLE_ASSIGNMENT|[45]|item|{"Product_Code_Display__c":"TRT 7","IsDeleted":false,"UnitPrice":100.00,"Product2Id":"01tg8000001RPszAAG","PricebookEntryId":"01ug8000000gSxZAAU","TotalPrice":100.00,"Quantity":1.00,"ListPrice":1000.00,"OrderId":"801g8000009VmchAAC"}|0x6a0d743c
15:40:45.45 (1121764252)|STATEMENT_EXECUTE|[45]
15:40:45.45 (1121773332)|STATEMENT_EXECUTE|[46]
15:40:45.45 (1121774699)|STATEMENT_EXECUTE|[47]
15:40:45.45 (1121789276)|HEAP_ALLOCATE|[EXTERNAL]|Bytes:4
15:40:45.45 (1121812398)|STATEMENT_EXECUTE|[49]
15:40:45.45 (1121823338)|HEAP_ALLOCATE|[49]|Bytes:4
15:40:45.45 (1121841355)|HEAP_ALLOCATE|[EXTERNAL]|Bytes:4
15:40:45.45 (1121845313)|HEAP_ALLOCATE|[EXTERNAL]|Bytes:-4
15:40:45.45 (1121849012)|STATEMENT_EXECUTE|[50]
15:40:45.45 (1121881623)|HEAP_ALLOCATE|[EXTERNAL]|Bytes:4
15:40:45.45 (1121887503)|STATEMENT_EXECUTE|[52]
15:40:45.45 (1121891581)|HEAP_ALLOCATE|[EXTERNAL]|Bytes:4
15:40:45.45 (1121903026)|HEAP_ALLOCATE|[45]|Bytes:5
15:40:45.45 (1121912174)|VARIABLE_ASSIGNMENT|[45]|item|null|
15:40:45.45 (1121915781)|STATEMENT_EXECUTE|[56]
15:40:45.45 (1121923489)|METHOD_ENTRY|[56]|01pg8000001w1Md|OrderSelector.getOrdersByIds(Set<Id>)
15:40:45.45 (1121928691)|VARIABLE_SCOPE_BEGIN|[2]|ids|Set<Id>|true|false
15:40:45.45 (1121937521)|VARIABLE_ASSIGNMENT|[2]|ids|["801g8000009VmchAAC"]|0x6ac3756e
15:40:45.45 (1121946394)|STATEMENT_EXECUTE|[2]
15:40:45.45 (1121947405)|STATEMENT_EXECUTE|[3]
15:40:45.45 (1121953383)|HEAP_ALLOCATE|[3]|Bytes:4
15:40:45.45 (1121959897)|HEAP_ALLOCATE|[3]|Bytes:4
15:40:45.45 (1122414668)|SOQL_EXECUTE_BEGIN|[3]|Aggregations:0|SELECT Id, DistributionCenter__c, State__c, City__c, Country__c, AccountId, Status FROM Order WHERE Id = :tmpVar1
15:40:45.45 (1125793348)|SOQL_EXECUTE_END|[3]|Rows:1
15:40:45.45 (1125825321)|HEAP_ALLOCATE|[3]|Bytes:8
15:40:45.45 (1125844427)|HEAP_ALLOCATE|[3]|Bytes:209
15:40:45.45 (1125888426)|HEAP_ALLOCATE|[3]|Bytes:8
15:40:45.45 (1125911755)|HEAP_ALLOCATE|[3]|Bytes:32
15:40:45.45 (1125931584)|HEAP_ALLOCATE|[3]|Bytes:4
15:40:45.45 (1125945387)|METHOD_EXIT|[56]|01pg8000001w1Md|OrderSelector.getOrdersByIds(Set<Id>)
15:40:45.45 (1125952007)|VARIABLE_SCOPE_BEGIN|[56]|mapOrders|Map<Id,Order>|true|false
15:40:45.45 (1126050191)|VARIABLE_ASSIGNMENT|[56]|mapOrders|{"801g8000009VmchAAC":{"Status":"Draft","City__c":"a05g8000002BeozAAC","Country__c":"a03g80000084ySPAAY","AccountId":"001g8000009VmcfAAC","DistributionCenter__c":"a06g8000001ga3JAAQ","Id":"801g8000009VmchAAC","State__c":"a04g8000000b50jAAA"}}|0x23ad3ddf
15:40:45.45 (1126070456)|HEAP_ALLOCATE|[EXTERNAL]|Bytes:8
15:40:45.45 (1126077963)|HEAP_ALLOCATE|[58]|Bytes:216
15:40:45.45 (1126108835)|HEAP_ALLOCATE|[58]|Bytes:5
15:40:45.45 (1126118894)|HEAP_ALLOCATE|[58]|Bytes:32
15:40:45.45 (1126125425)|VARIABLE_SCOPE_BEGIN|[58]|o|Order|true|false
15:40:45.45 (1126154976)|VARIABLE_ASSIGNMENT|[58]|o|{"Status":"Draft","City__c":"a05g8000002BeozAAC","Country__c":"a03g80000084ySPAAY","AccountId":"001g8000009VmcfAAC","DistributionCenter__c":"a06g8000001ga3JAAQ","Id":"801g8000009VmchAAC","State__c":"a04g8000000b50jAAA"}|0x2a8d8f51
15:40:45.45 (1126162169)|STATEMENT_EXECUTE|[58]
15:40:45.45 (1126180678)|HEAP_ALLOCATE|[EXTERNAL]|Bytes:4
15:40:45.45 (1126188347)|HEAP_ALLOCATE|[58]|Bytes:5
15:40:45.45 (1126194831)|VARIABLE_ASSIGNMENT|[58]|o|null|
15:40:45.45 (1126198286)|STATEMENT_EXECUTE|[60]
15:40:45.45 (1126214107)|HEAP_ALLOCATE|[60]|Bytes:1
15:40:45.45 (1126226594)|METHOD_ENTRY|[1]|01pg8000001w1MX|AccountSelector.AccountSelector()
15:40:45.45 (1126229704)|STATEMENT_EXECUTE|[1]
15:40:45.45 (1126232299)|STATEMENT_EXECUTE|[1]
15:40:45.45 (1126237046)|METHOD_EXIT|[1]|AccountSelector
15:40:45.45 (1126242540)|METHOD_ENTRY|[60]|01pg8000001w1MX|AccountSelector.getAccountByIds(Set<Id>)
15:40:45.45 (1126247222)|VARIABLE_SCOPE_BEGIN|[2]|ids|Set<Id>|true|false
15:40:45.45 (1126257421)|VARIABLE_ASSIGNMENT|[2]|ids|["001g8000009VmcfAAC"]|0x239cc85d
15:40:45.45 (1126268667)|STATEMENT_EXECUTE|[2]
15:40:45.45 (1126269684)|STATEMENT_EXECUTE|[3]
15:40:45.45 (1126280865)|HEAP_ALLOCATE|[3]|Bytes:4
15:40:45.45 (1126284225)|HEAP_ALLOCATE|[3]|Bytes:59
15:40:45.45 (1126290251)|HEAP_ALLOCATE|[3]|Bytes:4
15:40:45.45 (1126700907)|SOQL_EXECUTE_BEGIN|[3]|Aggregations:0|SELECT Id, AccountGroup__c FROM Account WHERE Id = :tmpVar1
15:40:45.45 (1129913070)|SOQL_EXECUTE_END|[3]|Rows:1
15:40:45.45 (1129938597)|HEAP_ALLOCATE|[3]|Bytes:8
15:40:45.45 (1129955372)|HEAP_ALLOCATE|[3]|Bytes:66
15:40:45.45 (1129997620)|HEAP_ALLOCATE|[3]|Bytes:8
15:40:45.45 (1130032674)|HEAP_ALLOCATE|[3]|Bytes:12
15:40:45.45 (1130044883)|HEAP_ALLOCATE|[3]|Bytes:4
15:40:45.45 (1130057541)|METHOD_EXIT|[60]|01pg8000001w1MX|AccountSelector.getAccountByIds(Set<Id>)
15:40:45.45 (1130063666)|VARIABLE_SCOPE_BEGIN|[60]|mapAccounts|Map<Id,Account>|true|false
15:40:45.45 (1130135246)|VARIABLE_ASSIGNMENT|[60]|mapAccounts|{"001g8000009VmcfAAC":{"AccountGroup__c":"a02g8000002mPHVAA2","Id":"001g8000009VmcfAAC"}}|0x6d4d6d4b
15:40:45.45 (1130144298)|STATEMENT_EXECUTE|[62]
15:40:45.45 (1130160956)|HEAP_ALLOCATE|[62]|Bytes:1
15:40:45.45 (1130174850)|METHOD_ENTRY|[1]|01pg8000001w1Mf|ProductSelector.ProductSelector()
15:40:45.45 (1130179560)|STATEMENT_EXECUTE|[1]
15:40:45.45 (1130183251)|STATEMENT_EXECUTE|[1]
15:40:45.45 (1130188284)|METHOD_EXIT|[1]|ProductSelector
15:40:45.45 (1130197341)|METHOD_ENTRY|[62]|01pg8000001w1Mf|ProductSelector.getProductByIds(Set<Id>)
15:40:45.45 (1130204411)|VARIABLE_SCOPE_BEGIN|[2]|ids|Set<Id>|true|false
15:40:45.45 (1130218227)|VARIABLE_ASSIGNMENT|[2]|ids|["01tg8000001RPszAAG"]|0x3d04ddc
15:40:45.45 (1130232228)|STATEMENT_EXECUTE|[2]
15:40:45.45 (1130233773)|STATEMENT_EXECUTE|[3]
15:40:45.45 (1130247024)|HEAP_ALLOCATE|[3]|Bytes:4
15:40:45.45 (1130251998)|HEAP_ALLOCATE|[3]|Bytes:83
15:40:45.45 (1130260182)|HEAP_ALLOCATE|[3]|Bytes:4
15:40:45.45 (1130638457)|SOQL_EXECUTE_BEGIN|[3]|Aggregations:0|SELECT Id, ProductionCost__c, ProductHierarchy__c FROM Product2 WHERE Id = :tmpVar1
15:40:45.45 (1133407324)|SOQL_EXECUTE_END|[3]|Rows:1
15:40:45.45 (1133433246)|HEAP_ALLOCATE|[3]|Bytes:8
15:40:45.45 (1133450630)|HEAP_ALLOCATE|[3]|Bytes:127
15:40:45.45 (1133492424)|HEAP_ALLOCATE|[3]|Bytes:8
15:40:45.45 (1133521488)|HEAP_ALLOCATE|[3]|Bytes:16
15:40:45.45 (1133544314)|HEAP_ALLOCATE|[3]|Bytes:4
15:40:45.45 (1133559509)|METHOD_EXIT|[62]|01pg8000001w1Mf|ProductSelector.getProductByIds(Set<Id>)
15:40:45.45 (1133568871)|VARIABLE_SCOPE_BEGIN|[62]|mapProducts|Map<Id,Product2>|true|false
15:40:45.45 (1133664038)|VARIABLE_ASSIGNMENT|[62]|mapProducts|{"01tg8000001RPszAAG":{"ProductionCost__c":300000.00,"ProductHierarchy__c":"a01g8000009VmcgAAC","Id":"01tg8000001RPszAAG"}}|0x7d3f0138
15:40:45.45 (1133674216)|STATEMENT_EXECUTE|[65]
15:40:45.45 (1133691518)|HEAP_ALLOCATE|[65]|Bytes:1
15:40:45.45 (1133704308)|METHOD_ENTRY|[1]|01pg8000001w1MZ|MargemSelector.MargemSelector()
15:40:45.45 (1133708283)|STATEMENT_EXECUTE|[1]
15:40:45.45 (1133711738)|STATEMENT_EXECUTE|[1]
15:40:45.45 (1133716561)|METHOD_EXIT|[1]|MargemSelector
15:40:45.45 (1133724851)|METHOD_ENTRY|[65]|01pg8000001w1MZ|MargemSelector.getMargemApproved()
15:40:45.45 (1133739927)|STATEMENT_EXECUTE|[2]
15:40:45.45 (1133741545)|STATEMENT_EXECUTE|[3]
15:40:45.45 (1133744084)|HEAP_ALLOCATE|[3]|Bytes:165
15:40:45.45 (1133758744)|HEAP_ALLOCATE|[3]|Bytes:4
15:40:45.45 (1134166856)|SOQL_EXECUTE_BEGIN|[3]|Aggregations:0|SELECT Product__c, ProductHierarchy__c, Account__c, AccountGroup__c, City__c, State__c, Country__c, MarginValuePercent__c FROM Margem__c WHERE Status__c = 'Approved'
15:40:45.45 (1137285372)|SOQL_EXECUTE_END|[3]|Rows:1
15:40:45.45 (1137309334)|HEAP_ALLOCATE|[3]|Bytes:8
15:40:45.45 (1137330809)|HEAP_ALLOCATE|[3]|Bytes:184
15:40:45.45 (1137405724)|HEAP_ALLOCATE|[3]|Bytes:8
15:40:45.45 (1137428304)|METHOD_EXIT|[65]|01pg8000001w1MZ|MargemSelector.getMargemApproved()
15:40:45.45 (1137438031)|VARIABLE_SCOPE_BEGIN|[65]|listMargins|List<Margem__c>|true|false
15:40:45.45 (1137559272)|VARIABLE_ASSIGNMENT|[65]|listMargins|[{"Account__c":"001g8000009VmcfAAC","Product__c":"01tg8000001RPszAAG","Id":"a00g800000PiOpBAAV","State__c":"a04g8000000b50jAAA","MarginValuePercent__c":15.00}]|0x6903e7df
15:40:45.45 (1137570660)|STATEMENT_EXECUTE|[68]
15:40:45.45 (1137587678)|HEAP_ALLOCATE|[68]|Bytes:4
15:40:45.45 (1137602226)|VARIABLE_SCOPE_BEGIN|[68]|mapMargin|Map<String,Margem__c>|true|false
15:40:45.45 (1137617189)|VARIABLE_ASSIGNMENT|[68]|mapMargin|{}|0x73676d51
15:40:45.45 (1137666372)|HEAP_ALLOCATE|[69]|Bytes:5
15:40:45.45 (1137688456)|HEAP_ALLOCATE|[69]|Bytes:24
15:40:45.45 (1137699058)|VARIABLE_SCOPE_BEGIN|[69]|m|Margem__c|true|false
15:40:45.45 (1137740327)|VARIABLE_ASSIGNMENT|[69]|m|{"Account__c":"001g8000009VmcfAAC","Product__c":"01tg8000001RPszAAG","Id":"a00g800000PiOpBAAV","State__c":"a04g8000000b50jAAA","MarginValuePercent__c":15.00}|0x3c6f0609
15:40:45.45 (1137746018)|STATEMENT_EXECUTE|[69]
15:40:45.45 (1137747328)|STATEMENT_EXECUTE|[70]
15:40:45.45 (1137793698)|HEAP_ALLOCATE|[70]|Bytes:18
15:40:45.45 (1137801351)|VARIABLE_SCOPE_BEGIN|[70]|p|String|false|false
15:40:45.45 (1137807012)|VARIABLE_ASSIGNMENT|[70]|p|"01tg8000001RPszAAG"
15:40:45.45 (1137809700)|STATEMENT_EXECUTE|[71]
15:40:45.45 (1137817092)|HEAP_ALLOCATE|[71]|Bytes:18
15:40:45.45 (1137822111)|VARIABLE_SCOPE_BEGIN|[71]|a|String|false|false
15:40:45.45 (1137826682)|VARIABLE_ASSIGNMENT|[71]|a|"001g8000009VmcfAAC"
15:40:45.45 (1137828842)|STATEMENT_EXECUTE|[72]
15:40:45.45 (1137837594)|HEAP_ALLOCATE|[72]|Bytes:18
15:40:45.45 (1137842243)|VARIABLE_SCOPE_BEGIN|[72]|l|String|false|false
15:40:45.45 (1137846931)|VARIABLE_ASSIGNMENT|[72]|l|"a04g8000000b50jAAA"
15:40:45.45 (1137849201)|STATEMENT_EXECUTE|[75]
15:40:45.45 (1137851311)|HEAP_ALLOCATE|[75]|Bytes:1
15:40:45.45 (1137860375)|HEAP_ALLOCATE|[75]|Bytes:56
15:40:45.45 (1137862775)|VARIABLE_SCOPE_BEGIN|[75]|compositeKey|String|false|false
15:40:45.45 (1137868995)|VARIABLE_ASSIGNMENT|[75]|compositeKey|"01tg8000001RPszAAG_0 (36 more) ..."
15:40:45.45 (1137871668)|STATEMENT_EXECUTE|[76]
15:40:45.45 (1137882304)|HEAP_ALLOCATE|[EXTERNAL]|Bytes:-4
15:40:45.45 (1137887257)|STATEMENT_EXECUTE|[77]
15:40:45.45 (1137888707)|HEAP_ALLOCATE|[77]|Bytes:28
15:40:45.45 (1137895648)|HEAP_ALLOCATE|[77]|Bytes:84
15:40:45.45 (1137913474)|USER_DEBUG|[77]|DEBUG|MAPA MARGEM - Chave Gerada: 01tg8000001RPszAAG_001g8000009VmcfAAC_a04g8000000b50jAAA
15:40:45.45 (1137923570)|HEAP_ALLOCATE|[69]|Bytes:5
15:40:45.45 (1137930802)|VARIABLE_ASSIGNMENT|[69]|m|null|
15:40:45.45 (1137934860)|STATEMENT_EXECUTE|[81]
15:40:45.45 (1137946416)|HEAP_ALLOCATE|[81]|Bytes:1
15:40:45.45 (1137955816)|METHOD_ENTRY|[1]|01pg8000001w1Mg|TaxSelector.TaxSelector()
15:40:45.45 (1137958701)|STATEMENT_EXECUTE|[1]
15:40:45.45 (1137960992)|STATEMENT_EXECUTE|[1]
15:40:45.45 (1137964176)|METHOD_EXIT|[1]|TaxSelector
15:40:45.45 (1137969335)|METHOD_ENTRY|[81]|01pg8000001w1Mg|TaxSelector.getTaxApproved()
15:40:45.45 (1137980907)|STATEMENT_EXECUTE|[2]
15:40:45.45 (1137981782)|STATEMENT_EXECUTE|[3]
15:40:45.45 (1137983220)|HEAP_ALLOCATE|[3]|Bytes:103
15:40:45.45 (1137992035)|HEAP_ALLOCATE|[3]|Bytes:4
15:40:45.45 (1138354915)|SOQL_EXECUTE_BEGIN|[3]|Aggregations:0|SELECT Product__c, State__c, DistributionCenter__c, TaxRate__c FROM Tax__c WHERE Status__c = 'Approved'
15:40:45.45 (1141411199)|SOQL_EXECUTE_END|[3]|Rows:1
15:40:45.45 (1141436077)|HEAP_ALLOCATE|[3]|Bytes:8
15:40:45.45 (1141457621)|HEAP_ALLOCATE|[3]|Bytes:184
15:40:45.45 (1141503870)|HEAP_ALLOCATE|[3]|Bytes:8
15:40:45.45 (1141523874)|METHOD_EXIT|[81]|01pg8000001w1Mg|TaxSelector.getTaxApproved()
15:40:45.45 (1141533242)|VARIABLE_SCOPE_BEGIN|[81]|listTaxes|List<Tax__c>|true|false
15:40:45.45 (1141646863)|VARIABLE_ASSIGNMENT|[81]|listTaxes|[{"DistributionCenter__c":"a06g8000001ga3JAAQ","Product__c":"01tg8000001RPszAAG","TaxRate__c":10.00,"Id":"a09g8000002D1efAAC","State__c":"a04g8000000b50jAAA"}]|0x46a7af4f
15:40:45.45 (1141657279)|STATEMENT_EXECUTE|[83]
15:40:45.45 (1141675911)|HEAP_ALLOCATE|[83]|Bytes:4
15:40:45.45 (1141690942)|VARIABLE_SCOPE_BEGIN|[83]|mapTaxByCompositeKey|Map<String,Tax__c>|true|false
15:40:45.45 (1141704812)|VARIABLE_ASSIGNMENT|[83]|mapTaxByCompositeKey|{}|0x58f4239f
15:40:45.45 (1141749683)|HEAP_ALLOCATE|[84]|Bytes:5
15:40:45.45 (1141770623)|HEAP_ALLOCATE|[84]|Bytes:24
15:40:45.45 (1141780631)|VARIABLE_SCOPE_BEGIN|[84]|t|Tax__c|true|false
15:40:45.45 (1141823176)|VARIABLE_ASSIGNMENT|[84]|t|{"DistributionCenter__c":"a06g8000001ga3JAAQ","Product__c":"01tg8000001RPszAAG","TaxRate__c":10.00,"Id":"a09g8000002D1efAAC","State__c":"a04g8000000b50jAAA"}|0x49a07bd7
15:40:45.45 (1141828868)|STATEMENT_EXECUTE|[84]
15:40:45.45 (1141830095)|STATEMENT_EXECUTE|[85]
15:40:45.45 (1141864575)|HEAP_ALLOCATE|[85]|Bytes:18
15:40:45.45 (1141875573)|HEAP_ALLOCATE|[86]|Bytes:18
15:40:45.45 (1141883847)|HEAP_ALLOCATE|[87]|Bytes:18
15:40:45.45 (1141894769)|HEAP_ALLOCATE|[85]|Bytes:54
15:40:45.45 (1141898018)|VARIABLE_SCOPE_BEGIN|[85]|key|String|false|false
15:40:45.45 (1141905604)|VARIABLE_ASSIGNMENT|[85]|key|"01tg8000001RPszAAGa0 (34 more) ..."
15:40:45.45 (1141908318)|STATEMENT_EXECUTE|[88]
15:40:45.45 (1141918777)|HEAP_ALLOCATE|[EXTERNAL]|Bytes:-4
15:40:45.45 (1141927782)|HEAP_ALLOCATE|[84]|Bytes:5
15:40:45.45 (1141934194)|VARIABLE_ASSIGNMENT|[84]|t|null|
15:40:45.45 (1141938539)|STATEMENT_EXECUTE|[92]
15:40:45.45 (1141949921)|HEAP_ALLOCATE|[92]|Bytes:1
15:40:45.45 (1141959491)|METHOD_ENTRY|[1]|01pg8000001w1MY|FreightSelector.FreightSelector()
15:40:45.45 (1141962715)|STATEMENT_EXECUTE|[1]
15:40:45.45 (1141965115)|STATEMENT_EXECUTE|[1]
15:40:45.45 (1141968212)|METHOD_EXIT|[1]|FreightSelector
15:40:45.45 (1141973379)|METHOD_ENTRY|[92]|01pg8000001w1MY|FreightSelector.getFreightApproved()
15:40:45.45 (1141984692)|STATEMENT_EXECUTE|[2]
15:40:45.45 (1141985853)|STATEMENT_EXECUTE|[3]
15:40:45.45 (1141987852)|HEAP_ALLOCATE|[3]|Bytes:154
15:40:45.45 (1141996818)|HEAP_ALLOCATE|[3]|Bytes:4
15:40:45.45 (1142358522)|SOQL_EXECUTE_BEGIN|[3]|Aggregations:0|SELECT Product__c, City__c, State__c, Country__c, DistributionCenter__c, FreightValue__c, ProductHierarchy__c FROM Freight__c WHERE Status__c = 'Approved'
15:40:45.45 (1145257190)|SOQL_EXECUTE_END|[3]|Rows:1
15:40:45.45 (1145279575)|HEAP_ALLOCATE|[3]|Bytes:8
15:40:45.45 (1145299035)|HEAP_ALLOCATE|[3]|Bytes:189
15:40:45.45 (1145336488)|HEAP_ALLOCATE|[3]|Bytes:8
15:40:45.45 (1145352716)|METHOD_EXIT|[92]|01pg8000001w1MY|FreightSelector.getFreightApproved()
15:40:45.45 (1145359289)|VARIABLE_SCOPE_BEGIN|[92]|listFreights|List<Freight__c>|true|false
15:40:45.45 (1145494784)|VARIABLE_ASSIGNMENT|[92]|listFreights|[{"DistributionCenter__c":"a06g8000001ga3JAAQ","Product__c":"01tg8000001RPszAAG","Id":"a0Ag8000000gFdlEAE","State__c":"a04g8000000b50jAAA","FreightValue__c":700.00}]|0x3e793125
15:40:45.45 (1145506902)|STATEMENT_EXECUTE|[94]
15:40:45.45 (1145523407)|HEAP_ALLOCATE|[94]|Bytes:4
15:40:45.45 (1145538355)|VARIABLE_SCOPE_BEGIN|[94]|mapFreight|Map<String,Freight__c>|true|false
15:40:45.45 (1145553265)|VARIABLE_ASSIGNMENT|[94]|mapFreight|{}|0x43866399
15:40:45.45 (1145597640)|HEAP_ALLOCATE|[95]|Bytes:5
15:40:45.45 (1145617521)|HEAP_ALLOCATE|[95]|Bytes:24
15:40:45.45 (1145627747)|VARIABLE_SCOPE_BEGIN|[95]|f|Freight__c|true|false
15:40:45.45 (1145676538)|VARIABLE_ASSIGNMENT|[95]|f|{"DistributionCenter__c":"a06g8000001ga3JAAQ","Product__c":"01tg8000001RPszAAG","Id":"a0Ag8000000gFdlEAE","State__c":"a04g8000000b50jAAA","FreightValue__c":700.00}|0x44f9c66f
15:40:45.45 (1145684393)|STATEMENT_EXECUTE|[95]
15:40:45.45 (1145686094)|STATEMENT_EXECUTE|[96]
15:40:45.45 (1145724715)|HEAP_ALLOCATE|[96]|Bytes:18
15:40:45.45 (1145734488)|VARIABLE_SCOPE_BEGIN|[96]|quem|String|false|false
15:40:45.45 (1145742504)|VARIABLE_ASSIGNMENT|[96]|quem|"01tg8000001RPszAAG"
15:40:45.45 (1145745206)|STATEMENT_EXECUTE|[97]
15:40:45.45 (1145754556)|HEAP_ALLOCATE|[97]|Bytes:18
15:40:45.45 (1145759071)|VARIABLE_SCOPE_BEGIN|[97]|onde|String|false|false
15:40:45.45 (1145763820)|VARIABLE_ASSIGNMENT|[97]|onde|"a04g8000000b50jAAA"
15:40:45.45 (1145765908)|STATEMENT_EXECUTE|[99]
15:40:45.45 (1145772236)|HEAP_ALLOCATE|[99]|Bytes:37
15:40:45.45 (1145774226)|VARIABLE_SCOPE_BEGIN|[99]|key|String|false|false
15:40:45.45 (1145780595)|VARIABLE_ASSIGNMENT|[99]|key|"01tg8000001RPszAAG_a (17 more) ..."
15:40:45.45 (1145782683)|STATEMENT_EXECUTE|[101]
15:40:45.45 (1145792488)|HEAP_ALLOCATE|[EXTERNAL]|Bytes:-4
15:40:45.45 (1145796793)|STATEMENT_EXECUTE|[102]
15:40:45.45 (1145798498)|HEAP_ALLOCATE|[102]|Bytes:27
15:40:45.45 (1145804188)|HEAP_ALLOCATE|[102]|Bytes:64
15:40:45.45 (1145817657)|USER_DEBUG|[102]|DEBUG|MAPA FRETE - Chave Gerada: 01tg8000001RPszAAG_a04g8000000b50jAAA
15:40:45.45 (1145829189)|HEAP_ALLOCATE|[95]|Bytes:5
15:40:45.45 (1145836213)|VARIABLE_ASSIGNMENT|[95]|f|null|
15:40:45.45 (1145854738)|HEAP_ALLOCATE|[106]|Bytes:5
15:40:45.45 (1145867587)|HEAP_ALLOCATE|[106]|Bytes:4
15:40:45.45 (1145871776)|VARIABLE_SCOPE_BEGIN|[106]|item|OrderItem|true|false
15:40:45.45 (1146665396)|VARIABLE_ASSIGNMENT|[106]|item|{"Product_Code_Display__c":"TRT 7","IsDeleted":false,"UnitPrice":100.00,"Product2Id":"01tg8000001RPszAAG","PricebookEntryId":"01ug8000000gSxZAAU","TotalPrice":100.00,"Quantity":1.00,"ListPrice":1000.00,"OrderId":"801g8000009VmchAAC"}|0x6a0d743c
15:40:45.45 (1146678808)|STATEMENT_EXECUTE|[106]
15:40:45.45 (1146680241)|STATEMENT_EXECUTE|[107]
15:40:45.45 (1146713173)|VARIABLE_SCOPE_BEGIN|[107]|pedido|Order|true|false
15:40:45.45 (1146789530)|VARIABLE_ASSIGNMENT|[107]|pedido|{"Status":"Draft","City__c":"a05g8000002BeozAAC","Country__c":"a03g80000084ySPAAY","AccountId":"001g8000009VmcfAAC","DistributionCenter__c":"a06g8000001ga3JAAQ","Id":"801g8000009VmchAAC","State__c":"a04g8000000b50jAAA"}|0x2a8d8f51
15:40:45.45 (1146794277)|STATEMENT_EXECUTE|[108]
15:40:45.45 (1146806948)|VARIABLE_SCOPE_BEGIN|[108]|produto|Product2|true|false
15:40:45.45 (1146846390)|VARIABLE_ASSIGNMENT|[108]|produto|{"ProductionCost__c":300000.00,"ProductHierarchy__c":"a01g8000009VmcgAAC","Id":"01tg8000001RPszAAG"}|0x6c3291d7
15:40:45.45 (1146849586)|STATEMENT_EXECUTE|[109]
15:40:45.45 (1146864764)|VARIABLE_SCOPE_BEGIN|[109]|cliente|Account|true|false
15:40:45.45 (1146890774)|VARIABLE_ASSIGNMENT|[109]|cliente|{"AccountGroup__c":"a02g8000002mPHVAA2","Id":"001g8000009VmcfAAC"}|0x1b35756d
15:40:45.45 (1146927715)|HEAP_ALLOCATE|[113]|Bytes:28
15:40:45.45 (1146930737)|HEAP_ALLOCATE|[113]|Bytes:28
15:40:45.45 (1146978049)|HEAP_ALLOCATE|[113]|Bytes:28
15:40:45.45 (1146981048)|HEAP_ALLOCATE|[113]|Bytes:28
15:40:45.45 (1146995192)|STATEMENT_EXECUTE|[113]
15:40:45.45 (1146999086)|STATEMENT_EXECUTE|[119]
15:40:45.45 (1147000851)|STATEMENT_EXECUTE|[121]
15:40:45.45 (1147012624)|HEAP_ALLOCATE|[121]|Bytes:18
15:40:45.45 (1147026689)|HEAP_ALLOCATE|[122]|Bytes:18
15:40:45.45 (1147039237)|HEAP_ALLOCATE|[123]|Bytes:18
15:40:45.45 (1147048909)|HEAP_ALLOCATE|[121]|Bytes:54
15:40:45.45 (1147053827)|VARIABLE_SCOPE_BEGIN|[121]|keyOrderItemImposto|String|false|false
15:40:45.45 (1147064331)|VARIABLE_ASSIGNMENT|[121]|keyOrderItemImposto|"01tg8000001RPszAAGa0 (34 more) ..."
15:40:45.45 (1147068240)|STATEMENT_EXECUTE|[125]
15:40:45.45 (1147083456)|VARIABLE_SCOPE_BEGIN|[125]|impostoEncontrado|Tax__c|true|false
15:40:45.45 (1147138106)|VARIABLE_ASSIGNMENT|[125]|impostoEncontrado|{"DistributionCenter__c":"a06g8000001ga3JAAQ","Product__c":"01tg8000001RPszAAG","TaxRate__c":10.00,"Id":"a09g8000002D1efAAC","State__c":"a04g8000000b50jAAA"}|0x49a07bd7
15:40:45.45 (1147144526)|STATEMENT_EXECUTE|[127]
15:40:45.45 (1147700910)|VARIABLE_ASSIGNMENT|[127]|this.TaxPercentage__c|10.00|0x6a0d743c
15:40:45.45 (1147707071)|STATEMENT_EXECUTE|[130]
15:40:45.45 (1147730979)|HEAP_ALLOCATE|[130]|Bytes:7
15:40:45.45 (1147742471)|METHOD_ENTRY|[1]|01pg8000001F8kf|PricingService.PricingService()
15:40:45.45 (1147745820)|STATEMENT_EXECUTE|[1]
15:40:45.45 (1147748668)|STATEMENT_EXECUTE|[1]
15:40:45.45 (1147752020)|METHOD_EXIT|[1]|PricingService
15:40:45.45 (1147760844)|METHOD_ENTRY|[130]|01pg8000001F8kf|PricingService.findMargin(OrderItem, Order, Map<String,Margem__c>, Id, Account)
15:40:45.45 (1147766883)|VARIABLE_SCOPE_BEGIN|[21]|item|OrderItem|true|false
15:40:45.45 (1148131455)|VARIABLE_ASSIGNMENT|[21]|item|{"Product_Code_Display__c":"TRT 7","IsDeleted":false,"UnitPrice":100.00,"Product2Id":"01tg8000001RPszAAG","PricebookEntryId":"01ug8000000gSxZAAU","TotalPrice":100.00,"Quantity":1.00,"TaxPercentage__c":10.00,"ListPrice":1000.00,"OrderId":"801g8000009VmchAAC"}|0x6a0d743c
15:40:45.45 (1148138169)|VARIABLE_SCOPE_BEGIN|[21]|pedido|Order|true|false
15:40:45.45 (1148209855)|VARIABLE_ASSIGNMENT|[21]|pedido|{"Status":"Draft","City__c":"a05g8000002BeozAAC","Country__c":"a03g80000084ySPAAY","AccountId":"001g8000009VmcfAAC","DistributionCenter__c":"a06g8000001ga3JAAQ","Id":"801g8000009VmchAAC","State__c":"a04g8000000b50jAAA"}|0x2a8d8f51
15:40:45.45 (1148216827)|VARIABLE_SCOPE_BEGIN|[21]|mapMargin|Map<String,Margem__c>|true|false
15:40:45.45 (1148276647)|VARIABLE_ASSIGNMENT|[21]|mapMargin|{"01tg8000001RPszAAG_001g8000009VmcfAAC_a04g8000000b50jAAA":{"Account__c":"001g8000009VmcfAAC","Product__c":"01tg8000001RPszAAG","Id":"a00g800000PiOpBAAV","State__c":"a04g8000000b50jAAA","MarginValuePercent__c":15.00}}|0x73676d51
15:40:45.45 (1148283683)|VARIABLE_SCOPE_BEGIN|[21]|h|Id|false|false
15:40:45.45 (1148514765)|VARIABLE_ASSIGNMENT|[21]|h|"a01g8000009VmcgAAC"
15:40:45.45 (1148520161)|VARIABLE_SCOPE_BEGIN|[21]|cliente|Account|true|false
15:40:45.45 (1148556285)|VARIABLE_ASSIGNMENT|[21]|cliente|{"AccountGroup__c":"a02g8000002mPHVAA2","Id":"001g8000009VmcfAAC"}|0x1b35756d
15:40:45.45 (1148572983)|STATEMENT_EXECUTE|[21]
15:40:45.45 (1148574150)|STATEMENT_EXECUTE|[22]
15:40:45.45 (1148602114)|VARIABLE_SCOPE_BEGIN|[22]|p|Id|false|false
15:40:45.45 (1148658338)|VARIABLE_ASSIGNMENT|[22]|p|"01tg8000001RPszAAG"
15:40:45.45 (1148661923)|STATEMENT_EXECUTE|[23]
15:40:45.45 (1148667163)|VARIABLE_SCOPE_BEGIN|[23]|a|Id|false|false
15:40:45.45 (1148687504)|VARIABLE_ASSIGNMENT|[23]|a|"001g8000009VmcfAAC"
15:40:45.45 (1148689952)|STATEMENT_EXECUTE|[24]
15:40:45.45 (1148694904)|VARIABLE_SCOPE_BEGIN|[24]|g|Id|false|false
15:40:45.45 (1148713506)|VARIABLE_ASSIGNMENT|[24]|g|"a02g8000002mPHVAA2"
15:40:45.45 (1148715969)|STATEMENT_EXECUTE|[25]
15:40:45.45 (1148719417)|VARIABLE_SCOPE_BEGIN|[25]|c|Id|false|false
15:40:45.45 (1148736590)|VARIABLE_ASSIGNMENT|[25]|c|"a05g8000002BeozAAC"
15:40:45.45 (1148739047)|STATEMENT_EXECUTE|[26]
15:40:45.45 (1148741649)|VARIABLE_SCOPE_BEGIN|[26]|e|Id|false|false
15:40:45.45 (1148759581)|VARIABLE_ASSIGNMENT|[26]|e|"a04g8000000b50jAAA"
15:40:45.45 (1148762041)|STATEMENT_EXECUTE|[27]
15:40:45.45 (1148765385)|VARIABLE_SCOPE_BEGIN|[27]|pa|Id|false|false
15:40:45.45 (1148783582)|VARIABLE_ASSIGNMENT|[27]|pa|"a03g80000084ySPAAY"
15:40:45.45 (1148804131)|HEAP_ALLOCATE|[30]|Bytes:18
15:40:45.45 (1148817212)|HEAP_ALLOCATE|[30]|Bytes:18
15:40:45.45 (1148823459)|HEAP_ALLOCATE|[30]|Bytes:18
15:40:45.45 (1148831467)|HEAP_ALLOCATE|[30]|Bytes:56
15:40:45.45 (1148846799)|STATEMENT_EXECUTE|[30]
15:40:45.45 (1148850643)|HEAP_ALLOCATE|[31]|Bytes:18
15:40:45.45 (1148856815)|HEAP_ALLOCATE|[31]|Bytes:18
15:40:45.45 (1148862802)|HEAP_ALLOCATE|[31]|Bytes:18
15:40:45.45 (1148867330)|HEAP_ALLOCATE|[31]|Bytes:56
15:40:45.45 (1148872130)|STATEMENT_EXECUTE|[31]
15:40:45.45 (1148875361)|HEAP_ALLOCATE|[31]|Bytes:18
15:40:45.45 (1148881159)|HEAP_ALLOCATE|[31]|Bytes:18
15:40:45.45 (1148886998)|HEAP_ALLOCATE|[31]|Bytes:18
15:40:45.45 (1148891291)|HEAP_ALLOCATE|[31]|Bytes:56
15:40:45.45 (1148908334)|METHOD_EXIT|[130]|01pg8000001F8kf|PricingService.findMargin(OrderItem, Order, Map<String,Margem__c>, Id, Account)
15:40:45.45 (1148913935)|VARIABLE_SCOPE_BEGIN|[130]|margem|Margem__c|true|false
15:40:45.45 (1148960164)|VARIABLE_ASSIGNMENT|[130]|margem|{"Account__c":"001g8000009VmcfAAC","Product__c":"01tg8000001RPszAAG","Id":"a00g800000PiOpBAAV","State__c":"a04g8000000b50jAAA","MarginValuePercent__c":15.00}|0x3c6f0609
15:40:45.45 (1148965198)|STATEMENT_EXECUTE|[131]
15:40:45.45 (1149512109)|VARIABLE_ASSIGNMENT|[131]|this.MarginPercentage__c|15.00|0x6a0d743c
15:40:45.45 (1149518279)|STATEMENT_EXECUTE|[134]
15:40:45.45 (1149536550)|METHOD_ENTRY|[134]|01pg8000001F8kf|PricingService.findFreightValue(OrderItem, Order, Map<String,Freight__c>, Id)
15:40:45.45 (1149543088)|VARIABLE_SCOPE_BEGIN|[4]|item|OrderItem|true|false
15:40:45.45 (1150177299)|VARIABLE_ASSIGNMENT|[4]|item|{"Product_Code_Display__c":"TRT 7","IsDeleted":false,"UnitPrice":100.00,"Product2Id":"01tg8000001RPszAAG","PricebookEntryId":"01ug8000000gSxZAAU","TotalPrice":100.00,"Quantity":1.00,"MarginPercentage__c":15.00,"TaxPercentage__c":10.00,"ListPrice":1000.00,"OrderId":"801g8000009VmchAAC"}|0x6a0d743c
15:40:45.45 (1150185787)|VARIABLE_SCOPE_BEGIN|[4]|pedido|Order|true|false
15:40:45.45 (1150241694)|VARIABLE_ASSIGNMENT|[4]|pedido|{"Status":"Draft","City__c":"a05g8000002BeozAAC","Country__c":"a03g80000084ySPAAY","AccountId":"001g8000009VmcfAAC","DistributionCenter__c":"a06g8000001ga3JAAQ","Id":"801g8000009VmchAAC","State__c":"a04g8000000b50jAAA"}|0x2a8d8f51
15:40:45.45 (1150245882)|VARIABLE_SCOPE_BEGIN|[4]|mapFrete|Map<String,Freight__c>|true|false
15:40:45.45 (1150286221)|VARIABLE_ASSIGNMENT|[4]|mapFrete|{"01tg8000001RPszAAG_a04g8000000b50jAAA":{"DistributionCenter__c":"a06g8000001ga3JAAQ","Product__c":"01tg8000001RPszAAG","Id":"a0Ag8000000gFdlEAE","State__c":"a04g8000000b50jAAA","FreightValue__c":700.00}}|0x43866399
15:40:45.45 (1150290232)|VARIABLE_SCOPE_BEGIN|[4]|h|Id|false|false
15:40:45.45 (1150356801)|VARIABLE_ASSIGNMENT|[4]|h|"a01g8000009VmcgAAC"
15:40:45.45 (1150370181)|STATEMENT_EXECUTE|[4]
15:40:45.45 (1150371374)|STATEMENT_EXECUTE|[5]
15:40:45.45 (1150380525)|VARIABLE_SCOPE_BEGIN|[5]|p|Id|false|false
15:40:45.45 (1150404336)|VARIABLE_ASSIGNMENT|[5]|p|"01tg8000001RPszAAG"
15:40:45.45 (1150407227)|STATEMENT_EXECUTE|[6]
15:40:45.45 (1150411511)|VARIABLE_SCOPE_BEGIN|[6]|c|Id|false|false
15:40:45.45 (1150429958)|VARIABLE_ASSIGNMENT|[6]|c|"a05g8000002BeozAAC"
15:40:45.45 (1150433050)|STATEMENT_EXECUTE|[7]
15:40:45.45 (1150435389)|VARIABLE_SCOPE_BEGIN|[7]|e|Id|false|false
15:40:45.45 (1150453575)|VARIABLE_ASSIGNMENT|[7]|e|"a04g8000000b50jAAA"
15:40:45.45 (1150456224)|STATEMENT_EXECUTE|[8]
15:40:45.45 (1150458776)|VARIABLE_SCOPE_BEGIN|[8]|pa|Id|false|false
15:40:45.45 (1150476654)|VARIABLE_ASSIGNMENT|[8]|pa|"a03g80000084ySPAAY"
15:40:45.45 (1150496384)|HEAP_ALLOCATE|[10]|Bytes:18
15:40:45.45 (1150507869)|HEAP_ALLOCATE|[10]|Bytes:18
15:40:45.45 (1150514032)|HEAP_ALLOCATE|[10]|Bytes:37
15:40:45.45 (1150526210)|STATEMENT_EXECUTE|[10]
15:40:45.45 (1150530170)|HEAP_ALLOCATE|[11]|Bytes:18
15:40:45.45 (1150536619)|HEAP_ALLOCATE|[11]|Bytes:18
15:40:45.45 (1150541156)|HEAP_ALLOCATE|[11]|Bytes:37
15:40:45.45 (1150545780)|STATEMENT_EXECUTE|[11]
15:40:45.45 (1150548865)|HEAP_ALLOCATE|[11]|Bytes:18
15:40:45.45 (1150554737)|HEAP_ALLOCATE|[11]|Bytes:18
15:40:45.45 (1150558675)|HEAP_ALLOCATE|[11]|Bytes:37
15:40:45.45 (1150585814)|METHOD_EXIT|[134]|01pg8000001F8kf|PricingService.findFreightValue(OrderItem, Order, Map<String,Freight__c>, Id)
15:40:45.45 (1151146301)|VARIABLE_ASSIGNMENT|[134]|this.FreightValue__c|700.00|0x6a0d743c
15:40:45.45 (1151155041)|STATEMENT_EXECUTE|[137]
15:40:45.45 (1151170526)|VARIABLE_SCOPE_BEGIN|[137]|custoUnitario|Decimal|false|false
15:40:45.45 (1151177146)|VARIABLE_ASSIGNMENT|[137]|custoUnitario|300000.00
15:40:45.45 (1151179564)|STATEMENT_EXECUTE|[140]
15:40:45.45 (1151189412)|HEAP_ALLOCATE|[140]|Bytes:28
15:40:45.45 (1151194273)|HEAP_ALLOCATE|[140]|Bytes:28
15:40:45.45 (1151207926)|METHOD_ENTRY|[140]|01pg8000001F8kf|PricingService.calculateFinalPrice(OrderItem, Decimal, Margem__c, Decimal, Decimal)
15:40:45.45 (1151214393)|VARIABLE_SCOPE_BEGIN|[47]|item|OrderItem|true|false
15:40:45.45 (1151639432)|VARIABLE_ASSIGNMENT|[47]|item|{"Product_Code_Display__c":"TRT 7","IsDeleted":false,"UnitPrice":100.00,"Product2Id":"01tg8000001RPszAAG","PricebookEntryId":"01ug8000000gSxZAAU","TotalPrice":100.00,"Quantity":1.00,"MarginPercentage__c":15.00,"TaxPercentage__c":10.00,"ListPrice":1000.00,"OrderId":"801g8000009VmchAAC","FreightValue__c":700.00}|0x6a0d743c
15:40:45.45 (1151648169)|VARIABLE_SCOPE_BEGIN|[47]|frete|Decimal|false|false
15:40:45.45 (1151656408)|VARIABLE_ASSIGNMENT|[47]|frete|700.00
15:40:45.45 (1151659629)|VARIABLE_SCOPE_BEGIN|[47]|margem|Margem__c|true|false
15:40:45.45 (1151719764)|VARIABLE_ASSIGNMENT|[47]|margem|{"Account__c":"001g8000009VmcfAAC","Product__c":"01tg8000001RPszAAG","Id":"a00g800000PiOpBAAV","State__c":"a04g8000000b50jAAA","MarginValuePercent__c":15.00}|0x3c6f0609
15:40:45.45 (1151725439)|VARIABLE_SCOPE_BEGIN|[47]|impostoPercent|Decimal|false|false
15:40:45.45 (1151732127)|VARIABLE_ASSIGNMENT|[47]|impostoPercent|10.00
15:40:45.45 (1151734756)|VARIABLE_SCOPE_BEGIN|[47]|custo|Decimal|false|false
15:40:45.45 (1151739861)|VARIABLE_ASSIGNMENT|[47]|custo|300000.00
15:40:45.45 (1151754006)|STATEMENT_EXECUTE|[47]
15:40:45.45 (1151755401)|STATEMENT_EXECUTE|[48]
15:40:45.45 (1151773250)|VARIABLE_SCOPE_BEGIN|[48]|mPerc|Decimal|false|false
15:40:45.45 (1151781304)|VARIABLE_ASSIGNMENT|[48]|mPerc|15.00
15:40:45.45 (1151784532)|STATEMENT_EXECUTE|[49]
15:40:45.45 (1151786624)|VARIABLE_SCOPE_BEGIN|[49]|iPerc|Decimal|false|false
15:40:45.45 (1151792507)|VARIABLE_ASSIGNMENT|[49]|iPerc|10.00
15:40:45.45 (1151795361)|STATEMENT_EXECUTE|[50]
15:40:45.45 (1151797206)|VARIABLE_SCOPE_BEGIN|[50]|custoProd|Decimal|false|false
15:40:45.45 (1151802926)|VARIABLE_ASSIGNMENT|[50]|custoProd|300000.00
15:40:45.45 (1151806051)|STATEMENT_EXECUTE|[51]
15:40:45.45 (1151807371)|VARIABLE_SCOPE_BEGIN|[51]|freteVal|Decimal|false|false
15:40:45.45 (1151811369)|VARIABLE_ASSIGNMENT|[51]|freteVal|700.00
15:40:45.45 (1151813435)|STATEMENT_EXECUTE|[54]
15:40:45.45 (1151846370)|HEAP_ALLOCATE|[54]|Bytes:28
15:40:45.45 (1151853794)|VARIABLE_SCOPE_BEGIN|[54]|precoBase|Decimal|false|false
15:40:45.45 (1151858526)|VARIABLE_ASSIGNMENT|[54]|precoBase|300700.00
15:40:45.45 (1151860603)|STATEMENT_EXECUTE|[57]
15:40:45.45 (1151867748)|HEAP_ALLOCATE|[57]|Bytes:28
15:40:45.45 (1151869421)|HEAP_ALLOCATE|[57]|Bytes:28
15:40:45.45 (1151873306)|HEAP_ALLOCATE|[57]|Bytes:28
15:40:45.45 (1151930428)|HEAP_ALLOCATE|[57]|Bytes:28
15:40:45.45 (1151932265)|HEAP_ALLOCATE|[57]|Bytes:28
15:40:45.45 (1151940640)|HEAP_ALLOCATE|[57]|Bytes:28
15:40:45.45 (1151950243)|HEAP_ALLOCATE|[57]|Bytes:28
15:40:45.45 (1151954130)|VARIABLE_SCOPE_BEGIN|[57]|precoSemMargem|Decimal|false|false
15:40:45.45 (1151960104)|VARIABLE_ASSIGNMENT|[57]|precoSemMargem|330770.0000
15:40:45.45 (1151962265)|STATEMENT_EXECUTE|[60]
15:40:45.45 (1151964670)|HEAP_ALLOCATE|[60]|Bytes:28
15:40:45.45 (1151966217)|HEAP_ALLOCATE|[60]|Bytes:28
15:40:45.45 (1151968778)|HEAP_ALLOCATE|[60]|Bytes:28
15:40:45.45 (1151980256)|HEAP_ALLOCATE|[60]|Bytes:28
15:40:45.45 (1151981908)|HEAP_ALLOCATE|[60]|Bytes:28
15:40:45.45 (1151989005)|HEAP_ALLOCATE|[60]|Bytes:28
15:40:45.45 (1151995824)|HEAP_ALLOCATE|[60]|Bytes:28
15:40:45.45 (1151999747)|VARIABLE_SCOPE_BEGIN|[60]|precoCalculado|Decimal|false|false
15:40:45.45 (1152004331)|VARIABLE_ASSIGNMENT|[60]|precoCalculado|380385.500000
15:40:45.45 (1152007053)|STATEMENT_EXECUTE|[63]
15:40:45.45 (1152570283)|VARIABLE_ASSIGNMENT|[63]|this.ProductionCost__c|300000.00|0x6a0d743c
15:40:45.45 (1152577757)|STATEMENT_EXECUTE|[64]
15:40:45.45 (1152976124)|VARIABLE_ASSIGNMENT|[64]|this.MarginPercentage__c|15.00|0x6a0d743c
15:40:45.45 (1152980973)|STATEMENT_EXECUTE|[65]
15:40:45.45 (1153474405)|VARIABLE_ASSIGNMENT|[65]|this.FreightValue__c|700.00|0x6a0d743c
15:40:45.45 (1153482315)|STATEMENT_EXECUTE|[66]
15:40:45.45 (1153849719)|VARIABLE_ASSIGNMENT|[66]|this.TaxPercentage__c|10.00|0x6a0d743c
15:40:45.45 (1153853435)|STATEMENT_EXECUTE|[67]
15:40:45.45 (1154190397)|VARIABLE_ASSIGNMENT|[67]|this.PriceWithoutMargin__c|330770.0000|0x6a0d743c
15:40:45.45 (1154194261)|STATEMENT_EXECUTE|[68]
15:40:45.45 (1154639180)|VARIABLE_ASSIGNMENT|[68]|this.FinalPrice__c|380385.500000|0x6a0d743c
15:40:45.45 (1154645710)|STATEMENT_EXECUTE|[71]
15:40:45.45 (1154666951)|VARIABLE_SCOPE_BEGIN|[71]|unitPriceDigitado|Decimal|false|false
15:40:45.45 (1154675148)|VARIABLE_ASSIGNMENT|[71]|unitPriceDigitado|100.00
15:40:45.45 (1154690495)|HEAP_ALLOCATE|[74]|Bytes:28
15:40:45.45 (1154693485)|HEAP_ALLOCATE|[74]|Bytes:28
15:40:45.45 (1154728809)|STATEMENT_EXECUTE|[74]
15:40:45.45 (1154729883)|STATEMENT_EXECUTE|[75]
15:40:45.45 (1154742913)|HEAP_ALLOCATE|[75]|Bytes:28
15:40:45.45 (1154803835)|HEAP_ALLOCATE|[75]|Bytes:28
15:40:45.45 (1154806058)|HEAP_ALLOCATE|[75]|Bytes:28
15:40:45.45 (1155196758)|VARIABLE_ASSIGNMENT|[75]|this.DiscountPercentage__c|0.999737108801465881323026245742806|0x6a0d743c
15:40:45.45 (1155201710)|STATEMENT_EXECUTE|[76]
15:40:45.45 (1155210752)|HEAP_ALLOCATE|[76]|Bytes:28
15:40:45.45 (1155587230)|VARIABLE_ASSIGNMENT|[76]|this.DiscountValue__c|380285.500000|0x6a0d743c
15:40:45.45 (1155594695)|STATEMENT_EXECUTE|[79]
15:40:45.45 (1155605305)|HEAP_ALLOCATE|[79]|Bytes:28
15:40:45.45 (1156030370)|VARIABLE_ASSIGNMENT|[79]|this.UnitPrice|380385.500000|0x6a0d743c
15:40:45.45 (1156045185)|METHOD_EXIT|[140]|01pg8000001F8kf|PricingService.calculateFinalPrice(OrderItem, Decimal, Margem__c, Decimal, Decimal)
15:40:45.45 (1156069597)|HEAP_ALLOCATE|[106]|Bytes:5
15:40:45.45 (1156083195)|VARIABLE_ASSIGNMENT|[106]|item|null|
15:40:45.45 (1156089595)|METHOD_EXIT|[20]|01pg8000001EZwd|OrdemItemHandler.executePricingLogic()
15:40:45.45 (1156095016)|STATEMENT_EXECUTE|[21]
15:40:45.45 (1156107456)|METHOD_ENTRY|[21]|01pg8000001EZwd|OrdemItemHandler.checkDuplicateProducts()
15:40:45.45 (1156112705)|VARIABLE_SCOPE_BEGIN|[145]|this|OrdemItemHandler|true|false
15:40:45.45 (1156171658)|VARIABLE_ASSIGNMENT|[145]|this|{"newRecords":"0x37e9be2e","handlerName":"OrderItemHandler","isTriggerExecuting":true,"triggerEvent":"0x2c8bc884"}|0x214f2881
15:40:45.45 (1156184012)|STATEMENT_EXECUTE|[145]
15:40:45.45 (1156185638)|STATEMENT_EXECUTE|[146]
15:40:45.45 (1156201439)|HEAP_ALLOCATE|[146]|Bytes:4
15:40:45.45 (1156216067)|VARIABLE_SCOPE_BEGIN|[146]|setOrderIds|Set<Id>|true|false
15:40:45.45 (1156285931)|VARIABLE_ASSIGNMENT|[146]|setOrderIds|[]|0x619f2e83
15:40:45.45 (1156292395)|STATEMENT_EXECUTE|[147]
15:40:45.45 (1156297249)|HEAP_ALLOCATE|[147]|Bytes:4
15:40:45.45 (1156306129)|VARIABLE_SCOPE_BEGIN|[147]|setProductIds|Set<Id>|true|false
15:40:45.45 (1156319361)|VARIABLE_ASSIGNMENT|[147]|setProductIds|[]|0x19dbb74e
15:40:45.45 (1156349317)|HEAP_ALLOCATE|[149]|Bytes:5
15:40:45.45 (1156370607)|HEAP_ALLOCATE|[149]|Bytes:40
15:40:45.45 (1156379174)|VARIABLE_SCOPE_BEGIN|[149]|ot|OrderItem|true|false
15:40:45.45 (1156888633)|VARIABLE_ASSIGNMENT|[149]|ot|{"Product_Code_Display__c":"TRT 7","DiscountPercentage__c":0.999737108801465881323026245742806,"IsDeleted":false,"DiscountValue__c":380285.500000,"Quantity":1.00,"FinalPrice__c":380385.500000,"TaxPercentage__c":10.00,"ListPrice":1000.00,"OrderId":"801g8000009VmchAAC","PriceWithoutMargin__c":330770.0000,"FreightValue__c":700.00,"UnitPrice":380385.500000,"Product2Id":"01tg8000001RPszAAG","ProductionCost__c":300000.00,"PricebookEntryId":"01ug8000000gSxZAAU","TotalPrice":100.00,"MarginPercentage__c":15.00}|0x6a0d743c
15:40:45.45 (1156899402)|STATEMENT_EXECUTE|[149]
15:40:45.45 (1156900647)|STATEMENT_EXECUTE|[150]
15:40:45.45 (1156919873)|HEAP_ALLOCATE|[EXTERNAL]|Bytes:4
15:40:45.45 (1156926711)|STATEMENT_EXECUTE|[151]
15:40:45.45 (1156931292)|HEAP_ALLOCATE|[EXTERNAL]|Bytes:4
15:40:45.45 (1156942231)|HEAP_ALLOCATE|[149]|Bytes:5
15:40:45.45 (1156951092)|VARIABLE_ASSIGNMENT|[149]|ot|null|
15:40:45.45 (1156954796)|STATEMENT_EXECUTE|[154]
15:40:45.45 (1156973554)|HEAP_ALLOCATE|[154]|Bytes:4
15:40:45.45 (1156984250)|METHOD_ENTRY|[1]|01pg8000001w1Mc|OrderItemSelector.OrderItemSelector()
15:40:45.45 (1156987355)|STATEMENT_EXECUTE|[1]
15:40:45.45 (1156989588)|STATEMENT_EXECUTE|[1]
15:40:45.45 (1156992988)|METHOD_EXIT|[1]|OrderItemSelector
15:40:45.45 (1156997942)|METHOD_ENTRY|[154]|01pg8000001w1Mc|OrderItemSelector.getOrderItemByIds(Set<Id>, Set<Id>)
15:40:45.45 (1157001665)|VARIABLE_SCOPE_BEGIN|[2]|orderIds|Set<Id>|true|false
15:40:45.45 (1157010974)|VARIABLE_ASSIGNMENT|[2]|orderIds|["801g8000009VmchAAC"]|0x619f2e83
15:40:45.45 (1157013407)|VARIABLE_SCOPE_BEGIN|[2]|productIds|Set<Id>|true|false
15:40:45.45 (1157018165)|VARIABLE_ASSIGNMENT|[2]|productIds|["01tg8000001RPszAAG"]|0x19dbb74e
15:40:45.45 (1157027127)|STATEMENT_EXECUTE|[2]
15:40:45.45 (1157028105)|STATEMENT_EXECUTE|[3]
15:40:45.45 (1157030411)|HEAP_ALLOCATE|[3]|Bytes:98
15:40:45.45 (1157044962)|HEAP_ALLOCATE|[3]|Bytes:4
15:40:45.45 (1157059364)|HEAP_ALLOCATE|[3]|Bytes:7
15:40:45.45 (1157614819)|SOQL_EXECUTE_BEGIN|[3]|Aggregations:0|SELECT Id, OrderId, Product2Id FROM OrderItem WHERE (OrderId = :tmpVar1 AND Product2Id = :tmpVar2)
15:40:45.45 (1159175154)|SOQL_EXECUTE_END|[3]|Rows:0
15:40:45.45 (1159206538)|HEAP_ALLOCATE|[3]|Bytes:4
15:40:45.45 (1159222654)|HEAP_ALLOCATE|[3]|Bytes:0
15:40:45.45 (1159265245)|HEAP_ALLOCATE|[3]|Bytes:4
15:40:45.45 (1159282438)|METHOD_EXIT|[154]|01pg8000001w1Mc|OrderItemSelector.getOrderItemByIds(Set<Id>, Set<Id>)
15:40:45.45 (1159288803)|VARIABLE_SCOPE_BEGIN|[154]|existingItens|List<OrderItem>|true|false
15:40:45.45 (1159303887)|VARIABLE_ASSIGNMENT|[154]|existingItens|[]|0x63abac37
15:40:45.45 (1159309577)|STATEMENT_EXECUTE|[156]
15:40:45.45 (1159319436)|HEAP_ALLOCATE|[156]|Bytes:4
15:40:45.45 (1159332855)|VARIABLE_SCOPE_BEGIN|[156]|comparacao|Set<String>|true|false
15:40:45.45 (1159348511)|VARIABLE_ASSIGNMENT|[156]|comparacao|[]|0x7dfbfbec
15:40:45.45 (1159374783)|HEAP_ALLOCATE|[157]|Bytes:5
15:40:45.45 (1159386169)|VARIABLE_ASSIGNMENT|[157]|it|null|
15:40:45.45 (1159389658)|STATEMENT_EXECUTE|[157]
15:40:45.45 (1159399375)|HEAP_ALLOCATE|[161]|Bytes:5
15:40:45.45 (1159414728)|HEAP_ALLOCATE|[161]|Bytes:40
15:40:45.45 (1159420704)|VARIABLE_SCOPE_BEGIN|[161]|newItem|OrderItem|true|false
15:40:45.45 (1160035053)|VARIABLE_ASSIGNMENT|[161]|newItem|{"Product_Code_Display__c":"TRT 7","DiscountPercentage__c":0.999737108801465881323026245742806,"IsDeleted":false,"DiscountValue__c":380285.500000,"Quantity":1.00,"FinalPrice__c":380385.500000,"TaxPercentage__c":10.00,"ListPrice":1000.00,"OrderId":"801g8000009VmchAAC","PriceWithoutMargin__c":330770.0000,"FreightValue__c":700.00,"UnitPrice":380385.500000,"Product2Id":"01tg8000001RPszAAG","ProductionCost__c":300000.00,"PricebookEntryId":"01ug8000000gSxZAAU","TotalPrice":100.00,"MarginPercentage__c":15.00}|0x6a0d743c
15:40:45.45 (1160048530)|STATEMENT_EXECUTE|[161]
15:40:45.45 (1160049753)|STATEMENT_EXECUTE|[162]
15:40:45.45 (1160077641)|HEAP_ALLOCATE|[162]|Bytes:18
15:40:45.45 (1160085830)|HEAP_ALLOCATE|[162]|Bytes:1
15:40:45.45 (1160092615)|HEAP_ALLOCATE|[162]|Bytes:18
15:40:45.45 (1160099426)|HEAP_ALLOCATE|[162]|Bytes:37
15:40:45.45 (1160102992)|VARIABLE_SCOPE_BEGIN|[162]|keyCombo|String|false|false
15:40:45.45 (1160110748)|VARIABLE_ASSIGNMENT|[162]|keyCombo|"801g8000009VmchAAC-0 (17 more) ..."
15:40:45.45 (1160125778)|STATEMENT_EXECUTE|[166]
15:40:45.45 (1160126893)|STATEMENT_EXECUTE|[168]
15:40:45.45 (1160131406)|HEAP_ALLOCATE|[EXTERNAL]|Bytes:4
15:40:45.45 (1160145689)|HEAP_ALLOCATE|[161]|Bytes:5
15:40:45.45 (1160153463)|VARIABLE_ASSIGNMENT|[161]|newItem|null|
15:40:45.45 (1160160226)|METHOD_EXIT|[21]|01pg8000001EZwd|OrdemItemHandler.checkDuplicateProducts()
15:40:45.45 (1160166677)|METHOD_EXIT|[137]|01pg8000001EZwd|OrdemItemHandler.beforeInsert()
15:40:45.45 (1160170376)|STATEMENT_EXECUTE|[158]
15:40:45.45 (1160188324)|METHOD_ENTRY|[158]|01pg80000019iSf|TriggerHandler.andFinally()
15:40:45.45 (1160192270)|VARIABLE_SCOPE_BEGIN|[746]|this|TriggerHandler|true|false
15:40:45.45 (1160236280)|VARIABLE_ASSIGNMENT|[746]|this|{"newRecords":"0x37e9be2e","handlerName":"OrderItemHandler","isTriggerExecuting":true,"triggerEvent":"0x2c8bc884"}|0x214f2881
15:40:45.45 (1160246675)|STATEMENT_EXECUTE|[746]
15:40:45.45 (1160248455)|METHOD_EXIT|[158]|01pg80000019iSf|TriggerHandler.andFinally()
15:40:45.45 (1160253780)|STATEMENT_EXECUTE|[160]
15:40:45.45 (1160256135)|STATEMENT_EXECUTE|[176]
15:40:45.45 (1160259665)|METHOD_EXIT|[2]|01pg80000019iSf|TriggerHandler.run()
15:40:45.160 (1160268220)|CUMULATIVE_LIMIT_USAGE
15:40:45.160 (1160268220)|LIMIT_USAGE_FOR_NS|(default)|
  Number of SOQL queries: 11 out of 100
  Number of query rows: 10 out of 50000
  Number of SOSL queries: 0 out of 20
  Number of DML statements: 14 out of 150
  Number of Publish Immediate DML: 0 out of 150
  Number of DML rows: 14 out of 10000
  Maximum CPU time: 102 out of 10000
  Maximum heap size: 0 out of 6000000
  Number of callouts: 0 out of 100
  Number of Email Invocations: 0 out of 10
  Number of future calls: 0 out of 50
  Number of queueable jobs added to the queue: 0 out of 50
  Number of Mobile Apex push calls: 0 out of 10

15:40:45.160 (1160268220)|CUMULATIVE_LIMIT_USAGE_END

15:40:45.45 (1160659703)|CODE_UNIT_FINISHED|OrdemItemTrigger on OrderItem trigger event BeforeInsert|__sfdc_trigger/OrdemItemTrigger
15:40:45.45 (1195329022)|CODE_UNIT_STARTED|[EXTERNAL]|01qg8000000GdOn|OrderTrigger on Order trigger event BeforeUpdate|__sfdc_trigger/OrderTrigger
15:40:45.45 (1195430333)|HEAP_ALLOCATE|[EXTERNAL]|Bytes:8
15:40:45.45 (1195518825)|HEAP_ALLOCATE|[EXTERNAL]|Bytes:8
15:40:45.45 (1195619984)|HEAP_ALLOCATE|[EXTERNAL]|Bytes:4
15:40:45.45 (1195634709)|VARIABLE_SCOPE_BEGIN|[1]|this|OrderTrigger|true|false
15:40:45.45 (1195685449)|VARIABLE_ASSIGNMENT|[1]|this|{}|0x32192c53
15:40:45.45 (1195727510)|HEAP_ALLOCATE|[EXTERNAL]|Bytes:4
15:40:45.45 (1195733804)|VARIABLE_SCOPE_BEGIN|[1]|this|OrderTrigger|true|false
15:40:45.45 (1195744094)|VARIABLE_ASSIGNMENT|[1]|this|{}|0x32192c53
15:40:45.45 (1195754464)|STATEMENT_EXECUTE|[1]
15:40:45.45 (1195756467)|STATEMENT_EXECUTE|[2]
15:40:45.45 (1195783324)|HEAP_ALLOCATE|[2]|Bytes:16
15:40:45.45 (1195803562)|METHOD_ENTRY|[1]|01pg8000001LXzh|OrderHandler.OrderHandler()
15:40:45.45 (1195809176)|STATEMENT_EXECUTE|[1]
15:40:45.45 (1195812835)|STATEMENT_EXECUTE|[1]
15:40:45.45 (1195817842)|METHOD_EXIT|[1]|OrderHandler
15:40:45.45 (1195824755)|HEAP_ALLOCATE|[2]|Bytes:32
15:40:45.45 (1195855483)|CONSTRUCTOR_ENTRY|[2]|01pg8000001LXzh|<init>()|OrderHandler
15:40:45.45 (1195863809)|VARIABLE_SCOPE_BEGIN|[8]|this|OrderHandler|true|false
15:40:45.45 (1195894183)|VARIABLE_ASSIGNMENT|[8]|this|{}|0x3ca317f0
15:40:45.45 (1195903288)|STATEMENT_EXECUTE|[1]
15:40:45.45 (1195904940)|STATEMENT_EXECUTE|[3]
15:40:45.45 (1195906566)|STATEMENT_EXECUTE|[4]
15:40:45.45 (1195907841)|STATEMENT_EXECUTE|[5]
15:40:45.45 (1195909415)|STATEMENT_EXECUTE|[6]
15:40:45.45 (1195910655)|STATEMENT_EXECUTE|[9]
15:40:45.45 (1195914691)|HEAP_ALLOCATE|[9]|Bytes:12
15:40:45.45 (1195934095)|CONSTRUCTOR_ENTRY|[9]|01pg80000019iSf|<init>(String)|TriggerHandler
15:40:45.45 (1195941558)|VARIABLE_SCOPE_BEGIN|[107]|this|TriggerHandler|true|false
15:40:45.45 (1195954410)|VARIABLE_ASSIGNMENT|[107]|this|{}|0x3ca317f0
15:40:45.45 (1195958528)|VARIABLE_SCOPE_BEGIN|[107]|handlerName|String|false|false
15:40:45.45 (1195972098)|VARIABLE_ASSIGNMENT|[107]|handlerName|"OrderHandler"
15:40:45.45 (1195977328)|STATEMENT_EXECUTE|[15]
15:40:45.45 (1195979222)|STATEMENT_EXECUTE|[50]
15:40:45.45 (1195980961)|STATEMENT_EXECUTE|[57]
15:40:45.45 (1195982591)|STATEMENT_EXECUTE|[671]
15:40:45.45 (1196006664)|STATEMENT_EXECUTE|[107]
15:40:45.45 (1196009808)|STATEMENT_EXECUTE|[108]
15:40:45.45 (1196017974)|STATEMENT_EXECUTE|[109]
15:40:45.45 (1196027628)|METHOD_ENTRY|[109]|01pg80000019iSf|TriggerHandler.setTriggerContext()
15:40:45.45 (1196033668)|VARIABLE_SCOPE_BEGIN|[565]|this|TriggerHandler|true|false
15:40:45.45 (1196049268)|VARIABLE_ASSIGNMENT|[565]|this|{"handlerName":"OrderHandler"}|0x3ca317f0
15:40:45.45 (1196068151)|STATEMENT_EXECUTE|[565]
15:40:45.45 (1196069873)|STATEMENT_EXECUTE|[566]
15:40:45.45 (1196152924)|HEAP_ALLOCATE|[566]|Bytes:16
15:40:45.45 (1196169168)|METHOD_ENTRY|[566]|01pg80000019iSf|TriggerHandler.setTriggerContext(System.TriggerOperation, Boolean)
15:40:45.45 (1196175035)|VARIABLE_SCOPE_BEGIN|[582]|this|TriggerHandler|true|false
15:40:45.45 (1196189674)|VARIABLE_ASSIGNMENT|[582]|this|{"handlerName":"OrderHandler"}|0x3ca317f0
15:40:45.45 (1196194200)|VARIABLE_SCOPE_BEGIN|[582]|opType|System.TriggerOperation|true|false
15:40:45.45 (1196212962)|VARIABLE_ASSIGNMENT|[582]|opType|"BEFORE_UPDATE"|0x1de8b7e9
15:40:45.45 (1196223787)|VARIABLE_SCOPE_BEGIN|[582]|testMode|Boolean|false|false
15:40:45.45 (1196232960)|VARIABLE_ASSIGNMENT|[582]|testMode|false
15:40:45.45 (1196240272)|STATEMENT_EXECUTE|[582]
15:40:45.45 (1196250513)|STATEMENT_EXECUTE|[586]
15:40:45.45 (1196252080)|STATEMENT_EXECUTE|[587]
15:40:45.45 (1196256377)|HEAP_ALLOCATE|[587]|Bytes:5
15:40:45.45 (1196264799)|STATEMENT_EXECUTE|[590]
15:40:45.45 (1196266343)|STATEMENT_EXECUTE|[592]
15:40:45.45 (1196283043)|HEAP_ALLOCATE|[592]|Bytes:16
15:40:45.45 (1196290480)|STATEMENT_EXECUTE|[595]
15:40:45.45 (1196302240)|VARIABLE_SCOPE_BEGIN|[595]|context|String|false|false
15:40:45.45 (1196312654)|VARIABLE_ASSIGNMENT|[595]|context|"BEFORE_UPDATE"
15:40:45.45 (1196316066)|STATEMENT_EXECUTE|[597]
15:40:45.45 (1196347620)|HEAP_ALLOCATE|[601]|Bytes:13
15:40:45.45 (1196362987)|STATEMENT_EXECUTE|[601]
15:40:45.45 (1196364652)|STATEMENT_EXECUTE|[602]
15:40:45.45 (1196374052)|METHOD_EXIT|[566]|01pg80000019iSf|TriggerHandler.setTriggerContext(System.TriggerOperation, Boolean)
15:40:45.45 (1196378983)|METHOD_EXIT|[109]|01pg80000019iSf|TriggerHandler.setTriggerContext()
15:40:45.45 (1196389098)|CONSTRUCTOR_EXIT|[9]|01pg80000019iSf|<init>(String)|TriggerHandler
15:40:45.45 (1196394422)|STATEMENT_EXECUTE|[8]
15:40:45.45 (1196396062)|STATEMENT_EXECUTE|[10]
15:40:45.45 (1197577913)|VARIABLE_ASSIGNMENT|[10]|this.newRecords|[{"Status":"Draft","LastModifiedDate":"2026-04-10T18:40:45.000Z","Country__c":"a03g80000084ySPAAY","IsDeleted":false,"AccountId":"001g8000009VmcfAAC","OrderNumber":"00100116","TotalAmount":380385.50,"StatusCode":"Draft","IsReductionOrder":false,"SystemModstamp":"2026-04-10T18:40:45.000Z","City__c":"a05g8000002BeozAAC","OwnerId":"005g80000010N45AAE","CreatedById":"005g80000010N45AAE","DistributionCenter__c":"a06g8000001ga3JAAQ","CreatedDate":"2026-04-10T18:40:45.000Z","Pricebook2Id":"01sg8000000h7xWAAQ","Id":"801g8000009VmchAAC","LastModifiedById":"005g80000010N45AAE","State__c":"a04g8000000b50jAAA","EffectiveDate":"2026-04-10T00:00:00.000Z"}]|0x3ca317f0
15:40:45.45 (1197599606)|STATEMENT_EXECUTE|[11]
15:40:45.45 (1198388089)|VARIABLE_ASSIGNMENT|[11]|this.oldRecords|[{"Status":"Draft","LastModifiedDate":"2026-04-10T18:40:45.000Z","Country__c":"a03g80000084ySPAAY","IsDeleted":false,"AccountId":"001g8000009VmcfAAC","OrderNumber":"00100116","TotalAmount":0.00,"StatusCode":"Draft","IsReductionOrder":false,"SystemModstamp":"2026-04-10T18:40:45.000Z","City__c":"a05g8000002BeozAAC","OwnerId":"005g80000010N45AAE","CreatedById":"005g80000010N45AAE","DistributionCenter__c":"a06g8000001ga3JAAQ","CreatedDate":"2026-04-10T18:40:45.000Z","Pricebook2Id":"01sg8000000h7xWAAQ","Id":"801g8000009VmchAAC","LastModifiedById":"005g80000010N45AAE","State__c":"a04g8000000b50jAAA","EffectiveDate":"2026-04-10T00:00:00.000Z"}]|0x3ca317f0
15:40:45.45 (1198405857)|STATEMENT_EXECUTE|[12]
15:40:45.45 (1199037999)|VARIABLE_ASSIGNMENT|[12]|this.newRecordsMap|{"801g8000009VmchAAC":{"Status":"Draft","LastModifiedDate":"2026-04-10T18:40:45.000Z","Country__c":"a03g80000084ySPAAY","IsDeleted":false,"AccountId":"001g8000009VmcfAAC","OrderNumber":"00100116","TotalAmount":380385.50,"StatusCode":"Draft","IsReductionOrder":false,"SystemModstamp":"2026-04-10T18:40:45.000Z","City__c":"a05g8000002BeozAAC","OwnerId":"005g80000010N45AAE","CreatedById":"005g80000010N45AAE","DistributionCenter__c":"a06g8000001ga3JAAQ","CreatedDate":"2026-04-10T18:40:45.000Z","Pricebook2Id":"01sg8000000h7xWAAQ","Id":"801g8000009VmchAAC","LastModifiedById":"005g80000010N45AAE","State__c":"a04g8000000b50jAAA","EffectiveDate":"2026-04-10T00:00:00.000Z"}}|0x3ca317f0
15:40:45.45 (1199053572)|STATEMENT_EXECUTE|[13]
15:40:45.45 (1199638593)|VARIABLE_ASSIGNMENT|[13]|this.oldRecordsMap|{"801g8000009VmchAAC":{"Status":"Draft","LastModifiedDate":"2026-04-10T18:40:45.000Z","Country__c":"a03g80000084ySPAAY","IsDeleted":false,"AccountId":"001g8000009VmcfAAC","OrderNumber":"00100116","TotalAmount":0.00,"StatusCode":"Draft","IsReductionOrder":false,"SystemModstamp":"2026-04-10T18:40:45.000Z","City__c":"a05g8000002BeozAAC","OwnerId":"005g80000010N45AAE","CreatedById":"005g80000010N45AAE","DistributionCenter__c":"a06g8000001ga3JAAQ","CreatedDate":"2026-04-10T18:40:45.000Z","Pricebook2Id":"01sg8000000h7xWAAQ","Id":"801g8000009VmchAAC","LastModifiedById":"005g80000010N45AAE","State__c":"a04g8000000b50jAAA","EffectiveDate":"2026-04-10T00:00:00.000Z"}}|0x3ca317f0
15:40:45.45 (1199663242)|CONSTRUCTOR_EXIT|[2]|01pg8000001LXzh|<init>()|OrderHandler
15:40:45.45 (1199692219)|METHOD_ENTRY|[2]|01pg80000019iSf|TriggerHandler.run()
15:40:45.45 (1199700707)|VARIABLE_SCOPE_BEGIN|[120]|this|TriggerHandler|true|false
15:40:45.45 (1199749167)|VARIABLE_ASSIGNMENT|[120]|this|{"newRecords":"0x7001013e","newRecordsMap":"0x3d24902","oldRecords":"0x78d2869f","oldRecordsMap":"0x5c6a02e2","handlerName":"OrderHandler","isTriggerExecuting":true,"triggerEvent":"0x1de8b7e9"}|0x3ca317f0
15:40:45.45 (1199763707)|STATEMENT_EXECUTE|[120]
15:40:45.45 (1199768206)|METHOD_ENTRY|[121]|01pg80000019iSf|TriggerHandler.validateRun()
15:40:45.45 (1199771867)|VARIABLE_SCOPE_BEGIN|[661]|this|TriggerHandler|true|false
15:40:45.45 (1199783490)|VARIABLE_ASSIGNMENT|[661]|this|{"newRecords":"0x7001013e","newRecordsMap":"0x3d24902","oldRecords":"0x78d2869f","oldRecordsMap":"0x5c6a02e2","handlerName":"OrderHandler","isTriggerExecuting":true,"triggerEvent":"0x1de8b7e9"}|0x3ca317f0
15:40:45.45 (1199788567)|STATEMENT_EXECUTE|[661]
15:40:45.45 (1199795909)|STATEMENT_EXECUTE|[662]
15:40:45.45 (1199797219)|STATEMENT_EXECUTE|[665]
15:40:45.45 (1199803351)|METHOD_ENTRY|[665]|01pg80000019iSf|TriggerHandler.getHandlerName()
15:40:45.45 (1199806525)|VARIABLE_SCOPE_BEGIN|[680]|this|TriggerHandler|true|false
15:40:45.45 (1199815949)|VARIABLE_ASSIGNMENT|[680]|this|{"newRecords":"0x7001013e","newRecordsMap":"0x3d24902","oldRecords":"0x78d2869f","oldRecordsMap":"0x5c6a02e2","handlerName":"OrderHandler","isTriggerExecuting":true,"triggerEvent":"0x1de8b7e9"}|0x3ca317f0
15:40:45.45 (1199820737)|STATEMENT_EXECUTE|[680]
15:40:45.45 (1199845580)|STATEMENT_EXECUTE|[681]
15:40:45.45 (1199846742)|STATEMENT_EXECUTE|[684]
15:40:45.45 (1199850059)|METHOD_EXIT|[665]|01pg80000019iSf|TriggerHandler.getHandlerName()
15:40:45.45 (1199868959)|METHOD_EXIT|[121]|01pg80000019iSf|TriggerHandler.validateRun()
15:40:45.45 (1199871765)|STATEMENT_EXECUTE|[121]
15:40:45.45 (1199875017)|METHOD_ENTRY|[126]|01pg80000019iSf|TriggerHandler.incrementCheckLoopCount()
15:40:45.45 (1199877949)|VARIABLE_SCOPE_BEGIN|[634]|this|TriggerHandler|true|false
15:40:45.45 (1199887794)|VARIABLE_ASSIGNMENT|[634]|this|{"newRecords":"0x7001013e","newRecordsMap":"0x3d24902","oldRecords":"0x78d2869f","oldRecordsMap":"0x5c6a02e2","handlerName":"OrderHandler","isTriggerExecuting":true,"triggerEvent":"0x1de8b7e9"}|0x3ca317f0
15:40:45.45 (1199892938)|STATEMENT_EXECUTE|[634]
15:40:45.45 (1199893794)|STATEMENT_EXECUTE|[635]
15:40:45.45 (1199896064)|METHOD_ENTRY|[635]|01pg80000019iSf|TriggerHandler.getHandlerName()
15:40:45.45 (1199898348)|VARIABLE_SCOPE_BEGIN|[680]|this|TriggerHandler|true|false
15:40:45.45 (1199906987)|VARIABLE_ASSIGNMENT|[680]|this|{"newRecords":"0x7001013e","newRecordsMap":"0x3d24902","oldRecords":"0x78d2869f","oldRecordsMap":"0x5c6a02e2","handlerName":"OrderHandler","isTriggerExecuting":true,"triggerEvent":"0x1de8b7e9"}|0x3ca317f0
15:40:45.45 (1199910849)|STATEMENT_EXECUTE|[680]
15:40:45.45 (1199917257)|STATEMENT_EXECUTE|[681]
15:40:45.45 (1199918203)|STATEMENT_EXECUTE|[684]
15:40:45.45 (1199919697)|METHOD_EXIT|[635]|01pg80000019iSf|TriggerHandler.getHandlerName()
15:40:45.45 (1199923469)|VARIABLE_SCOPE_BEGIN|[635]|handlerName|String|false|false
15:40:45.45 (1199929800)|VARIABLE_ASSIGNMENT|[635]|handlerName|"OrderHandler"
15:40:45.45 (1199940779)|STATEMENT_EXECUTE|[636]
15:40:45.45 (1199941850)|STATEMENT_EXECUTE|[649]
15:40:45.45 (1199943495)|METHOD_EXIT|[126]|01pg80000019iSf|TriggerHandler.incrementCheckLoopCount()
15:40:45.45 (1199946023)|STATEMENT_EXECUTE|[126]
15:40:45.45 (1199947962)|STATEMENT_EXECUTE|[130]
15:40:45.45 (1199948901)|STATEMENT_EXECUTE|[135]
15:40:45.45 (1200008936)|STATEMENT_EXECUTE|[139]
15:40:45.45 (1200010337)|STATEMENT_EXECUTE|[140]
15:40:45.45 (1200016520)|METHOD_ENTRY|[140]|01pg8000001LXzh|OrderHandler.beforeUpdate()
15:40:45.45 (1200019632)|VARIABLE_SCOPE_BEGIN|[16]|this|OrderHandler|true|false
15:40:45.45 (1200029848)|VARIABLE_ASSIGNMENT|[16]|this|{"newRecords":"0x7001013e","newRecordsMap":"0x3d24902","oldRecords":"0x78d2869f","oldRecordsMap":"0x5c6a02e2","handlerName":"OrderHandler","isTriggerExecuting":true,"triggerEvent":"0x1de8b7e9"}|0x3ca317f0
15:40:45.45 (1200035779)|STATEMENT_EXECUTE|[16]
15:40:45.45 (1200036904)|STATEMENT_EXECUTE|[17]
15:40:45.45 (1200041777)|METHOD_ENTRY|[17]|01pg8000001LXzh|OrderHandler.checkActiveOrder()
15:40:45.45 (1200044898)|VARIABLE_SCOPE_BEGIN|[30]|this|OrderHandler|true|false
15:40:45.45 (1200053724)|VARIABLE_ASSIGNMENT|[30]|this|{"newRecords":"0x7001013e","newRecordsMap":"0x3d24902","oldRecords":"0x78d2869f","oldRecordsMap":"0x5c6a02e2","handlerName":"OrderHandler","isTriggerExecuting":true,"triggerEvent":"0x1de8b7e9"}|0x3ca317f0
15:40:45.45 (1200058516)|STATEMENT_EXECUTE|[30]
15:40:45.45 (1200059503)|STATEMENT_EXECUTE|[31]
15:40:45.45 (1200063288)|VARIABLE_SCOPE_BEGIN|[31]|listaParaValidar|List<Order>|true|false
15:40:45.45 (1200068242)|VARIABLE_ASSIGNMENT|[31]|listaParaValidar|null|
15:40:45.45 (1200077175)|STATEMENT_EXECUTE|[35]
15:40:45.45 (1200078272)|STATEMENT_EXECUTE|[36]
15:40:45.45 (1200487521)|VARIABLE_ASSIGNMENT|[36]|listaParaValidar|[{"Status":"Draft","LastModifiedDate":"2026-04-10T18:40:45.000Z","Country__c":"a03g80000084ySPAAY","IsDeleted":false,"AccountId":"001g8000009VmcfAAC","OrderNumber":"00100116","TotalAmount":380385.50,"StatusCode":"Draft","IsReductionOrder":false,"SystemModstamp":"2026-04-10T18:40:45.000Z","City__c":"a05g8000002BeozAAC","OwnerId":"005g80000010N45AAE","CreatedById":"005g80000010N45AAE","DistributionCenter__c":"a06g8000001ga3JAAQ","CreatedDate":"2026-04-10T18:40:45.000Z","Pricebook2Id":"01sg8000000h7xWAAQ","Id":"801g8000009VmchAAC","LastModifiedById":"005g80000010N45AAE","State__c":"a04g8000000b50jAAA","EffectiveDate":"2026-04-10T00:00:00.000Z"}]|0x7001013e
15:40:45.45 (1200529451)|HEAP_ALLOCATE|[40]|Bytes:5
15:40:45.45 (1200548540)|HEAP_ALLOCATE|[40]|Bytes:4
15:40:45.45 (1200558866)|VARIABLE_SCOPE_BEGIN|[40]|pedido|Order|true|false
15:40:45.45 (1200909861)|VARIABLE_ASSIGNMENT|[40]|pedido|{"Status":"Draft","LastModifiedDate":"2026-04-10T18:40:45.000Z","Country__c":"a03g80000084ySPAAY","IsDeleted":false,"AccountId":"001g8000009VmcfAAC","OrderNumber":"00100116","TotalAmount":380385.50,"StatusCode":"Draft","IsReductionOrder":false,"SystemModstamp":"2026-04-10T18:40:45.000Z","City__c":"a05g8000002BeozAAC","OwnerId":"005g80000010N45AAE","CreatedById":"005g80000010N45AAE","DistributionCenter__c":"a06g8000001ga3JAAQ","CreatedDate":"2026-04-10T18:40:45.000Z","Pricebook2Id":"01sg8000000h7xWAAQ","Id":"801g8000009VmchAAC","LastModifiedById":"005g80000010N45AAE","State__c":"a04g8000000b50jAAA","EffectiveDate":"2026-04-10T00:00:00.000Z"}|0x249ae0a0
15:40:45.45 (1200918168)|STATEMENT_EXECUTE|[40]
15:40:45.45 (1200919149)|STATEMENT_EXECUTE|[42]
15:40:45.45 (1200946964)|VARIABLE_SCOPE_BEGIN|[42]|pedidoAntigo|Order|true|false
15:40:45.45 (1201254143)|VARIABLE_ASSIGNMENT|[42]|pedidoAntigo|{"Status":"Draft","LastModifiedDate":"2026-04-10T18:40:45.000Z","Country__c":"a03g80000084ySPAAY","IsDeleted":false,"AccountId":"001g8000009VmcfAAC","OrderNumber":"00100116","TotalAmount":0.00,"StatusCode":"Draft","IsReductionOrder":false,"SystemModstamp":"2026-04-10T18:40:45.000Z","City__c":"a05g8000002BeozAAC","OwnerId":"005g80000010N45AAE","CreatedById":"005g80000010N45AAE","DistributionCenter__c":"a06g8000001ga3JAAQ","CreatedDate":"2026-04-10T18:40:45.000Z","Pricebook2Id":"01sg8000000h7xWAAQ","Id":"801g8000009VmchAAC","LastModifiedById":"005g80000010N45AAE","State__c":"a04g8000000b50jAAA","EffectiveDate":"2026-04-10T00:00:00.000Z"}|0x35912768
15:40:45.45 (1201261908)|STATEMENT_EXECUTE|[45]
15:40:45.45 (1201267684)|VARIABLE_SCOPE_BEGIN|[45]|validacaoStatus|String|false|false
15:40:45.45 (1201272934)|VARIABLE_ASSIGNMENT|[45]|validacaoStatus|"Draft"
15:40:45.45 (1201288447)|STATEMENT_EXECUTE|[47]
15:40:45.45 (1201295397)|HEAP_ALLOCATE|[40]|Bytes:5
15:40:45.45 (1201301623)|VARIABLE_ASSIGNMENT|[40]|pedido|null|
15:40:45.45 (1201308343)|METHOD_EXIT|[17]|01pg8000001LXzh|OrderHandler.checkActiveOrder()
15:40:45.45 (1201312253)|METHOD_EXIT|[140]|01pg8000001LXzh|OrderHandler.beforeUpdate()
15:40:45.45 (1201315293)|STATEMENT_EXECUTE|[158]
15:40:45.45 (1201320488)|METHOD_ENTRY|[158]|01pg80000019iSf|TriggerHandler.andFinally()
15:40:45.45 (1201323446)|VARIABLE_SCOPE_BEGIN|[746]|this|TriggerHandler|true|false
15:40:45.45 (1201343861)|VARIABLE_ASSIGNMENT|[746]|this|{"newRecords":"0x7001013e","newRecordsMap":"0x3d24902","oldRecords":"0x78d2869f","oldRecordsMap":"0x5c6a02e2","handlerName":"OrderHandler","isTriggerExecuting":true,"triggerEvent":"0x1de8b7e9"}|0x3ca317f0
15:40:45.45 (1201351376)|STATEMENT_EXECUTE|[746]
15:40:45.45 (1201353138)|METHOD_EXIT|[158]|01pg80000019iSf|TriggerHandler.andFinally()
15:40:45.45 (1201356713)|STATEMENT_EXECUTE|[160]
15:40:45.45 (1201358433)|STATEMENT_EXECUTE|[176]
15:40:45.45 (1201360798)|METHOD_EXIT|[2]|01pg80000019iSf|TriggerHandler.run()
15:40:45.201 (1201367886)|CUMULATIVE_LIMIT_USAGE
15:40:45.201 (1201367886)|LIMIT_USAGE_FOR_NS|(default)|
  Number of SOQL queries: 11 out of 100
  Number of query rows: 10 out of 50000
  Number of SOSL queries: 0 out of 20
  Number of DML statements: 14 out of 150
  Number of Publish Immediate DML: 0 out of 150
  Number of DML rows: 14 out of 10000
  Maximum CPU time: 102 out of 10000
  Maximum heap size: 0 out of 6000000
  Number of callouts: 0 out of 100
  Number of Email Invocations: 0 out of 10
  Number of future calls: 0 out of 50
  Number of queueable jobs added to the queue: 0 out of 50
  Number of Mobile Apex push calls: 0 out of 10

15:40:45.201 (1201367886)|CUMULATIVE_LIMIT_USAGE_END

15:40:45.45 (1201577622)|CODE_UNIT_FINISHED|OrderTrigger on Order trigger event BeforeUpdate|__sfdc_trigger/OrderTrigger
15:40:45.45 (1202950254)|CODE_UNIT_STARTED|[EXTERNAL]|Validation:Order:801g8000009Vmch
15:40:45.45 (1202969524)|VALIDATION_RULE|03dg8000000aS4D|Bloquear_Alteracao_Conta_Pedido
15:40:45.45 (1203110712)|VALIDATION_FORMULA|ISCHANGED(AccountId) && NOT(ISNEW())|AccountId=001g8000009Vmcf
15:40:45.45 (1203116062)|VALIDATION_PASS
15:40:45.45 (1203120439)|CODE_UNIT_FINISHED|Validation:Order:801g8000009Vmch
15:40:45.45 (1216139649)|CODE_UNIT_STARTED|[EXTERNAL]|01qg8000000GdOn|OrderTrigger on Order trigger event AfterUpdate|__sfdc_trigger/OrderTrigger
15:40:45.45 (1216230445)|HEAP_ALLOCATE|[EXTERNAL]|Bytes:8
15:40:45.45 (1216326858)|HEAP_ALLOCATE|[EXTERNAL]|Bytes:8
15:40:45.45 (1216421466)|HEAP_ALLOCATE|[EXTERNAL]|Bytes:4
15:40:45.45 (1216434788)|VARIABLE_SCOPE_BEGIN|[1]|this|OrderTrigger|true|false
15:40:45.45 (1216477646)|VARIABLE_ASSIGNMENT|[1]|this|{}|0x1712b1fb
15:40:45.45 (1216517513)|HEAP_ALLOCATE|[EXTERNAL]|Bytes:4
15:40:45.45 (1216523664)|VARIABLE_SCOPE_BEGIN|[1]|this|OrderTrigger|true|false
15:40:45.45 (1216533877)|VARIABLE_ASSIGNMENT|[1]|this|{}|0x1712b1fb
15:40:45.45 (1216543946)|STATEMENT_EXECUTE|[1]
15:40:45.45 (1216545632)|STATEMENT_EXECUTE|[2]
15:40:45.45 (1216551617)|HEAP_ALLOCATE|[2]|Bytes:32
15:40:45.45 (1216575198)|CONSTRUCTOR_ENTRY|[2]|01pg8000001LXzh|<init>()|OrderHandler
15:40:45.45 (1216608338)|VARIABLE_SCOPE_BEGIN|[8]|this|OrderHandler|true|false
15:40:45.45 (1216634102)|VARIABLE_ASSIGNMENT|[8]|this|{}|0x3f72ba0a
15:40:45.45 (1216638223)|STATEMENT_EXECUTE|[1]
15:40:45.45 (1216639452)|STATEMENT_EXECUTE|[3]
15:40:45.45 (1216640622)|STATEMENT_EXECUTE|[4]
15:40:45.45 (1216641576)|STATEMENT_EXECUTE|[5]
15:40:45.45 (1216642600)|STATEMENT_EXECUTE|[6]
15:40:45.45 (1216643417)|STATEMENT_EXECUTE|[9]
15:40:45.45 (1216661829)|CONSTRUCTOR_ENTRY|[9]|01pg80000019iSf|<init>(String)|TriggerHandler
15:40:45.45 (1216666525)|VARIABLE_SCOPE_BEGIN|[107]|this|TriggerHandler|true|false
15:40:45.45 (1216673875)|VARIABLE_ASSIGNMENT|[107]|this|{}|0x3f72ba0a
15:40:45.45 (1216676727)|VARIABLE_SCOPE_BEGIN|[107]|handlerName|String|false|false
15:40:45.45 (1216686507)|VARIABLE_ASSIGNMENT|[107]|handlerName|"OrderHandler"
15:40:45.45 (1216690765)|STATEMENT_EXECUTE|[15]
15:40:45.45 (1216692277)|STATEMENT_EXECUTE|[50]
15:40:45.45 (1216693392)|STATEMENT_EXECUTE|[57]
15:40:45.45 (1216694860)|STATEMENT_EXECUTE|[671]
15:40:45.45 (1216719791)|STATEMENT_EXECUTE|[107]
15:40:45.45 (1216721096)|STATEMENT_EXECUTE|[108]
15:40:45.45 (1216726826)|STATEMENT_EXECUTE|[109]
15:40:45.45 (1216735811)|METHOD_ENTRY|[109]|01pg80000019iSf|TriggerHandler.setTriggerContext()
15:40:45.45 (1216740946)|VARIABLE_SCOPE_BEGIN|[565]|this|TriggerHandler|true|false
15:40:45.45 (1216754616)|VARIABLE_ASSIGNMENT|[565]|this|{"handlerName":"OrderHandler"}|0x3f72ba0a
15:40:45.45 (1216768391)|STATEMENT_EXECUTE|[565]
15:40:45.45 (1216769673)|STATEMENT_EXECUTE|[566]
15:40:45.45 (1216839866)|HEAP_ALLOCATE|[566]|Bytes:16
15:40:45.45 (1216850957)|METHOD_ENTRY|[566]|01pg80000019iSf|TriggerHandler.setTriggerContext(System.TriggerOperation, Boolean)
15:40:45.45 (1216854268)|VARIABLE_SCOPE_BEGIN|[582]|this|TriggerHandler|true|false
15:40:45.45 (1216863568)|VARIABLE_ASSIGNMENT|[582]|this|{"handlerName":"OrderHandler"}|0x3f72ba0a
15:40:45.45 (1216866154)|VARIABLE_SCOPE_BEGIN|[582]|opType|System.TriggerOperation|true|false
15:40:45.45 (1216882677)|VARIABLE_ASSIGNMENT|[582]|opType|"AFTER_UPDATE"|0x7a58268a
15:40:45.45 (1216892370)|VARIABLE_SCOPE_BEGIN|[582]|testMode|Boolean|false|false
15:40:45.45 (1216900986)|VARIABLE_ASSIGNMENT|[582]|testMode|false
15:40:45.45 (1216907386)|STATEMENT_EXECUTE|[582]
15:40:45.45 (1216915484)|STATEMENT_EXECUTE|[586]
15:40:45.45 (1216916401)|STATEMENT_EXECUTE|[587]
15:40:45.45 (1216919114)|HEAP_ALLOCATE|[587]|Bytes:5
15:40:45.45 (1216924010)|STATEMENT_EXECUTE|[590]
15:40:45.45 (1216924861)|STATEMENT_EXECUTE|[592]
15:40:45.45 (1216935992)|HEAP_ALLOCATE|[592]|Bytes:16
15:40:45.45 (1216940501)|STATEMENT_EXECUTE|[595]
15:40:45.45 (1216949275)|VARIABLE_SCOPE_BEGIN|[595]|context|String|false|false
15:40:45.45 (1216956141)|VARIABLE_ASSIGNMENT|[595]|context|"AFTER_UPDATE"
15:40:45.45 (1216958251)|STATEMENT_EXECUTE|[597]
15:40:45.45 (1216988163)|HEAP_ALLOCATE|[604]|Bytes:13
15:40:45.45 (1217004536)|HEAP_ALLOCATE|[607]|Bytes:12
15:40:45.45 (1217016405)|HEAP_ALLOCATE|[610]|Bytes:12
15:40:45.45 (1217027638)|STATEMENT_EXECUTE|[610]
15:40:45.45 (1217029114)|STATEMENT_EXECUTE|[611]
15:40:45.45 (1217037521)|METHOD_EXIT|[566]|01pg80000019iSf|TriggerHandler.setTriggerContext(System.TriggerOperation, Boolean)
15:40:45.45 (1217041810)|METHOD_EXIT|[109]|01pg80000019iSf|TriggerHandler.setTriggerContext()
15:40:45.45 (1217051887)|CONSTRUCTOR_EXIT|[9]|01pg80000019iSf|<init>(String)|TriggerHandler
15:40:45.45 (1217055700)|STATEMENT_EXECUTE|[8]
15:40:45.45 (1217056872)|STATEMENT_EXECUTE|[10]
15:40:45.45 (1217972864)|VARIABLE_ASSIGNMENT|[10]|this.newRecords|[{"Status":"Draft","LastModifiedDate":"2026-04-10T18:40:45.000Z","Country__c":"a03g80000084ySPAAY","IsDeleted":false,"AccountId":"001g8000009VmcfAAC","OrderNumber":"00100116","TotalAmount":380385.50,"StatusCode":"Draft","IsReductionOrder":false,"SystemModstamp":"2026-04-10T18:40:45.000Z","City__c":"a05g8000002BeozAAC","OwnerId":"005g80000010N45AAE","CreatedById":"005g80000010N45AAE","DistributionCenter__c":"a06g8000001ga3JAAQ","CreatedDate":"2026-04-10T18:40:45.000Z","Pricebook2Id":"01sg8000000h7xWAAQ","Id":"801g8000009VmchAAC","LastModifiedById":"005g80000010N45AAE","State__c":"a04g8000000b50jAAA","EffectiveDate":"2026-04-10T00:00:00.000Z"}]|0x3f72ba0a
15:40:45.45 (1217985167)|STATEMENT_EXECUTE|[11]
15:40:45.45 (1218426812)|VARIABLE_ASSIGNMENT|[11]|this.oldRecords|[{"Status":"Draft","LastModifiedDate":"2026-04-10T18:40:45.000Z","Country__c":"a03g80000084ySPAAY","IsDeleted":false,"AccountId":"001g8000009VmcfAAC","OrderNumber":"00100116","TotalAmount":0.00,"StatusCode":"Draft","IsReductionOrder":false,"SystemModstamp":"2026-04-10T18:40:45.000Z","City__c":"a05g8000002BeozAAC","OwnerId":"005g80000010N45AAE","CreatedById":"005g80000010N45AAE","DistributionCenter__c":"a06g8000001ga3JAAQ","CreatedDate":"2026-04-10T18:40:45.000Z","Pricebook2Id":"01sg8000000h7xWAAQ","Id":"801g8000009VmchAAC","LastModifiedById":"005g80000010N45AAE","State__c":"a04g8000000b50jAAA","EffectiveDate":"2026-04-10T00:00:00.000Z"}]|0x3f72ba0a
15:40:45.45 (1218435193)|STATEMENT_EXECUTE|[12]
15:40:45.45 (1218833174)|VARIABLE_ASSIGNMENT|[12]|this.newRecordsMap|{"801g8000009VmchAAC":{"Status":"Draft","LastModifiedDate":"2026-04-10T18:40:45.000Z","Country__c":"a03g80000084ySPAAY","IsDeleted":false,"AccountId":"001g8000009VmcfAAC","OrderNumber":"00100116","TotalAmount":380385.50,"StatusCode":"Draft","IsReductionOrder":false,"SystemModstamp":"2026-04-10T18:40:45.000Z","City__c":"a05g8000002BeozAAC","OwnerId":"005g80000010N45AAE","CreatedById":"005g80000010N45AAE","DistributionCenter__c":"a06g8000001ga3JAAQ","CreatedDate":"2026-04-10T18:40:45.000Z","Pricebook2Id":"01sg8000000h7xWAAQ","Id":"801g8000009VmchAAC","LastModifiedById":"005g80000010N45AAE","State__c":"a04g8000000b50jAAA","EffectiveDate":"2026-04-10T00:00:00.000Z"}}|0x3f72ba0a
15:40:45.45 (1218841826)|STATEMENT_EXECUTE|[13]
15:40:45.45 (1219197282)|VARIABLE_ASSIGNMENT|[13]|this.oldRecordsMap|{"801g8000009VmchAAC":{"Status":"Draft","LastModifiedDate":"2026-04-10T18:40:45.000Z","Country__c":"a03g80000084ySPAAY","IsDeleted":false,"AccountId":"001g8000009VmcfAAC","OrderNumber":"00100116","TotalAmount":0.00,"StatusCode":"Draft","IsReductionOrder":false,"SystemModstamp":"2026-04-10T18:40:45.000Z","City__c":"a05g8000002BeozAAC","OwnerId":"005g80000010N45AAE","CreatedById":"005g80000010N45AAE","DistributionCenter__c":"a06g8000001ga3JAAQ","CreatedDate":"2026-04-10T18:40:45.000Z","Pricebook2Id":"01sg8000000h7xWAAQ","Id":"801g8000009VmchAAC","LastModifiedById":"005g80000010N45AAE","State__c":"a04g8000000b50jAAA","EffectiveDate":"2026-04-10T00:00:00.000Z"}}|0x3f72ba0a
15:40:45.45 (1219217133)|CONSTRUCTOR_EXIT|[2]|01pg8000001LXzh|<init>()|OrderHandler
15:40:45.45 (1219226427)|METHOD_ENTRY|[2]|01pg80000019iSf|TriggerHandler.run()
15:40:45.45 (1219231392)|VARIABLE_SCOPE_BEGIN|[120]|this|TriggerHandler|true|false
15:40:45.45 (1219269457)|VARIABLE_ASSIGNMENT|[120]|this|{"newRecords":"0x24fe88a9","newRecordsMap":"0x6b36c6b","oldRecords":"0x42c882f","oldRecordsMap":"0x2e24d04a","handlerName":"OrderHandler","isTriggerExecuting":true,"triggerEvent":"0x7a58268a"}|0x3f72ba0a
15:40:45.45 (1219282413)|STATEMENT_EXECUTE|[120]
15:40:45.45 (1219285942)|METHOD_ENTRY|[121]|01pg80000019iSf|TriggerHandler.validateRun()
15:40:45.45 (1219289252)|VARIABLE_SCOPE_BEGIN|[661]|this|TriggerHandler|true|false
15:40:45.45 (1219300617)|VARIABLE_ASSIGNMENT|[661]|this|{"newRecords":"0x24fe88a9","newRecordsMap":"0x6b36c6b","oldRecords":"0x42c882f","oldRecordsMap":"0x2e24d04a","handlerName":"OrderHandler","isTriggerExecuting":true,"triggerEvent":"0x7a58268a"}|0x3f72ba0a
15:40:45.45 (1219305352)|STATEMENT_EXECUTE|[661]
15:40:45.45 (1219311562)|STATEMENT_EXECUTE|[662]
15:40:45.45 (1219312795)|STATEMENT_EXECUTE|[665]
15:40:45.45 (1219317327)|METHOD_ENTRY|[665]|01pg80000019iSf|TriggerHandler.getHandlerName()
15:40:45.45 (1219320312)|VARIABLE_SCOPE_BEGIN|[680]|this|TriggerHandler|true|false
15:40:45.45 (1219329141)|VARIABLE_ASSIGNMENT|[680]|this|{"newRecords":"0x24fe88a9","newRecordsMap":"0x6b36c6b","oldRecords":"0x42c882f","oldRecordsMap":"0x2e24d04a","handlerName":"OrderHandler","isTriggerExecuting":true,"triggerEvent":"0x7a58268a"}|0x3f72ba0a
15:40:45.45 (1219334030)|STATEMENT_EXECUTE|[680]
15:40:45.45 (1219354557)|STATEMENT_EXECUTE|[681]
15:40:45.45 (1219355761)|STATEMENT_EXECUTE|[684]
15:40:45.45 (1219358848)|METHOD_EXIT|[665]|01pg80000019iSf|TriggerHandler.getHandlerName()
15:40:45.45 (1219376498)|METHOD_EXIT|[121]|01pg80000019iSf|TriggerHandler.validateRun()
15:40:45.45 (1219379321)|STATEMENT_EXECUTE|[121]
15:40:45.45 (1219382559)|METHOD_ENTRY|[126]|01pg80000019iSf|TriggerHandler.incrementCheckLoopCount()
15:40:45.45 (1219386827)|VARIABLE_SCOPE_BEGIN|[634]|this|TriggerHandler|true|false
15:40:45.45 (1219402054)|VARIABLE_ASSIGNMENT|[634]|this|{"newRecords":"0x24fe88a9","newRecordsMap":"0x6b36c6b","oldRecords":"0x42c882f","oldRecordsMap":"0x2e24d04a","handlerName":"OrderHandler","isTriggerExecuting":true,"triggerEvent":"0x7a58268a"}|0x3f72ba0a
15:40:45.45 (1219407836)|STATEMENT_EXECUTE|[634]
15:40:45.45 (1219408734)|STATEMENT_EXECUTE|[635]
15:40:45.45 (1219410967)|METHOD_ENTRY|[635]|01pg80000019iSf|TriggerHandler.getHandlerName()
15:40:45.45 (1219413225)|VARIABLE_SCOPE_BEGIN|[680]|this|TriggerHandler|true|false
15:40:45.45 (1219422016)|VARIABLE_ASSIGNMENT|[680]|this|{"newRecords":"0x24fe88a9","newRecordsMap":"0x6b36c6b","oldRecords":"0x42c882f","oldRecordsMap":"0x2e24d04a","handlerName":"OrderHandler","isTriggerExecuting":true,"triggerEvent":"0x7a58268a"}|0x3f72ba0a
15:40:45.45 (1219425631)|STATEMENT_EXECUTE|[680]
15:40:45.45 (1219432221)|STATEMENT_EXECUTE|[681]
15:40:45.45 (1219433111)|STATEMENT_EXECUTE|[684]
15:40:45.45 (1219434567)|METHOD_EXIT|[635]|01pg80000019iSf|TriggerHandler.getHandlerName()
15:40:45.45 (1219437693)|VARIABLE_SCOPE_BEGIN|[635]|handlerName|String|false|false
15:40:45.45 (1219443381)|VARIABLE_ASSIGNMENT|[635]|handlerName|"OrderHandler"
15:40:45.45 (1219453801)|STATEMENT_EXECUTE|[636]
15:40:45.45 (1219454831)|STATEMENT_EXECUTE|[649]
15:40:45.45 (1219456431)|METHOD_EXIT|[126]|01pg80000019iSf|TriggerHandler.incrementCheckLoopCount()
15:40:45.45 (1219458860)|STATEMENT_EXECUTE|[126]
15:40:45.45 (1219460884)|STATEMENT_EXECUTE|[130]
15:40:45.45 (1219461844)|STATEMENT_EXECUTE|[135]
15:40:45.45 (1219530674)|STATEMENT_EXECUTE|[148]
15:40:45.45 (1219531656)|STATEMENT_EXECUTE|[149]
15:40:45.45 (1219545487)|METHOD_ENTRY|[149]|01pg8000001LXzh|OrderHandler.afterUpdate()
15:40:45.45 (1219548902)|VARIABLE_SCOPE_BEGIN|[20]|this|OrderHandler|true|false
15:40:45.45 (1219559551)|VARIABLE_ASSIGNMENT|[20]|this|{"newRecords":"0x24fe88a9","newRecordsMap":"0x6b36c6b","oldRecords":"0x42c882f","oldRecordsMap":"0x2e24d04a","handlerName":"OrderHandler","isTriggerExecuting":true,"triggerEvent":"0x7a58268a"}|0x3f72ba0a
15:40:45.45 (1219565791)|STATEMENT_EXECUTE|[20]
15:40:45.45 (1219566907)|STATEMENT_EXECUTE|[21]
15:40:45.45 (1219572497)|METHOD_ENTRY|[21]|01pg8000001LXzh|OrderHandler.checkActiveOrder()
15:40:45.45 (1219575942)|VARIABLE_SCOPE_BEGIN|[30]|this|OrderHandler|true|false
15:40:45.45 (1219584602)|VARIABLE_ASSIGNMENT|[30]|this|{"newRecords":"0x24fe88a9","newRecordsMap":"0x6b36c6b","oldRecords":"0x42c882f","oldRecordsMap":"0x2e24d04a","handlerName":"OrderHandler","isTriggerExecuting":true,"triggerEvent":"0x7a58268a"}|0x3f72ba0a
15:40:45.45 (1219589496)|STATEMENT_EXECUTE|[30]
15:40:45.45 (1219590371)|STATEMENT_EXECUTE|[31]
15:40:45.45 (1219593720)|VARIABLE_SCOPE_BEGIN|[31]|listaParaValidar|List<Order>|true|false
15:40:45.45 (1219599086)|VARIABLE_ASSIGNMENT|[31]|listaParaValidar|null|
15:40:45.45 (1219605810)|STATEMENT_EXECUTE|[35]
15:40:45.45 (1219606880)|STATEMENT_EXECUTE|[36]
15:40:45.45 (1220004727)|VARIABLE_ASSIGNMENT|[36]|listaParaValidar|[{"Status":"Draft","LastModifiedDate":"2026-04-10T18:40:45.000Z","Country__c":"a03g80000084ySPAAY","IsDeleted":false,"AccountId":"001g8000009VmcfAAC","OrderNumber":"00100116","TotalAmount":380385.50,"StatusCode":"Draft","IsReductionOrder":false,"SystemModstamp":"2026-04-10T18:40:45.000Z","City__c":"a05g8000002BeozAAC","OwnerId":"005g80000010N45AAE","CreatedById":"005g80000010N45AAE","DistributionCenter__c":"a06g8000001ga3JAAQ","CreatedDate":"2026-04-10T18:40:45.000Z","Pricebook2Id":"01sg8000000h7xWAAQ","Id":"801g8000009VmchAAC","LastModifiedById":"005g80000010N45AAE","State__c":"a04g8000000b50jAAA","EffectiveDate":"2026-04-10T00:00:00.000Z"}]|0x24fe88a9
15:40:45.45 (1220036424)|HEAP_ALLOCATE|[40]|Bytes:5
15:40:45.45 (1220058286)|VARIABLE_SCOPE_BEGIN|[40]|pedido|Order|true|false
15:40:45.45 (1220383283)|VARIABLE_ASSIGNMENT|[40]|pedido|{"Status":"Draft","LastModifiedDate":"2026-04-10T18:40:45.000Z","Country__c":"a03g80000084ySPAAY","IsDeleted":false,"AccountId":"001g8000009VmcfAAC","OrderNumber":"00100116","TotalAmount":380385.50,"StatusCode":"Draft","IsReductionOrder":false,"SystemModstamp":"2026-04-10T18:40:45.000Z","City__c":"a05g8000002BeozAAC","OwnerId":"005g80000010N45AAE","CreatedById":"005g80000010N45AAE","DistributionCenter__c":"a06g8000001ga3JAAQ","CreatedDate":"2026-04-10T18:40:45.000Z","Pricebook2Id":"01sg8000000h7xWAAQ","Id":"801g8000009VmchAAC","LastModifiedById":"005g80000010N45AAE","State__c":"a04g8000000b50jAAA","EffectiveDate":"2026-04-10T00:00:00.000Z"}|0x7e4faee7
15:40:45.45 (1220391526)|STATEMENT_EXECUTE|[40]
15:40:45.45 (1220392651)|STATEMENT_EXECUTE|[42]
15:40:45.45 (1220415844)|VARIABLE_SCOPE_BEGIN|[42]|pedidoAntigo|Order|true|false
15:40:45.45 (1220746539)|VARIABLE_ASSIGNMENT|[42]|pedidoAntigo|{"Status":"Draft","LastModifiedDate":"2026-04-10T18:40:45.000Z","Country__c":"a03g80000084ySPAAY","IsDeleted":false,"AccountId":"001g8000009VmcfAAC","OrderNumber":"00100116","TotalAmount":0.00,"StatusCode":"Draft","IsReductionOrder":false,"SystemModstamp":"2026-04-10T18:40:45.000Z","City__c":"a05g8000002BeozAAC","OwnerId":"005g80000010N45AAE","CreatedById":"005g80000010N45AAE","DistributionCenter__c":"a06g8000001ga3JAAQ","CreatedDate":"2026-04-10T18:40:45.000Z","Pricebook2Id":"01sg8000000h7xWAAQ","Id":"801g8000009VmchAAC","LastModifiedById":"005g80000010N45AAE","State__c":"a04g8000000b50jAAA","EffectiveDate":"2026-04-10T00:00:00.000Z"}|0x63825571
15:40:45.45 (1220754185)|STATEMENT_EXECUTE|[45]
15:40:45.45 (1220759726)|VARIABLE_SCOPE_BEGIN|[45]|validacaoStatus|String|false|false
15:40:45.45 (1220765634)|VARIABLE_ASSIGNMENT|[45]|validacaoStatus|"Draft"
15:40:45.45 (1220782841)|STATEMENT_EXECUTE|[47]
15:40:45.45 (1220789624)|HEAP_ALLOCATE|[40]|Bytes:5
15:40:45.45 (1220795639)|VARIABLE_ASSIGNMENT|[40]|pedido|null|
15:40:45.45 (1220802099)|METHOD_EXIT|[21]|01pg8000001LXzh|OrderHandler.checkActiveOrder()
15:40:45.45 (1220805269)|STATEMENT_EXECUTE|[22]
15:40:45.45 (1220811471)|METHOD_ENTRY|[22]|01pg8000001LXzh|OrderHandler.itemsRecalculation()
15:40:45.45 (1220815359)|VARIABLE_SCOPE_BEGIN|[54]|this|OrderHandler|true|false
15:40:45.45 (1220836033)|VARIABLE_ASSIGNMENT|[54]|this|{"newRecords":"0x24fe88a9","newRecordsMap":"0x6b36c6b","oldRecords":"0x42c882f","oldRecordsMap":"0x2e24d04a","handlerName":"OrderHandler","isTriggerExecuting":true,"triggerEvent":"0x7a58268a"}|0x3f72ba0a
15:40:45.45 (1220843986)|STATEMENT_EXECUTE|[54]
15:40:45.45 (1220844969)|STATEMENT_EXECUTE|[55]
15:40:45.45 (1220858259)|HEAP_ALLOCATE|[55]|Bytes:4
15:40:45.45 (1220870451)|VARIABLE_SCOPE_BEGIN|[55]|ordersToRecalculate|Set<Id>|true|false
15:40:45.45 (1220895919)|VARIABLE_ASSIGNMENT|[55]|ordersToRecalculate|[]|0x30fd4de
15:40:45.45 (1220912692)|HEAP_ALLOCATE|[57]|Bytes:5
15:40:45.45 (1220920644)|VARIABLE_SCOPE_BEGIN|[57]|pedido|Order|true|false
15:40:45.45 (1221254916)|VARIABLE_ASSIGNMENT|[57]|pedido|{"Status":"Draft","LastModifiedDate":"2026-04-10T18:40:45.000Z","Country__c":"a03g80000084ySPAAY","IsDeleted":false,"AccountId":"001g8000009VmcfAAC","OrderNumber":"00100116","TotalAmount":380385.50,"StatusCode":"Draft","IsReductionOrder":false,"SystemModstamp":"2026-04-10T18:40:45.000Z","City__c":"a05g8000002BeozAAC","OwnerId":"005g80000010N45AAE","CreatedById":"005g80000010N45AAE","DistributionCenter__c":"a06g8000001ga3JAAQ","CreatedDate":"2026-04-10T18:40:45.000Z","Pricebook2Id":"01sg8000000h7xWAAQ","Id":"801g8000009VmchAAC","LastModifiedById":"005g80000010N45AAE","State__c":"a04g8000000b50jAAA","EffectiveDate":"2026-04-10T00:00:00.000Z"}|0x7e4faee7
15:40:45.45 (1221262774)|STATEMENT_EXECUTE|[57]
15:40:45.45 (1221263635)|STATEMENT_EXECUTE|[58]
15:40:45.45 (1221277585)|VARIABLE_SCOPE_BEGIN|[58]|pedidoAntigo|Order|true|false
15:40:45.45 (1221617021)|VARIABLE_ASSIGNMENT|[58]|pedidoAntigo|{"Status":"Draft","LastModifiedDate":"2026-04-10T18:40:45.000Z","Country__c":"a03g80000084ySPAAY","IsDeleted":false,"AccountId":"001g8000009VmcfAAC","OrderNumber":"00100116","TotalAmount":0.00,"StatusCode":"Draft","IsReductionOrder":false,"SystemModstamp":"2026-04-10T18:40:45.000Z","City__c":"a05g8000002BeozAAC","OwnerId":"005g80000010N45AAE","CreatedById":"005g80000010N45AAE","DistributionCenter__c":"a06g8000001ga3JAAQ","CreatedDate":"2026-04-10T18:40:45.000Z","Pricebook2Id":"01sg8000000h7xWAAQ","Id":"801g8000009VmchAAC","LastModifiedById":"005g80000010N45AAE","State__c":"a04g8000000b50jAAA","EffectiveDate":"2026-04-10T00:00:00.000Z"}|0x63825571
15:40:45.45 (1221672892)|STATEMENT_EXECUTE|[60]
15:40:45.45 (1221679900)|HEAP_ALLOCATE|[57]|Bytes:5
15:40:45.45 (1221686903)|VARIABLE_ASSIGNMENT|[57]|pedido|null|
15:40:45.45 (1221696712)|STATEMENT_EXECUTE|[67]
15:40:45.45 (1221700098)|METHOD_EXIT|[22]|01pg8000001LXzh|OrderHandler.itemsRecalculation()
15:40:45.45 (1221703877)|METHOD_EXIT|[149]|01pg8000001LXzh|OrderHandler.afterUpdate()
15:40:45.45 (1221706611)|STATEMENT_EXECUTE|[158]
15:40:45.45 (1221713769)|METHOD_ENTRY|[158]|01pg80000019iSf|TriggerHandler.andFinally()
15:40:45.45 (1221716784)|VARIABLE_SCOPE_BEGIN|[746]|this|TriggerHandler|true|false
15:40:45.45 (1221738385)|VARIABLE_ASSIGNMENT|[746]|this|{"newRecords":"0x24fe88a9","newRecordsMap":"0x6b36c6b","oldRecords":"0x42c882f","oldRecordsMap":"0x2e24d04a","handlerName":"OrderHandler","isTriggerExecuting":true,"triggerEvent":"0x7a58268a"}|0x3f72ba0a
15:40:45.45 (1221745785)|STATEMENT_EXECUTE|[746]
15:40:45.45 (1221747393)|METHOD_EXIT|[158]|01pg80000019iSf|TriggerHandler.andFinally()
15:40:45.45 (1221750768)|STATEMENT_EXECUTE|[160]
15:40:45.45 (1221752411)|STATEMENT_EXECUTE|[176]
15:40:45.45 (1221754373)|METHOD_EXIT|[2]|01pg80000019iSf|TriggerHandler.run()
15:40:45.221 (1221761222)|CUMULATIVE_LIMIT_USAGE
15:40:45.221 (1221761222)|LIMIT_USAGE_FOR_NS|(default)|
  Number of SOQL queries: 11 out of 100
  Number of query rows: 10 out of 50000
  Number of SOSL queries: 0 out of 20
  Number of DML statements: 14 out of 150
  Number of Publish Immediate DML: 0 out of 150
  Number of DML rows: 14 out of 10000
  Maximum CPU time: 102 out of 10000
  Maximum heap size: 0 out of 6000000
  Number of callouts: 0 out of 100
  Number of Email Invocations: 0 out of 10
  Number of future calls: 0 out of 50
  Number of queueable jobs added to the queue: 0 out of 50
  Number of Mobile Apex push calls: 0 out of 10

15:40:45.221 (1221761222)|CUMULATIVE_LIMIT_USAGE_END

15:40:45.45 (1221919896)|CODE_UNIT_FINISHED|OrderTrigger on Order trigger event AfterUpdate|__sfdc_trigger/OrderTrigger
15:40:45.45 (1224353073)|DML_END|[198]
15:40:45.45 (1224507468)|STATEMENT_EXECUTE|[200]
15:40:45.45 (1224512806)|HEAP_ALLOCATE|[200]|Bytes:9
15:40:45.45 (1224628333)|HEAP_ALLOCATE|[200]|Bytes:-4
15:40:45.45 (1224665932)|VARIABLE_ASSIGNMENT|[200]|this.Status|"Activated"|0x636e419a
15:40:45.45 (1224669782)|STATEMENT_EXECUTE|[201]
15:40:45.45 (1224716680)|HEAP_ALLOCATE|[201]|Bytes:8
15:40:45.45 (1224733831)|DML_BEGIN|[201]|Op:Update|Type:Order|Rows:1
15:40:45.45 (1224768069)|HEAP_ALLOCATE|[EXTERNAL]|Bytes:8
15:40:45.45 (1234218258)|CODE_UNIT_STARTED|[EXTERNAL]|01qg8000000GdOn|OrderTrigger on Order trigger event BeforeUpdate|__sfdc_trigger/OrderTrigger
15:40:45.45 (1234280877)|HEAP_ALLOCATE|[EXTERNAL]|Bytes:8
15:40:45.45 (1234337574)|HEAP_ALLOCATE|[EXTERNAL]|Bytes:8
15:40:45.45 (1234397247)|HEAP_ALLOCATE|[EXTERNAL]|Bytes:4
15:40:45.45 (1234406777)|VARIABLE_SCOPE_BEGIN|[1]|this|OrderTrigger|true|false
15:40:45.45 (1234440675)|VARIABLE_ASSIGNMENT|[1]|this|{}|0x2d93e52e
15:40:45.45 (1234467951)|HEAP_ALLOCATE|[EXTERNAL]|Bytes:4
15:40:45.45 (1234471694)|VARIABLE_SCOPE_BEGIN|[1]|this|OrderTrigger|true|false
15:40:45.45 (1234477069)|VARIABLE_ASSIGNMENT|[1]|this|{}|0x2d93e52e
15:40:45.45 (1234483590)|STATEMENT_EXECUTE|[1]
15:40:45.45 (1234484911)|STATEMENT_EXECUTE|[2]
15:40:45.45 (1234489945)|HEAP_ALLOCATE|[2]|Bytes:32
15:40:45.45 (1234507383)|CONSTRUCTOR_ENTRY|[2]|01pg8000001LXzh|<init>()|OrderHandler
15:40:45.45 (1234513142)|VARIABLE_SCOPE_BEGIN|[8]|this|OrderHandler|true|false
15:40:45.45 (1234533781)|VARIABLE_ASSIGNMENT|[8]|this|{}|0x16a985bc
15:40:45.45 (1234537845)|STATEMENT_EXECUTE|[1]
15:40:45.45 (1234538941)|STATEMENT_EXECUTE|[3]
15:40:45.45 (1234540011)|STATEMENT_EXECUTE|[4]
15:40:45.45 (1234540809)|STATEMENT_EXECUTE|[5]
15:40:45.45 (1234541849)|STATEMENT_EXECUTE|[6]
15:40:45.45 (1234542630)|STATEMENT_EXECUTE|[9]
15:40:45.45 (1234556437)|CONSTRUCTOR_ENTRY|[9]|01pg80000019iSf|<init>(String)|TriggerHandler
15:40:45.45 (1234560919)|VARIABLE_SCOPE_BEGIN|[107]|this|TriggerHandler|true|false
15:40:45.45 (1234568036)|VARIABLE_ASSIGNMENT|[107]|this|{}|0x16a985bc
15:40:45.45 (1234570641)|VARIABLE_SCOPE_BEGIN|[107]|handlerName|String|false|false
15:40:45.45 (1234579103)|VARIABLE_ASSIGNMENT|[107]|handlerName|"OrderHandler"
15:40:45.45 (1234581921)|STATEMENT_EXECUTE|[15]
15:40:45.45 (1234583081)|STATEMENT_EXECUTE|[50]
15:40:45.45 (1234583966)|STATEMENT_EXECUTE|[57]
15:40:45.45 (1234584866)|STATEMENT_EXECUTE|[671]
15:40:45.45 (1234605286)|STATEMENT_EXECUTE|[107]
15:40:45.45 (1234606443)|STATEMENT_EXECUTE|[108]
15:40:45.45 (1234611206)|STATEMENT_EXECUTE|[109]
15:40:45.45 (1234617444)|METHOD_ENTRY|[109]|01pg80000019iSf|TriggerHandler.setTriggerContext()
15:40:45.45 (1234620966)|VARIABLE_SCOPE_BEGIN|[565]|this|TriggerHandler|true|false
15:40:45.45 (1234629326)|VARIABLE_ASSIGNMENT|[565]|this|{"handlerName":"OrderHandler"}|0x16a985bc
15:40:45.45 (1234643156)|STATEMENT_EXECUTE|[565]
15:40:45.45 (1234644306)|STATEMENT_EXECUTE|[566]
15:40:45.45 (1234704846)|HEAP_ALLOCATE|[566]|Bytes:16
15:40:45.45 (1234714636)|METHOD_ENTRY|[566]|01pg80000019iSf|TriggerHandler.setTriggerContext(System.TriggerOperation, Boolean)
15:40:45.45 (1234717648)|VARIABLE_SCOPE_BEGIN|[582]|this|TriggerHandler|true|false
15:40:45.45 (1234725464)|VARIABLE_ASSIGNMENT|[582]|this|{"handlerName":"OrderHandler"}|0x16a985bc
15:40:45.45 (1234728215)|VARIABLE_SCOPE_BEGIN|[582]|opType|System.TriggerOperation|true|false
15:40:45.45 (1234742104)|VARIABLE_ASSIGNMENT|[582]|opType|"BEFORE_UPDATE"|0x1de8b7e9
15:40:45.45 (1234749721)|VARIABLE_SCOPE_BEGIN|[582]|testMode|Boolean|false|false
15:40:45.45 (1234756004)|VARIABLE_ASSIGNMENT|[582]|testMode|false
15:40:45.45 (1234760219)|STATEMENT_EXECUTE|[582]
15:40:45.45 (1234768057)|STATEMENT_EXECUTE|[586]
15:40:45.45 (1234769050)|STATEMENT_EXECUTE|[587]
15:40:45.45 (1234771900)|HEAP_ALLOCATE|[587]|Bytes:5
15:40:45.45 (1234777228)|STATEMENT_EXECUTE|[590]
15:40:45.45 (1234778066)|STATEMENT_EXECUTE|[592]
15:40:45.45 (1234787660)|HEAP_ALLOCATE|[592]|Bytes:16
15:40:45.45 (1234791932)|STATEMENT_EXECUTE|[595]
15:40:45.45 (1234799515)|VARIABLE_SCOPE_BEGIN|[595]|context|String|false|false
15:40:45.45 (1234806167)|VARIABLE_ASSIGNMENT|[595]|context|"BEFORE_UPDATE"
15:40:45.45 (1234808190)|STATEMENT_EXECUTE|[597]
15:40:45.45 (1234835280)|STATEMENT_EXECUTE|[601]
15:40:45.45 (1234836578)|STATEMENT_EXECUTE|[602]
15:40:45.45 (1234840944)|METHOD_EXIT|[566]|01pg80000019iSf|TriggerHandler.setTriggerContext(System.TriggerOperation, Boolean)
15:40:45.45 (1234843953)|METHOD_EXIT|[109]|01pg80000019iSf|TriggerHandler.setTriggerContext()
15:40:45.45 (1234849996)|CONSTRUCTOR_EXIT|[9]|01pg80000019iSf|<init>(String)|TriggerHandler
15:40:45.45 (1234853593)|STATEMENT_EXECUTE|[8]
15:40:45.45 (1234854699)|STATEMENT_EXECUTE|[10]
15:40:45.45 (1235527570)|VARIABLE_ASSIGNMENT|[10]|this.newRecords|[{"Status":"Activated","LastModifiedDate":"2026-04-10T18:40:45.000Z","Country__c":"a03g80000084ySPAAY","IsDeleted":false,"AccountId":"001g8000009VmcfAAC","OrderNumber":"00100116","TotalAmount":380385.50,"StatusCode":"Activated","IsReductionOrder":false,"SystemModstamp":"2026-04-10T18:40:45.000Z","City__c":"a05g8000002BeozAAC","OwnerId":"005g80000010N45AAE","CreatedById":"005g80000010N45AAE","DistributionCenter__c":"a06g8000001ga3JAAQ","CreatedDate":"2026-04-10T18:40:45.000Z","Pricebook2Id":"01sg8000000h7xWAAQ","Id":"801g8000009VmchAAC","LastModifiedById":"005g80000010N45AAE","State__c":"a04g8000000b50jAAA","EffectiveDate":"2026-04-10T00:00:00.000Z"}]|0x16a985bc
15:40:45.45 (1235538177)|STATEMENT_EXECUTE|[11]
15:40:45.45 (1235988401)|VARIABLE_ASSIGNMENT|[11]|this.oldRecords|[{"Status":"Draft","LastModifiedDate":"2026-04-10T18:40:45.000Z","Country__c":"a03g80000084ySPAAY","IsDeleted":false,"AccountId":"001g8000009VmcfAAC","OrderNumber":"00100116","TotalAmount":380385.50,"StatusCode":"Draft","IsReductionOrder":false,"SystemModstamp":"2026-04-10T18:40:45.000Z","City__c":"a05g8000002BeozAAC","OwnerId":"005g80000010N45AAE","CreatedById":"005g80000010N45AAE","DistributionCenter__c":"a06g8000001ga3JAAQ","CreatedDate":"2026-04-10T18:40:45.000Z","Pricebook2Id":"01sg8000000h7xWAAQ","Id":"801g8000009VmchAAC","LastModifiedById":"005g80000010N45AAE","State__c":"a04g8000000b50jAAA","EffectiveDate":"2026-04-10T00:00:00.000Z"}]|0x16a985bc
15:40:45.45 (1235996793)|STATEMENT_EXECUTE|[12]
15:40:45.45 (1236344768)|VARIABLE_ASSIGNMENT|[12]|this.newRecordsMap|{"801g8000009VmchAAC":{"Status":"Activated","LastModifiedDate":"2026-04-10T18:40:45.000Z","Country__c":"a03g80000084ySPAAY","IsDeleted":false,"AccountId":"001g8000009VmcfAAC","OrderNumber":"00100116","TotalAmount":380385.50,"StatusCode":"Activated","IsReductionOrder":false,"SystemModstamp":"2026-04-10T18:40:45.000Z","City__c":"a05g8000002BeozAAC","OwnerId":"005g80000010N45AAE","CreatedById":"005g80000010N45AAE","DistributionCenter__c":"a06g8000001ga3JAAQ","CreatedDate":"2026-04-10T18:40:45.000Z","Pricebook2Id":"01sg8000000h7xWAAQ","Id":"801g8000009VmchAAC","LastModifiedById":"005g80000010N45AAE","State__c":"a04g8000000b50jAAA","EffectiveDate":"2026-04-10T00:00:00.000Z"}}|0x16a985bc
15:40:45.45 (1236352406)|STATEMENT_EXECUTE|[13]
15:40:45.45 (1236682491)|VARIABLE_ASSIGNMENT|[13]|this.oldRecordsMap|{"801g8000009VmchAAC":{"Status":"Draft","LastModifiedDate":"2026-04-10T18:40:45.000Z","Country__c":"a03g80000084ySPAAY","IsDeleted":false,"AccountId":"001g8000009VmcfAAC","OrderNumber":"00100116","TotalAmount":380385.50,"StatusCode":"Draft","IsReductionOrder":false,"SystemModstamp":"2026-04-10T18:40:45.000Z","City__c":"a05g8000002BeozAAC","OwnerId":"005g80000010N45AAE","CreatedById":"005g80000010N45AAE","DistributionCenter__c":"a06g8000001ga3JAAQ","CreatedDate":"2026-04-10T18:40:45.000Z","Pricebook2Id":"01sg8000000h7xWAAQ","Id":"801g8000009VmchAAC","LastModifiedById":"005g80000010N45AAE","State__c":"a04g8000000b50jAAA","EffectiveDate":"2026-04-10T00:00:00.000Z"}}|0x16a985bc
15:40:45.45 (1236697932)|CONSTRUCTOR_EXIT|[2]|01pg8000001LXzh|<init>()|OrderHandler
15:40:45.45 (1236705694)|METHOD_ENTRY|[2]|01pg80000019iSf|TriggerHandler.run()
15:40:45.45 (1236710603)|VARIABLE_SCOPE_BEGIN|[120]|this|TriggerHandler|true|false
15:40:45.45 (1236741118)|VARIABLE_ASSIGNMENT|[120]|this|{"newRecords":"0x7ad2e147","newRecordsMap":"0x2e71343a","oldRecords":"0x1cf91e4f","oldRecordsMap":"0x4627fc09","handlerName":"OrderHandler","isTriggerExecuting":true,"triggerEvent":"0x1de8b7e9"}|0x16a985bc
15:40:45.45 (1236757695)|STATEMENT_EXECUTE|[120]
15:40:45.45 (1236761023)|METHOD_ENTRY|[121]|01pg80000019iSf|TriggerHandler.validateRun()
15:40:45.45 (1236764093)|VARIABLE_SCOPE_BEGIN|[661]|this|TriggerHandler|true|false
15:40:45.45 (1236774836)|VARIABLE_ASSIGNMENT|[661]|this|{"newRecords":"0x7ad2e147","newRecordsMap":"0x2e71343a","oldRecords":"0x1cf91e4f","oldRecordsMap":"0x4627fc09","handlerName":"OrderHandler","isTriggerExecuting":true,"triggerEvent":"0x1de8b7e9"}|0x16a985bc
15:40:45.45 (1236779607)|STATEMENT_EXECUTE|[661]
15:40:45.45 (1236785263)|STATEMENT_EXECUTE|[662]
15:40:45.45 (1236786496)|STATEMENT_EXECUTE|[665]
15:40:45.45 (1236791028)|METHOD_ENTRY|[665]|01pg80000019iSf|TriggerHandler.getHandlerName()
15:40:45.45 (1236794071)|VARIABLE_SCOPE_BEGIN|[680]|this|TriggerHandler|true|false
15:40:45.45 (1236803086)|VARIABLE_ASSIGNMENT|[680]|this|{"newRecords":"0x7ad2e147","newRecordsMap":"0x2e71343a","oldRecords":"0x1cf91e4f","oldRecordsMap":"0x4627fc09","handlerName":"OrderHandler","isTriggerExecuting":true,"triggerEvent":"0x1de8b7e9"}|0x16a985bc
15:40:45.45 (1236807738)|STATEMENT_EXECUTE|[680]
15:40:45.45 (1236825974)|STATEMENT_EXECUTE|[681]
15:40:45.45 (1236827203)|STATEMENT_EXECUTE|[684]
15:40:45.45 (1236830115)|METHOD_EXIT|[665]|01pg80000019iSf|TriggerHandler.getHandlerName()
15:40:45.45 (1236847217)|METHOD_EXIT|[121]|01pg80000019iSf|TriggerHandler.validateRun()
15:40:45.45 (1236850178)|STATEMENT_EXECUTE|[121]
15:40:45.45 (1236853208)|METHOD_ENTRY|[126]|01pg80000019iSf|TriggerHandler.incrementCheckLoopCount()
15:40:45.45 (1236856211)|VARIABLE_SCOPE_BEGIN|[634]|this|TriggerHandler|true|false
15:40:45.45 (1236865505)|VARIABLE_ASSIGNMENT|[634]|this|{"newRecords":"0x7ad2e147","newRecordsMap":"0x2e71343a","oldRecords":"0x1cf91e4f","oldRecordsMap":"0x4627fc09","handlerName":"OrderHandler","isTriggerExecuting":true,"triggerEvent":"0x1de8b7e9"}|0x16a985bc
15:40:45.45 (1236870371)|STATEMENT_EXECUTE|[634]
15:40:45.45 (1236871254)|STATEMENT_EXECUTE|[635]
15:40:45.45 (1236873267)|METHOD_ENTRY|[635]|01pg80000019iSf|TriggerHandler.getHandlerName()
15:40:45.45 (1236875354)|VARIABLE_SCOPE_BEGIN|[680]|this|TriggerHandler|true|false
15:40:45.45 (1236883714)|VARIABLE_ASSIGNMENT|[680]|this|{"newRecords":"0x7ad2e147","newRecordsMap":"0x2e71343a","oldRecords":"0x1cf91e4f","oldRecordsMap":"0x4627fc09","handlerName":"OrderHandler","isTriggerExecuting":true,"triggerEvent":"0x1de8b7e9"}|0x16a985bc
15:40:45.45 (1236887566)|STATEMENT_EXECUTE|[680]
15:40:45.45 (1236893800)|STATEMENT_EXECUTE|[681]
15:40:45.45 (1236894755)|STATEMENT_EXECUTE|[684]
15:40:45.45 (1236896264)|METHOD_EXIT|[635]|01pg80000019iSf|TriggerHandler.getHandlerName()
15:40:45.45 (1236899117)|VARIABLE_SCOPE_BEGIN|[635]|handlerName|String|false|false
15:40:45.45 (1236904612)|VARIABLE_ASSIGNMENT|[635]|handlerName|"OrderHandler"
15:40:45.45 (1236915169)|STATEMENT_EXECUTE|[636]
15:40:45.45 (1236916085)|STATEMENT_EXECUTE|[649]
15:40:45.45 (1236917801)|METHOD_EXIT|[126]|01pg80000019iSf|TriggerHandler.incrementCheckLoopCount()
15:40:45.45 (1236920321)|STATEMENT_EXECUTE|[126]
15:40:45.45 (1236922407)|STATEMENT_EXECUTE|[130]
15:40:45.45 (1236923445)|STATEMENT_EXECUTE|[135]
15:40:45.45 (1236972927)|STATEMENT_EXECUTE|[139]
15:40:45.45 (1236973882)|STATEMENT_EXECUTE|[140]
15:40:45.45 (1236976770)|METHOD_ENTRY|[140]|01pg8000001LXzh|OrderHandler.beforeUpdate()
15:40:45.45 (1236979697)|VARIABLE_SCOPE_BEGIN|[16]|this|OrderHandler|true|false
15:40:45.45 (1236990323)|VARIABLE_ASSIGNMENT|[16]|this|{"newRecords":"0x7ad2e147","newRecordsMap":"0x2e71343a","oldRecords":"0x1cf91e4f","oldRecordsMap":"0x4627fc09","handlerName":"OrderHandler","isTriggerExecuting":true,"triggerEvent":"0x1de8b7e9"}|0x16a985bc
15:40:45.45 (1236995186)|STATEMENT_EXECUTE|[16]
15:40:45.45 (1236996251)|STATEMENT_EXECUTE|[17]
15:40:45.45 (1236999478)|METHOD_ENTRY|[17]|01pg8000001LXzh|OrderHandler.checkActiveOrder()
15:40:45.45 (1237002255)|VARIABLE_SCOPE_BEGIN|[30]|this|OrderHandler|true|false
15:40:45.45 (1237010952)|VARIABLE_ASSIGNMENT|[30]|this|{"newRecords":"0x7ad2e147","newRecordsMap":"0x2e71343a","oldRecords":"0x1cf91e4f","oldRecordsMap":"0x4627fc09","handlerName":"OrderHandler","isTriggerExecuting":true,"triggerEvent":"0x1de8b7e9"}|0x16a985bc
15:40:45.45 (1237015142)|STATEMENT_EXECUTE|[30]
15:40:45.45 (1237016071)|STATEMENT_EXECUTE|[31]
15:40:45.45 (1237019012)|VARIABLE_SCOPE_BEGIN|[31]|listaParaValidar|List<Order>|true|false
15:40:45.45 (1237023667)|VARIABLE_ASSIGNMENT|[31]|listaParaValidar|null|
15:40:45.45 (1237029982)|STATEMENT_EXECUTE|[35]
15:40:45.45 (1237030922)|STATEMENT_EXECUTE|[36]
15:40:45.45 (1237429410)|VARIABLE_ASSIGNMENT|[36]|listaParaValidar|[{"Status":"Activated","LastModifiedDate":"2026-04-10T18:40:45.000Z","Country__c":"a03g80000084ySPAAY","IsDeleted":false,"AccountId":"001g8000009VmcfAAC","OrderNumber":"00100116","TotalAmount":380385.50,"StatusCode":"Activated","IsReductionOrder":false,"SystemModstamp":"2026-04-10T18:40:45.000Z","City__c":"a05g8000002BeozAAC","OwnerId":"005g80000010N45AAE","CreatedById":"005g80000010N45AAE","DistributionCenter__c":"a06g8000001ga3JAAQ","CreatedDate":"2026-04-10T18:40:45.000Z","Pricebook2Id":"01sg8000000h7xWAAQ","Id":"801g8000009VmchAAC","LastModifiedById":"005g80000010N45AAE","State__c":"a04g8000000b50jAAA","EffectiveDate":"2026-04-10T00:00:00.000Z"}]|0x7ad2e147
15:40:45.45 (1237462960)|HEAP_ALLOCATE|[40]|Bytes:5
15:40:45.45 (1237480938)|HEAP_ALLOCATE|[40]|Bytes:4
15:40:45.45 (1237490071)|VARIABLE_SCOPE_BEGIN|[40]|pedido|Order|true|false
15:40:45.45 (1237812534)|VARIABLE_ASSIGNMENT|[40]|pedido|{"Status":"Activated","LastModifiedDate":"2026-04-10T18:40:45.000Z","Country__c":"a03g80000084ySPAAY","IsDeleted":false,"AccountId":"001g8000009VmcfAAC","OrderNumber":"00100116","TotalAmount":380385.50,"StatusCode":"Activated","IsReductionOrder":false,"SystemModstamp":"2026-04-10T18:40:45.000Z","City__c":"a05g8000002BeozAAC","OwnerId":"005g80000010N45AAE","CreatedById":"005g80000010N45AAE","DistributionCenter__c":"a06g8000001ga3JAAQ","CreatedDate":"2026-04-10T18:40:45.000Z","Pricebook2Id":"01sg8000000h7xWAAQ","Id":"801g8000009VmchAAC","LastModifiedById":"005g80000010N45AAE","State__c":"a04g8000000b50jAAA","EffectiveDate":"2026-04-10T00:00:00.000Z"}|0x2b12f553
15:40:45.45 (1237820624)|STATEMENT_EXECUTE|[40]
15:40:45.45 (1237821644)|STATEMENT_EXECUTE|[42]
15:40:45.45 (1237845807)|VARIABLE_SCOPE_BEGIN|[42]|pedidoAntigo|Order|true|false
15:40:45.45 (1238155023)|VARIABLE_ASSIGNMENT|[42]|pedidoAntigo|{"Status":"Draft","LastModifiedDate":"2026-04-10T18:40:45.000Z","Country__c":"a03g80000084ySPAAY","IsDeleted":false,"AccountId":"001g8000009VmcfAAC","OrderNumber":"00100116","TotalAmount":380385.50,"StatusCode":"Draft","IsReductionOrder":false,"SystemModstamp":"2026-04-10T18:40:45.000Z","City__c":"a05g8000002BeozAAC","OwnerId":"005g80000010N45AAE","CreatedById":"005g80000010N45AAE","DistributionCenter__c":"a06g8000001ga3JAAQ","CreatedDate":"2026-04-10T18:40:45.000Z","Pricebook2Id":"01sg8000000h7xWAAQ","Id":"801g8000009VmchAAC","LastModifiedById":"005g80000010N45AAE","State__c":"a04g8000000b50jAAA","EffectiveDate":"2026-04-10T00:00:00.000Z"}|0xc65d4ef
15:40:45.45 (1238162452)|STATEMENT_EXECUTE|[45]
15:40:45.45 (1238168348)|VARIABLE_SCOPE_BEGIN|[45]|validacaoStatus|String|false|false
15:40:45.45 (1238173553)|VARIABLE_ASSIGNMENT|[45]|validacaoStatus|"Draft"
15:40:45.45 (1238185984)|STATEMENT_EXECUTE|[47]
15:40:45.45 (1238191381)|HEAP_ALLOCATE|[40]|Bytes:5
15:40:45.45 (1238197036)|VARIABLE_ASSIGNMENT|[40]|pedido|null|
15:40:45.45 (1238202913)|METHOD_EXIT|[17]|01pg8000001LXzh|OrderHandler.checkActiveOrder()
15:40:45.45 (1238206572)|METHOD_EXIT|[140]|01pg8000001LXzh|OrderHandler.beforeUpdate()
15:40:45.45 (1238209278)|STATEMENT_EXECUTE|[158]
15:40:45.45 (1238213307)|METHOD_ENTRY|[158]|01pg80000019iSf|TriggerHandler.andFinally()
15:40:45.45 (1238216277)|VARIABLE_SCOPE_BEGIN|[746]|this|TriggerHandler|true|false
15:40:45.45 (1238234932)|VARIABLE_ASSIGNMENT|[746]|this|{"newRecords":"0x7ad2e147","newRecordsMap":"0x2e71343a","oldRecords":"0x1cf91e4f","oldRecordsMap":"0x4627fc09","handlerName":"OrderHandler","isTriggerExecuting":true,"triggerEvent":"0x1de8b7e9"}|0x16a985bc
15:40:45.45 (1238241880)|STATEMENT_EXECUTE|[746]
15:40:45.45 (1238243358)|METHOD_EXIT|[158]|01pg80000019iSf|TriggerHandler.andFinally()
15:40:45.45 (1238246529)|STATEMENT_EXECUTE|[160]
15:40:45.45 (1238248349)|STATEMENT_EXECUTE|[176]
15:40:45.45 (1238250116)|METHOD_EXIT|[2]|01pg80000019iSf|TriggerHandler.run()
15:40:45.238 (1238256131)|CUMULATIVE_LIMIT_USAGE
15:40:45.238 (1238256131)|LIMIT_USAGE_FOR_NS|(default)|
  Number of SOQL queries: 11 out of 100
  Number of query rows: 10 out of 50000
  Number of SOSL queries: 0 out of 20
  Number of DML statements: 15 out of 150
  Number of Publish Immediate DML: 0 out of 150
  Number of DML rows: 15 out of 10000
  Maximum CPU time: 102 out of 10000
  Maximum heap size: 0 out of 6000000
  Number of callouts: 0 out of 100
  Number of Email Invocations: 0 out of 10
  Number of future calls: 0 out of 50
  Number of queueable jobs added to the queue: 0 out of 50
  Number of Mobile Apex push calls: 0 out of 10

15:40:45.238 (1238256131)|CUMULATIVE_LIMIT_USAGE_END

15:40:45.45 (1238423689)|CODE_UNIT_FINISHED|OrderTrigger on Order trigger event BeforeUpdate|__sfdc_trigger/OrderTrigger
15:40:45.45 (1241229431)|CODE_UNIT_STARTED|[EXTERNAL]|Validation:Order:801g8000009Vmch
15:40:45.45 (1241250423)|VALIDATION_RULE|03dg8000000aS4D|Bloquear_Alteracao_Conta_Pedido
15:40:45.45 (1241511525)|VALIDATION_FORMULA|ISCHANGED(AccountId) && NOT(ISNEW())|AccountId=001g8000009Vmcf
15:40:45.45 (1241518763)|VALIDATION_PASS
15:40:45.45 (1241524437)|CODE_UNIT_FINISHED|Validation:Order:801g8000009Vmch
15:40:45.45 (1251321647)|CODE_UNIT_STARTED|[EXTERNAL]|01qg8000000GdOn|OrderTrigger on Order trigger event AfterUpdate|__sfdc_trigger/OrderTrigger
15:40:45.45 (1251406880)|HEAP_ALLOCATE|[EXTERNAL]|Bytes:8
15:40:45.45 (1251488632)|HEAP_ALLOCATE|[EXTERNAL]|Bytes:8
15:40:45.45 (1251574897)|HEAP_ALLOCATE|[EXTERNAL]|Bytes:4
15:40:45.45 (1251585632)|VARIABLE_SCOPE_BEGIN|[1]|this|OrderTrigger|true|false
15:40:45.45 (1251622050)|VARIABLE_ASSIGNMENT|[1]|this|{}|0x3b02904
15:40:45.45 (1251652782)|HEAP_ALLOCATE|[EXTERNAL]|Bytes:4
15:40:45.45 (1251656801)|VARIABLE_SCOPE_BEGIN|[1]|this|OrderTrigger|true|false
15:40:45.45 (1251662639)|VARIABLE_ASSIGNMENT|[1]|this|{}|0x3b02904
15:40:45.45 (1251669751)|STATEMENT_EXECUTE|[1]
15:40:45.45 (1251670924)|STATEMENT_EXECUTE|[2]
15:40:45.45 (1251676366)|HEAP_ALLOCATE|[2]|Bytes:32
15:40:45.45 (1251694388)|CONSTRUCTOR_ENTRY|[2]|01pg8000001LXzh|<init>()|OrderHandler
15:40:45.45 (1251701107)|VARIABLE_SCOPE_BEGIN|[8]|this|OrderHandler|true|false
15:40:45.45 (1251723180)|VARIABLE_ASSIGNMENT|[8]|this|{}|0x6ddd5518
15:40:45.45 (1251727464)|STATEMENT_EXECUTE|[1]
15:40:45.45 (1251728552)|STATEMENT_EXECUTE|[3]
15:40:45.45 (1251729500)|STATEMENT_EXECUTE|[4]
15:40:45.45 (1251730339)|STATEMENT_EXECUTE|[5]
15:40:45.45 (1251731373)|STATEMENT_EXECUTE|[6]
15:40:45.45 (1251732350)|STATEMENT_EXECUTE|[9]
15:40:45.45 (1251747568)|CONSTRUCTOR_ENTRY|[9]|01pg80000019iSf|<init>(String)|TriggerHandler
15:40:45.45 (1251751728)|VARIABLE_SCOPE_BEGIN|[107]|this|TriggerHandler|true|false
15:40:45.45 (1251758813)|VARIABLE_ASSIGNMENT|[107]|this|{}|0x6ddd5518
15:40:45.45 (1251761398)|VARIABLE_SCOPE_BEGIN|[107]|handlerName|String|false|false
15:40:45.45 (1251769924)|VARIABLE_ASSIGNMENT|[107]|handlerName|"OrderHandler"
15:40:45.45 (1251773285)|STATEMENT_EXECUTE|[15]
15:40:45.45 (1251774542)|STATEMENT_EXECUTE|[50]
15:40:45.45 (1251792292)|STATEMENT_EXECUTE|[57]
15:40:45.45 (1251794021)|STATEMENT_EXECUTE|[671]
15:40:45.45 (1251819182)|STATEMENT_EXECUTE|[107]
15:40:45.45 (1251820669)|STATEMENT_EXECUTE|[108]
15:40:45.45 (1251843983)|STATEMENT_EXECUTE|[109]
15:40:45.45 (1251853787)|METHOD_ENTRY|[109]|01pg80000019iSf|TriggerHandler.setTriggerContext()
15:40:45.45 (1251859466)|VARIABLE_SCOPE_BEGIN|[565]|this|TriggerHandler|true|false
15:40:45.45 (1251872702)|VARIABLE_ASSIGNMENT|[565]|this|{"handlerName":"OrderHandler"}|0x6ddd5518
15:40:45.45 (1251886377)|STATEMENT_EXECUTE|[565]
15:40:45.45 (1251887630)|STATEMENT_EXECUTE|[566]
15:40:45.45 (1251950531)|HEAP_ALLOCATE|[566]|Bytes:16
15:40:45.45 (1251960350)|METHOD_ENTRY|[566]|01pg80000019iSf|TriggerHandler.setTriggerContext(System.TriggerOperation, Boolean)
15:40:45.45 (1251963481)|VARIABLE_SCOPE_BEGIN|[582]|this|TriggerHandler|true|false
15:40:45.45 (1251971299)|VARIABLE_ASSIGNMENT|[582]|this|{"handlerName":"OrderHandler"}|0x6ddd5518
15:40:45.45 (1251973837)|VARIABLE_SCOPE_BEGIN|[582]|opType|System.TriggerOperation|true|false
15:40:45.45 (1251989727)|VARIABLE_ASSIGNMENT|[582]|opType|"AFTER_UPDATE"|0x7a58268a
15:40:45.45 (1251997583)|VARIABLE_SCOPE_BEGIN|[582]|testMode|Boolean|false|false
15:40:45.45 (1252003930)|VARIABLE_ASSIGNMENT|[582]|testMode|false
15:40:45.45 (1252008908)|STATEMENT_EXECUTE|[582]
15:40:45.45 (1252016425)|STATEMENT_EXECUTE|[586]
15:40:45.45 (1252017292)|STATEMENT_EXECUTE|[587]
15:40:45.45 (1252020155)|HEAP_ALLOCATE|[587]|Bytes:5
15:40:45.45 (1252025593)|STATEMENT_EXECUTE|[590]
15:40:45.45 (1252026841)|STATEMENT_EXECUTE|[592]
15:40:45.45 (1252041234)|HEAP_ALLOCATE|[592]|Bytes:16
15:40:45.45 (1252047184)|STATEMENT_EXECUTE|[595]
15:40:45.45 (1252058427)|VARIABLE_SCOPE_BEGIN|[595]|context|String|false|false
15:40:45.45 (1252067958)|VARIABLE_ASSIGNMENT|[595]|context|"AFTER_UPDATE"
15:40:45.45 (1252071210)|STATEMENT_EXECUTE|[597]
15:40:45.45 (1252128539)|STATEMENT_EXECUTE|[610]
15:40:45.45 (1252129766)|STATEMENT_EXECUTE|[611]
15:40:45.45 (1252134227)|METHOD_EXIT|[566]|01pg80000019iSf|TriggerHandler.setTriggerContext(System.TriggerOperation, Boolean)
15:40:45.45 (1252137451)|METHOD_EXIT|[109]|01pg80000019iSf|TriggerHandler.setTriggerContext()
15:40:45.45 (1252146861)|CONSTRUCTOR_EXIT|[9]|01pg80000019iSf|<init>(String)|TriggerHandler
15:40:45.45 (1252150096)|STATEMENT_EXECUTE|[8]
15:40:45.45 (1252150965)|STATEMENT_EXECUTE|[10]
15:40:45.45 (1253057846)|VARIABLE_ASSIGNMENT|[10]|this.newRecords|[{"Status":"Activated","LastModifiedDate":"2026-04-10T18:40:45.000Z","Country__c":"a03g80000084ySPAAY","ActivatedById":"005g80000010N45AAE","IsDeleted":false,"AccountId":"001g8000009VmcfAAC","OrderNumber":"00100116","TotalAmount":380385.50,"StatusCode":"Activated","IsReductionOrder":false,"SystemModstamp":"2026-04-10T18:40:45.000Z","City__c":"a05g8000002BeozAAC","OwnerId":"005g80000010N45AAE","CreatedById":"005g80000010N45AAE","DistributionCenter__c":"a06g8000001ga3JAAQ","CreatedDate":"2026-04-10T18:40:45.000Z","Pricebook2Id":"01sg8000000h7xWAAQ","Id":"801g8000009VmchAAC","ActivatedDate":"2026-04-10T18:40:45.000Z","LastModifiedById":"005g80000010N45AAE","State__c":"a04g8000000b50jAAA","EffectiveDate":"2026-04-10T00:00:00.000Z"}]|0x6ddd5518
15:40:45.45 (1253075403)|STATEMENT_EXECUTE|[11]
15:40:45.45 (1253605286)|VARIABLE_ASSIGNMENT|[11]|this.oldRecords|[{"Status":"Draft","LastModifiedDate":"2026-04-10T18:40:45.000Z","Country__c":"a03g80000084ySPAAY","IsDeleted":false,"AccountId":"001g8000009VmcfAAC","OrderNumber":"00100116","TotalAmount":380385.50,"StatusCode":"Draft","IsReductionOrder":false,"SystemModstamp":"2026-04-10T18:40:45.000Z","City__c":"a05g8000002BeozAAC","OwnerId":"005g80000010N45AAE","CreatedById":"005g80000010N45AAE","DistributionCenter__c":"a06g8000001ga3JAAQ","CreatedDate":"2026-04-10T18:40:45.000Z","Pricebook2Id":"01sg8000000h7xWAAQ","Id":"801g8000009VmchAAC","LastModifiedById":"005g80000010N45AAE","State__c":"a04g8000000b50jAAA","EffectiveDate":"2026-04-10T00:00:00.000Z"}]|0x6ddd5518
15:40:45.45 (1253615241)|STATEMENT_EXECUTE|[12]
15:40:45.45 (1254013298)|VARIABLE_ASSIGNMENT|[12]|this.newRecordsMap|{"801g8000009VmchAAC":{"Status":"Activated","LastModifiedDate":"2026-04-10T18:40:45.000Z","Country__c":"a03g80000084ySPAAY","ActivatedById":"005g80000010N45AAE","IsDeleted":false,"AccountId":"001g8000009VmcfAAC","OrderNumber":"00100116","TotalAmount":380385.50,"StatusCode":"Activated","IsReductionOrder":false,"SystemModstamp":"2026-04-10T18:40:45.000Z","City__c":"a05g8000002BeozAAC","OwnerId":"005g80000010N45AAE","CreatedById":"005g80000010N45AAE","DistributionCenter__c":"a06g8000001ga3JAAQ","CreatedDate":"2026-04-10T18:40:45.000Z","Pricebook2Id":"01sg8000000h7xWAAQ","Id":"801g8000009VmchAAC","ActivatedDate":"2026-04-10T18:40:45.000Z","LastModifiedById":"005g80000010N45AAE","State__c":"a04g8000000b50jAAA","EffectiveDate":"2026-04-10T00:00:00.000Z"}}|0x6ddd5518
15:40:45.45 (1254022612)|STATEMENT_EXECUTE|[13]
15:40:45.45 (1254440713)|VARIABLE_ASSIGNMENT|[13]|this.oldRecordsMap|{"801g8000009VmchAAC":{"Status":"Draft","LastModifiedDate":"2026-04-10T18:40:45.000Z","Country__c":"a03g80000084ySPAAY","IsDeleted":false,"AccountId":"001g8000009VmcfAAC","OrderNumber":"00100116","TotalAmount":380385.50,"StatusCode":"Draft","IsReductionOrder":false,"SystemModstamp":"2026-04-10T18:40:45.000Z","City__c":"a05g8000002BeozAAC","OwnerId":"005g80000010N45AAE","CreatedById":"005g80000010N45AAE","DistributionCenter__c":"a06g8000001ga3JAAQ","CreatedDate":"2026-04-10T18:40:45.000Z","Pricebook2Id":"01sg8000000h7xWAAQ","Id":"801g8000009VmchAAC","LastModifiedById":"005g80000010N45AAE","State__c":"a04g8000000b50jAAA","EffectiveDate":"2026-04-10T00:00:00.000Z"}}|0x6ddd5518
15:40:45.45 (1254460810)|CONSTRUCTOR_EXIT|[2]|01pg8000001LXzh|<init>()|OrderHandler
15:40:45.45 (1254471951)|METHOD_ENTRY|[2]|01pg80000019iSf|TriggerHandler.run()
15:40:45.45 (1254477132)|VARIABLE_SCOPE_BEGIN|[120]|this|TriggerHandler|true|false
15:40:45.45 (1254518095)|VARIABLE_ASSIGNMENT|[120]|this|{"newRecords":"0xb9b91f8","newRecordsMap":"0x17462f7d","oldRecords":"0x153ccc98","oldRecordsMap":"0x124e2eb2","handlerName":"OrderHandler","isTriggerExecuting":true,"triggerEvent":"0x7a58268a"}|0x6ddd5518
15:40:45.45 (1254532807)|STATEMENT_EXECUTE|[120]
15:40:45.45 (1254537498)|METHOD_ENTRY|[121]|01pg80000019iSf|TriggerHandler.validateRun()
15:40:45.45 (1254542117)|VARIABLE_SCOPE_BEGIN|[661]|this|TriggerHandler|true|false
15:40:45.45 (1254580091)|VARIABLE_ASSIGNMENT|[661]|this|{"newRecords":"0xb9b91f8","newRecordsMap":"0x17462f7d","oldRecords":"0x153ccc98","oldRecordsMap":"0x124e2eb2","handlerName":"OrderHandler","isTriggerExecuting":true,"triggerEvent":"0x7a58268a"}|0x6ddd5518
15:40:45.45 (1254588172)|STATEMENT_EXECUTE|[661]
15:40:45.45 (1254595322)|STATEMENT_EXECUTE|[662]
15:40:45.45 (1254597073)|STATEMENT_EXECUTE|[665]
15:40:45.45 (1254603718)|METHOD_ENTRY|[665]|01pg80000019iSf|TriggerHandler.getHandlerName()
15:40:45.45 (1254608372)|VARIABLE_SCOPE_BEGIN|[680]|this|TriggerHandler|true|false
15:40:45.45 (1254628062)|VARIABLE_ASSIGNMENT|[680]|this|{"newRecords":"0xb9b91f8","newRecordsMap":"0x17462f7d","oldRecords":"0x153ccc98","oldRecordsMap":"0x124e2eb2","handlerName":"OrderHandler","isTriggerExecuting":true,"triggerEvent":"0x7a58268a"}|0x6ddd5518
15:40:45.45 (1254633709)|STATEMENT_EXECUTE|[680]
15:40:45.45 (1254657849)|STATEMENT_EXECUTE|[681]
15:40:45.45 (1254659074)|STATEMENT_EXECUTE|[684]
15:40:45.45 (1254662736)|METHOD_EXIT|[665]|01pg80000019iSf|TriggerHandler.getHandlerName()
15:40:45.45 (1254681135)|METHOD_EXIT|[121]|01pg80000019iSf|TriggerHandler.validateRun()
15:40:45.45 (1254684238)|STATEMENT_EXECUTE|[121]
15:40:45.45 (1254687467)|METHOD_ENTRY|[126]|01pg80000019iSf|TriggerHandler.incrementCheckLoopCount()
15:40:45.45 (1254690345)|VARIABLE_SCOPE_BEGIN|[634]|this|TriggerHandler|true|false
15:40:45.45 (1254700460)|VARIABLE_ASSIGNMENT|[634]|this|{"newRecords":"0xb9b91f8","newRecordsMap":"0x17462f7d","oldRecords":"0x153ccc98","oldRecordsMap":"0x124e2eb2","handlerName":"OrderHandler","isTriggerExecuting":true,"triggerEvent":"0x7a58268a"}|0x6ddd5518
15:40:45.45 (1254705381)|STATEMENT_EXECUTE|[634]
15:40:45.45 (1254706266)|STATEMENT_EXECUTE|[635]
15:40:45.45 (1254708421)|METHOD_ENTRY|[635]|01pg80000019iSf|TriggerHandler.getHandlerName()
15:40:45.45 (1254710497)|VARIABLE_SCOPE_BEGIN|[680]|this|TriggerHandler|true|false
15:40:45.45 (1254719197)|VARIABLE_ASSIGNMENT|[680]|this|{"newRecords":"0xb9b91f8","newRecordsMap":"0x17462f7d","oldRecords":"0x153ccc98","oldRecordsMap":"0x124e2eb2","handlerName":"OrderHandler","isTriggerExecuting":true,"triggerEvent":"0x7a58268a"}|0x6ddd5518
15:40:45.45 (1254722956)|STATEMENT_EXECUTE|[680]
15:40:45.45 (1254728902)|STATEMENT_EXECUTE|[681]
15:40:45.45 (1254729832)|STATEMENT_EXECUTE|[684]
15:40:45.45 (1254731325)|METHOD_EXIT|[635]|01pg80000019iSf|TriggerHandler.getHandlerName()
15:40:45.45 (1254734547)|VARIABLE_SCOPE_BEGIN|[635]|handlerName|String|false|false
15:40:45.45 (1254740415)|VARIABLE_ASSIGNMENT|[635]|handlerName|"OrderHandler"
15:40:45.45 (1254750794)|STATEMENT_EXECUTE|[636]
15:40:45.45 (1254752001)|STATEMENT_EXECUTE|[649]
15:40:45.45 (1254753657)|METHOD_EXIT|[126]|01pg80000019iSf|TriggerHandler.incrementCheckLoopCount()
15:40:45.45 (1254756329)|STATEMENT_EXECUTE|[126]
15:40:45.45 (1254758304)|STATEMENT_EXECUTE|[130]
15:40:45.45 (1254759259)|STATEMENT_EXECUTE|[135]
15:40:45.45 (1254826106)|STATEMENT_EXECUTE|[148]
15:40:45.45 (1254827103)|STATEMENT_EXECUTE|[149]
15:40:45.45 (1254829971)|METHOD_ENTRY|[149]|01pg8000001LXzh|OrderHandler.afterUpdate()
15:40:45.45 (1254833110)|VARIABLE_SCOPE_BEGIN|[20]|this|OrderHandler|true|false
15:40:45.45 (1254843031)|VARIABLE_ASSIGNMENT|[20]|this|{"newRecords":"0xb9b91f8","newRecordsMap":"0x17462f7d","oldRecords":"0x153ccc98","oldRecordsMap":"0x124e2eb2","handlerName":"OrderHandler","isTriggerExecuting":true,"triggerEvent":"0x7a58268a"}|0x6ddd5518
15:40:45.45 (1254866319)|STATEMENT_EXECUTE|[20]
15:40:45.45 (1254867467)|STATEMENT_EXECUTE|[21]
15:40:45.45 (1254870842)|METHOD_ENTRY|[21]|01pg8000001LXzh|OrderHandler.checkActiveOrder()
15:40:45.45 (1254874037)|VARIABLE_SCOPE_BEGIN|[30]|this|OrderHandler|true|false
15:40:45.45 (1254883358)|VARIABLE_ASSIGNMENT|[30]|this|{"newRecords":"0xb9b91f8","newRecordsMap":"0x17462f7d","oldRecords":"0x153ccc98","oldRecordsMap":"0x124e2eb2","handlerName":"OrderHandler","isTriggerExecuting":true,"triggerEvent":"0x7a58268a"}|0x6ddd5518
15:40:45.45 (1254888674)|STATEMENT_EXECUTE|[30]
15:40:45.45 (1254889681)|STATEMENT_EXECUTE|[31]
15:40:45.45 (1254893170)|VARIABLE_SCOPE_BEGIN|[31]|listaParaValidar|List<Order>|true|false
15:40:45.45 (1254898371)|VARIABLE_ASSIGNMENT|[31]|listaParaValidar|null|
15:40:45.45 (1254905885)|STATEMENT_EXECUTE|[35]
15:40:45.45 (1254907026)|STATEMENT_EXECUTE|[36]
15:40:45.45 (1255486551)|VARIABLE_ASSIGNMENT|[36]|listaParaValidar|[{"Status":"Activated","LastModifiedDate":"2026-04-10T18:40:45.000Z","Country__c":"a03g80000084ySPAAY","ActivatedById":"005g80000010N45AAE","IsDeleted":false,"AccountId":"001g8000009VmcfAAC","OrderNumber":"00100116","TotalAmount":380385.50,"StatusCode":"Activated","IsReductionOrder":false,"SystemModstamp":"2026-04-10T18:40:45.000Z","City__c":"a05g8000002BeozAAC","OwnerId":"005g80000010N45AAE","CreatedById":"005g80000010N45AAE","DistributionCenter__c":"a06g8000001ga3JAAQ","CreatedDate":"2026-04-10T18:40:45.000Z","Pricebook2Id":"01sg8000000h7xWAAQ","Id":"801g8000009VmchAAC","ActivatedDate":"2026-04-10T18:40:45.000Z","LastModifiedById":"005g80000010N45AAE","State__c":"a04g8000000b50jAAA","EffectiveDate":"2026-04-10T00:00:00.000Z"}]|0xb9b91f8
15:40:45.45 (1255545518)|HEAP_ALLOCATE|[40]|Bytes:5
15:40:45.45 (1255577086)|VARIABLE_SCOPE_BEGIN|[40]|pedido|Order|true|false
15:40:45.45 (1256039852)|VARIABLE_ASSIGNMENT|[40]|pedido|{"Status":"Activated","LastModifiedDate":"2026-04-10T18:40:45.000Z","Country__c":"a03g80000084ySPAAY","ActivatedById":"005g80000010N45AAE","IsDeleted":false,"AccountId":"001g8000009VmcfAAC","OrderNumber":"00100116","TotalAmount":380385.50,"StatusCode":"Activated","IsReductionOrder":false,"SystemModstamp":"2026-04-10T18:40:45.000Z","City__c":"a05g8000002BeozAAC","OwnerId":"005g80000010N45AAE","CreatedById":"005g80000010N45AAE","DistributionCenter__c":"a06g8000001ga3JAAQ","CreatedDate":"2026-04-10T18:40:45.000Z","Pricebook2Id":"01sg8000000h7xWAAQ","Id":"801g8000009VmchAAC","ActivatedDate":"2026-04-10T18:40:45.000Z","LastModifiedById":"005g80000010N45AAE","State__c":"a04g8000000b50jAAA","EffectiveDate":"2026-04-10T00:00:00.000Z"}|0x450d6952
15:40:45.45 (1256052419)|STATEMENT_EXECUTE|[40]
15:40:45.45 (1256053717)|STATEMENT_EXECUTE|[42]
15:40:45.45 (1256087324)|VARIABLE_SCOPE_BEGIN|[42]|pedidoAntigo|Order|true|false
15:40:45.45 (1256485338)|VARIABLE_ASSIGNMENT|[42]|pedidoAntigo|{"Status":"Draft","LastModifiedDate":"2026-04-10T18:40:45.000Z","Country__c":"a03g80000084ySPAAY","IsDeleted":false,"AccountId":"001g8000009VmcfAAC","OrderNumber":"00100116","TotalAmount":380385.50,"StatusCode":"Draft","IsReductionOrder":false,"SystemModstamp":"2026-04-10T18:40:45.000Z","City__c":"a05g8000002BeozAAC","OwnerId":"005g80000010N45AAE","CreatedById":"005g80000010N45AAE","DistributionCenter__c":"a06g8000001ga3JAAQ","CreatedDate":"2026-04-10T18:40:45.000Z","Pricebook2Id":"01sg8000000h7xWAAQ","Id":"801g8000009VmchAAC","LastModifiedById":"005g80000010N45AAE","State__c":"a04g8000000b50jAAA","EffectiveDate":"2026-04-10T00:00:00.000Z"}|0x63969b49
15:40:45.45 (1256496140)|STATEMENT_EXECUTE|[45]
15:40:45.45 (1256504837)|VARIABLE_SCOPE_BEGIN|[45]|validacaoStatus|String|false|false
15:40:45.45 (1256511447)|VARIABLE_ASSIGNMENT|[45]|validacaoStatus|"Draft"
15:40:45.45 (1256528833)|STATEMENT_EXECUTE|[47]
15:40:45.45 (1256541769)|HEAP_ALLOCATE|[40]|Bytes:5
15:40:45.45 (1256551615)|VARIABLE_ASSIGNMENT|[40]|pedido|null|
15:40:45.45 (1256564740)|METHOD_EXIT|[21]|01pg8000001LXzh|OrderHandler.checkActiveOrder()
15:40:45.45 (1256568620)|STATEMENT_EXECUTE|[22]
15:40:45.45 (1256573310)|METHOD_ENTRY|[22]|01pg8000001LXzh|OrderHandler.itemsRecalculation()
15:40:45.45 (1256577399)|VARIABLE_SCOPE_BEGIN|[54]|this|OrderHandler|true|false
15:40:45.45 (1256636491)|VARIABLE_ASSIGNMENT|[54]|this|{"newRecords":"0xb9b91f8","newRecordsMap":"0x17462f7d","oldRecords":"0x153ccc98","oldRecordsMap":"0x124e2eb2","handlerName":"OrderHandler","isTriggerExecuting":true,"triggerEvent":"0x7a58268a"}|0x6ddd5518
15:40:45.45 (1256652684)|STATEMENT_EXECUTE|[54]
15:40:45.45 (1256653782)|STATEMENT_EXECUTE|[55]
15:40:45.45 (1256668133)|HEAP_ALLOCATE|[55]|Bytes:4
15:40:45.45 (1256679075)|VARIABLE_SCOPE_BEGIN|[55]|ordersToRecalculate|Set<Id>|true|false
15:40:45.45 (1256713134)|VARIABLE_ASSIGNMENT|[55]|ordersToRecalculate|[]|0x103dd3af
15:40:45.45 (1256727964)|HEAP_ALLOCATE|[57]|Bytes:5
15:40:45.45 (1256739894)|VARIABLE_SCOPE_BEGIN|[57]|pedido|Order|true|false
15:40:45.45 (1257282998)|VARIABLE_ASSIGNMENT|[57]|pedido|{"Status":"Activated","LastModifiedDate":"2026-04-10T18:40:45.000Z","Country__c":"a03g80000084ySPAAY","ActivatedById":"005g80000010N45AAE","IsDeleted":false,"AccountId":"001g8000009VmcfAAC","OrderNumber":"00100116","TotalAmount":380385.50,"StatusCode":"Activated","IsReductionOrder":false,"SystemModstamp":"2026-04-10T18:40:45.000Z","City__c":"a05g8000002BeozAAC","OwnerId":"005g80000010N45AAE","CreatedById":"005g80000010N45AAE","DistributionCenter__c":"a06g8000001ga3JAAQ","CreatedDate":"2026-04-10T18:40:45.000Z","Pricebook2Id":"01sg8000000h7xWAAQ","Id":"801g8000009VmchAAC","ActivatedDate":"2026-04-10T18:40:45.000Z","LastModifiedById":"005g80000010N45AAE","State__c":"a04g8000000b50jAAA","EffectiveDate":"2026-04-10T00:00:00.000Z"}|0x450d6952
15:40:45.45 (1257296504)|STATEMENT_EXECUTE|[57]
15:40:45.45 (1257297948)|STATEMENT_EXECUTE|[58]
15:40:45.45 (1257323747)|VARIABLE_SCOPE_BEGIN|[58]|pedidoAntigo|Order|true|false
15:40:45.45 (1257808613)|VARIABLE_ASSIGNMENT|[58]|pedidoAntigo|{"Status":"Draft","LastModifiedDate":"2026-04-10T18:40:45.000Z","Country__c":"a03g80000084ySPAAY","IsDeleted":false,"AccountId":"001g8000009VmcfAAC","OrderNumber":"00100116","TotalAmount":380385.50,"StatusCode":"Draft","IsReductionOrder":false,"SystemModstamp":"2026-04-10T18:40:45.000Z","City__c":"a05g8000002BeozAAC","OwnerId":"005g80000010N45AAE","CreatedById":"005g80000010N45AAE","DistributionCenter__c":"a06g8000001ga3JAAQ","CreatedDate":"2026-04-10T18:40:45.000Z","Pricebook2Id":"01sg8000000h7xWAAQ","Id":"801g8000009VmchAAC","LastModifiedById":"005g80000010N45AAE","State__c":"a04g8000000b50jAAA","EffectiveDate":"2026-04-10T00:00:00.000Z"}|0x63969b49
15:40:45.45 (1257878722)|STATEMENT_EXECUTE|[60]
15:40:45.45 (1257893652)|HEAP_ALLOCATE|[57]|Bytes:5
15:40:45.45 (1257906703)|VARIABLE_ASSIGNMENT|[57]|pedido|null|
15:40:45.45 (1257918180)|STATEMENT_EXECUTE|[67]
15:40:45.45 (1257923742)|METHOD_EXIT|[22]|01pg8000001LXzh|OrderHandler.itemsRecalculation()
15:40:45.45 (1257930357)|METHOD_EXIT|[149]|01pg8000001LXzh|OrderHandler.afterUpdate()
15:40:45.45 (1257933275)|STATEMENT_EXECUTE|[158]
15:40:45.45 (1257939385)|METHOD_ENTRY|[158]|01pg80000019iSf|TriggerHandler.andFinally()
15:40:45.45 (1257944094)|VARIABLE_SCOPE_BEGIN|[746]|this|TriggerHandler|true|false
15:40:45.45 (1257977095)|VARIABLE_ASSIGNMENT|[746]|this|{"newRecords":"0xb9b91f8","newRecordsMap":"0x17462f7d","oldRecords":"0x153ccc98","oldRecordsMap":"0x124e2eb2","handlerName":"OrderHandler","isTriggerExecuting":true,"triggerEvent":"0x7a58268a"}|0x6ddd5518
15:40:45.45 (1257986715)|STATEMENT_EXECUTE|[746]
15:40:45.45 (1257988370)|METHOD_EXIT|[158]|01pg80000019iSf|TriggerHandler.andFinally()
15:40:45.45 (1257991966)|STATEMENT_EXECUTE|[160]
15:40:45.45 (1257993559)|STATEMENT_EXECUTE|[176]
15:40:45.45 (1257996072)|METHOD_EXIT|[2]|01pg80000019iSf|TriggerHandler.run()
15:40:45.258 (1258004039)|CUMULATIVE_LIMIT_USAGE
15:40:45.258 (1258004039)|LIMIT_USAGE_FOR_NS|(default)|
  Number of SOQL queries: 11 out of 100
  Number of query rows: 10 out of 50000
  Number of SOSL queries: 0 out of 20
  Number of DML statements: 15 out of 150
  Number of Publish Immediate DML: 0 out of 150
  Number of DML rows: 15 out of 10000
  Maximum CPU time: 102 out of 10000
  Maximum heap size: 0 out of 6000000
  Number of callouts: 0 out of 100
  Number of Email Invocations: 0 out of 10
  Number of future calls: 0 out of 50
  Number of queueable jobs added to the queue: 0 out of 50
  Number of Mobile Apex push calls: 0 out of 10

15:40:45.258 (1258004039)|CUMULATIVE_LIMIT_USAGE_END

15:40:45.45 (1258198564)|CODE_UNIT_FINISHED|OrderTrigger on Order trigger event AfterUpdate|__sfdc_trigger/OrderTrigger
15:40:45.45 (1260067453)|DML_END|[201]
15:40:45.45 (1260250652)|STATEMENT_EXECUTE|[202]
15:40:45.45 (1260282538)|HEAP_ALLOCATE|[202]|Bytes:28
15:40:45.45 (1260292218)|HEAP_ALLOCATE|[202]|Bytes:28
15:40:45.45 (1260436035)|VARIABLE_ASSIGNMENT|[202]|this.Quantity|10|0x34ed36b
15:40:45.45 (1260440869)|STATEMENT_EXECUTE|[204]
15:40:45.45 (1260466957)|HEAP_ALLOCATE|[204]|Bytes:118
15:40:45.45 (1260482884)|SYSTEM_METHOD_ENTRY|[1]|Test.Test()
15:40:45.45 (1260485005)|STATEMENT_EXECUTE|[1]
15:40:45.45 (1260492972)|SYSTEM_METHOD_EXIT|[1]|Test
15:40:45.45 (1260501521)|METHOD_ENTRY|[204]||System.Test.startTest()
15:40:45.45 (1261909983)|METHOD_EXIT|[204]||System.Test.startTest()
15:40:45.45 (1261923621)|STATEMENT_EXECUTE|[205]
15:40:45.45 (1261925140)|STATEMENT_EXECUTE|[205]
15:40:45.45 (1261926273)|STATEMENT_EXECUTE|[206]
15:40:45.45 (1261974114)|HEAP_ALLOCATE|[206]|Bytes:8
15:40:45.45 (1261994833)|DML_BEGIN|[206]|Op:Update|Type:OrderItem|Rows:1
15:40:45.45 (1262036385)|HEAP_ALLOCATE|[EXTERNAL]|Bytes:8
15:40:45.45 (1276088951)|CODE_UNIT_STARTED|[EXTERNAL]|01qg8000000Fou9|OrdemItemTrigger on OrderItem trigger event BeforeUpdate|__sfdc_trigger/OrdemItemTrigger
15:40:45.45 (1276168405)|HEAP_ALLOCATE|[EXTERNAL]|Bytes:8
15:40:45.45 (1276260242)|HEAP_ALLOCATE|[EXTERNAL]|Bytes:8
15:40:45.45 (1276330589)|HEAP_ALLOCATE|[EXTERNAL]|Bytes:4
15:40:45.45 (1276341534)|VARIABLE_SCOPE_BEGIN|[1]|this|OrdemItemTrigger|true|false
15:40:45.45 (1276380460)|VARIABLE_ASSIGNMENT|[1]|this|{}|0x4172a171
15:40:45.45 (1276411742)|HEAP_ALLOCATE|[EXTERNAL]|Bytes:4
15:40:45.45 (1276416802)|VARIABLE_SCOPE_BEGIN|[1]|this|OrdemItemTrigger|true|false
15:40:45.45 (1276422067)|VARIABLE_ASSIGNMENT|[1]|this|{}|0x4172a171
15:40:45.45 (1276429577)|STATEMENT_EXECUTE|[1]
15:40:45.45 (1276430622)|STATEMENT_EXECUTE|[2]
15:40:45.45 (1276436514)|HEAP_ALLOCATE|[2]|Bytes:32
15:40:45.45 (1276457404)|CONSTRUCTOR_ENTRY|[2]|01pg8000001EZwd|<init>()|OrdemItemHandler
15:40:45.45 (1276463215)|VARIABLE_SCOPE_BEGIN|[9]|this|OrdemItemHandler|true|false
15:40:45.45 (1276486683)|VARIABLE_ASSIGNMENT|[9]|this|{}|0x620e99d9
15:40:45.45 (1276492591)|STATEMENT_EXECUTE|[1]
15:40:45.45 (1276493834)|STATEMENT_EXECUTE|[3]
15:40:45.45 (1276494952)|STATEMENT_EXECUTE|[4]
15:40:45.45 (1276495852)|STATEMENT_EXECUTE|[5]
15:40:45.45 (1276497188)|STATEMENT_EXECUTE|[6]
15:40:45.45 (1276498261)|STATEMENT_EXECUTE|[10]
15:40:45.45 (1276515369)|CONSTRUCTOR_ENTRY|[10]|01pg80000019iSf|<init>(String)|TriggerHandler
15:40:45.45 (1276520240)|VARIABLE_SCOPE_BEGIN|[107]|this|TriggerHandler|true|false
15:40:45.45 (1276527421)|VARIABLE_ASSIGNMENT|[107]|this|{}|0x620e99d9
15:40:45.45 (1276529711)|VARIABLE_SCOPE_BEGIN|[107]|handlerName|String|false|false
15:40:45.45 (1276539756)|VARIABLE_ASSIGNMENT|[107]|handlerName|"OrderItemHandler"
15:40:45.45 (1276543450)|STATEMENT_EXECUTE|[15]
15:40:45.45 (1276544299)|STATEMENT_EXECUTE|[50]
15:40:45.45 (1276545261)|STATEMENT_EXECUTE|[57]
15:40:45.45 (1276546201)|STATEMENT_EXECUTE|[671]
15:40:45.45 (1276565500)|STATEMENT_EXECUTE|[107]
15:40:45.45 (1276566609)|STATEMENT_EXECUTE|[108]
15:40:45.45 (1276571721)|STATEMENT_EXECUTE|[109]
15:40:45.45 (1276579949)|METHOD_ENTRY|[109]|01pg80000019iSf|TriggerHandler.setTriggerContext()
15:40:45.45 (1276596941)|VARIABLE_SCOPE_BEGIN|[565]|this|TriggerHandler|true|false
15:40:45.45 (1276609141)|VARIABLE_ASSIGNMENT|[565]|this|{"handlerName":"OrderItemHandler"}|0x620e99d9
15:40:45.45 (1276623396)|STATEMENT_EXECUTE|[565]
15:40:45.45 (1276624621)|STATEMENT_EXECUTE|[566]
15:40:45.45 (1276690272)|HEAP_ALLOCATE|[566]|Bytes:16
15:40:45.45 (1276700551)|METHOD_ENTRY|[566]|01pg80000019iSf|TriggerHandler.setTriggerContext(System.TriggerOperation, Boolean)
15:40:45.45 (1276703848)|VARIABLE_SCOPE_BEGIN|[582]|this|TriggerHandler|true|false
15:40:45.45 (1276716351)|VARIABLE_ASSIGNMENT|[582]|this|{"handlerName":"OrderItemHandler"}|0x620e99d9
15:40:45.45 (1276720249)|VARIABLE_SCOPE_BEGIN|[582]|opType|System.TriggerOperation|true|false
15:40:45.45 (1276739774)|VARIABLE_ASSIGNMENT|[582]|opType|"BEFORE_UPDATE"|0x1de8b7e9
15:40:45.45 (1276750104)|VARIABLE_SCOPE_BEGIN|[582]|testMode|Boolean|false|false
15:40:45.45 (1276758283)|VARIABLE_ASSIGNMENT|[582]|testMode|false
15:40:45.45 (1276765009)|STATEMENT_EXECUTE|[582]
15:40:45.45 (1276775324)|STATEMENT_EXECUTE|[586]
15:40:45.45 (1276776791)|STATEMENT_EXECUTE|[587]
15:40:45.45 (1276780835)|HEAP_ALLOCATE|[587]|Bytes:5
15:40:45.45 (1276788036)|STATEMENT_EXECUTE|[590]
15:40:45.45 (1276788853)|STATEMENT_EXECUTE|[592]
15:40:45.45 (1276803380)|HEAP_ALLOCATE|[592]|Bytes:16
15:40:45.45 (1276807866)|STATEMENT_EXECUTE|[595]
15:40:45.45 (1276816555)|VARIABLE_SCOPE_BEGIN|[595]|context|String|false|false
15:40:45.45 (1276823865)|VARIABLE_ASSIGNMENT|[595]|context|"BEFORE_UPDATE"
15:40:45.45 (1276825876)|STATEMENT_EXECUTE|[597]
15:40:45.45 (1276855803)|STATEMENT_EXECUTE|[601]
15:40:45.45 (1276856930)|STATEMENT_EXECUTE|[602]
15:40:45.45 (1276861750)|METHOD_EXIT|[566]|01pg80000019iSf|TriggerHandler.setTriggerContext(System.TriggerOperation, Boolean)
15:40:45.45 (1276864696)|METHOD_EXIT|[109]|01pg80000019iSf|TriggerHandler.setTriggerContext()
15:40:45.45 (1276872851)|CONSTRUCTOR_EXIT|[10]|01pg80000019iSf|<init>(String)|TriggerHandler
15:40:45.45 (1276876378)|STATEMENT_EXECUTE|[9]
15:40:45.45 (1276877626)|STATEMENT_EXECUTE|[11]
15:40:45.45 (1278158778)|VARIABLE_ASSIGNMENT|[11]|this.newRecords|[{"LastModifiedDate":"2026-04-10T18:40:45.000Z","DiscountPercentage__c":0.999737108801465881323026245742806,"DiscountValue__c":380285.50,"FinalPrice__c":380385.50,"ListPrice":1000.00,"AvailableQuantity":1.00,"PriceWithoutMargin__c":330770.00,"FreightValue__c":700.00,"CreatedById":"005g80000010N45AAE","MarginPercentage__c":15.00,"Product_Code_Display__c":"TRT 7","IsDeleted":false,"Quantity":10.00,"TaxPercentage__c":10.00,"OrderId":"801g8000009VmchAAC","OrderItemNumber":"0000100113","SystemModstamp":"2026-04-10T18:40:45.000Z","UnitPrice":100.00,"Product2Id":"01tg8000001RPszAAG","ProductionCost__c":300000.00,"PricebookEntryId":"01ug8000000gSxZAAU","TotalPrice":1000.00,"CreatedDate":"2026-04-10T18:40:45.000Z","Id":"802g8000002mPHYAA2","LastModifiedById":"005g80000010N45AAE"}]|0x620e99d9
15:40:45.45 (1278181509)|STATEMENT_EXECUTE|[12]
15:40:45.45 (1278984247)|VARIABLE_ASSIGNMENT|[12]|this.oldRecords|[{"LastModifiedDate":"2026-04-10T18:40:45.000Z","DiscountPercentage__c":0.999737108801465881323026245742806,"DiscountValue__c":380285.50,"FinalPrice__c":380385.50,"ListPrice":1000.00,"AvailableQuantity":1.00,"PriceWithoutMargin__c":330770.00,"FreightValue__c":700.00,"CreatedById":"005g80000010N45AAE","MarginPercentage__c":15.00,"Product_Code_Display__c":"TRT 7","IsDeleted":false,"Quantity":1.00,"TaxPercentage__c":10.00,"OrderId":"801g8000009VmchAAC","OrderItemNumber":"0000100113","SystemModstamp":"2026-04-10T18:40:45.000Z","UnitPrice":380385.50,"Product2Id":"01tg8000001RPszAAG","ProductionCost__c":300000.00,"PricebookEntryId":"01ug8000000gSxZAAU","TotalPrice":380385.50,"CreatedDate":"2026-04-10T18:40:45.000Z","Id":"802g8000002mPHYAA2","LastModifiedById":"005g80000010N45AAE"}]|0x620e99d9
15:40:45.45 (1279002097)|STATEMENT_EXECUTE|[13]
15:40:45.45 (1279514203)|VARIABLE_ASSIGNMENT|[13]|this.newRecordsMap|{"802g8000002mPHYAA2":{"LastModifiedDate":"2026-04-10T18:40:45.000Z","DiscountPercentage__c":0.999737108801465881323026245742806,"DiscountValue__c":380285.50,"FinalPrice__c":380385.50,"ListPrice":1000.00,"AvailableQuantity":1.00,"PriceWithoutMargin__c":330770.00,"FreightValue__c":700.00,"CreatedById":"005g80000010N45AAE","MarginPercentage__c":15.00,"Product_Code_Display__c":"TRT 7","IsDeleted":false,"Quantity":10.00,"TaxPercentage__c":10.00,"OrderId":"801g8000009VmchAAC","OrderItemNumber":"0000100113","SystemModstamp":"2026-04-10T18:40:45.000Z","UnitPrice":100.00,"Product2Id":"01tg8000001RPszAAG","ProductionCost__c":300000.00,"PricebookEntryId":"01ug8000000gSxZAAU","TotalPrice":1000.00,"CreatedDate":"2026-04-10T18:40:45.000Z","Id":"802g8000002mPHYAA2","LastModifiedById":"005g80000010N45AAE"}}|0x620e99d9
15:40:45.45 (1279524908)|STATEMENT_EXECUTE|[14]
15:40:45.45 (1280004020)|VARIABLE_ASSIGNMENT|[14]|this.oldRecordsMap|{"802g8000002mPHYAA2":{"LastModifiedDate":"2026-04-10T18:40:45.000Z","DiscountPercentage__c":0.999737108801465881323026245742806,"DiscountValue__c":380285.50,"FinalPrice__c":380385.50,"ListPrice":1000.00,"AvailableQuantity":1.00,"PriceWithoutMargin__c":330770.00,"FreightValue__c":700.00,"CreatedById":"005g80000010N45AAE","MarginPercentage__c":15.00,"Product_Code_Display__c":"TRT 7","IsDeleted":false,"Quantity":1.00,"TaxPercentage__c":10.00,"OrderId":"801g8000009VmchAAC","OrderItemNumber":"0000100113","SystemModstamp":"2026-04-10T18:40:45.000Z","UnitPrice":380385.50,"Product2Id":"01tg8000001RPszAAG","ProductionCost__c":300000.00,"PricebookEntryId":"01ug8000000gSxZAAU","TotalPrice":380385.50,"CreatedDate":"2026-04-10T18:40:45.000Z","Id":"802g8000002mPHYAA2","LastModifiedById":"005g80000010N45AAE"}}|0x620e99d9
15:40:45.45 (1280035293)|CONSTRUCTOR_EXIT|[2]|01pg8000001EZwd|<init>()|OrdemItemHandler
15:40:45.45 (1280054133)|METHOD_ENTRY|[2]|01pg80000019iSf|TriggerHandler.run()
15:40:45.45 (1280061338)|VARIABLE_SCOPE_BEGIN|[120]|this|TriggerHandler|true|false
15:40:45.45 (1280110077)|VARIABLE_ASSIGNMENT|[120]|this|{"newRecords":"0x4985e85b","newRecordsMap":"0x5f5360e3","oldRecords":"0x11010371","oldRecordsMap":"0x492cfffc","handlerName":"OrderItemHandler","isTriggerExecuting":true,"triggerEvent":"0x1de8b7e9"}|0x620e99d9
15:40:45.45 (1280125301)|STATEMENT_EXECUTE|[120]
15:40:45.45 (1280130042)|METHOD_ENTRY|[121]|01pg80000019iSf|TriggerHandler.validateRun()
15:40:45.45 (1280133266)|VARIABLE_SCOPE_BEGIN|[661]|this|TriggerHandler|true|false
15:40:45.45 (1280145269)|VARIABLE_ASSIGNMENT|[661]|this|{"newRecords":"0x4985e85b","newRecordsMap":"0x5f5360e3","oldRecords":"0x11010371","oldRecordsMap":"0x492cfffc","handlerName":"OrderItemHandler","isTriggerExecuting":true,"triggerEvent":"0x1de8b7e9"}|0x620e99d9
15:40:45.45 (1280149899)|STATEMENT_EXECUTE|[661]
15:40:45.45 (1280156499)|STATEMENT_EXECUTE|[662]
15:40:45.45 (1280157935)|STATEMENT_EXECUTE|[665]
15:40:45.45 (1280163625)|METHOD_ENTRY|[665]|01pg80000019iSf|TriggerHandler.getHandlerName()
15:40:45.45 (1280166556)|VARIABLE_SCOPE_BEGIN|[680]|this|TriggerHandler|true|false
15:40:45.45 (1280175528)|VARIABLE_ASSIGNMENT|[680]|this|{"newRecords":"0x4985e85b","newRecordsMap":"0x5f5360e3","oldRecords":"0x11010371","oldRecordsMap":"0x492cfffc","handlerName":"OrderItemHandler","isTriggerExecuting":true,"triggerEvent":"0x1de8b7e9"}|0x620e99d9
15:40:45.45 (1280179916)|STATEMENT_EXECUTE|[680]
15:40:45.45 (1280207631)|STATEMENT_EXECUTE|[681]
15:40:45.45 (1280208908)|STATEMENT_EXECUTE|[684]
15:40:45.45 (1280212699)|METHOD_EXIT|[665]|01pg80000019iSf|TriggerHandler.getHandlerName()
15:40:45.45 (1280232884)|METHOD_EXIT|[121]|01pg80000019iSf|TriggerHandler.validateRun()
15:40:45.45 (1280236105)|STATEMENT_EXECUTE|[121]
15:40:45.45 (1280239640)|METHOD_ENTRY|[126]|01pg80000019iSf|TriggerHandler.incrementCheckLoopCount()
15:40:45.45 (1280242628)|VARIABLE_SCOPE_BEGIN|[634]|this|TriggerHandler|true|false
15:40:45.45 (1280253156)|VARIABLE_ASSIGNMENT|[634]|this|{"newRecords":"0x4985e85b","newRecordsMap":"0x5f5360e3","oldRecords":"0x11010371","oldRecordsMap":"0x492cfffc","handlerName":"OrderItemHandler","isTriggerExecuting":true,"triggerEvent":"0x1de8b7e9"}|0x620e99d9
15:40:45.45 (1280258636)|STATEMENT_EXECUTE|[634]
15:40:45.45 (1280259489)|STATEMENT_EXECUTE|[635]
15:40:45.45 (1280261683)|METHOD_ENTRY|[635]|01pg80000019iSf|TriggerHandler.getHandlerName()
15:40:45.45 (1280263786)|VARIABLE_SCOPE_BEGIN|[680]|this|TriggerHandler|true|false
15:40:45.45 (1280272207)|VARIABLE_ASSIGNMENT|[680]|this|{"newRecords":"0x4985e85b","newRecordsMap":"0x5f5360e3","oldRecords":"0x11010371","oldRecordsMap":"0x492cfffc","handlerName":"OrderItemHandler","isTriggerExecuting":true,"triggerEvent":"0x1de8b7e9"}|0x620e99d9
15:40:45.45 (1280275880)|STATEMENT_EXECUTE|[680]
15:40:45.45 (1280284938)|STATEMENT_EXECUTE|[681]
15:40:45.45 (1280286218)|STATEMENT_EXECUTE|[684]
15:40:45.45 (1280288364)|METHOD_EXIT|[635]|01pg80000019iSf|TriggerHandler.getHandlerName()
15:40:45.45 (1280291691)|VARIABLE_SCOPE_BEGIN|[635]|handlerName|String|false|false
15:40:45.45 (1280298574)|VARIABLE_ASSIGNMENT|[635]|handlerName|"OrderItemHandler"
15:40:45.45 (1280311099)|STATEMENT_EXECUTE|[636]
15:40:45.45 (1280312052)|STATEMENT_EXECUTE|[649]
15:40:45.45 (1280313826)|METHOD_EXIT|[126]|01pg80000019iSf|TriggerHandler.incrementCheckLoopCount()
15:40:45.45 (1280316442)|STATEMENT_EXECUTE|[126]
15:40:45.45 (1280318399)|STATEMENT_EXECUTE|[130]
15:40:45.45 (1280319596)|STATEMENT_EXECUTE|[135]
15:40:45.45 (1280374822)|STATEMENT_EXECUTE|[139]
15:40:45.45 (1280375742)|STATEMENT_EXECUTE|[140]
15:40:45.45 (1280383447)|METHOD_ENTRY|[140]|01pg8000001EZwd|OrdemItemHandler.beforeUpdate()
15:40:45.45 (1280387860)|VARIABLE_SCOPE_BEGIN|[25]|this|OrdemItemHandler|true|false
15:40:45.45 (1280399394)|VARIABLE_ASSIGNMENT|[25]|this|{"newRecords":"0x4985e85b","newRecordsMap":"0x5f5360e3","oldRecords":"0x11010371","oldRecordsMap":"0x492cfffc","handlerName":"OrderItemHandler","isTriggerExecuting":true,"triggerEvent":"0x1de8b7e9"}|0x620e99d9
15:40:45.45 (1280407872)|STATEMENT_EXECUTE|[25]
15:40:45.45 (1280409202)|STATEMENT_EXECUTE|[26]
15:40:45.45 (1280419128)|METHOD_ENTRY|[26]|01pg8000001EZwd|OrdemItemHandler.checkActiveOrderItem()
15:40:45.45 (1280437931)|VARIABLE_SCOPE_BEGIN|[176]|this|OrdemItemHandler|true|false
15:40:45.45 (1280447542)|VARIABLE_ASSIGNMENT|[176]|this|{"newRecords":"0x4985e85b","newRecordsMap":"0x5f5360e3","oldRecords":"0x11010371","oldRecordsMap":"0x492cfffc","handlerName":"OrderItemHandler","isTriggerExecuting":true,"triggerEvent":"0x1de8b7e9"}|0x620e99d9
15:40:45.45 (1280452331)|STATEMENT_EXECUTE|[176]
15:40:45.45 (1280453283)|STATEMENT_EXECUTE|[177]
15:40:45.45 (1280456279)|VARIABLE_SCOPE_BEGIN|[177]|listaParaValidar|List<OrderItem>|true|false
15:40:45.45 (1280461227)|VARIABLE_ASSIGNMENT|[177]|listaParaValidar|null|
15:40:45.45 (1280463285)|STATEMENT_EXECUTE|[178]
15:40:45.45 (1280476657)|HEAP_ALLOCATE|[178]|Bytes:4
15:40:45.45 (1280488862)|VARIABLE_SCOPE_BEGIN|[178]|idOrders|Set<Id>|true|false
15:40:45.45 (1280514082)|VARIABLE_ASSIGNMENT|[178]|idOrders|[]|0x6b1d38c8
15:40:45.45 (1280517052)|STATEMENT_EXECUTE|[179]
15:40:45.45 (1280525905)|HEAP_ALLOCATE|[179]|Bytes:4
15:40:45.45 (1280530300)|VARIABLE_SCOPE_BEGIN|[179]|idMapOrders|Map<Id,Order>|true|false
15:40:45.45 (1280539088)|VARIABLE_ASSIGNMENT|[179]|idMapOrders|{}|0x729eb451
15:40:45.45 (1280547517)|STATEMENT_EXECUTE|[183]
15:40:45.45 (1280548417)|STATEMENT_EXECUTE|[184]
15:40:45.45 (1280982058)|VARIABLE_ASSIGNMENT|[184]|listaParaValidar|[{"LastModifiedDate":"2026-04-10T18:40:45.000Z","DiscountPercentage__c":0.999737108801465881323026245742806,"DiscountValue__c":380285.50,"FinalPrice__c":380385.50,"ListPrice":1000.00,"AvailableQuantity":1.00,"PriceWithoutMargin__c":330770.00,"FreightValue__c":700.00,"CreatedById":"005g80000010N45AAE","MarginPercentage__c":15.00,"Product_Code_Display__c":"TRT 7","IsDeleted":false,"Quantity":10.00,"TaxPercentage__c":10.00,"OrderId":"801g8000009VmchAAC","OrderItemNumber":"0000100113","SystemModstamp":"2026-04-10T18:40:45.000Z","UnitPrice":100.00,"Product2Id":"01tg8000001RPszAAG","ProductionCost__c":300000.00,"PricebookEntryId":"01ug8000000gSxZAAU","TotalPrice":1000.00,"CreatedDate":"2026-04-10T18:40:45.000Z","Id":"802g8000002mPHYAA2","LastModifiedById":"005g80000010N45AAE"}]|0x4985e85b
15:40:45.45 (1281017448)|HEAP_ALLOCATE|[187]|Bytes:5
15:40:45.45 (1281038130)|HEAP_ALLOCATE|[187]|Bytes:4
15:40:45.45 (1281049405)|VARIABLE_SCOPE_BEGIN|[187]|ot|OrderItem|true|false
15:40:45.45 (1281603450)|VARIABLE_ASSIGNMENT|[187]|ot|{"LastModifiedDate":"2026-04-10T18:40:45.000Z","DiscountPercentage__c":0.999737108801465881323026245742806,"DiscountValue__c":380285.50,"FinalPrice__c":380385.50,"ListPrice":1000.00,"AvailableQuantity":1.00,"PriceWithoutMargin__c":330770.00,"FreightValue__c":700.00,"CreatedById":"005g80000010N45AAE","MarginPercentage__c":15.00,"Product_Code_Display__c":"TRT 7","IsDeleted":false,"Quantity":10.00,"TaxPercentage__c":10.00,"OrderId":"801g8000009VmchAAC","OrderItemNumber":"0000100113","SystemModstamp":"2026-04-10T18:40:45.000Z","UnitPrice":100.00,"Product2Id":"01tg8000001RPszAAG","ProductionCost__c":300000.00,"PricebookEntryId":"01ug8000000gSxZAAU","TotalPrice":1000.00,"CreatedDate":"2026-04-10T18:40:45.000Z","Id":"802g8000002mPHYAA2","LastModifiedById":"005g80000010N45AAE"}|0x5c6376e1
15:40:45.45 (1281625527)|STATEMENT_EXECUTE|[187]
15:40:45.45 (1281627497)|STATEMENT_EXECUTE|[188]
15:40:45.45 (1281661091)|HEAP_ALLOCATE|[EXTERNAL]|Bytes:4
15:40:45.45 (1281688576)|HEAP_ALLOCATE|[187]|Bytes:5
15:40:45.45 (1281704342)|VARIABLE_ASSIGNMENT|[187]|ot|null|
15:40:45.45 (1281709667)|STATEMENT_EXECUTE|[191]
15:40:45.45 (1281719093)|METHOD_ENTRY|[191]|01pg8000001w1Md|OrderSelector.getOrdersByIds(Set<Id>)
15:40:45.45 (1281727237)|VARIABLE_SCOPE_BEGIN|[2]|ids|Set<Id>|true|false
15:40:45.45 (1281741432)|VARIABLE_ASSIGNMENT|[2]|ids|["801g8000009VmchAAC"]|0x6b1d38c8
15:40:45.45 (1281754013)|STATEMENT_EXECUTE|[2]
15:40:45.45 (1281755302)|STATEMENT_EXECUTE|[3]
15:40:45.45 (1281768467)|HEAP_ALLOCATE|[3]|Bytes:4
15:40:45.45 (1281777028)|HEAP_ALLOCATE|[3]|Bytes:4
15:40:45.45 (1282297321)|SOQL_EXECUTE_BEGIN|[3]|Aggregations:0|SELECT Id, DistributionCenter__c, State__c, City__c, Country__c, AccountId, Status FROM Order WHERE Id = :tmpVar1
15:40:45.45 (1285910240)|SOQL_EXECUTE_END|[3]|Rows:1
15:40:45.45 (1285939574)|HEAP_ALLOCATE|[3]|Bytes:8
15:40:45.45 (1285956022)|HEAP_ALLOCATE|[3]|Bytes:213
15:40:45.45 (1285992868)|HEAP_ALLOCATE|[3]|Bytes:8
15:40:45.45 (1286017730)|HEAP_ALLOCATE|[3]|Bytes:32
15:40:45.45 (1286036738)|HEAP_ALLOCATE|[3]|Bytes:4
15:40:45.45 (1286050884)|METHOD_EXIT|[191]|01pg8000001w1Md|OrderSelector.getOrdersByIds(Set<Id>)
15:40:45.45 (1286165662)|VARIABLE_ASSIGNMENT|[191]|idMapOrders|{"801g8000009VmchAAC":{"Status":"Activated","City__c":"a05g8000002BeozAAC","Country__c":"a03g80000084ySPAAY","AccountId":"001g8000009VmcfAAC","DistributionCenter__c":"a06g8000001ga3JAAQ","Id":"801g8000009VmchAAC","State__c":"a04g8000000b50jAAA"}}|0x51bc1f86
15:40:45.45 (1286197536)|HEAP_ALLOCATE|[193]|Bytes:5
15:40:45.45 (1286212511)|HEAP_ALLOCATE|[193]|Bytes:4
15:40:45.45 (1286221136)|VARIABLE_SCOPE_BEGIN|[193]|ot|OrderItem|true|false
15:40:45.45 (1286674797)|VARIABLE_ASSIGNMENT|[193]|ot|{"LastModifiedDate":"2026-04-10T18:40:45.000Z","DiscountPercentage__c":0.999737108801465881323026245742806,"DiscountValue__c":380285.50,"FinalPrice__c":380385.50,"ListPrice":1000.00,"AvailableQuantity":1.00,"PriceWithoutMargin__c":330770.00,"FreightValue__c":700.00,"CreatedById":"005g80000010N45AAE","MarginPercentage__c":15.00,"Product_Code_Display__c":"TRT 7","IsDeleted":false,"Quantity":10.00,"TaxPercentage__c":10.00,"OrderId":"801g8000009VmchAAC","OrderItemNumber":"0000100113","SystemModstamp":"2026-04-10T18:40:45.000Z","UnitPrice":100.00,"Product2Id":"01tg8000001RPszAAG","ProductionCost__c":300000.00,"PricebookEntryId":"01ug8000000gSxZAAU","TotalPrice":1000.00,"CreatedDate":"2026-04-10T18:40:45.000Z","Id":"802g8000002mPHYAA2","LastModifiedById":"005g80000010N45AAE"}|0x5c6376e1
15:40:45.45 (1286687044)|STATEMENT_EXECUTE|[193]
15:40:45.45 (1286688198)|STATEMENT_EXECUTE|[194]
15:40:45.45 (1286712551)|VARIABLE_SCOPE_BEGIN|[194]|pedido|Order|true|false
15:40:45.45 (1286756225)|VARIABLE_ASSIGNMENT|[194]|pedido|{"Status":"Activated","City__c":"a05g8000002BeozAAC","Country__c":"a03g80000084ySPAAY","AccountId":"001g8000009VmcfAAC","DistributionCenter__c":"a06g8000001ga3JAAQ","Id":"801g8000009VmchAAC","State__c":"a04g8000000b50jAAA"}|0x2115d0f1
15:40:45.45 (1286787760)|STATEMENT_EXECUTE|[195]
15:40:45.45 (1286788757)|STATEMENT_EXECUTE|[196]
15:40:45.45 (1286791724)|HEAP_ALLOCATE|[196]|Bytes:86
15:40:45.45 (1286974318)|VF_PAGE_MESSAGE|Não é possivel fazer qualquer alteração dos ITENS após o pedido ser marcado como Ativo
15:40:45.45 (1286992300)|HEAP_ALLOCATE|[193]|Bytes:5
15:40:45.45 (1287000226)|VARIABLE_ASSIGNMENT|[193]|ot|null|
15:40:45.45 (1287008228)|METHOD_EXIT|[26]|01pg8000001EZwd|OrdemItemHandler.checkActiveOrderItem()
15:40:45.45 (1287012908)|STATEMENT_EXECUTE|[27]
15:40:45.45 (1287023213)|METHOD_ENTRY|[27]|01pg8000001EZwd|OrdemItemHandler.executePricingLogic()
15:40:45.45 (1287031757)|VARIABLE_SCOPE_BEGIN|[35]|this|OrdemItemHandler|true|false
15:40:45.45 (1287072567)|VARIABLE_ASSIGNMENT|[35]|this|{"newRecords":"0x4985e85b","newRecordsMap":"0x5f5360e3","oldRecords":"0x11010371","oldRecordsMap":"0x492cfffc","handlerName":"OrderItemHandler","isTriggerExecuting":true,"triggerEvent":"0x1de8b7e9"}|0x620e99d9
15:40:45.45 (1287083942)|STATEMENT_EXECUTE|[35]
15:40:45.45 (1287085042)|STATEMENT_EXECUTE|[37]
15:40:45.45 (1287096436)|HEAP_ALLOCATE|[37]|Bytes:4
15:40:45.45 (1287106809)|VARIABLE_SCOPE_BEGIN|[37]|setOrderIds|Set<Id>|true|false
15:40:45.45 (1287130300)|VARIABLE_ASSIGNMENT|[37]|setOrderIds|[]|0x37a4dd5c
15:40:45.45 (1287133305)|STATEMENT_EXECUTE|[38]
15:40:45.45 (1287135813)|HEAP_ALLOCATE|[38]|Bytes:4
15:40:45.45 (1287140756)|VARIABLE_SCOPE_BEGIN|[38]|setProductIds|Set<Id>|true|false
15:40:45.45 (1287147142)|VARIABLE_ASSIGNMENT|[38]|setProductIds|[]|0x6d5a401
15:40:45.45 (1287150158)|STATEMENT_EXECUTE|[39]
15:40:45.45 (1287152149)|HEAP_ALLOCATE|[39]|Bytes:4
15:40:45.45 (1287156513)|VARIABLE_SCOPE_BEGIN|[39]|setAccountIds|Set<Id>|true|false
15:40:45.45 (1287162597)|VARIABLE_ASSIGNMENT|[39]|setAccountIds|[]|0x9487e72
15:40:45.45 (1287165381)|STATEMENT_EXECUTE|[42]
15:40:45.45 (1287301942)|HEAP_ALLOCATE|[42]|Bytes:4
15:40:45.45 (1287307456)|VARIABLE_SCOPE_BEGIN|[42]|itemsByOrderId|Map<Id,List<OrderItem>>|true|false
15:40:45.45 (1287316430)|VARIABLE_ASSIGNMENT|[42]|itemsByOrderId|{}|0x45030b86
15:40:45.45 (1287333318)|HEAP_ALLOCATE|[45]|Bytes:5
15:40:45.45 (1287344733)|HEAP_ALLOCATE|[45]|Bytes:4
15:40:45.45 (1287349451)|VARIABLE_SCOPE_BEGIN|[45]|item|OrderItem|true|false
15:40:45.45 (1287830472)|VARIABLE_ASSIGNMENT|[45]|item|{"LastModifiedDate":"2026-04-10T18:40:45.000Z","DiscountPercentage__c":0.999737108801465881323026245742806,"DiscountValue__c":380285.50,"FinalPrice__c":380385.50,"ListPrice":1000.00,"AvailableQuantity":1.00,"PriceWithoutMargin__c":330770.00,"FreightValue__c":700.00,"CreatedById":"005g80000010N45AAE","MarginPercentage__c":15.00,"Product_Code_Display__c":"TRT 7","IsDeleted":false,"Quantity":10.00,"TaxPercentage__c":10.00,"OrderId":"801g8000009VmchAAC","OrderItemNumber":"0000100113","SystemModstamp":"2026-04-10T18:40:45.000Z","UnitPrice":100.00,"Product2Id":"01tg8000001RPszAAG","ProductionCost__c":300000.00,"PricebookEntryId":"01ug8000000gSxZAAU","TotalPrice":1000.00,"CreatedDate":"2026-04-10T18:40:45.000Z","Id":"802g8000002mPHYAA2","LastModifiedById":"005g80000010N45AAE"}|0x5c6376e1
15:40:45.45 (1287841855)|STATEMENT_EXECUTE|[45]
15:40:45.45 (1287849133)|STATEMENT_EXECUTE|[46]
15:40:45.45 (1287854665)|STATEMENT_EXECUTE|[47]
15:40:45.45 (1287865340)|HEAP_ALLOCATE|[EXTERNAL]|Bytes:4
15:40:45.45 (1287882369)|STATEMENT_EXECUTE|[49]
15:40:45.45 (1287891839)|HEAP_ALLOCATE|[49]|Bytes:4
15:40:45.45 (1287903999)|HEAP_ALLOCATE|[EXTERNAL]|Bytes:4
15:40:45.45 (1287907887)|HEAP_ALLOCATE|[EXTERNAL]|Bytes:-4
15:40:45.45 (1287911472)|STATEMENT_EXECUTE|[50]
15:40:45.45 (1287937807)|HEAP_ALLOCATE|[EXTERNAL]|Bytes:4
15:40:45.45 (1287944102)|STATEMENT_EXECUTE|[52]
15:40:45.45 (1287948164)|HEAP_ALLOCATE|[EXTERNAL]|Bytes:4
15:40:45.45 (1287956369)|HEAP_ALLOCATE|[45]|Bytes:5
15:40:45.45 (1287963389)|VARIABLE_ASSIGNMENT|[45]|item|null|
15:40:45.45 (1287966439)|STATEMENT_EXECUTE|[56]
15:40:45.45 (1287972368)|METHOD_ENTRY|[56]|01pg8000001w1Md|OrderSelector.getOrdersByIds(Set<Id>)
15:40:45.45 (1287977290)|VARIABLE_SCOPE_BEGIN|[2]|ids|Set<Id>|true|false
15:40:45.45 (1287985248)|VARIABLE_ASSIGNMENT|[2]|ids|["801g8000009VmchAAC"]|0x37a4dd5c
15:40:45.45 (1287993540)|STATEMENT_EXECUTE|[2]
15:40:45.45 (1287994442)|STATEMENT_EXECUTE|[3]
15:40:45.45 (1288000878)|HEAP_ALLOCATE|[3]|Bytes:4
15:40:45.45 (1288008970)|HEAP_ALLOCATE|[3]|Bytes:4
15:40:45.45 (1288452157)|SOQL_EXECUTE_BEGIN|[3]|Aggregations:0|SELECT Id, DistributionCenter__c, State__c, City__c, Country__c, AccountId, Status FROM Order WHERE Id = :tmpVar1
15:40:45.45 (1292153959)|SOQL_EXECUTE_END|[3]|Rows:1
15:40:45.45 (1292179747)|HEAP_ALLOCATE|[3]|Bytes:8
15:40:45.45 (1292195399)|HEAP_ALLOCATE|[3]|Bytes:213
15:40:45.45 (1292231366)|HEAP_ALLOCATE|[3]|Bytes:8
15:40:45.45 (1292253087)|HEAP_ALLOCATE|[3]|Bytes:32
15:40:45.45 (1292270678)|HEAP_ALLOCATE|[3]|Bytes:4
15:40:45.45 (1292283348)|METHOD_EXIT|[56]|01pg8000001w1Md|OrderSelector.getOrdersByIds(Set<Id>)
15:40:45.45 (1292290503)|VARIABLE_SCOPE_BEGIN|[56]|mapOrders|Map<Id,Order>|true|false
15:40:45.45 (1292386255)|VARIABLE_ASSIGNMENT|[56]|mapOrders|{"801g8000009VmchAAC":{"Status":"Activated","City__c":"a05g8000002BeozAAC","Country__c":"a03g80000084ySPAAY","AccountId":"001g8000009VmcfAAC","DistributionCenter__c":"a06g8000001ga3JAAQ","Id":"801g8000009VmchAAC","State__c":"a04g8000000b50jAAA"}}|0x354d75fa
15:40:45.45 (1292403242)|HEAP_ALLOCATE|[EXTERNAL]|Bytes:8
15:40:45.45 (1292409806)|HEAP_ALLOCATE|[58]|Bytes:220
15:40:45.45 (1292434448)|HEAP_ALLOCATE|[58]|Bytes:5
15:40:45.45 (1292443516)|HEAP_ALLOCATE|[58]|Bytes:32
15:40:45.45 (1292449651)|VARIABLE_SCOPE_BEGIN|[58]|o|Order|true|false
15:40:45.45 (1292478836)|VARIABLE_ASSIGNMENT|[58]|o|{"Status":"Activated","City__c":"a05g8000002BeozAAC","Country__c":"a03g80000084ySPAAY","AccountId":"001g8000009VmcfAAC","DistributionCenter__c":"a06g8000001ga3JAAQ","Id":"801g8000009VmchAAC","State__c":"a04g8000000b50jAAA"}|0x748933bd
15:40:45.45 (1292486159)|STATEMENT_EXECUTE|[58]
15:40:45.45 (1292503158)|HEAP_ALLOCATE|[EXTERNAL]|Bytes:4
15:40:45.45 (1292510532)|HEAP_ALLOCATE|[58]|Bytes:5
15:40:45.45 (1292516517)|VARIABLE_ASSIGNMENT|[58]|o|null|
15:40:45.45 (1292519967)|STATEMENT_EXECUTE|[60]
15:40:45.45 (1292525590)|METHOD_ENTRY|[60]|01pg8000001w1MX|AccountSelector.getAccountByIds(Set<Id>)
15:40:45.45 (1292530442)|VARIABLE_SCOPE_BEGIN|[2]|ids|Set<Id>|true|false
15:40:45.45 (1292539347)|VARIABLE_ASSIGNMENT|[2]|ids|["001g8000009VmcfAAC"]|0x9487e72
15:40:45.45 (1292548410)|STATEMENT_EXECUTE|[2]
15:40:45.45 (1292549387)|STATEMENT_EXECUTE|[3]
15:40:45.45 (1292559225)|HEAP_ALLOCATE|[3]|Bytes:4
15:40:45.45 (1292566248)|HEAP_ALLOCATE|[3]|Bytes:4
15:40:45.45 (1292887227)|SOQL_EXECUTE_BEGIN|[3]|Aggregations:0|SELECT Id, AccountGroup__c FROM Account WHERE Id = :tmpVar1
15:40:45.45 (1295946688)|SOQL_EXECUTE_END|[3]|Rows:1
15:40:45.45 (1295970683)|HEAP_ALLOCATE|[3]|Bytes:8
15:40:45.45 (1295987983)|HEAP_ALLOCATE|[3]|Bytes:66
15:40:45.45 (1296022671)|HEAP_ALLOCATE|[3]|Bytes:8
15:40:45.45 (1296043331)|HEAP_ALLOCATE|[3]|Bytes:12
15:40:45.45 (1296060799)|HEAP_ALLOCATE|[3]|Bytes:4
15:40:45.45 (1296072987)|METHOD_EXIT|[60]|01pg8000001w1MX|AccountSelector.getAccountByIds(Set<Id>)
15:40:45.45 (1296079873)|VARIABLE_SCOPE_BEGIN|[60]|mapAccounts|Map<Id,Account>|true|false
15:40:45.45 (1296149667)|VARIABLE_ASSIGNMENT|[60]|mapAccounts|{"001g8000009VmcfAAC":{"AccountGroup__c":"a02g8000002mPHVAA2","Id":"001g8000009VmcfAAC"}}|0x6aacb368
15:40:45.45 (1296155992)|STATEMENT_EXECUTE|[62]
15:40:45.45 (1296163965)|METHOD_ENTRY|[62]|01pg8000001w1Mf|ProductSelector.getProductByIds(Set<Id>)
15:40:45.45 (1296169738)|VARIABLE_SCOPE_BEGIN|[2]|ids|Set<Id>|true|false
15:40:45.45 (1296179586)|VARIABLE_ASSIGNMENT|[2]|ids|["01tg8000001RPszAAG"]|0x6d5a401
15:40:45.45 (1296188924)|STATEMENT_EXECUTE|[2]
15:40:45.45 (1296189864)|STATEMENT_EXECUTE|[3]
15:40:45.45 (1296199325)|HEAP_ALLOCATE|[3]|Bytes:4
15:40:45.45 (1296206654)|HEAP_ALLOCATE|[3]|Bytes:4
15:40:45.45 (1296476640)|SOQL_EXECUTE_BEGIN|[3]|Aggregations:0|SELECT Id, ProductionCost__c, ProductHierarchy__c FROM Product2 WHERE Id = :tmpVar1
15:40:45.45 (1298947042)|SOQL_EXECUTE_END|[3]|Rows:1
15:40:45.45 (1298970439)|HEAP_ALLOCATE|[3]|Bytes:8
15:40:45.45 (1298986839)|HEAP_ALLOCATE|[3]|Bytes:127
15:40:45.45 (1299025418)|HEAP_ALLOCATE|[3]|Bytes:8
15:40:45.45 (1299044774)|HEAP_ALLOCATE|[3]|Bytes:16
15:40:45.45 (1299061598)|HEAP_ALLOCATE|[3]|Bytes:4
15:40:45.45 (1299072913)|METHOD_EXIT|[62]|01pg8000001w1Mf|ProductSelector.getProductByIds(Set<Id>)
15:40:45.45 (1299079276)|VARIABLE_SCOPE_BEGIN|[62]|mapProducts|Map<Id,Product2>|true|false
15:40:45.45 (1299153952)|VARIABLE_ASSIGNMENT|[62]|mapProducts|{"01tg8000001RPszAAG":{"ProductionCost__c":300000.00,"ProductHierarchy__c":"a01g8000009VmcgAAC","Id":"01tg8000001RPszAAG"}}|0x21b25422
15:40:45.45 (1299160623)|STATEMENT_EXECUTE|[65]
15:40:45.45 (1299168165)|METHOD_ENTRY|[65]|01pg8000001w1MZ|MargemSelector.getMargemApproved()
15:40:45.45 (1299178728)|STATEMENT_EXECUTE|[2]
15:40:45.45 (1299179808)|STATEMENT_EXECUTE|[3]
15:40:45.45 (1299189113)|HEAP_ALLOCATE|[3]|Bytes:4
15:40:45.45 (1299502642)|SOQL_EXECUTE_BEGIN|[3]|Aggregations:0|SELECT Product__c, ProductHierarchy__c, Account__c, AccountGroup__c, City__c, State__c, Country__c, MarginValuePercent__c FROM Margem__c WHERE Status__c = 'Approved'
15:40:45.45 (1302207818)|SOQL_EXECUTE_END|[3]|Rows:1
15:40:45.45 (1302229656)|HEAP_ALLOCATE|[3]|Bytes:8
15:40:45.45 (1302249801)|HEAP_ALLOCATE|[3]|Bytes:184
15:40:45.45 (1302282819)|HEAP_ALLOCATE|[3]|Bytes:8
15:40:45.45 (1302297868)|METHOD_EXIT|[65]|01pg8000001w1MZ|MargemSelector.getMargemApproved()
15:40:45.45 (1302305030)|VARIABLE_SCOPE_BEGIN|[65]|listMargins|List<Margem__c>|true|false
15:40:45.45 (1302392941)|VARIABLE_ASSIGNMENT|[65]|listMargins|[{"Account__c":"001g8000009VmcfAAC","Product__c":"01tg8000001RPszAAG","Id":"a00g800000PiOpBAAV","State__c":"a04g8000000b50jAAA","MarginValuePercent__c":15.00}]|0x38560e5d
15:40:45.45 (1302400056)|STATEMENT_EXECUTE|[68]
15:40:45.45 (1302410271)|HEAP_ALLOCATE|[68]|Bytes:4
15:40:45.45 (1302416921)|VARIABLE_SCOPE_BEGIN|[68]|mapMargin|Map<String,Margem__c>|true|false
15:40:45.45 (1302427030)|VARIABLE_ASSIGNMENT|[68]|mapMargin|{}|0x5e996dfc
15:40:45.45 (1302459533)|HEAP_ALLOCATE|[69]|Bytes:5
15:40:45.45 (1302472769)|HEAP_ALLOCATE|[69]|Bytes:24
15:40:45.45 (1302480351)|VARIABLE_SCOPE_BEGIN|[69]|m|Margem__c|true|false
15:40:45.45 (1302505971)|VARIABLE_ASSIGNMENT|[69]|m|{"Account__c":"001g8000009VmcfAAC","Product__c":"01tg8000001RPszAAG","Id":"a00g800000PiOpBAAV","State__c":"a04g8000000b50jAAA","MarginValuePercent__c":15.00}|0x1b70dc72
15:40:45.45 (1302510934)|STATEMENT_EXECUTE|[69]
15:40:45.45 (1302512165)|STATEMENT_EXECUTE|[70]
15:40:45.45 (1302548935)|HEAP_ALLOCATE|[70]|Bytes:18
15:40:45.45 (1302556315)|VARIABLE_SCOPE_BEGIN|[70]|p|String|false|false
15:40:45.45 (1302567579)|VARIABLE_ASSIGNMENT|[70]|p|"01tg8000001RPszAAG"
15:40:45.45 (1302570146)|STATEMENT_EXECUTE|[71]
15:40:45.45 (1302577413)|HEAP_ALLOCATE|[71]|Bytes:18
15:40:45.45 (1302582036)|VARIABLE_SCOPE_BEGIN|[71]|a|String|false|false
15:40:45.45 (1302586497)|VARIABLE_ASSIGNMENT|[71]|a|"001g8000009VmcfAAC"
15:40:45.45 (1302588515)|STATEMENT_EXECUTE|[72]
15:40:45.45 (1302597358)|HEAP_ALLOCATE|[72]|Bytes:18
15:40:45.45 (1302601654)|VARIABLE_SCOPE_BEGIN|[72]|l|String|false|false
15:40:45.45 (1302606000)|VARIABLE_ASSIGNMENT|[72]|l|"a04g8000000b50jAAA"
15:40:45.45 (1302608153)|STATEMENT_EXECUTE|[75]
15:40:45.45 (1302615440)|HEAP_ALLOCATE|[75]|Bytes:56
15:40:45.45 (1302617505)|VARIABLE_SCOPE_BEGIN|[75]|compositeKey|String|false|false
15:40:45.45 (1302624037)|VARIABLE_ASSIGNMENT|[75]|compositeKey|"01tg8000001RPszAAG_0 (36 more) ..."
15:40:45.45 (1302626230)|STATEMENT_EXECUTE|[76]
15:40:45.45 (1302635241)|HEAP_ALLOCATE|[EXTERNAL]|Bytes:-4
15:40:45.45 (1302639422)|STATEMENT_EXECUTE|[77]
15:40:45.45 (1302644741)|HEAP_ALLOCATE|[77]|Bytes:84
15:40:45.45 (1302656650)|USER_DEBUG|[77]|DEBUG|MAPA MARGEM - Chave Gerada: 01tg8000001RPszAAG_001g8000009VmcfAAC_a04g8000000b50jAAA
15:40:45.45 (1302665167)|HEAP_ALLOCATE|[69]|Bytes:5
15:40:45.45 (1302671399)|VARIABLE_ASSIGNMENT|[69]|m|null|
15:40:45.45 (1302675270)|STATEMENT_EXECUTE|[81]
15:40:45.45 (1302680987)|METHOD_ENTRY|[81]|01pg8000001w1Mg|TaxSelector.getTaxApproved()
15:40:45.45 (1302690664)|STATEMENT_EXECUTE|[2]
15:40:45.45 (1302691826)|STATEMENT_EXECUTE|[3]
15:40:45.45 (1302698175)|HEAP_ALLOCATE|[3]|Bytes:4
15:40:45.45 (1302927152)|SOQL_EXECUTE_BEGIN|[3]|Aggregations:0|SELECT Product__c, State__c, DistributionCenter__c, TaxRate__c FROM Tax__c WHERE Status__c = 'Approved'
15:40:45.45 (1305261095)|SOQL_EXECUTE_END|[3]|Rows:1
15:40:45.45 (1305281939)|HEAP_ALLOCATE|[3]|Bytes:8
15:40:45.45 (1305300379)|HEAP_ALLOCATE|[3]|Bytes:184
15:40:45.45 (1305333225)|HEAP_ALLOCATE|[3]|Bytes:8
15:40:45.45 (1305348266)|METHOD_EXIT|[81]|01pg8000001w1Mg|TaxSelector.getTaxApproved()
15:40:45.45 (1305354730)|VARIABLE_SCOPE_BEGIN|[81]|listTaxes|List<Tax__c>|true|false
15:40:45.45 (1305469429)|VARIABLE_ASSIGNMENT|[81]|listTaxes|[{"DistributionCenter__c":"a06g8000001ga3JAAQ","Product__c":"01tg8000001RPszAAG","TaxRate__c":10.00,"Id":"a09g8000002D1efAAC","State__c":"a04g8000000b50jAAA"}]|0x4a4949ad
15:40:45.45 (1305476759)|STATEMENT_EXECUTE|[83]
15:40:45.45 (1305487849)|HEAP_ALLOCATE|[83]|Bytes:4
15:40:45.45 (1305495086)|VARIABLE_SCOPE_BEGIN|[83]|mapTaxByCompositeKey|Map<String,Tax__c>|true|false
15:40:45.45 (1305505746)|VARIABLE_ASSIGNMENT|[83]|mapTaxByCompositeKey|{}|0x341df17
15:40:45.45 (1305535109)|HEAP_ALLOCATE|[84]|Bytes:5
15:40:45.45 (1305548056)|HEAP_ALLOCATE|[84]|Bytes:24
15:40:45.45 (1305555080)|VARIABLE_SCOPE_BEGIN|[84]|t|Tax__c|true|false
15:40:45.45 (1305580189)|VARIABLE_ASSIGNMENT|[84]|t|{"DistributionCenter__c":"a06g8000001ga3JAAQ","Product__c":"01tg8000001RPszAAG","TaxRate__c":10.00,"Id":"a09g8000002D1efAAC","State__c":"a04g8000000b50jAAA"}|0x7d360cd
15:40:45.45 (1305585242)|STATEMENT_EXECUTE|[84]
15:40:45.45 (1305586373)|STATEMENT_EXECUTE|[85]
15:40:45.45 (1305614397)|HEAP_ALLOCATE|[85]|Bytes:18
15:40:45.45 (1305625284)|HEAP_ALLOCATE|[86]|Bytes:18
15:40:45.45 (1305633614)|HEAP_ALLOCATE|[87]|Bytes:18
15:40:45.45 (1305640564)|HEAP_ALLOCATE|[85]|Bytes:54
15:40:45.45 (1305643534)|VARIABLE_SCOPE_BEGIN|[85]|key|String|false|false
15:40:45.45 (1305650404)|VARIABLE_ASSIGNMENT|[85]|key|"01tg8000001RPszAAGa0 (34 more) ..."
15:40:45.45 (1305653143)|STATEMENT_EXECUTE|[88]
15:40:45.45 (1305662276)|HEAP_ALLOCATE|[EXTERNAL]|Bytes:-4
15:40:45.45 (1305670009)|HEAP_ALLOCATE|[84]|Bytes:5
15:40:45.45 (1305675862)|VARIABLE_ASSIGNMENT|[84]|t|null|
15:40:45.45 (1305679077)|STATEMENT_EXECUTE|[92]
15:40:45.45 (1305685279)|METHOD_ENTRY|[92]|01pg8000001w1MY|FreightSelector.getFreightApproved()
15:40:45.45 (1305758163)|STATEMENT_EXECUTE|[2]
15:40:45.45 (1305759199)|STATEMENT_EXECUTE|[3]
15:40:45.45 (1305766866)|HEAP_ALLOCATE|[3]|Bytes:4
15:40:45.45 (1306021901)|SOQL_EXECUTE_BEGIN|[3]|Aggregations:0|SELECT Product__c, City__c, State__c, Country__c, DistributionCenter__c, FreightValue__c, ProductHierarchy__c FROM Freight__c WHERE Status__c = 'Approved'
15:40:45.45 (1308281790)|SOQL_EXECUTE_END|[3]|Rows:1
15:40:45.45 (1308302477)|HEAP_ALLOCATE|[3]|Bytes:8
15:40:45.45 (1308319912)|HEAP_ALLOCATE|[3]|Bytes:189
15:40:45.45 (1308351154)|HEAP_ALLOCATE|[3]|Bytes:8
15:40:45.45 (1308365629)|METHOD_EXIT|[92]|01pg8000001w1MY|FreightSelector.getFreightApproved()
15:40:45.45 (1308371679)|VARIABLE_SCOPE_BEGIN|[92]|listFreights|List<Freight__c>|true|false
15:40:45.45 (1308448170)|VARIABLE_ASSIGNMENT|[92]|listFreights|[{"DistributionCenter__c":"a06g8000001ga3JAAQ","Product__c":"01tg8000001RPszAAG","Id":"a0Ag8000000gFdlEAE","State__c":"a04g8000000b50jAAA","FreightValue__c":700.00}]|0x29216a65
15:40:45.45 (1308455606)|STATEMENT_EXECUTE|[94]
15:40:45.45 (1308464774)|HEAP_ALLOCATE|[94]|Bytes:4
15:40:45.45 (1308470996)|VARIABLE_SCOPE_BEGIN|[94]|mapFreight|Map<String,Freight__c>|true|false
15:40:45.45 (1308480425)|VARIABLE_ASSIGNMENT|[94]|mapFreight|{}|0x14d933f7
15:40:45.45 (1308506003)|HEAP_ALLOCATE|[95]|Bytes:5
15:40:45.45 (1308518016)|HEAP_ALLOCATE|[95]|Bytes:24
15:40:45.45 (1308524878)|VARIABLE_SCOPE_BEGIN|[95]|f|Freight__c|true|false
15:40:45.45 (1308547848)|VARIABLE_ASSIGNMENT|[95]|f|{"DistributionCenter__c":"a06g8000001ga3JAAQ","Product__c":"01tg8000001RPszAAG","Id":"a0Ag8000000gFdlEAE","State__c":"a04g8000000b50jAAA","FreightValue__c":700.00}|0x51fd4f58
15:40:45.45 (1308552502)|STATEMENT_EXECUTE|[95]
15:40:45.45 (1308553546)|STATEMENT_EXECUTE|[96]
15:40:45.45 (1308579778)|HEAP_ALLOCATE|[96]|Bytes:18
15:40:45.45 (1308601598)|VARIABLE_SCOPE_BEGIN|[96]|quem|String|false|false
15:40:45.45 (1308607393)|VARIABLE_ASSIGNMENT|[96]|quem|"01tg8000001RPszAAG"
15:40:45.45 (1308609821)|STATEMENT_EXECUTE|[97]
15:40:45.45 (1308618543)|HEAP_ALLOCATE|[97]|Bytes:18
15:40:45.45 (1308622806)|VARIABLE_SCOPE_BEGIN|[97]|onde|String|false|false
15:40:45.45 (1308627356)|VARIABLE_ASSIGNMENT|[97]|onde|"a04g8000000b50jAAA"
15:40:45.45 (1308629422)|STATEMENT_EXECUTE|[99]
15:40:45.45 (1308634620)|HEAP_ALLOCATE|[99]|Bytes:37
15:40:45.45 (1308636445)|VARIABLE_SCOPE_BEGIN|[99]|key|String|false|false
15:40:45.45 (1308641608)|VARIABLE_ASSIGNMENT|[99]|key|"01tg8000001RPszAAG_a (17 more) ..."
15:40:45.45 (1308643719)|STATEMENT_EXECUTE|[101]
15:40:45.45 (1308651252)|HEAP_ALLOCATE|[EXTERNAL]|Bytes:-4
15:40:45.45 (1308655023)|STATEMENT_EXECUTE|[102]
15:40:45.45 (1308659983)|HEAP_ALLOCATE|[102]|Bytes:64
15:40:45.45 (1308669693)|USER_DEBUG|[102]|DEBUG|MAPA FRETE - Chave Gerada: 01tg8000001RPszAAG_a04g8000000b50jAAA
15:40:45.45 (1308678320)|HEAP_ALLOCATE|[95]|Bytes:5
15:40:45.45 (1308684194)|VARIABLE_ASSIGNMENT|[95]|f|null|
15:40:45.45 (1308698455)|HEAP_ALLOCATE|[106]|Bytes:5
15:40:45.45 (1308710810)|HEAP_ALLOCATE|[106]|Bytes:4
15:40:45.45 (1308714709)|VARIABLE_SCOPE_BEGIN|[106]|item|OrderItem|true|false
15:40:45.45 (1309267869)|VARIABLE_ASSIGNMENT|[106]|item|{"LastModifiedDate":"2026-04-10T18:40:45.000Z","DiscountPercentage__c":0.999737108801465881323026245742806,"DiscountValue__c":380285.50,"FinalPrice__c":380385.50,"ListPrice":1000.00,"AvailableQuantity":1.00,"PriceWithoutMargin__c":330770.00,"FreightValue__c":700.00,"CreatedById":"005g80000010N45AAE","MarginPercentage__c":15.00,"Product_Code_Display__c":"TRT 7","IsDeleted":false,"Quantity":10.00,"TaxPercentage__c":10.00,"OrderId":"801g8000009VmchAAC","OrderItemNumber":"0000100113","SystemModstamp":"2026-04-10T18:40:45.000Z","UnitPrice":100.00,"Product2Id":"01tg8000001RPszAAG","ProductionCost__c":300000.00,"PricebookEntryId":"01ug8000000gSxZAAU","TotalPrice":1000.00,"CreatedDate":"2026-04-10T18:40:45.000Z","Id":"802g8000002mPHYAA2","LastModifiedById":"005g80000010N45AAE"}|0x5c6376e1
15:40:45.45 (1309278655)|STATEMENT_EXECUTE|[106]
15:40:45.45 (1309279841)|STATEMENT_EXECUTE|[107]
15:40:45.45 (1309300585)|VARIABLE_SCOPE_BEGIN|[107]|pedido|Order|true|false
15:40:45.45 (1309366391)|VARIABLE_ASSIGNMENT|[107]|pedido|{"Status":"Activated","City__c":"a05g8000002BeozAAC","Country__c":"a03g80000084ySPAAY","AccountId":"001g8000009VmcfAAC","DistributionCenter__c":"a06g8000001ga3JAAQ","Id":"801g8000009VmchAAC","State__c":"a04g8000000b50jAAA"}|0x748933bd
15:40:45.45 (1309370857)|STATEMENT_EXECUTE|[108]
15:40:45.45 (1309419047)|VARIABLE_SCOPE_BEGIN|[108]|produto|Product2|true|false
15:40:45.45 (1309450106)|VARIABLE_ASSIGNMENT|[108]|produto|{"ProductionCost__c":300000.00,"ProductHierarchy__c":"a01g8000009VmcgAAC","Id":"01tg8000001RPszAAG"}|0x3caae73b
15:40:45.45 (1309453288)|STATEMENT_EXECUTE|[109]
15:40:45.45 (1309467822)|VARIABLE_SCOPE_BEGIN|[109]|cliente|Account|true|false
15:40:45.45 (1309492898)|VARIABLE_ASSIGNMENT|[109]|cliente|{"AccountGroup__c":"a02g8000002mPHVAA2","Id":"001g8000009VmcfAAC"}|0x1e7ac089
15:40:45.45 (1309523530)|HEAP_ALLOCATE|[113]|Bytes:28
15:40:45.45 (1309526011)|HEAP_ALLOCATE|[113]|Bytes:28
15:40:45.45 (1309561205)|HEAP_ALLOCATE|[113]|Bytes:28
15:40:45.45 (1309562809)|HEAP_ALLOCATE|[113]|Bytes:28
15:40:45.45 (1309571672)|STATEMENT_EXECUTE|[113]
15:40:45.45 (1309577012)|STATEMENT_EXECUTE|[119]
15:40:45.45 (1309578463)|STATEMENT_EXECUTE|[121]
15:40:45.45 (1309585004)|HEAP_ALLOCATE|[121]|Bytes:18
15:40:45.45 (1309594057)|HEAP_ALLOCATE|[122]|Bytes:18
15:40:45.45 (1309602544)|HEAP_ALLOCATE|[123]|Bytes:18
15:40:45.45 (1309607409)|HEAP_ALLOCATE|[121]|Bytes:54
15:40:45.45 (1309609940)|VARIABLE_SCOPE_BEGIN|[121]|keyOrderItemImposto|String|false|false
15:40:45.45 (1309615903)|VARIABLE_ASSIGNMENT|[121]|keyOrderItemImposto|"01tg8000001RPszAAGa0 (34 more) ..."
15:40:45.45 (1309618322)|STATEMENT_EXECUTE|[125]
15:40:45.45 (1309628219)|VARIABLE_SCOPE_BEGIN|[125]|impostoEncontrado|Tax__c|true|false
15:40:45.45 (1309661172)|VARIABLE_ASSIGNMENT|[125]|impostoEncontrado|{"DistributionCenter__c":"a06g8000001ga3JAAQ","Product__c":"01tg8000001RPszAAG","TaxRate__c":10.00,"Id":"a09g8000002D1efAAC","State__c":"a04g8000000b50jAAA"}|0x7d360cd
15:40:45.45 (1309665079)|STATEMENT_EXECUTE|[127]
15:40:45.45 (1310124302)|VARIABLE_ASSIGNMENT|[127]|this.TaxPercentage__c|10.00|0x5c6376e1
15:40:45.45 (1310129057)|STATEMENT_EXECUTE|[130]
15:40:45.45 (1310143844)|METHOD_ENTRY|[130]|01pg8000001F8kf|PricingService.findMargin(OrderItem, Order, Map<String,Margem__c>, Id, Account)
15:40:45.45 (1310149870)|VARIABLE_SCOPE_BEGIN|[21]|item|OrderItem|true|false
15:40:45.45 (1310474471)|VARIABLE_ASSIGNMENT|[21]|item|{"LastModifiedDate":"2026-04-10T18:40:45.000Z","DiscountPercentage__c":0.999737108801465881323026245742806,"DiscountValue__c":380285.50,"FinalPrice__c":380385.50,"ListPrice":1000.00,"AvailableQuantity":1.00,"PriceWithoutMargin__c":330770.00,"FreightValue__c":700.00,"CreatedById":"005g80000010N45AAE","MarginPercentage__c":15.00,"Product_Code_Display__c":"TRT 7","IsDeleted":false,"Quantity":10.00,"TaxPercentage__c":10.00,"OrderId":"801g8000009VmchAAC","OrderItemNumber":"0000100113","SystemModstamp":"2026-04-10T18:40:45.000Z","UnitPrice":100.00,"Product2Id":"01tg8000001RPszAAG","ProductionCost__c":300000.00,"PricebookEntryId":"01ug8000000gSxZAAU","TotalPrice":1000.00,"CreatedDate":"2026-04-10T18:40:45.000Z","Id":"802g8000002mPHYAA2","LastModifiedById":"005g80000010N45AAE"}|0x5c6376e1
15:40:45.45 (1310483386)|VARIABLE_SCOPE_BEGIN|[21]|pedido|Order|true|false
15:40:45.45 (1310522523)|VARIABLE_ASSIGNMENT|[21]|pedido|{"Status":"Activated","City__c":"a05g8000002BeozAAC","Country__c":"a03g80000084ySPAAY","AccountId":"001g8000009VmcfAAC","DistributionCenter__c":"a06g8000001ga3JAAQ","Id":"801g8000009VmchAAC","State__c":"a04g8000000b50jAAA"}|0x748933bd
15:40:45.45 (1310526316)|VARIABLE_SCOPE_BEGIN|[21]|mapMargin|Map<String,Margem__c>|true|false
15:40:45.45 (1310564300)|VARIABLE_ASSIGNMENT|[21]|mapMargin|{"01tg8000001RPszAAG_001g8000009VmcfAAC_a04g8000000b50jAAA":{"Account__c":"001g8000009VmcfAAC","Product__c":"01tg8000001RPszAAG","Id":"a00g800000PiOpBAAV","State__c":"a04g8000000b50jAAA","MarginValuePercent__c":15.00}}|0x5e996dfc
15:40:45.45 (1310567902)|VARIABLE_SCOPE_BEGIN|[21]|h|Id|false|false
15:40:45.45 (1310641954)|VARIABLE_ASSIGNMENT|[21]|h|"a01g8000009VmcgAAC"
15:40:45.45 (1310644822)|VARIABLE_SCOPE_BEGIN|[21]|cliente|Account|true|false
15:40:45.45 (1310664310)|VARIABLE_ASSIGNMENT|[21]|cliente|{"AccountGroup__c":"a02g8000002mPHVAA2","Id":"001g8000009VmcfAAC"}|0x1e7ac089
15:40:45.45 (1310676191)|STATEMENT_EXECUTE|[21]
15:40:45.45 (1310677363)|STATEMENT_EXECUTE|[22]
15:40:45.45 (1310683463)|VARIABLE_SCOPE_BEGIN|[22]|p|Id|false|false
15:40:45.45 (1310709565)|VARIABLE_ASSIGNMENT|[22]|p|"01tg8000001RPszAAG"
15:40:45.45 (1310712165)|STATEMENT_EXECUTE|[23]
15:40:45.45 (1310715487)|VARIABLE_SCOPE_BEGIN|[23]|a|Id|false|false
15:40:45.45 (1310734629)|VARIABLE_ASSIGNMENT|[23]|a|"001g8000009VmcfAAC"
15:40:45.45 (1310737203)|STATEMENT_EXECUTE|[24]
15:40:45.45 (1310741561)|VARIABLE_SCOPE_BEGIN|[24]|g|Id|false|false
15:40:45.45 (1310760103)|VARIABLE_ASSIGNMENT|[24]|g|"a02g8000002mPHVAA2"
15:40:45.45 (1310762553)|STATEMENT_EXECUTE|[25]
15:40:45.45 (1310765563)|VARIABLE_SCOPE_BEGIN|[25]|c|Id|false|false
15:40:45.45 (1310782983)|VARIABLE_ASSIGNMENT|[25]|c|"a05g8000002BeozAAC"
15:40:45.45 (1310785405)|STATEMENT_EXECUTE|[26]
15:40:45.45 (1310787877)|VARIABLE_SCOPE_BEGIN|[26]|e|Id|false|false
15:40:45.45 (1310805532)|VARIABLE_ASSIGNMENT|[26]|e|"a04g8000000b50jAAA"
15:40:45.45 (1310807886)|STATEMENT_EXECUTE|[27]
15:40:45.45 (1310811115)|VARIABLE_SCOPE_BEGIN|[27]|pa|Id|false|false
15:40:45.45 (1310828563)|VARIABLE_ASSIGNMENT|[27]|pa|"a03g80000084ySPAAY"
15:40:45.45 (1310840660)|HEAP_ALLOCATE|[30]|Bytes:18
15:40:45.45 (1310849725)|HEAP_ALLOCATE|[30]|Bytes:18
15:40:45.45 (1310855613)|HEAP_ALLOCATE|[30]|Bytes:18
15:40:45.45 (1310862335)|HEAP_ALLOCATE|[30]|Bytes:56
15:40:45.45 (1310874157)|STATEMENT_EXECUTE|[30]
15:40:45.45 (1310878172)|HEAP_ALLOCATE|[31]|Bytes:18
15:40:45.45 (1310884128)|HEAP_ALLOCATE|[31]|Bytes:18
15:40:45.45 (1310889684)|HEAP_ALLOCATE|[31]|Bytes:18
15:40:45.45 (1310893774)|HEAP_ALLOCATE|[31]|Bytes:56
15:40:45.45 (1310898231)|STATEMENT_EXECUTE|[31]
15:40:45.45 (1310901573)|HEAP_ALLOCATE|[31]|Bytes:18
15:40:45.45 (1310907417)|HEAP_ALLOCATE|[31]|Bytes:18
15:40:45.45 (1310913418)|HEAP_ALLOCATE|[31]|Bytes:18
15:40:45.45 (1310917554)|HEAP_ALLOCATE|[31]|Bytes:56
15:40:45.45 (1310929496)|METHOD_EXIT|[130]|01pg8000001F8kf|PricingService.findMargin(OrderItem, Order, Map<String,Margem__c>, Id, Account)
15:40:45.45 (1310933382)|VARIABLE_SCOPE_BEGIN|[130]|margem|Margem__c|true|false
15:40:45.45 (1310959932)|VARIABLE_ASSIGNMENT|[130]|margem|{"Account__c":"001g8000009VmcfAAC","Product__c":"01tg8000001RPszAAG","Id":"a00g800000PiOpBAAV","State__c":"a04g8000000b50jAAA","MarginValuePercent__c":15.00}|0x1b70dc72
15:40:45.45 (1310964094)|STATEMENT_EXECUTE|[131]
15:40:45.45 (1311339288)|VARIABLE_ASSIGNMENT|[131]|this.MarginPercentage__c|15.00|0x5c6376e1
15:40:45.45 (1311343706)|STATEMENT_EXECUTE|[134]
15:40:45.45 (1311353209)|METHOD_ENTRY|[134]|01pg8000001F8kf|PricingService.findFreightValue(OrderItem, Order, Map<String,Freight__c>, Id)
15:40:45.45 (1311357693)|VARIABLE_SCOPE_BEGIN|[4]|item|OrderItem|true|false
15:40:45.45 (1311676534)|VARIABLE_ASSIGNMENT|[4]|item|{"LastModifiedDate":"2026-04-10T18:40:45.000Z","DiscountPercentage__c":0.999737108801465881323026245742806,"DiscountValue__c":380285.50,"FinalPrice__c":380385.50,"ListPrice":1000.00,"AvailableQuantity":1.00,"PriceWithoutMargin__c":330770.00,"FreightValue__c":700.00,"CreatedById":"005g80000010N45AAE","MarginPercentage__c":15.00,"Product_Code_Display__c":"TRT 7","IsDeleted":false,"Quantity":10.00,"TaxPercentage__c":10.00,"OrderId":"801g8000009VmchAAC","OrderItemNumber":"0000100113","SystemModstamp":"2026-04-10T18:40:45.000Z","UnitPrice":100.00,"Product2Id":"01tg8000001RPszAAG","ProductionCost__c":300000.00,"PricebookEntryId":"01ug8000000gSxZAAU","TotalPrice":1000.00,"CreatedDate":"2026-04-10T18:40:45.000Z","Id":"802g8000002mPHYAA2","LastModifiedById":"005g80000010N45AAE"}|0x5c6376e1
15:40:45.45 (1311684437)|VARIABLE_SCOPE_BEGIN|[4]|pedido|Order|true|false
15:40:45.45 (1311721067)|VARIABLE_ASSIGNMENT|[4]|pedido|{"Status":"Activated","City__c":"a05g8000002BeozAAC","Country__c":"a03g80000084ySPAAY","AccountId":"001g8000009VmcfAAC","DistributionCenter__c":"a06g8000001ga3JAAQ","Id":"801g8000009VmchAAC","State__c":"a04g8000000b50jAAA"}|0x748933bd
15:40:45.45 (1311725024)|VARIABLE_SCOPE_BEGIN|[4]|mapFrete|Map<String,Freight__c>|true|false
15:40:45.45 (1311757144)|VARIABLE_ASSIGNMENT|[4]|mapFrete|{"01tg8000001RPszAAG_a04g8000000b50jAAA":{"DistributionCenter__c":"a06g8000001ga3JAAQ","Product__c":"01tg8000001RPszAAG","Id":"a0Ag8000000gFdlEAE","State__c":"a04g8000000b50jAAA","FreightValue__c":700.00}}|0x14d933f7
15:40:45.45 (1311760571)|VARIABLE_SCOPE_BEGIN|[4]|h|Id|false|false
15:40:45.45 (1311799746)|VARIABLE_ASSIGNMENT|[4]|h|"a01g8000009VmcgAAC"
15:40:45.45 (1311807737)|STATEMENT_EXECUTE|[4]
15:40:45.45 (1311808835)|STATEMENT_EXECUTE|[5]
15:40:45.45 (1311813636)|VARIABLE_SCOPE_BEGIN|[5]|p|Id|false|false
15:40:45.45 (1311834176)|VARIABLE_ASSIGNMENT|[5]|p|"01tg8000001RPszAAG"
15:40:45.45 (1311836905)|STATEMENT_EXECUTE|[6]
15:40:45.45 (1311839746)|VARIABLE_SCOPE_BEGIN|[6]|c|Id|false|false
15:40:45.45 (1311858885)|VARIABLE_ASSIGNMENT|[6]|c|"a05g8000002BeozAAC"
15:40:45.45 (1311861561)|STATEMENT_EXECUTE|[7]
15:40:45.45 (1311863884)|VARIABLE_SCOPE_BEGIN|[7]|e|Id|false|false
15:40:45.45 (1311881177)|VARIABLE_ASSIGNMENT|[7]|e|"a04g8000000b50jAAA"
15:40:45.45 (1311883503)|STATEMENT_EXECUTE|[8]
15:40:45.45 (1311885939)|VARIABLE_SCOPE_BEGIN|[8]|pa|Id|false|false
15:40:45.45 (1311902946)|VARIABLE_ASSIGNMENT|[8]|pa|"a03g80000084ySPAAY"
15:40:45.45 (1311912940)|HEAP_ALLOCATE|[10]|Bytes:18
15:40:45.45 (1311921496)|HEAP_ALLOCATE|[10]|Bytes:18
15:40:45.45 (1311926519)|HEAP_ALLOCATE|[10]|Bytes:37
15:40:45.45 (1311934554)|STATEMENT_EXECUTE|[10]
15:40:45.45 (1311938249)|HEAP_ALLOCATE|[11]|Bytes:18
15:40:45.45 (1311944312)|HEAP_ALLOCATE|[11]|Bytes:18
15:40:45.45 (1311948144)|HEAP_ALLOCATE|[11]|Bytes:37
15:40:45.45 (1311952943)|STATEMENT_EXECUTE|[11]
15:40:45.45 (1311956255)|HEAP_ALLOCATE|[11]|Bytes:18
15:40:45.45 (1311962073)|HEAP_ALLOCATE|[11]|Bytes:18
15:40:45.45 (1311965915)|HEAP_ALLOCATE|[11]|Bytes:37
15:40:45.45 (1311983771)|METHOD_EXIT|[134]|01pg8000001F8kf|PricingService.findFreightValue(OrderItem, Order, Map<String,Freight__c>, Id)
15:40:45.45 (1312334429)|VARIABLE_ASSIGNMENT|[134]|this.FreightValue__c|700.00|0x5c6376e1
15:40:45.45 (1312338764)|STATEMENT_EXECUTE|[137]
15:40:45.45 (1312347168)|VARIABLE_SCOPE_BEGIN|[137]|custoUnitario|Decimal|false|false
15:40:45.45 (1312352129)|VARIABLE_ASSIGNMENT|[137]|custoUnitario|300000.00
15:40:45.45 (1312354516)|STATEMENT_EXECUTE|[140]
15:40:45.45 (1312362154)|HEAP_ALLOCATE|[140]|Bytes:28
15:40:45.45 (1312366224)|HEAP_ALLOCATE|[140]|Bytes:28
15:40:45.45 (1312372659)|METHOD_ENTRY|[140]|01pg8000001F8kf|PricingService.calculateFinalPrice(OrderItem, Decimal, Margem__c, Decimal, Decimal)
15:40:45.45 (1312376379)|VARIABLE_SCOPE_BEGIN|[47]|item|OrderItem|true|false
15:40:45.45 (1312708635)|VARIABLE_ASSIGNMENT|[47]|item|{"LastModifiedDate":"2026-04-10T18:40:45.000Z","DiscountPercentage__c":0.999737108801465881323026245742806,"DiscountValue__c":380285.50,"FinalPrice__c":380385.50,"ListPrice":1000.00,"AvailableQuantity":1.00,"PriceWithoutMargin__c":330770.00,"FreightValue__c":700.00,"CreatedById":"005g80000010N45AAE","MarginPercentage__c":15.00,"Product_Code_Display__c":"TRT 7","IsDeleted":false,"Quantity":10.00,"TaxPercentage__c":10.00,"OrderId":"801g8000009VmchAAC","OrderItemNumber":"0000100113","SystemModstamp":"2026-04-10T18:40:45.000Z","UnitPrice":100.00,"Product2Id":"01tg8000001RPszAAG","ProductionCost__c":300000.00,"PricebookEntryId":"01ug8000000gSxZAAU","TotalPrice":1000.00,"CreatedDate":"2026-04-10T18:40:45.000Z","Id":"802g8000002mPHYAA2","LastModifiedById":"005g80000010N45AAE"}|0x5c6376e1
15:40:45.45 (1312717070)|VARIABLE_SCOPE_BEGIN|[47]|frete|Decimal|false|false
15:40:45.45 (1312722406)|VARIABLE_ASSIGNMENT|[47]|frete|700.00
15:40:45.45 (1312724520)|VARIABLE_SCOPE_BEGIN|[47]|margem|Margem__c|true|false
15:40:45.45 (1312761790)|VARIABLE_ASSIGNMENT|[47]|margem|{"Account__c":"001g8000009VmcfAAC","Product__c":"01tg8000001RPszAAG","Id":"a00g800000PiOpBAAV","State__c":"a04g8000000b50jAAA","MarginValuePercent__c":15.00}|0x1b70dc72
15:40:45.45 (1312765059)|VARIABLE_SCOPE_BEGIN|[47]|impostoPercent|Decimal|false|false
15:40:45.45 (1312769636)|VARIABLE_ASSIGNMENT|[47]|impostoPercent|10.00
15:40:45.45 (1312771467)|VARIABLE_SCOPE_BEGIN|[47]|custo|Decimal|false|false
15:40:45.45 (1312775140)|VARIABLE_ASSIGNMENT|[47]|custo|300000.00
15:40:45.45 (1312782417)|STATEMENT_EXECUTE|[47]
15:40:45.45 (1312783367)|STATEMENT_EXECUTE|[48]
15:40:45.45 (1312793197)|VARIABLE_SCOPE_BEGIN|[48]|mPerc|Decimal|false|false
15:40:45.45 (1312797881)|VARIABLE_ASSIGNMENT|[48]|mPerc|15.00
15:40:45.45 (1312799811)|STATEMENT_EXECUTE|[49]
15:40:45.45 (1312801409)|VARIABLE_SCOPE_BEGIN|[49]|iPerc|Decimal|false|false
15:40:45.45 (1312805911)|VARIABLE_ASSIGNMENT|[49]|iPerc|10.00
15:40:45.45 (1312807870)|STATEMENT_EXECUTE|[50]
15:40:45.45 (1312809210)|VARIABLE_SCOPE_BEGIN|[50]|custoProd|Decimal|false|false
15:40:45.45 (1312813012)|VARIABLE_ASSIGNMENT|[50]|custoProd|300000.00
15:40:45.45 (1312815087)|STATEMENT_EXECUTE|[51]
15:40:45.45 (1312816232)|VARIABLE_SCOPE_BEGIN|[51]|freteVal|Decimal|false|false
15:40:45.45 (1312820048)|VARIABLE_ASSIGNMENT|[51]|freteVal|700.00
15:40:45.45 (1312822016)|STATEMENT_EXECUTE|[54]
15:40:45.45 (1312840260)|HEAP_ALLOCATE|[54]|Bytes:28
15:40:45.45 (1312845730)|VARIABLE_SCOPE_BEGIN|[54]|precoBase|Decimal|false|false
15:40:45.45 (1312850341)|VARIABLE_ASSIGNMENT|[54]|precoBase|300700.00
15:40:45.45 (1312852425)|STATEMENT_EXECUTE|[57]
15:40:45.45 (1312857729)|HEAP_ALLOCATE|[57]|Bytes:28
15:40:45.45 (1312859380)|HEAP_ALLOCATE|[57]|Bytes:28
15:40:45.45 (1312863255)|HEAP_ALLOCATE|[57]|Bytes:28
15:40:45.45 (1312916282)|HEAP_ALLOCATE|[57]|Bytes:28
15:40:45.45 (1312918104)|HEAP_ALLOCATE|[57]|Bytes:28
15:40:45.45 (1312925937)|HEAP_ALLOCATE|[57]|Bytes:28
15:40:45.45 (1312935432)|HEAP_ALLOCATE|[57]|Bytes:28
15:40:45.45 (1312939112)|VARIABLE_SCOPE_BEGIN|[57]|precoSemMargem|Decimal|false|false
15:40:45.45 (1312945364)|VARIABLE_ASSIGNMENT|[57]|precoSemMargem|330770.0000
15:40:45.45 (1312947522)|STATEMENT_EXECUTE|[60]
15:40:45.45 (1312950195)|HEAP_ALLOCATE|[60]|Bytes:28
15:40:45.45 (1312951687)|HEAP_ALLOCATE|[60]|Bytes:28
15:40:45.45 (1312954145)|HEAP_ALLOCATE|[60]|Bytes:28
15:40:45.45 (1312965519)|HEAP_ALLOCATE|[60]|Bytes:28
15:40:45.45 (1312967136)|HEAP_ALLOCATE|[60]|Bytes:28
15:40:45.45 (1312974248)|HEAP_ALLOCATE|[60]|Bytes:28
15:40:45.45 (1312980718)|HEAP_ALLOCATE|[60]|Bytes:28
15:40:45.45 (1312984420)|VARIABLE_SCOPE_BEGIN|[60]|precoCalculado|Decimal|false|false
15:40:45.45 (1312989067)|VARIABLE_ASSIGNMENT|[60]|precoCalculado|380385.500000
15:40:45.45 (1312991162)|STATEMENT_EXECUTE|[63]
15:40:45.45 (1313323021)|VARIABLE_ASSIGNMENT|[63]|this.ProductionCost__c|300000.00|0x5c6376e1
15:40:45.45 (1313327095)|STATEMENT_EXECUTE|[64]
15:40:45.45 (1313654107)|VARIABLE_ASSIGNMENT|[64]|this.MarginPercentage__c|15.00|0x5c6376e1
15:40:45.45 (1313658261)|STATEMENT_EXECUTE|[65]
15:40:45.45 (1313953475)|VARIABLE_ASSIGNMENT|[65]|this.FreightValue__c|700.00|0x5c6376e1
15:40:45.45 (1313956505)|STATEMENT_EXECUTE|[66]
15:40:45.45 (1314242758)|VARIABLE_ASSIGNMENT|[66]|this.TaxPercentage__c|10.00|0x5c6376e1
15:40:45.45 (1314246055)|STATEMENT_EXECUTE|[67]
15:40:45.45 (1314530200)|VARIABLE_ASSIGNMENT|[67]|this.PriceWithoutMargin__c|330770.0000|0x5c6376e1
15:40:45.45 (1314533140)|STATEMENT_EXECUTE|[68]
15:40:45.45 (1314851233)|VARIABLE_ASSIGNMENT|[68]|this.FinalPrice__c|380385.500000|0x5c6376e1
15:40:45.45 (1314855141)|STATEMENT_EXECUTE|[71]
15:40:45.45 (1314867144)|VARIABLE_SCOPE_BEGIN|[71]|unitPriceDigitado|Decimal|false|false
15:40:45.45 (1314872762)|VARIABLE_ASSIGNMENT|[71]|unitPriceDigitado|100.00
15:40:45.45 (1314880781)|HEAP_ALLOCATE|[74]|Bytes:28
15:40:45.45 (1314882865)|HEAP_ALLOCATE|[74]|Bytes:28
15:40:45.45 (1314903856)|STATEMENT_EXECUTE|[74]
15:40:45.45 (1314904850)|STATEMENT_EXECUTE|[75]
15:40:45.45 (1314913540)|HEAP_ALLOCATE|[75]|Bytes:28
15:40:45.45 (1314962270)|HEAP_ALLOCATE|[75]|Bytes:28
15:40:45.45 (1314974875)|HEAP_ALLOCATE|[75]|Bytes:28
15:40:45.45 (1315319927)|VARIABLE_ASSIGNMENT|[75]|this.DiscountPercentage__c|0.999737108801465881323026245742806|0x5c6376e1
15:40:45.45 (1315323848)|STATEMENT_EXECUTE|[76]
15:40:45.45 (1315332197)|HEAP_ALLOCATE|[76]|Bytes:28
15:40:45.45 (1315637369)|VARIABLE_ASSIGNMENT|[76]|this.DiscountValue__c|380285.500000|0x5c6376e1
15:40:45.45 (1315641132)|STATEMENT_EXECUTE|[79]
15:40:45.45 (1315647118)|HEAP_ALLOCATE|[79]|Bytes:28
15:40:45.45 (1315968461)|VARIABLE_ASSIGNMENT|[79]|this.UnitPrice|380385.500000|0x5c6376e1
15:40:45.45 (1315979043)|METHOD_EXIT|[140]|01pg8000001F8kf|PricingService.calculateFinalPrice(OrderItem, Decimal, Margem__c, Decimal, Decimal)
15:40:45.45 (1315996579)|HEAP_ALLOCATE|[106]|Bytes:5
15:40:45.45 (1316008645)|VARIABLE_ASSIGNMENT|[106]|item|null|
15:40:45.45 (1316014053)|METHOD_EXIT|[27]|01pg8000001EZwd|OrdemItemHandler.executePricingLogic()
15:40:45.45 (1316020820)|METHOD_EXIT|[140]|01pg8000001EZwd|OrdemItemHandler.beforeUpdate()
15:40:45.45 (1316024573)|STATEMENT_EXECUTE|[158]
15:40:45.45 (1316032730)|METHOD_ENTRY|[158]|01pg80000019iSf|TriggerHandler.andFinally()
15:40:45.45 (1316036232)|VARIABLE_SCOPE_BEGIN|[746]|this|TriggerHandler|true|false
15:40:45.45 (1316091047)|VARIABLE_ASSIGNMENT|[746]|this|{"newRecords":"0x4985e85b","newRecordsMap":"0x5f5360e3","oldRecords":"0x11010371","oldRecordsMap":"0x492cfffc","handlerName":"OrderItemHandler","isTriggerExecuting":true,"triggerEvent":"0x1de8b7e9"}|0x620e99d9
15:40:45.45 (1316100670)|STATEMENT_EXECUTE|[746]
15:40:45.45 (1316102396)|METHOD_EXIT|[158]|01pg80000019iSf|TriggerHandler.andFinally()
15:40:45.45 (1316106534)|STATEMENT_EXECUTE|[160]
15:40:45.45 (1316108922)|STATEMENT_EXECUTE|[176]
15:40:45.45 (1316112176)|METHOD_EXIT|[2]|01pg80000019iSf|TriggerHandler.run()
15:40:45.316 (1316120413)|CUMULATIVE_LIMIT_USAGE
15:40:45.316 (1316120413)|LIMIT_USAGE_FOR_NS|(default)|
  Number of SOQL queries: 11 out of 100
  Number of query rows: 10 out of 50000
  Number of SOSL queries: 0 out of 20
  Number of DML statements: 15 out of 150
  Number of Publish Immediate DML: 0 out of 150
  Number of DML rows: 15 out of 10000
  Maximum CPU time: 102 out of 10000
  Maximum heap size: 0 out of 6000000
  Number of callouts: 0 out of 100
  Number of Email Invocations: 0 out of 10
  Number of future calls: 0 out of 50
  Number of queueable jobs added to the queue: 0 out of 50
  Number of Mobile Apex push calls: 0 out of 10

15:40:45.316 (1316120413)|TESTING_LIMITS
15:40:45.316 (1316120413)|LIMIT_USAGE_FOR_NS|(default)|
  Number of SOQL queries: 7 out of 100
  Number of query rows: 7 out of 50000
  Number of SOSL queries: 0 out of 20
  Number of DML statements: 1 out of 150
  Number of Publish Immediate DML: 0 out of 150
  Number of DML rows: 1 out of 10000
  Maximum CPU time: 0 out of 10000
  Maximum heap size: 0 out of 6000000
  Number of callouts: 0 out of 100
  Number of Email Invocations: 0 out of 10
  Number of future calls: 0 out of 50
  Number of queueable jobs added to the queue: 0 out of 50
  Number of Mobile Apex push calls: 0 out of 10

15:40:45.316 (1316120413)|CUMULATIVE_LIMIT_USAGE_END

15:40:45.45 (1316318938)|CODE_UNIT_FINISHED|OrdemItemTrigger on OrderItem trigger event BeforeUpdate|__sfdc_trigger/OrdemItemTrigger
15:40:45.45 (1318167482)|DML_END|[206]
15:40:45.45 (1318226313)|EXCEPTION_THROWN|[206]|System.DmlException: Update failed. First exception on row 0 with id 802g8000002mPHYAA2; first error: FIELD_CUSTOM_VALIDATION_EXCEPTION, Não é possivel fazer qualquer alteração dos ITENS após o pedido ser marcado como Ativo: []
15:40:45.45 (1318720518)|HEAP_ALLOCATE|[206]|Bytes:210
15:40:45.45 (1318765955)|VARIABLE_SCOPE_BEGIN|[208]|e|System.DmlException|true|false
15:40:45.45 (1318813893)|VARIABLE_ASSIGNMENT|[208]|e|"common.apex.runtime.impl.DmlExecutionException: Update failed. First exception on row 0 with id 802g8000002mPHYAA2; first error: FIELD_CUSTOM_VALIDATION_EXCEPTION, Não é possivel fazer qualquer alteração dos ITENS após o pedido ser marcado como Ativo: []"|0x5b1349eb
15:40:45.45 (1318821088)|STATEMENT_EXECUTE|[208]
15:40:45.45 (1318822399)|STATEMENT_EXECUTE|[209]
15:40:45.45 (1318871665)|HEAP_ALLOCATE|[209]|Bytes:206
15:40:45.45 (1318878455)|VARIABLE_SCOPE_BEGIN|[209]|mensagem|String|false|false
15:40:45.45 (1318886875)|VARIABLE_ASSIGNMENT|[209]|mensagem|"Update failed. First (186 more) ..."
15:40:45.45 (1318889342)|STATEMENT_EXECUTE|[210]
15:40:45.45 (1318927423)|HEAP_ALLOCATE|[211]|Bytes:34
15:40:45.45 (1318934754)|HEAP_ALLOCATE|[211]|Bytes:240
15:40:45.45 (1318950125)|HEAP_ALLOCATE|[210]|Bytes:51
15:40:45.45 (1318964278)|SYSTEM_METHOD_ENTRY|[4]|Assert.Assert()
15:40:45.45 (1318966455)|STATEMENT_EXECUTE|[4]
15:40:45.45 (1318975228)|SYSTEM_METHOD_EXIT|[4]|Assert
15:40:45.45 (1318980237)|METHOD_ENTRY|[210]||System.Assert.isTrue(Boolean, String)
15:40:45.45 (1319035319)|METHOD_EXIT|[210]||System.Assert.isTrue(Boolean, String)
15:40:45.45 (1319039379)|STATEMENT_EXECUTE|[213]
15:40:45.45 (1319045629)|METHOD_ENTRY|[213]||System.Test.stopTest()
15:40:45.45 (1319161382)|METHOD_EXIT|[213]||System.Test.stopTest()
15:40:45.319 (1319169700)|CUMULATIVE_LIMIT_USAGE
15:40:45.319 (1319169700)|LIMIT_USAGE_FOR_NS|(default)|
  Number of SOQL queries: 11 out of 100
  Number of query rows: 10 out of 50000
  Number of SOSL queries: 0 out of 20
  Number of DML statements: 15 out of 150
  Number of Publish Immediate DML: 0 out of 150
  Number of DML rows: 15 out of 10000
  Maximum CPU time: 102 out of 10000
  Maximum heap size: 0 out of 6000000
  Number of callouts: 0 out of 100
  Number of Email Invocations: 0 out of 10
  Number of future calls: 0 out of 50
  Number of queueable jobs added to the queue: 0 out of 50
  Number of Mobile Apex push calls: 0 out of 10

15:40:45.319 (1319169700)|TESTING_LIMITS
15:40:45.319 (1319169700)|LIMIT_USAGE_FOR_NS|(default)|
  Number of SOQL queries: 0 out of 100
  Number of query rows: 0 out of 50000
  Number of SOSL queries: 0 out of 20
  Number of DML statements: 1 out of 150
  Number of Publish Immediate DML: 0 out of 150
  Number of DML rows: 1 out of 10000
  Maximum CPU time: 0 out of 10000
  Maximum heap size: 0 out of 6000000
  Number of callouts: 0 out of 100
  Number of Email Invocations: 0 out of 10
  Number of future calls: 0 out of 50
  Number of queueable jobs added to the queue: 0 out of 50
  Number of Mobile Apex push calls: 0 out of 10

15:40:45.319 (1319169700)|CUMULATIVE_LIMIT_USAGE_END

15:40:45.45 (1319198192)|CODE_UNIT_FINISHED|OrderItemHandlerTest.shouldNotAllowChangesOnActiveOrder()
15:40:45.45 (1319203714)|EXECUTION_FINISHED
15:40:45.332 (1332331689)|USER_INFO|[EXTERNAL]|005g80000010N45|sabrina.jesus@resourceful-moose-fmmd11.com|(GMT-03:00) Brasilia Standard Time (America/Sao_Paulo)|GMT-03:00
15:40:45.332 (1332353461)|EXECUTION_STARTED
15:40:45.332 (1332362739)|CODE_UNIT_STARTED|[EXTERNAL]|01pg8000001w1Mb|OrderItemHandlerTest.shouldNotAllowZeroQuantity()
15:40:45.332 (1332505791)|HEAP_ALLOCATE|[95]|Bytes:3
15:40:45.332 (1332550381)|HEAP_ALLOCATE|[100]|Bytes:152
15:40:45.332 (1332565669)|HEAP_ALLOCATE|[417]|Bytes:408
15:40:45.332 (1332577179)|HEAP_ALLOCATE|[430]|Bytes:408
15:40:45.332 (1332611711)|HEAP_ALLOCATE|[317]|Bytes:6
15:40:45.332 (1332623110)|HEAP_ALLOCATE|[EXTERNAL]|Bytes:353
15:40:45.332 (1332632317)|METHOD_ENTRY|[2]|01pg8000001w1Mb|OrderItemHandlerTest.OrderItemHandlerTest()
15:40:45.332 (1332637274)|STATEMENT_EXECUTE|[2]
15:40:45.332 (1332641900)|STATEMENT_EXECUTE|[2]
15:40:45.332 (1332644531)|METHOD_EXIT|[2]|OrderItemHandlerTest
15:40:45.332 (1332662602)|HEAP_ALLOCATE|[68]|Bytes:5
15:40:45.332 (1332684554)|HEAP_ALLOCATE|[74]|Bytes:5
15:40:45.332 (1332688818)|HEAP_ALLOCATE|[82]|Bytes:7
15:40:45.332 (1332717496)|STATEMENT_EXECUTE|[127]
15:40:45.332 (1332718914)|STATEMENT_EXECUTE|[128]
15:40:45.332 (1332720988)|HEAP_ALLOCATE|[128]|Bytes:28
15:40:45.332 (1332737273)|HEAP_ALLOCATE|[128]|Bytes:4
15:40:45.332 (1333013941)|SOQL_EXECUTE_BEGIN|[128]|Aggregations:0|SELECT Id FROM Order LIMIT 1
15:40:45.332 (1337154569)|SOQL_EXECUTE_END|[128]|Rows:1
15:40:45.332 (1337188468)|HEAP_ALLOCATE|[128]|Bytes:8
15:40:45.332 (1337208816)|HEAP_ALLOCATE|[128]|Bytes:29
15:40:45.332 (1337277835)|HEAP_ALLOCATE|[128]|Bytes:8
15:40:45.332 (1337296802)|HEAP_ALLOCATE|[128]|Bytes:31
15:40:45.332 (1337334927)|HEAP_ALLOCATE|[128]|Bytes:8
15:40:45.332 (1337344842)|VARIABLE_SCOPE_BEGIN|[128]|pedido|Order|true|false
15:40:45.332 (1337460075)|VARIABLE_ASSIGNMENT|[128]|pedido|{"Id":"801g8000009VmchAAC"}|0x5cfc3848
15:40:45.332 (1337469539)|STATEMENT_EXECUTE|[129]
15:40:45.332 (1337472790)|HEAP_ALLOCATE|[129]|Bytes:37
15:40:45.332 (1337490582)|HEAP_ALLOCATE|[129]|Bytes:4
15:40:45.332 (1337769925)|SOQL_EXECUTE_BEGIN|[129]|Aggregations:0|SELECT Id FROM PricebookEntry LIMIT 1
15:40:45.332 (1381774551)|SOQL_EXECUTE_END|[129]|Rows:1
15:40:45.332 (1381815329)|HEAP_ALLOCATE|[129]|Bytes:8
15:40:45.332 (1381841105)|HEAP_ALLOCATE|[129]|Bytes:29
15:40:45.332 (1381934628)|HEAP_ALLOCATE|[129]|Bytes:8
15:40:45.332 (1381966123)|HEAP_ALLOCATE|[129]|Bytes:40
15:40:45.332 (1382017898)|HEAP_ALLOCATE|[129]|Bytes:8
15:40:45.332 (1382033577)|VARIABLE_SCOPE_BEGIN|[129]|pbe|PricebookEntry|true|false
15:40:45.332 (1382111396)|VARIABLE_ASSIGNMENT|[129]|pbe|{"Id":"01ug8000000gSxZAAU"}|0x15c084a8
15:40:45.332 (1382120485)|STATEMENT_EXECUTE|[130]
15:40:45.332 (1382123479)|HEAP_ALLOCATE|[130]|Bytes:31
15:40:45.332 (1382140933)|HEAP_ALLOCATE|[130]|Bytes:4
15:40:45.332 (1382696990)|SOQL_EXECUTE_BEGIN|[130]|Aggregations:0|SELECT Id FROM Product2 LIMIT 1
15:40:45.332 (1386830178)|SOQL_EXECUTE_END|[130]|Rows:1
15:40:45.332 (1386862234)|HEAP_ALLOCATE|[130]|Bytes:8
15:40:45.332 (1386882223)|HEAP_ALLOCATE|[130]|Bytes:29
15:40:45.332 (1386951343)|HEAP_ALLOCATE|[130]|Bytes:8
15:40:45.332 (1386974479)|HEAP_ALLOCATE|[130]|Bytes:34
15:40:45.332 (1387011649)|HEAP_ALLOCATE|[130]|Bytes:8
15:40:45.332 (1387023063)|VARIABLE_SCOPE_BEGIN|[130]|prod|Product2|true|false
15:40:45.332 (1387082432)|VARIABLE_ASSIGNMENT|[130]|prod|{"Id":"01tg8000001RPszAAG"}|0xc9a1ef9
15:40:45.332 (1387089694)|STATEMENT_EXECUTE|[132]
15:40:45.332 (1387111512)|HEAP_ALLOCATE|[132]|Bytes:4
15:40:45.332 (1387197737)|VARIABLE_ASSIGNMENT|[132]|this.OrderId|"801g8000009VmchAAC"|0x2f853433
15:40:45.332 (1387216972)|VARIABLE_ASSIGNMENT|[132]|this.Product2Id|"01tg8000001RPszAAG"|0x2f853433
15:40:45.332 (1387233006)|VARIABLE_ASSIGNMENT|[132]|this.PricebookEntryId|"01ug8000000gSxZAAU"|0x2f853433
15:40:45.332 (1387284893)|HEAP_ALLOCATE|[132]|Bytes:28
15:40:45.332 (1387287755)|HEAP_ALLOCATE|[132]|Bytes:28
15:40:45.332 (1387313088)|VARIABLE_ASSIGNMENT|[132]|this.Quantity|0|0x2f853433
15:40:45.332 (1387317761)|HEAP_ALLOCATE|[132]|Bytes:28
15:40:45.332 (1387319438)|HEAP_ALLOCATE|[132]|Bytes:28
15:40:45.332 (1387332000)|VARIABLE_ASSIGNMENT|[132]|this.UnitPrice|0|0x2f853433
15:40:45.332 (1387356891)|VARIABLE_SCOPE_BEGIN|[132]|itemErro|OrderItem|true|false
15:40:45.332 (1387372758)|VARIABLE_ASSIGNMENT|[132]|itemErro|{"OrderId":"801g8000009VmchAAC","Product2Id":"01tg8000001RPszAAG","PricebookEntryId":"01ug8000000gSxZAAU","Quantity":0,"UnitPrice":0}|0x2f853433
15:40:45.332 (1387377128)|STATEMENT_EXECUTE|[140]
15:40:45.332 (1387391342)|HEAP_ALLOCATE|[140]|Bytes:118
15:40:45.332 (1387408478)|SYSTEM_METHOD_ENTRY|[1]|Test.Test()
15:40:45.332 (1387410603)|STATEMENT_EXECUTE|[1]
15:40:45.332 (1387419351)|SYSTEM_METHOD_EXIT|[1]|Test
15:40:45.332 (1387430075)|METHOD_ENTRY|[140]||System.Test.startTest()
15:40:45.332 (1388685336)|METHOD_EXIT|[140]||System.Test.startTest()
15:40:45.332 (1388696773)|STATEMENT_EXECUTE|[141]
15:40:45.332 (1388698435)|STATEMENT_EXECUTE|[141]
15:40:45.332 (1388699600)|STATEMENT_EXECUTE|[142]
15:40:45.332 (1388740224)|HEAP_ALLOCATE|[142]|Bytes:8
15:40:45.332 (1388758857)|DML_BEGIN|[142]|Op:Insert|Type:OrderItem|Rows:1
15:40:45.332 (1388789528)|HEAP_ALLOCATE|[EXTERNAL]|Bytes:8
15:40:45.332 (1398688425)|CODE_UNIT_STARTED|[EXTERNAL]|01qg8000000Fou9|OrdemItemTrigger on OrderItem trigger event BeforeInsert|__sfdc_trigger/OrdemItemTrigger
15:40:45.332 (1398775191)|HEAP_ALLOCATE|[EXTERNAL]|Bytes:8
15:40:45.332 (1398857974)|HEAP_ALLOCATE|[EXTERNAL]|Bytes:4
15:40:45.332 (1398871266)|VARIABLE_SCOPE_BEGIN|[1]|this|OrdemItemTrigger|true|false
15:40:45.332 (1398909335)|VARIABLE_ASSIGNMENT|[1]|this|{}|0x750a91d3
15:40:45.332 (1398941391)|HEAP_ALLOCATE|[EXTERNAL]|Bytes:4
15:40:45.332 (1398945670)|VARIABLE_SCOPE_BEGIN|[1]|this|OrdemItemTrigger|true|false
15:40:45.332 (1398951283)|VARIABLE_ASSIGNMENT|[1]|this|{}|0x750a91d3
15:40:45.332 (1398957957)|STATEMENT_EXECUTE|[1]
15:40:45.332 (1398959030)|STATEMENT_EXECUTE|[2]
15:40:45.332 (1398980303)|VARIABLE_SCOPE_BEGIN|[63]|TriggerHandler.BYPASS_ALL_ALIAS|String|false|true
15:40:45.332 (1398984006)|VARIABLE_SCOPE_BEGIN|[839]|TriggerHandler.ERROR_TRIGGERCONTEXT|String|false|true
15:40:45.332 (1398988275)|VARIABLE_SCOPE_BEGIN|[26]|TriggerHandler.bypassedHandlers|Set<String>|true|true
15:40:45.332 (1398991956)|VARIABLE_SCOPE_BEGIN|[32]|TriggerHandler.globalBypass|Boolean|false|true
15:40:45.332 (1398995411)|VARIABLE_SCOPE_BEGIN|[20]|TriggerHandler.loopCountMap|Map<String,TriggerHandler.LoopCount>|true|true
15:40:45.332 (1398998493)|VARIABLE_SCOPE_BEGIN|[44]|TriggerHandler.showDebug|Boolean|false|true
15:40:45.332 (1399001573)|VARIABLE_SCOPE_BEGIN|[38]|TriggerHandler.showLimits|Boolean|false|true
15:40:45.332 (1399015343)|HEAP_ALLOCATE|[2]|Bytes:21
15:40:45.332 (1399021518)|HEAP_ALLOCATE|[2]|Bytes:6
15:40:45.332 (1399035985)|METHOD_ENTRY|[1]|01pg8000001EZwd|OrdemItemHandler.OrdemItemHandler()
15:40:45.332 (1399041587)|STATEMENT_EXECUTE|[1]
15:40:45.332 (1399044956)|STATEMENT_EXECUTE|[1]
15:40:45.332 (1399050370)|METHOD_EXIT|[1]|OrdemItemHandler
15:40:45.332 (1399057405)|HEAP_ALLOCATE|[2]|Bytes:32
15:40:45.332 (1399083021)|CONSTRUCTOR_ENTRY|[2]|01pg8000001EZwd|<init>()|OrdemItemHandler
15:40:45.332 (1399088389)|VARIABLE_SCOPE_BEGIN|[9]|this|OrdemItemHandler|true|false
15:40:45.332 (1399108314)|VARIABLE_ASSIGNMENT|[9]|this|{}|0x2f8b4e84
15:40:45.332 (1399114894)|STATEMENT_EXECUTE|[1]
15:40:45.332 (1399116139)|STATEMENT_EXECUTE|[3]
15:40:45.332 (1399117241)|STATEMENT_EXECUTE|[4]
15:40:45.332 (1399118143)|STATEMENT_EXECUTE|[5]
15:40:45.332 (1399119522)|STATEMENT_EXECUTE|[6]
15:40:45.332 (1399120671)|STATEMENT_EXECUTE|[10]
15:40:45.332 (1399124309)|HEAP_ALLOCATE|[10]|Bytes:16
15:40:45.332 (1399132187)|HEAP_ALLOCATE|[10]|Bytes:33
15:40:45.332 (1399134724)|HEAP_ALLOCATE|[10]|Bytes:166
15:40:45.332 (1399136698)|HEAP_ALLOCATE|[10]|Bytes:55
15:40:45.332 (1399138604)|HEAP_ALLOCATE|[10]|Bytes:9
15:40:45.332 (1399150045)|VARIABLE_ASSIGNMENT|[10]|TriggerHandler.BYPASS_ALL_ALIAS|"BypassAll"
15:40:45.332 (1399152151)|HEAP_ALLOCATE|[10]|Bytes:51
15:40:45.332 (1399157256)|VARIABLE_ASSIGNMENT|[10]|TriggerHandler.ERROR_TRIGGERCONTEXT|"Trigger handler call (31 more) ..."
15:40:45.332 (1399171198)|METHOD_ENTRY|[15]|01pg80000019iSf|TriggerHandler.TriggerHandler()
15:40:45.332 (1399173682)|STATEMENT_EXECUTE|[15]
15:40:45.332 (1399176139)|STATEMENT_EXECUTE|[15]
15:40:45.332 (1399177124)|STATEMENT_EXECUTE|[66]
15:40:45.332 (1399178243)|STATEMENT_EXECUTE|[67]
15:40:45.332 (1399192669)|HEAP_ALLOCATE|[67]|Bytes:4
15:40:45.332 (1399214024)|VARIABLE_ASSIGNMENT|[67]|TriggerHandler.loopCountMap|{}|0x21a1e77
15:40:45.332 (1399217241)|STATEMENT_EXECUTE|[68]
15:40:45.332 (1399223994)|HEAP_ALLOCATE|[68]|Bytes:4
15:40:45.332 (1399270598)|VARIABLE_ASSIGNMENT|[68]|TriggerHandler.bypassedHandlers|[]|0x5e81da72
15:40:45.332 (1399275339)|STATEMENT_EXECUTE|[69]
15:40:45.332 (1399291619)|HEAP_ALLOCATE|[69]|Bytes:5
15:40:45.332 (1399299707)|VARIABLE_ASSIGNMENT|[69]|TriggerHandler.globalBypass|false
15:40:45.332 (1399302799)|STATEMENT_EXECUTE|[70]
15:40:45.332 (1399304687)|HEAP_ALLOCATE|[70]|Bytes:5
15:40:45.332 (1399307912)|VARIABLE_ASSIGNMENT|[70]|TriggerHandler.showLimits|false
15:40:45.332 (1399310048)|STATEMENT_EXECUTE|[71]
15:40:45.332 (1399311509)|HEAP_ALLOCATE|[71]|Bytes:5
15:40:45.332 (1399314699)|VARIABLE_ASSIGNMENT|[71]|TriggerHandler.showDebug|false
15:40:45.332 (1399316947)|STATEMENT_EXECUTE|[755]
15:40:45.332 (1399318187)|STATEMENT_EXECUTE|[832]
15:40:45.332 (1399321454)|METHOD_EXIT|[15]|TriggerHandler
15:40:45.332 (1399333361)|CONSTRUCTOR_ENTRY|[10]|01pg80000019iSf|<init>(String)|TriggerHandler
15:40:45.332 (1399337233)|VARIABLE_SCOPE_BEGIN|[107]|this|TriggerHandler|true|false
15:40:45.332 (1399348204)|VARIABLE_ASSIGNMENT|[107]|this|{}|0x2f8b4e84
15:40:45.332 (1399350839)|VARIABLE_SCOPE_BEGIN|[107]|handlerName|String|false|false
15:40:45.332 (1399355381)|VARIABLE_ASSIGNMENT|[107]|handlerName|"OrderItemHandler"
15:40:45.332 (1399359358)|STATEMENT_EXECUTE|[15]
15:40:45.332 (1399360324)|STATEMENT_EXECUTE|[50]
15:40:45.332 (1399361328)|STATEMENT_EXECUTE|[57]
15:40:45.332 (1399362260)|STATEMENT_EXECUTE|[671]
15:40:45.332 (1399365610)|HEAP_ALLOCATE|[108]|Bytes:6
15:40:45.332 (1399388145)|STATEMENT_EXECUTE|[107]
15:40:45.332 (1399389503)|STATEMENT_EXECUTE|[108]
15:40:45.332 (1399394943)|STATEMENT_EXECUTE|[109]
15:40:45.332 (1399408342)|METHOD_ENTRY|[109]|01pg80000019iSf|TriggerHandler.setTriggerContext()
15:40:45.332 (1399412001)|VARIABLE_SCOPE_BEGIN|[565]|this|TriggerHandler|true|false
15:40:45.332 (1399421874)|VARIABLE_ASSIGNMENT|[565]|this|{"handlerName":"OrderItemHandler"}|0x2f8b4e84
15:40:45.332 (1399435953)|STATEMENT_EXECUTE|[565]
15:40:45.332 (1399436836)|STATEMENT_EXECUTE|[566]
15:40:45.332 (1399520157)|HEAP_ALLOCATE|[566]|Bytes:16
15:40:45.332 (1399534753)|METHOD_ENTRY|[566]|01pg80000019iSf|TriggerHandler.setTriggerContext(System.TriggerOperation, Boolean)
15:40:45.332 (1399539808)|VARIABLE_SCOPE_BEGIN|[582]|this|TriggerHandler|true|false
15:40:45.332 (1399554696)|VARIABLE_ASSIGNMENT|[582]|this|{"handlerName":"OrderItemHandler"}|0x2f8b4e84
15:40:45.332 (1399558988)|VARIABLE_SCOPE_BEGIN|[582]|opType|System.TriggerOperation|true|false
15:40:45.332 (1399574986)|VARIABLE_ASSIGNMENT|[582]|opType|"BEFORE_INSERT"|0x2c8bc884
15:40:45.332 (1399585694)|VARIABLE_SCOPE_BEGIN|[582]|testMode|Boolean|false|false
15:40:45.332 (1399591403)|VARIABLE_ASSIGNMENT|[582]|testMode|false
15:40:45.332 (1399598938)|STATEMENT_EXECUTE|[582]
15:40:45.332 (1399611551)|STATEMENT_EXECUTE|[586]
15:40:45.332 (1399612553)|STATEMENT_EXECUTE|[587]
15:40:45.332 (1399616358)|HEAP_ALLOCATE|[587]|Bytes:5
15:40:45.332 (1399622506)|STATEMENT_EXECUTE|[590]
15:40:45.332 (1399623448)|STATEMENT_EXECUTE|[592]
15:40:45.332 (1399641058)|HEAP_ALLOCATE|[592]|Bytes:16
15:40:45.332 (1399645689)|STATEMENT_EXECUTE|[595]
15:40:45.332 (1399660502)|VARIABLE_SCOPE_BEGIN|[595]|context|String|false|false
15:40:45.332 (1399667785)|VARIABLE_ASSIGNMENT|[595]|context|"BEFORE_INSERT"
15:40:45.332 (1399669860)|STATEMENT_EXECUTE|[597]
15:40:45.332 (1399672947)|HEAP_ALLOCATE|[598]|Bytes:13
15:40:45.332 (1399701492)|STATEMENT_EXECUTE|[598]
15:40:45.332 (1399702687)|STATEMENT_EXECUTE|[599]
15:40:45.332 (1399710876)|METHOD_EXIT|[566]|01pg80000019iSf|TriggerHandler.setTriggerContext(System.TriggerOperation, Boolean)
15:40:45.332 (1399716283)|METHOD_EXIT|[109]|01pg80000019iSf|TriggerHandler.setTriggerContext()
15:40:45.332 (1399727349)|CONSTRUCTOR_EXIT|[10]|01pg80000019iSf|<init>(String)|TriggerHandler
15:40:45.332 (1399732910)|STATEMENT_EXECUTE|[9]
15:40:45.332 (1399734602)|STATEMENT_EXECUTE|[11]
15:40:45.332 (1400766958)|VARIABLE_ASSIGNMENT|[11]|this.newRecords|[{"Product_Code_Display__c":"TRT 7","IsDeleted":false,"UnitPrice":0.00,"Product2Id":"01tg8000001RPszAAG","PricebookEntryId":"01ug8000000gSxZAAU","TotalPrice":0.00,"Quantity":0.00,"ListPrice":1000.00,"OrderId":"801g8000009VmchAAC"}]|0x2f8b4e84
15:40:45.332 (1400784174)|STATEMENT_EXECUTE|[12]
15:40:45.332 (1400817850)|VARIABLE_ASSIGNMENT|[12]|this.oldRecords|null|0x2f8b4e84
15:40:45.332 (1400822328)|STATEMENT_EXECUTE|[13]
15:40:45.332 (1400837588)|VARIABLE_ASSIGNMENT|[13]|this.newRecordsMap|null|0x2f8b4e84
15:40:45.332 (1400841667)|STATEMENT_EXECUTE|[14]
15:40:45.332 (1400849987)|VARIABLE_ASSIGNMENT|[14]|this.oldRecordsMap|null|0x2f8b4e84
15:40:45.332 (1400867733)|CONSTRUCTOR_EXIT|[2]|01pg8000001EZwd|<init>()|OrdemItemHandler
15:40:45.332 (1400886396)|METHOD_ENTRY|[2]|01pg80000019iSf|TriggerHandler.run()
15:40:45.332 (1400893402)|VARIABLE_SCOPE_BEGIN|[120]|this|TriggerHandler|true|false
15:40:45.332 (1400932113)|VARIABLE_ASSIGNMENT|[120]|this|{"newRecords":"0xaaed266","handlerName":"OrderItemHandler","isTriggerExecuting":true,"triggerEvent":"0x2c8bc884"}|0x2f8b4e84
15:40:45.332 (1400944303)|STATEMENT_EXECUTE|[120]
15:40:45.332 (1400948988)|METHOD_ENTRY|[121]|01pg80000019iSf|TriggerHandler.validateRun()
15:40:45.332 (1400952045)|VARIABLE_SCOPE_BEGIN|[661]|this|TriggerHandler|true|false
15:40:45.332 (1400961612)|VARIABLE_ASSIGNMENT|[661]|this|{"newRecords":"0xaaed266","handlerName":"OrderItemHandler","isTriggerExecuting":true,"triggerEvent":"0x2c8bc884"}|0x2f8b4e84
15:40:45.332 (1400965888)|STATEMENT_EXECUTE|[661]
15:40:45.332 (1400972773)|STATEMENT_EXECUTE|[662]
15:40:45.332 (1400973891)|STATEMENT_EXECUTE|[665]
15:40:45.332 (1400980217)|METHOD_ENTRY|[665]|01pg80000019iSf|TriggerHandler.getHandlerName()
15:40:45.332 (1400983316)|VARIABLE_SCOPE_BEGIN|[680]|this|TriggerHandler|true|false
15:40:45.332 (1400991645)|VARIABLE_ASSIGNMENT|[680]|this|{"newRecords":"0xaaed266","handlerName":"OrderItemHandler","isTriggerExecuting":true,"triggerEvent":"0x2c8bc884"}|0x2f8b4e84
15:40:45.332 (1400995962)|STATEMENT_EXECUTE|[680]
15:40:45.332 (1401020583)|STATEMENT_EXECUTE|[681]
15:40:45.332 (1401022177)|STATEMENT_EXECUTE|[684]
15:40:45.332 (1401025409)|METHOD_EXIT|[665]|01pg80000019iSf|TriggerHandler.getHandlerName()
15:40:45.332 (1401043122)|METHOD_EXIT|[121]|01pg80000019iSf|TriggerHandler.validateRun()
15:40:45.332 (1401045995)|STATEMENT_EXECUTE|[121]
15:40:45.332 (1401049258)|METHOD_ENTRY|[126]|01pg80000019iSf|TriggerHandler.incrementCheckLoopCount()
15:40:45.332 (1401052072)|VARIABLE_SCOPE_BEGIN|[634]|this|TriggerHandler|true|false
15:40:45.332 (1401060881)|VARIABLE_ASSIGNMENT|[634]|this|{"newRecords":"0xaaed266","handlerName":"OrderItemHandler","isTriggerExecuting":true,"triggerEvent":"0x2c8bc884"}|0x2f8b4e84
15:40:45.332 (1401065283)|STATEMENT_EXECUTE|[634]
15:40:45.332 (1401066161)|STATEMENT_EXECUTE|[635]
15:40:45.332 (1401069552)|METHOD_ENTRY|[635]|01pg80000019iSf|TriggerHandler.getHandlerName()
15:40:45.332 (1401073048)|VARIABLE_SCOPE_BEGIN|[680]|this|TriggerHandler|true|false
15:40:45.332 (1401084874)|VARIABLE_ASSIGNMENT|[680]|this|{"newRecords":"0xaaed266","handlerName":"OrderItemHandler","isTriggerExecuting":true,"triggerEvent":"0x2c8bc884"}|0x2f8b4e84
15:40:45.332 (1401089928)|STATEMENT_EXECUTE|[680]
15:40:45.332 (1401099220)|STATEMENT_EXECUTE|[681]
15:40:45.332 (1401100470)|STATEMENT_EXECUTE|[684]
15:40:45.332 (1401102593)|METHOD_EXIT|[635]|01pg80000019iSf|TriggerHandler.getHandlerName()
15:40:45.332 (1401107147)|VARIABLE_SCOPE_BEGIN|[635]|handlerName|String|false|false
15:40:45.332 (1401114798)|VARIABLE_ASSIGNMENT|[635]|handlerName|"OrderItemHandler"
15:40:45.332 (1401130365)|STATEMENT_EXECUTE|[636]
15:40:45.332 (1401131684)|STATEMENT_EXECUTE|[649]
15:40:45.332 (1401134264)|METHOD_EXIT|[126]|01pg80000019iSf|TriggerHandler.incrementCheckLoopCount()
15:40:45.332 (1401138257)|STATEMENT_EXECUTE|[126]
15:40:45.332 (1401141267)|STATEMENT_EXECUTE|[130]
15:40:45.332 (1401142202)|STATEMENT_EXECUTE|[135]
15:40:45.332 (1401172572)|STATEMENT_EXECUTE|[136]
15:40:45.332 (1401173693)|STATEMENT_EXECUTE|[137]
15:40:45.332 (1401179755)|METHOD_ENTRY|[137]|01pg8000001EZwd|OrdemItemHandler.beforeInsert()
15:40:45.332 (1401182709)|VARIABLE_SCOPE_BEGIN|[18]|this|OrdemItemHandler|true|false
15:40:45.332 (1401193802)|VARIABLE_ASSIGNMENT|[18]|this|{"newRecords":"0xaaed266","handlerName":"OrderItemHandler","isTriggerExecuting":true,"triggerEvent":"0x2c8bc884"}|0x2f8b4e84
15:40:45.332 (1401198612)|STATEMENT_EXECUTE|[18]
15:40:45.332 (1401199942)|STATEMENT_EXECUTE|[19]
15:40:45.332 (1401203727)|METHOD_ENTRY|[19]|01pg8000001EZwd|OrdemItemHandler.checkActiveOrderItem()
15:40:45.332 (1401206607)|VARIABLE_SCOPE_BEGIN|[176]|this|OrdemItemHandler|true|false
15:40:45.332 (1401214248)|VARIABLE_ASSIGNMENT|[176]|this|{"newRecords":"0xaaed266","handlerName":"OrderItemHandler","isTriggerExecuting":true,"triggerEvent":"0x2c8bc884"}|0x2f8b4e84
15:40:45.332 (1401218325)|STATEMENT_EXECUTE|[176]
15:40:45.332 (1401219303)|STATEMENT_EXECUTE|[177]
15:40:45.332 (1401222562)|VARIABLE_SCOPE_BEGIN|[177]|listaParaValidar|List<OrderItem>|true|false
15:40:45.332 (1401227344)|VARIABLE_ASSIGNMENT|[177]|listaParaValidar|null|
15:40:45.332 (1401229515)|STATEMENT_EXECUTE|[178]
15:40:45.332 (1401243435)|HEAP_ALLOCATE|[178]|Bytes:4
15:40:45.332 (1401255161)|VARIABLE_SCOPE_BEGIN|[178]|idOrders|Set<Id>|true|false
15:40:45.332 (1401279834)|VARIABLE_ASSIGNMENT|[178]|idOrders|[]|0x58158ce2
15:40:45.332 (1401282552)|STATEMENT_EXECUTE|[179]
15:40:45.332 (1401291918)|HEAP_ALLOCATE|[179]|Bytes:4
15:40:45.332 (1401297751)|VARIABLE_SCOPE_BEGIN|[179]|idMapOrders|Map<Id,Order>|true|false
15:40:45.332 (1401308211)|VARIABLE_ASSIGNMENT|[179]|idMapOrders|{}|0x8978fd8
15:40:45.332 (1401319381)|STATEMENT_EXECUTE|[183]
15:40:45.332 (1401320721)|STATEMENT_EXECUTE|[184]
15:40:45.332 (1401953539)|VARIABLE_ASSIGNMENT|[184]|listaParaValidar|[{"Product_Code_Display__c":"TRT 7","IsDeleted":false,"UnitPrice":0.00,"Product2Id":"01tg8000001RPszAAG","PricebookEntryId":"01ug8000000gSxZAAU","TotalPrice":0.00,"Quantity":0.00,"ListPrice":1000.00,"OrderId":"801g8000009VmchAAC"}]|0xaaed266
15:40:45.332 (1402003523)|HEAP_ALLOCATE|[187]|Bytes:5
15:40:45.332 (1402023559)|HEAP_ALLOCATE|[187]|Bytes:4
15:40:45.332 (1402034565)|VARIABLE_SCOPE_BEGIN|[187]|ot|OrderItem|true|false
15:40:45.332 (1402444623)|VARIABLE_ASSIGNMENT|[187]|ot|{"Product_Code_Display__c":"TRT 7","IsDeleted":false,"UnitPrice":0.00,"Product2Id":"01tg8000001RPszAAG","PricebookEntryId":"01ug8000000gSxZAAU","TotalPrice":0.00,"Quantity":0.00,"ListPrice":1000.00,"OrderId":"801g8000009VmchAAC"}|0x550dc53e
15:40:45.332 (1402452027)|STATEMENT_EXECUTE|[187]
15:40:45.332 (1402453197)|STATEMENT_EXECUTE|[188]
15:40:45.332 (1402474635)|HEAP_ALLOCATE|[EXTERNAL]|Bytes:4
15:40:45.332 (1402485595)|HEAP_ALLOCATE|[187]|Bytes:5
15:40:45.332 (1402493637)|VARIABLE_ASSIGNMENT|[187]|ot|null|
15:40:45.332 (1402499130)|STATEMENT_EXECUTE|[191]
15:40:45.332 (1402514092)|HEAP_ALLOCATE|[191]|Bytes:1
15:40:45.332 (1402524270)|METHOD_ENTRY|[1]|01pg8000001w1Md|OrderSelector.OrderSelector()
15:40:45.332 (1402528743)|STATEMENT_EXECUTE|[1]
15:40:45.332 (1402531789)|STATEMENT_EXECUTE|[1]
15:40:45.332 (1402536259)|METHOD_EXIT|[1]|OrderSelector
15:40:45.332 (1402543388)|METHOD_ENTRY|[191]|01pg8000001w1Md|OrderSelector.getOrdersByIds(Set<Id>)
15:40:45.332 (1402547389)|VARIABLE_SCOPE_BEGIN|[2]|ids|Set<Id>|true|false
15:40:45.332 (1402557487)|VARIABLE_ASSIGNMENT|[2]|ids|["801g8000009VmchAAC"]|0x58158ce2
15:40:45.332 (1402566343)|STATEMENT_EXECUTE|[2]
15:40:45.332 (1402567246)|STATEMENT_EXECUTE|[3]
15:40:45.332 (1402577482)|HEAP_ALLOCATE|[3]|Bytes:4
15:40:45.332 (1402581425)|HEAP_ALLOCATE|[3]|Bytes:113
15:40:45.332 (1402588017)|HEAP_ALLOCATE|[3]|Bytes:4
15:40:45.332 (1402592215)|HEAP_ALLOCATE|[3]|Bytes:7
15:40:45.332 (1403100161)|SOQL_EXECUTE_BEGIN|[3]|Aggregations:0|SELECT Id, DistributionCenter__c, State__c, City__c, Country__c, AccountId, Status FROM Order WHERE Id = :tmpVar1
15:40:45.332 (1406658885)|SOQL_EXECUTE_END|[3]|Rows:1
15:40:45.332 (1406686180)|HEAP_ALLOCATE|[3]|Bytes:8
15:40:45.332 (1406757786)|HEAP_ALLOCATE|[3]|Bytes:209
15:40:45.332 (1406795828)|HEAP_ALLOCATE|[3]|Bytes:8
15:40:45.332 (1406825631)|HEAP_ALLOCATE|[3]|Bytes:32
15:40:45.332 (1406843931)|HEAP_ALLOCATE|[3]|Bytes:4
15:40:45.332 (1406856409)|METHOD_EXIT|[191]|01pg8000001w1Md|OrderSelector.getOrdersByIds(Set<Id>)
15:40:45.332 (1406967893)|VARIABLE_ASSIGNMENT|[191]|idMapOrders|{"801g8000009VmchAAC":{"Status":"Draft","City__c":"a05g8000002BeozAAC","Country__c":"a03g80000084ySPAAY","AccountId":"001g8000009VmcfAAC","DistributionCenter__c":"a06g8000001ga3JAAQ","Id":"801g8000009VmchAAC","State__c":"a04g8000000b50jAAA"}}|0x768b7c35
15:40:45.332 (1407002676)|HEAP_ALLOCATE|[193]|Bytes:5
15:40:45.332 (1407017478)|HEAP_ALLOCATE|[193]|Bytes:4
15:40:45.332 (1407026158)|VARIABLE_SCOPE_BEGIN|[193]|ot|OrderItem|true|false
15:40:45.332 (1407566454)|VARIABLE_ASSIGNMENT|[193]|ot|{"Product_Code_Display__c":"TRT 7","IsDeleted":false,"UnitPrice":0.00,"Product2Id":"01tg8000001RPszAAG","PricebookEntryId":"01ug8000000gSxZAAU","TotalPrice":0.00,"Quantity":0.00,"ListPrice":1000.00,"OrderId":"801g8000009VmchAAC"}|0x550dc53e
15:40:45.332 (1407576218)|STATEMENT_EXECUTE|[193]
15:40:45.332 (1407577369)|STATEMENT_EXECUTE|[194]
15:40:45.332 (1407606723)|VARIABLE_SCOPE_BEGIN|[194]|pedido|Order|true|false
15:40:45.332 (1407663867)|VARIABLE_ASSIGNMENT|[194]|pedido|{"Status":"Draft","City__c":"a05g8000002BeozAAC","Country__c":"a03g80000084ySPAAY","AccountId":"001g8000009VmcfAAC","DistributionCenter__c":"a06g8000001ga3JAAQ","Id":"801g8000009VmchAAC","State__c":"a04g8000000b50jAAA"}|0x306a9614
15:40:45.332 (1407678200)|HEAP_ALLOCATE|[195]|Bytes:5
15:40:45.332 (1407701234)|STATEMENT_EXECUTE|[195]
15:40:45.332 (1407711278)|HEAP_ALLOCATE|[193]|Bytes:5
15:40:45.332 (1407719159)|VARIABLE_ASSIGNMENT|[193]|ot|null|
15:40:45.332 (1407727491)|METHOD_EXIT|[19]|01pg8000001EZwd|OrdemItemHandler.checkActiveOrderItem()
15:40:45.332 (1407731478)|STATEMENT_EXECUTE|[20]
15:40:45.332 (1407739903)|METHOD_ENTRY|[20]|01pg8000001EZwd|OrdemItemHandler.executePricingLogic()
15:40:45.332 (1407744680)|VARIABLE_SCOPE_BEGIN|[35]|this|OrdemItemHandler|true|false
15:40:45.332 (1407780677)|VARIABLE_ASSIGNMENT|[35]|this|{"newRecords":"0xaaed266","handlerName":"OrderItemHandler","isTriggerExecuting":true,"triggerEvent":"0x2c8bc884"}|0x2f8b4e84
15:40:45.332 (1407791891)|STATEMENT_EXECUTE|[35]
15:40:45.332 (1407792979)|STATEMENT_EXECUTE|[37]
15:40:45.332 (1407803079)|HEAP_ALLOCATE|[37]|Bytes:4
15:40:45.332 (1407813232)|VARIABLE_SCOPE_BEGIN|[37]|setOrderIds|Set<Id>|true|false
15:40:45.332 (1407837346)|VARIABLE_ASSIGNMENT|[37]|setOrderIds|[]|0x1c81ae55
15:40:45.332 (1407846968)|STATEMENT_EXECUTE|[38]
15:40:45.332 (1407851130)|HEAP_ALLOCATE|[38]|Bytes:4
15:40:45.332 (1407858270)|VARIABLE_SCOPE_BEGIN|[38]|setProductIds|Set<Id>|true|false
15:40:45.332 (1407868997)|VARIABLE_ASSIGNMENT|[38]|setProductIds|[]|0x7070d2cc
15:40:45.332 (1407872919)|STATEMENT_EXECUTE|[39]
15:40:45.332 (1407875921)|HEAP_ALLOCATE|[39]|Bytes:4
15:40:45.332 (1407882502)|VARIABLE_SCOPE_BEGIN|[39]|setAccountIds|Set<Id>|true|false
15:40:45.332 (1407891726)|VARIABLE_ASSIGNMENT|[39]|setAccountIds|[]|0x5db77223
15:40:45.332 (1407895942)|STATEMENT_EXECUTE|[42]
15:40:45.332 (1407912262)|HEAP_ALLOCATE|[42]|Bytes:4
15:40:45.332 (1407919325)|VARIABLE_SCOPE_BEGIN|[42]|itemsByOrderId|Map<Id,List<OrderItem>>|true|false
15:40:45.332 (1407929808)|VARIABLE_ASSIGNMENT|[42]|itemsByOrderId|{}|0x390995b7
15:40:45.332 (1407949870)|HEAP_ALLOCATE|[45]|Bytes:5
15:40:45.332 (1407960502)|HEAP_ALLOCATE|[45]|Bytes:4
15:40:45.332 (1407965119)|VARIABLE_SCOPE_BEGIN|[45]|item|OrderItem|true|false
15:40:45.332 (1408460672)|VARIABLE_ASSIGNMENT|[45]|item|{"Product_Code_Display__c":"TRT 7","IsDeleted":false,"UnitPrice":0.00,"Product2Id":"01tg8000001RPszAAG","PricebookEntryId":"01ug8000000gSxZAAU","TotalPrice":0.00,"Quantity":0.00,"ListPrice":1000.00,"OrderId":"801g8000009VmchAAC"}|0x550dc53e
15:40:45.332 (1408469462)|STATEMENT_EXECUTE|[45]
15:40:45.332 (1408476835)|STATEMENT_EXECUTE|[46]
15:40:45.332 (1408478008)|STATEMENT_EXECUTE|[47]
15:40:45.332 (1408488270)|HEAP_ALLOCATE|[EXTERNAL]|Bytes:4
15:40:45.332 (1408504847)|STATEMENT_EXECUTE|[49]
15:40:45.332 (1408513703)|HEAP_ALLOCATE|[49]|Bytes:4
15:40:45.332 (1408530605)|HEAP_ALLOCATE|[EXTERNAL]|Bytes:4
15:40:45.332 (1408534224)|HEAP_ALLOCATE|[EXTERNAL]|Bytes:-4
15:40:45.332 (1408538035)|STATEMENT_EXECUTE|[50]
15:40:45.332 (1408565242)|HEAP_ALLOCATE|[EXTERNAL]|Bytes:4
15:40:45.332 (1408571024)|STATEMENT_EXECUTE|[52]
15:40:45.332 (1408574749)|HEAP_ALLOCATE|[EXTERNAL]|Bytes:4
15:40:45.332 (1408597932)|HEAP_ALLOCATE|[45]|Bytes:5
15:40:45.332 (1408607381)|VARIABLE_ASSIGNMENT|[45]|item|null|
15:40:45.332 (1408610850)|STATEMENT_EXECUTE|[56]
15:40:45.332 (1408618651)|METHOD_ENTRY|[56]|01pg8000001w1Md|OrderSelector.getOrdersByIds(Set<Id>)
15:40:45.332 (1408623310)|VARIABLE_SCOPE_BEGIN|[2]|ids|Set<Id>|true|false
15:40:45.332 (1408632122)|VARIABLE_ASSIGNMENT|[2]|ids|["801g8000009VmchAAC"]|0x1c81ae55
15:40:45.332 (1408640152)|STATEMENT_EXECUTE|[2]
15:40:45.332 (1408641224)|STATEMENT_EXECUTE|[3]
15:40:45.332 (1408647037)|HEAP_ALLOCATE|[3]|Bytes:4
15:40:45.332 (1408654873)|HEAP_ALLOCATE|[3]|Bytes:4
15:40:45.332 (1409045218)|SOQL_EXECUTE_BEGIN|[3]|Aggregations:0|SELECT Id, DistributionCenter__c, State__c, City__c, Country__c, AccountId, Status FROM Order WHERE Id = :tmpVar1
15:40:45.332 (1411964957)|SOQL_EXECUTE_END|[3]|Rows:1
15:40:45.332 (1411989088)|HEAP_ALLOCATE|[3]|Bytes:8
15:40:45.332 (1412002077)|HEAP_ALLOCATE|[3]|Bytes:209
15:40:45.332 (1412035157)|HEAP_ALLOCATE|[3]|Bytes:8
15:40:45.332 (1412055190)|HEAP_ALLOCATE|[3]|Bytes:32
15:40:45.332 (1412071540)|HEAP_ALLOCATE|[3]|Bytes:4
15:40:45.332 (1412082394)|METHOD_EXIT|[56]|01pg8000001w1Md|OrderSelector.getOrdersByIds(Set<Id>)
15:40:45.332 (1412088544)|VARIABLE_SCOPE_BEGIN|[56]|mapOrders|Map<Id,Order>|true|false
15:40:45.332 (1412180633)|VARIABLE_ASSIGNMENT|[56]|mapOrders|{"801g8000009VmchAAC":{"Status":"Draft","City__c":"a05g8000002BeozAAC","Country__c":"a03g80000084ySPAAY","AccountId":"001g8000009VmcfAAC","DistributionCenter__c":"a06g8000001ga3JAAQ","Id":"801g8000009VmchAAC","State__c":"a04g8000000b50jAAA"}}|0x8a574d9
15:40:45.332 (1412198094)|HEAP_ALLOCATE|[EXTERNAL]|Bytes:8
15:40:45.332 (1412204264)|HEAP_ALLOCATE|[58]|Bytes:216
15:40:45.332 (1412234532)|HEAP_ALLOCATE|[58]|Bytes:5
15:40:45.332 (1412243911)|HEAP_ALLOCATE|[58]|Bytes:32
15:40:45.332 (1412249852)|VARIABLE_SCOPE_BEGIN|[58]|o|Order|true|false
15:40:45.332 (1412280951)|VARIABLE_ASSIGNMENT|[58]|o|{"Status":"Draft","City__c":"a05g8000002BeozAAC","Country__c":"a03g80000084ySPAAY","AccountId":"001g8000009VmcfAAC","DistributionCenter__c":"a06g8000001ga3JAAQ","Id":"801g8000009VmchAAC","State__c":"a04g8000000b50jAAA"}|0x609e6cde
15:40:45.332 (1412288446)|STATEMENT_EXECUTE|[58]
15:40:45.332 (1412305991)|HEAP_ALLOCATE|[EXTERNAL]|Bytes:4
15:40:45.332 (1412313661)|HEAP_ALLOCATE|[58]|Bytes:5
15:40:45.332 (1412320208)|VARIABLE_ASSIGNMENT|[58]|o|null|
15:40:45.332 (1412323546)|STATEMENT_EXECUTE|[60]
15:40:45.332 (1412338211)|HEAP_ALLOCATE|[60]|Bytes:1
15:40:45.332 (1412347956)|METHOD_ENTRY|[1]|01pg8000001w1MX|AccountSelector.AccountSelector()
15:40:45.332 (1412350521)|STATEMENT_EXECUTE|[1]
15:40:45.332 (1412352781)|STATEMENT_EXECUTE|[1]
15:40:45.332 (1412356153)|METHOD_EXIT|[1]|AccountSelector
15:40:45.332 (1412360790)|METHOD_ENTRY|[60]|01pg8000001w1MX|AccountSelector.getAccountByIds(Set<Id>)
15:40:45.332 (1412365372)|VARIABLE_SCOPE_BEGIN|[2]|ids|Set<Id>|true|false
15:40:45.332 (1412374168)|VARIABLE_ASSIGNMENT|[2]|ids|["001g8000009VmcfAAC"]|0x5db77223
15:40:45.332 (1412383353)|STATEMENT_EXECUTE|[2]
15:40:45.332 (1412384221)|STATEMENT_EXECUTE|[3]
15:40:45.332 (1412394785)|HEAP_ALLOCATE|[3]|Bytes:4
15:40:45.332 (1412397935)|HEAP_ALLOCATE|[3]|Bytes:59
15:40:45.332 (1412403698)|HEAP_ALLOCATE|[3]|Bytes:4
15:40:45.332 (1412687957)|SOQL_EXECUTE_BEGIN|[3]|Aggregations:0|SELECT Id, AccountGroup__c FROM Account WHERE Id = :tmpVar1
15:40:45.332 (1415846183)|SOQL_EXECUTE_END|[3]|Rows:1
15:40:45.332 (1415870812)|HEAP_ALLOCATE|[3]|Bytes:8
15:40:45.332 (1415887058)|HEAP_ALLOCATE|[3]|Bytes:66
15:40:45.332 (1415925838)|HEAP_ALLOCATE|[3]|Bytes:8
15:40:45.332 (1415961021)|HEAP_ALLOCATE|[3]|Bytes:12
15:40:45.332 (1415971950)|HEAP_ALLOCATE|[3]|Bytes:4
15:40:45.332 (1415983462)|METHOD_EXIT|[60]|01pg8000001w1MX|AccountSelector.getAccountByIds(Set<Id>)
15:40:45.332 (1415989548)|VARIABLE_SCOPE_BEGIN|[60]|mapAccounts|Map<Id,Account>|true|false
15:40:45.332 (1416058021)|VARIABLE_ASSIGNMENT|[60]|mapAccounts|{"001g8000009VmcfAAC":{"AccountGroup__c":"a02g8000002mPHVAA2","Id":"001g8000009VmcfAAC"}}|0x37fc12e1
15:40:45.332 (1416064589)|STATEMENT_EXECUTE|[62]
15:40:45.332 (1416078158)|HEAP_ALLOCATE|[62]|Bytes:1
15:40:45.332 (1416087385)|METHOD_ENTRY|[1]|01pg8000001w1Mf|ProductSelector.ProductSelector()
15:40:45.332 (1416090130)|STATEMENT_EXECUTE|[1]
15:40:45.332 (1416092582)|STATEMENT_EXECUTE|[1]
15:40:45.332 (1416095977)|METHOD_EXIT|[1]|ProductSelector
15:40:45.332 (1416101696)|METHOD_ENTRY|[62]|01pg8000001w1Mf|ProductSelector.getProductByIds(Set<Id>)
15:40:45.332 (1416106380)|VARIABLE_SCOPE_BEGIN|[2]|ids|Set<Id>|true|false
15:40:45.332 (1416116725)|VARIABLE_ASSIGNMENT|[2]|ids|["01tg8000001RPszAAG"]|0x7070d2cc
15:40:45.332 (1416126466)|STATEMENT_EXECUTE|[2]
15:40:45.332 (1416127421)|STATEMENT_EXECUTE|[3]
15:40:45.332 (1416137916)|HEAP_ALLOCATE|[3]|Bytes:4
15:40:45.332 (1416141140)|HEAP_ALLOCATE|[3]|Bytes:83
15:40:45.332 (1416147315)|HEAP_ALLOCATE|[3]|Bytes:4
15:40:45.332 (1416474199)|SOQL_EXECUTE_BEGIN|[3]|Aggregations:0|SELECT Id, ProductionCost__c, ProductHierarchy__c FROM Product2 WHERE Id = :tmpVar1
15:40:45.332 (1418974859)|SOQL_EXECUTE_END|[3]|Rows:1
15:40:45.332 (1418997326)|HEAP_ALLOCATE|[3]|Bytes:8
15:40:45.332 (1419013588)|HEAP_ALLOCATE|[3]|Bytes:127
15:40:45.332 (1419046602)|HEAP_ALLOCATE|[3]|Bytes:8
15:40:45.332 (1419069675)|HEAP_ALLOCATE|[3]|Bytes:16
15:40:45.332 (1419084870)|HEAP_ALLOCATE|[3]|Bytes:4
15:40:45.332 (1419096065)|METHOD_EXIT|[62]|01pg8000001w1Mf|ProductSelector.getProductByIds(Set<Id>)
15:40:45.332 (1419101771)|VARIABLE_SCOPE_BEGIN|[62]|mapProducts|Map<Id,Product2>|true|false
15:40:45.332 (1419170767)|VARIABLE_ASSIGNMENT|[62]|mapProducts|{"01tg8000001RPszAAG":{"ProductionCost__c":300000.00,"ProductHierarchy__c":"a01g8000009VmcgAAC","Id":"01tg8000001RPszAAG"}}|0x66da177f
15:40:45.332 (1419177710)|STATEMENT_EXECUTE|[65]
15:40:45.332 (1419190802)|HEAP_ALLOCATE|[65]|Bytes:1
15:40:45.332 (1419200659)|METHOD_ENTRY|[1]|01pg8000001w1MZ|MargemSelector.MargemSelector()
15:40:45.332 (1419202944)|STATEMENT_EXECUTE|[1]
15:40:45.332 (1419205419)|STATEMENT_EXECUTE|[1]
15:40:45.332 (1419208550)|METHOD_EXIT|[1]|MargemSelector
15:40:45.332 (1419214358)|METHOD_ENTRY|[65]|01pg8000001w1MZ|MargemSelector.getMargemApproved()
15:40:45.332 (1419224857)|STATEMENT_EXECUTE|[2]
15:40:45.332 (1419225704)|STATEMENT_EXECUTE|[3]
15:40:45.332 (1419227705)|HEAP_ALLOCATE|[3]|Bytes:165
15:40:45.332 (1419237925)|HEAP_ALLOCATE|[3]|Bytes:4
15:40:45.332 (1419549239)|SOQL_EXECUTE_BEGIN|[3]|Aggregations:0|SELECT Product__c, ProductHierarchy__c, Account__c, AccountGroup__c, City__c, State__c, Country__c, MarginValuePercent__c FROM Margem__c WHERE Status__c = 'Approved'
15:40:45.332 (1422197056)|SOQL_EXECUTE_END|[3]|Rows:1
15:40:45.332 (1422220229)|HEAP_ALLOCATE|[3]|Bytes:8
15:40:45.332 (1422239723)|HEAP_ALLOCATE|[3]|Bytes:184
15:40:45.332 (1422275157)|HEAP_ALLOCATE|[3]|Bytes:8
15:40:45.332 (1422291243)|METHOD_EXIT|[65]|01pg8000001w1MZ|MargemSelector.getMargemApproved()
15:40:45.332 (1422297519)|VARIABLE_SCOPE_BEGIN|[65]|listMargins|List<Margem__c>|true|false
15:40:45.332 (1422389938)|VARIABLE_ASSIGNMENT|[65]|listMargins|[{"Account__c":"001g8000009VmcfAAC","Product__c":"01tg8000001RPszAAG","Id":"a00g800000PiOpBAAV","State__c":"a04g8000000b50jAAA","MarginValuePercent__c":15.00}]|0x2e354923
15:40:45.332 (1422399032)|STATEMENT_EXECUTE|[68]
15:40:45.332 (1422411919)|HEAP_ALLOCATE|[68]|Bytes:4
15:40:45.332 (1422422972)|VARIABLE_SCOPE_BEGIN|[68]|mapMargin|Map<String,Margem__c>|true|false
15:40:45.332 (1422433002)|VARIABLE_ASSIGNMENT|[68]|mapMargin|{}|0x1f0e8e15
15:40:45.332 (1422469904)|HEAP_ALLOCATE|[69]|Bytes:5
15:40:45.332 (1422485863)|HEAP_ALLOCATE|[69]|Bytes:24
15:40:45.332 (1422493651)|VARIABLE_SCOPE_BEGIN|[69]|m|Margem__c|true|false
15:40:45.332 (1422521396)|VARIABLE_ASSIGNMENT|[69]|m|{"Account__c":"001g8000009VmcfAAC","Product__c":"01tg8000001RPszAAG","Id":"a00g800000PiOpBAAV","State__c":"a04g8000000b50jAAA","MarginValuePercent__c":15.00}|0x6ca13a8a
15:40:45.332 (1422526525)|STATEMENT_EXECUTE|[69]
15:40:45.332 (1422527748)|STATEMENT_EXECUTE|[70]
15:40:45.332 (1422570659)|HEAP_ALLOCATE|[70]|Bytes:18
15:40:45.332 (1422577995)|VARIABLE_SCOPE_BEGIN|[70]|p|String|false|false
15:40:45.332 (1422583692)|VARIABLE_ASSIGNMENT|[70]|p|"01tg8000001RPszAAG"
15:40:45.332 (1422586168)|STATEMENT_EXECUTE|[71]
15:40:45.332 (1422593041)|HEAP_ALLOCATE|[71]|Bytes:18
15:40:45.332 (1422597808)|VARIABLE_SCOPE_BEGIN|[71]|a|String|false|false
15:40:45.332 (1422601926)|VARIABLE_ASSIGNMENT|[71]|a|"001g8000009VmcfAAC"
15:40:45.332 (1422603945)|STATEMENT_EXECUTE|[72]
15:40:45.332 (1422612608)|HEAP_ALLOCATE|[72]|Bytes:18
15:40:45.332 (1422616795)|VARIABLE_SCOPE_BEGIN|[72]|l|String|false|false
15:40:45.332 (1422621088)|VARIABLE_ASSIGNMENT|[72]|l|"a04g8000000b50jAAA"
15:40:45.332 (1422623347)|STATEMENT_EXECUTE|[75]
15:40:45.332 (1422625520)|HEAP_ALLOCATE|[75]|Bytes:1
15:40:45.332 (1422633902)|HEAP_ALLOCATE|[75]|Bytes:56
15:40:45.332 (1422636043)|VARIABLE_SCOPE_BEGIN|[75]|compositeKey|String|false|false
15:40:45.332 (1422642571)|VARIABLE_ASSIGNMENT|[75]|compositeKey|"01tg8000001RPszAAG_0 (36 more) ..."
15:40:45.332 (1422644944)|STATEMENT_EXECUTE|[76]
15:40:45.332 (1422654250)|HEAP_ALLOCATE|[EXTERNAL]|Bytes:-4
15:40:45.332 (1422658612)|STATEMENT_EXECUTE|[77]
15:40:45.332 (1422659968)|HEAP_ALLOCATE|[77]|Bytes:28
15:40:45.332 (1422666160)|HEAP_ALLOCATE|[77]|Bytes:84
15:40:45.332 (1422683278)|USER_DEBUG|[77]|DEBUG|MAPA MARGEM - Chave Gerada: 01tg8000001RPszAAG_001g8000009VmcfAAC_a04g8000000b50jAAA
15:40:45.332 (1422692512)|HEAP_ALLOCATE|[69]|Bytes:5
15:40:45.332 (1422698817)|VARIABLE_ASSIGNMENT|[69]|m|null|
15:40:45.332 (1422702361)|STATEMENT_EXECUTE|[81]
15:40:45.332 (1422712897)|HEAP_ALLOCATE|[81]|Bytes:1
15:40:45.332 (1422721362)|METHOD_ENTRY|[1]|01pg8000001w1Mg|TaxSelector.TaxSelector()
15:40:45.332 (1422723996)|STATEMENT_EXECUTE|[1]
15:40:45.332 (1422726198)|STATEMENT_EXECUTE|[1]
15:40:45.332 (1422729255)|METHOD_EXIT|[1]|TaxSelector
15:40:45.332 (1422734005)|METHOD_ENTRY|[81]|01pg8000001w1Mg|TaxSelector.getTaxApproved()
15:40:45.332 (1422743689)|STATEMENT_EXECUTE|[2]
15:40:45.332 (1422744575)|STATEMENT_EXECUTE|[3]
15:40:45.332 (1422746387)|HEAP_ALLOCATE|[3]|Bytes:103
15:40:45.332 (1422753722)|HEAP_ALLOCATE|[3]|Bytes:4
15:40:45.332 (1423006356)|SOQL_EXECUTE_BEGIN|[3]|Aggregations:0|SELECT Product__c, State__c, DistributionCenter__c, TaxRate__c FROM Tax__c WHERE Status__c = 'Approved'
15:40:45.332 (1516072227)|SOQL_EXECUTE_END|[3]|Rows:1
15:40:45.332 (1516125609)|HEAP_ALLOCATE|[3]|Bytes:8
15:40:45.332 (1516174081)|HEAP_ALLOCATE|[3]|Bytes:184
15:40:45.332 (1516269855)|HEAP_ALLOCATE|[3]|Bytes:8
15:40:45.332 (1516309172)|METHOD_EXIT|[81]|01pg8000001w1Mg|TaxSelector.getTaxApproved()
15:40:45.332 (1516322775)|VARIABLE_SCOPE_BEGIN|[81]|listTaxes|List<Tax__c>|true|false
15:40:45.332 (1516507027)|VARIABLE_ASSIGNMENT|[81]|listTaxes|[{"DistributionCenter__c":"a06g8000001ga3JAAQ","Product__c":"01tg8000001RPszAAG","TaxRate__c":10.00,"Id":"a09g8000002D1efAAC","State__c":"a04g8000000b50jAAA"}]|0x121dae43
15:40:45.332 (1516521353)|STATEMENT_EXECUTE|[83]
15:40:45.332 (1516547446)|HEAP_ALLOCATE|[83]|Bytes:4
15:40:45.332 (1516573350)|VARIABLE_SCOPE_BEGIN|[83]|mapTaxByCompositeKey|Map<String,Tax__c>|true|false
15:40:45.332 (1516604667)|VARIABLE_ASSIGNMENT|[83]|mapTaxByCompositeKey|{}|0x35275353
15:40:45.332 (1516666416)|HEAP_ALLOCATE|[84]|Bytes:5
15:40:45.332 (1516694895)|HEAP_ALLOCATE|[84]|Bytes:24
15:40:45.332 (1516707780)|VARIABLE_SCOPE_BEGIN|[84]|t|Tax__c|true|false
15:40:45.332 (1516759039)|VARIABLE_ASSIGNMENT|[84]|t|{"DistributionCenter__c":"a06g8000001ga3JAAQ","Product__c":"01tg8000001RPszAAG","TaxRate__c":10.00,"Id":"a09g8000002D1efAAC","State__c":"a04g8000000b50jAAA"}|0x449d015b
15:40:45.332 (1516768026)|STATEMENT_EXECUTE|[84]
15:40:45.332 (1516769697)|STATEMENT_EXECUTE|[85]
15:40:45.332 (1516822958)|HEAP_ALLOCATE|[85]|Bytes:18
15:40:45.332 (1516840659)|HEAP_ALLOCATE|[86]|Bytes:18
15:40:45.332 (1516853813)|HEAP_ALLOCATE|[87]|Bytes:18
15:40:45.332 (1516868600)|HEAP_ALLOCATE|[85]|Bytes:54
15:40:45.332 (1516873616)|VARIABLE_SCOPE_BEGIN|[85]|key|String|false|false
15:40:45.332 (1516884339)|VARIABLE_ASSIGNMENT|[85]|key|"01tg8000001RPszAAGa0 (34 more) ..."
15:40:45.332 (1516888988)|STATEMENT_EXECUTE|[88]
15:40:45.332 (1516904185)|HEAP_ALLOCATE|[EXTERNAL]|Bytes:-4
15:40:45.332 (1516918618)|HEAP_ALLOCATE|[84]|Bytes:5
15:40:45.332 (1516929294)|VARIABLE_ASSIGNMENT|[84]|t|null|
15:40:45.332 (1516935070)|STATEMENT_EXECUTE|[92]
15:40:45.332 (1516954304)|HEAP_ALLOCATE|[92]|Bytes:1
15:40:45.332 (1516972288)|METHOD_ENTRY|[1]|01pg8000001w1MY|FreightSelector.FreightSelector()
15:40:45.332 (1516976755)|STATEMENT_EXECUTE|[1]
15:40:45.332 (1516980260)|STATEMENT_EXECUTE|[1]
15:40:45.332 (1516986694)|METHOD_EXIT|[1]|FreightSelector
15:40:45.332 (1516995688)|METHOD_ENTRY|[92]|01pg8000001w1MY|FreightSelector.getFreightApproved()
15:40:45.332 (1517020540)|STATEMENT_EXECUTE|[2]
15:40:45.332 (1517023377)|STATEMENT_EXECUTE|[3]
15:40:45.332 (1517029525)|HEAP_ALLOCATE|[3]|Bytes:154
15:40:45.332 (1517046257)|HEAP_ALLOCATE|[3]|Bytes:4
15:40:45.332 (1517683317)|SOQL_EXECUTE_BEGIN|[3]|Aggregations:0|SELECT Product__c, City__c, State__c, Country__c, DistributionCenter__c, FreightValue__c, ProductHierarchy__c FROM Freight__c WHERE Status__c = 'Approved'
15:40:45.332 (1521527768)|SOQL_EXECUTE_END|[3]|Rows:1
15:40:45.332 (1521559077)|HEAP_ALLOCATE|[3]|Bytes:8
15:40:45.332 (1521585478)|HEAP_ALLOCATE|[3]|Bytes:189
15:40:45.332 (1521652342)|HEAP_ALLOCATE|[3]|Bytes:8
15:40:45.332 (1521683922)|METHOD_EXIT|[92]|01pg8000001w1MY|FreightSelector.getFreightApproved()
15:40:45.332 (1521699603)|VARIABLE_SCOPE_BEGIN|[92]|listFreights|List<Freight__c>|true|false
15:40:45.332 (1521830109)|VARIABLE_ASSIGNMENT|[92]|listFreights|[{"DistributionCenter__c":"a06g8000001ga3JAAQ","Product__c":"01tg8000001RPszAAG","Id":"a0Ag8000000gFdlEAE","State__c":"a04g8000000b50jAAA","FreightValue__c":700.00}]|0x69b9ea73
15:40:45.332 (1521842903)|STATEMENT_EXECUTE|[94]
15:40:45.332 (1521866586)|HEAP_ALLOCATE|[94]|Bytes:4
15:40:45.332 (1521885649)|VARIABLE_SCOPE_BEGIN|[94]|mapFreight|Map<String,Freight__c>|true|false
15:40:45.332 (1521900635)|VARIABLE_ASSIGNMENT|[94]|mapFreight|{}|0x478fee40
15:40:45.332 (1521945457)|HEAP_ALLOCATE|[95]|Bytes:5
15:40:45.332 (1521966494)|HEAP_ALLOCATE|[95]|Bytes:24
15:40:45.332 (1521976799)|VARIABLE_SCOPE_BEGIN|[95]|f|Freight__c|true|false
15:40:45.332 (1522009750)|VARIABLE_ASSIGNMENT|[95]|f|{"DistributionCenter__c":"a06g8000001ga3JAAQ","Product__c":"01tg8000001RPszAAG","Id":"a0Ag8000000gFdlEAE","State__c":"a04g8000000b50jAAA","FreightValue__c":700.00}|0x7b2c74c9
15:40:45.332 (1522015776)|STATEMENT_EXECUTE|[95]
15:40:45.332 (1522016894)|STATEMENT_EXECUTE|[96]
15:40:45.332 (1522055910)|HEAP_ALLOCATE|[96]|Bytes:18
15:40:45.332 (1522063473)|VARIABLE_SCOPE_BEGIN|[96]|quem|String|false|false
15:40:45.332 (1522069095)|VARIABLE_ASSIGNMENT|[96]|quem|"01tg8000001RPszAAG"
15:40:45.332 (1522071422)|STATEMENT_EXECUTE|[97]
15:40:45.332 (1522080091)|HEAP_ALLOCATE|[97]|Bytes:18
15:40:45.332 (1522084236)|VARIABLE_SCOPE_BEGIN|[97]|onde|String|false|false
15:40:45.332 (1522089011)|VARIABLE_ASSIGNMENT|[97]|onde|"a04g8000000b50jAAA"
15:40:45.332 (1522091110)|STATEMENT_EXECUTE|[99]
15:40:45.332 (1522098526)|HEAP_ALLOCATE|[99]|Bytes:37
15:40:45.332 (1522100652)|VARIABLE_SCOPE_BEGIN|[99]|key|String|false|false
15:40:45.332 (1522106308)|VARIABLE_ASSIGNMENT|[99]|key|"01tg8000001RPszAAG_a (17 more) ..."
15:40:45.332 (1522109416)|STATEMENT_EXECUTE|[101]
15:40:45.332 (1522121766)|HEAP_ALLOCATE|[EXTERNAL]|Bytes:-4
15:40:45.332 (1522127621)|STATEMENT_EXECUTE|[102]
15:40:45.332 (1522129647)|HEAP_ALLOCATE|[102]|Bytes:27
15:40:45.332 (1522136993)|HEAP_ALLOCATE|[102]|Bytes:64
15:40:45.332 (1522154254)|USER_DEBUG|[102]|DEBUG|MAPA FRETE - Chave Gerada: 01tg8000001RPszAAG_a04g8000000b50jAAA
15:40:45.332 (1522166776)|HEAP_ALLOCATE|[95]|Bytes:5
15:40:45.332 (1522176289)|VARIABLE_ASSIGNMENT|[95]|f|null|
15:40:45.332 (1522198855)|HEAP_ALLOCATE|[106]|Bytes:5
15:40:45.332 (1522214050)|HEAP_ALLOCATE|[106]|Bytes:4
15:40:45.332 (1522220000)|VARIABLE_SCOPE_BEGIN|[106]|item|OrderItem|true|false
15:40:45.332 (1522799673)|VARIABLE_ASSIGNMENT|[106]|item|{"Product_Code_Display__c":"TRT 7","IsDeleted":false,"UnitPrice":0.00,"Product2Id":"01tg8000001RPszAAG","PricebookEntryId":"01ug8000000gSxZAAU","TotalPrice":0.00,"Quantity":0.00,"ListPrice":1000.00,"OrderId":"801g8000009VmchAAC"}|0x550dc53e
15:40:45.332 (1522806760)|STATEMENT_EXECUTE|[106]
15:40:45.332 (1522807866)|STATEMENT_EXECUTE|[107]
15:40:45.332 (1522827104)|VARIABLE_SCOPE_BEGIN|[107]|pedido|Order|true|false
15:40:45.332 (1522889526)|VARIABLE_ASSIGNMENT|[107]|pedido|{"Status":"Draft","City__c":"a05g8000002BeozAAC","Country__c":"a03g80000084ySPAAY","AccountId":"001g8000009VmcfAAC","DistributionCenter__c":"a06g8000001ga3JAAQ","Id":"801g8000009VmchAAC","State__c":"a04g8000000b50jAAA"}|0x609e6cde
15:40:45.332 (1522893871)|STATEMENT_EXECUTE|[108]
15:40:45.332 (1522905171)|VARIABLE_SCOPE_BEGIN|[108]|produto|Product2|true|false
15:40:45.332 (1522933713)|VARIABLE_ASSIGNMENT|[108]|produto|{"ProductionCost__c":300000.00,"ProductHierarchy__c":"a01g8000009VmcgAAC","Id":"01tg8000001RPszAAG"}|0x701001db
15:40:45.332 (1522936802)|STATEMENT_EXECUTE|[109]
15:40:45.332 (1522947923)|VARIABLE_SCOPE_BEGIN|[109]|cliente|Account|true|false
15:40:45.332 (1522972809)|VARIABLE_ASSIGNMENT|[109]|cliente|{"AccountGroup__c":"a02g8000002mPHVAA2","Id":"001g8000009VmcfAAC"}|0x56dc87d8
15:40:45.332 (1522997656)|HEAP_ALLOCATE|[113]|Bytes:28
15:40:45.332 (1523009591)|HEAP_ALLOCATE|[113]|Bytes:28
15:40:45.332 (1523012690)|HEAP_ALLOCATE|[113]|Bytes:28
15:40:45.332 (1523061499)|STATEMENT_EXECUTE|[113]
15:40:45.332 (1523062950)|STATEMENT_EXECUTE|[114]
15:40:45.332 (1523065636)|HEAP_ALLOCATE|[114]|Bytes:76
15:40:45.332 (1523268727)|VF_PAGE_MESSAGE|Não é possível cadastrar produtos do pedido com quantidade ou preço zerados.
15:40:45.332 (1523285556)|STATEMENT_EXECUTE|[115]
15:40:45.332 (1523305522)|HEAP_ALLOCATE|[106]|Bytes:5
15:40:45.332 (1523324716)|VARIABLE_ASSIGNMENT|[106]|item|null|
15:40:45.332 (1523340637)|METHOD_EXIT|[20]|01pg8000001EZwd|OrdemItemHandler.executePricingLogic()
15:40:45.332 (1523350344)|STATEMENT_EXECUTE|[21]
15:40:45.332 (1523370232)|METHOD_ENTRY|[21]|01pg8000001EZwd|OrdemItemHandler.checkDuplicateProducts()
15:40:45.332 (1523384560)|VARIABLE_SCOPE_BEGIN|[145]|this|OrdemItemHandler|true|false
15:40:45.332 (1523474125)|VARIABLE_ASSIGNMENT|[145]|this|{"newRecords":"0xaaed266","handlerName":"OrderItemHandler","isTriggerExecuting":true,"triggerEvent":"0x2c8bc884"}|0x2f8b4e84
15:40:45.332 (1523506098)|STATEMENT_EXECUTE|[145]
15:40:45.332 (1523508694)|STATEMENT_EXECUTE|[146]
15:40:45.332 (1523537140)|HEAP_ALLOCATE|[146]|Bytes:4
15:40:45.332 (1523563583)|VARIABLE_SCOPE_BEGIN|[146]|setOrderIds|Set<Id>|true|false
15:40:45.332 (1523614880)|VARIABLE_ASSIGNMENT|[146]|setOrderIds|[]|0x6e198ead
15:40:45.332 (1523623737)|STATEMENT_EXECUTE|[147]
15:40:45.332 (1523630253)|HEAP_ALLOCATE|[147]|Bytes:4
15:40:45.332 (1523645814)|VARIABLE_SCOPE_BEGIN|[147]|setProductIds|Set<Id>|true|false
15:40:45.332 (1523665174)|VARIABLE_ASSIGNMENT|[147]|setProductIds|[]|0x768b259b
15:40:45.332 (1523705079)|HEAP_ALLOCATE|[149]|Bytes:5
15:40:45.332 (1523726255)|HEAP_ALLOCATE|[149]|Bytes:4
15:40:45.332 (1523738423)|VARIABLE_SCOPE_BEGIN|[149]|ot|OrderItem|true|false
15:40:45.332 (1524577362)|VARIABLE_ASSIGNMENT|[149]|ot|{"Product_Code_Display__c":"TRT 7","IsDeleted":false,"UnitPrice":0.00,"Product2Id":"01tg8000001RPszAAG","PricebookEntryId":"01ug8000000gSxZAAU","TotalPrice":0.00,"Quantity":0.00,"ListPrice":1000.00,"OrderId":"801g8000009VmchAAC"}|0x550dc53e
15:40:45.332 (1524611112)|STATEMENT_EXECUTE|[149]
15:40:45.332 (1524612963)|STATEMENT_EXECUTE|[150]
15:40:45.332 (1524638401)|HEAP_ALLOCATE|[EXTERNAL]|Bytes:4
15:40:45.332 (1524646306)|STATEMENT_EXECUTE|[151]
15:40:45.332 (1524651809)|HEAP_ALLOCATE|[EXTERNAL]|Bytes:4
15:40:45.332 (1524665246)|HEAP_ALLOCATE|[149]|Bytes:5
15:40:45.332 (1524677084)|VARIABLE_ASSIGNMENT|[149]|ot|null|
15:40:45.332 (1524680412)|STATEMENT_EXECUTE|[154]
15:40:45.332 (1524700077)|HEAP_ALLOCATE|[154]|Bytes:4
15:40:45.332 (1524714107)|METHOD_ENTRY|[1]|01pg8000001w1Mc|OrderItemSelector.OrderItemSelector()
15:40:45.332 (1524717312)|STATEMENT_EXECUTE|[1]
15:40:45.332 (1524719629)|STATEMENT_EXECUTE|[1]
15:40:45.332 (1524724066)|METHOD_EXIT|[1]|OrderItemSelector
15:40:45.332 (1524730915)|METHOD_ENTRY|[154]|01pg8000001w1Mc|OrderItemSelector.getOrderItemByIds(Set<Id>, Set<Id>)
15:40:45.332 (1524735306)|VARIABLE_SCOPE_BEGIN|[2]|orderIds|Set<Id>|true|false
15:40:45.332 (1524747284)|VARIABLE_ASSIGNMENT|[2]|orderIds|["801g8000009VmchAAC"]|0x6e198ead
15:40:45.332 (1524750851)|VARIABLE_SCOPE_BEGIN|[2]|productIds|Set<Id>|true|false
15:40:45.332 (1524757683)|VARIABLE_ASSIGNMENT|[2]|productIds|["01tg8000001RPszAAG"]|0x768b259b
15:40:45.332 (1524771192)|STATEMENT_EXECUTE|[2]
15:40:45.332 (1524772697)|STATEMENT_EXECUTE|[3]
15:40:45.332 (1524776389)|HEAP_ALLOCATE|[3]|Bytes:98
15:40:45.332 (1524826729)|HEAP_ALLOCATE|[3]|Bytes:4
15:40:45.332 (1524841339)|HEAP_ALLOCATE|[3]|Bytes:7
15:40:45.332 (1525461694)|SOQL_EXECUTE_BEGIN|[3]|Aggregations:0|SELECT Id, OrderId, Product2Id FROM OrderItem WHERE (OrderId = :tmpVar1 AND Product2Id = :tmpVar2)
15:40:45.332 (1528090488)|SOQL_EXECUTE_END|[3]|Rows:0
15:40:45.332 (1528131808)|HEAP_ALLOCATE|[3]|Bytes:4
15:40:45.332 (1528149187)|HEAP_ALLOCATE|[3]|Bytes:0
15:40:45.332 (1528201416)|HEAP_ALLOCATE|[3]|Bytes:4
15:40:45.332 (1528223364)|METHOD_EXIT|[154]|01pg8000001w1Mc|OrderItemSelector.getOrderItemByIds(Set<Id>, Set<Id>)
15:40:45.332 (1528231427)|VARIABLE_SCOPE_BEGIN|[154]|existingItens|List<OrderItem>|true|false
15:40:45.332 (1528252441)|VARIABLE_ASSIGNMENT|[154]|existingItens|[]|0x71ff2da0
15:40:45.332 (1528260698)|STATEMENT_EXECUTE|[156]
15:40:45.332 (1528273550)|HEAP_ALLOCATE|[156]|Bytes:4
15:40:45.332 (1528290305)|VARIABLE_SCOPE_BEGIN|[156]|comparacao|Set<String>|true|false
15:40:45.332 (1528313082)|VARIABLE_ASSIGNMENT|[156]|comparacao|[]|0x6760a840
15:40:45.332 (1528345638)|HEAP_ALLOCATE|[157]|Bytes:5
15:40:45.332 (1528426201)|VARIABLE_ASSIGNMENT|[157]|it|null|
15:40:45.332 (1528431548)|STATEMENT_EXECUTE|[157]
15:40:45.332 (1528445917)|HEAP_ALLOCATE|[161]|Bytes:5
15:40:45.332 (1528460938)|HEAP_ALLOCATE|[161]|Bytes:4
15:40:45.332 (1528469523)|VARIABLE_SCOPE_BEGIN|[161]|newItem|OrderItem|true|false
15:40:45.332 (1557330502)|VARIABLE_ASSIGNMENT|[161]|newItem|{"Product_Code_Display__c":"TRT 7","IsDeleted":false,"UnitPrice":0.00,"Product2Id":"01tg8000001RPszAAG","PricebookEntryId":"01ug8000000gSxZAAU","TotalPrice":0.00,"Quantity":0.00,"ListPrice":1000.00,"OrderId":"801g8000009VmchAAC"}|0x550dc53e
15:40:45.332 (1557368666)|STATEMENT_EXECUTE|[161]
15:40:45.332 (1557370203)|STATEMENT_EXECUTE|[162]
15:40:45.332 (1557467353)|HEAP_ALLOCATE|[162]|Bytes:18
15:40:45.332 (1557484038)|HEAP_ALLOCATE|[162]|Bytes:1
15:40:45.332 (1557492131)|HEAP_ALLOCATE|[162]|Bytes:18
15:40:45.332 (1557500828)|HEAP_ALLOCATE|[162]|Bytes:37
15:40:45.332 (1557507449)|VARIABLE_SCOPE_BEGIN|[162]|keyCombo|String|false|false
15:40:45.332 (1557522432)|VARIABLE_ASSIGNMENT|[162]|keyCombo|"801g8000009VmchAAC-0 (17 more) ..."
15:40:45.332 (1557547408)|STATEMENT_EXECUTE|[166]
15:40:45.332 (1557548328)|STATEMENT_EXECUTE|[168]
15:40:45.332 (1557554020)|HEAP_ALLOCATE|[EXTERNAL]|Bytes:4
15:40:45.332 (1557586400)|HEAP_ALLOCATE|[161]|Bytes:5
15:40:45.332 (1557602990)|VARIABLE_ASSIGNMENT|[161]|newItem|null|
15:40:45.332 (1557616812)|METHOD_EXIT|[21]|01pg8000001EZwd|OrdemItemHandler.checkDuplicateProducts()
15:40:45.332 (1557624108)|METHOD_EXIT|[137]|01pg8000001EZwd|OrdemItemHandler.beforeInsert()
15:40:45.332 (1557628240)|STATEMENT_EXECUTE|[158]
15:40:45.332 (1557647913)|METHOD_ENTRY|[158]|01pg80000019iSf|TriggerHandler.andFinally()
15:40:45.332 (1557653661)|VARIABLE_SCOPE_BEGIN|[746]|this|TriggerHandler|true|false
15:40:45.332 (1557713335)|VARIABLE_ASSIGNMENT|[746]|this|{"newRecords":"0xaaed266","handlerName":"OrderItemHandler","isTriggerExecuting":true,"triggerEvent":"0x2c8bc884"}|0x2f8b4e84
15:40:45.332 (1557731845)|STATEMENT_EXECUTE|[746]
15:40:45.332 (1557733494)|METHOD_EXIT|[158]|01pg80000019iSf|TriggerHandler.andFinally()
15:40:45.332 (1557739362)|STATEMENT_EXECUTE|[160]
15:40:45.332 (1557741455)|STATEMENT_EXECUTE|[176]
15:40:45.332 (1557744726)|METHOD_EXIT|[2]|01pg80000019iSf|TriggerHandler.run()
15:40:45.557 (1557753462)|CUMULATIVE_LIMIT_USAGE
15:40:45.557 (1557753462)|LIMIT_USAGE_FOR_NS|(default)|
  Number of SOQL queries: 3 out of 100
  Number of query rows: 3 out of 50000
  Number of SOSL queries: 0 out of 20
  Number of DML statements: 13 out of 150
  Number of Publish Immediate DML: 0 out of 150
  Number of DML rows: 13 out of 10000
  Maximum CPU time: 102 out of 10000
  Maximum heap size: 0 out of 6000000
  Number of callouts: 0 out of 100
  Number of Email Invocations: 0 out of 10
  Number of future calls: 0 out of 50
  Number of queueable jobs added to the queue: 0 out of 50
  Number of Mobile Apex push calls: 0 out of 10

15:40:45.557 (1557753462)|TESTING_LIMITS
15:40:45.557 (1557753462)|LIMIT_USAGE_FOR_NS|(default)|
  Number of SOQL queries: 8 out of 100
  Number of query rows: 7 out of 50000
  Number of SOSL queries: 0 out of 20
  Number of DML statements: 1 out of 150
  Number of Publish Immediate DML: 0 out of 150
  Number of DML rows: 1 out of 10000
  Maximum CPU time: 0 out of 10000
  Maximum heap size: 0 out of 6000000
  Number of callouts: 0 out of 100
  Number of Email Invocations: 0 out of 10
  Number of future calls: 0 out of 50
  Number of queueable jobs added to the queue: 0 out of 50
  Number of Mobile Apex push calls: 0 out of 10

15:40:45.557 (1557753462)|CUMULATIVE_LIMIT_USAGE_END

15:40:45.332 (1557996193)|CODE_UNIT_FINISHED|OrdemItemTrigger on OrderItem trigger event BeforeInsert|__sfdc_trigger/OrdemItemTrigger
15:40:45.332 (1559845095)|DML_END|[142]
15:40:45.332 (1559907709)|EXCEPTION_THROWN|[142]|System.DmlException: Insert failed. First exception on row 0; first error: FIELD_CUSTOM_VALIDATION_EXCEPTION, Não é possível cadastrar produtos do pedido com quantidade ou preço zerados.: []
15:40:45.332 (1560445149)|HEAP_ALLOCATE|[142]|Bytes:173
15:40:45.332 (1560495350)|VARIABLE_SCOPE_BEGIN|[144]|e|System.DmlException|true|false
15:40:45.332 (1561367594)|VARIABLE_ASSIGNMENT|[144]|e|"common.apex.runtime.impl.DmlExecutionException: Insert failed. First exception on row 0; first error: FIELD_CUSTOM_VALIDATION_EXCEPTION, Não é possível cadastrar produtos do pedido com quantidade ou preço zerados.: []"|0x38e297ee
15:40:45.332 (1561412414)|STATEMENT_EXECUTE|[144]
15:40:45.332 (1561413681)|STATEMENT_EXECUTE|[145]
15:40:45.332 (1561475341)|HEAP_ALLOCATE|[145]|Bytes:169
15:40:45.332 (1561486825)|HEAP_ALLOCATE|[145]|Bytes:33
15:40:45.332 (1561523288)|HEAP_ALLOCATE|[145]|Bytes:26
15:40:45.332 (1561541521)|HEAP_ALLOCATE|[145]|Bytes:51
15:40:45.332 (1561558451)|SYSTEM_METHOD_ENTRY|[4]|Assert.Assert()
15:40:45.332 (1561560756)|STATEMENT_EXECUTE|[4]
15:40:45.332 (1561570502)|SYSTEM_METHOD_EXIT|[4]|Assert
15:40:45.332 (1561579649)|METHOD_ENTRY|[145]||System.Assert.isTrue(Boolean, String)
15:40:45.332 (1561646007)|METHOD_EXIT|[145]||System.Assert.isTrue(Boolean, String)
15:40:45.332 (1561649108)|STATEMENT_EXECUTE|[147]
15:40:45.332 (1561654764)|METHOD_ENTRY|[147]||System.Test.stopTest()
15:40:45.332 (1561801478)|METHOD_EXIT|[147]||System.Test.stopTest()
15:40:45.561 (1561812085)|CUMULATIVE_LIMIT_USAGE
15:40:45.561 (1561812085)|LIMIT_USAGE_FOR_NS|(default)|
  Number of SOQL queries: 3 out of 100
  Number of query rows: 3 out of 50000
  Number of SOSL queries: 0 out of 20
  Number of DML statements: 13 out of 150
  Number of Publish Immediate DML: 0 out of 150
  Number of DML rows: 13 out of 10000
  Maximum CPU time: 102 out of 10000
  Maximum heap size: 0 out of 6000000
  Number of callouts: 0 out of 100
  Number of Email Invocations: 0 out of 10
  Number of future calls: 0 out of 50
  Number of queueable jobs added to the queue: 0 out of 50
  Number of Mobile Apex push calls: 0 out of 10

15:40:45.561 (1561812085)|TESTING_LIMITS
15:40:45.561 (1561812085)|LIMIT_USAGE_FOR_NS|(default)|
  Number of SOQL queries: 0 out of 100
  Number of query rows: 0 out of 50000
  Number of SOSL queries: 0 out of 20
  Number of DML statements: 1 out of 150
  Number of Publish Immediate DML: 0 out of 150
  Number of DML rows: 1 out of 10000
  Maximum CPU time: 0 out of 10000
  Maximum heap size: 0 out of 6000000
  Number of callouts: 0 out of 100
  Number of Email Invocations: 0 out of 10
  Number of future calls: 0 out of 50
  Number of queueable jobs added to the queue: 0 out of 50
  Number of Mobile Apex push calls: 0 out of 10

15:40:45.561 (1561812085)|CUMULATIVE_LIMIT_USAGE_END

15:40:45.332 (1561837694)|CODE_UNIT_FINISHED|OrderItemHandlerTest.shouldNotAllowZeroQuantity()
15:40:45.332 (1561843833)|EXECUTION_FINISHED
