66.0 APEX_CODE,FINEST;APEX_PROFILING,INFO;CALLOUT,INFO;DATA_ACCESS,INFO;DB,INFO;NBA,INFO;SYSTEM,DEBUG;VALIDATION,INFO;VISUALFORCE,INFO;WAVE,INFO;WORKFLOW,INFO
13:15:07.7 (7770363)|USER_INFO|[EXTERNAL]|005g80000010N45|sabrina.jesus@resourceful-moose-fmmd11.com|(GMT-03:00) Brasilia Standard Time (America/Sao_Paulo)|GMT-03:00
13:15:07.7 (7818266)|EXECUTION_STARTED
13:15:07.7 (7832605)|CODE_UNIT_STARTED|[EXTERNAL]|TRIGGERS
13:15:07.7 (7872709)|CODE_UNIT_STARTED|[EXTERNAL]|01qg8000000Fou9|OrdemItemTrigger on OrderItem trigger event BeforeInsert|__sfdc_trigger/OrdemItemTrigger
13:15:07.7 (7926149)|HEAP_ALLOCATE|[EXTERNAL]|Bytes:24
13:15:07.7 (9715481)|HEAP_ALLOCATE|[95]|Bytes:3
13:15:07.7 (9781870)|HEAP_ALLOCATE|[100]|Bytes:152
13:15:07.7 (9804998)|HEAP_ALLOCATE|[417]|Bytes:408
13:15:07.7 (9821938)|HEAP_ALLOCATE|[430]|Bytes:408
13:15:07.7 (9849351)|HEAP_ALLOCATE|[317]|Bytes:6
13:15:07.7 (9906637)|HEAP_ALLOCATE|[EXTERNAL]|Bytes:4
13:15:07.7 (9938100)|VARIABLE_SCOPE_BEGIN|[1]|this|OrdemItemTrigger|true|false
13:15:07.7 (10157240)|VARIABLE_ASSIGNMENT|[1]|this|{}|0x6b94a25d
13:15:07.7 (10243907)|HEAP_ALLOCATE|[EXTERNAL]|Bytes:4
13:15:07.7 (10282959)|VARIABLE_SCOPE_BEGIN|[1]|this|OrdemItemTrigger|true|false
13:15:07.7 (10297112)|VARIABLE_ASSIGNMENT|[1]|this|{}|0x6b94a25d
13:15:07.7 (10312975)|STATEMENT_EXECUTE|[1]
13:15:07.7 (10315099)|STATEMENT_EXECUTE|[2]
13:15:07.7 (35500696)|VARIABLE_SCOPE_BEGIN|[63]|TriggerHandler.BYPASS_ALL_ALIAS|String|false|true
13:15:07.7 (35524816)|VARIABLE_SCOPE_BEGIN|[839]|TriggerHandler.ERROR_TRIGGERCONTEXT|String|false|true
13:15:07.7 (35602548)|VARIABLE_SCOPE_BEGIN|[26]|TriggerHandler.bypassedHandlers|Set<String>|true|true
13:15:07.7 (35616021)|VARIABLE_SCOPE_BEGIN|[32]|TriggerHandler.globalBypass|Boolean|false|true
13:15:07.7 (35939663)|VARIABLE_SCOPE_BEGIN|[20]|TriggerHandler.loopCountMap|Map<String,TriggerHandler.LoopCount>|true|true
13:15:07.7 (35951076)|VARIABLE_SCOPE_BEGIN|[44]|TriggerHandler.showDebug|Boolean|false|true
13:15:07.7 (35957123)|VARIABLE_SCOPE_BEGIN|[38]|TriggerHandler.showLimits|Boolean|false|true
13:15:07.7 (36001725)|HEAP_ALLOCATE|[2]|Bytes:22
13:15:07.7 (36016777)|HEAP_ALLOCATE|[2]|Bytes:26
13:15:07.7 (36072237)|METHOD_ENTRY|[1]|01pg8000001EZwd|OrdemItemHandler.OrdemItemHandler()
13:15:07.7 (36079879)|STATEMENT_EXECUTE|[1]
13:15:07.7 (36089352)|STATEMENT_EXECUTE|[1]
13:15:07.7 (36101789)|METHOD_EXIT|[1]|OrdemItemHandler
13:15:07.7 (36244897)|HEAP_ALLOCATE|[2]|Bytes:32
13:15:07.7 (36287745)|CONSTRUCTOR_ENTRY|[2]|01pg8000001EZwd|<init>()|OrdemItemHandler
13:15:07.7 (36366333)|VARIABLE_SCOPE_BEGIN|[10]|this|OrdemItemHandler|true|false
13:15:07.7 (36436955)|VARIABLE_ASSIGNMENT|[10]|this|{}|0x3a15b3d3
13:15:07.7 (36444324)|STATEMENT_EXECUTE|[1]
13:15:07.7 (36445666)|STATEMENT_EXECUTE|[4]
13:15:07.7 (36447070)|STATEMENT_EXECUTE|[5]
13:15:07.7 (36448008)|STATEMENT_EXECUTE|[6]
13:15:07.7 (36449110)|STATEMENT_EXECUTE|[7]
13:15:07.7 (36449914)|STATEMENT_EXECUTE|[11]
13:15:07.7 (36455035)|HEAP_ALLOCATE|[11]|Bytes:16
13:15:07.7 (36463052)|HEAP_ALLOCATE|[11]|Bytes:33
13:15:07.7 (36467661)|HEAP_ALLOCATE|[11]|Bytes:166
13:15:07.7 (36469873)|HEAP_ALLOCATE|[11]|Bytes:55
13:15:07.7 (36471797)|HEAP_ALLOCATE|[11]|Bytes:9
13:15:07.7 (36498636)|VARIABLE_ASSIGNMENT|[11]|TriggerHandler.BYPASS_ALL_ALIAS|"BypassAll"
13:15:07.7 (36501110)|HEAP_ALLOCATE|[11]|Bytes:51
13:15:07.7 (36507117)|VARIABLE_ASSIGNMENT|[11]|TriggerHandler.ERROR_TRIGGERCONTEXT|"Trigger handler call (31 more) ..."
13:15:07.7 (36521291)|METHOD_ENTRY|[15]|01pg80000019iSf|TriggerHandler.TriggerHandler()
13:15:07.7 (36523710)|STATEMENT_EXECUTE|[15]
13:15:07.7 (36525821)|STATEMENT_EXECUTE|[15]
13:15:07.7 (36526867)|STATEMENT_EXECUTE|[66]
13:15:07.7 (36527650)|STATEMENT_EXECUTE|[67]
13:15:07.7 (36539918)|HEAP_ALLOCATE|[67]|Bytes:4
13:15:07.7 (36592334)|VARIABLE_ASSIGNMENT|[67]|TriggerHandler.loopCountMap|{}|0x7cf945c0
13:15:07.7 (36595602)|STATEMENT_EXECUTE|[68]
13:15:07.7 (36605179)|HEAP_ALLOCATE|[68]|Bytes:4
13:15:07.7 (36682149)|VARIABLE_ASSIGNMENT|[68]|TriggerHandler.bypassedHandlers|[]|0x6b65faa7
13:15:07.7 (36685708)|STATEMENT_EXECUTE|[69]
13:15:07.7 (36705016)|HEAP_ALLOCATE|[68]|Bytes:5
13:15:07.7 (36732373)|HEAP_ALLOCATE|[74]|Bytes:5
13:15:07.7 (36738496)|HEAP_ALLOCATE|[82]|Bytes:7
13:15:07.7 (36765553)|HEAP_ALLOCATE|[69]|Bytes:5
13:15:07.7 (36771054)|VARIABLE_ASSIGNMENT|[69]|TriggerHandler.globalBypass|false
13:15:07.7 (36773001)|STATEMENT_EXECUTE|[70]
13:15:07.7 (36775081)|HEAP_ALLOCATE|[70]|Bytes:5
13:15:07.7 (36778052)|VARIABLE_ASSIGNMENT|[70]|TriggerHandler.showLimits|false
13:15:07.7 (36780005)|STATEMENT_EXECUTE|[71]
13:15:07.7 (36781537)|HEAP_ALLOCATE|[71]|Bytes:5
13:15:07.7 (36784629)|VARIABLE_ASSIGNMENT|[71]|TriggerHandler.showDebug|false
13:15:07.7 (36786552)|STATEMENT_EXECUTE|[755]
13:15:07.7 (36787630)|STATEMENT_EXECUTE|[832]
13:15:07.7 (36790294)|METHOD_EXIT|[15]|TriggerHandler
13:15:07.7 (36794901)|CONSTRUCTOR_ENTRY|[11]|01pg80000019iSf|<init>(String)|TriggerHandler
13:15:07.7 (36892532)|VARIABLE_SCOPE_BEGIN|[107]|this|TriggerHandler|true|false
13:15:07.7 (36910109)|VARIABLE_ASSIGNMENT|[107]|this|{}|0x3a15b3d3
13:15:07.7 (36914596)|VARIABLE_SCOPE_BEGIN|[107]|handlerName|String|false|false
13:15:07.7 (36919969)|VARIABLE_ASSIGNMENT|[107]|handlerName|"OrderItemHandler"
13:15:07.7 (36923904)|STATEMENT_EXECUTE|[15]
13:15:07.7 (36924831)|STATEMENT_EXECUTE|[50]
13:15:07.7 (36925762)|STATEMENT_EXECUTE|[57]
13:15:07.7 (36926783)|STATEMENT_EXECUTE|[671]
13:15:07.7 (36929749)|HEAP_ALLOCATE|[108]|Bytes:6
13:15:07.7 (38297289)|STATEMENT_EXECUTE|[107]
13:15:07.7 (38299807)|STATEMENT_EXECUTE|[108]
13:15:07.7 (38314587)|STATEMENT_EXECUTE|[109]
13:15:07.7 (38347427)|METHOD_ENTRY|[109]|01pg80000019iSf|TriggerHandler.setTriggerContext()
13:15:07.7 (38390436)|VARIABLE_SCOPE_BEGIN|[565]|this|TriggerHandler|true|false
13:15:07.7 (38419649)|VARIABLE_ASSIGNMENT|[565]|this|{"handlerName":"OrderItemHandler"}|0x3a15b3d3
13:15:07.7 (38427423)|STATEMENT_EXECUTE|[565]
13:15:07.7 (38428442)|STATEMENT_EXECUTE|[566]
13:15:07.7 (38554076)|HEAP_ALLOCATE|[566]|Bytes:16
13:15:07.7 (38583192)|METHOD_ENTRY|[566]|01pg80000019iSf|TriggerHandler.setTriggerContext(System.TriggerOperation, Boolean)
13:15:07.7 (38593276)|VARIABLE_SCOPE_BEGIN|[582]|this|TriggerHandler|true|false
13:15:07.7 (38615447)|VARIABLE_ASSIGNMENT|[582]|this|{"handlerName":"OrderItemHandler"}|0x3a15b3d3
13:15:07.7 (38620094)|VARIABLE_SCOPE_BEGIN|[582]|opType|System.TriggerOperation|true|false
13:15:07.7 (38651970)|VARIABLE_ASSIGNMENT|[582]|opType|"BEFORE_INSERT"|0x6f1f1866
13:15:07.7 (38660863)|VARIABLE_SCOPE_BEGIN|[582]|testMode|Boolean|false|false
13:15:07.7 (38667207)|VARIABLE_ASSIGNMENT|[582]|testMode|false
13:15:07.7 (38672840)|STATEMENT_EXECUTE|[582]
13:15:07.7 (38689711)|STATEMENT_EXECUTE|[586]
13:15:07.7 (38691150)|STATEMENT_EXECUTE|[587]
13:15:07.7 (38695767)|HEAP_ALLOCATE|[587]|Bytes:5
13:15:07.7 (38703842)|STATEMENT_EXECUTE|[590]
13:15:07.7 (38705058)|STATEMENT_EXECUTE|[592]
13:15:07.7 (38735639)|HEAP_ALLOCATE|[592]|Bytes:16
13:15:07.7 (38743245)|STATEMENT_EXECUTE|[595]
13:15:07.7 (38764505)|VARIABLE_SCOPE_BEGIN|[595]|context|String|false|false
13:15:07.7 (38776012)|VARIABLE_ASSIGNMENT|[595]|context|"BEFORE_INSERT"
13:15:07.7 (38779377)|STATEMENT_EXECUTE|[597]
13:15:07.7 (38783575)|HEAP_ALLOCATE|[598]|Bytes:13
13:15:07.7 (38861694)|STATEMENT_EXECUTE|[598]
13:15:07.7 (38862972)|STATEMENT_EXECUTE|[599]
13:15:07.7 (38871804)|METHOD_EXIT|[566]|01pg80000019iSf|TriggerHandler.setTriggerContext(System.TriggerOperation, Boolean)
13:15:07.7 (38877314)|METHOD_EXIT|[109]|01pg80000019iSf|TriggerHandler.setTriggerContext()
13:15:07.7 (38886763)|CONSTRUCTOR_EXIT|[11]|01pg80000019iSf|<init>(String)|TriggerHandler
13:15:07.7 (38891962)|STATEMENT_EXECUTE|[10]
13:15:07.7 (38893550)|STATEMENT_EXECUTE|[12]
13:15:07.7 (42476269)|VARIABLE_ASSIGNMENT|[12]|this.newRecords|[{"IsDeleted":false,"UnitPrice":1350000.00,"Product2Id":"01tg8000001BArVAAW","PricebookEntryId":"01ug8000000XnbRAAS","TotalPrice":1350000.00,"Quantity":1.00,"ListPrice":1350000.00,"OrderId":"801g8000007E9NdAAK"},{"IsDeleted":false,"UnitPrice":19500.00,"Product2Id":"01tg8000001BArcAAG","PricebookEntryId":"01ug8000000XoZ7AAK","TotalPrice":19500.00,"Quantity":1.00,"ListPrice":19500.00,"OrderId":"801g8000007E9NdAAK"},{"IsDeleted":false,"UnitPrice":1280000.00,"Product2Id":"01tg8000001BArWAAW","PricebookEntryId":"01ug8000000XnjVAAS","TotalPrice":1280000.00,"Quantity":1.00,"ListPrice":1280000.00,"OrderId":"801g8000007DOjhAAG"},{"IsDeleted":false,"UnitPrice":2800.00,"Product2Id":"01tg8000001BArdAAG","PricebookEntryId":"01ug8000000XmilAAC","TotalPrice":28000.00,"Quantity":10.00,"ListPrice":2800.00,"OrderId":"801g8000007DOjhAAG"},{"IsDeleted":false,"UnitPrice":1280000.00,"Product2Id":"01tg8000001BArWAAW","PricebookEntryId":"01ug8000000XnjVAAS","TotalPrice":1280000.00,"Quantity":1.00,"ListPrice":1280000.00,"OrderId":"801g8000007DgjnAAC"}]|0x3a15b3d3
13:15:07.7 (42499774)|STATEMENT_EXECUTE|[13]
13:15:07.7 (42545296)|VARIABLE_ASSIGNMENT|[13]|this.oldRecords|null|0x3a15b3d3
13:15:07.7 (42548365)|STATEMENT_EXECUTE|[14]
13:15:07.7 (42561511)|VARIABLE_ASSIGNMENT|[14]|this.newRecordsMap|null|0x3a15b3d3
13:15:07.7 (42563783)|STATEMENT_EXECUTE|[15]
13:15:07.7 (42570928)|VARIABLE_ASSIGNMENT|[15]|this.oldRecordsMap|null|0x3a15b3d3
13:15:07.7 (42581310)|CONSTRUCTOR_EXIT|[2]|01pg8000001EZwd|<init>()|OrdemItemHandler
13:15:07.7 (42621546)|METHOD_ENTRY|[2]|01pg80000019iSf|TriggerHandler.run()
13:15:07.7 (42630285)|VARIABLE_SCOPE_BEGIN|[120]|this|TriggerHandler|true|false
13:15:07.7 (42672905)|VARIABLE_ASSIGNMENT|[120]|this|{"newRecords":"0x353c801b","handlerName":"OrderItemHandler","isTriggerExecuting":true,"triggerEvent":"0x6f1f1866"}|0x3a15b3d3
13:15:07.7 (42683058)|STATEMENT_EXECUTE|[120]
13:15:07.7 (42687864)|METHOD_ENTRY|[121]|01pg80000019iSf|TriggerHandler.validateRun()
13:15:07.7 (42705447)|VARIABLE_SCOPE_BEGIN|[661]|this|TriggerHandler|true|false
13:15:07.7 (42718930)|VARIABLE_ASSIGNMENT|[661]|this|{"newRecords":"0x353c801b","handlerName":"OrderItemHandler","isTriggerExecuting":true,"triggerEvent":"0x6f1f1866"}|0x3a15b3d3
13:15:07.7 (42724585)|STATEMENT_EXECUTE|[661]
13:15:07.7 (42734365)|STATEMENT_EXECUTE|[662]
13:15:07.7 (42735664)|STATEMENT_EXECUTE|[665]
13:15:07.7 (42745519)|METHOD_ENTRY|[665]|01pg80000019iSf|TriggerHandler.getHandlerName()
13:15:07.7 (42754357)|VARIABLE_SCOPE_BEGIN|[680]|this|TriggerHandler|true|false
13:15:07.7 (42768100)|VARIABLE_ASSIGNMENT|[680]|this|{"newRecords":"0x353c801b","handlerName":"OrderItemHandler","isTriggerExecuting":true,"triggerEvent":"0x6f1f1866"}|0x3a15b3d3
13:15:07.7 (42772590)|STATEMENT_EXECUTE|[680]
13:15:07.7 (42824088)|STATEMENT_EXECUTE|[681]
13:15:07.7 (42825214)|STATEMENT_EXECUTE|[684]
13:15:07.7 (42829375)|METHOD_EXIT|[665]|01pg80000019iSf|TriggerHandler.getHandlerName()
13:15:07.7 (42861209)|METHOD_EXIT|[121]|01pg80000019iSf|TriggerHandler.validateRun()
13:15:07.7 (42864144)|STATEMENT_EXECUTE|[121]
13:15:07.7 (42867685)|METHOD_ENTRY|[126]|01pg80000019iSf|TriggerHandler.incrementCheckLoopCount()
13:15:07.7 (42873657)|VARIABLE_SCOPE_BEGIN|[634]|this|TriggerHandler|true|false
13:15:07.7 (42885485)|VARIABLE_ASSIGNMENT|[634]|this|{"newRecords":"0x353c801b","handlerName":"OrderItemHandler","isTriggerExecuting":true,"triggerEvent":"0x6f1f1866"}|0x3a15b3d3
13:15:07.7 (42889938)|STATEMENT_EXECUTE|[634]
13:15:07.7 (42891026)|STATEMENT_EXECUTE|[635]
13:15:07.7 (42893328)|METHOD_ENTRY|[635]|01pg80000019iSf|TriggerHandler.getHandlerName()
13:15:07.7 (42897026)|VARIABLE_SCOPE_BEGIN|[680]|this|TriggerHandler|true|false
13:15:07.7 (42907727)|VARIABLE_ASSIGNMENT|[680]|this|{"newRecords":"0x353c801b","handlerName":"OrderItemHandler","isTriggerExecuting":true,"triggerEvent":"0x6f1f1866"}|0x3a15b3d3
13:15:07.7 (42911420)|STATEMENT_EXECUTE|[680]
13:15:07.7 (42918534)|STATEMENT_EXECUTE|[681]
13:15:07.7 (42919349)|STATEMENT_EXECUTE|[684]
13:15:07.7 (42920890)|METHOD_EXIT|[635]|01pg80000019iSf|TriggerHandler.getHandlerName()
13:15:07.7 (42923819)|VARIABLE_SCOPE_BEGIN|[635]|handlerName|String|false|false
13:15:07.7 (42931109)|VARIABLE_ASSIGNMENT|[635]|handlerName|"OrderItemHandler"
13:15:07.7 (42972238)|STATEMENT_EXECUTE|[636]
13:15:07.7 (42973290)|STATEMENT_EXECUTE|[649]
13:15:07.7 (42975216)|METHOD_EXIT|[126]|01pg80000019iSf|TriggerHandler.incrementCheckLoopCount()
13:15:07.7 (42978118)|STATEMENT_EXECUTE|[126]
13:15:07.7 (42980454)|STATEMENT_EXECUTE|[130]
13:15:07.7 (42981480)|STATEMENT_EXECUTE|[135]
13:15:07.7 (43060173)|STATEMENT_EXECUTE|[136]
13:15:07.7 (43061903)|STATEMENT_EXECUTE|[137]
13:15:07.7 (43069655)|METHOD_ENTRY|[137]|01pg8000001EZwd|OrdemItemHandler.beforeInsert()
13:15:07.7 (43082154)|VARIABLE_SCOPE_BEGIN|[22]|this|OrdemItemHandler|true|false
13:15:07.7 (43095875)|VARIABLE_ASSIGNMENT|[22]|this|{"newRecords":"0x353c801b","handlerName":"OrderItemHandler","isTriggerExecuting":true,"triggerEvent":"0x6f1f1866"}|0x3a15b3d3
13:15:07.7 (43100053)|STATEMENT_EXECUTE|[22]
13:15:07.7 (43101021)|STATEMENT_EXECUTE|[23]
13:15:07.7 (43104383)|METHOD_ENTRY|[23]|01pg8000001EZwd|OrdemItemHandler.checkActiveOrderItem()
13:15:07.7 (43110881)|VARIABLE_SCOPE_BEGIN|[227]|this|OrdemItemHandler|true|false
13:15:07.7 (43119309)|VARIABLE_ASSIGNMENT|[227]|this|{"newRecords":"0x353c801b","handlerName":"OrderItemHandler","isTriggerExecuting":true,"triggerEvent":"0x6f1f1866"}|0x3a15b3d3
13:15:07.7 (43123625)|STATEMENT_EXECUTE|[227]
13:15:07.7 (43124440)|STATEMENT_EXECUTE|[228]
13:15:07.7 (43131349)|VARIABLE_SCOPE_BEGIN|[228]|listaParaValidar|List<OrderItem>|true|false
13:15:07.7 (43137699)|VARIABLE_ASSIGNMENT|[228]|listaParaValidar|null|
13:15:07.7 (43139875)|STATEMENT_EXECUTE|[229]
13:15:07.7 (43158975)|HEAP_ALLOCATE|[229]|Bytes:4
13:15:07.7 (43182896)|VARIABLE_SCOPE_BEGIN|[229]|idOrders|Set<Id>|true|false
13:15:07.7 (43213551)|VARIABLE_ASSIGNMENT|[229]|idOrders|[]|0x7ca31b53
13:15:07.7 (43216083)|STATEMENT_EXECUTE|[230]
13:15:07.7 (43279994)|HEAP_ALLOCATE|[230]|Bytes:4
13:15:07.7 (43309725)|VARIABLE_SCOPE_BEGIN|[230]|idMapOrders|Map<Id,Order>|true|false
13:15:07.7 (43321021)|VARIABLE_ASSIGNMENT|[230]|idMapOrders|{}|0x5cafbfde
13:15:07.7 (43335682)|STATEMENT_EXECUTE|[234]
13:15:07.7 (43336766)|STATEMENT_EXECUTE|[235]
13:15:07.7 (45858181)|VARIABLE_ASSIGNMENT|[235]|listaParaValidar|[{"IsDeleted":false,"UnitPrice":1350000.00,"Product2Id":"01tg8000001BArVAAW","PricebookEntryId":"01ug8000000XnbRAAS","TotalPrice":1350000.00,"Quantity":1.00,"ListPrice":1350000.00,"OrderId":"801g8000007E9NdAAK"},{"IsDeleted":false,"UnitPrice":19500.00,"Product2Id":"01tg8000001BArcAAG","PricebookEntryId":"01ug8000000XoZ7AAK","TotalPrice":19500.00,"Quantity":1.00,"ListPrice":19500.00,"OrderId":"801g8000007E9NdAAK"},{"IsDeleted":false,"UnitPrice":1280000.00,"Product2Id":"01tg8000001BArWAAW","PricebookEntryId":"01ug8000000XnjVAAS","TotalPrice":1280000.00,"Quantity":1.00,"ListPrice":1280000.00,"OrderId":"801g8000007DOjhAAG"},{"IsDeleted":false,"UnitPrice":2800.00,"Product2Id":"01tg8000001BArdAAG","PricebookEntryId":"01ug8000000XmilAAC","TotalPrice":28000.00,"Quantity":10.00,"ListPrice":2800.00,"OrderId":"801g8000007DOjhAAG"},{"IsDeleted":false,"UnitPrice":1280000.00,"Product2Id":"01tg8000001BArWAAW","PricebookEntryId":"01ug8000000XnjVAAS","TotalPrice":1280000.00,"Quantity":1.00,"ListPrice":1280000.00,"OrderId":"801g8000007DgjnAAC"}]|0x353c801b
13:15:07.7 (46158049)|HEAP_ALLOCATE|[238]|Bytes:5
13:15:07.7 (46216716)|HEAP_ALLOCATE|[238]|Bytes:4
13:15:07.7 (46229816)|VARIABLE_SCOPE_BEGIN|[238]|ot|OrderItem|true|false
13:15:07.7 (46944410)|VARIABLE_ASSIGNMENT|[238]|ot|{"IsDeleted":false,"UnitPrice":1350000.00,"Product2Id":"01tg8000001BArVAAW","PricebookEntryId":"01ug8000000XnbRAAS","TotalPrice":1350000.00,"Quantity":1.00,"ListPrice":1350000.00,"OrderId":"801g8000007E9NdAAK"}|0x851de2d
13:15:07.7 (46960682)|STATEMENT_EXECUTE|[238]
13:15:07.7 (46962774)|STATEMENT_EXECUTE|[239]
13:15:07.7 (47063342)|HEAP_ALLOCATE|[EXTERNAL]|Bytes:4
13:15:07.7 (47101177)|HEAP_ALLOCATE|[238]|Bytes:5
13:15:07.7 (47121771)|HEAP_ALLOCATE|[238]|Bytes:4
13:15:07.7 (47132631)|VARIABLE_SCOPE_BEGIN|[238]|ot|OrderItem|true|false
13:15:07.7 (47851817)|VARIABLE_ASSIGNMENT|[238]|ot|{"IsDeleted":false,"UnitPrice":19500.00,"Product2Id":"01tg8000001BArcAAG","PricebookEntryId":"01ug8000000XoZ7AAK","TotalPrice":19500.00,"Quantity":1.00,"ListPrice":19500.00,"OrderId":"801g8000007E9NdAAK"}|0x37cb0a04
13:15:07.7 (47863413)|STATEMENT_EXECUTE|[238]
13:15:07.7 (47865321)|STATEMENT_EXECUTE|[239]
13:15:07.7 (47886242)|HEAP_ALLOCATE|[EXTERNAL]|Bytes:4
13:15:07.7 (47910108)|HEAP_ALLOCATE|[238]|Bytes:5
13:15:07.7 (47923394)|HEAP_ALLOCATE|[238]|Bytes:4
13:15:07.7 (47933201)|VARIABLE_SCOPE_BEGIN|[238]|ot|OrderItem|true|false
13:15:07.7 (48603671)|VARIABLE_ASSIGNMENT|[238]|ot|{"IsDeleted":false,"UnitPrice":1280000.00,"Product2Id":"01tg8000001BArWAAW","PricebookEntryId":"01ug8000000XnjVAAS","TotalPrice":1280000.00,"Quantity":1.00,"ListPrice":1280000.00,"OrderId":"801g8000007DOjhAAG"}|0x1b6c495c
13:15:07.7 (48614482)|STATEMENT_EXECUTE|[238]
13:15:07.7 (48616000)|STATEMENT_EXECUTE|[239]
13:15:07.7 (48630794)|HEAP_ALLOCATE|[EXTERNAL]|Bytes:4
13:15:07.7 (48648375)|HEAP_ALLOCATE|[238]|Bytes:5
13:15:07.7 (48658465)|HEAP_ALLOCATE|[238]|Bytes:4
13:15:07.7 (48664770)|VARIABLE_SCOPE_BEGIN|[238]|ot|OrderItem|true|false
13:15:07.7 (49341877)|VARIABLE_ASSIGNMENT|[238]|ot|{"IsDeleted":false,"UnitPrice":2800.00,"Product2Id":"01tg8000001BArdAAG","PricebookEntryId":"01ug8000000XmilAAC","TotalPrice":28000.00,"Quantity":10.00,"ListPrice":2800.00,"OrderId":"801g8000007DOjhAAG"}|0x3cc6523c
13:15:07.7 (49357685)|STATEMENT_EXECUTE|[238]
13:15:07.7 (49359239)|STATEMENT_EXECUTE|[239]
13:15:07.7 (49383745)|HEAP_ALLOCATE|[EXTERNAL]|Bytes:4
13:15:07.7 (49408879)|HEAP_ALLOCATE|[238]|Bytes:5
13:15:07.7 (49425967)|HEAP_ALLOCATE|[238]|Bytes:4
13:15:07.7 (49434406)|VARIABLE_SCOPE_BEGIN|[238]|ot|OrderItem|true|false
13:15:07.7 (50079097)|VARIABLE_ASSIGNMENT|[238]|ot|{"IsDeleted":false,"UnitPrice":1280000.00,"Product2Id":"01tg8000001BArWAAW","PricebookEntryId":"01ug8000000XnjVAAS","TotalPrice":1280000.00,"Quantity":1.00,"ListPrice":1280000.00,"OrderId":"801g8000007DgjnAAC"}|0x3a60533f
13:15:07.7 (50092406)|STATEMENT_EXECUTE|[238]
13:15:07.7 (50093521)|STATEMENT_EXECUTE|[239]
13:15:07.7 (50114410)|HEAP_ALLOCATE|[EXTERNAL]|Bytes:4
13:15:07.7 (50133056)|HEAP_ALLOCATE|[238]|Bytes:5
13:15:07.7 (50146602)|VARIABLE_ASSIGNMENT|[238]|ot|null|
13:15:07.7 (50150670)|STATEMENT_EXECUTE|[242]
13:15:07.7 (50153376)|HEAP_ALLOCATE|[242]|Bytes:48
13:15:07.7 (50178815)|HEAP_ALLOCATE|[242]|Bytes:4
13:15:07.7 (50189808)|HEAP_ALLOCATE|[242]|Bytes:7
13:15:07.7 (50786279)|SOQL_EXECUTE_BEGIN|[242]|Aggregations:0|SELECT Id, Status FROM Order WHERE Id = :tmpVar1
13:15:07.7 (75021533)|SOQL_EXECUTE_END|[242]|Rows:3
13:15:07.7 (75063816)|HEAP_ALLOCATE|[242]|Bytes:16
13:15:07.7 (75082485)|HEAP_ALLOCATE|[242]|Bytes:132
13:15:07.7 (75173642)|HEAP_ALLOCATE|[242]|Bytes:16
13:15:07.7 (75264528)|VARIABLE_SCOPE_BEGIN|[242]|listOrder|List<Order>|true|false
13:15:07.7 (75414396)|VARIABLE_ASSIGNMENT|[242]|listOrder|[{"Status":"Draft","Id":"801g8000007DOjhAAG"},{"Status":"Draft","Id":"801g8000007DgjnAAC"},{"Status":"Draft","Id":"801g8000007E9NdAAK"}]|0x2561142c
13:15:07.7 (75643226)|HEAP_ALLOCATE|[247]|Bytes:5
13:15:07.7 (75682402)|HEAP_ALLOCATE|[247]|Bytes:12
13:15:07.7 (75692182)|VARIABLE_SCOPE_BEGIN|[247]|o|Order|true|false
13:15:07.7 (75713841)|VARIABLE_ASSIGNMENT|[247]|o|{"Status":"Draft","Id":"801g8000007DOjhAAG"}|0x1970bb5e
13:15:07.7 (75719968)|STATEMENT_EXECUTE|[247]
13:15:07.7 (75763272)|HEAP_ALLOCATE|[EXTERNAL]|Bytes:-4
13:15:07.7 (75773775)|HEAP_ALLOCATE|[247]|Bytes:5
13:15:07.7 (75778314)|HEAP_ALLOCATE|[247]|Bytes:12
13:15:07.7 (75781249)|VARIABLE_SCOPE_BEGIN|[247]|o|Order|true|false
13:15:07.7 (75793481)|VARIABLE_ASSIGNMENT|[247]|o|{"Status":"Draft","Id":"801g8000007DgjnAAC"}|0x76ee0b4c
13:15:07.7 (75796212)|STATEMENT_EXECUTE|[247]
13:15:07.7 (75802256)|HEAP_ALLOCATE|[EXTERNAL]|Bytes:-4
13:15:07.7 (75807176)|HEAP_ALLOCATE|[247]|Bytes:5
13:15:07.7 (75810981)|HEAP_ALLOCATE|[247]|Bytes:12
13:15:07.7 (75813334)|VARIABLE_SCOPE_BEGIN|[247]|o|Order|true|false
13:15:07.7 (75824036)|VARIABLE_ASSIGNMENT|[247]|o|{"Status":"Draft","Id":"801g8000007E9NdAAK"}|0x2a63e525
13:15:07.7 (75826826)|STATEMENT_EXECUTE|[247]
13:15:07.7 (75830321)|HEAP_ALLOCATE|[EXTERNAL]|Bytes:-4
13:15:07.7 (75834972)|HEAP_ALLOCATE|[247]|Bytes:5
13:15:07.7 (75841513)|VARIABLE_ASSIGNMENT|[247]|o|null|
13:15:07.7 (75863902)|HEAP_ALLOCATE|[249]|Bytes:5
13:15:07.7 (75875842)|HEAP_ALLOCATE|[249]|Bytes:4
13:15:07.7 (75878948)|VARIABLE_SCOPE_BEGIN|[249]|ot|OrderItem|true|false
13:15:07.7 (76560204)|VARIABLE_ASSIGNMENT|[249]|ot|{"IsDeleted":false,"UnitPrice":1350000.00,"Product2Id":"01tg8000001BArVAAW","PricebookEntryId":"01ug8000000XnbRAAS","TotalPrice":1350000.00,"Quantity":1.00,"ListPrice":1350000.00,"OrderId":"801g8000007E9NdAAK"}|0x851de2d
13:15:07.7 (76569659)|STATEMENT_EXECUTE|[249]
13:15:07.7 (76571009)|STATEMENT_EXECUTE|[250]
13:15:07.7 (76616858)|VARIABLE_SCOPE_BEGIN|[250]|pedido|Order|true|false
13:15:07.7 (76642813)|VARIABLE_ASSIGNMENT|[250]|pedido|{"Status":"Draft","Id":"801g8000007E9NdAAK"}|0x2a63e525
13:15:07.7 (76658789)|HEAP_ALLOCATE|[251]|Bytes:5
13:15:07.7 (76689063)|STATEMENT_EXECUTE|[251]
13:15:07.7 (76696268)|HEAP_ALLOCATE|[249]|Bytes:5
13:15:07.7 (76704528)|HEAP_ALLOCATE|[249]|Bytes:4
13:15:07.7 (76707757)|VARIABLE_SCOPE_BEGIN|[249]|ot|OrderItem|true|false
13:15:07.7 (77201737)|VARIABLE_ASSIGNMENT|[249]|ot|{"IsDeleted":false,"UnitPrice":19500.00,"Product2Id":"01tg8000001BArcAAG","PricebookEntryId":"01ug8000000XoZ7AAK","TotalPrice":19500.00,"Quantity":1.00,"ListPrice":19500.00,"OrderId":"801g8000007E9NdAAK"}|0x37cb0a04
13:15:07.7 (77210270)|STATEMENT_EXECUTE|[249]
13:15:07.7 (77211283)|STATEMENT_EXECUTE|[250]
13:15:07.7 (77227430)|VARIABLE_SCOPE_BEGIN|[250]|pedido|Order|true|false
13:15:07.7 (77246571)|VARIABLE_ASSIGNMENT|[250]|pedido|{"Status":"Draft","Id":"801g8000007E9NdAAK"}|0x2a63e525
13:15:07.7 (77258138)|STATEMENT_EXECUTE|[251]
13:15:07.7 (77265823)|HEAP_ALLOCATE|[249]|Bytes:5
13:15:07.7 (77275283)|HEAP_ALLOCATE|[249]|Bytes:4
13:15:07.7 (77278411)|VARIABLE_SCOPE_BEGIN|[249]|ot|OrderItem|true|false
13:15:07.7 (77658344)|VARIABLE_ASSIGNMENT|[249]|ot|{"IsDeleted":false,"UnitPrice":1280000.00,"Product2Id":"01tg8000001BArWAAW","PricebookEntryId":"01ug8000000XnjVAAS","TotalPrice":1280000.00,"Quantity":1.00,"ListPrice":1280000.00,"OrderId":"801g8000007DOjhAAG"}|0x1b6c495c
13:15:07.7 (77662971)|STATEMENT_EXECUTE|[249]
13:15:07.7 (77663726)|STATEMENT_EXECUTE|[250]
13:15:07.7 (77673578)|VARIABLE_SCOPE_BEGIN|[250]|pedido|Order|true|false
13:15:07.7 (77687365)|VARIABLE_ASSIGNMENT|[250]|pedido|{"Status":"Draft","Id":"801g8000007DOjhAAG"}|0x1970bb5e
13:15:07.7 (77694889)|STATEMENT_EXECUTE|[251]
13:15:07.7 (77700400)|HEAP_ALLOCATE|[249]|Bytes:5
13:15:07.7 (77705318)|HEAP_ALLOCATE|[249]|Bytes:4
13:15:07.7 (77707830)|VARIABLE_SCOPE_BEGIN|[249]|ot|OrderItem|true|false
13:15:07.7 (78142619)|VARIABLE_ASSIGNMENT|[249]|ot|{"IsDeleted":false,"UnitPrice":2800.00,"Product2Id":"01tg8000001BArdAAG","PricebookEntryId":"01ug8000000XmilAAC","TotalPrice":28000.00,"Quantity":10.00,"ListPrice":2800.00,"OrderId":"801g8000007DOjhAAG"}|0x3cc6523c
13:15:07.7 (78151816)|STATEMENT_EXECUTE|[249]
13:15:07.7 (78153101)|STATEMENT_EXECUTE|[250]
13:15:07.7 (78169353)|VARIABLE_SCOPE_BEGIN|[250]|pedido|Order|true|false
13:15:07.7 (78191781)|VARIABLE_ASSIGNMENT|[250]|pedido|{"Status":"Draft","Id":"801g8000007DOjhAAG"}|0x1970bb5e
13:15:07.7 (78202400)|STATEMENT_EXECUTE|[251]
13:15:07.7 (78208889)|HEAP_ALLOCATE|[249]|Bytes:5
13:15:07.7 (78216056)|HEAP_ALLOCATE|[249]|Bytes:4
13:15:07.7 (78219257)|VARIABLE_SCOPE_BEGIN|[249]|ot|OrderItem|true|false
13:15:07.7 (78591752)|VARIABLE_ASSIGNMENT|[249]|ot|{"IsDeleted":false,"UnitPrice":1280000.00,"Product2Id":"01tg8000001BArWAAW","PricebookEntryId":"01ug8000000XnjVAAS","TotalPrice":1280000.00,"Quantity":1.00,"ListPrice":1280000.00,"OrderId":"801g8000007DgjnAAC"}|0x3a60533f
13:15:07.7 (78596555)|STATEMENT_EXECUTE|[249]
13:15:07.7 (78597373)|STATEMENT_EXECUTE|[250]
13:15:07.7 (78604852)|VARIABLE_SCOPE_BEGIN|[250]|pedido|Order|true|false
13:15:07.7 (78617827)|VARIABLE_ASSIGNMENT|[250]|pedido|{"Status":"Draft","Id":"801g8000007DgjnAAC"}|0x76ee0b4c
13:15:07.7 (78624574)|STATEMENT_EXECUTE|[251]
13:15:07.7 (78629307)|HEAP_ALLOCATE|[249]|Bytes:5
13:15:07.7 (78634858)|VARIABLE_ASSIGNMENT|[249]|ot|null|
13:15:07.7 (78646240)|METHOD_EXIT|[23]|01pg8000001EZwd|OrdemItemHandler.checkActiveOrderItem()
13:15:07.7 (78651561)|STATEMENT_EXECUTE|[24]
13:15:07.7 (78665905)|METHOD_ENTRY|[24]|01pg8000001EZwd|OrdemItemHandler.executePricingLogic()
13:15:07.7 (78697864)|VARIABLE_SCOPE_BEGIN|[40]|this|OrdemItemHandler|true|false
13:15:07.7 (78746346)|VARIABLE_ASSIGNMENT|[40]|this|{"newRecords":"0x353c801b","handlerName":"OrderItemHandler","isTriggerExecuting":true,"triggerEvent":"0x6f1f1866"}|0x3a15b3d3
13:15:07.7 (78753764)|STATEMENT_EXECUTE|[40]
13:15:07.7 (78754857)|STATEMENT_EXECUTE|[42]
13:15:07.7 (78775030)|HEAP_ALLOCATE|[42]|Bytes:4
13:15:07.7 (78802004)|VARIABLE_SCOPE_BEGIN|[42]|setOrderIds|Set<Id>|true|false
13:15:07.7 (78833727)|VARIABLE_ASSIGNMENT|[42]|setOrderIds|[]|0x109cb127
13:15:07.7 (78839103)|STATEMENT_EXECUTE|[43]
13:15:07.7 (78842205)|HEAP_ALLOCATE|[43]|Bytes:4
13:15:07.7 (78849870)|VARIABLE_SCOPE_BEGIN|[43]|setProductIds|Set<Id>|true|false
13:15:07.7 (78856467)|VARIABLE_ASSIGNMENT|[43]|setProductIds|[]|0x162e7c13
13:15:07.7 (78859016)|STATEMENT_EXECUTE|[44]
13:15:07.7 (78861085)|HEAP_ALLOCATE|[44]|Bytes:4
13:15:07.7 (78867997)|VARIABLE_SCOPE_BEGIN|[44]|setAccountIds|Set<Id>|true|false
13:15:07.7 (78874243)|VARIABLE_ASSIGNMENT|[44]|setAccountIds|[]|0x2351e93e
13:15:07.7 (78876551)|STATEMENT_EXECUTE|[46]
13:15:07.7 (78922386)|HEAP_ALLOCATE|[46]|Bytes:4
13:15:07.7 (78950912)|VARIABLE_SCOPE_BEGIN|[46]|itemsByOrderId|Map<Id,List<OrderItem>>|true|false
13:15:07.7 (78960018)|VARIABLE_ASSIGNMENT|[46]|itemsByOrderId|{}|0x3d1142c9
13:15:07.7 (78986429)|HEAP_ALLOCATE|[49]|Bytes:5
13:15:07.7 (78994307)|HEAP_ALLOCATE|[49]|Bytes:4
13:15:07.7 (78998046)|VARIABLE_SCOPE_BEGIN|[49]|item|OrderItem|true|false
13:15:07.7 (79463641)|VARIABLE_ASSIGNMENT|[49]|item|{"IsDeleted":false,"UnitPrice":1350000.00,"Product2Id":"01tg8000001BArVAAW","PricebookEntryId":"01ug8000000XnbRAAS","TotalPrice":1350000.00,"Quantity":1.00,"ListPrice":1350000.00,"OrderId":"801g8000007E9NdAAK"}|0x851de2d
13:15:07.7 (79471075)|STATEMENT_EXECUTE|[49]
13:15:07.7 (79477748)|STATEMENT_EXECUTE|[50]
13:15:07.7 (79478697)|STATEMENT_EXECUTE|[51]
13:15:07.7 (79504707)|HEAP_ALLOCATE|[EXTERNAL]|Bytes:4
13:15:07.7 (79529763)|STATEMENT_EXECUTE|[53]
13:15:07.7 (79538223)|HEAP_ALLOCATE|[53]|Bytes:4
13:15:07.7 (79556267)|HEAP_ALLOCATE|[EXTERNAL]|Bytes:4
13:15:07.7 (79558861)|HEAP_ALLOCATE|[EXTERNAL]|Bytes:-4
13:15:07.7 (79561620)|STATEMENT_EXECUTE|[54]
13:15:07.7 (79599016)|HEAP_ALLOCATE|[EXTERNAL]|Bytes:4
13:15:07.7 (79620049)|STATEMENT_EXECUTE|[56]
13:15:07.7 (79628319)|HEAP_ALLOCATE|[EXTERNAL]|Bytes:4
13:15:07.7 (79638016)|HEAP_ALLOCATE|[49]|Bytes:5
13:15:07.7 (79644869)|HEAP_ALLOCATE|[49]|Bytes:4
13:15:07.7 (79649160)|VARIABLE_SCOPE_BEGIN|[49]|item|OrderItem|true|false
13:15:07.7 (80052057)|VARIABLE_ASSIGNMENT|[49]|item|{"IsDeleted":false,"UnitPrice":19500.00,"Product2Id":"01tg8000001BArcAAG","PricebookEntryId":"01ug8000000XoZ7AAK","TotalPrice":19500.00,"Quantity":1.00,"ListPrice":19500.00,"OrderId":"801g8000007E9NdAAK"}|0x37cb0a04
13:15:07.7 (80057936)|STATEMENT_EXECUTE|[49]
13:15:07.7 (80060804)|STATEMENT_EXECUTE|[50]
13:15:07.7 (80061569)|STATEMENT_EXECUTE|[51]
13:15:07.7 (80066103)|HEAP_ALLOCATE|[EXTERNAL]|Bytes:4
13:15:07.7 (80075097)|STATEMENT_EXECUTE|[53]
13:15:07.7 (80075919)|STATEMENT_EXECUTE|[54]
13:15:07.7 (80090812)|HEAP_ALLOCATE|[EXTERNAL]|Bytes:4
13:15:07.7 (80094795)|STATEMENT_EXECUTE|[56]
13:15:07.7 (80098093)|HEAP_ALLOCATE|[EXTERNAL]|Bytes:4
13:15:07.7 (80104509)|HEAP_ALLOCATE|[49]|Bytes:5
13:15:07.7 (80109799)|HEAP_ALLOCATE|[49]|Bytes:4
13:15:07.7 (80112936)|VARIABLE_SCOPE_BEGIN|[49]|item|OrderItem|true|false
13:15:07.7 (80485105)|VARIABLE_ASSIGNMENT|[49]|item|{"IsDeleted":false,"UnitPrice":1280000.00,"Product2Id":"01tg8000001BArWAAW","PricebookEntryId":"01ug8000000XnjVAAS","TotalPrice":1280000.00,"Quantity":1.00,"ListPrice":1280000.00,"OrderId":"801g8000007DOjhAAG"}|0x1b6c495c
13:15:07.7 (80489653)|STATEMENT_EXECUTE|[49]
13:15:07.7 (80492206)|STATEMENT_EXECUTE|[50]
13:15:07.7 (80492995)|STATEMENT_EXECUTE|[51]
13:15:07.7 (80496976)|HEAP_ALLOCATE|[EXTERNAL]|Bytes:4
13:15:07.7 (80504909)|STATEMENT_EXECUTE|[53]
13:15:07.7 (80509034)|HEAP_ALLOCATE|[53]|Bytes:4
13:15:07.7 (80516995)|HEAP_ALLOCATE|[EXTERNAL]|Bytes:4
13:15:07.7 (80518980)|HEAP_ALLOCATE|[EXTERNAL]|Bytes:-4
13:15:07.7 (80521498)|STATEMENT_EXECUTE|[54]
13:15:07.7 (80532445)|HEAP_ALLOCATE|[EXTERNAL]|Bytes:4
13:15:07.7 (80536420)|STATEMENT_EXECUTE|[56]
13:15:07.7 (80539243)|HEAP_ALLOCATE|[EXTERNAL]|Bytes:4
13:15:07.7 (80544810)|HEAP_ALLOCATE|[49]|Bytes:5
13:15:07.7 (80549119)|HEAP_ALLOCATE|[49]|Bytes:4
13:15:07.7 (80552029)|VARIABLE_SCOPE_BEGIN|[49]|item|OrderItem|true|false
13:15:07.7 (80995497)|VARIABLE_ASSIGNMENT|[49]|item|{"IsDeleted":false,"UnitPrice":2800.00,"Product2Id":"01tg8000001BArdAAG","PricebookEntryId":"01ug8000000XmilAAC","TotalPrice":28000.00,"Quantity":10.00,"ListPrice":2800.00,"OrderId":"801g8000007DOjhAAG"}|0x3cc6523c
13:15:07.7 (81003403)|STATEMENT_EXECUTE|[49]
13:15:07.7 (81008246)|STATEMENT_EXECUTE|[50]
13:15:07.7 (81009189)|STATEMENT_EXECUTE|[51]
13:15:07.7 (81015156)|HEAP_ALLOCATE|[EXTERNAL]|Bytes:4
13:15:07.7 (81025948)|STATEMENT_EXECUTE|[53]
13:15:07.7 (81026749)|STATEMENT_EXECUTE|[54]
13:15:07.7 (81043358)|HEAP_ALLOCATE|[EXTERNAL]|Bytes:4
13:15:07.7 (81047345)|STATEMENT_EXECUTE|[56]
13:15:07.7 (81050357)|HEAP_ALLOCATE|[EXTERNAL]|Bytes:4
13:15:07.7 (81058670)|HEAP_ALLOCATE|[49]|Bytes:5
13:15:07.7 (81065170)|HEAP_ALLOCATE|[49]|Bytes:4
13:15:07.7 (81068745)|VARIABLE_SCOPE_BEGIN|[49]|item|OrderItem|true|false
13:15:07.7 (81489817)|VARIABLE_ASSIGNMENT|[49]|item|{"IsDeleted":false,"UnitPrice":1280000.00,"Product2Id":"01tg8000001BArWAAW","PricebookEntryId":"01ug8000000XnjVAAS","TotalPrice":1280000.00,"Quantity":1.00,"ListPrice":1280000.00,"OrderId":"801g8000007DgjnAAC"}|0x3a60533f
13:15:07.7 (81494863)|STATEMENT_EXECUTE|[49]
13:15:07.7 (81498133)|STATEMENT_EXECUTE|[50]
13:15:07.7 (81498929)|STATEMENT_EXECUTE|[51]
13:15:07.7 (81504360)|HEAP_ALLOCATE|[EXTERNAL]|Bytes:4
13:15:07.7 (81513096)|STATEMENT_EXECUTE|[53]
13:15:07.7 (81518345)|HEAP_ALLOCATE|[53]|Bytes:4
13:15:07.7 (81527261)|HEAP_ALLOCATE|[EXTERNAL]|Bytes:4
13:15:07.7 (81529031)|HEAP_ALLOCATE|[EXTERNAL]|Bytes:-4
13:15:07.7 (81531756)|STATEMENT_EXECUTE|[54]
13:15:07.7 (81546983)|HEAP_ALLOCATE|[EXTERNAL]|Bytes:4
13:15:07.7 (81550782)|STATEMENT_EXECUTE|[56]
13:15:07.7 (81553827)|HEAP_ALLOCATE|[EXTERNAL]|Bytes:4
13:15:07.7 (81560739)|HEAP_ALLOCATE|[49]|Bytes:5
13:15:07.7 (81569747)|VARIABLE_ASSIGNMENT|[49]|item|null|
13:15:07.7 (81572896)|STATEMENT_EXECUTE|[61]
13:15:07.7 (81581112)|HEAP_ALLOCATE|[61]|Bytes:4
13:15:07.7 (81585109)|HEAP_ALLOCATE|[61]|Bytes:105
13:15:07.7 (81592367)|HEAP_ALLOCATE|[61]|Bytes:4
13:15:07.7 (82222032)|SOQL_EXECUTE_BEGIN|[61]|Aggregations:0|SELECT Id, DistributionCenter__c, State__c, City__c, Country__c, AccountId FROM Order WHERE Id = :tmpVar1
13:15:07.7 (90487992)|SOQL_EXECUTE_END|[61]|Rows:3
13:15:07.7 (90546857)|HEAP_ALLOCATE|[61]|Bytes:16
13:15:07.7 (90571629)|HEAP_ALLOCATE|[61]|Bytes:582
13:15:07.7 (90635240)|HEAP_ALLOCATE|[61]|Bytes:16
13:15:07.7 (90698208)|HEAP_ALLOCATE|[61]|Bytes:28
13:15:07.7 (90724363)|HEAP_ALLOCATE|[61]|Bytes:4
13:15:07.7 (90729899)|HEAP_ALLOCATE|[61]|Bytes:28
13:15:07.7 (90732809)|HEAP_ALLOCATE|[61]|Bytes:4
13:15:07.7 (90734521)|HEAP_ALLOCATE|[61]|Bytes:28
13:15:07.7 (90737141)|HEAP_ALLOCATE|[61]|Bytes:4
13:15:07.7 (90747946)|VARIABLE_SCOPE_BEGIN|[61]|mapOrders|Map<Id,Order>|true|false
13:15:07.7 (90918695)|VARIABLE_ASSIGNMENT|[61]|mapOrders|{"801g8000007DOjhAAG":{"DistributionCenter__c":"a06g8000000wkLpAAI","City__c":"a05g8000001i8KfAAI","Country__c":"a03g8000004x8aeAAA","Id":"801g8000007DOjhAAG","AccountId":"001g8000005VaOHAA0","State__c":"a04g8000000VkhhAAC"},"801g8000007DgjnAAC":{"DistributionCenter__c":"a06g8000000wkLpAAI","City__c":"a05g8000001i7ZuAAI","Country__c":"a03g8000004x8aeAAA","Id":"801g8000007DgjnAAC","AccountId":"001g8000005VaOHAA0","State__c":"a04g8000000Vm3ZAAS"},"801g8000007E9NdAAK":{"DistributionCenter__c":"a06g8000000wkLpAAI","City__c":"a05g8000001KAc9AAG","Country__c":"a03g8000004x8aeAAA","Id":"801g8000007E9NdAAK","AccountId":"001g8000005VaOHAA0","State__c":"a04g8000000QmaTAAS"}}|0x4185bf54
13:15:07.7 (90977493)|HEAP_ALLOCATE|[EXTERNAL]|Bytes:16
13:15:07.7 (90986150)|HEAP_ALLOCATE|[67]|Bytes:595
13:15:07.7 (91027349)|HEAP_ALLOCATE|[67]|Bytes:5
13:15:07.7 (91041092)|HEAP_ALLOCATE|[67]|Bytes:28
13:15:07.7 (91050427)|VARIABLE_SCOPE_BEGIN|[67]|o|Order|true|false
13:15:07.7 (91083349)|VARIABLE_ASSIGNMENT|[67]|o|{"DistributionCenter__c":"a06g8000000wkLpAAI","City__c":"a05g8000001i8KfAAI","Country__c":"a03g8000004x8aeAAA","Id":"801g8000007DOjhAAG","AccountId":"001g8000005VaOHAA0","State__c":"a04g8000000VkhhAAC"}|0x2b8a2efd
13:15:07.7 (91090206)|STATEMENT_EXECUTE|[67]
13:15:07.7 (91126706)|HEAP_ALLOCATE|[EXTERNAL]|Bytes:4
13:15:07.7 (91136063)|HEAP_ALLOCATE|[67]|Bytes:5
13:15:07.7 (91140596)|HEAP_ALLOCATE|[67]|Bytes:28
13:15:07.7 (91143385)|VARIABLE_SCOPE_BEGIN|[67]|o|Order|true|false
13:15:07.7 (91165713)|VARIABLE_ASSIGNMENT|[67]|o|{"DistributionCenter__c":"a06g8000000wkLpAAI","City__c":"a05g8000001i7ZuAAI","Country__c":"a03g8000004x8aeAAA","Id":"801g8000007DgjnAAC","AccountId":"001g8000005VaOHAA0","State__c":"a04g8000000Vm3ZAAS"}|0x6ba1428d
13:15:07.7 (91169381)|STATEMENT_EXECUTE|[67]
13:15:07.7 (91174341)|HEAP_ALLOCATE|[EXTERNAL]|Bytes:4
13:15:07.7 (91179791)|HEAP_ALLOCATE|[67]|Bytes:5
13:15:07.7 (91183472)|HEAP_ALLOCATE|[67]|Bytes:28
13:15:07.7 (91185840)|VARIABLE_SCOPE_BEGIN|[67]|o|Order|true|false
13:15:07.7 (91206300)|VARIABLE_ASSIGNMENT|[67]|o|{"DistributionCenter__c":"a06g8000000wkLpAAI","City__c":"a05g8000001KAc9AAG","Country__c":"a03g8000004x8aeAAA","Id":"801g8000007E9NdAAK","AccountId":"001g8000005VaOHAA0","State__c":"a04g8000000QmaTAAS"}|0x63ee8ad
13:15:07.7 (91210031)|STATEMENT_EXECUTE|[67]
13:15:07.7 (91213730)|HEAP_ALLOCATE|[EXTERNAL]|Bytes:4
13:15:07.7 (91218747)|HEAP_ALLOCATE|[67]|Bytes:5
13:15:07.7 (91225366)|VARIABLE_ASSIGNMENT|[67]|o|null|
13:15:07.7 (91228936)|STATEMENT_EXECUTE|[69]
13:15:07.7 (91286315)|HEAP_ALLOCATE|[69]|Bytes:4
13:15:07.7 (91290158)|HEAP_ALLOCATE|[69]|Bytes:59
13:15:07.7 (91297266)|HEAP_ALLOCATE|[69]|Bytes:4
13:15:07.7 (91715988)|SOQL_EXECUTE_BEGIN|[69]|Aggregations:0|SELECT Id, AccountGroup__c FROM Account WHERE Id = :tmpVar1
13:15:07.7 (107989852)|SOQL_EXECUTE_END|[69]|Rows:1
13:15:07.7 (108033476)|HEAP_ALLOCATE|[69]|Bytes:8
13:15:07.7 (108055812)|HEAP_ALLOCATE|[69]|Bytes:66
13:15:07.7 (108145953)|HEAP_ALLOCATE|[69]|Bytes:8
13:15:07.7 (108233056)|HEAP_ALLOCATE|[69]|Bytes:12
13:15:07.7 (108253035)|HEAP_ALLOCATE|[69]|Bytes:4
13:15:07.7 (108272523)|VARIABLE_SCOPE_BEGIN|[69]|mapAccounts|Map<Id,Account>|true|false
13:15:07.7 (108392177)|VARIABLE_ASSIGNMENT|[69]|mapAccounts|{"001g8000005VaOHAA0":{"AccountGroup__c":"a02g8000002871ZAAQ","Id":"001g8000005VaOHAA0"}}|0xbf98a03
13:15:07.7 (108399081)|STATEMENT_EXECUTE|[71]
13:15:07.7 (108451268)|HEAP_ALLOCATE|[71]|Bytes:4
13:15:07.7 (108457454)|HEAP_ALLOCATE|[71]|Bytes:83
13:15:07.7 (108465122)|HEAP_ALLOCATE|[71]|Bytes:4
13:15:07.7 (108942513)|SOQL_EXECUTE_BEGIN|[71]|Aggregations:0|SELECT Id, ProductionCost__c, ProductHierarchy__c FROM Product2 WHERE Id = :tmpVar1
13:15:07.7 (126986796)|SOQL_EXECUTE_END|[71]|Rows:4
13:15:07.7 (127042410)|HEAP_ALLOCATE|[71]|Bytes:20
13:15:07.7 (127081401)|HEAP_ALLOCATE|[71]|Bytes:508
13:15:07.7 (127195073)|HEAP_ALLOCATE|[71]|Bytes:20
13:15:07.7 (127290290)|HEAP_ALLOCATE|[71]|Bytes:16
13:15:07.7 (127314462)|HEAP_ALLOCATE|[71]|Bytes:4
13:15:07.7 (127321019)|HEAP_ALLOCATE|[71]|Bytes:16
13:15:07.7 (127325748)|HEAP_ALLOCATE|[71]|Bytes:4
13:15:07.7 (127328867)|HEAP_ALLOCATE|[71]|Bytes:16
13:15:07.7 (127333199)|HEAP_ALLOCATE|[71]|Bytes:4
13:15:07.7 (127335823)|HEAP_ALLOCATE|[71]|Bytes:16
13:15:07.7 (127340269)|HEAP_ALLOCATE|[71]|Bytes:4
13:15:07.7 (127355562)|VARIABLE_SCOPE_BEGIN|[71]|mapProducts|Map<Id,Product2>|true|false
13:15:07.7 (127549055)|VARIABLE_ASSIGNMENT|[71]|mapProducts|{"01tg8000001BArVAAW":{"ProductionCost__c":900000.00,"ProductHierarchy__c":"a01g8000007otrhAAA","Id":"01tg8000001BArVAAW"},"01tg8000001BArWAAW":{"ProductionCost__c":850000.00,"ProductHierarchy__c":"a01g8000007otrhAAA","Id":"01tg8000001BArWAAW"},"01tg8000001BArcAAG":{"ProductionCost__c":12000.00,"ProductHierarchy__c":"a01g8000007otrpAAA","Id":"01tg8000001BArcAAG"},"01tg8000001BArdAAG":{"ProductionCost__c":1500.00,"ProductHierarchy__c":"a01g8000007otrqAAA","Id":"01tg8000001BArdAAG"}}|0x1b0a0502
13:15:07.7 (127564729)|STATEMENT_EXECUTE|[78]
13:15:07.7 (127572502)|HEAP_ALLOCATE|[78]|Bytes:165
13:15:07.7 (127591180)|HEAP_ALLOCATE|[78]|Bytes:4
13:15:07.7 (128441408)|SOQL_EXECUTE_BEGIN|[78]|Aggregations:0|SELECT Product__c, ProductHierarchy__c, Account__c, AccountGroup__c, City__c, State__c, Country__c, MarginValuePercent__c FROM Margem__c WHERE Status__c = 'Approved'
13:15:07.7 (167152316)|SOQL_EXECUTE_END|[78]|Rows:4
13:15:07.7 (167195469)|HEAP_ALLOCATE|[78]|Bytes:20
13:15:07.7 (167225570)|HEAP_ALLOCATE|[78]|Bytes:774
13:15:07.7 (167353609)|HEAP_ALLOCATE|[78]|Bytes:20
13:15:07.7 (167379904)|VARIABLE_SCOPE_BEGIN|[78]|listMargins|List<Margem__c>|true|false
13:15:07.7 (167589815)|VARIABLE_ASSIGNMENT|[78]|listMargins|[{"Id":"a00g800000JZjxxAAD","AccountGroup__c":"a02g8000002871ZAAQ","ProductHierarchy__c":"a01g8000007otrhAAA","State__c":"a04g8000000QmaTAAS","MarginValuePercent__c":15.00},{"Account__c":"001g8000005VaOHAA0","City__c":"a05g8000001KAc9AAG","Id":"a00g800000JZjxyAAD","ProductHierarchy__c":"a01g8000007otrjAAA","MarginValuePercent__c":25.00},{"Account__c":"001g8000005VaOHAA0","Product__c":"01tg8000001BArcAAG","Id":"a00g800000JZjxzAAD","State__c":"a04g8000000QmaTAAS","MarginValuePercent__c":5.00},{"Country__c":"a03g8000004x8aeAAA","Id":"a00g800000JZjy0AAD","AccountGroup__c":"a02g8000002871ZAAQ","ProductHierarchy__c":"a01g8000007otrqAAA","MarginValuePercent__c":30.00}]|0x7a2d4181
13:15:07.7 (167601689)|STATEMENT_EXECUTE|[85]
13:15:07.7 (167645603)|HEAP_ALLOCATE|[85]|Bytes:4
13:15:07.7 (167686921)|VARIABLE_SCOPE_BEGIN|[85]|mapMargin|Map<String,Margem__c>|true|false
13:15:07.7 (167700030)|VARIABLE_ASSIGNMENT|[85]|mapMargin|{}|0x6631f8d5
13:15:07.7 (167881833)|HEAP_ALLOCATE|[86]|Bytes:5
13:15:07.7 (167904157)|HEAP_ALLOCATE|[86]|Bytes:24
13:15:07.7 (167910697)|VARIABLE_SCOPE_BEGIN|[86]|m|Margem__c|true|false
13:15:07.7 (167950932)|VARIABLE_ASSIGNMENT|[86]|m|{"Id":"a00g800000JZjxxAAD","AccountGroup__c":"a02g8000002871ZAAQ","ProductHierarchy__c":"a01g8000007otrhAAA","State__c":"a04g8000000QmaTAAS","MarginValuePercent__c":15.00}|0x175294c5
13:15:07.7 (167956516)|STATEMENT_EXECUTE|[86]
13:15:07.7 (167957853)|STATEMENT_EXECUTE|[87]
13:15:07.7 (168054807)|HEAP_ALLOCATE|[87]|Bytes:18
13:15:07.7 (168067768)|VARIABLE_SCOPE_BEGIN|[87]|p|String|false|false
13:15:07.7 (168078318)|VARIABLE_ASSIGNMENT|[87]|p|"a01g8000007otrhAAA"
13:15:07.7 (168083441)|STATEMENT_EXECUTE|[88]
13:15:07.7 (168118074)|HEAP_ALLOCATE|[88]|Bytes:18
13:15:07.7 (168126723)|VARIABLE_SCOPE_BEGIN|[88]|a|String|false|false
13:15:07.7 (168134472)|VARIABLE_ASSIGNMENT|[88]|a|"a02g8000002871ZAAQ"
13:15:07.7 (168137627)|STATEMENT_EXECUTE|[89]
13:15:07.7 (168162295)|HEAP_ALLOCATE|[89]|Bytes:18
13:15:07.7 (168170197)|VARIABLE_SCOPE_BEGIN|[89]|l|String|false|false
13:15:07.7 (168178381)|VARIABLE_ASSIGNMENT|[89]|l|"a04g8000000QmaTAAS"
13:15:07.7 (168181379)|STATEMENT_EXECUTE|[92]
13:15:07.7 (168185714)|HEAP_ALLOCATE|[92]|Bytes:1
13:15:07.7 (168204532)|HEAP_ALLOCATE|[92]|Bytes:56
13:15:07.7 (168208152)|VARIABLE_SCOPE_BEGIN|[92]|compositeKey|String|false|false
13:15:07.7 (168217987)|VARIABLE_ASSIGNMENT|[92]|compositeKey|"a01g8000007otrhAAA_a (36 more) ..."
13:15:07.7 (168221158)|STATEMENT_EXECUTE|[93]
13:15:07.7 (168251374)|HEAP_ALLOCATE|[EXTERNAL]|Bytes:-4
13:15:07.7 (168257951)|STATEMENT_EXECUTE|[94]
13:15:07.7 (168260413)|HEAP_ALLOCATE|[94]|Bytes:28
13:15:07.7 (168268340)|HEAP_ALLOCATE|[94]|Bytes:84
13:15:07.7 (168330298)|USER_DEBUG|[94]|DEBUG|MAPA MARGEM - Chave Gerada: a01g8000007otrhAAA_a02g8000002871ZAAQ_a04g8000000QmaTAAS
13:15:07.7 (168351195)|HEAP_ALLOCATE|[86]|Bytes:5
13:15:07.7 (168364079)|HEAP_ALLOCATE|[86]|Bytes:24
13:15:07.7 (168370308)|VARIABLE_SCOPE_BEGIN|[86]|m|Margem__c|true|false
13:15:07.7 (168437354)|VARIABLE_ASSIGNMENT|[86]|m|{"Account__c":"001g8000005VaOHAA0","City__c":"a05g8000001KAc9AAG","Id":"a00g800000JZjxyAAD","ProductHierarchy__c":"a01g8000007otrjAAA","MarginValuePercent__c":25.00}|0x5406bf32
13:15:07.7 (168444030)|STATEMENT_EXECUTE|[86]
13:15:07.7 (168445235)|STATEMENT_EXECUTE|[87]
13:15:07.7 (168458799)|HEAP_ALLOCATE|[87]|Bytes:18
13:15:07.7 (168465609)|VARIABLE_SCOPE_BEGIN|[87]|p|String|false|false
13:15:07.7 (168472694)|VARIABLE_ASSIGNMENT|[87]|p|"a01g8000007otrjAAA"
13:15:07.7 (168475848)|STATEMENT_EXECUTE|[88]
13:15:07.7 (168491173)|HEAP_ALLOCATE|[88]|Bytes:18
13:15:07.7 (168498151)|VARIABLE_SCOPE_BEGIN|[88]|a|String|false|false
13:15:07.7 (168505127)|VARIABLE_ASSIGNMENT|[88]|a|"001g8000005VaOHAA0"
13:15:07.7 (168508343)|STATEMENT_EXECUTE|[89]
13:15:07.7 (168521034)|HEAP_ALLOCATE|[89]|Bytes:18
13:15:07.7 (168527580)|VARIABLE_SCOPE_BEGIN|[89]|l|String|false|false
13:15:07.7 (168534166)|VARIABLE_ASSIGNMENT|[89]|l|"a05g8000001KAc9AAG"
13:15:07.7 (168537313)|STATEMENT_EXECUTE|[92]
13:15:07.7 (168541086)|HEAP_ALLOCATE|[92]|Bytes:56
13:15:07.7 (168544460)|VARIABLE_SCOPE_BEGIN|[92]|compositeKey|String|false|false
13:15:07.7 (168552194)|VARIABLE_ASSIGNMENT|[92]|compositeKey|"a01g8000007otrjAAA_0 (36 more) ..."
13:15:07.7 (168555597)|STATEMENT_EXECUTE|[93]
13:15:07.7 (168560828)|HEAP_ALLOCATE|[EXTERNAL]|Bytes:-4
13:15:07.7 (168565549)|STATEMENT_EXECUTE|[94]
13:15:07.7 (168568387)|HEAP_ALLOCATE|[94]|Bytes:84
13:15:07.7 (168576194)|USER_DEBUG|[94]|DEBUG|MAPA MARGEM - Chave Gerada: a01g8000007otrjAAA_001g8000005VaOHAA0_a05g8000001KAc9AAG
13:15:07.7 (168586236)|HEAP_ALLOCATE|[86]|Bytes:5
13:15:07.7 (168593397)|HEAP_ALLOCATE|[86]|Bytes:24
13:15:07.7 (168598043)|VARIABLE_SCOPE_BEGIN|[86]|m|Margem__c|true|false
13:15:07.7 (168639779)|VARIABLE_ASSIGNMENT|[86]|m|{"Account__c":"001g8000005VaOHAA0","Product__c":"01tg8000001BArcAAG","Id":"a00g800000JZjxzAAD","State__c":"a04g8000000QmaTAAS","MarginValuePercent__c":5.00}|0x4d34607
13:15:07.7 (168645964)|STATEMENT_EXECUTE|[86]
13:15:07.7 (168647345)|STATEMENT_EXECUTE|[87]
13:15:07.7 (168662546)|HEAP_ALLOCATE|[87]|Bytes:18
13:15:07.7 (168669560)|VARIABLE_SCOPE_BEGIN|[87]|p|String|false|false
13:15:07.7 (168677129)|VARIABLE_ASSIGNMENT|[87]|p|"01tg8000001BArcAAG"
13:15:07.7 (168680765)|STATEMENT_EXECUTE|[88]
13:15:07.7 (168688329)|HEAP_ALLOCATE|[88]|Bytes:18
13:15:07.7 (168694815)|VARIABLE_SCOPE_BEGIN|[88]|a|String|false|false
13:15:07.7 (168702015)|VARIABLE_ASSIGNMENT|[88]|a|"001g8000005VaOHAA0"
13:15:07.7 (168705331)|STATEMENT_EXECUTE|[89]
13:15:07.7 (168714746)|HEAP_ALLOCATE|[89]|Bytes:18
13:15:07.7 (168721203)|VARIABLE_SCOPE_BEGIN|[89]|l|String|false|false
13:15:07.7 (168728370)|VARIABLE_ASSIGNMENT|[89]|l|"a04g8000000QmaTAAS"
13:15:07.7 (168731783)|STATEMENT_EXECUTE|[92]
13:15:07.7 (168734793)|HEAP_ALLOCATE|[92]|Bytes:56
13:15:07.7 (168737924)|VARIABLE_SCOPE_BEGIN|[92]|compositeKey|String|false|false
13:15:07.7 (168745845)|VARIABLE_ASSIGNMENT|[92]|compositeKey|"01tg8000001BArcAAG_0 (36 more) ..."
13:15:07.7 (168749337)|STATEMENT_EXECUTE|[93]
13:15:07.7 (168753728)|HEAP_ALLOCATE|[EXTERNAL]|Bytes:-4
13:15:07.7 (168758076)|STATEMENT_EXECUTE|[94]
13:15:07.7 (168760354)|HEAP_ALLOCATE|[94]|Bytes:84
13:15:07.7 (168765994)|USER_DEBUG|[94]|DEBUG|MAPA MARGEM - Chave Gerada: 01tg8000001BArcAAG_001g8000005VaOHAA0_a04g8000000QmaTAAS
13:15:07.7 (168775520)|HEAP_ALLOCATE|[86]|Bytes:5
13:15:07.7 (168781780)|HEAP_ALLOCATE|[86]|Bytes:24
13:15:07.7 (168785826)|VARIABLE_SCOPE_BEGIN|[86]|m|Margem__c|true|false
13:15:07.7 (168823709)|VARIABLE_ASSIGNMENT|[86]|m|{"Country__c":"a03g8000004x8aeAAA","Id":"a00g800000JZjy0AAD","AccountGroup__c":"a02g8000002871ZAAQ","ProductHierarchy__c":"a01g8000007otrqAAA","MarginValuePercent__c":30.00}|0x4d175bf1
13:15:07.7 (168829950)|STATEMENT_EXECUTE|[86]
13:15:07.7 (168831214)|STATEMENT_EXECUTE|[87]
13:15:07.7 (168840459)|HEAP_ALLOCATE|[87]|Bytes:18
13:15:07.7 (168847004)|VARIABLE_SCOPE_BEGIN|[87]|p|String|false|false
13:15:07.7 (168854316)|VARIABLE_ASSIGNMENT|[87]|p|"a01g8000007otrqAAA"
13:15:07.7 (168857734)|STATEMENT_EXECUTE|[88]
13:15:07.7 (168866305)|HEAP_ALLOCATE|[88]|Bytes:18
13:15:07.7 (168872717)|VARIABLE_SCOPE_BEGIN|[88]|a|String|false|false
13:15:07.7 (168879866)|VARIABLE_ASSIGNMENT|[88]|a|"a02g8000002871ZAAQ"
13:15:07.7 (168883409)|STATEMENT_EXECUTE|[89]
13:15:07.7 (168898890)|HEAP_ALLOCATE|[89]|Bytes:18
13:15:07.7 (168905544)|VARIABLE_SCOPE_BEGIN|[89]|l|String|false|false
13:15:07.7 (168912829)|VARIABLE_ASSIGNMENT|[89]|l|"a03g8000004x8aeAAA"
13:15:07.7 (168916192)|STATEMENT_EXECUTE|[92]
13:15:07.7 (168918952)|HEAP_ALLOCATE|[92]|Bytes:56
13:15:07.7 (168922051)|VARIABLE_SCOPE_BEGIN|[92]|compositeKey|String|false|false
13:15:07.7 (168929804)|VARIABLE_ASSIGNMENT|[92]|compositeKey|"a01g8000007otrqAAA_a (36 more) ..."
13:15:07.7 (168933186)|STATEMENT_EXECUTE|[93]
13:15:07.7 (168937091)|HEAP_ALLOCATE|[EXTERNAL]|Bytes:-4
13:15:07.7 (168941358)|STATEMENT_EXECUTE|[94]
13:15:07.7 (168943579)|HEAP_ALLOCATE|[94]|Bytes:84
13:15:07.7 (168948910)|USER_DEBUG|[94]|DEBUG|MAPA MARGEM - Chave Gerada: a01g8000007otrqAAA_a02g8000002871ZAAQ_a03g8000004x8aeAAA
13:15:07.7 (168957372)|HEAP_ALLOCATE|[86]|Bytes:5
13:15:07.7 (168978988)|VARIABLE_ASSIGNMENT|[86]|m|null|
13:15:07.7 (168984939)|STATEMENT_EXECUTE|[98]
13:15:07.7 (168987854)|HEAP_ALLOCATE|[98]|Bytes:103
13:15:07.7 (169003993)|HEAP_ALLOCATE|[98]|Bytes:4
13:15:07.7 (169725730)|SOQL_EXECUTE_BEGIN|[98]|Aggregations:0|SELECT Product__c, State__c, DistributionCenter__c, TaxRate__c FROM Tax__c WHERE Status__c = 'Approved'
13:15:07.7 (200131318)|SOQL_EXECUTE_END|[98]|Rows:3
13:15:07.7 (200179693)|HEAP_ALLOCATE|[98]|Bytes:16
13:15:07.7 (200206423)|HEAP_ALLOCATE|[98]|Bytes:552
13:15:07.7 (200356959)|HEAP_ALLOCATE|[98]|Bytes:16
13:15:07.7 (200385934)|VARIABLE_SCOPE_BEGIN|[98]|listTaxes|List<Tax__c>|true|false
13:15:07.7 (200633995)|VARIABLE_ASSIGNMENT|[98]|listTaxes|[{"DistributionCenter__c":"a06g8000000wkLpAAI","Product__c":"01tg8000001BArVAAW","TaxRate__c":18.00,"Id":"a09g8000001l5i1AAA","State__c":"a04g8000000QmaTAAS"},{"DistributionCenter__c":"a06g8000000wkLpAAI","Product__c":"01tg8000001BArXAAW","TaxRate__c":18.00,"Id":"a09g8000001l5i2AAA","State__c":"a04g8000000QmaTAAS"},{"DistributionCenter__c":"a06g8000000wkLpAAI","Product__c":"01tg8000001BArcAAG","TaxRate__c":18.00,"Id":"a09g8000001l5i3AAA","State__c":"a04g8000000QmaTAAS"}]|0x26bc2c98
13:15:07.7 (200649058)|STATEMENT_EXECUTE|[104]
13:15:07.7 (200701735)|HEAP_ALLOCATE|[104]|Bytes:4
13:15:07.7 (200772230)|VARIABLE_SCOPE_BEGIN|[104]|mapTaxByCompositeKey|Map<String,Tax__c>|true|false
13:15:07.7 (200790694)|VARIABLE_ASSIGNMENT|[104]|mapTaxByCompositeKey|{}|0x30a32ba2
13:15:07.7 (201044377)|HEAP_ALLOCATE|[105]|Bytes:5
13:15:07.7 (201081200)|HEAP_ALLOCATE|[105]|Bytes:24
13:15:07.7 (201090755)|VARIABLE_SCOPE_BEGIN|[105]|t|Tax__c|true|false
13:15:07.7 (201189128)|VARIABLE_ASSIGNMENT|[105]|t|{"DistributionCenter__c":"a06g8000000wkLpAAI","Product__c":"01tg8000001BArVAAW","TaxRate__c":18.00,"Id":"a09g8000001l5i1AAA","State__c":"a04g8000000QmaTAAS"}|0x14244bc5
13:15:07.7 (201196950)|STATEMENT_EXECUTE|[105]
13:15:07.7 (201198835)|STATEMENT_EXECUTE|[106]
13:15:07.7 (201304817)|HEAP_ALLOCATE|[106]|Bytes:18
13:15:07.7 (201333939)|HEAP_ALLOCATE|[107]|Bytes:18
13:15:07.7 (201355092)|HEAP_ALLOCATE|[108]|Bytes:18
13:15:07.7 (201371381)|HEAP_ALLOCATE|[106]|Bytes:54
13:15:07.7 (201375671)|VARIABLE_SCOPE_BEGIN|[106]|key|String|false|false
13:15:07.7 (201386935)|VARIABLE_ASSIGNMENT|[106]|key|"01tg8000001BArVAAWa0 (34 more) ..."
13:15:07.7 (201391968)|STATEMENT_EXECUTE|[109]
13:15:07.7 (201417596)|HEAP_ALLOCATE|[EXTERNAL]|Bytes:-4
13:15:07.7 (201432835)|HEAP_ALLOCATE|[105]|Bytes:5
13:15:07.7 (201442469)|HEAP_ALLOCATE|[105]|Bytes:24
13:15:07.7 (201447545)|VARIABLE_SCOPE_BEGIN|[105]|t|Tax__c|true|false
13:15:07.7 (201489512)|VARIABLE_ASSIGNMENT|[105]|t|{"DistributionCenter__c":"a06g8000000wkLpAAI","Product__c":"01tg8000001BArXAAW","TaxRate__c":18.00,"Id":"a09g8000001l5i2AAA","State__c":"a04g8000000QmaTAAS"}|0x605a83b4
13:15:07.7 (201495384)|STATEMENT_EXECUTE|[105]
13:15:07.7 (201496691)|STATEMENT_EXECUTE|[106]
13:15:07.7 (201506772)|HEAP_ALLOCATE|[106]|Bytes:18
13:15:07.7 (201517624)|HEAP_ALLOCATE|[107]|Bytes:18
13:15:07.7 (201528417)|HEAP_ALLOCATE|[108]|Bytes:18
13:15:07.7 (201534891)|HEAP_ALLOCATE|[106]|Bytes:54
13:15:07.7 (201538237)|VARIABLE_SCOPE_BEGIN|[106]|key|String|false|false
13:15:07.7 (201546180)|VARIABLE_ASSIGNMENT|[106]|key|"01tg8000001BArXAAWa0 (34 more) ..."
13:15:07.7 (201549720)|STATEMENT_EXECUTE|[109]
13:15:07.7 (201554542)|HEAP_ALLOCATE|[EXTERNAL]|Bytes:-4
13:15:07.7 (201562781)|HEAP_ALLOCATE|[105]|Bytes:5
13:15:07.7 (201569143)|HEAP_ALLOCATE|[105]|Bytes:24
13:15:07.7 (201573121)|VARIABLE_SCOPE_BEGIN|[105]|t|Tax__c|true|false
13:15:07.7 (201604552)|VARIABLE_ASSIGNMENT|[105]|t|{"DistributionCenter__c":"a06g8000000wkLpAAI","Product__c":"01tg8000001BArcAAG","TaxRate__c":18.00,"Id":"a09g8000001l5i3AAA","State__c":"a04g8000000QmaTAAS"}|0x41472ad4
13:15:07.7 (201610192)|STATEMENT_EXECUTE|[105]
13:15:07.7 (201611399)|STATEMENT_EXECUTE|[106]
13:15:07.7 (201619157)|HEAP_ALLOCATE|[106]|Bytes:18
13:15:07.7 (201629745)|HEAP_ALLOCATE|[107]|Bytes:18
13:15:07.7 (201640110)|HEAP_ALLOCATE|[108]|Bytes:18
13:15:07.7 (201646684)|HEAP_ALLOCATE|[106]|Bytes:54
13:15:07.7 (201649911)|VARIABLE_SCOPE_BEGIN|[106]|key|String|false|false
13:15:07.7 (201657594)|VARIABLE_ASSIGNMENT|[106]|key|"01tg8000001BArcAAGa0 (34 more) ..."
13:15:07.7 (201660935)|STATEMENT_EXECUTE|[109]
13:15:07.7 (201664842)|HEAP_ALLOCATE|[EXTERNAL]|Bytes:-4
13:15:07.7 (201672152)|HEAP_ALLOCATE|[105]|Bytes:5
13:15:07.7 (201680976)|VARIABLE_ASSIGNMENT|[105]|t|null|
13:15:07.7 (201686163)|STATEMENT_EXECUTE|[113]
13:15:07.7 (201689629)|HEAP_ALLOCATE|[113]|Bytes:154
13:15:07.7 (201723518)|HEAP_ALLOCATE|[113]|Bytes:4
13:15:07.7 (202603723)|SOQL_EXECUTE_BEGIN|[113]|Aggregations:0|SELECT Product__c, City__c, State__c, Country__c, DistributionCenter__c, FreightValue__c, ProductHierarchy__c FROM Freight__c WHERE Status__c = 'Approved'
13:15:07.7 (230868691)|SOQL_EXECUTE_END|[113]|Rows:4
13:15:07.7 (230912648)|HEAP_ALLOCATE|[113]|Bytes:20
13:15:07.7 (230939438)|HEAP_ALLOCATE|[113]|Bytes:784
13:15:07.7 (231048803)|HEAP_ALLOCATE|[113]|Bytes:20
13:15:07.7 (231074219)|VARIABLE_SCOPE_BEGIN|[113]|listFreights|List<Freight__c>|true|false
13:15:07.7 (231260953)|VARIABLE_ASSIGNMENT|[113]|listFreights|[{"DistributionCenter__c":"a06g8000000wkLpAAI","Id":"a0Ag8000000XacwEAC","State__c":"a04g8000000QmaTAAS","ProductHierarchy__c":"a01g8000007otrhAAA","FreightValue__c":800.00},{"DistributionCenter__c":"a06g8000000wkLpAAI","City__c":"a05g8000001KAc9AAG","Id":"a0Ag8000000XacxEAC","ProductHierarchy__c":"a01g8000007otrjAAA","FreightValue__c":500.00},{"DistributionCenter__c":"a06g8000000wkLpAAI","Product__c":"01tg8000001BArcAAG","Id":"a0Ag8000000XacyEAC","State__c":"a04g8000000QmaTAAS","FreightValue__c":150.00},{"DistributionCenter__c":"a06g8000000wkLpAAI","Country__c":"a03g8000004x8aeAAA","Id":"a0Ag8000000XaczEAC","ProductHierarchy__c":"a01g8000007otrqAAA","FreightValue__c":50.00}]|0x2b564cae
13:15:07.7 (231272142)|STATEMENT_EXECUTE|[119]
13:15:07.7 (231312903)|HEAP_ALLOCATE|[119]|Bytes:4
13:15:07.7 (231353865)|VARIABLE_SCOPE_BEGIN|[119]|mapFreight|Map<String,Freight__c>|true|false
13:15:07.7 (231366657)|VARIABLE_ASSIGNMENT|[119]|mapFreight|{}|0x1ad2709c
13:15:07.7 (231554278)|HEAP_ALLOCATE|[120]|Bytes:5
13:15:07.7 (231576985)|HEAP_ALLOCATE|[120]|Bytes:24
13:15:07.7 (231583708)|VARIABLE_SCOPE_BEGIN|[120]|f|Freight__c|true|false
13:15:07.7 (231617085)|VARIABLE_ASSIGNMENT|[120]|f|{"DistributionCenter__c":"a06g8000000wkLpAAI","Id":"a0Ag8000000XacwEAC","State__c":"a04g8000000QmaTAAS","ProductHierarchy__c":"a01g8000007otrhAAA","FreightValue__c":800.00}|0x2793558c
13:15:07.7 (231622365)|STATEMENT_EXECUTE|[120]
13:15:07.7 (231623493)|STATEMENT_EXECUTE|[121]
13:15:07.7 (231677900)|HEAP_ALLOCATE|[121]|Bytes:18
13:15:07.7 (231684419)|VARIABLE_SCOPE_BEGIN|[121]|quem|String|false|false
13:15:07.7 (231692921)|VARIABLE_ASSIGNMENT|[121]|quem|"a01g8000007otrhAAA"
13:15:07.7 (231697720)|STATEMENT_EXECUTE|[122]
13:15:07.7 (231713886)|HEAP_ALLOCATE|[122]|Bytes:18
13:15:07.7 (231718425)|VARIABLE_SCOPE_BEGIN|[122]|onde|String|false|false
13:15:07.7 (231723465)|VARIABLE_ASSIGNMENT|[122]|onde|"a04g8000000QmaTAAS"
13:15:07.7 (231725465)|STATEMENT_EXECUTE|[125]
13:15:07.7 (231733682)|HEAP_ALLOCATE|[125]|Bytes:37
13:15:07.7 (231735650)|VARIABLE_SCOPE_BEGIN|[125]|key|String|false|false
13:15:07.7 (231742075)|VARIABLE_ASSIGNMENT|[125]|key|"a01g8000007otrhAAA_a (17 more) ..."
13:15:07.7 (231744226)|STATEMENT_EXECUTE|[126]
13:15:07.7 (231783919)|HEAP_ALLOCATE|[EXTERNAL]|Bytes:-4
13:15:07.7 (231798296)|HEAP_ALLOCATE|[120]|Bytes:5
13:15:07.7 (231807734)|HEAP_ALLOCATE|[120]|Bytes:24
13:15:07.7 (231812463)|VARIABLE_SCOPE_BEGIN|[120]|f|Freight__c|true|false
13:15:07.7 (231855140)|VARIABLE_ASSIGNMENT|[120]|f|{"DistributionCenter__c":"a06g8000000wkLpAAI","City__c":"a05g8000001KAc9AAG","Id":"a0Ag8000000XacxEAC","ProductHierarchy__c":"a01g8000007otrjAAA","FreightValue__c":500.00}|0x1e8750b2
13:15:07.7 (231859284)|STATEMENT_EXECUTE|[120]
13:15:07.7 (231860143)|STATEMENT_EXECUTE|[121]
13:15:07.7 (231865661)|HEAP_ALLOCATE|[121]|Bytes:18
13:15:07.7 (231868338)|VARIABLE_SCOPE_BEGIN|[121]|quem|String|false|false
13:15:07.7 (231872807)|VARIABLE_ASSIGNMENT|[121]|quem|"a01g8000007otrjAAA"
13:15:07.7 (231874728)|STATEMENT_EXECUTE|[122]
13:15:07.7 (231882598)|HEAP_ALLOCATE|[122]|Bytes:18
13:15:07.7 (231884954)|VARIABLE_SCOPE_BEGIN|[122]|onde|String|false|false
13:15:07.7 (231888954)|VARIABLE_ASSIGNMENT|[122]|onde|"a05g8000001KAc9AAG"
13:15:07.7 (231890721)|STATEMENT_EXECUTE|[125]
13:15:07.7 (231893054)|HEAP_ALLOCATE|[125]|Bytes:37
13:15:07.7 (231894959)|VARIABLE_SCOPE_BEGIN|[125]|key|String|false|false
13:15:07.7 (231899830)|VARIABLE_ASSIGNMENT|[125]|key|"a01g8000007otrjAAA_a (17 more) ..."
13:15:07.7 (231901721)|STATEMENT_EXECUTE|[126]
13:15:07.7 (231905730)|HEAP_ALLOCATE|[EXTERNAL]|Bytes:-4
13:15:07.7 (231912235)|HEAP_ALLOCATE|[120]|Bytes:5
13:15:07.7 (231916512)|HEAP_ALLOCATE|[120]|Bytes:24
13:15:07.7 (231919125)|VARIABLE_SCOPE_BEGIN|[120]|f|Freight__c|true|false
13:15:07.7 (231944713)|VARIABLE_ASSIGNMENT|[120]|f|{"DistributionCenter__c":"a06g8000000wkLpAAI","Product__c":"01tg8000001BArcAAG","Id":"a0Ag8000000XacyEAC","State__c":"a04g8000000QmaTAAS","FreightValue__c":150.00}|0x415908e4
13:15:07.7 (231948376)|STATEMENT_EXECUTE|[120]
13:15:07.7 (231949159)|STATEMENT_EXECUTE|[121]
13:15:07.7 (231956105)|HEAP_ALLOCATE|[121]|Bytes:18
13:15:07.7 (231958670)|VARIABLE_SCOPE_BEGIN|[121]|quem|String|false|false
13:15:07.7 (231962794)|VARIABLE_ASSIGNMENT|[121]|quem|"01tg8000001BArcAAG"
13:15:07.7 (231964678)|STATEMENT_EXECUTE|[122]
13:15:07.7 (231968256)|HEAP_ALLOCATE|[122]|Bytes:18
13:15:07.7 (231970170)|VARIABLE_SCOPE_BEGIN|[122]|onde|String|false|false
13:15:07.7 (231974141)|VARIABLE_ASSIGNMENT|[122]|onde|"a04g8000000QmaTAAS"
13:15:07.7 (231975915)|STATEMENT_EXECUTE|[125]
13:15:07.7 (231977958)|HEAP_ALLOCATE|[125]|Bytes:37
13:15:07.7 (231979788)|VARIABLE_SCOPE_BEGIN|[125]|key|String|false|false
13:15:07.7 (231984120)|VARIABLE_ASSIGNMENT|[125]|key|"01tg8000001BArcAAG_a (17 more) ..."
13:15:07.7 (231986059)|STATEMENT_EXECUTE|[126]
13:15:07.7 (231988930)|HEAP_ALLOCATE|[EXTERNAL]|Bytes:-4
13:15:07.7 (231994060)|HEAP_ALLOCATE|[120]|Bytes:5
13:15:07.7 (231998008)|HEAP_ALLOCATE|[120]|Bytes:24
13:15:07.7 (232000382)|VARIABLE_SCOPE_BEGIN|[120]|f|Freight__c|true|false
13:15:07.7 (232022168)|VARIABLE_ASSIGNMENT|[120]|f|{"DistributionCenter__c":"a06g8000000wkLpAAI","Country__c":"a03g8000004x8aeAAA","Id":"a0Ag8000000XaczEAC","ProductHierarchy__c":"a01g8000007otrqAAA","FreightValue__c":50.00}|0x57d01fae
13:15:07.7 (232025615)|STATEMENT_EXECUTE|[120]
13:15:07.7 (232026416)|STATEMENT_EXECUTE|[121]
13:15:07.7 (232029613)|HEAP_ALLOCATE|[121]|Bytes:18
13:15:07.7 (232031708)|VARIABLE_SCOPE_BEGIN|[121]|quem|String|false|false
13:15:07.7 (232035629)|VARIABLE_ASSIGNMENT|[121]|quem|"a01g8000007otrqAAA"
13:15:07.7 (232037728)|STATEMENT_EXECUTE|[122]
13:15:07.7 (232044528)|HEAP_ALLOCATE|[122]|Bytes:18
13:15:07.7 (232046536)|VARIABLE_SCOPE_BEGIN|[122]|onde|String|false|false
13:15:07.7 (232050537)|VARIABLE_ASSIGNMENT|[122]|onde|"a03g8000004x8aeAAA"
13:15:07.7 (232052398)|STATEMENT_EXECUTE|[125]
13:15:07.7 (232053919)|HEAP_ALLOCATE|[125]|Bytes:37
13:15:07.7 (232055748)|VARIABLE_SCOPE_BEGIN|[125]|key|String|false|false
13:15:07.7 (232059845)|VARIABLE_ASSIGNMENT|[125]|key|"a01g8000007otrqAAA_a (17 more) ..."
13:15:07.7 (232061631)|STATEMENT_EXECUTE|[126]
13:15:07.7 (232064538)|HEAP_ALLOCATE|[EXTERNAL]|Bytes:-4
13:15:07.7 (232069668)|HEAP_ALLOCATE|[120]|Bytes:5
13:15:07.7 (232075477)|VARIABLE_ASSIGNMENT|[120]|f|null|
13:15:07.7 (232105406)|HEAP_ALLOCATE|[130]|Bytes:5
13:15:07.7 (232116745)|HEAP_ALLOCATE|[130]|Bytes:4
13:15:07.7 (232120348)|VARIABLE_SCOPE_BEGIN|[130]|item|OrderItem|true|false
13:15:07.7 (232710072)|VARIABLE_ASSIGNMENT|[130]|item|{"IsDeleted":false,"UnitPrice":1350000.00,"Product2Id":"01tg8000001BArVAAW","PricebookEntryId":"01ug8000000XnbRAAS","TotalPrice":1350000.00,"Quantity":1.00,"ListPrice":1350000.00,"OrderId":"801g8000007E9NdAAK"}|0x851de2d
13:15:07.7 (232716625)|STATEMENT_EXECUTE|[130]
13:15:07.7 (232717683)|STATEMENT_EXECUTE|[131]
13:15:07.7 (232758449)|VARIABLE_SCOPE_BEGIN|[131]|pedido|Order|true|false
13:15:07.7 (232830320)|VARIABLE_ASSIGNMENT|[131]|pedido|{"DistributionCenter__c":"a06g8000000wkLpAAI","City__c":"a05g8000001KAc9AAG","Country__c":"a03g8000004x8aeAAA","Id":"801g8000007E9NdAAK","AccountId":"001g8000005VaOHAA0","State__c":"a04g8000000QmaTAAS"}|0x63ee8ad
13:15:07.7 (232834785)|STATEMENT_EXECUTE|[132]
13:15:07.7 (232858328)|VARIABLE_SCOPE_BEGIN|[132]|produto|Product2|true|false
13:15:07.7 (232891020)|VARIABLE_ASSIGNMENT|[132]|produto|{"ProductionCost__c":900000.00,"ProductHierarchy__c":"a01g8000007otrhAAA","Id":"01tg8000001BArVAAW"}|0x52686b40
13:15:07.7 (232894048)|STATEMENT_EXECUTE|[133]
13:15:07.7 (232913058)|VARIABLE_SCOPE_BEGIN|[133]|cliente|Account|true|false
13:15:07.7 (232941508)|VARIABLE_ASSIGNMENT|[133]|cliente|{"AccountGroup__c":"a02g8000002871ZAAQ","Id":"001g8000005VaOHAA0"}|0x790b757
13:15:07.7 (233021585)|HEAP_ALLOCATE|[136]|Bytes:28
13:15:07.7 (233026559)|HEAP_ALLOCATE|[136]|Bytes:28
13:15:07.7 (233105153)|HEAP_ALLOCATE|[136]|Bytes:28
13:15:07.7 (233107200)|HEAP_ALLOCATE|[136]|Bytes:28
13:15:07.7 (233117545)|STATEMENT_EXECUTE|[136]
13:15:07.7 (233120737)|STATEMENT_EXECUTE|[143]
13:15:07.7 (233121615)|STATEMENT_EXECUTE|[147]
13:15:07.7 (233136421)|HEAP_ALLOCATE|[147]|Bytes:18
13:15:07.7 (233153776)|HEAP_ALLOCATE|[148]|Bytes:18
13:15:07.7 (233166661)|HEAP_ALLOCATE|[149]|Bytes:18
13:15:07.7 (233172987)|HEAP_ALLOCATE|[147]|Bytes:54
13:15:07.7 (233175346)|VARIABLE_SCOPE_BEGIN|[147]|keyOrderItemImposto|String|false|false
13:15:07.7 (233182356)|VARIABLE_ASSIGNMENT|[147]|keyOrderItemImposto|"01tg8000001BArVAAWa0 (34 more) ..."
13:15:07.7 (233185216)|STATEMENT_EXECUTE|[151]
13:15:07.7 (233200197)|VARIABLE_SCOPE_BEGIN|[151]|impostoEncontrado|Tax__c|true|false
13:15:07.7 (233240617)|VARIABLE_ASSIGNMENT|[151]|impostoEncontrado|{"DistributionCenter__c":"a06g8000000wkLpAAI","Product__c":"01tg8000001BArVAAW","TaxRate__c":18.00,"Id":"a09g8000001l5i1AAA","State__c":"a04g8000000QmaTAAS"}|0x14244bc5
13:15:07.7 (233244441)|STATEMENT_EXECUTE|[153]
13:15:07.7 (233976932)|VARIABLE_ASSIGNMENT|[153]|this.TaxPercentage__c|18.00|0x851de2d
13:15:07.7 (233988855)|STATEMENT_EXECUTE|[156]
13:15:07.7 (244824800)|HEAP_ALLOCATE|[156]|Bytes:7
13:15:07.7 (244891552)|METHOD_ENTRY|[1]|01pg8000001F8kf|PricingService.PricingService()
13:15:07.7 (244897769)|STATEMENT_EXECUTE|[1]
13:15:07.7 (244904013)|STATEMENT_EXECUTE|[1]
13:15:07.7 (244911471)|METHOD_EXIT|[1]|PricingService
13:15:07.7 (244959524)|METHOD_ENTRY|[156]|01pg8000001F8kf|PricingService.findMargin(OrderItem, Order, Map<String,Margem__c>, Id, Account)
13:15:07.7 (245000366)|VARIABLE_SCOPE_BEGIN|[20]|item|OrderItem|true|false
13:15:07.7 (245697825)|VARIABLE_ASSIGNMENT|[20]|item|{"IsDeleted":false,"UnitPrice":1350000.00,"Product2Id":"01tg8000001BArVAAW","PricebookEntryId":"01ug8000000XnbRAAS","TotalPrice":1350000.00,"Quantity":1.00,"TaxPercentage__c":18.00,"ListPrice":1350000.00,"OrderId":"801g8000007E9NdAAK"}|0x851de2d
13:15:07.7 (245708810)|VARIABLE_SCOPE_BEGIN|[20]|pedido|Order|true|false
13:15:07.7 (245791780)|VARIABLE_ASSIGNMENT|[20]|pedido|{"DistributionCenter__c":"a06g8000000wkLpAAI","City__c":"a05g8000001KAc9AAG","Country__c":"a03g8000004x8aeAAA","Id":"801g8000007E9NdAAK","AccountId":"001g8000005VaOHAA0","State__c":"a04g8000000QmaTAAS"}|0x63ee8ad
13:15:07.7 (245798115)|VARIABLE_SCOPE_BEGIN|[20]|mapMargin|Map<String,Margem__c>|true|false
13:15:07.7 (245906171)|VARIABLE_ASSIGNMENT|[20]|mapMargin|{"a01g8000007otrhAAA_a02g8000002871ZAAQ_a04g8000000QmaTAAS":{"Id":"a00g800000JZjxxAAD","AccountGroup__c":"a02g8000002871ZAAQ","ProductHierarchy__c":"a01g8000007otrhAAA","State__c":"a04g8000000QmaTAAS","MarginValuePercent__c":15.00},"a01g8000007otrjAAA_001g8000005VaOHAA0_a05g8000001KAc9AAG":{"Account__c":"001g8000005VaOHAA0","City__c":"a05g8000001KAc9AAG","Id":"a00g800000JZjxyAAD","ProductHierarchy__c":"a01g8000007otrjAAA","MarginValuePercent__c":25.00},"01tg8000001BArcAAG_001g8000005VaOHAA0_a04g8000000QmaTAAS":{"Account__c":"001g8000005VaOHAA0","Product__c":"01tg8000001BArcAAG","Id":"a00g800000JZjxzAAD","State__c":"a04g8000000QmaTAAS","MarginValuePercent__c":5.00},"a01g8000007otrqAAA_a02g8000002871ZAAQ_a03g8000004x8aeAAA":{"Country__c":"a03g8000004x8aeAAA","Id":"a00g800000JZjy0AAD","AccountGroup__c":"a02g8000002871ZAAQ","ProductHierarchy__c":"a01g8000007otrqAAA","MarginValuePercent__c":30.00}}|0x6631f8d5
13:15:07.7 (245916550)|VARIABLE_SCOPE_BEGIN|[20]|h|Id|false|false
13:15:07.7 (246124613)|VARIABLE_ASSIGNMENT|[20]|h|"a01g8000007otrhAAA"
13:15:07.7 (246131447)|VARIABLE_SCOPE_BEGIN|[20]|cliente|Account|true|false
13:15:07.7 (246166077)|VARIABLE_ASSIGNMENT|[20]|cliente|{"AccountGroup__c":"a02g8000002871ZAAQ","Id":"001g8000005VaOHAA0"}|0x790b757
13:15:07.7 (246175862)|STATEMENT_EXECUTE|[20]
13:15:07.7 (246177404)|STATEMENT_EXECUTE|[21]
13:15:07.7 (246197193)|VARIABLE_SCOPE_BEGIN|[21]|p|Id|false|false
13:15:07.7 (246237639)|VARIABLE_ASSIGNMENT|[21]|p|"01tg8000001BArVAAW"
13:15:07.7 (246240786)|STATEMENT_EXECUTE|[22]
13:15:07.7 (246246458)|VARIABLE_SCOPE_BEGIN|[22]|a|Id|false|false
13:15:07.7 (246265988)|VARIABLE_ASSIGNMENT|[22]|a|"001g8000005VaOHAA0"
13:15:07.7 (246268587)|STATEMENT_EXECUTE|[23]
13:15:07.7 (246285343)|VARIABLE_SCOPE_BEGIN|[23]|g|Id|false|false
13:15:07.7 (246304931)|VARIABLE_ASSIGNMENT|[23]|g|"a02g8000002871ZAAQ"
13:15:07.7 (246307363)|STATEMENT_EXECUTE|[24]
13:15:07.7 (246315999)|VARIABLE_SCOPE_BEGIN|[24]|c|Id|false|false
13:15:07.7 (246339230)|VARIABLE_ASSIGNMENT|[24]|c|"a05g8000001KAc9AAG"
13:15:07.7 (246342829)|STATEMENT_EXECUTE|[25]
13:15:07.7 (246347076)|VARIABLE_SCOPE_BEGIN|[25]|e|Id|false|false
13:15:07.7 (246371901)|VARIABLE_ASSIGNMENT|[25]|e|"a04g8000000QmaTAAS"
13:15:07.7 (246374369)|STATEMENT_EXECUTE|[26]
13:15:07.7 (246382709)|VARIABLE_SCOPE_BEGIN|[26]|pa|Id|false|false
13:15:07.7 (246401308)|VARIABLE_ASSIGNMENT|[26]|pa|"a03g8000004x8aeAAA"
13:15:07.7 (246491948)|HEAP_ALLOCATE|[29]|Bytes:18
13:15:07.7 (246508748)|HEAP_ALLOCATE|[29]|Bytes:18
13:15:07.7 (246514960)|HEAP_ALLOCATE|[29]|Bytes:18
13:15:07.7 (246524217)|HEAP_ALLOCATE|[29]|Bytes:56
13:15:07.7 (246542041)|STATEMENT_EXECUTE|[29]
13:15:07.7 (246550071)|HEAP_ALLOCATE|[30]|Bytes:18
13:15:07.7 (246556576)|HEAP_ALLOCATE|[30]|Bytes:18
13:15:07.7 (246562267)|HEAP_ALLOCATE|[30]|Bytes:18
13:15:07.7 (246566337)|HEAP_ALLOCATE|[30]|Bytes:56
13:15:07.7 (246571071)|STATEMENT_EXECUTE|[30]
13:15:07.7 (246577083)|HEAP_ALLOCATE|[31]|Bytes:18
13:15:07.7 (246583365)|HEAP_ALLOCATE|[31]|Bytes:18
13:15:07.7 (246588868)|HEAP_ALLOCATE|[31]|Bytes:18
13:15:07.7 (246592717)|HEAP_ALLOCATE|[31]|Bytes:56
13:15:07.7 (246597011)|STATEMENT_EXECUTE|[31]
13:15:07.7 (246602507)|HEAP_ALLOCATE|[32]|Bytes:18
13:15:07.7 (246608446)|HEAP_ALLOCATE|[32]|Bytes:18
13:15:07.7 (246613976)|HEAP_ALLOCATE|[32]|Bytes:18
13:15:07.7 (246617816)|HEAP_ALLOCATE|[32]|Bytes:56
13:15:07.7 (246622235)|STATEMENT_EXECUTE|[32]
13:15:07.7 (246627833)|HEAP_ALLOCATE|[33]|Bytes:18
13:15:07.7 (246633846)|HEAP_ALLOCATE|[33]|Bytes:18
13:15:07.7 (246639446)|HEAP_ALLOCATE|[33]|Bytes:18
13:15:07.7 (246643494)|HEAP_ALLOCATE|[33]|Bytes:56
13:15:07.7 (246647949)|STATEMENT_EXECUTE|[33]
13:15:07.7 (246653221)|HEAP_ALLOCATE|[34]|Bytes:18
13:15:07.7 (246659139)|HEAP_ALLOCATE|[34]|Bytes:18
13:15:07.7 (246664630)|HEAP_ALLOCATE|[34]|Bytes:18
13:15:07.7 (246668526)|HEAP_ALLOCATE|[34]|Bytes:56
13:15:07.7 (246672942)|STATEMENT_EXECUTE|[34]
13:15:07.7 (246678096)|HEAP_ALLOCATE|[36]|Bytes:18
13:15:07.7 (246683781)|HEAP_ALLOCATE|[36]|Bytes:18
13:15:07.7 (246689196)|HEAP_ALLOCATE|[36]|Bytes:18
13:15:07.7 (246693008)|HEAP_ALLOCATE|[36]|Bytes:56
13:15:07.7 (246697302)|STATEMENT_EXECUTE|[36]
13:15:07.7 (246702607)|HEAP_ALLOCATE|[37]|Bytes:18
13:15:07.7 (246708411)|HEAP_ALLOCATE|[37]|Bytes:18
13:15:07.7 (246714059)|HEAP_ALLOCATE|[37]|Bytes:18
13:15:07.7 (246717858)|HEAP_ALLOCATE|[37]|Bytes:56
13:15:07.7 (246721893)|STATEMENT_EXECUTE|[37]
13:15:07.7 (246727133)|HEAP_ALLOCATE|[38]|Bytes:18
13:15:07.7 (246733447)|HEAP_ALLOCATE|[38]|Bytes:18
13:15:07.7 (246738894)|HEAP_ALLOCATE|[38]|Bytes:18
13:15:07.7 (246742730)|HEAP_ALLOCATE|[38]|Bytes:56
13:15:07.7 (246746956)|STATEMENT_EXECUTE|[38]
13:15:07.7 (246752101)|HEAP_ALLOCATE|[39]|Bytes:18
13:15:07.7 (246757937)|HEAP_ALLOCATE|[39]|Bytes:18
13:15:07.7 (246763452)|HEAP_ALLOCATE|[39]|Bytes:18
13:15:07.7 (246767253)|HEAP_ALLOCATE|[39]|Bytes:56
13:15:07.7 (246771649)|STATEMENT_EXECUTE|[39]
13:15:07.7 (246776738)|HEAP_ALLOCATE|[40]|Bytes:18
13:15:07.7 (246782404)|HEAP_ALLOCATE|[40]|Bytes:18
13:15:07.7 (246787820)|HEAP_ALLOCATE|[40]|Bytes:18
13:15:07.7 (246791650)|HEAP_ALLOCATE|[40]|Bytes:56
13:15:07.7 (246795926)|STATEMENT_EXECUTE|[40]
13:15:07.7 (246798948)|HEAP_ALLOCATE|[40]|Bytes:18
13:15:07.7 (246804461)|HEAP_ALLOCATE|[40]|Bytes:18
13:15:07.7 (246809870)|HEAP_ALLOCATE|[40]|Bytes:18
13:15:07.7 (246813673)|HEAP_ALLOCATE|[40]|Bytes:56
13:15:07.7 (246834027)|METHOD_EXIT|[156]|01pg8000001F8kf|PricingService.findMargin(OrderItem, Order, Map<String,Margem__c>, Id, Account)
13:15:07.7 (246840048)|VARIABLE_SCOPE_BEGIN|[156]|margem|Margem__c|true|false
13:15:07.7 (246888226)|VARIABLE_ASSIGNMENT|[156]|margem|{"Id":"a00g800000JZjxxAAD","AccountGroup__c":"a02g8000002871ZAAQ","ProductHierarchy__c":"a01g8000007otrhAAA","State__c":"a04g8000000QmaTAAS","MarginValuePercent__c":15.00}|0x175294c5
13:15:07.7 (246892462)|STATEMENT_EXECUTE|[157]
13:15:07.7 (247452437)|VARIABLE_ASSIGNMENT|[157]|this.MarginPercentage__c|15.00|0x851de2d
13:15:07.7 (247458646)|STATEMENT_EXECUTE|[160]
13:15:07.7 (247481963)|METHOD_ENTRY|[160]|01pg8000001F8kf|PricingService.findFreightValue(OrderItem, Order, Map<String,Freight__c>, Id)
13:15:07.7 (247501416)|VARIABLE_SCOPE_BEGIN|[4]|item|OrderItem|true|false
13:15:07.7 (247872243)|VARIABLE_ASSIGNMENT|[4]|item|{"IsDeleted":false,"UnitPrice":1350000.00,"Product2Id":"01tg8000001BArVAAW","PricebookEntryId":"01ug8000000XnbRAAS","TotalPrice":1350000.00,"Quantity":1.00,"MarginPercentage__c":15.00,"TaxPercentage__c":18.00,"ListPrice":1350000.00,"OrderId":"801g8000007E9NdAAK"}|0x851de2d
13:15:07.7 (247877155)|VARIABLE_SCOPE_BEGIN|[4]|pedido|Order|true|false
13:15:07.7 (247917744)|VARIABLE_ASSIGNMENT|[4]|pedido|{"DistributionCenter__c":"a06g8000000wkLpAAI","City__c":"a05g8000001KAc9AAG","Country__c":"a03g8000004x8aeAAA","Id":"801g8000007E9NdAAK","AccountId":"001g8000005VaOHAA0","State__c":"a04g8000000QmaTAAS"}|0x63ee8ad
13:15:07.7 (247922285)|VARIABLE_SCOPE_BEGIN|[4]|mapFrete|Map<String,Freight__c>|true|false
13:15:07.7 (248005486)|VARIABLE_ASSIGNMENT|[4]|mapFrete|{"a01g8000007otrhAAA_a04g8000000QmaTAAS":{"DistributionCenter__c":"a06g8000000wkLpAAI","Id":"a0Ag8000000XacwEAC","State__c":"a04g8000000QmaTAAS","ProductHierarchy__c":"a01g8000007otrhAAA","FreightValue__c":800.00},"a01g8000007otrjAAA_a05g8000001KAc9AAG":{"DistributionCenter__c":"a06g8000000wkLpAAI","City__c":"a05g8000001KAc9AAG","Id":"a0Ag8000000XacxEAC","ProductHierarchy__c":"a01g8000007otrjAAA","FreightValue__c":500.00},"01tg8000001BArcAAG_a04g8000000QmaTAAS":{"DistributionCenter__c":"a06g8000000wkLpAAI","Product__c":"01tg8000001BArcAAG","Id":"a0Ag8000000XacyEAC","State__c":"a04g8000000QmaTAAS","FreightValue__c":150.00},"a01g8000007otrqAAA_a03g8000004x8aeAAA":{"DistributionCenter__c":"a06g8000000wkLpAAI","Country__c":"a03g8000004x8aeAAA","Id":"a0Ag8000000XaczEAC","ProductHierarchy__c":"a01g8000007otrqAAA","FreightValue__c":50.00}}|0x1ad2709c
13:15:07.7 (248014424)|VARIABLE_SCOPE_BEGIN|[4]|h|Id|false|false
13:15:07.7 (248067865)|VARIABLE_ASSIGNMENT|[4]|h|"a01g8000007otrhAAA"
13:15:07.7 (248073853)|STATEMENT_EXECUTE|[4]
13:15:07.7 (248074707)|STATEMENT_EXECUTE|[5]
13:15:07.7 (248079770)|VARIABLE_SCOPE_BEGIN|[5]|p|Id|false|false
13:15:07.7 (248100642)|VARIABLE_ASSIGNMENT|[5]|p|"01tg8000001BArVAAW"
13:15:07.7 (248103054)|STATEMENT_EXECUTE|[6]
13:15:07.7 (248106619)|VARIABLE_SCOPE_BEGIN|[6]|c|Id|false|false
13:15:07.7 (248123696)|VARIABLE_ASSIGNMENT|[6]|c|"a05g8000001KAc9AAG"
13:15:07.7 (248125961)|STATEMENT_EXECUTE|[7]
13:15:07.7 (248128621)|VARIABLE_SCOPE_BEGIN|[7]|e|Id|false|false
13:15:07.7 (248145669)|VARIABLE_ASSIGNMENT|[7]|e|"a04g8000000QmaTAAS"
13:15:07.7 (248147818)|STATEMENT_EXECUTE|[8]
13:15:07.7 (248150530)|VARIABLE_SCOPE_BEGIN|[8]|pa|Id|false|false
13:15:07.7 (248167570)|VARIABLE_ASSIGNMENT|[8]|pa|"a03g8000004x8aeAAA"
13:15:07.7 (248188882)|HEAP_ALLOCATE|[10]|Bytes:18
13:15:07.7 (248198539)|HEAP_ALLOCATE|[10]|Bytes:18
13:15:07.7 (248205845)|HEAP_ALLOCATE|[10]|Bytes:37
13:15:07.7 (248215067)|STATEMENT_EXECUTE|[10]
13:15:07.7 (248221946)|HEAP_ALLOCATE|[11]|Bytes:18
13:15:07.7 (248228110)|HEAP_ALLOCATE|[11]|Bytes:18
13:15:07.7 (248232330)|HEAP_ALLOCATE|[11]|Bytes:37
13:15:07.7 (248236899)|STATEMENT_EXECUTE|[11]
13:15:07.7 (248242575)|HEAP_ALLOCATE|[12]|Bytes:18
13:15:07.7 (248248702)|HEAP_ALLOCATE|[12]|Bytes:18
13:15:07.7 (248252649)|HEAP_ALLOCATE|[12]|Bytes:37
13:15:07.7 (248256816)|STATEMENT_EXECUTE|[12]
13:15:07.7 (248262419)|HEAP_ALLOCATE|[13]|Bytes:18
13:15:07.7 (248268321)|HEAP_ALLOCATE|[13]|Bytes:18
13:15:07.7 (248272126)|HEAP_ALLOCATE|[13]|Bytes:37
13:15:07.7 (248276407)|STATEMENT_EXECUTE|[13]
13:15:07.7 (248281807)|HEAP_ALLOCATE|[14]|Bytes:18
13:15:07.7 (248287658)|HEAP_ALLOCATE|[14]|Bytes:18
13:15:07.7 (248291599)|HEAP_ALLOCATE|[14]|Bytes:37
13:15:07.7 (248295696)|STATEMENT_EXECUTE|[14]
13:15:07.7 (248298746)|HEAP_ALLOCATE|[14]|Bytes:18
13:15:07.7 (248304316)|HEAP_ALLOCATE|[14]|Bytes:18
13:15:07.7 (248308137)|HEAP_ALLOCATE|[14]|Bytes:37
13:15:07.7 (248338182)|METHOD_EXIT|[160]|01pg8000001F8kf|PricingService.findFreightValue(OrderItem, Order, Map<String,Freight__c>, Id)
13:15:07.7 (248746465)|VARIABLE_ASSIGNMENT|[160]|this.FreightValue__c|800.00|0x851de2d
13:15:07.7 (248750687)|STATEMENT_EXECUTE|[163]
13:15:07.7 (248764724)|VARIABLE_SCOPE_BEGIN|[163]|custoUnitario|Decimal|false|false
13:15:07.7 (248770720)|VARIABLE_ASSIGNMENT|[163]|custoUnitario|900000.00
13:15:07.7 (248773316)|STATEMENT_EXECUTE|[166]
13:15:07.7 (248775683)|HEAP_ALLOCATE|[166]|Bytes:57
13:15:07.7 (248791808)|HEAP_ALLOCATE|[166]|Bytes:18
13:15:07.7 (248799896)|HEAP_ALLOCATE|[166]|Bytes:75
13:15:07.7 (248821027)|USER_DEBUG|[166]|DEBUG|>>> [DIAGNÓSTICO] Verificando parâmetros para o produto: 01tg8000001BArVAAW
13:15:07.7 (248827796)|STATEMENT_EXECUTE|[167]
13:15:07.7 (248829341)|HEAP_ALLOCATE|[167]|Bytes:23
13:15:07.7 (248837209)|HEAP_ALLOCATE|[167]|Bytes:9
13:15:07.7 (248841700)|HEAP_ALLOCATE|[167]|Bytes:32
13:15:07.7 (248845272)|USER_DEBUG|[167]|DEBUG|>>> Custo de Produção: 900000.00
13:15:07.7 (248849111)|STATEMENT_EXECUTE|[168]
13:15:07.7 (248850291)|HEAP_ALLOCATE|[168]|Bytes:20
13:15:07.7 (248868407)|HEAP_ALLOCATE|[168]|Bytes:28
13:15:07.7 (248877352)|HEAP_ALLOCATE|[168]|Bytes:6
13:15:07.7 (248881605)|HEAP_ALLOCATE|[168]|Bytes:26
13:15:07.7 (248885185)|USER_DEBUG|[168]|DEBUG|>>> Valor de Frete: 800.00
13:15:07.7 (248888557)|STATEMENT_EXECUTE|[169]
13:15:07.7 (248889879)|HEAP_ALLOCATE|[169]|Bytes:28
13:15:07.7 (248897951)|HEAP_ALLOCATE|[169]|Bytes:28
13:15:07.7 (248905113)|HEAP_ALLOCATE|[169]|Bytes:5
13:15:07.7 (248909425)|HEAP_ALLOCATE|[169]|Bytes:33
13:15:07.7 (248912997)|USER_DEBUG|[169]|DEBUG|>>> Porcentagem de Imposto: 18.00
13:15:07.7 (248916185)|STATEMENT_EXECUTE|[170]
13:15:07.7 (248917269)|HEAP_ALLOCATE|[170]|Bytes:23
13:15:07.7 (248927492)|HEAP_ALLOCATE|[170]|Bytes:4
13:15:07.7 (248931660)|HEAP_ALLOCATE|[170]|Bytes:27
13:15:07.7 (248934936)|USER_DEBUG|[170]|DEBUG|>>> Margem encontrada? true
13:15:07.7 (248938498)|STATEMENT_EXECUTE|[171]
13:15:07.7 (248939311)|STATEMENT_EXECUTE|[172]
13:15:07.7 (248940397)|HEAP_ALLOCATE|[172]|Bytes:27
13:15:07.7 (248958572)|HEAP_ALLOCATE|[172]|Bytes:5
13:15:07.7 (248978106)|HEAP_ALLOCATE|[172]|Bytes:32
13:15:07.7 (248983387)|USER_DEBUG|[172]|DEBUG|>>> Porcentagem de Margem: 15.00
13:15:07.7 (248987039)|STATEMENT_EXECUTE|[186]
13:15:07.7 (248990736)|HEAP_ALLOCATE|[186]|Bytes:28
13:15:07.7 (248994567)|HEAP_ALLOCATE|[186]|Bytes:28
13:15:07.7 (249008236)|METHOD_ENTRY|[186]|01pg8000001F8kf|PricingService.calculateFinalPrice(OrderItem, Decimal, Margem__c, Decimal, Decimal)
13:15:07.7 (249020476)|VARIABLE_SCOPE_BEGIN|[46]|item|OrderItem|true|false
13:15:07.7 (249401047)|VARIABLE_ASSIGNMENT|[46]|item|{"IsDeleted":false,"UnitPrice":1350000.00,"Product2Id":"01tg8000001BArVAAW","PricebookEntryId":"01ug8000000XnbRAAS","TotalPrice":1350000.00,"Quantity":1.00,"MarginPercentage__c":15.00,"TaxPercentage__c":18.00,"ListPrice":1350000.00,"OrderId":"801g8000007E9NdAAK","FreightValue__c":800.00}|0x851de2d
13:15:07.7 (249407050)|VARIABLE_SCOPE_BEGIN|[46]|frete|Decimal|false|false
13:15:07.7 (249411863)|VARIABLE_ASSIGNMENT|[46]|frete|800.00
13:15:07.7 (249414548)|VARIABLE_SCOPE_BEGIN|[46]|margem|Margem__c|true|false
13:15:07.7 (249450543)|VARIABLE_ASSIGNMENT|[46]|margem|{"Id":"a00g800000JZjxxAAD","AccountGroup__c":"a02g8000002871ZAAQ","ProductHierarchy__c":"a01g8000007otrhAAA","State__c":"a04g8000000QmaTAAS","MarginValuePercent__c":15.00}|0x175294c5
13:15:07.7 (249454846)|VARIABLE_SCOPE_BEGIN|[46]|impostoPercent|Decimal|false|false
13:15:07.7 (249458868)|VARIABLE_ASSIGNMENT|[46]|impostoPercent|18.00
13:15:07.7 (249460996)|VARIABLE_SCOPE_BEGIN|[46]|custo|Decimal|false|false
13:15:07.7 (249464323)|VARIABLE_ASSIGNMENT|[46]|custo|900000.00
13:15:07.7 (249468732)|STATEMENT_EXECUTE|[46]
13:15:07.7 (249469724)|STATEMENT_EXECUTE|[47]
13:15:07.7 (249478374)|VARIABLE_SCOPE_BEGIN|[47]|mPerc|Decimal|false|false
13:15:07.7 (249482802)|VARIABLE_ASSIGNMENT|[47]|mPerc|15.00
13:15:07.7 (249484696)|STATEMENT_EXECUTE|[48]
13:15:07.7 (249486256)|VARIABLE_SCOPE_BEGIN|[48]|iPerc|Decimal|false|false
13:15:07.7 (249490233)|VARIABLE_ASSIGNMENT|[48]|iPerc|18.00
13:15:07.7 (249492296)|STATEMENT_EXECUTE|[49]
13:15:07.7 (249493583)|VARIABLE_SCOPE_BEGIN|[49]|custoProd|Decimal|false|false
13:15:07.7 (249497224)|VARIABLE_ASSIGNMENT|[49]|custoProd|900000.00
13:15:07.7 (249499122)|STATEMENT_EXECUTE|[50]
13:15:07.7 (249500441)|VARIABLE_SCOPE_BEGIN|[50]|freteVal|Decimal|false|false
13:15:07.7 (249504049)|VARIABLE_ASSIGNMENT|[50]|freteVal|800.00
13:15:07.7 (249505992)|STATEMENT_EXECUTE|[53]
13:15:07.7 (249553078)|HEAP_ALLOCATE|[53]|Bytes:28
13:15:07.7 (249558495)|VARIABLE_SCOPE_BEGIN|[53]|precoBase|Decimal|false|false
13:15:07.7 (249562873)|VARIABLE_ASSIGNMENT|[53]|precoBase|900800.00
13:15:07.7 (249564795)|STATEMENT_EXECUTE|[56]
13:15:07.7 (249571926)|HEAP_ALLOCATE|[56]|Bytes:28
13:15:07.7 (249573560)|HEAP_ALLOCATE|[56]|Bytes:28
13:15:07.7 (249577111)|HEAP_ALLOCATE|[56]|Bytes:28
13:15:07.7 (249847041)|HEAP_ALLOCATE|[56]|Bytes:28
13:15:07.7 (249849797)|HEAP_ALLOCATE|[56]|Bytes:28
13:15:07.7 (249858560)|HEAP_ALLOCATE|[56]|Bytes:28
13:15:07.7 (249877656)|HEAP_ALLOCATE|[56]|Bytes:28
13:15:07.7 (249882616)|VARIABLE_SCOPE_BEGIN|[56]|precoSemMargem|Decimal|false|false
13:15:07.7 (249888570)|VARIABLE_ASSIGNMENT|[56]|precoSemMargem|1062944.0000
13:15:07.7 (249890624)|STATEMENT_EXECUTE|[59]
13:15:07.7 (249892968)|HEAP_ALLOCATE|[59]|Bytes:28
13:15:07.7 (249894578)|HEAP_ALLOCATE|[59]|Bytes:28
13:15:07.7 (249897029)|HEAP_ALLOCATE|[59]|Bytes:28
13:15:07.7 (249911321)|HEAP_ALLOCATE|[59]|Bytes:28
13:15:07.7 (249913069)|HEAP_ALLOCATE|[59]|Bytes:28
13:15:07.7 (249920343)|HEAP_ALLOCATE|[59]|Bytes:28
13:15:07.7 (249932490)|HEAP_ALLOCATE|[59]|Bytes:28
13:15:07.7 (249936495)|VARIABLE_SCOPE_BEGIN|[59]|precoCalculado|Decimal|false|false
13:15:07.7 (249941510)|VARIABLE_ASSIGNMENT|[59]|precoCalculado|1222385.600000
13:15:07.7 (249943368)|STATEMENT_EXECUTE|[62]
13:15:07.7 (250412548)|VARIABLE_ASSIGNMENT|[62]|this.MarginPercentage__c|15.00|0x851de2d
13:15:07.7 (250419143)|STATEMENT_EXECUTE|[63]
13:15:07.7 (250827041)|VARIABLE_ASSIGNMENT|[63]|this.FreightValue__c|800.00|0x851de2d
13:15:07.7 (250833028)|STATEMENT_EXECUTE|[64]
13:15:07.7 (251426911)|VARIABLE_ASSIGNMENT|[64]|this.TaxPercentage__c|18.00|0x851de2d
13:15:07.7 (251435486)|STATEMENT_EXECUTE|[65]
13:15:07.7 (252050166)|VARIABLE_ASSIGNMENT|[65]|this.PriceWithoutMargin__c|1062944.0000|0x851de2d
13:15:07.7 (252057571)|STATEMENT_EXECUTE|[66]
13:15:07.7 (252515090)|VARIABLE_ASSIGNMENT|[66]|this.FinalPrice__c|1222385.600000|0x851de2d
13:15:07.7 (252519288)|STATEMENT_EXECUTE|[69]
13:15:07.7 (252539641)|VARIABLE_SCOPE_BEGIN|[69]|unitPriceDigitado|Decimal|false|false
13:15:07.7 (252546529)|VARIABLE_ASSIGNMENT|[69]|unitPriceDigitado|1350000.00
13:15:07.7 (252561541)|HEAP_ALLOCATE|[72]|Bytes:28
13:15:07.7 (252564712)|HEAP_ALLOCATE|[72]|Bytes:28
13:15:07.7 (252608676)|STATEMENT_EXECUTE|[72]
13:15:07.7 (252609628)|STATEMENT_EXECUTE|[73]
13:15:07.7 (252637653)|HEAP_ALLOCATE|[73]|Bytes:28
13:15:07.7 (252746723)|HEAP_ALLOCATE|[73]|Bytes:28
13:15:07.7 (252748637)|HEAP_ALLOCATE|[73]|Bytes:28
13:15:07.7 (253175379)|VARIABLE_ASSIGNMENT|[73]|this.DiscountPercentage__c|-0.104397826675968695966313739297976|0x851de2d
13:15:07.7 (253188840)|METHOD_EXIT|[186]|01pg8000001F8kf|PricingService.calculateFinalPrice(OrderItem, Decimal, Margem__c, Decimal, Decimal)
13:15:07.7 (253214254)|HEAP_ALLOCATE|[130]|Bytes:5
13:15:07.7 (253235218)|HEAP_ALLOCATE|[130]|Bytes:4
13:15:07.7 (253243980)|VARIABLE_SCOPE_BEGIN|[130]|item|OrderItem|true|false
13:15:07.7 (253617465)|VARIABLE_ASSIGNMENT|[130]|item|{"IsDeleted":false,"UnitPrice":19500.00,"Product2Id":"01tg8000001BArcAAG","PricebookEntryId":"01ug8000000XoZ7AAK","TotalPrice":19500.00,"Quantity":1.00,"ListPrice":19500.00,"OrderId":"801g8000007E9NdAAK"}|0x37cb0a04
13:15:07.7 (253623873)|STATEMENT_EXECUTE|[130]
13:15:07.7 (253625004)|STATEMENT_EXECUTE|[131]
13:15:07.7 (253647071)|VARIABLE_SCOPE_BEGIN|[131]|pedido|Order|true|false
13:15:07.7 (253704448)|VARIABLE_ASSIGNMENT|[131]|pedido|{"DistributionCenter__c":"a06g8000000wkLpAAI","City__c":"a05g8000001KAc9AAG","Country__c":"a03g8000004x8aeAAA","Id":"801g8000007E9NdAAK","AccountId":"001g8000005VaOHAA0","State__c":"a04g8000000QmaTAAS"}|0x63ee8ad
13:15:07.7 (253708878)|STATEMENT_EXECUTE|[132]
13:15:07.7 (253720330)|VARIABLE_SCOPE_BEGIN|[132]|produto|Product2|true|false
13:15:07.7 (253748450)|VARIABLE_ASSIGNMENT|[132]|produto|{"ProductionCost__c":12000.00,"ProductHierarchy__c":"a01g8000007otrpAAA","Id":"01tg8000001BArcAAG"}|0x7ccd8fe5
13:15:07.7 (253751526)|STATEMENT_EXECUTE|[133]
13:15:07.7 (253765363)|VARIABLE_SCOPE_BEGIN|[133]|cliente|Account|true|false
13:15:07.7 (253789024)|VARIABLE_ASSIGNMENT|[133]|cliente|{"AccountGroup__c":"a02g8000002871ZAAQ","Id":"001g8000005VaOHAA0"}|0x790b757
13:15:07.7 (253802047)|HEAP_ALLOCATE|[136]|Bytes:28
13:15:07.7 (253803980)|HEAP_ALLOCATE|[136]|Bytes:28
13:15:07.7 (253822846)|HEAP_ALLOCATE|[136]|Bytes:28
13:15:07.7 (253824433)|HEAP_ALLOCATE|[136]|Bytes:28
13:15:07.7 (253833135)|STATEMENT_EXECUTE|[136]
13:15:07.7 (253836133)|STATEMENT_EXECUTE|[143]
13:15:07.7 (253837052)|STATEMENT_EXECUTE|[147]
13:15:07.7 (253844694)|HEAP_ALLOCATE|[147]|Bytes:18
13:15:07.7 (253853404)|HEAP_ALLOCATE|[148]|Bytes:18
13:15:07.7 (253861664)|HEAP_ALLOCATE|[149]|Bytes:18
13:15:07.7 (253869236)|HEAP_ALLOCATE|[147]|Bytes:54
13:15:07.7 (253872320)|VARIABLE_SCOPE_BEGIN|[147]|keyOrderItemImposto|String|false|false
13:15:07.7 (253879535)|VARIABLE_ASSIGNMENT|[147]|keyOrderItemImposto|"01tg8000001BArcAAGa0 (34 more) ..."
13:15:07.7 (253882048)|STATEMENT_EXECUTE|[151]
13:15:07.7 (253893396)|VARIABLE_SCOPE_BEGIN|[151]|impostoEncontrado|Tax__c|true|false
13:15:07.7 (253930092)|VARIABLE_ASSIGNMENT|[151]|impostoEncontrado|{"DistributionCenter__c":"a06g8000000wkLpAAI","Product__c":"01tg8000001BArcAAG","TaxRate__c":18.00,"Id":"a09g8000001l5i3AAA","State__c":"a04g8000000QmaTAAS"}|0x41472ad4
13:15:07.7 (253933868)|STATEMENT_EXECUTE|[153]
13:15:07.7 (254346297)|VARIABLE_ASSIGNMENT|[153]|this.TaxPercentage__c|18.00|0x37cb0a04
13:15:07.7 (254351269)|STATEMENT_EXECUTE|[156]
13:15:07.7 (254363617)|METHOD_ENTRY|[156]|01pg8000001F8kf|PricingService.findMargin(OrderItem, Order, Map<String,Margem__c>, Id, Account)
13:15:07.7 (254369114)|VARIABLE_SCOPE_BEGIN|[20]|item|OrderItem|true|false
13:15:07.7 (254717980)|VARIABLE_ASSIGNMENT|[20]|item|{"IsDeleted":false,"UnitPrice":19500.00,"Product2Id":"01tg8000001BArcAAG","PricebookEntryId":"01ug8000000XoZ7AAK","TotalPrice":19500.00,"Quantity":1.00,"TaxPercentage__c":18.00,"ListPrice":19500.00,"OrderId":"801g8000007E9NdAAK"}|0x37cb0a04
13:15:07.7 (254722621)|VARIABLE_SCOPE_BEGIN|[20]|pedido|Order|true|false
13:15:07.7 (254757100)|VARIABLE_ASSIGNMENT|[20]|pedido|{"DistributionCenter__c":"a06g8000000wkLpAAI","City__c":"a05g8000001KAc9AAG","Country__c":"a03g8000004x8aeAAA","Id":"801g8000007E9NdAAK","AccountId":"001g8000005VaOHAA0","State__c":"a04g8000000QmaTAAS"}|0x63ee8ad
13:15:07.7 (254761138)|VARIABLE_SCOPE_BEGIN|[20]|mapMargin|Map<String,Margem__c>|true|false
13:15:07.7 (254843938)|VARIABLE_ASSIGNMENT|[20]|mapMargin|{"a01g8000007otrhAAA_a02g8000002871ZAAQ_a04g8000000QmaTAAS":{"Id":"a00g800000JZjxxAAD","AccountGroup__c":"a02g8000002871ZAAQ","ProductHierarchy__c":"a01g8000007otrhAAA","State__c":"a04g8000000QmaTAAS","MarginValuePercent__c":15.00},"a01g8000007otrjAAA_001g8000005VaOHAA0_a05g8000001KAc9AAG":{"Account__c":"001g8000005VaOHAA0","City__c":"a05g8000001KAc9AAG","Id":"a00g800000JZjxyAAD","ProductHierarchy__c":"a01g8000007otrjAAA","MarginValuePercent__c":25.00},"01tg8000001BArcAAG_001g8000005VaOHAA0_a04g8000000QmaTAAS":{"Account__c":"001g8000005VaOHAA0","Product__c":"01tg8000001BArcAAG","Id":"a00g800000JZjxzAAD","State__c":"a04g8000000QmaTAAS","MarginValuePercent__c":5.00},"a01g8000007otrqAAA_a02g8000002871ZAAQ_a03g8000004x8aeAAA":{"Country__c":"a03g8000004x8aeAAA","Id":"a00g800000JZjy0AAD","AccountGroup__c":"a02g8000002871ZAAQ","ProductHierarchy__c":"a01g8000007otrqAAA","MarginValuePercent__c":30.00}}|0x6631f8d5
13:15:07.7 (254853481)|VARIABLE_SCOPE_BEGIN|[20]|h|Id|false|false
13:15:07.7 (254926314)|VARIABLE_ASSIGNMENT|[20]|h|"a01g8000007otrpAAA"
13:15:07.7 (254929701)|VARIABLE_SCOPE_BEGIN|[20]|cliente|Account|true|false
13:15:07.7 (254950405)|VARIABLE_ASSIGNMENT|[20]|cliente|{"AccountGroup__c":"a02g8000002871ZAAQ","Id":"001g8000005VaOHAA0"}|0x790b757
13:15:07.7 (254956121)|STATEMENT_EXECUTE|[20]
13:15:07.7 (254957135)|STATEMENT_EXECUTE|[21]
13:15:07.7 (254962196)|VARIABLE_SCOPE_BEGIN|[21]|p|Id|false|false
13:15:07.7 (254986282)|VARIABLE_ASSIGNMENT|[21]|p|"01tg8000001BArcAAG"
13:15:07.7 (254988951)|STATEMENT_EXECUTE|[22]
13:15:07.7 (254992315)|VARIABLE_SCOPE_BEGIN|[22]|a|Id|false|false
13:15:07.7 (255010772)|VARIABLE_ASSIGNMENT|[22]|a|"001g8000005VaOHAA0"
13:15:07.7 (255013642)|STATEMENT_EXECUTE|[23]
13:15:07.7 (255017985)|VARIABLE_SCOPE_BEGIN|[23]|g|Id|false|false
13:15:07.7 (255035580)|VARIABLE_ASSIGNMENT|[23]|g|"a02g8000002871ZAAQ"
13:15:07.7 (255038017)|STATEMENT_EXECUTE|[24]
13:15:07.7 (255041747)|VARIABLE_SCOPE_BEGIN|[24]|c|Id|false|false
13:15:07.7 (255063652)|VARIABLE_ASSIGNMENT|[24]|c|"a05g8000001KAc9AAG"
13:15:07.7 (255067321)|STATEMENT_EXECUTE|[25]
13:15:07.7 (255070767)|VARIABLE_SCOPE_BEGIN|[25]|e|Id|false|false
13:15:07.7 (255097235)|VARIABLE_ASSIGNMENT|[25]|e|"a04g8000000QmaTAAS"
13:15:07.7 (255100524)|STATEMENT_EXECUTE|[26]
13:15:07.7 (255104500)|VARIABLE_SCOPE_BEGIN|[26]|pa|Id|false|false
13:15:07.7 (255122920)|VARIABLE_ASSIGNMENT|[26]|pa|"a03g8000004x8aeAAA"
13:15:07.7 (255136204)|HEAP_ALLOCATE|[29]|Bytes:18
13:15:07.7 (255145731)|HEAP_ALLOCATE|[29]|Bytes:18
13:15:07.7 (255151546)|HEAP_ALLOCATE|[29]|Bytes:18
13:15:07.7 (255159186)|HEAP_ALLOCATE|[29]|Bytes:56
13:15:07.7 (255169281)|STATEMENT_EXECUTE|[29]
13:15:07.7 (255172856)|HEAP_ALLOCATE|[30]|Bytes:18
13:15:07.7 (255178645)|HEAP_ALLOCATE|[30]|Bytes:18
13:15:07.7 (255184229)|HEAP_ALLOCATE|[30]|Bytes:18
13:15:07.7 (255188253)|HEAP_ALLOCATE|[30]|Bytes:56
13:15:07.7 (255192937)|STATEMENT_EXECUTE|[30]
13:15:07.7 (255198830)|HEAP_ALLOCATE|[30]|Bytes:18
13:15:07.7 (255204576)|HEAP_ALLOCATE|[30]|Bytes:18
13:15:07.7 (255210096)|HEAP_ALLOCATE|[30]|Bytes:18
13:15:07.7 (255214712)|HEAP_ALLOCATE|[30]|Bytes:56
13:15:07.7 (255228973)|METHOD_EXIT|[156]|01pg8000001F8kf|PricingService.findMargin(OrderItem, Order, Map<String,Margem__c>, Id, Account)
13:15:07.7 (255237057)|VARIABLE_SCOPE_BEGIN|[156]|margem|Margem__c|true|false
13:15:07.7 (255266922)|VARIABLE_ASSIGNMENT|[156]|margem|{"Account__c":"001g8000005VaOHAA0","Product__c":"01tg8000001BArcAAG","Id":"a00g800000JZjxzAAD","State__c":"a04g8000000QmaTAAS","MarginValuePercent__c":5.00}|0x4d34607
13:15:07.7 (255270720)|STATEMENT_EXECUTE|[157]
13:15:07.7 (255679762)|VARIABLE_ASSIGNMENT|[157]|this.MarginPercentage__c|5.00|0x37cb0a04
13:15:07.7 (255683570)|STATEMENT_EXECUTE|[160]
13:15:07.7 (255693149)|METHOD_ENTRY|[160]|01pg8000001F8kf|PricingService.findFreightValue(OrderItem, Order, Map<String,Freight__c>, Id)
13:15:07.7 (255697438)|VARIABLE_SCOPE_BEGIN|[4]|item|OrderItem|true|false
13:15:07.7 (256040498)|VARIABLE_ASSIGNMENT|[4]|item|{"IsDeleted":false,"UnitPrice":19500.00,"Product2Id":"01tg8000001BArcAAG","PricebookEntryId":"01ug8000000XoZ7AAK","TotalPrice":19500.00,"Quantity":1.00,"MarginPercentage__c":5.00,"TaxPercentage__c":18.00,"ListPrice":19500.00,"OrderId":"801g8000007E9NdAAK"}|0x37cb0a04
13:15:07.7 (256045785)|VARIABLE_SCOPE_BEGIN|[4]|pedido|Order|true|false
13:15:07.7 (256078641)|VARIABLE_ASSIGNMENT|[4]|pedido|{"DistributionCenter__c":"a06g8000000wkLpAAI","City__c":"a05g8000001KAc9AAG","Country__c":"a03g8000004x8aeAAA","Id":"801g8000007E9NdAAK","AccountId":"001g8000005VaOHAA0","State__c":"a04g8000000QmaTAAS"}|0x63ee8ad
13:15:07.7 (256082350)|VARIABLE_SCOPE_BEGIN|[4]|mapFrete|Map<String,Freight__c>|true|false
13:15:07.7 (256164522)|VARIABLE_ASSIGNMENT|[4]|mapFrete|{"a01g8000007otrhAAA_a04g8000000QmaTAAS":{"DistributionCenter__c":"a06g8000000wkLpAAI","Id":"a0Ag8000000XacwEAC","State__c":"a04g8000000QmaTAAS","ProductHierarchy__c":"a01g8000007otrhAAA","FreightValue__c":800.00},"a01g8000007otrjAAA_a05g8000001KAc9AAG":{"DistributionCenter__c":"a06g8000000wkLpAAI","City__c":"a05g8000001KAc9AAG","Id":"a0Ag8000000XacxEAC","ProductHierarchy__c":"a01g8000007otrjAAA","FreightValue__c":500.00},"01tg8000001BArcAAG_a04g8000000QmaTAAS":{"DistributionCenter__c":"a06g8000000wkLpAAI","Product__c":"01tg8000001BArcAAG","Id":"a0Ag8000000XacyEAC","State__c":"a04g8000000QmaTAAS","FreightValue__c":150.00},"a01g8000007otrqAAA_a03g8000004x8aeAAA":{"DistributionCenter__c":"a06g8000000wkLpAAI","Country__c":"a03g8000004x8aeAAA","Id":"a0Ag8000000XaczEAC","ProductHierarchy__c":"a01g8000007otrqAAA","FreightValue__c":50.00}}|0x1ad2709c
13:15:07.7 (256172381)|VARIABLE_SCOPE_BEGIN|[4]|h|Id|false|false
13:15:07.7 (256212816)|VARIABLE_ASSIGNMENT|[4]|h|"a01g8000007otrpAAA"
13:15:07.7 (256218003)|STATEMENT_EXECUTE|[4]
13:15:07.7 (256218963)|STATEMENT_EXECUTE|[5]
13:15:07.7 (256224102)|VARIABLE_SCOPE_BEGIN|[5]|p|Id|false|false
13:15:07.7 (256245612)|VARIABLE_ASSIGNMENT|[5]|p|"01tg8000001BArcAAG"
13:15:07.7 (256248107)|STATEMENT_EXECUTE|[6]
13:15:07.7 (256251260)|VARIABLE_SCOPE_BEGIN|[6]|c|Id|false|false
13:15:07.7 (256268864)|VARIABLE_ASSIGNMENT|[6]|c|"a05g8000001KAc9AAG"
13:15:07.7 (256271025)|STATEMENT_EXECUTE|[7]
13:15:07.7 (256273562)|VARIABLE_SCOPE_BEGIN|[7]|e|Id|false|false
13:15:07.7 (256290942)|VARIABLE_ASSIGNMENT|[7]|e|"a04g8000000QmaTAAS"
13:15:07.7 (256293196)|STATEMENT_EXECUTE|[8]
13:15:07.7 (256296178)|VARIABLE_SCOPE_BEGIN|[8]|pa|Id|false|false
13:15:07.7 (256312678)|VARIABLE_ASSIGNMENT|[8]|pa|"a03g8000004x8aeAAA"
13:15:07.7 (256323137)|HEAP_ALLOCATE|[10]|Bytes:18
13:15:07.7 (256332317)|HEAP_ALLOCATE|[10]|Bytes:18
13:15:07.7 (256338346)|HEAP_ALLOCATE|[10]|Bytes:37
13:15:07.7 (256346990)|STATEMENT_EXECUTE|[10]
13:15:07.7 (256350578)|HEAP_ALLOCATE|[11]|Bytes:18
13:15:07.7 (256356581)|HEAP_ALLOCATE|[11]|Bytes:18
13:15:07.7 (256360699)|HEAP_ALLOCATE|[11]|Bytes:37
13:15:07.7 (256364965)|STATEMENT_EXECUTE|[11]
13:15:07.7 (256370748)|HEAP_ALLOCATE|[11]|Bytes:18
13:15:07.7 (256379362)|HEAP_ALLOCATE|[11]|Bytes:18
13:15:07.7 (256385194)|HEAP_ALLOCATE|[11]|Bytes:37
13:15:07.7 (256407618)|METHOD_EXIT|[160]|01pg8000001F8kf|PricingService.findFreightValue(OrderItem, Order, Map<String,Freight__c>, Id)
13:15:07.7 (256832052)|VARIABLE_ASSIGNMENT|[160]|this.FreightValue__c|150.00|0x37cb0a04
13:15:07.7 (256836390)|STATEMENT_EXECUTE|[163]
13:15:07.7 (256844880)|VARIABLE_SCOPE_BEGIN|[163]|custoUnitario|Decimal|false|false
13:15:07.7 (256850769)|VARIABLE_ASSIGNMENT|[163]|custoUnitario|12000.00
13:15:07.7 (256852919)|STATEMENT_EXECUTE|[166]
13:15:07.7 (256862889)|HEAP_ALLOCATE|[166]|Bytes:18
13:15:07.7 (256870491)|HEAP_ALLOCATE|[166]|Bytes:75
13:15:07.7 (256887423)|USER_DEBUG|[166]|DEBUG|>>> [DIAGNÓSTICO] Verificando parâmetros para o produto: 01tg8000001BArcAAG
13:15:07.7 (256895280)|STATEMENT_EXECUTE|[167]
13:15:07.7 (256900299)|HEAP_ALLOCATE|[167]|Bytes:8
13:15:07.7 (256904934)|HEAP_ALLOCATE|[167]|Bytes:31
13:15:07.7 (256908440)|USER_DEBUG|[167]|DEBUG|>>> Custo de Produção: 12000.00
13:15:07.7 (256912178)|STATEMENT_EXECUTE|[168]
13:15:07.7 (256920794)|HEAP_ALLOCATE|[168]|Bytes:28
13:15:07.7 (256926884)|HEAP_ALLOCATE|[168]|Bytes:6
13:15:07.7 (256931250)|HEAP_ALLOCATE|[168]|Bytes:26
13:15:07.7 (256934489)|USER_DEBUG|[168]|DEBUG|>>> Valor de Frete: 150.00
13:15:07.7 (256937644)|STATEMENT_EXECUTE|[169]
13:15:07.7 (256941367)|HEAP_ALLOCATE|[169]|Bytes:28
13:15:07.7 (256945893)|HEAP_ALLOCATE|[169]|Bytes:5
13:15:07.7 (256950041)|HEAP_ALLOCATE|[169]|Bytes:33
13:15:07.7 (256953529)|USER_DEBUG|[169]|DEBUG|>>> Porcentagem de Imposto: 18.00
13:15:07.7 (256956766)|STATEMENT_EXECUTE|[170]
13:15:07.7 (256976460)|HEAP_ALLOCATE|[170]|Bytes:4
13:15:07.7 (256981478)|HEAP_ALLOCATE|[170]|Bytes:27
13:15:07.7 (256984823)|USER_DEBUG|[170]|DEBUG|>>> Margem encontrada? true
13:15:07.7 (256988366)|STATEMENT_EXECUTE|[171]
13:15:07.7 (256989175)|STATEMENT_EXECUTE|[172]
13:15:07.7 (256998062)|HEAP_ALLOCATE|[172]|Bytes:4
13:15:07.7 (257002493)|HEAP_ALLOCATE|[172]|Bytes:31
13:15:07.7 (257006640)|USER_DEBUG|[172]|DEBUG|>>> Porcentagem de Margem: 5.00
13:15:07.7 (257010093)|STATEMENT_EXECUTE|[186]
13:15:07.7 (257012740)|HEAP_ALLOCATE|[186]|Bytes:28
13:15:07.7 (257016089)|HEAP_ALLOCATE|[186]|Bytes:28
13:15:07.7 (257020953)|METHOD_ENTRY|[186]|01pg8000001F8kf|PricingService.calculateFinalPrice(OrderItem, Decimal, Margem__c, Decimal, Decimal)
13:15:07.7 (257024738)|VARIABLE_SCOPE_BEGIN|[46]|item|OrderItem|true|false
13:15:07.7 (257388944)|VARIABLE_ASSIGNMENT|[46]|item|{"IsDeleted":false,"UnitPrice":19500.00,"Product2Id":"01tg8000001BArcAAG","PricebookEntryId":"01ug8000000XoZ7AAK","TotalPrice":19500.00,"Quantity":1.00,"MarginPercentage__c":5.00,"TaxPercentage__c":18.00,"ListPrice":19500.00,"OrderId":"801g8000007E9NdAAK","FreightValue__c":150.00}|0x37cb0a04
13:15:07.7 (257394319)|VARIABLE_SCOPE_BEGIN|[46]|frete|Decimal|false|false
13:15:07.7 (257398869)|VARIABLE_ASSIGNMENT|[46]|frete|150.00
13:15:07.7 (257401475)|VARIABLE_SCOPE_BEGIN|[46]|margem|Margem__c|true|false
13:15:07.7 (257438749)|VARIABLE_ASSIGNMENT|[46]|margem|{"Account__c":"001g8000005VaOHAA0","Product__c":"01tg8000001BArcAAG","Id":"a00g800000JZjxzAAD","State__c":"a04g8000000QmaTAAS","MarginValuePercent__c":5.00}|0x4d34607
13:15:07.7 (257442560)|VARIABLE_SCOPE_BEGIN|[46]|impostoPercent|Decimal|false|false
13:15:07.7 (257446504)|VARIABLE_ASSIGNMENT|[46]|impostoPercent|18.00
13:15:07.7 (257449050)|VARIABLE_SCOPE_BEGIN|[46]|custo|Decimal|false|false
13:15:07.7 (257452405)|VARIABLE_ASSIGNMENT|[46]|custo|12000.00
13:15:07.7 (257456324)|STATEMENT_EXECUTE|[46]
13:15:07.7 (257457231)|STATEMENT_EXECUTE|[47]
13:15:07.7 (257464446)|VARIABLE_SCOPE_BEGIN|[47]|mPerc|Decimal|false|false
13:15:07.7 (257468945)|VARIABLE_ASSIGNMENT|[47]|mPerc|5.00
13:15:07.7 (257470955)|STATEMENT_EXECUTE|[48]
13:15:07.7 (257472450)|VARIABLE_SCOPE_BEGIN|[48]|iPerc|Decimal|false|false
13:15:07.7 (257476019)|VARIABLE_ASSIGNMENT|[48]|iPerc|18.00
13:15:07.7 (257477984)|STATEMENT_EXECUTE|[49]
13:15:07.7 (257479226)|VARIABLE_SCOPE_BEGIN|[49]|custoProd|Decimal|false|false
13:15:07.7 (257483150)|VARIABLE_ASSIGNMENT|[49]|custoProd|12000.00
13:15:07.7 (257484947)|STATEMENT_EXECUTE|[50]
13:15:07.7 (257486375)|VARIABLE_SCOPE_BEGIN|[50]|freteVal|Decimal|false|false
13:15:07.7 (257489955)|VARIABLE_ASSIGNMENT|[50]|freteVal|150.00
13:15:07.7 (257491945)|STATEMENT_EXECUTE|[53]
13:15:07.7 (257504943)|HEAP_ALLOCATE|[53]|Bytes:28
13:15:07.7 (257509705)|VARIABLE_SCOPE_BEGIN|[53]|precoBase|Decimal|false|false
13:15:07.7 (257513834)|VARIABLE_ASSIGNMENT|[53]|precoBase|12150.00
13:15:07.7 (257515596)|STATEMENT_EXECUTE|[56]
13:15:07.7 (257520424)|HEAP_ALLOCATE|[56]|Bytes:28
13:15:07.7 (257522350)|HEAP_ALLOCATE|[56]|Bytes:28
13:15:07.7 (257525801)|HEAP_ALLOCATE|[56]|Bytes:28
13:15:07.7 (257558806)|HEAP_ALLOCATE|[56]|Bytes:28
13:15:07.7 (257560415)|HEAP_ALLOCATE|[56]|Bytes:28
13:15:07.7 (257567990)|HEAP_ALLOCATE|[56]|Bytes:28
13:15:07.7 (257577437)|HEAP_ALLOCATE|[56]|Bytes:28
13:15:07.7 (257581400)|VARIABLE_SCOPE_BEGIN|[56]|precoSemMargem|Decimal|false|false
13:15:07.7 (257586727)|VARIABLE_ASSIGNMENT|[56]|precoSemMargem|14337.0000
13:15:07.7 (257588774)|STATEMENT_EXECUTE|[59]
13:15:07.7 (257590888)|HEAP_ALLOCATE|[59]|Bytes:28
13:15:07.7 (257592496)|HEAP_ALLOCATE|[59]|Bytes:28
13:15:07.7 (257594830)|HEAP_ALLOCATE|[59]|Bytes:28
13:15:07.7 (257605086)|HEAP_ALLOCATE|[59]|Bytes:28
13:15:07.7 (257606635)|HEAP_ALLOCATE|[59]|Bytes:28
13:15:07.7 (257613729)|HEAP_ALLOCATE|[59]|Bytes:28
13:15:07.7 (257620150)|HEAP_ALLOCATE|[59]|Bytes:28
13:15:07.7 (257623998)|VARIABLE_SCOPE_BEGIN|[59]|precoCalculado|Decimal|false|false
13:15:07.7 (257628462)|VARIABLE_ASSIGNMENT|[59]|precoCalculado|15053.850000
13:15:07.7 (257630268)|STATEMENT_EXECUTE|[62]
13:15:07.7 (258090090)|VARIABLE_ASSIGNMENT|[62]|this.MarginPercentage__c|5.00|0x37cb0a04
13:15:07.7 (258097260)|STATEMENT_EXECUTE|[63]
13:15:07.7 (258481101)|VARIABLE_ASSIGNMENT|[63]|this.FreightValue__c|150.00|0x37cb0a04
13:15:07.7 (258484695)|STATEMENT_EXECUTE|[64]
13:15:07.7 (258827089)|VARIABLE_ASSIGNMENT|[64]|this.TaxPercentage__c|18.00|0x37cb0a04
13:15:07.7 (258830533)|STATEMENT_EXECUTE|[65]
13:15:07.7 (259181251)|VARIABLE_ASSIGNMENT|[65]|this.PriceWithoutMargin__c|14337.0000|0x37cb0a04
13:15:07.7 (259184899)|STATEMENT_EXECUTE|[66]
13:15:07.7 (259520898)|VARIABLE_ASSIGNMENT|[66]|this.FinalPrice__c|15053.850000|0x37cb0a04
13:15:07.7 (259523840)|STATEMENT_EXECUTE|[69]
13:15:07.7 (259537927)|VARIABLE_SCOPE_BEGIN|[69]|unitPriceDigitado|Decimal|false|false
13:15:07.7 (259543900)|VARIABLE_ASSIGNMENT|[69]|unitPriceDigitado|19500.00
13:15:07.7 (259553794)|HEAP_ALLOCATE|[72]|Bytes:28
13:15:07.7 (259556587)|HEAP_ALLOCATE|[72]|Bytes:28
13:15:07.7 (259577887)|STATEMENT_EXECUTE|[72]
13:15:07.7 (259578800)|STATEMENT_EXECUTE|[73]
13:15:07.7 (259587349)|HEAP_ALLOCATE|[73]|Bytes:28
13:15:07.7 (259630470)|HEAP_ALLOCATE|[73]|Bytes:28
13:15:07.7 (259632190)|HEAP_ALLOCATE|[73]|Bytes:28
13:15:07.7 (259992514)|VARIABLE_ASSIGNMENT|[73]|this.DiscountPercentage__c|-0.295349694596398927849022010980580|0x37cb0a04
13:15:07.7 (260002804)|METHOD_EXIT|[186]|01pg8000001F8kf|PricingService.calculateFinalPrice(OrderItem, Decimal, Margem__c, Decimal, Decimal)
13:15:07.7 (260025413)|HEAP_ALLOCATE|[130]|Bytes:5
13:15:07.7 (260043740)|HEAP_ALLOCATE|[130]|Bytes:4
13:15:07.7 (260051533)|VARIABLE_SCOPE_BEGIN|[130]|item|OrderItem|true|false
13:15:07.7 (260409153)|VARIABLE_ASSIGNMENT|[130]|item|{"IsDeleted":false,"UnitPrice":1280000.00,"Product2Id":"01tg8000001BArWAAW","PricebookEntryId":"01ug8000000XnjVAAS","TotalPrice":1280000.00,"Quantity":1.00,"ListPrice":1280000.00,"OrderId":"801g8000007DOjhAAG"}|0x1b6c495c
13:15:07.7 (260415320)|STATEMENT_EXECUTE|[130]
13:15:07.7 (260416374)|STATEMENT_EXECUTE|[131]
13:15:07.7 (260435319)|VARIABLE_SCOPE_BEGIN|[131]|pedido|Order|true|false
13:15:07.7 (260487650)|VARIABLE_ASSIGNMENT|[131]|pedido|{"DistributionCenter__c":"a06g8000000wkLpAAI","City__c":"a05g8000001i8KfAAI","Country__c":"a03g8000004x8aeAAA","Id":"801g8000007DOjhAAG","AccountId":"001g8000005VaOHAA0","State__c":"a04g8000000VkhhAAC"}|0x2b8a2efd
13:15:07.7 (260491808)|STATEMENT_EXECUTE|[132]
13:15:07.7 (260502439)|VARIABLE_SCOPE_BEGIN|[132]|produto|Product2|true|false
13:15:07.7 (260536867)|VARIABLE_ASSIGNMENT|[132]|produto|{"ProductionCost__c":850000.00,"ProductHierarchy__c":"a01g8000007otrhAAA","Id":"01tg8000001BArWAAW"}|0x739fbf7f
13:15:07.7 (260539846)|STATEMENT_EXECUTE|[133]
13:15:07.7 (260552071)|VARIABLE_SCOPE_BEGIN|[133]|cliente|Account|true|false
13:15:07.7 (260570830)|VARIABLE_ASSIGNMENT|[133]|cliente|{"AccountGroup__c":"a02g8000002871ZAAQ","Id":"001g8000005VaOHAA0"}|0x790b757
13:15:07.7 (260581403)|HEAP_ALLOCATE|[136]|Bytes:28
13:15:07.7 (260583490)|HEAP_ALLOCATE|[136]|Bytes:28
13:15:07.7 (260599282)|HEAP_ALLOCATE|[136]|Bytes:28
13:15:07.7 (260600938)|HEAP_ALLOCATE|[136]|Bytes:28
13:15:07.7 (260609300)|STATEMENT_EXECUTE|[136]
13:15:07.7 (260611846)|STATEMENT_EXECUTE|[143]
13:15:07.7 (260612950)|STATEMENT_EXECUTE|[147]
13:15:07.7 (260620116)|HEAP_ALLOCATE|[147]|Bytes:18
13:15:07.7 (260628760)|HEAP_ALLOCATE|[148]|Bytes:18
13:15:07.7 (260636280)|HEAP_ALLOCATE|[149]|Bytes:18
13:15:07.7 (260641961)|HEAP_ALLOCATE|[147]|Bytes:54
13:15:07.7 (260644700)|VARIABLE_SCOPE_BEGIN|[147]|keyOrderItemImposto|String|false|false
13:15:07.7 (260651059)|VARIABLE_ASSIGNMENT|[147]|keyOrderItemImposto|"01tg8000001BArWAAWa0 (34 more) ..."
13:15:07.7 (260653240)|STATEMENT_EXECUTE|[151]
13:15:07.7 (260661685)|VARIABLE_SCOPE_BEGIN|[151]|impostoEncontrado|Tax__c|true|false
13:15:07.7 (260666284)|VARIABLE_ASSIGNMENT|[151]|impostoEncontrado|null|
13:15:07.7 (260668201)|STATEMENT_EXECUTE|[153]
13:15:07.7 (260672060)|HEAP_ALLOCATE|[153]|Bytes:28
13:15:07.7 (260674222)|HEAP_ALLOCATE|[153]|Bytes:28
13:15:07.7 (261184789)|VARIABLE_ASSIGNMENT|[153]|this.TaxPercentage__c|0|0x1b6c495c
13:15:07.7 (261190218)|STATEMENT_EXECUTE|[156]
13:15:07.7 (261201905)|METHOD_ENTRY|[156]|01pg8000001F8kf|PricingService.findMargin(OrderItem, Order, Map<String,Margem__c>, Id, Account)
13:15:07.7 (261207338)|VARIABLE_SCOPE_BEGIN|[20]|item|OrderItem|true|false
13:15:07.7 (261560353)|VARIABLE_ASSIGNMENT|[20]|item|{"IsDeleted":false,"UnitPrice":1280000.00,"Product2Id":"01tg8000001BArWAAW","PricebookEntryId":"01ug8000000XnjVAAS","TotalPrice":1280000.00,"Quantity":1.00,"TaxPercentage__c":0,"ListPrice":1280000.00,"OrderId":"801g8000007DOjhAAG"}|0x1b6c495c
13:15:07.7 (261566313)|VARIABLE_SCOPE_BEGIN|[20]|pedido|Order|true|false
13:15:07.7 (261603231)|VARIABLE_ASSIGNMENT|[20]|pedido|{"DistributionCenter__c":"a06g8000000wkLpAAI","City__c":"a05g8000001i8KfAAI","Country__c":"a03g8000004x8aeAAA","Id":"801g8000007DOjhAAG","AccountId":"001g8000005VaOHAA0","State__c":"a04g8000000VkhhAAC"}|0x2b8a2efd
13:15:07.7 (261607303)|VARIABLE_SCOPE_BEGIN|[20]|mapMargin|Map<String,Margem__c>|true|false
13:15:07.7 (261688382)|VARIABLE_ASSIGNMENT|[20]|mapMargin|{"a01g8000007otrhAAA_a02g8000002871ZAAQ_a04g8000000QmaTAAS":{"Id":"a00g800000JZjxxAAD","AccountGroup__c":"a02g8000002871ZAAQ","ProductHierarchy__c":"a01g8000007otrhAAA","State__c":"a04g8000000QmaTAAS","MarginValuePercent__c":15.00},"a01g8000007otrjAAA_001g8000005VaOHAA0_a05g8000001KAc9AAG":{"Account__c":"001g8000005VaOHAA0","City__c":"a05g8000001KAc9AAG","Id":"a00g800000JZjxyAAD","ProductHierarchy__c":"a01g8000007otrjAAA","MarginValuePercent__c":25.00},"01tg8000001BArcAAG_001g8000005VaOHAA0_a04g8000000QmaTAAS":{"Account__c":"001g8000005VaOHAA0","Product__c":"01tg8000001BArcAAG","Id":"a00g800000JZjxzAAD","State__c":"a04g8000000QmaTAAS","MarginValuePercent__c":5.00},"a01g8000007otrqAAA_a02g8000002871ZAAQ_a03g8000004x8aeAAA":{"Country__c":"a03g8000004x8aeAAA","Id":"a00g800000JZjy0AAD","AccountGroup__c":"a02g8000002871ZAAQ","ProductHierarchy__c":"a01g8000007otrqAAA","MarginValuePercent__c":30.00}}|0x6631f8d5
13:15:07.7 (261698033)|VARIABLE_SCOPE_BEGIN|[20]|h|Id|false|false
13:15:07.7 (261774830)|VARIABLE_ASSIGNMENT|[20]|h|"a01g8000007otrhAAA"
13:15:07.7 (261779572)|VARIABLE_SCOPE_BEGIN|[20]|cliente|Account|true|false
13:15:07.7 (261808746)|VARIABLE_ASSIGNMENT|[20]|cliente|{"AccountGroup__c":"a02g8000002871ZAAQ","Id":"001g8000005VaOHAA0"}|0x790b757
13:15:07.7 (261816235)|STATEMENT_EXECUTE|[20]
13:15:07.7 (261817827)|STATEMENT_EXECUTE|[21]
13:15:07.7 (261825406)|VARIABLE_SCOPE_BEGIN|[21]|p|Id|false|false
13:15:07.7 (261859051)|VARIABLE_ASSIGNMENT|[21]|p|"01tg8000001BArWAAW"
13:15:07.7 (261861901)|STATEMENT_EXECUTE|[22]
13:15:07.7 (261865314)|VARIABLE_SCOPE_BEGIN|[22]|a|Id|false|false
13:15:07.7 (261884108)|VARIABLE_ASSIGNMENT|[22]|a|"001g8000005VaOHAA0"
13:15:07.7 (261886212)|STATEMENT_EXECUTE|[23]
13:15:07.7 (261890298)|VARIABLE_SCOPE_BEGIN|[23]|g|Id|false|false
13:15:07.7 (261907758)|VARIABLE_ASSIGNMENT|[23]|g|"a02g8000002871ZAAQ"
13:15:07.7 (261910173)|STATEMENT_EXECUTE|[24]
13:15:07.7 (261913512)|VARIABLE_SCOPE_BEGIN|[24]|c|Id|false|false
13:15:07.7 (261930147)|VARIABLE_ASSIGNMENT|[24]|c|"a05g8000001i8KfAAI"
13:15:07.7 (261932372)|STATEMENT_EXECUTE|[25]
13:15:07.7 (261934901)|VARIABLE_SCOPE_BEGIN|[25]|e|Id|false|false
13:15:07.7 (261951720)|VARIABLE_ASSIGNMENT|[25]|e|"a04g8000000VkhhAAC"
13:15:07.7 (261953756)|STATEMENT_EXECUTE|[26]
13:15:07.7 (261956776)|VARIABLE_SCOPE_BEGIN|[26]|pa|Id|false|false
13:15:07.7 (261973436)|VARIABLE_ASSIGNMENT|[26]|pa|"a03g8000004x8aeAAA"
13:15:07.7 (261986933)|HEAP_ALLOCATE|[29]|Bytes:18
13:15:07.7 (261996743)|HEAP_ALLOCATE|[29]|Bytes:18
13:15:07.7 (262002511)|HEAP_ALLOCATE|[29]|Bytes:18
13:15:07.7 (262010402)|HEAP_ALLOCATE|[29]|Bytes:56
13:15:07.7 (262020057)|STATEMENT_EXECUTE|[29]
13:15:07.7 (262024006)|HEAP_ALLOCATE|[30]|Bytes:18
13:15:07.7 (262058683)|HEAP_ALLOCATE|[30]|Bytes:18
13:15:07.7 (262065394)|HEAP_ALLOCATE|[30]|Bytes:18
13:15:07.7 (262069578)|HEAP_ALLOCATE|[30]|Bytes:56
13:15:07.7 (262074151)|STATEMENT_EXECUTE|[30]
13:15:07.7 (262077512)|HEAP_ALLOCATE|[31]|Bytes:18
13:15:07.7 (262083322)|HEAP_ALLOCATE|[31]|Bytes:18
13:15:07.7 (262088768)|HEAP_ALLOCATE|[31]|Bytes:18
13:15:07.7 (262092673)|HEAP_ALLOCATE|[31]|Bytes:56
13:15:07.7 (262096806)|STATEMENT_EXECUTE|[31]
13:15:07.7 (262100370)|HEAP_ALLOCATE|[32]|Bytes:18
13:15:07.7 (262105967)|HEAP_ALLOCATE|[32]|Bytes:18
13:15:07.7 (262111541)|HEAP_ALLOCATE|[32]|Bytes:18
13:15:07.7 (262115574)|HEAP_ALLOCATE|[32]|Bytes:56
13:15:07.7 (262119698)|STATEMENT_EXECUTE|[32]
13:15:07.7 (262123104)|HEAP_ALLOCATE|[33]|Bytes:18
13:15:07.7 (262129181)|HEAP_ALLOCATE|[33]|Bytes:18
13:15:07.7 (262134982)|HEAP_ALLOCATE|[33]|Bytes:18
13:15:07.7 (262139058)|HEAP_ALLOCATE|[33]|Bytes:56
13:15:07.7 (262143272)|STATEMENT_EXECUTE|[33]
13:15:07.7 (262146639)|HEAP_ALLOCATE|[34]|Bytes:18
13:15:07.7 (262152153)|HEAP_ALLOCATE|[34]|Bytes:18
13:15:07.7 (262157632)|HEAP_ALLOCATE|[34]|Bytes:18
13:15:07.7 (262161526)|HEAP_ALLOCATE|[34]|Bytes:56
13:15:07.7 (262165732)|STATEMENT_EXECUTE|[34]
13:15:07.7 (262169296)|HEAP_ALLOCATE|[36]|Bytes:18
13:15:07.7 (262174883)|HEAP_ALLOCATE|[36]|Bytes:18
13:15:07.7 (262180384)|HEAP_ALLOCATE|[36]|Bytes:18
13:15:07.7 (262184156)|HEAP_ALLOCATE|[36]|Bytes:56
13:15:07.7 (262188196)|STATEMENT_EXECUTE|[36]
13:15:07.7 (262191579)|HEAP_ALLOCATE|[37]|Bytes:18
13:15:07.7 (262197251)|HEAP_ALLOCATE|[37]|Bytes:18
13:15:07.7 (262202802)|HEAP_ALLOCATE|[37]|Bytes:18
13:15:07.7 (262206630)|HEAP_ALLOCATE|[37]|Bytes:56
13:15:07.7 (262210776)|STATEMENT_EXECUTE|[37]
13:15:07.7 (262214113)|HEAP_ALLOCATE|[38]|Bytes:18
13:15:07.7 (262219700)|HEAP_ALLOCATE|[38]|Bytes:18
13:15:07.7 (262225083)|HEAP_ALLOCATE|[38]|Bytes:18
13:15:07.7 (262228898)|HEAP_ALLOCATE|[38]|Bytes:56
13:15:07.7 (262233056)|STATEMENT_EXECUTE|[38]
13:15:07.7 (262236363)|HEAP_ALLOCATE|[39]|Bytes:18
13:15:07.7 (262241926)|HEAP_ALLOCATE|[39]|Bytes:18
13:15:07.7 (262247506)|HEAP_ALLOCATE|[39]|Bytes:18
13:15:07.7 (262251281)|HEAP_ALLOCATE|[39]|Bytes:56
13:15:07.7 (262255418)|STATEMENT_EXECUTE|[39]
13:15:07.7 (262258502)|HEAP_ALLOCATE|[40]|Bytes:18
13:15:07.7 (262264061)|HEAP_ALLOCATE|[40]|Bytes:18
13:15:07.7 (262269621)|HEAP_ALLOCATE|[40]|Bytes:18
13:15:07.7 (262273440)|HEAP_ALLOCATE|[40]|Bytes:56
13:15:07.7 (262277494)|STATEMENT_EXECUTE|[40]
13:15:07.7 (262307217)|HEAP_ALLOCATE|[41]|Bytes:18
13:15:07.7 (262313566)|HEAP_ALLOCATE|[41]|Bytes:18
13:15:07.7 (262319196)|HEAP_ALLOCATE|[41]|Bytes:18
13:15:07.7 (262323514)|HEAP_ALLOCATE|[41]|Bytes:56
13:15:07.7 (262330081)|STATEMENT_EXECUTE|[41]
13:15:07.7 (262330902)|STATEMENT_EXECUTE|[43]
13:15:07.7 (262373392)|HEAP_ALLOCATE|[43]|Bytes:4
13:15:07.7 (262503935)|HEAP_ALLOCATE|[43]|Bytes:28
13:15:07.7 (262507906)|HEAP_ALLOCATE|[43]|Bytes:28
13:15:07.7 (262551882)|VARIABLE_ASSIGNMENT|[43]|this.MarginValuePercent__c|0|0x9211d7
13:15:07.7 (262587581)|METHOD_EXIT|[156]|01pg8000001F8kf|PricingService.findMargin(OrderItem, Order, Map<String,Margem__c>, Id, Account)
13:15:07.7 (262595464)|VARIABLE_SCOPE_BEGIN|[156]|margem|Margem__c|true|false
13:15:07.7 (262610923)|VARIABLE_ASSIGNMENT|[156]|margem|{"MarginValuePercent__c":0}|0x9211d7
13:15:07.7 (262615341)|STATEMENT_EXECUTE|[157]
13:15:07.7 (262626234)|HEAP_ALLOCATE|[157]|Bytes:28
13:15:07.7 (263346124)|VARIABLE_ASSIGNMENT|[157]|this.MarginPercentage__c|0|0x1b6c495c
13:15:07.7 (263355645)|STATEMENT_EXECUTE|[160]
13:15:07.7 (263374186)|METHOD_ENTRY|[160]|01pg8000001F8kf|PricingService.findFreightValue(OrderItem, Order, Map<String,Freight__c>, Id)
13:15:07.7 (263381205)|VARIABLE_SCOPE_BEGIN|[4]|item|OrderItem|true|false
13:15:07.7 (263996914)|VARIABLE_ASSIGNMENT|[4]|item|{"IsDeleted":false,"UnitPrice":1280000.00,"Product2Id":"01tg8000001BArWAAW","PricebookEntryId":"01ug8000000XnjVAAS","TotalPrice":1280000.00,"Quantity":1.00,"MarginPercentage__c":0,"TaxPercentage__c":0,"ListPrice":1280000.00,"OrderId":"801g8000007DOjhAAG"}|0x1b6c495c
13:15:07.7 (264006765)|VARIABLE_SCOPE_BEGIN|[4]|pedido|Order|true|false
13:15:07.7 (264072599)|VARIABLE_ASSIGNMENT|[4]|pedido|{"DistributionCenter__c":"a06g8000000wkLpAAI","City__c":"a05g8000001i8KfAAI","Country__c":"a03g8000004x8aeAAA","Id":"801g8000007DOjhAAG","AccountId":"001g8000005VaOHAA0","State__c":"a04g8000000VkhhAAC"}|0x2b8a2efd
13:15:07.7 (264078451)|VARIABLE_SCOPE_BEGIN|[4]|mapFrete|Map<String,Freight__c>|true|false
13:15:07.7 (264202412)|VARIABLE_ASSIGNMENT|[4]|mapFrete|{"a01g8000007otrhAAA_a04g8000000QmaTAAS":{"DistributionCenter__c":"a06g8000000wkLpAAI","Id":"a0Ag8000000XacwEAC","State__c":"a04g8000000QmaTAAS","ProductHierarchy__c":"a01g8000007otrhAAA","FreightValue__c":800.00},"a01g8000007otrjAAA_a05g8000001KAc9AAG":{"DistributionCenter__c":"a06g8000000wkLpAAI","City__c":"a05g8000001KAc9AAG","Id":"a0Ag8000000XacxEAC","ProductHierarchy__c":"a01g8000007otrjAAA","FreightValue__c":500.00},"01tg8000001BArcAAG_a04g8000000QmaTAAS":{"DistributionCenter__c":"a06g8000000wkLpAAI","Product__c":"01tg8000001BArcAAG","Id":"a0Ag8000000XacyEAC","State__c":"a04g8000000QmaTAAS","FreightValue__c":150.00},"a01g8000007otrqAAA_a03g8000004x8aeAAA":{"DistributionCenter__c":"a06g8000000wkLpAAI","Country__c":"a03g8000004x8aeAAA","Id":"a0Ag8000000XaczEAC","ProductHierarchy__c":"a01g8000007otrqAAA","FreightValue__c":50.00}}|0x1ad2709c
13:15:07.7 (264216703)|VARIABLE_SCOPE_BEGIN|[4]|h|Id|false|false
13:15:07.7 (264313963)|VARIABLE_ASSIGNMENT|[4]|h|"a01g8000007otrhAAA"
13:15:07.7 (264322660)|STATEMENT_EXECUTE|[4]
13:15:07.7 (264324444)|STATEMENT_EXECUTE|[5]
13:15:07.7 (264334950)|VARIABLE_SCOPE_BEGIN|[5]|p|Id|false|false
13:15:07.7 (264369129)|VARIABLE_ASSIGNMENT|[5]|p|"01tg8000001BArWAAW"
13:15:07.7 (264372166)|STATEMENT_EXECUTE|[6]
13:15:07.7 (264376720)|VARIABLE_SCOPE_BEGIN|[6]|c|Id|false|false
13:15:07.7 (264395625)|VARIABLE_ASSIGNMENT|[6]|c|"a05g8000001i8KfAAI"
13:15:07.7 (264397754)|STATEMENT_EXECUTE|[7]
13:15:07.7 (264400234)|VARIABLE_SCOPE_BEGIN|[7]|e|Id|false|false
13:15:07.7 (264417510)|VARIABLE_ASSIGNMENT|[7]|e|"a04g8000000VkhhAAC"
13:15:07.7 (264419564)|STATEMENT_EXECUTE|[8]
13:15:07.7 (264422872)|VARIABLE_SCOPE_BEGIN|[8]|pa|Id|false|false
13:15:07.7 (264438854)|VARIABLE_ASSIGNMENT|[8]|pa|"a03g8000004x8aeAAA"
13:15:07.7 (264457044)|HEAP_ALLOCATE|[10]|Bytes:18
13:15:07.7 (264467399)|HEAP_ALLOCATE|[10]|Bytes:18
13:15:07.7 (264473246)|HEAP_ALLOCATE|[10]|Bytes:37
13:15:07.7 (264482375)|STATEMENT_EXECUTE|[10]
13:15:07.7 (264486004)|HEAP_ALLOCATE|[11]|Bytes:18
13:15:07.7 (264492009)|HEAP_ALLOCATE|[11]|Bytes:18
13:15:07.7 (264496085)|HEAP_ALLOCATE|[11]|Bytes:37
13:15:07.7 (264500087)|STATEMENT_EXECUTE|[11]
13:15:07.7 (264503485)|HEAP_ALLOCATE|[12]|Bytes:18
13:15:07.7 (264509647)|HEAP_ALLOCATE|[12]|Bytes:18
13:15:07.7 (264513566)|HEAP_ALLOCATE|[12]|Bytes:37
13:15:07.7 (264517520)|STATEMENT_EXECUTE|[12]
13:15:07.7 (264521020)|HEAP_ALLOCATE|[13]|Bytes:18
13:15:07.7 (264527006)|HEAP_ALLOCATE|[13]|Bytes:18
13:15:07.7 (264530737)|HEAP_ALLOCATE|[13]|Bytes:37
13:15:07.7 (264534903)|STATEMENT_EXECUTE|[13]
13:15:07.7 (264538342)|HEAP_ALLOCATE|[14]|Bytes:18
13:15:07.7 (264543969)|HEAP_ALLOCATE|[14]|Bytes:18
13:15:07.7 (264547812)|HEAP_ALLOCATE|[14]|Bytes:37
13:15:07.7 (264551651)|STATEMENT_EXECUTE|[14]
13:15:07.7 (264577208)|HEAP_ALLOCATE|[15]|Bytes:18
13:15:07.7 (264583898)|HEAP_ALLOCATE|[15]|Bytes:18
13:15:07.7 (264588193)|HEAP_ALLOCATE|[15]|Bytes:37
13:15:07.7 (264594018)|STATEMENT_EXECUTE|[15]
13:15:07.7 (264594856)|STATEMENT_EXECUTE|[17]
13:15:07.7 (264605155)|HEAP_ALLOCATE|[17]|Bytes:28
13:15:07.7 (264607020)|HEAP_ALLOCATE|[17]|Bytes:28
13:15:07.7 (264612581)|METHOD_EXIT|[160]|01pg8000001F8kf|PricingService.findFreightValue(OrderItem, Order, Map<String,Freight__c>, Id)
13:15:07.7 (265061442)|VARIABLE_ASSIGNMENT|[160]|this.FreightValue__c|0|0x1b6c495c
13:15:07.7 (265066930)|STATEMENT_EXECUTE|[163]
13:15:07.7 (265077662)|VARIABLE_SCOPE_BEGIN|[163]|custoUnitario|Decimal|false|false
13:15:07.7 (265083607)|VARIABLE_ASSIGNMENT|[163]|custoUnitario|850000.00
13:15:07.7 (265085992)|STATEMENT_EXECUTE|[166]
13:15:07.7 (265096061)|HEAP_ALLOCATE|[166]|Bytes:18
13:15:07.7 (265103662)|HEAP_ALLOCATE|[166]|Bytes:75
13:15:07.7 (265118366)|USER_DEBUG|[166]|DEBUG|>>> [DIAGNÓSTICO] Verificando parâmetros para o produto: 01tg8000001BArWAAW
13:15:07.7 (265125138)|STATEMENT_EXECUTE|[167]
13:15:07.7 (265130083)|HEAP_ALLOCATE|[167]|Bytes:9
13:15:07.7 (265134451)|HEAP_ALLOCATE|[167]|Bytes:32
13:15:07.7 (265137991)|USER_DEBUG|[167]|DEBUG|>>> Custo de Produção: 850000.00
13:15:07.7 (265141480)|STATEMENT_EXECUTE|[168]
13:15:07.7 (265146176)|HEAP_ALLOCATE|[168]|Bytes:28
13:15:07.7 (265151149)|HEAP_ALLOCATE|[168]|Bytes:1
13:15:07.7 (265155469)|HEAP_ALLOCATE|[168]|Bytes:21
13:15:07.7 (265158776)|USER_DEBUG|[168]|DEBUG|>>> Valor de Frete: 0
13:15:07.7 (265161906)|STATEMENT_EXECUTE|[169]
13:15:07.7 (265165557)|HEAP_ALLOCATE|[169]|Bytes:28
13:15:07.7 (265169937)|HEAP_ALLOCATE|[169]|Bytes:1
13:15:07.7 (265174023)|HEAP_ALLOCATE|[169]|Bytes:29
13:15:07.7 (265177101)|USER_DEBUG|[169]|DEBUG|>>> Porcentagem de Imposto: 0
13:15:07.7 (265180123)|STATEMENT_EXECUTE|[170]
13:15:07.7 (265186328)|HEAP_ALLOCATE|[170]|Bytes:4
13:15:07.7 (265190516)|HEAP_ALLOCATE|[170]|Bytes:27
13:15:07.7 (265193558)|USER_DEBUG|[170]|DEBUG|>>> Margem encontrada? true
13:15:07.7 (265196963)|STATEMENT_EXECUTE|[171]
13:15:07.7 (265197773)|STATEMENT_EXECUTE|[172]
13:15:07.7 (265202621)|HEAP_ALLOCATE|[172]|Bytes:28
13:15:07.7 (265207488)|HEAP_ALLOCATE|[172]|Bytes:1
13:15:07.7 (265212011)|HEAP_ALLOCATE|[172]|Bytes:28
13:15:07.7 (265215052)|USER_DEBUG|[172]|DEBUG|>>> Porcentagem de Margem: 0
13:15:07.7 (265218509)|STATEMENT_EXECUTE|[186]
13:15:07.7 (265221022)|HEAP_ALLOCATE|[186]|Bytes:28
13:15:07.7 (265224212)|HEAP_ALLOCATE|[186]|Bytes:28
13:15:07.7 (265229344)|METHOD_ENTRY|[186]|01pg8000001F8kf|PricingService.calculateFinalPrice(OrderItem, Decimal, Margem__c, Decimal, Decimal)
13:15:07.7 (265233038)|VARIABLE_SCOPE_BEGIN|[46]|item|OrderItem|true|false
13:15:07.7 (265604877)|VARIABLE_ASSIGNMENT|[46]|item|{"IsDeleted":false,"UnitPrice":1280000.00,"Product2Id":"01tg8000001BArWAAW","PricebookEntryId":"01ug8000000XnjVAAS","TotalPrice":1280000.00,"Quantity":1.00,"MarginPercentage__c":0,"TaxPercentage__c":0,"ListPrice":1280000.00,"OrderId":"801g8000007DOjhAAG","FreightValue__c":0}|0x1b6c495c
13:15:07.7 (265610167)|VARIABLE_SCOPE_BEGIN|[46]|frete|Decimal|false|false
13:15:07.7 (265614744)|VARIABLE_ASSIGNMENT|[46]|frete|0
13:15:07.7 (265617572)|VARIABLE_SCOPE_BEGIN|[46]|margem|Margem__c|true|false
13:15:07.7 (265623542)|VARIABLE_ASSIGNMENT|[46]|margem|{"MarginValuePercent__c":0}|0x9211d7
13:15:07.7 (265626721)|VARIABLE_SCOPE_BEGIN|[46]|impostoPercent|Decimal|false|false
13:15:07.7 (265630511)|VARIABLE_ASSIGNMENT|[46]|impostoPercent|0
13:15:07.7 (265632965)|VARIABLE_SCOPE_BEGIN|[46]|custo|Decimal|false|false
13:15:07.7 (265636670)|VARIABLE_ASSIGNMENT|[46]|custo|850000.00
13:15:07.7 (265640425)|STATEMENT_EXECUTE|[46]
13:15:07.7 (265641335)|STATEMENT_EXECUTE|[47]
13:15:07.7 (265645547)|HEAP_ALLOCATE|[47]|Bytes:28
13:15:07.7 (265649795)|HEAP_ALLOCATE|[47]|Bytes:28
13:15:07.7 (265652120)|VARIABLE_SCOPE_BEGIN|[47]|mPerc|Decimal|false|false
13:15:07.7 (265656227)|VARIABLE_ASSIGNMENT|[47]|mPerc|0
13:15:07.7 (265658109)|STATEMENT_EXECUTE|[48]
13:15:07.7 (265659589)|VARIABLE_SCOPE_BEGIN|[48]|iPerc|Decimal|false|false
13:15:07.7 (265663477)|VARIABLE_ASSIGNMENT|[48]|iPerc|0
13:15:07.7 (265665378)|STATEMENT_EXECUTE|[49]
13:15:07.7 (265666687)|VARIABLE_SCOPE_BEGIN|[49]|custoProd|Decimal|false|false
13:15:07.7 (265670412)|VARIABLE_ASSIGNMENT|[49]|custoProd|850000.00
13:15:07.7 (265672191)|STATEMENT_EXECUTE|[50]
13:15:07.7 (265673681)|VARIABLE_SCOPE_BEGIN|[50]|freteVal|Decimal|false|false
13:15:07.7 (265677353)|VARIABLE_ASSIGNMENT|[50]|freteVal|0
13:15:07.7 (265679089)|STATEMENT_EXECUTE|[53]
13:15:07.7 (265691138)|HEAP_ALLOCATE|[53]|Bytes:28
13:15:07.7 (265695467)|VARIABLE_SCOPE_BEGIN|[53]|precoBase|Decimal|false|false
13:15:07.7 (265699760)|VARIABLE_ASSIGNMENT|[53]|precoBase|850000.00
13:15:07.7 (265701571)|STATEMENT_EXECUTE|[56]
13:15:07.7 (265705297)|HEAP_ALLOCATE|[56]|Bytes:28
13:15:07.7 (265706846)|HEAP_ALLOCATE|[56]|Bytes:28
13:15:07.7 (265710132)|HEAP_ALLOCATE|[56]|Bytes:28
13:15:07.7 (265720398)|HEAP_ALLOCATE|[56]|Bytes:28
13:15:07.7 (265721945)|HEAP_ALLOCATE|[56]|Bytes:28
13:15:07.7 (265729744)|HEAP_ALLOCATE|[56]|Bytes:28
13:15:07.7 (265731393)|HEAP_ALLOCATE|[56]|Bytes:28
13:15:07.7 (265740295)|HEAP_ALLOCATE|[56]|Bytes:28
13:15:07.7 (265743994)|VARIABLE_SCOPE_BEGIN|[56]|precoSemMargem|Decimal|false|false
13:15:07.7 (265752561)|VARIABLE_ASSIGNMENT|[56]|precoSemMargem|850000.00
13:15:07.7 (265754518)|STATEMENT_EXECUTE|[59]
13:15:07.7 (265756665)|HEAP_ALLOCATE|[59]|Bytes:28
13:15:07.7 (265758229)|HEAP_ALLOCATE|[59]|Bytes:28
13:15:07.7 (265760746)|HEAP_ALLOCATE|[59]|Bytes:28
13:15:07.7 (265766677)|HEAP_ALLOCATE|[59]|Bytes:28
13:15:07.7 (265768134)|HEAP_ALLOCATE|[59]|Bytes:28
13:15:07.7 (265775153)|HEAP_ALLOCATE|[59]|Bytes:28
13:15:07.7 (265776626)|HEAP_ALLOCATE|[59]|Bytes:28
13:15:07.7 (265782945)|HEAP_ALLOCATE|[59]|Bytes:28
13:15:07.7 (265786740)|VARIABLE_SCOPE_BEGIN|[59]|precoCalculado|Decimal|false|false
13:15:07.7 (265790798)|VARIABLE_ASSIGNMENT|[59]|precoCalculado|850000.00
13:15:07.7 (265792594)|STATEMENT_EXECUTE|[62]
13:15:07.7 (266189411)|VARIABLE_ASSIGNMENT|[62]|this.MarginPercentage__c|0|0x1b6c495c
13:15:07.7 (266194172)|STATEMENT_EXECUTE|[63]
13:15:07.7 (266540323)|VARIABLE_ASSIGNMENT|[63]|this.FreightValue__c|0|0x1b6c495c
13:15:07.7 (266543359)|STATEMENT_EXECUTE|[64]
13:15:07.7 (266878013)|VARIABLE_ASSIGNMENT|[64]|this.TaxPercentage__c|0|0x1b6c495c
13:15:07.7 (266881232)|STATEMENT_EXECUTE|[65]
13:15:07.7 (267216036)|VARIABLE_ASSIGNMENT|[65]|this.PriceWithoutMargin__c|850000.00|0x1b6c495c
13:15:07.7 (267219091)|STATEMENT_EXECUTE|[66]
13:15:07.7 (267552261)|VARIABLE_ASSIGNMENT|[66]|this.FinalPrice__c|850000.00|0x1b6c495c
13:15:07.7 (267555334)|STATEMENT_EXECUTE|[69]
13:15:07.7 (267563575)|VARIABLE_SCOPE_BEGIN|[69]|unitPriceDigitado|Decimal|false|false
13:15:07.7 (267568470)|VARIABLE_ASSIGNMENT|[69]|unitPriceDigitado|1280000.00
13:15:07.7 (267574581)|HEAP_ALLOCATE|[72]|Bytes:28
13:15:07.7 (267576901)|HEAP_ALLOCATE|[72]|Bytes:28
13:15:07.7 (267591749)|STATEMENT_EXECUTE|[72]
13:15:07.7 (267592585)|STATEMENT_EXECUTE|[73]
13:15:07.7 (267600662)|HEAP_ALLOCATE|[73]|Bytes:28
13:15:07.7 (267627596)|HEAP_ALLOCATE|[73]|Bytes:28
13:15:07.7 (267629480)|HEAP_ALLOCATE|[73]|Bytes:28
13:15:07.7 (268016946)|VARIABLE_ASSIGNMENT|[73]|this.DiscountPercentage__c|-0.505882352941176470588235294117647|0x1b6c495c
13:15:07.7 (268028357)|METHOD_EXIT|[186]|01pg8000001F8kf|PricingService.calculateFinalPrice(OrderItem, Decimal, Margem__c, Decimal, Decimal)
13:15:07.7 (268050562)|HEAP_ALLOCATE|[130]|Bytes:5
13:15:07.7 (268068716)|HEAP_ALLOCATE|[130]|Bytes:4
13:15:07.7 (268076741)|VARIABLE_SCOPE_BEGIN|[130]|item|OrderItem|true|false
13:15:07.7 (268429932)|VARIABLE_ASSIGNMENT|[130]|item|{"IsDeleted":false,"UnitPrice":2800.00,"Product2Id":"01tg8000001BArdAAG","PricebookEntryId":"01ug8000000XmilAAC","TotalPrice":28000.00,"Quantity":10.00,"ListPrice":2800.00,"OrderId":"801g8000007DOjhAAG"}|0x3cc6523c
13:15:07.7 (268435596)|STATEMENT_EXECUTE|[130]
13:15:07.7 (268436642)|STATEMENT_EXECUTE|[131]
13:15:07.7 (268455687)|VARIABLE_SCOPE_BEGIN|[131]|pedido|Order|true|false
13:15:07.7 (268506965)|VARIABLE_ASSIGNMENT|[131]|pedido|{"DistributionCenter__c":"a06g8000000wkLpAAI","City__c":"a05g8000001i8KfAAI","Country__c":"a03g8000004x8aeAAA","Id":"801g8000007DOjhAAG","AccountId":"001g8000005VaOHAA0","State__c":"a04g8000000VkhhAAC"}|0x2b8a2efd
13:15:07.7 (268511041)|STATEMENT_EXECUTE|[132]
13:15:07.7 (268522583)|VARIABLE_SCOPE_BEGIN|[132]|produto|Product2|true|false
13:15:07.7 (268550605)|VARIABLE_ASSIGNMENT|[132]|produto|{"ProductionCost__c":1500.00,"ProductHierarchy__c":"a01g8000007otrqAAA","Id":"01tg8000001BArdAAG"}|0x6049316b
13:15:07.7 (268553334)|STATEMENT_EXECUTE|[133]
13:15:07.7 (268565266)|VARIABLE_SCOPE_BEGIN|[133]|cliente|Account|true|false
13:15:07.7 (268584738)|VARIABLE_ASSIGNMENT|[133]|cliente|{"AccountGroup__c":"a02g8000002871ZAAQ","Id":"001g8000005VaOHAA0"}|0x790b757
13:15:07.7 (268596295)|HEAP_ALLOCATE|[136]|Bytes:28
13:15:07.7 (268598111)|HEAP_ALLOCATE|[136]|Bytes:28
13:15:07.7 (268614470)|HEAP_ALLOCATE|[136]|Bytes:28
13:15:07.7 (268616074)|HEAP_ALLOCATE|[136]|Bytes:28
13:15:07.7 (268623833)|STATEMENT_EXECUTE|[136]
13:15:07.7 (268626266)|STATEMENT_EXECUTE|[143]
13:15:07.7 (268627017)|STATEMENT_EXECUTE|[147]
13:15:07.7 (268633558)|HEAP_ALLOCATE|[147]|Bytes:18
13:15:07.7 (268642198)|HEAP_ALLOCATE|[148]|Bytes:18
13:15:07.7 (268649681)|HEAP_ALLOCATE|[149]|Bytes:18
13:15:07.7 (268655305)|HEAP_ALLOCATE|[147]|Bytes:54
13:15:07.7 (268657991)|VARIABLE_SCOPE_BEGIN|[147]|keyOrderItemImposto|String|false|false
13:15:07.7 (268664491)|VARIABLE_ASSIGNMENT|[147]|keyOrderItemImposto|"01tg8000001BArdAAGa0 (34 more) ..."
13:15:07.7 (268666943)|STATEMENT_EXECUTE|[151]
13:15:07.7 (268675893)|VARIABLE_SCOPE_BEGIN|[151]|impostoEncontrado|Tax__c|true|false
13:15:07.7 (268680377)|VARIABLE_ASSIGNMENT|[151]|impostoEncontrado|null|
13:15:07.7 (268682268)|STATEMENT_EXECUTE|[153]
13:15:07.7 (268685215)|HEAP_ALLOCATE|[153]|Bytes:28
13:15:07.7 (268686866)|HEAP_ALLOCATE|[153]|Bytes:28
13:15:07.7 (269084082)|VARIABLE_ASSIGNMENT|[153]|this.TaxPercentage__c|0|0x3cc6523c
13:15:07.7 (269088804)|STATEMENT_EXECUTE|[156]
13:15:07.7 (269099617)|METHOD_ENTRY|[156]|01pg8000001F8kf|PricingService.findMargin(OrderItem, Order, Map<String,Margem__c>, Id, Account)
13:15:07.7 (269104340)|VARIABLE_SCOPE_BEGIN|[20]|item|OrderItem|true|false
13:15:07.7 (269444299)|VARIABLE_ASSIGNMENT|[20]|item|{"IsDeleted":false,"UnitPrice":2800.00,"Product2Id":"01tg8000001BArdAAG","PricebookEntryId":"01ug8000000XmilAAC","TotalPrice":28000.00,"Quantity":10.00,"TaxPercentage__c":0,"ListPrice":2800.00,"OrderId":"801g8000007DOjhAAG"}|0x3cc6523c
13:15:07.7 (269448689)|VARIABLE_SCOPE_BEGIN|[20]|pedido|Order|true|false
13:15:07.7 (269482426)|VARIABLE_ASSIGNMENT|[20]|pedido|{"DistributionCenter__c":"a06g8000000wkLpAAI","City__c":"a05g8000001i8KfAAI","Country__c":"a03g8000004x8aeAAA","Id":"801g8000007DOjhAAG","AccountId":"001g8000005VaOHAA0","State__c":"a04g8000000VkhhAAC"}|0x2b8a2efd
13:15:07.7 (269486157)|VARIABLE_SCOPE_BEGIN|[20]|mapMargin|Map<String,Margem__c>|true|false
13:15:07.7 (269569423)|VARIABLE_ASSIGNMENT|[20]|mapMargin|{"a01g8000007otrhAAA_a02g8000002871ZAAQ_a04g8000000QmaTAAS":{"Id":"a00g800000JZjxxAAD","AccountGroup__c":"a02g8000002871ZAAQ","ProductHierarchy__c":"a01g8000007otrhAAA","State__c":"a04g8000000QmaTAAS","MarginValuePercent__c":15.00},"a01g8000007otrjAAA_001g8000005VaOHAA0_a05g8000001KAc9AAG":{"Account__c":"001g8000005VaOHAA0","City__c":"a05g8000001KAc9AAG","Id":"a00g800000JZjxyAAD","ProductHierarchy__c":"a01g8000007otrjAAA","MarginValuePercent__c":25.00},"01tg8000001BArcAAG_001g8000005VaOHAA0_a04g8000000QmaTAAS":{"Account__c":"001g8000005VaOHAA0","Product__c":"01tg8000001BArcAAG","Id":"a00g800000JZjxzAAD","State__c":"a04g8000000QmaTAAS","MarginValuePercent__c":5.00},"a01g8000007otrqAAA_a02g8000002871ZAAQ_a03g8000004x8aeAAA":{"Country__c":"a03g8000004x8aeAAA","Id":"a00g800000JZjy0AAD","AccountGroup__c":"a02g8000002871ZAAQ","ProductHierarchy__c":"a01g8000007otrqAAA","MarginValuePercent__c":30.00}}|0x6631f8d5
13:15:07.7 (269579008)|VARIABLE_SCOPE_BEGIN|[20]|h|Id|false|false
13:15:07.7 (269644833)|VARIABLE_ASSIGNMENT|[20]|h|"a01g8000007otrqAAA"
13:15:07.7 (269648014)|VARIABLE_SCOPE_BEGIN|[20]|cliente|Account|true|false
13:15:07.7 (269668031)|VARIABLE_ASSIGNMENT|[20]|cliente|{"AccountGroup__c":"a02g8000002871ZAAQ","Id":"001g8000005VaOHAA0"}|0x790b757
13:15:07.7 (269673258)|STATEMENT_EXECUTE|[20]
13:15:07.7 (269674197)|STATEMENT_EXECUTE|[21]
13:15:07.7 (269679189)|VARIABLE_SCOPE_BEGIN|[21]|p|Id|false|false
13:15:07.7 (269703217)|VARIABLE_ASSIGNMENT|[21]|p|"01tg8000001BArdAAG"
13:15:07.7 (269705808)|STATEMENT_EXECUTE|[22]
13:15:07.7 (269708791)|VARIABLE_SCOPE_BEGIN|[22]|a|Id|false|false
13:15:07.7 (269726734)|VARIABLE_ASSIGNMENT|[22]|a|"001g8000005VaOHAA0"
13:15:07.7 (269728896)|STATEMENT_EXECUTE|[23]
13:15:07.7 (269732392)|VARIABLE_SCOPE_BEGIN|[23]|g|Id|false|false
13:15:07.7 (269749446)|VARIABLE_ASSIGNMENT|[23]|g|"a02g8000002871ZAAQ"
13:15:07.7 (269751919)|STATEMENT_EXECUTE|[24]
13:15:07.7 (269754958)|VARIABLE_SCOPE_BEGIN|[24]|c|Id|false|false
13:15:07.7 (269771962)|VARIABLE_ASSIGNMENT|[24]|c|"a05g8000001i8KfAAI"
13:15:07.7 (269774335)|STATEMENT_EXECUTE|[25]
13:15:07.7 (269776590)|VARIABLE_SCOPE_BEGIN|[25]|e|Id|false|false
13:15:07.7 (269793175)|VARIABLE_ASSIGNMENT|[25]|e|"a04g8000000VkhhAAC"
13:15:07.7 (269795299)|STATEMENT_EXECUTE|[26]
13:15:07.7 (269798058)|VARIABLE_SCOPE_BEGIN|[26]|pa|Id|false|false
13:15:07.7 (269814448)|VARIABLE_ASSIGNMENT|[26]|pa|"a03g8000004x8aeAAA"
13:15:07.7 (269826535)|HEAP_ALLOCATE|[29]|Bytes:18
13:15:07.7 (269835932)|HEAP_ALLOCATE|[29]|Bytes:18
13:15:07.7 (269841861)|HEAP_ALLOCATE|[29]|Bytes:18
13:15:07.7 (269848181)|HEAP_ALLOCATE|[29]|Bytes:56
13:15:07.7 (269856914)|STATEMENT_EXECUTE|[29]
13:15:07.7 (269860718)|HEAP_ALLOCATE|[30]|Bytes:18
13:15:07.7 (269866584)|HEAP_ALLOCATE|[30]|Bytes:18
13:15:07.7 (269872056)|HEAP_ALLOCATE|[30]|Bytes:18
13:15:07.7 (269875900)|HEAP_ALLOCATE|[30]|Bytes:56
13:15:07.7 (269879912)|STATEMENT_EXECUTE|[30]
13:15:07.7 (269883405)|HEAP_ALLOCATE|[31]|Bytes:18
13:15:07.7 (269889243)|HEAP_ALLOCATE|[31]|Bytes:18
13:15:07.7 (269894704)|HEAP_ALLOCATE|[31]|Bytes:18
13:15:07.7 (269898605)|HEAP_ALLOCATE|[31]|Bytes:56
13:15:07.7 (269902570)|STATEMENT_EXECUTE|[31]
13:15:07.7 (269905854)|HEAP_ALLOCATE|[32]|Bytes:18
13:15:07.7 (269911473)|HEAP_ALLOCATE|[32]|Bytes:18
13:15:07.7 (269917046)|HEAP_ALLOCATE|[32]|Bytes:18
13:15:07.7 (269921050)|HEAP_ALLOCATE|[32]|Bytes:56
13:15:07.7 (269925347)|STATEMENT_EXECUTE|[32]
13:15:07.7 (269928919)|HEAP_ALLOCATE|[33]|Bytes:18
13:15:07.7 (269934929)|HEAP_ALLOCATE|[33]|Bytes:18
13:15:07.7 (269940704)|HEAP_ALLOCATE|[33]|Bytes:18
13:15:07.7 (269944552)|HEAP_ALLOCATE|[33]|Bytes:56
13:15:07.7 (269948768)|STATEMENT_EXECUTE|[33]
13:15:07.7 (269952201)|HEAP_ALLOCATE|[34]|Bytes:18
13:15:07.7 (269957739)|HEAP_ALLOCATE|[34]|Bytes:18
13:15:07.7 (269963240)|HEAP_ALLOCATE|[34]|Bytes:18
13:15:07.7 (269967035)|HEAP_ALLOCATE|[34]|Bytes:56
13:15:07.7 (269971189)|STATEMENT_EXECUTE|[34]
13:15:07.7 (269974640)|HEAP_ALLOCATE|[36]|Bytes:18
13:15:07.7 (269980314)|HEAP_ALLOCATE|[36]|Bytes:18
13:15:07.7 (269985771)|HEAP_ALLOCATE|[36]|Bytes:18
13:15:07.7 (269989549)|HEAP_ALLOCATE|[36]|Bytes:56
13:15:07.7 (269993670)|STATEMENT_EXECUTE|[36]
13:15:07.7 (269997089)|HEAP_ALLOCATE|[37]|Bytes:18
13:15:07.7 (270002605)|HEAP_ALLOCATE|[37]|Bytes:18
13:15:07.7 (270009076)|HEAP_ALLOCATE|[37]|Bytes:18
13:15:07.7 (270013089)|HEAP_ALLOCATE|[37]|Bytes:56
13:15:07.7 (270017165)|STATEMENT_EXECUTE|[37]
13:15:07.7 (270020540)|HEAP_ALLOCATE|[38]|Bytes:18
13:15:07.7 (270027029)|HEAP_ALLOCATE|[38]|Bytes:18
13:15:07.7 (270057234)|HEAP_ALLOCATE|[38]|Bytes:18
13:15:07.7 (270061929)|HEAP_ALLOCATE|[38]|Bytes:56
13:15:07.7 (270066223)|STATEMENT_EXECUTE|[38]
13:15:07.7 (270069529)|HEAP_ALLOCATE|[39]|Bytes:18
13:15:07.7 (270075182)|HEAP_ALLOCATE|[39]|Bytes:18
13:15:07.7 (270080654)|HEAP_ALLOCATE|[39]|Bytes:18
13:15:07.7 (270084819)|HEAP_ALLOCATE|[39]|Bytes:56
13:15:07.7 (270088961)|STATEMENT_EXECUTE|[39]
13:15:07.7 (270092124)|HEAP_ALLOCATE|[40]|Bytes:18
13:15:07.7 (270097678)|HEAP_ALLOCATE|[40]|Bytes:18
13:15:07.7 (270103181)|HEAP_ALLOCATE|[40]|Bytes:18
13:15:07.7 (270107008)|HEAP_ALLOCATE|[40]|Bytes:56
13:15:07.7 (270111068)|STATEMENT_EXECUTE|[40]
13:15:07.7 (270114706)|HEAP_ALLOCATE|[41]|Bytes:18
13:15:07.7 (270120169)|HEAP_ALLOCATE|[41]|Bytes:18
13:15:07.7 (270125626)|HEAP_ALLOCATE|[41]|Bytes:18
13:15:07.7 (270129474)|HEAP_ALLOCATE|[41]|Bytes:56
13:15:07.7 (270133655)|STATEMENT_EXECUTE|[41]
13:15:07.7 (270138539)|HEAP_ALLOCATE|[41]|Bytes:18
13:15:07.7 (270144071)|HEAP_ALLOCATE|[41]|Bytes:18
13:15:07.7 (270149614)|HEAP_ALLOCATE|[41]|Bytes:18
13:15:07.7 (270153789)|HEAP_ALLOCATE|[41]|Bytes:56
13:15:07.7 (270166850)|METHOD_EXIT|[156]|01pg8000001F8kf|PricingService.findMargin(OrderItem, Order, Map<String,Margem__c>, Id, Account)
13:15:07.7 (270172529)|VARIABLE_SCOPE_BEGIN|[156]|margem|Margem__c|true|false
13:15:07.7 (270205735)|VARIABLE_ASSIGNMENT|[156]|margem|{"Country__c":"a03g8000004x8aeAAA","Id":"a00g800000JZjy0AAD","AccountGroup__c":"a02g8000002871ZAAQ","ProductHierarchy__c":"a01g8000007otrqAAA","MarginValuePercent__c":30.00}|0x4d175bf1
13:15:07.7 (270209786)|STATEMENT_EXECUTE|[157]
13:15:07.7 (270642158)|VARIABLE_ASSIGNMENT|[157]|this.MarginPercentage__c|30.00|0x3cc6523c
13:15:07.7 (270645711)|STATEMENT_EXECUTE|[160]
13:15:07.7 (270653987)|METHOD_ENTRY|[160]|01pg8000001F8kf|PricingService.findFreightValue(OrderItem, Order, Map<String,Freight__c>, Id)
13:15:07.7 (270657610)|VARIABLE_SCOPE_BEGIN|[4]|item|OrderItem|true|false
13:15:07.7 (271015341)|VARIABLE_ASSIGNMENT|[4]|item|{"IsDeleted":false,"UnitPrice":2800.00,"Product2Id":"01tg8000001BArdAAG","PricebookEntryId":"01ug8000000XmilAAC","TotalPrice":28000.00,"Quantity":10.00,"MarginPercentage__c":30.00,"TaxPercentage__c":0,"ListPrice":2800.00,"OrderId":"801g8000007DOjhAAG"}|0x3cc6523c
13:15:07.7 (271020025)|VARIABLE_SCOPE_BEGIN|[4]|pedido|Order|true|false
13:15:07.7 (271053412)|VARIABLE_ASSIGNMENT|[4]|pedido|{"DistributionCenter__c":"a06g8000000wkLpAAI","City__c":"a05g8000001i8KfAAI","Country__c":"a03g8000004x8aeAAA","Id":"801g8000007DOjhAAG","AccountId":"001g8000005VaOHAA0","State__c":"a04g8000000VkhhAAC"}|0x2b8a2efd
13:15:07.7 (271057211)|VARIABLE_SCOPE_BEGIN|[4]|mapFrete|Map<String,Freight__c>|true|false
13:15:07.7 (271136085)|VARIABLE_ASSIGNMENT|[4]|mapFrete|{"a01g8000007otrhAAA_a04g8000000QmaTAAS":{"DistributionCenter__c":"a06g8000000wkLpAAI","Id":"a0Ag8000000XacwEAC","State__c":"a04g8000000QmaTAAS","ProductHierarchy__c":"a01g8000007otrhAAA","FreightValue__c":800.00},"a01g8000007otrjAAA_a05g8000001KAc9AAG":{"DistributionCenter__c":"a06g8000000wkLpAAI","City__c":"a05g8000001KAc9AAG","Id":"a0Ag8000000XacxEAC","ProductHierarchy__c":"a01g8000007otrjAAA","FreightValue__c":500.00},"01tg8000001BArcAAG_a04g8000000QmaTAAS":{"DistributionCenter__c":"a06g8000000wkLpAAI","Product__c":"01tg8000001BArcAAG","Id":"a0Ag8000000XacyEAC","State__c":"a04g8000000QmaTAAS","FreightValue__c":150.00},"a01g8000007otrqAAA_a03g8000004x8aeAAA":{"DistributionCenter__c":"a06g8000000wkLpAAI","Country__c":"a03g8000004x8aeAAA","Id":"a0Ag8000000XaczEAC","ProductHierarchy__c":"a01g8000007otrqAAA","FreightValue__c":50.00}}|0x1ad2709c
13:15:07.7 (271143930)|VARIABLE_SCOPE_BEGIN|[4]|h|Id|false|false
13:15:07.7 (271191740)|VARIABLE_ASSIGNMENT|[4]|h|"a01g8000007otrqAAA"
13:15:07.7 (271196557)|STATEMENT_EXECUTE|[4]
13:15:07.7 (271197405)|STATEMENT_EXECUTE|[5]
13:15:07.7 (271201955)|VARIABLE_SCOPE_BEGIN|[5]|p|Id|false|false
13:15:07.7 (271221327)|VARIABLE_ASSIGNMENT|[5]|p|"01tg8000001BArdAAG"
13:15:07.7 (271223907)|STATEMENT_EXECUTE|[6]
13:15:07.7 (271227323)|VARIABLE_SCOPE_BEGIN|[6]|c|Id|false|false
13:15:07.7 (271244202)|VARIABLE_ASSIGNMENT|[6]|c|"a05g8000001i8KfAAI"
13:15:07.7 (271246504)|STATEMENT_EXECUTE|[7]
13:15:07.7 (271249039)|VARIABLE_SCOPE_BEGIN|[7]|e|Id|false|false
13:15:07.7 (271266371)|VARIABLE_ASSIGNMENT|[7]|e|"a04g8000000VkhhAAC"
13:15:07.7 (271268687)|STATEMENT_EXECUTE|[8]
13:15:07.7 (271271712)|VARIABLE_SCOPE_BEGIN|[8]|pa|Id|false|false
13:15:07.7 (271288250)|VARIABLE_ASSIGNMENT|[8]|pa|"a03g8000004x8aeAAA"
13:15:07.7 (271298831)|HEAP_ALLOCATE|[10]|Bytes:18
13:15:07.7 (271306803)|HEAP_ALLOCATE|[10]|Bytes:18
13:15:07.7 (271312251)|HEAP_ALLOCATE|[10]|Bytes:37
13:15:07.7 (271319239)|STATEMENT_EXECUTE|[10]
13:15:07.7 (271322847)|HEAP_ALLOCATE|[11]|Bytes:18
13:15:07.7 (271328826)|HEAP_ALLOCATE|[11]|Bytes:18
13:15:07.7 (271332866)|HEAP_ALLOCATE|[11]|Bytes:37
13:15:07.7 (271336748)|STATEMENT_EXECUTE|[11]
13:15:07.7 (271340164)|HEAP_ALLOCATE|[12]|Bytes:18
13:15:07.7 (271346102)|HEAP_ALLOCATE|[12]|Bytes:18
13:15:07.7 (271350020)|HEAP_ALLOCATE|[12]|Bytes:37
13:15:07.7 (271354063)|STATEMENT_EXECUTE|[12]
13:15:07.7 (271357624)|HEAP_ALLOCATE|[13]|Bytes:18
13:15:07.7 (271363323)|HEAP_ALLOCATE|[13]|Bytes:18
13:15:07.7 (271367306)|HEAP_ALLOCATE|[13]|Bytes:37
13:15:07.7 (271371173)|STATEMENT_EXECUTE|[13]
13:15:07.7 (271374576)|HEAP_ALLOCATE|[14]|Bytes:18
13:15:07.7 (271380394)|HEAP_ALLOCATE|[14]|Bytes:18
13:15:07.7 (271384270)|HEAP_ALLOCATE|[14]|Bytes:37
13:15:07.7 (271388089)|STATEMENT_EXECUTE|[14]
13:15:07.7 (271391920)|HEAP_ALLOCATE|[15]|Bytes:18
13:15:07.7 (271397679)|HEAP_ALLOCATE|[15]|Bytes:18
13:15:07.7 (271401522)|HEAP_ALLOCATE|[15]|Bytes:37
13:15:07.7 (271405573)|STATEMENT_EXECUTE|[15]
13:15:07.7 (271409532)|HEAP_ALLOCATE|[15]|Bytes:18
13:15:07.7 (271415148)|HEAP_ALLOCATE|[15]|Bytes:18
13:15:07.7 (271419147)|HEAP_ALLOCATE|[15]|Bytes:37
13:15:07.7 (271436827)|METHOD_EXIT|[160]|01pg8000001F8kf|PricingService.findFreightValue(OrderItem, Order, Map<String,Freight__c>, Id)
13:15:07.7 (271819879)|VARIABLE_ASSIGNMENT|[160]|this.FreightValue__c|50.00|0x3cc6523c
13:15:07.7 (271823666)|STATEMENT_EXECUTE|[163]
13:15:07.7 (271831612)|VARIABLE_SCOPE_BEGIN|[163]|custoUnitario|Decimal|false|false
13:15:07.7 (271836777)|VARIABLE_ASSIGNMENT|[163]|custoUnitario|1500.00
13:15:07.7 (271838997)|STATEMENT_EXECUTE|[166]
13:15:07.7 (271847243)|HEAP_ALLOCATE|[166]|Bytes:18
13:15:07.7 (271853998)|HEAP_ALLOCATE|[166]|Bytes:75
13:15:07.7 (271868127)|USER_DEBUG|[166]|DEBUG|>>> [DIAGNÓSTICO] Verificando parâmetros para o produto: 01tg8000001BArdAAG
13:15:07.7 (271874796)|STATEMENT_EXECUTE|[167]
13:15:07.7 (271879896)|HEAP_ALLOCATE|[167]|Bytes:7
13:15:07.7 (271884216)|HEAP_ALLOCATE|[167]|Bytes:30
13:15:07.7 (271887751)|USER_DEBUG|[167]|DEBUG|>>> Custo de Produção: 1500.00
13:15:07.7 (271891174)|STATEMENT_EXECUTE|[168]
13:15:07.7 (271898294)|HEAP_ALLOCATE|[168]|Bytes:28
13:15:07.7 (271903490)|HEAP_ALLOCATE|[168]|Bytes:5
13:15:07.7 (271907572)|HEAP_ALLOCATE|[168]|Bytes:25
13:15:07.7 (271910929)|USER_DEBUG|[168]|DEBUG|>>> Valor de Frete: 50.00
13:15:07.7 (271914183)|STATEMENT_EXECUTE|[169]
13:15:07.7 (271917988)|HEAP_ALLOCATE|[169]|Bytes:28
13:15:07.7 (271922696)|HEAP_ALLOCATE|[169]|Bytes:1
13:15:07.7 (271927168)|HEAP_ALLOCATE|[169]|Bytes:29
13:15:07.7 (271930367)|USER_DEBUG|[169]|DEBUG|>>> Porcentagem de Imposto: 0
13:15:07.7 (271933349)|STATEMENT_EXECUTE|[170]
13:15:07.7 (271939644)|HEAP_ALLOCATE|[170]|Bytes:4
13:15:07.7 (271943611)|HEAP_ALLOCATE|[170]|Bytes:27
13:15:07.7 (271946807)|USER_DEBUG|[170]|DEBUG|>>> Margem encontrada? true
13:15:07.7 (271950477)|STATEMENT_EXECUTE|[171]
13:15:07.7 (271951234)|STATEMENT_EXECUTE|[172]
13:15:07.7 (271958905)|HEAP_ALLOCATE|[172]|Bytes:5
13:15:07.7 (271963187)|HEAP_ALLOCATE|[172]|Bytes:32
13:15:07.7 (271966262)|USER_DEBUG|[172]|DEBUG|>>> Porcentagem de Margem: 30.00
13:15:07.7 (271969650)|STATEMENT_EXECUTE|[186]
13:15:07.7 (271972163)|HEAP_ALLOCATE|[186]|Bytes:28
13:15:07.7 (271975683)|HEAP_ALLOCATE|[186]|Bytes:28
13:15:07.7 (271980425)|METHOD_ENTRY|[186]|01pg8000001F8kf|PricingService.calculateFinalPrice(OrderItem, Decimal, Margem__c, Decimal, Decimal)
13:15:07.7 (271983377)|VARIABLE_SCOPE_BEGIN|[46]|item|OrderItem|true|false
13:15:07.7 (272375856)|VARIABLE_ASSIGNMENT|[46]|item|{"IsDeleted":false,"UnitPrice":2800.00,"Product2Id":"01tg8000001BArdAAG","PricebookEntryId":"01ug8000000XmilAAC","TotalPrice":28000.00,"Quantity":10.00,"MarginPercentage__c":30.00,"TaxPercentage__c":0,"ListPrice":2800.00,"OrderId":"801g8000007DOjhAAG","FreightValue__c":50.00}|0x3cc6523c
13:15:07.7 (272381772)|VARIABLE_SCOPE_BEGIN|[46]|frete|Decimal|false|false
13:15:07.7 (272386506)|VARIABLE_ASSIGNMENT|[46]|frete|50.00
13:15:07.7 (272388820)|VARIABLE_SCOPE_BEGIN|[46]|margem|Margem__c|true|false
13:15:07.7 (272421944)|VARIABLE_ASSIGNMENT|[46]|margem|{"Country__c":"a03g8000004x8aeAAA","Id":"a00g800000JZjy0AAD","AccountGroup__c":"a02g8000002871ZAAQ","ProductHierarchy__c":"a01g8000007otrqAAA","MarginValuePercent__c":30.00}|0x4d175bf1
13:15:07.7 (272426112)|VARIABLE_SCOPE_BEGIN|[46]|impostoPercent|Decimal|false|false
13:15:07.7 (272430018)|VARIABLE_ASSIGNMENT|[46]|impostoPercent|0
13:15:07.7 (272432310)|VARIABLE_SCOPE_BEGIN|[46]|custo|Decimal|false|false
13:15:07.7 (272435680)|VARIABLE_ASSIGNMENT|[46]|custo|1500.00
13:15:07.7 (272439341)|STATEMENT_EXECUTE|[46]
13:15:07.7 (272440227)|STATEMENT_EXECUTE|[47]
13:15:07.7 (272447467)|VARIABLE_SCOPE_BEGIN|[47]|mPerc|Decimal|false|false
13:15:07.7 (272451752)|VARIABLE_ASSIGNMENT|[47]|mPerc|30.00
13:15:07.7 (272453722)|STATEMENT_EXECUTE|[48]
13:15:07.7 (272455283)|VARIABLE_SCOPE_BEGIN|[48]|iPerc|Decimal|false|false
13:15:07.7 (272458960)|VARIABLE_ASSIGNMENT|[48]|iPerc|0
13:15:07.7 (272460904)|STATEMENT_EXECUTE|[49]
13:15:07.7 (272462329)|VARIABLE_SCOPE_BEGIN|[49]|custoProd|Decimal|false|false
13:15:07.7 (272466105)|VARIABLE_ASSIGNMENT|[49]|custoProd|1500.00
13:15:07.7 (272467869)|STATEMENT_EXECUTE|[50]
13:15:07.7 (272469449)|VARIABLE_SCOPE_BEGIN|[50]|freteVal|Decimal|false|false
13:15:07.7 (272472980)|VARIABLE_ASSIGNMENT|[50]|freteVal|50.00
13:15:07.7 (272474798)|STATEMENT_EXECUTE|[53]
13:15:07.7 (272487363)|HEAP_ALLOCATE|[53]|Bytes:28
13:15:07.7 (272492332)|VARIABLE_SCOPE_BEGIN|[53]|precoBase|Decimal|false|false
13:15:07.7 (272496362)|VARIABLE_ASSIGNMENT|[53]|precoBase|1550.00
13:15:07.7 (272498194)|STATEMENT_EXECUTE|[56]
13:15:07.7 (272502998)|HEAP_ALLOCATE|[56]|Bytes:28
13:15:07.7 (272504617)|HEAP_ALLOCATE|[56]|Bytes:28
13:15:07.7 (272508123)|HEAP_ALLOCATE|[56]|Bytes:28
13:15:07.7 (272517998)|HEAP_ALLOCATE|[56]|Bytes:28
13:15:07.7 (272519809)|HEAP_ALLOCATE|[56]|Bytes:28
13:15:07.7 (272528067)|HEAP_ALLOCATE|[56]|Bytes:28
13:15:07.7 (272529569)|HEAP_ALLOCATE|[56]|Bytes:28
13:15:07.7 (272538156)|HEAP_ALLOCATE|[56]|Bytes:28
13:15:07.7 (272542082)|VARIABLE_SCOPE_BEGIN|[56]|precoSemMargem|Decimal|false|false
13:15:07.7 (272545949)|VARIABLE_ASSIGNMENT|[56]|precoSemMargem|1550.00
13:15:07.7 (272547936)|STATEMENT_EXECUTE|[59]
13:15:07.7 (272549972)|HEAP_ALLOCATE|[59]|Bytes:28
13:15:07.7 (272551518)|HEAP_ALLOCATE|[59]|Bytes:28
13:15:07.7 (272553887)|HEAP_ALLOCATE|[59]|Bytes:28
13:15:07.7 (272580833)|HEAP_ALLOCATE|[59]|Bytes:28
13:15:07.7 (272582410)|HEAP_ALLOCATE|[59]|Bytes:28
13:15:07.7 (272589720)|HEAP_ALLOCATE|[59]|Bytes:28
13:15:07.7 (272596284)|HEAP_ALLOCATE|[59]|Bytes:28
13:15:07.7 (272599988)|VARIABLE_SCOPE_BEGIN|[59]|precoCalculado|Decimal|false|false
13:15:07.7 (272605134)|VARIABLE_ASSIGNMENT|[59]|precoCalculado|2015.0000
13:15:07.7 (272607131)|STATEMENT_EXECUTE|[62]
13:15:07.7 (272983235)|VARIABLE_ASSIGNMENT|[62]|this.MarginPercentage__c|30.00|0x3cc6523c
13:15:07.7 (272987216)|STATEMENT_EXECUTE|[63]
13:15:07.7 (273328601)|VARIABLE_ASSIGNMENT|[63]|this.FreightValue__c|50.00|0x3cc6523c
13:15:07.7 (273332014)|STATEMENT_EXECUTE|[64]
13:15:07.7 (273665246)|VARIABLE_ASSIGNMENT|[64]|this.TaxPercentage__c|0|0x3cc6523c
13:15:07.7 (273668405)|STATEMENT_EXECUTE|[65]
13:15:07.7 (274001133)|VARIABLE_ASSIGNMENT|[65]|this.PriceWithoutMargin__c|1550.00|0x3cc6523c
13:15:07.7 (274004320)|STATEMENT_EXECUTE|[66]
13:15:07.7 (274374442)|VARIABLE_ASSIGNMENT|[66]|this.FinalPrice__c|2015.0000|0x3cc6523c
13:15:07.7 (274377977)|STATEMENT_EXECUTE|[69]
13:15:07.7 (274387825)|VARIABLE_SCOPE_BEGIN|[69]|unitPriceDigitado|Decimal|false|false
13:15:07.7 (274393018)|VARIABLE_ASSIGNMENT|[69]|unitPriceDigitado|2800.00
13:15:07.7 (274400054)|HEAP_ALLOCATE|[72]|Bytes:28
13:15:07.7 (274402483)|HEAP_ALLOCATE|[72]|Bytes:28
13:15:07.7 (274421255)|STATEMENT_EXECUTE|[72]
13:15:07.7 (274422375)|STATEMENT_EXECUTE|[73]
13:15:07.7 (274432491)|HEAP_ALLOCATE|[73]|Bytes:28
13:15:07.7 (274459859)|HEAP_ALLOCATE|[73]|Bytes:28
13:15:07.7 (274462190)|HEAP_ALLOCATE|[73]|Bytes:28
13:15:07.7 (275089768)|VARIABLE_ASSIGNMENT|[73]|this.DiscountPercentage__c|-0.389578163771712158808933002481390|0x3cc6523c
13:15:07.7 (275107306)|METHOD_EXIT|[186]|01pg8000001F8kf|PricingService.calculateFinalPrice(OrderItem, Decimal, Margem__c, Decimal, Decimal)
13:15:07.7 (275133773)|HEAP_ALLOCATE|[130]|Bytes:5
13:15:07.7 (275154757)|HEAP_ALLOCATE|[130]|Bytes:4
13:15:07.7 (275164587)|VARIABLE_SCOPE_BEGIN|[130]|item|OrderItem|true|false
13:15:07.7 (275762037)|VARIABLE_ASSIGNMENT|[130]|item|{"IsDeleted":false,"UnitPrice":1280000.00,"Product2Id":"01tg8000001BArWAAW","PricebookEntryId":"01ug8000000XnjVAAS","TotalPrice":1280000.00,"Quantity":1.00,"ListPrice":1280000.00,"OrderId":"801g8000007DgjnAAC"}|0x3a60533f
13:15:07.7 (275772257)|STATEMENT_EXECUTE|[130]
13:15:07.7 (275773801)|STATEMENT_EXECUTE|[131]
13:15:07.7 (275801968)|VARIABLE_SCOPE_BEGIN|[131]|pedido|Order|true|false
13:15:07.7 (275870789)|VARIABLE_ASSIGNMENT|[131]|pedido|{"DistributionCenter__c":"a06g8000000wkLpAAI","City__c":"a05g8000001i7ZuAAI","Country__c":"a03g8000004x8aeAAA","Id":"801g8000007DgjnAAC","AccountId":"001g8000005VaOHAA0","State__c":"a04g8000000Vm3ZAAS"}|0x6ba1428d
13:15:07.7 (275876413)|STATEMENT_EXECUTE|[132]
13:15:07.7 (275890364)|VARIABLE_SCOPE_BEGIN|[132]|produto|Product2|true|false
13:15:07.7 (275928490)|VARIABLE_ASSIGNMENT|[132]|produto|{"ProductionCost__c":850000.00,"ProductHierarchy__c":"a01g8000007otrhAAA","Id":"01tg8000001BArWAAW"}|0x739fbf7f
13:15:07.7 (275932674)|STATEMENT_EXECUTE|[133]
13:15:07.7 (275947312)|VARIABLE_SCOPE_BEGIN|[133]|cliente|Account|true|false
13:15:07.7 (275974310)|VARIABLE_ASSIGNMENT|[133]|cliente|{"AccountGroup__c":"a02g8000002871ZAAQ","Id":"001g8000005VaOHAA0"}|0x790b757
13:15:07.7 (275992120)|HEAP_ALLOCATE|[136]|Bytes:28
13:15:07.7 (275995626)|HEAP_ALLOCATE|[136]|Bytes:28
13:15:07.7 (276022776)|HEAP_ALLOCATE|[136]|Bytes:28
13:15:07.7 (276026711)|HEAP_ALLOCATE|[136]|Bytes:28
13:15:07.7 (276038533)|STATEMENT_EXECUTE|[136]
13:15:07.7 (276041513)|STATEMENT_EXECUTE|[143]
13:15:07.7 (276042517)|STATEMENT_EXECUTE|[147]
13:15:07.7 (276051246)|HEAP_ALLOCATE|[147]|Bytes:18
13:15:07.7 (276064062)|HEAP_ALLOCATE|[148]|Bytes:18
13:15:07.7 (276077536)|HEAP_ALLOCATE|[149]|Bytes:18
13:15:07.7 (276086527)|HEAP_ALLOCATE|[147]|Bytes:54
13:15:07.7 (276090916)|VARIABLE_SCOPE_BEGIN|[147]|keyOrderItemImposto|String|false|false
13:15:07.7 (276101375)|VARIABLE_ASSIGNMENT|[147]|keyOrderItemImposto|"01tg8000001BArWAAWa0 (34 more) ..."
13:15:07.7 (276105224)|STATEMENT_EXECUTE|[151]
13:15:07.7 (276115138)|VARIABLE_SCOPE_BEGIN|[151]|impostoEncontrado|Tax__c|true|false
13:15:07.7 (276122375)|VARIABLE_ASSIGNMENT|[151]|impostoEncontrado|null|
13:15:07.7 (276125598)|STATEMENT_EXECUTE|[153]
13:15:07.7 (276130635)|HEAP_ALLOCATE|[153]|Bytes:28
13:15:07.7 (276133763)|HEAP_ALLOCATE|[153]|Bytes:28
13:15:07.7 (276572065)|VARIABLE_ASSIGNMENT|[153]|this.TaxPercentage__c|0|0x3a60533f
13:15:07.7 (276576383)|STATEMENT_EXECUTE|[156]
13:15:07.7 (276586185)|METHOD_ENTRY|[156]|01pg8000001F8kf|PricingService.findMargin(OrderItem, Order, Map<String,Margem__c>, Id, Account)
13:15:07.7 (276590765)|VARIABLE_SCOPE_BEGIN|[20]|item|OrderItem|true|false
13:15:07.7 (276934316)|VARIABLE_ASSIGNMENT|[20]|item|{"IsDeleted":false,"UnitPrice":1280000.00,"Product2Id":"01tg8000001BArWAAW","PricebookEntryId":"01ug8000000XnjVAAS","TotalPrice":1280000.00,"Quantity":1.00,"TaxPercentage__c":0,"ListPrice":1280000.00,"OrderId":"801g8000007DgjnAAC"}|0x3a60533f
13:15:07.7 (276939506)|VARIABLE_SCOPE_BEGIN|[20]|pedido|Order|true|false
13:15:07.7 (276988537)|VARIABLE_ASSIGNMENT|[20]|pedido|{"DistributionCenter__c":"a06g8000000wkLpAAI","City__c":"a05g8000001i7ZuAAI","Country__c":"a03g8000004x8aeAAA","Id":"801g8000007DgjnAAC","AccountId":"001g8000005VaOHAA0","State__c":"a04g8000000Vm3ZAAS"}|0x6ba1428d
13:15:07.7 (276992780)|VARIABLE_SCOPE_BEGIN|[20]|mapMargin|Map<String,Margem__c>|true|false
13:15:07.7 (277073117)|VARIABLE_ASSIGNMENT|[20]|mapMargin|{"a01g8000007otrhAAA_a02g8000002871ZAAQ_a04g8000000QmaTAAS":{"Id":"a00g800000JZjxxAAD","AccountGroup__c":"a02g8000002871ZAAQ","ProductHierarchy__c":"a01g8000007otrhAAA","State__c":"a04g8000000QmaTAAS","MarginValuePercent__c":15.00},"a01g8000007otrjAAA_001g8000005VaOHAA0_a05g8000001KAc9AAG":{"Account__c":"001g8000005VaOHAA0","City__c":"a05g8000001KAc9AAG","Id":"a00g800000JZjxyAAD","ProductHierarchy__c":"a01g8000007otrjAAA","MarginValuePercent__c":25.00},"01tg8000001BArcAAG_001g8000005VaOHAA0_a04g8000000QmaTAAS":{"Account__c":"001g8000005VaOHAA0","Product__c":"01tg8000001BArcAAG","Id":"a00g800000JZjxzAAD","State__c":"a04g8000000QmaTAAS","MarginValuePercent__c":5.00},"a01g8000007otrqAAA_a02g8000002871ZAAQ_a03g8000004x8aeAAA":{"Country__c":"a03g8000004x8aeAAA","Id":"a00g800000JZjy0AAD","AccountGroup__c":"a02g8000002871ZAAQ","ProductHierarchy__c":"a01g8000007otrqAAA","MarginValuePercent__c":30.00}}|0x6631f8d5
13:15:07.7 (277082633)|VARIABLE_SCOPE_BEGIN|[20]|h|Id|false|false
13:15:07.7 (277158811)|VARIABLE_ASSIGNMENT|[20]|h|"a01g8000007otrhAAA"
13:15:07.7 (277161848)|VARIABLE_SCOPE_BEGIN|[20]|cliente|Account|true|false
13:15:07.7 (277180977)|VARIABLE_ASSIGNMENT|[20]|cliente|{"AccountGroup__c":"a02g8000002871ZAAQ","Id":"001g8000005VaOHAA0"}|0x790b757
13:15:07.7 (277186722)|STATEMENT_EXECUTE|[20]
13:15:07.7 (277187639)|STATEMENT_EXECUTE|[21]
13:15:07.7 (277192430)|VARIABLE_SCOPE_BEGIN|[21]|p|Id|false|false
13:15:07.7 (277216410)|VARIABLE_ASSIGNMENT|[21]|p|"01tg8000001BArWAAW"
13:15:07.7 (277218901)|STATEMENT_EXECUTE|[22]
13:15:07.7 (277222156)|VARIABLE_SCOPE_BEGIN|[22]|a|Id|false|false
13:15:07.7 (277240038)|VARIABLE_ASSIGNMENT|[22]|a|"001g8000005VaOHAA0"
13:15:07.7 (277242407)|STATEMENT_EXECUTE|[23]
13:15:07.7 (277245817)|VARIABLE_SCOPE_BEGIN|[23]|g|Id|false|false
13:15:07.7 (277262845)|VARIABLE_ASSIGNMENT|[23]|g|"a02g8000002871ZAAQ"
13:15:07.7 (277265385)|STATEMENT_EXECUTE|[24]
13:15:07.7 (277268391)|VARIABLE_SCOPE_BEGIN|[24]|c|Id|false|false
13:15:07.7 (277285236)|VARIABLE_ASSIGNMENT|[24]|c|"a05g8000001i7ZuAAI"
13:15:07.7 (277287550)|STATEMENT_EXECUTE|[25]
13:15:07.7 (277289856)|VARIABLE_SCOPE_BEGIN|[25]|e|Id|false|false
13:15:07.7 (277306917)|VARIABLE_ASSIGNMENT|[25]|e|"a04g8000000Vm3ZAAS"
13:15:07.7 (277309030)|STATEMENT_EXECUTE|[26]
13:15:07.7 (277311802)|VARIABLE_SCOPE_BEGIN|[26]|pa|Id|false|false
13:15:07.7 (277328913)|VARIABLE_ASSIGNMENT|[26]|pa|"a03g8000004x8aeAAA"
13:15:07.7 (277341238)|HEAP_ALLOCATE|[29]|Bytes:18
13:15:07.7 (277350214)|HEAP_ALLOCATE|[29]|Bytes:18
13:15:07.7 (277356112)|HEAP_ALLOCATE|[29]|Bytes:18
13:15:07.7 (277362907)|HEAP_ALLOCATE|[29]|Bytes:56
13:15:07.7 (277371733)|STATEMENT_EXECUTE|[29]
13:15:07.7 (277375239)|HEAP_ALLOCATE|[30]|Bytes:18
13:15:07.7 (277381170)|HEAP_ALLOCATE|[30]|Bytes:18
13:15:07.7 (277386807)|HEAP_ALLOCATE|[30]|Bytes:18
13:15:07.7 (277390887)|HEAP_ALLOCATE|[30]|Bytes:56
13:15:07.7 (277394906)|STATEMENT_EXECUTE|[30]
13:15:07.7 (277398240)|HEAP_ALLOCATE|[31]|Bytes:18
13:15:07.7 (277403927)|HEAP_ALLOCATE|[31]|Bytes:18
13:15:07.7 (277409366)|HEAP_ALLOCATE|[31]|Bytes:18
13:15:07.7 (277413281)|HEAP_ALLOCATE|[31]|Bytes:56
13:15:07.7 (277417503)|STATEMENT_EXECUTE|[31]
13:15:07.7 (277421032)|HEAP_ALLOCATE|[32]|Bytes:18
13:15:07.7 (277426753)|HEAP_ALLOCATE|[32]|Bytes:18
13:15:07.7 (277432283)|HEAP_ALLOCATE|[32]|Bytes:18
13:15:07.7 (277436357)|HEAP_ALLOCATE|[32]|Bytes:56
13:15:07.7 (277440435)|STATEMENT_EXECUTE|[32]
13:15:07.7 (277444366)|HEAP_ALLOCATE|[33]|Bytes:18
13:15:07.7 (277450131)|HEAP_ALLOCATE|[33]|Bytes:18
13:15:07.7 (277455706)|HEAP_ALLOCATE|[33]|Bytes:18
13:15:07.7 (277459712)|HEAP_ALLOCATE|[33]|Bytes:56
13:15:07.7 (277463968)|STATEMENT_EXECUTE|[33]
13:15:07.7 (277467401)|HEAP_ALLOCATE|[34]|Bytes:18
13:15:07.7 (277473321)|HEAP_ALLOCATE|[34]|Bytes:18
13:15:07.7 (277478784)|HEAP_ALLOCATE|[34]|Bytes:18
13:15:07.7 (277482655)|HEAP_ALLOCATE|[34]|Bytes:56
13:15:07.7 (277486678)|STATEMENT_EXECUTE|[34]
13:15:07.7 (277490235)|HEAP_ALLOCATE|[36]|Bytes:18
13:15:07.7 (277495913)|HEAP_ALLOCATE|[36]|Bytes:18
13:15:07.7 (277501392)|HEAP_ALLOCATE|[36]|Bytes:18
13:15:07.7 (277505301)|HEAP_ALLOCATE|[36]|Bytes:56
13:15:07.7 (277509446)|STATEMENT_EXECUTE|[36]
13:15:07.7 (277512881)|HEAP_ALLOCATE|[37]|Bytes:18
13:15:07.7 (277518363)|HEAP_ALLOCATE|[37]|Bytes:18
13:15:07.7 (277523972)|HEAP_ALLOCATE|[37]|Bytes:18
13:15:07.7 (277527782)|HEAP_ALLOCATE|[37]|Bytes:56
13:15:07.7 (277531952)|STATEMENT_EXECUTE|[37]
13:15:07.7 (277535634)|HEAP_ALLOCATE|[38]|Bytes:18
13:15:07.7 (277541340)|HEAP_ALLOCATE|[38]|Bytes:18
13:15:07.7 (277547012)|HEAP_ALLOCATE|[38]|Bytes:18
13:15:07.7 (277550878)|HEAP_ALLOCATE|[38]|Bytes:56
13:15:07.7 (277555096)|STATEMENT_EXECUTE|[38]
13:15:07.7 (277558792)|HEAP_ALLOCATE|[39]|Bytes:18
13:15:07.7 (277564613)|HEAP_ALLOCATE|[39]|Bytes:18
13:15:07.7 (277570405)|HEAP_ALLOCATE|[39]|Bytes:18
13:15:07.7 (277574300)|HEAP_ALLOCATE|[39]|Bytes:56
13:15:07.7 (277578696)|STATEMENT_EXECUTE|[39]
13:15:07.7 (277581924)|HEAP_ALLOCATE|[40]|Bytes:18
13:15:07.7 (277587496)|HEAP_ALLOCATE|[40]|Bytes:18
13:15:07.7 (277593030)|HEAP_ALLOCATE|[40]|Bytes:18
13:15:07.7 (277596938)|HEAP_ALLOCATE|[40]|Bytes:56
13:15:07.7 (277601018)|STATEMENT_EXECUTE|[40]
13:15:07.7 (277604757)|HEAP_ALLOCATE|[41]|Bytes:18
13:15:07.7 (277610303)|HEAP_ALLOCATE|[41]|Bytes:18
13:15:07.7 (277615846)|HEAP_ALLOCATE|[41]|Bytes:18
13:15:07.7 (277619871)|HEAP_ALLOCATE|[41]|Bytes:56
13:15:07.7 (277624052)|STATEMENT_EXECUTE|[41]
13:15:07.7 (277624822)|STATEMENT_EXECUTE|[43]
13:15:07.7 (277654523)|HEAP_ALLOCATE|[43]|Bytes:4
13:15:07.7 (277670359)|HEAP_ALLOCATE|[43]|Bytes:28
13:15:07.7 (277672133)|HEAP_ALLOCATE|[43]|Bytes:28
13:15:07.7 (277691747)|VARIABLE_ASSIGNMENT|[43]|this.MarginValuePercent__c|0|0x1afb1fa
13:15:07.7 (277707606)|METHOD_EXIT|[156]|01pg8000001F8kf|PricingService.findMargin(OrderItem, Order, Map<String,Margem__c>, Id, Account)
13:15:07.7 (277712685)|VARIABLE_SCOPE_BEGIN|[156]|margem|Margem__c|true|false
13:15:07.7 (277720990)|VARIABLE_ASSIGNMENT|[156]|margem|{"MarginValuePercent__c":0}|0x1afb1fa
13:15:07.7 (277723598)|STATEMENT_EXECUTE|[157]
13:15:07.7 (277729263)|HEAP_ALLOCATE|[157]|Bytes:28
13:15:07.7 (278174645)|VARIABLE_ASSIGNMENT|[157]|this.MarginPercentage__c|0|0x3a60533f
13:15:07.7 (278179658)|STATEMENT_EXECUTE|[160]
13:15:07.7 (278188750)|METHOD_ENTRY|[160]|01pg8000001F8kf|PricingService.findFreightValue(OrderItem, Order, Map<String,Freight__c>, Id)
13:15:07.7 (278193188)|VARIABLE_SCOPE_BEGIN|[4]|item|OrderItem|true|false
13:15:07.7 (278547438)|VARIABLE_ASSIGNMENT|[4]|item|{"IsDeleted":false,"UnitPrice":1280000.00,"Product2Id":"01tg8000001BArWAAW","PricebookEntryId":"01ug8000000XnjVAAS","TotalPrice":1280000.00,"Quantity":1.00,"MarginPercentage__c":0,"TaxPercentage__c":0,"ListPrice":1280000.00,"OrderId":"801g8000007DgjnAAC"}|0x3a60533f
13:15:07.7 (278552864)|VARIABLE_SCOPE_BEGIN|[4]|pedido|Order|true|false
13:15:07.7 (278592412)|VARIABLE_ASSIGNMENT|[4]|pedido|{"DistributionCenter__c":"a06g8000000wkLpAAI","City__c":"a05g8000001i7ZuAAI","Country__c":"a03g8000004x8aeAAA","Id":"801g8000007DgjnAAC","AccountId":"001g8000005VaOHAA0","State__c":"a04g8000000Vm3ZAAS"}|0x6ba1428d
13:15:07.7 (278596344)|VARIABLE_SCOPE_BEGIN|[4]|mapFrete|Map<String,Freight__c>|true|false
13:15:07.7 (278679078)|VARIABLE_ASSIGNMENT|[4]|mapFrete|{"a01g8000007otrhAAA_a04g8000000QmaTAAS":{"DistributionCenter__c":"a06g8000000wkLpAAI","Id":"a0Ag8000000XacwEAC","State__c":"a04g8000000QmaTAAS","ProductHierarchy__c":"a01g8000007otrhAAA","FreightValue__c":800.00},"a01g8000007otrjAAA_a05g8000001KAc9AAG":{"DistributionCenter__c":"a06g8000000wkLpAAI","City__c":"a05g8000001KAc9AAG","Id":"a0Ag8000000XacxEAC","ProductHierarchy__c":"a01g8000007otrjAAA","FreightValue__c":500.00},"01tg8000001BArcAAG_a04g8000000QmaTAAS":{"DistributionCenter__c":"a06g8000000wkLpAAI","Product__c":"01tg8000001BArcAAG","Id":"a0Ag8000000XacyEAC","State__c":"a04g8000000QmaTAAS","FreightValue__c":150.00},"a01g8000007otrqAAA_a03g8000004x8aeAAA":{"DistributionCenter__c":"a06g8000000wkLpAAI","Country__c":"a03g8000004x8aeAAA","Id":"a0Ag8000000XaczEAC","ProductHierarchy__c":"a01g8000007otrqAAA","FreightValue__c":50.00}}|0x1ad2709c
13:15:07.7 (278686743)|VARIABLE_SCOPE_BEGIN|[4]|h|Id|false|false
13:15:07.7 (278744619)|VARIABLE_ASSIGNMENT|[4]|h|"a01g8000007otrhAAA"
13:15:07.7 (278750018)|STATEMENT_EXECUTE|[4]
13:15:07.7 (278750870)|STATEMENT_EXECUTE|[5]
13:15:07.7 (278756605)|VARIABLE_SCOPE_BEGIN|[5]|p|Id|false|false
13:15:07.7 (278778717)|VARIABLE_ASSIGNMENT|[5]|p|"01tg8000001BArWAAW"
13:15:07.7 (278781006)|STATEMENT_EXECUTE|[6]
13:15:07.7 (278784195)|VARIABLE_SCOPE_BEGIN|[6]|c|Id|false|false
13:15:07.7 (278802103)|VARIABLE_ASSIGNMENT|[6]|c|"a05g8000001i7ZuAAI"
13:15:07.7 (278804217)|STATEMENT_EXECUTE|[7]
13:15:07.7 (278806639)|VARIABLE_SCOPE_BEGIN|[7]|e|Id|false|false
13:15:07.7 (278823457)|VARIABLE_ASSIGNMENT|[7]|e|"a04g8000000Vm3ZAAS"
13:15:07.7 (278825470)|STATEMENT_EXECUTE|[8]
13:15:07.7 (278828148)|VARIABLE_SCOPE_BEGIN|[8]|pa|Id|false|false
13:15:07.7 (278844558)|VARIABLE_ASSIGNMENT|[8]|pa|"a03g8000004x8aeAAA"
13:15:07.7 (278856872)|HEAP_ALLOCATE|[10]|Bytes:18
13:15:07.7 (278865479)|HEAP_ALLOCATE|[10]|Bytes:18
13:15:07.7 (278870858)|HEAP_ALLOCATE|[10]|Bytes:37
13:15:07.7 (278878345)|STATEMENT_EXECUTE|[10]
13:15:07.7 (278881873)|HEAP_ALLOCATE|[11]|Bytes:18
13:15:07.7 (278887749)|HEAP_ALLOCATE|[11]|Bytes:18
13:15:07.7 (278891779)|HEAP_ALLOCATE|[11]|Bytes:37
13:15:07.7 (278895957)|STATEMENT_EXECUTE|[11]
13:15:07.7 (278899457)|HEAP_ALLOCATE|[12]|Bytes:18
13:15:07.7 (278905444)|HEAP_ALLOCATE|[12]|Bytes:18
13:15:07.7 (278909431)|HEAP_ALLOCATE|[12]|Bytes:37
13:15:07.7 (278913718)|STATEMENT_EXECUTE|[12]
13:15:07.7 (278917163)|HEAP_ALLOCATE|[13]|Bytes:18
13:15:07.7 (278922927)|HEAP_ALLOCATE|[13]|Bytes:18
13:15:07.7 (278926678)|HEAP_ALLOCATE|[13]|Bytes:37
13:15:07.7 (278930627)|STATEMENT_EXECUTE|[13]
13:15:07.7 (278933887)|HEAP_ALLOCATE|[14]|Bytes:18
13:15:07.7 (278939518)|HEAP_ALLOCATE|[14]|Bytes:18
13:15:07.7 (278943323)|HEAP_ALLOCATE|[14]|Bytes:37
13:15:07.7 (278947224)|STATEMENT_EXECUTE|[14]
13:15:07.7 (278951029)|HEAP_ALLOCATE|[15]|Bytes:18
13:15:07.7 (278956927)|HEAP_ALLOCATE|[15]|Bytes:18
13:15:07.7 (278960861)|HEAP_ALLOCATE|[15]|Bytes:37
13:15:07.7 (278964948)|STATEMENT_EXECUTE|[15]
13:15:07.7 (278965758)|STATEMENT_EXECUTE|[17]
13:15:07.7 (278972947)|HEAP_ALLOCATE|[17]|Bytes:28
13:15:07.7 (278974944)|HEAP_ALLOCATE|[17]|Bytes:28
13:15:07.7 (278979264)|METHOD_EXIT|[160]|01pg8000001F8kf|PricingService.findFreightValue(OrderItem, Order, Map<String,Freight__c>, Id)
13:15:07.7 (279400008)|VARIABLE_ASSIGNMENT|[160]|this.FreightValue__c|0|0x3a60533f
13:15:07.7 (279405759)|STATEMENT_EXECUTE|[163]
13:15:07.7 (279416410)|VARIABLE_SCOPE_BEGIN|[163]|custoUnitario|Decimal|false|false
13:15:07.7 (279422538)|VARIABLE_ASSIGNMENT|[163]|custoUnitario|850000.00
13:15:07.7 (279424827)|STATEMENT_EXECUTE|[166]
13:15:07.7 (279434630)|HEAP_ALLOCATE|[166]|Bytes:18
13:15:07.7 (279441863)|HEAP_ALLOCATE|[166]|Bytes:75
13:15:07.7 (279455606)|USER_DEBUG|[166]|DEBUG|>>> [DIAGNÓSTICO] Verificando parâmetros para o produto: 01tg8000001BArWAAW
13:15:07.7 (279462439)|STATEMENT_EXECUTE|[167]
13:15:07.7 (279467234)|HEAP_ALLOCATE|[167]|Bytes:9
13:15:07.7 (279471360)|HEAP_ALLOCATE|[167]|Bytes:32
13:15:07.7 (279475669)|USER_DEBUG|[167]|DEBUG|>>> Custo de Produção: 850000.00
13:15:07.7 (279479449)|STATEMENT_EXECUTE|[168]
13:15:07.7 (279484436)|HEAP_ALLOCATE|[168]|Bytes:28
13:15:07.7 (279489205)|HEAP_ALLOCATE|[168]|Bytes:1
13:15:07.7 (279493287)|HEAP_ALLOCATE|[168]|Bytes:21
13:15:07.7 (279496778)|USER_DEBUG|[168]|DEBUG|>>> Valor de Frete: 0
13:15:07.7 (279500029)|STATEMENT_EXECUTE|[169]
13:15:07.7 (279503555)|HEAP_ALLOCATE|[169]|Bytes:28
13:15:07.7 (279508069)|HEAP_ALLOCATE|[169]|Bytes:1
13:15:07.7 (279512099)|HEAP_ALLOCATE|[169]|Bytes:29
13:15:07.7 (279515373)|USER_DEBUG|[169]|DEBUG|>>> Porcentagem de Imposto: 0
13:15:07.7 (279518499)|STATEMENT_EXECUTE|[170]
13:15:07.7 (279524323)|HEAP_ALLOCATE|[170]|Bytes:4
13:15:07.7 (279528454)|HEAP_ALLOCATE|[170]|Bytes:27
13:15:07.7 (279531844)|USER_DEBUG|[170]|DEBUG|>>> Margem encontrada? true
13:15:07.7 (279535121)|STATEMENT_EXECUTE|[171]
13:15:07.7 (279535921)|STATEMENT_EXECUTE|[172]
13:15:07.7 (279540230)|HEAP_ALLOCATE|[172]|Bytes:28
13:15:07.7 (279545114)|HEAP_ALLOCATE|[172]|Bytes:1
13:15:07.7 (279549451)|HEAP_ALLOCATE|[172]|Bytes:28
13:15:07.7 (279552398)|USER_DEBUG|[172]|DEBUG|>>> Porcentagem de Margem: 0
13:15:07.7 (279555789)|STATEMENT_EXECUTE|[186]
13:15:07.7 (279558219)|HEAP_ALLOCATE|[186]|Bytes:28
13:15:07.7 (279561713)|HEAP_ALLOCATE|[186]|Bytes:28
13:15:07.7 (279566248)|METHOD_ENTRY|[186]|01pg8000001F8kf|PricingService.calculateFinalPrice(OrderItem, Decimal, Margem__c, Decimal, Decimal)
13:15:07.7 (279569521)|VARIABLE_SCOPE_BEGIN|[46]|item|OrderItem|true|false
13:15:07.7 (279922144)|VARIABLE_ASSIGNMENT|[46]|item|{"IsDeleted":false,"UnitPrice":1280000.00,"Product2Id":"01tg8000001BArWAAW","PricebookEntryId":"01ug8000000XnjVAAS","TotalPrice":1280000.00,"Quantity":1.00,"MarginPercentage__c":0,"TaxPercentage__c":0,"ListPrice":1280000.00,"OrderId":"801g8000007DgjnAAC","FreightValue__c":0}|0x3a60533f
13:15:07.7 (279927704)|VARIABLE_SCOPE_BEGIN|[46]|frete|Decimal|false|false
13:15:07.7 (279932013)|VARIABLE_ASSIGNMENT|[46]|frete|0
13:15:07.7 (279934525)|VARIABLE_SCOPE_BEGIN|[46]|margem|Margem__c|true|false
13:15:07.7 (279940264)|VARIABLE_ASSIGNMENT|[46]|margem|{"MarginValuePercent__c":0}|0x1afb1fa
13:15:07.7 (279943339)|VARIABLE_SCOPE_BEGIN|[46]|impostoPercent|Decimal|false|false
13:15:07.7 (279947320)|VARIABLE_ASSIGNMENT|[46]|impostoPercent|0
13:15:07.7 (279949529)|VARIABLE_SCOPE_BEGIN|[46]|custo|Decimal|false|false
13:15:07.7 (279952865)|VARIABLE_ASSIGNMENT|[46]|custo|850000.00
13:15:07.7 (279956475)|STATEMENT_EXECUTE|[46]
13:15:07.7 (279957284)|STATEMENT_EXECUTE|[47]
13:15:07.7 (279961331)|HEAP_ALLOCATE|[47]|Bytes:28
13:15:07.7 (279965449)|HEAP_ALLOCATE|[47]|Bytes:28
13:15:07.7 (279967890)|VARIABLE_SCOPE_BEGIN|[47]|mPerc|Decimal|false|false
13:15:07.7 (279972456)|VARIABLE_ASSIGNMENT|[47]|mPerc|0
13:15:07.7 (279974408)|STATEMENT_EXECUTE|[48]
13:15:07.7 (279975975)|VARIABLE_SCOPE_BEGIN|[48]|iPerc|Decimal|false|false
13:15:07.7 (279979814)|VARIABLE_ASSIGNMENT|[48]|iPerc|0
13:15:07.7 (279981726)|STATEMENT_EXECUTE|[49]
13:15:07.7 (279983202)|VARIABLE_SCOPE_BEGIN|[49]|custoProd|Decimal|false|false
13:15:07.7 (279986922)|VARIABLE_ASSIGNMENT|[49]|custoProd|850000.00
13:15:07.7 (279988770)|STATEMENT_EXECUTE|[50]
13:15:07.7 (279990282)|VARIABLE_SCOPE_BEGIN|[50]|freteVal|Decimal|false|false
13:15:07.7 (279994015)|VARIABLE_ASSIGNMENT|[50]|freteVal|0
13:15:07.7 (279995775)|STATEMENT_EXECUTE|[53]
13:15:07.7 (280007866)|HEAP_ALLOCATE|[53]|Bytes:28
13:15:07.7 (280013015)|VARIABLE_SCOPE_BEGIN|[53]|precoBase|Decimal|false|false
13:15:07.7 (280017239)|VARIABLE_ASSIGNMENT|[53]|precoBase|850000.00
13:15:07.7 (280019021)|STATEMENT_EXECUTE|[56]
13:15:07.7 (280022589)|HEAP_ALLOCATE|[56]|Bytes:28
13:15:07.7 (280024225)|HEAP_ALLOCATE|[56]|Bytes:28
13:15:07.7 (280027529)|HEAP_ALLOCATE|[56]|Bytes:28
13:15:07.7 (280037619)|HEAP_ALLOCATE|[56]|Bytes:28
13:15:07.7 (280039157)|HEAP_ALLOCATE|[56]|Bytes:28
13:15:07.7 (280047040)|HEAP_ALLOCATE|[56]|Bytes:28
13:15:07.7 (280048521)|HEAP_ALLOCATE|[56]|Bytes:28
13:15:07.7 (280057156)|HEAP_ALLOCATE|[56]|Bytes:28
13:15:07.7 (280060846)|VARIABLE_SCOPE_BEGIN|[56]|precoSemMargem|Decimal|false|false
13:15:07.7 (280064716)|VARIABLE_ASSIGNMENT|[56]|precoSemMargem|850000.00
13:15:07.7 (280066734)|STATEMENT_EXECUTE|[59]
13:15:07.7 (280068804)|HEAP_ALLOCATE|[59]|Bytes:28
13:15:07.7 (280070303)|HEAP_ALLOCATE|[59]|Bytes:28
13:15:07.7 (280072843)|HEAP_ALLOCATE|[59]|Bytes:28
13:15:07.7 (280078380)|HEAP_ALLOCATE|[59]|Bytes:28
13:15:07.7 (280079884)|HEAP_ALLOCATE|[59]|Bytes:28
13:15:07.7 (280086583)|HEAP_ALLOCATE|[59]|Bytes:28
13:15:07.7 (280088233)|HEAP_ALLOCATE|[59]|Bytes:28
13:15:07.7 (280094580)|HEAP_ALLOCATE|[59]|Bytes:28
13:15:07.7 (280098332)|VARIABLE_SCOPE_BEGIN|[59]|precoCalculado|Decimal|false|false
13:15:07.7 (280102226)|VARIABLE_ASSIGNMENT|[59]|precoCalculado|850000.00
13:15:07.7 (280104039)|STATEMENT_EXECUTE|[62]
13:15:07.7 (280523563)|VARIABLE_ASSIGNMENT|[62]|this.MarginPercentage__c|0|0x3a60533f
13:15:07.7 (280528521)|STATEMENT_EXECUTE|[63]
13:15:07.7 (280905318)|VARIABLE_ASSIGNMENT|[63]|this.FreightValue__c|0|0x3a60533f
13:15:07.7 (280909080)|STATEMENT_EXECUTE|[64]
13:15:07.7 (281282115)|VARIABLE_ASSIGNMENT|[64]|this.TaxPercentage__c|0|0x3a60533f
13:15:07.7 (281286710)|STATEMENT_EXECUTE|[65]
13:15:07.7 (281626263)|VARIABLE_ASSIGNMENT|[65]|this.PriceWithoutMargin__c|850000.00|0x3a60533f
13:15:07.7 (281629359)|STATEMENT_EXECUTE|[66]
13:15:07.7 (282006800)|VARIABLE_ASSIGNMENT|[66]|this.FinalPrice__c|850000.00|0x3a60533f
13:15:07.7 (282010948)|STATEMENT_EXECUTE|[69]
13:15:07.7 (282025796)|VARIABLE_SCOPE_BEGIN|[69]|unitPriceDigitado|Decimal|false|false
13:15:07.7 (282050517)|VARIABLE_ASSIGNMENT|[69]|unitPriceDigitado|1280000.00
13:15:07.7 (282060308)|HEAP_ALLOCATE|[72]|Bytes:28
13:15:07.7 (282063193)|HEAP_ALLOCATE|[72]|Bytes:28
13:15:07.7 (282084364)|STATEMENT_EXECUTE|[72]
13:15:07.7 (282085264)|STATEMENT_EXECUTE|[73]
13:15:07.7 (282093713)|HEAP_ALLOCATE|[73]|Bytes:28
13:15:07.7 (282123328)|HEAP_ALLOCATE|[73]|Bytes:28
13:15:07.7 (282125125)|HEAP_ALLOCATE|[73]|Bytes:28
13:15:07.7 (282556193)|VARIABLE_ASSIGNMENT|[73]|this.DiscountPercentage__c|-0.505882352941176470588235294117647|0x3a60533f
13:15:07.7 (282568084)|METHOD_EXIT|[186]|01pg8000001F8kf|PricingService.calculateFinalPrice(OrderItem, Decimal, Margem__c, Decimal, Decimal)
13:15:07.7 (282588440)|HEAP_ALLOCATE|[130]|Bytes:5
13:15:07.7 (282601418)|VARIABLE_ASSIGNMENT|[130]|item|null|
13:15:07.7 (282608186)|METHOD_EXIT|[24]|01pg8000001EZwd|OrdemItemHandler.executePricingLogic()
13:15:07.7 (282611494)|STATEMENT_EXECUTE|[27]
13:15:07.7 (282626435)|METHOD_ENTRY|[27]|01pg8000001EZwd|OrdemItemHandler.checkDuplicateProducts()
13:15:07.7 (282661130)|VARIABLE_SCOPE_BEGIN|[191]|this|OrdemItemHandler|true|false
13:15:07.7 (282714940)|VARIABLE_ASSIGNMENT|[191]|this|{"newRecords":"0x353c801b","handlerName":"OrderItemHandler","isTriggerExecuting":true,"triggerEvent":"0x6f1f1866"}|0x3a15b3d3
13:15:07.7 (282721273)|STATEMENT_EXECUTE|[191]
13:15:07.7 (282722225)|STATEMENT_EXECUTE|[192]
13:15:07.7 (282742703)|HEAP_ALLOCATE|[192]|Bytes:4
13:15:07.7 (282772461)|VARIABLE_SCOPE_BEGIN|[192]|setOrderIds|Set<Id>|true|false
13:15:07.7 (282806695)|VARIABLE_ASSIGNMENT|[192]|setOrderIds|[]|0x66fa1bbd
13:15:07.7 (282809468)|STATEMENT_EXECUTE|[193]
13:15:07.7 (282812186)|HEAP_ALLOCATE|[193]|Bytes:4
13:15:07.7 (282819200)|VARIABLE_SCOPE_BEGIN|[193]|setProductIds|Set<Id>|true|false
13:15:07.7 (282825484)|VARIABLE_ASSIGNMENT|[193]|setProductIds|[]|0x6f658744
13:15:07.7 (282854204)|HEAP_ALLOCATE|[195]|Bytes:5
13:15:07.7 (282871627)|HEAP_ALLOCATE|[195]|Bytes:28
13:15:07.7 (282876795)|VARIABLE_SCOPE_BEGIN|[195]|ot|OrderItem|true|false
13:15:07.7 (283267660)|VARIABLE_ASSIGNMENT|[195]|ot|{"DiscountPercentage__c":-0.104397826675968695966313739297976,"IsDeleted":false,"Quantity":1.00,"FinalPrice__c":1222385.600000,"TaxPercentage__c":18.00,"ListPrice":1350000.00,"OrderId":"801g8000007E9NdAAK","PriceWithoutMargin__c":1062944.0000,"FreightValue__c":800.00,"UnitPrice":1350000.00,"Product2Id":"01tg8000001BArVAAW","PricebookEntryId":"01ug8000000XnbRAAS","TotalPrice":1350000.00,"MarginPercentage__c":15.00}|0x851de2d
13:15:07.7 (283275543)|STATEMENT_EXECUTE|[195]
13:15:07.7 (283276738)|STATEMENT_EXECUTE|[196]
13:15:07.7 (283302879)|HEAP_ALLOCATE|[EXTERNAL]|Bytes:4
13:15:07.7 (283308639)|STATEMENT_EXECUTE|[197]
13:15:07.7 (283315321)|HEAP_ALLOCATE|[EXTERNAL]|Bytes:4
13:15:07.7 (283322248)|HEAP_ALLOCATE|[195]|Bytes:5
13:15:07.7 (283329904)|HEAP_ALLOCATE|[195]|Bytes:28
13:15:07.7 (283333094)|VARIABLE_SCOPE_BEGIN|[195]|ot|OrderItem|true|false
13:15:07.7 (283805894)|VARIABLE_ASSIGNMENT|[195]|ot|{"DiscountPercentage__c":-0.295349694596398927849022010980580,"IsDeleted":false,"Quantity":1.00,"FinalPrice__c":15053.850000,"TaxPercentage__c":18.00,"ListPrice":19500.00,"OrderId":"801g8000007E9NdAAK","PriceWithoutMargin__c":14337.0000,"FreightValue__c":150.00,"UnitPrice":19500.00,"Product2Id":"01tg8000001BArcAAG","PricebookEntryId":"01ug8000000XoZ7AAK","TotalPrice":19500.00,"MarginPercentage__c":5.00}|0x37cb0a04
13:15:07.7 (283813463)|STATEMENT_EXECUTE|[195]
13:15:07.7 (283814416)|STATEMENT_EXECUTE|[196]
13:15:07.7 (283819939)|HEAP_ALLOCATE|[EXTERNAL]|Bytes:4
13:15:07.7 (283823446)|STATEMENT_EXECUTE|[197]
13:15:07.7 (283826134)|HEAP_ALLOCATE|[EXTERNAL]|Bytes:4
13:15:07.7 (283832062)|HEAP_ALLOCATE|[195]|Bytes:5
13:15:07.7 (283839610)|HEAP_ALLOCATE|[195]|Bytes:28
13:15:07.7 (283842547)|VARIABLE_SCOPE_BEGIN|[195]|ot|OrderItem|true|false
13:15:07.7 (284189396)|VARIABLE_ASSIGNMENT|[195]|ot|{"DiscountPercentage__c":-0.505882352941176470588235294117647,"IsDeleted":false,"Quantity":1.00,"FinalPrice__c":850000.00,"TaxPercentage__c":0,"ListPrice":1280000.00,"OrderId":"801g8000007DOjhAAG","PriceWithoutMargin__c":850000.00,"FreightValue__c":0,"UnitPrice":1280000.00,"Product2Id":"01tg8000001BArWAAW","PricebookEntryId":"01ug8000000XnjVAAS","TotalPrice":1280000.00,"MarginPercentage__c":0}|0x1b6c495c
13:15:07.7 (284195356)|STATEMENT_EXECUTE|[195]
13:15:07.7 (284196134)|STATEMENT_EXECUTE|[196]
13:15:07.7 (284200028)|HEAP_ALLOCATE|[EXTERNAL]|Bytes:4
13:15:07.7 (284202998)|STATEMENT_EXECUTE|[197]
13:15:07.7 (284205532)|HEAP_ALLOCATE|[EXTERNAL]|Bytes:4
13:15:07.7 (284210743)|HEAP_ALLOCATE|[195]|Bytes:5
13:15:07.7 (284216860)|HEAP_ALLOCATE|[195]|Bytes:28
13:15:07.7 (284219517)|VARIABLE_SCOPE_BEGIN|[195]|ot|OrderItem|true|false
13:15:07.7 (284559211)|VARIABLE_ASSIGNMENT|[195]|ot|{"DiscountPercentage__c":-0.389578163771712158808933002481390,"IsDeleted":false,"Quantity":10.00,"FinalPrice__c":2015.0000,"TaxPercentage__c":0,"ListPrice":2800.00,"OrderId":"801g8000007DOjhAAG","PriceWithoutMargin__c":1550.00,"FreightValue__c":50.00,"UnitPrice":2800.00,"Product2Id":"01tg8000001BArdAAG","PricebookEntryId":"01ug8000000XmilAAC","TotalPrice":28000.00,"MarginPercentage__c":30.00}|0x3cc6523c
13:15:07.7 (284565011)|STATEMENT_EXECUTE|[195]
13:15:07.7 (284565911)|STATEMENT_EXECUTE|[196]
13:15:07.7 (284569521)|HEAP_ALLOCATE|[EXTERNAL]|Bytes:4
13:15:07.7 (284572369)|STATEMENT_EXECUTE|[197]
13:15:07.7 (284575067)|HEAP_ALLOCATE|[EXTERNAL]|Bytes:4
13:15:07.7 (284580092)|HEAP_ALLOCATE|[195]|Bytes:5
13:15:07.7 (284585191)|HEAP_ALLOCATE|[195]|Bytes:28
13:15:07.7 (284587689)|VARIABLE_SCOPE_BEGIN|[195]|ot|OrderItem|true|false
13:15:07.7 (284918472)|VARIABLE_ASSIGNMENT|[195]|ot|{"DiscountPercentage__c":-0.505882352941176470588235294117647,"IsDeleted":false,"Quantity":1.00,"FinalPrice__c":850000.00,"TaxPercentage__c":0,"ListPrice":1280000.00,"OrderId":"801g8000007DgjnAAC","PriceWithoutMargin__c":850000.00,"FreightValue__c":0,"UnitPrice":1280000.00,"Product2Id":"01tg8000001BArWAAW","PricebookEntryId":"01ug8000000XnjVAAS","TotalPrice":1280000.00,"MarginPercentage__c":0}|0x3a60533f
13:15:07.7 (284923656)|STATEMENT_EXECUTE|[195]
13:15:07.7 (284924561)|STATEMENT_EXECUTE|[196]
13:15:07.7 (284928325)|HEAP_ALLOCATE|[EXTERNAL]|Bytes:4
13:15:07.7 (284931038)|STATEMENT_EXECUTE|[197]
13:15:07.7 (284933546)|HEAP_ALLOCATE|[EXTERNAL]|Bytes:4
13:15:07.7 (284938439)|HEAP_ALLOCATE|[195]|Bytes:5
13:15:07.7 (284944239)|VARIABLE_ASSIGNMENT|[195]|ot|null|
13:15:07.7 (284947527)|STATEMENT_EXECUTE|[200]
13:15:07.7 (284949842)|HEAP_ALLOCATE|[200]|Bytes:98
13:15:07.7 (284977752)|HEAP_ALLOCATE|[200]|Bytes:4
13:15:07.7 (284994766)|HEAP_ALLOCATE|[200]|Bytes:7
13:15:07.7 (285540333)|SOQL_EXECUTE_BEGIN|[200]|Aggregations:0|SELECT Id, OrderId, Product2Id FROM OrderItem WHERE (OrderId = :tmpVar1 AND Product2Id = :tmpVar2)
13:15:07.7 (306548905)|SOQL_EXECUTE_END|[200]|Rows:0
13:15:07.7 (306594273)|HEAP_ALLOCATE|[200]|Bytes:4
13:15:07.7 (306613639)|HEAP_ALLOCATE|[200]|Bytes:0
13:15:07.7 (306676216)|HEAP_ALLOCATE|[200]|Bytes:4
13:15:07.7 (306699272)|VARIABLE_SCOPE_BEGIN|[200]|existingItens|List<OrderItem>|true|false
13:15:07.7 (306728459)|VARIABLE_ASSIGNMENT|[200]|existingItens|[]|0x41a8c421
13:15:07.7 (306734729)|STATEMENT_EXECUTE|[207]
13:15:07.7 (306751808)|HEAP_ALLOCATE|[207]|Bytes:4
13:15:07.7 (306804379)|VARIABLE_SCOPE_BEGIN|[207]|comparacao|Set<String>|true|false
13:15:07.7 (306825783)|VARIABLE_ASSIGNMENT|[207]|comparacao|[]|0x7089d17a
13:15:07.7 (306880542)|HEAP_ALLOCATE|[208]|Bytes:5
13:15:07.7 (306897657)|VARIABLE_ASSIGNMENT|[208]|it|null|
13:15:07.7 (306901796)|STATEMENT_EXECUTE|[208]
13:15:07.7 (306915004)|HEAP_ALLOCATE|[212]|Bytes:5
13:15:07.7 (306933535)|HEAP_ALLOCATE|[212]|Bytes:28
13:15:07.7 (306940022)|VARIABLE_SCOPE_BEGIN|[212]|newItem|OrderItem|true|false
13:15:07.7 (307603809)|VARIABLE_ASSIGNMENT|[212]|newItem|{"DiscountPercentage__c":-0.104397826675968695966313739297976,"IsDeleted":false,"Quantity":1.00,"FinalPrice__c":1222385.600000,"TaxPercentage__c":18.00,"ListPrice":1350000.00,"OrderId":"801g8000007E9NdAAK","PriceWithoutMargin__c":1062944.0000,"FreightValue__c":800.00,"UnitPrice":1350000.00,"Product2Id":"01tg8000001BArVAAW","PricebookEntryId":"01ug8000000XnbRAAS","TotalPrice":1350000.00,"MarginPercentage__c":15.00}|0x851de2d
13:15:07.7 (307614426)|STATEMENT_EXECUTE|[212]
13:15:07.7 (307615608)|STATEMENT_EXECUTE|[213]
13:15:07.7 (307676949)|HEAP_ALLOCATE|[213]|Bytes:18
13:15:07.7 (307684590)|HEAP_ALLOCATE|[213]|Bytes:1
13:15:07.7 (307691994)|HEAP_ALLOCATE|[213]|Bytes:18
13:15:07.7 (307700404)|HEAP_ALLOCATE|[213]|Bytes:37
13:15:07.7 (307703243)|VARIABLE_SCOPE_BEGIN|[213]|keyCombo|String|false|false
13:15:07.7 (307711241)|VARIABLE_ASSIGNMENT|[213]|keyCombo|"801g8000007E9NdAAK-0 (17 more) ..."
13:15:07.7 (307734000)|STATEMENT_EXECUTE|[217]
13:15:07.7 (307734965)|STATEMENT_EXECUTE|[219]
13:15:07.7 (307743406)|HEAP_ALLOCATE|[EXTERNAL]|Bytes:4
13:15:07.7 (307757388)|HEAP_ALLOCATE|[212]|Bytes:5
13:15:07.7 (307768014)|HEAP_ALLOCATE|[212]|Bytes:28
13:15:07.7 (307772288)|VARIABLE_SCOPE_BEGIN|[212]|newItem|OrderItem|true|false
13:15:07.7 (308176214)|VARIABLE_ASSIGNMENT|[212]|newItem|{"DiscountPercentage__c":-0.295349694596398927849022010980580,"IsDeleted":false,"Quantity":1.00,"FinalPrice__c":15053.850000,"TaxPercentage__c":18.00,"ListPrice":19500.00,"OrderId":"801g8000007E9NdAAK","PriceWithoutMargin__c":14337.0000,"FreightValue__c":150.00,"UnitPrice":19500.00,"Product2Id":"01tg8000001BArcAAG","PricebookEntryId":"01ug8000000XoZ7AAK","TotalPrice":19500.00,"MarginPercentage__c":5.00}|0x37cb0a04
13:15:07.7 (308182544)|STATEMENT_EXECUTE|[212]
13:15:07.7 (308183418)|STATEMENT_EXECUTE|[213]
13:15:07.7 (308190631)|HEAP_ALLOCATE|[213]|Bytes:18
13:15:07.7 (308198260)|HEAP_ALLOCATE|[213]|Bytes:18
13:15:07.7 (308202542)|HEAP_ALLOCATE|[213]|Bytes:37
13:15:07.7 (308204886)|VARIABLE_SCOPE_BEGIN|[213]|keyCombo|String|false|false
13:15:07.7 (308210424)|VARIABLE_ASSIGNMENT|[213]|keyCombo|"801g8000007E9NdAAK-0 (17 more) ..."
13:15:07.7 (308217364)|STATEMENT_EXECUTE|[217]
13:15:07.7 (308218126)|STATEMENT_EXECUTE|[219]
13:15:07.7 (308220549)|HEAP_ALLOCATE|[EXTERNAL]|Bytes:4
13:15:07.7 (308227476)|HEAP_ALLOCATE|[212]|Bytes:5
13:15:07.7 (308235480)|HEAP_ALLOCATE|[212]|Bytes:28
13:15:07.7 (308238311)|VARIABLE_SCOPE_BEGIN|[212]|newItem|OrderItem|true|false
13:15:07.7 (308619615)|VARIABLE_ASSIGNMENT|[212]|newItem|{"DiscountPercentage__c":-0.505882352941176470588235294117647,"IsDeleted":false,"Quantity":1.00,"FinalPrice__c":850000.00,"TaxPercentage__c":0,"ListPrice":1280000.00,"OrderId":"801g8000007DOjhAAG","PriceWithoutMargin__c":850000.00,"FreightValue__c":0,"UnitPrice":1280000.00,"Product2Id":"01tg8000001BArWAAW","PricebookEntryId":"01ug8000000XnjVAAS","TotalPrice":1280000.00,"MarginPercentage__c":0}|0x1b6c495c
13:15:07.7 (308625185)|STATEMENT_EXECUTE|[212]
13:15:07.7 (308626020)|STATEMENT_EXECUTE|[213]
13:15:07.7 (308632038)|HEAP_ALLOCATE|[213]|Bytes:18
13:15:07.7 (308638913)|HEAP_ALLOCATE|[213]|Bytes:18
13:15:07.7 (308642957)|HEAP_ALLOCATE|[213]|Bytes:37
13:15:07.7 (308644895)|VARIABLE_SCOPE_BEGIN|[213]|keyCombo|String|false|false
13:15:07.7 (308650151)|VARIABLE_ASSIGNMENT|[213]|keyCombo|"801g8000007DOjhAAG-0 (17 more) ..."
13:15:07.7 (308655920)|STATEMENT_EXECUTE|[217]
13:15:07.7 (308656652)|STATEMENT_EXECUTE|[219]
13:15:07.7 (308658895)|HEAP_ALLOCATE|[EXTERNAL]|Bytes:4
13:15:07.7 (308664607)|HEAP_ALLOCATE|[212]|Bytes:5
13:15:07.7 (308671547)|HEAP_ALLOCATE|[212]|Bytes:28
13:15:07.7 (308674201)|VARIABLE_SCOPE_BEGIN|[212]|newItem|OrderItem|true|false
13:15:07.7 (309056367)|VARIABLE_ASSIGNMENT|[212]|newItem|{"DiscountPercentage__c":-0.389578163771712158808933002481390,"IsDeleted":false,"Quantity":10.00,"FinalPrice__c":2015.0000,"TaxPercentage__c":0,"ListPrice":2800.00,"OrderId":"801g8000007DOjhAAG","PriceWithoutMargin__c":1550.00,"FreightValue__c":50.00,"UnitPrice":2800.00,"Product2Id":"01tg8000001BArdAAG","PricebookEntryId":"01ug8000000XmilAAC","TotalPrice":28000.00,"MarginPercentage__c":30.00}|0x3cc6523c
13:15:07.7 (309062652)|STATEMENT_EXECUTE|[212]
13:15:07.7 (309063472)|STATEMENT_EXECUTE|[213]
13:15:07.7 (309069845)|HEAP_ALLOCATE|[213]|Bytes:18
13:15:07.7 (309076708)|HEAP_ALLOCATE|[213]|Bytes:18
13:15:07.7 (309080898)|HEAP_ALLOCATE|[213]|Bytes:37
13:15:07.7 (309083032)|VARIABLE_SCOPE_BEGIN|[213]|keyCombo|String|false|false
13:15:07.7 (309087857)|VARIABLE_ASSIGNMENT|[213]|keyCombo|"801g8000007DOjhAAG-0 (17 more) ..."
13:15:07.7 (309093726)|STATEMENT_EXECUTE|[217]
13:15:07.7 (309094624)|STATEMENT_EXECUTE|[219]
13:15:07.7 (309096792)|HEAP_ALLOCATE|[EXTERNAL]|Bytes:4
13:15:07.7 (309103121)|HEAP_ALLOCATE|[212]|Bytes:5
13:15:07.7 (309110339)|HEAP_ALLOCATE|[212]|Bytes:28
13:15:07.7 (309113123)|VARIABLE_SCOPE_BEGIN|[212]|newItem|OrderItem|true|false
13:15:07.7 (309551668)|VARIABLE_ASSIGNMENT|[212]|newItem|{"DiscountPercentage__c":-0.505882352941176470588235294117647,"IsDeleted":false,"Quantity":1.00,"FinalPrice__c":850000.00,"TaxPercentage__c":0,"ListPrice":1280000.00,"OrderId":"801g8000007DgjnAAC","PriceWithoutMargin__c":850000.00,"FreightValue__c":0,"UnitPrice":1280000.00,"Product2Id":"01tg8000001BArWAAW","PricebookEntryId":"01ug8000000XnjVAAS","TotalPrice":1280000.00,"MarginPercentage__c":0}|0x3a60533f
13:15:07.7 (309561332)|STATEMENT_EXECUTE|[212]
13:15:07.7 (309563032)|STATEMENT_EXECUTE|[213]
13:15:07.7 (309576445)|HEAP_ALLOCATE|[213]|Bytes:18
13:15:07.7 (309589079)|HEAP_ALLOCATE|[213]|Bytes:18
13:15:07.7 (309595748)|HEAP_ALLOCATE|[213]|Bytes:37
13:15:07.7 (309599673)|VARIABLE_SCOPE_BEGIN|[213]|keyCombo|String|false|false
13:15:07.7 (309611111)|VARIABLE_ASSIGNMENT|[213]|keyCombo|"801g8000007DgjnAAC-0 (17 more) ..."
13:15:07.7 (309623246)|STATEMENT_EXECUTE|[217]
13:15:07.7 (309624527)|STATEMENT_EXECUTE|[219]
13:15:07.7 (309628668)|HEAP_ALLOCATE|[EXTERNAL]|Bytes:4
13:15:07.7 (309641704)|HEAP_ALLOCATE|[212]|Bytes:5
13:15:07.7 (309652085)|VARIABLE_ASSIGNMENT|[212]|newItem|null|
13:15:07.7 (309666517)|METHOD_EXIT|[27]|01pg8000001EZwd|OrdemItemHandler.checkDuplicateProducts()
13:15:07.7 (309675847)|METHOD_EXIT|[137]|01pg8000001EZwd|OrdemItemHandler.beforeInsert()
13:15:07.7 (309680433)|STATEMENT_EXECUTE|[158]
13:15:07.7 (309702810)|METHOD_ENTRY|[158]|01pg80000019iSf|TriggerHandler.andFinally()
13:15:07.7 (309733648)|VARIABLE_SCOPE_BEGIN|[746]|this|TriggerHandler|true|false
13:15:07.7 (309792816)|VARIABLE_ASSIGNMENT|[746]|this|{"newRecords":"0x353c801b","handlerName":"OrderItemHandler","isTriggerExecuting":true,"triggerEvent":"0x6f1f1866"}|0x3a15b3d3
13:15:07.7 (309802364)|STATEMENT_EXECUTE|[746]
13:15:07.7 (309805696)|METHOD_EXIT|[158]|01pg80000019iSf|TriggerHandler.andFinally()
13:15:07.7 (309814554)|STATEMENT_EXECUTE|[160]
13:15:07.7 (309817973)|STATEMENT_EXECUTE|[176]
13:15:07.7 (309821734)|METHOD_EXIT|[2]|01pg80000019iSf|TriggerHandler.run()
13:15:07.309 (309843093)|CUMULATIVE_LIMIT_USAGE
13:15:07.309 (309843093)|LIMIT_USAGE_FOR_NS|(default)|
  Number of SOQL queries: 8 out of 100
  Number of query rows: 22 out of 50000
  Number of SOSL queries: 0 out of 20
  Number of DML statements: 0 out of 150
  Number of Publish Immediate DML: 0 out of 150
  Number of DML rows: 0 out of 10000
  Maximum CPU time: 0 out of 10000
  Maximum heap size: 0 out of 6000000
  Number of callouts: 0 out of 100
  Number of Email Invocations: 0 out of 10
  Number of future calls: 0 out of 50
  Number of queueable jobs added to the queue: 0 out of 50
  Number of Mobile Apex push calls: 0 out of 10

13:15:07.309 (309843093)|CUMULATIVE_LIMIT_USAGE_END

13:15:07.7 (315743467)|CODE_UNIT_FINISHED|OrdemItemTrigger on OrderItem trigger event BeforeInsert|__sfdc_trigger/OrdemItemTrigger
13:15:07.7 (465207888)|CODE_UNIT_STARTED|[EXTERNAL]|01qg8000000GdOn|OrderTrigger on Order trigger event BeforeUpdate|__sfdc_trigger/OrderTrigger
13:15:07.7 (465268624)|HEAP_ALLOCATE|[EXTERNAL]|Bytes:16
13:15:07.7 (465380641)|HEAP_ALLOCATE|[EXTERNAL]|Bytes:16
13:15:07.7 (465552238)|HEAP_ALLOCATE|[EXTERNAL]|Bytes:4
13:15:07.7 (465564027)|VARIABLE_SCOPE_BEGIN|[1]|this|OrderTrigger|true|false
13:15:07.7 (465611232)|VARIABLE_ASSIGNMENT|[1]|this|{}|0x470b2338
13:15:07.7 (465653744)|HEAP_ALLOCATE|[EXTERNAL]|Bytes:4
13:15:07.7 (465657638)|VARIABLE_SCOPE_BEGIN|[1]|this|OrderTrigger|true|false
13:15:07.7 (465663592)|VARIABLE_ASSIGNMENT|[1]|this|{}|0x470b2338
13:15:07.7 (465668774)|STATEMENT_EXECUTE|[1]
13:15:07.7 (465670765)|STATEMENT_EXECUTE|[2]
13:15:07.7 (491038957)|HEAP_ALLOCATE|[2]|Bytes:11
13:15:07.7 (491083605)|METHOD_ENTRY|[1]|01pg8000001LXzh|OrderHandler.OrderHandler()
13:15:07.7 (491091514)|STATEMENT_EXECUTE|[1]
13:15:07.7 (491100170)|STATEMENT_EXECUTE|[1]
13:15:07.7 (491108800)|METHOD_EXIT|[1]|OrderHandler
13:15:07.7 (491132041)|HEAP_ALLOCATE|[2]|Bytes:32
13:15:07.7 (491150575)|CONSTRUCTOR_ENTRY|[2]|01pg8000001LXzh|<init>()|OrderHandler
13:15:07.7 (491184538)|VARIABLE_SCOPE_BEGIN|[10]|this|OrderHandler|true|false
13:15:07.7 (491248154)|VARIABLE_ASSIGNMENT|[10]|this|{}|0x4ef91755
13:15:07.7 (491254279)|STATEMENT_EXECUTE|[1]
13:15:07.7 (491255179)|STATEMENT_EXECUTE|[4]
13:15:07.7 (491256588)|STATEMENT_EXECUTE|[5]
13:15:07.7 (491257340)|STATEMENT_EXECUTE|[6]
13:15:07.7 (491258036)|STATEMENT_EXECUTE|[7]
13:15:07.7 (491258766)|STATEMENT_EXECUTE|[11]
13:15:07.7 (491262670)|HEAP_ALLOCATE|[11]|Bytes:12
13:15:07.7 (491271069)|CONSTRUCTOR_ENTRY|[11]|01pg80000019iSf|<init>(String)|TriggerHandler
13:15:07.7 (491302107)|VARIABLE_SCOPE_BEGIN|[107]|this|TriggerHandler|true|false
13:15:07.7 (491312020)|VARIABLE_ASSIGNMENT|[107]|this|{}|0x4ef91755
13:15:07.7 (491315037)|VARIABLE_SCOPE_BEGIN|[107]|handlerName|String|false|false
13:15:07.7 (491324254)|VARIABLE_ASSIGNMENT|[107]|handlerName|"OrderHandler"
13:15:07.7 (491328290)|STATEMENT_EXECUTE|[15]
13:15:07.7 (491329231)|STATEMENT_EXECUTE|[50]
13:15:07.7 (491330150)|STATEMENT_EXECUTE|[57]
13:15:07.7 (491331241)|STATEMENT_EXECUTE|[671]
13:15:07.7 (491351838)|STATEMENT_EXECUTE|[107]
13:15:07.7 (491352796)|STATEMENT_EXECUTE|[108]
13:15:07.7 (491356699)|STATEMENT_EXECUTE|[109]
13:15:07.7 (491368776)|METHOD_ENTRY|[109]|01pg80000019iSf|TriggerHandler.setTriggerContext()
13:15:07.7 (491373375)|VARIABLE_SCOPE_BEGIN|[565]|this|TriggerHandler|true|false
13:15:07.7 (491382849)|VARIABLE_ASSIGNMENT|[565]|this|{"handlerName":"OrderHandler"}|0x4ef91755
13:15:07.7 (491387596)|STATEMENT_EXECUTE|[565]
13:15:07.7 (491388651)|STATEMENT_EXECUTE|[566]
13:15:07.7 (491455884)|HEAP_ALLOCATE|[566]|Bytes:16
13:15:07.7 (491466741)|METHOD_ENTRY|[566]|01pg80000019iSf|TriggerHandler.setTriggerContext(System.TriggerOperation, Boolean)
13:15:07.7 (491470500)|VARIABLE_SCOPE_BEGIN|[582]|this|TriggerHandler|true|false
13:15:07.7 (491478184)|VARIABLE_ASSIGNMENT|[582]|this|{"handlerName":"OrderHandler"}|0x4ef91755
13:15:07.7 (491481335)|VARIABLE_SCOPE_BEGIN|[582]|opType|System.TriggerOperation|true|false
13:15:07.7 (491499064)|VARIABLE_ASSIGNMENT|[582]|opType|"BEFORE_UPDATE"|0x1a99bf78
13:15:07.7 (491506255)|VARIABLE_SCOPE_BEGIN|[582]|testMode|Boolean|false|false
13:15:07.7 (491512459)|VARIABLE_ASSIGNMENT|[582]|testMode|false
13:15:07.7 (491515806)|STATEMENT_EXECUTE|[582]
13:15:07.7 (491523936)|STATEMENT_EXECUTE|[586]
13:15:07.7 (491524711)|STATEMENT_EXECUTE|[587]
13:15:07.7 (491527368)|HEAP_ALLOCATE|[587]|Bytes:5
13:15:07.7 (491532267)|STATEMENT_EXECUTE|[590]
13:15:07.7 (491533305)|STATEMENT_EXECUTE|[592]
13:15:07.7 (491542807)|HEAP_ALLOCATE|[592]|Bytes:16
13:15:07.7 (491546930)|STATEMENT_EXECUTE|[595]
13:15:07.7 (491555531)|VARIABLE_SCOPE_BEGIN|[595]|context|String|false|false
13:15:07.7 (491563457)|VARIABLE_ASSIGNMENT|[595]|context|"BEFORE_UPDATE"
13:15:07.7 (491565557)|STATEMENT_EXECUTE|[597]
13:15:07.7 (491587896)|HEAP_ALLOCATE|[601]|Bytes:13
13:15:07.7 (491611307)|STATEMENT_EXECUTE|[601]
13:15:07.7 (491612104)|STATEMENT_EXECUTE|[602]
13:15:07.7 (491620736)|METHOD_EXIT|[566]|01pg80000019iSf|TriggerHandler.setTriggerContext(System.TriggerOperation, Boolean)
13:15:07.7 (491623815)|METHOD_EXIT|[109]|01pg80000019iSf|TriggerHandler.setTriggerContext()
13:15:07.7 (491629258)|CONSTRUCTOR_EXIT|[11]|01pg80000019iSf|<init>(String)|TriggerHandler
13:15:07.7 (491631857)|STATEMENT_EXECUTE|[10]
13:15:07.7 (491632718)|STATEMENT_EXECUTE|[12]
13:15:07.7 (510661790)|VARIABLE_ASSIGNMENT|[12]|this.newRecords|[{"Status":"Draft","LastModifiedDate":"2026-04-02T12:32:28.000Z","Country__c":"a03g8000004x8aeAAA","IsDeleted":false,"AccountId":"001g8000005VaOHAA0","FreightType__c":"FOB","OrderNumber":"00000114","TotalAmount":1308000.00,"StatusCode":"Draft","PaymentCondition__c":"a07g8000004MONnAAO","IsReductionOrder":false,"SystemModstamp":"2026-04-02T16:15:07.000Z","City__c":"a05g8000001i8KfAAI","OwnerId":"005g80000010N45AAE","CreatedById":"005g80000010N45AAE","DeliveryDate__c":"2026-04-07T00:00:00.000Z","DistributionCenter__c":"a06g8000000wkLpAAI","CreatedDate":"2026-03-31T12:54:33.000Z","Pricebook2Id":"01sg80000015mKTAAY","Id":"801g8000007DOjhAAG","AccountAddress__c":"a08g8000001Zx1SAAS","LastModifiedById":"005g80000010N45AAE","State__c":"a04g8000000VkhhAAC","EffectiveDate":"2026-03-31T00:00:00.000Z"},{"Status":"Draft","LastModifiedDate":"2026-03-31T14:51:29.000Z","Country__c":"a03g8000004x8aeAAA","IsDeleted":false,"AccountId":"001g8000005VaOHAA0","FreightType__c":"FOB","OrderNumber":"00000115","TotalAmount":1280000.00,"StatusCode":"Draft","PaymentCondition__c":"a07g8000004MONnAAO","IsReductionOrder":false,"SystemModstamp":"2026-04-02T16:15:07.000Z","City__c":"a05g8000001i7ZuAAI","OwnerId":"005g80000010N45AAE","CreatedById":"005g80000010N45AAE","DeliveryDate__c":"2026-04-07T00:00:00.000Z","DistributionCenter__c":"a06g8000000wkLpAAI","CreatedDate":"2026-03-31T12:58:02.000Z","Pricebook2Id":"01sg80000015mKTAAY","Id":"801g8000007DgjnAAC","AccountAddress__c":"a08g8000001Zx1SAAS","LastModifiedById":"005g80000010N45AAE","State__c":"a04g8000000Vm3ZAAS","EffectiveDate":"2026-03-31T00:00:00.000Z"},{"Status":"Draft","LastModifiedDate":"2026-04-02T16:14:12.000Z","Country__c":"a03g8000004x8aeAAA","IsDeleted":false,"AccountId":"001g8000005VaOHAA0","FreightType__c":"CIF","OrderNumber":"00000113","TotalAmount":1369500.00,"StatusCode":"Draft","PaymentCondition__c":"a07g8000004MONnAAO","IsReductionOrder":false,"SystemModstamp":"2026-04-02T16:15:07.000Z","City__c":"a05g8000001KAc9AAG","OwnerId":"005g80000010N45AAE","CreatedById":"005g80000010N45AAE","DeliveryDate__c":"2026-04-06T00:00:00.000Z","DistributionCenter__c":"a06g8000000wkLpAAI","CreatedDate":"2026-03-31T12:52:12.000Z","Pricebook2Id":"01sg80000015mKTAAY","Id":"801g8000007E9NdAAK","AccountAddress__c":"a08g8000001Zx1SAAS","LastModifiedById":"005g80000010N45AAE","State__c":"a04g8000000QmaTAAS","EffectiveDate":"2026-03-31T00:00:00.000Z"}]|0x4ef91755
13:15:07.7 (510697715)|STATEMENT_EXECUTE|[13]
13:15:07.7 (511992767)|VARIABLE_ASSIGNMENT|[13]|this.oldRecords|[{"Status":"Draft","LastModifiedDate":"2026-04-02T12:32:28.000Z","Country__c":"a03g8000004x8aeAAA","IsDeleted":false,"AccountId":"001g8000005VaOHAA0","FreightType__c":"FOB","OrderNumber":"00000114","TotalAmount":0.00,"StatusCode":"Draft","PaymentCondition__c":"a07g8000004MONnAAO","IsReductionOrder":false,"SystemModstamp":"2026-04-02T12:32:28.000Z","City__c":"a05g8000001i8KfAAI","OwnerId":"005g80000010N45AAE","CreatedById":"005g80000010N45AAE","DeliveryDate__c":"2026-04-07T00:00:00.000Z","DistributionCenter__c":"a06g8000000wkLpAAI","CreatedDate":"2026-03-31T12:54:33.000Z","Pricebook2Id":"01sg80000015mKTAAY","Id":"801g8000007DOjhAAG","AccountAddress__c":"a08g8000001Zx1SAAS","LastModifiedById":"005g80000010N45AAE","State__c":"a04g8000000VkhhAAC","EffectiveDate":"2026-03-31T00:00:00.000Z"},{"Status":"Draft","LastModifiedDate":"2026-03-31T14:51:29.000Z","Country__c":"a03g8000004x8aeAAA","IsDeleted":false,"AccountId":"001g8000005VaOHAA0","FreightType__c":"FOB","OrderNumber":"00000115","TotalAmount":0.00,"StatusCode":"Draft","PaymentCondition__c":"a07g8000004MONnAAO","IsReductionOrder":false,"SystemModstamp":"2026-03-31T14:51:29.000Z","City__c":"a05g8000001i7ZuAAI","OwnerId":"005g80000010N45AAE","CreatedById":"005g80000010N45AAE","DeliveryDate__c":"2026-04-07T00:00:00.000Z","DistributionCenter__c":"a06g8000000wkLpAAI","CreatedDate":"2026-03-31T12:58:02.000Z","Pricebook2Id":"01sg80000015mKTAAY","Id":"801g8000007DgjnAAC","AccountAddress__c":"a08g8000001Zx1SAAS","LastModifiedById":"005g80000010N45AAE","State__c":"a04g8000000Vm3ZAAS","EffectiveDate":"2026-03-31T00:00:00.000Z"},{"Status":"Draft","LastModifiedDate":"2026-04-02T16:14:12.000Z","Country__c":"a03g8000004x8aeAAA","IsDeleted":false,"AccountId":"001g8000005VaOHAA0","FreightType__c":"CIF","OrderNumber":"00000113","TotalAmount":0.00,"StatusCode":"Draft","PaymentCondition__c":"a07g8000004MONnAAO","IsReductionOrder":false,"SystemModstamp":"2026-04-02T16:14:12.000Z","City__c":"a05g8000001KAc9AAG","OwnerId":"005g80000010N45AAE","CreatedById":"005g80000010N45AAE","DeliveryDate__c":"2026-04-06T00:00:00.000Z","DistributionCenter__c":"a06g8000000wkLpAAI","CreatedDate":"2026-03-31T12:52:12.000Z","Pricebook2Id":"01sg80000015mKTAAY","Id":"801g8000007E9NdAAK","AccountAddress__c":"a08g8000001Zx1SAAS","LastModifiedById":"005g80000010N45AAE","State__c":"a04g8000000QmaTAAS","EffectiveDate":"2026-03-31T00:00:00.000Z"}]|0x4ef91755
13:15:07.7 (512014128)|STATEMENT_EXECUTE|[14]
13:15:07.7 (513066693)|VARIABLE_ASSIGNMENT|[14]|this.newRecordsMap|{"801g8000007DOjhAAG":{"Status":"Draft","LastModifiedDate":"2026-04-02T12:32:28.000Z","Country__c":"a03g8000004x8aeAAA","IsDeleted":false,"AccountId":"001g8000005VaOHAA0","FreightType__c":"FOB","OrderNumber":"00000114","TotalAmount":1308000.00,"StatusCode":"Draft","PaymentCondition__c":"a07g8000004MONnAAO","IsReductionOrder":false,"SystemModstamp":"2026-04-02T16:15:07.000Z","City__c":"a05g8000001i8KfAAI","OwnerId":"005g80000010N45AAE","CreatedById":"005g80000010N45AAE","DeliveryDate__c":"2026-04-07T00:00:00.000Z","DistributionCenter__c":"a06g8000000wkLpAAI","CreatedDate":"2026-03-31T12:54:33.000Z","Pricebook2Id":"01sg80000015mKTAAY","Id":"801g8000007DOjhAAG","AccountAddress__c":"a08g8000001Zx1SAAS","LastModifiedById":"005g80000010N45AAE","State__c":"a04g8000000VkhhAAC","EffectiveDate":"2026-03-31T00:00:00.000Z"},"801g8000007DgjnAAC":{"Status":"Draft","LastModifiedDate":"2026-03-31T14:51:29.000Z","Country__c":"a03g8000004x8aeAAA","IsDeleted":false,"AccountId":"001g8000005VaOHAA0","FreightType__c":"FOB","OrderNumber":"00000115","TotalAmount":1280000.00,"StatusCode":"Draft","PaymentCondition__c":"a07g8000004MONnAAO","IsReductionOrder":false,"SystemModstamp":"2026-04-02T16:15:07.000Z","City__c":"a05g8000001i7ZuAAI","OwnerId":"005g80000010N45AAE","CreatedById":"005g80000010N45AAE","DeliveryDate__c":"2026-04-07T00:00:00.000Z","DistributionCenter__c":"a06g8000000wkLpAAI","CreatedDate":"2026-03-31T12:58:02.000Z","Pricebook2Id":"01sg80000015mKTAAY","Id":"801g8000007DgjnAAC","AccountAddress__c":"a08g8000001Zx1SAAS","LastModifiedById":"005g80000010N45AAE","State__c":"a04g8000000Vm3ZAAS","EffectiveDate":"2026-03-31T00:00:00.000Z"},"801g8000007E9NdAAK":{"Status":"Draft","LastModifiedDate":"2026-04-02T16:14:12.000Z","Country__c":"a03g8000004x8aeAAA","IsDeleted":false,"AccountId":"001g8000005VaOHAA0","FreightType__c":"CIF","OrderNumber":"00000113","TotalAmount":1369500.00,"StatusCode":"Draft","PaymentCondition__c":"a07g8000004MONnAAO","IsReductionOrder":false,"SystemModstamp":"2026-04-02T16:15:07.000Z","City__c":"a05g8000001KAc9AAG","OwnerId":"005g80000010N45AAE","CreatedById":"005g80000010N45AAE","DeliveryDate__c":"2026-04-06T00:00:00.000Z","DistributionCenter__c":"a06g8000000wkLpAAI","CreatedDate":"2026-03-31T12:52:12.000Z","Pricebook2Id":"01sg80000015mKTAAY","Id":"801g8000007E9NdAAK","AccountAddress__c":"a08g8000001Zx1SAAS","LastModifiedById":"005g80000010N45AAE","State__c":"a04g8000000QmaTAAS","EffectiveDate":"2026-03-31T00:00:00.000Z"}}|0x4ef91755
13:15:07.7 (513088704)|STATEMENT_EXECUTE|[15]
13:15:07.7 (514090726)|VARIABLE_ASSIGNMENT|[15]|this.oldRecordsMap|{"801g8000007DOjhAAG":{"Status":"Draft","LastModifiedDate":"2026-04-02T12:32:28.000Z","Country__c":"a03g8000004x8aeAAA","IsDeleted":false,"AccountId":"001g8000005VaOHAA0","FreightType__c":"FOB","OrderNumber":"00000114","TotalAmount":0.00,"StatusCode":"Draft","PaymentCondition__c":"a07g8000004MONnAAO","IsReductionOrder":false,"SystemModstamp":"2026-04-02T12:32:28.000Z","City__c":"a05g8000001i8KfAAI","OwnerId":"005g80000010N45AAE","CreatedById":"005g80000010N45AAE","DeliveryDate__c":"2026-04-07T00:00:00.000Z","DistributionCenter__c":"a06g8000000wkLpAAI","CreatedDate":"2026-03-31T12:54:33.000Z","Pricebook2Id":"01sg80000015mKTAAY","Id":"801g8000007DOjhAAG","AccountAddress__c":"a08g8000001Zx1SAAS","LastModifiedById":"005g80000010N45AAE","State__c":"a04g8000000VkhhAAC","EffectiveDate":"2026-03-31T00:00:00.000Z"},"801g8000007DgjnAAC":{"Status":"Draft","LastModifiedDate":"2026-03-31T14:51:29.000Z","Country__c":"a03g8000004x8aeAAA","IsDeleted":false,"AccountId":"001g8000005VaOHAA0","FreightType__c":"FOB","OrderNumber":"00000115","TotalAmount":0.00,"StatusCode":"Draft","PaymentCondition__c":"a07g8000004MONnAAO","IsReductionOrder":false,"SystemModstamp":"2026-03-31T14:51:29.000Z","City__c":"a05g8000001i7ZuAAI","OwnerId":"005g80000010N45AAE","CreatedById":"005g80000010N45AAE","DeliveryDate__c":"2026-04-07T00:00:00.000Z","DistributionCenter__c":"a06g8000000wkLpAAI","CreatedDate":"2026-03-31T12:58:02.000Z","Pricebook2Id":"01sg80000015mKTAAY","Id":"801g8000007DgjnAAC","AccountAddress__c":"a08g8000001Zx1SAAS","LastModifiedById":"005g80000010N45AAE","State__c":"a04g8000000Vm3ZAAS","EffectiveDate":"2026-03-31T00:00:00.000Z"},"801g8000007E9NdAAK":{"Status":"Draft","LastModifiedDate":"2026-04-02T16:14:12.000Z","Country__c":"a03g8000004x8aeAAA","IsDeleted":false,"AccountId":"001g8000005VaOHAA0","FreightType__c":"CIF","OrderNumber":"00000113","TotalAmount":0.00,"StatusCode":"Draft","PaymentCondition__c":"a07g8000004MONnAAO","IsReductionOrder":false,"SystemModstamp":"2026-04-02T16:14:12.000Z","City__c":"a05g8000001KAc9AAG","OwnerId":"005g80000010N45AAE","CreatedById":"005g80000010N45AAE","DeliveryDate__c":"2026-04-06T00:00:00.000Z","DistributionCenter__c":"a06g8000000wkLpAAI","CreatedDate":"2026-03-31T12:52:12.000Z","Pricebook2Id":"01sg80000015mKTAAY","Id":"801g8000007E9NdAAK","AccountAddress__c":"a08g8000001Zx1SAAS","LastModifiedById":"005g80000010N45AAE","State__c":"a04g8000000QmaTAAS","EffectiveDate":"2026-03-31T00:00:00.000Z"}}|0x4ef91755
13:15:07.7 (514127806)|CONSTRUCTOR_EXIT|[2]|01pg8000001LXzh|<init>()|OrderHandler
13:15:07.7 (514166567)|METHOD_ENTRY|[2]|01pg80000019iSf|TriggerHandler.run()
13:15:07.7 (514174997)|VARIABLE_SCOPE_BEGIN|[120]|this|TriggerHandler|true|false
13:15:07.7 (514229652)|VARIABLE_ASSIGNMENT|[120]|this|{"newRecords":"0x5d55b361","newRecordsMap":"0x27ee0174","oldRecords":"0x20ed87ea","oldRecordsMap":"0x4f59decf","handlerName":"OrderHandler","isTriggerExecuting":true,"triggerEvent":"0x1a99bf78"}|0x4ef91755
13:15:07.7 (514237424)|STATEMENT_EXECUTE|[120]
13:15:07.7 (514241622)|METHOD_ENTRY|[121]|01pg80000019iSf|TriggerHandler.validateRun()
13:15:07.7 (514245066)|VARIABLE_SCOPE_BEGIN|[661]|this|TriggerHandler|true|false
13:15:07.7 (514255956)|VARIABLE_ASSIGNMENT|[661]|this|{"newRecords":"0x5d55b361","newRecordsMap":"0x27ee0174","oldRecords":"0x20ed87ea","oldRecordsMap":"0x4f59decf","handlerName":"OrderHandler","isTriggerExecuting":true,"triggerEvent":"0x1a99bf78"}|0x4ef91755
13:15:07.7 (514260158)|STATEMENT_EXECUTE|[661]
13:15:07.7 (514269431)|STATEMENT_EXECUTE|[662]
13:15:07.7 (514270349)|STATEMENT_EXECUTE|[665]
13:15:07.7 (514275785)|METHOD_ENTRY|[665]|01pg80000019iSf|TriggerHandler.getHandlerName()
13:15:07.7 (514278617)|VARIABLE_SCOPE_BEGIN|[680]|this|TriggerHandler|true|false
13:15:07.7 (514287981)|VARIABLE_ASSIGNMENT|[680]|this|{"newRecords":"0x5d55b361","newRecordsMap":"0x27ee0174","oldRecords":"0x20ed87ea","oldRecordsMap":"0x4f59decf","handlerName":"OrderHandler","isTriggerExecuting":true,"triggerEvent":"0x1a99bf78"}|0x4ef91755
13:15:07.7 (514292235)|STATEMENT_EXECUTE|[680]
13:15:07.7 (514321299)|STATEMENT_EXECUTE|[681]
13:15:07.7 (514322217)|STATEMENT_EXECUTE|[684]
13:15:07.7 (514325769)|METHOD_EXIT|[665]|01pg80000019iSf|TriggerHandler.getHandlerName()
13:15:07.7 (514344407)|METHOD_EXIT|[121]|01pg80000019iSf|TriggerHandler.validateRun()
13:15:07.7 (514346800)|STATEMENT_EXECUTE|[121]
13:15:07.7 (514349469)|METHOD_ENTRY|[126]|01pg80000019iSf|TriggerHandler.incrementCheckLoopCount()
13:15:07.7 (514352531)|VARIABLE_SCOPE_BEGIN|[634]|this|TriggerHandler|true|false
13:15:07.7 (514362164)|VARIABLE_ASSIGNMENT|[634]|this|{"newRecords":"0x5d55b361","newRecordsMap":"0x27ee0174","oldRecords":"0x20ed87ea","oldRecordsMap":"0x4f59decf","handlerName":"OrderHandler","isTriggerExecuting":true,"triggerEvent":"0x1a99bf78"}|0x4ef91755
13:15:07.7 (514366659)|STATEMENT_EXECUTE|[634]
13:15:07.7 (514367414)|STATEMENT_EXECUTE|[635]
13:15:07.7 (514369627)|METHOD_ENTRY|[635]|01pg80000019iSf|TriggerHandler.getHandlerName()
13:15:07.7 (514371978)|VARIABLE_SCOPE_BEGIN|[680]|this|TriggerHandler|true|false
13:15:07.7 (514380709)|VARIABLE_ASSIGNMENT|[680]|this|{"newRecords":"0x5d55b361","newRecordsMap":"0x27ee0174","oldRecords":"0x20ed87ea","oldRecordsMap":"0x4f59decf","handlerName":"OrderHandler","isTriggerExecuting":true,"triggerEvent":"0x1a99bf78"}|0x4ef91755
13:15:07.7 (514384033)|STATEMENT_EXECUTE|[680]
13:15:07.7 (514389981)|STATEMENT_EXECUTE|[681]
13:15:07.7 (514390782)|STATEMENT_EXECUTE|[684]
13:15:07.7 (514392176)|METHOD_EXIT|[635]|01pg80000019iSf|TriggerHandler.getHandlerName()
13:15:07.7 (514396566)|VARIABLE_SCOPE_BEGIN|[635]|handlerName|String|false|false
13:15:07.7 (514404253)|VARIABLE_ASSIGNMENT|[635]|handlerName|"OrderHandler"
13:15:07.7 (514415867)|STATEMENT_EXECUTE|[636]
13:15:07.7 (514417120)|STATEMENT_EXECUTE|[649]
13:15:07.7 (514418824)|METHOD_EXIT|[126]|01pg80000019iSf|TriggerHandler.incrementCheckLoopCount()
13:15:07.7 (514421341)|STATEMENT_EXECUTE|[126]
13:15:07.7 (514423982)|STATEMENT_EXECUTE|[130]
13:15:07.7 (514425182)|STATEMENT_EXECUTE|[135]
13:15:07.7 (514520322)|STATEMENT_EXECUTE|[139]
13:15:07.7 (514521377)|STATEMENT_EXECUTE|[140]
13:15:07.7 (514532386)|METHOD_ENTRY|[140]|01pg8000001LXzh|OrderHandler.beforeUpdate()
13:15:07.7 (514545914)|VARIABLE_SCOPE_BEGIN|[19]|this|OrderHandler|true|false
13:15:07.7 (514557812)|VARIABLE_ASSIGNMENT|[19]|this|{"newRecords":"0x5d55b361","newRecordsMap":"0x27ee0174","oldRecords":"0x20ed87ea","oldRecordsMap":"0x4f59decf","handlerName":"OrderHandler","isTriggerExecuting":true,"triggerEvent":"0x1a99bf78"}|0x4ef91755
13:15:07.7 (514563088)|STATEMENT_EXECUTE|[19]
13:15:07.7 (514564058)|STATEMENT_EXECUTE|[20]
13:15:07.7 (514568025)|METHOD_ENTRY|[20]|01pg8000001LXzh|OrderHandler.checkActiveOrder()
13:15:07.7 (514574577)|VARIABLE_SCOPE_BEGIN|[28]|this|OrderHandler|true|false
13:15:07.7 (514583731)|VARIABLE_ASSIGNMENT|[28]|this|{"newRecords":"0x5d55b361","newRecordsMap":"0x27ee0174","oldRecords":"0x20ed87ea","oldRecordsMap":"0x4f59decf","handlerName":"OrderHandler","isTriggerExecuting":true,"triggerEvent":"0x1a99bf78"}|0x4ef91755
13:15:07.7 (514591876)|STATEMENT_EXECUTE|[28]
13:15:07.7 (514592699)|STATEMENT_EXECUTE|[29]
13:15:07.7 (514596312)|VARIABLE_SCOPE_BEGIN|[29]|listaParaValidar|List<Order>|true|false
13:15:07.7 (514601182)|VARIABLE_ASSIGNMENT|[29]|listaParaValidar|null|
13:15:07.7 (514611256)|STATEMENT_EXECUTE|[33]
13:15:07.7 (514612130)|STATEMENT_EXECUTE|[34]
13:15:07.7 (515714562)|VARIABLE_ASSIGNMENT|[34]|listaParaValidar|[{"Status":"Draft","LastModifiedDate":"2026-04-02T12:32:28.000Z","Country__c":"a03g8000004x8aeAAA","IsDeleted":false,"AccountId":"001g8000005VaOHAA0","FreightType__c":"FOB","OrderNumber":"00000114","TotalAmount":1308000.00,"StatusCode":"Draft","PaymentCondition__c":"a07g8000004MONnAAO","IsReductionOrder":false,"SystemModstamp":"2026-04-02T16:15:07.000Z","City__c":"a05g8000001i8KfAAI","OwnerId":"005g80000010N45AAE","CreatedById":"005g80000010N45AAE","DeliveryDate__c":"2026-04-07T00:00:00.000Z","DistributionCenter__c":"a06g8000000wkLpAAI","CreatedDate":"2026-03-31T12:54:33.000Z","Pricebook2Id":"01sg80000015mKTAAY","Id":"801g8000007DOjhAAG","AccountAddress__c":"a08g8000001Zx1SAAS","LastModifiedById":"005g80000010N45AAE","State__c":"a04g8000000VkhhAAC","EffectiveDate":"2026-03-31T00:00:00.000Z"},{"Status":"Draft","LastModifiedDate":"2026-03-31T14:51:29.000Z","Country__c":"a03g8000004x8aeAAA","IsDeleted":false,"AccountId":"001g8000005VaOHAA0","FreightType__c":"FOB","OrderNumber":"00000115","TotalAmount":1280000.00,"StatusCode":"Draft","PaymentCondition__c":"a07g8000004MONnAAO","IsReductionOrder":false,"SystemModstamp":"2026-04-02T16:15:07.000Z","City__c":"a05g8000001i7ZuAAI","OwnerId":"005g80000010N45AAE","CreatedById":"005g80000010N45AAE","DeliveryDate__c":"2026-04-07T00:00:00.000Z","DistributionCenter__c":"a06g8000000wkLpAAI","CreatedDate":"2026-03-31T12:58:02.000Z","Pricebook2Id":"01sg80000015mKTAAY","Id":"801g8000007DgjnAAC","AccountAddress__c":"a08g8000001Zx1SAAS","LastModifiedById":"005g80000010N45AAE","State__c":"a04g8000000Vm3ZAAS","EffectiveDate":"2026-03-31T00:00:00.000Z"},{"Status":"Draft","LastModifiedDate":"2026-04-02T16:14:12.000Z","Country__c":"a03g8000004x8aeAAA","IsDeleted":false,"AccountId":"001g8000005VaOHAA0","FreightType__c":"CIF","OrderNumber":"00000113","TotalAmount":1369500.00,"StatusCode":"Draft","PaymentCondition__c":"a07g8000004MONnAAO","IsReductionOrder":false,"SystemModstamp":"2026-04-02T16:15:07.000Z","City__c":"a05g8000001KAc9AAG","OwnerId":"005g80000010N45AAE","CreatedById":"005g80000010N45AAE","DeliveryDate__c":"2026-04-06T00:00:00.000Z","DistributionCenter__c":"a06g8000000wkLpAAI","CreatedDate":"2026-03-31T12:52:12.000Z","Pricebook2Id":"01sg80000015mKTAAY","Id":"801g8000007E9NdAAK","AccountAddress__c":"a08g8000001Zx1SAAS","LastModifiedById":"005g80000010N45AAE","State__c":"a04g8000000QmaTAAS","EffectiveDate":"2026-03-31T00:00:00.000Z"}]|0x5d55b361
13:15:07.7 (515783144)|HEAP_ALLOCATE|[38]|Bytes:5
13:15:07.7 (515803915)|HEAP_ALLOCATE|[38]|Bytes:4
13:15:07.7 (515815024)|VARIABLE_SCOPE_BEGIN|[38]|pedido|Order|true|false
13:15:07.7 (516136362)|VARIABLE_ASSIGNMENT|[38]|pedido|{"Status":"Draft","LastModifiedDate":"2026-04-02T12:32:28.000Z","Country__c":"a03g8000004x8aeAAA","IsDeleted":false,"AccountId":"001g8000005VaOHAA0","FreightType__c":"FOB","OrderNumber":"00000114","TotalAmount":1308000.00,"StatusCode":"Draft","PaymentCondition__c":"a07g8000004MONnAAO","IsReductionOrder":false,"SystemModstamp":"2026-04-02T16:15:07.000Z","City__c":"a05g8000001i8KfAAI","OwnerId":"005g80000010N45AAE","CreatedById":"005g80000010N45AAE","DeliveryDate__c":"2026-04-07T00:00:00.000Z","DistributionCenter__c":"a06g8000000wkLpAAI","CreatedDate":"2026-03-31T12:54:33.000Z","Pricebook2Id":"01sg80000015mKTAAY","Id":"801g8000007DOjhAAG","AccountAddress__c":"a08g8000001Zx1SAAS","LastModifiedById":"005g80000010N45AAE","State__c":"a04g8000000VkhhAAC","EffectiveDate":"2026-03-31T00:00:00.000Z"}|0x25e5f400
13:15:07.7 (516146003)|STATEMENT_EXECUTE|[38]
13:15:07.7 (516147135)|STATEMENT_EXECUTE|[40]
13:15:07.7 (516187612)|VARIABLE_SCOPE_BEGIN|[40]|pedidoAntigo|Order|true|false
13:15:07.7 (516501077)|VARIABLE_ASSIGNMENT|[40]|pedidoAntigo|{"Status":"Draft","LastModifiedDate":"2026-04-02T12:32:28.000Z","Country__c":"a03g8000004x8aeAAA","IsDeleted":false,"AccountId":"001g8000005VaOHAA0","FreightType__c":"FOB","OrderNumber":"00000114","TotalAmount":0.00,"StatusCode":"Draft","PaymentCondition__c":"a07g8000004MONnAAO","IsReductionOrder":false,"SystemModstamp":"2026-04-02T12:32:28.000Z","City__c":"a05g8000001i8KfAAI","OwnerId":"005g80000010N45AAE","CreatedById":"005g80000010N45AAE","DeliveryDate__c":"2026-04-07T00:00:00.000Z","DistributionCenter__c":"a06g8000000wkLpAAI","CreatedDate":"2026-03-31T12:54:33.000Z","Pricebook2Id":"01sg80000015mKTAAY","Id":"801g8000007DOjhAAG","AccountAddress__c":"a08g8000001Zx1SAAS","LastModifiedById":"005g80000010N45AAE","State__c":"a04g8000000VkhhAAC","EffectiveDate":"2026-03-31T00:00:00.000Z"}|0x2717c210
13:15:07.7 (516508986)|STATEMENT_EXECUTE|[43]
13:15:07.7 (516516172)|VARIABLE_SCOPE_BEGIN|[43]|validacaoStatus|String|false|false
13:15:07.7 (516521113)|VARIABLE_ASSIGNMENT|[43]|validacaoStatus|"Draft"
13:15:07.7 (516530185)|HEAP_ALLOCATE|[38]|Bytes:5
13:15:07.7 (516535982)|HEAP_ALLOCATE|[38]|Bytes:4
13:15:07.7 (516538898)|VARIABLE_SCOPE_BEGIN|[38]|pedido|Order|true|false
13:15:07.7 (516851191)|VARIABLE_ASSIGNMENT|[38]|pedido|{"Status":"Draft","LastModifiedDate":"2026-03-31T14:51:29.000Z","Country__c":"a03g8000004x8aeAAA","IsDeleted":false,"AccountId":"001g8000005VaOHAA0","FreightType__c":"FOB","OrderNumber":"00000115","TotalAmount":1280000.00,"StatusCode":"Draft","PaymentCondition__c":"a07g8000004MONnAAO","IsReductionOrder":false,"SystemModstamp":"2026-04-02T16:15:07.000Z","City__c":"a05g8000001i7ZuAAI","OwnerId":"005g80000010N45AAE","CreatedById":"005g80000010N45AAE","DeliveryDate__c":"2026-04-07T00:00:00.000Z","DistributionCenter__c":"a06g8000000wkLpAAI","CreatedDate":"2026-03-31T12:58:02.000Z","Pricebook2Id":"01sg80000015mKTAAY","Id":"801g8000007DgjnAAC","AccountAddress__c":"a08g8000001Zx1SAAS","LastModifiedById":"005g80000010N45AAE","State__c":"a04g8000000Vm3ZAAS","EffectiveDate":"2026-03-31T00:00:00.000Z"}|0x600bd4fc
13:15:07.7 (516861824)|STATEMENT_EXECUTE|[38]
13:15:07.7 (516862738)|STATEMENT_EXECUTE|[40]
13:15:07.7 (516872079)|VARIABLE_SCOPE_BEGIN|[40]|pedidoAntigo|Order|true|false
13:15:07.7 (517191906)|VARIABLE_ASSIGNMENT|[40]|pedidoAntigo|{"Status":"Draft","LastModifiedDate":"2026-03-31T14:51:29.000Z","Country__c":"a03g8000004x8aeAAA","IsDeleted":false,"AccountId":"001g8000005VaOHAA0","FreightType__c":"FOB","OrderNumber":"00000115","TotalAmount":0.00,"StatusCode":"Draft","PaymentCondition__c":"a07g8000004MONnAAO","IsReductionOrder":false,"SystemModstamp":"2026-03-31T14:51:29.000Z","City__c":"a05g8000001i7ZuAAI","OwnerId":"005g80000010N45AAE","CreatedById":"005g80000010N45AAE","DeliveryDate__c":"2026-04-07T00:00:00.000Z","DistributionCenter__c":"a06g8000000wkLpAAI","CreatedDate":"2026-03-31T12:58:02.000Z","Pricebook2Id":"01sg80000015mKTAAY","Id":"801g8000007DgjnAAC","AccountAddress__c":"a08g8000001Zx1SAAS","LastModifiedById":"005g80000010N45AAE","State__c":"a04g8000000Vm3ZAAS","EffectiveDate":"2026-03-31T00:00:00.000Z"}|0x1b74b574
13:15:07.7 (517199841)|STATEMENT_EXECUTE|[43]
13:15:07.7 (517203892)|VARIABLE_SCOPE_BEGIN|[43]|validacaoStatus|String|false|false
13:15:07.7 (517208312)|VARIABLE_ASSIGNMENT|[43]|validacaoStatus|"Draft"
13:15:07.7 (517215412)|HEAP_ALLOCATE|[38]|Bytes:5
13:15:07.7 (517220843)|HEAP_ALLOCATE|[38]|Bytes:4
13:15:07.7 (517223605)|VARIABLE_SCOPE_BEGIN|[38]|pedido|Order|true|false
13:15:07.7 (517548331)|VARIABLE_ASSIGNMENT|[38]|pedido|{"Status":"Draft","LastModifiedDate":"2026-04-02T16:14:12.000Z","Country__c":"a03g8000004x8aeAAA","IsDeleted":false,"AccountId":"001g8000005VaOHAA0","FreightType__c":"CIF","OrderNumber":"00000113","TotalAmount":1369500.00,"StatusCode":"Draft","PaymentCondition__c":"a07g8000004MONnAAO","IsReductionOrder":false,"SystemModstamp":"2026-04-02T16:15:07.000Z","City__c":"a05g8000001KAc9AAG","OwnerId":"005g80000010N45AAE","CreatedById":"005g80000010N45AAE","DeliveryDate__c":"2026-04-06T00:00:00.000Z","DistributionCenter__c":"a06g8000000wkLpAAI","CreatedDate":"2026-03-31T12:52:12.000Z","Pricebook2Id":"01sg80000015mKTAAY","Id":"801g8000007E9NdAAK","AccountAddress__c":"a08g8000001Zx1SAAS","LastModifiedById":"005g80000010N45AAE","State__c":"a04g8000000QmaTAAS","EffectiveDate":"2026-03-31T00:00:00.000Z"}|0x11bb17ee
13:15:07.7 (517556263)|STATEMENT_EXECUTE|[38]
13:15:07.7 (517557128)|STATEMENT_EXECUTE|[40]
13:15:07.7 (517566528)|VARIABLE_SCOPE_BEGIN|[40]|pedidoAntigo|Order|true|false
13:15:07.7 (517867052)|VARIABLE_ASSIGNMENT|[40]|pedidoAntigo|{"Status":"Draft","LastModifiedDate":"2026-04-02T16:14:12.000Z","Country__c":"a03g8000004x8aeAAA","IsDeleted":false,"AccountId":"001g8000005VaOHAA0","FreightType__c":"CIF","OrderNumber":"00000113","TotalAmount":0.00,"StatusCode":"Draft","PaymentCondition__c":"a07g8000004MONnAAO","IsReductionOrder":false,"SystemModstamp":"2026-04-02T16:14:12.000Z","City__c":"a05g8000001KAc9AAG","OwnerId":"005g80000010N45AAE","CreatedById":"005g80000010N45AAE","DeliveryDate__c":"2026-04-06T00:00:00.000Z","DistributionCenter__c":"a06g8000000wkLpAAI","CreatedDate":"2026-03-31T12:52:12.000Z","Pricebook2Id":"01sg80000015mKTAAY","Id":"801g8000007E9NdAAK","AccountAddress__c":"a08g8000001Zx1SAAS","LastModifiedById":"005g80000010N45AAE","State__c":"a04g8000000QmaTAAS","EffectiveDate":"2026-03-31T00:00:00.000Z"}|0x825508b
13:15:07.7 (517874273)|STATEMENT_EXECUTE|[43]
13:15:07.7 (517877253)|VARIABLE_SCOPE_BEGIN|[43]|validacaoStatus|String|false|false
13:15:07.7 (517881511)|VARIABLE_ASSIGNMENT|[43]|validacaoStatus|"Draft"
13:15:07.7 (517887650)|HEAP_ALLOCATE|[38]|Bytes:5
13:15:07.7 (517893625)|VARIABLE_ASSIGNMENT|[38]|pedido|null|
13:15:07.7 (517900886)|METHOD_EXIT|[20]|01pg8000001LXzh|OrderHandler.checkActiveOrder()
13:15:07.7 (517906055)|METHOD_EXIT|[140]|01pg8000001LXzh|OrderHandler.beforeUpdate()
13:15:07.7 (517909093)|STATEMENT_EXECUTE|[158]
13:15:07.7 (517915307)|METHOD_ENTRY|[158]|01pg80000019iSf|TriggerHandler.andFinally()
13:15:07.7 (517919448)|VARIABLE_SCOPE_BEGIN|[746]|this|TriggerHandler|true|false
13:15:07.7 (517951054)|VARIABLE_ASSIGNMENT|[746]|this|{"newRecords":"0x5d55b361","newRecordsMap":"0x27ee0174","oldRecords":"0x20ed87ea","oldRecordsMap":"0x4f59decf","handlerName":"OrderHandler","isTriggerExecuting":true,"triggerEvent":"0x1a99bf78"}|0x4ef91755
13:15:07.7 (517956464)|STATEMENT_EXECUTE|[746]
13:15:07.7 (517958176)|METHOD_EXIT|[158]|01pg80000019iSf|TriggerHandler.andFinally()
13:15:07.7 (517961940)|STATEMENT_EXECUTE|[160]
13:15:07.7 (517963894)|STATEMENT_EXECUTE|[176]
13:15:07.7 (517966683)|METHOD_EXIT|[2]|01pg80000019iSf|TriggerHandler.run()
13:15:07.517 (517974855)|CUMULATIVE_LIMIT_USAGE
13:15:07.517 (517974855)|LIMIT_USAGE_FOR_NS|(default)|
  Number of SOQL queries: 8 out of 100
  Number of query rows: 22 out of 50000
  Number of SOSL queries: 0 out of 20
  Number of DML statements: 0 out of 150
  Number of Publish Immediate DML: 0 out of 150
  Number of DML rows: 0 out of 10000
  Maximum CPU time: 0 out of 10000
  Maximum heap size: 0 out of 6000000
  Number of callouts: 0 out of 100
  Number of Email Invocations: 0 out of 10
  Number of future calls: 0 out of 50
  Number of queueable jobs added to the queue: 0 out of 50
  Number of Mobile Apex push calls: 0 out of 10

13:15:07.517 (517974855)|CUMULATIVE_LIMIT_USAGE_END

13:15:07.7 (518173708)|CODE_UNIT_FINISHED|OrderTrigger on Order trigger event BeforeUpdate|__sfdc_trigger/OrderTrigger
13:15:07.7 (528841677)|CODE_UNIT_STARTED|[EXTERNAL]|Validation:Order:801g8000007DOjh
13:15:07.7 (528883276)|VALIDATION_RULE|03dg8000000aS4D|Bloquear_Alteracao_Conta_Pedido
13:15:07.7 (529174412)|VALIDATION_FORMULA|ISCHANGED(AccountId) && NOT(ISNEW())|AccountId=001g8000005VaOH
13:15:07.7 (529187534)|VALIDATION_PASS
13:15:07.7 (529193659)|CODE_UNIT_FINISHED|Validation:Order:801g8000007DOjh
13:15:07.7 (529210117)|CODE_UNIT_STARTED|[EXTERNAL]|Validation:Order:801g8000007Dgjn
13:15:07.7 (529214081)|VALIDATION_RULE|03dg8000000aS4D|Bloquear_Alteracao_Conta_Pedido
13:15:07.7 (529271990)|VALIDATION_FORMULA|ISCHANGED(AccountId) && NOT(ISNEW())|AccountId=001g8000005VaOH
13:15:07.7 (529275402)|VALIDATION_PASS
13:15:07.7 (529277183)|CODE_UNIT_FINISHED|Validation:Order:801g8000007Dgjn
13:15:07.7 (529282874)|CODE_UNIT_STARTED|[EXTERNAL]|Validation:Order:801g8000007E9Nd
13:15:07.7 (529304646)|VALIDATION_RULE|03dg8000000aS4D|Bloquear_Alteracao_Conta_Pedido
13:15:07.7 (529347317)|VALIDATION_FORMULA|ISCHANGED(AccountId) && NOT(ISNEW())|AccountId=001g8000005VaOH
13:15:07.7 (529354841)|VALIDATION_PASS
13:15:07.7 (529356380)|CODE_UNIT_FINISHED|Validation:Order:801g8000007E9Nd
13:15:07.7 (651551340)|CODE_UNIT_FINISHED|TRIGGERS
13:15:07.7 (651573509)|EXECUTION_FINISHED
