66.0 APEX_CODE,FINEST;APEX_PROFILING,INFO;CALLOUT,INFO;DATA_ACCESS,INFO;DB,INFO;NBA,INFO;SYSTEM,DEBUG;VALIDATION,INFO;VISUALFORCE,INFO;WAVE,INFO;WORKFLOW,INFO
11:31:20.0 (226471)|USER_INFO|[EXTERNAL]|005g80000010N45|sabrina.jesus@resourceful-moose-fmmd11.com|(GMT-03:00) Brasilia Standard Time (America/Sao_Paulo)|GMT-03:00
11:31:20.0 (301983)|EXECUTION_STARTED
11:31:20.0 (314565)|CODE_UNIT_STARTED|[EXTERNAL]|TRIGGERS
11:31:20.0 (351695)|CODE_UNIT_STARTED|[EXTERNAL]|01qg8000000Fou9|OrdemItemTrigger on OrderItem trigger event BeforeInsert|__sfdc_trigger/OrdemItemTrigger
11:31:20.0 (430949)|HEAP_ALLOCATE|[EXTERNAL]|Bytes:12
11:31:20.0 (1439503)|HEAP_ALLOCATE|[95]|Bytes:3
11:31:20.0 (1505478)|HEAP_ALLOCATE|[100]|Bytes:152
11:31:20.0 (1521621)|HEAP_ALLOCATE|[417]|Bytes:408
11:31:20.0 (1537370)|HEAP_ALLOCATE|[430]|Bytes:408
11:31:20.0 (1564975)|HEAP_ALLOCATE|[317]|Bytes:6
11:31:20.0 (1612852)|HEAP_ALLOCATE|[EXTERNAL]|Bytes:4
11:31:20.0 (1638789)|VARIABLE_SCOPE_BEGIN|[1]|this|OrdemItemTrigger|true|false
11:31:20.0 (1796123)|VARIABLE_ASSIGNMENT|[1]|this|{}|0x46aa0f96
11:31:20.0 (1864217)|HEAP_ALLOCATE|[EXTERNAL]|Bytes:4
11:31:20.0 (1868856)|VARIABLE_SCOPE_BEGIN|[1]|this|OrdemItemTrigger|true|false
11:31:20.0 (1876749)|VARIABLE_ASSIGNMENT|[1]|this|{}|0x46aa0f96
11:31:20.0 (1930037)|STATEMENT_EXECUTE|[1]
11:31:20.0 (1932845)|STATEMENT_EXECUTE|[2]
11:31:20.0 (8126665)|VARIABLE_SCOPE_BEGIN|[63]|TriggerHandler.BYPASS_ALL_ALIAS|String|false|true
11:31:20.0 (8148736)|VARIABLE_SCOPE_BEGIN|[839]|TriggerHandler.ERROR_TRIGGERCONTEXT|String|false|true
11:31:20.0 (8209867)|VARIABLE_SCOPE_BEGIN|[26]|TriggerHandler.bypassedHandlers|Set<String>|true|true
11:31:20.0 (8223338)|VARIABLE_SCOPE_BEGIN|[32]|TriggerHandler.globalBypass|Boolean|false|true
11:31:20.0 (8474198)|VARIABLE_SCOPE_BEGIN|[20]|TriggerHandler.loopCountMap|Map<String,TriggerHandler.LoopCount>|true|true
11:31:20.0 (8482623)|VARIABLE_SCOPE_BEGIN|[44]|TriggerHandler.showDebug|Boolean|false|true
11:31:20.0 (8488368)|VARIABLE_SCOPE_BEGIN|[38]|TriggerHandler.showLimits|Boolean|false|true
11:31:20.0 (8718609)|HEAP_ALLOCATE|[2]|Bytes:21
11:31:20.0 (8734914)|HEAP_ALLOCATE|[2]|Bytes:6
11:31:20.0 (8784283)|METHOD_ENTRY|[1]|01pg8000001EZwd|OrdemItemHandler.OrdemItemHandler()
11:31:20.0 (8805492)|STATEMENT_EXECUTE|[1]
11:31:20.0 (8822627)|STATEMENT_EXECUTE|[1]
11:31:20.0 (8834244)|METHOD_EXIT|[1]|OrdemItemHandler
11:31:20.0 (8994500)|HEAP_ALLOCATE|[2]|Bytes:32
11:31:20.0 (9035167)|CONSTRUCTOR_ENTRY|[2]|01pg8000001EZwd|<init>()|OrdemItemHandler
11:31:20.0 (9098303)|VARIABLE_SCOPE_BEGIN|[9]|this|OrdemItemHandler|true|false
11:31:20.0 (9243934)|VARIABLE_ASSIGNMENT|[9]|this|{}|0xa81cd41
11:31:20.0 (9264198)|STATEMENT_EXECUTE|[1]
11:31:20.0 (9266989)|STATEMENT_EXECUTE|[3]
11:31:20.0 (9270787)|STATEMENT_EXECUTE|[4]
11:31:20.0 (9272635)|STATEMENT_EXECUTE|[5]
11:31:20.0 (9274716)|STATEMENT_EXECUTE|[6]
11:31:20.0 (9277722)|STATEMENT_EXECUTE|[10]
11:31:20.0 (9283291)|HEAP_ALLOCATE|[10]|Bytes:16
11:31:20.0 (9295821)|HEAP_ALLOCATE|[10]|Bytes:33
11:31:20.0 (9303512)|HEAP_ALLOCATE|[10]|Bytes:166
11:31:20.0 (9306957)|HEAP_ALLOCATE|[10]|Bytes:55
11:31:20.0 (9310179)|HEAP_ALLOCATE|[10]|Bytes:9
11:31:20.0 (9334686)|VARIABLE_ASSIGNMENT|[10]|TriggerHandler.BYPASS_ALL_ALIAS|"BypassAll"
11:31:20.0 (9338566)|HEAP_ALLOCATE|[10]|Bytes:51
11:31:20.0 (9345912)|VARIABLE_ASSIGNMENT|[10]|TriggerHandler.ERROR_TRIGGERCONTEXT|"Trigger handler call (31 more) ..."
11:31:20.0 (9365684)|METHOD_ENTRY|[15]|01pg80000019iSf|TriggerHandler.TriggerHandler()
11:31:20.0 (9371434)|STATEMENT_EXECUTE|[15]
11:31:20.0 (9375508)|STATEMENT_EXECUTE|[15]
11:31:20.0 (9377604)|STATEMENT_EXECUTE|[66]
11:31:20.0 (9379534)|STATEMENT_EXECUTE|[67]
11:31:20.0 (9396083)|HEAP_ALLOCATE|[67]|Bytes:4
11:31:20.0 (9459159)|VARIABLE_ASSIGNMENT|[67]|TriggerHandler.loopCountMap|{}|0x57a00f95
11:31:20.0 (9465638)|STATEMENT_EXECUTE|[68]
11:31:20.0 (9478255)|HEAP_ALLOCATE|[68]|Bytes:4
11:31:20.0 (9575438)|VARIABLE_ASSIGNMENT|[68]|TriggerHandler.bypassedHandlers|[]|0x534f2be5
11:31:20.0 (9582658)|STATEMENT_EXECUTE|[69]
11:31:20.0 (9606574)|HEAP_ALLOCATE|[68]|Bytes:5
11:31:20.0 (9638848)|HEAP_ALLOCATE|[74]|Bytes:5
11:31:20.0 (9648584)|HEAP_ALLOCATE|[82]|Bytes:7
11:31:20.0 (10172503)|HEAP_ALLOCATE|[69]|Bytes:5
11:31:20.0 (10195051)|VARIABLE_ASSIGNMENT|[69]|TriggerHandler.globalBypass|false
11:31:20.0 (10208744)|STATEMENT_EXECUTE|[70]
11:31:20.0 (10214500)|HEAP_ALLOCATE|[70]|Bytes:5
11:31:20.0 (10219348)|VARIABLE_ASSIGNMENT|[70]|TriggerHandler.showLimits|false
11:31:20.0 (10222065)|STATEMENT_EXECUTE|[71]
11:31:20.0 (10224103)|HEAP_ALLOCATE|[71]|Bytes:5
11:31:20.0 (10227500)|VARIABLE_ASSIGNMENT|[71]|TriggerHandler.showDebug|false
11:31:20.0 (10230503)|STATEMENT_EXECUTE|[755]
11:31:20.0 (10232064)|STATEMENT_EXECUTE|[832]
11:31:20.0 (10242892)|METHOD_EXIT|[15]|TriggerHandler
11:31:20.0 (10256682)|CONSTRUCTOR_ENTRY|[10]|01pg80000019iSf|<init>(String)|TriggerHandler
11:31:20.0 (10378486)|VARIABLE_SCOPE_BEGIN|[107]|this|TriggerHandler|true|false
11:31:20.0 (10426302)|VARIABLE_ASSIGNMENT|[107]|this|{}|0xa81cd41
11:31:20.0 (10431356)|VARIABLE_SCOPE_BEGIN|[107]|handlerName|String|false|false
11:31:20.0 (10440888)|VARIABLE_ASSIGNMENT|[107]|handlerName|"OrderItemHandler"
11:31:20.0 (10448453)|STATEMENT_EXECUTE|[15]
11:31:20.0 (10450634)|STATEMENT_EXECUTE|[50]
11:31:20.0 (10452479)|STATEMENT_EXECUTE|[57]
11:31:20.0 (10454495)|STATEMENT_EXECUTE|[671]
11:31:20.0 (10464835)|HEAP_ALLOCATE|[108]|Bytes:6
11:31:20.0 (11287336)|STATEMENT_EXECUTE|[107]
11:31:20.0 (11291729)|STATEMENT_EXECUTE|[108]
11:31:20.0 (11311170)|STATEMENT_EXECUTE|[109]
11:31:20.0 (11350504)|METHOD_ENTRY|[109]|01pg80000019iSf|TriggerHandler.setTriggerContext()
11:31:20.0 (11407946)|VARIABLE_SCOPE_BEGIN|[565]|this|TriggerHandler|true|false
11:31:20.0 (11458406)|VARIABLE_ASSIGNMENT|[565]|this|{"handlerName":"OrderItemHandler"}|0xa81cd41
11:31:20.0 (11469267)|STATEMENT_EXECUTE|[565]
11:31:20.0 (11471591)|STATEMENT_EXECUTE|[566]
11:31:20.0 (11648011)|HEAP_ALLOCATE|[566]|Bytes:16
11:31:20.0 (11679532)|METHOD_ENTRY|[566]|01pg80000019iSf|TriggerHandler.setTriggerContext(System.TriggerOperation, Boolean)
11:31:20.0 (11686649)|VARIABLE_SCOPE_BEGIN|[582]|this|TriggerHandler|true|false
11:31:20.0 (11718399)|VARIABLE_ASSIGNMENT|[582]|this|{"handlerName":"OrderItemHandler"}|0xa81cd41
11:31:20.0 (11723389)|VARIABLE_SCOPE_BEGIN|[582]|opType|System.TriggerOperation|true|false
11:31:20.0 (11750651)|VARIABLE_ASSIGNMENT|[582]|opType|"BEFORE_INSERT"|0x78b1b322
11:31:20.0 (11760122)|VARIABLE_SCOPE_BEGIN|[582]|testMode|Boolean|false|false
11:31:20.0 (11767696)|VARIABLE_ASSIGNMENT|[582]|testMode|false
11:31:20.0 (11775399)|STATEMENT_EXECUTE|[582]
11:31:20.0 (11793791)|STATEMENT_EXECUTE|[586]
11:31:20.0 (11795444)|STATEMENT_EXECUTE|[587]
11:31:20.0 (11800362)|HEAP_ALLOCATE|[587]|Bytes:5
11:31:20.0 (11809866)|STATEMENT_EXECUTE|[590]
11:31:20.0 (11811771)|STATEMENT_EXECUTE|[592]
11:31:20.0 (11854936)|HEAP_ALLOCATE|[592]|Bytes:16
11:31:20.0 (11865593)|STATEMENT_EXECUTE|[595]
11:31:20.0 (11885176)|VARIABLE_SCOPE_BEGIN|[595]|context|String|false|false
11:31:20.0 (11895570)|VARIABLE_ASSIGNMENT|[595]|context|"BEFORE_INSERT"
11:31:20.0 (11899708)|STATEMENT_EXECUTE|[597]
11:31:20.0 (11904336)|HEAP_ALLOCATE|[598]|Bytes:13
11:31:20.0 (11969239)|STATEMENT_EXECUTE|[598]
11:31:20.0 (11971257)|STATEMENT_EXECUTE|[599]
11:31:20.0 (11982035)|METHOD_EXIT|[566]|01pg80000019iSf|TriggerHandler.setTriggerContext(System.TriggerOperation, Boolean)
11:31:20.0 (11988087)|METHOD_EXIT|[109]|01pg80000019iSf|TriggerHandler.setTriggerContext()
11:31:20.0 (11997521)|CONSTRUCTOR_EXIT|[10]|01pg80000019iSf|<init>(String)|TriggerHandler
11:31:20.0 (12005359)|STATEMENT_EXECUTE|[9]
11:31:20.0 (12008991)|STATEMENT_EXECUTE|[11]
11:31:20.0 (31714458)|VARIABLE_ASSIGNMENT|[11]|this.newRecords|[{"Product_Code_Display__c":"P003","IsDeleted":false,"UnitPrice":1350000.00,"Product2Id":"01tg8000001BArVAAW","PricebookEntryId":"01ug8000000XnbRAAS","TotalPrice":2700000.00,"Quantity":2.00,"ListPrice":1350000.00,"OrderId":"801g800000DSRXTAA5"},{"Product_Code_Display__c":"P010","IsDeleted":false,"UnitPrice":19500.00,"Product2Id":"01tg8000001BArcAAG","PricebookEntryId":"01ug8000000XoZ7AAK","TotalPrice":19500.00,"Quantity":1.00,"ListPrice":19500.00,"OrderId":"801g800000DSRXTAA5"}]|0xa81cd41
11:31:20.0 (31769204)|STATEMENT_EXECUTE|[12]
11:31:20.0 (31842645)|VARIABLE_ASSIGNMENT|[12]|this.oldRecords|null|0xa81cd41
11:31:20.0 (31849879)|STATEMENT_EXECUTE|[13]
11:31:20.0 (31868482)|VARIABLE_ASSIGNMENT|[13]|this.newRecordsMap|null|0xa81cd41
11:31:20.0 (31874046)|STATEMENT_EXECUTE|[14]
11:31:20.0 (31883709)|VARIABLE_ASSIGNMENT|[14]|this.oldRecordsMap|null|0xa81cd41
11:31:20.0 (31903026)|CONSTRUCTOR_EXIT|[2]|01pg8000001EZwd|<init>()|OrdemItemHandler
11:31:20.0 (31964846)|METHOD_ENTRY|[2]|01pg80000019iSf|TriggerHandler.run()
11:31:20.0 (31980523)|VARIABLE_SCOPE_BEGIN|[120]|this|TriggerHandler|true|false
11:31:20.0 (32065190)|VARIABLE_ASSIGNMENT|[120]|this|{"newRecords":"0x34fafd96","handlerName":"OrderItemHandler","isTriggerExecuting":true,"triggerEvent":"0x78b1b322"}|0xa81cd41
11:31:20.0 (32079024)|STATEMENT_EXECUTE|[120]
11:31:20.0 (32087338)|METHOD_ENTRY|[121]|01pg80000019iSf|TriggerHandler.validateRun()
11:31:20.0 (32123841)|VARIABLE_SCOPE_BEGIN|[661]|this|TriggerHandler|true|false
11:31:20.0 (32146202)|VARIABLE_ASSIGNMENT|[661]|this|{"newRecords":"0x34fafd96","handlerName":"OrderItemHandler","isTriggerExecuting":true,"triggerEvent":"0x78b1b322"}|0xa81cd41
11:31:20.0 (32152719)|STATEMENT_EXECUTE|[661]
11:31:20.0 (32167796)|STATEMENT_EXECUTE|[662]
11:31:20.0 (32169815)|STATEMENT_EXECUTE|[665]
11:31:20.0 (32182012)|METHOD_ENTRY|[665]|01pg80000019iSf|TriggerHandler.getHandlerName()
11:31:20.0 (32195337)|VARIABLE_SCOPE_BEGIN|[680]|this|TriggerHandler|true|false
11:31:20.0 (32213032)|VARIABLE_ASSIGNMENT|[680]|this|{"newRecords":"0x34fafd96","handlerName":"OrderItemHandler","isTriggerExecuting":true,"triggerEvent":"0x78b1b322"}|0xa81cd41
11:31:20.0 (32218803)|STATEMENT_EXECUTE|[680]
11:31:20.0 (32284536)|STATEMENT_EXECUTE|[681]
11:31:20.0 (32286669)|STATEMENT_EXECUTE|[684]
11:31:20.0 (32292758)|METHOD_EXIT|[665]|01pg80000019iSf|TriggerHandler.getHandlerName()
11:31:20.0 (32333392)|METHOD_EXIT|[121]|01pg80000019iSf|TriggerHandler.validateRun()
11:31:20.0 (32339931)|STATEMENT_EXECUTE|[121]
11:31:20.0 (32345732)|METHOD_ENTRY|[126]|01pg80000019iSf|TriggerHandler.incrementCheckLoopCount()
11:31:20.0 (32357362)|VARIABLE_SCOPE_BEGIN|[634]|this|TriggerHandler|true|false
11:31:20.0 (32380101)|VARIABLE_ASSIGNMENT|[634]|this|{"newRecords":"0x34fafd96","handlerName":"OrderItemHandler","isTriggerExecuting":true,"triggerEvent":"0x78b1b322"}|0xa81cd41
11:31:20.0 (32388165)|STATEMENT_EXECUTE|[634]
11:31:20.0 (32390317)|STATEMENT_EXECUTE|[635]
11:31:20.0 (32394640)|METHOD_ENTRY|[635]|01pg80000019iSf|TriggerHandler.getHandlerName()
11:31:20.0 (32402758)|VARIABLE_SCOPE_BEGIN|[680]|this|TriggerHandler|true|false
11:31:20.0 (32419067)|VARIABLE_ASSIGNMENT|[680]|this|{"newRecords":"0x34fafd96","handlerName":"OrderItemHandler","isTriggerExecuting":true,"triggerEvent":"0x78b1b322"}|0xa81cd41
11:31:20.0 (32425772)|STATEMENT_EXECUTE|[680]
11:31:20.0 (32441046)|STATEMENT_EXECUTE|[681]
11:31:20.0 (32442872)|STATEMENT_EXECUTE|[684]
11:31:20.0 (32446147)|METHOD_EXIT|[635]|01pg80000019iSf|TriggerHandler.getHandlerName()
11:31:20.0 (32451802)|VARIABLE_SCOPE_BEGIN|[635]|handlerName|String|false|false
11:31:20.0 (32461164)|VARIABLE_ASSIGNMENT|[635]|handlerName|"OrderItemHandler"
11:31:20.0 (32518405)|STATEMENT_EXECUTE|[636]
11:31:20.0 (32520594)|STATEMENT_EXECUTE|[649]
11:31:20.0 (32524723)|METHOD_EXIT|[126]|01pg80000019iSf|TriggerHandler.incrementCheckLoopCount()
11:31:20.0 (32530317)|STATEMENT_EXECUTE|[126]
11:31:20.0 (32534944)|STATEMENT_EXECUTE|[130]
11:31:20.0 (32536587)|STATEMENT_EXECUTE|[135]
11:31:20.0 (32631298)|STATEMENT_EXECUTE|[136]
11:31:20.0 (32632749)|STATEMENT_EXECUTE|[137]
11:31:20.0 (32644590)|METHOD_ENTRY|[137]|01pg8000001EZwd|OrdemItemHandler.beforeInsert()
11:31:20.0 (32659246)|VARIABLE_SCOPE_BEGIN|[18]|this|OrdemItemHandler|true|false
11:31:20.0 (32679601)|VARIABLE_ASSIGNMENT|[18]|this|{"newRecords":"0x34fafd96","handlerName":"OrderItemHandler","isTriggerExecuting":true,"triggerEvent":"0x78b1b322"}|0xa81cd41
11:31:20.0 (32685814)|STATEMENT_EXECUTE|[18]
11:31:20.0 (32687536)|STATEMENT_EXECUTE|[19]
11:31:20.0 (32691338)|METHOD_ENTRY|[19]|01pg8000001EZwd|OrdemItemHandler.checkActiveOrderItem()
11:31:20.0 (32698689)|VARIABLE_SCOPE_BEGIN|[181]|this|OrdemItemHandler|true|false
11:31:20.0 (32708473)|VARIABLE_ASSIGNMENT|[181]|this|{"newRecords":"0x34fafd96","handlerName":"OrderItemHandler","isTriggerExecuting":true,"triggerEvent":"0x78b1b322"}|0xa81cd41
11:31:20.0 (32713809)|STATEMENT_EXECUTE|[181]
11:31:20.0 (32715214)|STATEMENT_EXECUTE|[182]
11:31:20.0 (32722872)|VARIABLE_SCOPE_BEGIN|[182]|listaParaValidar|List<OrderItem>|true|false
11:31:20.0 (32727842)|VARIABLE_ASSIGNMENT|[182]|listaParaValidar|null|
11:31:20.0 (32730669)|STATEMENT_EXECUTE|[183]
11:31:20.0 (32756894)|HEAP_ALLOCATE|[183]|Bytes:4
11:31:20.0 (32783204)|VARIABLE_SCOPE_BEGIN|[183]|idOrders|Set<Id>|true|false
11:31:20.0 (32818654)|VARIABLE_ASSIGNMENT|[183]|idOrders|[]|0x72d11db2
11:31:20.0 (32822165)|STATEMENT_EXECUTE|[184]
11:31:20.0 (32895068)|HEAP_ALLOCATE|[184]|Bytes:4
11:31:20.0 (32924920)|VARIABLE_SCOPE_BEGIN|[184]|idMapOrders|Map<Id,Order>|true|false
11:31:20.0 (32935656)|VARIABLE_ASSIGNMENT|[184]|idMapOrders|{}|0x799368e6
11:31:20.0 (32951276)|STATEMENT_EXECUTE|[188]
11:31:20.0 (32952715)|STATEMENT_EXECUTE|[189]
11:31:20.0 (34799152)|VARIABLE_ASSIGNMENT|[189]|listaParaValidar|[{"Product_Code_Display__c":"P003","IsDeleted":false,"UnitPrice":1350000.00,"Product2Id":"01tg8000001BArVAAW","PricebookEntryId":"01ug8000000XnbRAAS","TotalPrice":2700000.00,"Quantity":2.00,"ListPrice":1350000.00,"OrderId":"801g800000DSRXTAA5"},{"Product_Code_Display__c":"P010","IsDeleted":false,"UnitPrice":19500.00,"Product2Id":"01tg8000001BArcAAG","PricebookEntryId":"01ug8000000XoZ7AAK","TotalPrice":19500.00,"Quantity":1.00,"ListPrice":19500.00,"OrderId":"801g800000DSRXTAA5"}]|0x34fafd96
11:31:20.0 (35180827)|HEAP_ALLOCATE|[192]|Bytes:5
11:31:20.0 (35246879)|HEAP_ALLOCATE|[192]|Bytes:4
11:31:20.0 (35263483)|VARIABLE_SCOPE_BEGIN|[192]|ot|OrderItem|true|false
11:31:20.0 (36254499)|VARIABLE_ASSIGNMENT|[192]|ot|{"Product_Code_Display__c":"P003","IsDeleted":false,"UnitPrice":1350000.00,"Product2Id":"01tg8000001BArVAAW","PricebookEntryId":"01ug8000000XnbRAAS","TotalPrice":2700000.00,"Quantity":2.00,"ListPrice":1350000.00,"OrderId":"801g800000DSRXTAA5"}|0x7162d508
11:31:20.0 (36291233)|STATEMENT_EXECUTE|[192]
11:31:20.0 (36294003)|STATEMENT_EXECUTE|[193]
11:31:20.0 (36407723)|HEAP_ALLOCATE|[EXTERNAL]|Bytes:4
11:31:20.0 (36440634)|HEAP_ALLOCATE|[192]|Bytes:5
11:31:20.0 (36461953)|HEAP_ALLOCATE|[192]|Bytes:4
11:31:20.0 (36473099)|VARIABLE_SCOPE_BEGIN|[192]|ot|OrderItem|true|false
11:31:20.0 (37339211)|VARIABLE_ASSIGNMENT|[192]|ot|{"Product_Code_Display__c":"P010","IsDeleted":false,"UnitPrice":19500.00,"Product2Id":"01tg8000001BArcAAG","PricebookEntryId":"01ug8000000XoZ7AAK","TotalPrice":19500.00,"Quantity":1.00,"ListPrice":19500.00,"OrderId":"801g800000DSRXTAA5"}|0x13f0499a
11:31:20.0 (37362220)|STATEMENT_EXECUTE|[192]
11:31:20.0 (37364754)|STATEMENT_EXECUTE|[193]
11:31:20.0 (37390385)|HEAP_ALLOCATE|[EXTERNAL]|Bytes:4
11:31:20.0 (37416486)|HEAP_ALLOCATE|[192]|Bytes:5
11:31:20.0 (37434054)|VARIABLE_ASSIGNMENT|[192]|ot|null|
11:31:20.0 (37441095)|STATEMENT_EXECUTE|[196]
11:31:20.0 (39113888)|HEAP_ALLOCATE|[196]|Bytes:1
11:31:20.0 (39158969)|METHOD_ENTRY|[1]|01pg8000001w1Md|OrderSelector.OrderSelector()
11:31:20.0 (39173826)|STATEMENT_EXECUTE|[1]
11:31:20.0 (39185499)|STATEMENT_EXECUTE|[1]
11:31:20.0 (39193386)|METHOD_EXIT|[1]|OrderSelector
11:31:20.0 (39228361)|METHOD_ENTRY|[196]|01pg8000001w1Md|OrderSelector.getOrdersByIds(Set<Id>)
11:31:20.0 (39257081)|VARIABLE_SCOPE_BEGIN|[2]|ids|Set<Id>|true|false
11:31:20.0 (39278339)|VARIABLE_ASSIGNMENT|[2]|ids|["801g800000DSRXTAA5"]|0x72d11db2
11:31:20.0 (39287896)|STATEMENT_EXECUTE|[2]
11:31:20.0 (39289728)|STATEMENT_EXECUTE|[3]
11:31:20.0 (39310660)|HEAP_ALLOCATE|[3]|Bytes:4
11:31:20.0 (39317521)|HEAP_ALLOCATE|[3]|Bytes:113
11:31:20.0 (39328781)|HEAP_ALLOCATE|[3]|Bytes:4
11:31:20.0 (39340495)|HEAP_ALLOCATE|[3]|Bytes:7
11:31:20.0 (40183536)|SOQL_EXECUTE_BEGIN|[3]|Aggregations:0|SELECT Id, DistributionCenter__c, State__c, City__c, Country__c, AccountId, Status FROM Order WHERE Id = :tmpVar1
11:31:20.0 (48403662)|SOQL_EXECUTE_END|[3]|Rows:1
11:31:20.0 (48451412)|HEAP_ALLOCATE|[3]|Bytes:8
11:31:20.0 (48476421)|HEAP_ALLOCATE|[3]|Bytes:209
11:31:20.0 (48575043)|HEAP_ALLOCATE|[3]|Bytes:8
11:31:20.0 (48636158)|HEAP_ALLOCATE|[3]|Bytes:32
11:31:20.0 (48655344)|HEAP_ALLOCATE|[3]|Bytes:4
11:31:20.0 (48675647)|METHOD_EXIT|[196]|01pg8000001w1Md|OrderSelector.getOrdersByIds(Set<Id>)
11:31:20.0 (48856715)|VARIABLE_ASSIGNMENT|[196]|idMapOrders|{"801g800000DSRXTAA5":{"Status":"Draft","City__c":"a05g8000001KAc9AAG","Country__c":"a03g8000004x8aeAAA","AccountId":"001g800000DSRXSAA5","DistributionCenter__c":"a06g8000000wkLpAAI","Id":"801g800000DSRXTAA5","State__c":"a04g8000000QmaTAAS"}}|0x1ae8cb9b
11:31:20.0 (48946166)|HEAP_ALLOCATE|[198]|Bytes:5
11:31:20.0 (48967836)|HEAP_ALLOCATE|[198]|Bytes:4
11:31:20.0 (48982059)|VARIABLE_SCOPE_BEGIN|[198]|ot|OrderItem|true|false
11:31:20.0 (50061046)|VARIABLE_ASSIGNMENT|[198]|ot|{"Product_Code_Display__c":"P003","IsDeleted":false,"UnitPrice":1350000.00,"Product2Id":"01tg8000001BArVAAW","PricebookEntryId":"01ug8000000XnbRAAS","TotalPrice":2700000.00,"Quantity":2.00,"ListPrice":1350000.00,"OrderId":"801g800000DSRXTAA5"}|0x7162d508
11:31:20.0 (50092516)|STATEMENT_EXECUTE|[198]
11:31:20.0 (50094784)|STATEMENT_EXECUTE|[199]
11:31:20.0 (50178845)|VARIABLE_SCOPE_BEGIN|[199]|pedido|Order|true|false
11:31:20.0 (50255786)|VARIABLE_ASSIGNMENT|[199]|pedido|{"Status":"Draft","City__c":"a05g8000001KAc9AAG","Country__c":"a03g8000004x8aeAAA","AccountId":"001g800000DSRXSAA5","DistributionCenter__c":"a06g8000000wkLpAAI","Id":"801g800000DSRXTAA5","State__c":"a04g8000000QmaTAAS"}|0x4d22763b
11:31:20.0 (50285025)|HEAP_ALLOCATE|[200]|Bytes:5
11:31:20.0 (50324732)|STATEMENT_EXECUTE|[200]
11:31:20.0 (50341270)|HEAP_ALLOCATE|[198]|Bytes:5
11:31:20.0 (50354962)|HEAP_ALLOCATE|[198]|Bytes:4
11:31:20.0 (50359512)|VARIABLE_SCOPE_BEGIN|[198]|ot|OrderItem|true|false
11:31:20.0 (51024674)|VARIABLE_ASSIGNMENT|[198]|ot|{"Product_Code_Display__c":"P010","IsDeleted":false,"UnitPrice":19500.00,"Product2Id":"01tg8000001BArcAAG","PricebookEntryId":"01ug8000000XoZ7AAK","TotalPrice":19500.00,"Quantity":1.00,"ListPrice":19500.00,"OrderId":"801g800000DSRXTAA5"}|0x13f0499a
11:31:20.0 (51043127)|STATEMENT_EXECUTE|[198]
11:31:20.0 (51045672)|STATEMENT_EXECUTE|[199]
11:31:20.0 (51071605)|VARIABLE_SCOPE_BEGIN|[199]|pedido|Order|true|false
11:31:20.0 (51147293)|VARIABLE_ASSIGNMENT|[199]|pedido|{"Status":"Draft","City__c":"a05g8000001KAc9AAG","Country__c":"a03g8000004x8aeAAA","AccountId":"001g800000DSRXSAA5","DistributionCenter__c":"a06g8000000wkLpAAI","Id":"801g800000DSRXTAA5","State__c":"a04g8000000QmaTAAS"}|0x4d22763b
11:31:20.0 (51171777)|STATEMENT_EXECUTE|[200]
11:31:20.0 (51185956)|HEAP_ALLOCATE|[198]|Bytes:5
11:31:20.0 (51199144)|VARIABLE_ASSIGNMENT|[198]|ot|null|
11:31:20.0 (51210604)|METHOD_EXIT|[19]|01pg8000001EZwd|OrdemItemHandler.checkActiveOrderItem()
11:31:20.0 (51217182)|STATEMENT_EXECUTE|[20]
11:31:20.0 (51234945)|METHOD_ENTRY|[20]|01pg8000001EZwd|OrdemItemHandler.executePricingLogic()
11:31:20.0 (51268980)|VARIABLE_SCOPE_BEGIN|[35]|this|OrdemItemHandler|true|false
11:31:20.0 (51335541)|VARIABLE_ASSIGNMENT|[35]|this|{"newRecords":"0x34fafd96","handlerName":"OrderItemHandler","isTriggerExecuting":true,"triggerEvent":"0x78b1b322"}|0xa81cd41
11:31:20.0 (51348592)|STATEMENT_EXECUTE|[35]
11:31:20.0 (51350781)|STATEMENT_EXECUTE|[37]
11:31:20.0 (51372673)|HEAP_ALLOCATE|[37]|Bytes:4
11:31:20.0 (51406897)|VARIABLE_SCOPE_BEGIN|[37]|setOrderIds|Set<Id>|true|false
11:31:20.0 (51448139)|VARIABLE_ASSIGNMENT|[37]|setOrderIds|[]|0x26dfe3fd
11:31:20.0 (51454092)|STATEMENT_EXECUTE|[38]
11:31:20.0 (51459219)|HEAP_ALLOCATE|[38]|Bytes:4
11:31:20.0 (51470663)|VARIABLE_SCOPE_BEGIN|[38]|setProductIds|Set<Id>|true|false
11:31:20.0 (51487150)|VARIABLE_ASSIGNMENT|[38]|setProductIds|[]|0x52a88bb0
11:31:20.0 (51491920)|STATEMENT_EXECUTE|[39]
11:31:20.0 (51495255)|HEAP_ALLOCATE|[39]|Bytes:4
11:31:20.0 (51504728)|VARIABLE_SCOPE_BEGIN|[39]|setAccountIds|Set<Id>|true|false
11:31:20.0 (51514700)|VARIABLE_ASSIGNMENT|[39]|setAccountIds|[]|0xce5ac70
11:31:20.0 (51519648)|STATEMENT_EXECUTE|[42]
11:31:20.0 (51573856)|HEAP_ALLOCATE|[42]|Bytes:4
11:31:20.0 (51606901)|VARIABLE_SCOPE_BEGIN|[42]|itemsByOrderId|Map<Id,List<OrderItem>>|true|false
11:31:20.0 (51617476)|VARIABLE_ASSIGNMENT|[42]|itemsByOrderId|{}|0x4c4b801c
11:31:20.0 (51654051)|HEAP_ALLOCATE|[45]|Bytes:5
11:31:20.0 (51666458)|HEAP_ALLOCATE|[45]|Bytes:4
11:31:20.0 (51672636)|VARIABLE_SCOPE_BEGIN|[45]|item|OrderItem|true|false
11:31:20.0 (52452657)|VARIABLE_ASSIGNMENT|[45]|item|{"Product_Code_Display__c":"P003","IsDeleted":false,"UnitPrice":1350000.00,"Product2Id":"01tg8000001BArVAAW","PricebookEntryId":"01ug8000000XnbRAAS","TotalPrice":2700000.00,"Quantity":2.00,"ListPrice":1350000.00,"OrderId":"801g800000DSRXTAA5"}|0x7162d508
11:31:20.0 (52467434)|STATEMENT_EXECUTE|[45]
11:31:20.0 (52477315)|STATEMENT_EXECUTE|[46]
11:31:20.0 (52478970)|STATEMENT_EXECUTE|[47]
11:31:20.0 (52513686)|HEAP_ALLOCATE|[EXTERNAL]|Bytes:4
11:31:20.0 (52544354)|STATEMENT_EXECUTE|[49]
11:31:20.0 (52556275)|HEAP_ALLOCATE|[49]|Bytes:4
11:31:20.0 (52572960)|HEAP_ALLOCATE|[EXTERNAL]|Bytes:4
11:31:20.0 (52581006)|HEAP_ALLOCATE|[EXTERNAL]|Bytes:-4
11:31:20.0 (52586028)|STATEMENT_EXECUTE|[50]
11:31:20.0 (52623176)|HEAP_ALLOCATE|[EXTERNAL]|Bytes:4
11:31:20.0 (52646958)|STATEMENT_EXECUTE|[52]
11:31:20.0 (52655340)|HEAP_ALLOCATE|[EXTERNAL]|Bytes:4
11:31:20.0 (52667276)|HEAP_ALLOCATE|[45]|Bytes:5
11:31:20.0 (52677152)|HEAP_ALLOCATE|[45]|Bytes:4
11:31:20.0 (52682721)|VARIABLE_SCOPE_BEGIN|[45]|item|OrderItem|true|false
11:31:20.0 (53616707)|VARIABLE_ASSIGNMENT|[45]|item|{"Product_Code_Display__c":"P010","IsDeleted":false,"UnitPrice":19500.00,"Product2Id":"01tg8000001BArcAAG","PricebookEntryId":"01ug8000000XoZ7AAK","TotalPrice":19500.00,"Quantity":1.00,"ListPrice":19500.00,"OrderId":"801g800000DSRXTAA5"}|0x13f0499a
11:31:20.0 (53628611)|STATEMENT_EXECUTE|[45]
11:31:20.0 (53634208)|STATEMENT_EXECUTE|[46]
11:31:20.0 (53635677)|STATEMENT_EXECUTE|[47]
11:31:20.0 (53643019)|HEAP_ALLOCATE|[EXTERNAL]|Bytes:4
11:31:20.0 (53656223)|STATEMENT_EXECUTE|[49]
11:31:20.0 (53657688)|STATEMENT_EXECUTE|[50]
11:31:20.0 (53682886)|HEAP_ALLOCATE|[EXTERNAL]|Bytes:4
11:31:20.0 (53688509)|STATEMENT_EXECUTE|[52]
11:31:20.0 (53691862)|HEAP_ALLOCATE|[EXTERNAL]|Bytes:4
11:31:20.0 (53701993)|HEAP_ALLOCATE|[45]|Bytes:5
11:31:20.0 (53711161)|VARIABLE_ASSIGNMENT|[45]|item|null|
11:31:20.0 (53715612)|STATEMENT_EXECUTE|[56]
11:31:20.0 (53723792)|METHOD_ENTRY|[56]|01pg8000001w1Md|OrderSelector.getOrdersByIds(Set<Id>)
11:31:20.0 (53736512)|VARIABLE_SCOPE_BEGIN|[2]|ids|Set<Id>|true|false
11:31:20.0 (53746321)|VARIABLE_ASSIGNMENT|[2]|ids|["801g800000DSRXTAA5"]|0x26dfe3fd
11:31:20.0 (53752607)|STATEMENT_EXECUTE|[2]
11:31:20.0 (53753830)|STATEMENT_EXECUTE|[3]
11:31:20.0 (53762951)|HEAP_ALLOCATE|[3]|Bytes:4
11:31:20.0 (53770071)|HEAP_ALLOCATE|[3]|Bytes:4
11:31:20.0 (54158504)|SOQL_EXECUTE_BEGIN|[3]|Aggregations:0|SELECT Id, DistributionCenter__c, State__c, City__c, Country__c, AccountId, Status FROM Order WHERE Id = :tmpVar1
11:31:20.0 (58316303)|SOQL_EXECUTE_END|[3]|Rows:1
11:31:20.0 (58350043)|HEAP_ALLOCATE|[3]|Bytes:8
11:31:20.0 (58369095)|HEAP_ALLOCATE|[3]|Bytes:209
11:31:20.0 (58410152)|HEAP_ALLOCATE|[3]|Bytes:8
11:31:20.0 (58433359)|HEAP_ALLOCATE|[3]|Bytes:32
11:31:20.0 (58449482)|HEAP_ALLOCATE|[3]|Bytes:4
11:31:20.0 (58462263)|METHOD_EXIT|[56]|01pg8000001w1Md|OrderSelector.getOrdersByIds(Set<Id>)
11:31:20.0 (58469874)|VARIABLE_SCOPE_BEGIN|[56]|mapOrders|Map<Id,Order>|true|false
11:31:20.0 (58573883)|VARIABLE_ASSIGNMENT|[56]|mapOrders|{"801g800000DSRXTAA5":{"Status":"Draft","City__c":"a05g8000001KAc9AAG","Country__c":"a03g8000004x8aeAAA","AccountId":"001g800000DSRXSAA5","DistributionCenter__c":"a06g8000000wkLpAAI","Id":"801g800000DSRXTAA5","State__c":"a04g8000000QmaTAAS"}}|0x5d24db5c
11:31:20.0 (58618064)|HEAP_ALLOCATE|[EXTERNAL]|Bytes:8
11:31:20.0 (58626181)|HEAP_ALLOCATE|[58]|Bytes:216
11:31:20.0 (58781734)|HEAP_ALLOCATE|[58]|Bytes:5
11:31:20.0 (58791664)|HEAP_ALLOCATE|[58]|Bytes:32
11:31:20.0 (58798907)|VARIABLE_SCOPE_BEGIN|[58]|o|Order|true|false
11:31:20.0 (58841215)|VARIABLE_ASSIGNMENT|[58]|o|{"Status":"Draft","City__c":"a05g8000001KAc9AAG","Country__c":"a03g8000004x8aeAAA","AccountId":"001g800000DSRXSAA5","DistributionCenter__c":"a06g8000000wkLpAAI","Id":"801g800000DSRXTAA5","State__c":"a04g8000000QmaTAAS"}|0x7e8c4558
11:31:20.0 (58859086)|STATEMENT_EXECUTE|[58]
11:31:20.0 (58889551)|HEAP_ALLOCATE|[EXTERNAL]|Bytes:4
11:31:20.0 (58897795)|HEAP_ALLOCATE|[58]|Bytes:5
11:31:20.0 (58904179)|VARIABLE_ASSIGNMENT|[58]|o|null|
11:31:20.0 (58909330)|STATEMENT_EXECUTE|[60]
11:31:20.0 (60445365)|HEAP_ALLOCATE|[60]|Bytes:1
11:31:20.0 (60478311)|METHOD_ENTRY|[1]|01pg8000001w1MX|AccountSelector.AccountSelector()
11:31:20.0 (60487341)|STATEMENT_EXECUTE|[1]
11:31:20.0 (60496283)|STATEMENT_EXECUTE|[1]
11:31:20.0 (60502764)|METHOD_EXIT|[1]|AccountSelector
11:31:20.0 (60527847)|METHOD_ENTRY|[60]|01pg8000001w1MX|AccountSelector.getAccountByIds(Set<Id>)
11:31:20.0 (60608701)|VARIABLE_SCOPE_BEGIN|[2]|ids|Set<Id>|true|false
11:31:20.0 (60626202)|VARIABLE_ASSIGNMENT|[2]|ids|["001g800000DSRXSAA5"]|0xce5ac70
11:31:20.0 (60633565)|STATEMENT_EXECUTE|[2]
11:31:20.0 (60634905)|STATEMENT_EXECUTE|[3]
11:31:20.0 (60645440)|HEAP_ALLOCATE|[3]|Bytes:4
11:31:20.0 (60648912)|HEAP_ALLOCATE|[3]|Bytes:59
11:31:20.0 (60655136)|HEAP_ALLOCATE|[3]|Bytes:4
11:31:20.0 (61032264)|SOQL_EXECUTE_BEGIN|[3]|Aggregations:0|SELECT Id, AccountGroup__c FROM Account WHERE Id = :tmpVar1
11:31:20.0 (66691695)|SOQL_EXECUTE_END|[3]|Rows:1
11:31:20.0 (66727480)|HEAP_ALLOCATE|[3]|Bytes:8
11:31:20.0 (66745121)|HEAP_ALLOCATE|[3]|Bytes:66
11:31:20.0 (66828343)|HEAP_ALLOCATE|[3]|Bytes:8
11:31:20.0 (66897077)|HEAP_ALLOCATE|[3]|Bytes:12
11:31:20.0 (66913566)|HEAP_ALLOCATE|[3]|Bytes:4
11:31:20.0 (66929999)|METHOD_EXIT|[60]|01pg8000001w1MX|AccountSelector.getAccountByIds(Set<Id>)
11:31:20.0 (66952702)|VARIABLE_SCOPE_BEGIN|[60]|mapAccounts|Map<Id,Account>|true|false
11:31:20.0 (67050792)|VARIABLE_ASSIGNMENT|[60]|mapAccounts|{"001g800000DSRXSAA5":{"AccountGroup__c":"a02g8000002871ZAAQ","Id":"001g800000DSRXSAA5"}}|0x35abd05e
11:31:20.0 (67070876)|STATEMENT_EXECUTE|[62]
11:31:20.0 (68997822)|HEAP_ALLOCATE|[62]|Bytes:1
11:31:20.0 (69037420)|METHOD_ENTRY|[1]|01pg8000001w1Mf|ProductSelector.ProductSelector()
11:31:20.0 (69047593)|STATEMENT_EXECUTE|[1]
11:31:20.0 (69058472)|STATEMENT_EXECUTE|[1]
11:31:20.0 (69065382)|METHOD_EXIT|[1]|ProductSelector
11:31:20.0 (69097649)|METHOD_ENTRY|[62]|01pg8000001w1Mf|ProductSelector.getProductByIds(Set<Id>)
11:31:20.0 (69259004)|VARIABLE_SCOPE_BEGIN|[2]|ids|Set<Id>|true|false
11:31:20.0 (69288810)|VARIABLE_ASSIGNMENT|[2]|ids|["01tg8000001BArVAAW","01tg8000001BArcAAG"]|0x52a88bb0
11:31:20.0 (69302947)|STATEMENT_EXECUTE|[2]
11:31:20.0 (69304724)|STATEMENT_EXECUTE|[3]
11:31:20.0 (69319988)|HEAP_ALLOCATE|[3]|Bytes:4
11:31:20.0 (69326582)|HEAP_ALLOCATE|[3]|Bytes:83
11:31:20.0 (69333906)|HEAP_ALLOCATE|[3]|Bytes:4
11:31:20.0 (69869887)|SOQL_EXECUTE_BEGIN|[3]|Aggregations:0|SELECT Id, ProductionCost__c, ProductHierarchy__c FROM Product2 WHERE Id = :tmpVar1
11:31:20.0 (77618706)|SOQL_EXECUTE_END|[3]|Rows:2
11:31:20.0 (77651618)|HEAP_ALLOCATE|[3]|Bytes:12
11:31:20.0 (77669570)|HEAP_ALLOCATE|[3]|Bytes:254
11:31:20.0 (77735386)|HEAP_ALLOCATE|[3]|Bytes:12
11:31:20.0 (77798765)|HEAP_ALLOCATE|[3]|Bytes:16
11:31:20.0 (77813872)|HEAP_ALLOCATE|[3]|Bytes:4
11:31:20.0 (77818708)|HEAP_ALLOCATE|[3]|Bytes:16
11:31:20.0 (77822658)|HEAP_ALLOCATE|[3]|Bytes:4
11:31:20.0 (77834506)|METHOD_EXIT|[62]|01pg8000001w1Mf|ProductSelector.getProductByIds(Set<Id>)
11:31:20.0 (77844742)|VARIABLE_SCOPE_BEGIN|[62]|mapProducts|Map<Id,Product2>|true|false
11:31:20.0 (77979769)|VARIABLE_ASSIGNMENT|[62]|mapProducts|{"01tg8000001BArVAAW":{"ProductionCost__c":900000.00,"ProductHierarchy__c":"a01g8000007otrhAAA","Id":"01tg8000001BArVAAW"},"01tg8000001BArcAAG":{"ProductionCost__c":12000.00,"ProductHierarchy__c":"a01g8000007otrpAAA","Id":"01tg8000001BArcAAG"}}|0x6d6c1e02
11:31:20.0 (78010234)|STATEMENT_EXECUTE|[65]
11:31:20.0 (79867103)|HEAP_ALLOCATE|[65]|Bytes:1
11:31:20.0 (79905821)|METHOD_ENTRY|[1]|01pg8000001w1MZ|MargemSelector.MargemSelector()
11:31:20.0 (80140201)|STATEMENT_EXECUTE|[1]
11:31:20.0 (80153943)|STATEMENT_EXECUTE|[1]
11:31:20.0 (80159569)|METHOD_EXIT|[1]|MargemSelector
11:31:20.0 (80191685)|METHOD_ENTRY|[65]|01pg8000001w1MZ|MargemSelector.getMargemApproved()
11:31:20.0 (80286458)|STATEMENT_EXECUTE|[2]
11:31:20.0 (80298540)|STATEMENT_EXECUTE|[3]
11:31:20.0 (80302222)|HEAP_ALLOCATE|[3]|Bytes:165
11:31:20.0 (80316286)|HEAP_ALLOCATE|[3]|Bytes:4
11:31:20.0 (81851644)|SOQL_EXECUTE_BEGIN|[3]|Aggregations:0|SELECT Product__c, ProductHierarchy__c, Account__c, AccountGroup__c, City__c, State__c, Country__c, MarginValuePercent__c FROM Margem__c WHERE Status__c = 'Approved'
11:31:20.0 (90723502)|SOQL_EXECUTE_END|[3]|Rows:7
11:31:20.0 (90761481)|HEAP_ALLOCATE|[3]|Bytes:32
11:31:20.0 (90793395)|HEAP_ALLOCATE|[3]|Bytes:1354
11:31:20.0 (90852730)|HEAP_ALLOCATE|[3]|Bytes:32
11:31:20.0 (90886145)|METHOD_EXIT|[65]|01pg8000001w1MZ|MargemSelector.getMargemApproved()
11:31:20.0 (90898521)|VARIABLE_SCOPE_BEGIN|[65]|listMargins|List<Margem__c>|true|false
11:31:20.0 (90924888)|VARIABLE_ASSIGNMENT|[65]|listMargins|"List of size 7 too large to display"|0x746f58c8
11:31:20.0 (90962241)|STATEMENT_EXECUTE|[68]
11:31:20.0 (91021061)|HEAP_ALLOCATE|[68]|Bytes:4
11:31:20.0 (91062463)|VARIABLE_SCOPE_BEGIN|[68]|mapMargin|Map<String,Margem__c>|true|false
11:31:20.0 (91077779)|VARIABLE_ASSIGNMENT|[68]|mapMargin|{}|0x59b7d5da
11:31:20.0 (91276600)|HEAP_ALLOCATE|[69]|Bytes:5
11:31:20.0 (91303950)|HEAP_ALLOCATE|[69]|Bytes:24
11:31:20.0 (91314423)|VARIABLE_SCOPE_BEGIN|[69]|m|Margem__c|true|false
11:31:20.0 (91451233)|VARIABLE_ASSIGNMENT|[69]|m|{"Id":"a00g800000JZjxxAAD","AccountGroup__c":"a02g8000002871ZAAQ","ProductHierarchy__c":"a01g8000007otrhAAA","State__c":"a04g8000000QmaTAAS","MarginValuePercent__c":15.00}|0x50a910a5
11:31:20.0 (92237942)|STATEMENT_EXECUTE|[69]
11:31:20.0 (92286631)|STATEMENT_EXECUTE|[70]
11:31:20.0 (92434778)|HEAP_ALLOCATE|[70]|Bytes:18
11:31:20.0 (92453404)|VARIABLE_SCOPE_BEGIN|[70]|p|String|false|false
11:31:20.0 (92468917)|VARIABLE_ASSIGNMENT|[70]|p|"a01g8000007otrhAAA"
11:31:20.0 (92475329)|STATEMENT_EXECUTE|[71]
11:31:20.0 (92507954)|HEAP_ALLOCATE|[71]|Bytes:18
11:31:20.0 (92513804)|VARIABLE_SCOPE_BEGIN|[71]|a|String|false|false
11:31:20.0 (92519798)|VARIABLE_ASSIGNMENT|[71]|a|"a02g8000002871ZAAQ"
11:31:20.0 (92523354)|STATEMENT_EXECUTE|[72]
11:31:20.0 (92542708)|HEAP_ALLOCATE|[72]|Bytes:18
11:31:20.0 (92547419)|VARIABLE_SCOPE_BEGIN|[72]|l|String|false|false
11:31:20.0 (92552558)|VARIABLE_ASSIGNMENT|[72]|l|"a04g8000000QmaTAAS"
11:31:20.0 (92555246)|STATEMENT_EXECUTE|[75]
11:31:20.0 (92558312)|HEAP_ALLOCATE|[75]|Bytes:1
11:31:20.0 (92573285)|HEAP_ALLOCATE|[75]|Bytes:56
11:31:20.0 (92575424)|VARIABLE_SCOPE_BEGIN|[75]|compositeKey|String|false|false
11:31:20.0 (92581249)|VARIABLE_ASSIGNMENT|[75]|compositeKey|"a01g8000007otrhAAA_a (36 more) ..."
11:31:20.0 (92583744)|STATEMENT_EXECUTE|[76]
11:31:20.0 (92613324)|HEAP_ALLOCATE|[EXTERNAL]|Bytes:-4
11:31:20.0 (92619675)|STATEMENT_EXECUTE|[77]
11:31:20.0 (92621740)|HEAP_ALLOCATE|[77]|Bytes:28
11:31:20.0 (92631851)|HEAP_ALLOCATE|[77]|Bytes:84
11:31:20.0 (92688031)|USER_DEBUG|[77]|DEBUG|MAPA MARGEM - Chave Gerada: a01g8000007otrhAAA_a02g8000002871ZAAQ_a04g8000000QmaTAAS
11:31:20.0 (92714046)|HEAP_ALLOCATE|[69]|Bytes:5
11:31:20.0 (92731693)|HEAP_ALLOCATE|[69]|Bytes:24
11:31:20.0 (92742166)|VARIABLE_SCOPE_BEGIN|[69]|m|Margem__c|true|false
11:31:20.0 (92845976)|VARIABLE_ASSIGNMENT|[69]|m|{"Account__c":"001g8000005VaOHAA0","City__c":"a05g8000001KAc9AAG","Id":"a00g800000JZjxyAAD","ProductHierarchy__c":"a01g8000007otrjAAA","MarginValuePercent__c":25.00}|0x2f7acbff
11:31:20.0 (92878715)|STATEMENT_EXECUTE|[69]
11:31:20.0 (92880642)|STATEMENT_EXECUTE|[70]
11:31:20.0 (92898751)|HEAP_ALLOCATE|[70]|Bytes:18
11:31:20.0 (92905862)|VARIABLE_SCOPE_BEGIN|[70]|p|String|false|false
11:31:20.0 (92911332)|VARIABLE_ASSIGNMENT|[70]|p|"a01g8000007otrjAAA"
11:31:20.0 (92914066)|STATEMENT_EXECUTE|[71]
11:31:20.0 (92928258)|HEAP_ALLOCATE|[71]|Bytes:18
11:31:20.0 (92932596)|VARIABLE_SCOPE_BEGIN|[71]|a|String|false|false
11:31:20.0 (92936959)|VARIABLE_ASSIGNMENT|[71]|a|"001g8000005VaOHAA0"
11:31:20.0 (92939387)|STATEMENT_EXECUTE|[72]
11:31:20.0 (92948112)|HEAP_ALLOCATE|[72]|Bytes:18
11:31:20.0 (92952362)|VARIABLE_SCOPE_BEGIN|[72]|l|String|false|false
11:31:20.0 (92956590)|VARIABLE_ASSIGNMENT|[72]|l|"a05g8000001KAc9AAG"
11:31:20.0 (92959151)|STATEMENT_EXECUTE|[75]
11:31:20.0 (92962868)|HEAP_ALLOCATE|[75]|Bytes:56
11:31:20.0 (92964812)|VARIABLE_SCOPE_BEGIN|[75]|compositeKey|String|false|false
11:31:20.0 (92969720)|VARIABLE_ASSIGNMENT|[75]|compositeKey|"a01g8000007otrjAAA_0 (36 more) ..."
11:31:20.0 (92972060)|STATEMENT_EXECUTE|[76]
11:31:20.0 (92978252)|HEAP_ALLOCATE|[EXTERNAL]|Bytes:-4
11:31:20.0 (92981938)|STATEMENT_EXECUTE|[77]
11:31:20.0 (92984421)|HEAP_ALLOCATE|[77]|Bytes:84
11:31:20.0 (92993703)|USER_DEBUG|[77]|DEBUG|MAPA MARGEM - Chave Gerada: a01g8000007otrjAAA_001g8000005VaOHAA0_a05g8000001KAc9AAG
11:31:20.0 (93003068)|HEAP_ALLOCATE|[69]|Bytes:5
11:31:20.0 (93011202)|HEAP_ALLOCATE|[69]|Bytes:24
11:31:20.0 (93014787)|VARIABLE_SCOPE_BEGIN|[69]|m|Margem__c|true|false
11:31:20.0 (93054370)|VARIABLE_ASSIGNMENT|[69]|m|{"Account__c":"001g8000005VaOHAA0","Product__c":"01tg8000001BArcAAG","Id":"a00g800000JZjxzAAD","State__c":"a04g8000000QmaTAAS","MarginValuePercent__c":5.00}|0x52f8eced
11:31:20.0 (93058886)|STATEMENT_EXECUTE|[69]
11:31:20.0 (93060254)|STATEMENT_EXECUTE|[70]
11:31:20.0 (93071747)|HEAP_ALLOCATE|[70]|Bytes:18
11:31:20.0 (93076295)|VARIABLE_SCOPE_BEGIN|[70]|p|String|false|false
11:31:20.0 (93080542)|VARIABLE_ASSIGNMENT|[70]|p|"01tg8000001BArcAAG"
11:31:20.0 (93083025)|STATEMENT_EXECUTE|[71]
11:31:20.0 (93087919)|HEAP_ALLOCATE|[71]|Bytes:18
11:31:20.0 (93092055)|VARIABLE_SCOPE_BEGIN|[71]|a|String|false|false
11:31:20.0 (93096119)|VARIABLE_ASSIGNMENT|[71]|a|"001g8000005VaOHAA0"
11:31:20.0 (93098346)|STATEMENT_EXECUTE|[72]
11:31:20.0 (93104053)|HEAP_ALLOCATE|[72]|Bytes:18
11:31:20.0 (93108011)|VARIABLE_SCOPE_BEGIN|[72]|l|String|false|false
11:31:20.0 (93112229)|VARIABLE_ASSIGNMENT|[72]|l|"a04g8000000QmaTAAS"
11:31:20.0 (93114454)|STATEMENT_EXECUTE|[75]
11:31:20.0 (93116606)|HEAP_ALLOCATE|[75]|Bytes:56
11:31:20.0 (93118523)|VARIABLE_SCOPE_BEGIN|[75]|compositeKey|String|false|false
11:31:20.0 (93122863)|VARIABLE_ASSIGNMENT|[75]|compositeKey|"01tg8000001BArcAAG_0 (36 more) ..."
11:31:20.0 (93125031)|STATEMENT_EXECUTE|[76]
11:31:20.0 (93128393)|HEAP_ALLOCATE|[EXTERNAL]|Bytes:-4
11:31:20.0 (93131384)|STATEMENT_EXECUTE|[77]
11:31:20.0 (93133150)|HEAP_ALLOCATE|[77]|Bytes:84
11:31:20.0 (93137970)|USER_DEBUG|[77]|DEBUG|MAPA MARGEM - Chave Gerada: 01tg8000001BArcAAG_001g8000005VaOHAA0_a04g8000000QmaTAAS
11:31:20.0 (93144028)|HEAP_ALLOCATE|[69]|Bytes:5
11:31:20.0 (93148449)|HEAP_ALLOCATE|[69]|Bytes:24
11:31:20.0 (93151146)|VARIABLE_SCOPE_BEGIN|[69]|m|Margem__c|true|false
11:31:20.0 (93218679)|VARIABLE_ASSIGNMENT|[69]|m|{"Country__c":"a03g8000004x8aeAAA","Id":"a00g800000JZjy0AAD","AccountGroup__c":"a02g8000002871ZAAQ","ProductHierarchy__c":"a01g8000007otrqAAA","MarginValuePercent__c":30.00}|0x69dce15b
11:31:20.0 (93224374)|STATEMENT_EXECUTE|[69]
11:31:20.0 (93225489)|STATEMENT_EXECUTE|[70]
11:31:20.0 (93234368)|HEAP_ALLOCATE|[70]|Bytes:18
11:31:20.0 (93238920)|VARIABLE_SCOPE_BEGIN|[70]|p|String|false|false
11:31:20.0 (93243547)|VARIABLE_ASSIGNMENT|[70]|p|"a01g8000007otrqAAA"
11:31:20.0 (93245909)|STATEMENT_EXECUTE|[71]
11:31:20.0 (93251745)|HEAP_ALLOCATE|[71]|Bytes:18
11:31:20.0 (93255621)|VARIABLE_SCOPE_BEGIN|[71]|a|String|false|false
11:31:20.0 (93259935)|VARIABLE_ASSIGNMENT|[71]|a|"a02g8000002871ZAAQ"
11:31:20.0 (93262223)|STATEMENT_EXECUTE|[72]
11:31:20.0 (93273262)|HEAP_ALLOCATE|[72]|Bytes:18
11:31:20.0 (93277278)|VARIABLE_SCOPE_BEGIN|[72]|l|String|false|false
11:31:20.0 (93281529)|VARIABLE_ASSIGNMENT|[72]|l|"a03g8000004x8aeAAA"
11:31:20.0 (93283747)|STATEMENT_EXECUTE|[75]
11:31:20.0 (93285899)|HEAP_ALLOCATE|[75]|Bytes:56
11:31:20.0 (93287866)|VARIABLE_SCOPE_BEGIN|[75]|compositeKey|String|false|false
11:31:20.0 (93292407)|VARIABLE_ASSIGNMENT|[75]|compositeKey|"a01g8000007otrqAAA_a (36 more) ..."
11:31:20.0 (93294547)|STATEMENT_EXECUTE|[76]
11:31:20.0 (93297794)|HEAP_ALLOCATE|[EXTERNAL]|Bytes:-4
11:31:20.0 (93300948)|STATEMENT_EXECUTE|[77]
11:31:20.0 (93302586)|HEAP_ALLOCATE|[77]|Bytes:84
11:31:20.0 (93307777)|USER_DEBUG|[77]|DEBUG|MAPA MARGEM - Chave Gerada: a01g8000007otrqAAA_a02g8000002871ZAAQ_a03g8000004x8aeAAA
11:31:20.0 (93314004)|HEAP_ALLOCATE|[69]|Bytes:5
11:31:20.0 (93318705)|HEAP_ALLOCATE|[69]|Bytes:24
11:31:20.0 (93321459)|VARIABLE_SCOPE_BEGIN|[69]|m|Margem__c|true|false
11:31:20.0 (93344590)|VARIABLE_ASSIGNMENT|[69]|m|{"Id":"a00g800000JiEZdAAN","AccountGroup__c":"a02g8000002871ZAAQ","ProductHierarchy__c":"a01g8000007otrhAAA","State__c":"a04g8000000VkhhAAC","MarginValuePercent__c":15.00}|0x7168e8fd
11:31:20.0 (93348798)|STATEMENT_EXECUTE|[69]
11:31:20.0 (93349907)|STATEMENT_EXECUTE|[70]
11:31:20.0 (93356739)|HEAP_ALLOCATE|[70]|Bytes:18
11:31:20.0 (93361240)|VARIABLE_SCOPE_BEGIN|[70]|p|String|false|false
11:31:20.0 (93365356)|VARIABLE_ASSIGNMENT|[70]|p|"a01g8000007otrhAAA"
11:31:20.0 (93367655)|STATEMENT_EXECUTE|[71]
11:31:20.0 (93373175)|HEAP_ALLOCATE|[71]|Bytes:18
11:31:20.0 (93377114)|VARIABLE_SCOPE_BEGIN|[71]|a|String|false|false
11:31:20.0 (93380920)|VARIABLE_ASSIGNMENT|[71]|a|"a02g8000002871ZAAQ"
11:31:20.0 (93383180)|STATEMENT_EXECUTE|[72]
11:31:20.0 (93388460)|HEAP_ALLOCATE|[72]|Bytes:18
11:31:20.0 (93392311)|VARIABLE_SCOPE_BEGIN|[72]|l|String|false|false
11:31:20.0 (93396286)|VARIABLE_ASSIGNMENT|[72]|l|"a04g8000000VkhhAAC"
11:31:20.0 (93398586)|STATEMENT_EXECUTE|[75]
11:31:20.0 (93400638)|HEAP_ALLOCATE|[75]|Bytes:56
11:31:20.0 (93402477)|VARIABLE_SCOPE_BEGIN|[75]|compositeKey|String|false|false
11:31:20.0 (93406934)|VARIABLE_ASSIGNMENT|[75]|compositeKey|"a01g8000007otrhAAA_a (36 more) ..."
11:31:20.0 (93409143)|STATEMENT_EXECUTE|[76]
11:31:20.0 (93411980)|HEAP_ALLOCATE|[EXTERNAL]|Bytes:-4
11:31:20.0 (93414930)|STATEMENT_EXECUTE|[77]
11:31:20.0 (93416407)|HEAP_ALLOCATE|[77]|Bytes:84
11:31:20.0 (93420511)|USER_DEBUG|[77]|DEBUG|MAPA MARGEM - Chave Gerada: a01g8000007otrhAAA_a02g8000002871ZAAQ_a04g8000000VkhhAAC
11:31:20.0 (93426195)|HEAP_ALLOCATE|[69]|Bytes:5
11:31:20.0 (93430425)|HEAP_ALLOCATE|[69]|Bytes:24
11:31:20.0 (93432916)|VARIABLE_SCOPE_BEGIN|[69]|m|Margem__c|true|false
11:31:20.0 (93469170)|VARIABLE_ASSIGNMENT|[69]|m|{"Product__c":"01tg8000001BArcAAG","Id":"a00g800000OgMOPAA3","AccountGroup__c":"a02g8000002871ZAAQ","State__c":"a04g8000000QmaTAAS","MarginValuePercent__c":10.00}|0x8b4f01c
11:31:20.0 (93475820)|STATEMENT_EXECUTE|[69]
11:31:20.0 (93476987)|STATEMENT_EXECUTE|[70]
11:31:20.0 (93484503)|HEAP_ALLOCATE|[70]|Bytes:18
11:31:20.0 (93488979)|VARIABLE_SCOPE_BEGIN|[70]|p|String|false|false
11:31:20.0 (93493370)|VARIABLE_ASSIGNMENT|[70]|p|"01tg8000001BArcAAG"
11:31:20.0 (93495577)|STATEMENT_EXECUTE|[71]
11:31:20.0 (93500791)|HEAP_ALLOCATE|[71]|Bytes:18
11:31:20.0 (93504531)|VARIABLE_SCOPE_BEGIN|[71]|a|String|false|false
11:31:20.0 (93508564)|VARIABLE_ASSIGNMENT|[71]|a|"a02g8000002871ZAAQ"
11:31:20.0 (93510760)|STATEMENT_EXECUTE|[72]
11:31:20.0 (93515910)|HEAP_ALLOCATE|[72]|Bytes:18
11:31:20.0 (93519592)|VARIABLE_SCOPE_BEGIN|[72]|l|String|false|false
11:31:20.0 (93523607)|VARIABLE_ASSIGNMENT|[72]|l|"a04g8000000QmaTAAS"
11:31:20.0 (93525822)|STATEMENT_EXECUTE|[75]
11:31:20.0 (93527713)|HEAP_ALLOCATE|[75]|Bytes:56
11:31:20.0 (93529665)|VARIABLE_SCOPE_BEGIN|[75]|compositeKey|String|false|false
11:31:20.0 (93534164)|VARIABLE_ASSIGNMENT|[75]|compositeKey|"01tg8000001BArcAAG_a (36 more) ..."
11:31:20.0 (93536425)|STATEMENT_EXECUTE|[76]
11:31:20.0 (93539271)|HEAP_ALLOCATE|[EXTERNAL]|Bytes:-4
11:31:20.0 (93542235)|STATEMENT_EXECUTE|[77]
11:31:20.0 (93544056)|HEAP_ALLOCATE|[77]|Bytes:84
11:31:20.0 (93548442)|USER_DEBUG|[77]|DEBUG|MAPA MARGEM - Chave Gerada: 01tg8000001BArcAAG_a02g8000002871ZAAQ_a04g8000000QmaTAAS
11:31:20.0 (93554100)|HEAP_ALLOCATE|[69]|Bytes:5
11:31:20.0 (93558462)|HEAP_ALLOCATE|[69]|Bytes:24
11:31:20.0 (93561060)|VARIABLE_SCOPE_BEGIN|[69]|m|Margem__c|true|false
11:31:20.0 (93585656)|VARIABLE_ASSIGNMENT|[69]|m|{"Account__c":"001g8000005VaOHAA0","Id":"a00g800000Y90MLAAZ","ProductHierarchy__c":"a01g8000007otrhAAA","State__c":"a04g8000000Vm3ZAAS","MarginValuePercent__c":15.00}|0x1dbefa63
11:31:20.0 (93590051)|STATEMENT_EXECUTE|[69]
11:31:20.0 (93591137)|STATEMENT_EXECUTE|[70]
11:31:20.0 (93598148)|HEAP_ALLOCATE|[70]|Bytes:18
11:31:20.0 (93602437)|VARIABLE_SCOPE_BEGIN|[70]|p|String|false|false
11:31:20.0 (93606696)|VARIABLE_ASSIGNMENT|[70]|p|"a01g8000007otrhAAA"
11:31:20.0 (93608819)|STATEMENT_EXECUTE|[71]
11:31:20.0 (93613747)|HEAP_ALLOCATE|[71]|Bytes:18
11:31:20.0 (93617545)|VARIABLE_SCOPE_BEGIN|[71]|a|String|false|false
11:31:20.0 (93621631)|VARIABLE_ASSIGNMENT|[71]|a|"001g8000005VaOHAA0"
11:31:20.0 (93623714)|STATEMENT_EXECUTE|[72]
11:31:20.0 (93628835)|HEAP_ALLOCATE|[72]|Bytes:18
11:31:20.0 (93632672)|VARIABLE_SCOPE_BEGIN|[72]|l|String|false|false
11:31:20.0 (93636574)|VARIABLE_ASSIGNMENT|[72]|l|"a04g8000000Vm3ZAAS"
11:31:20.0 (93638760)|STATEMENT_EXECUTE|[75]
11:31:20.0 (93640636)|HEAP_ALLOCATE|[75]|Bytes:56
11:31:20.0 (93642418)|VARIABLE_SCOPE_BEGIN|[75]|compositeKey|String|false|false
11:31:20.0 (93646766)|VARIABLE_ASSIGNMENT|[75]|compositeKey|"a01g8000007otrhAAA_0 (36 more) ..."
11:31:20.0 (93649072)|STATEMENT_EXECUTE|[76]
11:31:20.0 (93651784)|HEAP_ALLOCATE|[EXTERNAL]|Bytes:-4
11:31:20.0 (93654642)|STATEMENT_EXECUTE|[77]
11:31:20.0 (93656276)|HEAP_ALLOCATE|[77]|Bytes:84
11:31:20.0 (93660437)|USER_DEBUG|[77]|DEBUG|MAPA MARGEM - Chave Gerada: a01g8000007otrhAAA_001g8000005VaOHAA0_a04g8000000Vm3ZAAS
11:31:20.0 (93666085)|HEAP_ALLOCATE|[69]|Bytes:5
11:31:20.0 (93672280)|VARIABLE_ASSIGNMENT|[69]|m|null|
11:31:20.0 (93676428)|STATEMENT_EXECUTE|[81]
11:31:20.0 (95582157)|HEAP_ALLOCATE|[81]|Bytes:1
11:31:20.0 (95619749)|METHOD_ENTRY|[1]|01pg8000001w1Mg|TaxSelector.TaxSelector()
11:31:20.0 (95627254)|STATEMENT_EXECUTE|[1]
11:31:20.0 (95649971)|STATEMENT_EXECUTE|[1]
11:31:20.0 (95655804)|METHOD_EXIT|[1]|TaxSelector
11:31:20.0 (95679930)|METHOD_ENTRY|[81]|01pg8000001w1Mg|TaxSelector.getTaxApproved()
11:31:20.0 (95786460)|STATEMENT_EXECUTE|[2]
11:31:20.0 (95787439)|STATEMENT_EXECUTE|[3]
11:31:20.0 (95790393)|HEAP_ALLOCATE|[3]|Bytes:103
11:31:20.0 (95806499)|HEAP_ALLOCATE|[3]|Bytes:4
11:31:20.0 (97472112)|SOQL_EXECUTE_BEGIN|[3]|Aggregations:0|SELECT Product__c, State__c, DistributionCenter__c, TaxRate__c FROM Tax__c WHERE Status__c = 'Approved'
11:31:20.0 (106584166)|SOQL_EXECUTE_END|[3]|Rows:7
11:31:20.0 (106625418)|HEAP_ALLOCATE|[3]|Bytes:32
11:31:20.0 (106657911)|HEAP_ALLOCATE|[3]|Bytes:1288
11:31:20.0 (106721913)|HEAP_ALLOCATE|[3]|Bytes:32
11:31:20.0 (106750512)|METHOD_EXIT|[81]|01pg8000001w1Mg|TaxSelector.getTaxApproved()
11:31:20.0 (106762070)|VARIABLE_SCOPE_BEGIN|[81]|listTaxes|List<Tax__c>|true|false
11:31:20.0 (106792586)|VARIABLE_ASSIGNMENT|[81]|listTaxes|"List of size 7 too large to display"|0x17fc0de7
11:31:20.0 (106806985)|STATEMENT_EXECUTE|[83]
11:31:20.0 (106887116)|HEAP_ALLOCATE|[83]|Bytes:4
11:31:20.0 (106953956)|VARIABLE_SCOPE_BEGIN|[83]|mapTaxByCompositeKey|Map<String,Tax__c>|true|false
11:31:20.0 (106977375)|VARIABLE_ASSIGNMENT|[83]|mapTaxByCompositeKey|{}|0x773bfe26
11:31:20.0 (107204703)|HEAP_ALLOCATE|[84]|Bytes:5
11:31:20.0 (107237577)|HEAP_ALLOCATE|[84]|Bytes:24
11:31:20.0 (107248683)|VARIABLE_SCOPE_BEGIN|[84]|t|Tax__c|true|false
11:31:20.0 (107395734)|VARIABLE_ASSIGNMENT|[84]|t|{"DistributionCenter__c":"a06g8000000wkLpAAI","Product__c":"01tg8000001BArVAAW","TaxRate__c":18.00,"Id":"a09g8000001l5i1AAA","State__c":"a04g8000000QmaTAAS"}|0x71fc7e0b
11:31:20.0 (107408258)|STATEMENT_EXECUTE|[84]
11:31:20.0 (107410443)|STATEMENT_EXECUTE|[85]
11:31:20.0 (107515544)|HEAP_ALLOCATE|[85]|Bytes:18
11:31:20.0 (107552542)|HEAP_ALLOCATE|[86]|Bytes:18
11:31:20.0 (107580630)|HEAP_ALLOCATE|[87]|Bytes:18
11:31:20.0 (107596639)|HEAP_ALLOCATE|[85]|Bytes:54
11:31:20.0 (107601238)|VARIABLE_SCOPE_BEGIN|[85]|key|String|false|false
11:31:20.0 (107613624)|VARIABLE_ASSIGNMENT|[85]|key|"01tg8000001BArVAAWa0 (34 more) ..."
11:31:20.0 (107619685)|STATEMENT_EXECUTE|[88]
11:31:20.0 (107652788)|HEAP_ALLOCATE|[EXTERNAL]|Bytes:-4
11:31:20.0 (107672929)|HEAP_ALLOCATE|[84]|Bytes:5
11:31:20.0 (107686185)|HEAP_ALLOCATE|[84]|Bytes:24
11:31:20.0 (107693154)|VARIABLE_SCOPE_BEGIN|[84]|t|Tax__c|true|false
11:31:20.0 (107756023)|VARIABLE_ASSIGNMENT|[84]|t|{"DistributionCenter__c":"a06g8000000wkLpAAI","Product__c":"01tg8000001BArXAAW","TaxRate__c":18.00,"Id":"a09g8000001l5i2AAA","State__c":"a04g8000000QmaTAAS"}|0x9507b6e
11:31:20.0 (107763885)|STATEMENT_EXECUTE|[84]
11:31:20.0 (107765465)|STATEMENT_EXECUTE|[85]
11:31:20.0 (107780430)|HEAP_ALLOCATE|[85]|Bytes:18
11:31:20.0 (107792517)|HEAP_ALLOCATE|[86]|Bytes:18
11:31:20.0 (107802865)|HEAP_ALLOCATE|[87]|Bytes:18
11:31:20.0 (107810580)|HEAP_ALLOCATE|[85]|Bytes:54
11:31:20.0 (107814819)|VARIABLE_SCOPE_BEGIN|[85]|key|String|false|false
11:31:20.0 (107824000)|VARIABLE_ASSIGNMENT|[85]|key|"01tg8000001BArXAAWa0 (34 more) ..."
11:31:20.0 (107827731)|STATEMENT_EXECUTE|[88]
11:31:20.0 (107834374)|HEAP_ALLOCATE|[EXTERNAL]|Bytes:-4
11:31:20.0 (107845416)|HEAP_ALLOCATE|[84]|Bytes:5
11:31:20.0 (107853805)|HEAP_ALLOCATE|[84]|Bytes:24
11:31:20.0 (107858711)|VARIABLE_SCOPE_BEGIN|[84]|t|Tax__c|true|false
11:31:20.0 (107907107)|VARIABLE_ASSIGNMENT|[84]|t|{"DistributionCenter__c":"a06g8000000wkLpAAI","Product__c":"01tg8000001BArcAAG","TaxRate__c":18.00,"Id":"a09g8000001l5i3AAA","State__c":"a04g8000000QmaTAAS"}|0x3300af25
11:31:20.0 (107913707)|STATEMENT_EXECUTE|[84]
11:31:20.0 (107915266)|STATEMENT_EXECUTE|[85]
11:31:20.0 (107925675)|HEAP_ALLOCATE|[85]|Bytes:18
11:31:20.0 (107937602)|HEAP_ALLOCATE|[86]|Bytes:18
11:31:20.0 (107947640)|HEAP_ALLOCATE|[87]|Bytes:18
11:31:20.0 (107953941)|HEAP_ALLOCATE|[85]|Bytes:54
11:31:20.0 (107957006)|VARIABLE_SCOPE_BEGIN|[85]|key|String|false|false
11:31:20.0 (107965451)|VARIABLE_ASSIGNMENT|[85]|key|"01tg8000001BArcAAGa0 (34 more) ..."
11:31:20.0 (107969211)|STATEMENT_EXECUTE|[88]
11:31:20.0 (107974132)|HEAP_ALLOCATE|[EXTERNAL]|Bytes:-4
11:31:20.0 (107982374)|HEAP_ALLOCATE|[84]|Bytes:5
11:31:20.0 (107989261)|HEAP_ALLOCATE|[84]|Bytes:24
11:31:20.0 (107993663)|VARIABLE_SCOPE_BEGIN|[84]|t|Tax__c|true|false
11:31:20.0 (108034953)|VARIABLE_ASSIGNMENT|[84]|t|{"DistributionCenter__c":"a06g8000000wkLpAAI","Product__c":"01tg8000001BArWAAW","TaxRate__c":10.00,"Id":"a09g8000001l5i4AAA","State__c":"a04g8000000Vm3ZAAS"}|0x1c0e0748
11:31:20.0 (108042161)|STATEMENT_EXECUTE|[84]
11:31:20.0 (108043602)|STATEMENT_EXECUTE|[85]
11:31:20.0 (108053593)|HEAP_ALLOCATE|[85]|Bytes:18
11:31:20.0 (108065601)|HEAP_ALLOCATE|[86]|Bytes:18
11:31:20.0 (108076097)|HEAP_ALLOCATE|[87]|Bytes:18
11:31:20.0 (108082932)|HEAP_ALLOCATE|[85]|Bytes:54
11:31:20.0 (108086097)|VARIABLE_SCOPE_BEGIN|[85]|key|String|false|false
11:31:20.0 (108093153)|VARIABLE_ASSIGNMENT|[85]|key|"01tg8000001BArWAAWa0 (34 more) ..."
11:31:20.0 (108096539)|STATEMENT_EXECUTE|[88]
11:31:20.0 (108101463)|HEAP_ALLOCATE|[EXTERNAL]|Bytes:-4
11:31:20.0 (108109971)|HEAP_ALLOCATE|[84]|Bytes:5
11:31:20.0 (108117043)|HEAP_ALLOCATE|[84]|Bytes:24
11:31:20.0 (108121328)|VARIABLE_SCOPE_BEGIN|[84]|t|Tax__c|true|false
11:31:20.0 (108162417)|VARIABLE_ASSIGNMENT|[84]|t|{"DistributionCenter__c":"a06g8000000wkLpAAI","Product__c":"01tg8000001BArWAAW","TaxRate__c":18.00,"Id":"a09g8000001lvJXAAY","State__c":"a04g8000000VkhhAAC"}|0xe903ee4
11:31:20.0 (108169225)|STATEMENT_EXECUTE|[84]
11:31:20.0 (108171094)|STATEMENT_EXECUTE|[85]
11:31:20.0 (108181365)|HEAP_ALLOCATE|[85]|Bytes:18
11:31:20.0 (108191852)|HEAP_ALLOCATE|[86]|Bytes:18
11:31:20.0 (108201342)|HEAP_ALLOCATE|[87]|Bytes:18
11:31:20.0 (108207930)|HEAP_ALLOCATE|[85]|Bytes:54
11:31:20.0 (108211208)|VARIABLE_SCOPE_BEGIN|[85]|key|String|false|false
11:31:20.0 (108218297)|VARIABLE_ASSIGNMENT|[85]|key|"01tg8000001BArWAAWa0 (34 more) ..."
11:31:20.0 (108221860)|STATEMENT_EXECUTE|[88]
11:31:20.0 (108226216)|HEAP_ALLOCATE|[EXTERNAL]|Bytes:-4
11:31:20.0 (108234213)|HEAP_ALLOCATE|[84]|Bytes:5
11:31:20.0 (108241315)|HEAP_ALLOCATE|[84]|Bytes:24
11:31:20.0 (108245352)|VARIABLE_SCOPE_BEGIN|[84]|t|Tax__c|true|false
11:31:20.0 (108286496)|VARIABLE_ASSIGNMENT|[84]|t|{"DistributionCenter__c":"a06g8000000wkLpAAI","Product__c":"01tg8000001BArcAAG","TaxRate__c":18.00,"Id":"a09g8000001mWeXAAU","State__c":"a04g8000000VkhhAAC"}|0x411bf53
11:31:20.0 (108293134)|STATEMENT_EXECUTE|[84]
11:31:20.0 (108294489)|STATEMENT_EXECUTE|[85]
11:31:20.0 (108303969)|HEAP_ALLOCATE|[85]|Bytes:18
11:31:20.0 (108315055)|HEAP_ALLOCATE|[86]|Bytes:18
11:31:20.0 (108326038)|HEAP_ALLOCATE|[87]|Bytes:18
11:31:20.0 (108332549)|HEAP_ALLOCATE|[85]|Bytes:54
11:31:20.0 (108335584)|VARIABLE_SCOPE_BEGIN|[85]|key|String|false|false
11:31:20.0 (108342139)|VARIABLE_ASSIGNMENT|[85]|key|"01tg8000001BArcAAGa0 (34 more) ..."
11:31:20.0 (108345493)|STATEMENT_EXECUTE|[88]
11:31:20.0 (108350084)|HEAP_ALLOCATE|[EXTERNAL]|Bytes:-4
11:31:20.0 (108358338)|HEAP_ALLOCATE|[84]|Bytes:5
11:31:20.0 (108364794)|HEAP_ALLOCATE|[84]|Bytes:24
11:31:20.0 (108369085)|VARIABLE_SCOPE_BEGIN|[84]|t|Tax__c|true|false
11:31:20.0 (108411255)|VARIABLE_ASSIGNMENT|[84]|t|{"DistributionCenter__c":"a06g8000000wkLpAAI","Product__c":"01tg8000001BArdAAG","TaxRate__c":18.00,"Id":"a09g8000001mYgLAAU","State__c":"a04g8000000VkhhAAC"}|0x325e4173
11:31:20.0 (108418884)|STATEMENT_EXECUTE|[84]
11:31:20.0 (108420639)|STATEMENT_EXECUTE|[85]
11:31:20.0 (108430519)|HEAP_ALLOCATE|[85]|Bytes:18
11:31:20.0 (108440978)|HEAP_ALLOCATE|[86]|Bytes:18
11:31:20.0 (108450929)|HEAP_ALLOCATE|[87]|Bytes:18
11:31:20.0 (108456959)|HEAP_ALLOCATE|[85]|Bytes:54
11:31:20.0 (108460055)|VARIABLE_SCOPE_BEGIN|[85]|key|String|false|false
11:31:20.0 (108467208)|VARIABLE_ASSIGNMENT|[85]|key|"01tg8000001BArdAAGa0 (34 more) ..."
11:31:20.0 (108470720)|STATEMENT_EXECUTE|[88]
11:31:20.0 (108475868)|HEAP_ALLOCATE|[EXTERNAL]|Bytes:-4
11:31:20.0 (108484494)|HEAP_ALLOCATE|[84]|Bytes:5
11:31:20.0 (108494430)|VARIABLE_ASSIGNMENT|[84]|t|null|
11:31:20.0 (108500222)|STATEMENT_EXECUTE|[92]
11:31:20.0 (111176865)|HEAP_ALLOCATE|[92]|Bytes:1
11:31:20.0 (111220891)|METHOD_ENTRY|[1]|01pg8000001w1MY|FreightSelector.FreightSelector()
11:31:20.0 (111229679)|STATEMENT_EXECUTE|[1]
11:31:20.0 (111237680)|STATEMENT_EXECUTE|[1]
11:31:20.0 (111244081)|METHOD_EXIT|[1]|FreightSelector
11:31:20.0 (111271449)|METHOD_ENTRY|[92]|01pg8000001w1MY|FreightSelector.getFreightApproved()
11:31:20.0 (111380947)|STATEMENT_EXECUTE|[2]
11:31:20.0 (111381901)|STATEMENT_EXECUTE|[3]
11:31:20.0 (111385744)|HEAP_ALLOCATE|[3]|Bytes:154
11:31:20.0 (111402197)|HEAP_ALLOCATE|[3]|Bytes:4
11:31:20.0 (113129461)|SOQL_EXECUTE_BEGIN|[3]|Aggregations:0|SELECT Product__c, City__c, State__c, Country__c, DistributionCenter__c, FreightValue__c, ProductHierarchy__c FROM Freight__c WHERE Status__c = 'Approved'
11:31:20.0 (121143854)|SOQL_EXECUTE_END|[3]|Rows:7
11:31:20.0 (121209103)|HEAP_ALLOCATE|[3]|Bytes:32
11:31:20.0 (121243929)|HEAP_ALLOCATE|[3]|Bytes:1371
11:31:20.0 (121307697)|HEAP_ALLOCATE|[3]|Bytes:32
11:31:20.0 (121333587)|METHOD_EXIT|[92]|01pg8000001w1MY|FreightSelector.getFreightApproved()
11:31:20.0 (121344447)|VARIABLE_SCOPE_BEGIN|[92]|listFreights|List<Freight__c>|true|false
11:31:20.0 (121372602)|VARIABLE_ASSIGNMENT|[92]|listFreights|"List of size 7 too large to display"|0x5bcc7e29
11:31:20.0 (121382943)|STATEMENT_EXECUTE|[94]
11:31:20.0 (121440154)|HEAP_ALLOCATE|[94]|Bytes:4
11:31:20.0 (121483274)|VARIABLE_SCOPE_BEGIN|[94]|mapFreight|Map<String,Freight__c>|true|false
11:31:20.0 (121498317)|VARIABLE_ASSIGNMENT|[94]|mapFreight|{}|0x70781070
11:31:20.0 (121672699)|HEAP_ALLOCATE|[95]|Bytes:5
11:31:20.0 (121695485)|HEAP_ALLOCATE|[95]|Bytes:24
11:31:20.0 (121703123)|VARIABLE_SCOPE_BEGIN|[95]|f|Freight__c|true|false
11:31:20.0 (121808815)|VARIABLE_ASSIGNMENT|[95]|f|{"DistributionCenter__c":"a06g8000000wkLpAAI","Id":"a0Ag8000000XacwEAC","State__c":"a04g8000000QmaTAAS","ProductHierarchy__c":"a01g8000007otrhAAA","FreightValue__c":800.00}|0xf7bdf44
11:31:20.0 (121816781)|STATEMENT_EXECUTE|[95]
11:31:20.0 (121818126)|STATEMENT_EXECUTE|[96]
11:31:20.0 (121892903)|HEAP_ALLOCATE|[96]|Bytes:18
11:31:20.0 (121899873)|VARIABLE_SCOPE_BEGIN|[96]|quem|String|false|false
11:31:20.0 (121905364)|VARIABLE_ASSIGNMENT|[96]|quem|"a01g8000007otrhAAA"
11:31:20.0 (121908139)|STATEMENT_EXECUTE|[97]
11:31:20.0 (121926250)|HEAP_ALLOCATE|[97]|Bytes:18
11:31:20.0 (121931220)|VARIABLE_SCOPE_BEGIN|[97]|onde|String|false|false
11:31:20.0 (121935889)|VARIABLE_ASSIGNMENT|[97]|onde|"a04g8000000QmaTAAS"
11:31:20.0 (121938092)|STATEMENT_EXECUTE|[99]
11:31:20.0 (121946738)|HEAP_ALLOCATE|[99]|Bytes:37
11:31:20.0 (121949009)|VARIABLE_SCOPE_BEGIN|[99]|key|String|false|false
11:31:20.0 (121954519)|VARIABLE_ASSIGNMENT|[99]|key|"a01g8000007otrhAAA_a (17 more) ..."
11:31:20.0 (121956938)|STATEMENT_EXECUTE|[101]
11:31:20.0 (121977994)|HEAP_ALLOCATE|[EXTERNAL]|Bytes:-4
11:31:20.0 (121983326)|STATEMENT_EXECUTE|[102]
11:31:20.0 (121985295)|HEAP_ALLOCATE|[102]|Bytes:27
11:31:20.0 (121991294)|HEAP_ALLOCATE|[102]|Bytes:64
11:31:20.0 (122029761)|USER_DEBUG|[102]|DEBUG|MAPA FRETE - Chave Gerada: a01g8000007otrhAAA_a04g8000000QmaTAAS
11:31:20.0 (122042181)|HEAP_ALLOCATE|[95]|Bytes:5
11:31:20.0 (122049122)|HEAP_ALLOCATE|[95]|Bytes:24
11:31:20.0 (122052766)|VARIABLE_SCOPE_BEGIN|[95]|f|Freight__c|true|false
11:31:20.0 (122087515)|VARIABLE_ASSIGNMENT|[95]|f|{"DistributionCenter__c":"a06g8000000wkLpAAI","City__c":"a05g8000001KAc9AAG","Id":"a0Ag8000000XacxEAC","ProductHierarchy__c":"a01g8000007otrjAAA","FreightValue__c":500.00}|0x49b858a6
11:31:20.0 (122092006)|STATEMENT_EXECUTE|[95]
11:31:20.0 (122093071)|STATEMENT_EXECUTE|[96]
11:31:20.0 (122102046)|HEAP_ALLOCATE|[96]|Bytes:18
11:31:20.0 (122106870)|VARIABLE_SCOPE_BEGIN|[96]|quem|String|false|false
11:31:20.0 (122111385)|VARIABLE_ASSIGNMENT|[96]|quem|"a01g8000007otrjAAA"
11:31:20.0 (122113497)|STATEMENT_EXECUTE|[97]
11:31:20.0 (122123370)|HEAP_ALLOCATE|[97]|Bytes:18
11:31:20.0 (122127975)|VARIABLE_SCOPE_BEGIN|[97]|onde|String|false|false
11:31:20.0 (122132220)|VARIABLE_ASSIGNMENT|[97]|onde|"a05g8000001KAc9AAG"
11:31:20.0 (122134484)|STATEMENT_EXECUTE|[99]
11:31:20.0 (122136335)|HEAP_ALLOCATE|[99]|Bytes:37
11:31:20.0 (122138405)|VARIABLE_SCOPE_BEGIN|[99]|key|String|false|false
11:31:20.0 (122143080)|VARIABLE_ASSIGNMENT|[99]|key|"a01g8000007otrjAAA_a (17 more) ..."
11:31:20.0 (122145142)|STATEMENT_EXECUTE|[101]
11:31:20.0 (122148742)|HEAP_ALLOCATE|[EXTERNAL]|Bytes:-4
11:31:20.0 (122151911)|STATEMENT_EXECUTE|[102]
11:31:20.0 (122153790)|HEAP_ALLOCATE|[102]|Bytes:64
11:31:20.0 (122159518)|USER_DEBUG|[102]|DEBUG|MAPA FRETE - Chave Gerada: a01g8000007otrjAAA_a05g8000001KAc9AAG
11:31:20.0 (122166466)|HEAP_ALLOCATE|[95]|Bytes:5
11:31:20.0 (122171451)|HEAP_ALLOCATE|[95]|Bytes:24
11:31:20.0 (122174366)|VARIABLE_SCOPE_BEGIN|[95]|f|Freight__c|true|false
11:31:20.0 (122209031)|VARIABLE_ASSIGNMENT|[95]|f|{"DistributionCenter__c":"a06g8000000wkLpAAI","Product__c":"01tg8000001BArcAAG","Id":"a0Ag8000000XacyEAC","State__c":"a04g8000000QmaTAAS","FreightValue__c":150.00}|0x620f40d5
11:31:20.0 (122213551)|STATEMENT_EXECUTE|[95]
11:31:20.0 (122214613)|STATEMENT_EXECUTE|[96]
11:31:20.0 (122225495)|HEAP_ALLOCATE|[96]|Bytes:18
11:31:20.0 (122230352)|VARIABLE_SCOPE_BEGIN|[96]|quem|String|false|false
11:31:20.0 (122234977)|VARIABLE_ASSIGNMENT|[96]|quem|"01tg8000001BArcAAG"
11:31:20.0 (122237238)|STATEMENT_EXECUTE|[97]
11:31:20.0 (122242923)|HEAP_ALLOCATE|[97]|Bytes:18
11:31:20.0 (122247288)|VARIABLE_SCOPE_BEGIN|[97]|onde|String|false|false
11:31:20.0 (122251603)|VARIABLE_ASSIGNMENT|[97]|onde|"a04g8000000QmaTAAS"
11:31:20.0 (122253555)|STATEMENT_EXECUTE|[99]
11:31:20.0 (122255401)|HEAP_ALLOCATE|[99]|Bytes:37
11:31:20.0 (122257413)|VARIABLE_SCOPE_BEGIN|[99]|key|String|false|false
11:31:20.0 (122261927)|VARIABLE_ASSIGNMENT|[99]|key|"01tg8000001BArcAAG_a (17 more) ..."
11:31:20.0 (122263945)|STATEMENT_EXECUTE|[101]
11:31:20.0 (122266943)|HEAP_ALLOCATE|[EXTERNAL]|Bytes:-4
11:31:20.0 (122270042)|STATEMENT_EXECUTE|[102]
11:31:20.0 (122271612)|HEAP_ALLOCATE|[102]|Bytes:64
11:31:20.0 (122276082)|USER_DEBUG|[102]|DEBUG|MAPA FRETE - Chave Gerada: 01tg8000001BArcAAG_a04g8000000QmaTAAS
11:31:20.0 (122282263)|HEAP_ALLOCATE|[95]|Bytes:5
11:31:20.0 (122286743)|HEAP_ALLOCATE|[95]|Bytes:24
11:31:20.0 (122289340)|VARIABLE_SCOPE_BEGIN|[95]|f|Freight__c|true|false
11:31:20.0 (122315616)|VARIABLE_ASSIGNMENT|[95]|f|{"DistributionCenter__c":"a06g8000000wkLpAAI","Country__c":"a03g8000004x8aeAAA","Id":"a0Ag8000000XaczEAC","ProductHierarchy__c":"a01g8000007otrqAAA","FreightValue__c":50.00}|0x680b197a
11:31:20.0 (122319520)|STATEMENT_EXECUTE|[95]
11:31:20.0 (122320552)|STATEMENT_EXECUTE|[96]
11:31:20.0 (122327613)|HEAP_ALLOCATE|[96]|Bytes:18
11:31:20.0 (122332198)|VARIABLE_SCOPE_BEGIN|[96]|quem|String|false|false
11:31:20.0 (122336519)|VARIABLE_ASSIGNMENT|[96]|quem|"a01g8000007otrqAAA"
11:31:20.0 (122338614)|STATEMENT_EXECUTE|[97]
11:31:20.0 (122349149)|HEAP_ALLOCATE|[97]|Bytes:18
11:31:20.0 (122353423)|VARIABLE_SCOPE_BEGIN|[97]|onde|String|false|false
11:31:20.0 (122357669)|VARIABLE_ASSIGNMENT|[97]|onde|"a03g8000004x8aeAAA"
11:31:20.0 (122359778)|STATEMENT_EXECUTE|[99]
11:31:20.0 (122361574)|HEAP_ALLOCATE|[99]|Bytes:37
11:31:20.0 (122363523)|VARIABLE_SCOPE_BEGIN|[99]|key|String|false|false
11:31:20.0 (122367868)|VARIABLE_ASSIGNMENT|[99]|key|"a01g8000007otrqAAA_a (17 more) ..."
11:31:20.0 (122369993)|STATEMENT_EXECUTE|[101]
11:31:20.0 (122372903)|HEAP_ALLOCATE|[EXTERNAL]|Bytes:-4
11:31:20.0 (122375871)|STATEMENT_EXECUTE|[102]
11:31:20.0 (122377346)|HEAP_ALLOCATE|[102]|Bytes:64
11:31:20.0 (122382128)|USER_DEBUG|[102]|DEBUG|MAPA FRETE - Chave Gerada: a01g8000007otrqAAA_a03g8000004x8aeAAA
11:31:20.0 (122387927)|HEAP_ALLOCATE|[95]|Bytes:5
11:31:20.0 (122392028)|HEAP_ALLOCATE|[95]|Bytes:24
11:31:20.0 (122394762)|VARIABLE_SCOPE_BEGIN|[95]|f|Freight__c|true|false
11:31:20.0 (122416406)|VARIABLE_ASSIGNMENT|[95]|f|{"DistributionCenter__c":"a06g8000000wkLpAAI","Id":"a0Ag8000000Y0NNEA0","State__c":"a04g8000000VkhhAAC","ProductHierarchy__c":"a01g8000007otrhAAA","FreightValue__c":800.00}|0x395b7ac0
11:31:20.0 (122420338)|STATEMENT_EXECUTE|[95]
11:31:20.0 (122421316)|STATEMENT_EXECUTE|[96]
11:31:20.0 (122428107)|HEAP_ALLOCATE|[96]|Bytes:18
11:31:20.0 (122432652)|VARIABLE_SCOPE_BEGIN|[96]|quem|String|false|false
11:31:20.0 (122436819)|VARIABLE_ASSIGNMENT|[96]|quem|"a01g8000007otrhAAA"
11:31:20.0 (122438800)|STATEMENT_EXECUTE|[97]
11:31:20.0 (122444175)|HEAP_ALLOCATE|[97]|Bytes:18
11:31:20.0 (122448411)|VARIABLE_SCOPE_BEGIN|[97]|onde|String|false|false
11:31:20.0 (122452384)|VARIABLE_ASSIGNMENT|[97]|onde|"a04g8000000VkhhAAC"
11:31:20.0 (122454314)|STATEMENT_EXECUTE|[99]
11:31:20.0 (122455943)|HEAP_ALLOCATE|[99]|Bytes:37
11:31:20.0 (122457894)|VARIABLE_SCOPE_BEGIN|[99]|key|String|false|false
11:31:20.0 (122462101)|VARIABLE_ASSIGNMENT|[99]|key|"a01g8000007otrhAAA_a (17 more) ..."
11:31:20.0 (122464136)|STATEMENT_EXECUTE|[101]
11:31:20.0 (122466761)|HEAP_ALLOCATE|[EXTERNAL]|Bytes:-4
11:31:20.0 (122469719)|STATEMENT_EXECUTE|[102]
11:31:20.0 (122471294)|HEAP_ALLOCATE|[102]|Bytes:64
11:31:20.0 (122475613)|USER_DEBUG|[102]|DEBUG|MAPA FRETE - Chave Gerada: a01g8000007otrhAAA_a04g8000000VkhhAAC
11:31:20.0 (122481126)|HEAP_ALLOCATE|[95]|Bytes:5
11:31:20.0 (122485508)|HEAP_ALLOCATE|[95]|Bytes:24
11:31:20.0 (122488128)|VARIABLE_SCOPE_BEGIN|[95]|f|Freight__c|true|false
11:31:20.0 (122509098)|VARIABLE_ASSIGNMENT|[95]|f|{"DistributionCenter__c":"a06g8000000wkLpAAI","Id":"a0Ag8000000Y25pEAC","State__c":"a04g8000000Vm3ZAAS","ProductHierarchy__c":"a01g8000007otrhAAA","FreightValue__c":800.00}|0x322d6825
11:31:20.0 (122512909)|STATEMENT_EXECUTE|[95]
11:31:20.0 (122513878)|STATEMENT_EXECUTE|[96]
11:31:20.0 (122520541)|HEAP_ALLOCATE|[96]|Bytes:18
11:31:20.0 (122525063)|VARIABLE_SCOPE_BEGIN|[96]|quem|String|false|false
11:31:20.0 (122529097)|VARIABLE_ASSIGNMENT|[96]|quem|"a01g8000007otrhAAA"
11:31:20.0 (122531097)|STATEMENT_EXECUTE|[97]
11:31:20.0 (122536155)|HEAP_ALLOCATE|[97]|Bytes:18
11:31:20.0 (122540024)|VARIABLE_SCOPE_BEGIN|[97]|onde|String|false|false
11:31:20.0 (122544127)|VARIABLE_ASSIGNMENT|[97]|onde|"a04g8000000Vm3ZAAS"
11:31:20.0 (122546089)|STATEMENT_EXECUTE|[99]
11:31:20.0 (122547618)|HEAP_ALLOCATE|[99]|Bytes:37
11:31:20.0 (122549585)|VARIABLE_SCOPE_BEGIN|[99]|key|String|false|false
11:31:20.0 (122553761)|VARIABLE_ASSIGNMENT|[99]|key|"a01g8000007otrhAAA_a (17 more) ..."
11:31:20.0 (122555784)|STATEMENT_EXECUTE|[101]
11:31:20.0 (122558544)|HEAP_ALLOCATE|[EXTERNAL]|Bytes:-4
11:31:20.0 (122561346)|STATEMENT_EXECUTE|[102]
11:31:20.0 (122562822)|HEAP_ALLOCATE|[102]|Bytes:64
11:31:20.0 (122567083)|USER_DEBUG|[102]|DEBUG|MAPA FRETE - Chave Gerada: a01g8000007otrhAAA_a04g8000000Vm3ZAAS
11:31:20.0 (122572846)|HEAP_ALLOCATE|[95]|Bytes:5
11:31:20.0 (122577026)|HEAP_ALLOCATE|[95]|Bytes:24
11:31:20.0 (122579695)|VARIABLE_SCOPE_BEGIN|[95]|f|Freight__c|true|false
11:31:20.0 (122601948)|VARIABLE_ASSIGNMENT|[95]|f|{"DistributionCenter__c":"a06g8000000wkLpAAI","Country__c":"a03g8000004x8aeAAA","Product__c":"01tg8000001BArcAAG","Id":"a0Ag8000000ej3FEAQ","FreightValue__c":900.00}|0x2abc8f5d
11:31:20.0 (122605849)|STATEMENT_EXECUTE|[95]
11:31:20.0 (122606819)|STATEMENT_EXECUTE|[96]
11:31:20.0 (122612919)|HEAP_ALLOCATE|[96]|Bytes:18
11:31:20.0 (122617339)|VARIABLE_SCOPE_BEGIN|[96]|quem|String|false|false
11:31:20.0 (122621561)|VARIABLE_ASSIGNMENT|[96]|quem|"01tg8000001BArcAAG"
11:31:20.0 (122623656)|STATEMENT_EXECUTE|[97]
11:31:20.0 (122629534)|HEAP_ALLOCATE|[97]|Bytes:18
11:31:20.0 (122633475)|VARIABLE_SCOPE_BEGIN|[97]|onde|String|false|false
11:31:20.0 (122637619)|VARIABLE_ASSIGNMENT|[97]|onde|"a03g8000004x8aeAAA"
11:31:20.0 (122639758)|STATEMENT_EXECUTE|[99]
11:31:20.0 (122641352)|HEAP_ALLOCATE|[99]|Bytes:37
11:31:20.0 (122643319)|VARIABLE_SCOPE_BEGIN|[99]|key|String|false|false
11:31:20.0 (122647514)|VARIABLE_ASSIGNMENT|[99]|key|"01tg8000001BArcAAG_a (17 more) ..."
11:31:20.0 (122649510)|STATEMENT_EXECUTE|[101]
11:31:20.0 (122652163)|HEAP_ALLOCATE|[EXTERNAL]|Bytes:-4
11:31:20.0 (122654983)|STATEMENT_EXECUTE|[102]
11:31:20.0 (122656507)|HEAP_ALLOCATE|[102]|Bytes:64
11:31:20.0 (122660978)|USER_DEBUG|[102]|DEBUG|MAPA FRETE - Chave Gerada: 01tg8000001BArcAAG_a03g8000004x8aeAAA
11:31:20.0 (122666565)|HEAP_ALLOCATE|[95]|Bytes:5
11:31:20.0 (122673010)|VARIABLE_ASSIGNMENT|[95]|f|null|
11:31:20.0 (122700170)|HEAP_ALLOCATE|[106]|Bytes:5
11:31:20.0 (122712434)|HEAP_ALLOCATE|[106]|Bytes:4
11:31:20.0 (122716356)|VARIABLE_SCOPE_BEGIN|[106]|item|OrderItem|true|false
11:31:20.0 (123473953)|VARIABLE_ASSIGNMENT|[106]|item|{"Product_Code_Display__c":"P003","IsDeleted":false,"UnitPrice":1350000.00,"Product2Id":"01tg8000001BArVAAW","PricebookEntryId":"01ug8000000XnbRAAS","TotalPrice":2700000.00,"Quantity":2.00,"ListPrice":1350000.00,"OrderId":"801g800000DSRXTAA5"}|0x7162d508
11:31:20.0 (123485811)|STATEMENT_EXECUTE|[106]
11:31:20.0 (123487429)|STATEMENT_EXECUTE|[107]
11:31:20.0 (123532920)|VARIABLE_SCOPE_BEGIN|[107]|pedido|Order|true|false
11:31:20.0 (123610991)|VARIABLE_ASSIGNMENT|[107]|pedido|{"Status":"Draft","City__c":"a05g8000001KAc9AAG","Country__c":"a03g8000004x8aeAAA","AccountId":"001g800000DSRXSAA5","DistributionCenter__c":"a06g8000000wkLpAAI","Id":"801g800000DSRXTAA5","State__c":"a04g8000000QmaTAAS"}|0x7e8c4558
11:31:20.0 (123617274)|STATEMENT_EXECUTE|[108]
11:31:20.0 (123640271)|VARIABLE_SCOPE_BEGIN|[108]|produto|Product2|true|false
11:31:20.0 (123675293)|VARIABLE_ASSIGNMENT|[108]|produto|{"ProductionCost__c":900000.00,"ProductHierarchy__c":"a01g8000007otrhAAA","Id":"01tg8000001BArVAAW"}|0x5238bf47
11:31:20.0 (123679165)|STATEMENT_EXECUTE|[109]
11:31:20.0 (123699027)|VARIABLE_SCOPE_BEGIN|[109]|cliente|Account|true|false
11:31:20.0 (123730274)|VARIABLE_ASSIGNMENT|[109]|cliente|{"AccountGroup__c":"a02g8000002871ZAAQ","Id":"001g800000DSRXSAA5"}|0x5d30e741
11:31:20.0 (123806780)|HEAP_ALLOCATE|[113]|Bytes:28
11:31:20.0 (123810969)|HEAP_ALLOCATE|[113]|Bytes:28
11:31:20.0 (123904822)|HEAP_ALLOCATE|[113]|Bytes:28
11:31:20.0 (123907076)|HEAP_ALLOCATE|[113]|Bytes:28
11:31:20.0 (123918329)|STATEMENT_EXECUTE|[113]
11:31:20.0 (123921300)|STATEMENT_EXECUTE|[119]
11:31:20.0 (123922749)|STATEMENT_EXECUTE|[121]
11:31:20.0 (123936611)|HEAP_ALLOCATE|[121]|Bytes:18
11:31:20.0 (123954603)|HEAP_ALLOCATE|[122]|Bytes:18
11:31:20.0 (123968915)|HEAP_ALLOCATE|[123]|Bytes:18
11:31:20.0 (123975285)|HEAP_ALLOCATE|[121]|Bytes:54
11:31:20.0 (123977949)|VARIABLE_SCOPE_BEGIN|[121]|keyOrderItemImposto|String|false|false
11:31:20.0 (123984660)|VARIABLE_ASSIGNMENT|[121]|keyOrderItemImposto|"01tg8000001BArVAAWa0 (34 more) ..."
11:31:20.0 (123987603)|STATEMENT_EXECUTE|[125]
11:31:20.0 (124006654)|VARIABLE_SCOPE_BEGIN|[125]|impostoEncontrado|Tax__c|true|false
11:31:20.0 (124047282)|VARIABLE_ASSIGNMENT|[125]|impostoEncontrado|{"DistributionCenter__c":"a06g8000000wkLpAAI","Product__c":"01tg8000001BArVAAW","TaxRate__c":18.00,"Id":"a09g8000001l5i1AAA","State__c":"a04g8000000QmaTAAS"}|0x71fc7e0b
11:31:20.0 (124051852)|STATEMENT_EXECUTE|[127]
11:31:20.0 (124695226)|VARIABLE_ASSIGNMENT|[127]|this.TaxPercentage__c|18.00|0x7162d508
11:31:20.0 (124701081)|STATEMENT_EXECUTE|[130]
11:31:20.0 (126989787)|HEAP_ALLOCATE|[130]|Bytes:7
11:31:20.0 (127033040)|METHOD_ENTRY|[1]|01pg8000001F8kf|PricingService.PricingService()
11:31:20.0 (127041465)|STATEMENT_EXECUTE|[1]
11:31:20.0 (127050075)|STATEMENT_EXECUTE|[1]
11:31:20.0 (127055701)|METHOD_EXIT|[1]|PricingService
11:31:20.0 (127104942)|METHOD_ENTRY|[130]|01pg8000001F8kf|PricingService.findMargin(OrderItem, Order, Map<String,Margem__c>, Id, Account)
11:31:20.0 (127130505)|VARIABLE_SCOPE_BEGIN|[21]|item|OrderItem|true|false
11:31:20.0 (127775803)|VARIABLE_ASSIGNMENT|[21]|item|{"Product_Code_Display__c":"P003","IsDeleted":false,"UnitPrice":1350000.00,"Product2Id":"01tg8000001BArVAAW","PricebookEntryId":"01ug8000000XnbRAAS","TotalPrice":2700000.00,"Quantity":2.00,"TaxPercentage__c":18.00,"ListPrice":1350000.00,"OrderId":"801g800000DSRXTAA5"}|0x7162d508
11:31:20.0 (127783246)|VARIABLE_SCOPE_BEGIN|[21]|pedido|Order|true|false
11:31:20.0 (127864494)|VARIABLE_ASSIGNMENT|[21]|pedido|{"Status":"Draft","City__c":"a05g8000001KAc9AAG","Country__c":"a03g8000004x8aeAAA","AccountId":"001g800000DSRXSAA5","DistributionCenter__c":"a06g8000000wkLpAAI","Id":"801g800000DSRXTAA5","State__c":"a04g8000000QmaTAAS"}|0x7e8c4558
11:31:20.0 (127871781)|VARIABLE_SCOPE_BEGIN|[21]|mapMargin|Map<String,Margem__c>|true|false
11:31:20.0 (127882179)|VARIABLE_ASSIGNMENT|[21]|mapMargin|"Map of size 7 too large to display"|0x59b7d5da
11:31:20.0 (127886308)|VARIABLE_SCOPE_BEGIN|[21]|h|Id|false|false
11:31:20.0 (128091445)|VARIABLE_ASSIGNMENT|[21]|h|"a01g8000007otrhAAA"
11:31:20.0 (128096635)|VARIABLE_SCOPE_BEGIN|[21]|cliente|Account|true|false
11:31:20.0 (128135338)|VARIABLE_ASSIGNMENT|[21]|cliente|{"AccountGroup__c":"a02g8000002871ZAAQ","Id":"001g800000DSRXSAA5"}|0x5d30e741
11:31:20.0 (128146735)|STATEMENT_EXECUTE|[21]
11:31:20.0 (128148101)|STATEMENT_EXECUTE|[22]
11:31:20.0 (128161526)|VARIABLE_SCOPE_BEGIN|[22]|p|Id|false|false
11:31:20.0 (128199401)|VARIABLE_ASSIGNMENT|[22]|p|"01tg8000001BArVAAW"
11:31:20.0 (128202186)|STATEMENT_EXECUTE|[23]
11:31:20.0 (128207066)|VARIABLE_SCOPE_BEGIN|[23]|a|Id|false|false
11:31:20.0 (128230202)|VARIABLE_ASSIGNMENT|[23]|a|"001g800000DSRXSAA5"
11:31:20.0 (128233211)|STATEMENT_EXECUTE|[24]
11:31:20.0 (128249508)|VARIABLE_SCOPE_BEGIN|[24]|g|Id|false|false
11:31:20.0 (128270171)|VARIABLE_ASSIGNMENT|[24]|g|"a02g8000002871ZAAQ"
11:31:20.0 (128273029)|STATEMENT_EXECUTE|[25]
11:31:20.0 (128282578)|VARIABLE_SCOPE_BEGIN|[25]|c|Id|false|false
11:31:20.0 (128321794)|VARIABLE_ASSIGNMENT|[25]|c|"a05g8000001KAc9AAG"
11:31:20.0 (128324788)|STATEMENT_EXECUTE|[26]
11:31:20.0 (128328417)|VARIABLE_SCOPE_BEGIN|[26]|e|Id|false|false
11:31:20.0 (128347539)|VARIABLE_ASSIGNMENT|[26]|e|"a04g8000000QmaTAAS"
11:31:20.0 (128350072)|STATEMENT_EXECUTE|[27]
11:31:20.0 (128359315)|VARIABLE_SCOPE_BEGIN|[27]|pa|Id|false|false
11:31:20.0 (128378390)|VARIABLE_ASSIGNMENT|[27]|pa|"a03g8000004x8aeAAA"
11:31:20.0 (128455953)|HEAP_ALLOCATE|[30]|Bytes:18
11:31:20.0 (128473143)|HEAP_ALLOCATE|[30]|Bytes:18
11:31:20.0 (128479554)|HEAP_ALLOCATE|[30]|Bytes:18
11:31:20.0 (128488414)|HEAP_ALLOCATE|[30]|Bytes:56
11:31:20.0 (128505318)|STATEMENT_EXECUTE|[30]
11:31:20.0 (128513830)|HEAP_ALLOCATE|[31]|Bytes:18
11:31:20.0 (128520513)|HEAP_ALLOCATE|[31]|Bytes:18
11:31:20.0 (128526488)|HEAP_ALLOCATE|[31]|Bytes:18
11:31:20.0 (128530693)|HEAP_ALLOCATE|[31]|Bytes:56
11:31:20.0 (128536311)|STATEMENT_EXECUTE|[31]
11:31:20.0 (128542853)|HEAP_ALLOCATE|[32]|Bytes:18
11:31:20.0 (128549757)|HEAP_ALLOCATE|[32]|Bytes:18
11:31:20.0 (128555607)|HEAP_ALLOCATE|[32]|Bytes:18
11:31:20.0 (128559785)|HEAP_ALLOCATE|[32]|Bytes:56
11:31:20.0 (128564842)|STATEMENT_EXECUTE|[32]
11:31:20.0 (128570592)|HEAP_ALLOCATE|[33]|Bytes:18
11:31:20.0 (128576617)|HEAP_ALLOCATE|[33]|Bytes:18
11:31:20.0 (128582553)|HEAP_ALLOCATE|[33]|Bytes:18
11:31:20.0 (128586763)|HEAP_ALLOCATE|[33]|Bytes:56
11:31:20.0 (128592458)|STATEMENT_EXECUTE|[33]
11:31:20.0 (128598239)|HEAP_ALLOCATE|[34]|Bytes:18
11:31:20.0 (128604438)|HEAP_ALLOCATE|[34]|Bytes:18
11:31:20.0 (128610529)|HEAP_ALLOCATE|[34]|Bytes:18
11:31:20.0 (128614619)|HEAP_ALLOCATE|[34]|Bytes:56
11:31:20.0 (128619192)|STATEMENT_EXECUTE|[34]
11:31:20.0 (128624743)|HEAP_ALLOCATE|[35]|Bytes:18
11:31:20.0 (128630914)|HEAP_ALLOCATE|[35]|Bytes:18
11:31:20.0 (128636682)|HEAP_ALLOCATE|[35]|Bytes:18
11:31:20.0 (128640837)|HEAP_ALLOCATE|[35]|Bytes:56
11:31:20.0 (128645420)|STATEMENT_EXECUTE|[35]
11:31:20.0 (128651304)|HEAP_ALLOCATE|[37]|Bytes:18
11:31:20.0 (128657562)|HEAP_ALLOCATE|[37]|Bytes:18
11:31:20.0 (128663297)|HEAP_ALLOCATE|[37]|Bytes:18
11:31:20.0 (128667338)|HEAP_ALLOCATE|[37]|Bytes:56
11:31:20.0 (128671999)|STATEMENT_EXECUTE|[37]
11:31:20.0 (128677544)|HEAP_ALLOCATE|[38]|Bytes:18
11:31:20.0 (128683537)|HEAP_ALLOCATE|[38]|Bytes:18
11:31:20.0 (128689214)|HEAP_ALLOCATE|[38]|Bytes:18
11:31:20.0 (128694077)|HEAP_ALLOCATE|[38]|Bytes:56
11:31:20.0 (128699281)|STATEMENT_EXECUTE|[38]
11:31:20.0 (128704772)|HEAP_ALLOCATE|[39]|Bytes:18
11:31:20.0 (128710774)|HEAP_ALLOCATE|[39]|Bytes:18
11:31:20.0 (128716508)|HEAP_ALLOCATE|[39]|Bytes:18
11:31:20.0 (128720543)|HEAP_ALLOCATE|[39]|Bytes:56
11:31:20.0 (128725089)|STATEMENT_EXECUTE|[39]
11:31:20.0 (128730588)|HEAP_ALLOCATE|[40]|Bytes:18
11:31:20.0 (128736616)|HEAP_ALLOCATE|[40]|Bytes:18
11:31:20.0 (128742323)|HEAP_ALLOCATE|[40]|Bytes:18
11:31:20.0 (128746324)|HEAP_ALLOCATE|[40]|Bytes:56
11:31:20.0 (128750928)|STATEMENT_EXECUTE|[40]
11:31:20.0 (128756396)|HEAP_ALLOCATE|[41]|Bytes:18
11:31:20.0 (128762399)|HEAP_ALLOCATE|[41]|Bytes:18
11:31:20.0 (128768258)|HEAP_ALLOCATE|[41]|Bytes:18
11:31:20.0 (128772313)|HEAP_ALLOCATE|[41]|Bytes:56
11:31:20.0 (128777454)|STATEMENT_EXECUTE|[41]
11:31:20.0 (128780636)|HEAP_ALLOCATE|[41]|Bytes:18
11:31:20.0 (128786367)|HEAP_ALLOCATE|[41]|Bytes:18
11:31:20.0 (128792088)|HEAP_ALLOCATE|[41]|Bytes:18
11:31:20.0 (128796109)|HEAP_ALLOCATE|[41]|Bytes:56
11:31:20.0 (128814176)|METHOD_EXIT|[130]|01pg8000001F8kf|PricingService.findMargin(OrderItem, Order, Map<String,Margem__c>, Id, Account)
11:31:20.0 (128819389)|VARIABLE_SCOPE_BEGIN|[130]|margem|Margem__c|true|false
11:31:20.0 (128877879)|VARIABLE_ASSIGNMENT|[130]|margem|{"Id":"a00g800000JZjxxAAD","AccountGroup__c":"a02g8000002871ZAAQ","ProductHierarchy__c":"a01g8000007otrhAAA","State__c":"a04g8000000QmaTAAS","MarginValuePercent__c":15.00}|0x50a910a5
11:31:20.0 (128883763)|STATEMENT_EXECUTE|[131]
11:31:20.0 (129530992)|VARIABLE_ASSIGNMENT|[131]|this.MarginPercentage__c|15.00|0x7162d508
11:31:20.0 (129539173)|STATEMENT_EXECUTE|[134]
11:31:20.0 (129563142)|METHOD_ENTRY|[134]|01pg8000001F8kf|PricingService.findFreightValue(OrderItem, Order, Map<String,Freight__c>, Id)
11:31:20.0 (129577458)|VARIABLE_SCOPE_BEGIN|[4]|item|OrderItem|true|false
11:31:20.0 (130035063)|VARIABLE_ASSIGNMENT|[4]|item|{"Product_Code_Display__c":"P003","IsDeleted":false,"UnitPrice":1350000.00,"Product2Id":"01tg8000001BArVAAW","PricebookEntryId":"01ug8000000XnbRAAS","TotalPrice":2700000.00,"Quantity":2.00,"MarginPercentage__c":15.00,"TaxPercentage__c":18.00,"ListPrice":1350000.00,"OrderId":"801g800000DSRXTAA5"}|0x7162d508
11:31:20.0 (130041607)|VARIABLE_SCOPE_BEGIN|[4]|pedido|Order|true|false
11:31:20.0 (130097988)|VARIABLE_ASSIGNMENT|[4]|pedido|{"Status":"Draft","City__c":"a05g8000001KAc9AAG","Country__c":"a03g8000004x8aeAAA","AccountId":"001g800000DSRXSAA5","DistributionCenter__c":"a06g8000000wkLpAAI","Id":"801g800000DSRXTAA5","State__c":"a04g8000000QmaTAAS"}|0x7e8c4558
11:31:20.0 (130104105)|VARIABLE_SCOPE_BEGIN|[4]|mapFrete|Map<String,Freight__c>|true|false
11:31:20.0 (130112301)|VARIABLE_ASSIGNMENT|[4]|mapFrete|"Map of size 7 too large to display"|0x70781070
11:31:20.0 (130115710)|VARIABLE_SCOPE_BEGIN|[4]|h|Id|false|false
11:31:20.0 (130178792)|VARIABLE_ASSIGNMENT|[4]|h|"a01g8000007otrhAAA"
11:31:20.0 (130185460)|STATEMENT_EXECUTE|[4]
11:31:20.0 (130187143)|STATEMENT_EXECUTE|[5]
11:31:20.0 (130192727)|VARIABLE_SCOPE_BEGIN|[5]|p|Id|false|false
11:31:20.0 (130215032)|VARIABLE_ASSIGNMENT|[5]|p|"01tg8000001BArVAAW"
11:31:20.0 (130218072)|STATEMENT_EXECUTE|[6]
11:31:20.0 (130221740)|VARIABLE_SCOPE_BEGIN|[6]|c|Id|false|false
11:31:20.0 (130239978)|VARIABLE_ASSIGNMENT|[6]|c|"a05g8000001KAc9AAG"
11:31:20.0 (130242852)|STATEMENT_EXECUTE|[7]
11:31:20.0 (130245363)|VARIABLE_SCOPE_BEGIN|[7]|e|Id|false|false
11:31:20.0 (130262568)|VARIABLE_ASSIGNMENT|[7]|e|"a04g8000000QmaTAAS"
11:31:20.0 (130265288)|STATEMENT_EXECUTE|[8]
11:31:20.0 (130268077)|VARIABLE_SCOPE_BEGIN|[8]|pa|Id|false|false
11:31:20.0 (130284866)|VARIABLE_ASSIGNMENT|[8]|pa|"a03g8000004x8aeAAA"
11:31:20.0 (130312387)|HEAP_ALLOCATE|[10]|Bytes:18
11:31:20.0 (130324252)|HEAP_ALLOCATE|[10]|Bytes:18
11:31:20.0 (130330635)|HEAP_ALLOCATE|[10]|Bytes:37
11:31:20.0 (130342041)|STATEMENT_EXECUTE|[10]
11:31:20.0 (130349517)|HEAP_ALLOCATE|[11]|Bytes:18
11:31:20.0 (130356088)|HEAP_ALLOCATE|[11]|Bytes:18
11:31:20.0 (130360506)|HEAP_ALLOCATE|[11]|Bytes:37
11:31:20.0 (130365486)|STATEMENT_EXECUTE|[11]
11:31:20.0 (130371401)|HEAP_ALLOCATE|[12]|Bytes:18
11:31:20.0 (130377726)|HEAP_ALLOCATE|[12]|Bytes:18
11:31:20.0 (130381887)|HEAP_ALLOCATE|[12]|Bytes:37
11:31:20.0 (130386481)|STATEMENT_EXECUTE|[12]
11:31:20.0 (130392410)|HEAP_ALLOCATE|[13]|Bytes:18
11:31:20.0 (130398533)|HEAP_ALLOCATE|[13]|Bytes:18
11:31:20.0 (130402603)|HEAP_ALLOCATE|[13]|Bytes:37
11:31:20.0 (130407952)|STATEMENT_EXECUTE|[13]
11:31:20.0 (130413592)|HEAP_ALLOCATE|[14]|Bytes:18
11:31:20.0 (130419654)|HEAP_ALLOCATE|[14]|Bytes:18
11:31:20.0 (130423708)|HEAP_ALLOCATE|[14]|Bytes:37
11:31:20.0 (130428431)|STATEMENT_EXECUTE|[14]
11:31:20.0 (130431564)|HEAP_ALLOCATE|[14]|Bytes:18
11:31:20.0 (130437408)|HEAP_ALLOCATE|[14]|Bytes:18
11:31:20.0 (130441490)|HEAP_ALLOCATE|[14]|Bytes:37
11:31:20.0 (130478027)|METHOD_EXIT|[134]|01pg8000001F8kf|PricingService.findFreightValue(OrderItem, Order, Map<String,Freight__c>, Id)
11:31:20.0 (131023529)|VARIABLE_ASSIGNMENT|[134]|this.FreightValue__c|800.00|0x7162d508
11:31:20.0 (131030640)|STATEMENT_EXECUTE|[137]
11:31:20.0 (131050906)|VARIABLE_SCOPE_BEGIN|[137]|custoUnitario|Decimal|false|false
11:31:20.0 (131057504)|VARIABLE_ASSIGNMENT|[137]|custoUnitario|900000.00
11:31:20.0 (131076106)|HEAP_ALLOCATE|[139]|Bytes:28
11:31:20.0 (131078812)|HEAP_ALLOCATE|[139]|Bytes:28
11:31:20.0 (131117350)|HEAP_ALLOCATE|[139]|Bytes:28
11:31:20.0 (131125492)|HEAP_ALLOCATE|[139]|Bytes:28
11:31:20.0 (131129216)|HEAP_ALLOCATE|[139]|Bytes:28
11:31:20.0 (131130772)|HEAP_ALLOCATE|[139]|Bytes:28
11:31:20.0 (131149882)|STATEMENT_EXECUTE|[139]
11:31:20.0 (131151227)|STATEMENT_EXECUTE|[145]
11:31:20.0 (131154221)|HEAP_ALLOCATE|[145]|Bytes:28
11:31:20.0 (131161711)|HEAP_ALLOCATE|[145]|Bytes:28
11:31:20.0 (131175553)|METHOD_ENTRY|[145]|01pg8000001F8kf|PricingService.calculateFinalPrice(OrderItem, Decimal, Margem__c, Decimal, Decimal)
11:31:20.0 (131188360)|VARIABLE_SCOPE_BEGIN|[47]|item|OrderItem|true|false
11:31:20.0 (131640234)|VARIABLE_ASSIGNMENT|[47]|item|{"Product_Code_Display__c":"P003","IsDeleted":false,"UnitPrice":1350000.00,"Product2Id":"01tg8000001BArVAAW","PricebookEntryId":"01ug8000000XnbRAAS","TotalPrice":2700000.00,"Quantity":2.00,"MarginPercentage__c":15.00,"TaxPercentage__c":18.00,"ListPrice":1350000.00,"OrderId":"801g800000DSRXTAA5","FreightValue__c":800.00}|0x7162d508
11:31:20.0 (131646865)|VARIABLE_SCOPE_BEGIN|[47]|frete|Decimal|false|false
11:31:20.0 (131651804)|VARIABLE_ASSIGNMENT|[47]|frete|800.00
11:31:20.0 (131654507)|VARIABLE_SCOPE_BEGIN|[47]|margem|Margem__c|true|false
11:31:20.0 (131699663)|VARIABLE_ASSIGNMENT|[47]|margem|{"Id":"a00g800000JZjxxAAD","AccountGroup__c":"a02g8000002871ZAAQ","ProductHierarchy__c":"a01g8000007otrhAAA","State__c":"a04g8000000QmaTAAS","MarginValuePercent__c":15.00}|0x50a910a5
11:31:20.0 (131703792)|VARIABLE_SCOPE_BEGIN|[47]|impostoPercent|Decimal|false|false
11:31:20.0 (131707974)|VARIABLE_ASSIGNMENT|[47]|impostoPercent|18.00
11:31:20.0 (131710041)|VARIABLE_SCOPE_BEGIN|[47]|custo|Decimal|false|false
11:31:20.0 (131713600)|VARIABLE_ASSIGNMENT|[47]|custo|900000.00
11:31:20.0 (131719041)|STATEMENT_EXECUTE|[47]
11:31:20.0 (131720350)|STATEMENT_EXECUTE|[48]
11:31:20.0 (131730106)|VARIABLE_SCOPE_BEGIN|[48]|mPerc|Decimal|false|false
11:31:20.0 (131735405)|VARIABLE_ASSIGNMENT|[48]|mPerc|15.00
11:31:20.0 (131737656)|STATEMENT_EXECUTE|[49]
11:31:20.0 (131739699)|VARIABLE_SCOPE_BEGIN|[49]|iPerc|Decimal|false|false
11:31:20.0 (131743960)|VARIABLE_ASSIGNMENT|[49]|iPerc|18.00
11:31:20.0 (131746250)|STATEMENT_EXECUTE|[50]
11:31:20.0 (131747782)|VARIABLE_SCOPE_BEGIN|[50]|custoProd|Decimal|false|false
11:31:20.0 (131751596)|VARIABLE_ASSIGNMENT|[50]|custoProd|900000.00
11:31:20.0 (131753723)|STATEMENT_EXECUTE|[51]
11:31:20.0 (131755280)|VARIABLE_SCOPE_BEGIN|[51]|freteVal|Decimal|false|false
11:31:20.0 (131758987)|VARIABLE_ASSIGNMENT|[51]|freteVal|800.00
11:31:20.0 (131760971)|STATEMENT_EXECUTE|[54]
11:31:20.0 (131812326)|HEAP_ALLOCATE|[54]|Bytes:28
11:31:20.0 (131818190)|VARIABLE_SCOPE_BEGIN|[54]|precoBase|Decimal|false|false
11:31:20.0 (131822275)|VARIABLE_ASSIGNMENT|[54]|precoBase|900800.00
11:31:20.0 (131824499)|STATEMENT_EXECUTE|[57]
11:31:20.0 (131828197)|HEAP_ALLOCATE|[57]|Bytes:28
11:31:20.0 (131829881)|HEAP_ALLOCATE|[57]|Bytes:28
11:31:20.0 (131833867)|HEAP_ALLOCATE|[57]|Bytes:28
11:31:20.0 (132021367)|HEAP_ALLOCATE|[57]|Bytes:28
11:31:20.0 (132025093)|HEAP_ALLOCATE|[57]|Bytes:28
11:31:20.0 (132036051)|HEAP_ALLOCATE|[57]|Bytes:28
11:31:20.0 (132053040)|HEAP_ALLOCATE|[57]|Bytes:28
11:31:20.0 (132057770)|VARIABLE_SCOPE_BEGIN|[57]|precoSemMargem|Decimal|false|false
11:31:20.0 (132064057)|VARIABLE_ASSIGNMENT|[57]|precoSemMargem|1062944.0000
11:31:20.0 (132066578)|STATEMENT_EXECUTE|[60]
11:31:20.0 (132069069)|HEAP_ALLOCATE|[60]|Bytes:28
11:31:20.0 (132070665)|HEAP_ALLOCATE|[60]|Bytes:28
11:31:20.0 (132073265)|HEAP_ALLOCATE|[60]|Bytes:28
11:31:20.0 (132090396)|HEAP_ALLOCATE|[60]|Bytes:28
11:31:20.0 (132092051)|HEAP_ALLOCATE|[60]|Bytes:28
11:31:20.0 (132099630)|HEAP_ALLOCATE|[60]|Bytes:28
11:31:20.0 (132113543)|HEAP_ALLOCATE|[60]|Bytes:28
11:31:20.0 (132117752)|VARIABLE_SCOPE_BEGIN|[60]|precoCalculado|Decimal|false|false
11:31:20.0 (132122143)|VARIABLE_ASSIGNMENT|[60]|precoCalculado|1222385.600000
11:31:20.0 (132124506)|STATEMENT_EXECUTE|[63]
11:31:20.0 (132632334)|VARIABLE_ASSIGNMENT|[63]|this.ProductionCost__c|900000.00|0x7162d508
11:31:20.0 (132637411)|STATEMENT_EXECUTE|[64]
11:31:20.0 (133257487)|VARIABLE_ASSIGNMENT|[64]|this.MarginPercentage__c|15.00|0x7162d508
11:31:20.0 (133263062)|STATEMENT_EXECUTE|[65]
11:31:20.0 (133694735)|VARIABLE_ASSIGNMENT|[65]|this.FreightValue__c|800.00|0x7162d508
11:31:20.0 (133698641)|STATEMENT_EXECUTE|[66]
11:31:20.0 (134163037)|VARIABLE_ASSIGNMENT|[66]|this.TaxPercentage__c|18.00|0x7162d508
11:31:20.0 (134168779)|STATEMENT_EXECUTE|[67]
11:31:20.0 (134627230)|VARIABLE_ASSIGNMENT|[67]|this.PriceWithoutMargin__c|1062944.0000|0x7162d508
11:31:20.0 (134632952)|STATEMENT_EXECUTE|[68]
11:31:20.0 (135078117)|VARIABLE_ASSIGNMENT|[68]|this.FinalPrice__c|1222385.600000|0x7162d508
11:31:20.0 (135083031)|STATEMENT_EXECUTE|[71]
11:31:20.0 (135103828)|VARIABLE_SCOPE_BEGIN|[71]|unitPriceDigitado|Decimal|false|false
11:31:20.0 (135110683)|VARIABLE_ASSIGNMENT|[71]|unitPriceDigitado|1350000.00
11:31:20.0 (135126884)|HEAP_ALLOCATE|[74]|Bytes:28
11:31:20.0 (135130169)|HEAP_ALLOCATE|[74]|Bytes:28
11:31:20.0 (135177764)|STATEMENT_EXECUTE|[74]
11:31:20.0 (135178816)|STATEMENT_EXECUTE|[75]
11:31:20.0 (135205631)|HEAP_ALLOCATE|[75]|Bytes:28
11:31:20.0 (135366653)|HEAP_ALLOCATE|[75]|Bytes:28
11:31:20.0 (135369681)|HEAP_ALLOCATE|[75]|Bytes:28
11:31:20.0 (135879587)|VARIABLE_ASSIGNMENT|[75]|this.DiscountPercentage__c|-0.104397826675968695966313739297976|0x7162d508
11:31:20.0 (135885917)|STATEMENT_EXECUTE|[76]
11:31:20.0 (135906236)|HEAP_ALLOCATE|[76]|Bytes:28
11:31:20.0 (136566821)|VARIABLE_ASSIGNMENT|[76]|this.DiscountValue__c|-127614.400000|0x7162d508
11:31:20.0 (136579998)|STATEMENT_EXECUTE|[79]
11:31:20.0 (136603505)|HEAP_ALLOCATE|[79]|Bytes:28
11:31:20.0 (137109571)|VARIABLE_ASSIGNMENT|[79]|this.UnitPrice|1222385.600000|0x7162d508
11:31:20.0 (137126168)|METHOD_EXIT|[145]|01pg8000001F8kf|PricingService.calculateFinalPrice(OrderItem, Decimal, Margem__c, Decimal, Decimal)
11:31:20.0 (137153812)|HEAP_ALLOCATE|[106]|Bytes:5
11:31:20.0 (137199656)|HEAP_ALLOCATE|[106]|Bytes:4
11:31:20.0 (137213034)|VARIABLE_SCOPE_BEGIN|[106]|item|OrderItem|true|false
11:31:20.0 (137675721)|VARIABLE_ASSIGNMENT|[106]|item|{"Product_Code_Display__c":"P010","IsDeleted":false,"UnitPrice":19500.00,"Product2Id":"01tg8000001BArcAAG","PricebookEntryId":"01ug8000000XoZ7AAK","TotalPrice":19500.00,"Quantity":1.00,"ListPrice":19500.00,"OrderId":"801g800000DSRXTAA5"}|0x13f0499a
11:31:20.0 (137685146)|STATEMENT_EXECUTE|[106]
11:31:20.0 (137686863)|STATEMENT_EXECUTE|[107]
11:31:20.0 (137713138)|VARIABLE_SCOPE_BEGIN|[107]|pedido|Order|true|false
11:31:20.0 (137794478)|VARIABLE_ASSIGNMENT|[107]|pedido|{"Status":"Draft","City__c":"a05g8000001KAc9AAG","Country__c":"a03g8000004x8aeAAA","AccountId":"001g800000DSRXSAA5","DistributionCenter__c":"a06g8000000wkLpAAI","Id":"801g800000DSRXTAA5","State__c":"a04g8000000QmaTAAS"}|0x7e8c4558
11:31:20.0 (137801310)|STATEMENT_EXECUTE|[108]
11:31:20.0 (137813045)|VARIABLE_SCOPE_BEGIN|[108]|produto|Product2|true|false
11:31:20.0 (137850151)|VARIABLE_ASSIGNMENT|[108]|produto|{"ProductionCost__c":12000.00,"ProductHierarchy__c":"a01g8000007otrpAAA","Id":"01tg8000001BArcAAG"}|0x489e071d
11:31:20.0 (137853906)|STATEMENT_EXECUTE|[109]
11:31:20.0 (137867274)|VARIABLE_SCOPE_BEGIN|[109]|cliente|Account|true|false
11:31:20.0 (137904419)|VARIABLE_ASSIGNMENT|[109]|cliente|{"AccountGroup__c":"a02g8000002871ZAAQ","Id":"001g800000DSRXSAA5"}|0x5d30e741
11:31:20.0 (137923726)|HEAP_ALLOCATE|[113]|Bytes:28
11:31:20.0 (137926228)|HEAP_ALLOCATE|[113]|Bytes:28
11:31:20.0 (137951809)|HEAP_ALLOCATE|[113]|Bytes:28
11:31:20.0 (137953519)|HEAP_ALLOCATE|[113]|Bytes:28
11:31:20.0 (137963505)|STATEMENT_EXECUTE|[113]
11:31:20.0 (137966783)|STATEMENT_EXECUTE|[119]
11:31:20.0 (137968025)|STATEMENT_EXECUTE|[121]
11:31:20.0 (137977343)|HEAP_ALLOCATE|[121]|Bytes:18
11:31:20.0 (137986504)|HEAP_ALLOCATE|[122]|Bytes:18
11:31:20.0 (137994591)|HEAP_ALLOCATE|[123]|Bytes:18
11:31:20.0 (138001731)|HEAP_ALLOCATE|[121]|Bytes:54
11:31:20.0 (138005830)|VARIABLE_SCOPE_BEGIN|[121]|keyOrderItemImposto|String|false|false
11:31:20.0 (138013362)|VARIABLE_ASSIGNMENT|[121]|keyOrderItemImposto|"01tg8000001BArcAAGa0 (34 more) ..."
11:31:20.0 (138016321)|STATEMENT_EXECUTE|[125]
11:31:20.0 (138028227)|VARIABLE_SCOPE_BEGIN|[125]|impostoEncontrado|Tax__c|true|false
11:31:20.0 (138072879)|VARIABLE_ASSIGNMENT|[125]|impostoEncontrado|{"DistributionCenter__c":"a06g8000000wkLpAAI","Product__c":"01tg8000001BArcAAG","TaxRate__c":18.00,"Id":"a09g8000001l5i3AAA","State__c":"a04g8000000QmaTAAS"}|0x3300af25
11:31:20.0 (138077349)|STATEMENT_EXECUTE|[127]
11:31:20.0 (138569567)|VARIABLE_ASSIGNMENT|[127]|this.TaxPercentage__c|18.00|0x13f0499a
11:31:20.0 (138574449)|STATEMENT_EXECUTE|[130]
11:31:20.0 (138590391)|METHOD_ENTRY|[130]|01pg8000001F8kf|PricingService.findMargin(OrderItem, Order, Map<String,Margem__c>, Id, Account)
11:31:20.0 (138596133)|VARIABLE_SCOPE_BEGIN|[21]|item|OrderItem|true|false
11:31:20.0 (139051407)|VARIABLE_ASSIGNMENT|[21]|item|{"Product_Code_Display__c":"P010","IsDeleted":false,"UnitPrice":19500.00,"Product2Id":"01tg8000001BArcAAG","PricebookEntryId":"01ug8000000XoZ7AAK","TotalPrice":19500.00,"Quantity":1.00,"TaxPercentage__c":18.00,"ListPrice":19500.00,"OrderId":"801g800000DSRXTAA5"}|0x13f0499a
11:31:20.0 (139058271)|VARIABLE_SCOPE_BEGIN|[21]|pedido|Order|true|false
11:31:20.0 (139104964)|VARIABLE_ASSIGNMENT|[21]|pedido|{"Status":"Draft","City__c":"a05g8000001KAc9AAG","Country__c":"a03g8000004x8aeAAA","AccountId":"001g800000DSRXSAA5","DistributionCenter__c":"a06g8000000wkLpAAI","Id":"801g800000DSRXTAA5","State__c":"a04g8000000QmaTAAS"}|0x7e8c4558
11:31:20.0 (139110697)|VARIABLE_SCOPE_BEGIN|[21]|mapMargin|Map<String,Margem__c>|true|false
11:31:20.0 (139119912)|VARIABLE_ASSIGNMENT|[21]|mapMargin|"Map of size 7 too large to display"|0x59b7d5da
11:31:20.0 (139122755)|VARIABLE_SCOPE_BEGIN|[21]|h|Id|false|false
11:31:20.0 (139218321)|VARIABLE_ASSIGNMENT|[21]|h|"a01g8000007otrpAAA"
11:31:20.0 (139221678)|VARIABLE_SCOPE_BEGIN|[21]|cliente|Account|true|false
11:31:20.0 (139247070)|VARIABLE_ASSIGNMENT|[21]|cliente|{"AccountGroup__c":"a02g8000002871ZAAQ","Id":"001g800000DSRXSAA5"}|0x5d30e741
11:31:20.0 (139254544)|STATEMENT_EXECUTE|[21]
11:31:20.0 (139255697)|STATEMENT_EXECUTE|[22]
11:31:20.0 (139261583)|VARIABLE_SCOPE_BEGIN|[22]|p|Id|false|false
11:31:20.0 (139286548)|VARIABLE_ASSIGNMENT|[22]|p|"01tg8000001BArcAAG"
11:31:20.0 (139289813)|STATEMENT_EXECUTE|[23]
11:31:20.0 (139293333)|VARIABLE_SCOPE_BEGIN|[23]|a|Id|false|false
11:31:20.0 (139311788)|VARIABLE_ASSIGNMENT|[23]|a|"001g800000DSRXSAA5"
11:31:20.0 (139314396)|STATEMENT_EXECUTE|[24]
11:31:20.0 (139318590)|VARIABLE_SCOPE_BEGIN|[24]|g|Id|false|false
11:31:20.0 (139336230)|VARIABLE_ASSIGNMENT|[24]|g|"a02g8000002871ZAAQ"
11:31:20.0 (139338699)|STATEMENT_EXECUTE|[25]
11:31:20.0 (139341678)|VARIABLE_SCOPE_BEGIN|[25]|c|Id|false|false
11:31:20.0 (139358583)|VARIABLE_ASSIGNMENT|[25]|c|"a05g8000001KAc9AAG"
11:31:20.0 (139361184)|STATEMENT_EXECUTE|[26]
11:31:20.0 (139363593)|VARIABLE_SCOPE_BEGIN|[26]|e|Id|false|false
11:31:20.0 (139380769)|VARIABLE_ASSIGNMENT|[26]|e|"a04g8000000QmaTAAS"
11:31:20.0 (139383295)|STATEMENT_EXECUTE|[27]
11:31:20.0 (139386559)|VARIABLE_SCOPE_BEGIN|[27]|pa|Id|false|false
11:31:20.0 (139405797)|VARIABLE_ASSIGNMENT|[27]|pa|"a03g8000004x8aeAAA"
11:31:20.0 (139419077)|HEAP_ALLOCATE|[30]|Bytes:18
11:31:20.0 (139429869)|HEAP_ALLOCATE|[30]|Bytes:18
11:31:20.0 (139436113)|HEAP_ALLOCATE|[30]|Bytes:18
11:31:20.0 (139443773)|HEAP_ALLOCATE|[30]|Bytes:56
11:31:20.0 (139457589)|STATEMENT_EXECUTE|[30]
11:31:20.0 (139461327)|HEAP_ALLOCATE|[31]|Bytes:18
11:31:20.0 (139468001)|HEAP_ALLOCATE|[31]|Bytes:18
11:31:20.0 (139474054)|HEAP_ALLOCATE|[31]|Bytes:18
11:31:20.0 (139478333)|HEAP_ALLOCATE|[31]|Bytes:56
11:31:20.0 (139483284)|STATEMENT_EXECUTE|[31]
11:31:20.0 (139487019)|HEAP_ALLOCATE|[32]|Bytes:18
11:31:20.0 (139493045)|HEAP_ALLOCATE|[32]|Bytes:18
11:31:20.0 (139499015)|HEAP_ALLOCATE|[32]|Bytes:18
11:31:20.0 (139503068)|HEAP_ALLOCATE|[32]|Bytes:56
11:31:20.0 (139507451)|STATEMENT_EXECUTE|[32]
11:31:20.0 (139510987)|HEAP_ALLOCATE|[33]|Bytes:18
11:31:20.0 (139516817)|HEAP_ALLOCATE|[33]|Bytes:18
11:31:20.0 (139522649)|HEAP_ALLOCATE|[33]|Bytes:18
11:31:20.0 (139526815)|HEAP_ALLOCATE|[33]|Bytes:56
11:31:20.0 (139531426)|STATEMENT_EXECUTE|[33]
11:31:20.0 (139535049)|HEAP_ALLOCATE|[34]|Bytes:18
11:31:20.0 (139541085)|HEAP_ALLOCATE|[34]|Bytes:18
11:31:20.0 (139547304)|HEAP_ALLOCATE|[34]|Bytes:18
11:31:20.0 (139551370)|HEAP_ALLOCATE|[34]|Bytes:56
11:31:20.0 (139556553)|STATEMENT_EXECUTE|[34]
11:31:20.0 (139561639)|HEAP_ALLOCATE|[34]|Bytes:18
11:31:20.0 (139567570)|HEAP_ALLOCATE|[34]|Bytes:18
11:31:20.0 (139573514)|HEAP_ALLOCATE|[34]|Bytes:18
11:31:20.0 (139578055)|HEAP_ALLOCATE|[34]|Bytes:56
11:31:20.0 (139594534)|METHOD_EXIT|[130]|01pg8000001F8kf|PricingService.findMargin(OrderItem, Order, Map<String,Margem__c>, Id, Account)
11:31:20.0 (139599204)|VARIABLE_SCOPE_BEGIN|[130]|margem|Margem__c|true|false
11:31:20.0 (139642827)|VARIABLE_ASSIGNMENT|[130]|margem|{"Product__c":"01tg8000001BArcAAG","Id":"a00g800000OgMOPAA3","AccountGroup__c":"a02g8000002871ZAAQ","State__c":"a04g8000000QmaTAAS","MarginValuePercent__c":10.00}|0x8b4f01c
11:31:20.0 (139647620)|STATEMENT_EXECUTE|[131]
11:31:20.0 (140136183)|VARIABLE_ASSIGNMENT|[131]|this.MarginPercentage__c|10.00|0x13f0499a
11:31:20.0 (140141638)|STATEMENT_EXECUTE|[134]
11:31:20.0 (140152659)|METHOD_ENTRY|[134]|01pg8000001F8kf|PricingService.findFreightValue(OrderItem, Order, Map<String,Freight__c>, Id)
11:31:20.0 (140156491)|VARIABLE_SCOPE_BEGIN|[4]|item|OrderItem|true|false
11:31:20.0 (140584937)|VARIABLE_ASSIGNMENT|[4]|item|{"Product_Code_Display__c":"P010","IsDeleted":false,"UnitPrice":19500.00,"Product2Id":"01tg8000001BArcAAG","PricebookEntryId":"01ug8000000XoZ7AAK","TotalPrice":19500.00,"Quantity":1.00,"MarginPercentage__c":10.00,"TaxPercentage__c":18.00,"ListPrice":19500.00,"OrderId":"801g800000DSRXTAA5"}|0x13f0499a
11:31:20.0 (140591026)|VARIABLE_SCOPE_BEGIN|[4]|pedido|Order|true|false
11:31:20.0 (140634278)|VARIABLE_ASSIGNMENT|[4]|pedido|{"Status":"Draft","City__c":"a05g8000001KAc9AAG","Country__c":"a03g8000004x8aeAAA","AccountId":"001g800000DSRXSAA5","DistributionCenter__c":"a06g8000000wkLpAAI","Id":"801g800000DSRXTAA5","State__c":"a04g8000000QmaTAAS"}|0x7e8c4558
11:31:20.0 (140639562)|VARIABLE_SCOPE_BEGIN|[4]|mapFrete|Map<String,Freight__c>|true|false
11:31:20.0 (140646084)|VARIABLE_ASSIGNMENT|[4]|mapFrete|"Map of size 7 too large to display"|0x70781070
11:31:20.0 (140648954)|VARIABLE_SCOPE_BEGIN|[4]|h|Id|false|false
11:31:20.0 (140695098)|VARIABLE_ASSIGNMENT|[4]|h|"a01g8000007otrpAAA"
11:31:20.0 (140700076)|STATEMENT_EXECUTE|[4]
11:31:20.0 (140701224)|STATEMENT_EXECUTE|[5]
11:31:20.0 (140705700)|VARIABLE_SCOPE_BEGIN|[5]|p|Id|false|false
11:31:20.0 (140726019)|VARIABLE_ASSIGNMENT|[5]|p|"01tg8000001BArcAAG"
11:31:20.0 (140728882)|STATEMENT_EXECUTE|[6]
11:31:20.0 (140731641)|VARIABLE_SCOPE_BEGIN|[6]|c|Id|false|false
11:31:20.0 (140748876)|VARIABLE_ASSIGNMENT|[6]|c|"a05g8000001KAc9AAG"
11:31:20.0 (140751696)|STATEMENT_EXECUTE|[7]
11:31:20.0 (140753893)|VARIABLE_SCOPE_BEGIN|[7]|e|Id|false|false
11:31:20.0 (140770715)|VARIABLE_ASSIGNMENT|[7]|e|"a04g8000000QmaTAAS"
11:31:20.0 (140773169)|STATEMENT_EXECUTE|[8]
11:31:20.0 (140775613)|VARIABLE_SCOPE_BEGIN|[8]|pa|Id|false|false
11:31:20.0 (140792473)|VARIABLE_ASSIGNMENT|[8]|pa|"a03g8000004x8aeAAA"
11:31:20.0 (140802264)|HEAP_ALLOCATE|[10]|Bytes:18
11:31:20.0 (140811029)|HEAP_ALLOCATE|[10]|Bytes:18
11:31:20.0 (140817066)|HEAP_ALLOCATE|[10]|Bytes:37
11:31:20.0 (140827360)|STATEMENT_EXECUTE|[10]
11:31:20.0 (140830950)|HEAP_ALLOCATE|[11]|Bytes:18
11:31:20.0 (140837425)|HEAP_ALLOCATE|[11]|Bytes:18
11:31:20.0 (140841862)|HEAP_ALLOCATE|[11]|Bytes:37
11:31:20.0 (140847402)|STATEMENT_EXECUTE|[11]
11:31:20.0 (140851407)|HEAP_ALLOCATE|[11]|Bytes:18
11:31:20.0 (140857562)|HEAP_ALLOCATE|[11]|Bytes:18
11:31:20.0 (140862107)|HEAP_ALLOCATE|[11]|Bytes:37
11:31:20.0 (140884943)|METHOD_EXIT|[134]|01pg8000001F8kf|PricingService.findFreightValue(OrderItem, Order, Map<String,Freight__c>, Id)
11:31:20.0 (141391136)|VARIABLE_ASSIGNMENT|[134]|this.FreightValue__c|150.00|0x13f0499a
11:31:20.0 (141397479)|STATEMENT_EXECUTE|[137]
11:31:20.0 (141406798)|VARIABLE_SCOPE_BEGIN|[137]|custoUnitario|Decimal|false|false
11:31:20.0 (141412693)|VARIABLE_ASSIGNMENT|[137]|custoUnitario|12000.00
11:31:20.0 (141424165)|HEAP_ALLOCATE|[139]|Bytes:28
11:31:20.0 (141426415)|HEAP_ALLOCATE|[139]|Bytes:28
11:31:20.0 (141446730)|HEAP_ALLOCATE|[139]|Bytes:28
11:31:20.0 (141452361)|HEAP_ALLOCATE|[139]|Bytes:28
11:31:20.0 (141455875)|HEAP_ALLOCATE|[139]|Bytes:28
11:31:20.0 (141457386)|HEAP_ALLOCATE|[139]|Bytes:28
11:31:20.0 (141470105)|STATEMENT_EXECUTE|[139]
11:31:20.0 (141471189)|STATEMENT_EXECUTE|[145]
11:31:20.0 (141474022)|HEAP_ALLOCATE|[145]|Bytes:28
11:31:20.0 (141478539)|HEAP_ALLOCATE|[145]|Bytes:28
11:31:20.0 (141484463)|METHOD_ENTRY|[145]|01pg8000001F8kf|PricingService.calculateFinalPrice(OrderItem, Decimal, Margem__c, Decimal, Decimal)
11:31:20.0 (141488025)|VARIABLE_SCOPE_BEGIN|[47]|item|OrderItem|true|false
11:31:20.0 (141935187)|VARIABLE_ASSIGNMENT|[47]|item|{"Product_Code_Display__c":"P010","IsDeleted":false,"UnitPrice":19500.00,"Product2Id":"01tg8000001BArcAAG","PricebookEntryId":"01ug8000000XoZ7AAK","TotalPrice":19500.00,"Quantity":1.00,"MarginPercentage__c":10.00,"TaxPercentage__c":18.00,"ListPrice":19500.00,"OrderId":"801g800000DSRXTAA5","FreightValue__c":150.00}|0x13f0499a
11:31:20.0 (141941541)|VARIABLE_SCOPE_BEGIN|[47]|frete|Decimal|false|false
11:31:20.0 (141946136)|VARIABLE_ASSIGNMENT|[47]|frete|150.00
11:31:20.0 (141948476)|VARIABLE_SCOPE_BEGIN|[47]|margem|Margem__c|true|false
11:31:20.0 (141989243)|VARIABLE_ASSIGNMENT|[47]|margem|{"Product__c":"01tg8000001BArcAAG","Id":"a00g800000OgMOPAA3","AccountGroup__c":"a02g8000002871ZAAQ","State__c":"a04g8000000QmaTAAS","MarginValuePercent__c":10.00}|0x8b4f01c
11:31:20.0 (141993138)|VARIABLE_SCOPE_BEGIN|[47]|impostoPercent|Decimal|false|false
11:31:20.0 (141997023)|VARIABLE_ASSIGNMENT|[47]|impostoPercent|18.00
11:31:20.0 (141999460)|VARIABLE_SCOPE_BEGIN|[47]|custo|Decimal|false|false
11:31:20.0 (142003036)|VARIABLE_ASSIGNMENT|[47]|custo|12000.00
11:31:20.0 (142007856)|STATEMENT_EXECUTE|[47]
11:31:20.0 (142009057)|STATEMENT_EXECUTE|[48]
11:31:20.0 (142018019)|VARIABLE_SCOPE_BEGIN|[48]|mPerc|Decimal|false|false
11:31:20.0 (142022401)|VARIABLE_ASSIGNMENT|[48]|mPerc|10.00
11:31:20.0 (142024617)|STATEMENT_EXECUTE|[49]
11:31:20.0 (142026310)|VARIABLE_SCOPE_BEGIN|[49]|iPerc|Decimal|false|false
11:31:20.0 (142030085)|VARIABLE_ASSIGNMENT|[49]|iPerc|18.00
11:31:20.0 (142032137)|STATEMENT_EXECUTE|[50]
11:31:20.0 (142033484)|VARIABLE_SCOPE_BEGIN|[50]|custoProd|Decimal|false|false
11:31:20.0 (142037023)|VARIABLE_ASSIGNMENT|[50]|custoProd|12000.00
11:31:20.0 (142039306)|STATEMENT_EXECUTE|[51]
11:31:20.0 (142040748)|VARIABLE_SCOPE_BEGIN|[51]|freteVal|Decimal|false|false
11:31:20.0 (142044450)|VARIABLE_ASSIGNMENT|[51]|freteVal|150.00
11:31:20.0 (142046564)|STATEMENT_EXECUTE|[54]
11:31:20.0 (142061486)|HEAP_ALLOCATE|[54]|Bytes:28
11:31:20.0 (142066703)|VARIABLE_SCOPE_BEGIN|[54]|precoBase|Decimal|false|false
11:31:20.0 (142070733)|VARIABLE_ASSIGNMENT|[54]|precoBase|12150.00
11:31:20.0 (142072722)|STATEMENT_EXECUTE|[57]
11:31:20.0 (142075915)|HEAP_ALLOCATE|[57]|Bytes:28
11:31:20.0 (142077678)|HEAP_ALLOCATE|[57]|Bytes:28
11:31:20.0 (142081355)|HEAP_ALLOCATE|[57]|Bytes:28
11:31:20.0 (142138050)|HEAP_ALLOCATE|[57]|Bytes:28
11:31:20.0 (142140038)|HEAP_ALLOCATE|[57]|Bytes:28
11:31:20.0 (142149396)|HEAP_ALLOCATE|[57]|Bytes:28
11:31:20.0 (142158808)|HEAP_ALLOCATE|[57]|Bytes:28
11:31:20.0 (142162840)|VARIABLE_SCOPE_BEGIN|[57]|precoSemMargem|Decimal|false|false
11:31:20.0 (142167884)|VARIABLE_ASSIGNMENT|[57]|precoSemMargem|14337.0000
11:31:20.0 (142170357)|STATEMENT_EXECUTE|[60]
11:31:20.0 (142172702)|HEAP_ALLOCATE|[60]|Bytes:28
11:31:20.0 (142174253)|HEAP_ALLOCATE|[60]|Bytes:28
11:31:20.0 (142176766)|HEAP_ALLOCATE|[60]|Bytes:28
11:31:20.0 (142189469)|HEAP_ALLOCATE|[60]|Bytes:28
11:31:20.0 (142191095)|HEAP_ALLOCATE|[60]|Bytes:28
11:31:20.0 (142198414)|HEAP_ALLOCATE|[60]|Bytes:28
11:31:20.0 (142205174)|HEAP_ALLOCATE|[60]|Bytes:28
11:31:20.0 (142209198)|VARIABLE_SCOPE_BEGIN|[60]|precoCalculado|Decimal|false|false
11:31:20.0 (142213567)|VARIABLE_ASSIGNMENT|[60]|precoCalculado|15770.700000
11:31:20.0 (142215735)|STATEMENT_EXECUTE|[63]
11:31:20.0 (142692437)|VARIABLE_ASSIGNMENT|[63]|this.ProductionCost__c|12000.00|0x13f0499a
11:31:20.0 (142696613)|STATEMENT_EXECUTE|[64]
11:31:20.0 (143146546)|VARIABLE_ASSIGNMENT|[64]|this.MarginPercentage__c|10.00|0x13f0499a
11:31:20.0 (143151280)|STATEMENT_EXECUTE|[65]
11:31:20.0 (143761217)|VARIABLE_ASSIGNMENT|[65]|this.FreightValue__c|150.00|0x13f0499a
11:31:20.0 (143828713)|STATEMENT_EXECUTE|[66]
11:31:20.0 (144287362)|VARIABLE_ASSIGNMENT|[66]|this.TaxPercentage__c|18.00|0x13f0499a
11:31:20.0 (144291906)|STATEMENT_EXECUTE|[67]
11:31:20.0 (144723347)|VARIABLE_ASSIGNMENT|[67]|this.PriceWithoutMargin__c|14337.0000|0x13f0499a
11:31:20.0 (144727056)|STATEMENT_EXECUTE|[68]
11:31:20.0 (145153060)|VARIABLE_ASSIGNMENT|[68]|this.FinalPrice__c|15770.700000|0x13f0499a
11:31:20.0 (145157115)|STATEMENT_EXECUTE|[71]
11:31:20.0 (145204917)|VARIABLE_SCOPE_BEGIN|[71]|unitPriceDigitado|Decimal|false|false
11:31:20.0 (145211933)|VARIABLE_ASSIGNMENT|[71]|unitPriceDigitado|19500.00
11:31:20.0 (145225823)|HEAP_ALLOCATE|[74]|Bytes:28
11:31:20.0 (145229892)|HEAP_ALLOCATE|[74]|Bytes:28
11:31:20.0 (145255177)|STATEMENT_EXECUTE|[74]
11:31:20.0 (145256507)|STATEMENT_EXECUTE|[75]
11:31:20.0 (145266199)|HEAP_ALLOCATE|[75]|Bytes:28
11:31:20.0 (145332890)|HEAP_ALLOCATE|[75]|Bytes:28
11:31:20.0 (145334896)|HEAP_ALLOCATE|[75]|Bytes:28
11:31:20.0 (145809703)|VARIABLE_ASSIGNMENT|[75]|this.DiscountPercentage__c|-0.236470163023835340219521010481462|0x13f0499a
11:31:20.0 (145814210)|STATEMENT_EXECUTE|[76]
11:31:20.0 (145821979)|HEAP_ALLOCATE|[76]|Bytes:28
11:31:20.0 (146244843)|VARIABLE_ASSIGNMENT|[76]|this.DiscountValue__c|-3729.300000|0x13f0499a
11:31:20.0 (146249959)|STATEMENT_EXECUTE|[79]
11:31:20.0 (146256103)|HEAP_ALLOCATE|[79]|Bytes:28
11:31:20.0 (146727414)|VARIABLE_ASSIGNMENT|[79]|this.UnitPrice|15770.700000|0x13f0499a
11:31:20.0 (146740898)|METHOD_EXIT|[145]|01pg8000001F8kf|PricingService.calculateFinalPrice(OrderItem, Decimal, Margem__c, Decimal, Decimal)
11:31:20.0 (146766383)|HEAP_ALLOCATE|[106]|Bytes:5
11:31:20.0 (146782754)|VARIABLE_ASSIGNMENT|[106]|item|null|
11:31:20.0 (146789234)|METHOD_EXIT|[20]|01pg8000001EZwd|OrdemItemHandler.executePricingLogic()
11:31:20.0 (146793685)|STATEMENT_EXECUTE|[21]
11:31:20.0 (146810108)|METHOD_ENTRY|[21]|01pg8000001EZwd|OrdemItemHandler.checkDuplicateProducts()
11:31:20.0 (146846002)|VARIABLE_SCOPE_BEGIN|[150]|this|OrdemItemHandler|true|false
11:31:20.0 (146911227)|VARIABLE_ASSIGNMENT|[150]|this|{"newRecords":"0x34fafd96","handlerName":"OrderItemHandler","isTriggerExecuting":true,"triggerEvent":"0x78b1b322"}|0xa81cd41
11:31:20.0 (146918526)|STATEMENT_EXECUTE|[150]
11:31:20.0 (146919581)|STATEMENT_EXECUTE|[151]
11:31:20.0 (146947511)|HEAP_ALLOCATE|[151]|Bytes:4
11:31:20.0 (146978158)|VARIABLE_SCOPE_BEGIN|[151]|setOrderIds|Set<Id>|true|false
11:31:20.0 (147017077)|VARIABLE_ASSIGNMENT|[151]|setOrderIds|[]|0x37a5cb97
11:31:20.0 (147020949)|STATEMENT_EXECUTE|[152]
11:31:20.0 (147023981)|HEAP_ALLOCATE|[152]|Bytes:4
11:31:20.0 (147030911)|VARIABLE_SCOPE_BEGIN|[152]|setProductIds|Set<Id>|true|false
11:31:20.0 (147038090)|VARIABLE_ASSIGNMENT|[152]|setProductIds|[]|0xfbb9491
11:31:20.0 (147070264)|HEAP_ALLOCATE|[154]|Bytes:5
11:31:20.0 (147089321)|HEAP_ALLOCATE|[154]|Bytes:40
11:31:20.0 (147096580)|VARIABLE_SCOPE_BEGIN|[154]|ot|OrderItem|true|false
11:31:20.0 (147589415)|VARIABLE_ASSIGNMENT|[154]|ot|{"Product_Code_Display__c":"P003","DiscountPercentage__c":-0.104397826675968695966313739297976,"IsDeleted":false,"DiscountValue__c":-127614.400000,"Quantity":2.00,"FinalPrice__c":1222385.600000,"TaxPercentage__c":18.00,"ListPrice":1350000.00,"OrderId":"801g800000DSRXTAA5","PriceWithoutMargin__c":1062944.0000,"FreightValue__c":800.00,"UnitPrice":1222385.600000,"Product2Id":"01tg8000001BArVAAW","ProductionCost__c":900000.00,"PricebookEntryId":"01ug8000000XnbRAAS","TotalPrice":2700000.00,"MarginPercentage__c":15.00}|0x7162d508
11:31:20.0 (147599954)|STATEMENT_EXECUTE|[154]
11:31:20.0 (147601365)|STATEMENT_EXECUTE|[155]
11:31:20.0 (147630140)|HEAP_ALLOCATE|[EXTERNAL]|Bytes:4
11:31:20.0 (147636764)|STATEMENT_EXECUTE|[156]
11:31:20.0 (147643594)|HEAP_ALLOCATE|[EXTERNAL]|Bytes:4
11:31:20.0 (147650675)|HEAP_ALLOCATE|[154]|Bytes:5
11:31:20.0 (147658228)|HEAP_ALLOCATE|[154]|Bytes:40
11:31:20.0 (147662285)|VARIABLE_SCOPE_BEGIN|[154]|ot|OrderItem|true|false
11:31:20.0 (148114188)|VARIABLE_ASSIGNMENT|[154]|ot|{"Product_Code_Display__c":"P010","DiscountPercentage__c":-0.236470163023835340219521010481462,"IsDeleted":false,"DiscountValue__c":-3729.300000,"Quantity":1.00,"FinalPrice__c":15770.700000,"TaxPercentage__c":18.00,"ListPrice":19500.00,"OrderId":"801g800000DSRXTAA5","PriceWithoutMargin__c":14337.0000,"FreightValue__c":150.00,"UnitPrice":15770.700000,"Product2Id":"01tg8000001BArcAAG","ProductionCost__c":12000.00,"PricebookEntryId":"01ug8000000XoZ7AAK","TotalPrice":19500.00,"MarginPercentage__c":10.00}|0x13f0499a
11:31:20.0 (148123473)|STATEMENT_EXECUTE|[154]
11:31:20.0 (148124429)|STATEMENT_EXECUTE|[155]
11:31:20.0 (148130039)|HEAP_ALLOCATE|[EXTERNAL]|Bytes:4
11:31:20.0 (148133766)|STATEMENT_EXECUTE|[156]
11:31:20.0 (148136475)|HEAP_ALLOCATE|[EXTERNAL]|Bytes:4
11:31:20.0 (148142707)|HEAP_ALLOCATE|[154]|Bytes:5
11:31:20.0 (148148899)|VARIABLE_ASSIGNMENT|[154]|ot|null|
11:31:20.0 (148152767)|STATEMENT_EXECUTE|[159]
11:31:20.0 (149845046)|HEAP_ALLOCATE|[159]|Bytes:4
11:31:20.0 (149879830)|METHOD_ENTRY|[1]|01pg8000001w1Mc|OrderItemSelector.OrderItemSelector()
11:31:20.0 (149886599)|STATEMENT_EXECUTE|[1]
11:31:20.0 (149893377)|STATEMENT_EXECUTE|[1]
11:31:20.0 (149898538)|METHOD_EXIT|[1]|OrderItemSelector
11:31:20.0 (149925437)|METHOD_ENTRY|[159]|01pg8000001w1Mc|OrderItemSelector.getOrderItemByIds(Set<Id>, Set<Id>)
11:31:20.0 (149952034)|VARIABLE_SCOPE_BEGIN|[2]|orderIds|Set<Id>|true|false
11:31:20.0 (149968104)|VARIABLE_ASSIGNMENT|[2]|orderIds|["801g800000DSRXTAA5"]|0x37a5cb97
11:31:20.0 (149971241)|VARIABLE_SCOPE_BEGIN|[2]|productIds|Set<Id>|true|false
11:31:20.0 (149977172)|VARIABLE_ASSIGNMENT|[2]|productIds|["01tg8000001BArVAAW","01tg8000001BArcAAG"]|0xfbb9491
11:31:20.0 (149981994)|STATEMENT_EXECUTE|[2]
11:31:20.0 (149982892)|STATEMENT_EXECUTE|[3]
11:31:20.0 (149985513)|HEAP_ALLOCATE|[3]|Bytes:98
11:31:20.0 (150002972)|HEAP_ALLOCATE|[3]|Bytes:4
11:31:20.0 (150018877)|HEAP_ALLOCATE|[3]|Bytes:7
11:31:20.0 (150525737)|SOQL_EXECUTE_BEGIN|[3]|Aggregations:0|SELECT Id, OrderId, Product2Id FROM OrderItem WHERE (OrderId = :tmpVar1 AND Product2Id = :tmpVar2)
11:31:20.0 (159946513)|SOQL_EXECUTE_END|[3]|Rows:0
11:31:20.0 (159991214)|HEAP_ALLOCATE|[3]|Bytes:4
11:31:20.0 (160005087)|HEAP_ALLOCATE|[3]|Bytes:0
11:31:20.0 (160064706)|HEAP_ALLOCATE|[3]|Bytes:4
11:31:20.0 (160093298)|METHOD_EXIT|[159]|01pg8000001w1Mc|OrderItemSelector.getOrderItemByIds(Set<Id>, Set<Id>)
11:31:20.0 (160103472)|VARIABLE_SCOPE_BEGIN|[159]|existingItens|List<OrderItem>|true|false
11:31:20.0 (160125859)|VARIABLE_ASSIGNMENT|[159]|existingItens|[]|0x7e7f3e29
11:31:20.0 (160136366)|STATEMENT_EXECUTE|[161]
11:31:20.0 (160152411)|HEAP_ALLOCATE|[161]|Bytes:4
11:31:20.0 (160196557)|VARIABLE_SCOPE_BEGIN|[161]|comparacao|Set<String>|true|false
11:31:20.0 (160217219)|VARIABLE_ASSIGNMENT|[161]|comparacao|[]|0x9bc2048
11:31:20.0 (160267421)|HEAP_ALLOCATE|[162]|Bytes:5
11:31:20.0 (160284260)|VARIABLE_ASSIGNMENT|[162]|it|null|
11:31:20.0 (160292859)|STATEMENT_EXECUTE|[162]
11:31:20.0 (160308392)|HEAP_ALLOCATE|[166]|Bytes:5
11:31:20.0 (160327551)|HEAP_ALLOCATE|[166]|Bytes:40
11:31:20.0 (160335482)|VARIABLE_SCOPE_BEGIN|[166]|newItem|OrderItem|true|false
11:31:20.0 (161029346)|VARIABLE_ASSIGNMENT|[166]|newItem|{"Product_Code_Display__c":"P003","DiscountPercentage__c":-0.104397826675968695966313739297976,"IsDeleted":false,"DiscountValue__c":-127614.400000,"Quantity":2.00,"FinalPrice__c":1222385.600000,"TaxPercentage__c":18.00,"ListPrice":1350000.00,"OrderId":"801g800000DSRXTAA5","PriceWithoutMargin__c":1062944.0000,"FreightValue__c":800.00,"UnitPrice":1222385.600000,"Product2Id":"01tg8000001BArVAAW","ProductionCost__c":900000.00,"PricebookEntryId":"01ug8000000XnbRAAS","TotalPrice":2700000.00,"MarginPercentage__c":15.00}|0x7162d508
11:31:20.0 (161042310)|STATEMENT_EXECUTE|[166]
11:31:20.0 (161043659)|STATEMENT_EXECUTE|[167]
11:31:20.0 (161102495)|HEAP_ALLOCATE|[167]|Bytes:18
11:31:20.0 (161110213)|HEAP_ALLOCATE|[167]|Bytes:1
11:31:20.0 (161117880)|HEAP_ALLOCATE|[167]|Bytes:18
11:31:20.0 (161126273)|HEAP_ALLOCATE|[167]|Bytes:37
11:31:20.0 (161128765)|VARIABLE_SCOPE_BEGIN|[167]|keyCombo|String|false|false
11:31:20.0 (161135395)|VARIABLE_ASSIGNMENT|[167]|keyCombo|"801g800000DSRXTAA5-0 (17 more) ..."
11:31:20.0 (161155323)|STATEMENT_EXECUTE|[171]
11:31:20.0 (161156477)|STATEMENT_EXECUTE|[173]
11:31:20.0 (161164962)|HEAP_ALLOCATE|[EXTERNAL]|Bytes:4
11:31:20.0 (161210580)|HEAP_ALLOCATE|[166]|Bytes:5
11:31:20.0 (161224151)|HEAP_ALLOCATE|[166]|Bytes:40
11:31:20.0 (161229057)|VARIABLE_SCOPE_BEGIN|[166]|newItem|OrderItem|true|false
11:31:20.0 (161722064)|VARIABLE_ASSIGNMENT|[166]|newItem|{"Product_Code_Display__c":"P010","DiscountPercentage__c":-0.236470163023835340219521010481462,"IsDeleted":false,"DiscountValue__c":-3729.300000,"Quantity":1.00,"FinalPrice__c":15770.700000,"TaxPercentage__c":18.00,"ListPrice":19500.00,"OrderId":"801g800000DSRXTAA5","PriceWithoutMargin__c":14337.0000,"FreightValue__c":150.00,"UnitPrice":15770.700000,"Product2Id":"01tg8000001BArcAAG","ProductionCost__c":12000.00,"PricebookEntryId":"01ug8000000XoZ7AAK","TotalPrice":19500.00,"MarginPercentage__c":10.00}|0x13f0499a
11:31:20.0 (161730853)|STATEMENT_EXECUTE|[166]
11:31:20.0 (161731864)|STATEMENT_EXECUTE|[167]
11:31:20.0 (161740668)|HEAP_ALLOCATE|[167]|Bytes:18
11:31:20.0 (161748899)|HEAP_ALLOCATE|[167]|Bytes:18
11:31:20.0 (161753565)|HEAP_ALLOCATE|[167]|Bytes:37
11:31:20.0 (161755864)|VARIABLE_SCOPE_BEGIN|[167]|keyCombo|String|false|false
11:31:20.0 (161761346)|VARIABLE_ASSIGNMENT|[167]|keyCombo|"801g800000DSRXTAA5-0 (17 more) ..."
11:31:20.0 (161768450)|STATEMENT_EXECUTE|[171]
11:31:20.0 (161769453)|STATEMENT_EXECUTE|[173]
11:31:20.0 (161772013)|HEAP_ALLOCATE|[EXTERNAL]|Bytes:4
11:31:20.0 (161778694)|HEAP_ALLOCATE|[166]|Bytes:5
11:31:20.0 (161784670)|VARIABLE_ASSIGNMENT|[166]|newItem|null|
11:31:20.0 (161791917)|METHOD_EXIT|[21]|01pg8000001EZwd|OrdemItemHandler.checkDuplicateProducts()
11:31:20.0 (161797675)|METHOD_EXIT|[137]|01pg8000001EZwd|OrdemItemHandler.beforeInsert()
11:31:20.0 (161801413)|STATEMENT_EXECUTE|[158]
11:31:20.0 (161818297)|METHOD_ENTRY|[158]|01pg80000019iSf|TriggerHandler.andFinally()
11:31:20.0 (161838294)|VARIABLE_SCOPE_BEGIN|[746]|this|TriggerHandler|true|false
11:31:20.0 (161898593)|VARIABLE_ASSIGNMENT|[746]|this|{"newRecords":"0x34fafd96","handlerName":"OrderItemHandler","isTriggerExecuting":true,"triggerEvent":"0x78b1b322"}|0xa81cd41
11:31:20.0 (161905868)|STATEMENT_EXECUTE|[746]
11:31:20.0 (161907840)|METHOD_EXIT|[158]|01pg80000019iSf|TriggerHandler.andFinally()
11:31:20.0 (161913924)|STATEMENT_EXECUTE|[160]
11:31:20.0 (161916911)|STATEMENT_EXECUTE|[176]
11:31:20.0 (161919904)|METHOD_EXIT|[2]|01pg80000019iSf|TriggerHandler.run()
11:31:20.161 (161938634)|CUMULATIVE_LIMIT_USAGE
11:31:20.161 (161938634)|LIMIT_USAGE_FOR_NS|(default)|
  Number of SOQL queries: 8 out of 100
  Number of query rows: 26 out of 50000
  Number of SOSL queries: 0 out of 20
  Number of DML statements: 0 out of 150
  Number of Publish Immediate DML: 0 out of 150
  Number of DML rows: 0 out of 10000
  Maximum CPU time: 0 out of 10000
  Maximum heap size: 0 out of 6000000
  Number of callouts: 0 out of 100
  Number of Email Invocations: 0 out of 10
  Number of future calls: 0 out of 50
  Number of queueable jobs added to the queue: 0 out of 50
  Number of Mobile Apex push calls: 0 out of 10

11:31:20.161 (161938634)|CUMULATIVE_LIMIT_USAGE_END

11:31:20.0 (162397442)|CODE_UNIT_FINISHED|OrdemItemTrigger on OrderItem trigger event BeforeInsert|__sfdc_trigger/OrdemItemTrigger
11:31:20.0 (227115705)|CODE_UNIT_STARTED|[EXTERNAL]|01qg8000000GdOn|OrderTrigger on Order trigger event BeforeUpdate|__sfdc_trigger/OrderTrigger
11:31:20.0 (227215281)|HEAP_ALLOCATE|[EXTERNAL]|Bytes:8
11:31:20.0 (227309696)|HEAP_ALLOCATE|[EXTERNAL]|Bytes:8
11:31:20.0 (227490065)|HEAP_ALLOCATE|[EXTERNAL]|Bytes:4
11:31:20.0 (227507678)|VARIABLE_SCOPE_BEGIN|[1]|this|OrderTrigger|true|false
11:31:20.0 (227566055)|VARIABLE_ASSIGNMENT|[1]|this|{}|0x24edb6d2
11:31:20.0 (227621877)|HEAP_ALLOCATE|[EXTERNAL]|Bytes:4
11:31:20.0 (227628134)|VARIABLE_SCOPE_BEGIN|[1]|this|OrderTrigger|true|false
11:31:20.0 (227638745)|VARIABLE_ASSIGNMENT|[1]|this|{}|0x24edb6d2
11:31:20.0 (227652215)|STATEMENT_EXECUTE|[1]
11:31:20.0 (227654551)|STATEMENT_EXECUTE|[2]
11:31:20.0 (230313866)|HEAP_ALLOCATE|[2]|Bytes:16
11:31:20.0 (230368175)|METHOD_ENTRY|[1]|01pg8000001LXzh|OrderHandler.OrderHandler()
11:31:20.0 (230379629)|STATEMENT_EXECUTE|[1]
11:31:20.0 (230392689)|STATEMENT_EXECUTE|[1]
11:31:20.0 (230400009)|METHOD_EXIT|[1]|OrderHandler
11:31:20.0 (230426801)|HEAP_ALLOCATE|[2]|Bytes:32
11:31:20.0 (230450690)|CONSTRUCTOR_ENTRY|[2]|01pg8000001LXzh|<init>()|OrderHandler
11:31:20.0 (230486199)|VARIABLE_SCOPE_BEGIN|[8]|this|OrderHandler|true|false
11:31:20.0 (230563449)|VARIABLE_ASSIGNMENT|[8]|this|{}|0xf958323
11:31:20.0 (230571610)|STATEMENT_EXECUTE|[1]
11:31:20.0 (230573217)|STATEMENT_EXECUTE|[3]
11:31:20.0 (230575104)|STATEMENT_EXECUTE|[4]
11:31:20.0 (230576432)|STATEMENT_EXECUTE|[5]
11:31:20.0 (230577845)|STATEMENT_EXECUTE|[6]
11:31:20.0 (230579345)|STATEMENT_EXECUTE|[9]
11:31:20.0 (230583850)|HEAP_ALLOCATE|[9]|Bytes:12
11:31:20.0 (230595400)|CONSTRUCTOR_ENTRY|[9]|01pg80000019iSf|<init>(String)|TriggerHandler
11:31:20.0 (230630811)|VARIABLE_SCOPE_BEGIN|[107]|this|TriggerHandler|true|false
11:31:20.0 (230648062)|VARIABLE_ASSIGNMENT|[107]|this|{}|0xf958323
11:31:20.0 (230653156)|VARIABLE_SCOPE_BEGIN|[107]|handlerName|String|false|false
11:31:20.0 (230666522)|VARIABLE_ASSIGNMENT|[107]|handlerName|"OrderHandler"
11:31:20.0 (230671793)|STATEMENT_EXECUTE|[15]
11:31:20.0 (230673387)|STATEMENT_EXECUTE|[50]
11:31:20.0 (230675114)|STATEMENT_EXECUTE|[57]
11:31:20.0 (230676787)|STATEMENT_EXECUTE|[671]
11:31:20.0 (230703441)|STATEMENT_EXECUTE|[107]
11:31:20.0 (230704941)|STATEMENT_EXECUTE|[108]
11:31:20.0 (230711341)|STATEMENT_EXECUTE|[109]
11:31:20.0 (230721481)|METHOD_ENTRY|[109]|01pg80000019iSf|TriggerHandler.setTriggerContext()
11:31:20.0 (230727209)|VARIABLE_SCOPE_BEGIN|[565]|this|TriggerHandler|true|false
11:31:20.0 (230744616)|VARIABLE_ASSIGNMENT|[565]|this|{"handlerName":"OrderHandler"}|0xf958323
11:31:20.0 (230752324)|STATEMENT_EXECUTE|[565]
11:31:20.0 (230754006)|STATEMENT_EXECUTE|[566]
11:31:20.0 (230839618)|HEAP_ALLOCATE|[566]|Bytes:16
11:31:20.0 (230855887)|METHOD_ENTRY|[566]|01pg80000019iSf|TriggerHandler.setTriggerContext(System.TriggerOperation, Boolean)
11:31:20.0 (230861584)|VARIABLE_SCOPE_BEGIN|[582]|this|TriggerHandler|true|false
11:31:20.0 (230916736)|VARIABLE_ASSIGNMENT|[582]|this|{"handlerName":"OrderHandler"}|0xf958323
11:31:20.0 (230922234)|VARIABLE_SCOPE_BEGIN|[582]|opType|System.TriggerOperation|true|false
11:31:20.0 (230959362)|VARIABLE_ASSIGNMENT|[582]|opType|"BEFORE_UPDATE"|0x6a5f92df
11:31:20.0 (230970138)|VARIABLE_SCOPE_BEGIN|[582]|testMode|Boolean|false|false
11:31:20.0 (230979910)|VARIABLE_ASSIGNMENT|[582]|testMode|false
11:31:20.0 (230986456)|STATEMENT_EXECUTE|[582]
11:31:20.0 (230997132)|STATEMENT_EXECUTE|[586]
11:31:20.0 (230998213)|STATEMENT_EXECUTE|[587]
11:31:20.0 (231002133)|HEAP_ALLOCATE|[587]|Bytes:5
11:31:20.0 (231011074)|STATEMENT_EXECUTE|[590]
11:31:20.0 (231012812)|STATEMENT_EXECUTE|[592]
11:31:20.0 (231035400)|HEAP_ALLOCATE|[592]|Bytes:16
11:31:20.0 (231043228)|STATEMENT_EXECUTE|[595]
11:31:20.0 (231054878)|VARIABLE_SCOPE_BEGIN|[595]|context|String|false|false
11:31:20.0 (231064934)|VARIABLE_ASSIGNMENT|[595]|context|"BEFORE_UPDATE"
11:31:20.0 (231068721)|STATEMENT_EXECUTE|[597]
11:31:20.0 (231096028)|HEAP_ALLOCATE|[601]|Bytes:13
11:31:20.0 (231152226)|STATEMENT_EXECUTE|[601]
11:31:20.0 (231153695)|STATEMENT_EXECUTE|[602]
11:31:20.0 (231166530)|METHOD_EXIT|[566]|01pg80000019iSf|TriggerHandler.setTriggerContext(System.TriggerOperation, Boolean)
11:31:20.0 (231172448)|METHOD_EXIT|[109]|01pg80000019iSf|TriggerHandler.setTriggerContext()
11:31:20.0 (231180404)|CONSTRUCTOR_EXIT|[9]|01pg80000019iSf|<init>(String)|TriggerHandler
11:31:20.0 (231185362)|STATEMENT_EXECUTE|[8]
11:31:20.0 (231187109)|STATEMENT_EXECUTE|[10]
11:31:20.0 (233028125)|VARIABLE_ASSIGNMENT|[10]|this.newRecords|[{"Status":"Draft","LastModifiedDate":"2026-04-30T14:31:20.000Z","Country__c":"a03g8000004x8aeAAA","IsDeleted":false,"AccountId":"001g800000DSRXSAA5","FreightType__c":"CIF","OrderNumber":"00000133","TotalAmount":2460541.90,"StatusCode":"Draft","PaymentCondition__c":"a07g8000004MONnAAO","IsReductionOrder":false,"SystemModstamp":"2026-04-30T14:31:20.000Z","City__c":"a05g8000001KAc9AAG","OwnerId":"005g80000010N45AAE","CreatedById":"005g80000010N45AAE","DistributionCenter__c":"a06g8000000wkLpAAI","CreatedDate":"2026-04-30T14:31:20.000Z","Pricebook2Id":"01sg80000015mKTAAY","Id":"801g800000DSRXTAA5","LastModifiedById":"005g80000010N45AAE","State__c":"a04g8000000QmaTAAS","EffectiveDate":"2026-04-27T00:00:00.000Z"}]|0xf958323
11:31:20.0 (233056893)|STATEMENT_EXECUTE|[11]
11:31:20.0 (233876521)|VARIABLE_ASSIGNMENT|[11]|this.oldRecords|[{"Status":"Draft","LastModifiedDate":"2026-04-30T14:31:20.000Z","Country__c":"a03g8000004x8aeAAA","IsDeleted":false,"AccountId":"001g800000DSRXSAA5","FreightType__c":"CIF","OrderNumber":"00000133","TotalAmount":0.00,"StatusCode":"Draft","PaymentCondition__c":"a07g8000004MONnAAO","IsReductionOrder":false,"SystemModstamp":"2026-04-30T14:31:20.000Z","City__c":"a05g8000001KAc9AAG","OwnerId":"005g80000010N45AAE","CreatedById":"005g80000010N45AAE","DistributionCenter__c":"a06g8000000wkLpAAI","CreatedDate":"2026-04-30T14:31:20.000Z","Pricebook2Id":"01sg80000015mKTAAY","Id":"801g800000DSRXTAA5","LastModifiedById":"005g80000010N45AAE","State__c":"a04g8000000QmaTAAS","EffectiveDate":"2026-04-27T00:00:00.000Z"}]|0xf958323
11:31:20.0 (233899067)|STATEMENT_EXECUTE|[12]
11:31:20.0 (234975618)|VARIABLE_ASSIGNMENT|[12]|this.newRecordsMap|{"801g800000DSRXTAA5":{"Status":"Draft","LastModifiedDate":"2026-04-30T14:31:20.000Z","Country__c":"a03g8000004x8aeAAA","IsDeleted":false,"AccountId":"001g800000DSRXSAA5","FreightType__c":"CIF","OrderNumber":"00000133","TotalAmount":2460541.90,"StatusCode":"Draft","PaymentCondition__c":"a07g8000004MONnAAO","IsReductionOrder":false,"SystemModstamp":"2026-04-30T14:31:20.000Z","City__c":"a05g8000001KAc9AAG","OwnerId":"005g80000010N45AAE","CreatedById":"005g80000010N45AAE","DistributionCenter__c":"a06g8000000wkLpAAI","CreatedDate":"2026-04-30T14:31:20.000Z","Pricebook2Id":"01sg80000015mKTAAY","Id":"801g800000DSRXTAA5","LastModifiedById":"005g80000010N45AAE","State__c":"a04g8000000QmaTAAS","EffectiveDate":"2026-04-27T00:00:00.000Z"}}|0xf958323
11:31:20.0 (235007247)|STATEMENT_EXECUTE|[13]
11:31:20.0 (235788070)|VARIABLE_ASSIGNMENT|[13]|this.oldRecordsMap|{"801g800000DSRXTAA5":{"Status":"Draft","LastModifiedDate":"2026-04-30T14:31:20.000Z","Country__c":"a03g8000004x8aeAAA","IsDeleted":false,"AccountId":"001g800000DSRXSAA5","FreightType__c":"CIF","OrderNumber":"00000133","TotalAmount":0.00,"StatusCode":"Draft","PaymentCondition__c":"a07g8000004MONnAAO","IsReductionOrder":false,"SystemModstamp":"2026-04-30T14:31:20.000Z","City__c":"a05g8000001KAc9AAG","OwnerId":"005g80000010N45AAE","CreatedById":"005g80000010N45AAE","DistributionCenter__c":"a06g8000000wkLpAAI","CreatedDate":"2026-04-30T14:31:20.000Z","Pricebook2Id":"01sg80000015mKTAAY","Id":"801g800000DSRXTAA5","LastModifiedById":"005g80000010N45AAE","State__c":"a04g8000000QmaTAAS","EffectiveDate":"2026-04-27T00:00:00.000Z"}}|0xf958323
11:31:20.0 (235820932)|CONSTRUCTOR_EXIT|[2]|01pg8000001LXzh|<init>()|OrderHandler
11:31:20.0 (235857024)|METHOD_ENTRY|[2]|01pg80000019iSf|TriggerHandler.run()
11:31:20.0 (235865279)|VARIABLE_SCOPE_BEGIN|[120]|this|TriggerHandler|true|false
11:31:20.0 (236265736)|VARIABLE_ASSIGNMENT|[120]|this|{"newRecords":"0x14852f73","newRecordsMap":"0x70fedb51","oldRecords":"0x662176fb","oldRecordsMap":"0x1cefcf","handlerName":"OrderHandler","isTriggerExecuting":true,"triggerEvent":"0x6a5f92df"}|0xf958323
11:31:20.0 (236278347)|STATEMENT_EXECUTE|[120]
11:31:20.0 (236284719)|METHOD_ENTRY|[121]|01pg80000019iSf|TriggerHandler.validateRun()
11:31:20.0 (236290100)|VARIABLE_SCOPE_BEGIN|[661]|this|TriggerHandler|true|false
11:31:20.0 (236308006)|VARIABLE_ASSIGNMENT|[661]|this|{"newRecords":"0x14852f73","newRecordsMap":"0x70fedb51","oldRecords":"0x662176fb","oldRecordsMap":"0x1cefcf","handlerName":"OrderHandler","isTriggerExecuting":true,"triggerEvent":"0x6a5f92df"}|0xf958323
11:31:20.0 (236312573)|STATEMENT_EXECUTE|[661]
11:31:20.0 (236321141)|STATEMENT_EXECUTE|[662]
11:31:20.0 (236322746)|STATEMENT_EXECUTE|[665]
11:31:20.0 (236329659)|METHOD_ENTRY|[665]|01pg80000019iSf|TriggerHandler.getHandlerName()
11:31:20.0 (236332733)|VARIABLE_SCOPE_BEGIN|[680]|this|TriggerHandler|true|false
11:31:20.0 (236343692)|VARIABLE_ASSIGNMENT|[680]|this|{"newRecords":"0x14852f73","newRecordsMap":"0x70fedb51","oldRecords":"0x662176fb","oldRecordsMap":"0x1cefcf","handlerName":"OrderHandler","isTriggerExecuting":true,"triggerEvent":"0x6a5f92df"}|0xf958323
11:31:20.0 (236347773)|STATEMENT_EXECUTE|[680]
11:31:20.0 (236376142)|STATEMENT_EXECUTE|[681]
11:31:20.0 (236377262)|STATEMENT_EXECUTE|[684]
11:31:20.0 (236381105)|METHOD_EXIT|[665]|01pg80000019iSf|TriggerHandler.getHandlerName()
11:31:20.0 (236402149)|METHOD_EXIT|[121]|01pg80000019iSf|TriggerHandler.validateRun()
11:31:20.0 (236405281)|STATEMENT_EXECUTE|[121]
11:31:20.0 (236407767)|METHOD_ENTRY|[126]|01pg80000019iSf|TriggerHandler.incrementCheckLoopCount()
11:31:20.0 (236410934)|VARIABLE_SCOPE_BEGIN|[634]|this|TriggerHandler|true|false
11:31:20.0 (236421729)|VARIABLE_ASSIGNMENT|[634]|this|{"newRecords":"0x14852f73","newRecordsMap":"0x70fedb51","oldRecords":"0x662176fb","oldRecordsMap":"0x1cefcf","handlerName":"OrderHandler","isTriggerExecuting":true,"triggerEvent":"0x6a5f92df"}|0xf958323
11:31:20.0 (236426253)|STATEMENT_EXECUTE|[634]
11:31:20.0 (236427167)|STATEMENT_EXECUTE|[635]
11:31:20.0 (236429623)|METHOD_ENTRY|[635]|01pg80000019iSf|TriggerHandler.getHandlerName()
11:31:20.0 (236432169)|VARIABLE_SCOPE_BEGIN|[680]|this|TriggerHandler|true|false
11:31:20.0 (236441711)|VARIABLE_ASSIGNMENT|[680]|this|{"newRecords":"0x14852f73","newRecordsMap":"0x70fedb51","oldRecords":"0x662176fb","oldRecordsMap":"0x1cefcf","handlerName":"OrderHandler","isTriggerExecuting":true,"triggerEvent":"0x6a5f92df"}|0xf958323
11:31:20.0 (236445338)|STATEMENT_EXECUTE|[680]
11:31:20.0 (236452034)|STATEMENT_EXECUTE|[681]
11:31:20.0 (236452934)|STATEMENT_EXECUTE|[684]
11:31:20.0 (236454314)|METHOD_EXIT|[635]|01pg80000019iSf|TriggerHandler.getHandlerName()
11:31:20.0 (236458048)|VARIABLE_SCOPE_BEGIN|[635]|handlerName|String|false|false
11:31:20.0 (236464533)|VARIABLE_ASSIGNMENT|[635]|handlerName|"OrderHandler"
11:31:20.0 (236475104)|STATEMENT_EXECUTE|[636]
11:31:20.0 (236476211)|STATEMENT_EXECUTE|[649]
11:31:20.0 (236477894)|METHOD_EXIT|[126]|01pg80000019iSf|TriggerHandler.incrementCheckLoopCount()
11:31:20.0 (236480461)|STATEMENT_EXECUTE|[126]
11:31:20.0 (236482567)|STATEMENT_EXECUTE|[130]
11:31:20.0 (236483565)|STATEMENT_EXECUTE|[135]
11:31:20.0 (236600988)|STATEMENT_EXECUTE|[139]
11:31:20.0 (236602845)|STATEMENT_EXECUTE|[140]
11:31:20.0 (236619563)|METHOD_ENTRY|[140]|01pg8000001LXzh|OrderHandler.beforeUpdate()
11:31:20.0 (236638133)|VARIABLE_SCOPE_BEGIN|[16]|this|OrderHandler|true|false
11:31:20.0 (236658087)|VARIABLE_ASSIGNMENT|[16]|this|{"newRecords":"0x14852f73","newRecordsMap":"0x70fedb51","oldRecords":"0x662176fb","oldRecordsMap":"0x1cefcf","handlerName":"OrderHandler","isTriggerExecuting":true,"triggerEvent":"0x6a5f92df"}|0xf958323
11:31:20.0 (236664085)|STATEMENT_EXECUTE|[16]
11:31:20.0 (236665311)|STATEMENT_EXECUTE|[17]
11:31:20.0 (236670632)|METHOD_ENTRY|[17]|01pg8000001LXzh|OrderHandler.checkActiveOrder()
11:31:20.0 (236678559)|VARIABLE_SCOPE_BEGIN|[30]|this|OrderHandler|true|false
11:31:20.0 (236689087)|VARIABLE_ASSIGNMENT|[30]|this|{"newRecords":"0x14852f73","newRecordsMap":"0x70fedb51","oldRecords":"0x662176fb","oldRecordsMap":"0x1cefcf","handlerName":"OrderHandler","isTriggerExecuting":true,"triggerEvent":"0x6a5f92df"}|0xf958323
11:31:20.0 (236693792)|STATEMENT_EXECUTE|[30]
11:31:20.0 (236694796)|STATEMENT_EXECUTE|[31]
11:31:20.0 (236700491)|VARIABLE_SCOPE_BEGIN|[31]|listaParaValidar|List<Order>|true|false
11:31:20.0 (236705741)|VARIABLE_ASSIGNMENT|[31]|listaParaValidar|null|
11:31:20.0 (236716504)|STATEMENT_EXECUTE|[35]
11:31:20.0 (236717356)|STATEMENT_EXECUTE|[36]
11:31:20.0 (237588839)|VARIABLE_ASSIGNMENT|[36]|listaParaValidar|[{"Status":"Draft","LastModifiedDate":"2026-04-30T14:31:20.000Z","Country__c":"a03g8000004x8aeAAA","IsDeleted":false,"AccountId":"001g800000DSRXSAA5","FreightType__c":"CIF","OrderNumber":"00000133","TotalAmount":2460541.90,"StatusCode":"Draft","PaymentCondition__c":"a07g8000004MONnAAO","IsReductionOrder":false,"SystemModstamp":"2026-04-30T14:31:20.000Z","City__c":"a05g8000001KAc9AAG","OwnerId":"005g80000010N45AAE","CreatedById":"005g80000010N45AAE","DistributionCenter__c":"a06g8000000wkLpAAI","CreatedDate":"2026-04-30T14:31:20.000Z","Pricebook2Id":"01sg80000015mKTAAY","Id":"801g800000DSRXTAA5","LastModifiedById":"005g80000010N45AAE","State__c":"a04g8000000QmaTAAS","EffectiveDate":"2026-04-27T00:00:00.000Z"}]|0x14852f73
11:31:20.0 (237696809)|HEAP_ALLOCATE|[40]|Bytes:5
11:31:20.0 (237728245)|HEAP_ALLOCATE|[40]|Bytes:4
11:31:20.0 (237742670)|VARIABLE_SCOPE_BEGIN|[40]|pedido|Order|true|false
11:31:20.0 (238562111)|VARIABLE_ASSIGNMENT|[40]|pedido|{"Status":"Draft","LastModifiedDate":"2026-04-30T14:31:20.000Z","Country__c":"a03g8000004x8aeAAA","IsDeleted":false,"AccountId":"001g800000DSRXSAA5","FreightType__c":"CIF","OrderNumber":"00000133","TotalAmount":2460541.90,"StatusCode":"Draft","PaymentCondition__c":"a07g8000004MONnAAO","IsReductionOrder":false,"SystemModstamp":"2026-04-30T14:31:20.000Z","City__c":"a05g8000001KAc9AAG","OwnerId":"005g80000010N45AAE","CreatedById":"005g80000010N45AAE","DistributionCenter__c":"a06g8000000wkLpAAI","CreatedDate":"2026-04-30T14:31:20.000Z","Pricebook2Id":"01sg80000015mKTAAY","Id":"801g800000DSRXTAA5","LastModifiedById":"005g80000010N45AAE","State__c":"a04g8000000QmaTAAS","EffectiveDate":"2026-04-27T00:00:00.000Z"}|0x31830613
11:31:20.0 (238588605)|STATEMENT_EXECUTE|[40]
11:31:20.0 (238590871)|STATEMENT_EXECUTE|[42]
11:31:20.0 (238712632)|VARIABLE_SCOPE_BEGIN|[42]|pedidoAntigo|Order|true|false
11:31:20.0 (239258234)|VARIABLE_ASSIGNMENT|[42]|pedidoAntigo|{"Status":"Draft","LastModifiedDate":"2026-04-30T14:31:20.000Z","Country__c":"a03g8000004x8aeAAA","IsDeleted":false,"AccountId":"001g800000DSRXSAA5","FreightType__c":"CIF","OrderNumber":"00000133","TotalAmount":0.00,"StatusCode":"Draft","PaymentCondition__c":"a07g8000004MONnAAO","IsReductionOrder":false,"SystemModstamp":"2026-04-30T14:31:20.000Z","City__c":"a05g8000001KAc9AAG","OwnerId":"005g80000010N45AAE","CreatedById":"005g80000010N45AAE","DistributionCenter__c":"a06g8000000wkLpAAI","CreatedDate":"2026-04-30T14:31:20.000Z","Pricebook2Id":"01sg80000015mKTAAY","Id":"801g800000DSRXTAA5","LastModifiedById":"005g80000010N45AAE","State__c":"a04g8000000QmaTAAS","EffectiveDate":"2026-04-27T00:00:00.000Z"}|0x71ac99cd
11:31:20.0 (239279540)|STATEMENT_EXECUTE|[45]
11:31:20.0 (239297131)|VARIABLE_SCOPE_BEGIN|[45]|validacaoStatus|String|false|false
11:31:20.0 (239307635)|VARIABLE_ASSIGNMENT|[45]|validacaoStatus|"Draft"
11:31:20.0 (239338978)|HEAP_ALLOCATE|[40]|Bytes:5
11:31:20.0 (239359086)|VARIABLE_ASSIGNMENT|[40]|pedido|null|
11:31:20.0 (239370006)|METHOD_EXIT|[17]|01pg8000001LXzh|OrderHandler.checkActiveOrder()
11:31:20.0 (239377828)|METHOD_EXIT|[140]|01pg8000001LXzh|OrderHandler.beforeUpdate()
11:31:20.0 (239383307)|STATEMENT_EXECUTE|[158]
11:31:20.0 (239391963)|METHOD_ENTRY|[158]|01pg80000019iSf|TriggerHandler.andFinally()
11:31:20.0 (239397351)|VARIABLE_SCOPE_BEGIN|[746]|this|TriggerHandler|true|false
11:31:20.0 (239467715)|VARIABLE_ASSIGNMENT|[746]|this|{"newRecords":"0x14852f73","newRecordsMap":"0x70fedb51","oldRecords":"0x662176fb","oldRecordsMap":"0x1cefcf","handlerName":"OrderHandler","isTriggerExecuting":true,"triggerEvent":"0x6a5f92df"}|0xf958323
11:31:20.0 (239479437)|STATEMENT_EXECUTE|[746]
11:31:20.0 (239482691)|METHOD_EXIT|[158]|01pg80000019iSf|TriggerHandler.andFinally()
11:31:20.0 (239490164)|STATEMENT_EXECUTE|[160]
11:31:20.0 (239493414)|STATEMENT_EXECUTE|[176]
11:31:20.0 (239497225)|METHOD_EXIT|[2]|01pg80000019iSf|TriggerHandler.run()
11:31:20.239 (239509059)|CUMULATIVE_LIMIT_USAGE
11:31:20.239 (239509059)|LIMIT_USAGE_FOR_NS|(default)|
  Number of SOQL queries: 8 out of 100
  Number of query rows: 26 out of 50000
  Number of SOSL queries: 0 out of 20
  Number of DML statements: 0 out of 150
  Number of Publish Immediate DML: 0 out of 150
  Number of DML rows: 0 out of 10000
  Maximum CPU time: 0 out of 10000
  Maximum heap size: 0 out of 6000000
  Number of callouts: 0 out of 100
  Number of Email Invocations: 0 out of 10
  Number of future calls: 0 out of 50
  Number of queueable jobs added to the queue: 0 out of 50
  Number of Mobile Apex push calls: 0 out of 10

11:31:20.239 (239509059)|CUMULATIVE_LIMIT_USAGE_END

11:31:20.0 (239749988)|CODE_UNIT_FINISHED|OrderTrigger on Order trigger event BeforeUpdate|__sfdc_trigger/OrderTrigger
11:31:20.0 (241366366)|CODE_UNIT_STARTED|[EXTERNAL]|Validation:Order:801g800000DSRXT
11:31:20.0 (241393456)|VALIDATION_RULE|03dg8000000aS4D|Bloquear_Alteracao_Conta_Pedido
11:31:20.0 (241663386)|VALIDATION_FORMULA|ISCHANGED(AccountId) && NOT(ISNEW())|AccountId=001g800000DSRXS
11:31:20.0 (241673306)|VALIDATION_PASS
11:31:20.0 (241680267)|CODE_UNIT_FINISHED|Validation:Order:801g800000DSRXT
11:31:20.0 (253977367)|CODE_UNIT_STARTED|[EXTERNAL]|01qg8000000GdOn|OrderTrigger on Order trigger event AfterUpdate|__sfdc_trigger/OrderTrigger
11:31:20.0 (254053680)|HEAP_ALLOCATE|[EXTERNAL]|Bytes:8
11:31:20.0 (254121133)|HEAP_ALLOCATE|[EXTERNAL]|Bytes:8
11:31:20.0 (254205343)|HEAP_ALLOCATE|[EXTERNAL]|Bytes:4
11:31:20.0 (254218060)|VARIABLE_SCOPE_BEGIN|[1]|this|OrderTrigger|true|false
11:31:20.0 (254258157)|VARIABLE_ASSIGNMENT|[1]|this|{}|0x6ab0f80c
11:31:20.0 (254288395)|HEAP_ALLOCATE|[EXTERNAL]|Bytes:4
11:31:20.0 (254292744)|VARIABLE_SCOPE_BEGIN|[1]|this|OrderTrigger|true|false
11:31:20.0 (254298528)|VARIABLE_ASSIGNMENT|[1]|this|{}|0x6ab0f80c
11:31:20.0 (254307869)|STATEMENT_EXECUTE|[1]
11:31:20.0 (254309440)|STATEMENT_EXECUTE|[2]
11:31:20.0 (254314278)|HEAP_ALLOCATE|[2]|Bytes:32
11:31:20.0 (254328488)|CONSTRUCTOR_ENTRY|[2]|01pg8000001LXzh|<init>()|OrderHandler
11:31:20.0 (254335069)|VARIABLE_SCOPE_BEGIN|[8]|this|OrderHandler|true|false
11:31:20.0 (254356160)|VARIABLE_ASSIGNMENT|[8]|this|{}|0x2de4e0f5
11:31:20.0 (254361555)|STATEMENT_EXECUTE|[1]
11:31:20.0 (254362529)|STATEMENT_EXECUTE|[3]
11:31:20.0 (254363715)|STATEMENT_EXECUTE|[4]
11:31:20.0 (254364652)|STATEMENT_EXECUTE|[5]
11:31:20.0 (254365548)|STATEMENT_EXECUTE|[6]
11:31:20.0 (254366636)|STATEMENT_EXECUTE|[9]
11:31:20.0 (254379264)|CONSTRUCTOR_ENTRY|[9]|01pg80000019iSf|<init>(String)|TriggerHandler
11:31:20.0 (254383400)|VARIABLE_SCOPE_BEGIN|[107]|this|TriggerHandler|true|false
11:31:20.0 (254390824)|VARIABLE_ASSIGNMENT|[107]|this|{}|0x2de4e0f5
11:31:20.0 (254393654)|VARIABLE_SCOPE_BEGIN|[107]|handlerName|String|false|false
11:31:20.0 (254402904)|VARIABLE_ASSIGNMENT|[107]|handlerName|"OrderHandler"
11:31:20.0 (254406149)|STATEMENT_EXECUTE|[15]
11:31:20.0 (254407202)|STATEMENT_EXECUTE|[50]
11:31:20.0 (254408150)|STATEMENT_EXECUTE|[57]
11:31:20.0 (254409401)|STATEMENT_EXECUTE|[671]
11:31:20.0 (254431440)|STATEMENT_EXECUTE|[107]
11:31:20.0 (254432387)|STATEMENT_EXECUTE|[108]
11:31:20.0 (254438520)|STATEMENT_EXECUTE|[109]
11:31:20.0 (254446290)|METHOD_ENTRY|[109]|01pg80000019iSf|TriggerHandler.setTriggerContext()
11:31:20.0 (254449980)|VARIABLE_SCOPE_BEGIN|[565]|this|TriggerHandler|true|false
11:31:20.0 (254460018)|VARIABLE_ASSIGNMENT|[565]|this|{"handlerName":"OrderHandler"}|0x2de4e0f5
11:31:20.0 (254465003)|STATEMENT_EXECUTE|[565]
11:31:20.0 (254466081)|STATEMENT_EXECUTE|[566]
11:31:20.0 (254535526)|HEAP_ALLOCATE|[566]|Bytes:16
11:31:20.0 (254547374)|METHOD_ENTRY|[566]|01pg80000019iSf|TriggerHandler.setTriggerContext(System.TriggerOperation, Boolean)
11:31:20.0 (254550972)|VARIABLE_SCOPE_BEGIN|[582]|this|TriggerHandler|true|false
11:31:20.0 (254559486)|VARIABLE_ASSIGNMENT|[582]|this|{"handlerName":"OrderHandler"}|0x2de4e0f5
11:31:20.0 (254562865)|VARIABLE_SCOPE_BEGIN|[582]|opType|System.TriggerOperation|true|false
11:31:20.0 (254581308)|VARIABLE_ASSIGNMENT|[582]|opType|"AFTER_UPDATE"|0x3628eb88
11:31:20.0 (254588441)|VARIABLE_SCOPE_BEGIN|[582]|testMode|Boolean|false|false
11:31:20.0 (254594428)|VARIABLE_ASSIGNMENT|[582]|testMode|false
11:31:20.0 (254598096)|STATEMENT_EXECUTE|[582]
11:31:20.0 (254605841)|STATEMENT_EXECUTE|[586]
11:31:20.0 (254606734)|STATEMENT_EXECUTE|[587]
11:31:20.0 (254609340)|HEAP_ALLOCATE|[587]|Bytes:5
11:31:20.0 (254615413)|STATEMENT_EXECUTE|[590]
11:31:20.0 (254616752)|STATEMENT_EXECUTE|[592]
11:31:20.0 (254627088)|HEAP_ALLOCATE|[592]|Bytes:16
11:31:20.0 (254632053)|STATEMENT_EXECUTE|[595]
11:31:20.0 (254640637)|VARIABLE_SCOPE_BEGIN|[595]|context|String|false|false
11:31:20.0 (254647105)|VARIABLE_ASSIGNMENT|[595]|context|"AFTER_UPDATE"
11:31:20.0 (254649241)|STATEMENT_EXECUTE|[597]
11:31:20.0 (254678350)|HEAP_ALLOCATE|[604]|Bytes:13
11:31:20.0 (254715812)|HEAP_ALLOCATE|[607]|Bytes:12
11:31:20.0 (254729011)|HEAP_ALLOCATE|[610]|Bytes:12
11:31:20.0 (254741201)|STATEMENT_EXECUTE|[610]
11:31:20.0 (254742490)|STATEMENT_EXECUTE|[611]
11:31:20.0 (254754472)|METHOD_EXIT|[566]|01pg80000019iSf|TriggerHandler.setTriggerContext(System.TriggerOperation, Boolean)
11:31:20.0 (254759274)|METHOD_EXIT|[109]|01pg80000019iSf|TriggerHandler.setTriggerContext()
11:31:20.0 (254765865)|CONSTRUCTOR_EXIT|[9]|01pg80000019iSf|<init>(String)|TriggerHandler
11:31:20.0 (254770195)|STATEMENT_EXECUTE|[8]
11:31:20.0 (254771699)|STATEMENT_EXECUTE|[10]
11:31:20.0 (255696847)|VARIABLE_ASSIGNMENT|[10]|this.newRecords|[{"Status":"Draft","LastModifiedDate":"2026-04-30T14:31:20.000Z","Country__c":"a03g8000004x8aeAAA","IsDeleted":false,"AccountId":"001g800000DSRXSAA5","FreightType__c":"CIF","OrderNumber":"00000133","TotalAmount":2460541.90,"StatusCode":"Draft","PaymentCondition__c":"a07g8000004MONnAAO","IsReductionOrder":false,"SystemModstamp":"2026-04-30T14:31:20.000Z","City__c":"a05g8000001KAc9AAG","OwnerId":"005g80000010N45AAE","CreatedById":"005g80000010N45AAE","DistributionCenter__c":"a06g8000000wkLpAAI","CreatedDate":"2026-04-30T14:31:20.000Z","Pricebook2Id":"01sg80000015mKTAAY","Id":"801g800000DSRXTAA5","LastModifiedById":"005g80000010N45AAE","State__c":"a04g8000000QmaTAAS","EffectiveDate":"2026-04-27T00:00:00.000Z"}]|0x2de4e0f5
11:31:20.0 (255715921)|STATEMENT_EXECUTE|[11]
11:31:20.0 (256266608)|VARIABLE_ASSIGNMENT|[11]|this.oldRecords|[{"Status":"Draft","LastModifiedDate":"2026-04-30T14:31:20.000Z","Country__c":"a03g8000004x8aeAAA","IsDeleted":false,"AccountId":"001g800000DSRXSAA5","FreightType__c":"CIF","OrderNumber":"00000133","TotalAmount":0.00,"StatusCode":"Draft","PaymentCondition__c":"a07g8000004MONnAAO","IsReductionOrder":false,"SystemModstamp":"2026-04-30T14:31:20.000Z","City__c":"a05g8000001KAc9AAG","OwnerId":"005g80000010N45AAE","CreatedById":"005g80000010N45AAE","DistributionCenter__c":"a06g8000000wkLpAAI","CreatedDate":"2026-04-30T14:31:20.000Z","Pricebook2Id":"01sg80000015mKTAAY","Id":"801g800000DSRXTAA5","LastModifiedById":"005g80000010N45AAE","State__c":"a04g8000000QmaTAAS","EffectiveDate":"2026-04-27T00:00:00.000Z"}]|0x2de4e0f5
11:31:20.0 (256277582)|STATEMENT_EXECUTE|[12]
11:31:20.0 (256903368)|VARIABLE_ASSIGNMENT|[12]|this.newRecordsMap|{"801g800000DSRXTAA5":{"Status":"Draft","LastModifiedDate":"2026-04-30T14:31:20.000Z","Country__c":"a03g8000004x8aeAAA","IsDeleted":false,"AccountId":"001g800000DSRXSAA5","FreightType__c":"CIF","OrderNumber":"00000133","TotalAmount":2460541.90,"StatusCode":"Draft","PaymentCondition__c":"a07g8000004MONnAAO","IsReductionOrder":false,"SystemModstamp":"2026-04-30T14:31:20.000Z","City__c":"a05g8000001KAc9AAG","OwnerId":"005g80000010N45AAE","CreatedById":"005g80000010N45AAE","DistributionCenter__c":"a06g8000000wkLpAAI","CreatedDate":"2026-04-30T14:31:20.000Z","Pricebook2Id":"01sg80000015mKTAAY","Id":"801g800000DSRXTAA5","LastModifiedById":"005g80000010N45AAE","State__c":"a04g8000000QmaTAAS","EffectiveDate":"2026-04-27T00:00:00.000Z"}}|0x2de4e0f5
11:31:20.0 (256915603)|STATEMENT_EXECUTE|[13]
11:31:20.0 (257353606)|VARIABLE_ASSIGNMENT|[13]|this.oldRecordsMap|{"801g800000DSRXTAA5":{"Status":"Draft","LastModifiedDate":"2026-04-30T14:31:20.000Z","Country__c":"a03g8000004x8aeAAA","IsDeleted":false,"AccountId":"001g800000DSRXSAA5","FreightType__c":"CIF","OrderNumber":"00000133","TotalAmount":0.00,"StatusCode":"Draft","PaymentCondition__c":"a07g8000004MONnAAO","IsReductionOrder":false,"SystemModstamp":"2026-04-30T14:31:20.000Z","City__c":"a05g8000001KAc9AAG","OwnerId":"005g80000010N45AAE","CreatedById":"005g80000010N45AAE","DistributionCenter__c":"a06g8000000wkLpAAI","CreatedDate":"2026-04-30T14:31:20.000Z","Pricebook2Id":"01sg80000015mKTAAY","Id":"801g800000DSRXTAA5","LastModifiedById":"005g80000010N45AAE","State__c":"a04g8000000QmaTAAS","EffectiveDate":"2026-04-27T00:00:00.000Z"}}|0x2de4e0f5
11:31:20.0 (257370337)|CONSTRUCTOR_EXIT|[2]|01pg8000001LXzh|<init>()|OrderHandler
11:31:20.0 (257381330)|METHOD_ENTRY|[2]|01pg80000019iSf|TriggerHandler.run()
11:31:20.0 (257387270)|VARIABLE_SCOPE_BEGIN|[120]|this|TriggerHandler|true|false
11:31:20.0 (257426762)|VARIABLE_ASSIGNMENT|[120]|this|{"newRecords":"0x4444d183","newRecordsMap":"0x3cbd9e4f","oldRecords":"0x464d37bc","oldRecordsMap":"0x7b71f625","handlerName":"OrderHandler","isTriggerExecuting":true,"triggerEvent":"0x3628eb88"}|0x2de4e0f5
11:31:20.0 (257433420)|STATEMENT_EXECUTE|[120]
11:31:20.0 (257437342)|METHOD_ENTRY|[121]|01pg80000019iSf|TriggerHandler.validateRun()
11:31:20.0 (257440432)|VARIABLE_SCOPE_BEGIN|[661]|this|TriggerHandler|true|false
11:31:20.0 (257451543)|VARIABLE_ASSIGNMENT|[661]|this|{"newRecords":"0x4444d183","newRecordsMap":"0x3cbd9e4f","oldRecords":"0x464d37bc","oldRecordsMap":"0x7b71f625","handlerName":"OrderHandler","isTriggerExecuting":true,"triggerEvent":"0x3628eb88"}|0x2de4e0f5
11:31:20.0 (257455959)|STATEMENT_EXECUTE|[661]
11:31:20.0 (257463296)|STATEMENT_EXECUTE|[662]
11:31:20.0 (257464576)|STATEMENT_EXECUTE|[665]
11:31:20.0 (257470871)|METHOD_ENTRY|[665]|01pg80000019iSf|TriggerHandler.getHandlerName()
11:31:20.0 (257474001)|VARIABLE_SCOPE_BEGIN|[680]|this|TriggerHandler|true|false
11:31:20.0 (257483395)|VARIABLE_ASSIGNMENT|[680]|this|{"newRecords":"0x4444d183","newRecordsMap":"0x3cbd9e4f","oldRecords":"0x464d37bc","oldRecordsMap":"0x7b71f625","handlerName":"OrderHandler","isTriggerExecuting":true,"triggerEvent":"0x3628eb88"}|0x2de4e0f5
11:31:20.0 (257487694)|STATEMENT_EXECUTE|[680]
11:31:20.0 (257508855)|STATEMENT_EXECUTE|[681]
11:31:20.0 (257509898)|STATEMENT_EXECUTE|[684]
11:31:20.0 (257512914)|METHOD_EXIT|[665]|01pg80000019iSf|TriggerHandler.getHandlerName()
11:31:20.0 (257533203)|METHOD_EXIT|[121]|01pg80000019iSf|TriggerHandler.validateRun()
11:31:20.0 (257536422)|STATEMENT_EXECUTE|[121]
11:31:20.0 (257539374)|METHOD_ENTRY|[126]|01pg80000019iSf|TriggerHandler.incrementCheckLoopCount()
11:31:20.0 (257542499)|VARIABLE_SCOPE_BEGIN|[634]|this|TriggerHandler|true|false
11:31:20.0 (257552442)|VARIABLE_ASSIGNMENT|[634]|this|{"newRecords":"0x4444d183","newRecordsMap":"0x3cbd9e4f","oldRecords":"0x464d37bc","oldRecordsMap":"0x7b71f625","handlerName":"OrderHandler","isTriggerExecuting":true,"triggerEvent":"0x3628eb88"}|0x2de4e0f5
11:31:20.0 (257556832)|STATEMENT_EXECUTE|[634]
11:31:20.0 (257557672)|STATEMENT_EXECUTE|[635]
11:31:20.0 (257559695)|METHOD_ENTRY|[635]|01pg80000019iSf|TriggerHandler.getHandlerName()
11:31:20.0 (257562049)|VARIABLE_SCOPE_BEGIN|[680]|this|TriggerHandler|true|false
11:31:20.0 (257571114)|VARIABLE_ASSIGNMENT|[680]|this|{"newRecords":"0x4444d183","newRecordsMap":"0x3cbd9e4f","oldRecords":"0x464d37bc","oldRecordsMap":"0x7b71f625","handlerName":"OrderHandler","isTriggerExecuting":true,"triggerEvent":"0x3628eb88"}|0x2de4e0f5
11:31:20.0 (257574909)|STATEMENT_EXECUTE|[680]
11:31:20.0 (257581103)|STATEMENT_EXECUTE|[681]
11:31:20.0 (257582138)|STATEMENT_EXECUTE|[684]
11:31:20.0 (257583841)|METHOD_EXIT|[635]|01pg80000019iSf|TriggerHandler.getHandlerName()
11:31:20.0 (257587002)|VARIABLE_SCOPE_BEGIN|[635]|handlerName|String|false|false
11:31:20.0 (257592443)|VARIABLE_ASSIGNMENT|[635]|handlerName|"OrderHandler"
11:31:20.0 (257603697)|STATEMENT_EXECUTE|[636]
11:31:20.0 (257604778)|STATEMENT_EXECUTE|[649]
11:31:20.0 (257606375)|METHOD_EXIT|[126]|01pg80000019iSf|TriggerHandler.incrementCheckLoopCount()
11:31:20.0 (257609046)|STATEMENT_EXECUTE|[126]
11:31:20.0 (257611082)|STATEMENT_EXECUTE|[130]
11:31:20.0 (257612158)|STATEMENT_EXECUTE|[135]
11:31:20.0 (257715949)|STATEMENT_EXECUTE|[148]
11:31:20.0 (257717209)|STATEMENT_EXECUTE|[149]
11:31:20.0 (257731078)|METHOD_ENTRY|[149]|01pg8000001LXzh|OrderHandler.afterUpdate()
11:31:20.0 (257744653)|VARIABLE_SCOPE_BEGIN|[20]|this|OrderHandler|true|false
11:31:20.0 (257762720)|VARIABLE_ASSIGNMENT|[20]|this|{"newRecords":"0x4444d183","newRecordsMap":"0x3cbd9e4f","oldRecords":"0x464d37bc","oldRecordsMap":"0x7b71f625","handlerName":"OrderHandler","isTriggerExecuting":true,"triggerEvent":"0x3628eb88"}|0x2de4e0f5
11:31:20.0 (257767988)|STATEMENT_EXECUTE|[20]
11:31:20.0 (257769014)|STATEMENT_EXECUTE|[21]
11:31:20.0 (257774972)|METHOD_ENTRY|[21]|01pg8000001LXzh|OrderHandler.checkActiveOrder()
11:31:20.0 (257780818)|VARIABLE_SCOPE_BEGIN|[30]|this|OrderHandler|true|false
11:31:20.0 (257790458)|VARIABLE_ASSIGNMENT|[30]|this|{"newRecords":"0x4444d183","newRecordsMap":"0x3cbd9e4f","oldRecords":"0x464d37bc","oldRecordsMap":"0x7b71f625","handlerName":"OrderHandler","isTriggerExecuting":true,"triggerEvent":"0x3628eb88"}|0x2de4e0f5
11:31:20.0 (257795530)|STATEMENT_EXECUTE|[30]
11:31:20.0 (257796558)|STATEMENT_EXECUTE|[31]
11:31:20.0 (257799452)|VARIABLE_SCOPE_BEGIN|[31]|listaParaValidar|List<Order>|true|false
11:31:20.0 (257804362)|VARIABLE_ASSIGNMENT|[31]|listaParaValidar|null|
11:31:20.0 (257811484)|STATEMENT_EXECUTE|[35]
11:31:20.0 (257812464)|STATEMENT_EXECUTE|[36]
11:31:20.0 (258306572)|VARIABLE_ASSIGNMENT|[36]|listaParaValidar|[{"Status":"Draft","LastModifiedDate":"2026-04-30T14:31:20.000Z","Country__c":"a03g8000004x8aeAAA","IsDeleted":false,"AccountId":"001g800000DSRXSAA5","FreightType__c":"CIF","OrderNumber":"00000133","TotalAmount":2460541.90,"StatusCode":"Draft","PaymentCondition__c":"a07g8000004MONnAAO","IsReductionOrder":false,"SystemModstamp":"2026-04-30T14:31:20.000Z","City__c":"a05g8000001KAc9AAG","OwnerId":"005g80000010N45AAE","CreatedById":"005g80000010N45AAE","DistributionCenter__c":"a06g8000000wkLpAAI","CreatedDate":"2026-04-30T14:31:20.000Z","Pricebook2Id":"01sg80000015mKTAAY","Id":"801g800000DSRXTAA5","LastModifiedById":"005g80000010N45AAE","State__c":"a04g8000000QmaTAAS","EffectiveDate":"2026-04-27T00:00:00.000Z"}]|0x4444d183
11:31:20.0 (258347242)|HEAP_ALLOCATE|[40]|Bytes:5
11:31:20.0 (258374681)|VARIABLE_SCOPE_BEGIN|[40]|pedido|Order|true|false
11:31:20.0 (258779304)|VARIABLE_ASSIGNMENT|[40]|pedido|{"Status":"Draft","LastModifiedDate":"2026-04-30T14:31:20.000Z","Country__c":"a03g8000004x8aeAAA","IsDeleted":false,"AccountId":"001g800000DSRXSAA5","FreightType__c":"CIF","OrderNumber":"00000133","TotalAmount":2460541.90,"StatusCode":"Draft","PaymentCondition__c":"a07g8000004MONnAAO","IsReductionOrder":false,"SystemModstamp":"2026-04-30T14:31:20.000Z","City__c":"a05g8000001KAc9AAG","OwnerId":"005g80000010N45AAE","CreatedById":"005g80000010N45AAE","DistributionCenter__c":"a06g8000000wkLpAAI","CreatedDate":"2026-04-30T14:31:20.000Z","Pricebook2Id":"01sg80000015mKTAAY","Id":"801g800000DSRXTAA5","LastModifiedById":"005g80000010N45AAE","State__c":"a04g8000000QmaTAAS","EffectiveDate":"2026-04-27T00:00:00.000Z"}|0x49444283
11:31:20.0 (258789635)|STATEMENT_EXECUTE|[40]
11:31:20.0 (258790724)|STATEMENT_EXECUTE|[42]
11:31:20.0 (258814092)|VARIABLE_SCOPE_BEGIN|[42]|pedidoAntigo|Order|true|false
11:31:20.0 (259262891)|VARIABLE_ASSIGNMENT|[42]|pedidoAntigo|{"Status":"Draft","LastModifiedDate":"2026-04-30T14:31:20.000Z","Country__c":"a03g8000004x8aeAAA","IsDeleted":false,"AccountId":"001g800000DSRXSAA5","FreightType__c":"CIF","OrderNumber":"00000133","TotalAmount":0.00,"StatusCode":"Draft","PaymentCondition__c":"a07g8000004MONnAAO","IsReductionOrder":false,"SystemModstamp":"2026-04-30T14:31:20.000Z","City__c":"a05g8000001KAc9AAG","OwnerId":"005g80000010N45AAE","CreatedById":"005g80000010N45AAE","DistributionCenter__c":"a06g8000000wkLpAAI","CreatedDate":"2026-04-30T14:31:20.000Z","Pricebook2Id":"01sg80000015mKTAAY","Id":"801g800000DSRXTAA5","LastModifiedById":"005g80000010N45AAE","State__c":"a04g8000000QmaTAAS","EffectiveDate":"2026-04-27T00:00:00.000Z"}|0x661b7cc0
11:31:20.0 (259274239)|STATEMENT_EXECUTE|[45]
11:31:20.0 (259282052)|VARIABLE_SCOPE_BEGIN|[45]|validacaoStatus|String|false|false
11:31:20.0 (259287461)|VARIABLE_ASSIGNMENT|[45]|validacaoStatus|"Draft"
11:31:20.0 (259299084)|HEAP_ALLOCATE|[40]|Bytes:5
11:31:20.0 (259308228)|VARIABLE_ASSIGNMENT|[40]|pedido|null|
11:31:20.0 (259315268)|METHOD_EXIT|[21]|01pg8000001LXzh|OrderHandler.checkActiveOrder()
11:31:20.0 (259318950)|STATEMENT_EXECUTE|[22]
11:31:20.0 (259327169)|METHOD_ENTRY|[22]|01pg8000001LXzh|OrderHandler.itemsRecalculation()
11:31:20.0 (259351606)|VARIABLE_SCOPE_BEGIN|[54]|this|OrderHandler|true|false
11:31:20.0 (259380372)|VARIABLE_ASSIGNMENT|[54]|this|{"newRecords":"0x4444d183","newRecordsMap":"0x3cbd9e4f","oldRecords":"0x464d37bc","oldRecordsMap":"0x7b71f625","handlerName":"OrderHandler","isTriggerExecuting":true,"triggerEvent":"0x3628eb88"}|0x2de4e0f5
11:31:20.0 (259386004)|STATEMENT_EXECUTE|[54]
11:31:20.0 (259387036)|STATEMENT_EXECUTE|[55]
11:31:20.0 (259402628)|HEAP_ALLOCATE|[55]|Bytes:4
11:31:20.0 (259429746)|VARIABLE_SCOPE_BEGIN|[55]|ordersToRecalculate|Set<Id>|true|false
11:31:20.0 (259462986)|VARIABLE_ASSIGNMENT|[55]|ordersToRecalculate|[]|0x54f2174c
11:31:20.0 (259496658)|HEAP_ALLOCATE|[57]|Bytes:5
11:31:20.0 (259510955)|VARIABLE_SCOPE_BEGIN|[57]|pedido|Order|true|false
11:31:20.0 (260004039)|VARIABLE_ASSIGNMENT|[57]|pedido|{"Status":"Draft","LastModifiedDate":"2026-04-30T14:31:20.000Z","Country__c":"a03g8000004x8aeAAA","IsDeleted":false,"AccountId":"001g800000DSRXSAA5","FreightType__c":"CIF","OrderNumber":"00000133","TotalAmount":2460541.90,"StatusCode":"Draft","PaymentCondition__c":"a07g8000004MONnAAO","IsReductionOrder":false,"SystemModstamp":"2026-04-30T14:31:20.000Z","City__c":"a05g8000001KAc9AAG","OwnerId":"005g80000010N45AAE","CreatedById":"005g80000010N45AAE","DistributionCenter__c":"a06g8000000wkLpAAI","CreatedDate":"2026-04-30T14:31:20.000Z","Pricebook2Id":"01sg80000015mKTAAY","Id":"801g800000DSRXTAA5","LastModifiedById":"005g80000010N45AAE","State__c":"a04g8000000QmaTAAS","EffectiveDate":"2026-04-27T00:00:00.000Z"}|0x49444283
11:31:20.0 (260018298)|STATEMENT_EXECUTE|[57]
11:31:20.0 (260019267)|STATEMENT_EXECUTE|[58]
11:31:20.0 (260058031)|VARIABLE_SCOPE_BEGIN|[58]|pedidoAntigo|Order|true|false
11:31:20.0 (260511612)|VARIABLE_ASSIGNMENT|[58]|pedidoAntigo|{"Status":"Draft","LastModifiedDate":"2026-04-30T14:31:20.000Z","Country__c":"a03g8000004x8aeAAA","IsDeleted":false,"AccountId":"001g800000DSRXSAA5","FreightType__c":"CIF","OrderNumber":"00000133","TotalAmount":0.00,"StatusCode":"Draft","PaymentCondition__c":"a07g8000004MONnAAO","IsReductionOrder":false,"SystemModstamp":"2026-04-30T14:31:20.000Z","City__c":"a05g8000001KAc9AAG","OwnerId":"005g80000010N45AAE","CreatedById":"005g80000010N45AAE","DistributionCenter__c":"a06g8000000wkLpAAI","CreatedDate":"2026-04-30T14:31:20.000Z","Pricebook2Id":"01sg80000015mKTAAY","Id":"801g800000DSRXTAA5","LastModifiedById":"005g80000010N45AAE","State__c":"a04g8000000QmaTAAS","EffectiveDate":"2026-04-27T00:00:00.000Z"}|0x661b7cc0
11:31:20.0 (260602010)|STATEMENT_EXECUTE|[60]
11:31:20.0 (260611919)|HEAP_ALLOCATE|[57]|Bytes:5
11:31:20.0 (260621652)|VARIABLE_ASSIGNMENT|[57]|pedido|null|
11:31:20.0 (260638710)|STATEMENT_EXECUTE|[67]
11:31:20.0 (260642343)|METHOD_EXIT|[22]|01pg8000001LXzh|OrderHandler.itemsRecalculation()
11:31:20.0 (260646895)|METHOD_EXIT|[149]|01pg8000001LXzh|OrderHandler.afterUpdate()
11:31:20.0 (260649944)|STATEMENT_EXECUTE|[158]
11:31:20.0 (260655098)|METHOD_ENTRY|[158]|01pg80000019iSf|TriggerHandler.andFinally()
11:31:20.0 (260660629)|VARIABLE_SCOPE_BEGIN|[746]|this|TriggerHandler|true|false
11:31:20.0 (260697097)|VARIABLE_ASSIGNMENT|[746]|this|{"newRecords":"0x4444d183","newRecordsMap":"0x3cbd9e4f","oldRecords":"0x464d37bc","oldRecordsMap":"0x7b71f625","handlerName":"OrderHandler","isTriggerExecuting":true,"triggerEvent":"0x3628eb88"}|0x2de4e0f5
11:31:20.0 (260702679)|STATEMENT_EXECUTE|[746]
11:31:20.0 (260704820)|METHOD_EXIT|[158]|01pg80000019iSf|TriggerHandler.andFinally()
11:31:20.0 (260708889)|STATEMENT_EXECUTE|[160]
11:31:20.0 (260710974)|STATEMENT_EXECUTE|[176]
11:31:20.0 (260713385)|METHOD_EXIT|[2]|01pg80000019iSf|TriggerHandler.run()
11:31:20.260 (260722623)|CUMULATIVE_LIMIT_USAGE
11:31:20.260 (260722623)|LIMIT_USAGE_FOR_NS|(default)|
  Number of SOQL queries: 8 out of 100
  Number of query rows: 26 out of 50000
  Number of SOSL queries: 0 out of 20
  Number of DML statements: 0 out of 150
  Number of Publish Immediate DML: 0 out of 150
  Number of DML rows: 0 out of 10000
  Maximum CPU time: 0 out of 10000
  Maximum heap size: 0 out of 6000000
  Number of callouts: 0 out of 100
  Number of Email Invocations: 0 out of 10
  Number of future calls: 0 out of 50
  Number of queueable jobs added to the queue: 0 out of 50
  Number of Mobile Apex push calls: 0 out of 10

11:31:20.260 (260722623)|CUMULATIVE_LIMIT_USAGE_END

11:31:20.0 (260943428)|CODE_UNIT_FINISHED|OrderTrigger on Order trigger event AfterUpdate|__sfdc_trigger/OrderTrigger
11:31:20.0 (264009613)|CODE_UNIT_FINISHED|TRIGGERS
11:31:20.0 (264025331)|EXECUTION_FINISHED
