66.0 APEX_CODE,FINEST;APEX_PROFILING,INFO;CALLOUT,INFO;DATA_ACCESS,INFO;DB,INFO;NBA,INFO;SYSTEM,DEBUG;VALIDATION,INFO;VISUALFORCE,INFO;WAVE,INFO;WORKFLOW,INFO
13:17:49.1 (1088019)|USER_INFO|[EXTERNAL]|005g80000010N45|sabrina.jesus@resourceful-moose-fmmd11.com|(GMT-03:00) Brasilia Standard Time (America/Sao_Paulo)|GMT-03:00
13:17:49.1 (1183339)|EXECUTION_STARTED
13:17:49.1 (1217569)|CODE_UNIT_STARTED|[EXTERNAL]|TRIGGERS
13:17:49.1 (1285139)|CODE_UNIT_STARTED|[EXTERNAL]|01qg8000000Fou9|OrdemItemTrigger on OrderItem trigger event BeforeInsert|__sfdc_trigger/OrdemItemTrigger
13:17:49.1 (1380330)|HEAP_ALLOCATE|[EXTERNAL]|Bytes:24
13:17:49.1 (2537627)|HEAP_ALLOCATE|[95]|Bytes:3
13:17:49.1 (2614297)|HEAP_ALLOCATE|[100]|Bytes:152
13:17:49.1 (2633305)|HEAP_ALLOCATE|[417]|Bytes:408
13:17:49.1 (2646164)|HEAP_ALLOCATE|[430]|Bytes:408
13:17:49.1 (2665109)|HEAP_ALLOCATE|[317]|Bytes:6
13:17:49.1 (2722173)|HEAP_ALLOCATE|[EXTERNAL]|Bytes:4
13:17:49.1 (2744432)|VARIABLE_SCOPE_BEGIN|[1]|this|OrdemItemTrigger|true|false
13:17:49.1 (2861580)|VARIABLE_ASSIGNMENT|[1]|this|{}|0x63ec2f85
13:17:49.1 (2951835)|HEAP_ALLOCATE|[EXTERNAL]|Bytes:4
13:17:49.1 (2956439)|VARIABLE_SCOPE_BEGIN|[1]|this|OrdemItemTrigger|true|false
13:17:49.1 (2965237)|VARIABLE_ASSIGNMENT|[1]|this|{}|0x63ec2f85
13:17:49.1 (2979213)|STATEMENT_EXECUTE|[1]
13:17:49.1 (2981151)|STATEMENT_EXECUTE|[2]
13:17:49.1 (11386533)|VARIABLE_SCOPE_BEGIN|[63]|TriggerHandler.BYPASS_ALL_ALIAS|String|false|true
13:17:49.1 (11409327)|VARIABLE_SCOPE_BEGIN|[839]|TriggerHandler.ERROR_TRIGGERCONTEXT|String|false|true
13:17:49.1 (11515760)|VARIABLE_SCOPE_BEGIN|[26]|TriggerHandler.bypassedHandlers|Set<String>|true|true
13:17:49.1 (11533155)|VARIABLE_SCOPE_BEGIN|[32]|TriggerHandler.globalBypass|Boolean|false|true
13:17:49.1 (11841480)|VARIABLE_SCOPE_BEGIN|[20]|TriggerHandler.loopCountMap|Map<String,TriggerHandler.LoopCount>|true|true
13:17:49.1 (11852870)|VARIABLE_SCOPE_BEGIN|[44]|TriggerHandler.showDebug|Boolean|false|true
13:17:49.1 (11858800)|VARIABLE_SCOPE_BEGIN|[38]|TriggerHandler.showLimits|Boolean|false|true
13:17:49.1 (11898838)|HEAP_ALLOCATE|[2]|Bytes:22
13:17:49.1 (11914644)|HEAP_ALLOCATE|[2]|Bytes:26
13:17:49.1 (11959291)|METHOD_ENTRY|[1]|01pg8000001EZwd|OrdemItemHandler.OrdemItemHandler()
13:17:49.1 (11966827)|STATEMENT_EXECUTE|[1]
13:17:49.1 (11973796)|STATEMENT_EXECUTE|[1]
13:17:49.1 (11986314)|METHOD_EXIT|[1]|OrdemItemHandler
13:17:49.1 (12186577)|HEAP_ALLOCATE|[2]|Bytes:32
13:17:49.1 (12221108)|CONSTRUCTOR_ENTRY|[2]|01pg8000001EZwd|<init>()|OrdemItemHandler
13:17:49.1 (12284217)|VARIABLE_SCOPE_BEGIN|[10]|this|OrdemItemHandler|true|false
13:17:49.1 (12356175)|VARIABLE_ASSIGNMENT|[10]|this|{}|0x4b309c3a
13:17:49.1 (12363618)|STATEMENT_EXECUTE|[1]
13:17:49.1 (12365243)|STATEMENT_EXECUTE|[4]
13:17:49.1 (12367459)|STATEMENT_EXECUTE|[5]
13:17:49.1 (12368816)|STATEMENT_EXECUTE|[6]
13:17:49.1 (12370765)|STATEMENT_EXECUTE|[7]
13:17:49.1 (12372130)|STATEMENT_EXECUTE|[11]
13:17:49.1 (12377218)|HEAP_ALLOCATE|[11]|Bytes:16
13:17:49.1 (12388177)|HEAP_ALLOCATE|[11]|Bytes:33
13:17:49.1 (12395493)|HEAP_ALLOCATE|[11]|Bytes:166
13:17:49.1 (12399447)|HEAP_ALLOCATE|[11]|Bytes:55
13:17:49.1 (12402681)|HEAP_ALLOCATE|[11]|Bytes:9
13:17:49.1 (12429622)|VARIABLE_ASSIGNMENT|[11]|TriggerHandler.BYPASS_ALL_ALIAS|"BypassAll"
13:17:49.1 (12434023)|HEAP_ALLOCATE|[11]|Bytes:51
13:17:49.1 (12441668)|VARIABLE_ASSIGNMENT|[11]|TriggerHandler.ERROR_TRIGGERCONTEXT|"Trigger handler call (31 more) ..."
13:17:49.1 (12458054)|METHOD_ENTRY|[15]|01pg80000019iSf|TriggerHandler.TriggerHandler()
13:17:49.1 (12462045)|STATEMENT_EXECUTE|[15]
13:17:49.1 (12464967)|STATEMENT_EXECUTE|[15]
13:17:49.1 (12466643)|STATEMENT_EXECUTE|[66]
13:17:49.1 (12467774)|STATEMENT_EXECUTE|[67]
13:17:49.1 (12483042)|HEAP_ALLOCATE|[67]|Bytes:4
13:17:49.1 (12552786)|VARIABLE_ASSIGNMENT|[67]|TriggerHandler.loopCountMap|{}|0x7a0de94
13:17:49.1 (12558115)|STATEMENT_EXECUTE|[68]
13:17:49.1 (12568657)|HEAP_ALLOCATE|[68]|Bytes:4
13:17:49.1 (12676369)|VARIABLE_ASSIGNMENT|[68]|TriggerHandler.bypassedHandlers|[]|0x483e4316
13:17:49.1 (12682158)|STATEMENT_EXECUTE|[69]
13:17:49.1 (12710706)|HEAP_ALLOCATE|[68]|Bytes:5
13:17:49.1 (12752677)|HEAP_ALLOCATE|[74]|Bytes:5
13:17:49.1 (12762735)|HEAP_ALLOCATE|[82]|Bytes:7
13:17:49.1 (13322886)|HEAP_ALLOCATE|[69]|Bytes:5
13:17:49.1 (13347050)|VARIABLE_ASSIGNMENT|[69]|TriggerHandler.globalBypass|false
13:17:49.1 (13352770)|STATEMENT_EXECUTE|[70]
13:17:49.1 (13358852)|HEAP_ALLOCATE|[70]|Bytes:5
13:17:49.1 (13365545)|VARIABLE_ASSIGNMENT|[70]|TriggerHandler.showLimits|false
13:17:49.1 (13368831)|STATEMENT_EXECUTE|[71]
13:17:49.1 (13371485)|HEAP_ALLOCATE|[71]|Bytes:5
13:17:49.1 (13376196)|VARIABLE_ASSIGNMENT|[71]|TriggerHandler.showDebug|false
13:17:49.1 (13379436)|STATEMENT_EXECUTE|[755]
13:17:49.1 (13381040)|STATEMENT_EXECUTE|[832]
13:17:49.1 (13391321)|METHOD_EXIT|[15]|TriggerHandler
13:17:49.1 (13405926)|CONSTRUCTOR_ENTRY|[11]|01pg80000019iSf|<init>(String)|TriggerHandler
13:17:49.1 (13554947)|VARIABLE_SCOPE_BEGIN|[107]|this|TriggerHandler|true|false
13:17:49.1 (13594662)|VARIABLE_ASSIGNMENT|[107]|this|{}|0x4b309c3a
13:17:49.1 (13600902)|VARIABLE_SCOPE_BEGIN|[107]|handlerName|String|false|false
13:17:49.1 (13612084)|VARIABLE_ASSIGNMENT|[107]|handlerName|"OrderItemHandler"
13:17:49.1 (13617491)|STATEMENT_EXECUTE|[15]
13:17:49.1 (13618851)|STATEMENT_EXECUTE|[50]
13:17:49.1 (13620359)|STATEMENT_EXECUTE|[57]
13:17:49.1 (13621749)|STATEMENT_EXECUTE|[671]
13:17:49.1 (13631212)|HEAP_ALLOCATE|[108]|Bytes:6
13:17:49.1 (14709381)|STATEMENT_EXECUTE|[107]
13:17:49.1 (14713491)|STATEMENT_EXECUTE|[108]
13:17:49.1 (14754747)|STATEMENT_EXECUTE|[109]
13:17:49.1 (14784906)|METHOD_ENTRY|[109]|01pg80000019iSf|TriggerHandler.setTriggerContext()
13:17:49.1 (14844607)|VARIABLE_SCOPE_BEGIN|[565]|this|TriggerHandler|true|false
13:17:49.1 (14890244)|VARIABLE_ASSIGNMENT|[565]|this|{"handlerName":"OrderItemHandler"}|0x4b309c3a
13:17:49.1 (14903528)|STATEMENT_EXECUTE|[565]
13:17:49.1 (14904922)|STATEMENT_EXECUTE|[566]
13:17:49.1 (15124094)|HEAP_ALLOCATE|[566]|Bytes:16
13:17:49.1 (15154258)|METHOD_ENTRY|[566]|01pg80000019iSf|TriggerHandler.setTriggerContext(System.TriggerOperation, Boolean)
13:17:49.1 (15162052)|VARIABLE_SCOPE_BEGIN|[582]|this|TriggerHandler|true|false
13:17:49.1 (15187751)|VARIABLE_ASSIGNMENT|[582]|this|{"handlerName":"OrderItemHandler"}|0x4b309c3a
13:17:49.1 (15192830)|VARIABLE_SCOPE_BEGIN|[582]|opType|System.TriggerOperation|true|false
13:17:49.1 (15225445)|VARIABLE_ASSIGNMENT|[582]|opType|"BEFORE_INSERT"|0x3730adda
13:17:49.1 (15236480)|VARIABLE_SCOPE_BEGIN|[582]|testMode|Boolean|false|false
13:17:49.1 (15244250)|VARIABLE_ASSIGNMENT|[582]|testMode|false
13:17:49.1 (15249765)|STATEMENT_EXECUTE|[582]
13:17:49.1 (15271880)|STATEMENT_EXECUTE|[586]
13:17:49.1 (15273370)|STATEMENT_EXECUTE|[587]
13:17:49.1 (15278481)|HEAP_ALLOCATE|[587]|Bytes:5
13:17:49.1 (15289285)|STATEMENT_EXECUTE|[590]
13:17:49.1 (15290513)|STATEMENT_EXECUTE|[592]
13:17:49.1 (15339247)|HEAP_ALLOCATE|[592]|Bytes:16
13:17:49.1 (15348867)|STATEMENT_EXECUTE|[595]
13:17:49.1 (15370144)|VARIABLE_SCOPE_BEGIN|[595]|context|String|false|false
13:17:49.1 (15381234)|VARIABLE_ASSIGNMENT|[595]|context|"BEFORE_INSERT"
13:17:49.1 (15384867)|STATEMENT_EXECUTE|[597]
13:17:49.1 (15388803)|HEAP_ALLOCATE|[598]|Bytes:13
13:17:49.1 (15471655)|STATEMENT_EXECUTE|[598]
13:17:49.1 (15472924)|STATEMENT_EXECUTE|[599]
13:17:49.1 (15482911)|METHOD_EXIT|[566]|01pg80000019iSf|TriggerHandler.setTriggerContext(System.TriggerOperation, Boolean)
13:17:49.1 (15489323)|METHOD_EXIT|[109]|01pg80000019iSf|TriggerHandler.setTriggerContext()
13:17:49.1 (15497466)|CONSTRUCTOR_EXIT|[11]|01pg80000019iSf|<init>(String)|TriggerHandler
13:17:49.1 (15501996)|STATEMENT_EXECUTE|[10]
13:17:49.1 (15504034)|STATEMENT_EXECUTE|[12]
13:17:49.1 (20428306)|VARIABLE_ASSIGNMENT|[12]|this.newRecords|[{"IsDeleted":false,"UnitPrice":1350000.00,"Product2Id":"01tg8000001BArVAAW","PricebookEntryId":"01ug8000000XnbRAAS","TotalPrice":1350000.00,"Quantity":1.00,"ListPrice":1350000.00,"OrderId":"801g8000007E9NdAAK"},{"IsDeleted":false,"UnitPrice":19500.00,"Product2Id":"01tg8000001BArcAAG","PricebookEntryId":"01ug8000000XoZ7AAK","TotalPrice":19500.00,"Quantity":1.00,"ListPrice":19500.00,"OrderId":"801g8000007E9NdAAK"},{"IsDeleted":false,"UnitPrice":1280000.00,"Product2Id":"01tg8000001BArWAAW","PricebookEntryId":"01ug8000000XnjVAAS","TotalPrice":1280000.00,"Quantity":1.00,"ListPrice":1280000.00,"OrderId":"801g8000007DOjhAAG"},{"IsDeleted":false,"UnitPrice":2800.00,"Product2Id":"01tg8000001BArdAAG","PricebookEntryId":"01ug8000000XmilAAC","TotalPrice":28000.00,"Quantity":10.00,"ListPrice":2800.00,"OrderId":"801g8000007DOjhAAG"},{"IsDeleted":false,"UnitPrice":1280000.00,"Product2Id":"01tg8000001BArWAAW","PricebookEntryId":"01ug8000000XnjVAAS","TotalPrice":1280000.00,"Quantity":1.00,"ListPrice":1280000.00,"OrderId":"801g8000007DgjnAAC"}]|0x4b309c3a
13:17:49.1 (20458560)|STATEMENT_EXECUTE|[13]
13:17:49.1 (20505430)|VARIABLE_ASSIGNMENT|[13]|this.oldRecords|null|0x4b309c3a
13:17:49.1 (20511472)|STATEMENT_EXECUTE|[14]
13:17:49.1 (20525487)|VARIABLE_ASSIGNMENT|[14]|this.newRecordsMap|null|0x4b309c3a
13:17:49.1 (20530208)|STATEMENT_EXECUTE|[15]
13:17:49.1 (20541643)|VARIABLE_ASSIGNMENT|[15]|this.oldRecordsMap|null|0x4b309c3a
13:17:49.1 (20552561)|CONSTRUCTOR_EXIT|[2]|01pg8000001EZwd|<init>()|OrdemItemHandler
13:17:49.1 (20601490)|METHOD_ENTRY|[2]|01pg80000019iSf|TriggerHandler.run()
13:17:49.1 (20610727)|VARIABLE_SCOPE_BEGIN|[120]|this|TriggerHandler|true|false
13:17:49.1 (20661543)|VARIABLE_ASSIGNMENT|[120]|this|{"newRecords":"0x532e37d6","handlerName":"OrderItemHandler","isTriggerExecuting":true,"triggerEvent":"0x3730adda"}|0x4b309c3a
13:17:49.1 (20669393)|STATEMENT_EXECUTE|[120]
13:17:49.1 (20676522)|METHOD_ENTRY|[121]|01pg80000019iSf|TriggerHandler.validateRun()
13:17:49.1 (20704548)|VARIABLE_SCOPE_BEGIN|[661]|this|TriggerHandler|true|false
13:17:49.1 (20723737)|VARIABLE_ASSIGNMENT|[661]|this|{"newRecords":"0x532e37d6","handlerName":"OrderItemHandler","isTriggerExecuting":true,"triggerEvent":"0x3730adda"}|0x4b309c3a
13:17:49.1 (20730503)|STATEMENT_EXECUTE|[661]
13:17:49.1 (20740356)|STATEMENT_EXECUTE|[662]
13:17:49.1 (20742079)|STATEMENT_EXECUTE|[665]
13:17:49.1 (20752296)|METHOD_ENTRY|[665]|01pg80000019iSf|TriggerHandler.getHandlerName()
13:17:49.1 (20764549)|VARIABLE_SCOPE_BEGIN|[680]|this|TriggerHandler|true|false
13:17:49.1 (20781899)|VARIABLE_ASSIGNMENT|[680]|this|{"newRecords":"0x532e37d6","handlerName":"OrderItemHandler","isTriggerExecuting":true,"triggerEvent":"0x3730adda"}|0x4b309c3a
13:17:49.1 (20787793)|STATEMENT_EXECUTE|[680]
13:17:49.1 (20850020)|STATEMENT_EXECUTE|[681]
13:17:49.1 (20851928)|STATEMENT_EXECUTE|[684]
13:17:49.1 (20857635)|METHOD_EXIT|[665]|01pg80000019iSf|TriggerHandler.getHandlerName()
13:17:49.1 (20895360)|METHOD_EXIT|[121]|01pg80000019iSf|TriggerHandler.validateRun()
13:17:49.1 (20900749)|STATEMENT_EXECUTE|[121]
13:17:49.1 (20906405)|METHOD_ENTRY|[126]|01pg80000019iSf|TriggerHandler.incrementCheckLoopCount()
13:17:49.1 (20918079)|VARIABLE_SCOPE_BEGIN|[634]|this|TriggerHandler|true|false
13:17:49.1 (20938127)|VARIABLE_ASSIGNMENT|[634]|this|{"newRecords":"0x532e37d6","handlerName":"OrderItemHandler","isTriggerExecuting":true,"triggerEvent":"0x3730adda"}|0x4b309c3a
13:17:49.1 (20944323)|STATEMENT_EXECUTE|[634]
13:17:49.1 (20945716)|STATEMENT_EXECUTE|[635]
13:17:49.1 (20950340)|METHOD_ENTRY|[635]|01pg80000019iSf|TriggerHandler.getHandlerName()
13:17:49.1 (20957868)|VARIABLE_SCOPE_BEGIN|[680]|this|TriggerHandler|true|false
13:17:49.1 (20973754)|VARIABLE_ASSIGNMENT|[680]|this|{"newRecords":"0x532e37d6","handlerName":"OrderItemHandler","isTriggerExecuting":true,"triggerEvent":"0x3730adda"}|0x4b309c3a
13:17:49.1 (20978552)|STATEMENT_EXECUTE|[680]
13:17:49.1 (20991719)|STATEMENT_EXECUTE|[681]
13:17:49.1 (20993079)|STATEMENT_EXECUTE|[684]
13:17:49.1 (20995852)|METHOD_EXIT|[635]|01pg80000019iSf|TriggerHandler.getHandlerName()
13:17:49.1 (21001047)|VARIABLE_SCOPE_BEGIN|[635]|handlerName|String|false|false
13:17:49.1 (21010814)|VARIABLE_ASSIGNMENT|[635]|handlerName|"OrderItemHandler"
13:17:49.1 (21067595)|STATEMENT_EXECUTE|[636]
13:17:49.1 (21069235)|STATEMENT_EXECUTE|[649]
13:17:49.1 (21072203)|METHOD_EXIT|[126]|01pg80000019iSf|TriggerHandler.incrementCheckLoopCount()
13:17:49.1 (21077418)|STATEMENT_EXECUTE|[126]
13:17:49.1 (21080923)|STATEMENT_EXECUTE|[130]
13:17:49.1 (21082301)|STATEMENT_EXECUTE|[135]
13:17:49.1 (21171104)|STATEMENT_EXECUTE|[136]
13:17:49.1 (21172415)|STATEMENT_EXECUTE|[137]
13:17:49.1 (21182609)|METHOD_ENTRY|[137]|01pg8000001EZwd|OrdemItemHandler.beforeInsert()
13:17:49.1 (21204257)|VARIABLE_SCOPE_BEGIN|[22]|this|OrdemItemHandler|true|false
13:17:49.1 (21228360)|VARIABLE_ASSIGNMENT|[22]|this|{"newRecords":"0x532e37d6","handlerName":"OrderItemHandler","isTriggerExecuting":true,"triggerEvent":"0x3730adda"}|0x4b309c3a
13:17:49.1 (21235187)|STATEMENT_EXECUTE|[22]
13:17:49.1 (21236490)|STATEMENT_EXECUTE|[23]
13:17:49.1 (21241898)|METHOD_ENTRY|[23]|01pg8000001EZwd|OrdemItemHandler.checkActiveOrderItem()
13:17:49.1 (21255698)|VARIABLE_SCOPE_BEGIN|[227]|this|OrdemItemHandler|true|false
13:17:49.1 (21272892)|VARIABLE_ASSIGNMENT|[227]|this|{"newRecords":"0x532e37d6","handlerName":"OrderItemHandler","isTriggerExecuting":true,"triggerEvent":"0x3730adda"}|0x4b309c3a
13:17:49.1 (21279323)|STATEMENT_EXECUTE|[227]
13:17:49.1 (21280903)|STATEMENT_EXECUTE|[228]
13:17:49.1 (21290883)|VARIABLE_SCOPE_BEGIN|[228]|listaParaValidar|List<OrderItem>|true|false
13:17:49.1 (21298713)|VARIABLE_ASSIGNMENT|[228]|listaParaValidar|null|
13:17:49.1 (21302005)|STATEMENT_EXECUTE|[229]
13:17:49.1 (21322000)|HEAP_ALLOCATE|[229]|Bytes:4
13:17:49.1 (21356478)|VARIABLE_SCOPE_BEGIN|[229]|idOrders|Set<Id>|true|false
13:17:49.1 (21393486)|VARIABLE_ASSIGNMENT|[229]|idOrders|[]|0x459c21dc
13:17:49.1 (21398595)|STATEMENT_EXECUTE|[230]
13:17:49.1 (21472227)|HEAP_ALLOCATE|[230]|Bytes:4
13:17:49.1 (21510510)|VARIABLE_SCOPE_BEGIN|[230]|idMapOrders|Map<Id,Order>|true|false
13:17:49.1 (21524450)|VARIABLE_ASSIGNMENT|[230]|idMapOrders|{}|0x59d5455
13:17:49.1 (21543805)|STATEMENT_EXECUTE|[234]
13:17:49.1 (21545280)|STATEMENT_EXECUTE|[235]
13:17:49.1 (24904725)|VARIABLE_ASSIGNMENT|[235]|listaParaValidar|[{"IsDeleted":false,"UnitPrice":1350000.00,"Product2Id":"01tg8000001BArVAAW","PricebookEntryId":"01ug8000000XnbRAAS","TotalPrice":1350000.00,"Quantity":1.00,"ListPrice":1350000.00,"OrderId":"801g8000007E9NdAAK"},{"IsDeleted":false,"UnitPrice":19500.00,"Product2Id":"01tg8000001BArcAAG","PricebookEntryId":"01ug8000000XoZ7AAK","TotalPrice":19500.00,"Quantity":1.00,"ListPrice":19500.00,"OrderId":"801g8000007E9NdAAK"},{"IsDeleted":false,"UnitPrice":1280000.00,"Product2Id":"01tg8000001BArWAAW","PricebookEntryId":"01ug8000000XnjVAAS","TotalPrice":1280000.00,"Quantity":1.00,"ListPrice":1280000.00,"OrderId":"801g8000007DOjhAAG"},{"IsDeleted":false,"UnitPrice":2800.00,"Product2Id":"01tg8000001BArdAAG","PricebookEntryId":"01ug8000000XmilAAC","TotalPrice":28000.00,"Quantity":10.00,"ListPrice":2800.00,"OrderId":"801g8000007DOjhAAG"},{"IsDeleted":false,"UnitPrice":1280000.00,"Product2Id":"01tg8000001BArWAAW","PricebookEntryId":"01ug8000000XnjVAAS","TotalPrice":1280000.00,"Quantity":1.00,"ListPrice":1280000.00,"OrderId":"801g8000007DgjnAAC"}]|0x532e37d6
13:17:49.1 (25307052)|HEAP_ALLOCATE|[238]|Bytes:5
13:17:49.1 (25379509)|HEAP_ALLOCATE|[238]|Bytes:4
13:17:49.1 (25394268)|VARIABLE_SCOPE_BEGIN|[238]|ot|OrderItem|true|false
13:17:49.1 (26120609)|VARIABLE_ASSIGNMENT|[238]|ot|{"IsDeleted":false,"UnitPrice":1350000.00,"Product2Id":"01tg8000001BArVAAW","PricebookEntryId":"01ug8000000XnbRAAS","TotalPrice":1350000.00,"Quantity":1.00,"ListPrice":1350000.00,"OrderId":"801g8000007E9NdAAK"}|0x481c6bcd
13:17:49.1 (26132284)|STATEMENT_EXECUTE|[238]
13:17:49.1 (26134189)|STATEMENT_EXECUTE|[239]
13:17:49.1 (26236949)|HEAP_ALLOCATE|[EXTERNAL]|Bytes:4
13:17:49.1 (26263084)|HEAP_ALLOCATE|[238]|Bytes:5
13:17:49.1 (26279876)|HEAP_ALLOCATE|[238]|Bytes:4
13:17:49.1 (26288649)|VARIABLE_SCOPE_BEGIN|[238]|ot|OrderItem|true|false
13:17:49.1 (27199983)|VARIABLE_ASSIGNMENT|[238]|ot|{"IsDeleted":false,"UnitPrice":19500.00,"Product2Id":"01tg8000001BArcAAG","PricebookEntryId":"01ug8000000XoZ7AAK","TotalPrice":19500.00,"Quantity":1.00,"ListPrice":19500.00,"OrderId":"801g8000007E9NdAAK"}|0x1b72e92e
13:17:49.1 (27213361)|STATEMENT_EXECUTE|[238]
13:17:49.1 (27215098)|STATEMENT_EXECUTE|[239]
13:17:49.1 (27238038)|HEAP_ALLOCATE|[EXTERNAL]|Bytes:4
13:17:49.1 (27261570)|HEAP_ALLOCATE|[238]|Bytes:5
13:17:49.1 (27278340)|HEAP_ALLOCATE|[238]|Bytes:4
13:17:49.1 (27286986)|VARIABLE_SCOPE_BEGIN|[238]|ot|OrderItem|true|false
13:17:49.1 (27981793)|VARIABLE_ASSIGNMENT|[238]|ot|{"IsDeleted":false,"UnitPrice":1280000.00,"Product2Id":"01tg8000001BArWAAW","PricebookEntryId":"01ug8000000XnjVAAS","TotalPrice":1280000.00,"Quantity":1.00,"ListPrice":1280000.00,"OrderId":"801g8000007DOjhAAG"}|0x4f2368a8
13:17:49.1 (27991418)|STATEMENT_EXECUTE|[238]
13:17:49.1 (27992929)|STATEMENT_EXECUTE|[239]
13:17:49.1 (28007999)|HEAP_ALLOCATE|[EXTERNAL]|Bytes:4
13:17:49.1 (28027227)|HEAP_ALLOCATE|[238]|Bytes:5
13:17:49.1 (28040787)|HEAP_ALLOCATE|[238]|Bytes:4
13:17:49.1 (28047294)|VARIABLE_SCOPE_BEGIN|[238]|ot|OrderItem|true|false
13:17:49.1 (28698323)|VARIABLE_ASSIGNMENT|[238]|ot|{"IsDeleted":false,"UnitPrice":2800.00,"Product2Id":"01tg8000001BArdAAG","PricebookEntryId":"01ug8000000XmilAAC","TotalPrice":28000.00,"Quantity":10.00,"ListPrice":2800.00,"OrderId":"801g8000007DOjhAAG"}|0xdc91d85
13:17:49.1 (28708300)|STATEMENT_EXECUTE|[238]
13:17:49.1 (28709760)|STATEMENT_EXECUTE|[239]
13:17:49.1 (28725659)|HEAP_ALLOCATE|[EXTERNAL]|Bytes:4
13:17:49.1 (28744311)|HEAP_ALLOCATE|[238]|Bytes:5
13:17:49.1 (28757569)|HEAP_ALLOCATE|[238]|Bytes:4
13:17:49.1 (28764642)|VARIABLE_SCOPE_BEGIN|[238]|ot|OrderItem|true|false
13:17:49.1 (29418230)|VARIABLE_ASSIGNMENT|[238]|ot|{"IsDeleted":false,"UnitPrice":1280000.00,"Product2Id":"01tg8000001BArWAAW","PricebookEntryId":"01ug8000000XnjVAAS","TotalPrice":1280000.00,"Quantity":1.00,"ListPrice":1280000.00,"OrderId":"801g8000007DgjnAAC"}|0x26204df2
13:17:49.1 (29429405)|STATEMENT_EXECUTE|[238]
13:17:49.1 (29430849)|STATEMENT_EXECUTE|[239]
13:17:49.1 (29444177)|HEAP_ALLOCATE|[EXTERNAL]|Bytes:4
13:17:49.1 (29460290)|HEAP_ALLOCATE|[238]|Bytes:5
13:17:49.1 (29473630)|VARIABLE_ASSIGNMENT|[238]|ot|null|
13:17:49.1 (29478809)|STATEMENT_EXECUTE|[242]
13:17:49.1 (29482160)|HEAP_ALLOCATE|[242]|Bytes:48
13:17:49.1 (29507562)|HEAP_ALLOCATE|[242]|Bytes:4
13:17:49.1 (29521095)|HEAP_ALLOCATE|[242]|Bytes:7
13:17:49.1 (30481559)|SOQL_EXECUTE_BEGIN|[242]|Aggregations:0|SELECT Id, Status FROM Order WHERE Id = :tmpVar1
13:17:49.1 (41768287)|SOQL_EXECUTE_END|[242]|Rows:3
13:17:49.1 (41806186)|HEAP_ALLOCATE|[242]|Bytes:16
13:17:49.1 (41834675)|HEAP_ALLOCATE|[242]|Bytes:132
13:17:49.1 (41914046)|HEAP_ALLOCATE|[242]|Bytes:16
13:17:49.1 (41936197)|VARIABLE_SCOPE_BEGIN|[242]|listOrder|List<Order>|true|false
13:17:49.1 (42079761)|VARIABLE_ASSIGNMENT|[242]|listOrder|[{"Status":"Draft","Id":"801g8000007DOjhAAG"},{"Status":"Draft","Id":"801g8000007DgjnAAC"},{"Status":"Draft","Id":"801g8000007E9NdAAK"}]|0x3b76b410
13:17:49.1 (42317595)|HEAP_ALLOCATE|[247]|Bytes:5
13:17:49.1 (42360691)|HEAP_ALLOCATE|[247]|Bytes:12
13:17:49.1 (42372758)|VARIABLE_SCOPE_BEGIN|[247]|o|Order|true|false
13:17:49.1 (42407394)|VARIABLE_ASSIGNMENT|[247]|o|{"Status":"Draft","Id":"801g8000007DOjhAAG"}|0x35a62ffd
13:17:49.1 (42415231)|STATEMENT_EXECUTE|[247]
13:17:49.1 (42474655)|HEAP_ALLOCATE|[EXTERNAL]|Bytes:-4
13:17:49.1 (42489505)|HEAP_ALLOCATE|[247]|Bytes:5
13:17:49.1 (42498353)|HEAP_ALLOCATE|[247]|Bytes:12
13:17:49.1 (42503436)|VARIABLE_SCOPE_BEGIN|[247]|o|Order|true|false
13:17:49.1 (42527988)|VARIABLE_ASSIGNMENT|[247]|o|{"Status":"Draft","Id":"801g8000007DgjnAAC"}|0x3179b8e3
13:17:49.1 (42532964)|STATEMENT_EXECUTE|[247]
13:17:49.1 (42542619)|HEAP_ALLOCATE|[EXTERNAL]|Bytes:-4
13:17:49.1 (42552100)|HEAP_ALLOCATE|[247]|Bytes:5
13:17:49.1 (42558780)|HEAP_ALLOCATE|[247]|Bytes:12
13:17:49.1 (42562562)|VARIABLE_SCOPE_BEGIN|[247]|o|Order|true|false
13:17:49.1 (42585320)|VARIABLE_ASSIGNMENT|[247]|o|{"Status":"Draft","Id":"801g8000007E9NdAAK"}|0x7c1f6f80
13:17:49.1 (42590185)|STATEMENT_EXECUTE|[247]
13:17:49.1 (42598373)|HEAP_ALLOCATE|[EXTERNAL]|Bytes:-4
13:17:49.1 (42607118)|HEAP_ALLOCATE|[247]|Bytes:5
13:17:49.1 (42616870)|VARIABLE_ASSIGNMENT|[247]|o|null|
13:17:49.1 (42655833)|HEAP_ALLOCATE|[249]|Bytes:5
13:17:49.1 (42670191)|HEAP_ALLOCATE|[249]|Bytes:4
13:17:49.1 (42675413)|VARIABLE_SCOPE_BEGIN|[249]|ot|OrderItem|true|false
13:17:49.1 (43590080)|VARIABLE_ASSIGNMENT|[249]|ot|{"IsDeleted":false,"UnitPrice":1350000.00,"Product2Id":"01tg8000001BArVAAW","PricebookEntryId":"01ug8000000XnbRAAS","TotalPrice":1350000.00,"Quantity":1.00,"ListPrice":1350000.00,"OrderId":"801g8000007E9NdAAK"}|0x481c6bcd
13:17:49.1 (43604279)|STATEMENT_EXECUTE|[249]
13:17:49.1 (43606560)|STATEMENT_EXECUTE|[250]
13:17:49.1 (43683051)|VARIABLE_SCOPE_BEGIN|[250]|pedido|Order|true|false
13:17:49.1 (43730557)|VARIABLE_ASSIGNMENT|[250]|pedido|{"Status":"Draft","Id":"801g8000007E9NdAAK"}|0x7c1f6f80
13:17:49.1 (43757400)|HEAP_ALLOCATE|[251]|Bytes:5
13:17:49.1 (43794162)|STATEMENT_EXECUTE|[251]
13:17:49.1 (43812046)|HEAP_ALLOCATE|[249]|Bytes:5
13:17:49.1 (43828458)|HEAP_ALLOCATE|[249]|Bytes:4
13:17:49.1 (43835429)|VARIABLE_SCOPE_BEGIN|[249]|ot|OrderItem|true|false
13:17:49.1 (44556360)|VARIABLE_ASSIGNMENT|[249]|ot|{"IsDeleted":false,"UnitPrice":19500.00,"Product2Id":"01tg8000001BArcAAG","PricebookEntryId":"01ug8000000XoZ7AAK","TotalPrice":19500.00,"Quantity":1.00,"ListPrice":19500.00,"OrderId":"801g8000007E9NdAAK"}|0x1b72e92e
13:17:49.1 (44567649)|STATEMENT_EXECUTE|[249]
13:17:49.1 (44569271)|STATEMENT_EXECUTE|[250]
13:17:49.1 (44593701)|VARIABLE_SCOPE_BEGIN|[250]|pedido|Order|true|false
13:17:49.1 (44627644)|VARIABLE_ASSIGNMENT|[250]|pedido|{"Status":"Draft","Id":"801g8000007E9NdAAK"}|0x7c1f6f80
13:17:49.1 (44646212)|STATEMENT_EXECUTE|[251]
13:17:49.1 (44659059)|HEAP_ALLOCATE|[249]|Bytes:5
13:17:49.1 (44672430)|HEAP_ALLOCATE|[249]|Bytes:4
13:17:49.1 (44678477)|VARIABLE_SCOPE_BEGIN|[249]|ot|OrderItem|true|false
13:17:49.1 (45351262)|VARIABLE_ASSIGNMENT|[249]|ot|{"IsDeleted":false,"UnitPrice":1280000.00,"Product2Id":"01tg8000001BArWAAW","PricebookEntryId":"01ug8000000XnjVAAS","TotalPrice":1280000.00,"Quantity":1.00,"ListPrice":1280000.00,"OrderId":"801g8000007DOjhAAG"}|0x4f2368a8
13:17:49.1 (45361870)|STATEMENT_EXECUTE|[249]
13:17:49.1 (45363334)|STATEMENT_EXECUTE|[250]
13:17:49.1 (45384885)|VARIABLE_SCOPE_BEGIN|[250]|pedido|Order|true|false
13:17:49.1 (45416225)|VARIABLE_ASSIGNMENT|[250]|pedido|{"Status":"Draft","Id":"801g8000007DOjhAAG"}|0x35a62ffd
13:17:49.1 (45432070)|STATEMENT_EXECUTE|[251]
13:17:49.1 (45444972)|HEAP_ALLOCATE|[249]|Bytes:5
13:17:49.1 (45457420)|HEAP_ALLOCATE|[249]|Bytes:4
13:17:49.1 (45462819)|VARIABLE_SCOPE_BEGIN|[249]|ot|OrderItem|true|false
13:17:49.1 (46135802)|VARIABLE_ASSIGNMENT|[249]|ot|{"IsDeleted":false,"UnitPrice":2800.00,"Product2Id":"01tg8000001BArdAAG","PricebookEntryId":"01ug8000000XmilAAC","TotalPrice":28000.00,"Quantity":10.00,"ListPrice":2800.00,"OrderId":"801g8000007DOjhAAG"}|0xdc91d85
13:17:49.1 (46147595)|STATEMENT_EXECUTE|[249]
13:17:49.1 (46149270)|STATEMENT_EXECUTE|[250]
13:17:49.1 (46173195)|VARIABLE_SCOPE_BEGIN|[250]|pedido|Order|true|false
13:17:49.1 (46205747)|VARIABLE_ASSIGNMENT|[250]|pedido|{"Status":"Draft","Id":"801g8000007DOjhAAG"}|0x35a62ffd
13:17:49.1 (46222924)|STATEMENT_EXECUTE|[251]
13:17:49.1 (46235868)|HEAP_ALLOCATE|[249]|Bytes:5
13:17:49.1 (46250215)|HEAP_ALLOCATE|[249]|Bytes:4
13:17:49.1 (46255835)|VARIABLE_SCOPE_BEGIN|[249]|ot|OrderItem|true|false
13:17:49.1 (46928177)|VARIABLE_ASSIGNMENT|[249]|ot|{"IsDeleted":false,"UnitPrice":1280000.00,"Product2Id":"01tg8000001BArWAAW","PricebookEntryId":"01ug8000000XnjVAAS","TotalPrice":1280000.00,"Quantity":1.00,"ListPrice":1280000.00,"OrderId":"801g8000007DgjnAAC"}|0x26204df2
13:17:49.1 (46938908)|STATEMENT_EXECUTE|[249]
13:17:49.1 (46940394)|STATEMENT_EXECUTE|[250]
13:17:49.1 (46962937)|VARIABLE_SCOPE_BEGIN|[250]|pedido|Order|true|false
13:17:49.1 (46992836)|VARIABLE_ASSIGNMENT|[250]|pedido|{"Status":"Draft","Id":"801g8000007DgjnAAC"}|0x3179b8e3
13:17:49.1 (47008399)|STATEMENT_EXECUTE|[251]
13:17:49.1 (47021051)|HEAP_ALLOCATE|[249]|Bytes:5
13:17:49.1 (47061187)|VARIABLE_ASSIGNMENT|[249]|ot|null|
13:17:49.1 (47072358)|METHOD_EXIT|[23]|01pg8000001EZwd|OrdemItemHandler.checkActiveOrderItem()
13:17:49.1 (47078081)|STATEMENT_EXECUTE|[24]
13:17:49.1 (47094656)|METHOD_ENTRY|[24]|01pg8000001EZwd|OrdemItemHandler.executePricingLogic()
13:17:49.1 (47145760)|VARIABLE_SCOPE_BEGIN|[40]|this|OrdemItemHandler|true|false
13:17:49.1 (47204337)|VARIABLE_ASSIGNMENT|[40]|this|{"newRecords":"0x532e37d6","handlerName":"OrderItemHandler","isTriggerExecuting":true,"triggerEvent":"0x3730adda"}|0x4b309c3a
13:17:49.1 (47215046)|STATEMENT_EXECUTE|[40]
13:17:49.1 (47216690)|STATEMENT_EXECUTE|[42]
13:17:49.1 (47233897)|HEAP_ALLOCATE|[42]|Bytes:4
13:17:49.1 (47273823)|VARIABLE_SCOPE_BEGIN|[42]|setOrderIds|Set<Id>|true|false
13:17:49.1 (47316483)|VARIABLE_ASSIGNMENT|[42]|setOrderIds|[]|0x6fbe29cc
13:17:49.1 (47321556)|STATEMENT_EXECUTE|[43]
13:17:49.1 (47326385)|HEAP_ALLOCATE|[43]|Bytes:4
13:17:49.1 (47340255)|VARIABLE_SCOPE_BEGIN|[43]|setProductIds|Set<Id>|true|false
13:17:49.1 (47353267)|VARIABLE_ASSIGNMENT|[43]|setProductIds|[]|0x137c2a78
13:17:49.1 (47357862)|STATEMENT_EXECUTE|[44]
13:17:49.1 (47362007)|HEAP_ALLOCATE|[44]|Bytes:4
13:17:49.1 (47375015)|VARIABLE_SCOPE_BEGIN|[44]|setAccountIds|Set<Id>|true|false
13:17:49.1 (47386847)|VARIABLE_ASSIGNMENT|[44]|setAccountIds|[]|0x141834f8
13:17:49.1 (47391122)|STATEMENT_EXECUTE|[46]
13:17:49.1 (47449563)|HEAP_ALLOCATE|[46]|Bytes:4
13:17:49.1 (47488718)|VARIABLE_SCOPE_BEGIN|[46]|itemsByOrderId|Map<Id,List<OrderItem>>|true|false
13:17:49.1 (47504136)|VARIABLE_ASSIGNMENT|[46]|itemsByOrderId|{}|0x7f4033e4
13:17:49.1 (47549714)|HEAP_ALLOCATE|[49]|Bytes:5
13:17:49.1 (47564684)|HEAP_ALLOCATE|[49]|Bytes:4
13:17:49.1 (47571781)|VARIABLE_SCOPE_BEGIN|[49]|item|OrderItem|true|false
13:17:49.1 (48334893)|VARIABLE_ASSIGNMENT|[49]|item|{"IsDeleted":false,"UnitPrice":1350000.00,"Product2Id":"01tg8000001BArVAAW","PricebookEntryId":"01ug8000000XnbRAAS","TotalPrice":1350000.00,"Quantity":1.00,"ListPrice":1350000.00,"OrderId":"801g8000007E9NdAAK"}|0x481c6bcd
13:17:49.1 (48347340)|STATEMENT_EXECUTE|[49]
13:17:49.1 (48359117)|STATEMENT_EXECUTE|[50]
13:17:49.1 (48360731)|STATEMENT_EXECUTE|[51]
13:17:49.1 (48404050)|HEAP_ALLOCATE|[EXTERNAL]|Bytes:4
13:17:49.1 (48447269)|STATEMENT_EXECUTE|[53]
13:17:49.1 (48464548)|HEAP_ALLOCATE|[53]|Bytes:4
13:17:49.1 (48506497)|HEAP_ALLOCATE|[EXTERNAL]|Bytes:4
13:17:49.1 (48511742)|HEAP_ALLOCATE|[EXTERNAL]|Bytes:-4
13:17:49.1 (48517582)|STATEMENT_EXECUTE|[54]
13:17:49.1 (48580341)|HEAP_ALLOCATE|[EXTERNAL]|Bytes:4
13:17:49.1 (48614821)|STATEMENT_EXECUTE|[56]
13:17:49.1 (48631466)|HEAP_ALLOCATE|[EXTERNAL]|Bytes:4
13:17:49.1 (48649091)|HEAP_ALLOCATE|[49]|Bytes:5
13:17:49.1 (48662234)|HEAP_ALLOCATE|[49]|Bytes:4
13:17:49.1 (48669836)|VARIABLE_SCOPE_BEGIN|[49]|item|OrderItem|true|false
13:17:49.1 (49361031)|VARIABLE_ASSIGNMENT|[49]|item|{"IsDeleted":false,"UnitPrice":19500.00,"Product2Id":"01tg8000001BArcAAG","PricebookEntryId":"01ug8000000XoZ7AAK","TotalPrice":19500.00,"Quantity":1.00,"ListPrice":19500.00,"OrderId":"801g8000007E9NdAAK"}|0x1b72e92e
13:17:49.1 (49372432)|STATEMENT_EXECUTE|[49]
13:17:49.1 (49380176)|STATEMENT_EXECUTE|[50]
13:17:49.1 (49381621)|STATEMENT_EXECUTE|[51]
13:17:49.1 (49391914)|HEAP_ALLOCATE|[EXTERNAL]|Bytes:4
13:17:49.1 (49412362)|STATEMENT_EXECUTE|[53]
13:17:49.1 (49413853)|STATEMENT_EXECUTE|[54]
13:17:49.1 (49448021)|HEAP_ALLOCATE|[EXTERNAL]|Bytes:4
13:17:49.1 (49456635)|STATEMENT_EXECUTE|[56]
13:17:49.1 (49462161)|HEAP_ALLOCATE|[EXTERNAL]|Bytes:4
13:17:49.1 (49477015)|HEAP_ALLOCATE|[49]|Bytes:5
13:17:49.1 (49489398)|HEAP_ALLOCATE|[49]|Bytes:4
13:17:49.1 (49495941)|VARIABLE_SCOPE_BEGIN|[49]|item|OrderItem|true|false
13:17:49.1 (50153186)|VARIABLE_ASSIGNMENT|[49]|item|{"IsDeleted":false,"UnitPrice":1280000.00,"Product2Id":"01tg8000001BArWAAW","PricebookEntryId":"01ug8000000XnjVAAS","TotalPrice":1280000.00,"Quantity":1.00,"ListPrice":1280000.00,"OrderId":"801g8000007DOjhAAG"}|0x4f2368a8
13:17:49.1 (50163440)|STATEMENT_EXECUTE|[49]
13:17:49.1 (50170172)|STATEMENT_EXECUTE|[50]
13:17:49.1 (50171711)|STATEMENT_EXECUTE|[51]
13:17:49.1 (50181779)|HEAP_ALLOCATE|[EXTERNAL]|Bytes:4
13:17:49.1 (50199974)|STATEMENT_EXECUTE|[53]
13:17:49.1 (50211467)|HEAP_ALLOCATE|[53]|Bytes:4
13:17:49.1 (50284235)|HEAP_ALLOCATE|[EXTERNAL]|Bytes:4
13:17:49.1 (50289148)|HEAP_ALLOCATE|[EXTERNAL]|Bytes:-4
13:17:49.1 (50294564)|STATEMENT_EXECUTE|[54]
13:17:49.1 (50327898)|HEAP_ALLOCATE|[EXTERNAL]|Bytes:4
13:17:49.1 (50336785)|STATEMENT_EXECUTE|[56]
13:17:49.1 (50342674)|HEAP_ALLOCATE|[EXTERNAL]|Bytes:4
13:17:49.1 (50357586)|HEAP_ALLOCATE|[49]|Bytes:5
13:17:49.1 (50369923)|HEAP_ALLOCATE|[49]|Bytes:4
13:17:49.1 (50376768)|VARIABLE_SCOPE_BEGIN|[49]|item|OrderItem|true|false
13:17:49.1 (50921301)|VARIABLE_ASSIGNMENT|[49]|item|{"IsDeleted":false,"UnitPrice":2800.00,"Product2Id":"01tg8000001BArdAAG","PricebookEntryId":"01ug8000000XmilAAC","TotalPrice":28000.00,"Quantity":10.00,"ListPrice":2800.00,"OrderId":"801g8000007DOjhAAG"}|0xdc91d85
13:17:49.1 (50931296)|STATEMENT_EXECUTE|[49]
13:17:49.1 (50938700)|STATEMENT_EXECUTE|[50]
13:17:49.1 (50940192)|STATEMENT_EXECUTE|[51]
13:17:49.1 (50950180)|HEAP_ALLOCATE|[EXTERNAL]|Bytes:4
13:17:49.1 (50969030)|STATEMENT_EXECUTE|[53]
13:17:49.1 (50970728)|STATEMENT_EXECUTE|[54]
13:17:49.1 (51002136)|HEAP_ALLOCATE|[EXTERNAL]|Bytes:4
13:17:49.1 (51011890)|STATEMENT_EXECUTE|[56]
13:17:49.1 (51016659)|HEAP_ALLOCATE|[EXTERNAL]|Bytes:4
13:17:49.1 (51060483)|HEAP_ALLOCATE|[49]|Bytes:5
13:17:49.1 (51073467)|HEAP_ALLOCATE|[49]|Bytes:4
13:17:49.1 (51080458)|VARIABLE_SCOPE_BEGIN|[49]|item|OrderItem|true|false
13:17:49.1 (51777759)|VARIABLE_ASSIGNMENT|[49]|item|{"IsDeleted":false,"UnitPrice":1280000.00,"Product2Id":"01tg8000001BArWAAW","PricebookEntryId":"01ug8000000XnjVAAS","TotalPrice":1280000.00,"Quantity":1.00,"ListPrice":1280000.00,"OrderId":"801g8000007DgjnAAC"}|0x26204df2
13:17:49.1 (51789291)|STATEMENT_EXECUTE|[49]
13:17:49.1 (51797865)|STATEMENT_EXECUTE|[50]
13:17:49.1 (51799277)|STATEMENT_EXECUTE|[51]
13:17:49.1 (51810602)|HEAP_ALLOCATE|[EXTERNAL]|Bytes:4
13:17:49.1 (51831491)|STATEMENT_EXECUTE|[53]
13:17:49.1 (51844352)|HEAP_ALLOCATE|[53]|Bytes:4
13:17:49.1 (51861050)|HEAP_ALLOCATE|[EXTERNAL]|Bytes:4
13:17:49.1 (51864854)|HEAP_ALLOCATE|[EXTERNAL]|Bytes:-4
13:17:49.1 (51869807)|STATEMENT_EXECUTE|[54]
13:17:49.1 (51906640)|HEAP_ALLOCATE|[EXTERNAL]|Bytes:4
13:17:49.1 (51915579)|STATEMENT_EXECUTE|[56]
13:17:49.1 (51921569)|HEAP_ALLOCATE|[EXTERNAL]|Bytes:4
13:17:49.1 (51937472)|HEAP_ALLOCATE|[49]|Bytes:5
13:17:49.1 (51950800)|VARIABLE_ASSIGNMENT|[49]|item|null|
13:17:49.1 (51955692)|STATEMENT_EXECUTE|[61]
13:17:49.1 (51966525)|HEAP_ALLOCATE|[61]|Bytes:4
13:17:49.1 (51972593)|HEAP_ALLOCATE|[61]|Bytes:105
13:17:49.1 (51981867)|HEAP_ALLOCATE|[61]|Bytes:4
13:17:49.1 (52747737)|SOQL_EXECUTE_BEGIN|[61]|Aggregations:0|SELECT Id, DistributionCenter__c, State__c, City__c, Country__c, AccountId FROM Order WHERE Id = :tmpVar1
13:17:49.1 (63220253)|SOQL_EXECUTE_END|[61]|Rows:3
13:17:49.1 (63248310)|HEAP_ALLOCATE|[61]|Bytes:16
13:17:49.1 (63269197)|HEAP_ALLOCATE|[61]|Bytes:582
13:17:49.1 (63305108)|HEAP_ALLOCATE|[61]|Bytes:16
13:17:49.1 (63338442)|HEAP_ALLOCATE|[61]|Bytes:28
13:17:49.1 (63357176)|HEAP_ALLOCATE|[61]|Bytes:4
13:17:49.1 (63363863)|HEAP_ALLOCATE|[61]|Bytes:28
13:17:49.1 (63366945)|HEAP_ALLOCATE|[61]|Bytes:4
13:17:49.1 (63368948)|HEAP_ALLOCATE|[61]|Bytes:28
13:17:49.1 (63371697)|HEAP_ALLOCATE|[61]|Bytes:4
13:17:49.1 (63378441)|VARIABLE_SCOPE_BEGIN|[61]|mapOrders|Map<Id,Order>|true|false
13:17:49.1 (63514956)|VARIABLE_ASSIGNMENT|[61]|mapOrders|{"801g8000007DOjhAAG":{"DistributionCenter__c":"a06g8000000wkLpAAI","City__c":"a05g8000001i8KfAAI","Country__c":"a03g8000004x8aeAAA","Id":"801g8000007DOjhAAG","AccountId":"001g8000005VaOHAA0","State__c":"a04g8000000VkhhAAC"},"801g8000007DgjnAAC":{"DistributionCenter__c":"a06g8000000wkLpAAI","City__c":"a05g8000001i7ZuAAI","Country__c":"a03g8000004x8aeAAA","Id":"801g8000007DgjnAAC","AccountId":"001g8000005VaOHAA0","State__c":"a04g8000000Vm3ZAAS"},"801g8000007E9NdAAK":{"DistributionCenter__c":"a06g8000000wkLpAAI","City__c":"a05g8000001KAc9AAG","Country__c":"a03g8000004x8aeAAA","Id":"801g8000007E9NdAAK","AccountId":"001g8000005VaOHAA0","State__c":"a04g8000000QmaTAAS"}}|0x7291a4e
13:17:49.1 (63562774)|HEAP_ALLOCATE|[EXTERNAL]|Bytes:16
13:17:49.1 (63570086)|HEAP_ALLOCATE|[67]|Bytes:595
13:17:49.1 (63602472)|HEAP_ALLOCATE|[67]|Bytes:5
13:17:49.1 (63613579)|HEAP_ALLOCATE|[67]|Bytes:28
13:17:49.1 (63621539)|VARIABLE_SCOPE_BEGIN|[67]|o|Order|true|false
13:17:49.1 (63668169)|VARIABLE_ASSIGNMENT|[67]|o|{"DistributionCenter__c":"a06g8000000wkLpAAI","City__c":"a05g8000001i8KfAAI","Country__c":"a03g8000004x8aeAAA","Id":"801g8000007DOjhAAG","AccountId":"001g8000005VaOHAA0","State__c":"a04g8000000VkhhAAC"}|0x3216c88f
13:17:49.1 (63676056)|STATEMENT_EXECUTE|[67]
13:17:49.1 (63709795)|HEAP_ALLOCATE|[EXTERNAL]|Bytes:4
13:17:49.1 (63718352)|HEAP_ALLOCATE|[67]|Bytes:5
13:17:49.1 (63723054)|HEAP_ALLOCATE|[67]|Bytes:28
13:17:49.1 (63725851)|VARIABLE_SCOPE_BEGIN|[67]|o|Order|true|false
13:17:49.1 (63748859)|VARIABLE_ASSIGNMENT|[67]|o|{"DistributionCenter__c":"a06g8000000wkLpAAI","City__c":"a05g8000001i7ZuAAI","Country__c":"a03g8000004x8aeAAA","Id":"801g8000007DgjnAAC","AccountId":"001g8000005VaOHAA0","State__c":"a04g8000000Vm3ZAAS"}|0x2cad94b5
13:17:49.1 (63752598)|STATEMENT_EXECUTE|[67]
13:17:49.1 (63758512)|HEAP_ALLOCATE|[EXTERNAL]|Bytes:4
13:17:49.1 (63763893)|HEAP_ALLOCATE|[67]|Bytes:5
13:17:49.1 (63767490)|HEAP_ALLOCATE|[67]|Bytes:28
13:17:49.1 (63769912)|VARIABLE_SCOPE_BEGIN|[67]|o|Order|true|false
13:17:49.1 (63790325)|VARIABLE_ASSIGNMENT|[67]|o|{"DistributionCenter__c":"a06g8000000wkLpAAI","City__c":"a05g8000001KAc9AAG","Country__c":"a03g8000004x8aeAAA","Id":"801g8000007E9NdAAK","AccountId":"001g8000005VaOHAA0","State__c":"a04g8000000QmaTAAS"}|0x37d31187
13:17:49.1 (63793898)|STATEMENT_EXECUTE|[67]
13:17:49.1 (63797437)|HEAP_ALLOCATE|[EXTERNAL]|Bytes:4
13:17:49.1 (63802171)|HEAP_ALLOCATE|[67]|Bytes:5
13:17:49.1 (63808088)|VARIABLE_ASSIGNMENT|[67]|o|null|
13:17:49.1 (63811292)|STATEMENT_EXECUTE|[69]
13:17:49.1 (63857773)|HEAP_ALLOCATE|[69]|Bytes:4
13:17:49.1 (63860989)|HEAP_ALLOCATE|[69]|Bytes:59
13:17:49.1 (63867136)|HEAP_ALLOCATE|[69]|Bytes:4
13:17:49.1 (66473787)|SOQL_EXECUTE_BEGIN|[69]|Aggregations:0|SELECT Id, AccountGroup__c FROM Account WHERE Id = :tmpVar1
13:17:49.1 (78511683)|SOQL_EXECUTE_END|[69]|Rows:1
13:17:49.1 (78544506)|HEAP_ALLOCATE|[69]|Bytes:8
13:17:49.1 (78563803)|HEAP_ALLOCATE|[69]|Bytes:66
13:17:49.1 (78631180)|HEAP_ALLOCATE|[69]|Bytes:8
13:17:49.1 (78698016)|HEAP_ALLOCATE|[69]|Bytes:12
13:17:49.1 (78711874)|HEAP_ALLOCATE|[69]|Bytes:4
13:17:49.1 (78722555)|VARIABLE_SCOPE_BEGIN|[69]|mapAccounts|Map<Id,Account>|true|false
13:17:49.1 (78823892)|VARIABLE_ASSIGNMENT|[69]|mapAccounts|{"001g8000005VaOHAA0":{"AccountGroup__c":"a02g8000002871ZAAQ","Id":"001g8000005VaOHAA0"}}|0x28900d25
13:17:49.1 (78833341)|STATEMENT_EXECUTE|[71]
13:17:49.1 (78886613)|HEAP_ALLOCATE|[71]|Bytes:4
13:17:49.1 (78893516)|HEAP_ALLOCATE|[71]|Bytes:83
13:17:49.1 (78901486)|HEAP_ALLOCATE|[71]|Bytes:4
13:17:49.1 (80713950)|SOQL_EXECUTE_BEGIN|[71]|Aggregations:0|SELECT Id, ProductionCost__c, ProductHierarchy__c FROM Product2 WHERE Id = :tmpVar1
13:17:49.1 (89682506)|SOQL_EXECUTE_END|[71]|Rows:4
13:17:49.1 (89709111)|HEAP_ALLOCATE|[71]|Bytes:20
13:17:49.1 (89732178)|HEAP_ALLOCATE|[71]|Bytes:508
13:17:49.1 (89785827)|HEAP_ALLOCATE|[71]|Bytes:20
13:17:49.1 (89843799)|HEAP_ALLOCATE|[71]|Bytes:16
13:17:49.1 (89855495)|HEAP_ALLOCATE|[71]|Bytes:4
13:17:49.1 (89860105)|HEAP_ALLOCATE|[71]|Bytes:16
13:17:49.1 (89863077)|HEAP_ALLOCATE|[71]|Bytes:4
13:17:49.1 (89865127)|HEAP_ALLOCATE|[71]|Bytes:16
13:17:49.1 (89868012)|HEAP_ALLOCATE|[71]|Bytes:4
13:17:49.1 (89869761)|HEAP_ALLOCATE|[71]|Bytes:16
13:17:49.1 (89872447)|HEAP_ALLOCATE|[71]|Bytes:4
13:17:49.1 (89881532)|VARIABLE_SCOPE_BEGIN|[71]|mapProducts|Map<Id,Product2>|true|false
13:17:49.1 (90010590)|VARIABLE_ASSIGNMENT|[71]|mapProducts|{"01tg8000001BArVAAW":{"ProductionCost__c":900000.00,"ProductHierarchy__c":"a01g8000007otrhAAA","Id":"01tg8000001BArVAAW"},"01tg8000001BArWAAW":{"ProductionCost__c":850000.00,"ProductHierarchy__c":"a01g8000007otrhAAA","Id":"01tg8000001BArWAAW"},"01tg8000001BArcAAG":{"ProductionCost__c":12000.00,"ProductHierarchy__c":"a01g8000007otrpAAA","Id":"01tg8000001BArcAAG"},"01tg8000001BArdAAG":{"ProductionCost__c":1500.00,"ProductHierarchy__c":"a01g8000007otrqAAA","Id":"01tg8000001BArdAAG"}}|0x602b7a51
13:17:49.1 (90022207)|STATEMENT_EXECUTE|[78]
13:17:49.1 (90025905)|HEAP_ALLOCATE|[78]|Bytes:165
13:17:49.1 (90036520)|HEAP_ALLOCATE|[78]|Bytes:4
13:17:49.1 (91576560)|SOQL_EXECUTE_BEGIN|[78]|Aggregations:0|SELECT Product__c, ProductHierarchy__c, Account__c, AccountGroup__c, City__c, State__c, Country__c, MarginValuePercent__c FROM Margem__c WHERE Status__c = 'Approved'
13:17:49.1 (117632802)|SOQL_EXECUTE_END|[78]|Rows:4
13:17:49.1 (117668455)|HEAP_ALLOCATE|[78]|Bytes:20
13:17:49.1 (117691954)|HEAP_ALLOCATE|[78]|Bytes:774
13:17:49.1 (117787469)|HEAP_ALLOCATE|[78]|Bytes:20
13:17:49.1 (117808503)|VARIABLE_SCOPE_BEGIN|[78]|listMargins|List<Margem__c>|true|false
13:17:49.1 (117981306)|VARIABLE_ASSIGNMENT|[78]|listMargins|[{"Id":"a00g800000JZjxxAAD","AccountGroup__c":"a02g8000002871ZAAQ","ProductHierarchy__c":"a01g8000007otrhAAA","State__c":"a04g8000000QmaTAAS","MarginValuePercent__c":15.00},{"Account__c":"001g8000005VaOHAA0","City__c":"a05g8000001KAc9AAG","Id":"a00g800000JZjxyAAD","ProductHierarchy__c":"a01g8000007otrjAAA","MarginValuePercent__c":25.00},{"Account__c":"001g8000005VaOHAA0","Product__c":"01tg8000001BArcAAG","Id":"a00g800000JZjxzAAD","State__c":"a04g8000000QmaTAAS","MarginValuePercent__c":5.00},{"Country__c":"a03g8000004x8aeAAA","Id":"a00g800000JZjy0AAD","AccountGroup__c":"a02g8000002871ZAAQ","ProductHierarchy__c":"a01g8000007otrqAAA","MarginValuePercent__c":30.00}]|0xf26795c
13:17:49.1 (117993171)|STATEMENT_EXECUTE|[85]
13:17:49.1 (118028236)|HEAP_ALLOCATE|[85]|Bytes:4
13:17:49.1 (118066683)|VARIABLE_SCOPE_BEGIN|[85]|mapMargin|Map<String,Margem__c>|true|false
13:17:49.1 (118078551)|VARIABLE_ASSIGNMENT|[85]|mapMargin|{}|0x3eced632
13:17:49.1 (118243788)|HEAP_ALLOCATE|[86]|Bytes:5
13:17:49.1 (118263898)|HEAP_ALLOCATE|[86]|Bytes:24
13:17:49.1 (118271464)|VARIABLE_SCOPE_BEGIN|[86]|m|Margem__c|true|false
13:17:49.1 (118320271)|VARIABLE_ASSIGNMENT|[86]|m|{"Id":"a00g800000JZjxxAAD","AccountGroup__c":"a02g8000002871ZAAQ","ProductHierarchy__c":"a01g8000007otrhAAA","State__c":"a04g8000000QmaTAAS","MarginValuePercent__c":15.00}|0xe901bf2
13:17:49.1 (118328093)|STATEMENT_EXECUTE|[86]
13:17:49.1 (118329968)|STATEMENT_EXECUTE|[87]
13:17:49.1 (118412839)|HEAP_ALLOCATE|[87]|Bytes:18
13:17:49.1 (118420227)|VARIABLE_SCOPE_BEGIN|[87]|p|String|false|false
13:17:49.1 (118426387)|VARIABLE_ASSIGNMENT|[87]|p|"a01g8000007otrhAAA"
13:17:49.1 (118428725)|STATEMENT_EXECUTE|[88]
13:17:49.1 (118449804)|HEAP_ALLOCATE|[88]|Bytes:18
13:17:49.1 (118455047)|VARIABLE_SCOPE_BEGIN|[88]|a|String|false|false
13:17:49.1 (118459414)|VARIABLE_ASSIGNMENT|[88]|a|"a02g8000002871ZAAQ"
13:17:49.1 (118461489)|STATEMENT_EXECUTE|[89]
13:17:49.1 (118542595)|HEAP_ALLOCATE|[89]|Bytes:18
13:17:49.1 (118547410)|VARIABLE_SCOPE_BEGIN|[89]|l|String|false|false
13:17:49.1 (118552242)|VARIABLE_ASSIGNMENT|[89]|l|"a04g8000000QmaTAAS"
13:17:49.1 (118554295)|STATEMENT_EXECUTE|[92]
13:17:49.1 (118557151)|HEAP_ALLOCATE|[92]|Bytes:1
13:17:49.1 (118571370)|HEAP_ALLOCATE|[92]|Bytes:56
13:17:49.1 (118573582)|VARIABLE_SCOPE_BEGIN|[92]|compositeKey|String|false|false
13:17:49.1 (118579017)|VARIABLE_ASSIGNMENT|[92]|compositeKey|"a01g8000007otrhAAA_a (36 more) ..."
13:17:49.1 (118581317)|STATEMENT_EXECUTE|[93]
13:17:49.1 (118602690)|HEAP_ALLOCATE|[EXTERNAL]|Bytes:-4
13:17:49.1 (118607191)|STATEMENT_EXECUTE|[94]
13:17:49.1 (118608746)|HEAP_ALLOCATE|[94]|Bytes:28
13:17:49.1 (118615120)|HEAP_ALLOCATE|[94]|Bytes:84
13:17:49.1 (118645926)|USER_DEBUG|[94]|DEBUG|MAPA MARGEM - Chave Gerada: a01g8000007otrhAAA_a02g8000002871ZAAQ_a04g8000000QmaTAAS
13:17:49.1 (118661647)|HEAP_ALLOCATE|[86]|Bytes:5
13:17:49.1 (118669588)|HEAP_ALLOCATE|[86]|Bytes:24
13:17:49.1 (118673487)|VARIABLE_SCOPE_BEGIN|[86]|m|Margem__c|true|false
13:17:49.1 (118708694)|VARIABLE_ASSIGNMENT|[86]|m|{"Account__c":"001g8000005VaOHAA0","City__c":"a05g8000001KAc9AAG","Id":"a00g800000JZjxyAAD","ProductHierarchy__c":"a01g8000007otrjAAA","MarginValuePercent__c":25.00}|0x209fe293
13:17:49.1 (118713102)|STATEMENT_EXECUTE|[86]
13:17:49.1 (118714213)|STATEMENT_EXECUTE|[87]
13:17:49.1 (118722121)|HEAP_ALLOCATE|[87]|Bytes:18
13:17:49.1 (118726514)|VARIABLE_SCOPE_BEGIN|[87]|p|String|false|false
13:17:49.1 (118730544)|VARIABLE_ASSIGNMENT|[87]|p|"a01g8000007otrjAAA"
13:17:49.1 (118732405)|STATEMENT_EXECUTE|[88]
13:17:49.1 (118741266)|HEAP_ALLOCATE|[88]|Bytes:18
13:17:49.1 (118745570)|VARIABLE_SCOPE_BEGIN|[88]|a|String|false|false
13:17:49.1 (118749534)|VARIABLE_ASSIGNMENT|[88]|a|"001g8000005VaOHAA0"
13:17:49.1 (118751378)|STATEMENT_EXECUTE|[89]
13:17:49.1 (118758504)|HEAP_ALLOCATE|[89]|Bytes:18
13:17:49.1 (118762409)|VARIABLE_SCOPE_BEGIN|[89]|l|String|false|false
13:17:49.1 (118766351)|VARIABLE_ASSIGNMENT|[89]|l|"a05g8000001KAc9AAG"
13:17:49.1 (118768158)|STATEMENT_EXECUTE|[92]
13:17:49.1 (118770469)|HEAP_ALLOCATE|[92]|Bytes:56
13:17:49.1 (118772438)|VARIABLE_SCOPE_BEGIN|[92]|compositeKey|String|false|false
13:17:49.1 (118776891)|VARIABLE_ASSIGNMENT|[92]|compositeKey|"a01g8000007otrjAAA_0 (36 more) ..."
13:17:49.1 (118778897)|STATEMENT_EXECUTE|[93]
13:17:49.1 (118782704)|HEAP_ALLOCATE|[EXTERNAL]|Bytes:-4
13:17:49.1 (118785519)|STATEMENT_EXECUTE|[94]
13:17:49.1 (118787159)|HEAP_ALLOCATE|[94]|Bytes:84
13:17:49.1 (118791456)|USER_DEBUG|[94]|DEBUG|MAPA MARGEM - Chave Gerada: a01g8000007otrjAAA_001g8000005VaOHAA0_a05g8000001KAc9AAG
13:17:49.1 (118797517)|HEAP_ALLOCATE|[86]|Bytes:5
13:17:49.1 (118801569)|HEAP_ALLOCATE|[86]|Bytes:24
13:17:49.1 (118804118)|VARIABLE_SCOPE_BEGIN|[86]|m|Margem__c|true|false
13:17:49.1 (118826164)|VARIABLE_ASSIGNMENT|[86]|m|{"Account__c":"001g8000005VaOHAA0","Product__c":"01tg8000001BArcAAG","Id":"a00g800000JZjxzAAD","State__c":"a04g8000000QmaTAAS","MarginValuePercent__c":5.00}|0x6719ea20
13:17:49.1 (118829564)|STATEMENT_EXECUTE|[86]
13:17:49.1 (118830454)|STATEMENT_EXECUTE|[87]
13:17:49.1 (118839171)|HEAP_ALLOCATE|[87]|Bytes:18
13:17:49.1 (118843602)|VARIABLE_SCOPE_BEGIN|[87]|p|String|false|false
13:17:49.1 (118847447)|VARIABLE_ASSIGNMENT|[87]|p|"01tg8000001BArcAAG"
13:17:49.1 (118849681)|STATEMENT_EXECUTE|[88]
13:17:49.1 (118856137)|HEAP_ALLOCATE|[88]|Bytes:18
13:17:49.1 (118861680)|VARIABLE_SCOPE_BEGIN|[88]|a|String|false|false
13:17:49.1 (118867758)|VARIABLE_ASSIGNMENT|[88]|a|"001g8000005VaOHAA0"
13:17:49.1 (118870262)|STATEMENT_EXECUTE|[89]
13:17:49.1 (118877812)|HEAP_ALLOCATE|[89]|Bytes:18
13:17:49.1 (118883241)|VARIABLE_SCOPE_BEGIN|[89]|l|String|false|false
13:17:49.1 (118888937)|VARIABLE_ASSIGNMENT|[89]|l|"a04g8000000QmaTAAS"
13:17:49.1 (118891524)|STATEMENT_EXECUTE|[92]
13:17:49.1 (118894316)|HEAP_ALLOCATE|[92]|Bytes:56
13:17:49.1 (118896911)|VARIABLE_SCOPE_BEGIN|[92]|compositeKey|String|false|false
13:17:49.1 (118903622)|VARIABLE_ASSIGNMENT|[92]|compositeKey|"01tg8000001BArcAAG_0 (36 more) ..."
13:17:49.1 (118906477)|STATEMENT_EXECUTE|[93]
13:17:49.1 (118911130)|HEAP_ALLOCATE|[EXTERNAL]|Bytes:-4
13:17:49.1 (118914897)|STATEMENT_EXECUTE|[94]
13:17:49.1 (118916977)|HEAP_ALLOCATE|[94]|Bytes:84
13:17:49.1 (118922064)|USER_DEBUG|[94]|DEBUG|MAPA MARGEM - Chave Gerada: 01tg8000001BArcAAG_001g8000005VaOHAA0_a04g8000000QmaTAAS
13:17:49.1 (118930992)|HEAP_ALLOCATE|[86]|Bytes:5
13:17:49.1 (118937184)|HEAP_ALLOCATE|[86]|Bytes:24
13:17:49.1 (118940169)|VARIABLE_SCOPE_BEGIN|[86]|m|Margem__c|true|false
13:17:49.1 (118965145)|VARIABLE_ASSIGNMENT|[86]|m|{"Country__c":"a03g8000004x8aeAAA","Id":"a00g800000JZjy0AAD","AccountGroup__c":"a02g8000002871ZAAQ","ProductHierarchy__c":"a01g8000007otrqAAA","MarginValuePercent__c":30.00}|0x20d2010e
13:17:49.1 (118968559)|STATEMENT_EXECUTE|[86]
13:17:49.1 (118969411)|STATEMENT_EXECUTE|[87]
13:17:49.1 (118975981)|HEAP_ALLOCATE|[87]|Bytes:18
13:17:49.1 (118980347)|VARIABLE_SCOPE_BEGIN|[87]|p|String|false|false
13:17:49.1 (118984267)|VARIABLE_ASSIGNMENT|[87]|p|"a01g8000007otrqAAA"
13:17:49.1 (118986265)|STATEMENT_EXECUTE|[88]
13:17:49.1 (118991411)|HEAP_ALLOCATE|[88]|Bytes:18
13:17:49.1 (118995308)|VARIABLE_SCOPE_BEGIN|[88]|a|String|false|false
13:17:49.1 (118999459)|VARIABLE_ASSIGNMENT|[88]|a|"a02g8000002871ZAAQ"
13:17:49.1 (119001235)|STATEMENT_EXECUTE|[89]
13:17:49.1 (119011759)|HEAP_ALLOCATE|[89]|Bytes:18
13:17:49.1 (119015653)|VARIABLE_SCOPE_BEGIN|[89]|l|String|false|false
13:17:49.1 (119019539)|VARIABLE_ASSIGNMENT|[89]|l|"a03g8000004x8aeAAA"
13:17:49.1 (119053754)|STATEMENT_EXECUTE|[92]
13:17:49.1 (119056915)|HEAP_ALLOCATE|[92]|Bytes:56
13:17:49.1 (119059789)|VARIABLE_SCOPE_BEGIN|[92]|compositeKey|String|false|false
13:17:49.1 (119064648)|VARIABLE_ASSIGNMENT|[92]|compositeKey|"a01g8000007otrqAAA_a (36 more) ..."
13:17:49.1 (119066478)|STATEMENT_EXECUTE|[93]
13:17:49.1 (119069684)|HEAP_ALLOCATE|[EXTERNAL]|Bytes:-4
13:17:49.1 (119072300)|STATEMENT_EXECUTE|[94]
13:17:49.1 (119073855)|HEAP_ALLOCATE|[94]|Bytes:84
13:17:49.1 (119077315)|USER_DEBUG|[94]|DEBUG|MAPA MARGEM - Chave Gerada: a01g8000007otrqAAA_a02g8000002871ZAAQ_a03g8000004x8aeAAA
13:17:49.1 (119083524)|HEAP_ALLOCATE|[86]|Bytes:5
13:17:49.1 (119089578)|VARIABLE_ASSIGNMENT|[86]|m|null|
13:17:49.1 (119093274)|STATEMENT_EXECUTE|[98]
13:17:49.1 (119094938)|HEAP_ALLOCATE|[98]|Bytes:103
13:17:49.1 (119105628)|HEAP_ALLOCATE|[98]|Bytes:4
13:17:49.1 (120835678)|SOQL_EXECUTE_BEGIN|[98]|Aggregations:0|SELECT Product__c, State__c, DistributionCenter__c, TaxRate__c FROM Tax__c WHERE Status__c = 'Approved'
13:17:49.1 (143229767)|SOQL_EXECUTE_END|[98]|Rows:3
13:17:49.1 (143269149)|HEAP_ALLOCATE|[98]|Bytes:16
13:17:49.1 (143290970)|HEAP_ALLOCATE|[98]|Bytes:552
13:17:49.1 (143394679)|HEAP_ALLOCATE|[98]|Bytes:16
13:17:49.1 (143416473)|VARIABLE_SCOPE_BEGIN|[98]|listTaxes|List<Tax__c>|true|false
13:17:49.1 (143566663)|VARIABLE_ASSIGNMENT|[98]|listTaxes|[{"DistributionCenter__c":"a06g8000000wkLpAAI","Product__c":"01tg8000001BArVAAW","TaxRate__c":18.00,"Id":"a09g8000001l5i1AAA","State__c":"a04g8000000QmaTAAS"},{"DistributionCenter__c":"a06g8000000wkLpAAI","Product__c":"01tg8000001BArXAAW","TaxRate__c":18.00,"Id":"a09g8000001l5i2AAA","State__c":"a04g8000000QmaTAAS"},{"DistributionCenter__c":"a06g8000000wkLpAAI","Product__c":"01tg8000001BArcAAG","TaxRate__c":18.00,"Id":"a09g8000001l5i3AAA","State__c":"a04g8000000QmaTAAS"}]|0x45aa1a7d
13:17:49.1 (143576929)|STATEMENT_EXECUTE|[104]
13:17:49.1 (143612604)|HEAP_ALLOCATE|[104]|Bytes:4
13:17:49.1 (143653482)|VARIABLE_SCOPE_BEGIN|[104]|mapTaxByCompositeKey|Map<String,Tax__c>|true|false
13:17:49.1 (143667185)|VARIABLE_ASSIGNMENT|[104]|mapTaxByCompositeKey|{}|0x43ddac8
13:17:49.1 (143838589)|HEAP_ALLOCATE|[105]|Bytes:5
13:17:49.1 (143859859)|HEAP_ALLOCATE|[105]|Bytes:24
13:17:49.1 (143866712)|VARIABLE_SCOPE_BEGIN|[105]|t|Tax__c|true|false
13:17:49.1 (143900318)|VARIABLE_ASSIGNMENT|[105]|t|{"DistributionCenter__c":"a06g8000000wkLpAAI","Product__c":"01tg8000001BArVAAW","TaxRate__c":18.00,"Id":"a09g8000001l5i1AAA","State__c":"a04g8000000QmaTAAS"}|0x58e79cf9
13:17:49.1 (143905562)|STATEMENT_EXECUTE|[105]
13:17:49.1 (143906605)|STATEMENT_EXECUTE|[106]
13:17:49.1 (143969049)|HEAP_ALLOCATE|[106]|Bytes:18
13:17:49.1 (143988518)|HEAP_ALLOCATE|[107]|Bytes:18
13:17:49.1 (144002941)|HEAP_ALLOCATE|[108]|Bytes:18
13:17:49.1 (144015008)|HEAP_ALLOCATE|[106]|Bytes:54
13:17:49.1 (144017718)|VARIABLE_SCOPE_BEGIN|[106]|key|String|false|false
13:17:49.1 (144024813)|VARIABLE_ASSIGNMENT|[106]|key|"01tg8000001BArVAAWa0 (34 more) ..."
13:17:49.1 (144027198)|STATEMENT_EXECUTE|[109]
13:17:49.1 (144046278)|HEAP_ALLOCATE|[EXTERNAL]|Bytes:-4
13:17:49.1 (144055908)|HEAP_ALLOCATE|[105]|Bytes:5
13:17:49.1 (144061450)|HEAP_ALLOCATE|[105]|Bytes:24
13:17:49.1 (144064351)|VARIABLE_SCOPE_BEGIN|[105]|t|Tax__c|true|false
13:17:49.1 (144087311)|VARIABLE_ASSIGNMENT|[105]|t|{"DistributionCenter__c":"a06g8000000wkLpAAI","Product__c":"01tg8000001BArXAAW","TaxRate__c":18.00,"Id":"a09g8000001l5i2AAA","State__c":"a04g8000000QmaTAAS"}|0x6257c83e
13:17:49.1 (144090730)|STATEMENT_EXECUTE|[105]
13:17:49.1 (144091821)|STATEMENT_EXECUTE|[106]
13:17:49.1 (144099360)|HEAP_ALLOCATE|[106]|Bytes:18
13:17:49.1 (144106707)|HEAP_ALLOCATE|[107]|Bytes:18
13:17:49.1 (144113125)|HEAP_ALLOCATE|[108]|Bytes:18
13:17:49.1 (144117310)|HEAP_ALLOCATE|[106]|Bytes:54
13:17:49.1 (144119354)|VARIABLE_SCOPE_BEGIN|[106]|key|String|false|false
13:17:49.1 (144124063)|VARIABLE_ASSIGNMENT|[106]|key|"01tg8000001BArXAAWa0 (34 more) ..."
13:17:49.1 (144125968)|STATEMENT_EXECUTE|[109]
13:17:49.1 (144129678)|HEAP_ALLOCATE|[EXTERNAL]|Bytes:-4
13:17:49.1 (144135128)|HEAP_ALLOCATE|[105]|Bytes:5
13:17:49.1 (144139290)|HEAP_ALLOCATE|[105]|Bytes:24
13:17:49.1 (144141553)|VARIABLE_SCOPE_BEGIN|[105]|t|Tax__c|true|false
13:17:49.1 (144159569)|VARIABLE_ASSIGNMENT|[105]|t|{"DistributionCenter__c":"a06g8000000wkLpAAI","Product__c":"01tg8000001BArcAAG","TaxRate__c":18.00,"Id":"a09g8000001l5i3AAA","State__c":"a04g8000000QmaTAAS"}|0x67ebbec0
13:17:49.1 (144162955)|STATEMENT_EXECUTE|[105]
13:17:49.1 (144163813)|STATEMENT_EXECUTE|[106]
13:17:49.1 (144169019)|HEAP_ALLOCATE|[106]|Bytes:18
13:17:49.1 (144175785)|HEAP_ALLOCATE|[107]|Bytes:18
13:17:49.1 (144182273)|HEAP_ALLOCATE|[108]|Bytes:18
13:17:49.1 (144186582)|HEAP_ALLOCATE|[106]|Bytes:54
13:17:49.1 (144188690)|VARIABLE_SCOPE_BEGIN|[106]|key|String|false|false
13:17:49.1 (144192966)|VARIABLE_ASSIGNMENT|[106]|key|"01tg8000001BArcAAGa0 (34 more) ..."
13:17:49.1 (144194795)|STATEMENT_EXECUTE|[109]
13:17:49.1 (144197793)|HEAP_ALLOCATE|[EXTERNAL]|Bytes:-4
13:17:49.1 (144202818)|HEAP_ALLOCATE|[105]|Bytes:5
13:17:49.1 (144208382)|VARIABLE_ASSIGNMENT|[105]|t|null|
13:17:49.1 (144216260)|STATEMENT_EXECUTE|[113]
13:17:49.1 (144218798)|HEAP_ALLOCATE|[113]|Bytes:154
13:17:49.1 (144227425)|HEAP_ALLOCATE|[113]|Bytes:4
13:17:49.1 (146413192)|SOQL_EXECUTE_BEGIN|[113]|Aggregations:0|SELECT Product__c, City__c, State__c, Country__c, DistributionCenter__c, FreightValue__c, ProductHierarchy__c FROM Freight__c WHERE Status__c = 'Approved'
13:17:49.1 (169855661)|SOQL_EXECUTE_END|[113]|Rows:4
13:17:49.1 (169895656)|HEAP_ALLOCATE|[113]|Bytes:20
13:17:49.1 (169921595)|HEAP_ALLOCATE|[113]|Bytes:784
13:17:49.1 (170037218)|HEAP_ALLOCATE|[113]|Bytes:20
13:17:49.1 (170065075)|VARIABLE_SCOPE_BEGIN|[113]|listFreights|List<Freight__c>|true|false
13:17:49.1 (170233782)|VARIABLE_ASSIGNMENT|[113]|listFreights|[{"DistributionCenter__c":"a06g8000000wkLpAAI","Id":"a0Ag8000000XacwEAC","State__c":"a04g8000000QmaTAAS","ProductHierarchy__c":"a01g8000007otrhAAA","FreightValue__c":800.00},{"DistributionCenter__c":"a06g8000000wkLpAAI","City__c":"a05g8000001KAc9AAG","Id":"a0Ag8000000XacxEAC","ProductHierarchy__c":"a01g8000007otrjAAA","FreightValue__c":500.00},{"DistributionCenter__c":"a06g8000000wkLpAAI","Product__c":"01tg8000001BArcAAG","Id":"a0Ag8000000XacyEAC","State__c":"a04g8000000QmaTAAS","FreightValue__c":150.00},{"DistributionCenter__c":"a06g8000000wkLpAAI","Country__c":"a03g8000004x8aeAAA","Id":"a0Ag8000000XaczEAC","ProductHierarchy__c":"a01g8000007otrqAAA","FreightValue__c":50.00}]|0x278a4a41
13:17:49.1 (170246525)|STATEMENT_EXECUTE|[119]
13:17:49.1 (170284551)|HEAP_ALLOCATE|[119]|Bytes:4
13:17:49.1 (170327446)|VARIABLE_SCOPE_BEGIN|[119]|mapFreight|Map<String,Freight__c>|true|false
13:17:49.1 (170339804)|VARIABLE_ASSIGNMENT|[119]|mapFreight|{}|0x35685564
13:17:49.1 (170526284)|HEAP_ALLOCATE|[120]|Bytes:5
13:17:49.1 (170547975)|HEAP_ALLOCATE|[120]|Bytes:24
13:17:49.1 (170554284)|VARIABLE_SCOPE_BEGIN|[120]|f|Freight__c|true|false
13:17:49.1 (170590323)|VARIABLE_ASSIGNMENT|[120]|f|{"DistributionCenter__c":"a06g8000000wkLpAAI","Id":"a0Ag8000000XacwEAC","State__c":"a04g8000000QmaTAAS","ProductHierarchy__c":"a01g8000007otrhAAA","FreightValue__c":800.00}|0x1f99658
13:17:49.1 (170595603)|STATEMENT_EXECUTE|[120]
13:17:49.1 (170596973)|STATEMENT_EXECUTE|[121]
13:17:49.1 (170638728)|HEAP_ALLOCATE|[121]|Bytes:18
13:17:49.1 (170643620)|VARIABLE_SCOPE_BEGIN|[121]|quem|String|false|false
13:17:49.1 (170649219)|VARIABLE_ASSIGNMENT|[121]|quem|"a01g8000007otrhAAA"
13:17:49.1 (170651861)|STATEMENT_EXECUTE|[122]
13:17:49.1 (170662915)|HEAP_ALLOCATE|[122]|Bytes:18
13:17:49.1 (170666093)|VARIABLE_SCOPE_BEGIN|[122]|onde|String|false|false
13:17:49.1 (170670296)|VARIABLE_ASSIGNMENT|[122]|onde|"a04g8000000QmaTAAS"
13:17:49.1 (170672343)|STATEMENT_EXECUTE|[125]
13:17:49.1 (170679705)|HEAP_ALLOCATE|[125]|Bytes:37
13:17:49.1 (170681912)|VARIABLE_SCOPE_BEGIN|[125]|key|String|false|false
13:17:49.1 (170687501)|VARIABLE_ASSIGNMENT|[125]|key|"a01g8000007otrhAAA_a (17 more) ..."
13:17:49.1 (170690512)|STATEMENT_EXECUTE|[126]
13:17:49.1 (170734969)|HEAP_ALLOCATE|[EXTERNAL]|Bytes:-4
13:17:49.1 (170746023)|HEAP_ALLOCATE|[120]|Bytes:5
13:17:49.1 (170752063)|HEAP_ALLOCATE|[120]|Bytes:24
13:17:49.1 (170755378)|VARIABLE_SCOPE_BEGIN|[120]|f|Freight__c|true|false
13:17:49.1 (170781943)|VARIABLE_ASSIGNMENT|[120]|f|{"DistributionCenter__c":"a06g8000000wkLpAAI","City__c":"a05g8000001KAc9AAG","Id":"a0Ag8000000XacxEAC","ProductHierarchy__c":"a01g8000007otrjAAA","FreightValue__c":500.00}|0x242549dc
13:17:49.1 (170791266)|STATEMENT_EXECUTE|[120]
13:17:49.1 (170792276)|STATEMENT_EXECUTE|[121]
13:17:49.1 (170796998)|HEAP_ALLOCATE|[121]|Bytes:18
13:17:49.1 (170799808)|VARIABLE_SCOPE_BEGIN|[121]|quem|String|false|false
13:17:49.1 (170804280)|VARIABLE_ASSIGNMENT|[121]|quem|"a01g8000007otrjAAA"
13:17:49.1 (170806373)|STATEMENT_EXECUTE|[122]
13:17:49.1 (170813197)|HEAP_ALLOCATE|[122]|Bytes:18
13:17:49.1 (170815883)|VARIABLE_SCOPE_BEGIN|[122]|onde|String|false|false
13:17:49.1 (170820230)|VARIABLE_ASSIGNMENT|[122]|onde|"a05g8000001KAc9AAG"
13:17:49.1 (170822137)|STATEMENT_EXECUTE|[125]
13:17:49.1 (170824255)|HEAP_ALLOCATE|[125]|Bytes:37
13:17:49.1 (170826362)|VARIABLE_SCOPE_BEGIN|[125]|key|String|false|false
13:17:49.1 (170830984)|VARIABLE_ASSIGNMENT|[125]|key|"a01g8000007otrjAAA_a (17 more) ..."
13:17:49.1 (170833118)|STATEMENT_EXECUTE|[126]
13:17:49.1 (170837198)|HEAP_ALLOCATE|[EXTERNAL]|Bytes:-4
13:17:49.1 (170843043)|HEAP_ALLOCATE|[120]|Bytes:5
13:17:49.1 (170847384)|HEAP_ALLOCATE|[120]|Bytes:24
13:17:49.1 (170849990)|VARIABLE_SCOPE_BEGIN|[120]|f|Freight__c|true|false
13:17:49.1 (170871905)|VARIABLE_ASSIGNMENT|[120]|f|{"DistributionCenter__c":"a06g8000000wkLpAAI","Product__c":"01tg8000001BArcAAG","Id":"a0Ag8000000XacyEAC","State__c":"a04g8000000QmaTAAS","FreightValue__c":150.00}|0x327def92
13:17:49.1 (170875375)|STATEMENT_EXECUTE|[120]
13:17:49.1 (170876295)|STATEMENT_EXECUTE|[121]
13:17:49.1 (170882709)|HEAP_ALLOCATE|[121]|Bytes:18
13:17:49.1 (170885443)|VARIABLE_SCOPE_BEGIN|[121]|quem|String|false|false
13:17:49.1 (170889484)|VARIABLE_ASSIGNMENT|[121]|quem|"01tg8000001BArcAAG"
13:17:49.1 (170891580)|STATEMENT_EXECUTE|[122]
13:17:49.1 (170894953)|HEAP_ALLOCATE|[122]|Bytes:18
13:17:49.1 (170897108)|VARIABLE_SCOPE_BEGIN|[122]|onde|String|false|false
13:17:49.1 (170901892)|VARIABLE_ASSIGNMENT|[122]|onde|"a04g8000000QmaTAAS"
13:17:49.1 (170903900)|STATEMENT_EXECUTE|[125]
13:17:49.1 (170905979)|HEAP_ALLOCATE|[125]|Bytes:37
13:17:49.1 (170909034)|VARIABLE_SCOPE_BEGIN|[125]|key|String|false|false
13:17:49.1 (170915769)|VARIABLE_ASSIGNMENT|[125]|key|"01tg8000001BArcAAG_a (17 more) ..."
13:17:49.1 (170918678)|STATEMENT_EXECUTE|[126]
13:17:49.1 (170923244)|HEAP_ALLOCATE|[EXTERNAL]|Bytes:-4
13:17:49.1 (170930682)|HEAP_ALLOCATE|[120]|Bytes:5
13:17:49.1 (170935156)|HEAP_ALLOCATE|[120]|Bytes:24
13:17:49.1 (170937664)|VARIABLE_SCOPE_BEGIN|[120]|f|Freight__c|true|false
13:17:49.1 (170965809)|VARIABLE_ASSIGNMENT|[120]|f|{"DistributionCenter__c":"a06g8000000wkLpAAI","Country__c":"a03g8000004x8aeAAA","Id":"a0Ag8000000XaczEAC","ProductHierarchy__c":"a01g8000007otrqAAA","FreightValue__c":50.00}|0x3036b399
13:17:49.1 (170969415)|STATEMENT_EXECUTE|[120]
13:17:49.1 (170970269)|STATEMENT_EXECUTE|[121]
13:17:49.1 (170973934)|HEAP_ALLOCATE|[121]|Bytes:18
13:17:49.1 (170976291)|VARIABLE_SCOPE_BEGIN|[121]|quem|String|false|false
13:17:49.1 (170980447)|VARIABLE_ASSIGNMENT|[121]|quem|"a01g8000007otrqAAA"
13:17:49.1 (170982449)|STATEMENT_EXECUTE|[122]
13:17:49.1 (170990842)|HEAP_ALLOCATE|[122]|Bytes:18
13:17:49.1 (170993983)|VARIABLE_SCOPE_BEGIN|[122]|onde|String|false|false
13:17:49.1 (170999509)|VARIABLE_ASSIGNMENT|[122]|onde|"a03g8000004x8aeAAA"
13:17:49.1 (171001968)|STATEMENT_EXECUTE|[125]
13:17:49.1 (171005538)|HEAP_ALLOCATE|[125]|Bytes:37
13:17:49.1 (171008542)|VARIABLE_SCOPE_BEGIN|[125]|key|String|false|false
13:17:49.1 (171014512)|VARIABLE_ASSIGNMENT|[125]|key|"a01g8000007otrqAAA_a (17 more) ..."
13:17:49.1 (171017113)|STATEMENT_EXECUTE|[126]
13:17:49.1 (171021506)|HEAP_ALLOCATE|[EXTERNAL]|Bytes:-4
13:17:49.1 (171056879)|HEAP_ALLOCATE|[120]|Bytes:5
13:17:49.1 (171066349)|VARIABLE_ASSIGNMENT|[120]|f|null|
13:17:49.1 (171110106)|HEAP_ALLOCATE|[130]|Bytes:5
13:17:49.1 (171135212)|HEAP_ALLOCATE|[130]|Bytes:4
13:17:49.1 (171140673)|VARIABLE_SCOPE_BEGIN|[130]|item|OrderItem|true|false
13:17:49.1 (172039924)|VARIABLE_ASSIGNMENT|[130]|item|{"IsDeleted":false,"UnitPrice":1350000.00,"Product2Id":"01tg8000001BArVAAW","PricebookEntryId":"01ug8000000XnbRAAS","TotalPrice":1350000.00,"Quantity":1.00,"ListPrice":1350000.00,"OrderId":"801g8000007E9NdAAK"}|0x481c6bcd
13:17:49.1 (172060361)|STATEMENT_EXECUTE|[130]
13:17:49.1 (172062081)|STATEMENT_EXECUTE|[131]
13:17:49.1 (172160383)|VARIABLE_SCOPE_BEGIN|[131]|pedido|Order|true|false
13:17:49.1 (172272056)|VARIABLE_ASSIGNMENT|[131]|pedido|{"DistributionCenter__c":"a06g8000000wkLpAAI","City__c":"a05g8000001KAc9AAG","Country__c":"a03g8000004x8aeAAA","Id":"801g8000007E9NdAAK","AccountId":"001g8000005VaOHAA0","State__c":"a04g8000000QmaTAAS"}|0x37d31187
13:17:49.1 (172278562)|STATEMENT_EXECUTE|[132]
13:17:49.1 (172322504)|VARIABLE_SCOPE_BEGIN|[132]|produto|Product2|true|false
13:17:49.1 (172372915)|VARIABLE_ASSIGNMENT|[132]|produto|{"ProductionCost__c":900000.00,"ProductHierarchy__c":"a01g8000007otrhAAA","Id":"01tg8000001BArVAAW"}|0x3cda5094
13:17:49.1 (172377238)|STATEMENT_EXECUTE|[133]
13:17:49.1 (172408195)|VARIABLE_SCOPE_BEGIN|[133]|cliente|Account|true|false
13:17:49.1 (172445758)|VARIABLE_ASSIGNMENT|[133]|cliente|{"AccountGroup__c":"a02g8000002871ZAAQ","Id":"001g8000005VaOHAA0"}|0x4d5b2d76
13:17:49.1 (172575702)|HEAP_ALLOCATE|[136]|Bytes:28
13:17:49.1 (172584006)|HEAP_ALLOCATE|[136]|Bytes:28
13:17:49.1 (172702947)|HEAP_ALLOCATE|[136]|Bytes:28
13:17:49.1 (172705738)|HEAP_ALLOCATE|[136]|Bytes:28
13:17:49.1 (172717934)|STATEMENT_EXECUTE|[136]
13:17:49.1 (172722190)|STATEMENT_EXECUTE|[143]
13:17:49.1 (172723138)|STATEMENT_EXECUTE|[147]
13:17:49.1 (172742852)|HEAP_ALLOCATE|[147]|Bytes:18
13:17:49.1 (172769192)|HEAP_ALLOCATE|[148]|Bytes:18
13:17:49.1 (172786223)|HEAP_ALLOCATE|[149]|Bytes:18
13:17:49.1 (172793759)|HEAP_ALLOCATE|[147]|Bytes:54
13:17:49.1 (172796796)|VARIABLE_SCOPE_BEGIN|[147]|keyOrderItemImposto|String|false|false
13:17:49.1 (172806117)|VARIABLE_ASSIGNMENT|[147]|keyOrderItemImposto|"01tg8000001BArVAAWa0 (34 more) ..."
13:17:49.1 (172808898)|STATEMENT_EXECUTE|[151]
13:17:49.1 (172832337)|VARIABLE_SCOPE_BEGIN|[151]|impostoEncontrado|Tax__c|true|false
13:17:49.1 (172899507)|VARIABLE_ASSIGNMENT|[151]|impostoEncontrado|{"DistributionCenter__c":"a06g8000000wkLpAAI","Product__c":"01tg8000001BArVAAW","TaxRate__c":18.00,"Id":"a09g8000001l5i1AAA","State__c":"a04g8000000QmaTAAS"}|0x58e79cf9
13:17:49.1 (172905953)|STATEMENT_EXECUTE|[153]
13:17:49.1 (173829123)|VARIABLE_ASSIGNMENT|[153]|this.TaxPercentage__c|18.00|0x481c6bcd
13:17:49.1 (173842427)|STATEMENT_EXECUTE|[156]
13:17:49.1 (205231366)|HEAP_ALLOCATE|[156]|Bytes:7
13:17:49.1 (205281371)|METHOD_ENTRY|[1]|01pg8000001F8kf|PricingService.PricingService()
13:17:49.1 (205289625)|STATEMENT_EXECUTE|[1]
13:17:49.1 (205295520)|STATEMENT_EXECUTE|[1]
13:17:49.1 (205303305)|METHOD_EXIT|[1]|PricingService
13:17:49.1 (205349131)|METHOD_ENTRY|[156]|01pg8000001F8kf|PricingService.findMargin(OrderItem, Order, Map<String,Margem__c>, Id, Account)
13:17:49.1 (205387614)|VARIABLE_SCOPE_BEGIN|[20]|item|OrderItem|true|false
13:17:49.1 (206322195)|VARIABLE_ASSIGNMENT|[20]|item|{"IsDeleted":false,"UnitPrice":1350000.00,"Product2Id":"01tg8000001BArVAAW","PricebookEntryId":"01ug8000000XnbRAAS","TotalPrice":1350000.00,"Quantity":1.00,"TaxPercentage__c":18.00,"ListPrice":1350000.00,"OrderId":"801g8000007E9NdAAK"}|0x481c6bcd
13:17:49.1 (206338626)|VARIABLE_SCOPE_BEGIN|[20]|pedido|Order|true|false
13:17:49.1 (206444225)|VARIABLE_ASSIGNMENT|[20]|pedido|{"DistributionCenter__c":"a06g8000000wkLpAAI","City__c":"a05g8000001KAc9AAG","Country__c":"a03g8000004x8aeAAA","Id":"801g8000007E9NdAAK","AccountId":"001g8000005VaOHAA0","State__c":"a04g8000000QmaTAAS"}|0x37d31187
13:17:49.1 (206453365)|VARIABLE_SCOPE_BEGIN|[20]|mapMargin|Map<String,Margem__c>|true|false
13:17:49.1 (206605742)|VARIABLE_ASSIGNMENT|[20]|mapMargin|{"a01g8000007otrhAAA_a02g8000002871ZAAQ_a04g8000000QmaTAAS":{"Id":"a00g800000JZjxxAAD","AccountGroup__c":"a02g8000002871ZAAQ","ProductHierarchy__c":"a01g8000007otrhAAA","State__c":"a04g8000000QmaTAAS","MarginValuePercent__c":15.00},"a01g8000007otrjAAA_001g8000005VaOHAA0_a05g8000001KAc9AAG":{"Account__c":"001g8000005VaOHAA0","City__c":"a05g8000001KAc9AAG","Id":"a00g800000JZjxyAAD","ProductHierarchy__c":"a01g8000007otrjAAA","MarginValuePercent__c":25.00},"01tg8000001BArcAAG_001g8000005VaOHAA0_a04g8000000QmaTAAS":{"Account__c":"001g8000005VaOHAA0","Product__c":"01tg8000001BArcAAG","Id":"a00g800000JZjxzAAD","State__c":"a04g8000000QmaTAAS","MarginValuePercent__c":5.00},"a01g8000007otrqAAA_a02g8000002871ZAAQ_a03g8000004x8aeAAA":{"Country__c":"a03g8000004x8aeAAA","Id":"a00g800000JZjy0AAD","AccountGroup__c":"a02g8000002871ZAAQ","ProductHierarchy__c":"a01g8000007otrqAAA","MarginValuePercent__c":30.00}}|0x3eced632
13:17:49.1 (206616954)|VARIABLE_SCOPE_BEGIN|[20]|h|Id|false|false
13:17:49.1 (206807379)|VARIABLE_ASSIGNMENT|[20]|h|"a01g8000007otrhAAA"
13:17:49.1 (206814495)|VARIABLE_SCOPE_BEGIN|[20]|cliente|Account|true|false
13:17:49.1 (206859869)|VARIABLE_ASSIGNMENT|[20]|cliente|{"AccountGroup__c":"a02g8000002871ZAAQ","Id":"001g8000005VaOHAA0"}|0x4d5b2d76
13:17:49.1 (206870112)|STATEMENT_EXECUTE|[20]
13:17:49.1 (206871817)|STATEMENT_EXECUTE|[21]
13:17:49.1 (206895299)|VARIABLE_SCOPE_BEGIN|[21]|p|Id|false|false
13:17:49.1 (206956413)|VARIABLE_ASSIGNMENT|[21]|p|"01tg8000001BArVAAW"
13:17:49.1 (206960469)|STATEMENT_EXECUTE|[22]
13:17:49.1 (206970126)|VARIABLE_SCOPE_BEGIN|[22]|a|Id|false|false
13:17:49.1 (206998571)|VARIABLE_ASSIGNMENT|[22]|a|"001g8000005VaOHAA0"
13:17:49.1 (207001125)|STATEMENT_EXECUTE|[23]
13:17:49.1 (207021061)|VARIABLE_SCOPE_BEGIN|[23]|g|Id|false|false
13:17:49.1 (207082908)|VARIABLE_ASSIGNMENT|[23]|g|"a02g8000002871ZAAQ"
13:17:49.1 (207086063)|STATEMENT_EXECUTE|[24]
13:17:49.1 (207101998)|VARIABLE_SCOPE_BEGIN|[24]|c|Id|false|false
13:17:49.1 (207140080)|VARIABLE_ASSIGNMENT|[24]|c|"a05g8000001KAc9AAG"
13:17:49.1 (207143807)|STATEMENT_EXECUTE|[25]
13:17:49.1 (207148859)|VARIABLE_SCOPE_BEGIN|[25]|e|Id|false|false
13:17:49.1 (207177566)|VARIABLE_ASSIGNMENT|[25]|e|"a04g8000000QmaTAAS"
13:17:49.1 (207180996)|STATEMENT_EXECUTE|[26]
13:17:49.1 (207194871)|VARIABLE_SCOPE_BEGIN|[26]|pa|Id|false|false
13:17:49.1 (207225211)|VARIABLE_ASSIGNMENT|[26]|pa|"a03g8000004x8aeAAA"
13:17:49.1 (207323215)|HEAP_ALLOCATE|[29]|Bytes:18
13:17:49.1 (207347419)|HEAP_ALLOCATE|[29]|Bytes:18
13:17:49.1 (207357483)|HEAP_ALLOCATE|[29]|Bytes:18
13:17:49.1 (207368927)|HEAP_ALLOCATE|[29]|Bytes:56
13:17:49.1 (207387955)|STATEMENT_EXECUTE|[29]
13:17:49.1 (207401364)|HEAP_ALLOCATE|[30]|Bytes:18
13:17:49.1 (207411675)|HEAP_ALLOCATE|[30]|Bytes:18
13:17:49.1 (207421739)|HEAP_ALLOCATE|[30]|Bytes:18
13:17:49.1 (207428847)|HEAP_ALLOCATE|[30]|Bytes:56
13:17:49.1 (207435948)|STATEMENT_EXECUTE|[30]
13:17:49.1 (207446834)|HEAP_ALLOCATE|[31]|Bytes:18
13:17:49.1 (207456915)|HEAP_ALLOCATE|[31]|Bytes:18
13:17:49.1 (207466242)|HEAP_ALLOCATE|[31]|Bytes:18
13:17:49.1 (207473017)|HEAP_ALLOCATE|[31]|Bytes:56
13:17:49.1 (207479785)|STATEMENT_EXECUTE|[31]
13:17:49.1 (207486602)|HEAP_ALLOCATE|[32]|Bytes:18
13:17:49.1 (207492751)|HEAP_ALLOCATE|[32]|Bytes:18
13:17:49.1 (207498325)|HEAP_ALLOCATE|[32]|Bytes:18
13:17:49.1 (207503107)|HEAP_ALLOCATE|[32]|Bytes:56
13:17:49.1 (207509395)|STATEMENT_EXECUTE|[32]
13:17:49.1 (207518404)|HEAP_ALLOCATE|[33]|Bytes:18
13:17:49.1 (207528318)|HEAP_ALLOCATE|[33]|Bytes:18
13:17:49.1 (207537870)|HEAP_ALLOCATE|[33]|Bytes:18
13:17:49.1 (207544343)|HEAP_ALLOCATE|[33]|Bytes:56
13:17:49.1 (207550262)|STATEMENT_EXECUTE|[33]
13:17:49.1 (207556916)|HEAP_ALLOCATE|[34]|Bytes:18
13:17:49.1 (207562954)|HEAP_ALLOCATE|[34]|Bytes:18
13:17:49.1 (207568848)|HEAP_ALLOCATE|[34]|Bytes:18
13:17:49.1 (207574872)|HEAP_ALLOCATE|[34]|Bytes:56
13:17:49.1 (207580970)|STATEMENT_EXECUTE|[34]
13:17:49.1 (207590902)|HEAP_ALLOCATE|[36]|Bytes:18
13:17:49.1 (207600116)|HEAP_ALLOCATE|[36]|Bytes:18
13:17:49.1 (207610012)|HEAP_ALLOCATE|[36]|Bytes:18
13:17:49.1 (207616560)|HEAP_ALLOCATE|[36]|Bytes:56
13:17:49.1 (207623769)|STATEMENT_EXECUTE|[36]
13:17:49.1 (207634015)|HEAP_ALLOCATE|[37]|Bytes:18
13:17:49.1 (207640414)|HEAP_ALLOCATE|[37]|Bytes:18
13:17:49.1 (207645962)|HEAP_ALLOCATE|[37]|Bytes:18
13:17:49.1 (207650064)|HEAP_ALLOCATE|[37]|Bytes:56
13:17:49.1 (207654401)|STATEMENT_EXECUTE|[37]
13:17:49.1 (207659964)|HEAP_ALLOCATE|[38]|Bytes:18
13:17:49.1 (207666261)|HEAP_ALLOCATE|[38]|Bytes:18
13:17:49.1 (207675215)|HEAP_ALLOCATE|[38]|Bytes:18
13:17:49.1 (207681934)|HEAP_ALLOCATE|[38]|Bytes:56
13:17:49.1 (207688216)|STATEMENT_EXECUTE|[38]
13:17:49.1 (207697375)|HEAP_ALLOCATE|[39]|Bytes:18
13:17:49.1 (207703554)|HEAP_ALLOCATE|[39]|Bytes:18
13:17:49.1 (207709609)|HEAP_ALLOCATE|[39]|Bytes:18
13:17:49.1 (207713744)|HEAP_ALLOCATE|[39]|Bytes:56
13:17:49.1 (207718004)|STATEMENT_EXECUTE|[39]
13:17:49.1 (207723611)|HEAP_ALLOCATE|[40]|Bytes:18
13:17:49.1 (207732459)|HEAP_ALLOCATE|[40]|Bytes:18
13:17:49.1 (207742085)|HEAP_ALLOCATE|[40]|Bytes:18
13:17:49.1 (207748869)|HEAP_ALLOCATE|[40]|Bytes:56
13:17:49.1 (207754938)|STATEMENT_EXECUTE|[40]
13:17:49.1 (207758279)|HEAP_ALLOCATE|[40]|Bytes:18
13:17:49.1 (207764054)|HEAP_ALLOCATE|[40]|Bytes:18
13:17:49.1 (207769609)|HEAP_ALLOCATE|[40]|Bytes:18
13:17:49.1 (207773780)|HEAP_ALLOCATE|[40]|Bytes:56
13:17:49.1 (207796194)|METHOD_EXIT|[156]|01pg8000001F8kf|PricingService.findMargin(OrderItem, Order, Map<String,Margem__c>, Id, Account)
13:17:49.1 (207805577)|VARIABLE_SCOPE_BEGIN|[156]|margem|Margem__c|true|false
13:17:49.1 (207887728)|VARIABLE_ASSIGNMENT|[156]|margem|{"Id":"a00g800000JZjxxAAD","AccountGroup__c":"a02g8000002871ZAAQ","ProductHierarchy__c":"a01g8000007otrhAAA","State__c":"a04g8000000QmaTAAS","MarginValuePercent__c":15.00}|0xe901bf2
13:17:49.1 (207894686)|STATEMENT_EXECUTE|[157]
13:17:49.1 (208691159)|VARIABLE_ASSIGNMENT|[157]|this.MarginPercentage__c|15.00|0x481c6bcd
13:17:49.1 (208699407)|STATEMENT_EXECUTE|[160]
13:17:49.1 (208730102)|METHOD_ENTRY|[160]|01pg8000001F8kf|PricingService.findFreightValue(OrderItem, Order, Map<String,Freight__c>, Id)
13:17:49.1 (208755666)|VARIABLE_SCOPE_BEGIN|[4]|item|OrderItem|true|false
13:17:49.1 (209142790)|VARIABLE_ASSIGNMENT|[4]|item|{"IsDeleted":false,"UnitPrice":1350000.00,"Product2Id":"01tg8000001BArVAAW","PricebookEntryId":"01ug8000000XnbRAAS","TotalPrice":1350000.00,"Quantity":1.00,"MarginPercentage__c":15.00,"TaxPercentage__c":18.00,"ListPrice":1350000.00,"OrderId":"801g8000007E9NdAAK"}|0x481c6bcd
13:17:49.1 (209148632)|VARIABLE_SCOPE_BEGIN|[4]|pedido|Order|true|false
13:17:49.1 (209200327)|VARIABLE_ASSIGNMENT|[4]|pedido|{"DistributionCenter__c":"a06g8000000wkLpAAI","City__c":"a05g8000001KAc9AAG","Country__c":"a03g8000004x8aeAAA","Id":"801g8000007E9NdAAK","AccountId":"001g8000005VaOHAA0","State__c":"a04g8000000QmaTAAS"}|0x37d31187
13:17:49.1 (209204465)|VARIABLE_SCOPE_BEGIN|[4]|mapFrete|Map<String,Freight__c>|true|false
13:17:49.1 (209296232)|VARIABLE_ASSIGNMENT|[4]|mapFrete|{"a01g8000007otrhAAA_a04g8000000QmaTAAS":{"DistributionCenter__c":"a06g8000000wkLpAAI","Id":"a0Ag8000000XacwEAC","State__c":"a04g8000000QmaTAAS","ProductHierarchy__c":"a01g8000007otrhAAA","FreightValue__c":800.00},"a01g8000007otrjAAA_a05g8000001KAc9AAG":{"DistributionCenter__c":"a06g8000000wkLpAAI","City__c":"a05g8000001KAc9AAG","Id":"a0Ag8000000XacxEAC","ProductHierarchy__c":"a01g8000007otrjAAA","FreightValue__c":500.00},"01tg8000001BArcAAG_a04g8000000QmaTAAS":{"DistributionCenter__c":"a06g8000000wkLpAAI","Product__c":"01tg8000001BArcAAG","Id":"a0Ag8000000XacyEAC","State__c":"a04g8000000QmaTAAS","FreightValue__c":150.00},"a01g8000007otrqAAA_a03g8000004x8aeAAA":{"DistributionCenter__c":"a06g8000000wkLpAAI","Country__c":"a03g8000004x8aeAAA","Id":"a0Ag8000000XaczEAC","ProductHierarchy__c":"a01g8000007otrqAAA","FreightValue__c":50.00}}|0x35685564
13:17:49.1 (209305013)|VARIABLE_SCOPE_BEGIN|[4]|h|Id|false|false
13:17:49.1 (209379992)|VARIABLE_ASSIGNMENT|[4]|h|"a01g8000007otrhAAA"
13:17:49.1 (209386257)|STATEMENT_EXECUTE|[4]
13:17:49.1 (209387300)|STATEMENT_EXECUTE|[5]
13:17:49.1 (209395413)|VARIABLE_SCOPE_BEGIN|[5]|p|Id|false|false
13:17:49.1 (209417925)|VARIABLE_ASSIGNMENT|[5]|p|"01tg8000001BArVAAW"
13:17:49.1 (209420116)|STATEMENT_EXECUTE|[6]
13:17:49.1 (209424632)|VARIABLE_SCOPE_BEGIN|[6]|c|Id|false|false
13:17:49.1 (209453911)|VARIABLE_ASSIGNMENT|[6]|c|"a05g8000001KAc9AAG"
13:17:49.1 (209457514)|STATEMENT_EXECUTE|[7]
13:17:49.1 (209461464)|VARIABLE_SCOPE_BEGIN|[7]|e|Id|false|false
13:17:49.1 (209489279)|VARIABLE_ASSIGNMENT|[7]|e|"a04g8000000QmaTAAS"
13:17:49.1 (209492758)|STATEMENT_EXECUTE|[8]
13:17:49.1 (209496939)|VARIABLE_SCOPE_BEGIN|[8]|pa|Id|false|false
13:17:49.1 (209521637)|VARIABLE_ASSIGNMENT|[8]|pa|"a03g8000004x8aeAAA"
13:17:49.1 (209558534)|HEAP_ALLOCATE|[10]|Bytes:18
13:17:49.1 (209571241)|HEAP_ALLOCATE|[10]|Bytes:18
13:17:49.1 (209578864)|HEAP_ALLOCATE|[10]|Bytes:37
13:17:49.1 (209590829)|STATEMENT_EXECUTE|[10]
13:17:49.1 (209598899)|HEAP_ALLOCATE|[11]|Bytes:18
13:17:49.1 (209605412)|HEAP_ALLOCATE|[11]|Bytes:18
13:17:49.1 (209609524)|HEAP_ALLOCATE|[11]|Bytes:37
13:17:49.1 (209614532)|STATEMENT_EXECUTE|[11]
13:17:49.1 (209620473)|HEAP_ALLOCATE|[12]|Bytes:18
13:17:49.1 (209626768)|HEAP_ALLOCATE|[12]|Bytes:18
13:17:49.1 (209630651)|HEAP_ALLOCATE|[12]|Bytes:37
13:17:49.1 (209634952)|STATEMENT_EXECUTE|[12]
13:17:49.1 (209640656)|HEAP_ALLOCATE|[13]|Bytes:18
13:17:49.1 (209646693)|HEAP_ALLOCATE|[13]|Bytes:18
13:17:49.1 (209650623)|HEAP_ALLOCATE|[13]|Bytes:37
13:17:49.1 (209654966)|STATEMENT_EXECUTE|[13]
13:17:49.1 (209660582)|HEAP_ALLOCATE|[14]|Bytes:18
13:17:49.1 (209666687)|HEAP_ALLOCATE|[14]|Bytes:18
13:17:49.1 (209670531)|HEAP_ALLOCATE|[14]|Bytes:37
13:17:49.1 (209675044)|STATEMENT_EXECUTE|[14]
13:17:49.1 (209678149)|HEAP_ALLOCATE|[14]|Bytes:18
13:17:49.1 (209683829)|HEAP_ALLOCATE|[14]|Bytes:18
13:17:49.1 (209687712)|HEAP_ALLOCATE|[14]|Bytes:37
13:17:49.1 (209726494)|METHOD_EXIT|[160]|01pg8000001F8kf|PricingService.findFreightValue(OrderItem, Order, Map<String,Freight__c>, Id)
13:17:49.1 (210201389)|VARIABLE_ASSIGNMENT|[160]|this.FreightValue__c|800.00|0x481c6bcd
13:17:49.1 (210206379)|STATEMENT_EXECUTE|[163]
13:17:49.1 (210224133)|VARIABLE_SCOPE_BEGIN|[163]|custoUnitario|Decimal|false|false
13:17:49.1 (210230172)|VARIABLE_ASSIGNMENT|[163]|custoUnitario|900000.00
13:17:49.1 (210232547)|STATEMENT_EXECUTE|[166]
13:17:49.1 (210235374)|HEAP_ALLOCATE|[166]|Bytes:57
13:17:49.1 (210256912)|HEAP_ALLOCATE|[166]|Bytes:18
13:17:49.1 (210264069)|HEAP_ALLOCATE|[166]|Bytes:75
13:17:49.1 (210278557)|USER_DEBUG|[166]|DEBUG|>>> [DIAGNÓSTICO] Verificando parâmetros para o produto: 01tg8000001BArVAAW
13:17:49.1 (210287199)|STATEMENT_EXECUTE|[167]
13:17:49.1 (210288808)|HEAP_ALLOCATE|[167]|Bytes:23
13:17:49.1 (210296826)|HEAP_ALLOCATE|[167]|Bytes:9
13:17:49.1 (210301417)|HEAP_ALLOCATE|[167]|Bytes:32
13:17:49.1 (210304688)|USER_DEBUG|[167]|DEBUG|>>> Custo de Produção: 900000.00
13:17:49.1 (210308499)|STATEMENT_EXECUTE|[168]
13:17:49.1 (210309869)|HEAP_ALLOCATE|[168]|Bytes:20
13:17:49.1 (210328971)|HEAP_ALLOCATE|[168]|Bytes:28
13:17:49.1 (210338272)|HEAP_ALLOCATE|[168]|Bytes:6
13:17:49.1 (210343133)|HEAP_ALLOCATE|[168]|Bytes:26
13:17:49.1 (210346506)|USER_DEBUG|[168]|DEBUG|>>> Valor de Frete: 800.00
13:17:49.1 (210349627)|STATEMENT_EXECUTE|[169]
13:17:49.1 (210351227)|HEAP_ALLOCATE|[169]|Bytes:28
13:17:49.1 (210359467)|HEAP_ALLOCATE|[169]|Bytes:28
13:17:49.1 (210367358)|HEAP_ALLOCATE|[169]|Bytes:5
13:17:49.1 (210371834)|HEAP_ALLOCATE|[169]|Bytes:33
13:17:49.1 (210375186)|USER_DEBUG|[169]|DEBUG|>>> Porcentagem de Imposto: 18.00
13:17:49.1 (210378424)|STATEMENT_EXECUTE|[170]
13:17:49.1 (210379895)|HEAP_ALLOCATE|[170]|Bytes:23
13:17:49.1 (210389257)|HEAP_ALLOCATE|[170]|Bytes:4
13:17:49.1 (210393597)|HEAP_ALLOCATE|[170]|Bytes:27
13:17:49.1 (210396912)|USER_DEBUG|[170]|DEBUG|>>> Margem encontrada? true
13:17:49.1 (210400344)|STATEMENT_EXECUTE|[171]
13:17:49.1 (210401459)|STATEMENT_EXECUTE|[172]
13:17:49.1 (210402584)|HEAP_ALLOCATE|[172]|Bytes:27
13:17:49.1 (210415112)|HEAP_ALLOCATE|[172]|Bytes:5
13:17:49.1 (210419458)|HEAP_ALLOCATE|[172]|Bytes:32
13:17:49.1 (210422516)|USER_DEBUG|[172]|DEBUG|>>> Porcentagem de Margem: 15.00
13:17:49.1 (210426307)|STATEMENT_EXECUTE|[186]
13:17:49.1 (210429172)|HEAP_ALLOCATE|[186]|Bytes:28
13:17:49.1 (210432544)|HEAP_ALLOCATE|[186]|Bytes:28
13:17:49.1 (210445195)|METHOD_ENTRY|[186]|01pg8000001F8kf|PricingService.calculateFinalPrice(OrderItem, Decimal, Margem__c, Decimal, Decimal)
13:17:49.1 (210458424)|VARIABLE_SCOPE_BEGIN|[46]|item|OrderItem|true|false
13:17:49.1 (210847116)|VARIABLE_ASSIGNMENT|[46]|item|{"IsDeleted":false,"UnitPrice":1350000.00,"Product2Id":"01tg8000001BArVAAW","PricebookEntryId":"01ug8000000XnbRAAS","TotalPrice":1350000.00,"Quantity":1.00,"MarginPercentage__c":15.00,"TaxPercentage__c":18.00,"ListPrice":1350000.00,"OrderId":"801g8000007E9NdAAK","FreightValue__c":800.00}|0x481c6bcd
13:17:49.1 (210853521)|VARIABLE_SCOPE_BEGIN|[46]|frete|Decimal|false|false
13:17:49.1 (210858495)|VARIABLE_ASSIGNMENT|[46]|frete|800.00
13:17:49.1 (210860971)|VARIABLE_SCOPE_BEGIN|[46]|margem|Margem__c|true|false
13:17:49.1 (210900359)|VARIABLE_ASSIGNMENT|[46]|margem|{"Id":"a00g800000JZjxxAAD","AccountGroup__c":"a02g8000002871ZAAQ","ProductHierarchy__c":"a01g8000007otrhAAA","State__c":"a04g8000000QmaTAAS","MarginValuePercent__c":15.00}|0xe901bf2
13:17:49.1 (210903912)|VARIABLE_SCOPE_BEGIN|[46]|impostoPercent|Decimal|false|false
13:17:49.1 (210908177)|VARIABLE_ASSIGNMENT|[46]|impostoPercent|18.00
13:17:49.1 (210910230)|VARIABLE_SCOPE_BEGIN|[46]|custo|Decimal|false|false
13:17:49.1 (210913817)|VARIABLE_ASSIGNMENT|[46]|custo|900000.00
13:17:49.1 (210918253)|STATEMENT_EXECUTE|[46]
13:17:49.1 (210919198)|STATEMENT_EXECUTE|[47]
13:17:49.1 (210926917)|VARIABLE_SCOPE_BEGIN|[47]|mPerc|Decimal|false|false
13:17:49.1 (210931837)|VARIABLE_ASSIGNMENT|[47]|mPerc|15.00
13:17:49.1 (210934012)|STATEMENT_EXECUTE|[48]
13:17:49.1 (210935696)|VARIABLE_SCOPE_BEGIN|[48]|iPerc|Decimal|false|false
13:17:49.1 (210939645)|VARIABLE_ASSIGNMENT|[48]|iPerc|18.00
13:17:49.1 (210941702)|STATEMENT_EXECUTE|[49]
13:17:49.1 (210942890)|VARIABLE_SCOPE_BEGIN|[49]|custoProd|Decimal|false|false
13:17:49.1 (210946570)|VARIABLE_ASSIGNMENT|[49]|custoProd|900000.00
13:17:49.1 (210948364)|STATEMENT_EXECUTE|[50]
13:17:49.1 (210949635)|VARIABLE_SCOPE_BEGIN|[50]|freteVal|Decimal|false|false
13:17:49.1 (210953355)|VARIABLE_ASSIGNMENT|[50]|freteVal|800.00
13:17:49.1 (210955242)|STATEMENT_EXECUTE|[53]
13:17:49.1 (211000981)|HEAP_ALLOCATE|[53]|Bytes:28
13:17:49.1 (211007050)|VARIABLE_SCOPE_BEGIN|[53]|precoBase|Decimal|false|false
13:17:49.1 (211011327)|VARIABLE_ASSIGNMENT|[53]|precoBase|900800.00
13:17:49.1 (211013431)|STATEMENT_EXECUTE|[56]
13:17:49.1 (211019769)|HEAP_ALLOCATE|[56]|Bytes:28
13:17:49.1 (211021625)|HEAP_ALLOCATE|[56]|Bytes:28
13:17:49.1 (211054649)|HEAP_ALLOCATE|[56]|Bytes:28
13:17:49.1 (211279644)|HEAP_ALLOCATE|[56]|Bytes:28
13:17:49.1 (211282409)|HEAP_ALLOCATE|[56]|Bytes:28
13:17:49.1 (211301822)|HEAP_ALLOCATE|[56]|Bytes:28
13:17:49.1 (211319349)|HEAP_ALLOCATE|[56]|Bytes:28
13:17:49.1 (211323806)|VARIABLE_SCOPE_BEGIN|[56]|precoSemMargem|Decimal|false|false
13:17:49.1 (211333794)|VARIABLE_ASSIGNMENT|[56]|precoSemMargem|1062944.0000
13:17:49.1 (211335773)|STATEMENT_EXECUTE|[59]
13:17:49.1 (211338804)|HEAP_ALLOCATE|[59]|Bytes:28
13:17:49.1 (211340529)|HEAP_ALLOCATE|[59]|Bytes:28
13:17:49.1 (211343379)|HEAP_ALLOCATE|[59]|Bytes:28
13:17:49.1 (211358006)|HEAP_ALLOCATE|[59]|Bytes:28
13:17:49.1 (211359641)|HEAP_ALLOCATE|[59]|Bytes:28
13:17:49.1 (211367184)|HEAP_ALLOCATE|[59]|Bytes:28
13:17:49.1 (211374014)|HEAP_ALLOCATE|[59]|Bytes:28
13:17:49.1 (211378054)|VARIABLE_SCOPE_BEGIN|[59]|precoCalculado|Decimal|false|false
13:17:49.1 (211382614)|VARIABLE_ASSIGNMENT|[59]|precoCalculado|1222385.600000
13:17:49.1 (211384469)|STATEMENT_EXECUTE|[62]
13:17:49.1 (211822098)|VARIABLE_ASSIGNMENT|[62]|this.ProductionCost__c|900000.00|0x481c6bcd
13:17:49.1 (211825671)|STATEMENT_EXECUTE|[63]
13:17:49.1 (212170240)|VARIABLE_ASSIGNMENT|[63]|this.MarginPercentage__c|15.00|0x481c6bcd
13:17:49.1 (212173322)|STATEMENT_EXECUTE|[64]
13:17:49.1 (212504753)|VARIABLE_ASSIGNMENT|[64]|this.FreightValue__c|800.00|0x481c6bcd
13:17:49.1 (212507461)|STATEMENT_EXECUTE|[65]
13:17:49.1 (212854375)|VARIABLE_ASSIGNMENT|[65]|this.TaxPercentage__c|18.00|0x481c6bcd
13:17:49.1 (212857401)|STATEMENT_EXECUTE|[66]
13:17:49.1 (213189934)|VARIABLE_ASSIGNMENT|[66]|this.PriceWithoutMargin__c|1062944.0000|0x481c6bcd
13:17:49.1 (213193702)|STATEMENT_EXECUTE|[67]
13:17:49.1 (213755222)|VARIABLE_ASSIGNMENT|[67]|this.FinalPrice__c|1222385.600000|0x481c6bcd
13:17:49.1 (213764277)|STATEMENT_EXECUTE|[70]
13:17:49.1 (213787787)|VARIABLE_SCOPE_BEGIN|[70]|unitPriceDigitado|Decimal|false|false
13:17:49.1 (213797284)|VARIABLE_ASSIGNMENT|[70]|unitPriceDigitado|1350000.00
13:17:49.1 (213816183)|HEAP_ALLOCATE|[73]|Bytes:28
13:17:49.1 (213821937)|HEAP_ALLOCATE|[73]|Bytes:28
13:17:49.1 (213878909)|STATEMENT_EXECUTE|[73]
13:17:49.1 (213880323)|STATEMENT_EXECUTE|[74]
13:17:49.1 (213910245)|HEAP_ALLOCATE|[74]|Bytes:28
13:17:49.1 (214052760)|HEAP_ALLOCATE|[74]|Bytes:28
13:17:49.1 (214058003)|HEAP_ALLOCATE|[74]|Bytes:28
13:17:49.1 (214775336)|VARIABLE_ASSIGNMENT|[74]|this.DiscountPercentage__c|-0.104397826675968695966313739297976|0x481c6bcd
13:17:49.1 (214785495)|STATEMENT_EXECUTE|[75]
13:17:49.1 (214829385)|HEAP_ALLOCATE|[75]|Bytes:28
13:17:49.1 (215549244)|VARIABLE_ASSIGNMENT|[75]|this.DiscountValue__c|-127614.400000|0x481c6bcd
13:17:49.1 (215572617)|METHOD_EXIT|[186]|01pg8000001F8kf|PricingService.calculateFinalPrice(OrderItem, Decimal, Margem__c, Decimal, Decimal)
13:17:49.1 (215606087)|HEAP_ALLOCATE|[130]|Bytes:5
13:17:49.1 (215635064)|HEAP_ALLOCATE|[130]|Bytes:4
13:17:49.1 (215647587)|VARIABLE_SCOPE_BEGIN|[130]|item|OrderItem|true|false
13:17:49.1 (216304456)|VARIABLE_ASSIGNMENT|[130]|item|{"IsDeleted":false,"UnitPrice":19500.00,"Product2Id":"01tg8000001BArcAAG","PricebookEntryId":"01ug8000000XoZ7AAK","TotalPrice":19500.00,"Quantity":1.00,"ListPrice":19500.00,"OrderId":"801g8000007E9NdAAK"}|0x1b72e92e
13:17:49.1 (216318155)|STATEMENT_EXECUTE|[130]
13:17:49.1 (216319942)|STATEMENT_EXECUTE|[131]
13:17:49.1 (216359817)|VARIABLE_SCOPE_BEGIN|[131]|pedido|Order|true|false
13:17:49.1 (216442184)|VARIABLE_ASSIGNMENT|[131]|pedido|{"DistributionCenter__c":"a06g8000000wkLpAAI","City__c":"a05g8000001KAc9AAG","Country__c":"a03g8000004x8aeAAA","Id":"801g8000007E9NdAAK","AccountId":"001g8000005VaOHAA0","State__c":"a04g8000000QmaTAAS"}|0x37d31187
13:17:49.1 (216448611)|STATEMENT_EXECUTE|[132]
13:17:49.1 (216467184)|VARIABLE_SCOPE_BEGIN|[132]|produto|Product2|true|false
13:17:49.1 (216509383)|VARIABLE_ASSIGNMENT|[132]|produto|{"ProductionCost__c":12000.00,"ProductHierarchy__c":"a01g8000007otrpAAA","Id":"01tg8000001BArcAAG"}|0x34ad5fda
13:17:49.1 (216514657)|STATEMENT_EXECUTE|[133]
13:17:49.1 (216532645)|VARIABLE_SCOPE_BEGIN|[133]|cliente|Account|true|false
13:17:49.1 (216566835)|VARIABLE_ASSIGNMENT|[133]|cliente|{"AccountGroup__c":"a02g8000002871ZAAQ","Id":"001g8000005VaOHAA0"}|0x4d5b2d76
13:17:49.1 (216594789)|HEAP_ALLOCATE|[136]|Bytes:28
13:17:49.1 (216600374)|HEAP_ALLOCATE|[136]|Bytes:28
13:17:49.1 (216634089)|HEAP_ALLOCATE|[136]|Bytes:28
13:17:49.1 (216637761)|HEAP_ALLOCATE|[136]|Bytes:28
13:17:49.1 (216647449)|STATEMENT_EXECUTE|[136]
13:17:49.1 (216650604)|STATEMENT_EXECUTE|[143]
13:17:49.1 (216651570)|STATEMENT_EXECUTE|[147]
13:17:49.1 (216660131)|HEAP_ALLOCATE|[147]|Bytes:18
13:17:49.1 (216669504)|HEAP_ALLOCATE|[148]|Bytes:18
13:17:49.1 (216677428)|HEAP_ALLOCATE|[149]|Bytes:18
13:17:49.1 (216684613)|HEAP_ALLOCATE|[147]|Bytes:54
13:17:49.1 (216688334)|VARIABLE_SCOPE_BEGIN|[147]|keyOrderItemImposto|String|false|false
13:17:49.1 (216695711)|VARIABLE_ASSIGNMENT|[147]|keyOrderItemImposto|"01tg8000001BArcAAGa0 (34 more) ..."
13:17:49.1 (216698350)|STATEMENT_EXECUTE|[151]
13:17:49.1 (216710218)|VARIABLE_SCOPE_BEGIN|[151]|impostoEncontrado|Tax__c|true|false
13:17:49.1 (216750511)|VARIABLE_ASSIGNMENT|[151]|impostoEncontrado|{"DistributionCenter__c":"a06g8000000wkLpAAI","Product__c":"01tg8000001BArcAAG","TaxRate__c":18.00,"Id":"a09g8000001l5i3AAA","State__c":"a04g8000000QmaTAAS"}|0x67ebbec0
13:17:49.1 (216754489)|STATEMENT_EXECUTE|[153]
13:17:49.1 (217229361)|VARIABLE_ASSIGNMENT|[153]|this.TaxPercentage__c|18.00|0x1b72e92e
13:17:49.1 (217234479)|STATEMENT_EXECUTE|[156]
13:17:49.1 (217248461)|METHOD_ENTRY|[156]|01pg8000001F8kf|PricingService.findMargin(OrderItem, Order, Map<String,Margem__c>, Id, Account)
13:17:49.1 (217254121)|VARIABLE_SCOPE_BEGIN|[20]|item|OrderItem|true|false
13:17:49.1 (217616329)|VARIABLE_ASSIGNMENT|[20]|item|{"IsDeleted":false,"UnitPrice":19500.00,"Product2Id":"01tg8000001BArcAAG","PricebookEntryId":"01ug8000000XoZ7AAK","TotalPrice":19500.00,"Quantity":1.00,"TaxPercentage__c":18.00,"ListPrice":19500.00,"OrderId":"801g8000007E9NdAAK"}|0x1b72e92e
13:17:49.1 (217621129)|VARIABLE_SCOPE_BEGIN|[20]|pedido|Order|true|false
13:17:49.1 (217661741)|VARIABLE_ASSIGNMENT|[20]|pedido|{"DistributionCenter__c":"a06g8000000wkLpAAI","City__c":"a05g8000001KAc9AAG","Country__c":"a03g8000004x8aeAAA","Id":"801g8000007E9NdAAK","AccountId":"001g8000005VaOHAA0","State__c":"a04g8000000QmaTAAS"}|0x37d31187
13:17:49.1 (217665404)|VARIABLE_SCOPE_BEGIN|[20]|mapMargin|Map<String,Margem__c>|true|false
13:17:49.1 (217749746)|VARIABLE_ASSIGNMENT|[20]|mapMargin|{"a01g8000007otrhAAA_a02g8000002871ZAAQ_a04g8000000QmaTAAS":{"Id":"a00g800000JZjxxAAD","AccountGroup__c":"a02g8000002871ZAAQ","ProductHierarchy__c":"a01g8000007otrhAAA","State__c":"a04g8000000QmaTAAS","MarginValuePercent__c":15.00},"a01g8000007otrjAAA_001g8000005VaOHAA0_a05g8000001KAc9AAG":{"Account__c":"001g8000005VaOHAA0","City__c":"a05g8000001KAc9AAG","Id":"a00g800000JZjxyAAD","ProductHierarchy__c":"a01g8000007otrjAAA","MarginValuePercent__c":25.00},"01tg8000001BArcAAG_001g8000005VaOHAA0_a04g8000000QmaTAAS":{"Account__c":"001g8000005VaOHAA0","Product__c":"01tg8000001BArcAAG","Id":"a00g800000JZjxzAAD","State__c":"a04g8000000QmaTAAS","MarginValuePercent__c":5.00},"a01g8000007otrqAAA_a02g8000002871ZAAQ_a03g8000004x8aeAAA":{"Country__c":"a03g8000004x8aeAAA","Id":"a00g800000JZjy0AAD","AccountGroup__c":"a02g8000002871ZAAQ","ProductHierarchy__c":"a01g8000007otrqAAA","MarginValuePercent__c":30.00}}|0x3eced632
13:17:49.1 (217758976)|VARIABLE_SCOPE_BEGIN|[20]|h|Id|false|false
13:17:49.1 (217837597)|VARIABLE_ASSIGNMENT|[20]|h|"a01g8000007otrpAAA"
13:17:49.1 (217840536)|VARIABLE_SCOPE_BEGIN|[20]|cliente|Account|true|false
13:17:49.1 (217860206)|VARIABLE_ASSIGNMENT|[20]|cliente|{"AccountGroup__c":"a02g8000002871ZAAQ","Id":"001g8000005VaOHAA0"}|0x4d5b2d76
13:17:49.1 (217865571)|STATEMENT_EXECUTE|[20]
13:17:49.1 (217866508)|STATEMENT_EXECUTE|[21]
13:17:49.1 (217872984)|VARIABLE_SCOPE_BEGIN|[21]|p|Id|false|false
13:17:49.1 (217899809)|VARIABLE_ASSIGNMENT|[21]|p|"01tg8000001BArcAAG"
13:17:49.1 (217902238)|STATEMENT_EXECUTE|[22]
13:17:49.1 (217905272)|VARIABLE_SCOPE_BEGIN|[22]|a|Id|false|false
13:17:49.1 (217923531)|VARIABLE_ASSIGNMENT|[22]|a|"001g8000005VaOHAA0"
13:17:49.1 (217925621)|STATEMENT_EXECUTE|[23]
13:17:49.1 (217930071)|VARIABLE_SCOPE_BEGIN|[23]|g|Id|false|false
13:17:49.1 (217946761)|VARIABLE_ASSIGNMENT|[23]|g|"a02g8000002871ZAAQ"
13:17:49.1 (217948883)|STATEMENT_EXECUTE|[24]
13:17:49.1 (217951316)|VARIABLE_SCOPE_BEGIN|[24]|c|Id|false|false
13:17:49.1 (217967880)|VARIABLE_ASSIGNMENT|[24]|c|"a05g8000001KAc9AAG"
13:17:49.1 (217970295)|STATEMENT_EXECUTE|[25]
13:17:49.1 (217972618)|VARIABLE_SCOPE_BEGIN|[25]|e|Id|false|false
13:17:49.1 (217989176)|VARIABLE_ASSIGNMENT|[25]|e|"a04g8000000QmaTAAS"
13:17:49.1 (217991194)|STATEMENT_EXECUTE|[26]
13:17:49.1 (217993964)|VARIABLE_SCOPE_BEGIN|[26]|pa|Id|false|false
13:17:49.1 (218010189)|VARIABLE_ASSIGNMENT|[26]|pa|"a03g8000004x8aeAAA"
13:17:49.1 (218024902)|HEAP_ALLOCATE|[29]|Bytes:18
13:17:49.1 (218035870)|HEAP_ALLOCATE|[29]|Bytes:18
13:17:49.1 (218042076)|HEAP_ALLOCATE|[29]|Bytes:18
13:17:49.1 (218050113)|HEAP_ALLOCATE|[29]|Bytes:56
13:17:49.1 (218061372)|STATEMENT_EXECUTE|[29]
13:17:49.1 (218065233)|HEAP_ALLOCATE|[30]|Bytes:18
13:17:49.1 (218071240)|HEAP_ALLOCATE|[30]|Bytes:18
13:17:49.1 (218077085)|HEAP_ALLOCATE|[30]|Bytes:18
13:17:49.1 (218081197)|HEAP_ALLOCATE|[30]|Bytes:56
13:17:49.1 (218085655)|STATEMENT_EXECUTE|[30]
13:17:49.1 (218090797)|HEAP_ALLOCATE|[30]|Bytes:18
13:17:49.1 (218096590)|HEAP_ALLOCATE|[30]|Bytes:18
13:17:49.1 (218102160)|HEAP_ALLOCATE|[30]|Bytes:18
13:17:49.1 (218106498)|HEAP_ALLOCATE|[30]|Bytes:56
13:17:49.1 (218120817)|METHOD_EXIT|[156]|01pg8000001F8kf|PricingService.findMargin(OrderItem, Order, Map<String,Margem__c>, Id, Account)
13:17:49.1 (218125202)|VARIABLE_SCOPE_BEGIN|[156]|margem|Margem__c|true|false
13:17:49.1 (218152235)|VARIABLE_ASSIGNMENT|[156]|margem|{"Account__c":"001g8000005VaOHAA0","Product__c":"01tg8000001BArcAAG","Id":"a00g800000JZjxzAAD","State__c":"a04g8000000QmaTAAS","MarginValuePercent__c":5.00}|0x6719ea20
13:17:49.1 (218155871)|STATEMENT_EXECUTE|[157]
13:17:49.1 (218594367)|VARIABLE_ASSIGNMENT|[157]|this.MarginPercentage__c|5.00|0x1b72e92e
13:17:49.1 (218598339)|STATEMENT_EXECUTE|[160]
13:17:49.1 (218609201)|METHOD_ENTRY|[160]|01pg8000001F8kf|PricingService.findFreightValue(OrderItem, Order, Map<String,Freight__c>, Id)
13:17:49.1 (218613467)|VARIABLE_SCOPE_BEGIN|[4]|item|OrderItem|true|false
13:17:49.1 (218960795)|VARIABLE_ASSIGNMENT|[4]|item|{"IsDeleted":false,"UnitPrice":19500.00,"Product2Id":"01tg8000001BArcAAG","PricebookEntryId":"01ug8000000XoZ7AAK","TotalPrice":19500.00,"Quantity":1.00,"MarginPercentage__c":5.00,"TaxPercentage__c":18.00,"ListPrice":19500.00,"OrderId":"801g8000007E9NdAAK"}|0x1b72e92e
13:17:49.1 (218965493)|VARIABLE_SCOPE_BEGIN|[4]|pedido|Order|true|false
13:17:49.1 (219001911)|VARIABLE_ASSIGNMENT|[4]|pedido|{"DistributionCenter__c":"a06g8000000wkLpAAI","City__c":"a05g8000001KAc9AAG","Country__c":"a03g8000004x8aeAAA","Id":"801g8000007E9NdAAK","AccountId":"001g8000005VaOHAA0","State__c":"a04g8000000QmaTAAS"}|0x37d31187
13:17:49.1 (219006005)|VARIABLE_SCOPE_BEGIN|[4]|mapFrete|Map<String,Freight__c>|true|false
13:17:49.1 (219137237)|VARIABLE_ASSIGNMENT|[4]|mapFrete|{"a01g8000007otrhAAA_a04g8000000QmaTAAS":{"DistributionCenter__c":"a06g8000000wkLpAAI","Id":"a0Ag8000000XacwEAC","State__c":"a04g8000000QmaTAAS","ProductHierarchy__c":"a01g8000007otrhAAA","FreightValue__c":800.00},"a01g8000007otrjAAA_a05g8000001KAc9AAG":{"DistributionCenter__c":"a06g8000000wkLpAAI","City__c":"a05g8000001KAc9AAG","Id":"a0Ag8000000XacxEAC","ProductHierarchy__c":"a01g8000007otrjAAA","FreightValue__c":500.00},"01tg8000001BArcAAG_a04g8000000QmaTAAS":{"DistributionCenter__c":"a06g8000000wkLpAAI","Product__c":"01tg8000001BArcAAG","Id":"a0Ag8000000XacyEAC","State__c":"a04g8000000QmaTAAS","FreightValue__c":150.00},"a01g8000007otrqAAA_a03g8000004x8aeAAA":{"DistributionCenter__c":"a06g8000000wkLpAAI","Country__c":"a03g8000004x8aeAAA","Id":"a0Ag8000000XaczEAC","ProductHierarchy__c":"a01g8000007otrqAAA","FreightValue__c":50.00}}|0x35685564
13:17:49.1 (219145959)|VARIABLE_SCOPE_BEGIN|[4]|h|Id|false|false
13:17:49.1 (219203100)|VARIABLE_ASSIGNMENT|[4]|h|"a01g8000007otrpAAA"
13:17:49.1 (219207453)|STATEMENT_EXECUTE|[4]
13:17:49.1 (219208463)|STATEMENT_EXECUTE|[5]
13:17:49.1 (219214882)|VARIABLE_SCOPE_BEGIN|[5]|p|Id|false|false
13:17:49.1 (219234069)|VARIABLE_ASSIGNMENT|[5]|p|"01tg8000001BArcAAG"
13:17:49.1 (219236567)|STATEMENT_EXECUTE|[6]
13:17:49.1 (219239694)|VARIABLE_SCOPE_BEGIN|[6]|c|Id|false|false
13:17:49.1 (219256089)|VARIABLE_ASSIGNMENT|[6]|c|"a05g8000001KAc9AAG"
13:17:49.1 (219258407)|STATEMENT_EXECUTE|[7]
13:17:49.1 (219260804)|VARIABLE_SCOPE_BEGIN|[7]|e|Id|false|false
13:17:49.1 (219277197)|VARIABLE_ASSIGNMENT|[7]|e|"a04g8000000QmaTAAS"
13:17:49.1 (219279196)|STATEMENT_EXECUTE|[8]
13:17:49.1 (219281514)|VARIABLE_SCOPE_BEGIN|[8]|pa|Id|false|false
13:17:49.1 (219297514)|VARIABLE_ASSIGNMENT|[8]|pa|"a03g8000004x8aeAAA"
13:17:49.1 (219311007)|HEAP_ALLOCATE|[10]|Bytes:18
13:17:49.1 (219320919)|HEAP_ALLOCATE|[10]|Bytes:18
13:17:49.1 (219326416)|HEAP_ALLOCATE|[10]|Bytes:37
13:17:49.1 (219336241)|STATEMENT_EXECUTE|[10]
13:17:49.1 (219339766)|HEAP_ALLOCATE|[11]|Bytes:18
13:17:49.1 (219345632)|HEAP_ALLOCATE|[11]|Bytes:18
13:17:49.1 (219349776)|HEAP_ALLOCATE|[11]|Bytes:37
13:17:49.1 (219354426)|STATEMENT_EXECUTE|[11]
13:17:49.1 (219359024)|HEAP_ALLOCATE|[11]|Bytes:18
13:17:49.1 (219365132)|HEAP_ALLOCATE|[11]|Bytes:18
13:17:49.1 (219369537)|HEAP_ALLOCATE|[11]|Bytes:37
13:17:49.1 (219392144)|METHOD_EXIT|[160]|01pg8000001F8kf|PricingService.findFreightValue(OrderItem, Order, Map<String,Freight__c>, Id)
13:17:49.1 (219817289)|VARIABLE_ASSIGNMENT|[160]|this.FreightValue__c|150.00|0x1b72e92e
13:17:49.1 (219822937)|STATEMENT_EXECUTE|[163]
13:17:49.1 (219835889)|VARIABLE_SCOPE_BEGIN|[163]|custoUnitario|Decimal|false|false
13:17:49.1 (219843860)|VARIABLE_ASSIGNMENT|[163]|custoUnitario|12000.00
13:17:49.1 (219852072)|STATEMENT_EXECUTE|[166]
13:17:49.1 (219864663)|HEAP_ALLOCATE|[166]|Bytes:18
13:17:49.1 (219875645)|HEAP_ALLOCATE|[166]|Bytes:75
13:17:49.1 (219893135)|USER_DEBUG|[166]|DEBUG|>>> [DIAGNÓSTICO] Verificando parâmetros para o produto: 01tg8000001BArcAAG
13:17:49.1 (219902610)|STATEMENT_EXECUTE|[167]
13:17:49.1 (219910182)|HEAP_ALLOCATE|[167]|Bytes:8
13:17:49.1 (219917462)|HEAP_ALLOCATE|[167]|Bytes:31
13:17:49.1 (219922730)|USER_DEBUG|[167]|DEBUG|>>> Custo de Produção: 12000.00
13:17:49.1 (219928715)|STATEMENT_EXECUTE|[168]
13:17:49.1 (219938912)|HEAP_ALLOCATE|[168]|Bytes:28
13:17:49.1 (219946915)|HEAP_ALLOCATE|[168]|Bytes:6
13:17:49.1 (219954100)|HEAP_ALLOCATE|[168]|Bytes:26
13:17:49.1 (219958347)|USER_DEBUG|[168]|DEBUG|>>> Valor de Frete: 150.00
13:17:49.1 (219962628)|STATEMENT_EXECUTE|[169]
13:17:49.1 (219968105)|HEAP_ALLOCATE|[169]|Bytes:28
13:17:49.1 (219974215)|HEAP_ALLOCATE|[169]|Bytes:5
13:17:49.1 (219980163)|HEAP_ALLOCATE|[169]|Bytes:33
13:17:49.1 (219985162)|USER_DEBUG|[169]|DEBUG|>>> Porcentagem de Imposto: 18.00
13:17:49.1 (219989807)|STATEMENT_EXECUTE|[170]
13:17:49.1 (219998028)|HEAP_ALLOCATE|[170]|Bytes:4
13:17:49.1 (220004273)|HEAP_ALLOCATE|[170]|Bytes:27
13:17:49.1 (220009615)|USER_DEBUG|[170]|DEBUG|>>> Margem encontrada? true
13:17:49.1 (220014687)|STATEMENT_EXECUTE|[171]
13:17:49.1 (220016130)|STATEMENT_EXECUTE|[172]
13:17:49.1 (220026130)|HEAP_ALLOCATE|[172]|Bytes:4
13:17:49.1 (220032723)|HEAP_ALLOCATE|[172]|Bytes:31
13:17:49.1 (220037411)|USER_DEBUG|[172]|DEBUG|>>> Porcentagem de Margem: 5.00
13:17:49.1 (220042326)|STATEMENT_EXECUTE|[186]
13:17:49.1 (220046707)|HEAP_ALLOCATE|[186]|Bytes:28
13:17:49.1 (220052157)|HEAP_ALLOCATE|[186]|Bytes:28
13:17:49.1 (220059549)|METHOD_ENTRY|[186]|01pg8000001F8kf|PricingService.calculateFinalPrice(OrderItem, Decimal, Margem__c, Decimal, Decimal)
13:17:49.1 (220064125)|VARIABLE_SCOPE_BEGIN|[46]|item|OrderItem|true|false
13:17:49.1 (220695009)|VARIABLE_ASSIGNMENT|[46]|item|{"IsDeleted":false,"UnitPrice":19500.00,"Product2Id":"01tg8000001BArcAAG","PricebookEntryId":"01ug8000000XoZ7AAK","TotalPrice":19500.00,"Quantity":1.00,"MarginPercentage__c":5.00,"TaxPercentage__c":18.00,"ListPrice":19500.00,"OrderId":"801g8000007E9NdAAK","FreightValue__c":150.00}|0x1b72e92e
13:17:49.1 (220705955)|VARIABLE_SCOPE_BEGIN|[46]|frete|Decimal|false|false
13:17:49.1 (220714058)|VARIABLE_ASSIGNMENT|[46]|frete|150.00
13:17:49.1 (220717239)|VARIABLE_SCOPE_BEGIN|[46]|margem|Margem__c|true|false
13:17:49.1 (220775849)|VARIABLE_ASSIGNMENT|[46]|margem|{"Account__c":"001g8000005VaOHAA0","Product__c":"01tg8000001BArcAAG","Id":"a00g800000JZjxzAAD","State__c":"a04g8000000QmaTAAS","MarginValuePercent__c":5.00}|0x6719ea20
13:17:49.1 (220781745)|VARIABLE_SCOPE_BEGIN|[46]|impostoPercent|Decimal|false|false
13:17:49.1 (220787532)|VARIABLE_ASSIGNMENT|[46]|impostoPercent|18.00
13:17:49.1 (220791038)|VARIABLE_SCOPE_BEGIN|[46]|custo|Decimal|false|false
13:17:49.1 (220796559)|VARIABLE_ASSIGNMENT|[46]|custo|12000.00
13:17:49.1 (220802318)|STATEMENT_EXECUTE|[46]
13:17:49.1 (220803693)|STATEMENT_EXECUTE|[47]
13:17:49.1 (220822395)|VARIABLE_SCOPE_BEGIN|[47]|mPerc|Decimal|false|false
13:17:49.1 (220829588)|VARIABLE_ASSIGNMENT|[47]|mPerc|5.00
13:17:49.1 (220832373)|STATEMENT_EXECUTE|[48]
13:17:49.1 (220834151)|VARIABLE_SCOPE_BEGIN|[48]|iPerc|Decimal|false|false
13:17:49.1 (220839784)|VARIABLE_ASSIGNMENT|[48]|iPerc|18.00
13:17:49.1 (220842504)|STATEMENT_EXECUTE|[49]
13:17:49.1 (220844415)|VARIABLE_SCOPE_BEGIN|[49]|custoProd|Decimal|false|false
13:17:49.1 (220849829)|VARIABLE_ASSIGNMENT|[49]|custoProd|12000.00
13:17:49.1 (220853320)|STATEMENT_EXECUTE|[50]
13:17:49.1 (220854824)|VARIABLE_SCOPE_BEGIN|[50]|freteVal|Decimal|false|false
13:17:49.1 (220858635)|VARIABLE_ASSIGNMENT|[50]|freteVal|150.00
13:17:49.1 (220860382)|STATEMENT_EXECUTE|[53]
13:17:49.1 (220879081)|HEAP_ALLOCATE|[53]|Bytes:28
13:17:49.1 (220887142)|VARIABLE_SCOPE_BEGIN|[53]|precoBase|Decimal|false|false
13:17:49.1 (220891338)|VARIABLE_ASSIGNMENT|[53]|precoBase|12150.00
13:17:49.1 (220893484)|STATEMENT_EXECUTE|[56]
13:17:49.1 (220899819)|HEAP_ALLOCATE|[56]|Bytes:28
13:17:49.1 (220901637)|HEAP_ALLOCATE|[56]|Bytes:28
13:17:49.1 (220905267)|HEAP_ALLOCATE|[56]|Bytes:28
13:17:49.1 (220940977)|HEAP_ALLOCATE|[56]|Bytes:28
13:17:49.1 (220942827)|HEAP_ALLOCATE|[56]|Bytes:28
13:17:49.1 (220950972)|HEAP_ALLOCATE|[56]|Bytes:28
13:17:49.1 (220960002)|HEAP_ALLOCATE|[56]|Bytes:28
13:17:49.1 (220963697)|VARIABLE_SCOPE_BEGIN|[56]|precoSemMargem|Decimal|false|false
13:17:49.1 (220969072)|VARIABLE_ASSIGNMENT|[56]|precoSemMargem|14337.0000
13:17:49.1 (220970846)|STATEMENT_EXECUTE|[59]
13:17:49.1 (220973297)|HEAP_ALLOCATE|[59]|Bytes:28
13:17:49.1 (220974997)|HEAP_ALLOCATE|[59]|Bytes:28
13:17:49.1 (220977471)|HEAP_ALLOCATE|[59]|Bytes:28
13:17:49.1 (220986707)|HEAP_ALLOCATE|[59]|Bytes:28
13:17:49.1 (220988327)|HEAP_ALLOCATE|[59]|Bytes:28
13:17:49.1 (220995252)|HEAP_ALLOCATE|[59]|Bytes:28
13:17:49.1 (221001966)|HEAP_ALLOCATE|[59]|Bytes:28
13:17:49.1 (221006649)|VARIABLE_SCOPE_BEGIN|[59]|precoCalculado|Decimal|false|false
13:17:49.1 (221010937)|VARIABLE_ASSIGNMENT|[59]|precoCalculado|15053.850000
13:17:49.1 (221012792)|STATEMENT_EXECUTE|[62]
13:17:49.1 (221458178)|VARIABLE_ASSIGNMENT|[62]|this.ProductionCost__c|12000.00|0x1b72e92e
13:17:49.1 (221462362)|STATEMENT_EXECUTE|[63]
13:17:49.1 (221857329)|VARIABLE_ASSIGNMENT|[63]|this.MarginPercentage__c|5.00|0x1b72e92e
13:17:49.1 (221861218)|STATEMENT_EXECUTE|[64]
13:17:49.1 (222234296)|VARIABLE_ASSIGNMENT|[64]|this.FreightValue__c|150.00|0x1b72e92e
13:17:49.1 (222239786)|STATEMENT_EXECUTE|[65]
13:17:49.1 (222881331)|VARIABLE_ASSIGNMENT|[65]|this.TaxPercentage__c|18.00|0x1b72e92e
13:17:49.1 (222890414)|STATEMENT_EXECUTE|[66]
13:17:49.1 (223400187)|VARIABLE_ASSIGNMENT|[66]|this.PriceWithoutMargin__c|14337.0000|0x1b72e92e
13:17:49.1 (223407240)|STATEMENT_EXECUTE|[67]
13:17:49.1 (223759997)|VARIABLE_ASSIGNMENT|[67]|this.FinalPrice__c|15053.850000|0x1b72e92e
13:17:49.1 (223764159)|STATEMENT_EXECUTE|[70]
13:17:49.1 (223782589)|VARIABLE_SCOPE_BEGIN|[70]|unitPriceDigitado|Decimal|false|false
13:17:49.1 (223789979)|VARIABLE_ASSIGNMENT|[70]|unitPriceDigitado|19500.00
13:17:49.1 (223802834)|HEAP_ALLOCATE|[73]|Bytes:28
13:17:49.1 (223807309)|HEAP_ALLOCATE|[73]|Bytes:28
13:17:49.1 (223833836)|STATEMENT_EXECUTE|[73]
13:17:49.1 (223834867)|STATEMENT_EXECUTE|[74]
13:17:49.1 (223843686)|HEAP_ALLOCATE|[74]|Bytes:28
13:17:49.1 (223898349)|HEAP_ALLOCATE|[74]|Bytes:28
13:17:49.1 (223900046)|HEAP_ALLOCATE|[74]|Bytes:28
13:17:49.1 (224265260)|VARIABLE_ASSIGNMENT|[74]|this.DiscountPercentage__c|-0.295349694596398927849022010980580|0x1b72e92e
13:17:49.1 (224269098)|STATEMENT_EXECUTE|[75]
13:17:49.1 (224275813)|HEAP_ALLOCATE|[75]|Bytes:28
13:17:49.1 (224657207)|VARIABLE_ASSIGNMENT|[75]|this.DiscountValue__c|-4446.150000|0x1b72e92e
13:17:49.1 (224672412)|METHOD_EXIT|[186]|01pg8000001F8kf|PricingService.calculateFinalPrice(OrderItem, Decimal, Margem__c, Decimal, Decimal)
13:17:49.1 (224699217)|HEAP_ALLOCATE|[130]|Bytes:5
13:17:49.1 (224723457)|HEAP_ALLOCATE|[130]|Bytes:4
13:17:49.1 (224734613)|VARIABLE_SCOPE_BEGIN|[130]|item|OrderItem|true|false
13:17:49.1 (225371315)|VARIABLE_ASSIGNMENT|[130]|item|{"IsDeleted":false,"UnitPrice":1280000.00,"Product2Id":"01tg8000001BArWAAW","PricebookEntryId":"01ug8000000XnjVAAS","TotalPrice":1280000.00,"Quantity":1.00,"ListPrice":1280000.00,"OrderId":"801g8000007DOjhAAG"}|0x4f2368a8
13:17:49.1 (225383075)|STATEMENT_EXECUTE|[130]
13:17:49.1 (225384761)|STATEMENT_EXECUTE|[131]
13:17:49.1 (225419763)|VARIABLE_SCOPE_BEGIN|[131]|pedido|Order|true|false
13:17:49.1 (225498520)|VARIABLE_ASSIGNMENT|[131]|pedido|{"DistributionCenter__c":"a06g8000000wkLpAAI","City__c":"a05g8000001i8KfAAI","Country__c":"a03g8000004x8aeAAA","Id":"801g8000007DOjhAAG","AccountId":"001g8000005VaOHAA0","State__c":"a04g8000000VkhhAAC"}|0x3216c88f
13:17:49.1 (225504764)|STATEMENT_EXECUTE|[132]
13:17:49.1 (225522921)|VARIABLE_SCOPE_BEGIN|[132]|produto|Product2|true|false
13:17:49.1 (225563262)|VARIABLE_ASSIGNMENT|[132]|produto|{"ProductionCost__c":850000.00,"ProductHierarchy__c":"a01g8000007otrhAAA","Id":"01tg8000001BArWAAW"}|0x48a20325
13:17:49.1 (225568379)|STATEMENT_EXECUTE|[133]
13:17:49.1 (225583247)|VARIABLE_SCOPE_BEGIN|[133]|cliente|Account|true|false
13:17:49.1 (225604806)|VARIABLE_ASSIGNMENT|[133]|cliente|{"AccountGroup__c":"a02g8000002871ZAAQ","Id":"001g8000005VaOHAA0"}|0x4d5b2d76
13:17:49.1 (225626823)|HEAP_ALLOCATE|[136]|Bytes:28
13:17:49.1 (225632579)|HEAP_ALLOCATE|[136]|Bytes:28
13:17:49.1 (225663183)|HEAP_ALLOCATE|[136]|Bytes:28
13:17:49.1 (225665901)|HEAP_ALLOCATE|[136]|Bytes:28
13:17:49.1 (225678776)|STATEMENT_EXECUTE|[136]
13:17:49.1 (225681735)|STATEMENT_EXECUTE|[143]
13:17:49.1 (225682714)|STATEMENT_EXECUTE|[147]
13:17:49.1 (225690599)|HEAP_ALLOCATE|[147]|Bytes:18
13:17:49.1 (225699612)|HEAP_ALLOCATE|[148]|Bytes:18
13:17:49.1 (225707266)|HEAP_ALLOCATE|[149]|Bytes:18
13:17:49.1 (225713155)|HEAP_ALLOCATE|[147]|Bytes:54
13:17:49.1 (225716554)|VARIABLE_SCOPE_BEGIN|[147]|keyOrderItemImposto|String|false|false
13:17:49.1 (225723489)|VARIABLE_ASSIGNMENT|[147]|keyOrderItemImposto|"01tg8000001BArWAAWa0 (34 more) ..."
13:17:49.1 (225726146)|STATEMENT_EXECUTE|[151]
13:17:49.1 (225734814)|VARIABLE_SCOPE_BEGIN|[151]|impostoEncontrado|Tax__c|true|false
13:17:49.1 (225745301)|VARIABLE_ASSIGNMENT|[151]|impostoEncontrado|null|
13:17:49.1 (225747434)|STATEMENT_EXECUTE|[153]
13:17:49.1 (225752655)|HEAP_ALLOCATE|[153]|Bytes:28
13:17:49.1 (225754371)|HEAP_ALLOCATE|[153]|Bytes:28
13:17:49.1 (226230961)|VARIABLE_ASSIGNMENT|[153]|this.TaxPercentage__c|0|0x4f2368a8
13:17:49.1 (226236798)|STATEMENT_EXECUTE|[156]
13:17:49.1 (226250984)|METHOD_ENTRY|[156]|01pg8000001F8kf|PricingService.findMargin(OrderItem, Order, Map<String,Margem__c>, Id, Account)
13:17:49.1 (226256866)|VARIABLE_SCOPE_BEGIN|[20]|item|OrderItem|true|false
13:17:49.1 (226860520)|VARIABLE_ASSIGNMENT|[20]|item|{"IsDeleted":false,"UnitPrice":1280000.00,"Product2Id":"01tg8000001BArWAAW","PricebookEntryId":"01ug8000000XnjVAAS","TotalPrice":1280000.00,"Quantity":1.00,"TaxPercentage__c":0,"ListPrice":1280000.00,"OrderId":"801g8000007DOjhAAG"}|0x4f2368a8
13:17:49.1 (226871686)|VARIABLE_SCOPE_BEGIN|[20]|pedido|Order|true|false
13:17:49.1 (226933571)|VARIABLE_ASSIGNMENT|[20]|pedido|{"DistributionCenter__c":"a06g8000000wkLpAAI","City__c":"a05g8000001i8KfAAI","Country__c":"a03g8000004x8aeAAA","Id":"801g8000007DOjhAAG","AccountId":"001g8000005VaOHAA0","State__c":"a04g8000000VkhhAAC"}|0x3216c88f
13:17:49.1 (226938769)|VARIABLE_SCOPE_BEGIN|[20]|mapMargin|Map<String,Margem__c>|true|false
13:17:49.1 (227062042)|VARIABLE_ASSIGNMENT|[20]|mapMargin|{"a01g8000007otrhAAA_a02g8000002871ZAAQ_a04g8000000QmaTAAS":{"Id":"a00g800000JZjxxAAD","AccountGroup__c":"a02g8000002871ZAAQ","ProductHierarchy__c":"a01g8000007otrhAAA","State__c":"a04g8000000QmaTAAS","MarginValuePercent__c":15.00},"a01g8000007otrjAAA_001g8000005VaOHAA0_a05g8000001KAc9AAG":{"Account__c":"001g8000005VaOHAA0","City__c":"a05g8000001KAc9AAG","Id":"a00g800000JZjxyAAD","ProductHierarchy__c":"a01g8000007otrjAAA","MarginValuePercent__c":25.00},"01tg8000001BArcAAG_001g8000005VaOHAA0_a04g8000000QmaTAAS":{"Account__c":"001g8000005VaOHAA0","Product__c":"01tg8000001BArcAAG","Id":"a00g800000JZjxzAAD","State__c":"a04g8000000QmaTAAS","MarginValuePercent__c":5.00},"a01g8000007otrqAAA_a02g8000002871ZAAQ_a03g8000004x8aeAAA":{"Country__c":"a03g8000004x8aeAAA","Id":"a00g800000JZjy0AAD","AccountGroup__c":"a02g8000002871ZAAQ","ProductHierarchy__c":"a01g8000007otrqAAA","MarginValuePercent__c":30.00}}|0x3eced632
13:17:49.1 (227077457)|VARIABLE_SCOPE_BEGIN|[20]|h|Id|false|false
13:17:49.1 (227171726)|VARIABLE_ASSIGNMENT|[20]|h|"a01g8000007otrhAAA"
13:17:49.1 (227175275)|VARIABLE_SCOPE_BEGIN|[20]|cliente|Account|true|false
13:17:49.1 (227201245)|VARIABLE_ASSIGNMENT|[20]|cliente|{"AccountGroup__c":"a02g8000002871ZAAQ","Id":"001g8000005VaOHAA0"}|0x4d5b2d76
13:17:49.1 (227207235)|STATEMENT_EXECUTE|[20]
13:17:49.1 (227208441)|STATEMENT_EXECUTE|[21]
13:17:49.1 (227219915)|VARIABLE_SCOPE_BEGIN|[21]|p|Id|false|false
13:17:49.1 (227247370)|VARIABLE_ASSIGNMENT|[21]|p|"01tg8000001BArWAAW"
13:17:49.1 (227251275)|STATEMENT_EXECUTE|[22]
13:17:49.1 (227256777)|VARIABLE_SCOPE_BEGIN|[22]|a|Id|false|false
13:17:49.1 (227285950)|VARIABLE_ASSIGNMENT|[22]|a|"001g8000005VaOHAA0"
13:17:49.1 (227289537)|STATEMENT_EXECUTE|[23]
13:17:49.1 (227295925)|VARIABLE_SCOPE_BEGIN|[23]|g|Id|false|false
13:17:49.1 (227314816)|VARIABLE_ASSIGNMENT|[23]|g|"a02g8000002871ZAAQ"
13:17:49.1 (227316925)|STATEMENT_EXECUTE|[24]
13:17:49.1 (227319824)|VARIABLE_SCOPE_BEGIN|[24]|c|Id|false|false
13:17:49.1 (227335980)|VARIABLE_ASSIGNMENT|[24]|c|"a05g8000001i8KfAAI"
13:17:49.1 (227338416)|STATEMENT_EXECUTE|[25]
13:17:49.1 (227340889)|VARIABLE_SCOPE_BEGIN|[25]|e|Id|false|false
13:17:49.1 (227356966)|VARIABLE_ASSIGNMENT|[25]|e|"a04g8000000VkhhAAC"
13:17:49.1 (227358859)|STATEMENT_EXECUTE|[26]
13:17:49.1 (227361379)|VARIABLE_SCOPE_BEGIN|[26]|pa|Id|false|false
13:17:49.1 (227376933)|VARIABLE_ASSIGNMENT|[26]|pa|"a03g8000004x8aeAAA"
13:17:49.1 (227395561)|HEAP_ALLOCATE|[29]|Bytes:18
13:17:49.1 (227408289)|HEAP_ALLOCATE|[29]|Bytes:18
13:17:49.1 (227414579)|HEAP_ALLOCATE|[29]|Bytes:18
13:17:49.1 (227422367)|HEAP_ALLOCATE|[29]|Bytes:56
13:17:49.1 (227435319)|STATEMENT_EXECUTE|[29]
13:17:49.1 (227439286)|HEAP_ALLOCATE|[30]|Bytes:18
13:17:49.1 (227445610)|HEAP_ALLOCATE|[30]|Bytes:18
13:17:49.1 (227451341)|HEAP_ALLOCATE|[30]|Bytes:18
13:17:49.1 (227455619)|HEAP_ALLOCATE|[30]|Bytes:56
13:17:49.1 (227460017)|STATEMENT_EXECUTE|[30]
13:17:49.1 (227463502)|HEAP_ALLOCATE|[31]|Bytes:18
13:17:49.1 (227469252)|HEAP_ALLOCATE|[31]|Bytes:18
13:17:49.1 (227475211)|HEAP_ALLOCATE|[31]|Bytes:18
13:17:49.1 (227479140)|HEAP_ALLOCATE|[31]|Bytes:56
13:17:49.1 (227483364)|STATEMENT_EXECUTE|[31]
13:17:49.1 (227486809)|HEAP_ALLOCATE|[32]|Bytes:18
13:17:49.1 (227492494)|HEAP_ALLOCATE|[32]|Bytes:18
13:17:49.1 (227498034)|HEAP_ALLOCATE|[32]|Bytes:18
13:17:49.1 (227501881)|HEAP_ALLOCATE|[32]|Bytes:56
13:17:49.1 (227505973)|STATEMENT_EXECUTE|[32]
13:17:49.1 (227509337)|HEAP_ALLOCATE|[33]|Bytes:18
13:17:49.1 (227515166)|HEAP_ALLOCATE|[33]|Bytes:18
13:17:49.1 (227520716)|HEAP_ALLOCATE|[33]|Bytes:18
13:17:49.1 (227524656)|HEAP_ALLOCATE|[33]|Bytes:56
13:17:49.1 (227528836)|STATEMENT_EXECUTE|[33]
13:17:49.1 (227532101)|HEAP_ALLOCATE|[34]|Bytes:18
13:17:49.1 (227537894)|HEAP_ALLOCATE|[34]|Bytes:18
13:17:49.1 (227543484)|HEAP_ALLOCATE|[34]|Bytes:18
13:17:49.1 (227547511)|HEAP_ALLOCATE|[34]|Bytes:56
13:17:49.1 (227551719)|STATEMENT_EXECUTE|[34]
13:17:49.1 (227555354)|HEAP_ALLOCATE|[36]|Bytes:18
13:17:49.1 (227561064)|HEAP_ALLOCATE|[36]|Bytes:18
13:17:49.1 (227566664)|HEAP_ALLOCATE|[36]|Bytes:18
13:17:49.1 (227571024)|HEAP_ALLOCATE|[36]|Bytes:56
13:17:49.1 (227577081)|STATEMENT_EXECUTE|[36]
13:17:49.1 (227582231)|HEAP_ALLOCATE|[37]|Bytes:18
13:17:49.1 (227590441)|HEAP_ALLOCATE|[37]|Bytes:18
13:17:49.1 (227599531)|HEAP_ALLOCATE|[37]|Bytes:18
13:17:49.1 (227605038)|HEAP_ALLOCATE|[37]|Bytes:56
13:17:49.1 (227610807)|STATEMENT_EXECUTE|[37]
13:17:49.1 (227615655)|HEAP_ALLOCATE|[38]|Bytes:18
13:17:49.1 (227624299)|HEAP_ALLOCATE|[38]|Bytes:18
13:17:49.1 (227632971)|HEAP_ALLOCATE|[38]|Bytes:18
13:17:49.1 (227639194)|HEAP_ALLOCATE|[38]|Bytes:56
13:17:49.1 (227645051)|STATEMENT_EXECUTE|[38]
13:17:49.1 (227649839)|HEAP_ALLOCATE|[39]|Bytes:18
13:17:49.1 (227659741)|HEAP_ALLOCATE|[39]|Bytes:18
13:17:49.1 (227666711)|HEAP_ALLOCATE|[39]|Bytes:18
13:17:49.1 (227672506)|HEAP_ALLOCATE|[39]|Bytes:56
13:17:49.1 (227678200)|STATEMENT_EXECUTE|[39]
13:17:49.1 (227682758)|HEAP_ALLOCATE|[40]|Bytes:18
13:17:49.1 (227690741)|HEAP_ALLOCATE|[40]|Bytes:18
13:17:49.1 (227699533)|HEAP_ALLOCATE|[40]|Bytes:18
13:17:49.1 (227705295)|HEAP_ALLOCATE|[40]|Bytes:56
13:17:49.1 (227711173)|STATEMENT_EXECUTE|[40]
13:17:49.1 (227759155)|HEAP_ALLOCATE|[41]|Bytes:18
13:17:49.1 (227766220)|HEAP_ALLOCATE|[41]|Bytes:18
13:17:49.1 (227771973)|HEAP_ALLOCATE|[41]|Bytes:18
13:17:49.1 (227776628)|HEAP_ALLOCATE|[41]|Bytes:56
13:17:49.1 (227783825)|STATEMENT_EXECUTE|[41]
13:17:49.1 (227784818)|STATEMENT_EXECUTE|[43]
13:17:49.1 (227832793)|HEAP_ALLOCATE|[43]|Bytes:4
13:17:49.1 (227966102)|HEAP_ALLOCATE|[43]|Bytes:28
13:17:49.1 (227968346)|HEAP_ALLOCATE|[43]|Bytes:28
13:17:49.1 (228007387)|VARIABLE_ASSIGNMENT|[43]|this.MarginValuePercent__c|0|0x1278608f
13:17:49.1 (228035673)|METHOD_EXIT|[156]|01pg8000001F8kf|PricingService.findMargin(OrderItem, Order, Map<String,Margem__c>, Id, Account)
13:17:49.1 (228041517)|VARIABLE_SCOPE_BEGIN|[156]|margem|Margem__c|true|false
13:17:49.1 (228053257)|VARIABLE_ASSIGNMENT|[156]|margem|{"MarginValuePercent__c":0}|0x1278608f
13:17:49.1 (228056139)|STATEMENT_EXECUTE|[157]
13:17:49.1 (228064316)|HEAP_ALLOCATE|[157]|Bytes:28
13:17:49.1 (228521004)|VARIABLE_ASSIGNMENT|[157]|this.MarginPercentage__c|0|0x4f2368a8
13:17:49.1 (228524713)|STATEMENT_EXECUTE|[160]
13:17:49.1 (228535506)|METHOD_ENTRY|[160]|01pg8000001F8kf|PricingService.findFreightValue(OrderItem, Order, Map<String,Freight__c>, Id)
13:17:49.1 (228539593)|VARIABLE_SCOPE_BEGIN|[4]|item|OrderItem|true|false
13:17:49.1 (228894627)|VARIABLE_ASSIGNMENT|[4]|item|{"IsDeleted":false,"UnitPrice":1280000.00,"Product2Id":"01tg8000001BArWAAW","PricebookEntryId":"01ug8000000XnjVAAS","TotalPrice":1280000.00,"Quantity":1.00,"MarginPercentage__c":0,"TaxPercentage__c":0,"ListPrice":1280000.00,"OrderId":"801g8000007DOjhAAG"}|0x4f2368a8
13:17:49.1 (228899852)|VARIABLE_SCOPE_BEGIN|[4]|pedido|Order|true|false
13:17:49.1 (228946182)|VARIABLE_ASSIGNMENT|[4]|pedido|{"DistributionCenter__c":"a06g8000000wkLpAAI","City__c":"a05g8000001i8KfAAI","Country__c":"a03g8000004x8aeAAA","Id":"801g8000007DOjhAAG","AccountId":"001g8000005VaOHAA0","State__c":"a04g8000000VkhhAAC"}|0x3216c88f
13:17:49.1 (228950685)|VARIABLE_SCOPE_BEGIN|[4]|mapFrete|Map<String,Freight__c>|true|false
13:17:49.1 (229062435)|VARIABLE_ASSIGNMENT|[4]|mapFrete|{"a01g8000007otrhAAA_a04g8000000QmaTAAS":{"DistributionCenter__c":"a06g8000000wkLpAAI","Id":"a0Ag8000000XacwEAC","State__c":"a04g8000000QmaTAAS","ProductHierarchy__c":"a01g8000007otrhAAA","FreightValue__c":800.00},"a01g8000007otrjAAA_a05g8000001KAc9AAG":{"DistributionCenter__c":"a06g8000000wkLpAAI","City__c":"a05g8000001KAc9AAG","Id":"a0Ag8000000XacxEAC","ProductHierarchy__c":"a01g8000007otrjAAA","FreightValue__c":500.00},"01tg8000001BArcAAG_a04g8000000QmaTAAS":{"DistributionCenter__c":"a06g8000000wkLpAAI","Product__c":"01tg8000001BArcAAG","Id":"a0Ag8000000XacyEAC","State__c":"a04g8000000QmaTAAS","FreightValue__c":150.00},"a01g8000007otrqAAA_a03g8000004x8aeAAA":{"DistributionCenter__c":"a06g8000000wkLpAAI","Country__c":"a03g8000004x8aeAAA","Id":"a0Ag8000000XaczEAC","ProductHierarchy__c":"a01g8000007otrqAAA","FreightValue__c":50.00}}|0x35685564
13:17:49.1 (229076265)|VARIABLE_SCOPE_BEGIN|[4]|h|Id|false|false
13:17:49.1 (229160211)|VARIABLE_ASSIGNMENT|[4]|h|"a01g8000007otrhAAA"
13:17:49.1 (229166638)|STATEMENT_EXECUTE|[4]
13:17:49.1 (229168081)|STATEMENT_EXECUTE|[5]
13:17:49.1 (229176547)|VARIABLE_SCOPE_BEGIN|[5]|p|Id|false|false
13:17:49.1 (229209141)|VARIABLE_ASSIGNMENT|[5]|p|"01tg8000001BArWAAW"
13:17:49.1 (229212539)|STATEMENT_EXECUTE|[6]
13:17:49.1 (229217207)|VARIABLE_SCOPE_BEGIN|[6]|c|Id|false|false
13:17:49.1 (229243647)|VARIABLE_ASSIGNMENT|[6]|c|"a05g8000001i8KfAAI"
13:17:49.1 (229246885)|STATEMENT_EXECUTE|[7]
13:17:49.1 (229250613)|VARIABLE_SCOPE_BEGIN|[7]|e|Id|false|false
13:17:49.1 (229275979)|VARIABLE_ASSIGNMENT|[7]|e|"a04g8000000VkhhAAC"
13:17:49.1 (229278857)|STATEMENT_EXECUTE|[8]
13:17:49.1 (229282548)|VARIABLE_SCOPE_BEGIN|[8]|pa|Id|false|false
13:17:49.1 (229306850)|VARIABLE_ASSIGNMENT|[8]|pa|"a03g8000004x8aeAAA"
13:17:49.1 (229324896)|HEAP_ALLOCATE|[10]|Bytes:18
13:17:49.1 (229339041)|HEAP_ALLOCATE|[10]|Bytes:18
13:17:49.1 (229346842)|HEAP_ALLOCATE|[10]|Bytes:37
13:17:49.1 (229359959)|STATEMENT_EXECUTE|[10]
13:17:49.1 (229365059)|HEAP_ALLOCATE|[11]|Bytes:18
13:17:49.1 (229373856)|HEAP_ALLOCATE|[11]|Bytes:18
13:17:49.1 (229379778)|HEAP_ALLOCATE|[11]|Bytes:37
13:17:49.1 (229385854)|STATEMENT_EXECUTE|[11]
13:17:49.1 (229391029)|HEAP_ALLOCATE|[12]|Bytes:18
13:17:49.1 (229399873)|HEAP_ALLOCATE|[12]|Bytes:18
13:17:49.1 (229405979)|HEAP_ALLOCATE|[12]|Bytes:37
13:17:49.1 (229411849)|STATEMENT_EXECUTE|[12]
13:17:49.1 (229416750)|HEAP_ALLOCATE|[13]|Bytes:18
13:17:49.1 (229422976)|HEAP_ALLOCATE|[13]|Bytes:18
13:17:49.1 (229426878)|HEAP_ALLOCATE|[13]|Bytes:37
13:17:49.1 (229431433)|STATEMENT_EXECUTE|[13]
13:17:49.1 (229434947)|HEAP_ALLOCATE|[14]|Bytes:18
13:17:49.1 (229440890)|HEAP_ALLOCATE|[14]|Bytes:18
13:17:49.1 (229444841)|HEAP_ALLOCATE|[14]|Bytes:37
13:17:49.1 (229448991)|STATEMENT_EXECUTE|[14]
13:17:49.1 (229480763)|HEAP_ALLOCATE|[15]|Bytes:18
13:17:49.1 (229487299)|HEAP_ALLOCATE|[15]|Bytes:18
13:17:49.1 (229491808)|HEAP_ALLOCATE|[15]|Bytes:37
13:17:49.1 (229498070)|STATEMENT_EXECUTE|[15]
13:17:49.1 (229498942)|STATEMENT_EXECUTE|[17]
13:17:49.1 (229510256)|HEAP_ALLOCATE|[17]|Bytes:28
13:17:49.1 (229512130)|HEAP_ALLOCATE|[17]|Bytes:28
13:17:49.1 (229518680)|METHOD_EXIT|[160]|01pg8000001F8kf|PricingService.findFreightValue(OrderItem, Order, Map<String,Freight__c>, Id)
13:17:49.1 (230093019)|VARIABLE_ASSIGNMENT|[160]|this.FreightValue__c|0|0x4f2368a8
13:17:49.1 (230101376)|STATEMENT_EXECUTE|[163]
13:17:49.1 (230120626)|VARIABLE_SCOPE_BEGIN|[163]|custoUnitario|Decimal|false|false
13:17:49.1 (230130366)|VARIABLE_ASSIGNMENT|[163]|custoUnitario|850000.00
13:17:49.1 (230133416)|STATEMENT_EXECUTE|[166]
13:17:49.1 (230151744)|HEAP_ALLOCATE|[166]|Bytes:18
13:17:49.1 (230163316)|HEAP_ALLOCATE|[166]|Bytes:75
13:17:49.1 (230180191)|USER_DEBUG|[166]|DEBUG|>>> [DIAGNÓSTICO] Verificando parâmetros para o produto: 01tg8000001BArWAAW
13:17:49.1 (230189582)|STATEMENT_EXECUTE|[167]
13:17:49.1 (230196324)|HEAP_ALLOCATE|[167]|Bytes:9
13:17:49.1 (230203348)|HEAP_ALLOCATE|[167]|Bytes:32
13:17:49.1 (230207816)|USER_DEBUG|[167]|DEBUG|>>> Custo de Produção: 850000.00
13:17:49.1 (230213503)|STATEMENT_EXECUTE|[168]
13:17:49.1 (230221088)|HEAP_ALLOCATE|[168]|Bytes:28
13:17:49.1 (230228430)|HEAP_ALLOCATE|[168]|Bytes:1
13:17:49.1 (230235064)|HEAP_ALLOCATE|[168]|Bytes:21
13:17:49.1 (230239471)|USER_DEBUG|[168]|DEBUG|>>> Valor de Frete: 0
13:17:49.1 (230244010)|STATEMENT_EXECUTE|[169]
13:17:49.1 (230249568)|HEAP_ALLOCATE|[169]|Bytes:28
13:17:49.1 (230256155)|HEAP_ALLOCATE|[169]|Bytes:1
13:17:49.1 (230262516)|HEAP_ALLOCATE|[169]|Bytes:29
13:17:49.1 (230267043)|USER_DEBUG|[169]|DEBUG|>>> Porcentagem de Imposto: 0
13:17:49.1 (230271081)|STATEMENT_EXECUTE|[170]
13:17:49.1 (230279098)|HEAP_ALLOCATE|[170]|Bytes:4
13:17:49.1 (230285483)|HEAP_ALLOCATE|[170]|Bytes:27
13:17:49.1 (230289939)|USER_DEBUG|[170]|DEBUG|>>> Margem encontrada? true
13:17:49.1 (230294631)|STATEMENT_EXECUTE|[171]
13:17:49.1 (230296095)|STATEMENT_EXECUTE|[172]
13:17:49.1 (230302473)|HEAP_ALLOCATE|[172]|Bytes:28
13:17:49.1 (230310223)|HEAP_ALLOCATE|[172]|Bytes:1
13:17:49.1 (230316268)|HEAP_ALLOCATE|[172]|Bytes:28
13:17:49.1 (230321061)|USER_DEBUG|[172]|DEBUG|>>> Porcentagem de Margem: 0
13:17:49.1 (230325903)|STATEMENT_EXECUTE|[186]
13:17:49.1 (230329654)|HEAP_ALLOCATE|[186]|Bytes:28
13:17:49.1 (230334439)|HEAP_ALLOCATE|[186]|Bytes:28
13:17:49.1 (230342360)|METHOD_ENTRY|[186]|01pg8000001F8kf|PricingService.calculateFinalPrice(OrderItem, Decimal, Margem__c, Decimal, Decimal)
13:17:49.1 (230347695)|VARIABLE_SCOPE_BEGIN|[46]|item|OrderItem|true|false
13:17:49.1 (231052108)|VARIABLE_ASSIGNMENT|[46]|item|{"IsDeleted":false,"UnitPrice":1280000.00,"Product2Id":"01tg8000001BArWAAW","PricebookEntryId":"01ug8000000XnjVAAS","TotalPrice":1280000.00,"Quantity":1.00,"MarginPercentage__c":0,"TaxPercentage__c":0,"ListPrice":1280000.00,"OrderId":"801g8000007DOjhAAG","FreightValue__c":0}|0x4f2368a8
13:17:49.1 (231068096)|VARIABLE_SCOPE_BEGIN|[46]|frete|Decimal|false|false
13:17:49.1 (231077720)|VARIABLE_ASSIGNMENT|[46]|frete|0
13:17:49.1 (231081724)|VARIABLE_SCOPE_BEGIN|[46]|margem|Margem__c|true|false
13:17:49.1 (231094321)|VARIABLE_ASSIGNMENT|[46]|margem|{"MarginValuePercent__c":0}|0x1278608f
13:17:49.1 (231098557)|VARIABLE_SCOPE_BEGIN|[46]|impostoPercent|Decimal|false|false
13:17:49.1 (231105493)|VARIABLE_ASSIGNMENT|[46]|impostoPercent|0
13:17:49.1 (231109086)|VARIABLE_SCOPE_BEGIN|[46]|custo|Decimal|false|false
13:17:49.1 (231124474)|VARIABLE_ASSIGNMENT|[46]|custo|850000.00
13:17:49.1 (231131371)|STATEMENT_EXECUTE|[46]
13:17:49.1 (231132962)|STATEMENT_EXECUTE|[47]
13:17:49.1 (231151439)|HEAP_ALLOCATE|[47]|Bytes:28
13:17:49.1 (231162932)|HEAP_ALLOCATE|[47]|Bytes:28
13:17:49.1 (231168169)|VARIABLE_SCOPE_BEGIN|[47]|mPerc|Decimal|false|false
13:17:49.1 (231175693)|VARIABLE_ASSIGNMENT|[47]|mPerc|0
13:17:49.1 (231179184)|STATEMENT_EXECUTE|[48]
13:17:49.1 (231181435)|VARIABLE_SCOPE_BEGIN|[48]|iPerc|Decimal|false|false
13:17:49.1 (231187964)|VARIABLE_ASSIGNMENT|[48]|iPerc|0
13:17:49.1 (231190995)|STATEMENT_EXECUTE|[49]
13:17:49.1 (231193094)|VARIABLE_SCOPE_BEGIN|[49]|custoProd|Decimal|false|false
13:17:49.1 (231199251)|VARIABLE_ASSIGNMENT|[49]|custoProd|850000.00
13:17:49.1 (231201908)|STATEMENT_EXECUTE|[50]
13:17:49.1 (231204060)|VARIABLE_SCOPE_BEGIN|[50]|freteVal|Decimal|false|false
13:17:49.1 (231209418)|VARIABLE_ASSIGNMENT|[50]|freteVal|0
13:17:49.1 (231211893)|STATEMENT_EXECUTE|[53]
13:17:49.1 (231237098)|HEAP_ALLOCATE|[53]|Bytes:28
13:17:49.1 (231246710)|VARIABLE_SCOPE_BEGIN|[53]|precoBase|Decimal|false|false
13:17:49.1 (231254398)|VARIABLE_ASSIGNMENT|[53]|precoBase|850000.00
13:17:49.1 (231257575)|STATEMENT_EXECUTE|[56]
13:17:49.1 (231263288)|HEAP_ALLOCATE|[56]|Bytes:28
13:17:49.1 (231265929)|HEAP_ALLOCATE|[56]|Bytes:28
13:17:49.1 (231270593)|HEAP_ALLOCATE|[56]|Bytes:28
13:17:49.1 (231284113)|HEAP_ALLOCATE|[56]|Bytes:28
13:17:49.1 (231286420)|HEAP_ALLOCATE|[56]|Bytes:28
13:17:49.1 (231305658)|HEAP_ALLOCATE|[56]|Bytes:28
13:17:49.1 (231308238)|HEAP_ALLOCATE|[56]|Bytes:28
13:17:49.1 (231321338)|HEAP_ALLOCATE|[56]|Bytes:28
13:17:49.1 (231327592)|VARIABLE_SCOPE_BEGIN|[56]|precoSemMargem|Decimal|false|false
13:17:49.1 (231334065)|VARIABLE_ASSIGNMENT|[56]|precoSemMargem|850000.00
13:17:49.1 (231336626)|STATEMENT_EXECUTE|[59]
13:17:49.1 (231340248)|HEAP_ALLOCATE|[59]|Bytes:28
13:17:49.1 (231343077)|HEAP_ALLOCATE|[59]|Bytes:28
13:17:49.1 (231347735)|HEAP_ALLOCATE|[59]|Bytes:28
13:17:49.1 (231357244)|HEAP_ALLOCATE|[59]|Bytes:28
13:17:49.1 (231359510)|HEAP_ALLOCATE|[59]|Bytes:28
13:17:49.1 (231369413)|HEAP_ALLOCATE|[59]|Bytes:28
13:17:49.1 (231371438)|HEAP_ALLOCATE|[59]|Bytes:28
13:17:49.1 (231381298)|HEAP_ALLOCATE|[59]|Bytes:28
13:17:49.1 (231387193)|VARIABLE_SCOPE_BEGIN|[59]|precoCalculado|Decimal|false|false
13:17:49.1 (231392854)|VARIABLE_ASSIGNMENT|[59]|precoCalculado|850000.00
13:17:49.1 (231395646)|STATEMENT_EXECUTE|[62]
13:17:49.1 (231837567)|VARIABLE_ASSIGNMENT|[62]|this.ProductionCost__c|850000.00|0x4f2368a8
13:17:49.1 (231841599)|STATEMENT_EXECUTE|[63]
13:17:49.1 (232187111)|VARIABLE_ASSIGNMENT|[63]|this.MarginPercentage__c|0|0x4f2368a8
13:17:49.1 (232190359)|STATEMENT_EXECUTE|[64]
13:17:49.1 (232521611)|VARIABLE_ASSIGNMENT|[64]|this.FreightValue__c|0|0x4f2368a8
13:17:49.1 (232524388)|STATEMENT_EXECUTE|[65]
13:17:49.1 (232849960)|VARIABLE_ASSIGNMENT|[65]|this.TaxPercentage__c|0|0x4f2368a8
13:17:49.1 (232853034)|STATEMENT_EXECUTE|[66]
13:17:49.1 (233182113)|VARIABLE_ASSIGNMENT|[66]|this.PriceWithoutMargin__c|850000.00|0x4f2368a8
13:17:49.1 (233185398)|STATEMENT_EXECUTE|[67]
13:17:49.1 (233512633)|VARIABLE_ASSIGNMENT|[67]|this.FinalPrice__c|850000.00|0x4f2368a8
13:17:49.1 (233515637)|STATEMENT_EXECUTE|[70]
13:17:49.1 (233526379)|VARIABLE_SCOPE_BEGIN|[70]|unitPriceDigitado|Decimal|false|false
13:17:49.1 (233531630)|VARIABLE_ASSIGNMENT|[70]|unitPriceDigitado|1280000.00
13:17:49.1 (233537938)|HEAP_ALLOCATE|[73]|Bytes:28
13:17:49.1 (233540749)|HEAP_ALLOCATE|[73]|Bytes:28
13:17:49.1 (233557655)|STATEMENT_EXECUTE|[73]
13:17:49.1 (233558796)|STATEMENT_EXECUTE|[74]
13:17:49.1 (233567060)|HEAP_ALLOCATE|[74]|Bytes:28
13:17:49.1 (233603952)|HEAP_ALLOCATE|[74]|Bytes:28
13:17:49.1 (233605600)|HEAP_ALLOCATE|[74]|Bytes:28
13:17:49.1 (233967626)|VARIABLE_ASSIGNMENT|[74]|this.DiscountPercentage__c|-0.505882352941176470588235294117647|0x4f2368a8
13:17:49.1 (233971325)|STATEMENT_EXECUTE|[75]
13:17:49.1 (233978720)|HEAP_ALLOCATE|[75]|Bytes:28
13:17:49.1 (234312694)|VARIABLE_ASSIGNMENT|[75]|this.DiscountValue__c|-430000.00|0x4f2368a8
13:17:49.1 (234323379)|METHOD_EXIT|[186]|01pg8000001F8kf|PricingService.calculateFinalPrice(OrderItem, Decimal, Margem__c, Decimal, Decimal)
13:17:49.1 (234345388)|HEAP_ALLOCATE|[130]|Bytes:5
13:17:49.1 (234364214)|HEAP_ALLOCATE|[130]|Bytes:4
13:17:49.1 (234372062)|VARIABLE_SCOPE_BEGIN|[130]|item|OrderItem|true|false
13:17:49.1 (234736068)|VARIABLE_ASSIGNMENT|[130]|item|{"IsDeleted":false,"UnitPrice":2800.00,"Product2Id":"01tg8000001BArdAAG","PricebookEntryId":"01ug8000000XmilAAC","TotalPrice":28000.00,"Quantity":10.00,"ListPrice":2800.00,"OrderId":"801g8000007DOjhAAG"}|0xdc91d85
13:17:49.1 (234741240)|STATEMENT_EXECUTE|[130]
13:17:49.1 (234742158)|STATEMENT_EXECUTE|[131]
13:17:49.1 (234763403)|VARIABLE_SCOPE_BEGIN|[131]|pedido|Order|true|false
13:17:49.1 (234819631)|VARIABLE_ASSIGNMENT|[131]|pedido|{"DistributionCenter__c":"a06g8000000wkLpAAI","City__c":"a05g8000001i8KfAAI","Country__c":"a03g8000004x8aeAAA","Id":"801g8000007DOjhAAG","AccountId":"001g8000005VaOHAA0","State__c":"a04g8000000VkhhAAC"}|0x3216c88f
13:17:49.1 (234823820)|STATEMENT_EXECUTE|[132]
13:17:49.1 (234835290)|VARIABLE_SCOPE_BEGIN|[132]|produto|Product2|true|false
13:17:49.1 (234864149)|VARIABLE_ASSIGNMENT|[132]|produto|{"ProductionCost__c":1500.00,"ProductHierarchy__c":"a01g8000007otrqAAA","Id":"01tg8000001BArdAAG"}|0x5573adfb
13:17:49.1 (234866999)|STATEMENT_EXECUTE|[133]
13:17:49.1 (234878497)|VARIABLE_SCOPE_BEGIN|[133]|cliente|Account|true|false
13:17:49.1 (234899293)|VARIABLE_ASSIGNMENT|[133]|cliente|{"AccountGroup__c":"a02g8000002871ZAAQ","Id":"001g8000005VaOHAA0"}|0x4d5b2d76
13:17:49.1 (234910205)|HEAP_ALLOCATE|[136]|Bytes:28
13:17:49.1 (234912431)|HEAP_ALLOCATE|[136]|Bytes:28
13:17:49.1 (234928418)|HEAP_ALLOCATE|[136]|Bytes:28
13:17:49.1 (234930095)|HEAP_ALLOCATE|[136]|Bytes:28
13:17:49.1 (234938510)|STATEMENT_EXECUTE|[136]
13:17:49.1 (234941000)|STATEMENT_EXECUTE|[143]
13:17:49.1 (234941948)|STATEMENT_EXECUTE|[147]
13:17:49.1 (234948971)|HEAP_ALLOCATE|[147]|Bytes:18
13:17:49.1 (234957370)|HEAP_ALLOCATE|[148]|Bytes:18
13:17:49.1 (234964832)|HEAP_ALLOCATE|[149]|Bytes:18
13:17:49.1 (234970597)|HEAP_ALLOCATE|[147]|Bytes:54
13:17:49.1 (234973759)|VARIABLE_SCOPE_BEGIN|[147]|keyOrderItemImposto|String|false|false
13:17:49.1 (234979765)|VARIABLE_ASSIGNMENT|[147]|keyOrderItemImposto|"01tg8000001BArdAAGa0 (34 more) ..."
13:17:49.1 (234981898)|STATEMENT_EXECUTE|[151]
13:17:49.1 (234990200)|VARIABLE_SCOPE_BEGIN|[151]|impostoEncontrado|Tax__c|true|false
13:17:49.1 (234994784)|VARIABLE_ASSIGNMENT|[151]|impostoEncontrado|null|
13:17:49.1 (234997148)|STATEMENT_EXECUTE|[153]
13:17:49.1 (235000248)|HEAP_ALLOCATE|[153]|Bytes:28
13:17:49.1 (235002736)|HEAP_ALLOCATE|[153]|Bytes:28
13:17:49.1 (235423248)|VARIABLE_ASSIGNMENT|[153]|this.TaxPercentage__c|0|0xdc91d85
13:17:49.1 (235427269)|STATEMENT_EXECUTE|[156]
13:17:49.1 (235437703)|METHOD_ENTRY|[156]|01pg8000001F8kf|PricingService.findMargin(OrderItem, Order, Map<String,Margem__c>, Id, Account)
13:17:49.1 (235442371)|VARIABLE_SCOPE_BEGIN|[20]|item|OrderItem|true|false
13:17:49.1 (235788077)|VARIABLE_ASSIGNMENT|[20]|item|{"IsDeleted":false,"UnitPrice":2800.00,"Product2Id":"01tg8000001BArdAAG","PricebookEntryId":"01ug8000000XmilAAC","TotalPrice":28000.00,"Quantity":10.00,"TaxPercentage__c":0,"ListPrice":2800.00,"OrderId":"801g8000007DOjhAAG"}|0xdc91d85
13:17:49.1 (235793265)|VARIABLE_SCOPE_BEGIN|[20]|pedido|Order|true|false
13:17:49.1 (235827625)|VARIABLE_ASSIGNMENT|[20]|pedido|{"DistributionCenter__c":"a06g8000000wkLpAAI","City__c":"a05g8000001i8KfAAI","Country__c":"a03g8000004x8aeAAA","Id":"801g8000007DOjhAAG","AccountId":"001g8000005VaOHAA0","State__c":"a04g8000000VkhhAAC"}|0x3216c88f
13:17:49.1 (235831385)|VARIABLE_SCOPE_BEGIN|[20]|mapMargin|Map<String,Margem__c>|true|false
13:17:49.1 (235916235)|VARIABLE_ASSIGNMENT|[20]|mapMargin|{"a01g8000007otrhAAA_a02g8000002871ZAAQ_a04g8000000QmaTAAS":{"Id":"a00g800000JZjxxAAD","AccountGroup__c":"a02g8000002871ZAAQ","ProductHierarchy__c":"a01g8000007otrhAAA","State__c":"a04g8000000QmaTAAS","MarginValuePercent__c":15.00},"a01g8000007otrjAAA_001g8000005VaOHAA0_a05g8000001KAc9AAG":{"Account__c":"001g8000005VaOHAA0","City__c":"a05g8000001KAc9AAG","Id":"a00g800000JZjxyAAD","ProductHierarchy__c":"a01g8000007otrjAAA","MarginValuePercent__c":25.00},"01tg8000001BArcAAG_001g8000005VaOHAA0_a04g8000000QmaTAAS":{"Account__c":"001g8000005VaOHAA0","Product__c":"01tg8000001BArcAAG","Id":"a00g800000JZjxzAAD","State__c":"a04g8000000QmaTAAS","MarginValuePercent__c":5.00},"a01g8000007otrqAAA_a02g8000002871ZAAQ_a03g8000004x8aeAAA":{"Country__c":"a03g8000004x8aeAAA","Id":"a00g800000JZjy0AAD","AccountGroup__c":"a02g8000002871ZAAQ","ProductHierarchy__c":"a01g8000007otrqAAA","MarginValuePercent__c":30.00}}|0x3eced632
13:17:49.1 (235926031)|VARIABLE_SCOPE_BEGIN|[20]|h|Id|false|false
13:17:49.1 (236008885)|VARIABLE_ASSIGNMENT|[20]|h|"a01g8000007otrqAAA"
13:17:49.1 (236012290)|VARIABLE_SCOPE_BEGIN|[20]|cliente|Account|true|false
13:17:49.1 (236032462)|VARIABLE_ASSIGNMENT|[20]|cliente|{"AccountGroup__c":"a02g8000002871ZAAQ","Id":"001g8000005VaOHAA0"}|0x4d5b2d76
13:17:49.1 (236037857)|STATEMENT_EXECUTE|[20]
13:17:49.1 (236038825)|STATEMENT_EXECUTE|[21]
13:17:49.1 (236044843)|VARIABLE_SCOPE_BEGIN|[21]|p|Id|false|false
13:17:49.1 (236068082)|VARIABLE_ASSIGNMENT|[21]|p|"01tg8000001BArdAAG"
13:17:49.1 (236070697)|STATEMENT_EXECUTE|[22]
13:17:49.1 (236073531)|VARIABLE_SCOPE_BEGIN|[22]|a|Id|false|false
13:17:49.1 (236091443)|VARIABLE_ASSIGNMENT|[22]|a|"001g8000005VaOHAA0"
13:17:49.1 (236093715)|STATEMENT_EXECUTE|[23]
13:17:49.1 (236098010)|VARIABLE_SCOPE_BEGIN|[23]|g|Id|false|false
13:17:49.1 (236115190)|VARIABLE_ASSIGNMENT|[23]|g|"a02g8000002871ZAAQ"
13:17:49.1 (236117486)|STATEMENT_EXECUTE|[24]
13:17:49.1 (236119789)|VARIABLE_SCOPE_BEGIN|[24]|c|Id|false|false
13:17:49.1 (236135976)|VARIABLE_ASSIGNMENT|[24]|c|"a05g8000001i8KfAAI"
13:17:49.1 (236138348)|STATEMENT_EXECUTE|[25]
13:17:49.1 (236140591)|VARIABLE_SCOPE_BEGIN|[25]|e|Id|false|false
13:17:49.1 (236157335)|VARIABLE_ASSIGNMENT|[25]|e|"a04g8000000VkhhAAC"
13:17:49.1 (236159514)|STATEMENT_EXECUTE|[26]
13:17:49.1 (236162184)|VARIABLE_SCOPE_BEGIN|[26]|pa|Id|false|false
13:17:49.1 (236178469)|VARIABLE_ASSIGNMENT|[26]|pa|"a03g8000004x8aeAAA"
13:17:49.1 (236190684)|HEAP_ALLOCATE|[29]|Bytes:18
13:17:49.1 (236200681)|HEAP_ALLOCATE|[29]|Bytes:18
13:17:49.1 (236206868)|HEAP_ALLOCATE|[29]|Bytes:18
13:17:49.1 (236214979)|HEAP_ALLOCATE|[29]|Bytes:56
13:17:49.1 (236225972)|STATEMENT_EXECUTE|[29]
13:17:49.1 (236230136)|HEAP_ALLOCATE|[30]|Bytes:18
13:17:49.1 (236236196)|HEAP_ALLOCATE|[30]|Bytes:18
13:17:49.1 (236241992)|HEAP_ALLOCATE|[30]|Bytes:18
13:17:49.1 (236246086)|HEAP_ALLOCATE|[30]|Bytes:56
13:17:49.1 (236250359)|STATEMENT_EXECUTE|[30]
13:17:49.1 (236254100)|HEAP_ALLOCATE|[31]|Bytes:18
13:17:49.1 (236259689)|HEAP_ALLOCATE|[31]|Bytes:18
13:17:49.1 (236265630)|HEAP_ALLOCATE|[31]|Bytes:18
13:17:49.1 (236269619)|HEAP_ALLOCATE|[31]|Bytes:56
13:17:49.1 (236273695)|STATEMENT_EXECUTE|[31]
13:17:49.1 (236277260)|HEAP_ALLOCATE|[32]|Bytes:18
13:17:49.1 (236283046)|HEAP_ALLOCATE|[32]|Bytes:18
13:17:49.1 (236288567)|HEAP_ALLOCATE|[32]|Bytes:18
13:17:49.1 (236292525)|HEAP_ALLOCATE|[32]|Bytes:56
13:17:49.1 (236296877)|STATEMENT_EXECUTE|[32]
13:17:49.1 (236300274)|HEAP_ALLOCATE|[33]|Bytes:18
13:17:49.1 (236306100)|HEAP_ALLOCATE|[33]|Bytes:18
13:17:49.1 (236311766)|HEAP_ALLOCATE|[33]|Bytes:18
13:17:49.1 (236315804)|HEAP_ALLOCATE|[33]|Bytes:56
13:17:49.1 (236319939)|STATEMENT_EXECUTE|[33]
13:17:49.1 (236323234)|HEAP_ALLOCATE|[34]|Bytes:18
13:17:49.1 (236329145)|HEAP_ALLOCATE|[34]|Bytes:18
13:17:49.1 (236334686)|HEAP_ALLOCATE|[34]|Bytes:18
13:17:49.1 (236338657)|HEAP_ALLOCATE|[34]|Bytes:56
13:17:49.1 (236342684)|STATEMENT_EXECUTE|[34]
13:17:49.1 (236346456)|HEAP_ALLOCATE|[36]|Bytes:18
13:17:49.1 (236352384)|HEAP_ALLOCATE|[36]|Bytes:18
13:17:49.1 (236358335)|HEAP_ALLOCATE|[36]|Bytes:18
13:17:49.1 (236362767)|HEAP_ALLOCATE|[36]|Bytes:56
13:17:49.1 (236366867)|STATEMENT_EXECUTE|[36]
13:17:49.1 (236370374)|HEAP_ALLOCATE|[37]|Bytes:18
13:17:49.1 (236376064)|HEAP_ALLOCATE|[37]|Bytes:18
13:17:49.1 (236381594)|HEAP_ALLOCATE|[37]|Bytes:18
13:17:49.1 (236385713)|HEAP_ALLOCATE|[37]|Bytes:56
13:17:49.1 (236390278)|STATEMENT_EXECUTE|[37]
13:17:49.1 (236393637)|HEAP_ALLOCATE|[38]|Bytes:18
13:17:49.1 (236399385)|HEAP_ALLOCATE|[38]|Bytes:18
13:17:49.1 (236404951)|HEAP_ALLOCATE|[38]|Bytes:18
13:17:49.1 (236409169)|HEAP_ALLOCATE|[38]|Bytes:56
13:17:49.1 (236413425)|STATEMENT_EXECUTE|[38]
13:17:49.1 (236417214)|HEAP_ALLOCATE|[39]|Bytes:18
13:17:49.1 (236423194)|HEAP_ALLOCATE|[39]|Bytes:18
13:17:49.1 (236428783)|HEAP_ALLOCATE|[39]|Bytes:18
13:17:49.1 (236432734)|HEAP_ALLOCATE|[39]|Bytes:56
13:17:49.1 (236436801)|STATEMENT_EXECUTE|[39]
13:17:49.1 (236440389)|HEAP_ALLOCATE|[40]|Bytes:18
13:17:49.1 (236446149)|HEAP_ALLOCATE|[40]|Bytes:18
13:17:49.1 (236451804)|HEAP_ALLOCATE|[40]|Bytes:18
13:17:49.1 (236455975)|HEAP_ALLOCATE|[40]|Bytes:56
13:17:49.1 (236460001)|STATEMENT_EXECUTE|[40]
13:17:49.1 (236464273)|HEAP_ALLOCATE|[41]|Bytes:18
13:17:49.1 (236470040)|HEAP_ALLOCATE|[41]|Bytes:18
13:17:49.1 (236475605)|HEAP_ALLOCATE|[41]|Bytes:18
13:17:49.1 (236479608)|HEAP_ALLOCATE|[41]|Bytes:56
13:17:49.1 (236483781)|STATEMENT_EXECUTE|[41]
13:17:49.1 (236489361)|HEAP_ALLOCATE|[41]|Bytes:18
13:17:49.1 (236495174)|HEAP_ALLOCATE|[41]|Bytes:18
13:17:49.1 (236500721)|HEAP_ALLOCATE|[41]|Bytes:18
13:17:49.1 (236505126)|HEAP_ALLOCATE|[41]|Bytes:56
13:17:49.1 (236520338)|METHOD_EXIT|[156]|01pg8000001F8kf|PricingService.findMargin(OrderItem, Order, Map<String,Margem__c>, Id, Account)
13:17:49.1 (236524935)|VARIABLE_SCOPE_BEGIN|[156]|margem|Margem__c|true|false
13:17:49.1 (236557942)|VARIABLE_ASSIGNMENT|[156]|margem|{"Country__c":"a03g8000004x8aeAAA","Id":"a00g800000JZjy0AAD","AccountGroup__c":"a02g8000002871ZAAQ","ProductHierarchy__c":"a01g8000007otrqAAA","MarginValuePercent__c":30.00}|0x20d2010e
13:17:49.1 (236561393)|STATEMENT_EXECUTE|[157]
13:17:49.1 (237013746)|VARIABLE_ASSIGNMENT|[157]|this.MarginPercentage__c|30.00|0xdc91d85
13:17:49.1 (237018762)|STATEMENT_EXECUTE|[160]
13:17:49.1 (237030468)|METHOD_ENTRY|[160]|01pg8000001F8kf|PricingService.findFreightValue(OrderItem, Order, Map<String,Freight__c>, Id)
13:17:49.1 (237034962)|VARIABLE_SCOPE_BEGIN|[4]|item|OrderItem|true|false
13:17:49.1 (237407278)|VARIABLE_ASSIGNMENT|[4]|item|{"IsDeleted":false,"UnitPrice":2800.00,"Product2Id":"01tg8000001BArdAAG","PricebookEntryId":"01ug8000000XmilAAC","TotalPrice":28000.00,"Quantity":10.00,"MarginPercentage__c":30.00,"TaxPercentage__c":0,"ListPrice":2800.00,"OrderId":"801g8000007DOjhAAG"}|0xdc91d85
13:17:49.1 (237412550)|VARIABLE_SCOPE_BEGIN|[4]|pedido|Order|true|false
13:17:49.1 (237452531)|VARIABLE_ASSIGNMENT|[4]|pedido|{"DistributionCenter__c":"a06g8000000wkLpAAI","City__c":"a05g8000001i8KfAAI","Country__c":"a03g8000004x8aeAAA","Id":"801g8000007DOjhAAG","AccountId":"001g8000005VaOHAA0","State__c":"a04g8000000VkhhAAC"}|0x3216c88f
13:17:49.1 (237456566)|VARIABLE_SCOPE_BEGIN|[4]|mapFrete|Map<String,Freight__c>|true|false
13:17:49.1 (237560910)|VARIABLE_ASSIGNMENT|[4]|mapFrete|{"a01g8000007otrhAAA_a04g8000000QmaTAAS":{"DistributionCenter__c":"a06g8000000wkLpAAI","Id":"a0Ag8000000XacwEAC","State__c":"a04g8000000QmaTAAS","ProductHierarchy__c":"a01g8000007otrhAAA","FreightValue__c":800.00},"a01g8000007otrjAAA_a05g8000001KAc9AAG":{"DistributionCenter__c":"a06g8000000wkLpAAI","City__c":"a05g8000001KAc9AAG","Id":"a0Ag8000000XacxEAC","ProductHierarchy__c":"a01g8000007otrjAAA","FreightValue__c":500.00},"01tg8000001BArcAAG_a04g8000000QmaTAAS":{"DistributionCenter__c":"a06g8000000wkLpAAI","Product__c":"01tg8000001BArcAAG","Id":"a0Ag8000000XacyEAC","State__c":"a04g8000000QmaTAAS","FreightValue__c":150.00},"a01g8000007otrqAAA_a03g8000004x8aeAAA":{"DistributionCenter__c":"a06g8000000wkLpAAI","Country__c":"a03g8000004x8aeAAA","Id":"a0Ag8000000XaczEAC","ProductHierarchy__c":"a01g8000007otrqAAA","FreightValue__c":50.00}}|0x35685564
13:17:49.1 (237569832)|VARIABLE_SCOPE_BEGIN|[4]|h|Id|false|false
13:17:49.1 (237629444)|VARIABLE_ASSIGNMENT|[4]|h|"a01g8000007otrqAAA"
13:17:49.1 (237634204)|STATEMENT_EXECUTE|[4]
13:17:49.1 (237635464)|STATEMENT_EXECUTE|[5]
13:17:49.1 (237642253)|VARIABLE_SCOPE_BEGIN|[5]|p|Id|false|false
13:17:49.1 (237662241)|VARIABLE_ASSIGNMENT|[5]|p|"01tg8000001BArdAAG"
13:17:49.1 (237664560)|STATEMENT_EXECUTE|[6]
13:17:49.1 (237667846)|VARIABLE_SCOPE_BEGIN|[6]|c|Id|false|false
13:17:49.1 (237683768)|VARIABLE_ASSIGNMENT|[6]|c|"a05g8000001i8KfAAI"
13:17:49.1 (237685804)|STATEMENT_EXECUTE|[7]
13:17:49.1 (237688163)|VARIABLE_SCOPE_BEGIN|[7]|e|Id|false|false
13:17:49.1 (237704087)|VARIABLE_ASSIGNMENT|[7]|e|"a04g8000000VkhhAAC"
13:17:49.1 (237708199)|STATEMENT_EXECUTE|[8]
13:17:49.1 (237710735)|VARIABLE_SCOPE_BEGIN|[8]|pa|Id|false|false
13:17:49.1 (237726924)|VARIABLE_ASSIGNMENT|[8]|pa|"a03g8000004x8aeAAA"
13:17:49.1 (237740695)|HEAP_ALLOCATE|[10]|Bytes:18
13:17:49.1 (237751180)|HEAP_ALLOCATE|[10]|Bytes:18
13:17:49.1 (237756740)|HEAP_ALLOCATE|[10]|Bytes:37
13:17:49.1 (237766761)|STATEMENT_EXECUTE|[10]
13:17:49.1 (237770265)|HEAP_ALLOCATE|[11]|Bytes:18
13:17:49.1 (237776280)|HEAP_ALLOCATE|[11]|Bytes:18
13:17:49.1 (237780315)|HEAP_ALLOCATE|[11]|Bytes:37
13:17:49.1 (237784570)|STATEMENT_EXECUTE|[11]
13:17:49.1 (237788030)|HEAP_ALLOCATE|[12]|Bytes:18
13:17:49.1 (237794212)|HEAP_ALLOCATE|[12]|Bytes:18
13:17:49.1 (237798059)|HEAP_ALLOCATE|[12]|Bytes:37
13:17:49.1 (237802700)|STATEMENT_EXECUTE|[12]
13:17:49.1 (237806540)|HEAP_ALLOCATE|[13]|Bytes:18
13:17:49.1 (237812354)|HEAP_ALLOCATE|[13]|Bytes:18
13:17:49.1 (237816396)|HEAP_ALLOCATE|[13]|Bytes:37
13:17:49.1 (237820601)|STATEMENT_EXECUTE|[13]
13:17:49.1 (237824010)|HEAP_ALLOCATE|[14]|Bytes:18
13:17:49.1 (237829785)|HEAP_ALLOCATE|[14]|Bytes:18
13:17:49.1 (237834025)|HEAP_ALLOCATE|[14]|Bytes:37
13:17:49.1 (237838285)|STATEMENT_EXECUTE|[14]
13:17:49.1 (237842279)|HEAP_ALLOCATE|[15]|Bytes:18
13:17:49.1 (237848032)|HEAP_ALLOCATE|[15]|Bytes:18
13:17:49.1 (237854245)|HEAP_ALLOCATE|[15]|Bytes:37
13:17:49.1 (237860711)|STATEMENT_EXECUTE|[15]
13:17:49.1 (237867535)|HEAP_ALLOCATE|[15]|Bytes:18
13:17:49.1 (237876275)|HEAP_ALLOCATE|[15]|Bytes:18
13:17:49.1 (237880680)|HEAP_ALLOCATE|[15]|Bytes:37
13:17:49.1 (237903039)|METHOD_EXIT|[160]|01pg8000001F8kf|PricingService.findFreightValue(OrderItem, Order, Map<String,Freight__c>, Id)
13:17:49.1 (238301714)|VARIABLE_ASSIGNMENT|[160]|this.FreightValue__c|50.00|0xdc91d85
13:17:49.1 (238305603)|STATEMENT_EXECUTE|[163]
13:17:49.1 (238314973)|VARIABLE_SCOPE_BEGIN|[163]|custoUnitario|Decimal|false|false
13:17:49.1 (238320068)|VARIABLE_ASSIGNMENT|[163]|custoUnitario|1500.00
13:17:49.1 (238322184)|STATEMENT_EXECUTE|[166]
13:17:49.1 (238330975)|HEAP_ALLOCATE|[166]|Bytes:18
13:17:49.1 (238338243)|HEAP_ALLOCATE|[166]|Bytes:75
13:17:49.1 (238350001)|USER_DEBUG|[166]|DEBUG|>>> [DIAGNÓSTICO] Verificando parâmetros para o produto: 01tg8000001BArdAAG
13:17:49.1 (238356361)|STATEMENT_EXECUTE|[167]
13:17:49.1 (238361084)|HEAP_ALLOCATE|[167]|Bytes:7
13:17:49.1 (238365748)|HEAP_ALLOCATE|[167]|Bytes:30
13:17:49.1 (238369263)|USER_DEBUG|[167]|DEBUG|>>> Custo de Produção: 1500.00
13:17:49.1 (238373041)|STATEMENT_EXECUTE|[168]
13:17:49.1 (238379506)|HEAP_ALLOCATE|[168]|Bytes:28
13:17:49.1 (238384985)|HEAP_ALLOCATE|[168]|Bytes:5
13:17:49.1 (238389858)|HEAP_ALLOCATE|[168]|Bytes:25
13:17:49.1 (238393048)|USER_DEBUG|[168]|DEBUG|>>> Valor de Frete: 50.00
13:17:49.1 (238396160)|STATEMENT_EXECUTE|[169]
13:17:49.1 (238400453)|HEAP_ALLOCATE|[169]|Bytes:28
13:17:49.1 (238405244)|HEAP_ALLOCATE|[169]|Bytes:1
13:17:49.1 (238409473)|HEAP_ALLOCATE|[169]|Bytes:29
13:17:49.1 (238412798)|USER_DEBUG|[169]|DEBUG|>>> Porcentagem de Imposto: 0
13:17:49.1 (238415788)|STATEMENT_EXECUTE|[170]
13:17:49.1 (238421840)|HEAP_ALLOCATE|[170]|Bytes:4
13:17:49.1 (238426143)|HEAP_ALLOCATE|[170]|Bytes:27
13:17:49.1 (238429226)|USER_DEBUG|[170]|DEBUG|>>> Margem encontrada? true
13:17:49.1 (238432553)|STATEMENT_EXECUTE|[171]
13:17:49.1 (238433775)|STATEMENT_EXECUTE|[172]
13:17:49.1 (238441040)|HEAP_ALLOCATE|[172]|Bytes:5
13:17:49.1 (238445254)|HEAP_ALLOCATE|[172]|Bytes:32
13:17:49.1 (238448529)|USER_DEBUG|[172]|DEBUG|>>> Porcentagem de Margem: 30.00
13:17:49.1 (238451978)|STATEMENT_EXECUTE|[186]
13:17:49.1 (238454703)|HEAP_ALLOCATE|[186]|Bytes:28
13:17:49.1 (238458060)|HEAP_ALLOCATE|[186]|Bytes:28
13:17:49.1 (238462843)|METHOD_ENTRY|[186]|01pg8000001F8kf|PricingService.calculateFinalPrice(OrderItem, Decimal, Margem__c, Decimal, Decimal)
13:17:49.1 (238466439)|VARIABLE_SCOPE_BEGIN|[46]|item|OrderItem|true|false
13:17:49.1 (238814672)|VARIABLE_ASSIGNMENT|[46]|item|{"IsDeleted":false,"UnitPrice":2800.00,"Product2Id":"01tg8000001BArdAAG","PricebookEntryId":"01ug8000000XmilAAC","TotalPrice":28000.00,"Quantity":10.00,"MarginPercentage__c":30.00,"TaxPercentage__c":0,"ListPrice":2800.00,"OrderId":"801g8000007DOjhAAG","FreightValue__c":50.00}|0xdc91d85
13:17:49.1 (238819851)|VARIABLE_SCOPE_BEGIN|[46]|frete|Decimal|false|false
13:17:49.1 (238824517)|VARIABLE_ASSIGNMENT|[46]|frete|50.00
13:17:49.1 (238826973)|VARIABLE_SCOPE_BEGIN|[46]|margem|Margem__c|true|false
13:17:49.1 (238860067)|VARIABLE_ASSIGNMENT|[46]|margem|{"Country__c":"a03g8000004x8aeAAA","Id":"a00g800000JZjy0AAD","AccountGroup__c":"a02g8000002871ZAAQ","ProductHierarchy__c":"a01g8000007otrqAAA","MarginValuePercent__c":30.00}|0x20d2010e
13:17:49.1 (238863829)|VARIABLE_SCOPE_BEGIN|[46]|impostoPercent|Decimal|false|false
13:17:49.1 (238868094)|VARIABLE_ASSIGNMENT|[46]|impostoPercent|0
13:17:49.1 (238870361)|VARIABLE_SCOPE_BEGIN|[46]|custo|Decimal|false|false
13:17:49.1 (238873954)|VARIABLE_ASSIGNMENT|[46]|custo|1500.00
13:17:49.1 (238877197)|STATEMENT_EXECUTE|[46]
13:17:49.1 (238878392)|STATEMENT_EXECUTE|[47]
13:17:49.1 (238885891)|VARIABLE_SCOPE_BEGIN|[47]|mPerc|Decimal|false|false
13:17:49.1 (238890260)|VARIABLE_ASSIGNMENT|[47]|mPerc|30.00
13:17:49.1 (238892318)|STATEMENT_EXECUTE|[48]
13:17:49.1 (238893772)|VARIABLE_SCOPE_BEGIN|[48]|iPerc|Decimal|false|false
13:17:49.1 (238897494)|VARIABLE_ASSIGNMENT|[48]|iPerc|0
13:17:49.1 (238899427)|STATEMENT_EXECUTE|[49]
13:17:49.1 (238900752)|VARIABLE_SCOPE_BEGIN|[49]|custoProd|Decimal|false|false
13:17:49.1 (238905025)|VARIABLE_ASSIGNMENT|[49]|custoProd|1500.00
13:17:49.1 (238906903)|STATEMENT_EXECUTE|[50]
13:17:49.1 (238908314)|VARIABLE_SCOPE_BEGIN|[50]|freteVal|Decimal|false|false
13:17:49.1 (238912237)|VARIABLE_ASSIGNMENT|[50]|freteVal|50.00
13:17:49.1 (238913944)|STATEMENT_EXECUTE|[53]
13:17:49.1 (238925352)|HEAP_ALLOCATE|[53]|Bytes:28
13:17:49.1 (238930169)|VARIABLE_SCOPE_BEGIN|[53]|precoBase|Decimal|false|false
13:17:49.1 (238934525)|VARIABLE_ASSIGNMENT|[53]|precoBase|1550.00
13:17:49.1 (238936430)|STATEMENT_EXECUTE|[56]
13:17:49.1 (238940707)|HEAP_ALLOCATE|[56]|Bytes:28
13:17:49.1 (238942531)|HEAP_ALLOCATE|[56]|Bytes:28
13:17:49.1 (238946075)|HEAP_ALLOCATE|[56]|Bytes:28
13:17:49.1 (238956176)|HEAP_ALLOCATE|[56]|Bytes:28
13:17:49.1 (238957839)|HEAP_ALLOCATE|[56]|Bytes:28
13:17:49.1 (238966697)|HEAP_ALLOCATE|[56]|Bytes:28
13:17:49.1 (238968331)|HEAP_ALLOCATE|[56]|Bytes:28
13:17:49.1 (238977767)|HEAP_ALLOCATE|[56]|Bytes:28
13:17:49.1 (238981576)|VARIABLE_SCOPE_BEGIN|[56]|precoSemMargem|Decimal|false|false
13:17:49.1 (238986155)|VARIABLE_ASSIGNMENT|[56]|precoSemMargem|1550.00
13:17:49.1 (238988287)|STATEMENT_EXECUTE|[59]
13:17:49.1 (238990634)|HEAP_ALLOCATE|[59]|Bytes:28
13:17:49.1 (238992212)|HEAP_ALLOCATE|[59]|Bytes:28
13:17:49.1 (238994729)|HEAP_ALLOCATE|[59]|Bytes:28
13:17:49.1 (239060274)|HEAP_ALLOCATE|[59]|Bytes:28
13:17:49.1 (239064176)|HEAP_ALLOCATE|[59]|Bytes:28
13:17:49.1 (239073854)|HEAP_ALLOCATE|[59]|Bytes:28
13:17:49.1 (239081092)|HEAP_ALLOCATE|[59]|Bytes:28
13:17:49.1 (239085270)|VARIABLE_SCOPE_BEGIN|[59]|precoCalculado|Decimal|false|false
13:17:49.1 (239091217)|VARIABLE_ASSIGNMENT|[59]|precoCalculado|2015.0000
13:17:49.1 (239093216)|STATEMENT_EXECUTE|[62]
13:17:49.1 (239474483)|VARIABLE_ASSIGNMENT|[62]|this.ProductionCost__c|1500.00|0xdc91d85
13:17:49.1 (239478330)|STATEMENT_EXECUTE|[63]
13:17:49.1 (239840876)|VARIABLE_ASSIGNMENT|[63]|this.MarginPercentage__c|30.00|0xdc91d85
13:17:49.1 (239844130)|STATEMENT_EXECUTE|[64]
13:17:49.1 (240178768)|VARIABLE_ASSIGNMENT|[64]|this.FreightValue__c|50.00|0xdc91d85
13:17:49.1 (240182348)|STATEMENT_EXECUTE|[65]
13:17:49.1 (240508837)|VARIABLE_ASSIGNMENT|[65]|this.TaxPercentage__c|0|0xdc91d85
13:17:49.1 (240512082)|STATEMENT_EXECUTE|[66]
13:17:49.1 (240840727)|VARIABLE_ASSIGNMENT|[66]|this.PriceWithoutMargin__c|1550.00|0xdc91d85
13:17:49.1 (240843778)|STATEMENT_EXECUTE|[67]
13:17:49.1 (241192005)|VARIABLE_ASSIGNMENT|[67]|this.FinalPrice__c|2015.0000|0xdc91d85
13:17:49.1 (241195329)|STATEMENT_EXECUTE|[70]
13:17:49.1 (241208795)|VARIABLE_SCOPE_BEGIN|[70]|unitPriceDigitado|Decimal|false|false
13:17:49.1 (241214400)|VARIABLE_ASSIGNMENT|[70]|unitPriceDigitado|2800.00
13:17:49.1 (241222424)|HEAP_ALLOCATE|[73]|Bytes:28
13:17:49.1 (241225345)|HEAP_ALLOCATE|[73]|Bytes:28
13:17:49.1 (241245322)|STATEMENT_EXECUTE|[73]
13:17:49.1 (241246478)|STATEMENT_EXECUTE|[74]
13:17:49.1 (241254141)|HEAP_ALLOCATE|[74]|Bytes:28
13:17:49.1 (241284683)|HEAP_ALLOCATE|[74]|Bytes:28
13:17:49.1 (241286425)|HEAP_ALLOCATE|[74]|Bytes:28
13:17:49.1 (241634518)|VARIABLE_ASSIGNMENT|[74]|this.DiscountPercentage__c|-0.389578163771712158808933002481390|0xdc91d85
13:17:49.1 (241642806)|STATEMENT_EXECUTE|[75]
13:17:49.1 (241649836)|HEAP_ALLOCATE|[75]|Bytes:28
13:17:49.1 (241979746)|VARIABLE_ASSIGNMENT|[75]|this.DiscountValue__c|-785.0000|0xdc91d85
13:17:49.1 (241990208)|METHOD_EXIT|[186]|01pg8000001F8kf|PricingService.calculateFinalPrice(OrderItem, Decimal, Margem__c, Decimal, Decimal)
13:17:49.1 (242009800)|HEAP_ALLOCATE|[130]|Bytes:5
13:17:49.1 (242027186)|HEAP_ALLOCATE|[130]|Bytes:4
13:17:49.1 (242035548)|VARIABLE_SCOPE_BEGIN|[130]|item|OrderItem|true|false
13:17:49.1 (242393066)|VARIABLE_ASSIGNMENT|[130]|item|{"IsDeleted":false,"UnitPrice":1280000.00,"Product2Id":"01tg8000001BArWAAW","PricebookEntryId":"01ug8000000XnjVAAS","TotalPrice":1280000.00,"Quantity":1.00,"ListPrice":1280000.00,"OrderId":"801g8000007DgjnAAC"}|0x26204df2
13:17:49.1 (242398279)|STATEMENT_EXECUTE|[130]
13:17:49.1 (242399187)|STATEMENT_EXECUTE|[131]
13:17:49.1 (242420277)|VARIABLE_SCOPE_BEGIN|[131]|pedido|Order|true|false
13:17:49.1 (242472484)|VARIABLE_ASSIGNMENT|[131]|pedido|{"DistributionCenter__c":"a06g8000000wkLpAAI","City__c":"a05g8000001i7ZuAAI","Country__c":"a03g8000004x8aeAAA","Id":"801g8000007DgjnAAC","AccountId":"001g8000005VaOHAA0","State__c":"a04g8000000Vm3ZAAS"}|0x2cad94b5
13:17:49.1 (242476790)|STATEMENT_EXECUTE|[132]
13:17:49.1 (242488775)|VARIABLE_SCOPE_BEGIN|[132]|produto|Product2|true|false
13:17:49.1 (242517111)|VARIABLE_ASSIGNMENT|[132]|produto|{"ProductionCost__c":850000.00,"ProductHierarchy__c":"a01g8000007otrhAAA","Id":"01tg8000001BArWAAW"}|0x48a20325
13:17:49.1 (242520108)|STATEMENT_EXECUTE|[133]
13:17:49.1 (242531489)|VARIABLE_SCOPE_BEGIN|[133]|cliente|Account|true|false
13:17:49.1 (242551956)|VARIABLE_ASSIGNMENT|[133]|cliente|{"AccountGroup__c":"a02g8000002871ZAAQ","Id":"001g8000005VaOHAA0"}|0x4d5b2d76
13:17:49.1 (242563687)|HEAP_ALLOCATE|[136]|Bytes:28
13:17:49.1 (242565924)|HEAP_ALLOCATE|[136]|Bytes:28
13:17:49.1 (242582336)|HEAP_ALLOCATE|[136]|Bytes:28
13:17:49.1 (242584039)|HEAP_ALLOCATE|[136]|Bytes:28
13:17:49.1 (242592482)|STATEMENT_EXECUTE|[136]
13:17:49.1 (242595275)|STATEMENT_EXECUTE|[143]
13:17:49.1 (242596247)|STATEMENT_EXECUTE|[147]
13:17:49.1 (242603519)|HEAP_ALLOCATE|[147]|Bytes:18
13:17:49.1 (242612539)|HEAP_ALLOCATE|[148]|Bytes:18
13:17:49.1 (242619720)|HEAP_ALLOCATE|[149]|Bytes:18
13:17:49.1 (242625100)|HEAP_ALLOCATE|[147]|Bytes:54
13:17:49.1 (242628246)|VARIABLE_SCOPE_BEGIN|[147]|keyOrderItemImposto|String|false|false
13:17:49.1 (242634216)|VARIABLE_ASSIGNMENT|[147]|keyOrderItemImposto|"01tg8000001BArWAAWa0 (34 more) ..."
13:17:49.1 (242636471)|STATEMENT_EXECUTE|[151]
13:17:49.1 (242644518)|VARIABLE_SCOPE_BEGIN|[151]|impostoEncontrado|Tax__c|true|false
13:17:49.1 (242648967)|VARIABLE_ASSIGNMENT|[151]|impostoEncontrado|null|
13:17:49.1 (242651110)|STATEMENT_EXECUTE|[153]
13:17:49.1 (242654727)|HEAP_ALLOCATE|[153]|Bytes:28
13:17:49.1 (242656373)|HEAP_ALLOCATE|[153]|Bytes:28
13:17:49.1 (243063115)|VARIABLE_ASSIGNMENT|[153]|this.TaxPercentage__c|0|0x26204df2
13:17:49.1 (243067540)|STATEMENT_EXECUTE|[156]
13:17:49.1 (243078122)|METHOD_ENTRY|[156]|01pg8000001F8kf|PricingService.findMargin(OrderItem, Order, Map<String,Margem__c>, Id, Account)
13:17:49.1 (243082496)|VARIABLE_SCOPE_BEGIN|[20]|item|OrderItem|true|false
13:17:49.1 (243433106)|VARIABLE_ASSIGNMENT|[20]|item|{"IsDeleted":false,"UnitPrice":1280000.00,"Product2Id":"01tg8000001BArWAAW","PricebookEntryId":"01ug8000000XnjVAAS","TotalPrice":1280000.00,"Quantity":1.00,"TaxPercentage__c":0,"ListPrice":1280000.00,"OrderId":"801g8000007DgjnAAC"}|0x26204df2
13:17:49.1 (243438061)|VARIABLE_SCOPE_BEGIN|[20]|pedido|Order|true|false
13:17:49.1 (243472902)|VARIABLE_ASSIGNMENT|[20]|pedido|{"DistributionCenter__c":"a06g8000000wkLpAAI","City__c":"a05g8000001i7ZuAAI","Country__c":"a03g8000004x8aeAAA","Id":"801g8000007DgjnAAC","AccountId":"001g8000005VaOHAA0","State__c":"a04g8000000Vm3ZAAS"}|0x2cad94b5
13:17:49.1 (243476779)|VARIABLE_SCOPE_BEGIN|[20]|mapMargin|Map<String,Margem__c>|true|false
13:17:49.1 (243571255)|VARIABLE_ASSIGNMENT|[20]|mapMargin|{"a01g8000007otrhAAA_a02g8000002871ZAAQ_a04g8000000QmaTAAS":{"Id":"a00g800000JZjxxAAD","AccountGroup__c":"a02g8000002871ZAAQ","ProductHierarchy__c":"a01g8000007otrhAAA","State__c":"a04g8000000QmaTAAS","MarginValuePercent__c":15.00},"a01g8000007otrjAAA_001g8000005VaOHAA0_a05g8000001KAc9AAG":{"Account__c":"001g8000005VaOHAA0","City__c":"a05g8000001KAc9AAG","Id":"a00g800000JZjxyAAD","ProductHierarchy__c":"a01g8000007otrjAAA","MarginValuePercent__c":25.00},"01tg8000001BArcAAG_001g8000005VaOHAA0_a04g8000000QmaTAAS":{"Account__c":"001g8000005VaOHAA0","Product__c":"01tg8000001BArcAAG","Id":"a00g800000JZjxzAAD","State__c":"a04g8000000QmaTAAS","MarginValuePercent__c":5.00},"a01g8000007otrqAAA_a02g8000002871ZAAQ_a03g8000004x8aeAAA":{"Country__c":"a03g8000004x8aeAAA","Id":"a00g800000JZjy0AAD","AccountGroup__c":"a02g8000002871ZAAQ","ProductHierarchy__c":"a01g8000007otrqAAA","MarginValuePercent__c":30.00}}|0x3eced632
13:17:49.1 (243584630)|VARIABLE_SCOPE_BEGIN|[20]|h|Id|false|false
13:17:49.1 (243671026)|VARIABLE_ASSIGNMENT|[20]|h|"a01g8000007otrhAAA"
13:17:49.1 (243674389)|VARIABLE_SCOPE_BEGIN|[20]|cliente|Account|true|false
13:17:49.1 (243697147)|VARIABLE_ASSIGNMENT|[20]|cliente|{"AccountGroup__c":"a02g8000002871ZAAQ","Id":"001g8000005VaOHAA0"}|0x4d5b2d76
13:17:49.1 (243702485)|STATEMENT_EXECUTE|[20]
13:17:49.1 (243703643)|STATEMENT_EXECUTE|[21]
13:17:49.1 (243711901)|VARIABLE_SCOPE_BEGIN|[21]|p|Id|false|false
13:17:49.1 (243734991)|VARIABLE_ASSIGNMENT|[21]|p|"01tg8000001BArWAAW"
13:17:49.1 (243737466)|STATEMENT_EXECUTE|[22]
13:17:49.1 (243740373)|VARIABLE_SCOPE_BEGIN|[22]|a|Id|false|false
13:17:49.1 (243757108)|VARIABLE_ASSIGNMENT|[22]|a|"001g8000005VaOHAA0"
13:17:49.1 (243759240)|STATEMENT_EXECUTE|[23]
13:17:49.1 (243763387)|VARIABLE_SCOPE_BEGIN|[23]|g|Id|false|false
13:17:49.1 (243779430)|VARIABLE_ASSIGNMENT|[23]|g|"a02g8000002871ZAAQ"
13:17:49.1 (243781533)|STATEMENT_EXECUTE|[24]
13:17:49.1 (243784153)|VARIABLE_SCOPE_BEGIN|[24]|c|Id|false|false
13:17:49.1 (243802502)|VARIABLE_ASSIGNMENT|[24]|c|"a05g8000001i7ZuAAI"
13:17:49.1 (243804920)|STATEMENT_EXECUTE|[25]
13:17:49.1 (243807339)|VARIABLE_SCOPE_BEGIN|[25]|e|Id|false|false
13:17:49.1 (243823146)|VARIABLE_ASSIGNMENT|[25]|e|"a04g8000000Vm3ZAAS"
13:17:49.1 (243825348)|STATEMENT_EXECUTE|[26]
13:17:49.1 (243828237)|VARIABLE_SCOPE_BEGIN|[26]|pa|Id|false|false
13:17:49.1 (243844208)|VARIABLE_ASSIGNMENT|[26]|pa|"a03g8000004x8aeAAA"
13:17:49.1 (243859493)|HEAP_ALLOCATE|[29]|Bytes:18
13:17:49.1 (243974122)|HEAP_ALLOCATE|[29]|Bytes:18
13:17:49.1 (243981181)|HEAP_ALLOCATE|[29]|Bytes:18
13:17:49.1 (243988657)|HEAP_ALLOCATE|[29]|Bytes:56
13:17:49.1 (244000649)|STATEMENT_EXECUTE|[29]
13:17:49.1 (244005359)|HEAP_ALLOCATE|[30]|Bytes:18
13:17:49.1 (244011498)|HEAP_ALLOCATE|[30]|Bytes:18
13:17:49.1 (244017228)|HEAP_ALLOCATE|[30]|Bytes:18
13:17:49.1 (244021324)|HEAP_ALLOCATE|[30]|Bytes:56
13:17:49.1 (244025666)|STATEMENT_EXECUTE|[30]
13:17:49.1 (244029137)|HEAP_ALLOCATE|[31]|Bytes:18
13:17:49.1 (244034857)|HEAP_ALLOCATE|[31]|Bytes:18
13:17:49.1 (244040632)|HEAP_ALLOCATE|[31]|Bytes:18
13:17:49.1 (244044638)|HEAP_ALLOCATE|[31]|Bytes:56
13:17:49.1 (244048877)|STATEMENT_EXECUTE|[31]
13:17:49.1 (244052539)|HEAP_ALLOCATE|[32]|Bytes:18
13:17:49.1 (244058435)|HEAP_ALLOCATE|[32]|Bytes:18
13:17:49.1 (244064137)|HEAP_ALLOCATE|[32]|Bytes:18
13:17:49.1 (244067991)|HEAP_ALLOCATE|[32]|Bytes:56
13:17:49.1 (244072442)|STATEMENT_EXECUTE|[32]
13:17:49.1 (244075992)|HEAP_ALLOCATE|[33]|Bytes:18
13:17:49.1 (244081958)|HEAP_ALLOCATE|[33]|Bytes:18
13:17:49.1 (244087682)|HEAP_ALLOCATE|[33]|Bytes:18
13:17:49.1 (244091718)|HEAP_ALLOCATE|[33]|Bytes:56
13:17:49.1 (244096181)|STATEMENT_EXECUTE|[33]
13:17:49.1 (244099728)|HEAP_ALLOCATE|[34]|Bytes:18
13:17:49.1 (244105579)|HEAP_ALLOCATE|[34]|Bytes:18
13:17:49.1 (244111131)|HEAP_ALLOCATE|[34]|Bytes:18
13:17:49.1 (244115099)|HEAP_ALLOCATE|[34]|Bytes:56
13:17:49.1 (244119141)|STATEMENT_EXECUTE|[34]
13:17:49.1 (244122739)|HEAP_ALLOCATE|[36]|Bytes:18
13:17:49.1 (244128745)|HEAP_ALLOCATE|[36]|Bytes:18
13:17:49.1 (244134252)|HEAP_ALLOCATE|[36]|Bytes:18
13:17:49.1 (244138241)|HEAP_ALLOCATE|[36]|Bytes:56
13:17:49.1 (244142348)|STATEMENT_EXECUTE|[36]
13:17:49.1 (244145914)|HEAP_ALLOCATE|[37]|Bytes:18
13:17:49.1 (244151597)|HEAP_ALLOCATE|[37]|Bytes:18
13:17:49.1 (244157230)|HEAP_ALLOCATE|[37]|Bytes:18
13:17:49.1 (244161407)|HEAP_ALLOCATE|[37]|Bytes:56
13:17:49.1 (244166144)|STATEMENT_EXECUTE|[37]
13:17:49.1 (244169511)|HEAP_ALLOCATE|[38]|Bytes:18
13:17:49.1 (244175159)|HEAP_ALLOCATE|[38]|Bytes:18
13:17:49.1 (244180888)|HEAP_ALLOCATE|[38]|Bytes:18
13:17:49.1 (244184774)|HEAP_ALLOCATE|[38]|Bytes:56
13:17:49.1 (244188789)|STATEMENT_EXECUTE|[38]
13:17:49.1 (244192244)|HEAP_ALLOCATE|[39]|Bytes:18
13:17:49.1 (244197995)|HEAP_ALLOCATE|[39]|Bytes:18
13:17:49.1 (244203532)|HEAP_ALLOCATE|[39]|Bytes:18
13:17:49.1 (244207457)|HEAP_ALLOCATE|[39]|Bytes:56
13:17:49.1 (244211635)|STATEMENT_EXECUTE|[39]
13:17:49.1 (244215056)|HEAP_ALLOCATE|[40]|Bytes:18
13:17:49.1 (244220686)|HEAP_ALLOCATE|[40]|Bytes:18
13:17:49.1 (244226437)|HEAP_ALLOCATE|[40]|Bytes:18
13:17:49.1 (244230748)|HEAP_ALLOCATE|[40]|Bytes:56
13:17:49.1 (244234851)|STATEMENT_EXECUTE|[40]
13:17:49.1 (244238617)|HEAP_ALLOCATE|[41]|Bytes:18
13:17:49.1 (244244438)|HEAP_ALLOCATE|[41]|Bytes:18
13:17:49.1 (244249995)|HEAP_ALLOCATE|[41]|Bytes:18
13:17:49.1 (244253957)|HEAP_ALLOCATE|[41]|Bytes:56
13:17:49.1 (244257902)|STATEMENT_EXECUTE|[41]
13:17:49.1 (244259070)|STATEMENT_EXECUTE|[43]
13:17:49.1 (244287798)|HEAP_ALLOCATE|[43]|Bytes:4
13:17:49.1 (244307986)|HEAP_ALLOCATE|[43]|Bytes:28
13:17:49.1 (244309698)|HEAP_ALLOCATE|[43]|Bytes:28
13:17:49.1 (244332481)|VARIABLE_ASSIGNMENT|[43]|this.MarginValuePercent__c|0|0x133be568
13:17:49.1 (244353143)|METHOD_EXIT|[156]|01pg8000001F8kf|PricingService.findMargin(OrderItem, Order, Map<String,Margem__c>, Id, Account)
13:17:49.1 (244358912)|VARIABLE_SCOPE_BEGIN|[156]|margem|Margem__c|true|false
13:17:49.1 (244370116)|VARIABLE_ASSIGNMENT|[156]|margem|{"MarginValuePercent__c":0}|0x133be568
13:17:49.1 (244373633)|STATEMENT_EXECUTE|[157]
13:17:49.1 (244381843)|HEAP_ALLOCATE|[157]|Bytes:28
13:17:49.1 (244835230)|VARIABLE_ASSIGNMENT|[157]|this.MarginPercentage__c|0|0x26204df2
13:17:49.1 (244838800)|STATEMENT_EXECUTE|[160]
13:17:49.1 (244848864)|METHOD_ENTRY|[160]|01pg8000001F8kf|PricingService.findFreightValue(OrderItem, Order, Map<String,Freight__c>, Id)
13:17:49.1 (244853635)|VARIABLE_SCOPE_BEGIN|[4]|item|OrderItem|true|false
13:17:49.1 (245240184)|VARIABLE_ASSIGNMENT|[4]|item|{"IsDeleted":false,"UnitPrice":1280000.00,"Product2Id":"01tg8000001BArWAAW","PricebookEntryId":"01ug8000000XnjVAAS","TotalPrice":1280000.00,"Quantity":1.00,"MarginPercentage__c":0,"TaxPercentage__c":0,"ListPrice":1280000.00,"OrderId":"801g8000007DgjnAAC"}|0x26204df2
13:17:49.1 (245246371)|VARIABLE_SCOPE_BEGIN|[4]|pedido|Order|true|false
13:17:49.1 (245285257)|VARIABLE_ASSIGNMENT|[4]|pedido|{"DistributionCenter__c":"a06g8000000wkLpAAI","City__c":"a05g8000001i7ZuAAI","Country__c":"a03g8000004x8aeAAA","Id":"801g8000007DgjnAAC","AccountId":"001g8000005VaOHAA0","State__c":"a04g8000000Vm3ZAAS"}|0x2cad94b5
13:17:49.1 (245289079)|VARIABLE_SCOPE_BEGIN|[4]|mapFrete|Map<String,Freight__c>|true|false
13:17:49.1 (245371074)|VARIABLE_ASSIGNMENT|[4]|mapFrete|{"a01g8000007otrhAAA_a04g8000000QmaTAAS":{"DistributionCenter__c":"a06g8000000wkLpAAI","Id":"a0Ag8000000XacwEAC","State__c":"a04g8000000QmaTAAS","ProductHierarchy__c":"a01g8000007otrhAAA","FreightValue__c":800.00},"a01g8000007otrjAAA_a05g8000001KAc9AAG":{"DistributionCenter__c":"a06g8000000wkLpAAI","City__c":"a05g8000001KAc9AAG","Id":"a0Ag8000000XacxEAC","ProductHierarchy__c":"a01g8000007otrjAAA","FreightValue__c":500.00},"01tg8000001BArcAAG_a04g8000000QmaTAAS":{"DistributionCenter__c":"a06g8000000wkLpAAI","Product__c":"01tg8000001BArcAAG","Id":"a0Ag8000000XacyEAC","State__c":"a04g8000000QmaTAAS","FreightValue__c":150.00},"a01g8000007otrqAAA_a03g8000004x8aeAAA":{"DistributionCenter__c":"a06g8000000wkLpAAI","Country__c":"a03g8000004x8aeAAA","Id":"a0Ag8000000XaczEAC","ProductHierarchy__c":"a01g8000007otrqAAA","FreightValue__c":50.00}}|0x35685564
13:17:49.1 (245379029)|VARIABLE_SCOPE_BEGIN|[4]|h|Id|false|false
13:17:49.1 (245441003)|VARIABLE_ASSIGNMENT|[4]|h|"a01g8000007otrhAAA"
13:17:49.1 (245445075)|STATEMENT_EXECUTE|[4]
13:17:49.1 (245446165)|STATEMENT_EXECUTE|[5]
13:17:49.1 (245452463)|VARIABLE_SCOPE_BEGIN|[5]|p|Id|false|false
13:17:49.1 (245472078)|VARIABLE_ASSIGNMENT|[5]|p|"01tg8000001BArWAAW"
13:17:49.1 (245474328)|STATEMENT_EXECUTE|[6]
13:17:49.1 (245477655)|VARIABLE_SCOPE_BEGIN|[6]|c|Id|false|false
13:17:49.1 (245499233)|VARIABLE_ASSIGNMENT|[6]|c|"a05g8000001i7ZuAAI"
13:17:49.1 (245502534)|STATEMENT_EXECUTE|[7]
13:17:49.1 (245506633)|VARIABLE_SCOPE_BEGIN|[7]|e|Id|false|false
13:17:49.1 (245533073)|VARIABLE_ASSIGNMENT|[7]|e|"a04g8000000Vm3ZAAS"
13:17:49.1 (245535512)|STATEMENT_EXECUTE|[8]
13:17:49.1 (245538610)|VARIABLE_SCOPE_BEGIN|[8]|pa|Id|false|false
13:17:49.1 (245555426)|VARIABLE_ASSIGNMENT|[8]|pa|"a03g8000004x8aeAAA"
13:17:49.1 (245570070)|HEAP_ALLOCATE|[10]|Bytes:18
13:17:49.1 (245580146)|HEAP_ALLOCATE|[10]|Bytes:18
13:17:49.1 (245585663)|HEAP_ALLOCATE|[10]|Bytes:37
13:17:49.1 (245595888)|STATEMENT_EXECUTE|[10]
13:17:49.1 (245599477)|HEAP_ALLOCATE|[11]|Bytes:18
13:17:49.1 (245605768)|HEAP_ALLOCATE|[11]|Bytes:18
13:17:49.1 (245609935)|HEAP_ALLOCATE|[11]|Bytes:37
13:17:49.1 (245614223)|STATEMENT_EXECUTE|[11]
13:17:49.1 (245617742)|HEAP_ALLOCATE|[12]|Bytes:18
13:17:49.1 (245623755)|HEAP_ALLOCATE|[12]|Bytes:18
13:17:49.1 (245627748)|HEAP_ALLOCATE|[12]|Bytes:37
13:17:49.1 (245632008)|STATEMENT_EXECUTE|[12]
13:17:49.1 (245635780)|HEAP_ALLOCATE|[13]|Bytes:18
13:17:49.1 (245641703)|HEAP_ALLOCATE|[13]|Bytes:18
13:17:49.1 (245645595)|HEAP_ALLOCATE|[13]|Bytes:37
13:17:49.1 (245649901)|STATEMENT_EXECUTE|[13]
13:17:49.1 (245653383)|HEAP_ALLOCATE|[14]|Bytes:18
13:17:49.1 (245659378)|HEAP_ALLOCATE|[14]|Bytes:18
13:17:49.1 (245663272)|HEAP_ALLOCATE|[14]|Bytes:37
13:17:49.1 (245667556)|STATEMENT_EXECUTE|[14]
13:17:49.1 (245675453)|HEAP_ALLOCATE|[15]|Bytes:18
13:17:49.1 (245681622)|HEAP_ALLOCATE|[15]|Bytes:18
13:17:49.1 (245685598)|HEAP_ALLOCATE|[15]|Bytes:37
13:17:49.1 (245691478)|STATEMENT_EXECUTE|[15]
13:17:49.1 (245692327)|STATEMENT_EXECUTE|[17]
13:17:49.1 (245700540)|HEAP_ALLOCATE|[17]|Bytes:28
13:17:49.1 (245702361)|HEAP_ALLOCATE|[17]|Bytes:28
13:17:49.1 (245707782)|METHOD_EXIT|[160]|01pg8000001F8kf|PricingService.findFreightValue(OrderItem, Order, Map<String,Freight__c>, Id)
13:17:49.1 (246149747)|VARIABLE_ASSIGNMENT|[160]|this.FreightValue__c|0|0x26204df2
13:17:49.1 (246155115)|STATEMENT_EXECUTE|[163]
13:17:49.1 (246167371)|VARIABLE_SCOPE_BEGIN|[163]|custoUnitario|Decimal|false|false
13:17:49.1 (246173366)|VARIABLE_ASSIGNMENT|[163]|custoUnitario|850000.00
13:17:49.1 (246175541)|STATEMENT_EXECUTE|[166]
13:17:49.1 (246185696)|HEAP_ALLOCATE|[166]|Bytes:18
13:17:49.1 (246193300)|HEAP_ALLOCATE|[166]|Bytes:75
13:17:49.1 (246205663)|USER_DEBUG|[166]|DEBUG|>>> [DIAGNÓSTICO] Verificando parâmetros para o produto: 01tg8000001BArWAAW
13:17:49.1 (246212831)|STATEMENT_EXECUTE|[167]
13:17:49.1 (246217636)|HEAP_ALLOCATE|[167]|Bytes:9
13:17:49.1 (246222213)|HEAP_ALLOCATE|[167]|Bytes:32
13:17:49.1 (246225351)|USER_DEBUG|[167]|DEBUG|>>> Custo de Produção: 850000.00
13:17:49.1 (246228916)|STATEMENT_EXECUTE|[168]
13:17:49.1 (246233930)|HEAP_ALLOCATE|[168]|Bytes:28
13:17:49.1 (246238910)|HEAP_ALLOCATE|[168]|Bytes:1
13:17:49.1 (246243243)|HEAP_ALLOCATE|[168]|Bytes:21
13:17:49.1 (246246345)|USER_DEBUG|[168]|DEBUG|>>> Valor de Frete: 0
13:17:49.1 (246249271)|STATEMENT_EXECUTE|[169]
13:17:49.1 (246253279)|HEAP_ALLOCATE|[169]|Bytes:28
13:17:49.1 (246257636)|HEAP_ALLOCATE|[169]|Bytes:1
13:17:49.1 (246261848)|HEAP_ALLOCATE|[169]|Bytes:29
13:17:49.1 (246265065)|USER_DEBUG|[169]|DEBUG|>>> Porcentagem de Imposto: 0
13:17:49.1 (246268121)|STATEMENT_EXECUTE|[170]
13:17:49.1 (246274578)|HEAP_ALLOCATE|[170]|Bytes:4
13:17:49.1 (246279023)|HEAP_ALLOCATE|[170]|Bytes:27
13:17:49.1 (246282018)|USER_DEBUG|[170]|DEBUG|>>> Margem encontrada? true
13:17:49.1 (246285340)|STATEMENT_EXECUTE|[171]
13:17:49.1 (246286461)|STATEMENT_EXECUTE|[172]
13:17:49.1 (246290632)|HEAP_ALLOCATE|[172]|Bytes:28
13:17:49.1 (246295431)|HEAP_ALLOCATE|[172]|Bytes:1
13:17:49.1 (246299426)|HEAP_ALLOCATE|[172]|Bytes:28
13:17:49.1 (246302341)|USER_DEBUG|[172]|DEBUG|>>> Porcentagem de Margem: 0
13:17:49.1 (246305672)|STATEMENT_EXECUTE|[186]
13:17:49.1 (246308225)|HEAP_ALLOCATE|[186]|Bytes:28
13:17:49.1 (246311483)|HEAP_ALLOCATE|[186]|Bytes:28
13:17:49.1 (246316601)|METHOD_ENTRY|[186]|01pg8000001F8kf|PricingService.calculateFinalPrice(OrderItem, Decimal, Margem__c, Decimal, Decimal)
13:17:49.1 (246320100)|VARIABLE_SCOPE_BEGIN|[46]|item|OrderItem|true|false
13:17:49.1 (246731860)|VARIABLE_ASSIGNMENT|[46]|item|{"IsDeleted":false,"UnitPrice":1280000.00,"Product2Id":"01tg8000001BArWAAW","PricebookEntryId":"01ug8000000XnjVAAS","TotalPrice":1280000.00,"Quantity":1.00,"MarginPercentage__c":0,"TaxPercentage__c":0,"ListPrice":1280000.00,"OrderId":"801g8000007DgjnAAC","FreightValue__c":0}|0x26204df2
13:17:49.1 (246738200)|VARIABLE_SCOPE_BEGIN|[46]|frete|Decimal|false|false
13:17:49.1 (246743545)|VARIABLE_ASSIGNMENT|[46]|frete|0
13:17:49.1 (246745948)|VARIABLE_SCOPE_BEGIN|[46]|margem|Margem__c|true|false
13:17:49.1 (246751839)|VARIABLE_ASSIGNMENT|[46]|margem|{"MarginValuePercent__c":0}|0x133be568
13:17:49.1 (246754800)|VARIABLE_SCOPE_BEGIN|[46]|impostoPercent|Decimal|false|false
13:17:49.1 (246758696)|VARIABLE_ASSIGNMENT|[46]|impostoPercent|0
13:17:49.1 (246760847)|VARIABLE_SCOPE_BEGIN|[46]|custo|Decimal|false|false
13:17:49.1 (246764396)|VARIABLE_ASSIGNMENT|[46]|custo|850000.00
13:17:49.1 (246768047)|STATEMENT_EXECUTE|[46]
13:17:49.1 (246778910)|STATEMENT_EXECUTE|[47]
13:17:49.1 (246786150)|HEAP_ALLOCATE|[47]|Bytes:28
13:17:49.1 (246792070)|HEAP_ALLOCATE|[47]|Bytes:28
13:17:49.1 (246794893)|VARIABLE_SCOPE_BEGIN|[47]|mPerc|Decimal|false|false
13:17:49.1 (246799190)|VARIABLE_ASSIGNMENT|[47]|mPerc|0
13:17:49.1 (246801313)|STATEMENT_EXECUTE|[48]
13:17:49.1 (246802728)|VARIABLE_SCOPE_BEGIN|[48]|iPerc|Decimal|false|false
13:17:49.1 (246806814)|VARIABLE_ASSIGNMENT|[48]|iPerc|0
13:17:49.1 (246808703)|STATEMENT_EXECUTE|[49]
13:17:49.1 (246810126)|VARIABLE_SCOPE_BEGIN|[49]|custoProd|Decimal|false|false
13:17:49.1 (246813967)|VARIABLE_ASSIGNMENT|[49]|custoProd|850000.00
13:17:49.1 (246815965)|STATEMENT_EXECUTE|[50]
13:17:49.1 (246817332)|VARIABLE_SCOPE_BEGIN|[50]|freteVal|Decimal|false|false
13:17:49.1 (246821056)|VARIABLE_ASSIGNMENT|[50]|freteVal|0
13:17:49.1 (246822835)|STATEMENT_EXECUTE|[53]
13:17:49.1 (246836653)|HEAP_ALLOCATE|[53]|Bytes:28
13:17:49.1 (246841862)|VARIABLE_SCOPE_BEGIN|[53]|precoBase|Decimal|false|false
13:17:49.1 (246846204)|VARIABLE_ASSIGNMENT|[53]|precoBase|850000.00
13:17:49.1 (246848190)|STATEMENT_EXECUTE|[56]
13:17:49.1 (246851914)|HEAP_ALLOCATE|[56]|Bytes:28
13:17:49.1 (246853484)|HEAP_ALLOCATE|[56]|Bytes:28
13:17:49.1 (246857150)|HEAP_ALLOCATE|[56]|Bytes:28
13:17:49.1 (246866135)|HEAP_ALLOCATE|[56]|Bytes:28
13:17:49.1 (246867634)|HEAP_ALLOCATE|[56]|Bytes:28
13:17:49.1 (246876202)|HEAP_ALLOCATE|[56]|Bytes:28
13:17:49.1 (246877830)|HEAP_ALLOCATE|[56]|Bytes:28
13:17:49.1 (246887418)|HEAP_ALLOCATE|[56]|Bytes:28
13:17:49.1 (246891353)|VARIABLE_SCOPE_BEGIN|[56]|precoSemMargem|Decimal|false|false
13:17:49.1 (246895305)|VARIABLE_ASSIGNMENT|[56]|precoSemMargem|850000.00
13:17:49.1 (246897052)|STATEMENT_EXECUTE|[59]
13:17:49.1 (246899433)|HEAP_ALLOCATE|[59]|Bytes:28
13:17:49.1 (246901004)|HEAP_ALLOCATE|[59]|Bytes:28
13:17:49.1 (246903481)|HEAP_ALLOCATE|[59]|Bytes:28
13:17:49.1 (246909276)|HEAP_ALLOCATE|[59]|Bytes:28
13:17:49.1 (246910739)|HEAP_ALLOCATE|[59]|Bytes:28
13:17:49.1 (246917709)|HEAP_ALLOCATE|[59]|Bytes:28
13:17:49.1 (246919234)|HEAP_ALLOCATE|[59]|Bytes:28
13:17:49.1 (246926079)|HEAP_ALLOCATE|[59]|Bytes:28
13:17:49.1 (246929832)|VARIABLE_SCOPE_BEGIN|[59]|precoCalculado|Decimal|false|false
13:17:49.1 (246933898)|VARIABLE_ASSIGNMENT|[59]|precoCalculado|850000.00
13:17:49.1 (246935758)|STATEMENT_EXECUTE|[62]
13:17:49.1 (247357570)|VARIABLE_ASSIGNMENT|[62]|this.ProductionCost__c|850000.00|0x26204df2
13:17:49.1 (247362620)|STATEMENT_EXECUTE|[63]
13:17:49.1 (247713361)|VARIABLE_ASSIGNMENT|[63]|this.MarginPercentage__c|0|0x26204df2
13:17:49.1 (247716244)|STATEMENT_EXECUTE|[64]
13:17:49.1 (248045880)|VARIABLE_ASSIGNMENT|[64]|this.FreightValue__c|0|0x26204df2
13:17:49.1 (248048632)|STATEMENT_EXECUTE|[65]
13:17:49.1 (248372972)|VARIABLE_ASSIGNMENT|[65]|this.TaxPercentage__c|0|0x26204df2
13:17:49.1 (248375827)|STATEMENT_EXECUTE|[66]
13:17:49.1 (248748095)|VARIABLE_ASSIGNMENT|[66]|this.PriceWithoutMargin__c|850000.00|0x26204df2
13:17:49.1 (248751651)|STATEMENT_EXECUTE|[67]
13:17:49.1 (249078013)|VARIABLE_ASSIGNMENT|[67]|this.FinalPrice__c|850000.00|0x26204df2
13:17:49.1 (249081370)|STATEMENT_EXECUTE|[70]
13:17:49.1 (249095153)|VARIABLE_SCOPE_BEGIN|[70]|unitPriceDigitado|Decimal|false|false
13:17:49.1 (249100920)|VARIABLE_ASSIGNMENT|[70]|unitPriceDigitado|1280000.00
13:17:49.1 (249108935)|HEAP_ALLOCATE|[73]|Bytes:28
13:17:49.1 (249111846)|HEAP_ALLOCATE|[73]|Bytes:28
13:17:49.1 (249133100)|STATEMENT_EXECUTE|[73]
13:17:49.1 (249134188)|STATEMENT_EXECUTE|[74]
13:17:49.1 (249141802)|HEAP_ALLOCATE|[74]|Bytes:28
13:17:49.1 (249176924)|HEAP_ALLOCATE|[74]|Bytes:28
13:17:49.1 (249178736)|HEAP_ALLOCATE|[74]|Bytes:28
13:17:49.1 (249527352)|VARIABLE_ASSIGNMENT|[74]|this.DiscountPercentage__c|-0.505882352941176470588235294117647|0x26204df2
13:17:49.1 (249531237)|STATEMENT_EXECUTE|[75]
13:17:49.1 (249538622)|HEAP_ALLOCATE|[75]|Bytes:28
13:17:49.1 (249864048)|VARIABLE_ASSIGNMENT|[75]|this.DiscountValue__c|-430000.00|0x26204df2
13:17:49.1 (249873979)|METHOD_EXIT|[186]|01pg8000001F8kf|PricingService.calculateFinalPrice(OrderItem, Decimal, Margem__c, Decimal, Decimal)
13:17:49.1 (249894756)|HEAP_ALLOCATE|[130]|Bytes:5
13:17:49.1 (249907689)|VARIABLE_ASSIGNMENT|[130]|item|null|
13:17:49.1 (249913916)|METHOD_EXIT|[24]|01pg8000001EZwd|OrdemItemHandler.executePricingLogic()
13:17:49.1 (249917406)|STATEMENT_EXECUTE|[27]
13:17:49.1 (249931205)|METHOD_ENTRY|[27]|01pg8000001EZwd|OrdemItemHandler.checkDuplicateProducts()
13:17:49.1 (249972788)|VARIABLE_SCOPE_BEGIN|[191]|this|OrdemItemHandler|true|false
13:17:49.1 (250021954)|VARIABLE_ASSIGNMENT|[191]|this|{"newRecords":"0x532e37d6","handlerName":"OrderItemHandler","isTriggerExecuting":true,"triggerEvent":"0x3730adda"}|0x4b309c3a
13:17:49.1 (250028470)|STATEMENT_EXECUTE|[191]
13:17:49.1 (250029550)|STATEMENT_EXECUTE|[192]
13:17:49.1 (250044898)|HEAP_ALLOCATE|[192]|Bytes:4
13:17:49.1 (250074512)|VARIABLE_SCOPE_BEGIN|[192]|setOrderIds|Set<Id>|true|false
13:17:49.1 (250111637)|VARIABLE_ASSIGNMENT|[192]|setOrderIds|[]|0x4c3a1169
13:17:49.1 (250114806)|STATEMENT_EXECUTE|[193]
13:17:49.1 (250117381)|HEAP_ALLOCATE|[193]|Bytes:4
13:17:49.1 (250123999)|VARIABLE_SCOPE_BEGIN|[193]|setProductIds|Set<Id>|true|false
13:17:49.1 (250130572)|VARIABLE_ASSIGNMENT|[193]|setProductIds|[]|0x3a17a2b2
13:17:49.1 (250161070)|HEAP_ALLOCATE|[195]|Bytes:5
13:17:49.1 (250180027)|HEAP_ALLOCATE|[195]|Bytes:36
13:17:49.1 (250185427)|VARIABLE_SCOPE_BEGIN|[195]|ot|OrderItem|true|false
13:17:49.1 (250561154)|VARIABLE_ASSIGNMENT|[195]|ot|{"DiscountPercentage__c":-0.104397826675968695966313739297976,"IsDeleted":false,"DiscountValue__c":-127614.400000,"Quantity":1.00,"FinalPrice__c":1222385.600000,"TaxPercentage__c":18.00,"ListPrice":1350000.00,"OrderId":"801g8000007E9NdAAK","PriceWithoutMargin__c":1062944.0000,"FreightValue__c":800.00,"UnitPrice":1350000.00,"Product2Id":"01tg8000001BArVAAW","ProductionCost__c":900000.00,"PricebookEntryId":"01ug8000000XnbRAAS","TotalPrice":1350000.00,"MarginPercentage__c":15.00}|0x481c6bcd
13:17:49.1 (250569284)|STATEMENT_EXECUTE|[195]
13:17:49.1 (250570449)|STATEMENT_EXECUTE|[196]
13:17:49.1 (250600547)|HEAP_ALLOCATE|[EXTERNAL]|Bytes:4
13:17:49.1 (250606192)|STATEMENT_EXECUTE|[197]
13:17:49.1 (250613701)|HEAP_ALLOCATE|[EXTERNAL]|Bytes:4
13:17:49.1 (250621529)|HEAP_ALLOCATE|[195]|Bytes:5
13:17:49.1 (250630711)|HEAP_ALLOCATE|[195]|Bytes:36
13:17:49.1 (250634161)|VARIABLE_SCOPE_BEGIN|[195]|ot|OrderItem|true|false
13:17:49.1 (250975833)|VARIABLE_ASSIGNMENT|[195]|ot|{"DiscountPercentage__c":-0.295349694596398927849022010980580,"IsDeleted":false,"DiscountValue__c":-4446.150000,"Quantity":1.00,"FinalPrice__c":15053.850000,"TaxPercentage__c":18.00,"ListPrice":19500.00,"OrderId":"801g8000007E9NdAAK","PriceWithoutMargin__c":14337.0000,"FreightValue__c":150.00,"UnitPrice":19500.00,"Product2Id":"01tg8000001BArcAAG","ProductionCost__c":12000.00,"PricebookEntryId":"01ug8000000XoZ7AAK","TotalPrice":19500.00,"MarginPercentage__c":5.00}|0x1b72e92e
13:17:49.1 (250982423)|STATEMENT_EXECUTE|[195]
13:17:49.1 (250983303)|STATEMENT_EXECUTE|[196]
13:17:49.1 (250988429)|HEAP_ALLOCATE|[EXTERNAL]|Bytes:4
13:17:49.1 (250991753)|STATEMENT_EXECUTE|[197]
13:17:49.1 (250994453)|HEAP_ALLOCATE|[EXTERNAL]|Bytes:4
13:17:49.1 (250999913)|HEAP_ALLOCATE|[195]|Bytes:5
13:17:49.1 (251007901)|HEAP_ALLOCATE|[195]|Bytes:36
13:17:49.1 (251011333)|VARIABLE_SCOPE_BEGIN|[195]|ot|OrderItem|true|false
13:17:49.1 (251425939)|VARIABLE_ASSIGNMENT|[195]|ot|{"DiscountPercentage__c":-0.505882352941176470588235294117647,"IsDeleted":false,"DiscountValue__c":-430000.00,"Quantity":1.00,"FinalPrice__c":850000.00,"TaxPercentage__c":0,"ListPrice":1280000.00,"OrderId":"801g8000007DOjhAAG","PriceWithoutMargin__c":850000.00,"FreightValue__c":0,"UnitPrice":1280000.00,"Product2Id":"01tg8000001BArWAAW","ProductionCost__c":850000.00,"PricebookEntryId":"01ug8000000XnjVAAS","TotalPrice":1280000.00,"MarginPercentage__c":0}|0x4f2368a8
13:17:49.1 (251433962)|STATEMENT_EXECUTE|[195]
13:17:49.1 (251435054)|STATEMENT_EXECUTE|[196]
13:17:49.1 (251441922)|HEAP_ALLOCATE|[EXTERNAL]|Bytes:4
13:17:49.1 (251446011)|STATEMENT_EXECUTE|[197]
13:17:49.1 (251449375)|HEAP_ALLOCATE|[EXTERNAL]|Bytes:4
13:17:49.1 (251456867)|HEAP_ALLOCATE|[195]|Bytes:5
13:17:49.1 (251465513)|HEAP_ALLOCATE|[195]|Bytes:36
13:17:49.1 (251468815)|VARIABLE_SCOPE_BEGIN|[195]|ot|OrderItem|true|false
13:17:49.1 (251802492)|VARIABLE_ASSIGNMENT|[195]|ot|{"DiscountPercentage__c":-0.389578163771712158808933002481390,"IsDeleted":false,"DiscountValue__c":-785.0000,"Quantity":10.00,"FinalPrice__c":2015.0000,"TaxPercentage__c":0,"ListPrice":2800.00,"OrderId":"801g8000007DOjhAAG","PriceWithoutMargin__c":1550.00,"FreightValue__c":50.00,"UnitPrice":2800.00,"Product2Id":"01tg8000001BArdAAG","ProductionCost__c":1500.00,"PricebookEntryId":"01ug8000000XmilAAC","TotalPrice":28000.00,"MarginPercentage__c":30.00}|0xdc91d85
13:17:49.1 (251808234)|STATEMENT_EXECUTE|[195]
13:17:49.1 (251809075)|STATEMENT_EXECUTE|[196]
13:17:49.1 (251812998)|HEAP_ALLOCATE|[EXTERNAL]|Bytes:4
13:17:49.1 (251816180)|STATEMENT_EXECUTE|[197]
13:17:49.1 (251818846)|HEAP_ALLOCATE|[EXTERNAL]|Bytes:4
13:17:49.1 (251824885)|HEAP_ALLOCATE|[195]|Bytes:5
13:17:49.1 (251830755)|HEAP_ALLOCATE|[195]|Bytes:36
13:17:49.1 (251833279)|VARIABLE_SCOPE_BEGIN|[195]|ot|OrderItem|true|false
13:17:49.1 (252158754)|VARIABLE_ASSIGNMENT|[195]|ot|{"DiscountPercentage__c":-0.505882352941176470588235294117647,"IsDeleted":false,"DiscountValue__c":-430000.00,"Quantity":1.00,"FinalPrice__c":850000.00,"TaxPercentage__c":0,"ListPrice":1280000.00,"OrderId":"801g8000007DgjnAAC","PriceWithoutMargin__c":850000.00,"FreightValue__c":0,"UnitPrice":1280000.00,"Product2Id":"01tg8000001BArWAAW","ProductionCost__c":850000.00,"PricebookEntryId":"01ug8000000XnjVAAS","TotalPrice":1280000.00,"MarginPercentage__c":0}|0x26204df2
13:17:49.1 (252164598)|STATEMENT_EXECUTE|[195]
13:17:49.1 (252165466)|STATEMENT_EXECUTE|[196]
13:17:49.1 (252169406)|HEAP_ALLOCATE|[EXTERNAL]|Bytes:4
13:17:49.1 (252172839)|STATEMENT_EXECUTE|[197]
13:17:49.1 (252175603)|HEAP_ALLOCATE|[EXTERNAL]|Bytes:4
13:17:49.1 (252180934)|HEAP_ALLOCATE|[195]|Bytes:5
13:17:49.1 (252186947)|VARIABLE_ASSIGNMENT|[195]|ot|null|
13:17:49.1 (252189937)|STATEMENT_EXECUTE|[200]
13:17:49.1 (252192809)|HEAP_ALLOCATE|[200]|Bytes:98
13:17:49.1 (252207141)|HEAP_ALLOCATE|[200]|Bytes:4
13:17:49.1 (252222254)|HEAP_ALLOCATE|[200]|Bytes:7
13:17:49.1 (252802905)|SOQL_EXECUTE_BEGIN|[200]|Aggregations:0|SELECT Id, OrderId, Product2Id FROM OrderItem WHERE (OrderId = :tmpVar1 AND Product2Id = :tmpVar2)
13:17:49.1 (269093906)|SOQL_EXECUTE_END|[200]|Rows:0
13:17:49.1 (269132335)|HEAP_ALLOCATE|[200]|Bytes:4
13:17:49.1 (269149362)|HEAP_ALLOCATE|[200]|Bytes:0
13:17:49.1 (269192514)|HEAP_ALLOCATE|[200]|Bytes:4
13:17:49.1 (269212983)|VARIABLE_SCOPE_BEGIN|[200]|existingItens|List<OrderItem>|true|false
13:17:49.1 (269236111)|VARIABLE_ASSIGNMENT|[200]|existingItens|[]|0x6bf70032
13:17:49.1 (269241799)|STATEMENT_EXECUTE|[207]
13:17:49.1 (269255951)|HEAP_ALLOCATE|[207]|Bytes:4
13:17:49.1 (269307082)|VARIABLE_SCOPE_BEGIN|[207]|comparacao|Set<String>|true|false
13:17:49.1 (269333556)|VARIABLE_ASSIGNMENT|[207]|comparacao|[]|0x64522033
13:17:49.1 (269383676)|HEAP_ALLOCATE|[208]|Bytes:5
13:17:49.1 (269399148)|VARIABLE_ASSIGNMENT|[208]|it|null|
13:17:49.1 (269402436)|STATEMENT_EXECUTE|[208]
13:17:49.1 (269415847)|HEAP_ALLOCATE|[212]|Bytes:5
13:17:49.1 (269435269)|HEAP_ALLOCATE|[212]|Bytes:36
13:17:49.1 (269445847)|VARIABLE_SCOPE_BEGIN|[212]|newItem|OrderItem|true|false
13:17:49.1 (270043128)|VARIABLE_ASSIGNMENT|[212]|newItem|{"DiscountPercentage__c":-0.104397826675968695966313739297976,"IsDeleted":false,"DiscountValue__c":-127614.400000,"Quantity":1.00,"FinalPrice__c":1222385.600000,"TaxPercentage__c":18.00,"ListPrice":1350000.00,"OrderId":"801g8000007E9NdAAK","PriceWithoutMargin__c":1062944.0000,"FreightValue__c":800.00,"UnitPrice":1350000.00,"Product2Id":"01tg8000001BArVAAW","ProductionCost__c":900000.00,"PricebookEntryId":"01ug8000000XnbRAAS","TotalPrice":1350000.00,"MarginPercentage__c":15.00}|0x481c6bcd
13:17:49.1 (270052903)|STATEMENT_EXECUTE|[212]
13:17:49.1 (270053982)|STATEMENT_EXECUTE|[213]
13:17:49.1 (270109562)|HEAP_ALLOCATE|[213]|Bytes:18
13:17:49.1 (270117084)|HEAP_ALLOCATE|[213]|Bytes:1
13:17:49.1 (270124584)|HEAP_ALLOCATE|[213]|Bytes:18
13:17:49.1 (270132712)|HEAP_ALLOCATE|[213]|Bytes:37
13:17:49.1 (270135074)|VARIABLE_SCOPE_BEGIN|[213]|keyCombo|String|false|false
13:17:49.1 (270142129)|VARIABLE_ASSIGNMENT|[213]|keyCombo|"801g8000007E9NdAAK-0 (17 more) ..."
13:17:49.1 (270161827)|STATEMENT_EXECUTE|[217]
13:17:49.1 (270163070)|STATEMENT_EXECUTE|[219]
13:17:49.1 (270170184)|HEAP_ALLOCATE|[EXTERNAL]|Bytes:4
13:17:49.1 (270181184)|HEAP_ALLOCATE|[212]|Bytes:5
13:17:49.1 (270192902)|HEAP_ALLOCATE|[212]|Bytes:36
13:17:49.1 (270196424)|VARIABLE_SCOPE_BEGIN|[212]|newItem|OrderItem|true|false
13:17:49.1 (270578241)|VARIABLE_ASSIGNMENT|[212]|newItem|{"DiscountPercentage__c":-0.295349694596398927849022010980580,"IsDeleted":false,"DiscountValue__c":-4446.150000,"Quantity":1.00,"FinalPrice__c":15053.850000,"TaxPercentage__c":18.00,"ListPrice":19500.00,"OrderId":"801g8000007E9NdAAK","PriceWithoutMargin__c":14337.0000,"FreightValue__c":150.00,"UnitPrice":19500.00,"Product2Id":"01tg8000001BArcAAG","ProductionCost__c":12000.00,"PricebookEntryId":"01ug8000000XoZ7AAK","TotalPrice":19500.00,"MarginPercentage__c":5.00}|0x1b72e92e
13:17:49.1 (270584975)|STATEMENT_EXECUTE|[212]
13:17:49.1 (270585875)|STATEMENT_EXECUTE|[213]
13:17:49.1 (270592816)|HEAP_ALLOCATE|[213]|Bytes:18
13:17:49.1 (270600532)|HEAP_ALLOCATE|[213]|Bytes:18
13:17:49.1 (270604754)|HEAP_ALLOCATE|[213]|Bytes:37
13:17:49.1 (270606885)|VARIABLE_SCOPE_BEGIN|[213]|keyCombo|String|false|false
13:17:49.1 (270612045)|VARIABLE_ASSIGNMENT|[213]|keyCombo|"801g8000007E9NdAAK-0 (17 more) ..."
13:17:49.1 (270617922)|STATEMENT_EXECUTE|[217]
13:17:49.1 (270618830)|STATEMENT_EXECUTE|[219]
13:17:49.1 (270621228)|HEAP_ALLOCATE|[EXTERNAL]|Bytes:4
13:17:49.1 (270628038)|HEAP_ALLOCATE|[212]|Bytes:5
13:17:49.1 (270636677)|HEAP_ALLOCATE|[212]|Bytes:36
13:17:49.1 (270639697)|VARIABLE_SCOPE_BEGIN|[212]|newItem|OrderItem|true|false
13:17:49.1 (271067196)|VARIABLE_ASSIGNMENT|[212]|newItem|{"DiscountPercentage__c":-0.505882352941176470588235294117647,"IsDeleted":false,"DiscountValue__c":-430000.00,"Quantity":1.00,"FinalPrice__c":850000.00,"TaxPercentage__c":0,"ListPrice":1280000.00,"OrderId":"801g8000007DOjhAAG","PriceWithoutMargin__c":850000.00,"FreightValue__c":0,"UnitPrice":1280000.00,"Product2Id":"01tg8000001BArWAAW","ProductionCost__c":850000.00,"PricebookEntryId":"01ug8000000XnjVAAS","TotalPrice":1280000.00,"MarginPercentage__c":0}|0x4f2368a8
13:17:49.1 (271078191)|STATEMENT_EXECUTE|[212]
13:17:49.1 (271079218)|STATEMENT_EXECUTE|[213]
13:17:49.1 (271092455)|HEAP_ALLOCATE|[213]|Bytes:18
13:17:49.1 (271104011)|HEAP_ALLOCATE|[213]|Bytes:18
13:17:49.1 (271118544)|HEAP_ALLOCATE|[213]|Bytes:37
13:17:49.1 (271123536)|VARIABLE_SCOPE_BEGIN|[213]|keyCombo|String|false|false
13:17:49.1 (271131226)|VARIABLE_ASSIGNMENT|[213]|keyCombo|"801g8000007DOjhAAG-0 (17 more) ..."
13:17:49.1 (271141978)|STATEMENT_EXECUTE|[217]
13:17:49.1 (271142966)|STATEMENT_EXECUTE|[219]
13:17:49.1 (271146691)|HEAP_ALLOCATE|[EXTERNAL]|Bytes:4
13:17:49.1 (271159305)|HEAP_ALLOCATE|[212]|Bytes:5
13:17:49.1 (271171661)|HEAP_ALLOCATE|[212]|Bytes:36
13:17:49.1 (271175769)|VARIABLE_SCOPE_BEGIN|[212]|newItem|OrderItem|true|false
13:17:49.1 (271598445)|VARIABLE_ASSIGNMENT|[212]|newItem|{"DiscountPercentage__c":-0.389578163771712158808933002481390,"IsDeleted":false,"DiscountValue__c":-785.0000,"Quantity":10.00,"FinalPrice__c":2015.0000,"TaxPercentage__c":0,"ListPrice":2800.00,"OrderId":"801g8000007DOjhAAG","PriceWithoutMargin__c":1550.00,"FreightValue__c":50.00,"UnitPrice":2800.00,"Product2Id":"01tg8000001BArdAAG","ProductionCost__c":1500.00,"PricebookEntryId":"01ug8000000XmilAAC","TotalPrice":28000.00,"MarginPercentage__c":30.00}|0xdc91d85
13:17:49.1 (271605301)|STATEMENT_EXECUTE|[212]
13:17:49.1 (271606205)|STATEMENT_EXECUTE|[213]
13:17:49.1 (271615217)|HEAP_ALLOCATE|[213]|Bytes:18
13:17:49.1 (271622712)|HEAP_ALLOCATE|[213]|Bytes:18
13:17:49.1 (271627183)|HEAP_ALLOCATE|[213]|Bytes:37
13:17:49.1 (271629435)|VARIABLE_SCOPE_BEGIN|[213]|keyCombo|String|false|false
13:17:49.1 (271634432)|VARIABLE_ASSIGNMENT|[213]|keyCombo|"801g8000007DOjhAAG-0 (17 more) ..."
13:17:49.1 (271640553)|STATEMENT_EXECUTE|[217]
13:17:49.1 (271641423)|STATEMENT_EXECUTE|[219]
13:17:49.1 (271643849)|HEAP_ALLOCATE|[EXTERNAL]|Bytes:4
13:17:49.1 (271651600)|HEAP_ALLOCATE|[212]|Bytes:5
13:17:49.1 (271660377)|HEAP_ALLOCATE|[212]|Bytes:36
13:17:49.1 (271663525)|VARIABLE_SCOPE_BEGIN|[212]|newItem|OrderItem|true|false
13:17:49.1 (272009627)|VARIABLE_ASSIGNMENT|[212]|newItem|{"DiscountPercentage__c":-0.505882352941176470588235294117647,"IsDeleted":false,"DiscountValue__c":-430000.00,"Quantity":1.00,"FinalPrice__c":850000.00,"TaxPercentage__c":0,"ListPrice":1280000.00,"OrderId":"801g8000007DgjnAAC","PriceWithoutMargin__c":850000.00,"FreightValue__c":0,"UnitPrice":1280000.00,"Product2Id":"01tg8000001BArWAAW","ProductionCost__c":850000.00,"PricebookEntryId":"01ug8000000XnjVAAS","TotalPrice":1280000.00,"MarginPercentage__c":0}|0x26204df2
13:17:49.1 (272015885)|STATEMENT_EXECUTE|[212]
13:17:49.1 (272016749)|STATEMENT_EXECUTE|[213]
13:17:49.1 (272023362)|HEAP_ALLOCATE|[213]|Bytes:18
13:17:49.1 (272030397)|HEAP_ALLOCATE|[213]|Bytes:18
13:17:49.1 (272034601)|HEAP_ALLOCATE|[213]|Bytes:37
13:17:49.1 (272036582)|VARIABLE_SCOPE_BEGIN|[213]|keyCombo|String|false|false
13:17:49.1 (272041577)|VARIABLE_ASSIGNMENT|[213]|keyCombo|"801g8000007DgjnAAC-0 (17 more) ..."
13:17:49.1 (272046709)|STATEMENT_EXECUTE|[217]
13:17:49.1 (272047589)|STATEMENT_EXECUTE|[219]
13:17:49.1 (272049807)|HEAP_ALLOCATE|[EXTERNAL]|Bytes:4
13:17:49.1 (272055569)|HEAP_ALLOCATE|[212]|Bytes:5
13:17:49.1 (272060985)|VARIABLE_ASSIGNMENT|[212]|newItem|null|
13:17:49.1 (272069032)|METHOD_EXIT|[27]|01pg8000001EZwd|OrdemItemHandler.checkDuplicateProducts()
13:17:49.1 (272075187)|METHOD_EXIT|[137]|01pg8000001EZwd|OrdemItemHandler.beforeInsert()
13:17:49.1 (272078818)|STATEMENT_EXECUTE|[158]
13:17:49.1 (272102430)|METHOD_ENTRY|[158]|01pg80000019iSf|TriggerHandler.andFinally()
13:17:49.1 (272130383)|VARIABLE_SCOPE_BEGIN|[746]|this|TriggerHandler|true|false
13:17:49.1 (272175152)|VARIABLE_ASSIGNMENT|[746]|this|{"newRecords":"0x532e37d6","handlerName":"OrderItemHandler","isTriggerExecuting":true,"triggerEvent":"0x3730adda"}|0x4b309c3a
13:17:49.1 (272180703)|STATEMENT_EXECUTE|[746]
13:17:49.1 (272182278)|METHOD_EXIT|[158]|01pg80000019iSf|TriggerHandler.andFinally()
13:17:49.1 (272188167)|STATEMENT_EXECUTE|[160]
13:17:49.1 (272191566)|STATEMENT_EXECUTE|[176]
13:17:49.1 (272194822)|METHOD_EXIT|[2]|01pg80000019iSf|TriggerHandler.run()
13:17:49.272 (272208632)|CUMULATIVE_LIMIT_USAGE
13:17:49.272 (272208632)|LIMIT_USAGE_FOR_NS|(default)|
  Number of SOQL queries: 8 out of 100
  Number of query rows: 22 out of 50000
  Number of SOSL queries: 0 out of 20
  Number of DML statements: 0 out of 150
  Number of Publish Immediate DML: 0 out of 150
  Number of DML rows: 0 out of 10000
  Maximum CPU time: 0 out of 10000
  Maximum heap size: 0 out of 6000000
  Number of callouts: 0 out of 100
  Number of Email Invocations: 0 out of 10
  Number of future calls: 0 out of 50
  Number of queueable jobs added to the queue: 0 out of 50
  Number of Mobile Apex push calls: 0 out of 10

13:17:49.272 (272208632)|CUMULATIVE_LIMIT_USAGE_END

13:17:49.1 (280291318)|CODE_UNIT_FINISHED|OrdemItemTrigger on OrderItem trigger event BeforeInsert|__sfdc_trigger/OrdemItemTrigger
13:17:49.1 (362829867)|CODE_UNIT_STARTED|[EXTERNAL]|01qg8000000GdOn|OrderTrigger on Order trigger event BeforeUpdate|__sfdc_trigger/OrderTrigger
13:17:49.1 (362907284)|HEAP_ALLOCATE|[EXTERNAL]|Bytes:16
13:17:49.1 (363002980)|HEAP_ALLOCATE|[EXTERNAL]|Bytes:16
13:17:49.1 (363249821)|HEAP_ALLOCATE|[EXTERNAL]|Bytes:4
13:17:49.1 (363263268)|VARIABLE_SCOPE_BEGIN|[1]|this|OrderTrigger|true|false
13:17:49.1 (363311793)|VARIABLE_ASSIGNMENT|[1]|this|{}|0x3ce6e5d8
13:17:49.1 (363354802)|HEAP_ALLOCATE|[EXTERNAL]|Bytes:4
13:17:49.1 (363358581)|VARIABLE_SCOPE_BEGIN|[1]|this|OrderTrigger|true|false
13:17:49.1 (363364809)|VARIABLE_ASSIGNMENT|[1]|this|{}|0x3ce6e5d8
13:17:49.1 (363370064)|STATEMENT_EXECUTE|[1]
13:17:49.1 (363372012)|STATEMENT_EXECUTE|[2]
13:17:49.1 (366044118)|HEAP_ALLOCATE|[2]|Bytes:11
13:17:49.1 (366078035)|METHOD_ENTRY|[1]|01pg8000001LXzh|OrderHandler.OrderHandler()
13:17:49.1 (366082770)|STATEMENT_EXECUTE|[1]
13:17:49.1 (366086280)|STATEMENT_EXECUTE|[1]
13:17:49.1 (366091798)|METHOD_EXIT|[1]|OrderHandler
13:17:49.1 (366108518)|HEAP_ALLOCATE|[2]|Bytes:32
13:17:49.1 (366121037)|CONSTRUCTOR_ENTRY|[2]|01pg8000001LXzh|<init>()|OrderHandler
13:17:49.1 (366145204)|VARIABLE_SCOPE_BEGIN|[10]|this|OrderHandler|true|false
13:17:49.1 (366189369)|VARIABLE_ASSIGNMENT|[10]|this|{}|0x2ca86503
13:17:49.1 (366193959)|STATEMENT_EXECUTE|[1]
13:17:49.1 (366194836)|STATEMENT_EXECUTE|[4]
13:17:49.1 (366196047)|STATEMENT_EXECUTE|[5]
13:17:49.1 (366196841)|STATEMENT_EXECUTE|[6]
13:17:49.1 (366197599)|STATEMENT_EXECUTE|[7]
13:17:49.1 (366198396)|STATEMENT_EXECUTE|[11]
13:17:49.1 (366200875)|HEAP_ALLOCATE|[11]|Bytes:12
13:17:49.1 (366207294)|CONSTRUCTOR_ENTRY|[11]|01pg80000019iSf|<init>(String)|TriggerHandler
13:17:49.1 (366227891)|VARIABLE_SCOPE_BEGIN|[107]|this|TriggerHandler|true|false
13:17:49.1 (366237227)|VARIABLE_ASSIGNMENT|[107]|this|{}|0x2ca86503
13:17:49.1 (366240269)|VARIABLE_SCOPE_BEGIN|[107]|handlerName|String|false|false
13:17:49.1 (366247936)|VARIABLE_ASSIGNMENT|[107]|handlerName|"OrderHandler"
13:17:49.1 (366250946)|STATEMENT_EXECUTE|[15]
13:17:49.1 (366251916)|STATEMENT_EXECUTE|[50]
13:17:49.1 (366252836)|STATEMENT_EXECUTE|[57]
13:17:49.1 (366253886)|STATEMENT_EXECUTE|[671]
13:17:49.1 (366270266)|STATEMENT_EXECUTE|[107]
13:17:49.1 (366271366)|STATEMENT_EXECUTE|[108]
13:17:49.1 (366275146)|STATEMENT_EXECUTE|[109]
13:17:49.1 (366282572)|METHOD_ENTRY|[109]|01pg80000019iSf|TriggerHandler.setTriggerContext()
13:17:49.1 (366285959)|VARIABLE_SCOPE_BEGIN|[565]|this|TriggerHandler|true|false
13:17:49.1 (366295783)|VARIABLE_ASSIGNMENT|[565]|this|{"handlerName":"OrderHandler"}|0x2ca86503
13:17:49.1 (366300527)|STATEMENT_EXECUTE|[565]
13:17:49.1 (366301580)|STATEMENT_EXECUTE|[566]
13:17:49.1 (366356607)|HEAP_ALLOCATE|[566]|Bytes:16
13:17:49.1 (366365951)|METHOD_ENTRY|[566]|01pg80000019iSf|TriggerHandler.setTriggerContext(System.TriggerOperation, Boolean)
13:17:49.1 (366369455)|VARIABLE_SCOPE_BEGIN|[582]|this|TriggerHandler|true|false
13:17:49.1 (366377076)|VARIABLE_ASSIGNMENT|[582]|this|{"handlerName":"OrderHandler"}|0x2ca86503
13:17:49.1 (366380211)|VARIABLE_SCOPE_BEGIN|[582]|opType|System.TriggerOperation|true|false
13:17:49.1 (366397219)|VARIABLE_ASSIGNMENT|[582]|opType|"BEFORE_UPDATE"|0x4a5ddfc4
13:17:49.1 (366403096)|VARIABLE_SCOPE_BEGIN|[582]|testMode|Boolean|false|false
13:17:49.1 (366408226)|VARIABLE_ASSIGNMENT|[582]|testMode|false
13:17:49.1 (366411331)|STATEMENT_EXECUTE|[582]
13:17:49.1 (366417604)|STATEMENT_EXECUTE|[586]
13:17:49.1 (366418658)|STATEMENT_EXECUTE|[587]
13:17:49.1 (366420814)|HEAP_ALLOCATE|[587]|Bytes:5
13:17:49.1 (366425732)|STATEMENT_EXECUTE|[590]
13:17:49.1 (366426534)|STATEMENT_EXECUTE|[592]
13:17:49.1 (366436559)|HEAP_ALLOCATE|[592]|Bytes:16
13:17:49.1 (366440646)|STATEMENT_EXECUTE|[595]
13:17:49.1 (366449444)|VARIABLE_SCOPE_BEGIN|[595]|context|String|false|false
13:17:49.1 (366455834)|VARIABLE_ASSIGNMENT|[595]|context|"BEFORE_UPDATE"
13:17:49.1 (366457825)|STATEMENT_EXECUTE|[597]
13:17:49.1 (366497956)|HEAP_ALLOCATE|[601]|Bytes:13
13:17:49.1 (366522760)|STATEMENT_EXECUTE|[601]
13:17:49.1 (366523920)|STATEMENT_EXECUTE|[602]
13:17:49.1 (366532050)|METHOD_EXIT|[566]|01pg80000019iSf|TriggerHandler.setTriggerContext(System.TriggerOperation, Boolean)
13:17:49.1 (366534815)|METHOD_EXIT|[109]|01pg80000019iSf|TriggerHandler.setTriggerContext()
13:17:49.1 (366538783)|CONSTRUCTOR_EXIT|[11]|01pg80000019iSf|<init>(String)|TriggerHandler
13:17:49.1 (366541690)|STATEMENT_EXECUTE|[10]
13:17:49.1 (366542602)|STATEMENT_EXECUTE|[12]
13:17:49.1 (371723266)|VARIABLE_ASSIGNMENT|[12]|this.newRecords|[{"Status":"Draft","LastModifiedDate":"2026-04-02T16:17:36.000Z","Country__c":"a03g8000004x8aeAAA","IsDeleted":false,"AccountId":"001g8000005VaOHAA0","FreightType__c":"FOB","OrderNumber":"00000114","TotalAmount":1308000.00,"StatusCode":"Draft","PaymentCondition__c":"a07g8000004MONnAAO","IsReductionOrder":false,"SystemModstamp":"2026-04-02T16:17:50.000Z","City__c":"a05g8000001i8KfAAI","OwnerId":"005g80000010N45AAE","CreatedById":"005g80000010N45AAE","DeliveryDate__c":"2026-04-07T00:00:00.000Z","DistributionCenter__c":"a06g8000000wkLpAAI","CreatedDate":"2026-03-31T12:54:33.000Z","Pricebook2Id":"01sg80000015mKTAAY","Id":"801g8000007DOjhAAG","AccountAddress__c":"a08g8000001Zx1SAAS","LastModifiedById":"005g80000010N45AAE","State__c":"a04g8000000VkhhAAC","EffectiveDate":"2026-03-31T00:00:00.000Z"},{"Status":"Draft","LastModifiedDate":"2026-04-02T16:17:37.000Z","Country__c":"a03g8000004x8aeAAA","IsDeleted":false,"AccountId":"001g8000005VaOHAA0","FreightType__c":"FOB","OrderNumber":"00000115","TotalAmount":1280000.00,"StatusCode":"Draft","PaymentCondition__c":"a07g8000004MONnAAO","IsReductionOrder":false,"SystemModstamp":"2026-04-02T16:17:50.000Z","City__c":"a05g8000001i7ZuAAI","OwnerId":"005g80000010N45AAE","CreatedById":"005g80000010N45AAE","DeliveryDate__c":"2026-04-07T00:00:00.000Z","DistributionCenter__c":"a06g8000000wkLpAAI","CreatedDate":"2026-03-31T12:58:02.000Z","Pricebook2Id":"01sg80000015mKTAAY","Id":"801g8000007DgjnAAC","AccountAddress__c":"a08g8000001Zx1SAAS","LastModifiedById":"005g80000010N45AAE","State__c":"a04g8000000Vm3ZAAS","EffectiveDate":"2026-03-31T00:00:00.000Z"},{"Status":"Draft","LastModifiedDate":"2026-04-02T16:17:34.000Z","Country__c":"a03g8000004x8aeAAA","IsDeleted":false,"AccountId":"001g8000005VaOHAA0","FreightType__c":"CIF","OrderNumber":"00000113","TotalAmount":1369500.00,"StatusCode":"Draft","PaymentCondition__c":"a07g8000004MONnAAO","IsReductionOrder":false,"SystemModstamp":"2026-04-02T16:17:50.000Z","City__c":"a05g8000001KAc9AAG","OwnerId":"005g80000010N45AAE","CreatedById":"005g80000010N45AAE","DeliveryDate__c":"2026-04-06T00:00:00.000Z","DistributionCenter__c":"a06g8000000wkLpAAI","CreatedDate":"2026-03-31T12:52:12.000Z","Pricebook2Id":"01sg80000015mKTAAY","Id":"801g8000007E9NdAAK","AccountAddress__c":"a08g8000001Zx1SAAS","LastModifiedById":"005g80000010N45AAE","State__c":"a04g8000000QmaTAAS","EffectiveDate":"2026-03-31T00:00:00.000Z"}]|0x2ca86503
13:17:49.1 (371753382)|STATEMENT_EXECUTE|[13]
13:17:49.1 (373414178)|VARIABLE_ASSIGNMENT|[13]|this.oldRecords|[{"Status":"Draft","LastModifiedDate":"2026-04-02T16:17:36.000Z","Country__c":"a03g8000004x8aeAAA","IsDeleted":false,"AccountId":"001g8000005VaOHAA0","FreightType__c":"FOB","OrderNumber":"00000114","TotalAmount":0.00,"StatusCode":"Draft","PaymentCondition__c":"a07g8000004MONnAAO","IsReductionOrder":false,"SystemModstamp":"2026-04-02T16:17:36.000Z","City__c":"a05g8000001i8KfAAI","OwnerId":"005g80000010N45AAE","CreatedById":"005g80000010N45AAE","DeliveryDate__c":"2026-04-07T00:00:00.000Z","DistributionCenter__c":"a06g8000000wkLpAAI","CreatedDate":"2026-03-31T12:54:33.000Z","Pricebook2Id":"01sg80000015mKTAAY","Id":"801g8000007DOjhAAG","AccountAddress__c":"a08g8000001Zx1SAAS","LastModifiedById":"005g80000010N45AAE","State__c":"a04g8000000VkhhAAC","EffectiveDate":"2026-03-31T00:00:00.000Z"},{"Status":"Draft","LastModifiedDate":"2026-04-02T16:17:37.000Z","Country__c":"a03g8000004x8aeAAA","IsDeleted":false,"AccountId":"001g8000005VaOHAA0","FreightType__c":"FOB","OrderNumber":"00000115","TotalAmount":0.00,"StatusCode":"Draft","PaymentCondition__c":"a07g8000004MONnAAO","IsReductionOrder":false,"SystemModstamp":"2026-04-02T16:17:37.000Z","City__c":"a05g8000001i7ZuAAI","OwnerId":"005g80000010N45AAE","CreatedById":"005g80000010N45AAE","DeliveryDate__c":"2026-04-07T00:00:00.000Z","DistributionCenter__c":"a06g8000000wkLpAAI","CreatedDate":"2026-03-31T12:58:02.000Z","Pricebook2Id":"01sg80000015mKTAAY","Id":"801g8000007DgjnAAC","AccountAddress__c":"a08g8000001Zx1SAAS","LastModifiedById":"005g80000010N45AAE","State__c":"a04g8000000Vm3ZAAS","EffectiveDate":"2026-03-31T00:00:00.000Z"},{"Status":"Draft","LastModifiedDate":"2026-04-02T16:17:34.000Z","Country__c":"a03g8000004x8aeAAA","IsDeleted":false,"AccountId":"001g8000005VaOHAA0","FreightType__c":"CIF","OrderNumber":"00000113","TotalAmount":0.00,"StatusCode":"Draft","PaymentCondition__c":"a07g8000004MONnAAO","IsReductionOrder":false,"SystemModstamp":"2026-04-02T16:17:34.000Z","City__c":"a05g8000001KAc9AAG","OwnerId":"005g80000010N45AAE","CreatedById":"005g80000010N45AAE","DeliveryDate__c":"2026-04-06T00:00:00.000Z","DistributionCenter__c":"a06g8000000wkLpAAI","CreatedDate":"2026-03-31T12:52:12.000Z","Pricebook2Id":"01sg80000015mKTAAY","Id":"801g8000007E9NdAAK","AccountAddress__c":"a08g8000001Zx1SAAS","LastModifiedById":"005g80000010N45AAE","State__c":"a04g8000000QmaTAAS","EffectiveDate":"2026-03-31T00:00:00.000Z"}]|0x2ca86503
13:17:49.1 (373442339)|STATEMENT_EXECUTE|[14]
13:17:49.1 (374867943)|VARIABLE_ASSIGNMENT|[14]|this.newRecordsMap|{"801g8000007DOjhAAG":{"Status":"Draft","LastModifiedDate":"2026-04-02T16:17:36.000Z","Country__c":"a03g8000004x8aeAAA","IsDeleted":false,"AccountId":"001g8000005VaOHAA0","FreightType__c":"FOB","OrderNumber":"00000114","TotalAmount":1308000.00,"StatusCode":"Draft","PaymentCondition__c":"a07g8000004MONnAAO","IsReductionOrder":false,"SystemModstamp":"2026-04-02T16:17:50.000Z","City__c":"a05g8000001i8KfAAI","OwnerId":"005g80000010N45AAE","CreatedById":"005g80000010N45AAE","DeliveryDate__c":"2026-04-07T00:00:00.000Z","DistributionCenter__c":"a06g8000000wkLpAAI","CreatedDate":"2026-03-31T12:54:33.000Z","Pricebook2Id":"01sg80000015mKTAAY","Id":"801g8000007DOjhAAG","AccountAddress__c":"a08g8000001Zx1SAAS","LastModifiedById":"005g80000010N45AAE","State__c":"a04g8000000VkhhAAC","EffectiveDate":"2026-03-31T00:00:00.000Z"},"801g8000007DgjnAAC":{"Status":"Draft","LastModifiedDate":"2026-04-02T16:17:37.000Z","Country__c":"a03g8000004x8aeAAA","IsDeleted":false,"AccountId":"001g8000005VaOHAA0","FreightType__c":"FOB","OrderNumber":"00000115","TotalAmount":1280000.00,"StatusCode":"Draft","PaymentCondition__c":"a07g8000004MONnAAO","IsReductionOrder":false,"SystemModstamp":"2026-04-02T16:17:50.000Z","City__c":"a05g8000001i7ZuAAI","OwnerId":"005g80000010N45AAE","CreatedById":"005g80000010N45AAE","DeliveryDate__c":"2026-04-07T00:00:00.000Z","DistributionCenter__c":"a06g8000000wkLpAAI","CreatedDate":"2026-03-31T12:58:02.000Z","Pricebook2Id":"01sg80000015mKTAAY","Id":"801g8000007DgjnAAC","AccountAddress__c":"a08g8000001Zx1SAAS","LastModifiedById":"005g80000010N45AAE","State__c":"a04g8000000Vm3ZAAS","EffectiveDate":"2026-03-31T00:00:00.000Z"},"801g8000007E9NdAAK":{"Status":"Draft","LastModifiedDate":"2026-04-02T16:17:34.000Z","Country__c":"a03g8000004x8aeAAA","IsDeleted":false,"AccountId":"001g8000005VaOHAA0","FreightType__c":"CIF","OrderNumber":"00000113","TotalAmount":1369500.00,"StatusCode":"Draft","PaymentCondition__c":"a07g8000004MONnAAO","IsReductionOrder":false,"SystemModstamp":"2026-04-02T16:17:50.000Z","City__c":"a05g8000001KAc9AAG","OwnerId":"005g80000010N45AAE","CreatedById":"005g80000010N45AAE","DeliveryDate__c":"2026-04-06T00:00:00.000Z","DistributionCenter__c":"a06g8000000wkLpAAI","CreatedDate":"2026-03-31T12:52:12.000Z","Pricebook2Id":"01sg80000015mKTAAY","Id":"801g8000007E9NdAAK","AccountAddress__c":"a08g8000001Zx1SAAS","LastModifiedById":"005g80000010N45AAE","State__c":"a04g8000000QmaTAAS","EffectiveDate":"2026-03-31T00:00:00.000Z"}}|0x2ca86503
13:17:49.1 (374909367)|STATEMENT_EXECUTE|[15]
13:17:49.1 (377027623)|VARIABLE_ASSIGNMENT|[15]|this.oldRecordsMap|{"801g8000007DOjhAAG":{"Status":"Draft","LastModifiedDate":"2026-04-02T16:17:36.000Z","Country__c":"a03g8000004x8aeAAA","IsDeleted":false,"AccountId":"001g8000005VaOHAA0","FreightType__c":"FOB","OrderNumber":"00000114","TotalAmount":0.00,"StatusCode":"Draft","PaymentCondition__c":"a07g8000004MONnAAO","IsReductionOrder":false,"SystemModstamp":"2026-04-02T16:17:36.000Z","City__c":"a05g8000001i8KfAAI","OwnerId":"005g80000010N45AAE","CreatedById":"005g80000010N45AAE","DeliveryDate__c":"2026-04-07T00:00:00.000Z","DistributionCenter__c":"a06g8000000wkLpAAI","CreatedDate":"2026-03-31T12:54:33.000Z","Pricebook2Id":"01sg80000015mKTAAY","Id":"801g8000007DOjhAAG","AccountAddress__c":"a08g8000001Zx1SAAS","LastModifiedById":"005g80000010N45AAE","State__c":"a04g8000000VkhhAAC","EffectiveDate":"2026-03-31T00:00:00.000Z"},"801g8000007DgjnAAC":{"Status":"Draft","LastModifiedDate":"2026-04-02T16:17:37.000Z","Country__c":"a03g8000004x8aeAAA","IsDeleted":false,"AccountId":"001g8000005VaOHAA0","FreightType__c":"FOB","OrderNumber":"00000115","TotalAmount":0.00,"StatusCode":"Draft","PaymentCondition__c":"a07g8000004MONnAAO","IsReductionOrder":false,"SystemModstamp":"2026-04-02T16:17:37.000Z","City__c":"a05g8000001i7ZuAAI","OwnerId":"005g80000010N45AAE","CreatedById":"005g80000010N45AAE","DeliveryDate__c":"2026-04-07T00:00:00.000Z","DistributionCenter__c":"a06g8000000wkLpAAI","CreatedDate":"2026-03-31T12:58:02.000Z","Pricebook2Id":"01sg80000015mKTAAY","Id":"801g8000007DgjnAAC","AccountAddress__c":"a08g8000001Zx1SAAS","LastModifiedById":"005g80000010N45AAE","State__c":"a04g8000000Vm3ZAAS","EffectiveDate":"2026-03-31T00:00:00.000Z"},"801g8000007E9NdAAK":{"Status":"Draft","LastModifiedDate":"2026-04-02T16:17:34.000Z","Country__c":"a03g8000004x8aeAAA","IsDeleted":false,"AccountId":"001g8000005VaOHAA0","FreightType__c":"CIF","OrderNumber":"00000113","TotalAmount":0.00,"StatusCode":"Draft","PaymentCondition__c":"a07g8000004MONnAAO","IsReductionOrder":false,"SystemModstamp":"2026-04-02T16:17:34.000Z","City__c":"a05g8000001KAc9AAG","OwnerId":"005g80000010N45AAE","CreatedById":"005g80000010N45AAE","DeliveryDate__c":"2026-04-06T00:00:00.000Z","DistributionCenter__c":"a06g8000000wkLpAAI","CreatedDate":"2026-03-31T12:52:12.000Z","Pricebook2Id":"01sg80000015mKTAAY","Id":"801g8000007E9NdAAK","AccountAddress__c":"a08g8000001Zx1SAAS","LastModifiedById":"005g80000010N45AAE","State__c":"a04g8000000QmaTAAS","EffectiveDate":"2026-03-31T00:00:00.000Z"}}|0x2ca86503
13:17:49.1 (377084011)|CONSTRUCTOR_EXIT|[2]|01pg8000001LXzh|<init>()|OrderHandler
13:17:49.1 (377128770)|METHOD_ENTRY|[2]|01pg80000019iSf|TriggerHandler.run()
13:17:49.1 (377138777)|VARIABLE_SCOPE_BEGIN|[120]|this|TriggerHandler|true|false
13:17:49.1 (377201758)|VARIABLE_ASSIGNMENT|[120]|this|{"newRecords":"0x526ef63c","newRecordsMap":"0x6bcdc03c","oldRecords":"0x964c39e","oldRecordsMap":"0x756a1ad1","handlerName":"OrderHandler","isTriggerExecuting":true,"triggerEvent":"0x4a5ddfc4"}|0x2ca86503
13:17:49.1 (377210981)|STATEMENT_EXECUTE|[120]
13:17:49.1 (377216871)|METHOD_ENTRY|[121]|01pg80000019iSf|TriggerHandler.validateRun()
13:17:49.1 (377221595)|VARIABLE_SCOPE_BEGIN|[661]|this|TriggerHandler|true|false
13:17:49.1 (377239790)|VARIABLE_ASSIGNMENT|[661]|this|{"newRecords":"0x526ef63c","newRecordsMap":"0x6bcdc03c","oldRecords":"0x964c39e","oldRecordsMap":"0x756a1ad1","handlerName":"OrderHandler","isTriggerExecuting":true,"triggerEvent":"0x4a5ddfc4"}|0x2ca86503
13:17:49.1 (377245858)|STATEMENT_EXECUTE|[661]
13:17:49.1 (377254588)|STATEMENT_EXECUTE|[662]
13:17:49.1 (377255931)|STATEMENT_EXECUTE|[665]
13:17:49.1 (377263177)|METHOD_ENTRY|[665]|01pg80000019iSf|TriggerHandler.getHandlerName()
13:17:49.1 (377267526)|VARIABLE_SCOPE_BEGIN|[680]|this|TriggerHandler|true|false
13:17:49.1 (377282569)|VARIABLE_ASSIGNMENT|[680]|this|{"newRecords":"0x526ef63c","newRecordsMap":"0x6bcdc03c","oldRecords":"0x964c39e","oldRecordsMap":"0x756a1ad1","handlerName":"OrderHandler","isTriggerExecuting":true,"triggerEvent":"0x4a5ddfc4"}|0x2ca86503
13:17:49.1 (377294218)|STATEMENT_EXECUTE|[680]
13:17:49.1 (377355144)|STATEMENT_EXECUTE|[681]
13:17:49.1 (377356454)|STATEMENT_EXECUTE|[684]
13:17:49.1 (377361378)|METHOD_EXIT|[665]|01pg80000019iSf|TriggerHandler.getHandlerName()
13:17:49.1 (377383648)|METHOD_EXIT|[121]|01pg80000019iSf|TriggerHandler.validateRun()
13:17:49.1 (377387558)|STATEMENT_EXECUTE|[121]
13:17:49.1 (377391157)|METHOD_ENTRY|[126]|01pg80000019iSf|TriggerHandler.incrementCheckLoopCount()
13:17:49.1 (377395805)|VARIABLE_SCOPE_BEGIN|[634]|this|TriggerHandler|true|false
13:17:49.1 (377412716)|VARIABLE_ASSIGNMENT|[634]|this|{"newRecords":"0x526ef63c","newRecordsMap":"0x6bcdc03c","oldRecords":"0x964c39e","oldRecordsMap":"0x756a1ad1","handlerName":"OrderHandler","isTriggerExecuting":true,"triggerEvent":"0x4a5ddfc4"}|0x2ca86503
13:17:49.1 (377419124)|STATEMENT_EXECUTE|[634]
13:17:49.1 (377420613)|STATEMENT_EXECUTE|[635]
13:17:49.1 (377423462)|METHOD_ENTRY|[635]|01pg80000019iSf|TriggerHandler.getHandlerName()
13:17:49.1 (377427008)|VARIABLE_SCOPE_BEGIN|[680]|this|TriggerHandler|true|false
13:17:49.1 (377440595)|VARIABLE_ASSIGNMENT|[680]|this|{"newRecords":"0x526ef63c","newRecordsMap":"0x6bcdc03c","oldRecords":"0x964c39e","oldRecordsMap":"0x756a1ad1","handlerName":"OrderHandler","isTriggerExecuting":true,"triggerEvent":"0x4a5ddfc4"}|0x2ca86503
13:17:49.1 (377445689)|STATEMENT_EXECUTE|[680]
13:17:49.1 (377454845)|STATEMENT_EXECUTE|[681]
13:17:49.1 (377456195)|STATEMENT_EXECUTE|[684]
13:17:49.1 (377459566)|METHOD_EXIT|[635]|01pg80000019iSf|TriggerHandler.getHandlerName()
13:17:49.1 (377465841)|VARIABLE_SCOPE_BEGIN|[635]|handlerName|String|false|false
13:17:49.1 (377474043)|VARIABLE_ASSIGNMENT|[635]|handlerName|"OrderHandler"
13:17:49.1 (377488445)|STATEMENT_EXECUTE|[636]
13:17:49.1 (377489778)|STATEMENT_EXECUTE|[649]
13:17:49.1 (377492273)|METHOD_EXIT|[126]|01pg80000019iSf|TriggerHandler.incrementCheckLoopCount()
13:17:49.1 (377496058)|STATEMENT_EXECUTE|[126]
13:17:49.1 (377499123)|STATEMENT_EXECUTE|[130]
13:17:49.1 (377500386)|STATEMENT_EXECUTE|[135]
13:17:49.1 (377650240)|STATEMENT_EXECUTE|[139]
13:17:49.1 (377651840)|STATEMENT_EXECUTE|[140]
13:17:49.1 (377667527)|METHOD_ENTRY|[140]|01pg8000001LXzh|OrderHandler.beforeUpdate()
13:17:49.1 (377685792)|VARIABLE_SCOPE_BEGIN|[19]|this|OrderHandler|true|false
13:17:49.1 (377707808)|VARIABLE_ASSIGNMENT|[19]|this|{"newRecords":"0x526ef63c","newRecordsMap":"0x6bcdc03c","oldRecords":"0x964c39e","oldRecordsMap":"0x756a1ad1","handlerName":"OrderHandler","isTriggerExecuting":true,"triggerEvent":"0x4a5ddfc4"}|0x2ca86503
13:17:49.1 (377715084)|STATEMENT_EXECUTE|[19]
13:17:49.1 (377716229)|STATEMENT_EXECUTE|[20]
13:17:49.1 (377723198)|METHOD_ENTRY|[20]|01pg8000001LXzh|OrderHandler.checkActiveOrder()
13:17:49.1 (377733879)|VARIABLE_SCOPE_BEGIN|[28]|this|OrderHandler|true|false
13:17:49.1 (377749634)|VARIABLE_ASSIGNMENT|[28]|this|{"newRecords":"0x526ef63c","newRecordsMap":"0x6bcdc03c","oldRecords":"0x964c39e","oldRecordsMap":"0x756a1ad1","handlerName":"OrderHandler","isTriggerExecuting":true,"triggerEvent":"0x4a5ddfc4"}|0x2ca86503
13:17:49.1 (377755382)|STATEMENT_EXECUTE|[28]
13:17:49.1 (377756720)|STATEMENT_EXECUTE|[29]
13:17:49.1 (377760504)|VARIABLE_SCOPE_BEGIN|[29]|listaParaValidar|List<Order>|true|false
13:17:49.1 (377767489)|VARIABLE_ASSIGNMENT|[29]|listaParaValidar|null|
13:17:49.1 (377779837)|STATEMENT_EXECUTE|[33]
13:17:49.1 (377780974)|STATEMENT_EXECUTE|[34]
13:17:49.1 (379786396)|VARIABLE_ASSIGNMENT|[34]|listaParaValidar|[{"Status":"Draft","LastModifiedDate":"2026-04-02T16:17:36.000Z","Country__c":"a03g8000004x8aeAAA","IsDeleted":false,"AccountId":"001g8000005VaOHAA0","FreightType__c":"FOB","OrderNumber":"00000114","TotalAmount":1308000.00,"StatusCode":"Draft","PaymentCondition__c":"a07g8000004MONnAAO","IsReductionOrder":false,"SystemModstamp":"2026-04-02T16:17:50.000Z","City__c":"a05g8000001i8KfAAI","OwnerId":"005g80000010N45AAE","CreatedById":"005g80000010N45AAE","DeliveryDate__c":"2026-04-07T00:00:00.000Z","DistributionCenter__c":"a06g8000000wkLpAAI","CreatedDate":"2026-03-31T12:54:33.000Z","Pricebook2Id":"01sg80000015mKTAAY","Id":"801g8000007DOjhAAG","AccountAddress__c":"a08g8000001Zx1SAAS","LastModifiedById":"005g80000010N45AAE","State__c":"a04g8000000VkhhAAC","EffectiveDate":"2026-03-31T00:00:00.000Z"},{"Status":"Draft","LastModifiedDate":"2026-04-02T16:17:37.000Z","Country__c":"a03g8000004x8aeAAA","IsDeleted":false,"AccountId":"001g8000005VaOHAA0","FreightType__c":"FOB","OrderNumber":"00000115","TotalAmount":1280000.00,"StatusCode":"Draft","PaymentCondition__c":"a07g8000004MONnAAO","IsReductionOrder":false,"SystemModstamp":"2026-04-02T16:17:50.000Z","City__c":"a05g8000001i7ZuAAI","OwnerId":"005g80000010N45AAE","CreatedById":"005g80000010N45AAE","DeliveryDate__c":"2026-04-07T00:00:00.000Z","DistributionCenter__c":"a06g8000000wkLpAAI","CreatedDate":"2026-03-31T12:58:02.000Z","Pricebook2Id":"01sg80000015mKTAAY","Id":"801g8000007DgjnAAC","AccountAddress__c":"a08g8000001Zx1SAAS","LastModifiedById":"005g80000010N45AAE","State__c":"a04g8000000Vm3ZAAS","EffectiveDate":"2026-03-31T00:00:00.000Z"},{"Status":"Draft","LastModifiedDate":"2026-04-02T16:17:34.000Z","Country__c":"a03g8000004x8aeAAA","IsDeleted":false,"AccountId":"001g8000005VaOHAA0","FreightType__c":"CIF","OrderNumber":"00000113","TotalAmount":1369500.00,"StatusCode":"Draft","PaymentCondition__c":"a07g8000004MONnAAO","IsReductionOrder":false,"SystemModstamp":"2026-04-02T16:17:50.000Z","City__c":"a05g8000001KAc9AAG","OwnerId":"005g80000010N45AAE","CreatedById":"005g80000010N45AAE","DeliveryDate__c":"2026-04-06T00:00:00.000Z","DistributionCenter__c":"a06g8000000wkLpAAI","CreatedDate":"2026-03-31T12:52:12.000Z","Pricebook2Id":"01sg80000015mKTAAY","Id":"801g8000007E9NdAAK","AccountAddress__c":"a08g8000001Zx1SAAS","LastModifiedById":"005g80000010N45AAE","State__c":"a04g8000000QmaTAAS","EffectiveDate":"2026-03-31T00:00:00.000Z"}]|0x526ef63c
13:17:49.1 (379888335)|HEAP_ALLOCATE|[38]|Bytes:5
13:17:49.1 (379913636)|HEAP_ALLOCATE|[38]|Bytes:4
13:17:49.1 (379924081)|VARIABLE_SCOPE_BEGIN|[38]|pedido|Order|true|false
13:17:49.1 (380415116)|VARIABLE_ASSIGNMENT|[38]|pedido|{"Status":"Draft","LastModifiedDate":"2026-04-02T16:17:36.000Z","Country__c":"a03g8000004x8aeAAA","IsDeleted":false,"AccountId":"001g8000005VaOHAA0","FreightType__c":"FOB","OrderNumber":"00000114","TotalAmount":1308000.00,"StatusCode":"Draft","PaymentCondition__c":"a07g8000004MONnAAO","IsReductionOrder":false,"SystemModstamp":"2026-04-02T16:17:50.000Z","City__c":"a05g8000001i8KfAAI","OwnerId":"005g80000010N45AAE","CreatedById":"005g80000010N45AAE","DeliveryDate__c":"2026-04-07T00:00:00.000Z","DistributionCenter__c":"a06g8000000wkLpAAI","CreatedDate":"2026-03-31T12:54:33.000Z","Pricebook2Id":"01sg80000015mKTAAY","Id":"801g8000007DOjhAAG","AccountAddress__c":"a08g8000001Zx1SAAS","LastModifiedById":"005g80000010N45AAE","State__c":"a04g8000000VkhhAAC","EffectiveDate":"2026-03-31T00:00:00.000Z"}|0x5f174b4c
13:17:49.1 (380434618)|STATEMENT_EXECUTE|[38]
13:17:49.1 (380436662)|STATEMENT_EXECUTE|[40]
13:17:49.1 (380517851)|VARIABLE_SCOPE_BEGIN|[40]|pedidoAntigo|Order|true|false
13:17:49.1 (381009469)|VARIABLE_ASSIGNMENT|[40]|pedidoAntigo|{"Status":"Draft","LastModifiedDate":"2026-04-02T16:17:36.000Z","Country__c":"a03g8000004x8aeAAA","IsDeleted":false,"AccountId":"001g8000005VaOHAA0","FreightType__c":"FOB","OrderNumber":"00000114","TotalAmount":0.00,"StatusCode":"Draft","PaymentCondition__c":"a07g8000004MONnAAO","IsReductionOrder":false,"SystemModstamp":"2026-04-02T16:17:36.000Z","City__c":"a05g8000001i8KfAAI","OwnerId":"005g80000010N45AAE","CreatedById":"005g80000010N45AAE","DeliveryDate__c":"2026-04-07T00:00:00.000Z","DistributionCenter__c":"a06g8000000wkLpAAI","CreatedDate":"2026-03-31T12:54:33.000Z","Pricebook2Id":"01sg80000015mKTAAY","Id":"801g8000007DOjhAAG","AccountAddress__c":"a08g8000001Zx1SAAS","LastModifiedById":"005g80000010N45AAE","State__c":"a04g8000000VkhhAAC","EffectiveDate":"2026-03-31T00:00:00.000Z"}|0x9bb4795
13:17:49.1 (381022631)|STATEMENT_EXECUTE|[43]
13:17:49.1 (381035275)|VARIABLE_SCOPE_BEGIN|[43]|validacaoStatus|String|false|false
13:17:49.1 (381042123)|VARIABLE_ASSIGNMENT|[43]|validacaoStatus|"Draft"
13:17:49.1 (381083404)|HEAP_ALLOCATE|[38]|Bytes:5
13:17:49.1 (381102072)|HEAP_ALLOCATE|[38]|Bytes:4
13:17:49.1 (381107369)|VARIABLE_SCOPE_BEGIN|[38]|pedido|Order|true|false
13:17:49.1 (381794829)|VARIABLE_ASSIGNMENT|[38]|pedido|{"Status":"Draft","LastModifiedDate":"2026-04-02T16:17:37.000Z","Country__c":"a03g8000004x8aeAAA","IsDeleted":false,"AccountId":"001g8000005VaOHAA0","FreightType__c":"FOB","OrderNumber":"00000115","TotalAmount":1280000.00,"StatusCode":"Draft","PaymentCondition__c":"a07g8000004MONnAAO","IsReductionOrder":false,"SystemModstamp":"2026-04-02T16:17:50.000Z","City__c":"a05g8000001i7ZuAAI","OwnerId":"005g80000010N45AAE","CreatedById":"005g80000010N45AAE","DeliveryDate__c":"2026-04-07T00:00:00.000Z","DistributionCenter__c":"a06g8000000wkLpAAI","CreatedDate":"2026-03-31T12:58:02.000Z","Pricebook2Id":"01sg80000015mKTAAY","Id":"801g8000007DgjnAAC","AccountAddress__c":"a08g8000001Zx1SAAS","LastModifiedById":"005g80000010N45AAE","State__c":"a04g8000000Vm3ZAAS","EffectiveDate":"2026-03-31T00:00:00.000Z"}|0x15a43e01
13:17:49.1 (381818571)|STATEMENT_EXECUTE|[38]
13:17:49.1 (381820201)|STATEMENT_EXECUTE|[40]
13:17:49.1 (381861799)|VARIABLE_SCOPE_BEGIN|[40]|pedidoAntigo|Order|true|false
13:17:49.1 (382414400)|VARIABLE_ASSIGNMENT|[40]|pedidoAntigo|{"Status":"Draft","LastModifiedDate":"2026-04-02T16:17:37.000Z","Country__c":"a03g8000004x8aeAAA","IsDeleted":false,"AccountId":"001g8000005VaOHAA0","FreightType__c":"FOB","OrderNumber":"00000115","TotalAmount":0.00,"StatusCode":"Draft","PaymentCondition__c":"a07g8000004MONnAAO","IsReductionOrder":false,"SystemModstamp":"2026-04-02T16:17:37.000Z","City__c":"a05g8000001i7ZuAAI","OwnerId":"005g80000010N45AAE","CreatedById":"005g80000010N45AAE","DeliveryDate__c":"2026-04-07T00:00:00.000Z","DistributionCenter__c":"a06g8000000wkLpAAI","CreatedDate":"2026-03-31T12:58:02.000Z","Pricebook2Id":"01sg80000015mKTAAY","Id":"801g8000007DgjnAAC","AccountAddress__c":"a08g8000001Zx1SAAS","LastModifiedById":"005g80000010N45AAE","State__c":"a04g8000000Vm3ZAAS","EffectiveDate":"2026-03-31T00:00:00.000Z"}|0x1c71fa61
13:17:49.1 (382433262)|STATEMENT_EXECUTE|[43]
13:17:49.1 (382447255)|VARIABLE_SCOPE_BEGIN|[43]|validacaoStatus|String|false|false
13:17:49.1 (382471437)|VARIABLE_ASSIGNMENT|[43]|validacaoStatus|"Draft"
13:17:49.1 (382497636)|HEAP_ALLOCATE|[38]|Bytes:5
13:17:49.1 (382519019)|HEAP_ALLOCATE|[38]|Bytes:4
13:17:49.1 (382526586)|VARIABLE_SCOPE_BEGIN|[38]|pedido|Order|true|false
13:17:49.1 (383247071)|VARIABLE_ASSIGNMENT|[38]|pedido|{"Status":"Draft","LastModifiedDate":"2026-04-02T16:17:34.000Z","Country__c":"a03g8000004x8aeAAA","IsDeleted":false,"AccountId":"001g8000005VaOHAA0","FreightType__c":"CIF","OrderNumber":"00000113","TotalAmount":1369500.00,"StatusCode":"Draft","PaymentCondition__c":"a07g8000004MONnAAO","IsReductionOrder":false,"SystemModstamp":"2026-04-02T16:17:50.000Z","City__c":"a05g8000001KAc9AAG","OwnerId":"005g80000010N45AAE","CreatedById":"005g80000010N45AAE","DeliveryDate__c":"2026-04-06T00:00:00.000Z","DistributionCenter__c":"a06g8000000wkLpAAI","CreatedDate":"2026-03-31T12:52:12.000Z","Pricebook2Id":"01sg80000015mKTAAY","Id":"801g8000007E9NdAAK","AccountAddress__c":"a08g8000001Zx1SAAS","LastModifiedById":"005g80000010N45AAE","State__c":"a04g8000000QmaTAAS","EffectiveDate":"2026-03-31T00:00:00.000Z"}|0x79599f88
13:17:49.1 (383271115)|STATEMENT_EXECUTE|[38]
13:17:49.1 (383273074)|STATEMENT_EXECUTE|[40]
13:17:49.1 (383312400)|VARIABLE_SCOPE_BEGIN|[40]|pedidoAntigo|Order|true|false
13:17:49.1 (383915313)|VARIABLE_ASSIGNMENT|[40]|pedidoAntigo|{"Status":"Draft","LastModifiedDate":"2026-04-02T16:17:34.000Z","Country__c":"a03g8000004x8aeAAA","IsDeleted":false,"AccountId":"001g8000005VaOHAA0","FreightType__c":"CIF","OrderNumber":"00000113","TotalAmount":0.00,"StatusCode":"Draft","PaymentCondition__c":"a07g8000004MONnAAO","IsReductionOrder":false,"SystemModstamp":"2026-04-02T16:17:34.000Z","City__c":"a05g8000001KAc9AAG","OwnerId":"005g80000010N45AAE","CreatedById":"005g80000010N45AAE","DeliveryDate__c":"2026-04-06T00:00:00.000Z","DistributionCenter__c":"a06g8000000wkLpAAI","CreatedDate":"2026-03-31T12:52:12.000Z","Pricebook2Id":"01sg80000015mKTAAY","Id":"801g8000007E9NdAAK","AccountAddress__c":"a08g8000001Zx1SAAS","LastModifiedById":"005g80000010N45AAE","State__c":"a04g8000000QmaTAAS","EffectiveDate":"2026-03-31T00:00:00.000Z"}|0x2a0df8d9
13:17:49.1 (383929832)|STATEMENT_EXECUTE|[43]
13:17:49.1 (383939407)|VARIABLE_SCOPE_BEGIN|[43]|validacaoStatus|String|false|false
13:17:49.1 (383948259)|VARIABLE_ASSIGNMENT|[43]|validacaoStatus|"Draft"
13:17:49.1 (383968958)|HEAP_ALLOCATE|[38]|Bytes:5
13:17:49.1 (383982769)|VARIABLE_ASSIGNMENT|[38]|pedido|null|
13:17:49.1 (383992146)|METHOD_EXIT|[20]|01pg8000001LXzh|OrderHandler.checkActiveOrder()
13:17:49.1 (384000269)|METHOD_EXIT|[140]|01pg8000001LXzh|OrderHandler.beforeUpdate()
13:17:49.1 (384005047)|STATEMENT_EXECUTE|[158]
13:17:49.1 (384014250)|METHOD_ENTRY|[158]|01pg80000019iSf|TriggerHandler.andFinally()
13:17:49.1 (384020149)|VARIABLE_SCOPE_BEGIN|[746]|this|TriggerHandler|true|false
13:17:49.1 (384072339)|VARIABLE_ASSIGNMENT|[746]|this|{"newRecords":"0x526ef63c","newRecordsMap":"0x6bcdc03c","oldRecords":"0x964c39e","oldRecordsMap":"0x756a1ad1","handlerName":"OrderHandler","isTriggerExecuting":true,"triggerEvent":"0x4a5ddfc4"}|0x2ca86503
13:17:49.1 (384079284)|STATEMENT_EXECUTE|[746]
13:17:49.1 (384081544)|METHOD_EXIT|[158]|01pg80000019iSf|TriggerHandler.andFinally()
13:17:49.1 (384086605)|STATEMENT_EXECUTE|[160]
13:17:49.1 (384089484)|STATEMENT_EXECUTE|[176]
13:17:49.1 (384093878)|METHOD_EXIT|[2]|01pg80000019iSf|TriggerHandler.run()
13:17:49.384 (384104686)|CUMULATIVE_LIMIT_USAGE
13:17:49.384 (384104686)|LIMIT_USAGE_FOR_NS|(default)|
  Number of SOQL queries: 8 out of 100
  Number of query rows: 22 out of 50000
  Number of SOSL queries: 0 out of 20
  Number of DML statements: 0 out of 150
  Number of Publish Immediate DML: 0 out of 150
  Number of DML rows: 0 out of 10000
  Maximum CPU time: 100 out of 10000
  Maximum heap size: 0 out of 6000000
  Number of callouts: 0 out of 100
  Number of Email Invocations: 0 out of 10
  Number of future calls: 0 out of 50
  Number of queueable jobs added to the queue: 0 out of 50
  Number of Mobile Apex push calls: 0 out of 10

13:17:49.384 (384104686)|CUMULATIVE_LIMIT_USAGE_END

13:17:49.1 (384369762)|CODE_UNIT_FINISHED|OrderTrigger on Order trigger event BeforeUpdate|__sfdc_trigger/OrderTrigger
13:17:49.1 (388373293)|CODE_UNIT_STARTED|[EXTERNAL]|Validation:Order:801g8000007DOjh
13:17:49.1 (388430813)|VALIDATION_RULE|03dg8000000aS4D|Bloquear_Alteracao_Conta_Pedido
13:17:49.1 (388752871)|VALIDATION_FORMULA|ISCHANGED(AccountId) && NOT(ISNEW())|AccountId=001g8000005VaOH
13:17:49.1 (388766558)|VALIDATION_PASS
13:17:49.1 (388773508)|CODE_UNIT_FINISHED|Validation:Order:801g8000007DOjh
13:17:49.1 (388788255)|CODE_UNIT_STARTED|[EXTERNAL]|Validation:Order:801g8000007Dgjn
13:17:49.1 (388792542)|VALIDATION_RULE|03dg8000000aS4D|Bloquear_Alteracao_Conta_Pedido
13:17:49.1 (388877061)|VALIDATION_FORMULA|ISCHANGED(AccountId) && NOT(ISNEW())|AccountId=001g8000005VaOH
13:17:49.1 (388880959)|VALIDATION_PASS
13:17:49.1 (388883009)|CODE_UNIT_FINISHED|Validation:Order:801g8000007Dgjn
13:17:49.1 (388890352)|CODE_UNIT_STARTED|[EXTERNAL]|Validation:Order:801g8000007E9Nd
13:17:49.1 (388893203)|VALIDATION_RULE|03dg8000000aS4D|Bloquear_Alteracao_Conta_Pedido
13:17:49.1 (388939845)|VALIDATION_FORMULA|ISCHANGED(AccountId) && NOT(ISNEW())|AccountId=001g8000005VaOH
13:17:49.1 (388942627)|VALIDATION_PASS
13:17:49.1 (388944110)|CODE_UNIT_FINISHED|Validation:Order:801g8000007E9Nd
13:17:49.1 (457095777)|CODE_UNIT_FINISHED|TRIGGERS
13:17:49.1 (457116596)|EXECUTION_FINISHED
