66.0 APEX_CODE,FINEST;APEX_PROFILING,INFO;CALLOUT,INFO;DATA_ACCESS,INFO;DB,INFO;NBA,INFO;SYSTEM,DEBUG;VALIDATION,INFO;VISUALFORCE,INFO;WAVE,INFO;WORKFLOW,INFO
15:48:52.1 (1612901)|USER_INFO|[EXTERNAL]|005g80000010N45|sabrina.jesus@resourceful-moose-fmmd11.com|(GMT-03:00) Brasilia Standard Time (America/Sao_Paulo)|GMT-03:00
15:48:52.1 (1663822)|EXECUTION_STARTED
15:48:52.1 (1679528)|CODE_UNIT_STARTED|[EXTERNAL]|01pg8000001w1Mb|OrderItemHandlerTest.setup()
15:48:52.1 (1981908)|HEAP_ALLOCATE|[95]|Bytes:3
15:48:52.1 (2077153)|HEAP_ALLOCATE|[100]|Bytes:152
15:48:52.1 (2097935)|HEAP_ALLOCATE|[417]|Bytes:408
15:48:52.1 (2117748)|HEAP_ALLOCATE|[430]|Bytes:408
15:48:52.1 (2150316)|HEAP_ALLOCATE|[317]|Bytes:6
15:48:52.1 (2166913)|HEAP_ALLOCATE|[EXTERNAL]|Bytes:413
15:48:52.1 (2180291)|METHOD_ENTRY|[2]|01pg8000001w1Mb|OrderItemHandlerTest.OrderItemHandlerTest()
15:48:52.1 (2210816)|STATEMENT_EXECUTE|[2]
15:48:52.1 (2225878)|STATEMENT_EXECUTE|[2]
15:48:52.1 (2231442)|METHOD_EXIT|[2]|OrderItemHandlerTest
15:48:52.1 (2263598)|HEAP_ALLOCATE|[68]|Bytes:5
15:48:52.1 (2297207)|HEAP_ALLOCATE|[74]|Bytes:5
15:48:52.1 (2305232)|HEAP_ALLOCATE|[82]|Bytes:7
15:48:52.1 (2348240)|STATEMENT_EXECUTE|[4]
15:48:52.1 (2350286)|STATEMENT_EXECUTE|[5]
15:48:52.1 (4210252)|VARIABLE_SCOPE_BEGIN|[3]|TestFactorySObject.countSObjectCreated|Decimal|false|true
15:48:52.1 (4224834)|VARIABLE_SCOPE_BEGIN|[2]|TestFactorySObject.testFactorySObject|TestFactorySObject|true|true
15:48:52.1 (4238343)|HEAP_ALLOCATE|[5]|Bytes:20
15:48:52.1 (4244334)|HEAP_ALLOCATE|[5]|Bytes:13
15:48:52.1 (4259846)|METHOD_ENTRY|[1]|01pg8000001w1Mi|TestFactorySObject.TestFactorySObject()
15:48:52.1 (4272411)|STATEMENT_EXECUTE|[1]
15:48:52.1 (4281368)|STATEMENT_EXECUTE|[1]
15:48:52.1 (4283121)|STATEMENT_EXECUTE|[3]
15:48:52.1 (4326416)|HEAP_ALLOCATE|[3]|Bytes:28
15:48:52.1 (4328872)|HEAP_ALLOCATE|[3]|Bytes:28
15:48:52.1 (4372168)|VARIABLE_ASSIGNMENT|[3]|TestFactorySObject.countSObjectCreated|0
15:48:52.1 (4376471)|STATEMENT_EXECUTE|[59]
15:48:52.1 (4381526)|METHOD_EXIT|[1]|TestFactorySObject
15:48:52.1 (4397576)|METHOD_ENTRY|[5]|01pg8000001w1Mi|TestFactorySObject.getInstance()
15:48:52.1 (4429785)|STATEMENT_EXECUTE|[5]
15:48:52.1 (4434858)|STATEMENT_EXECUTE|[6]
15:48:52.1 (4436289)|STATEMENT_EXECUTE|[7]
15:48:52.1 (4449582)|HEAP_ALLOCATE|[7]|Bytes:4
15:48:52.1 (4459411)|CONSTRUCTOR_ENTRY|[7]|01pg8000001w1Mi|<init>()|TestFactorySObject
15:48:52.1 (4489146)|VARIABLE_SCOPE_BEGIN|[1]|this|TestFactorySObject|true|false
15:48:52.1 (4526181)|VARIABLE_ASSIGNMENT|[1]|this|{}|0x2a0231f4
15:48:52.1 (4532101)|HEAP_ALLOCATE|[EXTERNAL]|Bytes:6
15:48:52.1 (5456409)|STATEMENT_EXECUTE|[1]
15:48:52.1 (5461060)|CONSTRUCTOR_EXIT|[7]|01pg8000001w1Mi|<init>()|TestFactorySObject
15:48:52.1 (5479130)|VARIABLE_ASSIGNMENT|[7]|TestFactorySObject.testFactorySObject|{}|0x2a0231f4
15:48:52.1 (5483831)|STATEMENT_EXECUTE|[9]
15:48:52.1 (5489468)|METHOD_EXIT|[5]|01pg8000001w1Mi|TestFactorySObject.getInstance()
15:48:52.1 (5493892)|VARIABLE_SCOPE_BEGIN|[5]|factory|TestFactorySObject|true|false
15:48:52.1 (5502114)|VARIABLE_ASSIGNMENT|[5]|factory|{}|0x2a0231f4
15:48:52.1 (5505855)|STATEMENT_EXECUTE|[7]
15:48:52.1 (5596202)|HEAP_ALLOCATE|[7]|Bytes:4
15:48:52.1 (5752955)|METHOD_ENTRY|[7]|01pg8000001w1Mi|TestFactorySObject.createSObject(SObject)
15:48:52.1 (5776618)|VARIABLE_SCOPE_BEGIN|[27]|this|TestFactorySObject|true|false
15:48:52.1 (5791511)|VARIABLE_ASSIGNMENT|[27]|this|{}|0x2a0231f4
15:48:52.1 (5796100)|VARIABLE_SCOPE_BEGIN|[27]|sObj|SObject|true|false
15:48:52.1 (5806135)|VARIABLE_ASSIGNMENT|[27]|sObj|{}|0x6e683200
15:48:52.1 (5823409)|STATEMENT_EXECUTE|[27]
15:48:52.1 (5825358)|STATEMENT_EXECUTE|[28]
15:48:52.1 (5832782)|METHOD_ENTRY|[28]|01pg8000001w1Mi|TestFactorySObject.validateSObject(SObject)
15:48:52.1 (5851813)|VARIABLE_SCOPE_BEGIN|[13]|sObj|SObject|true|false
15:48:52.1 (5855950)|VARIABLE_ASSIGNMENT|[13]|sObj|{}|0x6e683200
15:48:52.1 (5861300)|STATEMENT_EXECUTE|[13]
15:48:52.1 (5863500)|STATEMENT_EXECUTE|[14]
15:48:52.1 (5866435)|METHOD_EXIT|[28]|01pg8000001w1Mi|TestFactorySObject.validateSObject(SObject)
15:48:52.1 (5869870)|STATEMENT_EXECUTE|[30]
15:48:52.1 (5935195)|HEAP_ALLOCATE|[30]|Bytes:15
15:48:52.1 (5941281)|VARIABLE_SCOPE_BEGIN|[30]|objectName|String|false|false
15:48:52.1 (5953753)|VARIABLE_ASSIGNMENT|[30]|objectName|"AccountGroup__c"
15:48:52.1 (5958009)|HEAP_ALLOCATE|[31]|Bytes:8
15:48:52.1 (5983953)|STATEMENT_EXECUTE|[31]
15:48:52.1 (5985590)|STATEMENT_EXECUTE|[35]
15:48:52.1 (5986973)|HEAP_ALLOCATE|[36]|Bytes:22
15:48:52.1 (5989453)|HEAP_ALLOCATE|[36]|Bytes:14
15:48:52.1 (6011655)|HEAP_ALLOCATE|[36]|Bytes:12
15:48:52.1 (6016926)|HEAP_ALLOCATE|[36]|Bytes:8
15:48:52.1 (6024261)|HEAP_ALLOCATE|[36]|Bytes:42
15:48:52.1 (6026428)|VARIABLE_SCOPE_BEGIN|[35]|defaultClassName|String|false|false
15:48:52.1 (6033685)|VARIABLE_ASSIGNMENT|[35]|defaultClassName|"TemplateDefaultField (22 more) ..."
15:48:52.1 (6037119)|STATEMENT_EXECUTE|[38]
15:48:52.1 (6043373)|METHOD_ENTRY|[38]|01pg8000001w1Mi|TestFactorySObject.dispatchSObjectCreation(SObject, String)
15:48:52.1 (6049168)|VARIABLE_SCOPE_BEGIN|[42]|this|TestFactorySObject|true|false
15:48:52.1 (6056943)|VARIABLE_ASSIGNMENT|[42]|this|{}|0x2a0231f4
15:48:52.1 (6059639)|VARIABLE_SCOPE_BEGIN|[42]|sObj|SObject|true|false
15:48:52.1 (6063883)|VARIABLE_ASSIGNMENT|[42]|sObj|{}|0x6e683200
15:48:52.1 (6066430)|VARIABLE_SCOPE_BEGIN|[42]|defaultClassName|String|false|false
15:48:52.1 (6070578)|VARIABLE_ASSIGNMENT|[42]|defaultClassName|"TemplateDefaultField (22 more) ..."
15:48:52.1 (6075511)|STATEMENT_EXECUTE|[42]
15:48:52.1 (6076995)|STATEMENT_EXECUTE|[44]
15:48:52.1 (6122687)|HEAP_ALLOCATE|[44]|Bytes:33
15:48:52.1 (6129883)|SYSTEM_METHOD_ENTRY|[1]|Type.Type()
15:48:52.1 (6133008)|STATEMENT_EXECUTE|[1]
15:48:52.1 (6138345)|SYSTEM_METHOD_EXIT|[1]|Type
15:48:52.1 (6143585)|METHOD_ENTRY|[44]||System.Type.forName(String)
15:48:52.1 (10511022)|METHOD_EXIT|[44]||System.Type.forName(String)
15:48:52.1 (10526121)|VARIABLE_SCOPE_BEGIN|[44]|t|System.Type|true|false
15:48:52.1 (10568950)|VARIABLE_ASSIGNMENT|[44]|t|{"aot":"0x5d9f8205"}|0x3e969514
15:48:52.1 (10589643)|STATEMENT_EXECUTE|[45]
15:48:52.1 (10592964)|STATEMENT_EXECUTE|[51]
15:48:52.1 (10606506)|METHOD_ENTRY|[52]||System.Type.newInstance()
15:48:52.1 (12788800)|STATEMENT_EXECUTE|[121]
15:48:52.1 (12808159)|METHOD_EXIT|[52]||System.Type.newInstance()
15:48:52.1 (12823077)|VARIABLE_SCOPE_BEGIN|[51]|defaults|TemplateDefaultFields.FieldDefaults|true|false
15:48:52.1 (12844397)|VARIABLE_ASSIGNMENT|[51]|defaults|{}|0x34b12d32
15:48:52.1 (12849217)|STATEMENT_EXECUTE|[53]
15:48:52.1 (12879829)|METHOD_ENTRY|[53]|01pg8000001w1Mh|TemplateDefaultFields.AccountGroupDefaults.getFieldDefaults(Decimal)
15:48:52.1 (12898449)|VARIABLE_SCOPE_BEGIN|[122]|this|TemplateDefaultFields.AccountGroupDefaults|true|false
15:48:52.1 (12905187)|VARIABLE_ASSIGNMENT|[122]|this|{}|0x34b12d32
15:48:52.1 (12909176)|VARIABLE_SCOPE_BEGIN|[122]|countSObjectCreated|Decimal|false|false
15:48:52.1 (12918522)|VARIABLE_ASSIGNMENT|[122]|countSObjectCreated|0
15:48:52.1 (12928594)|STATEMENT_EXECUTE|[122]
15:48:52.1 (12930242)|STATEMENT_EXECUTE|[123]
15:48:52.1 (12946039)|HEAP_ALLOCATE|[123]|Bytes:4
15:48:52.1 (12959146)|HEAP_ALLOCATE|[124]|Bytes:4
15:48:52.1 (12961785)|HEAP_ALLOCATE|[124]|Bytes:20
15:48:52.1 (13009706)|HEAP_ALLOCATE|[124]|Bytes:1
15:48:52.1 (13024464)|HEAP_ALLOCATE|[124]|Bytes:21
15:48:52.1 (13053287)|HEAP_ALLOCATE|[125]|Bytes:19
15:48:52.1 (13055414)|HEAP_ALLOCATE|[125]|Bytes:3
15:48:52.1 (13063656)|HEAP_ALLOCATE|[125]|Bytes:1
15:48:52.1 (13068314)|HEAP_ALLOCATE|[125]|Bytes:4
15:48:52.1 (13075661)|METHOD_EXIT|[53]|01pg8000001w1Mh|TemplateDefaultFields.AccountGroupDefaults.getFieldDefaults(Decimal)
15:48:52.1 (13086264)|METHOD_ENTRY|[53]|01pg8000001w1Mi|TestFactorySObject.addFieldDefaults(SObject, Map<String,ANY>)
15:48:52.1 (13090139)|VARIABLE_SCOPE_BEGIN|[19]|sObj|SObject|true|false
15:48:52.1 (13098629)|VARIABLE_ASSIGNMENT|[19]|sObj|{}|0x6e683200
15:48:52.1 (13101412)|VARIABLE_SCOPE_BEGIN|[19]|defaultFields|Map<String,ANY>|true|false
15:48:52.1 (13121189)|VARIABLE_ASSIGNMENT|[19]|defaultFields|{"Name":"Grupo de Conta Teste (1 more) ...","AccountGroupCode__c":"ACG0"}|0x5f98b8b1
15:48:52.1 (13128624)|STATEMENT_EXECUTE|[19]
15:48:52.1 (13205910)|HEAP_ALLOCATE|[20]|Bytes:35
15:48:52.1 (13271401)|HEAP_ALLOCATE|[20]|Bytes:5
15:48:52.1 (13283934)|VARIABLE_SCOPE_BEGIN|[20]|fieldApiName|String|false|false
15:48:52.1 (13289920)|VARIABLE_ASSIGNMENT|[20]|fieldApiName|"Name"
15:48:52.1 (13294589)|STATEMENT_EXECUTE|[20]
15:48:52.1 (13400926)|STATEMENT_EXECUTE|[21]
15:48:52.1 (13402643)|STATEMENT_EXECUTE|[22]
15:48:52.1 (13499386)|HEAP_ALLOCATE|[20]|Bytes:5
15:48:52.1 (13505792)|VARIABLE_SCOPE_BEGIN|[20]|fieldApiName|String|false|false
15:48:52.1 (13511201)|VARIABLE_ASSIGNMENT|[20]|fieldApiName|"AccountGroupCode__c"
15:48:52.1 (13514970)|STATEMENT_EXECUTE|[20]
15:48:52.1 (13544166)|STATEMENT_EXECUTE|[21]
15:48:52.1 (13545692)|STATEMENT_EXECUTE|[22]
15:48:52.1 (13577313)|HEAP_ALLOCATE|[20]|Bytes:5
15:48:52.1 (13584372)|VARIABLE_ASSIGNMENT|[20]|fieldApiName|null
15:48:52.1 (13589926)|METHOD_EXIT|[53]|01pg8000001w1Mi|TestFactorySObject.addFieldDefaults(SObject, Map<String,ANY>)
15:48:52.1 (13594367)|STATEMENT_EXECUTE|[54]
15:48:52.1 (13615292)|HEAP_ALLOCATE|[54]|Bytes:28
15:48:52.1 (13617166)|HEAP_ALLOCATE|[54]|Bytes:28
15:48:52.1 (13647108)|HEAP_ALLOCATE|[54]|Bytes:28
15:48:52.1 (13648968)|HEAP_ALLOCATE|[54]|Bytes:28
15:48:52.1 (13662073)|VARIABLE_ASSIGNMENT|[54]|TestFactorySObject.countSObjectCreated|1
15:48:52.1 (13666007)|STATEMENT_EXECUTE|[56]
15:48:52.1 (13669404)|METHOD_EXIT|[38]|01pg8000001w1Mi|TestFactorySObject.dispatchSObjectCreation(SObject, String)
15:48:52.1 (13673974)|METHOD_EXIT|[7]|01pg8000001w1Mi|TestFactorySObject.createSObject(SObject)
15:48:52.1 (13681793)|VARIABLE_SCOPE_BEGIN|[7]|acg|AccountGroup__c|true|false
15:48:52.1 (13694438)|VARIABLE_ASSIGNMENT|[7]|acg|{"Name":"Grupo de Conta Teste (1 more) ...","AccountGroupCode__c":"ACG0"}|0x6e683200
15:48:52.1 (13699678)|STATEMENT_EXECUTE|[8]
15:48:52.1 (13733460)|HEAP_ALLOCATE|[8]|Bytes:8
15:48:52.1 (13742503)|DML_BEGIN|[8]|Op:Insert|Type:AccountGroup__c|Rows:1
15:48:52.1 (13779726)|HEAP_ALLOCATE|[EXTERNAL]|Bytes:8
15:48:52.1 (41976360)|DML_END|[8]
15:48:52.1 (42327905)|STATEMENT_EXECUTE|[10]
15:48:52.1 (42394728)|HEAP_ALLOCATE|[10]|Bytes:4
15:48:52.1 (42557113)|METHOD_ENTRY|[10]|01pg8000001w1Mi|TestFactorySObject.createSObject(SObject)
15:48:52.1 (42590035)|VARIABLE_SCOPE_BEGIN|[27]|this|TestFactorySObject|true|false
15:48:52.1 (42633343)|VARIABLE_ASSIGNMENT|[27]|this|{}|0x2a0231f4
15:48:52.1 (42636823)|VARIABLE_SCOPE_BEGIN|[27]|sObj|SObject|true|false
15:48:52.1 (42645630)|VARIABLE_ASSIGNMENT|[27]|sObj|{}|0x1fe608a0
15:48:52.1 (42664042)|STATEMENT_EXECUTE|[27]
15:48:52.1 (42666119)|STATEMENT_EXECUTE|[28]
15:48:52.1 (42671988)|METHOD_ENTRY|[28]|01pg8000001w1Mi|TestFactorySObject.validateSObject(SObject)
15:48:52.1 (42675636)|VARIABLE_SCOPE_BEGIN|[13]|sObj|SObject|true|false
15:48:52.1 (42679918)|VARIABLE_ASSIGNMENT|[13]|sObj|{}|0x1fe608a0
15:48:52.1 (42685648)|STATEMENT_EXECUTE|[13]
15:48:52.1 (42688283)|STATEMENT_EXECUTE|[14]
15:48:52.1 (42691949)|METHOD_EXIT|[28]|01pg8000001w1Mi|TestFactorySObject.validateSObject(SObject)
15:48:52.1 (42695541)|STATEMENT_EXECUTE|[30]
15:48:52.1 (42749911)|HEAP_ALLOCATE|[30]|Bytes:7
15:48:52.1 (42770478)|VARIABLE_SCOPE_BEGIN|[30]|objectName|String|false|false
15:48:52.1 (42783646)|VARIABLE_ASSIGNMENT|[30]|objectName|"Account"
15:48:52.1 (42807389)|STATEMENT_EXECUTE|[31]
15:48:52.1 (42809206)|STATEMENT_EXECUTE|[35]
15:48:52.1 (42824701)|HEAP_ALLOCATE|[36]|Bytes:7
15:48:52.1 (42834177)|HEAP_ALLOCATE|[36]|Bytes:37
15:48:52.1 (42836458)|VARIABLE_SCOPE_BEGIN|[35]|defaultClassName|String|false|false
15:48:52.1 (42843101)|VARIABLE_ASSIGNMENT|[35]|defaultClassName|"TemplateDefaultField (17 more) ..."
15:48:52.1 (42846392)|STATEMENT_EXECUTE|[38]
15:48:52.1 (42851118)|METHOD_ENTRY|[38]|01pg8000001w1Mi|TestFactorySObject.dispatchSObjectCreation(SObject, String)
15:48:52.1 (42854281)|VARIABLE_SCOPE_BEGIN|[42]|this|TestFactorySObject|true|false
15:48:52.1 (42862717)|VARIABLE_ASSIGNMENT|[42]|this|{}|0x2a0231f4
15:48:52.1 (42865708)|VARIABLE_SCOPE_BEGIN|[42]|sObj|SObject|true|false
15:48:52.1 (42869728)|VARIABLE_ASSIGNMENT|[42]|sObj|{}|0x1fe608a0
15:48:52.1 (42872216)|VARIABLE_SCOPE_BEGIN|[42]|defaultClassName|String|false|false
15:48:52.1 (42876427)|VARIABLE_ASSIGNMENT|[42]|defaultClassName|"TemplateDefaultField (17 more) ..."
15:48:52.1 (42907718)|STATEMENT_EXECUTE|[42]
15:48:52.1 (42909727)|STATEMENT_EXECUTE|[44]
15:48:52.1 (42913726)|METHOD_ENTRY|[44]||System.Type.forName(String)
15:48:52.1 (45369367)|METHOD_EXIT|[44]||System.Type.forName(String)
15:48:52.1 (45382020)|VARIABLE_SCOPE_BEGIN|[44]|t|System.Type|true|false
15:48:52.1 (45425460)|VARIABLE_ASSIGNMENT|[44]|t|{"aot":"0x2837ff64"}|0x304a89ec
15:48:52.1 (45447360)|STATEMENT_EXECUTE|[45]
15:48:52.1 (45450095)|STATEMENT_EXECUTE|[51]
15:48:52.1 (45455943)|METHOD_ENTRY|[52]||System.Type.newInstance()
15:48:52.1 (45595707)|STATEMENT_EXECUTE|[108]
15:48:52.1 (45606073)|METHOD_EXIT|[52]||System.Type.newInstance()
15:48:52.1 (45614181)|VARIABLE_SCOPE_BEGIN|[51]|defaults|TemplateDefaultFields.FieldDefaults|true|false
15:48:52.1 (45624542)|VARIABLE_ASSIGNMENT|[51]|defaults|{}|0x6928fac8
15:48:52.1 (45628361)|STATEMENT_EXECUTE|[53]
15:48:52.1 (45652744)|METHOD_ENTRY|[53]|01pg8000001w1Mh|TemplateDefaultFields.AccountDefaults.getFieldDefaults(Decimal)
15:48:52.1 (45657227)|VARIABLE_SCOPE_BEGIN|[109]|this|TemplateDefaultFields.AccountDefaults|true|false
15:48:52.1 (45663140)|VARIABLE_ASSIGNMENT|[109]|this|{}|0x6928fac8
15:48:52.1 (45667000)|VARIABLE_SCOPE_BEGIN|[109]|countSObjectCreated|Decimal|false|false
15:48:52.1 (45675688)|VARIABLE_ASSIGNMENT|[109]|countSObjectCreated|1
15:48:52.1 (45682480)|STATEMENT_EXECUTE|[109]
15:48:52.1 (45684135)|STATEMENT_EXECUTE|[112]
15:48:52.1 (45744343)|HEAP_ALLOCATE|[112]|Bytes:1
15:48:52.1 (45753093)|HEAP_ALLOCATE|[112]|Bytes:1
15:48:52.1 (45794835)|HEAP_ALLOCATE|[112]|Bytes:2
15:48:52.1 (45799741)|VARIABLE_SCOPE_BEGIN|[112]|finalDoCnpj|String|false|false
15:48:52.1 (45805627)|VARIABLE_ASSIGNMENT|[112]|finalDoCnpj|"01"
15:48:52.1 (45809399)|STATEMENT_EXECUTE|[114]
15:48:52.1 (45824711)|HEAP_ALLOCATE|[114]|Bytes:4
15:48:52.1 (45832173)|HEAP_ALLOCATE|[115]|Bytes:11
15:48:52.1 (45848375)|HEAP_ALLOCATE|[115]|Bytes:1
15:48:52.1 (45856186)|HEAP_ALLOCATE|[115]|Bytes:12
15:48:52.1 (45883830)|HEAP_ALLOCATE|[116]|Bytes:7
15:48:52.1 (45885802)|HEAP_ALLOCATE|[116]|Bytes:16
15:48:52.1 (45888058)|HEAP_ALLOCATE|[116]|Bytes:18
15:48:52.1 (45894595)|METHOD_EXIT|[53]|01pg8000001w1Mh|TemplateDefaultFields.AccountDefaults.getFieldDefaults(Decimal)
15:48:52.1 (45900383)|METHOD_ENTRY|[53]|01pg8000001w1Mi|TestFactorySObject.addFieldDefaults(SObject, Map<String,ANY>)
15:48:52.1 (45904172)|VARIABLE_SCOPE_BEGIN|[19]|sObj|SObject|true|false
15:48:52.1 (45913160)|VARIABLE_ASSIGNMENT|[19]|sObj|{}|0x1fe608a0
15:48:52.1 (45915832)|VARIABLE_SCOPE_BEGIN|[19]|defaultFields|Map<String,ANY>|true|false
15:48:52.1 (45931217)|VARIABLE_ASSIGNMENT|[19]|defaultFields|{"Name":"Conta Teste1","CNPJ__c":"12.345.678/0001-01"}|0x4d75a40
15:48:52.1 (45937510)|STATEMENT_EXECUTE|[19]
15:48:52.1 (45972576)|HEAP_ALLOCATE|[20]|Bytes:23
15:48:52.1 (45995862)|HEAP_ALLOCATE|[20]|Bytes:5
15:48:52.1 (46006926)|VARIABLE_SCOPE_BEGIN|[20]|fieldApiName|String|false|false
15:48:52.1 (46012318)|VARIABLE_ASSIGNMENT|[20]|fieldApiName|"Name"
15:48:52.1 (46016791)|STATEMENT_EXECUTE|[20]
15:48:52.1 (46105984)|STATEMENT_EXECUTE|[21]
15:48:52.1 (46107696)|STATEMENT_EXECUTE|[22]
15:48:52.1 (46181971)|HEAP_ALLOCATE|[20]|Bytes:5
15:48:52.1 (46188190)|VARIABLE_SCOPE_BEGIN|[20]|fieldApiName|String|false|false
15:48:52.1 (46193240)|VARIABLE_ASSIGNMENT|[20]|fieldApiName|"CNPJ__c"
15:48:52.1 (46196620)|STATEMENT_EXECUTE|[20]
15:48:52.1 (46226067)|STATEMENT_EXECUTE|[21]
15:48:52.1 (46248715)|STATEMENT_EXECUTE|[22]
15:48:52.1 (46278720)|HEAP_ALLOCATE|[20]|Bytes:5
15:48:52.1 (46285887)|VARIABLE_ASSIGNMENT|[20]|fieldApiName|null
15:48:52.1 (46291439)|METHOD_EXIT|[53]|01pg8000001w1Mi|TestFactorySObject.addFieldDefaults(SObject, Map<String,ANY>)
15:48:52.1 (46295969)|STATEMENT_EXECUTE|[54]
15:48:52.1 (46315498)|HEAP_ALLOCATE|[54]|Bytes:28
15:48:52.1 (46317415)|HEAP_ALLOCATE|[54]|Bytes:28
15:48:52.1 (46329618)|HEAP_ALLOCATE|[54]|Bytes:28
15:48:52.1 (46331289)|HEAP_ALLOCATE|[54]|Bytes:28
15:48:52.1 (46344767)|VARIABLE_ASSIGNMENT|[54]|TestFactorySObject.countSObjectCreated|2
15:48:52.1 (46347929)|STATEMENT_EXECUTE|[56]
15:48:52.1 (46350869)|METHOD_EXIT|[38]|01pg8000001w1Mi|TestFactorySObject.dispatchSObjectCreation(SObject, String)
15:48:52.1 (46355791)|METHOD_EXIT|[10]|01pg8000001w1Mi|TestFactorySObject.createSObject(SObject)
15:48:52.1 (46363169)|VARIABLE_SCOPE_BEGIN|[10]|acc|Account|true|false
15:48:52.1 (46373029)|VARIABLE_ASSIGNMENT|[10]|acc|{"Name":"Conta Teste1","CNPJ__c":"12.345.678/0001-01"}|0x1fe608a0
15:48:52.1 (46377230)|STATEMENT_EXECUTE|[11]
15:48:52.1 (46468207)|VARIABLE_ASSIGNMENT|[11]|this.AccountGroup__c|"a02g8000002mQYXAA2"|0x1fe608a0
15:48:52.1 (46472901)|STATEMENT_EXECUTE|[12]
15:48:52.1 (46495925)|HEAP_ALLOCATE|[12]|Bytes:8
15:48:52.1 (46504522)|DML_BEGIN|[12]|Op:Insert|Type:Account|Rows:1
15:48:52.1 (46532427)|HEAP_ALLOCATE|[EXTERNAL]|Bytes:8
15:48:52.1 (70676975)|CODE_UNIT_STARTED|[EXTERNAL]|Validation:Account:new
15:48:52.1 (70699451)|VALIDATION_RULE|03dg8000000honx|Obrigatorio_AccountGroup
15:48:52.1 (70816742)|VALIDATION_FORMULA|ISBLANK(AccountGroup__c)|AccountGroup__c=a02g8000002mQYX
15:48:52.1 (70821433)|VALIDATION_PASS
15:48:52.1 (70822721)|VALIDATION_RULE|03dg8000000hbab|validacao_CNPJ
15:48:52.1 (70921725)|VALIDATION_FORMULA|NOT(
    REGEX(CNPJ__c, "^(\\d{2}\\.\\d{3}\\.\\d{3}/\\d{4}\\-\\d{2})?$")
)|CNPJ__c=12.345.678/0001-01
15:48:52.1 (70925041)|VALIDATION_PASS
15:48:52.1 (70930601)|CODE_UNIT_FINISHED|Validation:Account:new
15:48:52.1 (98828097)|DML_END|[12]
15:48:52.1 (99236537)|STATEMENT_EXECUTE|[14]
15:48:52.1 (99317268)|HEAP_ALLOCATE|[14]|Bytes:4
15:48:52.1 (99513311)|METHOD_ENTRY|[14]|01pg8000001w1Mi|TestFactorySObject.createSObject(SObject)
15:48:52.1 (99549636)|VARIABLE_SCOPE_BEGIN|[27]|this|TestFactorySObject|true|false
15:48:52.1 (99594629)|VARIABLE_ASSIGNMENT|[27]|this|{}|0x2a0231f4
15:48:52.1 (99598238)|VARIABLE_SCOPE_BEGIN|[27]|sObj|SObject|true|false
15:48:52.1 (99607141)|VARIABLE_ASSIGNMENT|[27]|sObj|{}|0x570bf7b5
15:48:52.1 (99628458)|STATEMENT_EXECUTE|[27]
15:48:52.1 (99630409)|STATEMENT_EXECUTE|[28]
15:48:52.1 (99637019)|METHOD_ENTRY|[28]|01pg8000001w1Mi|TestFactorySObject.validateSObject(SObject)
15:48:52.1 (99640965)|VARIABLE_SCOPE_BEGIN|[13]|sObj|SObject|true|false
15:48:52.1 (99644808)|VARIABLE_ASSIGNMENT|[13]|sObj|{}|0x570bf7b5
15:48:52.1 (99650305)|STATEMENT_EXECUTE|[13]
15:48:52.1 (99652957)|STATEMENT_EXECUTE|[14]
15:48:52.1 (99656850)|METHOD_EXIT|[28]|01pg8000001w1Mi|TestFactorySObject.validateSObject(SObject)
15:48:52.1 (99660188)|STATEMENT_EXECUTE|[30]
15:48:52.1 (99719451)|HEAP_ALLOCATE|[30]|Bytes:10
15:48:52.1 (99727108)|VARIABLE_SCOPE_BEGIN|[30]|objectName|String|false|false
15:48:52.1 (99741454)|VARIABLE_ASSIGNMENT|[30]|objectName|"Country__c"
15:48:52.1 (99766123)|STATEMENT_EXECUTE|[31]
15:48:52.1 (99767678)|STATEMENT_EXECUTE|[35]
15:48:52.1 (99785312)|HEAP_ALLOCATE|[36]|Bytes:7
15:48:52.1 (99794856)|HEAP_ALLOCATE|[36]|Bytes:37
15:48:52.1 (99797158)|VARIABLE_SCOPE_BEGIN|[35]|defaultClassName|String|false|false
15:48:52.1 (99804085)|VARIABLE_ASSIGNMENT|[35]|defaultClassName|"TemplateDefaultField (17 more) ..."
15:48:52.1 (99806722)|STATEMENT_EXECUTE|[38]
15:48:52.1 (99811288)|METHOD_ENTRY|[38]|01pg8000001w1Mi|TestFactorySObject.dispatchSObjectCreation(SObject, String)
15:48:52.1 (99814361)|VARIABLE_SCOPE_BEGIN|[42]|this|TestFactorySObject|true|false
15:48:52.1 (99822286)|VARIABLE_ASSIGNMENT|[42]|this|{}|0x2a0231f4
15:48:52.1 (99825066)|VARIABLE_SCOPE_BEGIN|[42]|sObj|SObject|true|false
15:48:52.1 (99829437)|VARIABLE_ASSIGNMENT|[42]|sObj|{}|0x570bf7b5
15:48:52.1 (99832401)|VARIABLE_SCOPE_BEGIN|[42]|defaultClassName|String|false|false
15:48:52.1 (99836917)|VARIABLE_ASSIGNMENT|[42]|defaultClassName|"TemplateDefaultField (17 more) ..."
15:48:52.1 (99841718)|STATEMENT_EXECUTE|[42]
15:48:52.1 (99843164)|STATEMENT_EXECUTE|[44]
15:48:52.1 (99846948)|METHOD_ENTRY|[44]||System.Type.forName(String)
15:48:52.1 (102555445)|METHOD_EXIT|[44]||System.Type.forName(String)
15:48:52.1 (102570775)|VARIABLE_SCOPE_BEGIN|[44]|t|System.Type|true|false
15:48:52.1 (102618423)|VARIABLE_ASSIGNMENT|[44]|t|{"aot":"0x3b1b6dc0"}|0x346b2a05
15:48:52.1 (102638507)|STATEMENT_EXECUTE|[45]
15:48:52.1 (102641729)|STATEMENT_EXECUTE|[51]
15:48:52.1 (102649238)|METHOD_ENTRY|[52]||System.Type.newInstance()
15:48:52.1 (102847446)|STATEMENT_EXECUTE|[19]
15:48:52.1 (102860613)|METHOD_EXIT|[52]||System.Type.newInstance()
15:48:52.1 (102870524)|VARIABLE_SCOPE_BEGIN|[51]|defaults|TemplateDefaultFields.FieldDefaults|true|false
15:48:52.1 (102882280)|VARIABLE_ASSIGNMENT|[51]|defaults|{}|0x495634c1
15:48:52.1 (102885935)|STATEMENT_EXECUTE|[53]
15:48:52.1 (102917360)|METHOD_ENTRY|[53]|01pg8000001w1Mh|TemplateDefaultFields.CountryDefaults.getFieldDefaults(Decimal)
15:48:52.1 (102922173)|VARIABLE_SCOPE_BEGIN|[20]|this|TemplateDefaultFields.CountryDefaults|true|false
15:48:52.1 (102927875)|VARIABLE_ASSIGNMENT|[20]|this|{}|0x495634c1
15:48:52.1 (102931600)|VARIABLE_SCOPE_BEGIN|[20]|countSObjectCreated|Decimal|false|false
15:48:52.1 (102942103)|VARIABLE_ASSIGNMENT|[20]|countSObjectCreated|2
15:48:52.1 (102949808)|STATEMENT_EXECUTE|[20]
15:48:52.1 (102951119)|STATEMENT_EXECUTE|[21]
15:48:52.1 (102967463)|HEAP_ALLOCATE|[21]|Bytes:4
15:48:52.1 (102979425)|HEAP_ALLOCATE|[22]|Bytes:10
15:48:52.1 (103032515)|HEAP_ALLOCATE|[22]|Bytes:1
15:48:52.1 (103044344)|HEAP_ALLOCATE|[22]|Bytes:11
15:48:52.1 (103073543)|HEAP_ALLOCATE|[23]|Bytes:14
15:48:52.1 (103075959)|HEAP_ALLOCATE|[23]|Bytes:1
15:48:52.1 (103083670)|HEAP_ALLOCATE|[23]|Bytes:1
15:48:52.1 (103088455)|HEAP_ALLOCATE|[23]|Bytes:2
15:48:52.1 (103095155)|METHOD_EXIT|[53]|01pg8000001w1Mh|TemplateDefaultFields.CountryDefaults.getFieldDefaults(Decimal)
15:48:52.1 (103100438)|METHOD_ENTRY|[53]|01pg8000001w1Mi|TestFactorySObject.addFieldDefaults(SObject, Map<String,ANY>)
15:48:52.1 (103104182)|VARIABLE_SCOPE_BEGIN|[19]|sObj|SObject|true|false
15:48:52.1 (103114765)|VARIABLE_ASSIGNMENT|[19]|sObj|{}|0x570bf7b5
15:48:52.1 (103118794)|VARIABLE_SCOPE_BEGIN|[19]|defaultFields|Map<String,ANY>|true|false
15:48:52.1 (103139702)|VARIABLE_ASSIGNMENT|[19]|defaultFields|{"Name":"País Teste2","CountryCode__c":"P2"}|0x721a898e
15:48:52.1 (103150828)|STATEMENT_EXECUTE|[19]
15:48:52.1 (103194545)|HEAP_ALLOCATE|[20]|Bytes:30
15:48:52.1 (103225154)|HEAP_ALLOCATE|[20]|Bytes:5
15:48:52.1 (103240391)|VARIABLE_SCOPE_BEGIN|[20]|fieldApiName|String|false|false
15:48:52.1 (103248559)|VARIABLE_ASSIGNMENT|[20]|fieldApiName|"Name"
15:48:52.1 (103253770)|STATEMENT_EXECUTE|[20]
15:48:52.1 (103356069)|STATEMENT_EXECUTE|[21]
15:48:52.1 (103358230)|STATEMENT_EXECUTE|[22]
15:48:52.1 (103453862)|HEAP_ALLOCATE|[20]|Bytes:5
15:48:52.1 (103463874)|VARIABLE_SCOPE_BEGIN|[20]|fieldApiName|String|false|false
15:48:52.1 (103479263)|VARIABLE_ASSIGNMENT|[20]|fieldApiName|"CountryCode__c"
15:48:52.1 (103484630)|STATEMENT_EXECUTE|[20]
15:48:52.1 (103525749)|STATEMENT_EXECUTE|[21]
15:48:52.1 (103527174)|STATEMENT_EXECUTE|[22]
15:48:52.1 (103563089)|HEAP_ALLOCATE|[20]|Bytes:5
15:48:52.1 (103570661)|VARIABLE_ASSIGNMENT|[20]|fieldApiName|null
15:48:52.1 (103579060)|METHOD_EXIT|[53]|01pg8000001w1Mi|TestFactorySObject.addFieldDefaults(SObject, Map<String,ANY>)
15:48:52.1 (103583247)|STATEMENT_EXECUTE|[54]
15:48:52.1 (103604291)|HEAP_ALLOCATE|[54]|Bytes:28
15:48:52.1 (103606557)|HEAP_ALLOCATE|[54]|Bytes:28
15:48:52.1 (103622939)|HEAP_ALLOCATE|[54]|Bytes:28
15:48:52.1 (103624788)|HEAP_ALLOCATE|[54]|Bytes:28
15:48:52.1 (103639854)|VARIABLE_ASSIGNMENT|[54]|TestFactorySObject.countSObjectCreated|3
15:48:52.1 (103643088)|STATEMENT_EXECUTE|[56]
15:48:52.1 (103646774)|METHOD_EXIT|[38]|01pg8000001w1Mi|TestFactorySObject.dispatchSObjectCreation(SObject, String)
15:48:52.1 (103651839)|METHOD_EXIT|[14]|01pg8000001w1Mi|TestFactorySObject.createSObject(SObject)
15:48:52.1 (103660000)|VARIABLE_SCOPE_BEGIN|[14]|pais|Country__c|true|false
15:48:52.1 (103674457)|VARIABLE_ASSIGNMENT|[14]|pais|{"Name":"País Teste2","CountryCode__c":"P2"}|0x570bf7b5
15:48:52.1 (103714396)|STATEMENT_EXECUTE|[15]
15:48:52.1 (103745173)|HEAP_ALLOCATE|[15]|Bytes:8
15:48:52.1 (103753611)|DML_BEGIN|[15]|Op:Insert|Type:Country__c|Rows:1
15:48:52.1 (103786067)|HEAP_ALLOCATE|[EXTERNAL]|Bytes:8
15:48:52.1 (122943256)|DML_END|[15]
15:48:52.1 (123316652)|STATEMENT_EXECUTE|[17]
15:48:52.1 (123380832)|HEAP_ALLOCATE|[17]|Bytes:4
15:48:52.1 (123539037)|METHOD_ENTRY|[17]|01pg8000001w1Mi|TestFactorySObject.createSObject(SObject)
15:48:52.1 (123570357)|VARIABLE_SCOPE_BEGIN|[27]|this|TestFactorySObject|true|false
15:48:52.1 (123611472)|VARIABLE_ASSIGNMENT|[27]|this|{}|0x2a0231f4
15:48:52.1 (123615072)|VARIABLE_SCOPE_BEGIN|[27]|sObj|SObject|true|false
15:48:52.1 (123623945)|VARIABLE_ASSIGNMENT|[27]|sObj|{}|0x3b49dcb0
15:48:52.1 (123865401)|STATEMENT_EXECUTE|[27]
15:48:52.1 (123868064)|STATEMENT_EXECUTE|[28]
15:48:52.1 (123874746)|METHOD_ENTRY|[28]|01pg8000001w1Mi|TestFactorySObject.validateSObject(SObject)
15:48:52.1 (123879375)|VARIABLE_SCOPE_BEGIN|[13]|sObj|SObject|true|false
15:48:52.1 (123883964)|VARIABLE_ASSIGNMENT|[13]|sObj|{}|0x3b49dcb0
15:48:52.1 (123889588)|STATEMENT_EXECUTE|[13]
15:48:52.1 (123892129)|STATEMENT_EXECUTE|[14]
15:48:52.1 (123896181)|METHOD_EXIT|[28]|01pg8000001w1Mi|TestFactorySObject.validateSObject(SObject)
15:48:52.1 (123899341)|STATEMENT_EXECUTE|[30]
15:48:52.1 (123953387)|HEAP_ALLOCATE|[30]|Bytes:8
15:48:52.1 (123960916)|VARIABLE_SCOPE_BEGIN|[30]|objectName|String|false|false
15:48:52.1 (123974498)|VARIABLE_ASSIGNMENT|[30]|objectName|"State__c"
15:48:52.1 (123997728)|STATEMENT_EXECUTE|[31]
15:48:52.1 (123999338)|STATEMENT_EXECUTE|[35]
15:48:52.1 (124016382)|HEAP_ALLOCATE|[36]|Bytes:5
15:48:52.1 (124026259)|HEAP_ALLOCATE|[36]|Bytes:35
15:48:52.1 (124028817)|VARIABLE_SCOPE_BEGIN|[35]|defaultClassName|String|false|false
15:48:52.1 (124036251)|VARIABLE_ASSIGNMENT|[35]|defaultClassName|"TemplateDefaultField (15 more) ..."
15:48:52.1 (124039080)|STATEMENT_EXECUTE|[38]
15:48:52.1 (124043343)|METHOD_ENTRY|[38]|01pg8000001w1Mi|TestFactorySObject.dispatchSObjectCreation(SObject, String)
15:48:52.1 (124046629)|VARIABLE_SCOPE_BEGIN|[42]|this|TestFactorySObject|true|false
15:48:52.1 (124055947)|VARIABLE_ASSIGNMENT|[42]|this|{}|0x2a0231f4
15:48:52.1 (124058861)|VARIABLE_SCOPE_BEGIN|[42]|sObj|SObject|true|false
15:48:52.1 (124062803)|VARIABLE_ASSIGNMENT|[42]|sObj|{}|0x3b49dcb0
15:48:52.1 (124065404)|VARIABLE_SCOPE_BEGIN|[42]|defaultClassName|String|false|false
15:48:52.1 (124069657)|VARIABLE_ASSIGNMENT|[42]|defaultClassName|"TemplateDefaultField (15 more) ..."
15:48:52.1 (124074517)|STATEMENT_EXECUTE|[42]
15:48:52.1 (124075931)|STATEMENT_EXECUTE|[44]
15:48:52.1 (124080054)|METHOD_ENTRY|[44]||System.Type.forName(String)
15:48:52.1 (126481305)|METHOD_EXIT|[44]||System.Type.forName(String)
15:48:52.1 (126492509)|VARIABLE_SCOPE_BEGIN|[44]|t|System.Type|true|false
15:48:52.1 (126523174)|VARIABLE_ASSIGNMENT|[44]|t|{"aot":"0x269185e6"}|0x5a420bff
15:48:52.1 (126535373)|STATEMENT_EXECUTE|[45]
15:48:52.1 (126537620)|STATEMENT_EXECUTE|[51]
15:48:52.1 (126542054)|METHOD_ENTRY|[52]||System.Type.newInstance()
15:48:52.1 (126669171)|STATEMENT_EXECUTE|[28]
15:48:52.1 (126678744)|METHOD_EXIT|[52]||System.Type.newInstance()
15:48:52.1 (126686080)|VARIABLE_SCOPE_BEGIN|[51]|defaults|TemplateDefaultFields.FieldDefaults|true|false
15:48:52.1 (126695157)|VARIABLE_ASSIGNMENT|[51]|defaults|{}|0x6f63f4b
15:48:52.1 (126698882)|STATEMENT_EXECUTE|[53]
15:48:52.1 (126724694)|METHOD_ENTRY|[53]|01pg8000001w1Mh|TemplateDefaultFields.StateDefaults.getFieldDefaults(Decimal)
15:48:52.1 (126729494)|VARIABLE_SCOPE_BEGIN|[29]|this|TemplateDefaultFields.StateDefaults|true|false
15:48:52.1 (126735708)|VARIABLE_ASSIGNMENT|[29]|this|{}|0x6f63f4b
15:48:52.1 (126739284)|VARIABLE_SCOPE_BEGIN|[29]|countSObjectCreated|Decimal|false|false
15:48:52.1 (126747981)|VARIABLE_ASSIGNMENT|[29]|countSObjectCreated|3
15:48:52.1 (126767069)|STATEMENT_EXECUTE|[29]
15:48:52.1 (126770594)|STATEMENT_EXECUTE|[30]
15:48:52.1 (126786707)|HEAP_ALLOCATE|[30]|Bytes:4
15:48:52.1 (126798649)|HEAP_ALLOCATE|[31]|Bytes:12
15:48:52.1 (126846527)|HEAP_ALLOCATE|[31]|Bytes:1
15:48:52.1 (126856264)|HEAP_ALLOCATE|[31]|Bytes:13
15:48:52.1 (126885699)|HEAP_ALLOCATE|[32]|Bytes:12
15:48:52.1 (126887840)|HEAP_ALLOCATE|[32]|Bytes:1
15:48:52.1 (126898149)|HEAP_ALLOCATE|[32]|Bytes:1
15:48:52.1 (126902723)|HEAP_ALLOCATE|[32]|Bytes:2
15:48:52.1 (126909276)|METHOD_EXIT|[53]|01pg8000001w1Mh|TemplateDefaultFields.StateDefaults.getFieldDefaults(Decimal)
15:48:52.1 (126914677)|METHOD_ENTRY|[53]|01pg8000001w1Mi|TestFactorySObject.addFieldDefaults(SObject, Map<String,ANY>)
15:48:52.1 (126918274)|VARIABLE_SCOPE_BEGIN|[19]|sObj|SObject|true|false
15:48:52.1 (126927056)|VARIABLE_ASSIGNMENT|[19]|sObj|{}|0x3b49dcb0
15:48:52.1 (126930137)|VARIABLE_SCOPE_BEGIN|[19]|defaultFields|Map<String,ANY>|true|false
15:48:52.1 (126946339)|VARIABLE_ASSIGNMENT|[19]|defaultFields|{"Name":"Estado Teste3","StateCode__c":"E3"}|0x5419fc50
15:48:52.1 (126975930)|STATEMENT_EXECUTE|[19]
15:48:52.1 (127009946)|HEAP_ALLOCATE|[20]|Bytes:28
15:48:52.1 (127035464)|HEAP_ALLOCATE|[20]|Bytes:5
15:48:52.1 (127047058)|VARIABLE_SCOPE_BEGIN|[20]|fieldApiName|String|false|false
15:48:52.1 (127052192)|VARIABLE_ASSIGNMENT|[20]|fieldApiName|"Name"
15:48:52.1 (127055890)|STATEMENT_EXECUTE|[20]
15:48:52.1 (127134117)|STATEMENT_EXECUTE|[21]
15:48:52.1 (127135512)|STATEMENT_EXECUTE|[22]
15:48:52.1 (127210389)|HEAP_ALLOCATE|[20]|Bytes:5
15:48:52.1 (127216177)|VARIABLE_SCOPE_BEGIN|[20]|fieldApiName|String|false|false
15:48:52.1 (127221029)|VARIABLE_ASSIGNMENT|[20]|fieldApiName|"StateCode__c"
15:48:52.1 (127223912)|STATEMENT_EXECUTE|[20]
15:48:52.1 (127251902)|STATEMENT_EXECUTE|[21]
15:48:52.1 (127253111)|STATEMENT_EXECUTE|[22]
15:48:52.1 (127284218)|HEAP_ALLOCATE|[20]|Bytes:5
15:48:52.1 (127290219)|VARIABLE_ASSIGNMENT|[20]|fieldApiName|null
15:48:52.1 (127295790)|METHOD_EXIT|[53]|01pg8000001w1Mi|TestFactorySObject.addFieldDefaults(SObject, Map<String,ANY>)
15:48:52.1 (127299362)|STATEMENT_EXECUTE|[54]
15:48:52.1 (127319524)|HEAP_ALLOCATE|[54]|Bytes:28
15:48:52.1 (127321378)|HEAP_ALLOCATE|[54]|Bytes:28
15:48:52.1 (127336736)|HEAP_ALLOCATE|[54]|Bytes:28
15:48:52.1 (127338341)|HEAP_ALLOCATE|[54]|Bytes:28
15:48:52.1 (127351205)|VARIABLE_ASSIGNMENT|[54]|TestFactorySObject.countSObjectCreated|4
15:48:52.1 (127353874)|STATEMENT_EXECUTE|[56]
15:48:52.1 (127356883)|METHOD_EXIT|[38]|01pg8000001w1Mi|TestFactorySObject.dispatchSObjectCreation(SObject, String)
15:48:52.1 (127361355)|METHOD_EXIT|[17]|01pg8000001w1Mi|TestFactorySObject.createSObject(SObject)
15:48:52.1 (127367998)|VARIABLE_SCOPE_BEGIN|[17]|estado1|State__c|true|false
15:48:52.1 (127377408)|VARIABLE_ASSIGNMENT|[17]|estado1|{"Name":"Estado Teste3","StateCode__c":"E3"}|0x3b49dcb0
15:48:52.1 (127380916)|STATEMENT_EXECUTE|[18]
15:48:52.1 (127461953)|VARIABLE_ASSIGNMENT|[18]|this.Country__c|"a03g80000084tcUAAQ"|0x3b49dcb0
15:48:52.1 (127465892)|STATEMENT_EXECUTE|[19]
15:48:52.1 (127490126)|HEAP_ALLOCATE|[19]|Bytes:8
15:48:52.1 (127497998)|DML_BEGIN|[19]|Op:Insert|Type:State__c|Rows:1
15:48:52.1 (127528518)|HEAP_ALLOCATE|[EXTERNAL]|Bytes:8
15:48:52.1 (132800787)|CODE_UNIT_STARTED|[EXTERNAL]|Validation:State:new
15:48:52.1 (132819539)|VALIDATION_RULE|03dg8000000VA7x|Estado_Precisa_de_Pais
15:48:52.1 (132939159)|VALIDATION_FORMULA|ISBLANK(Country__c)|Country__c=a03g80000084tcU
15:48:52.1 (132942730)|VALIDATION_PASS
15:48:52.1 (132948348)|CODE_UNIT_FINISHED|Validation:State:new
15:48:52.1 (150365136)|DML_END|[19]
15:48:52.1 (150751348)|STATEMENT_EXECUTE|[21]
15:48:52.1 (150846688)|HEAP_ALLOCATE|[21]|Bytes:4
15:48:52.1 (151028392)|METHOD_ENTRY|[21]|01pg8000001w1Mi|TestFactorySObject.createSObject(SObject)
15:48:52.1 (151064544)|VARIABLE_SCOPE_BEGIN|[27]|this|TestFactorySObject|true|false
15:48:52.1 (151109978)|VARIABLE_ASSIGNMENT|[27]|this|{}|0x2a0231f4
15:48:52.1 (151113768)|VARIABLE_SCOPE_BEGIN|[27]|sObj|SObject|true|false
15:48:52.1 (151123743)|VARIABLE_ASSIGNMENT|[27]|sObj|{}|0x33b8ffaa
15:48:52.1 (151187623)|STATEMENT_EXECUTE|[27]
15:48:52.1 (151189640)|STATEMENT_EXECUTE|[28]
15:48:52.1 (151196355)|METHOD_ENTRY|[28]|01pg8000001w1Mi|TestFactorySObject.validateSObject(SObject)
15:48:52.1 (151200618)|VARIABLE_SCOPE_BEGIN|[13]|sObj|SObject|true|false
15:48:52.1 (151205091)|VARIABLE_ASSIGNMENT|[13]|sObj|{}|0x33b8ffaa
15:48:52.1 (151210072)|STATEMENT_EXECUTE|[13]
15:48:52.1 (151212303)|STATEMENT_EXECUTE|[14]
15:48:52.1 (151216170)|METHOD_EXIT|[28]|01pg8000001w1Mi|TestFactorySObject.validateSObject(SObject)
15:48:52.1 (151219213)|STATEMENT_EXECUTE|[30]
15:48:52.1 (151286265)|HEAP_ALLOCATE|[30]|Bytes:7
15:48:52.1 (151294326)|VARIABLE_SCOPE_BEGIN|[30]|objectName|String|false|false
15:48:52.1 (151308002)|VARIABLE_ASSIGNMENT|[30]|objectName|"City__c"
15:48:52.1 (151331512)|STATEMENT_EXECUTE|[31]
15:48:52.1 (151333101)|STATEMENT_EXECUTE|[35]
15:48:52.1 (151350696)|HEAP_ALLOCATE|[36]|Bytes:4
15:48:52.1 (151360018)|HEAP_ALLOCATE|[36]|Bytes:34
15:48:52.1 (151362410)|VARIABLE_SCOPE_BEGIN|[35]|defaultClassName|String|false|false
15:48:52.1 (151371419)|VARIABLE_ASSIGNMENT|[35]|defaultClassName|"TemplateDefaultField (14 more) ..."
15:48:52.1 (151375011)|STATEMENT_EXECUTE|[38]
15:48:52.1 (151380554)|METHOD_ENTRY|[38]|01pg8000001w1Mi|TestFactorySObject.dispatchSObjectCreation(SObject, String)
15:48:52.1 (151385138)|VARIABLE_SCOPE_BEGIN|[42]|this|TestFactorySObject|true|false
15:48:52.1 (151398656)|VARIABLE_ASSIGNMENT|[42]|this|{}|0x2a0231f4
15:48:52.1 (151402622)|VARIABLE_SCOPE_BEGIN|[42]|sObj|SObject|true|false
15:48:52.1 (151407704)|VARIABLE_ASSIGNMENT|[42]|sObj|{}|0x33b8ffaa
15:48:52.1 (151410189)|VARIABLE_SCOPE_BEGIN|[42]|defaultClassName|String|false|false
15:48:52.1 (151414732)|VARIABLE_ASSIGNMENT|[42]|defaultClassName|"TemplateDefaultField (14 more) ..."
15:48:52.1 (151420347)|STATEMENT_EXECUTE|[42]
15:48:52.1 (151421375)|STATEMENT_EXECUTE|[44]
15:48:52.1 (151425494)|METHOD_ENTRY|[44]||System.Type.forName(String)
15:48:52.1 (153985927)|METHOD_EXIT|[44]||System.Type.forName(String)
15:48:52.1 (153998995)|VARIABLE_SCOPE_BEGIN|[44]|t|System.Type|true|false
15:48:52.1 (154039894)|VARIABLE_ASSIGNMENT|[44]|t|{"aot":"0xf9140bc"}|0x247092ee
15:48:52.1 (154049930)|STATEMENT_EXECUTE|[45]
15:48:52.1 (154051660)|STATEMENT_EXECUTE|[51]
15:48:52.1 (154056882)|METHOD_ENTRY|[52]||System.Type.newInstance()
15:48:52.1 (154369154)|STATEMENT_EXECUTE|[37]
15:48:52.1 (154380578)|METHOD_EXIT|[52]||System.Type.newInstance()
15:48:52.1 (154389626)|VARIABLE_SCOPE_BEGIN|[51]|defaults|TemplateDefaultFields.FieldDefaults|true|false
15:48:52.1 (154400252)|VARIABLE_ASSIGNMENT|[51]|defaults|{}|0x793a058d
15:48:52.1 (154403197)|STATEMENT_EXECUTE|[53]
15:48:52.1 (154428400)|METHOD_ENTRY|[53]|01pg8000001w1Mh|TemplateDefaultFields.CityDefaults.getFieldDefaults(Decimal)
15:48:52.1 (154433294)|VARIABLE_SCOPE_BEGIN|[38]|this|TemplateDefaultFields.CityDefaults|true|false
15:48:52.1 (154438741)|VARIABLE_ASSIGNMENT|[38]|this|{}|0x793a058d
15:48:52.1 (154442792)|VARIABLE_SCOPE_BEGIN|[38]|countSObjectCreated|Decimal|false|false
15:48:52.1 (154452618)|VARIABLE_ASSIGNMENT|[38]|countSObjectCreated|4
15:48:52.1 (154459060)|STATEMENT_EXECUTE|[38]
15:48:52.1 (154459925)|STATEMENT_EXECUTE|[39]
15:48:52.1 (154474963)|HEAP_ALLOCATE|[39]|Bytes:4
15:48:52.1 (154486175)|HEAP_ALLOCATE|[40]|Bytes:12
15:48:52.1 (154536245)|HEAP_ALLOCATE|[40]|Bytes:1
15:48:52.1 (154546563)|HEAP_ALLOCATE|[40]|Bytes:13
15:48:52.1 (154574776)|HEAP_ALLOCATE|[41]|Bytes:11
15:48:52.1 (154576858)|HEAP_ALLOCATE|[41]|Bytes:1
15:48:52.1 (154584483)|HEAP_ALLOCATE|[41]|Bytes:1
15:48:52.1 (154589003)|HEAP_ALLOCATE|[41]|Bytes:2
15:48:52.1 (154595702)|METHOD_EXIT|[53]|01pg8000001w1Mh|TemplateDefaultFields.CityDefaults.getFieldDefaults(Decimal)
15:48:52.1 (154601260)|METHOD_ENTRY|[53]|01pg8000001w1Mi|TestFactorySObject.addFieldDefaults(SObject, Map<String,ANY>)
15:48:52.1 (154604975)|VARIABLE_SCOPE_BEGIN|[19]|sObj|SObject|true|false
15:48:52.1 (154614164)|VARIABLE_ASSIGNMENT|[19]|sObj|{}|0x33b8ffaa
15:48:52.1 (154616820)|VARIABLE_SCOPE_BEGIN|[19]|defaultFields|Map<String,ANY>|true|false
15:48:52.1 (154634706)|VARIABLE_ASSIGNMENT|[19]|defaultFields|{"Name":"Cidade Teste4","CityCode__c":"C4"}|0x36a17775
15:48:52.1 (154640256)|STATEMENT_EXECUTE|[19]
15:48:52.1 (154678241)|HEAP_ALLOCATE|[20]|Bytes:27
15:48:52.1 (154702840)|HEAP_ALLOCATE|[20]|Bytes:5
15:48:52.1 (154714130)|VARIABLE_SCOPE_BEGIN|[20]|fieldApiName|String|false|false
15:48:52.1 (154719108)|VARIABLE_ASSIGNMENT|[20]|fieldApiName|"Name"
15:48:52.1 (154722533)|STATEMENT_EXECUTE|[20]
15:48:52.1 (154838692)|STATEMENT_EXECUTE|[21]
15:48:52.1 (154839890)|STATEMENT_EXECUTE|[22]
15:48:52.1 (154937209)|HEAP_ALLOCATE|[20]|Bytes:5
15:48:52.1 (154947256)|VARIABLE_SCOPE_BEGIN|[20]|fieldApiName|String|false|false
15:48:52.1 (154955079)|VARIABLE_ASSIGNMENT|[20]|fieldApiName|"CityCode__c"
15:48:52.1 (154958385)|STATEMENT_EXECUTE|[20]
15:48:52.1 (154997681)|STATEMENT_EXECUTE|[21]
15:48:52.1 (154999009)|STATEMENT_EXECUTE|[22]
15:48:52.1 (155041912)|HEAP_ALLOCATE|[20]|Bytes:5
15:48:52.1 (155051541)|VARIABLE_ASSIGNMENT|[20]|fieldApiName|null
15:48:52.1 (155059935)|METHOD_EXIT|[53]|01pg8000001w1Mi|TestFactorySObject.addFieldDefaults(SObject, Map<String,ANY>)
15:48:52.1 (155064127)|STATEMENT_EXECUTE|[54]
15:48:52.1 (155087304)|HEAP_ALLOCATE|[54]|Bytes:28
15:48:52.1 (155090247)|HEAP_ALLOCATE|[54]|Bytes:28
15:48:52.1 (155109539)|HEAP_ALLOCATE|[54]|Bytes:28
15:48:52.1 (155112013)|HEAP_ALLOCATE|[54]|Bytes:28
15:48:52.1 (155130652)|VARIABLE_ASSIGNMENT|[54]|TestFactorySObject.countSObjectCreated|5
15:48:52.1 (155134689)|STATEMENT_EXECUTE|[56]
15:48:52.1 (155139124)|METHOD_EXIT|[38]|01pg8000001w1Mi|TestFactorySObject.dispatchSObjectCreation(SObject, String)
15:48:52.1 (155145047)|METHOD_EXIT|[21]|01pg8000001w1Mi|TestFactorySObject.createSObject(SObject)
15:48:52.1 (155155646)|VARIABLE_SCOPE_BEGIN|[21]|cidade|City__c|true|false
15:48:52.1 (155170519)|VARIABLE_ASSIGNMENT|[21]|cidade|{"Name":"Cidade Teste4","CityCode__c":"C4"}|0x33b8ffaa
15:48:52.1 (155174806)|STATEMENT_EXECUTE|[22]
15:48:52.1 (155289837)|VARIABLE_ASSIGNMENT|[22]|this.State__c|"a04g8000000b5VNAAY"|0x33b8ffaa
15:48:52.1 (155295074)|STATEMENT_EXECUTE|[23]
15:48:52.1 (155330584)|HEAP_ALLOCATE|[23]|Bytes:8
15:48:52.1 (155341295)|DML_BEGIN|[23]|Op:Insert|Type:City__c|Rows:1
15:48:52.1 (155379082)|HEAP_ALLOCATE|[EXTERNAL]|Bytes:8
15:48:52.1 (161335259)|CODE_UNIT_STARTED|[EXTERNAL]|Validation:City:new
15:48:52.1 (161354520)|VALIDATION_RULE|03dg8000000VA7F|Cidade_Precisa_de_Estado
15:48:52.1 (161465261)|VALIDATION_FORMULA|ISBLANK(State__c)|State__c=a04g8000000b5VN
15:48:52.1 (161469044)|VALIDATION_PASS
15:48:52.1 (161474867)|CODE_UNIT_FINISHED|Validation:City:new
15:48:52.1 (179585531)|DML_END|[23]
15:48:52.1 (179888741)|STATEMENT_EXECUTE|[25]
15:48:52.1 (179957343)|HEAP_ALLOCATE|[25]|Bytes:4
15:48:52.1 (180126337)|METHOD_ENTRY|[25]|01pg8000001w1Mi|TestFactorySObject.createSObject(SObject)
15:48:52.1 (180160370)|VARIABLE_SCOPE_BEGIN|[27]|this|TestFactorySObject|true|false
15:48:52.1 (180202754)|VARIABLE_ASSIGNMENT|[27]|this|{}|0x2a0231f4
15:48:52.1 (180206705)|VARIABLE_SCOPE_BEGIN|[27]|sObj|SObject|true|false
15:48:52.1 (180216343)|VARIABLE_ASSIGNMENT|[27]|sObj|{}|0x19e0f688
15:48:52.1 (180231272)|STATEMENT_EXECUTE|[27]
15:48:52.1 (180232837)|STATEMENT_EXECUTE|[28]
15:48:52.1 (180238637)|METHOD_ENTRY|[28]|01pg8000001w1Mi|TestFactorySObject.validateSObject(SObject)
15:48:52.1 (180242447)|VARIABLE_SCOPE_BEGIN|[13]|sObj|SObject|true|false
15:48:52.1 (180246485)|VARIABLE_ASSIGNMENT|[13]|sObj|{}|0x19e0f688
15:48:52.1 (180251517)|STATEMENT_EXECUTE|[13]
15:48:52.1 (180253726)|STATEMENT_EXECUTE|[14]
15:48:52.1 (180257314)|METHOD_EXIT|[28]|01pg8000001w1Mi|TestFactorySObject.validateSObject(SObject)
15:48:52.1 (180260582)|STATEMENT_EXECUTE|[30]
15:48:52.1 (180320039)|HEAP_ALLOCATE|[30]|Bytes:21
15:48:52.1 (180327302)|VARIABLE_SCOPE_BEGIN|[30]|objectName|String|false|false
15:48:52.1 (180342976)|VARIABLE_ASSIGNMENT|[30]|objectName|"DistributionCenter__ (1 more) ..."
15:48:52.1 (180366802)|STATEMENT_EXECUTE|[31]
15:48:52.1 (180368222)|STATEMENT_EXECUTE|[35]
15:48:52.1 (180386875)|HEAP_ALLOCATE|[36]|Bytes:18
15:48:52.1 (180396760)|HEAP_ALLOCATE|[36]|Bytes:48
15:48:52.1 (180399110)|VARIABLE_SCOPE_BEGIN|[35]|defaultClassName|String|false|false
15:48:52.1 (180405205)|VARIABLE_ASSIGNMENT|[35]|defaultClassName|"TemplateDefaultField (28 more) ..."
15:48:52.1 (180407703)|STATEMENT_EXECUTE|[38]
15:48:52.1 (180411712)|METHOD_ENTRY|[38]|01pg8000001w1Mi|TestFactorySObject.dispatchSObjectCreation(SObject, String)
15:48:52.1 (180415222)|VARIABLE_SCOPE_BEGIN|[42]|this|TestFactorySObject|true|false
15:48:52.1 (180423422)|VARIABLE_ASSIGNMENT|[42]|this|{}|0x2a0231f4
15:48:52.1 (180426432)|VARIABLE_SCOPE_BEGIN|[42]|sObj|SObject|true|false
15:48:52.1 (180430797)|VARIABLE_ASSIGNMENT|[42]|sObj|{}|0x19e0f688
15:48:52.1 (180433552)|VARIABLE_SCOPE_BEGIN|[42]|defaultClassName|String|false|false
15:48:52.1 (180437634)|VARIABLE_ASSIGNMENT|[42]|defaultClassName|"TemplateDefaultField (28 more) ..."
15:48:52.1 (180441843)|STATEMENT_EXECUTE|[42]
15:48:52.1 (180442888)|STATEMENT_EXECUTE|[44]
15:48:52.1 (180447065)|METHOD_ENTRY|[44]||System.Type.forName(String)
15:48:52.1 (183370771)|METHOD_EXIT|[44]||System.Type.forName(String)
15:48:52.1 (183388492)|VARIABLE_SCOPE_BEGIN|[44]|t|System.Type|true|false
15:48:52.1 (183439152)|VARIABLE_ASSIGNMENT|[44]|t|{"aot":"0x5c93fa32"}|0x58085fcf
15:48:52.1 (183449567)|STATEMENT_EXECUTE|[45]
15:48:52.1 (183451610)|STATEMENT_EXECUTE|[51]
15:48:52.1 (183458728)|METHOD_ENTRY|[52]||System.Type.newInstance()
15:48:52.1 (183602379)|STATEMENT_EXECUTE|[46]
15:48:52.1 (183612115)|METHOD_EXIT|[52]||System.Type.newInstance()
15:48:52.1 (183620886)|VARIABLE_SCOPE_BEGIN|[51]|defaults|TemplateDefaultFields.FieldDefaults|true|false
15:48:52.1 (183630223)|VARIABLE_ASSIGNMENT|[51]|defaults|{}|0x1d8ea790
15:48:52.1 (183633204)|STATEMENT_EXECUTE|[53]
15:48:52.1 (183658583)|METHOD_ENTRY|[53]|01pg8000001w1Mh|TemplateDefaultFields.DistributionCenterDefaults.getFieldDefaults(Decimal)
15:48:52.1 (183663189)|VARIABLE_SCOPE_BEGIN|[47]|this|TemplateDefaultFields.DistributionCenterDefaults|true|false
15:48:52.1 (183669236)|VARIABLE_ASSIGNMENT|[47]|this|{}|0x1d8ea790
15:48:52.1 (183672867)|VARIABLE_SCOPE_BEGIN|[47]|countSObjectCreated|Decimal|false|false
15:48:52.1 (183682047)|VARIABLE_ASSIGNMENT|[47]|countSObjectCreated|5
15:48:52.1 (183687437)|STATEMENT_EXECUTE|[47]
15:48:52.1 (183688301)|STATEMENT_EXECUTE|[48]
15:48:52.1 (183704664)|HEAP_ALLOCATE|[48]|Bytes:4
15:48:52.1 (183717512)|HEAP_ALLOCATE|[49]|Bytes:28
15:48:52.1 (183768995)|HEAP_ALLOCATE|[49]|Bytes:1
15:48:52.1 (183779875)|HEAP_ALLOCATE|[49]|Bytes:29
15:48:52.1 (183806979)|HEAP_ALLOCATE|[50]|Bytes:25
15:48:52.1 (183809361)|HEAP_ALLOCATE|[50]|Bytes:2
15:48:52.1 (183817969)|HEAP_ALLOCATE|[50]|Bytes:1
15:48:52.1 (183822519)|HEAP_ALLOCATE|[50]|Bytes:3
15:48:52.1 (183828861)|METHOD_EXIT|[53]|01pg8000001w1Mh|TemplateDefaultFields.DistributionCenterDefaults.getFieldDefaults(Decimal)
15:48:52.1 (183835082)|METHOD_ENTRY|[53]|01pg8000001w1Mi|TestFactorySObject.addFieldDefaults(SObject, Map<String,ANY>)
15:48:52.1 (183839274)|VARIABLE_SCOPE_BEGIN|[19]|sObj|SObject|true|false
15:48:52.1 (183849133)|VARIABLE_ASSIGNMENT|[19]|sObj|{}|0x19e0f688
15:48:52.1 (183851789)|VARIABLE_SCOPE_BEGIN|[19]|defaultFields|Map<String,ANY>|true|false
15:48:52.1 (183869724)|VARIABLE_ASSIGNMENT|[19]|defaultFields|{"Name":"Centro de Distribuiç (9 more) ...","DistributionCenterCode__c":"DC5"}|0x3de2127
15:48:52.1 (183876864)|STATEMENT_EXECUTE|[19]
15:48:52.1 (183914528)|HEAP_ALLOCATE|[20]|Bytes:41
15:48:52.1 (183938909)|HEAP_ALLOCATE|[20]|Bytes:5
15:48:52.1 (183950260)|VARIABLE_SCOPE_BEGIN|[20]|fieldApiName|String|false|false
15:48:52.1 (183955684)|VARIABLE_ASSIGNMENT|[20]|fieldApiName|"Name"
15:48:52.1 (183958614)|STATEMENT_EXECUTE|[20]
15:48:52.1 (184047981)|STATEMENT_EXECUTE|[21]
15:48:52.1 (184050232)|STATEMENT_EXECUTE|[22]
15:48:52.1 (184122602)|HEAP_ALLOCATE|[20]|Bytes:5
15:48:52.1 (184128622)|VARIABLE_SCOPE_BEGIN|[20]|fieldApiName|String|false|false
15:48:52.1 (184134024)|VARIABLE_ASSIGNMENT|[20]|fieldApiName|"DistributionCenterCo (5 more) ..."
15:48:52.1 (184136492)|STATEMENT_EXECUTE|[20]
15:48:52.1 (184161774)|STATEMENT_EXECUTE|[21]
15:48:52.1 (184162744)|STATEMENT_EXECUTE|[22]
15:48:52.1 (184191869)|HEAP_ALLOCATE|[20]|Bytes:5
15:48:52.1 (184198054)|VARIABLE_ASSIGNMENT|[20]|fieldApiName|null
15:48:52.1 (184203601)|METHOD_EXIT|[53]|01pg8000001w1Mi|TestFactorySObject.addFieldDefaults(SObject, Map<String,ANY>)
15:48:52.1 (184206342)|STATEMENT_EXECUTE|[54]
15:48:52.1 (184225686)|HEAP_ALLOCATE|[54]|Bytes:28
15:48:52.1 (184227600)|HEAP_ALLOCATE|[54]|Bytes:28
15:48:52.1 (184242808)|HEAP_ALLOCATE|[54]|Bytes:28
15:48:52.1 (184244287)|HEAP_ALLOCATE|[54]|Bytes:28
15:48:52.1 (184257529)|VARIABLE_ASSIGNMENT|[54]|TestFactorySObject.countSObjectCreated|6
15:48:52.1 (184260114)|STATEMENT_EXECUTE|[56]
15:48:52.1 (184263449)|METHOD_EXIT|[38]|01pg8000001w1Mi|TestFactorySObject.dispatchSObjectCreation(SObject, String)
15:48:52.1 (184268829)|METHOD_EXIT|[25]|01pg8000001w1Mi|TestFactorySObject.createSObject(SObject)
15:48:52.1 (184276644)|VARIABLE_SCOPE_BEGIN|[25]|dc|DistributionCenter__c|true|false
15:48:52.1 (184286634)|VARIABLE_ASSIGNMENT|[25]|dc|{"Name":"Centro de Distribuiç (9 more) ...","DistributionCenterCode__c":"DC5"}|0x19e0f688
15:48:52.1 (184290386)|STATEMENT_EXECUTE|[26]
15:48:52.1 (184373139)|VARIABLE_ASSIGNMENT|[26]|this.City__c|"a05g8000002BgdtAAC"|0x19e0f688
15:48:52.1 (184376517)|STATEMENT_EXECUTE|[27]
15:48:52.1 (184397884)|VARIABLE_ASSIGNMENT|[27]|this.State__c|"a04g8000000b5VNAAY"|0x19e0f688
15:48:52.1 (184400684)|STATEMENT_EXECUTE|[28]
15:48:52.1 (184424917)|VARIABLE_ASSIGNMENT|[28]|this.Country__c|"a03g80000084tcUAAQ"|0x19e0f688
15:48:52.1 (184427909)|STATEMENT_EXECUTE|[29]
15:48:52.1 (184452628)|HEAP_ALLOCATE|[29]|Bytes:8
15:48:52.1 (184460771)|DML_BEGIN|[29]|Op:Insert|Type:DistributionCenter__c|Rows:1
15:48:52.1 (184492001)|HEAP_ALLOCATE|[EXTERNAL]|Bytes:8
15:48:52.1 (208718065)|DML_END|[29]
15:48:52.1 (209069287)|STATEMENT_EXECUTE|[31]
15:48:52.1 (209176282)|HEAP_ALLOCATE|[31]|Bytes:4
15:48:52.1 (209404229)|METHOD_ENTRY|[31]|01pg8000001w1Mi|TestFactorySObject.createSObject(SObject)
15:48:52.1 (209445776)|VARIABLE_SCOPE_BEGIN|[27]|this|TestFactorySObject|true|false
15:48:52.1 (209498912)|VARIABLE_ASSIGNMENT|[27]|this|{}|0x2a0231f4
15:48:52.1 (209504603)|VARIABLE_SCOPE_BEGIN|[27]|sObj|SObject|true|false
15:48:52.1 (209517516)|VARIABLE_ASSIGNMENT|[27]|sObj|{}|0x3eeb1424
15:48:52.1 (209536170)|STATEMENT_EXECUTE|[27]
15:48:52.1 (209538173)|STATEMENT_EXECUTE|[28]
15:48:52.1 (209546422)|METHOD_ENTRY|[28]|01pg8000001w1Mi|TestFactorySObject.validateSObject(SObject)
15:48:52.1 (209552531)|VARIABLE_SCOPE_BEGIN|[13]|sObj|SObject|true|false
15:48:52.1 (209559987)|VARIABLE_ASSIGNMENT|[13]|sObj|{}|0x3eeb1424
15:48:52.1 (209567675)|STATEMENT_EXECUTE|[13]
15:48:52.1 (209570911)|STATEMENT_EXECUTE|[14]
15:48:52.1 (209576115)|METHOD_EXIT|[28]|01pg8000001w1Mi|TestFactorySObject.validateSObject(SObject)
15:48:52.1 (209580640)|STATEMENT_EXECUTE|[30]
15:48:52.1 (209652969)|HEAP_ALLOCATE|[30]|Bytes:19
15:48:52.1 (209664572)|VARIABLE_SCOPE_BEGIN|[30]|objectName|String|false|false
15:48:52.1 (209683736)|VARIABLE_ASSIGNMENT|[30]|objectName|"ProductHierarchy__c"
15:48:52.1 (209713689)|STATEMENT_EXECUTE|[31]
15:48:52.1 (209715380)|STATEMENT_EXECUTE|[35]
15:48:52.1 (209739021)|HEAP_ALLOCATE|[36]|Bytes:16
15:48:52.1 (209753170)|HEAP_ALLOCATE|[36]|Bytes:46
15:48:52.1 (209756769)|VARIABLE_SCOPE_BEGIN|[35]|defaultClassName|String|false|false
15:48:52.1 (209767212)|VARIABLE_ASSIGNMENT|[35]|defaultClassName|"TemplateDefaultField (26 more) ..."
15:48:52.1 (209771494)|STATEMENT_EXECUTE|[38]
15:48:52.1 (209777381)|METHOD_ENTRY|[38]|01pg8000001w1Mi|TestFactorySObject.dispatchSObjectCreation(SObject, String)
15:48:52.1 (209782228)|VARIABLE_SCOPE_BEGIN|[42]|this|TestFactorySObject|true|false
15:48:52.1 (209795582)|VARIABLE_ASSIGNMENT|[42]|this|{}|0x2a0231f4
15:48:52.1 (209800189)|VARIABLE_SCOPE_BEGIN|[42]|sObj|SObject|true|false
15:48:52.1 (209806613)|VARIABLE_ASSIGNMENT|[42]|sObj|{}|0x3eeb1424
15:48:52.1 (209811066)|VARIABLE_SCOPE_BEGIN|[42]|defaultClassName|String|false|false
15:48:52.1 (209817612)|VARIABLE_ASSIGNMENT|[42]|defaultClassName|"TemplateDefaultField (26 more) ..."
15:48:52.1 (209823903)|STATEMENT_EXECUTE|[42]
15:48:52.1 (209826096)|STATEMENT_EXECUTE|[44]
15:48:52.1 (209831445)|METHOD_ENTRY|[44]||System.Type.forName(String)
15:48:52.1 (212673169)|METHOD_EXIT|[44]||System.Type.forName(String)
15:48:52.1 (212689055)|VARIABLE_SCOPE_BEGIN|[44]|t|System.Type|true|false
15:48:52.1 (212734800)|VARIABLE_ASSIGNMENT|[44]|t|{"aot":"0x3e5f025a"}|0xab87a3d
15:48:52.1 (212744193)|STATEMENT_EXECUTE|[45]
15:48:52.1 (212746168)|STATEMENT_EXECUTE|[51]
15:48:52.1 (212752399)|METHOD_ENTRY|[52]||System.Type.newInstance()
15:48:52.1 (212899709)|STATEMENT_EXECUTE|[57]
15:48:52.1 (212911190)|METHOD_EXIT|[52]||System.Type.newInstance()
15:48:52.1 (212920067)|VARIABLE_SCOPE_BEGIN|[51]|defaults|TemplateDefaultFields.FieldDefaults|true|false
15:48:52.1 (212930220)|VARIABLE_ASSIGNMENT|[51]|defaults|{}|0x61ebf8f7
15:48:52.1 (212933620)|STATEMENT_EXECUTE|[53]
15:48:52.1 (212959578)|METHOD_ENTRY|[53]|01pg8000001w1Mh|TemplateDefaultFields.ProductHierarchyDefaults.getFieldDefaults(Decimal)
15:48:52.1 (212964491)|VARIABLE_SCOPE_BEGIN|[58]|this|TemplateDefaultFields.ProductHierarchyDefaults|true|false
15:48:52.1 (212970183)|VARIABLE_ASSIGNMENT|[58]|this|{}|0x61ebf8f7
15:48:52.1 (212974545)|VARIABLE_SCOPE_BEGIN|[58]|countSObjectCreated|Decimal|false|false
15:48:52.1 (212983779)|VARIABLE_ASSIGNMENT|[58]|countSObjectCreated|6
15:48:52.1 (212989691)|STATEMENT_EXECUTE|[58]
15:48:52.1 (212990579)|STATEMENT_EXECUTE|[59]
15:48:52.1 (213006202)|HEAP_ALLOCATE|[59]|Bytes:4
15:48:52.1 (213019343)|HEAP_ALLOCATE|[60]|Bytes:16
15:48:52.1 (213068389)|HEAP_ALLOCATE|[60]|Bytes:1
15:48:52.1 (213079469)|HEAP_ALLOCATE|[60]|Bytes:17
15:48:52.1 (213109357)|HEAP_ALLOCATE|[61]|Bytes:7
15:48:52.1 (213111635)|HEAP_ALLOCATE|[61]|Bytes:1
15:48:52.1 (213119969)|HEAP_ALLOCATE|[61]|Bytes:1
15:48:52.1 (213124872)|HEAP_ALLOCATE|[61]|Bytes:2
15:48:52.1 (213131747)|METHOD_EXIT|[53]|01pg8000001w1Mh|TemplateDefaultFields.ProductHierarchyDefaults.getFieldDefaults(Decimal)
15:48:52.1 (213137978)|METHOD_ENTRY|[53]|01pg8000001w1Mi|TestFactorySObject.addFieldDefaults(SObject, Map<String,ANY>)
15:48:52.1 (213141419)|VARIABLE_SCOPE_BEGIN|[19]|sObj|SObject|true|false
15:48:52.1 (213150973)|VARIABLE_ASSIGNMENT|[19]|sObj|{}|0x3eeb1424
15:48:52.1 (213153971)|VARIABLE_SCOPE_BEGIN|[19]|defaultFields|Map<String,ANY>|true|false
15:48:52.1 (213169558)|VARIABLE_ASSIGNMENT|[19]|defaultFields|{"Name":"Hierarquia Teste6","Code__c":"H6"}|0x383f593a
15:48:52.1 (213174988)|STATEMENT_EXECUTE|[19]
15:48:52.1 (213211545)|HEAP_ALLOCATE|[20]|Bytes:23
15:48:52.1 (213235964)|HEAP_ALLOCATE|[20]|Bytes:5
15:48:52.1 (213247338)|VARIABLE_SCOPE_BEGIN|[20]|fieldApiName|String|false|false
15:48:52.1 (213252739)|VARIABLE_ASSIGNMENT|[20]|fieldApiName|"Name"
15:48:52.1 (213256054)|STATEMENT_EXECUTE|[20]
15:48:52.1 (213333436)|STATEMENT_EXECUTE|[21]
15:48:52.1 (213334463)|STATEMENT_EXECUTE|[22]
15:48:52.1 (213401708)|HEAP_ALLOCATE|[20]|Bytes:5
15:48:52.1 (213407548)|VARIABLE_SCOPE_BEGIN|[20]|fieldApiName|String|false|false
15:48:52.1 (213412567)|VARIABLE_ASSIGNMENT|[20]|fieldApiName|"Code__c"
15:48:52.1 (213414837)|STATEMENT_EXECUTE|[20]
15:48:52.1 (213438097)|STATEMENT_EXECUTE|[21]
15:48:52.1 (213439033)|STATEMENT_EXECUTE|[22]
15:48:52.1 (213468756)|HEAP_ALLOCATE|[20]|Bytes:5
15:48:52.1 (213475325)|VARIABLE_ASSIGNMENT|[20]|fieldApiName|null
15:48:52.1 (213481152)|METHOD_EXIT|[53]|01pg8000001w1Mi|TestFactorySObject.addFieldDefaults(SObject, Map<String,ANY>)
15:48:52.1 (213483891)|STATEMENT_EXECUTE|[54]
15:48:52.1 (213503578)|HEAP_ALLOCATE|[54]|Bytes:28
15:48:52.1 (213505516)|HEAP_ALLOCATE|[54]|Bytes:28
15:48:52.1 (213521206)|HEAP_ALLOCATE|[54]|Bytes:28
15:48:52.1 (213522802)|HEAP_ALLOCATE|[54]|Bytes:28
15:48:52.1 (213536158)|VARIABLE_ASSIGNMENT|[54]|TestFactorySObject.countSObjectCreated|7
15:48:52.1 (213538666)|STATEMENT_EXECUTE|[56]
15:48:52.1 (213542201)|METHOD_EXIT|[38]|01pg8000001w1Mi|TestFactorySObject.dispatchSObjectCreation(SObject, String)
15:48:52.1 (213547263)|METHOD_EXIT|[31]|01pg8000001w1Mi|TestFactorySObject.createSObject(SObject)
15:48:52.1 (213554333)|VARIABLE_SCOPE_BEGIN|[31]|productH|ProductHierarchy__c|true|false
15:48:52.1 (213563834)|VARIABLE_ASSIGNMENT|[31]|productH|{"Name":"Hierarquia Teste6","Code__c":"H6"}|0x3eeb1424
15:48:52.1 (213566998)|STATEMENT_EXECUTE|[32]
15:48:52.1 (213615230)|HEAP_ALLOCATE|[32]|Bytes:8
15:48:52.1 (213622873)|DML_BEGIN|[32]|Op:Insert|Type:ProductHierarchy__c|Rows:1
15:48:52.1 (213654536)|HEAP_ALLOCATE|[EXTERNAL]|Bytes:8
15:48:52.1 (234752716)|DML_END|[32]
15:48:52.1 (235135537)|STATEMENT_EXECUTE|[34]
15:48:52.1 (235195438)|HEAP_ALLOCATE|[34]|Bytes:4
15:48:52.1 (235357982)|METHOD_ENTRY|[34]|01pg8000001w1Mi|TestFactorySObject.createSObject(SObject)
15:48:52.1 (235387050)|VARIABLE_SCOPE_BEGIN|[27]|this|TestFactorySObject|true|false
15:48:52.1 (235427993)|VARIABLE_ASSIGNMENT|[27]|this|{}|0x2a0231f4
15:48:52.1 (235431887)|VARIABLE_SCOPE_BEGIN|[27]|sObj|SObject|true|false
15:48:52.1 (235441335)|VARIABLE_ASSIGNMENT|[27]|sObj|{}|0x4a95bfa3
15:48:52.1 (235455511)|STATEMENT_EXECUTE|[27]
15:48:52.1 (235457018)|STATEMENT_EXECUTE|[28]
15:48:52.1 (235462784)|METHOD_ENTRY|[28]|01pg8000001w1Mi|TestFactorySObject.validateSObject(SObject)
15:48:52.1 (235466382)|VARIABLE_SCOPE_BEGIN|[13]|sObj|SObject|true|false
15:48:52.1 (235470187)|VARIABLE_ASSIGNMENT|[13]|sObj|{}|0x4a95bfa3
15:48:52.1 (235474929)|STATEMENT_EXECUTE|[13]
15:48:52.1 (235477322)|STATEMENT_EXECUTE|[14]
15:48:52.1 (235481227)|METHOD_EXIT|[28]|01pg8000001w1Mi|TestFactorySObject.validateSObject(SObject)
15:48:52.1 (235484414)|STATEMENT_EXECUTE|[30]
15:48:52.1 (235541203)|HEAP_ALLOCATE|[30]|Bytes:8
15:48:52.1 (235548605)|VARIABLE_SCOPE_BEGIN|[30]|objectName|String|false|false
15:48:52.1 (235561471)|VARIABLE_ASSIGNMENT|[30]|objectName|"Product2"
15:48:52.1 (235583556)|STATEMENT_EXECUTE|[31]
15:48:52.1 (235584719)|STATEMENT_EXECUTE|[35]
15:48:52.1 (235599911)|HEAP_ALLOCATE|[36]|Bytes:8
15:48:52.1 (235609999)|HEAP_ALLOCATE|[36]|Bytes:38
15:48:52.1 (235612283)|VARIABLE_SCOPE_BEGIN|[35]|defaultClassName|String|false|false
15:48:52.1 (235619409)|VARIABLE_ASSIGNMENT|[35]|defaultClassName|"TemplateDefaultField (18 more) ..."
15:48:52.1 (235621808)|STATEMENT_EXECUTE|[38]
15:48:52.1 (235625994)|METHOD_ENTRY|[38]|01pg8000001w1Mi|TestFactorySObject.dispatchSObjectCreation(SObject, String)
15:48:52.1 (235629382)|VARIABLE_SCOPE_BEGIN|[42]|this|TestFactorySObject|true|false
15:48:52.1 (235642319)|VARIABLE_ASSIGNMENT|[42]|this|{}|0x2a0231f4
15:48:52.1 (235645063)|VARIABLE_SCOPE_BEGIN|[42]|sObj|SObject|true|false
15:48:52.1 (235649314)|VARIABLE_ASSIGNMENT|[42]|sObj|{}|0x4a95bfa3
15:48:52.1 (235651924)|VARIABLE_SCOPE_BEGIN|[42]|defaultClassName|String|false|false
15:48:52.1 (235656435)|VARIABLE_ASSIGNMENT|[42]|defaultClassName|"TemplateDefaultField (18 more) ..."
15:48:52.1 (235660976)|STATEMENT_EXECUTE|[42]
15:48:52.1 (235661977)|STATEMENT_EXECUTE|[44]
15:48:52.1 (235666080)|METHOD_ENTRY|[44]||System.Type.forName(String)
15:48:52.1 (238124765)|METHOD_EXIT|[44]||System.Type.forName(String)
15:48:52.1 (238136850)|VARIABLE_SCOPE_BEGIN|[44]|t|System.Type|true|false
15:48:52.1 (238171277)|VARIABLE_ASSIGNMENT|[44]|t|{"aot":"0x5c69245e"}|0x69cb01b6
15:48:52.1 (238178105)|STATEMENT_EXECUTE|[45]
15:48:52.1 (238179856)|STATEMENT_EXECUTE|[51]
15:48:52.1 (238184128)|METHOD_ENTRY|[52]||System.Type.newInstance()
15:48:52.1 (238309517)|STATEMENT_EXECUTE|[66]
15:48:52.1 (238318986)|METHOD_EXIT|[52]||System.Type.newInstance()
15:48:52.1 (238326621)|VARIABLE_SCOPE_BEGIN|[51]|defaults|TemplateDefaultFields.FieldDefaults|true|false
15:48:52.1 (238335786)|VARIABLE_ASSIGNMENT|[51]|defaults|{}|0x6d8111fb
15:48:52.1 (238338576)|STATEMENT_EXECUTE|[53]
15:48:52.1 (238362156)|METHOD_ENTRY|[53]|01pg8000001w1Mh|TemplateDefaultFields.Product2Defaults.getFieldDefaults(Decimal)
15:48:52.1 (238367164)|VARIABLE_SCOPE_BEGIN|[67]|this|TemplateDefaultFields.Product2Defaults|true|false
15:48:52.1 (238372714)|VARIABLE_ASSIGNMENT|[67]|this|{}|0x6d8111fb
15:48:52.1 (238376307)|VARIABLE_SCOPE_BEGIN|[67]|countSObjectCreated|Decimal|false|false
15:48:52.1 (238384799)|VARIABLE_ASSIGNMENT|[67]|countSObjectCreated|7
15:48:52.1 (238389966)|STATEMENT_EXECUTE|[67]
15:48:52.1 (238390901)|STATEMENT_EXECUTE|[68]
15:48:52.1 (238405293)|HEAP_ALLOCATE|[68]|Bytes:4
15:48:52.1 (238416198)|HEAP_ALLOCATE|[69]|Bytes:12
15:48:52.1 (238461245)|HEAP_ALLOCATE|[69]|Bytes:1
15:48:52.1 (238471242)|HEAP_ALLOCATE|[69]|Bytes:13
15:48:52.1 (238499246)|HEAP_ALLOCATE|[70]|Bytes:13
15:48:52.1 (238501307)|HEAP_ALLOCATE|[70]|Bytes:4
15:48:52.1 (238509181)|HEAP_ALLOCATE|[70]|Bytes:1
15:48:52.1 (238513601)|HEAP_ALLOCATE|[70]|Bytes:5
15:48:52.1 (238518449)|HEAP_ALLOCATE|[71]|Bytes:17
15:48:52.1 (238524513)|HEAP_ALLOCATE|[68]|Bytes:4
15:48:52.1 (238547010)|HEAP_ALLOCATE|[72]|Bytes:8
15:48:52.1 (238554557)|HEAP_ALLOCATE|[68]|Bytes:5
15:48:52.1 (238559423)|METHOD_EXIT|[53]|01pg8000001w1Mh|TemplateDefaultFields.Product2Defaults.getFieldDefaults(Decimal)
15:48:52.1 (238564589)|METHOD_ENTRY|[53]|01pg8000001w1Mi|TestFactorySObject.addFieldDefaults(SObject, Map<String,ANY>)
15:48:52.1 (238568466)|VARIABLE_SCOPE_BEGIN|[19]|sObj|SObject|true|false
15:48:52.1 (238576596)|VARIABLE_ASSIGNMENT|[19]|sObj|{}|0x4a95bfa3
15:48:52.1 (238579516)|VARIABLE_SCOPE_BEGIN|[19]|defaultFields|Map<String,ANY>|true|false
15:48:52.1 (238597449)|VARIABLE_ASSIGNMENT|[19]|defaultFields|{"Name":"Trator Teste7","UniqueCode__c":"TRT 7","ProductionCost__c":300000,"IsActive":true}|0x358671f9
15:48:52.1 (238603287)|STATEMENT_EXECUTE|[19]
15:48:52.1 (238639077)|HEAP_ALLOCATE|[20]|Bytes:62
15:48:52.1 (238660720)|HEAP_ALLOCATE|[20]|Bytes:5
15:48:52.1 (238671200)|VARIABLE_SCOPE_BEGIN|[20]|fieldApiName|String|false|false
15:48:52.1 (238676502)|VARIABLE_ASSIGNMENT|[20]|fieldApiName|"Name"
15:48:52.1 (238679456)|STATEMENT_EXECUTE|[20]
15:48:52.1 (238773302)|STATEMENT_EXECUTE|[21]
15:48:52.1 (238774623)|STATEMENT_EXECUTE|[22]
15:48:52.1 (238844796)|HEAP_ALLOCATE|[20]|Bytes:5
15:48:52.1 (238851226)|VARIABLE_SCOPE_BEGIN|[20]|fieldApiName|String|false|false
15:48:52.1 (238856182)|VARIABLE_ASSIGNMENT|[20]|fieldApiName|"UniqueCode__c"
15:48:52.1 (238858362)|STATEMENT_EXECUTE|[20]
15:48:52.1 (238884146)|STATEMENT_EXECUTE|[21]
15:48:52.1 (238885108)|STATEMENT_EXECUTE|[22]
15:48:52.1 (238912225)|HEAP_ALLOCATE|[20]|Bytes:5
15:48:52.1 (238916525)|VARIABLE_SCOPE_BEGIN|[20]|fieldApiName|String|false|false
15:48:52.1 (238921247)|VARIABLE_ASSIGNMENT|[20]|fieldApiName|"ProductionCost__c"
15:48:52.1 (238923467)|STATEMENT_EXECUTE|[20]
15:48:52.1 (238934836)|STATEMENT_EXECUTE|[21]
15:48:52.1 (238935714)|STATEMENT_EXECUTE|[22]
15:48:52.1 (238953134)|HEAP_ALLOCATE|[20]|Bytes:5
15:48:52.1 (238957069)|VARIABLE_SCOPE_BEGIN|[20]|fieldApiName|String|false|false
15:48:52.1 (238961361)|VARIABLE_ASSIGNMENT|[20]|fieldApiName|"IsActive"
15:48:52.1 (238963311)|STATEMENT_EXECUTE|[20]
15:48:52.1 (238981910)|STATEMENT_EXECUTE|[21]
15:48:52.1 (238982827)|STATEMENT_EXECUTE|[22]
15:48:52.1 (239004153)|HEAP_ALLOCATE|[20]|Bytes:5
15:48:52.1 (239011156)|VARIABLE_ASSIGNMENT|[20]|fieldApiName|null
15:48:52.1 (239017008)|METHOD_EXIT|[53]|01pg8000001w1Mi|TestFactorySObject.addFieldDefaults(SObject, Map<String,ANY>)
15:48:52.1 (239019799)|STATEMENT_EXECUTE|[54]
15:48:52.1 (239038316)|HEAP_ALLOCATE|[54]|Bytes:28
15:48:52.1 (239040195)|HEAP_ALLOCATE|[54]|Bytes:28
15:48:52.1 (239055246)|HEAP_ALLOCATE|[54]|Bytes:28
15:48:52.1 (239056972)|HEAP_ALLOCATE|[54]|Bytes:28
15:48:52.1 (239070075)|VARIABLE_ASSIGNMENT|[54]|TestFactorySObject.countSObjectCreated|8
15:48:52.1 (239072616)|STATEMENT_EXECUTE|[56]
15:48:52.1 (239075278)|METHOD_EXIT|[38]|01pg8000001w1Mi|TestFactorySObject.dispatchSObjectCreation(SObject, String)
15:48:52.1 (239079230)|METHOD_EXIT|[34]|01pg8000001w1Mi|TestFactorySObject.createSObject(SObject)
15:48:52.1 (239086836)|VARIABLE_SCOPE_BEGIN|[34]|produto|Product2|true|false
15:48:52.1 (239097540)|VARIABLE_ASSIGNMENT|[34]|produto|{"Name":"Trator Teste7","UniqueCode__c":"TRT 7","ProductionCost__c":300000,"IsActive":true}|0x4a95bfa3
15:48:52.1 (239100848)|STATEMENT_EXECUTE|[35]
15:48:52.1 (239188063)|VARIABLE_ASSIGNMENT|[35]|this.ProductHierarchy__c|"a01g8000009ViviAAC"|0x4a95bfa3
15:48:52.1 (239191887)|STATEMENT_EXECUTE|[36]
15:48:52.1 (239215655)|HEAP_ALLOCATE|[36]|Bytes:8
15:48:52.1 (239223663)|DML_BEGIN|[36]|Op:Insert|Type:Product2|Rows:1
15:48:52.1 (239253016)|HEAP_ALLOCATE|[EXTERNAL]|Bytes:8
15:48:52.1 (263489552)|DML_END|[36]
15:48:52.1 (263813513)|STATEMENT_EXECUTE|[38]
15:48:52.1 (263877264)|HEAP_ALLOCATE|[38]|Bytes:4
15:48:52.1 (264040574)|METHOD_ENTRY|[38]|01pg8000001w1Mi|TestFactorySObject.createSObject(SObject)
15:48:52.1 (264080272)|VARIABLE_SCOPE_BEGIN|[27]|this|TestFactorySObject|true|false
15:48:52.1 (264129108)|VARIABLE_ASSIGNMENT|[27]|this|{}|0x2a0231f4
15:48:52.1 (264134456)|VARIABLE_SCOPE_BEGIN|[27]|sObj|SObject|true|false
15:48:52.1 (264147149)|VARIABLE_ASSIGNMENT|[27]|sObj|{}|0x75a7cf8e
15:48:52.1 (264164774)|STATEMENT_EXECUTE|[27]
15:48:52.1 (264166688)|STATEMENT_EXECUTE|[28]
15:48:52.1 (264174449)|METHOD_ENTRY|[28]|01pg8000001w1Mi|TestFactorySObject.validateSObject(SObject)
15:48:52.1 (264180216)|VARIABLE_SCOPE_BEGIN|[13]|sObj|SObject|true|false
15:48:52.1 (264186939)|VARIABLE_ASSIGNMENT|[13]|sObj|{}|0x75a7cf8e
15:48:52.1 (264193270)|STATEMENT_EXECUTE|[13]
15:48:52.1 (264195596)|STATEMENT_EXECUTE|[14]
15:48:52.1 (264200354)|METHOD_EXIT|[28]|01pg8000001w1Mi|TestFactorySObject.validateSObject(SObject)
15:48:52.1 (264204494)|STATEMENT_EXECUTE|[30]
15:48:52.1 (264277962)|HEAP_ALLOCATE|[30]|Bytes:6
15:48:52.1 (264289417)|VARIABLE_SCOPE_BEGIN|[30]|objectName|String|false|false
15:48:52.1 (264304354)|VARIABLE_ASSIGNMENT|[30]|objectName|"Tax__c"
15:48:52.1 (264328201)|STATEMENT_EXECUTE|[31]
15:48:52.1 (264330097)|STATEMENT_EXECUTE|[35]
15:48:52.1 (264349488)|HEAP_ALLOCATE|[36]|Bytes:3
15:48:52.1 (264361040)|HEAP_ALLOCATE|[36]|Bytes:33
15:48:52.1 (264364158)|VARIABLE_SCOPE_BEGIN|[35]|defaultClassName|String|false|false
15:48:52.1 (264373826)|VARIABLE_ASSIGNMENT|[35]|defaultClassName|"TemplateDefaultField (13 more) ..."
15:48:52.1 (264377536)|STATEMENT_EXECUTE|[38]
15:48:52.1 (264382759)|METHOD_ENTRY|[38]|01pg8000001w1Mi|TestFactorySObject.dispatchSObjectCreation(SObject, String)
15:48:52.1 (264387253)|VARIABLE_SCOPE_BEGIN|[42]|this|TestFactorySObject|true|false
15:48:52.1 (264404111)|VARIABLE_ASSIGNMENT|[42]|this|{}|0x2a0231f4
15:48:52.1 (264408545)|VARIABLE_SCOPE_BEGIN|[42]|sObj|SObject|true|false
15:48:52.1 (264414258)|VARIABLE_ASSIGNMENT|[42]|sObj|{}|0x75a7cf8e
15:48:52.1 (264418178)|VARIABLE_SCOPE_BEGIN|[42]|defaultClassName|String|false|false
15:48:52.1 (264424920)|VARIABLE_ASSIGNMENT|[42]|defaultClassName|"TemplateDefaultField (13 more) ..."
15:48:52.1 (264432530)|STATEMENT_EXECUTE|[42]
15:48:52.1 (264434066)|STATEMENT_EXECUTE|[44]
15:48:52.1 (264439347)|METHOD_ENTRY|[44]||System.Type.forName(String)
15:48:52.1 (267063221)|METHOD_EXIT|[44]||System.Type.forName(String)
15:48:52.1 (267079308)|VARIABLE_SCOPE_BEGIN|[44]|t|System.Type|true|false
15:48:52.1 (267124143)|VARIABLE_ASSIGNMENT|[44]|t|{"aot":"0x274c8ff8"}|0x1d463f0f
15:48:52.1 (267133396)|STATEMENT_EXECUTE|[45]
15:48:52.1 (267135334)|STATEMENT_EXECUTE|[51]
15:48:52.1 (267142474)|METHOD_ENTRY|[52]||System.Type.newInstance()
15:48:52.1 (267298970)|STATEMENT_EXECUTE|[79]
15:48:52.1 (267314411)|METHOD_EXIT|[52]||System.Type.newInstance()
15:48:52.1 (267324032)|VARIABLE_SCOPE_BEGIN|[51]|defaults|TemplateDefaultFields.FieldDefaults|true|false
15:48:52.1 (267339489)|VARIABLE_ASSIGNMENT|[51]|defaults|{}|0x56352b0d
15:48:52.1 (267344610)|STATEMENT_EXECUTE|[53]
15:48:52.1 (267374265)|METHOD_ENTRY|[53]|01pg8000001w1Mh|TemplateDefaultFields.TaxDefaults.getFieldDefaults(Decimal)
15:48:52.1 (267381485)|VARIABLE_SCOPE_BEGIN|[80]|this|TemplateDefaultFields.TaxDefaults|true|false
15:48:52.1 (267390726)|VARIABLE_ASSIGNMENT|[80]|this|{}|0x56352b0d
15:48:52.1 (267395851)|VARIABLE_SCOPE_BEGIN|[80]|countSObjectCreated|Decimal|false|false
15:48:52.1 (267407079)|VARIABLE_ASSIGNMENT|[80]|countSObjectCreated|8
15:48:52.1 (267416530)|STATEMENT_EXECUTE|[80]
15:48:52.1 (267418019)|STATEMENT_EXECUTE|[81]
15:48:52.1 (267432175)|HEAP_ALLOCATE|[81]|Bytes:4
15:48:52.1 (267444310)|HEAP_ALLOCATE|[82]|Bytes:13
15:48:52.1 (267507264)|HEAP_ALLOCATE|[82]|Bytes:1
15:48:52.1 (267522163)|HEAP_ALLOCATE|[82]|Bytes:14
15:48:52.1 (267559812)|HEAP_ALLOCATE|[83]|Bytes:10
15:48:52.1 (267563700)|HEAP_ALLOCATE|[83]|Bytes:2
15:48:52.1 (267578804)|HEAP_ALLOCATE|[83]|Bytes:1
15:48:52.1 (267586155)|HEAP_ALLOCATE|[83]|Bytes:3
15:48:52.1 (267596800)|METHOD_EXIT|[53]|01pg8000001w1Mh|TemplateDefaultFields.TaxDefaults.getFieldDefaults(Decimal)
15:48:52.1 (267605908)|METHOD_ENTRY|[53]|01pg8000001w1Mi|TestFactorySObject.addFieldDefaults(SObject, Map<String,ANY>)
15:48:52.1 (267611081)|VARIABLE_SCOPE_BEGIN|[19]|sObj|SObject|true|false
15:48:52.1 (267624019)|VARIABLE_ASSIGNMENT|[19]|sObj|{}|0x75a7cf8e
15:48:52.1 (267628501)|VARIABLE_SCOPE_BEGIN|[19]|defaultFields|Map<String,ANY>|true|false
15:48:52.1 (267649626)|VARIABLE_ASSIGNMENT|[19]|defaultFields|{"Name":"Imposto Teste8","TaxCode__c":"IP8"}|0x4ae928a0
15:48:52.1 (267658998)|STATEMENT_EXECUTE|[19]
15:48:52.1 (267693096)|HEAP_ALLOCATE|[20]|Bytes:26
15:48:52.1 (267720595)|HEAP_ALLOCATE|[20]|Bytes:5
15:48:52.1 (267735630)|VARIABLE_SCOPE_BEGIN|[20]|fieldApiName|String|false|false
15:48:52.1 (267743613)|VARIABLE_ASSIGNMENT|[20]|fieldApiName|"Name"
15:48:52.1 (267748012)|STATEMENT_EXECUTE|[20]
15:48:52.1 (267923587)|STATEMENT_EXECUTE|[21]
15:48:52.1 (267925445)|STATEMENT_EXECUTE|[22]
15:48:52.1 (268018764)|HEAP_ALLOCATE|[20]|Bytes:5
15:48:52.1 (268032245)|VARIABLE_SCOPE_BEGIN|[20]|fieldApiName|String|false|false
15:48:52.1 (268040895)|VARIABLE_ASSIGNMENT|[20]|fieldApiName|"TaxCode__c"
15:48:52.1 (268045080)|STATEMENT_EXECUTE|[20]
15:48:52.1 (268081306)|STATEMENT_EXECUTE|[21]
15:48:52.1 (268082810)|STATEMENT_EXECUTE|[22]
15:48:52.1 (268131069)|HEAP_ALLOCATE|[20]|Bytes:5
15:48:52.1 (268141245)|VARIABLE_ASSIGNMENT|[20]|fieldApiName|null
15:48:52.1 (268151508)|METHOD_EXIT|[53]|01pg8000001w1Mi|TestFactorySObject.addFieldDefaults(SObject, Map<String,ANY>)
15:48:52.1 (268156715)|STATEMENT_EXECUTE|[54]
15:48:52.1 (268179350)|HEAP_ALLOCATE|[54]|Bytes:28
15:48:52.1 (268182184)|HEAP_ALLOCATE|[54]|Bytes:28
15:48:52.1 (268201226)|HEAP_ALLOCATE|[54]|Bytes:28
15:48:52.1 (268203495)|HEAP_ALLOCATE|[54]|Bytes:28
15:48:52.1 (268221320)|VARIABLE_ASSIGNMENT|[54]|TestFactorySObject.countSObjectCreated|9
15:48:52.1 (268224892)|STATEMENT_EXECUTE|[56]
15:48:52.1 (268228984)|METHOD_EXIT|[38]|01pg8000001w1Mi|TestFactorySObject.dispatchSObjectCreation(SObject, String)
15:48:52.1 (268235318)|METHOD_EXIT|[38]|01pg8000001w1Mi|TestFactorySObject.createSObject(SObject)
15:48:52.1 (268244388)|VARIABLE_SCOPE_BEGIN|[38]|imposto|Tax__c|true|false
15:48:52.1 (268259815)|VARIABLE_ASSIGNMENT|[38]|imposto|{"Name":"Imposto Teste8","TaxCode__c":"IP8"}|0x75a7cf8e
15:48:52.1 (268270031)|STATEMENT_EXECUTE|[39]
15:48:52.1 (268366833)|VARIABLE_ASSIGNMENT|[39]|this.DistributionCenter__c|"a06g8000001gZKDAA2"|0x75a7cf8e
15:48:52.1 (268372027)|STATEMENT_EXECUTE|[40]
15:48:52.1 (268419660)|VARIABLE_ASSIGNMENT|[40]|this.Product__c|"01tg8000001RQyjAAG"|0x75a7cf8e
15:48:52.1 (268424998)|STATEMENT_EXECUTE|[41]
15:48:52.1 (268452661)|VARIABLE_ASSIGNMENT|[41]|this.State__c|"a04g8000000b5VNAAY"|0x75a7cf8e
15:48:52.1 (268457171)|STATEMENT_EXECUTE|[42]
15:48:52.1 (268459938)|HEAP_ALLOCATE|[42]|Bytes:8
15:48:52.1 (268479549)|VARIABLE_ASSIGNMENT|[42]|this.Status__c|"Approved"|0x75a7cf8e
15:48:52.1 (268483871)|STATEMENT_EXECUTE|[43]
15:48:52.1 (268485794)|HEAP_ALLOCATE|[43]|Bytes:4
15:48:52.1 (268502220)|HEAP_ALLOCATE|[43]|Bytes:28
15:48:52.1 (268523473)|VARIABLE_ASSIGNMENT|[43]|this.TaxRate__c|10.0|0x75a7cf8e
15:48:52.1 (268527775)|STATEMENT_EXECUTE|[44]
15:48:52.1 (268587577)|HEAP_ALLOCATE|[44]|Bytes:8
15:48:52.1 (268599705)|DML_BEGIN|[44]|Op:Insert|Type:Tax__c|Rows:1
15:48:52.1 (268633218)|HEAP_ALLOCATE|[EXTERNAL]|Bytes:8
15:48:52.1 (278467547)|CODE_UNIT_STARTED|[EXTERNAL]|Flow:01Ig8000000dte9
15:48:52.283 (283566856)|FLOW_CREATE_INTERVIEW_BEGIN|00Dg8000001b33B|300g800000Csj6k|301g8000005x9nc
15:48:52.283 (283758866)|FLOW_CREATE_INTERVIEW_END|6575a4c7bbbe75d813e16ae8e69d19d763f932b-3d63|Imposto: Gerar Chave Única
15:48:52.284 (284999200)|FLOW_START_INTERVIEWS_BEGIN|1
15:48:52.284 (285133312)|FLOW_START_INTERVIEW_BEGIN|6575a4c7bbbe75d813e16ae8e69d19d763f932b-3d63|Imposto: Gerar Chave Única
15:48:52.284 (286717784)|FLOW_START_INTERVIEW_END|6575a4c7bbbe75d813e16ae8e69d19d763f932b-3d63|Imposto: Gerar Chave Única
15:48:52.284 (288976303)|FLOW_START_INTERVIEWS_END|1
15:48:52.284 (289349019)|FLOW_INTERVIEW_FINISHED|6575a4c7bbbe75d813e16ae8e69d19d763f932b-3d63|Imposto: Gerar Chave Única
15:48:52.1 (291445240)|CODE_UNIT_FINISHED|Flow:01Ig8000000dte9
15:48:52.1 (299696253)|CODE_UNIT_STARTED|[EXTERNAL]|Validation:Tax:new
15:48:52.1 (299715539)|VALIDATION_RULE|03dg8000000V8kT|Campos_Obrigatorios_Imposto
15:48:52.1 (299846254)|VALIDATION_FORMULA|OR(
ISBLANK(Product__c),
ISBLANK(DistributionCenter__c),
ISBLANK(State__c)
)|DistributionCenter__c=a06g8000001gZKD , Product__c=01tg8000001RQyj , State__c=a04g8000000b5VN
15:48:52.1 (299850884)|VALIDATION_PASS
15:48:52.1 (299852302)|VALIDATION_RULE|03dg8000000oOS9|Imposto_ativo
15:48:52.1 (300024572)|VALIDATION_FORMULA|ISPICKVAL(Status__c, "Approved") && 
(ISCHANGED(Product__c) &#124;&#124; ISCHANGED(ProductHierarchy__c) &#124;&#124; ISCHANGED(TaxRate__c) &#124;&#124; ISCHANGED(DistributionCenter__c) &#124;&#124; ISCHANGED(State__c))|Status__c=Approved , TaxRate__c=10.0 , DistributionCenter__c=a06g8000001gZKD , Product__c=01tg8000001RQyj , ProductHierarchy__c=null , State__c=a04g8000000b5VN
15:48:52.1 (300031025)|VALIDATION_PASS
15:48:52.1 (300032086)|VALIDATION_RULE|03dg8000000ZDAT|Produto_OU_Hierarquia
15:48:52.1 (300098068)|VALIDATION_FORMULA|( ISBLANK(Product__c) && ISBLANK(ProductHierarchy__c) )
&#124;&#124;
( NOT(ISBLANK(Product__c)) && NOT(ISBLANK(ProductHierarchy__c)) )|Product__c=01tg8000001RQyj , ProductHierarchy__c=null
15:48:52.1 (300101405)|VALIDATION_PASS
15:48:52.1 (300105859)|CODE_UNIT_FINISHED|Validation:Tax:new
15:48:52.1 (315852054)|CODE_UNIT_STARTED|[EXTERNAL]|Flow:01Ig8000000dte9
15:48:52.1 (315881559)|CODE_UNIT_FINISHED|Flow:01Ig8000000dte9
15:48:52.1 (315919416)|CODE_UNIT_STARTED|[EXTERNAL]|Flow:01Ig8000000dte9
15:48:52.1 (315925298)|CODE_UNIT_FINISHED|Flow:01Ig8000000dte9
15:48:52.1 (318093165)|DML_END|[44]
15:48:52.1 (318435586)|STATEMENT_EXECUTE|[46]
15:48:52.1 (318504651)|HEAP_ALLOCATE|[46]|Bytes:4
15:48:52.1 (318678629)|METHOD_ENTRY|[46]|01pg8000001w1Mi|TestFactorySObject.createSObject(SObject)
15:48:52.1 (318716719)|VARIABLE_SCOPE_BEGIN|[27]|this|TestFactorySObject|true|false
15:48:52.1 (318774941)|VARIABLE_ASSIGNMENT|[27]|this|{}|0x2a0231f4
15:48:52.1 (318779175)|VARIABLE_SCOPE_BEGIN|[27]|sObj|SObject|true|false
15:48:52.1 (318788619)|VARIABLE_ASSIGNMENT|[27]|sObj|{}|0x5ab233df
15:48:52.1 (318805508)|STATEMENT_EXECUTE|[27]
15:48:52.1 (318806973)|STATEMENT_EXECUTE|[28]
15:48:52.1 (318813221)|METHOD_ENTRY|[28]|01pg8000001w1Mi|TestFactorySObject.validateSObject(SObject)
15:48:52.1 (318816815)|VARIABLE_SCOPE_BEGIN|[13]|sObj|SObject|true|false
15:48:52.1 (318820814)|VARIABLE_ASSIGNMENT|[13]|sObj|{}|0x5ab233df
15:48:52.1 (318825241)|STATEMENT_EXECUTE|[13]
15:48:52.1 (318827759)|STATEMENT_EXECUTE|[14]
15:48:52.1 (318831610)|METHOD_EXIT|[28]|01pg8000001w1Mi|TestFactorySObject.validateSObject(SObject)
15:48:52.1 (318835196)|STATEMENT_EXECUTE|[30]
15:48:52.1 (318895394)|HEAP_ALLOCATE|[30]|Bytes:10
15:48:52.1 (318903185)|VARIABLE_SCOPE_BEGIN|[30]|objectName|String|false|false
15:48:52.1 (318916361)|VARIABLE_ASSIGNMENT|[30]|objectName|"Freight__c"
15:48:52.1 (318939064)|STATEMENT_EXECUTE|[31]
15:48:52.1 (318940358)|STATEMENT_EXECUTE|[35]
15:48:52.1 (318956736)|HEAP_ALLOCATE|[36]|Bytes:7
15:48:52.1 (318966083)|HEAP_ALLOCATE|[36]|Bytes:37
15:48:52.1 (318968211)|VARIABLE_SCOPE_BEGIN|[35]|defaultClassName|String|false|false
15:48:52.1 (318974891)|VARIABLE_ASSIGNMENT|[35]|defaultClassName|"TemplateDefaultField (17 more) ..."
15:48:52.1 (318977252)|STATEMENT_EXECUTE|[38]
15:48:52.1 (318981301)|METHOD_ENTRY|[38]|01pg8000001w1Mi|TestFactorySObject.dispatchSObjectCreation(SObject, String)
15:48:52.1 (318984301)|VARIABLE_SCOPE_BEGIN|[42]|this|TestFactorySObject|true|false
15:48:52.1 (318992758)|VARIABLE_ASSIGNMENT|[42]|this|{}|0x2a0231f4
15:48:52.1 (318995361)|VARIABLE_SCOPE_BEGIN|[42]|sObj|SObject|true|false
15:48:52.1 (319000982)|VARIABLE_ASSIGNMENT|[42]|sObj|{}|0x5ab233df
15:48:52.1 (319005687)|VARIABLE_SCOPE_BEGIN|[42]|defaultClassName|String|false|false
15:48:52.1 (319011811)|VARIABLE_ASSIGNMENT|[42]|defaultClassName|"TemplateDefaultField (17 more) ..."
15:48:52.1 (319017641)|STATEMENT_EXECUTE|[42]
15:48:52.1 (319019051)|STATEMENT_EXECUTE|[44]
15:48:52.1 (319024022)|METHOD_ENTRY|[44]||System.Type.forName(String)
15:48:52.1 (321470339)|METHOD_EXIT|[44]||System.Type.forName(String)
15:48:52.1 (321481506)|VARIABLE_SCOPE_BEGIN|[44]|t|System.Type|true|false
15:48:52.1 (321516888)|VARIABLE_ASSIGNMENT|[44]|t|{"aot":"0x2e68bad3"}|0x4b2fb3a8
15:48:52.1 (321523191)|STATEMENT_EXECUTE|[45]
15:48:52.1 (321524555)|STATEMENT_EXECUTE|[51]
15:48:52.1 (321529448)|METHOD_ENTRY|[52]||System.Type.newInstance()
15:48:52.1 (321663643)|STATEMENT_EXECUTE|[88]
15:48:52.1 (321672853)|METHOD_EXIT|[52]||System.Type.newInstance()
15:48:52.1 (321680203)|VARIABLE_SCOPE_BEGIN|[51]|defaults|TemplateDefaultFields.FieldDefaults|true|false
15:48:52.1 (321689784)|VARIABLE_ASSIGNMENT|[51]|defaults|{}|0x6a2d5a75
15:48:52.1 (321692680)|STATEMENT_EXECUTE|[53]
15:48:52.1 (321715023)|METHOD_ENTRY|[53]|01pg8000001w1Mh|TemplateDefaultFields.FreightDefaults.getFieldDefaults(Decimal)
15:48:52.1 (321719638)|VARIABLE_SCOPE_BEGIN|[89]|this|TemplateDefaultFields.FreightDefaults|true|false
15:48:52.1 (321725396)|VARIABLE_ASSIGNMENT|[89]|this|{}|0x6a2d5a75
15:48:52.1 (321728656)|VARIABLE_SCOPE_BEGIN|[89]|countSObjectCreated|Decimal|false|false
15:48:52.1 (321737586)|VARIABLE_ASSIGNMENT|[89]|countSObjectCreated|9
15:48:52.1 (321743813)|STATEMENT_EXECUTE|[89]
15:48:52.1 (321744704)|STATEMENT_EXECUTE|[90]
15:48:52.1 (321761722)|HEAP_ALLOCATE|[90]|Bytes:4
15:48:52.1 (321775316)|HEAP_ALLOCATE|[91]|Bytes:11
15:48:52.1 (321837891)|HEAP_ALLOCATE|[91]|Bytes:1
15:48:52.1 (321850510)|HEAP_ALLOCATE|[91]|Bytes:12
15:48:52.1 (321887585)|HEAP_ALLOCATE|[92]|Bytes:14
15:48:52.1 (321890341)|HEAP_ALLOCATE|[92]|Bytes:1
15:48:52.1 (321902326)|HEAP_ALLOCATE|[92]|Bytes:1
15:48:52.1 (321908947)|HEAP_ALLOCATE|[92]|Bytes:2
15:48:52.1 (321918753)|METHOD_EXIT|[53]|01pg8000001w1Mh|TemplateDefaultFields.FreightDefaults.getFieldDefaults(Decimal)
15:48:52.1 (321925602)|METHOD_ENTRY|[53]|01pg8000001w1Mi|TestFactorySObject.addFieldDefaults(SObject, Map<String,ANY>)
15:48:52.1 (321930453)|VARIABLE_SCOPE_BEGIN|[19]|sObj|SObject|true|false
15:48:52.1 (321941943)|VARIABLE_ASSIGNMENT|[19]|sObj|{}|0x5ab233df
15:48:52.1 (321945793)|VARIABLE_SCOPE_BEGIN|[19]|defaultFields|Map<String,ANY>|true|false
15:48:52.1 (321965966)|VARIABLE_ASSIGNMENT|[19]|defaultFields|{"Name":"Frete Teste9","FreightCode__c":"F9"}|0x617ddb4b
15:48:52.1 (321972623)|STATEMENT_EXECUTE|[19]
15:48:52.1 (322008998)|HEAP_ALLOCATE|[20]|Bytes:30
15:48:52.1 (322034269)|HEAP_ALLOCATE|[20]|Bytes:5
15:48:52.1 (322045848)|VARIABLE_SCOPE_BEGIN|[20]|fieldApiName|String|false|false
15:48:52.1 (322051168)|VARIABLE_ASSIGNMENT|[20]|fieldApiName|"Name"
15:48:52.1 (322054068)|STATEMENT_EXECUTE|[20]
15:48:52.1 (322245483)|STATEMENT_EXECUTE|[21]
15:48:52.1 (322246811)|STATEMENT_EXECUTE|[22]
15:48:52.1 (322327479)|HEAP_ALLOCATE|[20]|Bytes:5
15:48:52.1 (322334503)|VARIABLE_SCOPE_BEGIN|[20]|fieldApiName|String|false|false
15:48:52.1 (322340586)|VARIABLE_ASSIGNMENT|[20]|fieldApiName|"FreightCode__c"
15:48:52.1 (322343002)|STATEMENT_EXECUTE|[20]
15:48:52.1 (322371846)|STATEMENT_EXECUTE|[21]
15:48:52.1 (322372760)|STATEMENT_EXECUTE|[22]
15:48:52.1 (322404143)|HEAP_ALLOCATE|[20]|Bytes:5
15:48:52.1 (322411196)|VARIABLE_ASSIGNMENT|[20]|fieldApiName|null
15:48:52.1 (322417688)|METHOD_EXIT|[53]|01pg8000001w1Mi|TestFactorySObject.addFieldDefaults(SObject, Map<String,ANY>)
15:48:52.1 (322420926)|STATEMENT_EXECUTE|[54]
15:48:52.1 (322441675)|HEAP_ALLOCATE|[54]|Bytes:28
15:48:52.1 (322443583)|HEAP_ALLOCATE|[54]|Bytes:28
15:48:52.1 (322459911)|HEAP_ALLOCATE|[54]|Bytes:28
15:48:52.1 (322461434)|HEAP_ALLOCATE|[54]|Bytes:28
15:48:52.1 (322475768)|VARIABLE_ASSIGNMENT|[54]|TestFactorySObject.countSObjectCreated|10
15:48:52.1 (322478572)|STATEMENT_EXECUTE|[56]
15:48:52.1 (322481540)|METHOD_EXIT|[38]|01pg8000001w1Mi|TestFactorySObject.dispatchSObjectCreation(SObject, String)
15:48:52.1 (322486631)|METHOD_EXIT|[46]|01pg8000001w1Mi|TestFactorySObject.createSObject(SObject)
15:48:52.1 (322493929)|VARIABLE_SCOPE_BEGIN|[46]|frete|Freight__c|true|false
15:48:52.1 (322505122)|VARIABLE_ASSIGNMENT|[46]|frete|{"Name":"Frete Teste9","FreightCode__c":"F9"}|0x5ab233df
15:48:52.1 (322508247)|STATEMENT_EXECUTE|[47]
15:48:52.1 (322583085)|VARIABLE_ASSIGNMENT|[47]|this.Product__c|"01tg8000001RQyjAAG"|0x5ab233df
15:48:52.1 (322586517)|STATEMENT_EXECUTE|[48]
15:48:52.1 (322614254)|VARIABLE_ASSIGNMENT|[48]|this.State__c|"a04g8000000b5VNAAY"|0x5ab233df
15:48:52.1 (322617169)|STATEMENT_EXECUTE|[49]
15:48:52.1 (322637462)|VARIABLE_ASSIGNMENT|[49]|this.DistributionCenter__c|"a06g8000001gZKDAA2"|0x5ab233df
15:48:52.1 (322640617)|STATEMENT_EXECUTE|[50]
15:48:52.1 (322653801)|VARIABLE_ASSIGNMENT|[50]|this.Status__c|"Approved"|0x5ab233df
15:48:52.1 (322656443)|STATEMENT_EXECUTE|[51]
15:48:52.1 (322657957)|HEAP_ALLOCATE|[51]|Bytes:5
15:48:52.1 (322668262)|HEAP_ALLOCATE|[51]|Bytes:28
15:48:52.1 (322683095)|VARIABLE_ASSIGNMENT|[51]|this.FreightValue__c|700.0|0x5ab233df
15:48:52.1 (322686012)|STATEMENT_EXECUTE|[52]
15:48:52.1 (322710839)|HEAP_ALLOCATE|[52]|Bytes:8
15:48:52.1 (322719350)|DML_BEGIN|[52]|Op:Insert|Type:Freight__c|Rows:1
15:48:52.1 (322750326)|HEAP_ALLOCATE|[EXTERNAL]|Bytes:8
15:48:52.1 (330861177)|CODE_UNIT_STARTED|[EXTERNAL]|Flow:01Ig8000000duwn
15:48:52.332 (332057679)|FLOW_CREATE_INTERVIEW_BEGIN|00Dg8000001b33B|300g800000CuE4d|301g8000008UX6n
15:48:52.332 (332145127)|FLOW_CREATE_INTERVIEW_END|6576a4c7bbbe75d813e16ae8e69d19d763f932b-3d64|Frete: Gerar chave única
15:48:52.332 (332795173)|FLOW_START_INTERVIEWS_BEGIN|1
15:48:52.332 (332845209)|FLOW_START_INTERVIEW_BEGIN|6576a4c7bbbe75d813e16ae8e69d19d763f932b-3d64|Frete: Gerar chave única
15:48:52.332 (333658614)|FLOW_START_INTERVIEW_END|6576a4c7bbbe75d813e16ae8e69d19d763f932b-3d64|Frete: Gerar chave única
15:48:52.332 (335180971)|FLOW_START_INTERVIEWS_END|1
15:48:52.332 (335450059)|FLOW_INTERVIEW_FINISHED|6576a4c7bbbe75d813e16ae8e69d19d763f932b-3d64|Frete: Gerar chave única
15:48:52.1 (336832103)|CODE_UNIT_FINISHED|Flow:01Ig8000000duwn
15:48:52.1 (344946093)|CODE_UNIT_STARTED|[EXTERNAL]|Validation:Freight:new
15:48:52.1 (344963058)|VALIDATION_RULE|03dg8000000V8m5|Campos_Obrigatorios_Frete
15:48:52.1 (345102113)|VALIDATION_FORMULA|OR(
ISBLANK(DistributionCenter__c),
ISBLANK(FreightValue__c)
)|FreightValue__c=700.0 , DistributionCenter__c=a06g8000001gZKD
15:48:52.1 (345107068)|VALIDATION_PASS
15:48:52.1 (345108476)|VALIDATION_RULE|03dg8000000oN1R|Frete_ativo
15:48:52.1 (345325237)|VALIDATION_FORMULA|ISPICKVAL(Status__c, "Approved") && 
(ISCHANGED(Product__c) &#124;&#124; ISCHANGED(ProductHierarchy__c) &#124;&#124; ISCHANGED(FreightValue__c) &#124;&#124; ISCHANGED(DistributionCenter__c) &#124;&#124; ISCHANGED(State__c) &#124;&#124; ISCHANGED(City__c) &#124;&#124; ISCHANGED(Country__c))|FreightValue__c=700.0 , Country__c=null , State__c=a04g8000000b5VN , Product__c=01tg8000001RQyj , ProductHierarchy__c=null , DistributionCenter__c=a06g8000001gZKD , Status__c=Approved , City__c=null
15:48:52.1 (345332753)|VALIDATION_PASS
15:48:52.1 (345333782)|VALIDATION_RULE|03dg8000000ZDC5|Produto_OU_Hierarquia
15:48:52.1 (345391488)|VALIDATION_FORMULA|( ISBLANK(Product__c) && ISBLANK(ProductHierarchy__c) )
&#124;&#124;
( NOT(ISBLANK(Product__c)) && NOT(ISBLANK(ProductHierarchy__c)) )|Product__c=01tg8000001RQyj , ProductHierarchy__c=null
15:48:52.1 (345394726)|VALIDATION_PASS
15:48:52.1 (345398977)|CODE_UNIT_FINISHED|Validation:Freight:new
15:48:52.1 (363000096)|CODE_UNIT_STARTED|[EXTERNAL]|Flow:01Ig8000000duwn
15:48:52.1 (363034074)|CODE_UNIT_FINISHED|Flow:01Ig8000000duwn
15:48:52.1 (363074432)|CODE_UNIT_STARTED|[EXTERNAL]|Flow:01Ig8000000duwn
15:48:52.1 (363080992)|CODE_UNIT_FINISHED|Flow:01Ig8000000duwn
15:48:52.1 (365176081)|DML_END|[52]
15:48:52.1 (365591225)|STATEMENT_EXECUTE|[54]
15:48:52.1 (365712905)|HEAP_ALLOCATE|[54]|Bytes:4
15:48:52.1 (365941689)|METHOD_ENTRY|[54]|01pg8000001w1Mi|TestFactorySObject.createSObject(SObject)
15:48:52.1 (366006418)|VARIABLE_SCOPE_BEGIN|[27]|this|TestFactorySObject|true|false
15:48:52.1 (366069898)|VARIABLE_ASSIGNMENT|[27]|this|{}|0x2a0231f4
15:48:52.1 (366073590)|VARIABLE_SCOPE_BEGIN|[27]|sObj|SObject|true|false
15:48:52.1 (366094871)|VARIABLE_ASSIGNMENT|[27]|sObj|{}|0x5f56a76a
15:48:52.1 (366113112)|STATEMENT_EXECUTE|[27]
15:48:52.1 (366114504)|STATEMENT_EXECUTE|[28]
15:48:52.1 (366120195)|METHOD_ENTRY|[28]|01pg8000001w1Mi|TestFactorySObject.validateSObject(SObject)
15:48:52.1 (366124060)|VARIABLE_SCOPE_BEGIN|[13]|sObj|SObject|true|false
15:48:52.1 (366128115)|VARIABLE_ASSIGNMENT|[13]|sObj|{}|0x5f56a76a
15:48:52.1 (366133165)|STATEMENT_EXECUTE|[13]
15:48:52.1 (366135706)|STATEMENT_EXECUTE|[14]
15:48:52.1 (366144360)|METHOD_EXIT|[28]|01pg8000001w1Mi|TestFactorySObject.validateSObject(SObject)
15:48:52.1 (366152130)|STATEMENT_EXECUTE|[30]
15:48:52.1 (366246853)|HEAP_ALLOCATE|[30]|Bytes:9
15:48:52.1 (366264909)|VARIABLE_SCOPE_BEGIN|[30]|objectName|String|false|false
15:48:52.1 (366286540)|VARIABLE_ASSIGNMENT|[30]|objectName|"Margem__c"
15:48:52.1 (366309499)|STATEMENT_EXECUTE|[31]
15:48:52.1 (366310684)|STATEMENT_EXECUTE|[35]
15:48:52.1 (366332024)|HEAP_ALLOCATE|[36]|Bytes:6
15:48:52.1 (366345219)|HEAP_ALLOCATE|[36]|Bytes:36
15:48:52.1 (366348719)|VARIABLE_SCOPE_BEGIN|[35]|defaultClassName|String|false|false
15:48:52.1 (366378463)|VARIABLE_ASSIGNMENT|[35]|defaultClassName|"TemplateDefaultField (16 more) ..."
15:48:52.1 (366382628)|STATEMENT_EXECUTE|[38]
15:48:52.1 (366388379)|METHOD_ENTRY|[38]|01pg8000001w1Mi|TestFactorySObject.dispatchSObjectCreation(SObject, String)
15:48:52.1 (366393088)|VARIABLE_SCOPE_BEGIN|[42]|this|TestFactorySObject|true|false
15:48:52.1 (366419874)|VARIABLE_ASSIGNMENT|[42]|this|{}|0x2a0231f4
15:48:52.1 (366423202)|VARIABLE_SCOPE_BEGIN|[42]|sObj|SObject|true|false
15:48:52.1 (366427522)|VARIABLE_ASSIGNMENT|[42]|sObj|{}|0x5f56a76a
15:48:52.1 (366430423)|VARIABLE_SCOPE_BEGIN|[42]|defaultClassName|String|false|false
15:48:52.1 (366440024)|VARIABLE_ASSIGNMENT|[42]|defaultClassName|"TemplateDefaultField (16 more) ..."
15:48:52.1 (366445689)|STATEMENT_EXECUTE|[42]
15:48:52.1 (366446950)|STATEMENT_EXECUTE|[44]
15:48:52.1 (366450879)|METHOD_ENTRY|[44]||System.Type.forName(String)
15:48:52.1 (369069916)|METHOD_EXIT|[44]||System.Type.forName(String)
15:48:52.1 (369083439)|VARIABLE_SCOPE_BEGIN|[44]|t|System.Type|true|false
15:48:52.1 (369122383)|VARIABLE_ASSIGNMENT|[44]|t|{"aot":"0x52b06f6c"}|0x2f3d2837
15:48:52.1 (369130197)|STATEMENT_EXECUTE|[45]
15:48:52.1 (369131674)|STATEMENT_EXECUTE|[51]
15:48:52.1 (369136871)|METHOD_ENTRY|[52]||System.Type.newInstance()
15:48:52.1 (369280287)|STATEMENT_EXECUTE|[97]
15:48:52.1 (369290739)|METHOD_EXIT|[52]||System.Type.newInstance()
15:48:52.1 (369299716)|VARIABLE_SCOPE_BEGIN|[51]|defaults|TemplateDefaultFields.FieldDefaults|true|false
15:48:52.1 (369309165)|VARIABLE_ASSIGNMENT|[51]|defaults|{}|0x5b45f899
15:48:52.1 (369312106)|STATEMENT_EXECUTE|[53]
15:48:52.1 (369337630)|METHOD_ENTRY|[53]|01pg8000001w1Mh|TemplateDefaultFields.MargemDefaults.getFieldDefaults(Decimal)
15:48:52.1 (369342287)|VARIABLE_SCOPE_BEGIN|[98]|this|TemplateDefaultFields.MargemDefaults|true|false
15:48:52.1 (369348021)|VARIABLE_ASSIGNMENT|[98]|this|{}|0x5b45f899
15:48:52.1 (369352000)|VARIABLE_SCOPE_BEGIN|[98]|countSObjectCreated|Decimal|false|false
15:48:52.1 (369360582)|VARIABLE_ASSIGNMENT|[98]|countSObjectCreated|10
15:48:52.1 (369366644)|STATEMENT_EXECUTE|[98]
15:48:52.1 (369367572)|STATEMENT_EXECUTE|[99]
15:48:52.1 (369382198)|HEAP_ALLOCATE|[99]|Bytes:4
15:48:52.1 (369393437)|HEAP_ALLOCATE|[100]|Bytes:12
15:48:52.1 (369442018)|HEAP_ALLOCATE|[100]|Bytes:2
15:48:52.1 (369452260)|HEAP_ALLOCATE|[100]|Bytes:14
15:48:52.1 (369483773)|HEAP_ALLOCATE|[101]|Bytes:13
15:48:52.1 (369487715)|HEAP_ALLOCATE|[101]|Bytes:1
15:48:52.1 (369500051)|HEAP_ALLOCATE|[101]|Bytes:2
15:48:52.1 (369507556)|HEAP_ALLOCATE|[101]|Bytes:3
15:48:52.1 (369517562)|METHOD_EXIT|[53]|01pg8000001w1Mh|TemplateDefaultFields.MargemDefaults.getFieldDefaults(Decimal)
15:48:52.1 (369526058)|METHOD_ENTRY|[53]|01pg8000001w1Mi|TestFactorySObject.addFieldDefaults(SObject, Map<String,ANY>)
15:48:52.1 (369530880)|VARIABLE_SCOPE_BEGIN|[19]|sObj|SObject|true|false
15:48:52.1 (369541813)|VARIABLE_ASSIGNMENT|[19]|sObj|{}|0x5f56a76a
15:48:52.1 (369544821)|VARIABLE_SCOPE_BEGIN|[19]|defaultFields|Map<String,ANY>|true|false
15:48:52.1 (369562071)|VARIABLE_ASSIGNMENT|[19]|defaultFields|{"Name":"Margem Teste10","MargemCode__c":"M10"}|0x39c4e0c4
15:48:52.1 (369568164)|STATEMENT_EXECUTE|[19]
15:48:52.1 (369606744)|HEAP_ALLOCATE|[20]|Bytes:29
15:48:52.1 (369630481)|HEAP_ALLOCATE|[20]|Bytes:5
15:48:52.1 (369641515)|VARIABLE_SCOPE_BEGIN|[20]|fieldApiName|String|false|false
15:48:52.1 (369652969)|VARIABLE_ASSIGNMENT|[20]|fieldApiName|"Name"
15:48:52.1 (369656067)|STATEMENT_EXECUTE|[20]
15:48:52.1 (369832781)|STATEMENT_EXECUTE|[21]
15:48:52.1 (369833966)|STATEMENT_EXECUTE|[22]
15:48:52.1 (369914326)|HEAP_ALLOCATE|[20]|Bytes:5
15:48:52.1 (369921134)|VARIABLE_SCOPE_BEGIN|[20]|fieldApiName|String|false|false
15:48:52.1 (369926541)|VARIABLE_ASSIGNMENT|[20]|fieldApiName|"MargemCode__c"
15:48:52.1 (369928932)|STATEMENT_EXECUTE|[20]
15:48:52.1 (369956809)|STATEMENT_EXECUTE|[21]
15:48:52.1 (369957723)|STATEMENT_EXECUTE|[22]
15:48:52.1 (369990147)|HEAP_ALLOCATE|[20]|Bytes:5
15:48:52.1 (369999281)|VARIABLE_ASSIGNMENT|[20]|fieldApiName|null
15:48:52.1 (370008289)|METHOD_EXIT|[53]|01pg8000001w1Mi|TestFactorySObject.addFieldDefaults(SObject, Map<String,ANY>)
15:48:52.1 (370014489)|STATEMENT_EXECUTE|[54]
15:48:52.1 (370038371)|HEAP_ALLOCATE|[54]|Bytes:28
15:48:52.1 (370041331)|HEAP_ALLOCATE|[54]|Bytes:28
15:48:52.1 (370062960)|HEAP_ALLOCATE|[54]|Bytes:28
15:48:52.1 (370083595)|VARIABLE_ASSIGNMENT|[54]|TestFactorySObject.countSObjectCreated|11
15:48:52.1 (370088068)|STATEMENT_EXECUTE|[56]
15:48:52.1 (370092716)|METHOD_EXIT|[38]|01pg8000001w1Mi|TestFactorySObject.dispatchSObjectCreation(SObject, String)
15:48:52.1 (370099146)|METHOD_EXIT|[54]|01pg8000001w1Mi|TestFactorySObject.createSObject(SObject)
15:48:52.1 (370109745)|VARIABLE_SCOPE_BEGIN|[54]|margem|Margem__c|true|false
15:48:52.1 (370126571)|VARIABLE_ASSIGNMENT|[54]|margem|{"Name":"Margem Teste10","MargemCode__c":"M10"}|0x5f56a76a
15:48:52.1 (370131281)|STATEMENT_EXECUTE|[55]
15:48:52.1 (370223899)|VARIABLE_ASSIGNMENT|[55]|this.Product__c|"01tg8000001RQyjAAG"|0x5f56a76a
15:48:52.1 (370228991)|STATEMENT_EXECUTE|[56]
15:48:52.1 (370283239)|VARIABLE_ASSIGNMENT|[56]|this.Account__c|"001g8000009VivhAAC"|0x5f56a76a
15:48:52.1 (370286971)|STATEMENT_EXECUTE|[57]
15:48:52.1 (370312557)|VARIABLE_ASSIGNMENT|[57]|this.State__c|"a04g8000000b5VNAAY"|0x5f56a76a
15:48:52.1 (370315499)|STATEMENT_EXECUTE|[58]
15:48:52.1 (370335248)|VARIABLE_ASSIGNMENT|[58]|this.DistributionCenter__c|"a06g8000001gZKDAA2"|0x5f56a76a
15:48:52.1 (370337971)|STATEMENT_EXECUTE|[59]
15:48:52.1 (370350861)|VARIABLE_ASSIGNMENT|[59]|this.Status__c|"Approved"|0x5f56a76a
15:48:52.1 (370353591)|STATEMENT_EXECUTE|[60]
15:48:52.1 (370355806)|HEAP_ALLOCATE|[60]|Bytes:4
15:48:52.1 (370367139)|HEAP_ALLOCATE|[60]|Bytes:28
15:48:52.1 (370383335)|VARIABLE_ASSIGNMENT|[60]|this.MarginValuePercent__c|15.0|0x5f56a76a
15:48:52.1 (370386325)|STATEMENT_EXECUTE|[61]
15:48:52.1 (370412894)|HEAP_ALLOCATE|[61]|Bytes:8
15:48:52.1 (370422572)|DML_BEGIN|[61]|Op:Insert|Type:Margem__c|Rows:1
15:48:52.1 (370457698)|HEAP_ALLOCATE|[EXTERNAL]|Bytes:8
15:48:52.1 (379343645)|CODE_UNIT_STARTED|[EXTERNAL]|Flow:01Ig8000000dEr7
15:48:52.380 (380680217)|FLOW_CREATE_INTERVIEW_BEGIN|00Dg8000001b33B|300g800000D1TN3|301g8000008UYKb
15:48:52.380 (380775507)|FLOW_CREATE_INTERVIEW_END|6577a4c7bbbe75d813e16ae8e69d19d763f932b-3d65|Margem: Gerar chave única
15:48:52.381 (381408264)|FLOW_START_INTERVIEWS_BEGIN|1
15:48:52.381 (381456686)|FLOW_START_INTERVIEW_BEGIN|6577a4c7bbbe75d813e16ae8e69d19d763f932b-3d65|Margem: Gerar chave única
15:48:52.381 (383256191)|FLOW_START_INTERVIEW_END|6577a4c7bbbe75d813e16ae8e69d19d763f932b-3d65|Margem: Gerar chave única
15:48:52.381 (384858783)|FLOW_START_INTERVIEWS_END|1
15:48:52.381 (385125613)|FLOW_INTERVIEW_FINISHED|6577a4c7bbbe75d813e16ae8e69d19d763f932b-3d65|Margem: Gerar chave única
15:48:52.1 (386596376)|CODE_UNIT_FINISHED|Flow:01Ig8000000dEr7
15:48:52.1 (395062304)|CODE_UNIT_STARTED|[EXTERNAL]|Validation:Margem:new
15:48:52.1 (395079049)|VALIDATION_RULE|03dg8000000oUqv|Margem_ativa
15:48:52.1 (395371274)|VALIDATION_FORMULA|ISPICKVAL(Status__c, "Approved") && 
(ISCHANGED(MarginValuePercent__c) &#124;&#124; ISCHANGED(Product__c) &#124;&#124; ISCHANGED(ProductHierarchy__c) &#124;&#124; ISCHANGED(State__c) &#124;&#124; ISCHANGED(City__c) &#124;&#124; ISCHANGED(Country__c)&#124;&#124; ISCHANGED(Account__c) &#124;&#124; ISCHANGED(AccountGroup__c))|Account__c=001g8000009Vivh , City__c=null , AccountGroup__c=null , State__c=a04g8000000b5VN , MarginValuePercent__c=15.0 , Country__c=null , ProductHierarchy__c=null , Status__c=Approved , Product__c=01tg8000001RQyj
15:48:52.1 (395380545)|VALIDATION_PASS
15:48:52.1 (395382153)|VALIDATION_RULE|03dg8000000hqEf|obrigatorio_conta_ou_accountGroup
15:48:52.1 (395461691)|VALIDATION_FORMULA|OR(
    AND(ISBLANK(Account__c), ISBLANK(AccountGroup__c)),
    AND(NOT(ISBLANK(Account__c)), NOT(ISBLANK(AccountGroup__c)))
)|Account__c=001g8000009Vivh , AccountGroup__c=null
15:48:52.1 (395465269)|VALIDATION_PASS
15:48:52.1 (395466147)|VALIDATION_RULE|03dg8000000V50D|Required_Product_or_Hierarchy
15:48:52.1 (395521257)|VALIDATION_FORMULA|OR(
    AND(ISBLANK(Product__c), ISBLANK(ProductHierarchy__c)),
    AND(NOT(ISBLANK(Product__c)), NOT(ISBLANK(ProductHierarchy__c)))
)|ProductHierarchy__c=null , Product__c=01tg8000001RQyj
15:48:52.1 (395524293)|VALIDATION_PASS
15:48:52.1 (395528377)|CODE_UNIT_FINISHED|Validation:Margem:new
15:48:52.1 (409595619)|CODE_UNIT_STARTED|[EXTERNAL]|Flow:01Ig8000000dEr7
15:48:52.1 (409618741)|CODE_UNIT_FINISHED|Flow:01Ig8000000dEr7
15:48:52.1 (409647911)|CODE_UNIT_STARTED|[EXTERNAL]|Flow:01Ig8000000dEr7
15:48:52.1 (409653789)|CODE_UNIT_FINISHED|Flow:01Ig8000000dEr7
15:48:52.1 (411641936)|DML_END|[61]
15:48:52.1 (411959377)|STATEMENT_EXECUTE|[63]
15:48:52.1 (412060553)|HEAP_ALLOCATE|[63]|Bytes:118
15:48:52.1 (412088103)|SYSTEM_METHOD_ENTRY|[1]|Test.Test()
15:48:52.1 (412093264)|STATEMENT_EXECUTE|[1]
15:48:52.1 (412106364)|SYSTEM_METHOD_EXIT|[1]|Test
15:48:52.1 (412124534)|METHOD_ENTRY|[63]||System.Test.getStandardPricebookId()
15:48:52.1 (421115581)|METHOD_EXIT|[63]||System.Test.getStandardPricebookId()
15:48:52.1 (421138926)|VARIABLE_SCOPE_BEGIN|[63]|stdPricebookId|Id|false|false
15:48:52.1 (421361215)|VARIABLE_ASSIGNMENT|[63]|stdPricebookId|"01sg8000000h7xWAAQ"
15:48:52.1 (421370502)|STATEMENT_EXECUTE|[65]
15:48:52.1 (421448002)|HEAP_ALLOCATE|[65]|Bytes:4
15:48:52.1 (421666064)|VARIABLE_ASSIGNMENT|[65]|this.AccountId|"001g8000009VivhAAC"|0x4fd127e0
15:48:52.1 (421672378)|HEAP_ALLOCATE|[67]|Bytes:5
15:48:52.1 (421689171)|VARIABLE_ASSIGNMENT|[65]|this.Status|"Draft"|0x4fd127e0
15:48:52.1 (421798306)|HEAP_ALLOCATE|[68]|Bytes:4
15:48:52.1 (421839244)|VARIABLE_ASSIGNMENT|[65]|this.EffectiveDate|"2026-04-10T00:00:00.000Z"|0x4fd127e0
15:48:52.1 (421873831)|VARIABLE_ASSIGNMENT|[65]|this.Pricebook2Id|"01sg8000000h7xWAAQ"|0x4fd127e0
15:48:52.1 (421921596)|VARIABLE_ASSIGNMENT|[65]|this.DistributionCenter__c|"a06g8000001gZKDAA2"|0x4fd127e0
15:48:52.1 (421942100)|VARIABLE_ASSIGNMENT|[65]|this.State__c|"a04g8000000b5VNAAY"|0x4fd127e0
15:48:52.1 (421960146)|VARIABLE_ASSIGNMENT|[65]|this.City__c|"a05g8000002BgdtAAC"|0x4fd127e0
15:48:52.1 (421978871)|VARIABLE_ASSIGNMENT|[65]|this.Country__c|"a03g80000084tcUAAQ"|0x4fd127e0
15:48:52.1 (422009029)|VARIABLE_SCOPE_BEGIN|[65]|pedido|Order|true|false
15:48:52.1 (422036565)|VARIABLE_ASSIGNMENT|[65]|pedido|{"AccountId":"001g8000009VivhAAC","Status":"Draft","EffectiveDate":"2026-04-10T00:00:00.000Z","Pricebook2Id":"01sg8000000h7xWAAQ","DistributionCenter__c":"a06g8000001gZKDAA2","State__c":"a04g8000000b5VNAAY","City__c":"a05g8000002BgdtAAC","Country__c":"a03g80000084tcUAAQ"}|0x4fd127e0
15:48:52.1 (422044199)|STATEMENT_EXECUTE|[75]
15:48:52.1 (422087650)|HEAP_ALLOCATE|[75]|Bytes:8
15:48:52.1 (422096783)|DML_BEGIN|[75]|Op:Insert|Type:Order|Rows:1
15:48:52.1 (422133625)|HEAP_ALLOCATE|[EXTERNAL]|Bytes:8
15:48:52.1 (440524792)|CODE_UNIT_STARTED|[EXTERNAL]|Validation:Order:new
15:48:52.1 (440580830)|VALIDATION_RULE|03dg8000000aS4D|Bloquear_Alteracao_Conta_Pedido
15:48:52.1 (440773664)|VALIDATION_FORMULA|ISCHANGED(AccountId) && NOT(ISNEW())|AccountId=001g8000009Vivh
15:48:52.1 (440778421)|VALIDATION_PASS
15:48:52.1 (440784034)|CODE_UNIT_FINISHED|Validation:Order:new
15:48:52.1 (481107124)|DML_END|[75]
15:48:52.1 (481471246)|STATEMENT_EXECUTE|[77]
15:48:52.1 (481561256)|HEAP_ALLOCATE|[77]|Bytes:4
15:48:52.1 (481907493)|VARIABLE_ASSIGNMENT|[77]|this.Pricebook2Id|"01sg8000000h7xWAAQ"|0x4d58a03b
15:48:52.1 (482011809)|VARIABLE_ASSIGNMENT|[77]|this.Product2Id|"01tg8000001RQyjAAG"|0x4d58a03b
15:48:52.1 (482055933)|HEAP_ALLOCATE|[77]|Bytes:28
15:48:52.1 (482087216)|VARIABLE_ASSIGNMENT|[77]|this.UnitPrice|1000|0x4d58a03b
15:48:52.1 (482109471)|VARIABLE_ASSIGNMENT|[77]|this.IsActive|true|0x4d58a03b
15:48:52.1 (482149237)|VARIABLE_SCOPE_BEGIN|[77]|pbe|PricebookEntry|true|false
15:48:52.1 (482180154)|VARIABLE_ASSIGNMENT|[77]|pbe|{"Pricebook2Id":"01sg8000000h7xWAAQ","Product2Id":"01tg8000001RQyjAAG","UnitPrice":1000,"IsActive":true}|0x4d58a03b
15:48:52.1 (482189441)|STATEMENT_EXECUTE|[83]
15:48:52.1 (482258115)|HEAP_ALLOCATE|[83]|Bytes:8
15:48:52.1 (482270352)|DML_BEGIN|[83]|Op:Insert|Type:PricebookEntry|Rows:1
15:48:52.1 (482316491)|HEAP_ALLOCATE|[EXTERNAL]|Bytes:8
15:48:52.1 (512146952)|DML_END|[83]
15:48:52.512 (512505541)|CUMULATIVE_LIMIT_USAGE
15:48:52.512 (512505541)|LIMIT_USAGE_FOR_NS|(default)|
  Number of SOQL queries: 0 out of 100
  Number of query rows: 0 out of 50000
  Number of SOSL queries: 0 out of 20
  Number of DML statements: 13 out of 150
  Number of Publish Immediate DML: 0 out of 150
  Number of DML rows: 13 out of 10000
  Maximum CPU time: 91 out of 10000
  Maximum heap size: 0 out of 6000000
  Number of callouts: 0 out of 100
  Number of Email Invocations: 0 out of 10
  Number of future calls: 0 out of 50
  Number of queueable jobs added to the queue: 0 out of 50
  Number of Mobile Apex push calls: 0 out of 10

15:48:52.512 (512505541)|CUMULATIVE_LIMIT_USAGE_END

15:48:52.1 (512714197)|CODE_UNIT_FINISHED|OrderItemHandlerTest.setup()
15:48:52.1 (512732236)|EXECUTION_FINISHED
15:48:52.529 (529994385)|USER_INFO|[EXTERNAL]|005g80000010N45|sabrina.jesus@resourceful-moose-fmmd11.com|(GMT-03:00) Brasilia Standard Time (America/Sao_Paulo)|GMT-03:00
15:48:52.529 (530017416)|EXECUTION_STARTED
15:48:52.529 (530032484)|CODE_UNIT_STARTED|[EXTERNAL]|01pg8000001w1Mb|OrderItemHandlerTest.checkExistingProductInOrder()
15:48:52.529 (530201826)|HEAP_ALLOCATE|[95]|Bytes:3
15:48:52.529 (530249554)|HEAP_ALLOCATE|[100]|Bytes:152
15:48:52.529 (530263759)|HEAP_ALLOCATE|[417]|Bytes:408
15:48:52.529 (530275162)|HEAP_ALLOCATE|[430]|Bytes:408
15:48:52.529 (530296058)|HEAP_ALLOCATE|[317]|Bytes:6
15:48:52.529 (530305951)|HEAP_ALLOCATE|[EXTERNAL]|Bytes:413
15:48:52.529 (530313795)|METHOD_ENTRY|[2]|01pg8000001w1Mb|OrderItemHandlerTest.OrderItemHandlerTest()
15:48:52.529 (530322121)|STATEMENT_EXECUTE|[2]
15:48:52.529 (530330393)|STATEMENT_EXECUTE|[2]
15:48:52.529 (530334146)|METHOD_EXIT|[2]|OrderItemHandlerTest
15:48:52.529 (530354903)|HEAP_ALLOCATE|[68]|Bytes:5
15:48:52.529 (530379220)|HEAP_ALLOCATE|[74]|Bytes:5
15:48:52.529 (530383970)|HEAP_ALLOCATE|[82]|Bytes:7
15:48:52.529 (530414942)|STATEMENT_EXECUTE|[151]
15:48:52.529 (530416250)|STATEMENT_EXECUTE|[152]
15:48:52.529 (530418218)|HEAP_ALLOCATE|[152]|Bytes:28
15:48:52.529 (530436391)|HEAP_ALLOCATE|[152]|Bytes:4
15:48:52.529 (530786510)|SOQL_EXECUTE_BEGIN|[152]|Aggregations:0|SELECT Id FROM Order LIMIT 1
15:48:52.529 (536476792)|SOQL_EXECUTE_END|[152]|Rows:1
15:48:52.529 (536599277)|HEAP_ALLOCATE|[152]|Bytes:8
15:48:52.529 (536625313)|HEAP_ALLOCATE|[152]|Bytes:29
15:48:52.529 (536726430)|HEAP_ALLOCATE|[152]|Bytes:8
15:48:52.529 (536750626)|HEAP_ALLOCATE|[152]|Bytes:31
15:48:52.529 (536831195)|HEAP_ALLOCATE|[152]|Bytes:8
15:48:52.529 (536839615)|VARIABLE_SCOPE_BEGIN|[152]|pedido|Order|true|false
15:48:52.529 (536927642)|VARIABLE_ASSIGNMENT|[152]|pedido|{"Id":"801g8000009VivjAAC"}|0x34936acf
15:48:52.529 (536938006)|STATEMENT_EXECUTE|[153]
15:48:52.529 (536940610)|HEAP_ALLOCATE|[153]|Bytes:37
15:48:52.529 (536956150)|HEAP_ALLOCATE|[153]|Bytes:4
15:48:52.529 (537247928)|SOQL_EXECUTE_BEGIN|[153]|Aggregations:0|SELECT Id FROM PricebookEntry LIMIT 1
15:48:52.529 (542096274)|SOQL_EXECUTE_END|[153]|Rows:1
15:48:52.529 (542124132)|HEAP_ALLOCATE|[153]|Bytes:8
15:48:52.529 (542144846)|HEAP_ALLOCATE|[153]|Bytes:29
15:48:52.529 (542238665)|HEAP_ALLOCATE|[153]|Bytes:8
15:48:52.529 (542257776)|HEAP_ALLOCATE|[153]|Bytes:40
15:48:52.529 (542334122)|HEAP_ALLOCATE|[153]|Bytes:8
15:48:52.529 (542342049)|VARIABLE_SCOPE_BEGIN|[153]|pbe|PricebookEntry|true|false
15:48:52.529 (542399727)|VARIABLE_ASSIGNMENT|[153]|pbe|{"Id":"01ug8000000gTiLAAU"}|0x4c062a53
15:48:52.529 (542408435)|STATEMENT_EXECUTE|[154]
15:48:52.529 (542410958)|HEAP_ALLOCATE|[154]|Bytes:31
15:48:52.529 (542424774)|HEAP_ALLOCATE|[154]|Bytes:4
15:48:52.529 (542668055)|SOQL_EXECUTE_BEGIN|[154]|Aggregations:0|SELECT Id FROM Product2 LIMIT 1
15:48:52.529 (547122806)|SOQL_EXECUTE_END|[154]|Rows:1
15:48:52.529 (547150056)|HEAP_ALLOCATE|[154]|Bytes:8
15:48:52.529 (547168308)|HEAP_ALLOCATE|[154]|Bytes:29
15:48:52.529 (547242999)|HEAP_ALLOCATE|[154]|Bytes:8
15:48:52.529 (547261878)|HEAP_ALLOCATE|[154]|Bytes:34
15:48:52.529 (547329807)|HEAP_ALLOCATE|[154]|Bytes:8
15:48:52.529 (547335521)|VARIABLE_SCOPE_BEGIN|[154]|produto|Product2|true|false
15:48:52.529 (547390746)|VARIABLE_ASSIGNMENT|[154]|produto|{"Id":"01tg8000001RQyjAAG"}|0x1d14886c
15:48:52.529 (547399271)|STATEMENT_EXECUTE|[156]
15:48:52.529 (547438208)|HEAP_ALLOCATE|[156]|Bytes:4
15:48:52.529 (547609510)|VARIABLE_ASSIGNMENT|[156]|this.OrderId|"801g8000009VivjAAC"|0x2458e37d
15:48:52.529 (547633409)|VARIABLE_ASSIGNMENT|[156]|this.Product2Id|"01tg8000001RQyjAAG"|0x2458e37d
15:48:52.529 (547665590)|VARIABLE_ASSIGNMENT|[156]|this.PricebookEntryId|"01ug8000000gTiLAAU"|0x2458e37d
15:48:52.529 (547763032)|HEAP_ALLOCATE|[156]|Bytes:28
15:48:52.529 (547765990)|HEAP_ALLOCATE|[156]|Bytes:28
15:48:52.529 (547788819)|VARIABLE_ASSIGNMENT|[156]|this.Quantity|1|0x2458e37d
15:48:52.529 (547796444)|HEAP_ALLOCATE|[156]|Bytes:28
15:48:52.529 (547808397)|VARIABLE_ASSIGNMENT|[156]|this.UnitPrice|100|0x2458e37d
15:48:52.529 (547832485)|VARIABLE_SCOPE_BEGIN|[156]|item|OrderItem|true|false
15:48:52.529 (547850569)|VARIABLE_ASSIGNMENT|[156]|item|{"OrderId":"801g8000009VivjAAC","Product2Id":"01tg8000001RQyjAAG","PricebookEntryId":"01ug8000000gTiLAAU","Quantity":1,"UnitPrice":100}|0x2458e37d
15:48:52.529 (547855609)|STATEMENT_EXECUTE|[163]
15:48:52.529 (547885806)|HEAP_ALLOCATE|[163]|Bytes:8
15:48:52.529 (547894926)|DML_BEGIN|[163]|Op:Insert|Type:OrderItem|Rows:1
15:48:52.529 (547924298)|HEAP_ALLOCATE|[EXTERNAL]|Bytes:8
15:48:52.529 (569298942)|CODE_UNIT_STARTED|[EXTERNAL]|01qg8000000Fou9|OrdemItemTrigger on OrderItem trigger event BeforeInsert|__sfdc_trigger/OrdemItemTrigger
15:48:52.529 (569393815)|HEAP_ALLOCATE|[EXTERNAL]|Bytes:8
15:48:52.529 (569538344)|HEAP_ALLOCATE|[EXTERNAL]|Bytes:4
15:48:52.529 (569554756)|VARIABLE_SCOPE_BEGIN|[1]|this|OrdemItemTrigger|true|false
15:48:52.529 (569603734)|VARIABLE_ASSIGNMENT|[1]|this|{}|0x4932db78
15:48:52.529 (569652714)|HEAP_ALLOCATE|[EXTERNAL]|Bytes:4
15:48:52.529 (569658921)|VARIABLE_SCOPE_BEGIN|[1]|this|OrdemItemTrigger|true|false
15:48:52.529 (569665494)|VARIABLE_ASSIGNMENT|[1]|this|{}|0x4932db78
15:48:52.529 (569675807)|STATEMENT_EXECUTE|[1]
15:48:52.529 (569677034)|STATEMENT_EXECUTE|[2]
15:48:52.529 (573860182)|VARIABLE_SCOPE_BEGIN|[63]|TriggerHandler.BYPASS_ALL_ALIAS|String|false|true
15:48:52.529 (573875447)|VARIABLE_SCOPE_BEGIN|[839]|TriggerHandler.ERROR_TRIGGERCONTEXT|String|false|true
15:48:52.529 (573889197)|VARIABLE_SCOPE_BEGIN|[26]|TriggerHandler.bypassedHandlers|Set<String>|true|true
15:48:52.529 (573893967)|VARIABLE_SCOPE_BEGIN|[32]|TriggerHandler.globalBypass|Boolean|false|true
15:48:52.529 (574069947)|VARIABLE_SCOPE_BEGIN|[20]|TriggerHandler.loopCountMap|Map<String,TriggerHandler.LoopCount>|true|true
15:48:52.529 (574078490)|VARIABLE_SCOPE_BEGIN|[44]|TriggerHandler.showDebug|Boolean|false|true
15:48:52.529 (574083932)|VARIABLE_SCOPE_BEGIN|[38]|TriggerHandler.showLimits|Boolean|false|true
15:48:52.529 (574102347)|HEAP_ALLOCATE|[2]|Bytes:21
15:48:52.529 (574111741)|HEAP_ALLOCATE|[2]|Bytes:6
15:48:52.529 (574139075)|METHOD_ENTRY|[1]|01pg8000001EZwd|OrdemItemHandler.OrdemItemHandler()
15:48:52.529 (574173631)|STATEMENT_EXECUTE|[1]
15:48:52.529 (574181912)|STATEMENT_EXECUTE|[1]
15:48:52.529 (574189302)|METHOD_EXIT|[1]|OrdemItemHandler
15:48:52.529 (574274744)|HEAP_ALLOCATE|[2]|Bytes:32
15:48:52.529 (574292649)|CONSTRUCTOR_ENTRY|[2]|01pg8000001EZwd|<init>()|OrdemItemHandler
15:48:52.529 (574324027)|VARIABLE_SCOPE_BEGIN|[9]|this|OrdemItemHandler|true|false
15:48:52.529 (574374417)|VARIABLE_ASSIGNMENT|[9]|this|{}|0x44648acc
15:48:52.529 (574380773)|STATEMENT_EXECUTE|[1]
15:48:52.529 (574381948)|STATEMENT_EXECUTE|[3]
15:48:52.529 (574383673)|STATEMENT_EXECUTE|[4]
15:48:52.529 (574384641)|STATEMENT_EXECUTE|[5]
15:48:52.529 (574385552)|STATEMENT_EXECUTE|[6]
15:48:52.529 (574386582)|STATEMENT_EXECUTE|[10]
15:48:52.529 (574390558)|HEAP_ALLOCATE|[10]|Bytes:16
15:48:52.529 (574396554)|HEAP_ALLOCATE|[10]|Bytes:33
15:48:52.529 (574399383)|HEAP_ALLOCATE|[10]|Bytes:166
15:48:52.529 (574401383)|HEAP_ALLOCATE|[10]|Bytes:55
15:48:52.529 (574403298)|HEAP_ALLOCATE|[10]|Bytes:9
15:48:52.529 (574416030)|VARIABLE_ASSIGNMENT|[10]|TriggerHandler.BYPASS_ALL_ALIAS|"BypassAll"
15:48:52.529 (574418443)|HEAP_ALLOCATE|[10]|Bytes:51
15:48:52.529 (574423896)|VARIABLE_ASSIGNMENT|[10]|TriggerHandler.ERROR_TRIGGERCONTEXT|"Trigger handler call (31 more) ..."
15:48:52.529 (574434232)|METHOD_ENTRY|[15]|01pg80000019iSf|TriggerHandler.TriggerHandler()
15:48:52.529 (574436857)|STATEMENT_EXECUTE|[15]
15:48:52.529 (574439370)|STATEMENT_EXECUTE|[15]
15:48:52.529 (574440603)|STATEMENT_EXECUTE|[66]
15:48:52.529 (574441521)|STATEMENT_EXECUTE|[67]
15:48:52.529 (574451540)|HEAP_ALLOCATE|[67]|Bytes:4
15:48:52.529 (574492987)|VARIABLE_ASSIGNMENT|[67]|TriggerHandler.loopCountMap|{}|0x52ae61ce
15:48:52.529 (574495702)|STATEMENT_EXECUTE|[68]
15:48:52.529 (574502313)|HEAP_ALLOCATE|[68]|Bytes:4
15:48:52.529 (574554552)|VARIABLE_ASSIGNMENT|[68]|TriggerHandler.bypassedHandlers|[]|0x3f0a3276
15:48:52.529 (574558017)|STATEMENT_EXECUTE|[69]
15:48:52.529 (574571520)|HEAP_ALLOCATE|[69]|Bytes:5
15:48:52.529 (574576805)|VARIABLE_ASSIGNMENT|[69]|TriggerHandler.globalBypass|false
15:48:52.529 (574579349)|STATEMENT_EXECUTE|[70]
15:48:52.529 (574581242)|HEAP_ALLOCATE|[70]|Bytes:5
15:48:52.529 (574584218)|VARIABLE_ASSIGNMENT|[70]|TriggerHandler.showLimits|false
15:48:52.529 (574586503)|STATEMENT_EXECUTE|[71]
15:48:52.529 (574588427)|HEAP_ALLOCATE|[71]|Bytes:5
15:48:52.529 (574591570)|VARIABLE_ASSIGNMENT|[71]|TriggerHandler.showDebug|false
15:48:52.529 (574593532)|STATEMENT_EXECUTE|[755]
15:48:52.529 (574594800)|STATEMENT_EXECUTE|[832]
15:48:52.529 (574598332)|METHOD_EXIT|[15]|TriggerHandler
15:48:52.529 (574602621)|CONSTRUCTOR_ENTRY|[10]|01pg80000019iSf|<init>(String)|TriggerHandler
15:48:52.529 (574681292)|VARIABLE_SCOPE_BEGIN|[107]|this|TriggerHandler|true|false
15:48:52.529 (574695934)|VARIABLE_ASSIGNMENT|[107]|this|{}|0x44648acc
15:48:52.529 (574699169)|VARIABLE_SCOPE_BEGIN|[107]|handlerName|String|false|false
15:48:52.529 (574703979)|VARIABLE_ASSIGNMENT|[107]|handlerName|"OrderItemHandler"
15:48:52.529 (574708277)|STATEMENT_EXECUTE|[15]
15:48:52.529 (574709212)|STATEMENT_EXECUTE|[50]
15:48:52.529 (574710174)|STATEMENT_EXECUTE|[57]
15:48:52.529 (574711137)|STATEMENT_EXECUTE|[671]
15:48:52.529 (574714711)|HEAP_ALLOCATE|[108]|Bytes:6
15:48:52.529 (574736223)|STATEMENT_EXECUTE|[107]
15:48:52.529 (574737253)|STATEMENT_EXECUTE|[108]
15:48:52.529 (574743439)|STATEMENT_EXECUTE|[109]
15:48:52.529 (574777221)|METHOD_ENTRY|[109]|01pg80000019iSf|TriggerHandler.setTriggerContext()
15:48:52.529 (574803727)|VARIABLE_SCOPE_BEGIN|[565]|this|TriggerHandler|true|false
15:48:52.529 (574815401)|VARIABLE_ASSIGNMENT|[565]|this|{"handlerName":"OrderItemHandler"}|0x44648acc
15:48:52.529 (574829270)|STATEMENT_EXECUTE|[565]
15:48:52.529 (574830231)|STATEMENT_EXECUTE|[566]
15:48:52.529 (574896002)|HEAP_ALLOCATE|[566]|Bytes:16
15:48:52.529 (574913946)|METHOD_ENTRY|[566]|01pg80000019iSf|TriggerHandler.setTriggerContext(System.TriggerOperation, Boolean)
15:48:52.529 (574917201)|VARIABLE_SCOPE_BEGIN|[582]|this|TriggerHandler|true|false
15:48:52.529 (574925961)|VARIABLE_ASSIGNMENT|[582]|this|{"handlerName":"OrderItemHandler"}|0x44648acc
15:48:52.529 (574928928)|VARIABLE_SCOPE_BEGIN|[582]|opType|System.TriggerOperation|true|false
15:48:52.529 (574940989)|VARIABLE_ASSIGNMENT|[582]|opType|"BEFORE_INSERT"|0x461e9db9
15:48:52.529 (574944598)|VARIABLE_SCOPE_BEGIN|[582]|testMode|Boolean|false|false
15:48:52.529 (574948456)|VARIABLE_ASSIGNMENT|[582]|testMode|false
15:48:52.529 (574952781)|STATEMENT_EXECUTE|[582]
15:48:52.529 (574965061)|STATEMENT_EXECUTE|[586]
15:48:52.529 (574965961)|STATEMENT_EXECUTE|[587]
15:48:52.529 (574968495)|HEAP_ALLOCATE|[587]|Bytes:5
15:48:52.529 (574974036)|STATEMENT_EXECUTE|[590]
15:48:52.529 (574975010)|STATEMENT_EXECUTE|[592]
15:48:52.529 (574988871)|HEAP_ALLOCATE|[592]|Bytes:16
15:48:52.529 (574993758)|STATEMENT_EXECUTE|[595]
15:48:52.529 (575009988)|VARIABLE_SCOPE_BEGIN|[595]|context|String|false|false
15:48:52.529 (575017935)|VARIABLE_ASSIGNMENT|[595]|context|"BEFORE_INSERT"
15:48:52.529 (575020104)|STATEMENT_EXECUTE|[597]
15:48:52.529 (575022830)|HEAP_ALLOCATE|[598]|Bytes:13
15:48:52.529 (575057954)|STATEMENT_EXECUTE|[598]
15:48:52.529 (575058874)|STATEMENT_EXECUTE|[599]
15:48:52.529 (575065404)|METHOD_EXIT|[566]|01pg80000019iSf|TriggerHandler.setTriggerContext(System.TriggerOperation, Boolean)
15:48:52.529 (575068591)|METHOD_EXIT|[109]|01pg80000019iSf|TriggerHandler.setTriggerContext()
15:48:52.529 (575072740)|CONSTRUCTOR_EXIT|[10]|01pg80000019iSf|<init>(String)|TriggerHandler
15:48:52.529 (575076164)|STATEMENT_EXECUTE|[9]
15:48:52.529 (575077174)|STATEMENT_EXECUTE|[11]
15:48:52.529 (576815070)|VARIABLE_ASSIGNMENT|[11]|this.newRecords|[{"Product_Code_Display__c":"TRT 7","IsDeleted":false,"UnitPrice":100.00,"Product2Id":"01tg8000001RQyjAAG","PricebookEntryId":"01ug8000000gTiLAAU","TotalPrice":100.00,"Quantity":1.00,"ListPrice":1000.00,"OrderId":"801g8000009VivjAAC"}]|0x44648acc
15:48:52.529 (576834209)|STATEMENT_EXECUTE|[12]
15:48:52.529 (576867150)|VARIABLE_ASSIGNMENT|[12]|this.oldRecords|null|0x44648acc
15:48:52.529 (576870372)|STATEMENT_EXECUTE|[13]
15:48:52.529 (576878378)|VARIABLE_ASSIGNMENT|[13]|this.newRecordsMap|null|0x44648acc
15:48:52.529 (576881176)|STATEMENT_EXECUTE|[14]
15:48:52.529 (576887975)|VARIABLE_ASSIGNMENT|[14]|this.oldRecordsMap|null|0x44648acc
15:48:52.529 (576897158)|CONSTRUCTOR_EXIT|[2]|01pg8000001EZwd|<init>()|OrdemItemHandler
15:48:52.529 (576930155)|METHOD_ENTRY|[2]|01pg80000019iSf|TriggerHandler.run()
15:48:52.529 (576937545)|VARIABLE_SCOPE_BEGIN|[120]|this|TriggerHandler|true|false
15:48:52.529 (576972590)|VARIABLE_ASSIGNMENT|[120]|this|{"newRecords":"0x497c8b51","handlerName":"OrderItemHandler","isTriggerExecuting":true,"triggerEvent":"0x461e9db9"}|0x44648acc
15:48:52.529 (576986560)|STATEMENT_EXECUTE|[120]
15:48:52.529 (576991933)|METHOD_ENTRY|[121]|01pg80000019iSf|TriggerHandler.validateRun()
15:48:52.529 (577010891)|VARIABLE_SCOPE_BEGIN|[661]|this|TriggerHandler|true|false
15:48:52.529 (577022027)|VARIABLE_ASSIGNMENT|[661]|this|{"newRecords":"0x497c8b51","handlerName":"OrderItemHandler","isTriggerExecuting":true,"triggerEvent":"0x461e9db9"}|0x44648acc
15:48:52.529 (577026546)|STATEMENT_EXECUTE|[661]
15:48:52.529 (577033635)|STATEMENT_EXECUTE|[662]
15:48:52.529 (577034926)|STATEMENT_EXECUTE|[665]
15:48:52.529 (577042448)|METHOD_ENTRY|[665]|01pg80000019iSf|TriggerHandler.getHandlerName()
15:48:52.529 (577048299)|VARIABLE_SCOPE_BEGIN|[680]|this|TriggerHandler|true|false
15:48:52.529 (577056618)|VARIABLE_ASSIGNMENT|[680]|this|{"newRecords":"0x497c8b51","handlerName":"OrderItemHandler","isTriggerExecuting":true,"triggerEvent":"0x461e9db9"}|0x44648acc
15:48:52.529 (577061005)|STATEMENT_EXECUTE|[680]
15:48:52.529 (577097157)|STATEMENT_EXECUTE|[681]
15:48:52.529 (577098205)|STATEMENT_EXECUTE|[684]
15:48:52.529 (577101046)|METHOD_EXIT|[665]|01pg80000019iSf|TriggerHandler.getHandlerName()
15:48:52.529 (577118835)|METHOD_EXIT|[121]|01pg80000019iSf|TriggerHandler.validateRun()
15:48:52.529 (577121613)|STATEMENT_EXECUTE|[121]
15:48:52.529 (577124813)|METHOD_ENTRY|[126]|01pg80000019iSf|TriggerHandler.incrementCheckLoopCount()
15:48:52.529 (577130859)|VARIABLE_SCOPE_BEGIN|[634]|this|TriggerHandler|true|false
15:48:52.529 (577139781)|VARIABLE_ASSIGNMENT|[634]|this|{"newRecords":"0x497c8b51","handlerName":"OrderItemHandler","isTriggerExecuting":true,"triggerEvent":"0x461e9db9"}|0x44648acc
15:48:52.529 (577144355)|STATEMENT_EXECUTE|[634]
15:48:52.529 (577145342)|STATEMENT_EXECUTE|[635]
15:48:52.529 (577147596)|METHOD_ENTRY|[635]|01pg80000019iSf|TriggerHandler.getHandlerName()
15:48:52.529 (577151326)|VARIABLE_SCOPE_BEGIN|[680]|this|TriggerHandler|true|false
15:48:52.529 (577159292)|VARIABLE_ASSIGNMENT|[680]|this|{"newRecords":"0x497c8b51","handlerName":"OrderItemHandler","isTriggerExecuting":true,"triggerEvent":"0x461e9db9"}|0x44648acc
15:48:52.529 (577162708)|STATEMENT_EXECUTE|[680]
15:48:52.529 (577170060)|STATEMENT_EXECUTE|[681]
15:48:52.529 (577170980)|STATEMENT_EXECUTE|[684]
15:48:52.529 (577172695)|METHOD_EXIT|[635]|01pg80000019iSf|TriggerHandler.getHandlerName()
15:48:52.529 (577175839)|VARIABLE_SCOPE_BEGIN|[635]|handlerName|String|false|false
15:48:52.529 (577181394)|VARIABLE_ASSIGNMENT|[635]|handlerName|"OrderItemHandler"
15:48:52.529 (577207840)|STATEMENT_EXECUTE|[636]
15:48:52.529 (577209197)|STATEMENT_EXECUTE|[649]
15:48:52.529 (577210993)|METHOD_EXIT|[126]|01pg80000019iSf|TriggerHandler.incrementCheckLoopCount()
15:48:52.529 (577213680)|STATEMENT_EXECUTE|[126]
15:48:52.529 (577215714)|STATEMENT_EXECUTE|[130]
15:48:52.529 (577216607)|STATEMENT_EXECUTE|[135]
15:48:52.529 (577259762)|STATEMENT_EXECUTE|[136]
15:48:52.529 (577260692)|STATEMENT_EXECUTE|[137]
15:48:52.529 (577266590)|METHOD_ENTRY|[137]|01pg8000001EZwd|OrdemItemHandler.beforeInsert()
15:48:52.529 (577276284)|VARIABLE_SCOPE_BEGIN|[18]|this|OrdemItemHandler|true|false
15:48:52.529 (577286078)|VARIABLE_ASSIGNMENT|[18]|this|{"newRecords":"0x497c8b51","handlerName":"OrderItemHandler","isTriggerExecuting":true,"triggerEvent":"0x461e9db9"}|0x44648acc
15:48:52.529 (577291409)|STATEMENT_EXECUTE|[18]
15:48:52.529 (577292638)|STATEMENT_EXECUTE|[19]
15:48:52.529 (577295499)|METHOD_ENTRY|[19]|01pg8000001EZwd|OrdemItemHandler.checkActiveOrderItem()
15:48:52.529 (577301979)|VARIABLE_SCOPE_BEGIN|[176]|this|OrdemItemHandler|true|false
15:48:52.529 (577310354)|VARIABLE_ASSIGNMENT|[176]|this|{"newRecords":"0x497c8b51","handlerName":"OrderItemHandler","isTriggerExecuting":true,"triggerEvent":"0x461e9db9"}|0x44648acc
15:48:52.529 (577315002)|STATEMENT_EXECUTE|[176]
15:48:52.529 (577315999)|STATEMENT_EXECUTE|[177]
15:48:52.529 (577321109)|VARIABLE_SCOPE_BEGIN|[177]|listaParaValidar|List<OrderItem>|true|false
15:48:52.529 (577325614)|VARIABLE_ASSIGNMENT|[177]|listaParaValidar|null|
15:48:52.529 (577327816)|STATEMENT_EXECUTE|[178]
15:48:52.529 (577341417)|HEAP_ALLOCATE|[178]|Bytes:4
15:48:52.529 (577360543)|VARIABLE_SCOPE_BEGIN|[178]|idOrders|Set<Id>|true|false
15:48:52.529 (577383554)|VARIABLE_ASSIGNMENT|[178]|idOrders|[]|0x1a3892a2
15:48:52.529 (577390314)|STATEMENT_EXECUTE|[179]
15:48:52.529 (577418938)|HEAP_ALLOCATE|[179]|Bytes:4
15:48:52.529 (577438669)|VARIABLE_SCOPE_BEGIN|[179]|idMapOrders|Map<Id,Order>|true|false
15:48:52.529 (577447742)|VARIABLE_ASSIGNMENT|[179]|idMapOrders|{}|0x2f42589b
15:48:52.529 (577457128)|STATEMENT_EXECUTE|[183]
15:48:52.529 (577458204)|STATEMENT_EXECUTE|[184]
15:48:52.529 (577974253)|VARIABLE_ASSIGNMENT|[184]|listaParaValidar|[{"Product_Code_Display__c":"TRT 7","IsDeleted":false,"UnitPrice":100.00,"Product2Id":"01tg8000001RQyjAAG","PricebookEntryId":"01ug8000000gTiLAAU","TotalPrice":100.00,"Quantity":1.00,"ListPrice":1000.00,"OrderId":"801g8000009VivjAAC"}]|0x497c8b51
15:48:52.529 (578116708)|HEAP_ALLOCATE|[187]|Bytes:5
15:48:52.529 (578135184)|HEAP_ALLOCATE|[187]|Bytes:4
15:48:52.529 (578142694)|VARIABLE_SCOPE_BEGIN|[187]|ot|OrderItem|true|false
15:48:52.529 (578553265)|VARIABLE_ASSIGNMENT|[187]|ot|{"Product_Code_Display__c":"TRT 7","IsDeleted":false,"UnitPrice":100.00,"Product2Id":"01tg8000001RQyjAAG","PricebookEntryId":"01ug8000000gTiLAAU","TotalPrice":100.00,"Quantity":1.00,"ListPrice":1000.00,"OrderId":"801g8000009VivjAAC"}|0x6dfff07a
15:48:52.529 (578559928)|STATEMENT_EXECUTE|[187]
15:48:52.529 (578561142)|STATEMENT_EXECUTE|[188]
15:48:52.529 (578605741)|HEAP_ALLOCATE|[EXTERNAL]|Bytes:4
15:48:52.529 (578616189)|HEAP_ALLOCATE|[187]|Bytes:5
15:48:52.529 (578622591)|VARIABLE_ASSIGNMENT|[187]|ot|null|
15:48:52.529 (578626745)|STATEMENT_EXECUTE|[191]
15:48:52.529 (579568956)|HEAP_ALLOCATE|[191]|Bytes:1
15:48:52.529 (579598303)|METHOD_ENTRY|[1]|01pg8000001w1Md|OrderSelector.OrderSelector()
15:48:52.529 (579604083)|STATEMENT_EXECUTE|[1]
15:48:52.529 (579610912)|STATEMENT_EXECUTE|[1]
15:48:52.529 (579616038)|METHOD_EXIT|[1]|OrderSelector
15:48:52.529 (579635977)|METHOD_ENTRY|[191]|01pg8000001w1Md|OrderSelector.getOrdersByIds(Set<Id>)
15:48:52.529 (579655682)|VARIABLE_SCOPE_BEGIN|[2]|ids|Set<Id>|true|false
15:48:52.529 (579672532)|VARIABLE_ASSIGNMENT|[2]|ids|["801g8000009VivjAAC"]|0x1a3892a2
15:48:52.529 (579683107)|STATEMENT_EXECUTE|[2]
15:48:52.529 (579684221)|STATEMENT_EXECUTE|[3]
15:48:52.529 (579694277)|HEAP_ALLOCATE|[3]|Bytes:4
15:48:52.529 (579698842)|HEAP_ALLOCATE|[3]|Bytes:113
15:48:52.529 (579704523)|HEAP_ALLOCATE|[3]|Bytes:4
15:48:52.529 (579710162)|HEAP_ALLOCATE|[3]|Bytes:7
15:48:52.529 (580416681)|SOQL_EXECUTE_BEGIN|[3]|Aggregations:0|SELECT Id, DistributionCenter__c, State__c, City__c, Country__c, AccountId, Status FROM Order WHERE Id = :tmpVar1
15:48:52.529 (588267756)|SOQL_EXECUTE_END|[3]|Rows:1
15:48:52.529 (588299743)|HEAP_ALLOCATE|[3]|Bytes:8
15:48:52.529 (588320090)|HEAP_ALLOCATE|[3]|Bytes:209
15:48:52.529 (588367545)|HEAP_ALLOCATE|[3]|Bytes:8
15:48:52.529 (588403049)|HEAP_ALLOCATE|[3]|Bytes:32
15:48:52.529 (588422753)|HEAP_ALLOCATE|[3]|Bytes:4
15:48:52.529 (588437625)|METHOD_EXIT|[191]|01pg8000001w1Md|OrderSelector.getOrdersByIds(Set<Id>)
15:48:52.529 (588594000)|VARIABLE_ASSIGNMENT|[191]|idMapOrders|{"801g8000009VivjAAC":{"Status":"Draft","City__c":"a05g8000002BgdtAAC","Country__c":"a03g80000084tcUAAQ","AccountId":"001g8000009VivhAAC","DistributionCenter__c":"a06g8000001gZKDAA2","Id":"801g8000009VivjAAC","State__c":"a04g8000000b5VNAAY"}}|0x6486cebf
15:48:52.529 (588662135)|HEAP_ALLOCATE|[193]|Bytes:5
15:48:52.529 (588679965)|HEAP_ALLOCATE|[193]|Bytes:4
15:48:52.529 (588688934)|VARIABLE_SCOPE_BEGIN|[193]|ot|OrderItem|true|false
15:48:52.529 (589317205)|VARIABLE_ASSIGNMENT|[193]|ot|{"Product_Code_Display__c":"TRT 7","IsDeleted":false,"UnitPrice":100.00,"Product2Id":"01tg8000001RQyjAAG","PricebookEntryId":"01ug8000000gTiLAAU","TotalPrice":100.00,"Quantity":1.00,"ListPrice":1000.00,"OrderId":"801g8000009VivjAAC"}|0x6dfff07a
15:48:52.529 (589329770)|STATEMENT_EXECUTE|[193]
15:48:52.529 (589331473)|STATEMENT_EXECUTE|[194]
15:48:52.529 (589390904)|VARIABLE_SCOPE_BEGIN|[194]|pedido|Order|true|false
15:48:52.529 (589456849)|VARIABLE_ASSIGNMENT|[194]|pedido|{"Status":"Draft","City__c":"a05g8000002BgdtAAC","Country__c":"a03g80000084tcUAAQ","AccountId":"001g8000009VivhAAC","DistributionCenter__c":"a06g8000001gZKDAA2","Id":"801g8000009VivjAAC","State__c":"a04g8000000b5VNAAY"}|0x6d2ef57d
15:48:52.529 (589480599)|HEAP_ALLOCATE|[195]|Bytes:5
15:48:52.529 (589506347)|STATEMENT_EXECUTE|[195]
15:48:52.529 (589516537)|HEAP_ALLOCATE|[193]|Bytes:5
15:48:52.529 (589523888)|VARIABLE_ASSIGNMENT|[193]|ot|null|
15:48:52.529 (589532029)|METHOD_EXIT|[19]|01pg8000001EZwd|OrdemItemHandler.checkActiveOrderItem()
15:48:52.529 (589537749)|STATEMENT_EXECUTE|[20]
15:48:52.529 (589550468)|METHOD_ENTRY|[20]|01pg8000001EZwd|OrdemItemHandler.executePricingLogic()
15:48:52.529 (589574277)|VARIABLE_SCOPE_BEGIN|[35]|this|OrdemItemHandler|true|false
15:48:52.529 (589616174)|VARIABLE_ASSIGNMENT|[35]|this|{"newRecords":"0x497c8b51","handlerName":"OrderItemHandler","isTriggerExecuting":true,"triggerEvent":"0x461e9db9"}|0x44648acc
15:48:52.529 (589629685)|STATEMENT_EXECUTE|[35]
15:48:52.529 (589630991)|STATEMENT_EXECUTE|[37]
15:48:52.529 (589642048)|HEAP_ALLOCATE|[37]|Bytes:4
15:48:52.529 (589665169)|VARIABLE_SCOPE_BEGIN|[37]|setOrderIds|Set<Id>|true|false
15:48:52.529 (589689312)|VARIABLE_ASSIGNMENT|[37]|setOrderIds|[]|0x703e0b86
15:48:52.529 (589692423)|STATEMENT_EXECUTE|[38]
15:48:52.529 (589695331)|HEAP_ALLOCATE|[38]|Bytes:4
15:48:52.529 (589701853)|VARIABLE_SCOPE_BEGIN|[38]|setProductIds|Set<Id>|true|false
15:48:52.529 (589708386)|VARIABLE_ASSIGNMENT|[38]|setProductIds|[]|0x657251a7
15:48:52.529 (589711404)|STATEMENT_EXECUTE|[39]
15:48:52.529 (589713349)|HEAP_ALLOCATE|[39]|Bytes:4
15:48:52.529 (589719354)|VARIABLE_SCOPE_BEGIN|[39]|setAccountIds|Set<Id>|true|false
15:48:52.529 (589725548)|VARIABLE_ASSIGNMENT|[39]|setAccountIds|[]|0x7f6dd569
15:48:52.529 (589728201)|STATEMENT_EXECUTE|[42]
15:48:52.529 (589772979)|HEAP_ALLOCATE|[42]|Bytes:4
15:48:52.529 (589798441)|VARIABLE_SCOPE_BEGIN|[42]|itemsByOrderId|Map<Id,List<OrderItem>>|true|false
15:48:52.529 (589806465)|VARIABLE_ASSIGNMENT|[42]|itemsByOrderId|{}|0x23fcad72
15:48:52.529 (589832272)|HEAP_ALLOCATE|[45]|Bytes:5
15:48:52.529 (589842513)|HEAP_ALLOCATE|[45]|Bytes:4
15:48:52.529 (589846997)|VARIABLE_SCOPE_BEGIN|[45]|item|OrderItem|true|false
15:48:52.529 (590320918)|VARIABLE_ASSIGNMENT|[45]|item|{"Product_Code_Display__c":"TRT 7","IsDeleted":false,"UnitPrice":100.00,"Product2Id":"01tg8000001RQyjAAG","PricebookEntryId":"01ug8000000gTiLAAU","TotalPrice":100.00,"Quantity":1.00,"ListPrice":1000.00,"OrderId":"801g8000009VivjAAC"}|0x6dfff07a
15:48:52.529 (590327866)|STATEMENT_EXECUTE|[45]
15:48:52.529 (590335228)|STATEMENT_EXECUTE|[46]
15:48:52.529 (590336397)|STATEMENT_EXECUTE|[47]
15:48:52.529 (590356613)|HEAP_ALLOCATE|[EXTERNAL]|Bytes:4
15:48:52.529 (590381948)|STATEMENT_EXECUTE|[49]
15:48:52.529 (590390413)|HEAP_ALLOCATE|[49]|Bytes:4
15:48:52.529 (590405318)|HEAP_ALLOCATE|[EXTERNAL]|Bytes:4
15:48:52.529 (590408693)|HEAP_ALLOCATE|[EXTERNAL]|Bytes:-4
15:48:52.529 (590412283)|STATEMENT_EXECUTE|[50]
15:48:52.529 (590441747)|HEAP_ALLOCATE|[EXTERNAL]|Bytes:4
15:48:52.529 (590459763)|STATEMENT_EXECUTE|[52]
15:48:52.529 (590468351)|HEAP_ALLOCATE|[EXTERNAL]|Bytes:4
15:48:52.529 (590476636)|HEAP_ALLOCATE|[45]|Bytes:5
15:48:52.529 (590483241)|VARIABLE_ASSIGNMENT|[45]|item|null|
15:48:52.529 (590486553)|STATEMENT_EXECUTE|[56]
15:48:52.529 (590493938)|METHOD_ENTRY|[56]|01pg8000001w1Md|OrderSelector.getOrdersByIds(Set<Id>)
15:48:52.529 (590502091)|VARIABLE_SCOPE_BEGIN|[2]|ids|Set<Id>|true|false
15:48:52.529 (590509628)|VARIABLE_ASSIGNMENT|[2]|ids|["801g8000009VivjAAC"]|0x703e0b86
15:48:52.529 (590515608)|STATEMENT_EXECUTE|[2]
15:48:52.529 (590516578)|STATEMENT_EXECUTE|[3]
15:48:52.529 (590521583)|HEAP_ALLOCATE|[3]|Bytes:4
15:48:52.529 (590529068)|HEAP_ALLOCATE|[3]|Bytes:4
15:48:52.529 (590963408)|SOQL_EXECUTE_BEGIN|[3]|Aggregations:0|SELECT Id, DistributionCenter__c, State__c, City__c, Country__c, AccountId, Status FROM Order WHERE Id = :tmpVar1
15:48:52.529 (594404861)|SOQL_EXECUTE_END|[3]|Rows:1
15:48:52.529 (594430374)|HEAP_ALLOCATE|[3]|Bytes:8
15:48:52.529 (594446637)|HEAP_ALLOCATE|[3]|Bytes:209
15:48:52.529 (594482357)|HEAP_ALLOCATE|[3]|Bytes:8
15:48:52.529 (594503529)|HEAP_ALLOCATE|[3]|Bytes:32
15:48:52.529 (594520989)|HEAP_ALLOCATE|[3]|Bytes:4
15:48:52.529 (594533776)|METHOD_EXIT|[56]|01pg8000001w1Md|OrderSelector.getOrdersByIds(Set<Id>)
15:48:52.529 (594539714)|VARIABLE_SCOPE_BEGIN|[56]|mapOrders|Map<Id,Order>|true|false
15:48:52.529 (594632262)|VARIABLE_ASSIGNMENT|[56]|mapOrders|{"801g8000009VivjAAC":{"Status":"Draft","City__c":"a05g8000002BgdtAAC","Country__c":"a03g80000084tcUAAQ","AccountId":"001g8000009VivhAAC","DistributionCenter__c":"a06g8000001gZKDAA2","Id":"801g8000009VivjAAC","State__c":"a04g8000000b5VNAAY"}}|0x6f620728
15:48:52.529 (594673590)|HEAP_ALLOCATE|[EXTERNAL]|Bytes:8
15:48:52.529 (594681072)|HEAP_ALLOCATE|[58]|Bytes:216
15:48:52.529 (594811280)|HEAP_ALLOCATE|[58]|Bytes:5
15:48:52.529 (594821768)|HEAP_ALLOCATE|[58]|Bytes:32
15:48:52.529 (594828511)|VARIABLE_SCOPE_BEGIN|[58]|o|Order|true|false
15:48:52.529 (594871803)|VARIABLE_ASSIGNMENT|[58]|o|{"Status":"Draft","City__c":"a05g8000002BgdtAAC","Country__c":"a03g80000084tcUAAQ","AccountId":"001g8000009VivhAAC","DistributionCenter__c":"a06g8000001gZKDAA2","Id":"801g8000009VivjAAC","State__c":"a04g8000000b5VNAAY"}|0x71a799b6
15:48:52.529 (594880525)|STATEMENT_EXECUTE|[58]
15:48:52.529 (594906064)|HEAP_ALLOCATE|[EXTERNAL]|Bytes:4
15:48:52.529 (594914038)|HEAP_ALLOCATE|[58]|Bytes:5
15:48:52.529 (594920710)|VARIABLE_ASSIGNMENT|[58]|o|null|
15:48:52.529 (594924392)|STATEMENT_EXECUTE|[60]
15:48:52.529 (595844491)|HEAP_ALLOCATE|[60]|Bytes:1
15:48:52.529 (595878802)|METHOD_ENTRY|[1]|01pg8000001w1MX|AccountSelector.AccountSelector()
15:48:52.529 (595885614)|STATEMENT_EXECUTE|[1]
15:48:52.529 (595891408)|STATEMENT_EXECUTE|[1]
15:48:52.529 (595897196)|METHOD_EXIT|[1]|AccountSelector
15:48:52.529 (595919493)|METHOD_ENTRY|[60]|01pg8000001w1MX|AccountSelector.getAccountByIds(Set<Id>)
15:48:52.529 (595967943)|VARIABLE_SCOPE_BEGIN|[2]|ids|Set<Id>|true|false
15:48:52.529 (595984544)|VARIABLE_ASSIGNMENT|[2]|ids|["001g8000009VivhAAC"]|0x7f6dd569
15:48:52.529 (595994762)|STATEMENT_EXECUTE|[2]
15:48:52.529 (595995741)|STATEMENT_EXECUTE|[3]
15:48:52.529 (596003414)|HEAP_ALLOCATE|[3]|Bytes:4
15:48:52.529 (596007782)|HEAP_ALLOCATE|[3]|Bytes:59
15:48:52.529 (596012602)|HEAP_ALLOCATE|[3]|Bytes:4
15:48:52.529 (596467218)|SOQL_EXECUTE_BEGIN|[3]|Aggregations:0|SELECT Id, AccountGroup__c FROM Account WHERE Id = :tmpVar1
15:48:52.529 (604772228)|SOQL_EXECUTE_END|[3]|Rows:1
15:48:52.529 (604801009)|HEAP_ALLOCATE|[3]|Bytes:8
15:48:52.529 (604819963)|HEAP_ALLOCATE|[3]|Bytes:66
15:48:52.529 (604891760)|HEAP_ALLOCATE|[3]|Bytes:8
15:48:52.529 (604956405)|HEAP_ALLOCATE|[3]|Bytes:12
15:48:52.529 (604969515)|HEAP_ALLOCATE|[3]|Bytes:4
15:48:52.529 (604984072)|METHOD_EXIT|[60]|01pg8000001w1MX|AccountSelector.getAccountByIds(Set<Id>)
15:48:52.529 (604991618)|VARIABLE_SCOPE_BEGIN|[60]|mapAccounts|Map<Id,Account>|true|false
15:48:52.529 (605076405)|VARIABLE_ASSIGNMENT|[60]|mapAccounts|{"001g8000009VivhAAC":{"AccountGroup__c":"a02g8000002mQYXAA2","Id":"001g8000009VivhAAC"}}|0x44454b79
15:48:52.529 (605085410)|STATEMENT_EXECUTE|[62]
15:48:52.529 (606144669)|HEAP_ALLOCATE|[62]|Bytes:1
15:48:52.529 (606176184)|METHOD_ENTRY|[1]|01pg8000001w1Mf|ProductSelector.ProductSelector()
15:48:52.529 (606181468)|STATEMENT_EXECUTE|[1]
15:48:52.529 (606188463)|STATEMENT_EXECUTE|[1]
15:48:52.529 (606194857)|METHOD_EXIT|[1]|ProductSelector
15:48:52.529 (606220034)|METHOD_ENTRY|[62]|01pg8000001w1Mf|ProductSelector.getProductByIds(Set<Id>)
15:48:52.529 (606275553)|VARIABLE_SCOPE_BEGIN|[2]|ids|Set<Id>|true|false
15:48:52.529 (606293944)|VARIABLE_ASSIGNMENT|[2]|ids|["01tg8000001RQyjAAG"]|0x657251a7
15:48:52.529 (606306988)|STATEMENT_EXECUTE|[2]
15:48:52.529 (606307989)|STATEMENT_EXECUTE|[3]
15:48:52.529 (606317037)|HEAP_ALLOCATE|[3]|Bytes:4
15:48:52.529 (606321899)|HEAP_ALLOCATE|[3]|Bytes:83
15:48:52.529 (606326719)|HEAP_ALLOCATE|[3]|Bytes:4
15:48:52.529 (606800019)|SOQL_EXECUTE_BEGIN|[3]|Aggregations:0|SELECT Id, ProductionCost__c, ProductHierarchy__c FROM Product2 WHERE Id = :tmpVar1
15:48:52.529 (612604272)|SOQL_EXECUTE_END|[3]|Rows:1
15:48:52.529 (612630164)|HEAP_ALLOCATE|[3]|Bytes:8
15:48:52.529 (612649846)|HEAP_ALLOCATE|[3]|Bytes:127
15:48:52.529 (612690301)|HEAP_ALLOCATE|[3]|Bytes:8
15:48:52.529 (612739571)|HEAP_ALLOCATE|[3]|Bytes:16
15:48:52.529 (612758241)|HEAP_ALLOCATE|[3]|Bytes:4
15:48:52.529 (612771066)|METHOD_EXIT|[62]|01pg8000001w1Mf|ProductSelector.getProductByIds(Set<Id>)
15:48:52.529 (612778304)|VARIABLE_SCOPE_BEGIN|[62]|mapProducts|Map<Id,Product2>|true|false
15:48:52.529 (612864315)|VARIABLE_ASSIGNMENT|[62]|mapProducts|{"01tg8000001RQyjAAG":{"ProductionCost__c":300000.00,"ProductHierarchy__c":"a01g8000009ViviAAC","Id":"01tg8000001RQyjAAG"}}|0x77c4383e
15:48:52.529 (612872838)|STATEMENT_EXECUTE|[65]
15:48:52.529 (613791956)|HEAP_ALLOCATE|[65]|Bytes:1
15:48:52.529 (613820373)|METHOD_ENTRY|[1]|01pg8000001w1MZ|MargemSelector.MargemSelector()
15:48:52.529 (613826206)|STATEMENT_EXECUTE|[1]
15:48:52.529 (613832461)|STATEMENT_EXECUTE|[1]
15:48:52.529 (613838582)|METHOD_EXIT|[1]|MargemSelector
15:48:52.529 (613859301)|METHOD_ENTRY|[65]|01pg8000001w1MZ|MargemSelector.getMargemApproved()
15:48:52.529 (613920262)|STATEMENT_EXECUTE|[2]
15:48:52.529 (613921210)|STATEMENT_EXECUTE|[3]
15:48:52.529 (613924543)|HEAP_ALLOCATE|[3]|Bytes:165
15:48:52.529 (613936358)|HEAP_ALLOCATE|[3]|Bytes:4
15:48:52.529 (614449370)|SOQL_EXECUTE_BEGIN|[3]|Aggregations:0|SELECT Product__c, ProductHierarchy__c, Account__c, AccountGroup__c, City__c, State__c, Country__c, MarginValuePercent__c FROM Margem__c WHERE Status__c = 'Approved'
15:48:52.529 (621668628)|SOQL_EXECUTE_END|[3]|Rows:1
15:48:52.529 (621693544)|HEAP_ALLOCATE|[3]|Bytes:8
15:48:52.529 (621710395)|HEAP_ALLOCATE|[3]|Bytes:184
15:48:52.529 (621753294)|HEAP_ALLOCATE|[3]|Bytes:8
15:48:52.529 (621771813)|METHOD_EXIT|[65]|01pg8000001w1MZ|MargemSelector.getMargemApproved()
15:48:52.529 (621779905)|VARIABLE_SCOPE_BEGIN|[65]|listMargins|List<Margem__c>|true|false
15:48:52.529 (621891393)|VARIABLE_ASSIGNMENT|[65]|listMargins|[{"Account__c":"001g8000009VivhAAC","Product__c":"01tg8000001RQyjAAG","Id":"a00g800000PiDJ6AAN","State__c":"a04g8000000b5VNAAY","MarginValuePercent__c":15.00}]|0x4a731c41
15:48:52.529 (621900563)|STATEMENT_EXECUTE|[68]
15:48:52.529 (621944922)|HEAP_ALLOCATE|[68]|Bytes:4
15:48:52.529 (621979187)|VARIABLE_SCOPE_BEGIN|[68]|mapMargin|Map<String,Margem__c>|true|false
15:48:52.529 (621990259)|VARIABLE_ASSIGNMENT|[68]|mapMargin|{}|0x2c813677
15:48:52.529 (622159843)|HEAP_ALLOCATE|[69]|Bytes:5
15:48:52.529 (622180225)|HEAP_ALLOCATE|[69]|Bytes:24
15:48:52.529 (622188030)|VARIABLE_SCOPE_BEGIN|[69]|m|Margem__c|true|false
15:48:52.529 (622227815)|VARIABLE_ASSIGNMENT|[69]|m|{"Account__c":"001g8000009VivhAAC","Product__c":"01tg8000001RQyjAAG","Id":"a00g800000PiDJ6AAN","State__c":"a04g8000000b5VNAAY","MarginValuePercent__c":15.00}|0x694a5991
15:48:52.529 (622234045)|STATEMENT_EXECUTE|[69]
15:48:52.529 (622235580)|STATEMENT_EXECUTE|[70]
15:48:52.529 (622307576)|HEAP_ALLOCATE|[70]|Bytes:18
15:48:52.529 (622314651)|VARIABLE_SCOPE_BEGIN|[70]|p|String|false|false
15:48:52.529 (622320183)|VARIABLE_ASSIGNMENT|[70]|p|"01tg8000001RQyjAAG"
15:48:52.529 (622322765)|STATEMENT_EXECUTE|[71]
15:48:52.529 (622341105)|HEAP_ALLOCATE|[71]|Bytes:18
15:48:52.529 (622346270)|VARIABLE_SCOPE_BEGIN|[71]|a|String|false|false
15:48:52.529 (622351451)|VARIABLE_ASSIGNMENT|[71]|a|"001g8000009VivhAAC"
15:48:52.529 (622353954)|STATEMENT_EXECUTE|[72]
15:48:52.529 (622368599)|HEAP_ALLOCATE|[72]|Bytes:18
15:48:52.529 (622373003)|VARIABLE_SCOPE_BEGIN|[72]|l|String|false|false
15:48:52.529 (622377773)|VARIABLE_ASSIGNMENT|[72]|l|"a04g8000000b5VNAAY"
15:48:52.529 (622380073)|STATEMENT_EXECUTE|[75]
15:48:52.529 (622382310)|HEAP_ALLOCATE|[75]|Bytes:1
15:48:52.529 (622391673)|HEAP_ALLOCATE|[75]|Bytes:56
15:48:52.529 (622393877)|VARIABLE_SCOPE_BEGIN|[75]|compositeKey|String|false|false
15:48:52.529 (622399586)|VARIABLE_ASSIGNMENT|[75]|compositeKey|"01tg8000001RQyjAAG_0 (36 more) ..."
15:48:52.529 (622402136)|STATEMENT_EXECUTE|[76]
15:48:52.529 (622423093)|HEAP_ALLOCATE|[EXTERNAL]|Bytes:-4
15:48:52.529 (622428585)|STATEMENT_EXECUTE|[77]
15:48:52.529 (622430170)|HEAP_ALLOCATE|[77]|Bytes:28
15:48:52.529 (622435805)|HEAP_ALLOCATE|[77]|Bytes:84
15:48:52.529 (622469460)|USER_DEBUG|[77]|DEBUG|MAPA MARGEM - Chave Gerada: 01tg8000001RQyjAAG_001g8000009VivhAAC_a04g8000000b5VNAAY
15:48:52.529 (622479700)|HEAP_ALLOCATE|[69]|Bytes:5
15:48:52.529 (622486695)|VARIABLE_ASSIGNMENT|[69]|m|null|
15:48:52.529 (622490865)|STATEMENT_EXECUTE|[81]
15:48:52.529 (624320695)|HEAP_ALLOCATE|[81]|Bytes:1
15:48:52.529 (624347387)|METHOD_ENTRY|[1]|01pg8000001w1Mg|TaxSelector.TaxSelector()
15:48:52.529 (624352943)|STATEMENT_EXECUTE|[1]
15:48:52.529 (624357511)|STATEMENT_EXECUTE|[1]
15:48:52.529 (624363321)|METHOD_EXIT|[1]|TaxSelector
15:48:52.529 (624380592)|METHOD_ENTRY|[81]|01pg8000001w1Mg|TaxSelector.getTaxApproved()
15:48:52.529 (624427423)|STATEMENT_EXECUTE|[2]
15:48:52.529 (624428398)|STATEMENT_EXECUTE|[3]
15:48:52.529 (624430670)|HEAP_ALLOCATE|[3]|Bytes:103
15:48:52.529 (624441080)|HEAP_ALLOCATE|[3]|Bytes:4
15:48:52.529 (624970270)|SOQL_EXECUTE_BEGIN|[3]|Aggregations:0|SELECT Product__c, State__c, DistributionCenter__c, TaxRate__c FROM Tax__c WHERE Status__c = 'Approved'
15:48:52.529 (629714198)|SOQL_EXECUTE_END|[3]|Rows:1
15:48:52.529 (629743444)|HEAP_ALLOCATE|[3]|Bytes:8
15:48:52.529 (629760668)|HEAP_ALLOCATE|[3]|Bytes:184
15:48:52.529 (629804767)|HEAP_ALLOCATE|[3]|Bytes:8
15:48:52.529 (629824280)|METHOD_EXIT|[81]|01pg8000001w1Mg|TaxSelector.getTaxApproved()
15:48:52.529 (629831712)|VARIABLE_SCOPE_BEGIN|[81]|listTaxes|List<Tax__c>|true|false
15:48:52.529 (629935884)|VARIABLE_ASSIGNMENT|[81]|listTaxes|[{"DistributionCenter__c":"a06g8000001gZKDAA2","Product__c":"01tg8000001RQyjAAG","TaxRate__c":10.00,"Id":"a09g8000002D2vhAAC","State__c":"a04g8000000b5VNAAY"}]|0x2ad95983
15:48:52.529 (629944689)|STATEMENT_EXECUTE|[83]
15:48:52.529 (629987493)|HEAP_ALLOCATE|[83]|Bytes:4
15:48:52.529 (630020694)|VARIABLE_SCOPE_BEGIN|[83]|mapTaxByCompositeKey|Map<String,Tax__c>|true|false
15:48:52.529 (630032016)|VARIABLE_ASSIGNMENT|[83]|mapTaxByCompositeKey|{}|0x2ba9dfc
15:48:52.529 (630192218)|HEAP_ALLOCATE|[84]|Bytes:5
15:48:52.529 (630211556)|HEAP_ALLOCATE|[84]|Bytes:24
15:48:52.529 (630218294)|VARIABLE_SCOPE_BEGIN|[84]|t|Tax__c|true|false
15:48:52.529 (630258973)|VARIABLE_ASSIGNMENT|[84]|t|{"DistributionCenter__c":"a06g8000001gZKDAA2","Product__c":"01tg8000001RQyjAAG","TaxRate__c":10.00,"Id":"a09g8000002D2vhAAC","State__c":"a04g8000000b5VNAAY"}|0x2d3e8023
15:48:52.529 (630265248)|STATEMENT_EXECUTE|[84]
15:48:52.529 (630266681)|STATEMENT_EXECUTE|[85]
15:48:52.529 (630327827)|HEAP_ALLOCATE|[85]|Bytes:18
15:48:52.529 (630348193)|HEAP_ALLOCATE|[86]|Bytes:18
15:48:52.529 (630363723)|HEAP_ALLOCATE|[87]|Bytes:18
15:48:52.529 (630375586)|HEAP_ALLOCATE|[85]|Bytes:54
15:48:52.529 (630378162)|VARIABLE_SCOPE_BEGIN|[85]|key|String|false|false
15:48:52.529 (630385270)|VARIABLE_ASSIGNMENT|[85]|key|"01tg8000001RQyjAAGa0 (34 more) ..."
15:48:52.529 (630388633)|STATEMENT_EXECUTE|[88]
15:48:52.529 (630408433)|HEAP_ALLOCATE|[EXTERNAL]|Bytes:-4
15:48:52.529 (630418584)|HEAP_ALLOCATE|[84]|Bytes:5
15:48:52.529 (630425608)|VARIABLE_ASSIGNMENT|[84]|t|null|
15:48:52.529 (630429904)|STATEMENT_EXECUTE|[92]
15:48:52.529 (631507475)|HEAP_ALLOCATE|[92]|Bytes:1
15:48:52.529 (631537815)|METHOD_ENTRY|[1]|01pg8000001w1MY|FreightSelector.FreightSelector()
15:48:52.529 (631544116)|STATEMENT_EXECUTE|[1]
15:48:52.529 (631549466)|STATEMENT_EXECUTE|[1]
15:48:52.529 (631555280)|METHOD_EXIT|[1]|FreightSelector
15:48:52.529 (631573243)|METHOD_ENTRY|[92]|01pg8000001w1MY|FreightSelector.getFreightApproved()
15:48:52.529 (631620617)|STATEMENT_EXECUTE|[2]
15:48:52.529 (631621612)|STATEMENT_EXECUTE|[3]
15:48:52.529 (631624274)|HEAP_ALLOCATE|[3]|Bytes:154
15:48:52.529 (631634640)|HEAP_ALLOCATE|[3]|Bytes:4
15:48:52.529 (632147394)|SOQL_EXECUTE_BEGIN|[3]|Aggregations:0|SELECT Product__c, City__c, State__c, Country__c, DistributionCenter__c, FreightValue__c, ProductHierarchy__c FROM Freight__c WHERE Status__c = 'Approved'
15:48:52.529 (639478093)|SOQL_EXECUTE_END|[3]|Rows:1
15:48:52.529 (639503863)|HEAP_ALLOCATE|[3]|Bytes:8
15:48:52.529 (639520863)|HEAP_ALLOCATE|[3]|Bytes:189
15:48:52.529 (639567222)|HEAP_ALLOCATE|[3]|Bytes:8
15:48:52.529 (639587509)|METHOD_EXIT|[92]|01pg8000001w1MY|FreightSelector.getFreightApproved()
15:48:52.529 (639595361)|VARIABLE_SCOPE_BEGIN|[92]|listFreights|List<Freight__c>|true|false
15:48:52.529 (639700610)|VARIABLE_ASSIGNMENT|[92]|listFreights|[{"DistributionCenter__c":"a06g8000001gZKDAA2","Product__c":"01tg8000001RQyjAAG","Id":"a0Ag8000000gGrZEAU","State__c":"a04g8000000b5VNAAY","FreightValue__c":700.00}]|0x3e2257de
15:48:52.529 (639710364)|STATEMENT_EXECUTE|[94]
15:48:52.529 (639752814)|HEAP_ALLOCATE|[94]|Bytes:4
15:48:52.529 (639787365)|VARIABLE_SCOPE_BEGIN|[94]|mapFreight|Map<String,Freight__c>|true|false
15:48:52.529 (639801480)|VARIABLE_ASSIGNMENT|[94]|mapFreight|{}|0xe5dcc60
15:48:52.529 (639989250)|HEAP_ALLOCATE|[95]|Bytes:5
15:48:52.529 (640008724)|HEAP_ALLOCATE|[95]|Bytes:24
15:48:52.529 (640017500)|VARIABLE_SCOPE_BEGIN|[95]|f|Freight__c|true|false
15:48:52.529 (640063649)|VARIABLE_ASSIGNMENT|[95]|f|{"DistributionCenter__c":"a06g8000001gZKDAA2","Product__c":"01tg8000001RQyjAAG","Id":"a0Ag8000000gGrZEAU","State__c":"a04g8000000b5VNAAY","FreightValue__c":700.00}|0x7bcebc86
15:48:52.529 (640070366)|STATEMENT_EXECUTE|[95]
15:48:52.529 (640071794)|STATEMENT_EXECUTE|[96]
15:48:52.529 (640137096)|HEAP_ALLOCATE|[96]|Bytes:18
15:48:52.529 (640144299)|VARIABLE_SCOPE_BEGIN|[96]|quem|String|false|false
15:48:52.529 (640149697)|VARIABLE_ASSIGNMENT|[96]|quem|"01tg8000001RQyjAAG"
15:48:52.529 (640152609)|STATEMENT_EXECUTE|[97]
15:48:52.529 (640171929)|HEAP_ALLOCATE|[97]|Bytes:18
15:48:52.529 (640176711)|VARIABLE_SCOPE_BEGIN|[97]|onde|String|false|false
15:48:52.529 (640181182)|VARIABLE_ASSIGNMENT|[97]|onde|"a04g8000000b5VNAAY"
15:48:52.529 (640183416)|STATEMENT_EXECUTE|[99]
15:48:52.529 (640191412)|HEAP_ALLOCATE|[99]|Bytes:37
15:48:52.529 (640193610)|VARIABLE_SCOPE_BEGIN|[99]|key|String|false|false
15:48:52.529 (640199654)|VARIABLE_ASSIGNMENT|[99]|key|"01tg8000001RQyjAAG_a (17 more) ..."
15:48:52.529 (640201924)|STATEMENT_EXECUTE|[101]
15:48:52.529 (640223718)|HEAP_ALLOCATE|[EXTERNAL]|Bytes:-4
15:48:52.529 (640229019)|STATEMENT_EXECUTE|[102]
15:48:52.529 (640230698)|HEAP_ALLOCATE|[102]|Bytes:27
15:48:52.529 (640236160)|HEAP_ALLOCATE|[102]|Bytes:64
15:48:52.529 (640258119)|USER_DEBUG|[102]|DEBUG|MAPA FRETE - Chave Gerada: 01tg8000001RQyjAAG_a04g8000000b5VNAAY
15:48:52.529 (640267288)|HEAP_ALLOCATE|[95]|Bytes:5
15:48:52.529 (640273864)|VARIABLE_ASSIGNMENT|[95]|f|null|
15:48:52.529 (640297283)|HEAP_ALLOCATE|[106]|Bytes:5
15:48:52.529 (640310094)|HEAP_ALLOCATE|[106]|Bytes:4
15:48:52.529 (640314186)|VARIABLE_SCOPE_BEGIN|[106]|item|OrderItem|true|false
15:48:52.529 (640957608)|VARIABLE_ASSIGNMENT|[106]|item|{"Product_Code_Display__c":"TRT 7","IsDeleted":false,"UnitPrice":100.00,"Product2Id":"01tg8000001RQyjAAG","PricebookEntryId":"01ug8000000gTiLAAU","TotalPrice":100.00,"Quantity":1.00,"ListPrice":1000.00,"OrderId":"801g8000009VivjAAC"}|0x6dfff07a
15:48:52.529 (640964578)|STATEMENT_EXECUTE|[106]
15:48:52.529 (640965828)|STATEMENT_EXECUTE|[107]
15:48:52.529 (641001606)|VARIABLE_SCOPE_BEGIN|[107]|pedido|Order|true|false
15:48:52.529 (641074128)|VARIABLE_ASSIGNMENT|[107]|pedido|{"Status":"Draft","City__c":"a05g8000002BgdtAAC","Country__c":"a03g80000084tcUAAQ","AccountId":"001g8000009VivhAAC","DistributionCenter__c":"a06g8000001gZKDAA2","Id":"801g8000009VivjAAC","State__c":"a04g8000000b5VNAAY"}|0x71a799b6
15:48:52.529 (641079091)|STATEMENT_EXECUTE|[108]
15:48:52.529 (641098992)|VARIABLE_SCOPE_BEGIN|[108]|produto|Product2|true|false
15:48:52.529 (641132057)|VARIABLE_ASSIGNMENT|[108]|produto|{"ProductionCost__c":300000.00,"ProductHierarchy__c":"a01g8000009ViviAAC","Id":"01tg8000001RQyjAAG"}|0x66eaab5f
15:48:52.529 (641135353)|STATEMENT_EXECUTE|[109]
15:48:52.529 (641156061)|VARIABLE_SCOPE_BEGIN|[109]|cliente|Account|true|false
15:48:52.529 (641185012)|VARIABLE_ASSIGNMENT|[109]|cliente|{"AccountGroup__c":"a02g8000002mQYXAA2","Id":"001g8000009VivhAAC"}|0x416a2d7c
15:48:52.529 (641223568)|HEAP_ALLOCATE|[113]|Bytes:28
15:48:52.529 (641226266)|HEAP_ALLOCATE|[113]|Bytes:28
15:48:52.529 (641269353)|HEAP_ALLOCATE|[113]|Bytes:28
15:48:52.529 (641271331)|HEAP_ALLOCATE|[113]|Bytes:28
15:48:52.529 (641281846)|STATEMENT_EXECUTE|[113]
15:48:52.529 (641285284)|STATEMENT_EXECUTE|[119]
15:48:52.529 (641286346)|STATEMENT_EXECUTE|[121]
15:48:52.529 (641296821)|HEAP_ALLOCATE|[121]|Bytes:18
15:48:52.529 (641314065)|HEAP_ALLOCATE|[122]|Bytes:18
15:48:52.529 (641329022)|HEAP_ALLOCATE|[123]|Bytes:18
15:48:52.529 (641335701)|HEAP_ALLOCATE|[121]|Bytes:54
15:48:52.529 (641338276)|VARIABLE_SCOPE_BEGIN|[121]|keyOrderItemImposto|String|false|false
15:48:52.529 (641344486)|VARIABLE_ASSIGNMENT|[121]|keyOrderItemImposto|"01tg8000001RQyjAAGa0 (34 more) ..."
15:48:52.529 (641347170)|STATEMENT_EXECUTE|[125]
15:48:52.529 (641368231)|VARIABLE_SCOPE_BEGIN|[125]|impostoEncontrado|Tax__c|true|false
15:48:52.529 (641407162)|VARIABLE_ASSIGNMENT|[125]|impostoEncontrado|{"DistributionCenter__c":"a06g8000001gZKDAA2","Product__c":"01tg8000001RQyjAAG","TaxRate__c":10.00,"Id":"a09g8000002D2vhAAC","State__c":"a04g8000000b5VNAAY"}|0x2d3e8023
15:48:52.529 (641411225)|STATEMENT_EXECUTE|[127]
15:48:52.529 (641935173)|VARIABLE_ASSIGNMENT|[127]|this.TaxPercentage__c|10.00|0x6dfff07a
15:48:52.529 (641941142)|STATEMENT_EXECUTE|[130]
15:48:52.529 (643370766)|HEAP_ALLOCATE|[130]|Bytes:7
15:48:52.529 (643403789)|METHOD_ENTRY|[1]|01pg8000001F8kf|PricingService.PricingService()
15:48:52.529 (643409351)|STATEMENT_EXECUTE|[1]
15:48:52.529 (643415411)|STATEMENT_EXECUTE|[1]
15:48:52.529 (643421732)|METHOD_EXIT|[1]|PricingService
15:48:52.529 (643454616)|METHOD_ENTRY|[130]|01pg8000001F8kf|PricingService.findMargin(OrderItem, Order, Map<String,Margem__c>, Id, Account)
15:48:52.529 (643480651)|VARIABLE_SCOPE_BEGIN|[21]|item|OrderItem|true|false
15:48:52.529 (644029394)|VARIABLE_ASSIGNMENT|[21]|item|{"Product_Code_Display__c":"TRT 7","IsDeleted":false,"UnitPrice":100.00,"Product2Id":"01tg8000001RQyjAAG","PricebookEntryId":"01ug8000000gTiLAAU","TotalPrice":100.00,"Quantity":1.00,"TaxPercentage__c":10.00,"ListPrice":1000.00,"OrderId":"801g8000009VivjAAC"}|0x6dfff07a
15:48:52.529 (644036674)|VARIABLE_SCOPE_BEGIN|[21]|pedido|Order|true|false
15:48:52.529 (644101417)|VARIABLE_ASSIGNMENT|[21]|pedido|{"Status":"Draft","City__c":"a05g8000002BgdtAAC","Country__c":"a03g80000084tcUAAQ","AccountId":"001g8000009VivhAAC","DistributionCenter__c":"a06g8000001gZKDAA2","Id":"801g8000009VivjAAC","State__c":"a04g8000000b5VNAAY"}|0x71a799b6
15:48:52.529 (644106122)|VARIABLE_SCOPE_BEGIN|[21]|mapMargin|Map<String,Margem__c>|true|false
15:48:52.529 (644156760)|VARIABLE_ASSIGNMENT|[21]|mapMargin|{"01tg8000001RQyjAAG_001g8000009VivhAAC_a04g8000000b5VNAAY":{"Account__c":"001g8000009VivhAAC","Product__c":"01tg8000001RQyjAAG","Id":"a00g800000PiDJ6AAN","State__c":"a04g8000000b5VNAAY","MarginValuePercent__c":15.00}}|0x2c813677
15:48:52.529 (644161316)|VARIABLE_SCOPE_BEGIN|[21]|h|Id|false|false
15:48:52.529 (644327321)|VARIABLE_ASSIGNMENT|[21]|h|"a01g8000009ViviAAC"
15:48:52.529 (644331211)|VARIABLE_SCOPE_BEGIN|[21]|cliente|Account|true|false
15:48:52.529 (644357370)|VARIABLE_ASSIGNMENT|[21]|cliente|{"AccountGroup__c":"a02g8000002mQYXAA2","Id":"001g8000009VivhAAC"}|0x416a2d7c
15:48:52.529 (644378422)|STATEMENT_EXECUTE|[21]
15:48:52.529 (644379704)|STATEMENT_EXECUTE|[22]
15:48:52.529 (644391800)|VARIABLE_SCOPE_BEGIN|[22]|p|Id|false|false
15:48:52.529 (644428858)|VARIABLE_ASSIGNMENT|[22]|p|"01tg8000001RQyjAAG"
15:48:52.529 (644431908)|STATEMENT_EXECUTE|[23]
15:48:52.529 (644437115)|VARIABLE_SCOPE_BEGIN|[23]|a|Id|false|false
15:48:52.529 (644456276)|VARIABLE_ASSIGNMENT|[23]|a|"001g8000009VivhAAC"
15:48:52.529 (644458916)|STATEMENT_EXECUTE|[24]
15:48:52.529 (644471792)|VARIABLE_SCOPE_BEGIN|[24]|g|Id|false|false
15:48:52.529 (644491306)|VARIABLE_ASSIGNMENT|[24]|g|"a02g8000002mQYXAA2"
15:48:52.529 (644494030)|STATEMENT_EXECUTE|[25]
15:48:52.529 (644502073)|VARIABLE_SCOPE_BEGIN|[25]|c|Id|false|false
15:48:52.529 (644521090)|VARIABLE_ASSIGNMENT|[25]|c|"a05g8000002BgdtAAC"
15:48:52.529 (644523507)|STATEMENT_EXECUTE|[26]
15:48:52.529 (644526531)|VARIABLE_SCOPE_BEGIN|[26]|e|Id|false|false
15:48:52.529 (644579243)|VARIABLE_ASSIGNMENT|[26]|e|"a04g8000000b5VNAAY"
15:48:52.529 (644582922)|STATEMENT_EXECUTE|[27]
15:48:52.529 (644592395)|VARIABLE_SCOPE_BEGIN|[27]|pa|Id|false|false
15:48:52.529 (644612429)|VARIABLE_ASSIGNMENT|[27]|pa|"a03g80000084tcUAAQ"
15:48:52.529 (644680018)|HEAP_ALLOCATE|[30]|Bytes:18
15:48:52.529 (644694297)|HEAP_ALLOCATE|[30]|Bytes:18
15:48:52.529 (644700578)|HEAP_ALLOCATE|[30]|Bytes:18
15:48:52.529 (644708490)|HEAP_ALLOCATE|[30]|Bytes:56
15:48:52.529 (644722343)|STATEMENT_EXECUTE|[30]
15:48:52.529 (644730720)|HEAP_ALLOCATE|[31]|Bytes:18
15:48:52.529 (644737438)|HEAP_ALLOCATE|[31]|Bytes:18
15:48:52.529 (644743480)|HEAP_ALLOCATE|[31]|Bytes:18
15:48:52.529 (644748079)|HEAP_ALLOCATE|[31]|Bytes:56
15:48:52.529 (644753328)|STATEMENT_EXECUTE|[31]
15:48:52.529 (644756683)|HEAP_ALLOCATE|[31]|Bytes:18
15:48:52.529 (644762713)|HEAP_ALLOCATE|[31]|Bytes:18
15:48:52.529 (644768585)|HEAP_ALLOCATE|[31]|Bytes:18
15:48:52.529 (644772740)|HEAP_ALLOCATE|[31]|Bytes:56
15:48:52.529 (644788663)|METHOD_EXIT|[130]|01pg8000001F8kf|PricingService.findMargin(OrderItem, Order, Map<String,Margem__c>, Id, Account)
15:48:52.529 (644793897)|VARIABLE_SCOPE_BEGIN|[130]|margem|Margem__c|true|false
15:48:52.529 (644840120)|VARIABLE_ASSIGNMENT|[130]|margem|{"Account__c":"001g8000009VivhAAC","Product__c":"01tg8000001RQyjAAG","Id":"a00g800000PiDJ6AAN","State__c":"a04g8000000b5VNAAY","MarginValuePercent__c":15.00}|0x694a5991
15:48:52.529 (644845353)|STATEMENT_EXECUTE|[131]
15:48:52.529 (645345826)|VARIABLE_ASSIGNMENT|[131]|this.MarginPercentage__c|15.00|0x6dfff07a
15:48:52.529 (645351434)|STATEMENT_EXECUTE|[134]
15:48:52.529 (645374991)|METHOD_ENTRY|[134]|01pg8000001F8kf|PricingService.findFreightValue(OrderItem, Order, Map<String,Freight__c>, Id)
15:48:52.529 (645389290)|VARIABLE_SCOPE_BEGIN|[4]|item|OrderItem|true|false
15:48:52.529 (645773697)|VARIABLE_ASSIGNMENT|[4]|item|{"Product_Code_Display__c":"TRT 7","IsDeleted":false,"UnitPrice":100.00,"Product2Id":"01tg8000001RQyjAAG","PricebookEntryId":"01ug8000000gTiLAAU","TotalPrice":100.00,"Quantity":1.00,"MarginPercentage__c":15.00,"TaxPercentage__c":10.00,"ListPrice":1000.00,"OrderId":"801g8000009VivjAAC"}|0x6dfff07a
15:48:52.529 (645779104)|VARIABLE_SCOPE_BEGIN|[4]|pedido|Order|true|false
15:48:52.529 (645822284)|VARIABLE_ASSIGNMENT|[4]|pedido|{"Status":"Draft","City__c":"a05g8000002BgdtAAC","Country__c":"a03g80000084tcUAAQ","AccountId":"001g8000009VivhAAC","DistributionCenter__c":"a06g8000001gZKDAA2","Id":"801g8000009VivjAAC","State__c":"a04g8000000b5VNAAY"}|0x71a799b6
15:48:52.529 (645826590)|VARIABLE_SCOPE_BEGIN|[4]|mapFrete|Map<String,Freight__c>|true|false
15:48:52.529 (645860809)|VARIABLE_ASSIGNMENT|[4]|mapFrete|{"01tg8000001RQyjAAG_a04g8000000b5VNAAY":{"DistributionCenter__c":"a06g8000001gZKDAA2","Product__c":"01tg8000001RQyjAAG","Id":"a0Ag8000000gGrZEAU","State__c":"a04g8000000b5VNAAY","FreightValue__c":700.00}}|0xe5dcc60
15:48:52.529 (645864992)|VARIABLE_SCOPE_BEGIN|[4]|h|Id|false|false
15:48:52.529 (645916104)|VARIABLE_ASSIGNMENT|[4]|h|"a01g8000009ViviAAC"
15:48:52.529 (645926047)|STATEMENT_EXECUTE|[4]
15:48:52.529 (645927297)|STATEMENT_EXECUTE|[5]
15:48:52.529 (645932588)|VARIABLE_SCOPE_BEGIN|[5]|p|Id|false|false
15:48:52.529 (645955083)|VARIABLE_ASSIGNMENT|[5]|p|"01tg8000001RQyjAAG"
15:48:52.529 (645957834)|STATEMENT_EXECUTE|[6]
15:48:52.529 (645961534)|VARIABLE_SCOPE_BEGIN|[6]|c|Id|false|false
15:48:52.529 (645979882)|VARIABLE_ASSIGNMENT|[6]|c|"a05g8000002BgdtAAC"
15:48:52.529 (645982339)|STATEMENT_EXECUTE|[7]
15:48:52.529 (645984838)|VARIABLE_SCOPE_BEGIN|[7]|e|Id|false|false
15:48:52.529 (646002459)|VARIABLE_ASSIGNMENT|[7]|e|"a04g8000000b5VNAAY"
15:48:52.529 (646005509)|STATEMENT_EXECUTE|[8]
15:48:52.529 (646008240)|VARIABLE_SCOPE_BEGIN|[8]|pa|Id|false|false
15:48:52.529 (646025599)|VARIABLE_ASSIGNMENT|[8]|pa|"a03g80000084tcUAAQ"
15:48:52.529 (646049990)|HEAP_ALLOCATE|[10]|Bytes:18
15:48:52.529 (646061301)|HEAP_ALLOCATE|[10]|Bytes:18
15:48:52.529 (646068102)|HEAP_ALLOCATE|[10]|Bytes:37
15:48:52.529 (646077529)|STATEMENT_EXECUTE|[10]
15:48:52.529 (646084707)|HEAP_ALLOCATE|[11]|Bytes:18
15:48:52.529 (646091576)|HEAP_ALLOCATE|[11]|Bytes:18
15:48:52.529 (646096033)|HEAP_ALLOCATE|[11]|Bytes:37
15:48:52.529 (646101291)|STATEMENT_EXECUTE|[11]
15:48:52.529 (646104877)|HEAP_ALLOCATE|[11]|Bytes:18
15:48:52.529 (646110903)|HEAP_ALLOCATE|[11]|Bytes:18
15:48:52.529 (646115171)|HEAP_ALLOCATE|[11]|Bytes:37
15:48:52.529 (646142558)|METHOD_EXIT|[134]|01pg8000001F8kf|PricingService.findFreightValue(OrderItem, Order, Map<String,Freight__c>, Id)
15:48:52.529 (646565714)|VARIABLE_ASSIGNMENT|[134]|this.FreightValue__c|700.00|0x6dfff07a
15:48:52.529 (646627421)|STATEMENT_EXECUTE|[137]
15:48:52.529 (646647767)|VARIABLE_SCOPE_BEGIN|[137]|custoUnitario|Decimal|false|false
15:48:52.529 (646654859)|VARIABLE_ASSIGNMENT|[137]|custoUnitario|300000.00
15:48:52.529 (646657430)|STATEMENT_EXECUTE|[140]
15:48:52.529 (646670431)|HEAP_ALLOCATE|[140]|Bytes:28
15:48:52.529 (646677109)|HEAP_ALLOCATE|[140]|Bytes:28
15:48:52.529 (646692292)|METHOD_ENTRY|[140]|01pg8000001F8kf|PricingService.calculateFinalPrice(OrderItem, Decimal, Margem__c, Decimal, Decimal)
15:48:52.529 (646710331)|VARIABLE_SCOPE_BEGIN|[47]|item|OrderItem|true|false
15:48:52.529 (647119244)|VARIABLE_ASSIGNMENT|[47]|item|{"Product_Code_Display__c":"TRT 7","IsDeleted":false,"UnitPrice":100.00,"Product2Id":"01tg8000001RQyjAAG","PricebookEntryId":"01ug8000000gTiLAAU","TotalPrice":100.00,"Quantity":1.00,"MarginPercentage__c":15.00,"TaxPercentage__c":10.00,"ListPrice":1000.00,"OrderId":"801g8000009VivjAAC","FreightValue__c":700.00}|0x6dfff07a
15:48:52.529 (647126069)|VARIABLE_SCOPE_BEGIN|[47]|frete|Decimal|false|false
15:48:52.529 (647131507)|VARIABLE_ASSIGNMENT|[47]|frete|700.00
15:48:52.529 (647134229)|VARIABLE_SCOPE_BEGIN|[47]|margem|Margem__c|true|false
15:48:52.529 (647171561)|VARIABLE_ASSIGNMENT|[47]|margem|{"Account__c":"001g8000009VivhAAC","Product__c":"01tg8000001RQyjAAG","Id":"a00g800000PiDJ6AAN","State__c":"a04g8000000b5VNAAY","MarginValuePercent__c":15.00}|0x694a5991
15:48:52.529 (647175264)|VARIABLE_SCOPE_BEGIN|[47]|impostoPercent|Decimal|false|false
15:48:52.529 (647179237)|VARIABLE_ASSIGNMENT|[47]|impostoPercent|10.00
15:48:52.529 (647181113)|VARIABLE_SCOPE_BEGIN|[47]|custo|Decimal|false|false
15:48:52.529 (647184453)|VARIABLE_ASSIGNMENT|[47]|custo|300000.00
15:48:52.529 (647193244)|STATEMENT_EXECUTE|[47]
15:48:52.529 (647194401)|STATEMENT_EXECUTE|[48]
15:48:52.529 (647204828)|VARIABLE_SCOPE_BEGIN|[48]|mPerc|Decimal|false|false
15:48:52.529 (647209053)|VARIABLE_ASSIGNMENT|[48]|mPerc|15.00
15:48:52.529 (647211946)|STATEMENT_EXECUTE|[49]
15:48:52.529 (647213948)|VARIABLE_SCOPE_BEGIN|[49]|iPerc|Decimal|false|false
15:48:52.529 (647219491)|VARIABLE_ASSIGNMENT|[49]|iPerc|10.00
15:48:52.529 (647222586)|STATEMENT_EXECUTE|[50]
15:48:52.529 (647224519)|VARIABLE_SCOPE_BEGIN|[50]|custoProd|Decimal|false|false
15:48:52.529 (647230578)|VARIABLE_ASSIGNMENT|[50]|custoProd|300000.00
15:48:52.529 (647233858)|STATEMENT_EXECUTE|[51]
15:48:52.529 (647235664)|VARIABLE_SCOPE_BEGIN|[51]|freteVal|Decimal|false|false
15:48:52.529 (647240710)|VARIABLE_ASSIGNMENT|[51]|freteVal|700.00
15:48:52.529 (647243756)|STATEMENT_EXECUTE|[54]
15:48:52.529 (647277406)|HEAP_ALLOCATE|[54]|Bytes:28
15:48:52.529 (647283968)|VARIABLE_SCOPE_BEGIN|[54]|precoBase|Decimal|false|false
15:48:52.529 (647288053)|VARIABLE_ASSIGNMENT|[54]|precoBase|300700.00
15:48:52.529 (647290372)|STATEMENT_EXECUTE|[57]
15:48:52.529 (647297601)|HEAP_ALLOCATE|[57]|Bytes:28
15:48:52.529 (647299344)|HEAP_ALLOCATE|[57]|Bytes:28
15:48:52.529 (647303673)|HEAP_ALLOCATE|[57]|Bytes:28
15:48:52.529 (647349346)|HEAP_ALLOCATE|[57]|Bytes:28
15:48:52.529 (647351263)|HEAP_ALLOCATE|[57]|Bytes:28
15:48:52.529 (647359503)|HEAP_ALLOCATE|[57]|Bytes:28
15:48:52.529 (647369464)|HEAP_ALLOCATE|[57]|Bytes:28
15:48:52.529 (647373564)|VARIABLE_SCOPE_BEGIN|[57]|precoSemMargem|Decimal|false|false
15:48:52.529 (647378991)|VARIABLE_ASSIGNMENT|[57]|precoSemMargem|330770.0000
15:48:52.529 (647381119)|STATEMENT_EXECUTE|[60]
15:48:52.529 (647383282)|HEAP_ALLOCATE|[60]|Bytes:28
15:48:52.529 (647384898)|HEAP_ALLOCATE|[60]|Bytes:28
15:48:52.529 (647387397)|HEAP_ALLOCATE|[60]|Bytes:28
15:48:52.529 (647398857)|HEAP_ALLOCATE|[60]|Bytes:28
15:48:52.529 (647400521)|HEAP_ALLOCATE|[60]|Bytes:28
15:48:52.529 (647407629)|HEAP_ALLOCATE|[60]|Bytes:28
15:48:52.529 (647414543)|HEAP_ALLOCATE|[60]|Bytes:28
15:48:52.529 (647418618)|VARIABLE_SCOPE_BEGIN|[60]|precoCalculado|Decimal|false|false
15:48:52.529 (647423222)|VARIABLE_ASSIGNMENT|[60]|precoCalculado|380385.500000
15:48:52.529 (647425379)|STATEMENT_EXECUTE|[63]
15:48:52.529 (647831911)|VARIABLE_ASSIGNMENT|[63]|this.ProductionCost__c|300000.00|0x6dfff07a
15:48:52.529 (647835738)|STATEMENT_EXECUTE|[64]
15:48:52.529 (648261087)|VARIABLE_ASSIGNMENT|[64]|this.MarginPercentage__c|15.00|0x6dfff07a
15:48:52.529 (648268387)|STATEMENT_EXECUTE|[65]
15:48:52.529 (648764339)|VARIABLE_ASSIGNMENT|[65]|this.FreightValue__c|700.00|0x6dfff07a
15:48:52.529 (648769797)|STATEMENT_EXECUTE|[66]
15:48:52.529 (649139012)|VARIABLE_ASSIGNMENT|[66]|this.TaxPercentage__c|10.00|0x6dfff07a
15:48:52.529 (649142670)|STATEMENT_EXECUTE|[67]
15:48:52.529 (649496003)|VARIABLE_ASSIGNMENT|[67]|this.PriceWithoutMargin__c|330770.0000|0x6dfff07a
15:48:52.529 (649499286)|STATEMENT_EXECUTE|[68]
15:48:52.529 (649845632)|VARIABLE_ASSIGNMENT|[68]|this.FinalPrice__c|380385.500000|0x6dfff07a
15:48:52.529 (649849050)|STATEMENT_EXECUTE|[71]
15:48:52.529 (649866210)|VARIABLE_SCOPE_BEGIN|[71]|unitPriceDigitado|Decimal|false|false
15:48:52.529 (649873787)|VARIABLE_ASSIGNMENT|[71]|unitPriceDigitado|100.00
15:48:52.529 (649892213)|HEAP_ALLOCATE|[74]|Bytes:28
15:48:52.529 (649896189)|HEAP_ALLOCATE|[74]|Bytes:28
15:48:52.529 (649938828)|STATEMENT_EXECUTE|[74]
15:48:52.529 (649939791)|STATEMENT_EXECUTE|[75]
15:48:52.529 (649953886)|HEAP_ALLOCATE|[75]|Bytes:28
15:48:52.529 (649993525)|HEAP_ALLOCATE|[75]|Bytes:28
15:48:52.529 (649995276)|HEAP_ALLOCATE|[75]|Bytes:28
15:48:52.529 (650399295)|VARIABLE_ASSIGNMENT|[75]|this.DiscountPercentage__c|0.999737108801465881323026245742806|0x6dfff07a
15:48:52.529 (650404297)|STATEMENT_EXECUTE|[76]
15:48:52.529 (650415756)|HEAP_ALLOCATE|[76]|Bytes:28
15:48:52.529 (650789048)|VARIABLE_ASSIGNMENT|[76]|this.DiscountValue__c|380285.500000|0x6dfff07a
15:48:52.529 (650793841)|STATEMENT_EXECUTE|[79]
15:48:52.529 (650805091)|HEAP_ALLOCATE|[79]|Bytes:28
15:48:52.529 (651195937)|VARIABLE_ASSIGNMENT|[79]|this.UnitPrice|380385.500000|0x6dfff07a
15:48:52.529 (651210214)|METHOD_EXIT|[140]|01pg8000001F8kf|PricingService.calculateFinalPrice(OrderItem, Decimal, Margem__c, Decimal, Decimal)
15:48:52.529 (651233831)|HEAP_ALLOCATE|[106]|Bytes:5
15:48:52.529 (651246960)|VARIABLE_ASSIGNMENT|[106]|item|null|
15:48:52.529 (651252922)|METHOD_EXIT|[20]|01pg8000001EZwd|OrdemItemHandler.executePricingLogic()
15:48:52.529 (651257678)|STATEMENT_EXECUTE|[21]
15:48:52.529 (651269215)|METHOD_ENTRY|[21]|01pg8000001EZwd|OrdemItemHandler.checkDuplicateProducts()
15:48:52.529 (651289287)|VARIABLE_SCOPE_BEGIN|[145]|this|OrdemItemHandler|true|false
15:48:52.529 (651339413)|VARIABLE_ASSIGNMENT|[145]|this|{"newRecords":"0x497c8b51","handlerName":"OrderItemHandler","isTriggerExecuting":true,"triggerEvent":"0x461e9db9"}|0x44648acc
15:48:52.529 (651350014)|STATEMENT_EXECUTE|[145]
15:48:52.529 (679917773)|HEAP_DUMP|[146]|07ng80000000sEv|OrdemItemHandler|none|146
15:48:52.529 (679933803)|STATEMENT_EXECUTE|[146]
15:48:52.529 (679965079)|HEAP_ALLOCATE|[146]|Bytes:4
15:48:52.529 (680030762)|VARIABLE_SCOPE_BEGIN|[146]|setOrderIds|Set<Id>|true|false
15:48:52.529 (680094908)|VARIABLE_ASSIGNMENT|[146]|setOrderIds|[]|0x6c70052b
15:48:52.529 (680106960)|STATEMENT_EXECUTE|[147]
15:48:52.529 (680112174)|HEAP_ALLOCATE|[147]|Bytes:4
15:48:52.529 (680126772)|VARIABLE_SCOPE_BEGIN|[147]|setProductIds|Set<Id>|true|false
15:48:52.529 (680135823)|VARIABLE_ASSIGNMENT|[147]|setProductIds|[]|0x1315b5b3
15:48:52.529 (680213744)|HEAP_ALLOCATE|[149]|Bytes:5
15:48:52.529 (680269029)|HEAP_ALLOCATE|[149]|Bytes:40
15:48:52.529 (680279721)|VARIABLE_SCOPE_BEGIN|[149]|ot|OrderItem|true|false
15:48:52.529 (680970815)|VARIABLE_ASSIGNMENT|[149]|ot|{"Product_Code_Display__c":"TRT 7","DiscountPercentage__c":0.999737108801465881323026245742806,"IsDeleted":false,"DiscountValue__c":380285.500000,"Quantity":1.00,"FinalPrice__c":380385.500000,"TaxPercentage__c":10.00,"ListPrice":1000.00,"OrderId":"801g8000009VivjAAC","PriceWithoutMargin__c":330770.0000,"FreightValue__c":700.00,"UnitPrice":380385.500000,"Product2Id":"01tg8000001RQyjAAG","ProductionCost__c":300000.00,"PricebookEntryId":"01ug8000000gTiLAAU","TotalPrice":100.00,"MarginPercentage__c":15.00}|0x6dfff07a
15:48:52.529 (680983617)|STATEMENT_EXECUTE|[149]
15:48:52.529 (680984830)|STATEMENT_EXECUTE|[150]
15:48:52.529 (681041312)|HEAP_ALLOCATE|[EXTERNAL]|Bytes:4
15:48:52.529 (681049028)|STATEMENT_EXECUTE|[151]
15:48:52.529 (681057559)|HEAP_ALLOCATE|[EXTERNAL]|Bytes:4
15:48:52.529 (681071667)|HEAP_ALLOCATE|[149]|Bytes:5
15:48:52.529 (681098066)|VARIABLE_ASSIGNMENT|[149]|ot|null|
15:48:52.529 (681102645)|STATEMENT_EXECUTE|[154]
15:48:52.529 (683020303)|HEAP_ALLOCATE|[154]|Bytes:4
15:48:52.529 (683068056)|METHOD_ENTRY|[1]|01pg8000001w1Mc|OrderItemSelector.OrderItemSelector()
15:48:52.529 (683076468)|STATEMENT_EXECUTE|[1]
15:48:52.529 (683086327)|STATEMENT_EXECUTE|[1]
15:48:52.529 (683094906)|METHOD_EXIT|[1]|OrderItemSelector
15:48:52.529 (683129882)|METHOD_ENTRY|[154]|01pg8000001w1Mc|OrderItemSelector.getOrderItemByIds(Set<Id>, Set<Id>)
15:48:52.529 (683162275)|VARIABLE_SCOPE_BEGIN|[2]|orderIds|Set<Id>|true|false
15:48:52.529 (683187267)|VARIABLE_ASSIGNMENT|[2]|orderIds|["801g8000009VivjAAC"]|0x6c70052b
15:48:52.529 (683190800)|VARIABLE_SCOPE_BEGIN|[2]|productIds|Set<Id>|true|false
15:48:52.529 (683196166)|VARIABLE_ASSIGNMENT|[2]|productIds|["01tg8000001RQyjAAG"]|0x1315b5b3
15:48:52.529 (683211729)|STATEMENT_EXECUTE|[2]
15:48:52.529 (683212807)|STATEMENT_EXECUTE|[3]
15:48:52.529 (683217205)|HEAP_ALLOCATE|[3]|Bytes:98
15:48:52.529 (683233721)|HEAP_ALLOCATE|[3]|Bytes:4
15:48:52.529 (683251970)|HEAP_ALLOCATE|[3]|Bytes:7
15:48:52.529 (683809818)|SOQL_EXECUTE_BEGIN|[3]|Aggregations:0|SELECT Id, OrderId, Product2Id FROM OrderItem WHERE (OrderId = :tmpVar1 AND Product2Id = :tmpVar2)
15:48:52.529 (688568458)|SOQL_EXECUTE_END|[3]|Rows:0
15:48:52.529 (688607269)|HEAP_ALLOCATE|[3]|Bytes:4
15:48:52.529 (688624328)|HEAP_ALLOCATE|[3]|Bytes:0
15:48:52.529 (688686884)|HEAP_ALLOCATE|[3]|Bytes:4
15:48:52.529 (688713080)|METHOD_EXIT|[154]|01pg8000001w1Mc|OrderItemSelector.getOrderItemByIds(Set<Id>, Set<Id>)
15:48:52.529 (688720660)|VARIABLE_SCOPE_BEGIN|[154]|existingItens|List<OrderItem>|true|false
15:48:52.529 (688741015)|VARIABLE_ASSIGNMENT|[154]|existingItens|[]|0x714cb1a
15:48:52.529 (688750602)|STATEMENT_EXECUTE|[156]
15:48:52.529 (688763973)|HEAP_ALLOCATE|[156]|Bytes:4
15:48:52.529 (688804142)|VARIABLE_SCOPE_BEGIN|[156]|comparacao|Set<String>|true|false
15:48:52.529 (688822250)|VARIABLE_ASSIGNMENT|[156]|comparacao|[]|0x58a3e4f0
15:48:52.529 (688871925)|HEAP_ALLOCATE|[157]|Bytes:5
15:48:52.529 (688892232)|VARIABLE_ASSIGNMENT|[157]|it|null|
15:48:52.529 (688896752)|STATEMENT_EXECUTE|[157]
15:48:52.529 (688912027)|HEAP_ALLOCATE|[161]|Bytes:5
15:48:52.529 (688930780)|HEAP_ALLOCATE|[161]|Bytes:40
15:48:52.529 (688938045)|VARIABLE_SCOPE_BEGIN|[161]|newItem|OrderItem|true|false
15:48:52.529 (689563506)|VARIABLE_ASSIGNMENT|[161]|newItem|{"Product_Code_Display__c":"TRT 7","DiscountPercentage__c":0.999737108801465881323026245742806,"IsDeleted":false,"DiscountValue__c":380285.500000,"Quantity":1.00,"FinalPrice__c":380385.500000,"TaxPercentage__c":10.00,"ListPrice":1000.00,"OrderId":"801g8000009VivjAAC","PriceWithoutMargin__c":330770.0000,"FreightValue__c":700.00,"UnitPrice":380385.500000,"Product2Id":"01tg8000001RQyjAAG","ProductionCost__c":300000.00,"PricebookEntryId":"01ug8000000gTiLAAU","TotalPrice":100.00,"MarginPercentage__c":15.00}|0x6dfff07a
15:48:52.529 (689573939)|STATEMENT_EXECUTE|[161]
15:48:52.529 (689575211)|STATEMENT_EXECUTE|[162]
15:48:52.529 (689637054)|HEAP_ALLOCATE|[162]|Bytes:18
15:48:52.529 (689647711)|HEAP_ALLOCATE|[162]|Bytes:1
15:48:52.529 (689657791)|HEAP_ALLOCATE|[162]|Bytes:18
15:48:52.529 (689667234)|HEAP_ALLOCATE|[162]|Bytes:37
15:48:52.529 (689670362)|VARIABLE_SCOPE_BEGIN|[162]|keyCombo|String|false|false
15:48:52.529 (689678078)|VARIABLE_ASSIGNMENT|[162]|keyCombo|"801g8000009VivjAAC-0 (17 more) ..."
15:48:52.529 (689699308)|STATEMENT_EXECUTE|[166]
15:48:52.529 (689700549)|STATEMENT_EXECUTE|[168]
15:48:52.529 (689707695)|HEAP_ALLOCATE|[EXTERNAL]|Bytes:4
15:48:52.529 (689720696)|HEAP_ALLOCATE|[161]|Bytes:5
15:48:52.529 (689728521)|VARIABLE_ASSIGNMENT|[161]|newItem|null|
15:48:52.529 (689736547)|METHOD_EXIT|[21]|01pg8000001EZwd|OrdemItemHandler.checkDuplicateProducts()
15:48:52.529 (689743251)|METHOD_EXIT|[137]|01pg8000001EZwd|OrdemItemHandler.beforeInsert()
15:48:52.529 (689746840)|STATEMENT_EXECUTE|[158]
15:48:52.529 (689765075)|METHOD_ENTRY|[158]|01pg80000019iSf|TriggerHandler.andFinally()
15:48:52.529 (689784391)|VARIABLE_SCOPE_BEGIN|[746]|this|TriggerHandler|true|false
15:48:52.529 (689831035)|VARIABLE_ASSIGNMENT|[746]|this|{"newRecords":"0x497c8b51","handlerName":"OrderItemHandler","isTriggerExecuting":true,"triggerEvent":"0x461e9db9"}|0x44648acc
15:48:52.529 (689915101)|STATEMENT_EXECUTE|[746]
15:48:52.529 (689917456)|METHOD_EXIT|[158]|01pg80000019iSf|TriggerHandler.andFinally()
15:48:52.529 (689925212)|STATEMENT_EXECUTE|[160]
15:48:52.529 (689928515)|STATEMENT_EXECUTE|[176]
15:48:52.529 (689931878)|METHOD_EXIT|[2]|01pg80000019iSf|TriggerHandler.run()
15:48:52.689 (689941724)|CUMULATIVE_LIMIT_USAGE
15:48:52.689 (689941724)|LIMIT_USAGE_FOR_NS|(default)|
  Number of SOQL queries: 11 out of 100
  Number of query rows: 10 out of 50000
  Number of SOSL queries: 0 out of 20
  Number of DML statements: 14 out of 150
  Number of Publish Immediate DML: 0 out of 150
  Number of DML rows: 14 out of 10000
  Maximum CPU time: 91 out of 10000
  Maximum heap size: 0 out of 6000000
  Number of callouts: 0 out of 100
  Number of Email Invocations: 0 out of 10
  Number of future calls: 0 out of 50
  Number of queueable jobs added to the queue: 0 out of 50
  Number of Mobile Apex push calls: 0 out of 10

15:48:52.689 (689941724)|CUMULATIVE_LIMIT_USAGE_END

15:48:52.529 (690282321)|CODE_UNIT_FINISHED|OrdemItemTrigger on OrderItem trigger event BeforeInsert|__sfdc_trigger/OrdemItemTrigger
15:48:52.529 (764131408)|CODE_UNIT_STARTED|[EXTERNAL]|01qg8000000GdOn|OrderTrigger on Order trigger event BeforeUpdate|__sfdc_trigger/OrderTrigger
15:48:52.529 (764207543)|HEAP_ALLOCATE|[EXTERNAL]|Bytes:8
15:48:52.529 (764273275)|HEAP_ALLOCATE|[EXTERNAL]|Bytes:8
15:48:52.529 (764403901)|HEAP_ALLOCATE|[EXTERNAL]|Bytes:4
15:48:52.529 (764415922)|VARIABLE_SCOPE_BEGIN|[1]|this|OrderTrigger|true|false
15:48:52.529 (764462101)|VARIABLE_ASSIGNMENT|[1]|this|{}|0x447d7f85
15:48:52.529 (764507719)|HEAP_ALLOCATE|[EXTERNAL]|Bytes:4
15:48:52.529 (764513743)|VARIABLE_SCOPE_BEGIN|[1]|this|OrderTrigger|true|false
15:48:52.529 (764519580)|VARIABLE_ASSIGNMENT|[1]|this|{}|0x447d7f85
15:48:52.529 (764530577)|STATEMENT_EXECUTE|[1]
15:48:52.529 (764531829)|STATEMENT_EXECUTE|[2]
15:48:52.529 (765961543)|HEAP_ALLOCATE|[2]|Bytes:16
15:48:52.529 (765998280)|METHOD_ENTRY|[1]|01pg8000001LXzh|OrderHandler.OrderHandler()
15:48:52.529 (766006973)|STATEMENT_EXECUTE|[1]
15:48:52.529 (766013836)|STATEMENT_EXECUTE|[1]
15:48:52.529 (766019874)|METHOD_EXIT|[1]|OrderHandler
15:48:52.529 (766047169)|HEAP_ALLOCATE|[2]|Bytes:32
15:48:52.529 (766070007)|CONSTRUCTOR_ENTRY|[2]|01pg8000001LXzh|<init>()|OrderHandler
15:48:52.529 (766102022)|VARIABLE_SCOPE_BEGIN|[8]|this|OrderHandler|true|false
15:48:52.529 (766150639)|VARIABLE_ASSIGNMENT|[8]|this|{}|0x22bcc9a7
15:48:52.529 (766156693)|STATEMENT_EXECUTE|[1]
15:48:52.529 (766157638)|STATEMENT_EXECUTE|[3]
15:48:52.529 (766158898)|STATEMENT_EXECUTE|[4]
15:48:52.529 (766159713)|STATEMENT_EXECUTE|[5]
15:48:52.529 (766160542)|STATEMENT_EXECUTE|[6]
15:48:52.529 (766161347)|STATEMENT_EXECUTE|[9]
15:48:52.529 (766165425)|HEAP_ALLOCATE|[9]|Bytes:12
15:48:52.529 (766174404)|CONSTRUCTOR_ENTRY|[9]|01pg80000019iSf|<init>(String)|TriggerHandler
15:48:52.529 (766198946)|VARIABLE_SCOPE_BEGIN|[107]|this|TriggerHandler|true|false
15:48:52.529 (766207616)|VARIABLE_ASSIGNMENT|[107]|this|{}|0x22bcc9a7
15:48:52.529 (766210423)|VARIABLE_SCOPE_BEGIN|[107]|handlerName|String|false|false
15:48:52.529 (766219727)|VARIABLE_ASSIGNMENT|[107]|handlerName|"OrderHandler"
15:48:52.529 (766223404)|STATEMENT_EXECUTE|[15]
15:48:52.529 (766224509)|STATEMENT_EXECUTE|[50]
15:48:52.529 (766225446)|STATEMENT_EXECUTE|[57]
15:48:52.529 (766226663)|STATEMENT_EXECUTE|[671]
15:48:52.529 (766245680)|STATEMENT_EXECUTE|[107]
15:48:52.529 (766246570)|STATEMENT_EXECUTE|[108]
15:48:52.529 (766251095)|STATEMENT_EXECUTE|[109]
15:48:52.529 (766260306)|METHOD_ENTRY|[109]|01pg80000019iSf|TriggerHandler.setTriggerContext()
15:48:52.529 (766263914)|VARIABLE_SCOPE_BEGIN|[565]|this|TriggerHandler|true|false
15:48:52.529 (766273864)|VARIABLE_ASSIGNMENT|[565]|this|{"handlerName":"OrderHandler"}|0x22bcc9a7
15:48:52.529 (766286746)|STATEMENT_EXECUTE|[565]
15:48:52.529 (766287776)|STATEMENT_EXECUTE|[566]
15:48:52.529 (766346874)|HEAP_ALLOCATE|[566]|Bytes:16
15:48:52.529 (766357428)|METHOD_ENTRY|[566]|01pg80000019iSf|TriggerHandler.setTriggerContext(System.TriggerOperation, Boolean)
15:48:52.529 (766360740)|VARIABLE_SCOPE_BEGIN|[582]|this|TriggerHandler|true|false
15:48:52.529 (766368579)|VARIABLE_ASSIGNMENT|[582]|this|{"handlerName":"OrderHandler"}|0x22bcc9a7
15:48:52.529 (766371615)|VARIABLE_SCOPE_BEGIN|[582]|opType|System.TriggerOperation|true|false
15:48:52.529 (766384789)|VARIABLE_ASSIGNMENT|[582]|opType|"BEFORE_UPDATE"|0x8e381db
15:48:52.529 (766392395)|VARIABLE_SCOPE_BEGIN|[582]|testMode|Boolean|false|false
15:48:52.529 (766401828)|VARIABLE_ASSIGNMENT|[582]|testMode|false
15:48:52.529 (766406007)|STATEMENT_EXECUTE|[582]
15:48:52.529 (766414267)|STATEMENT_EXECUTE|[586]
15:48:52.529 (766415182)|STATEMENT_EXECUTE|[587]
15:48:52.529 (766418079)|HEAP_ALLOCATE|[587]|Bytes:5
15:48:52.529 (766423022)|STATEMENT_EXECUTE|[590]
15:48:52.529 (766423964)|STATEMENT_EXECUTE|[592]
15:48:52.529 (766433548)|HEAP_ALLOCATE|[592]|Bytes:16
15:48:52.529 (766438154)|STATEMENT_EXECUTE|[595]
15:48:52.529 (766449067)|VARIABLE_SCOPE_BEGIN|[595]|context|String|false|false
15:48:52.529 (766512592)|VARIABLE_ASSIGNMENT|[595]|context|"BEFORE_UPDATE"
15:48:52.529 (766515807)|STATEMENT_EXECUTE|[597]
15:48:52.529 (766539940)|HEAP_ALLOCATE|[601]|Bytes:13
15:48:52.529 (766567523)|STATEMENT_EXECUTE|[601]
15:48:52.529 (766568461)|STATEMENT_EXECUTE|[602]
15:48:52.529 (766578331)|METHOD_EXIT|[566]|01pg80000019iSf|TriggerHandler.setTriggerContext(System.TriggerOperation, Boolean)
15:48:52.529 (766583114)|METHOD_EXIT|[109]|01pg80000019iSf|TriggerHandler.setTriggerContext()
15:48:52.529 (766589858)|CONSTRUCTOR_EXIT|[9]|01pg80000019iSf|<init>(String)|TriggerHandler
15:48:52.529 (766594718)|STATEMENT_EXECUTE|[8]
15:48:52.529 (766596113)|STATEMENT_EXECUTE|[10]
15:48:52.529 (767934228)|VARIABLE_ASSIGNMENT|[10]|this.newRecords|[{"Status":"Draft","LastModifiedDate":"2026-04-10T18:48:52.000Z","Country__c":"a03g80000084tcUAAQ","IsDeleted":false,"AccountId":"001g8000009VivhAAC","OrderNumber":"00100116","TotalAmount":380385.50,"StatusCode":"Draft","IsReductionOrder":false,"SystemModstamp":"2026-04-10T18:48:52.000Z","City__c":"a05g8000002BgdtAAC","OwnerId":"005g80000010N45AAE","CreatedById":"005g80000010N45AAE","DistributionCenter__c":"a06g8000001gZKDAA2","CreatedDate":"2026-04-10T18:48:52.000Z","Pricebook2Id":"01sg8000000h7xWAAQ","Id":"801g8000009VivjAAC","LastModifiedById":"005g80000010N45AAE","State__c":"a04g8000000b5VNAAY","EffectiveDate":"2026-04-10T00:00:00.000Z"}]|0x22bcc9a7
15:48:52.529 (767958498)|STATEMENT_EXECUTE|[11]
15:48:52.529 (768864986)|VARIABLE_ASSIGNMENT|[11]|this.oldRecords|[{"Status":"Draft","LastModifiedDate":"2026-04-10T18:48:52.000Z","Country__c":"a03g80000084tcUAAQ","IsDeleted":false,"AccountId":"001g8000009VivhAAC","OrderNumber":"00100116","TotalAmount":0.00,"StatusCode":"Draft","IsReductionOrder":false,"SystemModstamp":"2026-04-10T18:48:52.000Z","City__c":"a05g8000002BgdtAAC","OwnerId":"005g80000010N45AAE","CreatedById":"005g80000010N45AAE","DistributionCenter__c":"a06g8000001gZKDAA2","CreatedDate":"2026-04-10T18:48:52.000Z","Pricebook2Id":"01sg8000000h7xWAAQ","Id":"801g8000009VivjAAC","LastModifiedById":"005g80000010N45AAE","State__c":"a04g8000000b5VNAAY","EffectiveDate":"2026-04-10T00:00:00.000Z"}]|0x22bcc9a7
15:48:52.529 (768883707)|STATEMENT_EXECUTE|[12]
15:48:52.529 (769537117)|VARIABLE_ASSIGNMENT|[12]|this.newRecordsMap|{"801g8000009VivjAAC":{"Status":"Draft","LastModifiedDate":"2026-04-10T18:48:52.000Z","Country__c":"a03g80000084tcUAAQ","IsDeleted":false,"AccountId":"001g8000009VivhAAC","OrderNumber":"00100116","TotalAmount":380385.50,"StatusCode":"Draft","IsReductionOrder":false,"SystemModstamp":"2026-04-10T18:48:52.000Z","City__c":"a05g8000002BgdtAAC","OwnerId":"005g80000010N45AAE","CreatedById":"005g80000010N45AAE","DistributionCenter__c":"a06g8000001gZKDAA2","CreatedDate":"2026-04-10T18:48:52.000Z","Pricebook2Id":"01sg8000000h7xWAAQ","Id":"801g8000009VivjAAC","LastModifiedById":"005g80000010N45AAE","State__c":"a04g8000000b5VNAAY","EffectiveDate":"2026-04-10T00:00:00.000Z"}}|0x22bcc9a7
15:48:52.529 (769553391)|STATEMENT_EXECUTE|[13]
15:48:52.529 (770165998)|VARIABLE_ASSIGNMENT|[13]|this.oldRecordsMap|{"801g8000009VivjAAC":{"Status":"Draft","LastModifiedDate":"2026-04-10T18:48:52.000Z","Country__c":"a03g80000084tcUAAQ","IsDeleted":false,"AccountId":"001g8000009VivhAAC","OrderNumber":"00100116","TotalAmount":0.00,"StatusCode":"Draft","IsReductionOrder":false,"SystemModstamp":"2026-04-10T18:48:52.000Z","City__c":"a05g8000002BgdtAAC","OwnerId":"005g80000010N45AAE","CreatedById":"005g80000010N45AAE","DistributionCenter__c":"a06g8000001gZKDAA2","CreatedDate":"2026-04-10T18:48:52.000Z","Pricebook2Id":"01sg8000000h7xWAAQ","Id":"801g8000009VivjAAC","LastModifiedById":"005g80000010N45AAE","State__c":"a04g8000000b5VNAAY","EffectiveDate":"2026-04-10T00:00:00.000Z"}}|0x22bcc9a7
15:48:52.529 (770186859)|CONSTRUCTOR_EXIT|[2]|01pg8000001LXzh|<init>()|OrderHandler
15:48:52.529 (770222573)|METHOD_ENTRY|[2]|01pg80000019iSf|TriggerHandler.run()
15:48:52.529 (770230301)|VARIABLE_SCOPE_BEGIN|[120]|this|TriggerHandler|true|false
15:48:52.529 (770285644)|VARIABLE_ASSIGNMENT|[120]|this|{"newRecords":"0x646696c6","newRecordsMap":"0x20539a1c","oldRecords":"0x8ea7443","oldRecordsMap":"0x11b300f7","handlerName":"OrderHandler","isTriggerExecuting":true,"triggerEvent":"0x8e381db"}|0x22bcc9a7
15:48:52.529 (770301939)|STATEMENT_EXECUTE|[120]
15:48:52.529 (770307013)|METHOD_ENTRY|[121]|01pg80000019iSf|TriggerHandler.validateRun()
15:48:52.529 (770312265)|VARIABLE_SCOPE_BEGIN|[661]|this|TriggerHandler|true|false
15:48:52.529 (770328630)|VARIABLE_ASSIGNMENT|[661]|this|{"newRecords":"0x646696c6","newRecordsMap":"0x20539a1c","oldRecords":"0x8ea7443","oldRecordsMap":"0x11b300f7","handlerName":"OrderHandler","isTriggerExecuting":true,"triggerEvent":"0x8e381db"}|0x22bcc9a7
15:48:52.529 (770335519)|STATEMENT_EXECUTE|[661]
15:48:52.529 (770344503)|STATEMENT_EXECUTE|[662]
15:48:52.529 (770346268)|STATEMENT_EXECUTE|[665]
15:48:52.529 (770354088)|METHOD_ENTRY|[665]|01pg80000019iSf|TriggerHandler.getHandlerName()
15:48:52.529 (770358830)|VARIABLE_SCOPE_BEGIN|[680]|this|TriggerHandler|true|false
15:48:52.529 (770375051)|VARIABLE_ASSIGNMENT|[680]|this|{"newRecords":"0x646696c6","newRecordsMap":"0x20539a1c","oldRecords":"0x8ea7443","oldRecordsMap":"0x11b300f7","handlerName":"OrderHandler","isTriggerExecuting":true,"triggerEvent":"0x8e381db"}|0x22bcc9a7
15:48:52.529 (770383080)|STATEMENT_EXECUTE|[680]
15:48:52.529 (770412013)|STATEMENT_EXECUTE|[681]
15:48:52.529 (770413598)|STATEMENT_EXECUTE|[684]
15:48:52.529 (770417306)|METHOD_EXIT|[665]|01pg80000019iSf|TriggerHandler.getHandlerName()
15:48:52.529 (770440063)|METHOD_EXIT|[121]|01pg80000019iSf|TriggerHandler.validateRun()
15:48:52.529 (770444507)|STATEMENT_EXECUTE|[121]
15:48:52.529 (770448209)|METHOD_ENTRY|[126]|01pg80000019iSf|TriggerHandler.incrementCheckLoopCount()
15:48:52.529 (770452824)|VARIABLE_SCOPE_BEGIN|[634]|this|TriggerHandler|true|false
15:48:52.529 (770469764)|VARIABLE_ASSIGNMENT|[634]|this|{"newRecords":"0x646696c6","newRecordsMap":"0x20539a1c","oldRecords":"0x8ea7443","oldRecordsMap":"0x11b300f7","handlerName":"OrderHandler","isTriggerExecuting":true,"triggerEvent":"0x8e381db"}|0x22bcc9a7
15:48:52.529 (770478050)|STATEMENT_EXECUTE|[634]
15:48:52.529 (770479601)|STATEMENT_EXECUTE|[635]
15:48:52.529 (770482562)|METHOD_ENTRY|[635]|01pg80000019iSf|TriggerHandler.getHandlerName()
15:48:52.529 (770486179)|VARIABLE_SCOPE_BEGIN|[680]|this|TriggerHandler|true|false
15:48:52.529 (770508264)|VARIABLE_ASSIGNMENT|[680]|this|{"newRecords":"0x646696c6","newRecordsMap":"0x20539a1c","oldRecords":"0x8ea7443","oldRecordsMap":"0x11b300f7","handlerName":"OrderHandler","isTriggerExecuting":true,"triggerEvent":"0x8e381db"}|0x22bcc9a7
15:48:52.529 (770515190)|STATEMENT_EXECUTE|[680]
15:48:52.529 (770525331)|STATEMENT_EXECUTE|[681]
15:48:52.529 (770526788)|STATEMENT_EXECUTE|[684]
15:48:52.529 (770529190)|METHOD_EXIT|[635]|01pg80000019iSf|TriggerHandler.getHandlerName()
15:48:52.529 (770534857)|VARIABLE_SCOPE_BEGIN|[635]|handlerName|String|false|false
15:48:52.529 (770544372)|VARIABLE_ASSIGNMENT|[635]|handlerName|"OrderHandler"
15:48:52.529 (770558593)|STATEMENT_EXECUTE|[636]
15:48:52.529 (770560233)|STATEMENT_EXECUTE|[649]
15:48:52.529 (770562706)|METHOD_EXIT|[126]|01pg80000019iSf|TriggerHandler.incrementCheckLoopCount()
15:48:52.529 (770567083)|STATEMENT_EXECUTE|[126]
15:48:52.529 (770570184)|STATEMENT_EXECUTE|[130]
15:48:52.529 (770571489)|STATEMENT_EXECUTE|[135]
15:48:52.529 (770666418)|STATEMENT_EXECUTE|[139]
15:48:52.529 (770668103)|STATEMENT_EXECUTE|[140]
15:48:52.529 (770682685)|METHOD_ENTRY|[140]|01pg8000001LXzh|OrderHandler.beforeUpdate()
15:48:52.529 (770700855)|VARIABLE_SCOPE_BEGIN|[16]|this|OrderHandler|true|false
15:48:52.529 (770722273)|VARIABLE_ASSIGNMENT|[16]|this|{"newRecords":"0x646696c6","newRecordsMap":"0x20539a1c","oldRecords":"0x8ea7443","oldRecordsMap":"0x11b300f7","handlerName":"OrderHandler","isTriggerExecuting":true,"triggerEvent":"0x8e381db"}|0x22bcc9a7
15:48:52.529 (770732465)|STATEMENT_EXECUTE|[16]
15:48:52.529 (770733974)|STATEMENT_EXECUTE|[17]
15:48:52.529 (770740053)|METHOD_ENTRY|[17]|01pg8000001LXzh|OrderHandler.checkActiveOrder()
15:48:52.529 (770751162)|VARIABLE_SCOPE_BEGIN|[30]|this|OrderHandler|true|false
15:48:52.529 (770782209)|VARIABLE_ASSIGNMENT|[30]|this|{"newRecords":"0x646696c6","newRecordsMap":"0x20539a1c","oldRecords":"0x8ea7443","oldRecordsMap":"0x11b300f7","handlerName":"OrderHandler","isTriggerExecuting":true,"triggerEvent":"0x8e381db"}|0x22bcc9a7
15:48:52.529 (770790617)|STATEMENT_EXECUTE|[30]
15:48:52.529 (770792099)|STATEMENT_EXECUTE|[31]
15:48:52.529 (770798386)|VARIABLE_SCOPE_BEGIN|[31]|listaParaValidar|List<Order>|true|false
15:48:52.529 (770806246)|VARIABLE_ASSIGNMENT|[31]|listaParaValidar|null|
15:48:52.529 (770818135)|STATEMENT_EXECUTE|[35]
15:48:52.529 (770819537)|STATEMENT_EXECUTE|[36]
15:48:52.529 (771527092)|VARIABLE_ASSIGNMENT|[36]|listaParaValidar|[{"Status":"Draft","LastModifiedDate":"2026-04-10T18:48:52.000Z","Country__c":"a03g80000084tcUAAQ","IsDeleted":false,"AccountId":"001g8000009VivhAAC","OrderNumber":"00100116","TotalAmount":380385.50,"StatusCode":"Draft","IsReductionOrder":false,"SystemModstamp":"2026-04-10T18:48:52.000Z","City__c":"a05g8000002BgdtAAC","OwnerId":"005g80000010N45AAE","CreatedById":"005g80000010N45AAE","DistributionCenter__c":"a06g8000001gZKDAA2","CreatedDate":"2026-04-10T18:48:52.000Z","Pricebook2Id":"01sg8000000h7xWAAQ","Id":"801g8000009VivjAAC","LastModifiedById":"005g80000010N45AAE","State__c":"a04g8000000b5VNAAY","EffectiveDate":"2026-04-10T00:00:00.000Z"}]|0x646696c6
15:48:52.529 (771602052)|HEAP_ALLOCATE|[40]|Bytes:5
15:48:52.529 (771627937)|HEAP_ALLOCATE|[40]|Bytes:4
15:48:52.529 (771639406)|VARIABLE_SCOPE_BEGIN|[40]|pedido|Order|true|false
15:48:52.529 (772267039)|VARIABLE_ASSIGNMENT|[40]|pedido|{"Status":"Draft","LastModifiedDate":"2026-04-10T18:48:52.000Z","Country__c":"a03g80000084tcUAAQ","IsDeleted":false,"AccountId":"001g8000009VivhAAC","OrderNumber":"00100116","TotalAmount":380385.50,"StatusCode":"Draft","IsReductionOrder":false,"SystemModstamp":"2026-04-10T18:48:52.000Z","City__c":"a05g8000002BgdtAAC","OwnerId":"005g80000010N45AAE","CreatedById":"005g80000010N45AAE","DistributionCenter__c":"a06g8000001gZKDAA2","CreatedDate":"2026-04-10T18:48:52.000Z","Pricebook2Id":"01sg8000000h7xWAAQ","Id":"801g8000009VivjAAC","LastModifiedById":"005g80000010N45AAE","State__c":"a04g8000000b5VNAAY","EffectiveDate":"2026-04-10T00:00:00.000Z"}|0x2fa2b6f3
15:48:52.529 (772284789)|STATEMENT_EXECUTE|[40]
15:48:52.529 (772286553)|STATEMENT_EXECUTE|[42]
15:48:52.529 (772356492)|VARIABLE_SCOPE_BEGIN|[42]|pedidoAntigo|Order|true|false
15:48:52.529 (772993736)|VARIABLE_ASSIGNMENT|[42]|pedidoAntigo|{"Status":"Draft","LastModifiedDate":"2026-04-10T18:48:52.000Z","Country__c":"a03g80000084tcUAAQ","IsDeleted":false,"AccountId":"001g8000009VivhAAC","OrderNumber":"00100116","TotalAmount":0.00,"StatusCode":"Draft","IsReductionOrder":false,"SystemModstamp":"2026-04-10T18:48:52.000Z","City__c":"a05g8000002BgdtAAC","OwnerId":"005g80000010N45AAE","CreatedById":"005g80000010N45AAE","DistributionCenter__c":"a06g8000001gZKDAA2","CreatedDate":"2026-04-10T18:48:52.000Z","Pricebook2Id":"01sg8000000h7xWAAQ","Id":"801g8000009VivjAAC","LastModifiedById":"005g80000010N45AAE","State__c":"a04g8000000b5VNAAY","EffectiveDate":"2026-04-10T00:00:00.000Z"}|0x75eec9ca
15:48:52.529 (773009738)|STATEMENT_EXECUTE|[45]
15:48:52.529 (773025071)|VARIABLE_SCOPE_BEGIN|[45]|validacaoStatus|String|false|false
15:48:52.529 (773034168)|VARIABLE_ASSIGNMENT|[45]|validacaoStatus|"Draft"
15:48:52.529 (773057052)|STATEMENT_EXECUTE|[47]
15:48:52.529 (773076114)|HEAP_ALLOCATE|[40]|Bytes:5
15:48:52.529 (773090983)|VARIABLE_ASSIGNMENT|[40]|pedido|null|
15:48:52.529 (773098716)|METHOD_EXIT|[17]|01pg8000001LXzh|OrderHandler.checkActiveOrder()
15:48:52.529 (773105245)|METHOD_EXIT|[140]|01pg8000001LXzh|OrderHandler.beforeUpdate()
15:48:52.529 (773109883)|STATEMENT_EXECUTE|[158]
15:48:52.529 (773117382)|METHOD_ENTRY|[158]|01pg80000019iSf|TriggerHandler.andFinally()
15:48:52.529 (773122768)|VARIABLE_SCOPE_BEGIN|[746]|this|TriggerHandler|true|false
15:48:52.529 (773165926)|VARIABLE_ASSIGNMENT|[746]|this|{"newRecords":"0x646696c6","newRecordsMap":"0x20539a1c","oldRecords":"0x8ea7443","oldRecordsMap":"0x11b300f7","handlerName":"OrderHandler","isTriggerExecuting":true,"triggerEvent":"0x8e381db"}|0x22bcc9a7
15:48:52.529 (773178247)|STATEMENT_EXECUTE|[746]
15:48:52.529 (773180783)|METHOD_EXIT|[158]|01pg80000019iSf|TriggerHandler.andFinally()
15:48:52.529 (773186143)|STATEMENT_EXECUTE|[160]
15:48:52.529 (773188635)|STATEMENT_EXECUTE|[176]
15:48:52.529 (773191658)|METHOD_EXIT|[2]|01pg80000019iSf|TriggerHandler.run()
15:48:52.773 (773200761)|CUMULATIVE_LIMIT_USAGE
15:48:52.773 (773200761)|LIMIT_USAGE_FOR_NS|(default)|
  Number of SOQL queries: 11 out of 100
  Number of query rows: 10 out of 50000
  Number of SOSL queries: 0 out of 20
  Number of DML statements: 14 out of 150
  Number of Publish Immediate DML: 0 out of 150
  Number of DML rows: 14 out of 10000
  Maximum CPU time: 91 out of 10000
  Maximum heap size: 0 out of 6000000
  Number of callouts: 0 out of 100
  Number of Email Invocations: 0 out of 10
  Number of future calls: 0 out of 50
  Number of queueable jobs added to the queue: 0 out of 50
  Number of Mobile Apex push calls: 0 out of 10

15:48:52.773 (773200761)|CUMULATIVE_LIMIT_USAGE_END

15:48:52.529 (773424671)|CODE_UNIT_FINISHED|OrderTrigger on Order trigger event BeforeUpdate|__sfdc_trigger/OrderTrigger
15:48:52.529 (775514883)|CODE_UNIT_STARTED|[EXTERNAL]|Validation:Order:801g8000009Vivj
15:48:52.529 (775535444)|VALIDATION_RULE|03dg8000000aS4D|Bloquear_Alteracao_Conta_Pedido
15:48:52.529 (775755729)|VALIDATION_FORMULA|ISCHANGED(AccountId) && NOT(ISNEW())|AccountId=001g8000009Vivh
15:48:52.529 (775763619)|VALIDATION_PASS
15:48:52.529 (775769409)|CODE_UNIT_FINISHED|Validation:Order:801g8000009Vivj
15:48:52.529 (789682999)|CODE_UNIT_STARTED|[EXTERNAL]|01qg8000000GdOn|OrderTrigger on Order trigger event AfterUpdate|__sfdc_trigger/OrderTrigger
15:48:52.529 (789766338)|HEAP_ALLOCATE|[EXTERNAL]|Bytes:8
15:48:52.529 (789841273)|HEAP_ALLOCATE|[EXTERNAL]|Bytes:8
15:48:52.529 (789935731)|HEAP_ALLOCATE|[EXTERNAL]|Bytes:4
15:48:52.529 (789948898)|VARIABLE_SCOPE_BEGIN|[1]|this|OrderTrigger|true|false
15:48:52.529 (789986663)|VARIABLE_ASSIGNMENT|[1]|this|{}|0x72fd7650
15:48:52.529 (790026114)|HEAP_ALLOCATE|[EXTERNAL]|Bytes:4
15:48:52.529 (790033110)|VARIABLE_SCOPE_BEGIN|[1]|this|OrderTrigger|true|false
15:48:52.529 (790042352)|VARIABLE_ASSIGNMENT|[1]|this|{}|0x72fd7650
15:48:52.529 (790053874)|STATEMENT_EXECUTE|[1]
15:48:52.529 (790055962)|STATEMENT_EXECUTE|[2]
15:48:52.529 (790069576)|HEAP_ALLOCATE|[2]|Bytes:32
15:48:52.529 (790084772)|CONSTRUCTOR_ENTRY|[2]|01pg8000001LXzh|<init>()|OrderHandler
15:48:52.529 (790094370)|VARIABLE_SCOPE_BEGIN|[8]|this|OrderHandler|true|false
15:48:52.529 (790121075)|VARIABLE_ASSIGNMENT|[8]|this|{}|0x707b2bcc
15:48:52.529 (790127159)|STATEMENT_EXECUTE|[1]
15:48:52.529 (790128721)|STATEMENT_EXECUTE|[3]
15:48:52.529 (790130590)|STATEMENT_EXECUTE|[4]
15:48:52.529 (790131918)|STATEMENT_EXECUTE|[5]
15:48:52.529 (790133212)|STATEMENT_EXECUTE|[6]
15:48:52.529 (790134631)|STATEMENT_EXECUTE|[9]
15:48:52.529 (790146877)|CONSTRUCTOR_ENTRY|[9]|01pg80000019iSf|<init>(String)|TriggerHandler
15:48:52.529 (790153301)|VARIABLE_SCOPE_BEGIN|[107]|this|TriggerHandler|true|false
15:48:52.529 (790165007)|VARIABLE_ASSIGNMENT|[107]|this|{}|0x707b2bcc
15:48:52.529 (790169762)|VARIABLE_SCOPE_BEGIN|[107]|handlerName|String|false|false
15:48:52.529 (790181225)|VARIABLE_ASSIGNMENT|[107]|handlerName|"OrderHandler"
15:48:52.529 (790186159)|STATEMENT_EXECUTE|[15]
15:48:52.529 (790187752)|STATEMENT_EXECUTE|[50]
15:48:52.529 (790189318)|STATEMENT_EXECUTE|[57]
15:48:52.529 (790190960)|STATEMENT_EXECUTE|[671]
15:48:52.529 (790215306)|STATEMENT_EXECUTE|[107]
15:48:52.529 (790217076)|STATEMENT_EXECUTE|[108]
15:48:52.529 (790223285)|STATEMENT_EXECUTE|[109]
15:48:52.529 (790233938)|METHOD_ENTRY|[109]|01pg80000019iSf|TriggerHandler.setTriggerContext()
15:48:52.529 (790239247)|VARIABLE_SCOPE_BEGIN|[565]|this|TriggerHandler|true|false
15:48:52.529 (790253404)|VARIABLE_ASSIGNMENT|[565]|this|{"handlerName":"OrderHandler"}|0x707b2bcc
15:48:52.529 (790268472)|STATEMENT_EXECUTE|[565]
15:48:52.529 (790270272)|STATEMENT_EXECUTE|[566]
15:48:52.529 (790343208)|HEAP_ALLOCATE|[566]|Bytes:16
15:48:52.529 (790358603)|METHOD_ENTRY|[566]|01pg80000019iSf|TriggerHandler.setTriggerContext(System.TriggerOperation, Boolean)
15:48:52.529 (790363372)|VARIABLE_SCOPE_BEGIN|[582]|this|TriggerHandler|true|false
15:48:52.529 (790376771)|VARIABLE_ASSIGNMENT|[582]|this|{"handlerName":"OrderHandler"}|0x707b2bcc
15:48:52.529 (790381427)|VARIABLE_SCOPE_BEGIN|[582]|opType|System.TriggerOperation|true|false
15:48:52.529 (790398127)|VARIABLE_ASSIGNMENT|[582]|opType|"AFTER_UPDATE"|0x3d052ac1
15:48:52.529 (790408651)|VARIABLE_SCOPE_BEGIN|[582]|testMode|Boolean|false|false
15:48:52.529 (790420258)|VARIABLE_ASSIGNMENT|[582]|testMode|false
15:48:52.529 (790426925)|STATEMENT_EXECUTE|[582]
15:48:52.529 (790437592)|STATEMENT_EXECUTE|[586]
15:48:52.529 (790439128)|STATEMENT_EXECUTE|[587]
15:48:52.529 (790443122)|HEAP_ALLOCATE|[587]|Bytes:5
15:48:52.529 (790450657)|STATEMENT_EXECUTE|[590]
15:48:52.529 (790452159)|STATEMENT_EXECUTE|[592]
15:48:52.529 (790470253)|HEAP_ALLOCATE|[592]|Bytes:16
15:48:52.529 (790477422)|STATEMENT_EXECUTE|[595]
15:48:52.529 (790489073)|VARIABLE_SCOPE_BEGIN|[595]|context|String|false|false
15:48:52.529 (790530857)|VARIABLE_ASSIGNMENT|[595]|context|"AFTER_UPDATE"
15:48:52.529 (790534876)|STATEMENT_EXECUTE|[597]
15:48:52.529 (790576180)|HEAP_ALLOCATE|[604]|Bytes:13
15:48:52.529 (790619922)|HEAP_ALLOCATE|[607]|Bytes:12
15:48:52.529 (790635859)|HEAP_ALLOCATE|[610]|Bytes:12
15:48:52.529 (790650550)|STATEMENT_EXECUTE|[610]
15:48:52.529 (790652186)|STATEMENT_EXECUTE|[611]
15:48:52.529 (790665978)|METHOD_EXIT|[566]|01pg80000019iSf|TriggerHandler.setTriggerContext(System.TriggerOperation, Boolean)
15:48:52.529 (790671400)|METHOD_EXIT|[109]|01pg80000019iSf|TriggerHandler.setTriggerContext()
15:48:52.529 (790679973)|CONSTRUCTOR_EXIT|[9]|01pg80000019iSf|<init>(String)|TriggerHandler
15:48:52.529 (790685577)|STATEMENT_EXECUTE|[8]
15:48:52.529 (790687293)|STATEMENT_EXECUTE|[10]
15:48:52.529 (791781961)|VARIABLE_ASSIGNMENT|[10]|this.newRecords|[{"Status":"Draft","LastModifiedDate":"2026-04-10T18:48:52.000Z","Country__c":"a03g80000084tcUAAQ","IsDeleted":false,"AccountId":"001g8000009VivhAAC","OrderNumber":"00100116","TotalAmount":380385.50,"StatusCode":"Draft","IsReductionOrder":false,"SystemModstamp":"2026-04-10T18:48:52.000Z","City__c":"a05g8000002BgdtAAC","OwnerId":"005g80000010N45AAE","CreatedById":"005g80000010N45AAE","DistributionCenter__c":"a06g8000001gZKDAA2","CreatedDate":"2026-04-10T18:48:52.000Z","Pricebook2Id":"01sg8000000h7xWAAQ","Id":"801g8000009VivjAAC","LastModifiedById":"005g80000010N45AAE","State__c":"a04g8000000b5VNAAY","EffectiveDate":"2026-04-10T00:00:00.000Z"}]|0x707b2bcc
15:48:52.529 (791807568)|STATEMENT_EXECUTE|[11]
15:48:52.529 (792744741)|VARIABLE_ASSIGNMENT|[11]|this.oldRecords|[{"Status":"Draft","LastModifiedDate":"2026-04-10T18:48:52.000Z","Country__c":"a03g80000084tcUAAQ","IsDeleted":false,"AccountId":"001g8000009VivhAAC","OrderNumber":"00100116","TotalAmount":0.00,"StatusCode":"Draft","IsReductionOrder":false,"SystemModstamp":"2026-04-10T18:48:52.000Z","City__c":"a05g8000002BgdtAAC","OwnerId":"005g80000010N45AAE","CreatedById":"005g80000010N45AAE","DistributionCenter__c":"a06g8000001gZKDAA2","CreatedDate":"2026-04-10T18:48:52.000Z","Pricebook2Id":"01sg8000000h7xWAAQ","Id":"801g8000009VivjAAC","LastModifiedById":"005g80000010N45AAE","State__c":"a04g8000000b5VNAAY","EffectiveDate":"2026-04-10T00:00:00.000Z"}]|0x707b2bcc
15:48:52.529 (792766886)|STATEMENT_EXECUTE|[12]
15:48:52.529 (793490445)|VARIABLE_ASSIGNMENT|[12]|this.newRecordsMap|{"801g8000009VivjAAC":{"Status":"Draft","LastModifiedDate":"2026-04-10T18:48:52.000Z","Country__c":"a03g80000084tcUAAQ","IsDeleted":false,"AccountId":"001g8000009VivhAAC","OrderNumber":"00100116","TotalAmount":380385.50,"StatusCode":"Draft","IsReductionOrder":false,"SystemModstamp":"2026-04-10T18:48:52.000Z","City__c":"a05g8000002BgdtAAC","OwnerId":"005g80000010N45AAE","CreatedById":"005g80000010N45AAE","DistributionCenter__c":"a06g8000001gZKDAA2","CreatedDate":"2026-04-10T18:48:52.000Z","Pricebook2Id":"01sg8000000h7xWAAQ","Id":"801g8000009VivjAAC","LastModifiedById":"005g80000010N45AAE","State__c":"a04g8000000b5VNAAY","EffectiveDate":"2026-04-10T00:00:00.000Z"}}|0x707b2bcc
15:48:52.529 (793509743)|STATEMENT_EXECUTE|[13]
15:48:52.529 (794182785)|VARIABLE_ASSIGNMENT|[13]|this.oldRecordsMap|{"801g8000009VivjAAC":{"Status":"Draft","LastModifiedDate":"2026-04-10T18:48:52.000Z","Country__c":"a03g80000084tcUAAQ","IsDeleted":false,"AccountId":"001g8000009VivhAAC","OrderNumber":"00100116","TotalAmount":0.00,"StatusCode":"Draft","IsReductionOrder":false,"SystemModstamp":"2026-04-10T18:48:52.000Z","City__c":"a05g8000002BgdtAAC","OwnerId":"005g80000010N45AAE","CreatedById":"005g80000010N45AAE","DistributionCenter__c":"a06g8000001gZKDAA2","CreatedDate":"2026-04-10T18:48:52.000Z","Pricebook2Id":"01sg8000000h7xWAAQ","Id":"801g8000009VivjAAC","LastModifiedById":"005g80000010N45AAE","State__c":"a04g8000000b5VNAAY","EffectiveDate":"2026-04-10T00:00:00.000Z"}}|0x707b2bcc
15:48:52.529 (794206407)|CONSTRUCTOR_EXIT|[2]|01pg8000001LXzh|<init>()|OrderHandler
15:48:52.529 (794221679)|METHOD_ENTRY|[2]|01pg80000019iSf|TriggerHandler.run()
15:48:52.529 (794229084)|VARIABLE_SCOPE_BEGIN|[120]|this|TriggerHandler|true|false
15:48:52.529 (794286164)|VARIABLE_ASSIGNMENT|[120]|this|{"newRecords":"0x743ff8fa","newRecordsMap":"0x5d3388fa","oldRecords":"0x4495b55c","oldRecordsMap":"0x633c676b","handlerName":"OrderHandler","isTriggerExecuting":true,"triggerEvent":"0x3d052ac1"}|0x707b2bcc
15:48:52.529 (794303670)|STATEMENT_EXECUTE|[120]
15:48:52.529 (794309624)|METHOD_ENTRY|[121]|01pg80000019iSf|TriggerHandler.validateRun()
15:48:52.529 (794315326)|VARIABLE_SCOPE_BEGIN|[661]|this|TriggerHandler|true|false
15:48:52.529 (794335367)|VARIABLE_ASSIGNMENT|[661]|this|{"newRecords":"0x743ff8fa","newRecordsMap":"0x5d3388fa","oldRecords":"0x4495b55c","oldRecordsMap":"0x633c676b","handlerName":"OrderHandler","isTriggerExecuting":true,"triggerEvent":"0x3d052ac1"}|0x707b2bcc
15:48:52.529 (794343944)|STATEMENT_EXECUTE|[661]
15:48:52.529 (794353903)|STATEMENT_EXECUTE|[662]
15:48:52.529 (794355908)|STATEMENT_EXECUTE|[665]
15:48:52.529 (794363870)|METHOD_ENTRY|[665]|01pg80000019iSf|TriggerHandler.getHandlerName()
15:48:52.529 (794368558)|VARIABLE_SCOPE_BEGIN|[680]|this|TriggerHandler|true|false
15:48:52.529 (794389117)|VARIABLE_ASSIGNMENT|[680]|this|{"newRecords":"0x743ff8fa","newRecordsMap":"0x5d3388fa","oldRecords":"0x4495b55c","oldRecordsMap":"0x633c676b","handlerName":"OrderHandler","isTriggerExecuting":true,"triggerEvent":"0x3d052ac1"}|0x707b2bcc
15:48:52.529 (794397018)|STATEMENT_EXECUTE|[680]
15:48:52.529 (794427639)|STATEMENT_EXECUTE|[681]
15:48:52.529 (794429248)|STATEMENT_EXECUTE|[684]
15:48:52.529 (794433077)|METHOD_EXIT|[665]|01pg80000019iSf|TriggerHandler.getHandlerName()
15:48:52.529 (794456016)|METHOD_EXIT|[121]|01pg80000019iSf|TriggerHandler.validateRun()
15:48:52.529 (794460905)|STATEMENT_EXECUTE|[121]
15:48:52.529 (794464659)|METHOD_ENTRY|[126]|01pg80000019iSf|TriggerHandler.incrementCheckLoopCount()
15:48:52.529 (794468827)|VARIABLE_SCOPE_BEGIN|[634]|this|TriggerHandler|true|false
15:48:52.529 (794487151)|VARIABLE_ASSIGNMENT|[634]|this|{"newRecords":"0x743ff8fa","newRecordsMap":"0x5d3388fa","oldRecords":"0x4495b55c","oldRecordsMap":"0x633c676b","handlerName":"OrderHandler","isTriggerExecuting":true,"triggerEvent":"0x3d052ac1"}|0x707b2bcc
15:48:52.529 (794495712)|STATEMENT_EXECUTE|[634]
15:48:52.529 (794497207)|STATEMENT_EXECUTE|[635]
15:48:52.529 (794500483)|METHOD_ENTRY|[635]|01pg80000019iSf|TriggerHandler.getHandlerName()
15:48:52.529 (794504010)|VARIABLE_SCOPE_BEGIN|[680]|this|TriggerHandler|true|false
15:48:52.529 (794520342)|VARIABLE_ASSIGNMENT|[680]|this|{"newRecords":"0x743ff8fa","newRecordsMap":"0x5d3388fa","oldRecords":"0x4495b55c","oldRecordsMap":"0x633c676b","handlerName":"OrderHandler","isTriggerExecuting":true,"triggerEvent":"0x3d052ac1"}|0x707b2bcc
15:48:52.529 (794526814)|STATEMENT_EXECUTE|[680]
15:48:52.529 (794538087)|STATEMENT_EXECUTE|[681]
15:48:52.529 (794539709)|STATEMENT_EXECUTE|[684]
15:48:52.529 (794542214)|METHOD_EXIT|[635]|01pg80000019iSf|TriggerHandler.getHandlerName()
15:48:52.529 (794550912)|VARIABLE_SCOPE_BEGIN|[635]|handlerName|String|false|false
15:48:52.529 (794559927)|VARIABLE_ASSIGNMENT|[635]|handlerName|"OrderHandler"
15:48:52.529 (794574242)|STATEMENT_EXECUTE|[636]
15:48:52.529 (794576044)|STATEMENT_EXECUTE|[649]
15:48:52.529 (794578804)|METHOD_EXIT|[126]|01pg80000019iSf|TriggerHandler.incrementCheckLoopCount()
15:48:52.529 (794583186)|STATEMENT_EXECUTE|[126]
15:48:52.529 (794586657)|STATEMENT_EXECUTE|[130]
15:48:52.529 (794588133)|STATEMENT_EXECUTE|[135]
15:48:52.529 (794737512)|STATEMENT_EXECUTE|[148]
15:48:52.529 (794739214)|STATEMENT_EXECUTE|[149]
15:48:52.529 (794768700)|METHOD_ENTRY|[149]|01pg8000001LXzh|OrderHandler.afterUpdate()
15:48:52.529 (794791343)|VARIABLE_SCOPE_BEGIN|[20]|this|OrderHandler|true|false
15:48:52.529 (794814873)|VARIABLE_ASSIGNMENT|[20]|this|{"newRecords":"0x743ff8fa","newRecordsMap":"0x5d3388fa","oldRecords":"0x4495b55c","oldRecordsMap":"0x633c676b","handlerName":"OrderHandler","isTriggerExecuting":true,"triggerEvent":"0x3d052ac1"}|0x707b2bcc
15:48:52.529 (794826003)|STATEMENT_EXECUTE|[20]
15:48:52.529 (794828309)|STATEMENT_EXECUTE|[21]
15:48:52.529 (794837686)|METHOD_ENTRY|[21]|01pg8000001LXzh|OrderHandler.checkActiveOrder()
15:48:52.529 (794846539)|VARIABLE_SCOPE_BEGIN|[30]|this|OrderHandler|true|false
15:48:52.529 (794864188)|VARIABLE_ASSIGNMENT|[30]|this|{"newRecords":"0x743ff8fa","newRecordsMap":"0x5d3388fa","oldRecords":"0x4495b55c","oldRecordsMap":"0x633c676b","handlerName":"OrderHandler","isTriggerExecuting":true,"triggerEvent":"0x3d052ac1"}|0x707b2bcc
15:48:52.529 (794872582)|STATEMENT_EXECUTE|[30]
15:48:52.529 (794874347)|STATEMENT_EXECUTE|[31]
15:48:52.529 (794878591)|VARIABLE_SCOPE_BEGIN|[31]|listaParaValidar|List<Order>|true|false
15:48:52.529 (794886572)|VARIABLE_ASSIGNMENT|[31]|listaParaValidar|null|
15:48:52.529 (794896990)|STATEMENT_EXECUTE|[35]
15:48:52.529 (794898383)|STATEMENT_EXECUTE|[36]
15:48:52.529 (795636258)|VARIABLE_ASSIGNMENT|[36]|listaParaValidar|[{"Status":"Draft","LastModifiedDate":"2026-04-10T18:48:52.000Z","Country__c":"a03g80000084tcUAAQ","IsDeleted":false,"AccountId":"001g8000009VivhAAC","OrderNumber":"00100116","TotalAmount":380385.50,"StatusCode":"Draft","IsReductionOrder":false,"SystemModstamp":"2026-04-10T18:48:52.000Z","City__c":"a05g8000002BgdtAAC","OwnerId":"005g80000010N45AAE","CreatedById":"005g80000010N45AAE","DistributionCenter__c":"a06g8000001gZKDAA2","CreatedDate":"2026-04-10T18:48:52.000Z","Pricebook2Id":"01sg8000000h7xWAAQ","Id":"801g8000009VivjAAC","LastModifiedById":"005g80000010N45AAE","State__c":"a04g8000000b5VNAAY","EffectiveDate":"2026-04-10T00:00:00.000Z"}]|0x743ff8fa
15:48:52.529 (795694846)|HEAP_ALLOCATE|[40]|Bytes:5
15:48:52.529 (795726031)|VARIABLE_SCOPE_BEGIN|[40]|pedido|Order|true|false
15:48:52.529 (796398539)|VARIABLE_ASSIGNMENT|[40]|pedido|{"Status":"Draft","LastModifiedDate":"2026-04-10T18:48:52.000Z","Country__c":"a03g80000084tcUAAQ","IsDeleted":false,"AccountId":"001g8000009VivhAAC","OrderNumber":"00100116","TotalAmount":380385.50,"StatusCode":"Draft","IsReductionOrder":false,"SystemModstamp":"2026-04-10T18:48:52.000Z","City__c":"a05g8000002BgdtAAC","OwnerId":"005g80000010N45AAE","CreatedById":"005g80000010N45AAE","DistributionCenter__c":"a06g8000001gZKDAA2","CreatedDate":"2026-04-10T18:48:52.000Z","Pricebook2Id":"01sg8000000h7xWAAQ","Id":"801g8000009VivjAAC","LastModifiedById":"005g80000010N45AAE","State__c":"a04g8000000b5VNAAY","EffectiveDate":"2026-04-10T00:00:00.000Z"}|0x29fa9a65
15:48:52.529 (796418313)|STATEMENT_EXECUTE|[40]
15:48:52.529 (796420034)|STATEMENT_EXECUTE|[42]
15:48:52.529 (796462481)|VARIABLE_SCOPE_BEGIN|[42]|pedidoAntigo|Order|true|false
15:48:52.529 (797206170)|VARIABLE_ASSIGNMENT|[42]|pedidoAntigo|{"Status":"Draft","LastModifiedDate":"2026-04-10T18:48:52.000Z","Country__c":"a03g80000084tcUAAQ","IsDeleted":false,"AccountId":"001g8000009VivhAAC","OrderNumber":"00100116","TotalAmount":0.00,"StatusCode":"Draft","IsReductionOrder":false,"SystemModstamp":"2026-04-10T18:48:52.000Z","City__c":"a05g8000002BgdtAAC","OwnerId":"005g80000010N45AAE","CreatedById":"005g80000010N45AAE","DistributionCenter__c":"a06g8000001gZKDAA2","CreatedDate":"2026-04-10T18:48:52.000Z","Pricebook2Id":"01sg8000000h7xWAAQ","Id":"801g8000009VivjAAC","LastModifiedById":"005g80000010N45AAE","State__c":"a04g8000000b5VNAAY","EffectiveDate":"2026-04-10T00:00:00.000Z"}|0x40ace553
15:48:52.529 (797224800)|STATEMENT_EXECUTE|[45]
15:48:52.529 (797240556)|VARIABLE_SCOPE_BEGIN|[45]|validacaoStatus|String|false|false
15:48:52.529 (797249575)|VARIABLE_ASSIGNMENT|[45]|validacaoStatus|"Draft"
15:48:52.529 (797270460)|STATEMENT_EXECUTE|[47]
15:48:52.529 (797294049)|HEAP_ALLOCATE|[40]|Bytes:5
15:48:52.529 (797312067)|VARIABLE_ASSIGNMENT|[40]|pedido|null|
15:48:52.529 (797322047)|METHOD_EXIT|[21]|01pg8000001LXzh|OrderHandler.checkActiveOrder()
15:48:52.529 (797327386)|STATEMENT_EXECUTE|[22]
15:48:52.529 (797339817)|METHOD_ENTRY|[22]|01pg8000001LXzh|OrderHandler.itemsRecalculation()
15:48:52.529 (797373918)|VARIABLE_SCOPE_BEGIN|[54]|this|OrderHandler|true|false
15:48:52.529 (797416954)|VARIABLE_ASSIGNMENT|[54]|this|{"newRecords":"0x743ff8fa","newRecordsMap":"0x5d3388fa","oldRecords":"0x4495b55c","oldRecordsMap":"0x633c676b","handlerName":"OrderHandler","isTriggerExecuting":true,"triggerEvent":"0x3d052ac1"}|0x707b2bcc
15:48:52.529 (797430591)|STATEMENT_EXECUTE|[54]
15:48:52.529 (797432085)|STATEMENT_EXECUTE|[55]
15:48:52.529 (797448941)|HEAP_ALLOCATE|[55]|Bytes:4
15:48:52.529 (797479317)|VARIABLE_SCOPE_BEGIN|[55]|ordersToRecalculate|Set<Id>|true|false
15:48:52.529 (797512531)|VARIABLE_ASSIGNMENT|[55]|ordersToRecalculate|[]|0x55af1782
15:48:52.529 (797549163)|HEAP_ALLOCATE|[57]|Bytes:5
15:48:52.529 (797565844)|VARIABLE_SCOPE_BEGIN|[57]|pedido|Order|true|false
15:48:52.529 (798271166)|VARIABLE_ASSIGNMENT|[57]|pedido|{"Status":"Draft","LastModifiedDate":"2026-04-10T18:48:52.000Z","Country__c":"a03g80000084tcUAAQ","IsDeleted":false,"AccountId":"001g8000009VivhAAC","OrderNumber":"00100116","TotalAmount":380385.50,"StatusCode":"Draft","IsReductionOrder":false,"SystemModstamp":"2026-04-10T18:48:52.000Z","City__c":"a05g8000002BgdtAAC","OwnerId":"005g80000010N45AAE","CreatedById":"005g80000010N45AAE","DistributionCenter__c":"a06g8000001gZKDAA2","CreatedDate":"2026-04-10T18:48:52.000Z","Pricebook2Id":"01sg8000000h7xWAAQ","Id":"801g8000009VivjAAC","LastModifiedById":"005g80000010N45AAE","State__c":"a04g8000000b5VNAAY","EffectiveDate":"2026-04-10T00:00:00.000Z"}|0x29fa9a65
15:48:52.529 (798288340)|STATEMENT_EXECUTE|[57]
15:48:52.529 (798290093)|STATEMENT_EXECUTE|[58]
15:48:52.529 (798348945)|VARIABLE_SCOPE_BEGIN|[58]|pedidoAntigo|Order|true|false
15:48:52.529 (799172905)|VARIABLE_ASSIGNMENT|[58]|pedidoAntigo|{"Status":"Draft","LastModifiedDate":"2026-04-10T18:48:52.000Z","Country__c":"a03g80000084tcUAAQ","IsDeleted":false,"AccountId":"001g8000009VivhAAC","OrderNumber":"00100116","TotalAmount":0.00,"StatusCode":"Draft","IsReductionOrder":false,"SystemModstamp":"2026-04-10T18:48:52.000Z","City__c":"a05g8000002BgdtAAC","OwnerId":"005g80000010N45AAE","CreatedById":"005g80000010N45AAE","DistributionCenter__c":"a06g8000001gZKDAA2","CreatedDate":"2026-04-10T18:48:52.000Z","Pricebook2Id":"01sg8000000h7xWAAQ","Id":"801g8000009VivjAAC","LastModifiedById":"005g80000010N45AAE","State__c":"a04g8000000b5VNAAY","EffectiveDate":"2026-04-10T00:00:00.000Z"}|0x40ace553
15:48:52.529 (799319208)|STATEMENT_EXECUTE|[60]
15:48:52.529 (799337811)|HEAP_ALLOCATE|[57]|Bytes:5
15:48:52.529 (799356861)|VARIABLE_ASSIGNMENT|[57]|pedido|null|
15:48:52.529 (799383214)|STATEMENT_EXECUTE|[67]
15:48:52.529 (799388670)|METHOD_EXIT|[22]|01pg8000001LXzh|OrderHandler.itemsRecalculation()
15:48:52.529 (799396295)|METHOD_EXIT|[149]|01pg8000001LXzh|OrderHandler.afterUpdate()
15:48:52.529 (799400948)|STATEMENT_EXECUTE|[158]
15:48:52.529 (799407713)|METHOD_ENTRY|[158]|01pg80000019iSf|TriggerHandler.andFinally()
15:48:52.529 (799413411)|VARIABLE_SCOPE_BEGIN|[746]|this|TriggerHandler|true|false
15:48:52.529 (799456614)|VARIABLE_ASSIGNMENT|[746]|this|{"newRecords":"0x743ff8fa","newRecordsMap":"0x5d3388fa","oldRecords":"0x4495b55c","oldRecordsMap":"0x633c676b","handlerName":"OrderHandler","isTriggerExecuting":true,"triggerEvent":"0x3d052ac1"}|0x707b2bcc
15:48:52.529 (799470469)|STATEMENT_EXECUTE|[746]
15:48:52.529 (799472874)|METHOD_EXIT|[158]|01pg80000019iSf|TriggerHandler.andFinally()
15:48:52.529 (799479474)|STATEMENT_EXECUTE|[160]
15:48:52.529 (799482072)|STATEMENT_EXECUTE|[176]
15:48:52.529 (799486430)|METHOD_EXIT|[2]|01pg80000019iSf|TriggerHandler.run()
15:48:52.799 (799496841)|CUMULATIVE_LIMIT_USAGE
15:48:52.799 (799496841)|LIMIT_USAGE_FOR_NS|(default)|
  Number of SOQL queries: 11 out of 100
  Number of query rows: 10 out of 50000
  Number of SOSL queries: 0 out of 20
  Number of DML statements: 14 out of 150
  Number of Publish Immediate DML: 0 out of 150
  Number of DML rows: 14 out of 10000
  Maximum CPU time: 91 out of 10000
  Maximum heap size: 0 out of 6000000
  Number of callouts: 0 out of 100
  Number of Email Invocations: 0 out of 10
  Number of future calls: 0 out of 50
  Number of queueable jobs added to the queue: 0 out of 50
  Number of Mobile Apex push calls: 0 out of 10

15:48:52.799 (799496841)|CUMULATIVE_LIMIT_USAGE_END

15:48:52.529 (799725085)|CODE_UNIT_FINISHED|OrderTrigger on Order trigger event AfterUpdate|__sfdc_trigger/OrderTrigger
15:48:52.529 (803456691)|DML_END|[163]
15:48:52.529 (803785123)|STATEMENT_EXECUTE|[165]
15:48:52.529 (803816034)|HEAP_ALLOCATE|[165]|Bytes:4
15:48:52.529 (803905285)|VARIABLE_ASSIGNMENT|[165]|this.OrderId|"801g8000009VivjAAC"|0x3cf9a9d0
15:48:52.529 (803927826)|VARIABLE_ASSIGNMENT|[165]|this.Product2Id|"01tg8000001RQyjAAG"|0x3cf9a9d0
15:48:52.529 (803944770)|VARIABLE_ASSIGNMENT|[165]|this.PricebookEntryId|"01ug8000000gTiLAAU"|0x3cf9a9d0
15:48:52.529 (803976570)|HEAP_ALLOCATE|[165]|Bytes:28
15:48:52.529 (803979335)|HEAP_ALLOCATE|[165]|Bytes:28
15:48:52.529 (803996991)|VARIABLE_ASSIGNMENT|[165]|this.Quantity|1|0x3cf9a9d0
15:48:52.529 (804003896)|HEAP_ALLOCATE|[165]|Bytes:28
15:48:52.529 (804016738)|VARIABLE_ASSIGNMENT|[165]|this.UnitPrice|100|0x3cf9a9d0
15:48:52.529 (804044061)|VARIABLE_SCOPE_BEGIN|[165]|item2|OrderItem|true|false
15:48:52.529 (804060809)|VARIABLE_ASSIGNMENT|[165]|item2|{"OrderId":"801g8000009VivjAAC","Product2Id":"01tg8000001RQyjAAG","PricebookEntryId":"01ug8000000gTiLAAU","Quantity":1,"UnitPrice":100}|0x3cf9a9d0
15:48:52.529 (804067244)|STATEMENT_EXECUTE|[173]
15:48:52.529 (804093431)|HEAP_ALLOCATE|[173]|Bytes:118
15:48:52.529 (804109555)|SYSTEM_METHOD_ENTRY|[1]|Test.Test()
15:48:52.529 (804114159)|STATEMENT_EXECUTE|[1]
15:48:52.529 (804122676)|SYSTEM_METHOD_EXIT|[1]|Test
15:48:52.529 (804129768)|METHOD_ENTRY|[173]||System.Test.startTest()
15:48:52.529 (805154217)|METHOD_EXIT|[173]||System.Test.startTest()
15:48:52.529 (805161498)|STATEMENT_EXECUTE|[174]
15:48:52.529 (805162638)|STATEMENT_EXECUTE|[174]
15:48:52.529 (805163808)|STATEMENT_EXECUTE|[175]
15:48:52.529 (805189046)|HEAP_ALLOCATE|[175]|Bytes:8
15:48:52.529 (805197302)|DML_BEGIN|[175]|Op:Insert|Type:OrderItem|Rows:1
15:48:52.529 (805223965)|HEAP_ALLOCATE|[EXTERNAL]|Bytes:8
15:48:52.529 (818006733)|CODE_UNIT_STARTED|[EXTERNAL]|01qg8000000Fou9|OrdemItemTrigger on OrderItem trigger event BeforeInsert|__sfdc_trigger/OrdemItemTrigger
15:48:52.529 (818066781)|HEAP_ALLOCATE|[EXTERNAL]|Bytes:8
15:48:52.529 (818122646)|HEAP_ALLOCATE|[EXTERNAL]|Bytes:4
15:48:52.529 (818131035)|VARIABLE_SCOPE_BEGIN|[1]|this|OrdemItemTrigger|true|false
15:48:52.529 (818161102)|VARIABLE_ASSIGNMENT|[1]|this|{}|0x12888a26
15:48:52.529 (818189389)|HEAP_ALLOCATE|[EXTERNAL]|Bytes:4
15:48:52.529 (818193631)|VARIABLE_SCOPE_BEGIN|[1]|this|OrdemItemTrigger|true|false
15:48:52.529 (818198891)|VARIABLE_ASSIGNMENT|[1]|this|{}|0x12888a26
15:48:52.529 (818207062)|STATEMENT_EXECUTE|[1]
15:48:52.529 (818208511)|STATEMENT_EXECUTE|[2]
15:48:52.529 (818240046)|HEAP_ALLOCATE|[2]|Bytes:32
15:48:52.529 (818251106)|CONSTRUCTOR_ENTRY|[2]|01pg8000001EZwd|<init>()|OrdemItemHandler
15:48:52.529 (818257766)|VARIABLE_SCOPE_BEGIN|[9]|this|OrdemItemHandler|true|false
15:48:52.529 (818276527)|VARIABLE_ASSIGNMENT|[9]|this|{}|0x434f28e8
15:48:52.529 (818281198)|STATEMENT_EXECUTE|[1]
15:48:52.529 (818282501)|STATEMENT_EXECUTE|[3]
15:48:52.529 (818283917)|STATEMENT_EXECUTE|[4]
15:48:52.529 (818284845)|STATEMENT_EXECUTE|[5]
15:48:52.529 (818285787)|STATEMENT_EXECUTE|[6]
15:48:52.529 (818286949)|STATEMENT_EXECUTE|[10]
15:48:52.529 (818296583)|CONSTRUCTOR_ENTRY|[10]|01pg80000019iSf|<init>(String)|TriggerHandler
15:48:52.529 (818301004)|VARIABLE_SCOPE_BEGIN|[107]|this|TriggerHandler|true|false
15:48:52.529 (818308128)|VARIABLE_ASSIGNMENT|[107]|this|{}|0x434f28e8
15:48:52.529 (818310937)|VARIABLE_SCOPE_BEGIN|[107]|handlerName|String|false|false
15:48:52.529 (818318987)|VARIABLE_ASSIGNMENT|[107]|handlerName|"OrderItemHandler"
15:48:52.529 (818321901)|STATEMENT_EXECUTE|[15]
15:48:52.529 (818322925)|STATEMENT_EXECUTE|[50]
15:48:52.529 (818324235)|STATEMENT_EXECUTE|[57]
15:48:52.529 (818325433)|STATEMENT_EXECUTE|[671]
15:48:52.529 (818343322)|STATEMENT_EXECUTE|[107]
15:48:52.529 (818344356)|STATEMENT_EXECUTE|[108]
15:48:52.529 (818348887)|STATEMENT_EXECUTE|[109]
15:48:52.529 (818356324)|METHOD_ENTRY|[109]|01pg80000019iSf|TriggerHandler.setTriggerContext()
15:48:52.529 (818359816)|VARIABLE_SCOPE_BEGIN|[565]|this|TriggerHandler|true|false
15:48:52.529 (818368776)|VARIABLE_ASSIGNMENT|[565]|this|{"handlerName":"OrderItemHandler"}|0x434f28e8
15:48:52.529 (818378473)|STATEMENT_EXECUTE|[565]
15:48:52.529 (818379416)|STATEMENT_EXECUTE|[566]
15:48:52.529 (818433063)|HEAP_ALLOCATE|[566]|Bytes:16
15:48:52.529 (818442227)|METHOD_ENTRY|[566]|01pg80000019iSf|TriggerHandler.setTriggerContext(System.TriggerOperation, Boolean)
15:48:52.529 (818445468)|VARIABLE_SCOPE_BEGIN|[582]|this|TriggerHandler|true|false
15:48:52.529 (818453093)|VARIABLE_ASSIGNMENT|[582]|this|{"handlerName":"OrderItemHandler"}|0x434f28e8
15:48:52.529 (818455905)|VARIABLE_SCOPE_BEGIN|[582]|opType|System.TriggerOperation|true|false
15:48:52.529 (818467852)|VARIABLE_ASSIGNMENT|[582]|opType|"BEFORE_INSERT"|0x461e9db9
15:48:52.529 (818474987)|VARIABLE_SCOPE_BEGIN|[582]|testMode|Boolean|false|false
15:48:52.529 (818483176)|VARIABLE_ASSIGNMENT|[582]|testMode|false
15:48:52.529 (818487328)|STATEMENT_EXECUTE|[582]
15:48:52.529 (818495187)|STATEMENT_EXECUTE|[586]
15:48:52.529 (818496066)|STATEMENT_EXECUTE|[587]
15:48:52.529 (818498860)|HEAP_ALLOCATE|[587]|Bytes:5
15:48:52.529 (818504097)|STATEMENT_EXECUTE|[590]
15:48:52.529 (818504957)|STATEMENT_EXECUTE|[592]
15:48:52.529 (818514775)|HEAP_ALLOCATE|[592]|Bytes:16
15:48:52.529 (818519589)|STATEMENT_EXECUTE|[595]
15:48:52.529 (818527357)|VARIABLE_SCOPE_BEGIN|[595]|context|String|false|false
15:48:52.529 (818534308)|VARIABLE_ASSIGNMENT|[595]|context|"BEFORE_INSERT"
15:48:52.529 (818537343)|STATEMENT_EXECUTE|[597]
15:48:52.529 (818561520)|STATEMENT_EXECUTE|[598]
15:48:52.529 (818563034)|STATEMENT_EXECUTE|[599]
15:48:52.529 (818569110)|METHOD_EXIT|[566]|01pg80000019iSf|TriggerHandler.setTriggerContext(System.TriggerOperation, Boolean)
15:48:52.529 (818573741)|METHOD_EXIT|[109]|01pg80000019iSf|TriggerHandler.setTriggerContext()
15:48:52.529 (818580867)|CONSTRUCTOR_EXIT|[10]|01pg80000019iSf|<init>(String)|TriggerHandler
15:48:52.529 (818585842)|STATEMENT_EXECUTE|[9]
15:48:52.529 (818587361)|STATEMENT_EXECUTE|[11]
15:48:52.529 (819709553)|VARIABLE_ASSIGNMENT|[11]|this.newRecords|[{"Product_Code_Display__c":"TRT 7","IsDeleted":false,"UnitPrice":100.00,"Product2Id":"01tg8000001RQyjAAG","PricebookEntryId":"01ug8000000gTiLAAU","TotalPrice":100.00,"Quantity":1.00,"ListPrice":1000.00,"OrderId":"801g8000009VivjAAC"}]|0x434f28e8
15:48:52.529 (819724322)|STATEMENT_EXECUTE|[12]
15:48:52.529 (819741806)|VARIABLE_ASSIGNMENT|[12]|this.oldRecords|null|0x434f28e8
15:48:52.529 (819744822)|STATEMENT_EXECUTE|[13]
15:48:52.529 (819751645)|VARIABLE_ASSIGNMENT|[13]|this.newRecordsMap|null|0x434f28e8
15:48:52.529 (819754248)|STATEMENT_EXECUTE|[14]
15:48:52.529 (819759546)|VARIABLE_ASSIGNMENT|[14]|this.oldRecordsMap|null|0x434f28e8
15:48:52.529 (819767474)|CONSTRUCTOR_EXIT|[2]|01pg8000001EZwd|<init>()|OrdemItemHandler
15:48:52.529 (819776096)|METHOD_ENTRY|[2]|01pg80000019iSf|TriggerHandler.run()
15:48:52.529 (819781760)|VARIABLE_SCOPE_BEGIN|[120]|this|TriggerHandler|true|false
15:48:52.529 (819815650)|VARIABLE_ASSIGNMENT|[120]|this|{"newRecords":"0x2f7a7200","handlerName":"OrderItemHandler","isTriggerExecuting":true,"triggerEvent":"0x461e9db9"}|0x434f28e8
15:48:52.529 (819824798)|STATEMENT_EXECUTE|[120]
15:48:52.529 (819828897)|METHOD_ENTRY|[121]|01pg80000019iSf|TriggerHandler.validateRun()
15:48:52.529 (819832252)|VARIABLE_SCOPE_BEGIN|[661]|this|TriggerHandler|true|false
15:48:52.529 (819842173)|VARIABLE_ASSIGNMENT|[661]|this|{"newRecords":"0x2f7a7200","handlerName":"OrderItemHandler","isTriggerExecuting":true,"triggerEvent":"0x461e9db9"}|0x434f28e8
15:48:52.529 (819846807)|STATEMENT_EXECUTE|[661]
15:48:52.529 (819853068)|STATEMENT_EXECUTE|[662]
15:48:52.529 (819853922)|STATEMENT_EXECUTE|[665]
15:48:52.529 (819859333)|METHOD_ENTRY|[665]|01pg80000019iSf|TriggerHandler.getHandlerName()
15:48:52.529 (819862195)|VARIABLE_SCOPE_BEGIN|[680]|this|TriggerHandler|true|false
15:48:52.529 (819870625)|VARIABLE_ASSIGNMENT|[680]|this|{"newRecords":"0x2f7a7200","handlerName":"OrderItemHandler","isTriggerExecuting":true,"triggerEvent":"0x461e9db9"}|0x434f28e8
15:48:52.529 (819874995)|STATEMENT_EXECUTE|[680]
15:48:52.529 (819895376)|STATEMENT_EXECUTE|[681]
15:48:52.529 (819896372)|STATEMENT_EXECUTE|[684]
15:48:52.529 (819899014)|METHOD_EXIT|[665]|01pg80000019iSf|TriggerHandler.getHandlerName()
15:48:52.529 (819915601)|METHOD_EXIT|[121]|01pg80000019iSf|TriggerHandler.validateRun()
15:48:52.529 (819918614)|STATEMENT_EXECUTE|[121]
15:48:52.529 (819921341)|METHOD_ENTRY|[126]|01pg80000019iSf|TriggerHandler.incrementCheckLoopCount()
15:48:52.529 (819924442)|VARIABLE_SCOPE_BEGIN|[634]|this|TriggerHandler|true|false
15:48:52.529 (819933422)|VARIABLE_ASSIGNMENT|[634]|this|{"newRecords":"0x2f7a7200","handlerName":"OrderItemHandler","isTriggerExecuting":true,"triggerEvent":"0x461e9db9"}|0x434f28e8
15:48:52.529 (819938346)|STATEMENT_EXECUTE|[634]
15:48:52.529 (819939394)|STATEMENT_EXECUTE|[635]
15:48:52.529 (819941498)|METHOD_ENTRY|[635]|01pg80000019iSf|TriggerHandler.getHandlerName()
15:48:52.529 (819943630)|VARIABLE_SCOPE_BEGIN|[680]|this|TriggerHandler|true|false
15:48:52.529 (819951526)|VARIABLE_ASSIGNMENT|[680]|this|{"newRecords":"0x2f7a7200","handlerName":"OrderItemHandler","isTriggerExecuting":true,"triggerEvent":"0x461e9db9"}|0x434f28e8
15:48:52.529 (819954733)|STATEMENT_EXECUTE|[680]
15:48:52.529 (819961343)|STATEMENT_EXECUTE|[681]
15:48:52.529 (819962252)|STATEMENT_EXECUTE|[684]
15:48:52.529 (819963808)|METHOD_EXIT|[635]|01pg80000019iSf|TriggerHandler.getHandlerName()
15:48:52.529 (819967425)|VARIABLE_SCOPE_BEGIN|[635]|handlerName|String|false|false
15:48:52.529 (819972900)|VARIABLE_ASSIGNMENT|[635]|handlerName|"OrderItemHandler"
15:48:52.529 (819983460)|STATEMENT_EXECUTE|[636]
15:48:52.529 (819984613)|STATEMENT_EXECUTE|[649]
15:48:52.529 (819986329)|METHOD_EXIT|[126]|01pg80000019iSf|TriggerHandler.incrementCheckLoopCount()
15:48:52.529 (819989061)|STATEMENT_EXECUTE|[126]
15:48:52.529 (819991366)|STATEMENT_EXECUTE|[130]
15:48:52.529 (819992226)|STATEMENT_EXECUTE|[135]
15:48:52.529 (820013001)|STATEMENT_EXECUTE|[136]
15:48:52.529 (820014379)|STATEMENT_EXECUTE|[137]
15:48:52.529 (820017000)|METHOD_ENTRY|[137]|01pg8000001EZwd|OrdemItemHandler.beforeInsert()
15:48:52.529 (820020247)|VARIABLE_SCOPE_BEGIN|[18]|this|OrdemItemHandler|true|false
15:48:52.529 (820029576)|VARIABLE_ASSIGNMENT|[18]|this|{"newRecords":"0x2f7a7200","handlerName":"OrderItemHandler","isTriggerExecuting":true,"triggerEvent":"0x461e9db9"}|0x434f28e8
15:48:52.529 (820034192)|STATEMENT_EXECUTE|[18]
15:48:52.529 (820035566)|STATEMENT_EXECUTE|[19]
15:48:52.529 (820038654)|METHOD_ENTRY|[19]|01pg8000001EZwd|OrdemItemHandler.checkActiveOrderItem()
15:48:52.529 (820041864)|VARIABLE_SCOPE_BEGIN|[176]|this|OrdemItemHandler|true|false
15:48:52.529 (820049889)|VARIABLE_ASSIGNMENT|[176]|this|{"newRecords":"0x2f7a7200","handlerName":"OrderItemHandler","isTriggerExecuting":true,"triggerEvent":"0x461e9db9"}|0x434f28e8
15:48:52.529 (820054196)|STATEMENT_EXECUTE|[176]
15:48:52.529 (820055270)|STATEMENT_EXECUTE|[177]
15:48:52.529 (820057876)|VARIABLE_SCOPE_BEGIN|[177]|listaParaValidar|List<OrderItem>|true|false
15:48:52.529 (820062389)|VARIABLE_ASSIGNMENT|[177]|listaParaValidar|null|
15:48:52.529 (820064620)|STATEMENT_EXECUTE|[178]
15:48:52.529 (820077832)|HEAP_ALLOCATE|[178]|Bytes:4
15:48:52.529 (820091025)|VARIABLE_SCOPE_BEGIN|[178]|idOrders|Set<Id>|true|false
15:48:52.529 (820116101)|VARIABLE_ASSIGNMENT|[178]|idOrders|[]|0x79750473
15:48:52.529 (820119148)|STATEMENT_EXECUTE|[179]
15:48:52.529 (820128918)|HEAP_ALLOCATE|[179]|Bytes:4
15:48:52.529 (820133161)|VARIABLE_SCOPE_BEGIN|[179]|idMapOrders|Map<Id,Order>|true|false
15:48:52.529 (820143455)|VARIABLE_ASSIGNMENT|[179]|idMapOrders|{}|0x43476bdd
15:48:52.529 (820150769)|STATEMENT_EXECUTE|[183]
15:48:52.529 (820151857)|STATEMENT_EXECUTE|[184]
15:48:52.529 (820836172)|VARIABLE_ASSIGNMENT|[184]|listaParaValidar|[{"Product_Code_Display__c":"TRT 7","IsDeleted":false,"UnitPrice":100.00,"Product2Id":"01tg8000001RQyjAAG","PricebookEntryId":"01ug8000000gTiLAAU","TotalPrice":100.00,"Quantity":1.00,"ListPrice":1000.00,"OrderId":"801g8000009VivjAAC"}]|0x2f7a7200
15:48:52.529 (820869822)|HEAP_ALLOCATE|[187]|Bytes:5
15:48:52.529 (820888551)|HEAP_ALLOCATE|[187]|Bytes:4
15:48:52.529 (820896660)|VARIABLE_SCOPE_BEGIN|[187]|ot|OrderItem|true|false
15:48:52.529 (821287160)|VARIABLE_ASSIGNMENT|[187]|ot|{"Product_Code_Display__c":"TRT 7","IsDeleted":false,"UnitPrice":100.00,"Product2Id":"01tg8000001RQyjAAG","PricebookEntryId":"01ug8000000gTiLAAU","TotalPrice":100.00,"Quantity":1.00,"ListPrice":1000.00,"OrderId":"801g8000009VivjAAC"}|0x58d81cf3
15:48:52.529 (821293948)|STATEMENT_EXECUTE|[187]
15:48:52.529 (821295029)|STATEMENT_EXECUTE|[188]
15:48:52.529 (821313727)|HEAP_ALLOCATE|[EXTERNAL]|Bytes:4
15:48:52.529 (821322938)|HEAP_ALLOCATE|[187]|Bytes:5
15:48:52.529 (821329473)|VARIABLE_ASSIGNMENT|[187]|ot|null|
15:48:52.529 (821333444)|STATEMENT_EXECUTE|[191]
15:48:52.529 (821340064)|METHOD_ENTRY|[191]|01pg8000001w1Md|OrderSelector.getOrdersByIds(Set<Id>)
15:48:52.529 (821345474)|VARIABLE_SCOPE_BEGIN|[2]|ids|Set<Id>|true|false
15:48:52.529 (821352541)|VARIABLE_ASSIGNMENT|[2]|ids|["801g8000009VivjAAC"]|0x79750473
15:48:52.529 (821359304)|STATEMENT_EXECUTE|[2]
15:48:52.529 (821360348)|STATEMENT_EXECUTE|[3]
15:48:52.529 (821366372)|HEAP_ALLOCATE|[3]|Bytes:4
15:48:52.529 (821373845)|HEAP_ALLOCATE|[3]|Bytes:4
15:48:52.529 (821816145)|SOQL_EXECUTE_BEGIN|[3]|Aggregations:0|SELECT Id, DistributionCenter__c, State__c, City__c, Country__c, AccountId, Status FROM Order WHERE Id = :tmpVar1
15:48:52.529 (824842465)|SOQL_EXECUTE_END|[3]|Rows:1
15:48:52.529 (824869646)|HEAP_ALLOCATE|[3]|Bytes:8
15:48:52.529 (824887984)|HEAP_ALLOCATE|[3]|Bytes:209
15:48:52.529 (824924436)|HEAP_ALLOCATE|[3]|Bytes:8
15:48:52.529 (824947671)|HEAP_ALLOCATE|[3]|Bytes:32
15:48:52.529 (824966366)|HEAP_ALLOCATE|[3]|Bytes:4
15:48:52.529 (824979523)|METHOD_EXIT|[191]|01pg8000001w1Md|OrderSelector.getOrdersByIds(Set<Id>)
15:48:52.529 (825107096)|VARIABLE_ASSIGNMENT|[191]|idMapOrders|{"801g8000009VivjAAC":{"Status":"Draft","City__c":"a05g8000002BgdtAAC","Country__c":"a03g80000084tcUAAQ","AccountId":"001g8000009VivhAAC","DistributionCenter__c":"a06g8000001gZKDAA2","Id":"801g8000009VivjAAC","State__c":"a04g8000000b5VNAAY"}}|0xfff82a4
15:48:52.529 (825143031)|HEAP_ALLOCATE|[193]|Bytes:5
15:48:52.529 (825161005)|HEAP_ALLOCATE|[193]|Bytes:4
15:48:52.529 (825168794)|VARIABLE_SCOPE_BEGIN|[193]|ot|OrderItem|true|false
15:48:52.529 (825668545)|VARIABLE_ASSIGNMENT|[193]|ot|{"Product_Code_Display__c":"TRT 7","IsDeleted":false,"UnitPrice":100.00,"Product2Id":"01tg8000001RQyjAAG","PricebookEntryId":"01ug8000000gTiLAAU","TotalPrice":100.00,"Quantity":1.00,"ListPrice":1000.00,"OrderId":"801g8000009VivjAAC"}|0x58d81cf3
15:48:52.529 (825678276)|STATEMENT_EXECUTE|[193]
15:48:52.529 (825680076)|STATEMENT_EXECUTE|[194]
15:48:52.529 (825701645)|VARIABLE_SCOPE_BEGIN|[194]|pedido|Order|true|false
15:48:52.529 (825739797)|VARIABLE_ASSIGNMENT|[194]|pedido|{"Status":"Draft","City__c":"a05g8000002BgdtAAC","Country__c":"a03g80000084tcUAAQ","AccountId":"001g8000009VivhAAC","DistributionCenter__c":"a06g8000001gZKDAA2","Id":"801g8000009VivjAAC","State__c":"a04g8000000b5VNAAY"}|0x510f6426
15:48:52.529 (825764432)|STATEMENT_EXECUTE|[195]
15:48:52.529 (825770955)|HEAP_ALLOCATE|[193]|Bytes:5
15:48:52.529 (825778429)|VARIABLE_ASSIGNMENT|[193]|ot|null|
15:48:52.529 (825786062)|METHOD_EXIT|[19]|01pg8000001EZwd|OrdemItemHandler.checkActiveOrderItem()
15:48:52.529 (825790151)|STATEMENT_EXECUTE|[20]
15:48:52.529 (825794832)|METHOD_ENTRY|[20]|01pg8000001EZwd|OrdemItemHandler.executePricingLogic()
15:48:52.529 (825799336)|VARIABLE_SCOPE_BEGIN|[35]|this|OrdemItemHandler|true|false
15:48:52.529 (825831992)|VARIABLE_ASSIGNMENT|[35]|this|{"newRecords":"0x2f7a7200","handlerName":"OrderItemHandler","isTriggerExecuting":true,"triggerEvent":"0x461e9db9"}|0x434f28e8
15:48:52.529 (825842182)|STATEMENT_EXECUTE|[35]
15:48:52.529 (825843402)|STATEMENT_EXECUTE|[37]
15:48:52.529 (825853111)|HEAP_ALLOCATE|[37]|Bytes:4
15:48:52.529 (825863010)|VARIABLE_SCOPE_BEGIN|[37]|setOrderIds|Set<Id>|true|false
15:48:52.529 (825887047)|VARIABLE_ASSIGNMENT|[37]|setOrderIds|[]|0x4b366681
15:48:52.529 (825890624)|STATEMENT_EXECUTE|[38]
15:48:52.529 (825893065)|HEAP_ALLOCATE|[38]|Bytes:4
15:48:52.529 (825898394)|VARIABLE_SCOPE_BEGIN|[38]|setProductIds|Set<Id>|true|false
15:48:52.529 (825904711)|VARIABLE_ASSIGNMENT|[38]|setProductIds|[]|0x6f3d3cf3
15:48:52.529 (825907535)|STATEMENT_EXECUTE|[39]
15:48:52.529 (825909585)|HEAP_ALLOCATE|[39]|Bytes:4
15:48:52.529 (825914204)|VARIABLE_SCOPE_BEGIN|[39]|setAccountIds|Set<Id>|true|false
15:48:52.529 (825920191)|VARIABLE_ASSIGNMENT|[39]|setAccountIds|[]|0x1c247912
15:48:52.529 (825922939)|STATEMENT_EXECUTE|[42]
15:48:52.529 (825932780)|HEAP_ALLOCATE|[42]|Bytes:4
15:48:52.529 (825936321)|VARIABLE_SCOPE_BEGIN|[42]|itemsByOrderId|Map<Id,List<OrderItem>>|true|false
15:48:52.529 (825943410)|VARIABLE_ASSIGNMENT|[42]|itemsByOrderId|{}|0x36a010e4
15:48:52.529 (825956014)|HEAP_ALLOCATE|[45]|Bytes:5
15:48:52.529 (825963551)|HEAP_ALLOCATE|[45]|Bytes:4
15:48:52.529 (825967408)|VARIABLE_SCOPE_BEGIN|[45]|item|OrderItem|true|false
15:48:52.529 (826383213)|VARIABLE_ASSIGNMENT|[45]|item|{"Product_Code_Display__c":"TRT 7","IsDeleted":false,"UnitPrice":100.00,"Product2Id":"01tg8000001RQyjAAG","PricebookEntryId":"01ug8000000gTiLAAU","TotalPrice":100.00,"Quantity":1.00,"ListPrice":1000.00,"OrderId":"801g8000009VivjAAC"}|0x58d81cf3
15:48:52.529 (826389744)|STATEMENT_EXECUTE|[45]
15:48:52.529 (826394372)|STATEMENT_EXECUTE|[46]
15:48:52.529 (826395495)|STATEMENT_EXECUTE|[47]
15:48:52.529 (826403235)|HEAP_ALLOCATE|[EXTERNAL]|Bytes:4
15:48:52.529 (826417079)|STATEMENT_EXECUTE|[49]
15:48:52.529 (826425313)|HEAP_ALLOCATE|[49]|Bytes:4
15:48:52.529 (826437880)|HEAP_ALLOCATE|[EXTERNAL]|Bytes:4
15:48:52.529 (826441492)|HEAP_ALLOCATE|[EXTERNAL]|Bytes:-4
15:48:52.529 (826445069)|STATEMENT_EXECUTE|[50]
15:48:52.529 (826468634)|HEAP_ALLOCATE|[EXTERNAL]|Bytes:4
15:48:52.529 (826475089)|STATEMENT_EXECUTE|[52]
15:48:52.529 (826478861)|HEAP_ALLOCATE|[EXTERNAL]|Bytes:4
15:48:52.529 (826486180)|HEAP_ALLOCATE|[45]|Bytes:5
15:48:52.529 (826492905)|VARIABLE_ASSIGNMENT|[45]|item|null|
15:48:52.529 (826496049)|STATEMENT_EXECUTE|[56]
15:48:52.529 (826500564)|METHOD_ENTRY|[56]|01pg8000001w1Md|OrderSelector.getOrdersByIds(Set<Id>)
15:48:52.529 (826504840)|VARIABLE_SCOPE_BEGIN|[2]|ids|Set<Id>|true|false
15:48:52.529 (826511162)|VARIABLE_ASSIGNMENT|[2]|ids|["801g8000009VivjAAC"]|0x4b366681
15:48:52.529 (826517149)|STATEMENT_EXECUTE|[2]
15:48:52.529 (826518068)|STATEMENT_EXECUTE|[3]
15:48:52.529 (826522731)|HEAP_ALLOCATE|[3]|Bytes:4
15:48:52.529 (826529203)|HEAP_ALLOCATE|[3]|Bytes:4
15:48:52.529 (826902890)|SOQL_EXECUTE_BEGIN|[3]|Aggregations:0|SELECT Id, DistributionCenter__c, State__c, City__c, Country__c, AccountId, Status FROM Order WHERE Id = :tmpVar1
15:48:52.529 (829689558)|SOQL_EXECUTE_END|[3]|Rows:1
15:48:52.529 (829711703)|HEAP_ALLOCATE|[3]|Bytes:8
15:48:52.529 (829727360)|HEAP_ALLOCATE|[3]|Bytes:209
15:48:52.529 (829759105)|HEAP_ALLOCATE|[3]|Bytes:8
15:48:52.529 (829777547)|HEAP_ALLOCATE|[3]|Bytes:32
15:48:52.529 (829794399)|HEAP_ALLOCATE|[3]|Bytes:4
15:48:52.529 (829806142)|METHOD_EXIT|[56]|01pg8000001w1Md|OrderSelector.getOrdersByIds(Set<Id>)
15:48:52.529 (829812753)|VARIABLE_SCOPE_BEGIN|[56]|mapOrders|Map<Id,Order>|true|false
15:48:52.529 (829907417)|VARIABLE_ASSIGNMENT|[56]|mapOrders|{"801g8000009VivjAAC":{"Status":"Draft","City__c":"a05g8000002BgdtAAC","Country__c":"a03g80000084tcUAAQ","AccountId":"001g8000009VivhAAC","DistributionCenter__c":"a06g8000001gZKDAA2","Id":"801g8000009VivjAAC","State__c":"a04g8000000b5VNAAY"}}|0x5bbae913
15:48:52.529 (829923621)|HEAP_ALLOCATE|[EXTERNAL]|Bytes:8
15:48:52.529 (829930942)|HEAP_ALLOCATE|[58]|Bytes:216
15:48:52.529 (829956437)|HEAP_ALLOCATE|[58]|Bytes:5
15:48:52.529 (829968964)|HEAP_ALLOCATE|[58]|Bytes:32
15:48:52.529 (829975028)|VARIABLE_SCOPE_BEGIN|[58]|o|Order|true|false
15:48:52.529 (830006505)|VARIABLE_ASSIGNMENT|[58]|o|{"Status":"Draft","City__c":"a05g8000002BgdtAAC","Country__c":"a03g80000084tcUAAQ","AccountId":"001g8000009VivhAAC","DistributionCenter__c":"a06g8000001gZKDAA2","Id":"801g8000009VivjAAC","State__c":"a04g8000000b5VNAAY"}|0x539f7541
15:48:52.529 (830015407)|STATEMENT_EXECUTE|[58]
15:48:52.529 (830031423)|HEAP_ALLOCATE|[EXTERNAL]|Bytes:4
15:48:52.529 (830038943)|HEAP_ALLOCATE|[58]|Bytes:5
15:48:52.529 (830045619)|VARIABLE_ASSIGNMENT|[58]|o|null|
15:48:52.529 (830049247)|STATEMENT_EXECUTE|[60]
15:48:52.529 (830054987)|METHOD_ENTRY|[60]|01pg8000001w1MX|AccountSelector.getAccountByIds(Set<Id>)
15:48:52.529 (830060127)|VARIABLE_SCOPE_BEGIN|[2]|ids|Set<Id>|true|false
15:48:52.529 (830068993)|VARIABLE_ASSIGNMENT|[2]|ids|["001g8000009VivhAAC"]|0x1c247912
15:48:52.529 (830077621)|STATEMENT_EXECUTE|[2]
15:48:52.529 (830078902)|STATEMENT_EXECUTE|[3]
15:48:52.529 (830087533)|HEAP_ALLOCATE|[3]|Bytes:4
15:48:52.529 (830094431)|HEAP_ALLOCATE|[3]|Bytes:4
15:48:52.529 (830331122)|SOQL_EXECUTE_BEGIN|[3]|Aggregations:0|SELECT Id, AccountGroup__c FROM Account WHERE Id = :tmpVar1
15:48:52.529 (833254845)|SOQL_EXECUTE_END|[3]|Rows:1
15:48:52.529 (833276555)|HEAP_ALLOCATE|[3]|Bytes:8
15:48:52.529 (833293990)|HEAP_ALLOCATE|[3]|Bytes:66
15:48:52.529 (833326318)|HEAP_ALLOCATE|[3]|Bytes:8
15:48:52.529 (833345326)|HEAP_ALLOCATE|[3]|Bytes:12
15:48:52.529 (833361580)|HEAP_ALLOCATE|[3]|Bytes:4
15:48:52.529 (833373178)|METHOD_EXIT|[60]|01pg8000001w1MX|AccountSelector.getAccountByIds(Set<Id>)
15:48:52.529 (833379761)|VARIABLE_SCOPE_BEGIN|[60]|mapAccounts|Map<Id,Account>|true|false
15:48:52.529 (833446475)|VARIABLE_ASSIGNMENT|[60]|mapAccounts|{"001g8000009VivhAAC":{"AccountGroup__c":"a02g8000002mQYXAA2","Id":"001g8000009VivhAAC"}}|0x6928685e
15:48:52.529 (833453612)|STATEMENT_EXECUTE|[62]
15:48:52.529 (833461360)|METHOD_ENTRY|[62]|01pg8000001w1Mf|ProductSelector.getProductByIds(Set<Id>)
15:48:52.529 (833466439)|VARIABLE_SCOPE_BEGIN|[2]|ids|Set<Id>|true|false
15:48:52.529 (833476186)|VARIABLE_ASSIGNMENT|[2]|ids|["01tg8000001RQyjAAG"]|0x6f3d3cf3
15:48:52.529 (833484499)|STATEMENT_EXECUTE|[2]
15:48:52.529 (833485583)|STATEMENT_EXECUTE|[3]
15:48:52.529 (833494578)|HEAP_ALLOCATE|[3]|Bytes:4
15:48:52.529 (833502038)|HEAP_ALLOCATE|[3]|Bytes:4
15:48:52.529 (833754191)|SOQL_EXECUTE_BEGIN|[3]|Aggregations:0|SELECT Id, ProductionCost__c, ProductHierarchy__c FROM Product2 WHERE Id = :tmpVar1
15:48:52.529 (836052052)|SOQL_EXECUTE_END|[3]|Rows:1
15:48:52.529 (836073412)|HEAP_ALLOCATE|[3]|Bytes:8
15:48:52.529 (836091067)|HEAP_ALLOCATE|[3]|Bytes:127
15:48:52.529 (836121845)|HEAP_ALLOCATE|[3]|Bytes:8
15:48:52.529 (836139080)|HEAP_ALLOCATE|[3]|Bytes:16
15:48:52.529 (836154162)|HEAP_ALLOCATE|[3]|Bytes:4
15:48:52.529 (836165022)|METHOD_EXIT|[62]|01pg8000001w1Mf|ProductSelector.getProductByIds(Set<Id>)
15:48:52.529 (836171778)|VARIABLE_SCOPE_BEGIN|[62]|mapProducts|Map<Id,Product2>|true|false
15:48:52.529 (836239228)|VARIABLE_ASSIGNMENT|[62]|mapProducts|{"01tg8000001RQyjAAG":{"ProductionCost__c":300000.00,"ProductHierarchy__c":"a01g8000009ViviAAC","Id":"01tg8000001RQyjAAG"}}|0x2a69bc42
15:48:52.529 (836246461)|STATEMENT_EXECUTE|[65]
15:48:52.529 (836253402)|METHOD_ENTRY|[65]|01pg8000001w1MZ|MargemSelector.getMargemApproved()
15:48:52.529 (836263652)|STATEMENT_EXECUTE|[2]
15:48:52.529 (836264587)|STATEMENT_EXECUTE|[3]
15:48:52.529 (836273353)|HEAP_ALLOCATE|[3]|Bytes:4
15:48:52.529 (836598639)|SOQL_EXECUTE_BEGIN|[3]|Aggregations:0|SELECT Product__c, ProductHierarchy__c, Account__c, AccountGroup__c, City__c, State__c, Country__c, MarginValuePercent__c FROM Margem__c WHERE Status__c = 'Approved'
15:48:52.529 (839149115)|SOQL_EXECUTE_END|[3]|Rows:1
15:48:52.529 (839169744)|HEAP_ALLOCATE|[3]|Bytes:8
15:48:52.529 (839190084)|HEAP_ALLOCATE|[3]|Bytes:184
15:48:52.529 (839221290)|HEAP_ALLOCATE|[3]|Bytes:8
15:48:52.529 (839236630)|METHOD_EXIT|[65]|01pg8000001w1MZ|MargemSelector.getMargemApproved()
15:48:52.529 (839243414)|VARIABLE_SCOPE_BEGIN|[65]|listMargins|List<Margem__c>|true|false
15:48:52.529 (839325036)|VARIABLE_ASSIGNMENT|[65]|listMargins|[{"Account__c":"001g8000009VivhAAC","Product__c":"01tg8000001RQyjAAG","Id":"a00g800000PiDJ6AAN","State__c":"a04g8000000b5VNAAY","MarginValuePercent__c":15.00}]|0x658b34f3
15:48:52.529 (839333445)|STATEMENT_EXECUTE|[68]
15:48:52.529 (839342723)|HEAP_ALLOCATE|[68]|Bytes:4
15:48:52.529 (839348975)|VARIABLE_SCOPE_BEGIN|[68]|mapMargin|Map<String,Margem__c>|true|false
15:48:52.529 (839358433)|VARIABLE_ASSIGNMENT|[68]|mapMargin|{}|0x4fec0a46
15:48:52.529 (839389854)|HEAP_ALLOCATE|[69]|Bytes:5
15:48:52.529 (839405914)|HEAP_ALLOCATE|[69]|Bytes:24
15:48:52.529 (839412215)|VARIABLE_SCOPE_BEGIN|[69]|m|Margem__c|true|false
15:48:52.529 (839437961)|VARIABLE_ASSIGNMENT|[69]|m|{"Account__c":"001g8000009VivhAAC","Product__c":"01tg8000001RQyjAAG","Id":"a00g800000PiDJ6AAN","State__c":"a04g8000000b5VNAAY","MarginValuePercent__c":15.00}|0x55e421bd
15:48:52.529 (839443218)|STATEMENT_EXECUTE|[69]
15:48:52.529 (839444681)|STATEMENT_EXECUTE|[70]
15:48:52.529 (839478033)|HEAP_ALLOCATE|[70]|Bytes:18
15:48:52.529 (839485218)|VARIABLE_SCOPE_BEGIN|[70]|p|String|false|false
15:48:52.529 (839490805)|VARIABLE_ASSIGNMENT|[70]|p|"01tg8000001RQyjAAG"
15:48:52.529 (839493300)|STATEMENT_EXECUTE|[71]
15:48:52.529 (839500174)|HEAP_ALLOCATE|[71]|Bytes:18
15:48:52.529 (839504494)|VARIABLE_SCOPE_BEGIN|[71]|a|String|false|false
15:48:52.529 (839509219)|VARIABLE_ASSIGNMENT|[71]|a|"001g8000009VivhAAC"
15:48:52.529 (839511345)|STATEMENT_EXECUTE|[72]
15:48:52.529 (839519490)|HEAP_ALLOCATE|[72]|Bytes:18
15:48:52.529 (839523721)|VARIABLE_SCOPE_BEGIN|[72]|l|String|false|false
15:48:52.529 (839528057)|VARIABLE_ASSIGNMENT|[72]|l|"a04g8000000b5VNAAY"
15:48:52.529 (839530229)|STATEMENT_EXECUTE|[75]
15:48:52.529 (839537210)|HEAP_ALLOCATE|[75]|Bytes:56
15:48:52.529 (839539301)|VARIABLE_SCOPE_BEGIN|[75]|compositeKey|String|false|false
15:48:52.529 (839544988)|VARIABLE_ASSIGNMENT|[75]|compositeKey|"01tg8000001RQyjAAG_0 (36 more) ..."
15:48:52.529 (839547376)|STATEMENT_EXECUTE|[76]
15:48:52.529 (839556245)|HEAP_ALLOCATE|[EXTERNAL]|Bytes:-4
15:48:52.529 (839561128)|STATEMENT_EXECUTE|[77]
15:48:52.529 (839565423)|HEAP_ALLOCATE|[77]|Bytes:84
15:48:52.529 (839578403)|USER_DEBUG|[77]|DEBUG|MAPA MARGEM - Chave Gerada: 01tg8000001RQyjAAG_001g8000009VivhAAC_a04g8000000b5VNAAY
15:48:52.529 (839586192)|HEAP_ALLOCATE|[69]|Bytes:5
15:48:52.529 (839592861)|VARIABLE_ASSIGNMENT|[69]|m|null|
15:48:52.529 (839596634)|STATEMENT_EXECUTE|[81]
15:48:52.529 (839601620)|METHOD_ENTRY|[81]|01pg8000001w1Mg|TaxSelector.getTaxApproved()
15:48:52.529 (839610789)|STATEMENT_EXECUTE|[2]
15:48:52.529 (839611740)|STATEMENT_EXECUTE|[3]
15:48:52.529 (839616740)|HEAP_ALLOCATE|[3]|Bytes:4
15:48:52.529 (839839228)|SOQL_EXECUTE_BEGIN|[3]|Aggregations:0|SELECT Product__c, State__c, DistributionCenter__c, TaxRate__c FROM Tax__c WHERE Status__c = 'Approved'
15:48:52.529 (842221050)|SOQL_EXECUTE_END|[3]|Rows:1
15:48:52.529 (842241635)|HEAP_ALLOCATE|[3]|Bytes:8
15:48:52.529 (842261122)|HEAP_ALLOCATE|[3]|Bytes:184
15:48:52.529 (842294761)|HEAP_ALLOCATE|[3]|Bytes:8
15:48:52.529 (842312118)|METHOD_EXIT|[81]|01pg8000001w1Mg|TaxSelector.getTaxApproved()
15:48:52.529 (842320465)|VARIABLE_SCOPE_BEGIN|[81]|listTaxes|List<Tax__c>|true|false
15:48:52.529 (842408873)|VARIABLE_ASSIGNMENT|[81]|listTaxes|[{"DistributionCenter__c":"a06g8000001gZKDAA2","Product__c":"01tg8000001RQyjAAG","TaxRate__c":10.00,"Id":"a09g8000002D2vhAAC","State__c":"a04g8000000b5VNAAY"}]|0x23ffa443
15:48:52.529 (842417850)|STATEMENT_EXECUTE|[83]
15:48:52.529 (842428232)|HEAP_ALLOCATE|[83]|Bytes:4
15:48:52.529 (842434846)|VARIABLE_SCOPE_BEGIN|[83]|mapTaxByCompositeKey|Map<String,Tax__c>|true|false
15:48:52.529 (842444750)|VARIABLE_ASSIGNMENT|[83]|mapTaxByCompositeKey|{}|0x47f7acfb
15:48:52.529 (842474756)|HEAP_ALLOCATE|[84]|Bytes:5
15:48:52.529 (842490515)|HEAP_ALLOCATE|[84]|Bytes:24
15:48:52.529 (842496697)|VARIABLE_SCOPE_BEGIN|[84]|t|Tax__c|true|false
15:48:52.529 (842522313)|VARIABLE_ASSIGNMENT|[84]|t|{"DistributionCenter__c":"a06g8000001gZKDAA2","Product__c":"01tg8000001RQyjAAG","TaxRate__c":10.00,"Id":"a09g8000002D2vhAAC","State__c":"a04g8000000b5VNAAY"}|0x1660a30e
15:48:52.529 (842527326)|STATEMENT_EXECUTE|[84]
15:48:52.529 (842528607)|STATEMENT_EXECUTE|[85]
15:48:52.529 (842554066)|HEAP_ALLOCATE|[85]|Bytes:18
15:48:52.529 (842564497)|HEAP_ALLOCATE|[86]|Bytes:18
15:48:52.529 (842573281)|HEAP_ALLOCATE|[87]|Bytes:18
15:48:52.529 (842581760)|HEAP_ALLOCATE|[85]|Bytes:54
15:48:52.529 (842585835)|VARIABLE_SCOPE_BEGIN|[85]|key|String|false|false
15:48:52.529 (842592126)|VARIABLE_ASSIGNMENT|[85]|key|"01tg8000001RQyjAAGa0 (34 more) ..."
15:48:52.529 (842594880)|STATEMENT_EXECUTE|[88]
15:48:52.529 (842602271)|HEAP_ALLOCATE|[EXTERNAL]|Bytes:-4
15:48:52.529 (842611421)|HEAP_ALLOCATE|[84]|Bytes:5
15:48:52.529 (842617537)|VARIABLE_ASSIGNMENT|[84]|t|null|
15:48:52.529 (842622617)|STATEMENT_EXECUTE|[92]
15:48:52.529 (842628185)|METHOD_ENTRY|[92]|01pg8000001w1MY|FreightSelector.getFreightApproved()
15:48:52.529 (842637628)|STATEMENT_EXECUTE|[2]
15:48:52.529 (842638719)|STATEMENT_EXECUTE|[3]
15:48:52.529 (842644637)|HEAP_ALLOCATE|[3]|Bytes:4
15:48:52.529 (842947415)|SOQL_EXECUTE_BEGIN|[3]|Aggregations:0|SELECT Product__c, City__c, State__c, Country__c, DistributionCenter__c, FreightValue__c, ProductHierarchy__c FROM Freight__c WHERE Status__c = 'Approved'
15:48:52.529 (845412879)|SOQL_EXECUTE_END|[3]|Rows:1
15:48:52.529 (845437273)|HEAP_ALLOCATE|[3]|Bytes:8
15:48:52.529 (845459493)|HEAP_ALLOCATE|[3]|Bytes:189
15:48:52.529 (845495152)|HEAP_ALLOCATE|[3]|Bytes:8
15:48:52.529 (845512512)|METHOD_EXIT|[92]|01pg8000001w1MY|FreightSelector.getFreightApproved()
15:48:52.529 (845520533)|VARIABLE_SCOPE_BEGIN|[92]|listFreights|List<Freight__c>|true|false
15:48:52.529 (845616869)|VARIABLE_ASSIGNMENT|[92]|listFreights|[{"DistributionCenter__c":"a06g8000001gZKDAA2","Product__c":"01tg8000001RQyjAAG","Id":"a0Ag8000000gGrZEAU","State__c":"a04g8000000b5VNAAY","FreightValue__c":700.00}]|0x676b62bc
15:48:52.529 (845627756)|STATEMENT_EXECUTE|[94]
15:48:52.529 (845638503)|HEAP_ALLOCATE|[94]|Bytes:4
15:48:52.529 (845646019)|VARIABLE_SCOPE_BEGIN|[94]|mapFreight|Map<String,Freight__c>|true|false
15:48:52.529 (845658316)|VARIABLE_ASSIGNMENT|[94]|mapFreight|{}|0x5fbc9d4b
15:48:52.529 (845691446)|HEAP_ALLOCATE|[95]|Bytes:5
15:48:52.529 (845709076)|HEAP_ALLOCATE|[95]|Bytes:24
15:48:52.529 (845716411)|VARIABLE_SCOPE_BEGIN|[95]|f|Freight__c|true|false
15:48:52.529 (845746003)|VARIABLE_ASSIGNMENT|[95]|f|{"DistributionCenter__c":"a06g8000001gZKDAA2","Product__c":"01tg8000001RQyjAAG","Id":"a0Ag8000000gGrZEAU","State__c":"a04g8000000b5VNAAY","FreightValue__c":700.00}|0x593904d8
15:48:52.529 (845751275)|STATEMENT_EXECUTE|[95]
15:48:52.529 (845752585)|STATEMENT_EXECUTE|[96]
15:48:52.529 (845779451)|HEAP_ALLOCATE|[96]|Bytes:18
15:48:52.529 (845786103)|VARIABLE_SCOPE_BEGIN|[96]|quem|String|false|false
15:48:52.529 (845791253)|VARIABLE_ASSIGNMENT|[96]|quem|"01tg8000001RQyjAAG"
15:48:52.529 (845794007)|STATEMENT_EXECUTE|[97]
15:48:52.529 (845802497)|HEAP_ALLOCATE|[97]|Bytes:18
15:48:52.529 (845806759)|VARIABLE_SCOPE_BEGIN|[97]|onde|String|false|false
15:48:52.529 (845811183)|VARIABLE_ASSIGNMENT|[97]|onde|"a04g8000000b5VNAAY"
15:48:52.529 (845813758)|STATEMENT_EXECUTE|[99]
15:48:52.529 (845819264)|HEAP_ALLOCATE|[99]|Bytes:37
15:48:52.529 (845821380)|VARIABLE_SCOPE_BEGIN|[99]|key|String|false|false
15:48:52.529 (845826677)|VARIABLE_ASSIGNMENT|[99]|key|"01tg8000001RQyjAAG_a (17 more) ..."
15:48:52.529 (845829032)|STATEMENT_EXECUTE|[101]
15:48:52.529 (845837936)|HEAP_ALLOCATE|[EXTERNAL]|Bytes:-4
15:48:52.529 (845842333)|STATEMENT_EXECUTE|[102]
15:48:52.529 (845845842)|HEAP_ALLOCATE|[102]|Bytes:64
15:48:52.529 (845856652)|USER_DEBUG|[102]|DEBUG|MAPA FRETE - Chave Gerada: 01tg8000001RQyjAAG_a04g8000000b5VNAAY
15:48:52.529 (845864912)|HEAP_ALLOCATE|[95]|Bytes:5
15:48:52.529 (845871525)|VARIABLE_ASSIGNMENT|[95]|f|null|
15:48:52.529 (845886087)|HEAP_ALLOCATE|[106]|Bytes:5
15:48:52.529 (845897794)|HEAP_ALLOCATE|[106]|Bytes:4
15:48:52.529 (845901722)|VARIABLE_SCOPE_BEGIN|[106]|item|OrderItem|true|false
15:48:52.529 (846521266)|VARIABLE_ASSIGNMENT|[106]|item|{"Product_Code_Display__c":"TRT 7","IsDeleted":false,"UnitPrice":100.00,"Product2Id":"01tg8000001RQyjAAG","PricebookEntryId":"01ug8000000gTiLAAU","TotalPrice":100.00,"Quantity":1.00,"ListPrice":1000.00,"OrderId":"801g8000009VivjAAC"}|0x58d81cf3
15:48:52.529 (846529270)|STATEMENT_EXECUTE|[106]
15:48:52.529 (846530697)|STATEMENT_EXECUTE|[107]
15:48:52.529 (846552492)|VARIABLE_SCOPE_BEGIN|[107]|pedido|Order|true|false
15:48:52.529 (846613533)|VARIABLE_ASSIGNMENT|[107]|pedido|{"Status":"Draft","City__c":"a05g8000002BgdtAAC","Country__c":"a03g80000084tcUAAQ","AccountId":"001g8000009VivhAAC","DistributionCenter__c":"a06g8000001gZKDAA2","Id":"801g8000009VivjAAC","State__c":"a04g8000000b5VNAAY"}|0x539f7541
15:48:52.529 (846618494)|STATEMENT_EXECUTE|[108]
15:48:52.529 (846630496)|VARIABLE_SCOPE_BEGIN|[108]|produto|Product2|true|false
15:48:52.529 (846657991)|VARIABLE_ASSIGNMENT|[108]|produto|{"ProductionCost__c":300000.00,"ProductHierarchy__c":"a01g8000009ViviAAC","Id":"01tg8000001RQyjAAG"}|0x717a872f
15:48:52.529 (846661213)|STATEMENT_EXECUTE|[109]
15:48:52.529 (846675373)|VARIABLE_SCOPE_BEGIN|[109]|cliente|Account|true|false
15:48:52.529 (846698800)|VARIABLE_ASSIGNMENT|[109]|cliente|{"AccountGroup__c":"a02g8000002mQYXAA2","Id":"001g8000009VivhAAC"}|0x4db8753e
15:48:52.529 (846726836)|HEAP_ALLOCATE|[113]|Bytes:28
15:48:52.529 (846729628)|HEAP_ALLOCATE|[113]|Bytes:28
15:48:52.529 (846772683)|HEAP_ALLOCATE|[113]|Bytes:28
15:48:52.529 (846774916)|HEAP_ALLOCATE|[113]|Bytes:28
15:48:52.529 (846785164)|STATEMENT_EXECUTE|[113]
15:48:52.529 (846788438)|STATEMENT_EXECUTE|[119]
15:48:52.529 (846789488)|STATEMENT_EXECUTE|[121]
15:48:52.529 (846795906)|HEAP_ALLOCATE|[121]|Bytes:18
15:48:52.529 (846804954)|HEAP_ALLOCATE|[122]|Bytes:18
15:48:52.529 (846814642)|HEAP_ALLOCATE|[123]|Bytes:18
15:48:52.529 (846821961)|HEAP_ALLOCATE|[121]|Bytes:54
15:48:52.529 (846826073)|VARIABLE_SCOPE_BEGIN|[121]|keyOrderItemImposto|String|false|false
15:48:52.529 (846835003)|VARIABLE_ASSIGNMENT|[121]|keyOrderItemImposto|"01tg8000001RQyjAAGa0 (34 more) ..."
15:48:52.529 (846838466)|STATEMENT_EXECUTE|[125]
15:48:52.529 (846851318)|VARIABLE_SCOPE_BEGIN|[125]|impostoEncontrado|Tax__c|true|false
15:48:52.529 (846897715)|VARIABLE_ASSIGNMENT|[125]|impostoEncontrado|{"DistributionCenter__c":"a06g8000001gZKDAA2","Product__c":"01tg8000001RQyjAAG","TaxRate__c":10.00,"Id":"a09g8000002D2vhAAC","State__c":"a04g8000000b5VNAAY"}|0x1660a30e
15:48:52.529 (846901916)|STATEMENT_EXECUTE|[127]
15:48:52.529 (847409941)|VARIABLE_ASSIGNMENT|[127]|this.TaxPercentage__c|10.00|0x58d81cf3
15:48:52.529 (847414726)|STATEMENT_EXECUTE|[130]
15:48:52.529 (847430678)|METHOD_ENTRY|[130]|01pg8000001F8kf|PricingService.findMargin(OrderItem, Order, Map<String,Margem__c>, Id, Account)
15:48:52.529 (847436412)|VARIABLE_SCOPE_BEGIN|[21]|item|OrderItem|true|false
15:48:52.529 (847814751)|VARIABLE_ASSIGNMENT|[21]|item|{"Product_Code_Display__c":"TRT 7","IsDeleted":false,"UnitPrice":100.00,"Product2Id":"01tg8000001RQyjAAG","PricebookEntryId":"01ug8000000gTiLAAU","TotalPrice":100.00,"Quantity":1.00,"TaxPercentage__c":10.00,"ListPrice":1000.00,"OrderId":"801g8000009VivjAAC"}|0x58d81cf3
15:48:52.529 (847819699)|VARIABLE_SCOPE_BEGIN|[21]|pedido|Order|true|false
15:48:52.529 (847860395)|VARIABLE_ASSIGNMENT|[21]|pedido|{"Status":"Draft","City__c":"a05g8000002BgdtAAC","Country__c":"a03g80000084tcUAAQ","AccountId":"001g8000009VivhAAC","DistributionCenter__c":"a06g8000001gZKDAA2","Id":"801g8000009VivjAAC","State__c":"a04g8000000b5VNAAY"}|0x539f7541
15:48:52.529 (847864142)|VARIABLE_SCOPE_BEGIN|[21]|mapMargin|Map<String,Margem__c>|true|false
15:48:52.529 (847900013)|VARIABLE_ASSIGNMENT|[21]|mapMargin|{"01tg8000001RQyjAAG_001g8000009VivhAAC_a04g8000000b5VNAAY":{"Account__c":"001g8000009VivhAAC","Product__c":"01tg8000001RQyjAAG","Id":"a00g800000PiDJ6AAN","State__c":"a04g8000000b5VNAAY","MarginValuePercent__c":15.00}}|0x4fec0a46
15:48:52.529 (847903979)|VARIABLE_SCOPE_BEGIN|[21]|h|Id|false|false
15:48:52.529 (847988504)|VARIABLE_ASSIGNMENT|[21]|h|"a01g8000009ViviAAC"
15:48:52.529 (847992348)|VARIABLE_SCOPE_BEGIN|[21]|cliente|Account|true|false
15:48:52.529 (848016898)|VARIABLE_ASSIGNMENT|[21]|cliente|{"AccountGroup__c":"a02g8000002mQYXAA2","Id":"001g8000009VivhAAC"}|0x4db8753e
15:48:52.529 (848028605)|STATEMENT_EXECUTE|[21]
15:48:52.529 (848029907)|STATEMENT_EXECUTE|[22]
15:48:52.529 (848037537)|VARIABLE_SCOPE_BEGIN|[22]|p|Id|false|false
15:48:52.529 (848066050)|VARIABLE_ASSIGNMENT|[22]|p|"01tg8000001RQyjAAG"
15:48:52.529 (848068997)|STATEMENT_EXECUTE|[23]
15:48:52.529 (848073056)|VARIABLE_SCOPE_BEGIN|[23]|a|Id|false|false
15:48:52.529 (848092442)|VARIABLE_ASSIGNMENT|[23]|a|"001g8000009VivhAAC"
15:48:52.529 (848095335)|STATEMENT_EXECUTE|[24]
15:48:52.529 (848099810)|VARIABLE_SCOPE_BEGIN|[24]|g|Id|false|false
15:48:52.529 (848118302)|VARIABLE_ASSIGNMENT|[24]|g|"a02g8000002mQYXAA2"
15:48:52.529 (848121195)|STATEMENT_EXECUTE|[25]
15:48:52.529 (848124455)|VARIABLE_SCOPE_BEGIN|[25]|c|Id|false|false
15:48:52.529 (848142690)|VARIABLE_ASSIGNMENT|[25]|c|"a05g8000002BgdtAAC"
15:48:52.529 (848145090)|STATEMENT_EXECUTE|[26]
15:48:52.529 (848147731)|VARIABLE_SCOPE_BEGIN|[26]|e|Id|false|false
15:48:52.529 (848165522)|VARIABLE_ASSIGNMENT|[26]|e|"a04g8000000b5VNAAY"
15:48:52.529 (848167885)|STATEMENT_EXECUTE|[27]
15:48:52.529 (848171216)|VARIABLE_SCOPE_BEGIN|[27]|pa|Id|false|false
15:48:52.529 (848188771)|VARIABLE_ASSIGNMENT|[27]|pa|"a03g80000084tcUAAQ"
15:48:52.529 (848203355)|HEAP_ALLOCATE|[30]|Bytes:18
15:48:52.529 (848214142)|HEAP_ALLOCATE|[30]|Bytes:18
15:48:52.529 (848220486)|HEAP_ALLOCATE|[30]|Bytes:18
15:48:52.529 (848227277)|HEAP_ALLOCATE|[30]|Bytes:56
15:48:52.529 (848238461)|STATEMENT_EXECUTE|[30]
15:48:52.529 (848242514)|HEAP_ALLOCATE|[31]|Bytes:18
15:48:52.529 (848248836)|HEAP_ALLOCATE|[31]|Bytes:18
15:48:52.529 (848254822)|HEAP_ALLOCATE|[31]|Bytes:18
15:48:52.529 (848258936)|HEAP_ALLOCATE|[31]|Bytes:56
15:48:52.529 (848264051)|STATEMENT_EXECUTE|[31]
15:48:52.529 (848267535)|HEAP_ALLOCATE|[31]|Bytes:18
15:48:52.529 (848273663)|HEAP_ALLOCATE|[31]|Bytes:18
15:48:52.529 (848279426)|HEAP_ALLOCATE|[31]|Bytes:18
15:48:52.529 (848283430)|HEAP_ALLOCATE|[31]|Bytes:56
15:48:52.529 (848301407)|METHOD_EXIT|[130]|01pg8000001F8kf|PricingService.findMargin(OrderItem, Order, Map<String,Margem__c>, Id, Account)
15:48:52.529 (848306003)|VARIABLE_SCOPE_BEGIN|[130]|margem|Margem__c|true|false
15:48:52.529 (848336508)|VARIABLE_ASSIGNMENT|[130]|margem|{"Account__c":"001g8000009VivhAAC","Product__c":"01tg8000001RQyjAAG","Id":"a00g800000PiDJ6AAN","State__c":"a04g8000000b5VNAAY","MarginValuePercent__c":15.00}|0x55e421bd
15:48:52.529 (848341226)|STATEMENT_EXECUTE|[131]
15:48:52.529 (848856267)|VARIABLE_ASSIGNMENT|[131]|this.MarginPercentage__c|15.00|0x58d81cf3
15:48:52.529 (848861795)|STATEMENT_EXECUTE|[134]
15:48:52.529 (848874173)|METHOD_ENTRY|[134]|01pg8000001F8kf|PricingService.findFreightValue(OrderItem, Order, Map<String,Freight__c>, Id)
15:48:52.529 (848879189)|VARIABLE_SCOPE_BEGIN|[4]|item|OrderItem|true|false
15:48:52.529 (849256880)|VARIABLE_ASSIGNMENT|[4]|item|{"Product_Code_Display__c":"TRT 7","IsDeleted":false,"UnitPrice":100.00,"Product2Id":"01tg8000001RQyjAAG","PricebookEntryId":"01ug8000000gTiLAAU","TotalPrice":100.00,"Quantity":1.00,"MarginPercentage__c":15.00,"TaxPercentage__c":10.00,"ListPrice":1000.00,"OrderId":"801g8000009VivjAAC"}|0x58d81cf3
15:48:52.529 (849262465)|VARIABLE_SCOPE_BEGIN|[4]|pedido|Order|true|false
15:48:52.529 (849304340)|VARIABLE_ASSIGNMENT|[4]|pedido|{"Status":"Draft","City__c":"a05g8000002BgdtAAC","Country__c":"a03g80000084tcUAAQ","AccountId":"001g8000009VivhAAC","DistributionCenter__c":"a06g8000001gZKDAA2","Id":"801g8000009VivjAAC","State__c":"a04g8000000b5VNAAY"}|0x539f7541
15:48:52.529 (849308492)|VARIABLE_SCOPE_BEGIN|[4]|mapFrete|Map<String,Freight__c>|true|false
15:48:52.529 (849341353)|VARIABLE_ASSIGNMENT|[4]|mapFrete|{"01tg8000001RQyjAAG_a04g8000000b5VNAAY":{"DistributionCenter__c":"a06g8000001gZKDAA2","Product__c":"01tg8000001RQyjAAG","Id":"a0Ag8000000gGrZEAU","State__c":"a04g8000000b5VNAAY","FreightValue__c":700.00}}|0x5fbc9d4b
15:48:52.529 (849345401)|VARIABLE_SCOPE_BEGIN|[4]|h|Id|false|false
15:48:52.529 (849388864)|VARIABLE_ASSIGNMENT|[4]|h|"a01g8000009ViviAAC"
15:48:52.529 (849397439)|STATEMENT_EXECUTE|[4]
15:48:52.529 (849398636)|STATEMENT_EXECUTE|[5]
15:48:52.529 (849403764)|VARIABLE_SCOPE_BEGIN|[5]|p|Id|false|false
15:48:52.529 (849424463)|VARIABLE_ASSIGNMENT|[5]|p|"01tg8000001RQyjAAG"
15:48:52.529 (849427171)|STATEMENT_EXECUTE|[6]
15:48:52.529 (849430199)|VARIABLE_SCOPE_BEGIN|[6]|c|Id|false|false
15:48:52.529 (849448036)|VARIABLE_ASSIGNMENT|[6]|c|"a05g8000002BgdtAAC"
15:48:52.529 (849450685)|STATEMENT_EXECUTE|[7]
15:48:52.529 (849453353)|VARIABLE_SCOPE_BEGIN|[7]|e|Id|false|false
15:48:52.529 (849470981)|VARIABLE_ASSIGNMENT|[7]|e|"a04g8000000b5VNAAY"
15:48:52.529 (849473761)|STATEMENT_EXECUTE|[8]
15:48:52.529 (849476520)|VARIABLE_SCOPE_BEGIN|[8]|pa|Id|false|false
15:48:52.529 (849493732)|VARIABLE_ASSIGNMENT|[8]|pa|"a03g80000084tcUAAQ"
15:48:52.529 (849506515)|HEAP_ALLOCATE|[10]|Bytes:18
15:48:52.529 (849516497)|HEAP_ALLOCATE|[10]|Bytes:18
15:48:52.529 (849522260)|HEAP_ALLOCATE|[10]|Bytes:37
15:48:52.529 (849531691)|STATEMENT_EXECUTE|[10]
15:48:52.529 (849535830)|HEAP_ALLOCATE|[11]|Bytes:18
15:48:52.529 (849542264)|HEAP_ALLOCATE|[11]|Bytes:18
15:48:52.529 (849546506)|HEAP_ALLOCATE|[11]|Bytes:37
15:48:52.529 (849551775)|STATEMENT_EXECUTE|[11]
15:48:52.529 (849555460)|HEAP_ALLOCATE|[11]|Bytes:18
15:48:52.529 (849561632)|HEAP_ALLOCATE|[11]|Bytes:18
15:48:52.529 (849565745)|HEAP_ALLOCATE|[11]|Bytes:37
15:48:52.529 (849586511)|METHOD_EXIT|[134]|01pg8000001F8kf|PricingService.findFreightValue(OrderItem, Order, Map<String,Freight__c>, Id)
15:48:52.529 (849995512)|VARIABLE_ASSIGNMENT|[134]|this.FreightValue__c|700.00|0x58d81cf3
15:48:52.529 (849999994)|STATEMENT_EXECUTE|[137]
15:48:52.529 (850008994)|VARIABLE_SCOPE_BEGIN|[137]|custoUnitario|Decimal|false|false
15:48:52.529 (850014908)|VARIABLE_ASSIGNMENT|[137]|custoUnitario|300000.00
15:48:52.529 (850017203)|STATEMENT_EXECUTE|[140]
15:48:52.529 (850024755)|HEAP_ALLOCATE|[140]|Bytes:28
15:48:52.529 (850029275)|HEAP_ALLOCATE|[140]|Bytes:28
15:48:52.529 (850035384)|METHOD_ENTRY|[140]|01pg8000001F8kf|PricingService.calculateFinalPrice(OrderItem, Decimal, Margem__c, Decimal, Decimal)
15:48:52.529 (850039838)|VARIABLE_SCOPE_BEGIN|[47]|item|OrderItem|true|false
15:48:52.529 (850401768)|VARIABLE_ASSIGNMENT|[47]|item|{"Product_Code_Display__c":"TRT 7","IsDeleted":false,"UnitPrice":100.00,"Product2Id":"01tg8000001RQyjAAG","PricebookEntryId":"01ug8000000gTiLAAU","TotalPrice":100.00,"Quantity":1.00,"MarginPercentage__c":15.00,"TaxPercentage__c":10.00,"ListPrice":1000.00,"OrderId":"801g8000009VivjAAC","FreightValue__c":700.00}|0x58d81cf3
15:48:52.529 (850406663)|VARIABLE_SCOPE_BEGIN|[47]|frete|Decimal|false|false
15:48:52.529 (850412075)|VARIABLE_ASSIGNMENT|[47]|frete|700.00
15:48:52.529 (850414129)|VARIABLE_SCOPE_BEGIN|[47]|margem|Margem__c|true|false
15:48:52.529 (850444420)|VARIABLE_ASSIGNMENT|[47]|margem|{"Account__c":"001g8000009VivhAAC","Product__c":"01tg8000001RQyjAAG","Id":"a00g800000PiDJ6AAN","State__c":"a04g8000000b5VNAAY","MarginValuePercent__c":15.00}|0x55e421bd
15:48:52.529 (850447848)|VARIABLE_SCOPE_BEGIN|[47]|impostoPercent|Decimal|false|false
15:48:52.529 (850451740)|VARIABLE_ASSIGNMENT|[47]|impostoPercent|10.00
15:48:52.529 (850453808)|VARIABLE_SCOPE_BEGIN|[47]|custo|Decimal|false|false
15:48:52.529 (850457126)|VARIABLE_ASSIGNMENT|[47]|custo|300000.00
15:48:52.529 (850463524)|STATEMENT_EXECUTE|[47]
15:48:52.529 (850464529)|STATEMENT_EXECUTE|[48]
15:48:52.529 (850473539)|VARIABLE_SCOPE_BEGIN|[48]|mPerc|Decimal|false|false
15:48:52.529 (850477764)|VARIABLE_ASSIGNMENT|[48]|mPerc|15.00
15:48:52.529 (850479954)|STATEMENT_EXECUTE|[49]
15:48:52.529 (850481429)|VARIABLE_SCOPE_BEGIN|[49]|iPerc|Decimal|false|false
15:48:52.529 (850485090)|VARIABLE_ASSIGNMENT|[49]|iPerc|10.00
15:48:52.529 (850487099)|STATEMENT_EXECUTE|[50]
15:48:52.529 (850488669)|VARIABLE_SCOPE_BEGIN|[50]|custoProd|Decimal|false|false
15:48:52.529 (850492238)|VARIABLE_ASSIGNMENT|[50]|custoProd|300000.00
15:48:52.529 (850494121)|STATEMENT_EXECUTE|[51]
15:48:52.529 (850495452)|VARIABLE_SCOPE_BEGIN|[51]|freteVal|Decimal|false|false
15:48:52.529 (850499183)|VARIABLE_ASSIGNMENT|[51]|freteVal|700.00
15:48:52.529 (850501320)|STATEMENT_EXECUTE|[54]
15:48:52.529 (850516423)|HEAP_ALLOCATE|[54]|Bytes:28
15:48:52.529 (850521245)|VARIABLE_SCOPE_BEGIN|[54]|precoBase|Decimal|false|false
15:48:52.529 (850525081)|VARIABLE_ASSIGNMENT|[54]|precoBase|300700.00
15:48:52.529 (850527437)|STATEMENT_EXECUTE|[57]
15:48:52.529 (850533348)|HEAP_ALLOCATE|[57]|Bytes:28
15:48:52.529 (850535183)|HEAP_ALLOCATE|[57]|Bytes:28
15:48:52.529 (850539179)|HEAP_ALLOCATE|[57]|Bytes:28
15:48:52.529 (850574905)|HEAP_ALLOCATE|[57]|Bytes:28
15:48:52.529 (850576831)|HEAP_ALLOCATE|[57]|Bytes:28
15:48:52.529 (850585131)|HEAP_ALLOCATE|[57]|Bytes:28
15:48:52.529 (850594879)|HEAP_ALLOCATE|[57]|Bytes:28
15:48:52.529 (850598840)|VARIABLE_SCOPE_BEGIN|[57]|precoSemMargem|Decimal|false|false
15:48:52.529 (850604214)|VARIABLE_ASSIGNMENT|[57]|precoSemMargem|330770.0000
15:48:52.529 (850606418)|STATEMENT_EXECUTE|[60]
15:48:52.529 (850608842)|HEAP_ALLOCATE|[60]|Bytes:28
15:48:52.529 (850610604)|HEAP_ALLOCATE|[60]|Bytes:28
15:48:52.529 (850613279)|HEAP_ALLOCATE|[60]|Bytes:28
15:48:52.529 (850623358)|HEAP_ALLOCATE|[60]|Bytes:28
15:48:52.529 (850624949)|HEAP_ALLOCATE|[60]|Bytes:28
15:48:52.529 (850632274)|HEAP_ALLOCATE|[60]|Bytes:28
15:48:52.529 (850639159)|HEAP_ALLOCATE|[60]|Bytes:28
15:48:52.529 (850643019)|VARIABLE_SCOPE_BEGIN|[60]|precoCalculado|Decimal|false|false
15:48:52.529 (850647439)|VARIABLE_ASSIGNMENT|[60]|precoCalculado|380385.500000
15:48:52.529 (850649464)|STATEMENT_EXECUTE|[63]
15:48:52.529 (851045208)|VARIABLE_ASSIGNMENT|[63]|this.ProductionCost__c|300000.00|0x58d81cf3
15:48:52.529 (851050287)|STATEMENT_EXECUTE|[64]
15:48:52.529 (851409788)|VARIABLE_ASSIGNMENT|[64]|this.MarginPercentage__c|15.00|0x58d81cf3
15:48:52.529 (851413039)|STATEMENT_EXECUTE|[65]
15:48:52.529 (851763884)|VARIABLE_ASSIGNMENT|[65]|this.FreightValue__c|700.00|0x58d81cf3
15:48:52.529 (851766912)|STATEMENT_EXECUTE|[66]
15:48:52.529 (852113144)|VARIABLE_ASSIGNMENT|[66]|this.TaxPercentage__c|10.00|0x58d81cf3
15:48:52.529 (852116610)|STATEMENT_EXECUTE|[67]
15:48:52.529 (852465972)|VARIABLE_ASSIGNMENT|[67]|this.PriceWithoutMargin__c|330770.0000|0x58d81cf3
15:48:52.529 (852469433)|STATEMENT_EXECUTE|[68]
15:48:52.529 (852849618)|VARIABLE_ASSIGNMENT|[68]|this.FinalPrice__c|380385.500000|0x58d81cf3
15:48:52.529 (852853896)|STATEMENT_EXECUTE|[71]
15:48:52.529 (852864667)|VARIABLE_SCOPE_BEGIN|[71]|unitPriceDigitado|Decimal|false|false
15:48:52.529 (852870052)|VARIABLE_ASSIGNMENT|[71]|unitPriceDigitado|100.00
15:48:52.529 (852877466)|HEAP_ALLOCATE|[74]|Bytes:28
15:48:52.529 (852879707)|HEAP_ALLOCATE|[74]|Bytes:28
15:48:52.529 (852897995)|STATEMENT_EXECUTE|[74]
15:48:52.529 (852898958)|STATEMENT_EXECUTE|[75]
15:48:52.529 (852907398)|HEAP_ALLOCATE|[75]|Bytes:28
15:48:52.529 (852929595)|HEAP_ALLOCATE|[75]|Bytes:28
15:48:52.529 (852931269)|HEAP_ALLOCATE|[75]|Bytes:28
15:48:52.529 (853403750)|VARIABLE_ASSIGNMENT|[75]|this.DiscountPercentage__c|0.999737108801465881323026245742806|0x58d81cf3
15:48:52.529 (853412917)|STATEMENT_EXECUTE|[76]
15:48:52.529 (853426941)|HEAP_ALLOCATE|[76]|Bytes:28
15:48:52.529 (854084210)|VARIABLE_ASSIGNMENT|[76]|this.DiscountValue__c|380285.500000|0x58d81cf3
15:48:52.529 (854093276)|STATEMENT_EXECUTE|[79]
15:48:52.529 (854104851)|HEAP_ALLOCATE|[79]|Bytes:28
15:48:52.529 (855350415)|VARIABLE_ASSIGNMENT|[79]|this.UnitPrice|380385.500000|0x58d81cf3
15:48:52.529 (855377236)|METHOD_EXIT|[140]|01pg8000001F8kf|PricingService.calculateFinalPrice(OrderItem, Decimal, Margem__c, Decimal, Decimal)
15:48:52.529 (855404445)|HEAP_ALLOCATE|[106]|Bytes:5
15:48:52.529 (855426786)|VARIABLE_ASSIGNMENT|[106]|item|null|
15:48:52.529 (855435122)|METHOD_EXIT|[20]|01pg8000001EZwd|OrdemItemHandler.executePricingLogic()
15:48:52.529 (855443100)|STATEMENT_EXECUTE|[21]
15:48:52.529 (855450264)|METHOD_ENTRY|[21]|01pg8000001EZwd|OrdemItemHandler.checkDuplicateProducts()
15:48:52.529 (855457171)|VARIABLE_SCOPE_BEGIN|[145]|this|OrdemItemHandler|true|false
15:48:52.529 (855525619)|VARIABLE_ASSIGNMENT|[145]|this|{"newRecords":"0x2f7a7200","handlerName":"OrderItemHandler","isTriggerExecuting":true,"triggerEvent":"0x461e9db9"}|0x434f28e8
15:48:52.529 (855539535)|STATEMENT_EXECUTE|[145]
15:48:52.529 (855542009)|STATEMENT_EXECUTE|[146]
15:48:52.529 (855559596)|HEAP_ALLOCATE|[146]|Bytes:4
15:48:52.529 (855577896)|VARIABLE_SCOPE_BEGIN|[146]|setOrderIds|Set<Id>|true|false
15:48:52.529 (855616255)|VARIABLE_ASSIGNMENT|[146]|setOrderIds|[]|0x67db3ac1
15:48:52.529 (855621907)|STATEMENT_EXECUTE|[147]
15:48:52.529 (855626090)|HEAP_ALLOCATE|[147]|Bytes:4
15:48:52.529 (855634415)|VARIABLE_SCOPE_BEGIN|[147]|setProductIds|Set<Id>|true|false
15:48:52.529 (855645920)|VARIABLE_ASSIGNMENT|[147]|setProductIds|[]|0x423d9aea
15:48:52.529 (855668155)|HEAP_ALLOCATE|[149]|Bytes:5
15:48:52.529 (855688291)|HEAP_ALLOCATE|[149]|Bytes:40
15:48:52.529 (855695753)|VARIABLE_SCOPE_BEGIN|[149]|ot|OrderItem|true|false
15:48:52.529 (856444410)|VARIABLE_ASSIGNMENT|[149]|ot|{"Product_Code_Display__c":"TRT 7","DiscountPercentage__c":0.999737108801465881323026245742806,"IsDeleted":false,"DiscountValue__c":380285.500000,"Quantity":1.00,"FinalPrice__c":380385.500000,"TaxPercentage__c":10.00,"ListPrice":1000.00,"OrderId":"801g8000009VivjAAC","PriceWithoutMargin__c":330770.0000,"FreightValue__c":700.00,"UnitPrice":380385.500000,"Product2Id":"01tg8000001RQyjAAG","ProductionCost__c":300000.00,"PricebookEntryId":"01ug8000000gTiLAAU","TotalPrice":100.00,"MarginPercentage__c":15.00}|0x58d81cf3
15:48:52.529 (856460208)|STATEMENT_EXECUTE|[149]
15:48:52.529 (856461889)|STATEMENT_EXECUTE|[150]
15:48:52.529 (856482989)|HEAP_ALLOCATE|[EXTERNAL]|Bytes:4
15:48:52.529 (856491158)|STATEMENT_EXECUTE|[151]
15:48:52.529 (856497035)|HEAP_ALLOCATE|[EXTERNAL]|Bytes:4
15:48:52.529 (856510147)|HEAP_ALLOCATE|[149]|Bytes:5
15:48:52.529 (856523500)|VARIABLE_ASSIGNMENT|[149]|ot|null|
15:48:52.529 (856528848)|STATEMENT_EXECUTE|[154]
15:48:52.529 (856566099)|METHOD_ENTRY|[154]|01pg8000001w1Mc|OrderItemSelector.getOrderItemByIds(Set<Id>, Set<Id>)
15:48:52.529 (856573040)|VARIABLE_SCOPE_BEGIN|[2]|orderIds|Set<Id>|true|false
15:48:52.529 (856584713)|VARIABLE_ASSIGNMENT|[2]|orderIds|["801g8000009VivjAAC"]|0x67db3ac1
15:48:52.529 (856589378)|VARIABLE_SCOPE_BEGIN|[2]|productIds|Set<Id>|true|false
15:48:52.529 (856596641)|VARIABLE_ASSIGNMENT|[2]|productIds|["01tg8000001RQyjAAG"]|0x423d9aea
15:48:52.529 (856607327)|STATEMENT_EXECUTE|[2]
15:48:52.529 (856608855)|STATEMENT_EXECUTE|[3]
15:48:52.529 (856622611)|HEAP_ALLOCATE|[3]|Bytes:4
15:48:52.529 (857061164)|SOQL_EXECUTE_BEGIN|[3]|Aggregations:0|SELECT Id, OrderId, Product2Id FROM OrderItem WHERE (OrderId = :tmpVar1 AND Product2Id = :tmpVar2)
15:48:52.529 (869319568)|SOQL_EXECUTE_END|[3]|Rows:1
15:48:52.529 (869349912)|HEAP_ALLOCATE|[3]|Bytes:8
15:48:52.529 (869370783)|HEAP_ALLOCATE|[3]|Bytes:90
15:48:52.529 (869419380)|HEAP_ALLOCATE|[3]|Bytes:8
15:48:52.529 (869446316)|METHOD_EXIT|[154]|01pg8000001w1Mc|OrderItemSelector.getOrderItemByIds(Set<Id>, Set<Id>)
15:48:52.529 (869454265)|VARIABLE_SCOPE_BEGIN|[154]|existingItens|List<OrderItem>|true|false
15:48:52.529 (869539223)|VARIABLE_ASSIGNMENT|[154]|existingItens|[{"OrderId":"801g8000009VivjAAC","Id":"802g8000002mQYYAA2","Product2Id":"01tg8000001RQyjAAG"}]|0x2b7c8a3d
15:48:52.529 (869548398)|STATEMENT_EXECUTE|[156]
15:48:52.529 (869561122)|HEAP_ALLOCATE|[156]|Bytes:4
15:48:52.529 (869577442)|VARIABLE_SCOPE_BEGIN|[156]|comparacao|Set<String>|true|false
15:48:52.529 (869596896)|VARIABLE_ASSIGNMENT|[156]|comparacao|[]|0x606e7042
15:48:52.529 (869627879)|HEAP_ALLOCATE|[157]|Bytes:5
15:48:52.529 (869648125)|HEAP_ALLOCATE|[157]|Bytes:16
15:48:52.529 (869656099)|VARIABLE_SCOPE_BEGIN|[157]|it|OrderItem|true|false
15:48:52.529 (869678568)|VARIABLE_ASSIGNMENT|[157]|it|{"OrderId":"801g8000009VivjAAC","Id":"802g8000002mQYYAA2","Product2Id":"01tg8000001RQyjAAG"}|0x26232bf6
15:48:52.529 (869683198)|STATEMENT_EXECUTE|[157]
15:48:52.529 (869684186)|STATEMENT_EXECUTE|[158]
15:48:52.529 (869748286)|HEAP_ALLOCATE|[158]|Bytes:18
15:48:52.529 (869760008)|HEAP_ALLOCATE|[158]|Bytes:18
15:48:52.529 (869769438)|HEAP_ALLOCATE|[158]|Bytes:37
15:48:52.529 (869778893)|HEAP_ALLOCATE|[EXTERNAL]|Bytes:4
15:48:52.529 (869787766)|HEAP_ALLOCATE|[157]|Bytes:5
15:48:52.529 (869795504)|VARIABLE_ASSIGNMENT|[157]|it|null|
15:48:52.529 (869806921)|HEAP_ALLOCATE|[161]|Bytes:5
15:48:52.529 (869821111)|HEAP_ALLOCATE|[161]|Bytes:40
15:48:52.529 (869824191)|VARIABLE_SCOPE_BEGIN|[161]|newItem|OrderItem|true|false
15:48:52.529 (870376788)|VARIABLE_ASSIGNMENT|[161]|newItem|{"Product_Code_Display__c":"TRT 7","DiscountPercentage__c":0.999737108801465881323026245742806,"IsDeleted":false,"DiscountValue__c":380285.500000,"Quantity":1.00,"FinalPrice__c":380385.500000,"TaxPercentage__c":10.00,"ListPrice":1000.00,"OrderId":"801g8000009VivjAAC","PriceWithoutMargin__c":330770.0000,"FreightValue__c":700.00,"UnitPrice":380385.500000,"Product2Id":"01tg8000001RQyjAAG","ProductionCost__c":300000.00,"PricebookEntryId":"01ug8000000gTiLAAU","TotalPrice":100.00,"MarginPercentage__c":15.00}|0x58d81cf3
15:48:52.529 (870386122)|STATEMENT_EXECUTE|[161]
15:48:52.529 (870387298)|STATEMENT_EXECUTE|[162]
15:48:52.529 (870398203)|HEAP_ALLOCATE|[162]|Bytes:18
15:48:52.529 (870407426)|HEAP_ALLOCATE|[162]|Bytes:18
15:48:52.529 (870412639)|HEAP_ALLOCATE|[162]|Bytes:37
15:48:52.529 (870415439)|VARIABLE_SCOPE_BEGIN|[162]|keyCombo|String|false|false
15:48:52.529 (870423200)|VARIABLE_ASSIGNMENT|[162]|keyCombo|"801g8000009VivjAAC-0 (17 more) ..."
15:48:52.529 (870435932)|STATEMENT_EXECUTE|[164]
15:48:52.529 (870437684)|STATEMENT_EXECUTE|[165]
15:48:52.529 (870440467)|HEAP_ALLOCATE|[165]|Bytes:84
15:48:52.529 (870597477)|VF_PAGE_MESSAGE|Este produto já foi adicionado a este pedido. Altere a quantidade do item existente.
15:48:52.529 (870613620)|HEAP_ALLOCATE|[161]|Bytes:5
15:48:52.529 (870621939)|VARIABLE_ASSIGNMENT|[161]|newItem|null|
15:48:52.529 (870628660)|METHOD_EXIT|[21]|01pg8000001EZwd|OrdemItemHandler.checkDuplicateProducts()
15:48:52.529 (870635641)|METHOD_EXIT|[137]|01pg8000001EZwd|OrdemItemHandler.beforeInsert()
15:48:52.529 (870639351)|STATEMENT_EXECUTE|[158]
15:48:52.529 (870647375)|METHOD_ENTRY|[158]|01pg80000019iSf|TriggerHandler.andFinally()
15:48:52.529 (870651561)|VARIABLE_SCOPE_BEGIN|[746]|this|TriggerHandler|true|false
15:48:52.529 (870695297)|VARIABLE_ASSIGNMENT|[746]|this|{"newRecords":"0x2f7a7200","handlerName":"OrderItemHandler","isTriggerExecuting":true,"triggerEvent":"0x461e9db9"}|0x434f28e8
15:48:52.529 (870707498)|STATEMENT_EXECUTE|[746]
15:48:52.529 (870709051)|METHOD_EXIT|[158]|01pg80000019iSf|TriggerHandler.andFinally()
15:48:52.529 (870713146)|STATEMENT_EXECUTE|[160]
15:48:52.529 (870715415)|STATEMENT_EXECUTE|[176]
15:48:52.529 (870718951)|METHOD_EXIT|[2]|01pg80000019iSf|TriggerHandler.run()
15:48:52.870 (870728435)|CUMULATIVE_LIMIT_USAGE
15:48:52.870 (870728435)|LIMIT_USAGE_FOR_NS|(default)|
  Number of SOQL queries: 11 out of 100
  Number of query rows: 10 out of 50000
  Number of SOSL queries: 0 out of 20
  Number of DML statements: 14 out of 150
  Number of Publish Immediate DML: 0 out of 150
  Number of DML rows: 14 out of 10000
  Maximum CPU time: 91 out of 10000
  Maximum heap size: 0 out of 6000000
  Number of callouts: 0 out of 100
  Number of Email Invocations: 0 out of 10
  Number of future calls: 0 out of 50
  Number of queueable jobs added to the queue: 0 out of 50
  Number of Mobile Apex push calls: 0 out of 10

15:48:52.870 (870728435)|TESTING_LIMITS
15:48:52.870 (870728435)|LIMIT_USAGE_FOR_NS|(default)|
  Number of SOQL queries: 8 out of 100
  Number of query rows: 8 out of 50000
  Number of SOSL queries: 0 out of 20
  Number of DML statements: 1 out of 150
  Number of Publish Immediate DML: 0 out of 150
  Number of DML rows: 1 out of 10000
  Maximum CPU time: 0 out of 10000
  Maximum heap size: 0 out of 6000000
  Number of callouts: 0 out of 100
  Number of Email Invocations: 0 out of 10
  Number of future calls: 0 out of 50
  Number of queueable jobs added to the queue: 0 out of 50
  Number of Mobile Apex push calls: 0 out of 10

15:48:52.870 (870728435)|CUMULATIVE_LIMIT_USAGE_END

15:48:52.529 (870908571)|CODE_UNIT_FINISHED|OrdemItemTrigger on OrderItem trigger event BeforeInsert|__sfdc_trigger/OrdemItemTrigger
15:48:52.529 (873048959)|DML_END|[175]
15:48:52.529 (873108214)|EXCEPTION_THROWN|[175]|System.DmlException: Insert failed. First exception on row 0; first error: FIELD_CUSTOM_VALIDATION_EXCEPTION, Este produto já foi adicionado a este pedido. Altere a quantidade do item existente.: []
15:48:52.529 (874119324)|HEAP_ALLOCATE|[175]|Bytes:181
15:48:52.529 (874199237)|VARIABLE_SCOPE_BEGIN|[177]|e|System.DmlException|true|false
15:48:52.529 (874292023)|VARIABLE_ASSIGNMENT|[177]|e|"common.apex.runtime.impl.DmlExecutionException: Insert failed. First exception on row 0; first error: FIELD_CUSTOM_VALIDATION_EXCEPTION, Este produto já foi adicionado a este pedido. Altere a quantidade do item existente.: []"|0xff9fbbe
15:48:52.529 (874319179)|STATEMENT_EXECUTE|[177]
15:48:52.529 (874321762)|STATEMENT_EXECUTE|[178]
15:48:52.529 (874425004)|HEAP_ALLOCATE|[178]|Bytes:177
15:48:52.529 (874436929)|VARIABLE_SCOPE_BEGIN|[178]|mensagem|String|false|false
15:48:52.529 (874458662)|VARIABLE_ASSIGNMENT|[178]|mensagem|"Insert failed. First (157 more) ..."
15:48:52.529 (874463389)|STATEMENT_EXECUTE|[179]
15:48:52.529 (874530432)|HEAP_ALLOCATE|[180]|Bytes:34
15:48:52.529 (874540168)|HEAP_ALLOCATE|[180]|Bytes:211
15:48:52.529 (874655483)|HEAP_ALLOCATE|[179]|Bytes:51
15:48:52.529 (874674453)|SYSTEM_METHOD_ENTRY|[4]|Assert.Assert()
15:48:52.529 (874679630)|STATEMENT_EXECUTE|[4]
15:48:52.529 (874701574)|SYSTEM_METHOD_EXIT|[4]|Assert
15:48:52.529 (874714713)|METHOD_ENTRY|[179]||System.Assert.isTrue(Boolean, String)
15:48:52.529 (874802035)|METHOD_EXIT|[179]||System.Assert.isTrue(Boolean, String)
15:48:52.529 (874807549)|STATEMENT_EXECUTE|[182]
15:48:52.529 (874815953)|METHOD_ENTRY|[182]||System.Test.stopTest()
15:48:52.529 (875055544)|METHOD_EXIT|[182]||System.Test.stopTest()
15:48:52.875 (875071569)|CUMULATIVE_LIMIT_USAGE
15:48:52.875 (875071569)|LIMIT_USAGE_FOR_NS|(default)|
  Number of SOQL queries: 11 out of 100
  Number of query rows: 10 out of 50000
  Number of SOSL queries: 0 out of 20
  Number of DML statements: 14 out of 150
  Number of Publish Immediate DML: 0 out of 150
  Number of DML rows: 14 out of 10000
  Maximum CPU time: 91 out of 10000
  Maximum heap size: 0 out of 6000000
  Number of callouts: 0 out of 100
  Number of Email Invocations: 0 out of 10
  Number of future calls: 0 out of 50
  Number of queueable jobs added to the queue: 0 out of 50
  Number of Mobile Apex push calls: 0 out of 10

15:48:52.875 (875071569)|TESTING_LIMITS
15:48:52.875 (875071569)|LIMIT_USAGE_FOR_NS|(default)|
  Number of SOQL queries: 0 out of 100
  Number of query rows: 0 out of 50000
  Number of SOSL queries: 0 out of 20
  Number of DML statements: 1 out of 150
  Number of Publish Immediate DML: 0 out of 150
  Number of DML rows: 1 out of 10000
  Maximum CPU time: 0 out of 10000
  Maximum heap size: 0 out of 6000000
  Number of callouts: 0 out of 100
  Number of Email Invocations: 0 out of 10
  Number of future calls: 0 out of 50
  Number of queueable jobs added to the queue: 0 out of 50
  Number of Mobile Apex push calls: 0 out of 10

15:48:52.875 (875071569)|CUMULATIVE_LIMIT_USAGE_END

15:48:52.529 (875128056)|CODE_UNIT_FINISHED|OrderItemHandlerTest.checkExistingProductInOrder()
15:48:52.529 (875138986)|EXECUTION_FINISHED
15:48:52.967 (967314866)|USER_INFO|[EXTERNAL]|005g80000010N45|sabrina.jesus@resourceful-moose-fmmd11.com|(GMT-03:00) Brasilia Standard Time (America/Sao_Paulo)|GMT-03:00
15:48:52.967 (967341791)|EXECUTION_STARTED
15:48:52.967 (967357349)|CODE_UNIT_STARTED|[EXTERNAL]|01pg8000001w1Mb|OrderItemHandlerTest.deleteOrderItemDraft()
15:48:52.967 (967608095)|HEAP_ALLOCATE|[95]|Bytes:3
15:48:52.967 (967662697)|HEAP_ALLOCATE|[100]|Bytes:152
15:48:52.967 (967682426)|HEAP_ALLOCATE|[417]|Bytes:408
15:48:52.967 (967702382)|HEAP_ALLOCATE|[430]|Bytes:408
15:48:52.967 (967733463)|HEAP_ALLOCATE|[317]|Bytes:6
15:48:52.967 (967746716)|HEAP_ALLOCATE|[EXTERNAL]|Bytes:413
15:48:52.967 (967758993)|METHOD_ENTRY|[2]|01pg8000001w1Mb|OrderItemHandlerTest.OrderItemHandlerTest()
15:48:52.967 (967768740)|STATEMENT_EXECUTE|[2]
15:48:52.967 (967777071)|STATEMENT_EXECUTE|[2]
15:48:52.967 (967781827)|METHOD_EXIT|[2]|OrderItemHandlerTest
15:48:52.967 (967815768)|HEAP_ALLOCATE|[68]|Bytes:5
15:48:52.967 (967847978)|HEAP_ALLOCATE|[74]|Bytes:5
15:48:52.967 (967855522)|HEAP_ALLOCATE|[82]|Bytes:7
15:48:52.967 (967895205)|STATEMENT_EXECUTE|[217]
15:48:52.967 (967896951)|STATEMENT_EXECUTE|[219]
15:48:52.967 (967899842)|HEAP_ALLOCATE|[219]|Bytes:28
15:48:52.967 (967922032)|HEAP_ALLOCATE|[219]|Bytes:4
15:48:52.967 (968334868)|SOQL_EXECUTE_BEGIN|[219]|Aggregations:0|SELECT Id FROM Order LIMIT 1
15:48:52.967 (974064003)|SOQL_EXECUTE_END|[219]|Rows:1
15:48:52.967 (974103606)|HEAP_ALLOCATE|[219]|Bytes:8
15:48:52.967 (974132327)|HEAP_ALLOCATE|[219]|Bytes:29
15:48:52.967 (974215347)|HEAP_ALLOCATE|[219]|Bytes:8
15:48:52.967 (974240691)|HEAP_ALLOCATE|[219]|Bytes:31
15:48:52.967 (974290578)|HEAP_ALLOCATE|[219]|Bytes:8
15:48:52.967 (974303072)|VARIABLE_SCOPE_BEGIN|[219]|pedido|Order|true|false
15:48:52.967 (974401772)|VARIABLE_ASSIGNMENT|[219]|pedido|{"Id":"801g8000009VivjAAC"}|0x3f0c3378
15:48:52.967 (974415351)|STATEMENT_EXECUTE|[220]
15:48:52.967 (974418937)|HEAP_ALLOCATE|[220]|Bytes:37
15:48:52.967 (974436254)|HEAP_ALLOCATE|[220]|Bytes:4
15:48:52.967 (974789120)|SOQL_EXECUTE_BEGIN|[220]|Aggregations:0|SELECT Id FROM PricebookEntry LIMIT 1
15:48:52.967 (980052306)|SOQL_EXECUTE_END|[220]|Rows:1
15:48:52.967 (980080762)|HEAP_ALLOCATE|[220]|Bytes:8
15:48:52.967 (980100570)|HEAP_ALLOCATE|[220]|Bytes:29
15:48:52.967 (980162455)|HEAP_ALLOCATE|[220]|Bytes:8
15:48:52.967 (980182995)|HEAP_ALLOCATE|[220]|Bytes:40
15:48:52.967 (980218315)|HEAP_ALLOCATE|[220]|Bytes:8
15:48:52.967 (980226046)|VARIABLE_SCOPE_BEGIN|[220]|pbe|PricebookEntry|true|false
15:48:52.967 (980285665)|VARIABLE_ASSIGNMENT|[220]|pbe|{"Id":"01ug8000000gTiLAAU"}|0x5f42ccc2
15:48:52.967 (980294154)|STATEMENT_EXECUTE|[221]
15:48:52.967 (980296333)|HEAP_ALLOCATE|[221]|Bytes:31
15:48:52.967 (980309736)|HEAP_ALLOCATE|[221]|Bytes:4
15:48:52.967 (980583521)|SOQL_EXECUTE_BEGIN|[221]|Aggregations:0|SELECT Id FROM Product2 LIMIT 1
15:48:52.967 (984287223)|SOQL_EXECUTE_END|[221]|Rows:1
15:48:52.967 (984312383)|HEAP_ALLOCATE|[221]|Bytes:8
15:48:52.967 (984331276)|HEAP_ALLOCATE|[221]|Bytes:29
15:48:52.967 (984384641)|HEAP_ALLOCATE|[221]|Bytes:8
15:48:52.967 (984402344)|HEAP_ALLOCATE|[221]|Bytes:34
15:48:52.967 (984431567)|HEAP_ALLOCATE|[221]|Bytes:8
15:48:52.967 (984438854)|VARIABLE_SCOPE_BEGIN|[221]|produto|Product2|true|false
15:48:52.967 (984490351)|VARIABLE_ASSIGNMENT|[221]|produto|{"Id":"01tg8000001RQyjAAG"}|0x3d52be37
15:48:52.967 (984499036)|STATEMENT_EXECUTE|[223]
15:48:52.967 (984519217)|HEAP_ALLOCATE|[223]|Bytes:4
15:48:52.967 (984628629)|VARIABLE_ASSIGNMENT|[223]|this.OrderId|"801g8000009VivjAAC"|0x6e7ce59a
15:48:52.967 (984651107)|VARIABLE_ASSIGNMENT|[223]|this.Product2Id|"01tg8000001RQyjAAG"|0x6e7ce59a
15:48:52.967 (984675431)|VARIABLE_ASSIGNMENT|[223]|this.PricebookEntryId|"01ug8000000gTiLAAU"|0x6e7ce59a
15:48:52.967 (984741750)|HEAP_ALLOCATE|[223]|Bytes:28
15:48:52.967 (984746017)|HEAP_ALLOCATE|[223]|Bytes:28
15:48:52.967 (984774528)|VARIABLE_ASSIGNMENT|[223]|this.Quantity|1|0x6e7ce59a
15:48:52.967 (984785246)|HEAP_ALLOCATE|[223]|Bytes:28
15:48:52.967 (984798451)|VARIABLE_ASSIGNMENT|[223]|this.UnitPrice|100|0x6e7ce59a
15:48:52.967 (984823737)|VARIABLE_SCOPE_BEGIN|[223]|item|OrderItem|true|false
15:48:52.967 (984841901)|VARIABLE_ASSIGNMENT|[223]|item|{"OrderId":"801g8000009VivjAAC","Product2Id":"01tg8000001RQyjAAG","PricebookEntryId":"01ug8000000gTiLAAU","Quantity":1,"UnitPrice":100}|0x6e7ce59a
15:48:52.967 (984846800)|STATEMENT_EXECUTE|[230]
15:48:52.967 (984875107)|HEAP_ALLOCATE|[230]|Bytes:8
15:48:52.967 (984884758)|DML_BEGIN|[230]|Op:Insert|Type:OrderItem|Rows:1
15:48:52.967 (984913167)|HEAP_ALLOCATE|[EXTERNAL]|Bytes:8
15:48:52.967 (996577199)|CODE_UNIT_STARTED|[EXTERNAL]|01qg8000000Fou9|OrdemItemTrigger on OrderItem trigger event BeforeInsert|__sfdc_trigger/OrdemItemTrigger
15:48:52.967 (996644853)|HEAP_ALLOCATE|[EXTERNAL]|Bytes:8
15:48:52.967 (996726425)|HEAP_ALLOCATE|[EXTERNAL]|Bytes:4
15:48:52.967 (996735221)|VARIABLE_SCOPE_BEGIN|[1]|this|OrdemItemTrigger|true|false
15:48:52.967 (996769000)|VARIABLE_ASSIGNMENT|[1]|this|{}|0x453302e
15:48:52.967 (996801199)|HEAP_ALLOCATE|[EXTERNAL]|Bytes:4
15:48:52.967 (996806514)|VARIABLE_SCOPE_BEGIN|[1]|this|OrdemItemTrigger|true|false
15:48:52.967 (996812303)|VARIABLE_ASSIGNMENT|[1]|this|{}|0x453302e
15:48:52.967 (996820515)|STATEMENT_EXECUTE|[1]
15:48:52.967 (996821830)|STATEMENT_EXECUTE|[2]
15:48:52.967 (996840833)|VARIABLE_SCOPE_BEGIN|[63]|TriggerHandler.BYPASS_ALL_ALIAS|String|false|true
15:48:52.967 (996844604)|VARIABLE_SCOPE_BEGIN|[839]|TriggerHandler.ERROR_TRIGGERCONTEXT|String|false|true
15:48:52.967 (996849120)|VARIABLE_SCOPE_BEGIN|[26]|TriggerHandler.bypassedHandlers|Set<String>|true|true
15:48:52.967 (996852670)|VARIABLE_SCOPE_BEGIN|[32]|TriggerHandler.globalBypass|Boolean|false|true
15:48:52.967 (996856634)|VARIABLE_SCOPE_BEGIN|[20]|TriggerHandler.loopCountMap|Map<String,TriggerHandler.LoopCount>|true|true
15:48:52.967 (996860040)|VARIABLE_SCOPE_BEGIN|[44]|TriggerHandler.showDebug|Boolean|false|true
15:48:52.967 (996863186)|VARIABLE_SCOPE_BEGIN|[38]|TriggerHandler.showLimits|Boolean|false|true
15:48:52.967 (996874005)|HEAP_ALLOCATE|[2]|Bytes:21
15:48:52.967 (996878867)|HEAP_ALLOCATE|[2]|Bytes:6
15:48:52.967 (996889520)|METHOD_ENTRY|[1]|01pg8000001EZwd|OrdemItemHandler.OrdemItemHandler()
15:48:52.967 (996894637)|STATEMENT_EXECUTE|[1]
15:48:52.967 (996897661)|STATEMENT_EXECUTE|[1]
15:48:52.967 (996902507)|METHOD_EXIT|[1]|OrdemItemHandler
15:48:52.967 (996912257)|HEAP_ALLOCATE|[2]|Bytes:32
15:48:52.967 (996927015)|CONSTRUCTOR_ENTRY|[2]|01pg8000001EZwd|<init>()|OrdemItemHandler
15:48:52.967 (996932967)|VARIABLE_SCOPE_BEGIN|[9]|this|OrdemItemHandler|true|false
15:48:52.967 (996949697)|VARIABLE_ASSIGNMENT|[9]|this|{}|0x69c3f62
15:48:52.967 (996956690)|STATEMENT_EXECUTE|[1]
15:48:52.967 (996957867)|STATEMENT_EXECUTE|[3]
15:48:52.967 (996959169)|STATEMENT_EXECUTE|[4]
15:48:52.967 (996960100)|STATEMENT_EXECUTE|[5]
15:48:52.967 (996961022)|STATEMENT_EXECUTE|[6]
15:48:52.967 (996962301)|STATEMENT_EXECUTE|[10]
15:48:52.967 (996966215)|HEAP_ALLOCATE|[10]|Bytes:16
15:48:52.967 (996971585)|HEAP_ALLOCATE|[10]|Bytes:33
15:48:52.967 (996974165)|HEAP_ALLOCATE|[10]|Bytes:166
15:48:52.967 (996976226)|HEAP_ALLOCATE|[10]|Bytes:55
15:48:52.967 (996978073)|HEAP_ALLOCATE|[10]|Bytes:9
15:48:52.967 (996989361)|VARIABLE_ASSIGNMENT|[10]|TriggerHandler.BYPASS_ALL_ALIAS|"BypassAll"
15:48:52.967 (996991710)|HEAP_ALLOCATE|[10]|Bytes:51
15:48:52.967 (996997270)|VARIABLE_ASSIGNMENT|[10]|TriggerHandler.ERROR_TRIGGERCONTEXT|"Trigger handler call (31 more) ..."
15:48:52.967 (997009252)|METHOD_ENTRY|[15]|01pg80000019iSf|TriggerHandler.TriggerHandler()
15:48:52.967 (997012000)|STATEMENT_EXECUTE|[15]
15:48:52.967 (997014257)|STATEMENT_EXECUTE|[15]
15:48:52.967 (997015282)|STATEMENT_EXECUTE|[66]
15:48:52.967 (997016280)|STATEMENT_EXECUTE|[67]
15:48:52.967 (997027619)|HEAP_ALLOCATE|[67]|Bytes:4
15:48:52.967 (997049971)|VARIABLE_ASSIGNMENT|[67]|TriggerHandler.loopCountMap|{}|0x1099f8d8
15:48:52.967 (997052961)|STATEMENT_EXECUTE|[68]
15:48:52.967 (997060552)|HEAP_ALLOCATE|[68]|Bytes:4
15:48:52.967 (997096830)|VARIABLE_ASSIGNMENT|[68]|TriggerHandler.bypassedHandlers|[]|0x1d42c631
15:48:52.967 (997100478)|STATEMENT_EXECUTE|[69]
15:48:52.967 (997117008)|HEAP_ALLOCATE|[69]|Bytes:5
15:48:52.967 (997126583)|VARIABLE_ASSIGNMENT|[69]|TriggerHandler.globalBypass|false
15:48:52.967 (997130130)|STATEMENT_EXECUTE|[70]
15:48:52.967 (997132670)|HEAP_ALLOCATE|[70]|Bytes:5
15:48:52.967 (997137063)|VARIABLE_ASSIGNMENT|[70]|TriggerHandler.showLimits|false
15:48:52.967 (997140144)|STATEMENT_EXECUTE|[71]
15:48:52.967 (997142285)|HEAP_ALLOCATE|[71]|Bytes:5
15:48:52.967 (997146495)|VARIABLE_ASSIGNMENT|[71]|TriggerHandler.showDebug|false
15:48:52.967 (997149799)|STATEMENT_EXECUTE|[755]
15:48:52.967 (997151384)|STATEMENT_EXECUTE|[832]
15:48:52.967 (997155223)|METHOD_EXIT|[15]|TriggerHandler
15:48:52.967 (997163458)|CONSTRUCTOR_ENTRY|[10]|01pg80000019iSf|<init>(String)|TriggerHandler
15:48:52.967 (997168390)|VARIABLE_SCOPE_BEGIN|[107]|this|TriggerHandler|true|false
15:48:52.967 (997181156)|VARIABLE_ASSIGNMENT|[107]|this|{}|0x69c3f62
15:48:52.967 (997184665)|VARIABLE_SCOPE_BEGIN|[107]|handlerName|String|false|false
15:48:52.967 (997189502)|VARIABLE_ASSIGNMENT|[107]|handlerName|"OrderItemHandler"
15:48:52.967 (997193590)|STATEMENT_EXECUTE|[15]
15:48:52.967 (997194591)|STATEMENT_EXECUTE|[50]
15:48:52.967 (997195674)|STATEMENT_EXECUTE|[57]
15:48:52.967 (997196798)|STATEMENT_EXECUTE|[671]
15:48:52.967 (997200425)|HEAP_ALLOCATE|[108]|Bytes:6
15:48:52.967 (997221148)|STATEMENT_EXECUTE|[107]
15:48:52.967 (997222250)|STATEMENT_EXECUTE|[108]
15:48:52.967 (997227711)|STATEMENT_EXECUTE|[109]
15:48:52.967 (997239750)|METHOD_ENTRY|[109]|01pg80000019iSf|TriggerHandler.setTriggerContext()
15:48:52.967 (997247263)|VARIABLE_SCOPE_BEGIN|[565]|this|TriggerHandler|true|false
15:48:52.967 (997256905)|VARIABLE_ASSIGNMENT|[565]|this|{"handlerName":"OrderItemHandler"}|0x69c3f62
15:48:52.967 (997269836)|STATEMENT_EXECUTE|[565]
15:48:52.967 (997271059)|STATEMENT_EXECUTE|[566]
15:48:52.967 (997341766)|HEAP_ALLOCATE|[566]|Bytes:16
15:48:52.967 (997352171)|METHOD_ENTRY|[566]|01pg80000019iSf|TriggerHandler.setTriggerContext(System.TriggerOperation, Boolean)
15:48:52.967 (997355450)|VARIABLE_SCOPE_BEGIN|[582]|this|TriggerHandler|true|false
15:48:52.967 (997363858)|VARIABLE_ASSIGNMENT|[582]|this|{"handlerName":"OrderItemHandler"}|0x69c3f62
15:48:52.967 (997366800)|VARIABLE_SCOPE_BEGIN|[582]|opType|System.TriggerOperation|true|false
15:48:52.967 (997378854)|VARIABLE_ASSIGNMENT|[582]|opType|"BEFORE_INSERT"|0x461e9db9
15:48:52.967 (997382454)|VARIABLE_SCOPE_BEGIN|[582]|testMode|Boolean|false|false
15:48:52.967 (997387210)|VARIABLE_ASSIGNMENT|[582]|testMode|false
15:48:52.967 (997391765)|STATEMENT_EXECUTE|[582]
15:48:52.967 (997401011)|STATEMENT_EXECUTE|[586]
15:48:52.967 (997401885)|STATEMENT_EXECUTE|[587]
15:48:52.967 (997404573)|HEAP_ALLOCATE|[587]|Bytes:5
15:48:52.967 (997410613)|STATEMENT_EXECUTE|[590]
15:48:52.967 (997411611)|STATEMENT_EXECUTE|[592]
15:48:52.967 (997422154)|HEAP_ALLOCATE|[592]|Bytes:16
15:48:52.967 (997426958)|STATEMENT_EXECUTE|[595]
15:48:52.967 (997439956)|VARIABLE_SCOPE_BEGIN|[595]|context|String|false|false
15:48:52.967 (997447179)|VARIABLE_ASSIGNMENT|[595]|context|"BEFORE_INSERT"
15:48:52.967 (997449271)|STATEMENT_EXECUTE|[597]
15:48:52.967 (997452015)|HEAP_ALLOCATE|[598]|Bytes:13
15:48:52.967 (997476235)|STATEMENT_EXECUTE|[598]
15:48:52.967 (997477199)|STATEMENT_EXECUTE|[599]
15:48:52.967 (997482955)|METHOD_EXIT|[566]|01pg80000019iSf|TriggerHandler.setTriggerContext(System.TriggerOperation, Boolean)
15:48:52.967 (997486067)|METHOD_EXIT|[109]|01pg80000019iSf|TriggerHandler.setTriggerContext()
15:48:52.967 (997490069)|CONSTRUCTOR_EXIT|[10]|01pg80000019iSf|<init>(String)|TriggerHandler
15:48:52.967 (997493658)|STATEMENT_EXECUTE|[9]
15:48:52.967 (997495347)|STATEMENT_EXECUTE|[11]
15:48:52.967 (998399955)|VARIABLE_ASSIGNMENT|[11]|this.newRecords|[{"Product_Code_Display__c":"TRT 7","IsDeleted":false,"UnitPrice":100.00,"Product2Id":"01tg8000001RQyjAAG","PricebookEntryId":"01ug8000000gTiLAAU","TotalPrice":100.00,"Quantity":1.00,"ListPrice":1000.00,"OrderId":"801g8000009VivjAAC"}]|0x69c3f62
15:48:52.967 (998412945)|STATEMENT_EXECUTE|[12]
15:48:52.967 (998432525)|VARIABLE_ASSIGNMENT|[12]|this.oldRecords|null|0x69c3f62
15:48:52.967 (998435637)|STATEMENT_EXECUTE|[13]
15:48:52.967 (998446259)|VARIABLE_ASSIGNMENT|[13]|this.newRecordsMap|null|0x69c3f62
15:48:52.967 (998449200)|STATEMENT_EXECUTE|[14]
15:48:52.967 (998455951)|VARIABLE_ASSIGNMENT|[14]|this.oldRecordsMap|null|0x69c3f62
15:48:52.967 (998463448)|CONSTRUCTOR_EXIT|[2]|01pg8000001EZwd|<init>()|OrdemItemHandler
15:48:52.967 (998479507)|METHOD_ENTRY|[2]|01pg80000019iSf|TriggerHandler.run()
15:48:52.967 (998484613)|VARIABLE_SCOPE_BEGIN|[120]|this|TriggerHandler|true|false
15:48:52.967 (998516220)|VARIABLE_ASSIGNMENT|[120]|this|{"newRecords":"0x670d1fab","handlerName":"OrderItemHandler","isTriggerExecuting":true,"triggerEvent":"0x461e9db9"}|0x69c3f62
15:48:52.967 (998527176)|STATEMENT_EXECUTE|[120]
15:48:52.967 (998531385)|METHOD_ENTRY|[121]|01pg80000019iSf|TriggerHandler.validateRun()
15:48:52.967 (998534698)|VARIABLE_SCOPE_BEGIN|[661]|this|TriggerHandler|true|false
15:48:52.967 (998543787)|VARIABLE_ASSIGNMENT|[661]|this|{"newRecords":"0x670d1fab","handlerName":"OrderItemHandler","isTriggerExecuting":true,"triggerEvent":"0x461e9db9"}|0x69c3f62
15:48:52.967 (998548175)|STATEMENT_EXECUTE|[661]
15:48:52.967 (998557656)|STATEMENT_EXECUTE|[662]
15:48:52.967 (998558687)|STATEMENT_EXECUTE|[665]
15:48:52.967 (998564984)|METHOD_ENTRY|[665]|01pg80000019iSf|TriggerHandler.getHandlerName()
15:48:52.967 (998567859)|VARIABLE_SCOPE_BEGIN|[680]|this|TriggerHandler|true|false
15:48:52.967 (998576094)|VARIABLE_ASSIGNMENT|[680]|this|{"newRecords":"0x670d1fab","handlerName":"OrderItemHandler","isTriggerExecuting":true,"triggerEvent":"0x461e9db9"}|0x69c3f62
15:48:52.967 (998580776)|STATEMENT_EXECUTE|[680]
15:48:52.967 (998601798)|STATEMENT_EXECUTE|[681]
15:48:52.967 (998602849)|STATEMENT_EXECUTE|[684]
15:48:52.967 (998605478)|METHOD_EXIT|[665]|01pg80000019iSf|TriggerHandler.getHandlerName()
15:48:52.967 (998623232)|METHOD_EXIT|[121]|01pg80000019iSf|TriggerHandler.validateRun()
15:48:52.967 (998626310)|STATEMENT_EXECUTE|[121]
15:48:52.967 (998629230)|METHOD_ENTRY|[126]|01pg80000019iSf|TriggerHandler.incrementCheckLoopCount()
15:48:52.967 (998632556)|VARIABLE_SCOPE_BEGIN|[634]|this|TriggerHandler|true|false
15:48:52.967 (998641493)|VARIABLE_ASSIGNMENT|[634]|this|{"newRecords":"0x670d1fab","handlerName":"OrderItemHandler","isTriggerExecuting":true,"triggerEvent":"0x461e9db9"}|0x69c3f62
15:48:52.967 (998646442)|STATEMENT_EXECUTE|[634]
15:48:52.967 (998647324)|STATEMENT_EXECUTE|[635]
15:48:52.967 (998649893)|METHOD_ENTRY|[635]|01pg80000019iSf|TriggerHandler.getHandlerName()
15:48:52.967 (998652100)|VARIABLE_SCOPE_BEGIN|[680]|this|TriggerHandler|true|false
15:48:52.967 (998660490)|VARIABLE_ASSIGNMENT|[680]|this|{"newRecords":"0x670d1fab","handlerName":"OrderItemHandler","isTriggerExecuting":true,"triggerEvent":"0x461e9db9"}|0x69c3f62
15:48:52.967 (998665850)|STATEMENT_EXECUTE|[680]
15:48:52.967 (998675340)|STATEMENT_EXECUTE|[681]
15:48:52.967 (998676709)|STATEMENT_EXECUTE|[684]
15:48:52.967 (998679555)|METHOD_EXIT|[635]|01pg80000019iSf|TriggerHandler.getHandlerName()
15:48:52.967 (998684633)|VARIABLE_SCOPE_BEGIN|[635]|handlerName|String|false|false
15:48:52.967 (998692140)|VARIABLE_ASSIGNMENT|[635]|handlerName|"OrderItemHandler"
15:48:52.967 (998707713)|STATEMENT_EXECUTE|[636]
15:48:52.967 (998709221)|STATEMENT_EXECUTE|[649]
15:48:52.967 (998711858)|METHOD_EXIT|[126]|01pg80000019iSf|TriggerHandler.incrementCheckLoopCount()
15:48:52.967 (998715900)|STATEMENT_EXECUTE|[126]
15:48:52.967 (998719075)|STATEMENT_EXECUTE|[130]
15:48:52.967 (998720365)|STATEMENT_EXECUTE|[135]
15:48:52.967 (998747843)|STATEMENT_EXECUTE|[136]
15:48:52.967 (998748828)|STATEMENT_EXECUTE|[137]
15:48:52.967 (998766325)|METHOD_ENTRY|[137]|01pg8000001EZwd|OrdemItemHandler.beforeInsert()
15:48:52.967 (998771782)|VARIABLE_SCOPE_BEGIN|[18]|this|OrdemItemHandler|true|false
15:48:52.967 (998784398)|VARIABLE_ASSIGNMENT|[18]|this|{"newRecords":"0x670d1fab","handlerName":"OrderItemHandler","isTriggerExecuting":true,"triggerEvent":"0x461e9db9"}|0x69c3f62
15:48:52.967 (998792079)|STATEMENT_EXECUTE|[18]
15:48:52.967 (998793729)|STATEMENT_EXECUTE|[19]
15:48:52.967 (998799259)|METHOD_ENTRY|[19]|01pg8000001EZwd|OrdemItemHandler.checkActiveOrderItem()
15:48:52.967 (998804231)|VARIABLE_SCOPE_BEGIN|[176]|this|OrdemItemHandler|true|false
15:48:52.967 (998817540)|VARIABLE_ASSIGNMENT|[176]|this|{"newRecords":"0x670d1fab","handlerName":"OrderItemHandler","isTriggerExecuting":true,"triggerEvent":"0x461e9db9"}|0x69c3f62
15:48:52.967 (998824713)|STATEMENT_EXECUTE|[176]
15:48:52.967 (998826409)|STATEMENT_EXECUTE|[177]
15:48:52.967 (998830073)|VARIABLE_SCOPE_BEGIN|[177]|listaParaValidar|List<OrderItem>|true|false
15:48:52.967 (998835461)|VARIABLE_ASSIGNMENT|[177]|listaParaValidar|null|
15:48:52.967 (998837820)|STATEMENT_EXECUTE|[178]
15:48:52.967 (998851259)|HEAP_ALLOCATE|[178]|Bytes:4
15:48:52.967 (998864074)|VARIABLE_SCOPE_BEGIN|[178]|idOrders|Set<Id>|true|false
15:48:52.967 (998886345)|VARIABLE_ASSIGNMENT|[178]|idOrders|[]|0x388d64aa
15:48:52.967 (998889164)|STATEMENT_EXECUTE|[179]
15:48:52.967 (998899452)|HEAP_ALLOCATE|[179]|Bytes:4
15:48:52.967 (998905452)|VARIABLE_SCOPE_BEGIN|[179]|idMapOrders|Map<Id,Order>|true|false
15:48:52.967 (998915138)|VARIABLE_ASSIGNMENT|[179]|idMapOrders|{}|0x33f55ec4
15:48:52.967 (998924455)|STATEMENT_EXECUTE|[183]
15:48:52.967 (998925699)|STATEMENT_EXECUTE|[184]
15:48:52.967 (999509464)|VARIABLE_ASSIGNMENT|[184]|listaParaValidar|[{"Product_Code_Display__c":"TRT 7","IsDeleted":false,"UnitPrice":100.00,"Product2Id":"01tg8000001RQyjAAG","PricebookEntryId":"01ug8000000gTiLAAU","TotalPrice":100.00,"Quantity":1.00,"ListPrice":1000.00,"OrderId":"801g8000009VivjAAC"}]|0x670d1fab
15:48:52.967 (999556704)|HEAP_ALLOCATE|[187]|Bytes:5
15:48:52.967 (999576208)|HEAP_ALLOCATE|[187]|Bytes:4
15:48:52.967 (999584483)|VARIABLE_SCOPE_BEGIN|[187]|ot|OrderItem|true|false
15:48:52.967 (999979878)|VARIABLE_ASSIGNMENT|[187]|ot|{"Product_Code_Display__c":"TRT 7","IsDeleted":false,"UnitPrice":100.00,"Product2Id":"01tg8000001RQyjAAG","PricebookEntryId":"01ug8000000gTiLAAU","TotalPrice":100.00,"Quantity":1.00,"ListPrice":1000.00,"OrderId":"801g8000009VivjAAC"}|0x59ad85a2
15:48:52.967 (999986473)|STATEMENT_EXECUTE|[187]
15:48:52.967 (999987640)|STATEMENT_EXECUTE|[188]
15:48:52.967 (1000006718)|HEAP_ALLOCATE|[EXTERNAL]|Bytes:4
15:48:52.967 (1000016673)|HEAP_ALLOCATE|[187]|Bytes:5
15:48:52.967 (1000023623)|VARIABLE_ASSIGNMENT|[187]|ot|null|
15:48:52.967 (1000027524)|STATEMENT_EXECUTE|[191]
15:48:52.967 (1000038144)|HEAP_ALLOCATE|[191]|Bytes:1
15:48:52.967 (1000046784)|METHOD_ENTRY|[1]|01pg8000001w1Md|OrderSelector.OrderSelector()
15:48:52.967 (1000050643)|STATEMENT_EXECUTE|[1]
15:48:52.967 (1000053274)|STATEMENT_EXECUTE|[1]
15:48:52.967 (1000056852)|METHOD_EXIT|[1]|OrderSelector
15:48:52.967 (1000062463)|METHOD_ENTRY|[191]|01pg8000001w1Md|OrderSelector.getOrdersByIds(Set<Id>)
15:48:52.967 (1000066498)|VARIABLE_SCOPE_BEGIN|[2]|ids|Set<Id>|true|false
15:48:52.967 (1000074399)|VARIABLE_ASSIGNMENT|[2]|ids|["801g8000009VivjAAC"]|0x388d64aa
15:48:52.967 (1000082516)|STATEMENT_EXECUTE|[2]
15:48:52.967 (1000083474)|STATEMENT_EXECUTE|[3]
15:48:52.967 (1000090773)|HEAP_ALLOCATE|[3]|Bytes:4
15:48:52.967 (1000093797)|HEAP_ALLOCATE|[3]|Bytes:113
15:48:52.967 (1000099589)|HEAP_ALLOCATE|[3]|Bytes:4
15:48:52.967 (1000103963)|HEAP_ALLOCATE|[3]|Bytes:7
15:48:52.967 (1000698996)|SOQL_EXECUTE_BEGIN|[3]|Aggregations:0|SELECT Id, DistributionCenter__c, State__c, City__c, Country__c, AccountId, Status FROM Order WHERE Id = :tmpVar1
15:48:52.967 (1003856623)|SOQL_EXECUTE_END|[3]|Rows:1
15:48:52.967 (1003882599)|HEAP_ALLOCATE|[3]|Bytes:8
15:48:52.967 (1003901078)|HEAP_ALLOCATE|[3]|Bytes:209
15:48:52.967 (1003936586)|HEAP_ALLOCATE|[3]|Bytes:8
15:48:52.967 (1003964741)|HEAP_ALLOCATE|[3]|Bytes:32
15:48:52.967 (1003982343)|HEAP_ALLOCATE|[3]|Bytes:4
15:48:52.967 (1003995562)|METHOD_EXIT|[191]|01pg8000001w1Md|OrderSelector.getOrdersByIds(Set<Id>)
15:48:52.967 (1004102142)|VARIABLE_ASSIGNMENT|[191]|idMapOrders|{"801g8000009VivjAAC":{"Status":"Draft","City__c":"a05g8000002BgdtAAC","Country__c":"a03g80000084tcUAAQ","AccountId":"001g8000009VivhAAC","DistributionCenter__c":"a06g8000001gZKDAA2","Id":"801g8000009VivjAAC","State__c":"a04g8000000b5VNAAY"}}|0x41b91802
15:48:52.967 (1004137600)|HEAP_ALLOCATE|[193]|Bytes:5
15:48:52.967 (1004156350)|HEAP_ALLOCATE|[193]|Bytes:4
15:48:52.967 (1004164113)|VARIABLE_SCOPE_BEGIN|[193]|ot|OrderItem|true|false
15:48:52.967 (1004701452)|VARIABLE_ASSIGNMENT|[193]|ot|{"Product_Code_Display__c":"TRT 7","IsDeleted":false,"UnitPrice":100.00,"Product2Id":"01tg8000001RQyjAAG","PricebookEntryId":"01ug8000000gTiLAAU","TotalPrice":100.00,"Quantity":1.00,"ListPrice":1000.00,"OrderId":"801g8000009VivjAAC"}|0x59ad85a2
15:48:52.967 (1004711669)|STATEMENT_EXECUTE|[193]
15:48:52.967 (1004713090)|STATEMENT_EXECUTE|[194]
15:48:52.967 (1004737162)|VARIABLE_SCOPE_BEGIN|[194]|pedido|Order|true|false
15:48:52.967 (1004790535)|VARIABLE_ASSIGNMENT|[194]|pedido|{"Status":"Draft","City__c":"a05g8000002BgdtAAC","Country__c":"a03g80000084tcUAAQ","AccountId":"001g8000009VivhAAC","DistributionCenter__c":"a06g8000001gZKDAA2","Id":"801g8000009VivjAAC","State__c":"a04g8000000b5VNAAY"}|0x735019e6
15:48:52.967 (1004807748)|HEAP_ALLOCATE|[195]|Bytes:5
15:48:52.967 (1004834731)|STATEMENT_EXECUTE|[195]
15:48:52.967 (1004847634)|HEAP_ALLOCATE|[193]|Bytes:5
15:48:52.967 (1004861270)|VARIABLE_ASSIGNMENT|[193]|ot|null|
15:48:52.967 (1004869059)|METHOD_EXIT|[19]|01pg8000001EZwd|OrdemItemHandler.checkActiveOrderItem()
15:48:52.967 (1004873519)|STATEMENT_EXECUTE|[20]
15:48:52.967 (1004882214)|METHOD_ENTRY|[20]|01pg8000001EZwd|OrdemItemHandler.executePricingLogic()
15:48:52.967 (1004887434)|VARIABLE_SCOPE_BEGIN|[35]|this|OrdemItemHandler|true|false
15:48:52.967 (1004926878)|VARIABLE_ASSIGNMENT|[35]|this|{"newRecords":"0x670d1fab","handlerName":"OrderItemHandler","isTriggerExecuting":true,"triggerEvent":"0x461e9db9"}|0x69c3f62
15:48:52.967 (1004938098)|STATEMENT_EXECUTE|[35]
15:48:52.967 (1004939279)|STATEMENT_EXECUTE|[37]
15:48:52.967 (1004949180)|HEAP_ALLOCATE|[37]|Bytes:4
15:48:52.967 (1004960290)|VARIABLE_SCOPE_BEGIN|[37]|setOrderIds|Set<Id>|true|false
15:48:52.967 (1004982699)|VARIABLE_ASSIGNMENT|[37]|setOrderIds|[]|0x7f5af0a7
15:48:52.967 (1004986078)|STATEMENT_EXECUTE|[38]
15:48:52.967 (1004988466)|HEAP_ALLOCATE|[38]|Bytes:4
15:48:52.967 (1004993560)|VARIABLE_SCOPE_BEGIN|[38]|setProductIds|Set<Id>|true|false
15:48:52.967 (1005000139)|VARIABLE_ASSIGNMENT|[38]|setProductIds|[]|0x5bae63e5
15:48:52.967 (1005003683)|STATEMENT_EXECUTE|[39]
15:48:52.967 (1005005651)|HEAP_ALLOCATE|[39]|Bytes:4
15:48:52.967 (1005010365)|VARIABLE_SCOPE_BEGIN|[39]|setAccountIds|Set<Id>|true|false
15:48:52.967 (1005016109)|VARIABLE_ASSIGNMENT|[39]|setAccountIds|[]|0x52de199a
15:48:52.967 (1005018813)|STATEMENT_EXECUTE|[42]
15:48:52.967 (1005032264)|HEAP_ALLOCATE|[42]|Bytes:4
15:48:52.967 (1005038352)|VARIABLE_SCOPE_BEGIN|[42]|itemsByOrderId|Map<Id,List<OrderItem>>|true|false
15:48:52.967 (1005045940)|VARIABLE_ASSIGNMENT|[42]|itemsByOrderId|{}|0x2132a50e
15:48:52.967 (1005062020)|HEAP_ALLOCATE|[45]|Bytes:5
15:48:52.967 (1005071430)|HEAP_ALLOCATE|[45]|Bytes:4
15:48:52.967 (1005076264)|VARIABLE_SCOPE_BEGIN|[45]|item|OrderItem|true|false
15:48:52.967 (1005527331)|VARIABLE_ASSIGNMENT|[45]|item|{"Product_Code_Display__c":"TRT 7","IsDeleted":false,"UnitPrice":100.00,"Product2Id":"01tg8000001RQyjAAG","PricebookEntryId":"01ug8000000gTiLAAU","TotalPrice":100.00,"Quantity":1.00,"ListPrice":1000.00,"OrderId":"801g8000009VivjAAC"}|0x59ad85a2
15:48:52.967 (1005533073)|STATEMENT_EXECUTE|[45]
15:48:52.967 (1005539200)|STATEMENT_EXECUTE|[46]
15:48:52.967 (1005540243)|STATEMENT_EXECUTE|[47]
15:48:52.967 (1005549297)|HEAP_ALLOCATE|[EXTERNAL]|Bytes:4
15:48:52.967 (1005565414)|STATEMENT_EXECUTE|[49]
15:48:52.967 (1005573409)|HEAP_ALLOCATE|[49]|Bytes:4
15:48:52.967 (1005587644)|HEAP_ALLOCATE|[EXTERNAL]|Bytes:4
15:48:52.967 (1005591441)|HEAP_ALLOCATE|[EXTERNAL]|Bytes:-4
15:48:52.967 (1005594725)|STATEMENT_EXECUTE|[50]
15:48:52.967 (1005618484)|HEAP_ALLOCATE|[EXTERNAL]|Bytes:4
15:48:52.967 (1005624802)|STATEMENT_EXECUTE|[52]
15:48:52.967 (1005628897)|HEAP_ALLOCATE|[EXTERNAL]|Bytes:4
15:48:52.967 (1005636423)|HEAP_ALLOCATE|[45]|Bytes:5
15:48:52.967 (1005643360)|VARIABLE_ASSIGNMENT|[45]|item|null|
15:48:52.967 (1005646441)|STATEMENT_EXECUTE|[56]
15:48:52.967 (1005653349)|METHOD_ENTRY|[56]|01pg8000001w1Md|OrderSelector.getOrdersByIds(Set<Id>)
15:48:52.967 (1005658152)|VARIABLE_SCOPE_BEGIN|[2]|ids|Set<Id>|true|false
15:48:52.967 (1005664879)|VARIABLE_ASSIGNMENT|[2]|ids|["801g8000009VivjAAC"]|0x7f5af0a7
15:48:52.967 (1005671748)|STATEMENT_EXECUTE|[2]
15:48:52.967 (1005672761)|STATEMENT_EXECUTE|[3]
15:48:52.967 (1005678279)|HEAP_ALLOCATE|[3]|Bytes:4
15:48:52.967 (1005684619)|HEAP_ALLOCATE|[3]|Bytes:4
15:48:52.967 (1006056438)|SOQL_EXECUTE_BEGIN|[3]|Aggregations:0|SELECT Id, DistributionCenter__c, State__c, City__c, Country__c, AccountId, Status FROM Order WHERE Id = :tmpVar1
15:48:52.967 (1008755994)|SOQL_EXECUTE_END|[3]|Rows:1
15:48:52.967 (1008779940)|HEAP_ALLOCATE|[3]|Bytes:8
15:48:52.967 (1008795380)|HEAP_ALLOCATE|[3]|Bytes:209
15:48:52.967 (1008826520)|HEAP_ALLOCATE|[3]|Bytes:8
15:48:52.967 (1008846078)|HEAP_ALLOCATE|[3]|Bytes:32
15:48:52.967 (1008861361)|HEAP_ALLOCATE|[3]|Bytes:4
15:48:52.967 (1008873598)|METHOD_EXIT|[56]|01pg8000001w1Md|OrderSelector.getOrdersByIds(Set<Id>)
15:48:52.967 (1008879966)|VARIABLE_SCOPE_BEGIN|[56]|mapOrders|Map<Id,Order>|true|false
15:48:52.967 (1008968890)|VARIABLE_ASSIGNMENT|[56]|mapOrders|{"801g8000009VivjAAC":{"Status":"Draft","City__c":"a05g8000002BgdtAAC","Country__c":"a03g80000084tcUAAQ","AccountId":"001g8000009VivhAAC","DistributionCenter__c":"a06g8000001gZKDAA2","Id":"801g8000009VivjAAC","State__c":"a04g8000000b5VNAAY"}}|0x7cdaad4b
15:48:52.967 (1008987234)|HEAP_ALLOCATE|[EXTERNAL]|Bytes:8
15:48:52.967 (1008996204)|HEAP_ALLOCATE|[58]|Bytes:216
15:48:52.967 (1009029178)|HEAP_ALLOCATE|[58]|Bytes:5
15:48:52.967 (1009042589)|HEAP_ALLOCATE|[58]|Bytes:32
15:48:52.967 (1009048983)|VARIABLE_SCOPE_BEGIN|[58]|o|Order|true|false
15:48:52.967 (1009082591)|VARIABLE_ASSIGNMENT|[58]|o|{"Status":"Draft","City__c":"a05g8000002BgdtAAC","Country__c":"a03g80000084tcUAAQ","AccountId":"001g8000009VivhAAC","DistributionCenter__c":"a06g8000001gZKDAA2","Id":"801g8000009VivjAAC","State__c":"a04g8000000b5VNAAY"}|0x474a25b4
15:48:52.967 (1009090464)|STATEMENT_EXECUTE|[58]
15:48:52.967 (1009107577)|HEAP_ALLOCATE|[EXTERNAL]|Bytes:4
15:48:52.967 (1009115946)|HEAP_ALLOCATE|[58]|Bytes:5
15:48:52.967 (1009122755)|VARIABLE_ASSIGNMENT|[58]|o|null|
15:48:52.967 (1009126276)|STATEMENT_EXECUTE|[60]
15:48:52.967 (1009139510)|HEAP_ALLOCATE|[60]|Bytes:1
15:48:52.967 (1009149609)|METHOD_ENTRY|[1]|01pg8000001w1MX|AccountSelector.AccountSelector()
15:48:52.967 (1009153555)|STATEMENT_EXECUTE|[1]
15:48:52.967 (1009156579)|STATEMENT_EXECUTE|[1]
15:48:52.967 (1009160732)|METHOD_EXIT|[1]|AccountSelector
15:48:52.967 (1009166163)|METHOD_ENTRY|[60]|01pg8000001w1MX|AccountSelector.getAccountByIds(Set<Id>)
15:48:52.967 (1009170804)|VARIABLE_SCOPE_BEGIN|[2]|ids|Set<Id>|true|false
15:48:52.967 (1009179434)|VARIABLE_ASSIGNMENT|[2]|ids|["001g8000009VivhAAC"]|0x52de199a
15:48:52.967 (1009188509)|STATEMENT_EXECUTE|[2]
15:48:52.967 (1009189495)|STATEMENT_EXECUTE|[3]
15:48:52.967 (1009199151)|HEAP_ALLOCATE|[3]|Bytes:4
15:48:52.967 (1009202190)|HEAP_ALLOCATE|[3]|Bytes:59
15:48:52.967 (1009207560)|HEAP_ALLOCATE|[3]|Bytes:4
15:48:52.967 (1009451522)|SOQL_EXECUTE_BEGIN|[3]|Aggregations:0|SELECT Id, AccountGroup__c FROM Account WHERE Id = :tmpVar1
15:48:52.967 (1012076474)|SOQL_EXECUTE_END|[3]|Rows:1
15:48:52.967 (1012099287)|HEAP_ALLOCATE|[3]|Bytes:8
15:48:52.967 (1012119096)|HEAP_ALLOCATE|[3]|Bytes:66
15:48:52.967 (1012162828)|HEAP_ALLOCATE|[3]|Bytes:8
15:48:52.967 (1012201802)|HEAP_ALLOCATE|[3]|Bytes:12
15:48:52.967 (1012213164)|HEAP_ALLOCATE|[3]|Bytes:4
15:48:52.967 (1012225232)|METHOD_EXIT|[60]|01pg8000001w1MX|AccountSelector.getAccountByIds(Set<Id>)
15:48:52.967 (1012231440)|VARIABLE_SCOPE_BEGIN|[60]|mapAccounts|Map<Id,Account>|true|false
15:48:52.967 (1012300625)|VARIABLE_ASSIGNMENT|[60]|mapAccounts|{"001g8000009VivhAAC":{"AccountGroup__c":"a02g8000002mQYXAA2","Id":"001g8000009VivhAAC"}}|0x543ba766
15:48:52.967 (1012307539)|STATEMENT_EXECUTE|[62]
15:48:52.967 (1012320972)|HEAP_ALLOCATE|[62]|Bytes:1
15:48:52.967 (1012330578)|METHOD_ENTRY|[1]|01pg8000001w1Mf|ProductSelector.ProductSelector()
15:48:52.967 (1012334992)|STATEMENT_EXECUTE|[1]
15:48:52.967 (1012338278)|STATEMENT_EXECUTE|[1]
15:48:52.967 (1012341805)|METHOD_EXIT|[1]|ProductSelector
15:48:52.967 (1012347734)|METHOD_ENTRY|[62]|01pg8000001w1Mf|ProductSelector.getProductByIds(Set<Id>)
15:48:52.967 (1012352503)|VARIABLE_SCOPE_BEGIN|[2]|ids|Set<Id>|true|false
15:48:52.967 (1012362573)|VARIABLE_ASSIGNMENT|[2]|ids|["01tg8000001RQyjAAG"]|0x5bae63e5
15:48:52.967 (1012372257)|STATEMENT_EXECUTE|[2]
15:48:52.967 (1012373173)|STATEMENT_EXECUTE|[3]
15:48:52.967 (1012382967)|HEAP_ALLOCATE|[3]|Bytes:4
15:48:52.967 (1012386658)|HEAP_ALLOCATE|[3]|Bytes:83
15:48:52.967 (1012391685)|HEAP_ALLOCATE|[3]|Bytes:4
15:48:52.967 (1012693376)|SOQL_EXECUTE_BEGIN|[3]|Aggregations:0|SELECT Id, ProductionCost__c, ProductHierarchy__c FROM Product2 WHERE Id = :tmpVar1
15:48:52.967 (1015181519)|SOQL_EXECUTE_END|[3]|Rows:1
15:48:52.967 (1015204456)|HEAP_ALLOCATE|[3]|Bytes:8
15:48:52.967 (1015224524)|HEAP_ALLOCATE|[3]|Bytes:127
15:48:52.967 (1015257249)|HEAP_ALLOCATE|[3]|Bytes:8
15:48:52.967 (1015281682)|HEAP_ALLOCATE|[3]|Bytes:16
15:48:52.967 (1015298176)|HEAP_ALLOCATE|[3]|Bytes:4
15:48:52.967 (1015308835)|METHOD_EXIT|[62]|01pg8000001w1Mf|ProductSelector.getProductByIds(Set<Id>)
15:48:52.967 (1015314806)|VARIABLE_SCOPE_BEGIN|[62]|mapProducts|Map<Id,Product2>|true|false
15:48:52.967 (1015384430)|VARIABLE_ASSIGNMENT|[62]|mapProducts|{"01tg8000001RQyjAAG":{"ProductionCost__c":300000.00,"ProductHierarchy__c":"a01g8000009ViviAAC","Id":"01tg8000001RQyjAAG"}}|0x3878f733
15:48:52.967 (1015392491)|STATEMENT_EXECUTE|[65]
15:48:52.967 (1015406442)|HEAP_ALLOCATE|[65]|Bytes:1
15:48:52.967 (1015415870)|METHOD_ENTRY|[1]|01pg8000001w1MZ|MargemSelector.MargemSelector()
15:48:52.967 (1015419991)|STATEMENT_EXECUTE|[1]
15:48:52.967 (1015423138)|STATEMENT_EXECUTE|[1]
15:48:52.967 (1015426353)|METHOD_EXIT|[1]|MargemSelector
15:48:52.967 (1015432426)|METHOD_ENTRY|[65]|01pg8000001w1MZ|MargemSelector.getMargemApproved()
15:48:52.967 (1015442878)|STATEMENT_EXECUTE|[2]
15:48:52.967 (1015443968)|STATEMENT_EXECUTE|[3]
15:48:52.967 (1015446016)|HEAP_ALLOCATE|[3]|Bytes:165
15:48:52.967 (1015455681)|HEAP_ALLOCATE|[3]|Bytes:4
15:48:52.967 (1015767352)|SOQL_EXECUTE_BEGIN|[3]|Aggregations:0|SELECT Product__c, ProductHierarchy__c, Account__c, AccountGroup__c, City__c, State__c, Country__c, MarginValuePercent__c FROM Margem__c WHERE Status__c = 'Approved'
15:48:52.967 (1018494293)|SOQL_EXECUTE_END|[3]|Rows:1
15:48:52.967 (1018514781)|HEAP_ALLOCATE|[3]|Bytes:8
15:48:52.967 (1018539802)|HEAP_ALLOCATE|[3]|Bytes:184
15:48:52.967 (1018583492)|HEAP_ALLOCATE|[3]|Bytes:8
15:48:52.967 (1018598656)|METHOD_EXIT|[65]|01pg8000001w1MZ|MargemSelector.getMargemApproved()
15:48:52.967 (1018605893)|VARIABLE_SCOPE_BEGIN|[65]|listMargins|List<Margem__c>|true|false
15:48:52.967 (1018705127)|VARIABLE_ASSIGNMENT|[65]|listMargins|[{"Account__c":"001g8000009VivhAAC","Product__c":"01tg8000001RQyjAAG","Id":"a00g800000PiDJ6AAN","State__c":"a04g8000000b5VNAAY","MarginValuePercent__c":15.00}]|0x36f18391
15:48:52.967 (1018714186)|STATEMENT_EXECUTE|[68]
15:48:52.967 (1018731284)|HEAP_ALLOCATE|[68]|Bytes:4
15:48:52.967 (1018742735)|VARIABLE_SCOPE_BEGIN|[68]|mapMargin|Map<String,Margem__c>|true|false
15:48:52.967 (1018753081)|VARIABLE_ASSIGNMENT|[68]|mapMargin|{}|0x6d0a40a9
15:48:52.967 (1018815670)|HEAP_ALLOCATE|[69]|Bytes:5
15:48:52.967 (1018837189)|HEAP_ALLOCATE|[69]|Bytes:24
15:48:52.967 (1018844142)|VARIABLE_SCOPE_BEGIN|[69]|m|Margem__c|true|false
15:48:52.967 (1018885252)|VARIABLE_ASSIGNMENT|[69]|m|{"Account__c":"001g8000009VivhAAC","Product__c":"01tg8000001RQyjAAG","Id":"a00g800000PiDJ6AAN","State__c":"a04g8000000b5VNAAY","MarginValuePercent__c":15.00}|0x17804f12
15:48:52.967 (1018891290)|STATEMENT_EXECUTE|[69]
15:48:52.967 (1018893283)|STATEMENT_EXECUTE|[70]
15:48:52.967 (1018939405)|HEAP_ALLOCATE|[70]|Bytes:18
15:48:52.967 (1018951431)|VARIABLE_SCOPE_BEGIN|[70]|p|String|false|false
15:48:52.967 (1018960634)|VARIABLE_ASSIGNMENT|[70]|p|"01tg8000001RQyjAAG"
15:48:52.967 (1018968831)|STATEMENT_EXECUTE|[71]
15:48:52.967 (1018980715)|HEAP_ALLOCATE|[71]|Bytes:18
15:48:52.967 (1018985939)|VARIABLE_SCOPE_BEGIN|[71]|a|String|false|false
15:48:52.967 (1018990725)|VARIABLE_ASSIGNMENT|[71]|a|"001g8000009VivhAAC"
15:48:52.967 (1018993181)|STATEMENT_EXECUTE|[72]
15:48:52.967 (1019004214)|HEAP_ALLOCATE|[72]|Bytes:18
15:48:52.967 (1019012546)|VARIABLE_SCOPE_BEGIN|[72]|l|String|false|false
15:48:52.967 (1019018252)|VARIABLE_ASSIGNMENT|[72]|l|"a04g8000000b5VNAAY"
15:48:52.967 (1019020588)|STATEMENT_EXECUTE|[75]
15:48:52.967 (1019022573)|HEAP_ALLOCATE|[75]|Bytes:1
15:48:52.967 (1019031861)|HEAP_ALLOCATE|[75]|Bytes:56
15:48:52.967 (1019033902)|VARIABLE_SCOPE_BEGIN|[75]|compositeKey|String|false|false
15:48:52.967 (1019039551)|VARIABLE_ASSIGNMENT|[75]|compositeKey|"01tg8000001RQyjAAG_0 (36 more) ..."
15:48:52.967 (1019041784)|STATEMENT_EXECUTE|[76]
15:48:52.967 (1019053157)|HEAP_ALLOCATE|[EXTERNAL]|Bytes:-4
15:48:52.967 (1019058064)|STATEMENT_EXECUTE|[77]
15:48:52.967 (1019059506)|HEAP_ALLOCATE|[77]|Bytes:28
15:48:52.967 (1019065462)|HEAP_ALLOCATE|[77]|Bytes:84
15:48:52.967 (1019088406)|USER_DEBUG|[77]|DEBUG|MAPA MARGEM - Chave Gerada: 01tg8000001RQyjAAG_001g8000009VivhAAC_a04g8000000b5VNAAY
15:48:52.967 (1019101776)|HEAP_ALLOCATE|[69]|Bytes:5
15:48:52.967 (1019109141)|VARIABLE_ASSIGNMENT|[69]|m|null|
15:48:52.967 (1019112920)|STATEMENT_EXECUTE|[81]
15:48:52.967 (1019122941)|HEAP_ALLOCATE|[81]|Bytes:1
15:48:52.967 (1019131094)|METHOD_ENTRY|[1]|01pg8000001w1Mg|TaxSelector.TaxSelector()
15:48:52.967 (1019134485)|STATEMENT_EXECUTE|[1]
15:48:52.967 (1019136435)|STATEMENT_EXECUTE|[1]
15:48:52.967 (1019139648)|METHOD_EXIT|[1]|TaxSelector
15:48:52.967 (1019144844)|METHOD_ENTRY|[81]|01pg8000001w1Mg|TaxSelector.getTaxApproved()
15:48:52.967 (1019160585)|STATEMENT_EXECUTE|[2]
15:48:52.967 (1019162442)|STATEMENT_EXECUTE|[3]
15:48:52.967 (1019164432)|HEAP_ALLOCATE|[3]|Bytes:103
15:48:52.967 (1019173966)|HEAP_ALLOCATE|[3]|Bytes:4
15:48:52.967 (1019569408)|SOQL_EXECUTE_BEGIN|[3]|Aggregations:0|SELECT Product__c, State__c, DistributionCenter__c, TaxRate__c FROM Tax__c WHERE Status__c = 'Approved'
15:48:52.967 (1022648469)|SOQL_EXECUTE_END|[3]|Rows:1
15:48:52.967 (1022669085)|HEAP_ALLOCATE|[3]|Bytes:8
15:48:52.967 (1022690694)|HEAP_ALLOCATE|[3]|Bytes:184
15:48:52.967 (1022729394)|HEAP_ALLOCATE|[3]|Bytes:8
15:48:52.967 (1022744871)|METHOD_EXIT|[81]|01pg8000001w1Mg|TaxSelector.getTaxApproved()
15:48:52.967 (1022751348)|VARIABLE_SCOPE_BEGIN|[81]|listTaxes|List<Tax__c>|true|false
15:48:52.967 (1022850931)|VARIABLE_ASSIGNMENT|[81]|listTaxes|[{"DistributionCenter__c":"a06g8000001gZKDAA2","Product__c":"01tg8000001RQyjAAG","TaxRate__c":10.00,"Id":"a09g8000002D2vhAAC","State__c":"a04g8000000b5VNAAY"}]|0x48572094
15:48:52.967 (1022859270)|STATEMENT_EXECUTE|[83]
15:48:52.967 (1022872479)|HEAP_ALLOCATE|[83]|Bytes:4
15:48:52.967 (1022884587)|VARIABLE_SCOPE_BEGIN|[83]|mapTaxByCompositeKey|Map<String,Tax__c>|true|false
15:48:52.967 (1022894697)|VARIABLE_ASSIGNMENT|[83]|mapTaxByCompositeKey|{}|0x1d0f2dae
15:48:52.967 (1022931794)|HEAP_ALLOCATE|[84]|Bytes:5
15:48:52.967 (1022950982)|HEAP_ALLOCATE|[84]|Bytes:24
15:48:52.967 (1022957419)|VARIABLE_SCOPE_BEGIN|[84]|t|Tax__c|true|false
15:48:52.967 (1022983847)|VARIABLE_ASSIGNMENT|[84]|t|{"DistributionCenter__c":"a06g8000001gZKDAA2","Product__c":"01tg8000001RQyjAAG","TaxRate__c":10.00,"Id":"a09g8000002D2vhAAC","State__c":"a04g8000000b5VNAAY"}|0x4de909aa
15:48:52.967 (1022988647)|STATEMENT_EXECUTE|[84]
15:48:52.967 (1022990013)|STATEMENT_EXECUTE|[85]
15:48:52.967 (1023022703)|HEAP_ALLOCATE|[85]|Bytes:18
15:48:52.967 (1023093830)|HEAP_ALLOCATE|[86]|Bytes:18
15:48:52.967 (1023102918)|HEAP_ALLOCATE|[87]|Bytes:18
15:48:52.967 (1023115139)|HEAP_ALLOCATE|[85]|Bytes:54
15:48:52.967 (1023118733)|VARIABLE_SCOPE_BEGIN|[85]|key|String|false|false
15:48:52.967 (1023125959)|VARIABLE_ASSIGNMENT|[85]|key|"01tg8000001RQyjAAGa0 (34 more) ..."
15:48:52.967 (1023128897)|STATEMENT_EXECUTE|[88]
15:48:52.967 (1023138689)|HEAP_ALLOCATE|[EXTERNAL]|Bytes:-4
15:48:52.967 (1023147317)|HEAP_ALLOCATE|[84]|Bytes:5
15:48:52.967 (1023154252)|VARIABLE_ASSIGNMENT|[84]|t|null|
15:48:52.967 (1023158030)|STATEMENT_EXECUTE|[92]
15:48:52.967 (1023167756)|HEAP_ALLOCATE|[92]|Bytes:1
15:48:52.967 (1023176989)|METHOD_ENTRY|[1]|01pg8000001w1MY|FreightSelector.FreightSelector()
15:48:52.967 (1023180401)|STATEMENT_EXECUTE|[1]
15:48:52.967 (1023182652)|STATEMENT_EXECUTE|[1]
15:48:52.967 (1023186215)|METHOD_EXIT|[1]|FreightSelector
15:48:52.967 (1023191927)|METHOD_ENTRY|[92]|01pg8000001w1MY|FreightSelector.getFreightApproved()
15:48:52.967 (1023202711)|STATEMENT_EXECUTE|[2]
15:48:52.967 (1023203683)|STATEMENT_EXECUTE|[3]
15:48:52.967 (1023205676)|HEAP_ALLOCATE|[3]|Bytes:154
15:48:52.967 (1023213312)|HEAP_ALLOCATE|[3]|Bytes:4
15:48:52.967 (1023513193)|SOQL_EXECUTE_BEGIN|[3]|Aggregations:0|SELECT Product__c, City__c, State__c, Country__c, DistributionCenter__c, FreightValue__c, ProductHierarchy__c FROM Freight__c WHERE Status__c = 'Approved'
15:48:52.967 (1026179334)|SOQL_EXECUTE_END|[3]|Rows:1
15:48:52.967 (1026200634)|HEAP_ALLOCATE|[3]|Bytes:8
15:48:52.967 (1026222596)|HEAP_ALLOCATE|[3]|Bytes:189
15:48:52.967 (1026261046)|HEAP_ALLOCATE|[3]|Bytes:8
15:48:52.967 (1026278484)|METHOD_EXIT|[92]|01pg8000001w1MY|FreightSelector.getFreightApproved()
15:48:52.967 (1026285724)|VARIABLE_SCOPE_BEGIN|[92]|listFreights|List<Freight__c>|true|false
15:48:52.967 (1026368488)|VARIABLE_ASSIGNMENT|[92]|listFreights|[{"DistributionCenter__c":"a06g8000001gZKDAA2","Product__c":"01tg8000001RQyjAAG","Id":"a0Ag8000000gGrZEAU","State__c":"a04g8000000b5VNAAY","FreightValue__c":700.00}]|0x4cfae195
15:48:52.967 (1026376384)|STATEMENT_EXECUTE|[94]
15:48:52.967 (1026388330)|HEAP_ALLOCATE|[94]|Bytes:4
15:48:52.967 (1026398935)|VARIABLE_SCOPE_BEGIN|[94]|mapFreight|Map<String,Freight__c>|true|false
15:48:52.967 (1026408867)|VARIABLE_ASSIGNMENT|[94]|mapFreight|{}|0x7100f472
15:48:52.967 (1026445558)|HEAP_ALLOCATE|[95]|Bytes:5
15:48:52.967 (1026766102)|HEAP_ALLOCATE|[95]|Bytes:24
15:48:52.967 (1026777848)|VARIABLE_SCOPE_BEGIN|[95]|f|Freight__c|true|false
15:48:52.967 (1026815834)|VARIABLE_ASSIGNMENT|[95]|f|{"DistributionCenter__c":"a06g8000001gZKDAA2","Product__c":"01tg8000001RQyjAAG","Id":"a0Ag8000000gGrZEAU","State__c":"a04g8000000b5VNAAY","FreightValue__c":700.00}|0x90f59c6
15:48:52.967 (1026821608)|STATEMENT_EXECUTE|[95]
15:48:52.967 (1026823155)|STATEMENT_EXECUTE|[96]
15:48:52.967 (1026856714)|HEAP_ALLOCATE|[96]|Bytes:18
15:48:52.967 (1026864011)|VARIABLE_SCOPE_BEGIN|[96]|quem|String|false|false
15:48:52.967 (1026869410)|VARIABLE_ASSIGNMENT|[96]|quem|"01tg8000001RQyjAAG"
15:48:52.967 (1026872190)|STATEMENT_EXECUTE|[97]
15:48:52.967 (1026881425)|HEAP_ALLOCATE|[97]|Bytes:18
15:48:52.967 (1026885655)|VARIABLE_SCOPE_BEGIN|[97]|onde|String|false|false
15:48:52.967 (1026889996)|VARIABLE_ASSIGNMENT|[97]|onde|"a04g8000000b5VNAAY"
15:48:52.967 (1026892333)|STATEMENT_EXECUTE|[99]
15:48:52.967 (1026899369)|HEAP_ALLOCATE|[99]|Bytes:37
15:48:52.967 (1026902456)|VARIABLE_SCOPE_BEGIN|[99]|key|String|false|false
15:48:52.967 (1026908293)|VARIABLE_ASSIGNMENT|[99]|key|"01tg8000001RQyjAAG_a (17 more) ..."
15:48:52.967 (1026910588)|STATEMENT_EXECUTE|[101]
15:48:52.967 (1026920399)|HEAP_ALLOCATE|[EXTERNAL]|Bytes:-4
15:48:52.967 (1026924979)|STATEMENT_EXECUTE|[102]
15:48:52.967 (1026926988)|HEAP_ALLOCATE|[102]|Bytes:27
15:48:52.967 (1026932554)|HEAP_ALLOCATE|[102]|Bytes:64
15:48:52.967 (1026945945)|USER_DEBUG|[102]|DEBUG|MAPA FRETE - Chave Gerada: 01tg8000001RQyjAAG_a04g8000000b5VNAAY
15:48:52.967 (1026955674)|HEAP_ALLOCATE|[95]|Bytes:5
15:48:52.967 (1026963590)|VARIABLE_ASSIGNMENT|[95]|f|null|
15:48:52.967 (1026983166)|HEAP_ALLOCATE|[106]|Bytes:5
15:48:52.967 (1026995669)|HEAP_ALLOCATE|[106]|Bytes:4
15:48:52.967 (1027000342)|VARIABLE_SCOPE_BEGIN|[106]|item|OrderItem|true|false
15:48:52.967 (1027661300)|VARIABLE_ASSIGNMENT|[106]|item|{"Product_Code_Display__c":"TRT 7","IsDeleted":false,"UnitPrice":100.00,"Product2Id":"01tg8000001RQyjAAG","PricebookEntryId":"01ug8000000gTiLAAU","TotalPrice":100.00,"Quantity":1.00,"ListPrice":1000.00,"OrderId":"801g8000009VivjAAC"}|0x59ad85a2
15:48:52.967 (1027669638)|STATEMENT_EXECUTE|[106]
15:48:52.967 (1027671124)|STATEMENT_EXECUTE|[107]
15:48:52.967 (1027698076)|VARIABLE_SCOPE_BEGIN|[107]|pedido|Order|true|false
15:48:52.967 (1027768648)|VARIABLE_ASSIGNMENT|[107]|pedido|{"Status":"Draft","City__c":"a05g8000002BgdtAAC","Country__c":"a03g80000084tcUAAQ","AccountId":"001g8000009VivhAAC","DistributionCenter__c":"a06g8000001gZKDAA2","Id":"801g8000009VivjAAC","State__c":"a04g8000000b5VNAAY"}|0x474a25b4
15:48:52.967 (1027773426)|STATEMENT_EXECUTE|[108]
15:48:52.967 (1027787538)|VARIABLE_SCOPE_BEGIN|[108]|produto|Product2|true|false
15:48:52.967 (1027816713)|VARIABLE_ASSIGNMENT|[108]|produto|{"ProductionCost__c":300000.00,"ProductHierarchy__c":"a01g8000009ViviAAC","Id":"01tg8000001RQyjAAG"}|0x7a1b13d
15:48:52.967 (1027819939)|STATEMENT_EXECUTE|[109]
15:48:52.967 (1027835264)|VARIABLE_SCOPE_BEGIN|[109]|cliente|Account|true|false
15:48:52.967 (1027861173)|VARIABLE_ASSIGNMENT|[109]|cliente|{"AccountGroup__c":"a02g8000002mQYXAA2","Id":"001g8000009VivhAAC"}|0x1ccc0e15
15:48:52.967 (1027892893)|HEAP_ALLOCATE|[113]|Bytes:28
15:48:52.967 (1027895621)|HEAP_ALLOCATE|[113]|Bytes:28
15:48:52.967 (1027927195)|HEAP_ALLOCATE|[113]|Bytes:28
15:48:52.967 (1027928869)|HEAP_ALLOCATE|[113]|Bytes:28
15:48:52.967 (1027938939)|STATEMENT_EXECUTE|[113]
15:48:52.967 (1027942375)|STATEMENT_EXECUTE|[119]
15:48:52.967 (1027943435)|STATEMENT_EXECUTE|[121]
15:48:52.967 (1027950636)|HEAP_ALLOCATE|[121]|Bytes:18
15:48:52.967 (1027959658)|HEAP_ALLOCATE|[122]|Bytes:18
15:48:52.967 (1027967785)|HEAP_ALLOCATE|[123]|Bytes:18
15:48:52.967 (1027975344)|HEAP_ALLOCATE|[121]|Bytes:54
15:48:52.967 (1027979475)|VARIABLE_SCOPE_BEGIN|[121]|keyOrderItemImposto|String|false|false
15:48:52.967 (1027988252)|VARIABLE_ASSIGNMENT|[121]|keyOrderItemImposto|"01tg8000001RQyjAAGa0 (34 more) ..."
15:48:52.967 (1027992208)|STATEMENT_EXECUTE|[125]
15:48:52.967 (1028006433)|VARIABLE_SCOPE_BEGIN|[125]|impostoEncontrado|Tax__c|true|false
15:48:52.967 (1028052628)|VARIABLE_ASSIGNMENT|[125]|impostoEncontrado|{"DistributionCenter__c":"a06g8000001gZKDAA2","Product__c":"01tg8000001RQyjAAG","TaxRate__c":10.00,"Id":"a09g8000002D2vhAAC","State__c":"a04g8000000b5VNAAY"}|0x4de909aa
15:48:52.967 (1028057229)|STATEMENT_EXECUTE|[127]
15:48:52.967 (1028636905)|VARIABLE_ASSIGNMENT|[127]|this.TaxPercentage__c|10.00|0x59ad85a2
15:48:52.967 (1028644336)|STATEMENT_EXECUTE|[130]
15:48:52.967 (1028667954)|HEAP_ALLOCATE|[130]|Bytes:7
15:48:52.967 (1028679365)|METHOD_ENTRY|[1]|01pg8000001F8kf|PricingService.PricingService()
15:48:52.967 (1028684014)|STATEMENT_EXECUTE|[1]
15:48:52.967 (1028687040)|STATEMENT_EXECUTE|[1]
15:48:52.967 (1028691752)|METHOD_EXIT|[1]|PricingService
15:48:52.967 (1028702592)|METHOD_ENTRY|[130]|01pg8000001F8kf|PricingService.findMargin(OrderItem, Order, Map<String,Margem__c>, Id, Account)
15:48:52.967 (1028708849)|VARIABLE_SCOPE_BEGIN|[21]|item|OrderItem|true|false
15:48:52.967 (1029112528)|VARIABLE_ASSIGNMENT|[21]|item|{"Product_Code_Display__c":"TRT 7","IsDeleted":false,"UnitPrice":100.00,"Product2Id":"01tg8000001RQyjAAG","PricebookEntryId":"01ug8000000gTiLAAU","TotalPrice":100.00,"Quantity":1.00,"TaxPercentage__c":10.00,"ListPrice":1000.00,"OrderId":"801g8000009VivjAAC"}|0x59ad85a2
15:48:52.967 (1029118190)|VARIABLE_SCOPE_BEGIN|[21]|pedido|Order|true|false
15:48:52.967 (1029165901)|VARIABLE_ASSIGNMENT|[21]|pedido|{"Status":"Draft","City__c":"a05g8000002BgdtAAC","Country__c":"a03g80000084tcUAAQ","AccountId":"001g8000009VivhAAC","DistributionCenter__c":"a06g8000001gZKDAA2","Id":"801g8000009VivjAAC","State__c":"a04g8000000b5VNAAY"}|0x474a25b4
15:48:52.967 (1029170143)|VARIABLE_SCOPE_BEGIN|[21]|mapMargin|Map<String,Margem__c>|true|false
15:48:52.967 (1029211740)|VARIABLE_ASSIGNMENT|[21]|mapMargin|{"01tg8000001RQyjAAG_001g8000009VivhAAC_a04g8000000b5VNAAY":{"Account__c":"001g8000009VivhAAC","Product__c":"01tg8000001RQyjAAG","Id":"a00g800000PiDJ6AAN","State__c":"a04g8000000b5VNAAY","MarginValuePercent__c":15.00}}|0x6d0a40a9
15:48:52.967 (1029215886)|VARIABLE_SCOPE_BEGIN|[21]|h|Id|false|false
15:48:52.967 (1029378337)|VARIABLE_ASSIGNMENT|[21]|h|"a01g8000009ViviAAC"
15:48:52.967 (1029381761)|VARIABLE_SCOPE_BEGIN|[21]|cliente|Account|true|false
15:48:52.967 (1029406643)|VARIABLE_ASSIGNMENT|[21]|cliente|{"AccountGroup__c":"a02g8000002mQYXAA2","Id":"001g8000009VivhAAC"}|0x1ccc0e15
15:48:52.967 (1029421748)|STATEMENT_EXECUTE|[21]
15:48:52.967 (1029422915)|STATEMENT_EXECUTE|[22]
15:48:52.967 (1029431488)|VARIABLE_SCOPE_BEGIN|[22]|p|Id|false|false
15:48:52.967 (1029467936)|VARIABLE_ASSIGNMENT|[22]|p|"01tg8000001RQyjAAG"
15:48:52.967 (1029471153)|STATEMENT_EXECUTE|[23]
15:48:52.967 (1029476335)|VARIABLE_SCOPE_BEGIN|[23]|a|Id|false|false
15:48:52.967 (1029496031)|VARIABLE_ASSIGNMENT|[23]|a|"001g8000009VivhAAC"
15:48:52.967 (1029499187)|STATEMENT_EXECUTE|[24]
15:48:52.967 (1029504027)|VARIABLE_SCOPE_BEGIN|[24]|g|Id|false|false
15:48:52.967 (1029522667)|VARIABLE_ASSIGNMENT|[24]|g|"a02g8000002mQYXAA2"
15:48:52.967 (1029525482)|STATEMENT_EXECUTE|[25]
15:48:52.967 (1029528363)|VARIABLE_SCOPE_BEGIN|[25]|c|Id|false|false
15:48:52.967 (1029546068)|VARIABLE_ASSIGNMENT|[25]|c|"a05g8000002BgdtAAC"
15:48:52.967 (1029548511)|STATEMENT_EXECUTE|[26]
15:48:52.967 (1029551382)|VARIABLE_SCOPE_BEGIN|[26]|e|Id|false|false
15:48:52.967 (1029569342)|VARIABLE_ASSIGNMENT|[26]|e|"a04g8000000b5VNAAY"
15:48:52.967 (1029571808)|STATEMENT_EXECUTE|[27]
15:48:52.967 (1029575149)|VARIABLE_SCOPE_BEGIN|[27]|pa|Id|false|false
15:48:52.967 (1029592735)|VARIABLE_ASSIGNMENT|[27]|pa|"a03g80000084tcUAAQ"
15:48:52.967 (1029610913)|HEAP_ALLOCATE|[30]|Bytes:18
15:48:52.967 (1029622040)|HEAP_ALLOCATE|[30]|Bytes:18
15:48:52.967 (1029628480)|HEAP_ALLOCATE|[30]|Bytes:18
15:48:52.967 (1029636170)|HEAP_ALLOCATE|[30]|Bytes:56
15:48:52.967 (1029649616)|STATEMENT_EXECUTE|[30]
15:48:52.967 (1029653774)|HEAP_ALLOCATE|[31]|Bytes:18
15:48:52.967 (1029660126)|HEAP_ALLOCATE|[31]|Bytes:18
15:48:52.967 (1029686342)|HEAP_ALLOCATE|[31]|Bytes:18
15:48:52.967 (1029690997)|HEAP_ALLOCATE|[31]|Bytes:56
15:48:52.967 (1029696211)|STATEMENT_EXECUTE|[31]
15:48:52.967 (1029699829)|HEAP_ALLOCATE|[31]|Bytes:18
15:48:52.967 (1029706014)|HEAP_ALLOCATE|[31]|Bytes:18
15:48:52.967 (1029711889)|HEAP_ALLOCATE|[31]|Bytes:18
15:48:52.967 (1029715926)|HEAP_ALLOCATE|[31]|Bytes:56
15:48:52.967 (1029731919)|METHOD_EXIT|[130]|01pg8000001F8kf|PricingService.findMargin(OrderItem, Order, Map<String,Margem__c>, Id, Account)
15:48:52.967 (1029737684)|VARIABLE_SCOPE_BEGIN|[130]|margem|Margem__c|true|false
15:48:52.967 (1029776303)|VARIABLE_ASSIGNMENT|[130]|margem|{"Account__c":"001g8000009VivhAAC","Product__c":"01tg8000001RQyjAAG","Id":"a00g800000PiDJ6AAN","State__c":"a04g8000000b5VNAAY","MarginValuePercent__c":15.00}|0x17804f12
15:48:52.967 (1029780913)|STATEMENT_EXECUTE|[131]
15:48:52.967 (1030266056)|VARIABLE_ASSIGNMENT|[131]|this.MarginPercentage__c|15.00|0x59ad85a2
15:48:52.967 (1030271504)|STATEMENT_EXECUTE|[134]
15:48:52.967 (1030286706)|METHOD_ENTRY|[134]|01pg8000001F8kf|PricingService.findFreightValue(OrderItem, Order, Map<String,Freight__c>, Id)
15:48:52.967 (1030292224)|VARIABLE_SCOPE_BEGIN|[4]|item|OrderItem|true|false
15:48:52.967 (1030706326)|VARIABLE_ASSIGNMENT|[4]|item|{"Product_Code_Display__c":"TRT 7","IsDeleted":false,"UnitPrice":100.00,"Product2Id":"01tg8000001RQyjAAG","PricebookEntryId":"01ug8000000gTiLAAU","TotalPrice":100.00,"Quantity":1.00,"MarginPercentage__c":15.00,"TaxPercentage__c":10.00,"ListPrice":1000.00,"OrderId":"801g8000009VivjAAC"}|0x59ad85a2
15:48:52.967 (1030712046)|VARIABLE_SCOPE_BEGIN|[4]|pedido|Order|true|false
15:48:52.967 (1030772397)|VARIABLE_ASSIGNMENT|[4]|pedido|{"Status":"Draft","City__c":"a05g8000002BgdtAAC","Country__c":"a03g80000084tcUAAQ","AccountId":"001g8000009VivhAAC","DistributionCenter__c":"a06g8000001gZKDAA2","Id":"801g8000009VivjAAC","State__c":"a04g8000000b5VNAAY"}|0x474a25b4
15:48:52.967 (1030777035)|VARIABLE_SCOPE_BEGIN|[4]|mapFrete|Map<String,Freight__c>|true|false
15:48:52.967 (1030815164)|VARIABLE_ASSIGNMENT|[4]|mapFrete|{"01tg8000001RQyjAAG_a04g8000000b5VNAAY":{"DistributionCenter__c":"a06g8000001gZKDAA2","Product__c":"01tg8000001RQyjAAG","Id":"a0Ag8000000gGrZEAU","State__c":"a04g8000000b5VNAAY","FreightValue__c":700.00}}|0x7100f472
15:48:52.967 (1030819115)|VARIABLE_SCOPE_BEGIN|[4]|h|Id|false|false
15:48:52.967 (1030873406)|VARIABLE_ASSIGNMENT|[4]|h|"a01g8000009ViviAAC"
15:48:52.967 (1030884737)|STATEMENT_EXECUTE|[4]
15:48:52.967 (1030885890)|STATEMENT_EXECUTE|[5]
15:48:52.967 (1030893070)|VARIABLE_SCOPE_BEGIN|[5]|p|Id|false|false
15:48:52.967 (1030915054)|VARIABLE_ASSIGNMENT|[5]|p|"01tg8000001RQyjAAG"
15:48:52.967 (1030917638)|STATEMENT_EXECUTE|[6]
15:48:52.967 (1030921486)|VARIABLE_SCOPE_BEGIN|[6]|c|Id|false|false
15:48:52.967 (1030940197)|VARIABLE_ASSIGNMENT|[6]|c|"a05g8000002BgdtAAC"
15:48:52.967 (1030942855)|STATEMENT_EXECUTE|[7]
15:48:52.967 (1030945534)|VARIABLE_SCOPE_BEGIN|[7]|e|Id|false|false
15:48:52.967 (1030963395)|VARIABLE_ASSIGNMENT|[7]|e|"a04g8000000b5VNAAY"
15:48:52.967 (1030965906)|STATEMENT_EXECUTE|[8]
15:48:52.967 (1030968936)|VARIABLE_SCOPE_BEGIN|[8]|pa|Id|false|false
15:48:52.967 (1030986452)|VARIABLE_ASSIGNMENT|[8]|pa|"a03g80000084tcUAAQ"
15:48:52.967 (1031001551)|HEAP_ALLOCATE|[10]|Bytes:18
15:48:52.967 (1031013451)|HEAP_ALLOCATE|[10]|Bytes:18
15:48:52.967 (1031020135)|HEAP_ALLOCATE|[10]|Bytes:37
15:48:52.967 (1031031540)|STATEMENT_EXECUTE|[10]
15:48:52.967 (1031036025)|HEAP_ALLOCATE|[11]|Bytes:18
15:48:52.967 (1031042396)|HEAP_ALLOCATE|[11]|Bytes:18
15:48:52.967 (1031046701)|HEAP_ALLOCATE|[11]|Bytes:37
15:48:52.967 (1031052166)|STATEMENT_EXECUTE|[11]
15:48:52.967 (1031055621)|HEAP_ALLOCATE|[11]|Bytes:18
15:48:52.967 (1031061688)|HEAP_ALLOCATE|[11]|Bytes:18
15:48:52.967 (1031065889)|HEAP_ALLOCATE|[11]|Bytes:37
15:48:52.967 (1031087940)|METHOD_EXIT|[134]|01pg8000001F8kf|PricingService.findFreightValue(OrderItem, Order, Map<String,Freight__c>, Id)
15:48:52.967 (1031583529)|VARIABLE_ASSIGNMENT|[134]|this.FreightValue__c|700.00|0x59ad85a2
15:48:52.967 (1031590405)|STATEMENT_EXECUTE|[137]
15:48:52.967 (1031604647)|VARIABLE_SCOPE_BEGIN|[137]|custoUnitario|Decimal|false|false
15:48:52.967 (1031610585)|VARIABLE_ASSIGNMENT|[137]|custoUnitario|300000.00
15:48:52.967 (1031613053)|STATEMENT_EXECUTE|[140]
15:48:52.967 (1031623351)|HEAP_ALLOCATE|[140]|Bytes:28
15:48:52.967 (1031629095)|HEAP_ALLOCATE|[140]|Bytes:28
15:48:52.967 (1031640623)|METHOD_ENTRY|[140]|01pg8000001F8kf|PricingService.calculateFinalPrice(OrderItem, Decimal, Margem__c, Decimal, Decimal)
15:48:52.967 (1031645938)|VARIABLE_SCOPE_BEGIN|[47]|item|OrderItem|true|false
15:48:52.967 (1032081123)|VARIABLE_ASSIGNMENT|[47]|item|{"Product_Code_Display__c":"TRT 7","IsDeleted":false,"UnitPrice":100.00,"Product2Id":"01tg8000001RQyjAAG","PricebookEntryId":"01ug8000000gTiLAAU","TotalPrice":100.00,"Quantity":1.00,"MarginPercentage__c":15.00,"TaxPercentage__c":10.00,"ListPrice":1000.00,"OrderId":"801g8000009VivjAAC","FreightValue__c":700.00}|0x59ad85a2
15:48:52.967 (1032088121)|VARIABLE_SCOPE_BEGIN|[47]|frete|Decimal|false|false
15:48:52.967 (1032094320)|VARIABLE_ASSIGNMENT|[47]|frete|700.00
15:48:52.967 (1032096581)|VARIABLE_SCOPE_BEGIN|[47]|margem|Margem__c|true|false
15:48:52.967 (1032135907)|VARIABLE_ASSIGNMENT|[47]|margem|{"Account__c":"001g8000009VivhAAC","Product__c":"01tg8000001RQyjAAG","Id":"a00g800000PiDJ6AAN","State__c":"a04g8000000b5VNAAY","MarginValuePercent__c":15.00}|0x17804f12
15:48:52.967 (1032139575)|VARIABLE_SCOPE_BEGIN|[47]|impostoPercent|Decimal|false|false
15:48:52.967 (1032143785)|VARIABLE_ASSIGNMENT|[47]|impostoPercent|10.00
15:48:52.967 (1032146044)|VARIABLE_SCOPE_BEGIN|[47]|custo|Decimal|false|false
15:48:52.967 (1032149576)|VARIABLE_ASSIGNMENT|[47]|custo|300000.00
15:48:52.967 (1032159171)|STATEMENT_EXECUTE|[47]
15:48:52.967 (1032160233)|STATEMENT_EXECUTE|[48]
15:48:52.967 (1032172037)|VARIABLE_SCOPE_BEGIN|[48]|mPerc|Decimal|false|false
15:48:52.967 (1032176724)|VARIABLE_ASSIGNMENT|[48]|mPerc|15.00
15:48:52.967 (1032179086)|STATEMENT_EXECUTE|[49]
15:48:52.967 (1032180692)|VARIABLE_SCOPE_BEGIN|[49]|iPerc|Decimal|false|false
15:48:52.967 (1032184389)|VARIABLE_ASSIGNMENT|[49]|iPerc|10.00
15:48:52.967 (1032186481)|STATEMENT_EXECUTE|[50]
15:48:52.967 (1032188070)|VARIABLE_SCOPE_BEGIN|[50]|custoProd|Decimal|false|false
15:48:52.967 (1032191557)|VARIABLE_ASSIGNMENT|[50]|custoProd|300000.00
15:48:52.967 (1032193640)|STATEMENT_EXECUTE|[51]
15:48:52.967 (1032194896)|VARIABLE_SCOPE_BEGIN|[51]|freteVal|Decimal|false|false
15:48:52.967 (1032198525)|VARIABLE_ASSIGNMENT|[51]|freteVal|700.00
15:48:52.967 (1032200737)|STATEMENT_EXECUTE|[54]
15:48:52.967 (1032228091)|HEAP_ALLOCATE|[54]|Bytes:28
15:48:52.967 (1032234791)|VARIABLE_SCOPE_BEGIN|[54]|precoBase|Decimal|false|false
15:48:52.967 (1032238971)|VARIABLE_ASSIGNMENT|[54]|precoBase|300700.00
15:48:52.967 (1032241340)|STATEMENT_EXECUTE|[57]
15:48:52.967 (1032248138)|HEAP_ALLOCATE|[57]|Bytes:28
15:48:52.967 (1032250045)|HEAP_ALLOCATE|[57]|Bytes:28
15:48:52.967 (1032254195)|HEAP_ALLOCATE|[57]|Bytes:28
15:48:52.967 (1032297682)|HEAP_ALLOCATE|[57]|Bytes:28
15:48:52.967 (1032299568)|HEAP_ALLOCATE|[57]|Bytes:28
15:48:52.967 (1032308125)|HEAP_ALLOCATE|[57]|Bytes:28
15:48:52.967 (1032318520)|HEAP_ALLOCATE|[57]|Bytes:28
15:48:52.967 (1032322496)|VARIABLE_SCOPE_BEGIN|[57]|precoSemMargem|Decimal|false|false
15:48:52.967 (1032328144)|VARIABLE_ASSIGNMENT|[57]|precoSemMargem|330770.0000
15:48:52.967 (1032330289)|STATEMENT_EXECUTE|[60]
15:48:52.967 (1032332652)|HEAP_ALLOCATE|[60]|Bytes:28
15:48:52.967 (1032334300)|HEAP_ALLOCATE|[60]|Bytes:28
15:48:52.967 (1032336788)|HEAP_ALLOCATE|[60]|Bytes:28
15:48:52.967 (1032348016)|HEAP_ALLOCATE|[60]|Bytes:28
15:48:52.967 (1032349624)|HEAP_ALLOCATE|[60]|Bytes:28
15:48:52.967 (1032356692)|HEAP_ALLOCATE|[60]|Bytes:28
15:48:52.967 (1032363921)|HEAP_ALLOCATE|[60]|Bytes:28
15:48:52.967 (1032367851)|VARIABLE_SCOPE_BEGIN|[60]|precoCalculado|Decimal|false|false
15:48:52.967 (1032372119)|VARIABLE_ASSIGNMENT|[60]|precoCalculado|380385.500000
15:48:52.967 (1032374224)|STATEMENT_EXECUTE|[63]
15:48:52.967 (1032890890)|VARIABLE_ASSIGNMENT|[63]|this.ProductionCost__c|300000.00|0x59ad85a2
15:48:52.967 (1032901960)|STATEMENT_EXECUTE|[64]
15:48:52.967 (1033786589)|VARIABLE_ASSIGNMENT|[64]|this.MarginPercentage__c|15.00|0x59ad85a2
15:48:52.967 (1033795693)|STATEMENT_EXECUTE|[65]
15:48:52.967 (1034536556)|VARIABLE_ASSIGNMENT|[65]|this.FreightValue__c|700.00|0x59ad85a2
15:48:52.967 (1034545862)|STATEMENT_EXECUTE|[66]
15:48:52.967 (1034945710)|VARIABLE_ASSIGNMENT|[66]|this.TaxPercentage__c|10.00|0x59ad85a2
15:48:52.967 (1034949808)|STATEMENT_EXECUTE|[67]
15:48:52.967 (1035306396)|VARIABLE_ASSIGNMENT|[67]|this.PriceWithoutMargin__c|330770.0000|0x59ad85a2
15:48:52.967 (1035310052)|STATEMENT_EXECUTE|[68]
15:48:52.967 (1035657786)|VARIABLE_ASSIGNMENT|[68]|this.FinalPrice__c|380385.500000|0x59ad85a2
15:48:52.967 (1035661017)|STATEMENT_EXECUTE|[71]
15:48:52.967 (1035678731)|VARIABLE_SCOPE_BEGIN|[71]|unitPriceDigitado|Decimal|false|false
15:48:52.967 (1035685181)|VARIABLE_ASSIGNMENT|[71]|unitPriceDigitado|100.00
15:48:52.967 (1035699578)|HEAP_ALLOCATE|[74]|Bytes:28
15:48:52.967 (1035702703)|HEAP_ALLOCATE|[74]|Bytes:28
15:48:52.967 (1035729797)|STATEMENT_EXECUTE|[74]
15:48:52.967 (1035730843)|STATEMENT_EXECUTE|[75]
15:48:52.967 (1035744123)|HEAP_ALLOCATE|[75]|Bytes:28
15:48:52.967 (1035779763)|HEAP_ALLOCATE|[75]|Bytes:28
15:48:52.967 (1035781448)|HEAP_ALLOCATE|[75]|Bytes:28
15:48:52.967 (1036167835)|VARIABLE_ASSIGNMENT|[75]|this.DiscountPercentage__c|0.999737108801465881323026245742806|0x59ad85a2
15:48:52.967 (1036172160)|STATEMENT_EXECUTE|[76]
15:48:52.967 (1036180211)|HEAP_ALLOCATE|[76]|Bytes:28
15:48:52.967 (1036533639)|VARIABLE_ASSIGNMENT|[76]|this.DiscountValue__c|380285.500000|0x59ad85a2
15:48:52.967 (1036566094)|STATEMENT_EXECUTE|[79]
15:48:52.967 (1036573901)|HEAP_ALLOCATE|[79]|Bytes:28
15:48:52.967 (1036953723)|VARIABLE_ASSIGNMENT|[79]|this.UnitPrice|380385.500000|0x59ad85a2
15:48:52.967 (1036964537)|METHOD_EXIT|[140]|01pg8000001F8kf|PricingService.calculateFinalPrice(OrderItem, Decimal, Margem__c, Decimal, Decimal)
15:48:52.967 (1036984634)|HEAP_ALLOCATE|[106]|Bytes:5
15:48:52.967 (1037026740)|VARIABLE_ASSIGNMENT|[106]|item|null|
15:48:52.967 (1037033650)|METHOD_EXIT|[20]|01pg8000001EZwd|OrdemItemHandler.executePricingLogic()
15:48:52.967 (1037038532)|STATEMENT_EXECUTE|[21]
15:48:52.967 (1037050652)|METHOD_ENTRY|[21]|01pg8000001EZwd|OrdemItemHandler.checkDuplicateProducts()
15:48:52.967 (1037055828)|VARIABLE_SCOPE_BEGIN|[145]|this|OrdemItemHandler|true|false
15:48:52.967 (1037111365)|VARIABLE_ASSIGNMENT|[145]|this|{"newRecords":"0x670d1fab","handlerName":"OrderItemHandler","isTriggerExecuting":true,"triggerEvent":"0x461e9db9"}|0x69c3f62
15:48:52.967 (1037122400)|STATEMENT_EXECUTE|[145]
15:48:52.967 (1037124162)|STATEMENT_EXECUTE|[146]
15:48:52.967 (1037139916)|HEAP_ALLOCATE|[146]|Bytes:4
15:48:52.967 (1037155070)|VARIABLE_SCOPE_BEGIN|[146]|setOrderIds|Set<Id>|true|false
15:48:52.967 (1037187285)|VARIABLE_ASSIGNMENT|[146]|setOrderIds|[]|0x192b7f66
15:48:52.967 (1037190458)|STATEMENT_EXECUTE|[147]
15:48:52.967 (1037193226)|HEAP_ALLOCATE|[147]|Bytes:4
15:48:52.967 (1037198726)|VARIABLE_SCOPE_BEGIN|[147]|setProductIds|Set<Id>|true|false
15:48:52.967 (1037205237)|VARIABLE_ASSIGNMENT|[147]|setProductIds|[]|0x13090d27
15:48:52.967 (1037226941)|HEAP_ALLOCATE|[149]|Bytes:5
15:48:52.967 (1037241612)|HEAP_ALLOCATE|[149]|Bytes:40
15:48:52.967 (1037246976)|VARIABLE_SCOPE_BEGIN|[149]|ot|OrderItem|true|false
15:48:52.967 (1037684185)|VARIABLE_ASSIGNMENT|[149]|ot|{"Product_Code_Display__c":"TRT 7","DiscountPercentage__c":0.999737108801465881323026245742806,"IsDeleted":false,"DiscountValue__c":380285.500000,"Quantity":1.00,"FinalPrice__c":380385.500000,"TaxPercentage__c":10.00,"ListPrice":1000.00,"OrderId":"801g8000009VivjAAC","PriceWithoutMargin__c":330770.0000,"FreightValue__c":700.00,"UnitPrice":380385.500000,"Product2Id":"01tg8000001RQyjAAG","ProductionCost__c":300000.00,"PricebookEntryId":"01ug8000000gTiLAAU","TotalPrice":100.00,"MarginPercentage__c":15.00}|0x59ad85a2
15:48:52.967 (1037693433)|STATEMENT_EXECUTE|[149]
15:48:52.967 (1037694571)|STATEMENT_EXECUTE|[150]
15:48:52.967 (1037711819)|HEAP_ALLOCATE|[EXTERNAL]|Bytes:4
15:48:52.967 (1037717381)|STATEMENT_EXECUTE|[151]
15:48:52.967 (1037722160)|HEAP_ALLOCATE|[EXTERNAL]|Bytes:4
15:48:52.967 (1037731282)|HEAP_ALLOCATE|[149]|Bytes:5
15:48:52.967 (1037738788)|VARIABLE_ASSIGNMENT|[149]|ot|null|
15:48:52.967 (1037742095)|STATEMENT_EXECUTE|[154]
15:48:52.967 (1037756537)|HEAP_ALLOCATE|[154]|Bytes:4
15:48:52.967 (1037765723)|METHOD_ENTRY|[1]|01pg8000001w1Mc|OrderItemSelector.OrderItemSelector()
15:48:52.967 (1037769089)|STATEMENT_EXECUTE|[1]
15:48:52.967 (1037771348)|STATEMENT_EXECUTE|[1]
15:48:52.967 (1037774998)|METHOD_EXIT|[1]|OrderItemSelector
15:48:52.967 (1037780806)|METHOD_ENTRY|[154]|01pg8000001w1Mc|OrderItemSelector.getOrderItemByIds(Set<Id>, Set<Id>)
15:48:52.967 (1037790895)|VARIABLE_SCOPE_BEGIN|[2]|orderIds|Set<Id>|true|false
15:48:52.967 (1037801969)|VARIABLE_ASSIGNMENT|[2]|orderIds|["801g8000009VivjAAC"]|0x192b7f66
15:48:52.967 (1037805941)|VARIABLE_SCOPE_BEGIN|[2]|productIds|Set<Id>|true|false
15:48:52.967 (1037812158)|VARIABLE_ASSIGNMENT|[2]|productIds|["01tg8000001RQyjAAG"]|0x13090d27
15:48:52.967 (1037821363)|STATEMENT_EXECUTE|[2]
15:48:52.967 (1037822291)|STATEMENT_EXECUTE|[3]
15:48:52.967 (1037824370)|HEAP_ALLOCATE|[3]|Bytes:98
15:48:52.967 (1037836441)|HEAP_ALLOCATE|[3]|Bytes:4
15:48:52.967 (1037849586)|HEAP_ALLOCATE|[3]|Bytes:7
15:48:52.967 (1038321448)|SOQL_EXECUTE_BEGIN|[3]|Aggregations:0|SELECT Id, OrderId, Product2Id FROM OrderItem WHERE (OrderId = :tmpVar1 AND Product2Id = :tmpVar2)
15:48:52.967 (1040003013)|SOQL_EXECUTE_END|[3]|Rows:0
15:48:52.967 (1040035604)|HEAP_ALLOCATE|[3]|Bytes:4
15:48:52.967 (1040049813)|HEAP_ALLOCATE|[3]|Bytes:0
15:48:52.967 (1040089855)|HEAP_ALLOCATE|[3]|Bytes:4
15:48:52.967 (1040106363)|METHOD_EXIT|[154]|01pg8000001w1Mc|OrderItemSelector.getOrderItemByIds(Set<Id>, Set<Id>)
15:48:52.967 (1040112346)|VARIABLE_SCOPE_BEGIN|[154]|existingItens|List<OrderItem>|true|false
15:48:52.967 (1040126044)|VARIABLE_ASSIGNMENT|[154]|existingItens|[]|0x1000e8d3
15:48:52.967 (1040132269)|STATEMENT_EXECUTE|[156]
15:48:52.967 (1040141408)|HEAP_ALLOCATE|[156]|Bytes:4
15:48:52.967 (1040157518)|VARIABLE_SCOPE_BEGIN|[156]|comparacao|Set<String>|true|false
15:48:52.967 (1040175739)|VARIABLE_ASSIGNMENT|[156]|comparacao|[]|0x6987b26f
15:48:52.967 (1040208357)|HEAP_ALLOCATE|[157]|Bytes:5
15:48:52.967 (1040222623)|VARIABLE_ASSIGNMENT|[157]|it|null|
15:48:52.967 (1040228267)|STATEMENT_EXECUTE|[157]
15:48:52.967 (1040239952)|HEAP_ALLOCATE|[161]|Bytes:5
15:48:52.967 (1040255075)|HEAP_ALLOCATE|[161]|Bytes:40
15:48:52.967 (1040262037)|VARIABLE_SCOPE_BEGIN|[161]|newItem|OrderItem|true|false
15:48:52.967 (1040872121)|VARIABLE_ASSIGNMENT|[161]|newItem|{"Product_Code_Display__c":"TRT 7","DiscountPercentage__c":0.999737108801465881323026245742806,"IsDeleted":false,"DiscountValue__c":380285.500000,"Quantity":1.00,"FinalPrice__c":380385.500000,"TaxPercentage__c":10.00,"ListPrice":1000.00,"OrderId":"801g8000009VivjAAC","PriceWithoutMargin__c":330770.0000,"FreightValue__c":700.00,"UnitPrice":380385.500000,"Product2Id":"01tg8000001RQyjAAG","ProductionCost__c":300000.00,"PricebookEntryId":"01ug8000000gTiLAAU","TotalPrice":100.00,"MarginPercentage__c":15.00}|0x59ad85a2
15:48:52.967 (1040889957)|STATEMENT_EXECUTE|[161]
15:48:52.967 (1040891506)|STATEMENT_EXECUTE|[162]
15:48:52.967 (1040919637)|HEAP_ALLOCATE|[162]|Bytes:18
15:48:52.967 (1040927877)|HEAP_ALLOCATE|[162]|Bytes:1
15:48:52.967 (1040934519)|HEAP_ALLOCATE|[162]|Bytes:18
15:48:52.967 (1040941402)|HEAP_ALLOCATE|[162]|Bytes:37
15:48:52.967 (1040945165)|VARIABLE_SCOPE_BEGIN|[162]|keyCombo|String|false|false
15:48:52.967 (1040956742)|VARIABLE_ASSIGNMENT|[162]|keyCombo|"801g8000009VivjAAC-0 (17 more) ..."
15:48:52.967 (1040973133)|STATEMENT_EXECUTE|[166]
15:48:52.967 (1040974193)|STATEMENT_EXECUTE|[168]
15:48:52.967 (1040978601)|HEAP_ALLOCATE|[EXTERNAL]|Bytes:4
15:48:52.967 (1040993041)|HEAP_ALLOCATE|[161]|Bytes:5
15:48:52.967 (1041000637)|VARIABLE_ASSIGNMENT|[161]|newItem|null|
15:48:52.967 (1041009011)|METHOD_EXIT|[21]|01pg8000001EZwd|OrdemItemHandler.checkDuplicateProducts()
15:48:52.967 (1041015977)|METHOD_EXIT|[137]|01pg8000001EZwd|OrdemItemHandler.beforeInsert()
15:48:52.967 (1041019498)|STATEMENT_EXECUTE|[158]
15:48:52.967 (1041036873)|METHOD_ENTRY|[158]|01pg80000019iSf|TriggerHandler.andFinally()
15:48:52.967 (1041043053)|VARIABLE_SCOPE_BEGIN|[746]|this|TriggerHandler|true|false
15:48:52.967 (1041090170)|VARIABLE_ASSIGNMENT|[746]|this|{"newRecords":"0x670d1fab","handlerName":"OrderItemHandler","isTriggerExecuting":true,"triggerEvent":"0x461e9db9"}|0x69c3f62
15:48:52.967 (1041101232)|STATEMENT_EXECUTE|[746]
15:48:52.967 (1041103269)|METHOD_EXIT|[158]|01pg80000019iSf|TriggerHandler.andFinally()
15:48:52.967 (1041110220)|STATEMENT_EXECUTE|[160]
15:48:52.967 (1041114105)|STATEMENT_EXECUTE|[176]
15:48:52.967 (1041119162)|METHOD_EXIT|[2]|01pg80000019iSf|TriggerHandler.run()
15:48:53.41 (1041129163)|CUMULATIVE_LIMIT_USAGE
15:48:53.41 (1041129163)|LIMIT_USAGE_FOR_NS|(default)|
  Number of SOQL queries: 11 out of 100
  Number of query rows: 10 out of 50000
  Number of SOSL queries: 0 out of 20
  Number of DML statements: 14 out of 150
  Number of Publish Immediate DML: 0 out of 150
  Number of DML rows: 14 out of 10000
  Maximum CPU time: 91 out of 10000
  Maximum heap size: 0 out of 6000000
  Number of callouts: 0 out of 100
  Number of Email Invocations: 0 out of 10
  Number of future calls: 0 out of 50
  Number of queueable jobs added to the queue: 0 out of 50
  Number of Mobile Apex push calls: 0 out of 10

15:48:53.41 (1041129163)|CUMULATIVE_LIMIT_USAGE_END

15:48:52.967 (1041506457)|CODE_UNIT_FINISHED|OrdemItemTrigger on OrderItem trigger event BeforeInsert|__sfdc_trigger/OrdemItemTrigger
15:48:52.967 (1075229676)|CODE_UNIT_STARTED|[EXTERNAL]|01qg8000000GdOn|OrderTrigger on Order trigger event BeforeUpdate|__sfdc_trigger/OrderTrigger
15:48:52.967 (1075305077)|HEAP_ALLOCATE|[EXTERNAL]|Bytes:8
15:48:52.967 (1075366666)|HEAP_ALLOCATE|[EXTERNAL]|Bytes:8
15:48:52.967 (1075451796)|HEAP_ALLOCATE|[EXTERNAL]|Bytes:4
15:48:52.967 (1075463118)|VARIABLE_SCOPE_BEGIN|[1]|this|OrderTrigger|true|false
15:48:52.967 (1075501179)|VARIABLE_ASSIGNMENT|[1]|this|{}|0x76af72a7
15:48:52.967 (1075535523)|HEAP_ALLOCATE|[EXTERNAL]|Bytes:4
15:48:52.967 (1075541312)|VARIABLE_SCOPE_BEGIN|[1]|this|OrderTrigger|true|false
15:48:52.967 (1075547213)|VARIABLE_ASSIGNMENT|[1]|this|{}|0x76af72a7
15:48:52.967 (1075558066)|STATEMENT_EXECUTE|[1]
15:48:52.967 (1075559268)|STATEMENT_EXECUTE|[2]
15:48:52.967 (1075579852)|HEAP_ALLOCATE|[2]|Bytes:16
15:48:52.967 (1075594102)|METHOD_ENTRY|[1]|01pg8000001LXzh|OrderHandler.OrderHandler()
15:48:52.967 (1075599971)|STATEMENT_EXECUTE|[1]
15:48:52.967 (1075603166)|STATEMENT_EXECUTE|[1]
15:48:52.967 (1075608201)|METHOD_EXIT|[1]|OrderHandler
15:48:52.967 (1075618470)|HEAP_ALLOCATE|[2]|Bytes:32
15:48:52.967 (1075634759)|CONSTRUCTOR_ENTRY|[2]|01pg8000001LXzh|<init>()|OrderHandler
15:48:52.967 (1075640935)|VARIABLE_SCOPE_BEGIN|[8]|this|OrderHandler|true|false
15:48:52.967 (1075660582)|VARIABLE_ASSIGNMENT|[8]|this|{}|0xc9c5de5
15:48:52.967 (1075666663)|STATEMENT_EXECUTE|[1]
15:48:52.967 (1075667891)|STATEMENT_EXECUTE|[3]
15:48:52.967 (1075669196)|STATEMENT_EXECUTE|[4]
15:48:52.967 (1075670134)|STATEMENT_EXECUTE|[5]
15:48:52.967 (1075670947)|STATEMENT_EXECUTE|[6]
15:48:52.967 (1075672055)|STATEMENT_EXECUTE|[9]
15:48:52.967 (1075676319)|HEAP_ALLOCATE|[9]|Bytes:12
15:48:52.967 (1075687047)|CONSTRUCTOR_ENTRY|[9]|01pg80000019iSf|<init>(String)|TriggerHandler
15:48:52.967 (1075691462)|VARIABLE_SCOPE_BEGIN|[107]|this|TriggerHandler|true|false
15:48:52.967 (1075698691)|VARIABLE_ASSIGNMENT|[107]|this|{}|0xc9c5de5
15:48:52.967 (1075701612)|VARIABLE_SCOPE_BEGIN|[107]|handlerName|String|false|false
15:48:52.967 (1075711446)|VARIABLE_ASSIGNMENT|[107]|handlerName|"OrderHandler"
15:48:52.967 (1075714832)|STATEMENT_EXECUTE|[15]
15:48:52.967 (1075715879)|STATEMENT_EXECUTE|[50]
15:48:52.967 (1075717061)|STATEMENT_EXECUTE|[57]
15:48:52.967 (1075718407)|STATEMENT_EXECUTE|[671]
15:48:52.967 (1075736036)|STATEMENT_EXECUTE|[107]
15:48:52.967 (1075737102)|STATEMENT_EXECUTE|[108]
15:48:52.967 (1075741567)|STATEMENT_EXECUTE|[109]
15:48:52.967 (1075749554)|METHOD_ENTRY|[109]|01pg80000019iSf|TriggerHandler.setTriggerContext()
15:48:52.967 (1075753288)|VARIABLE_SCOPE_BEGIN|[565]|this|TriggerHandler|true|false
15:48:52.967 (1075763315)|VARIABLE_ASSIGNMENT|[565]|this|{"handlerName":"OrderHandler"}|0xc9c5de5
15:48:52.967 (1075775963)|STATEMENT_EXECUTE|[565]
15:48:52.967 (1075777267)|STATEMENT_EXECUTE|[566]
15:48:52.967 (1075835691)|HEAP_ALLOCATE|[566]|Bytes:16
15:48:52.967 (1075846832)|METHOD_ENTRY|[566]|01pg80000019iSf|TriggerHandler.setTriggerContext(System.TriggerOperation, Boolean)
15:48:52.967 (1075850217)|VARIABLE_SCOPE_BEGIN|[582]|this|TriggerHandler|true|false
15:48:52.967 (1075858236)|VARIABLE_ASSIGNMENT|[582]|this|{"handlerName":"OrderHandler"}|0xc9c5de5
15:48:52.967 (1075861284)|VARIABLE_SCOPE_BEGIN|[582]|opType|System.TriggerOperation|true|false
15:48:52.967 (1075874861)|VARIABLE_ASSIGNMENT|[582]|opType|"BEFORE_UPDATE"|0x8e381db
15:48:52.967 (1075882663)|VARIABLE_SCOPE_BEGIN|[582]|testMode|Boolean|false|false
15:48:52.967 (1075889255)|VARIABLE_ASSIGNMENT|[582]|testMode|false
15:48:52.967 (1075893435)|STATEMENT_EXECUTE|[582]
15:48:52.967 (1075902176)|STATEMENT_EXECUTE|[586]
15:48:52.967 (1075903090)|STATEMENT_EXECUTE|[587]
15:48:52.967 (1075905891)|HEAP_ALLOCATE|[587]|Bytes:5
15:48:52.967 (1075911840)|STATEMENT_EXECUTE|[590]
15:48:52.967 (1075912713)|STATEMENT_EXECUTE|[592]
15:48:52.967 (1075922946)|HEAP_ALLOCATE|[592]|Bytes:16
15:48:52.967 (1075927990)|STATEMENT_EXECUTE|[595]
15:48:52.967 (1075936422)|VARIABLE_SCOPE_BEGIN|[595]|context|String|false|false
15:48:52.967 (1075943946)|VARIABLE_ASSIGNMENT|[595]|context|"BEFORE_UPDATE"
15:48:52.967 (1075946471)|STATEMENT_EXECUTE|[597]
15:48:52.967 (1075970256)|HEAP_ALLOCATE|[601]|Bytes:13
15:48:52.967 (1075980370)|STATEMENT_EXECUTE|[601]
15:48:52.967 (1075981285)|STATEMENT_EXECUTE|[602]
15:48:52.967 (1075988910)|METHOD_EXIT|[566]|01pg80000019iSf|TriggerHandler.setTriggerContext(System.TriggerOperation, Boolean)
15:48:52.967 (1075991866)|METHOD_EXIT|[109]|01pg80000019iSf|TriggerHandler.setTriggerContext()
15:48:52.967 (1075997009)|CONSTRUCTOR_EXIT|[9]|01pg80000019iSf|<init>(String)|TriggerHandler
15:48:52.967 (1076000210)|STATEMENT_EXECUTE|[8]
15:48:52.967 (1076002413)|STATEMENT_EXECUTE|[10]
15:48:52.967 (1076803515)|VARIABLE_ASSIGNMENT|[10]|this.newRecords|[{"Status":"Draft","LastModifiedDate":"2026-04-10T18:48:52.000Z","Country__c":"a03g80000084tcUAAQ","IsDeleted":false,"AccountId":"001g8000009VivhAAC","OrderNumber":"00100116","TotalAmount":380385.50,"StatusCode":"Draft","IsReductionOrder":false,"SystemModstamp":"2026-04-10T18:48:53.000Z","City__c":"a05g8000002BgdtAAC","OwnerId":"005g80000010N45AAE","CreatedById":"005g80000010N45AAE","DistributionCenter__c":"a06g8000001gZKDAA2","CreatedDate":"2026-04-10T18:48:52.000Z","Pricebook2Id":"01sg8000000h7xWAAQ","Id":"801g8000009VivjAAC","LastModifiedById":"005g80000010N45AAE","State__c":"a04g8000000b5VNAAY","EffectiveDate":"2026-04-10T00:00:00.000Z"}]|0xc9c5de5
15:48:52.967 (1076817456)|STATEMENT_EXECUTE|[11]
15:48:52.967 (1077272377)|VARIABLE_ASSIGNMENT|[11]|this.oldRecords|[{"Status":"Draft","LastModifiedDate":"2026-04-10T18:48:52.000Z","Country__c":"a03g80000084tcUAAQ","IsDeleted":false,"AccountId":"001g8000009VivhAAC","OrderNumber":"00100116","TotalAmount":0.00,"StatusCode":"Draft","IsReductionOrder":false,"SystemModstamp":"2026-04-10T18:48:52.000Z","City__c":"a05g8000002BgdtAAC","OwnerId":"005g80000010N45AAE","CreatedById":"005g80000010N45AAE","DistributionCenter__c":"a06g8000001gZKDAA2","CreatedDate":"2026-04-10T18:48:52.000Z","Pricebook2Id":"01sg8000000h7xWAAQ","Id":"801g8000009VivjAAC","LastModifiedById":"005g80000010N45AAE","State__c":"a04g8000000b5VNAAY","EffectiveDate":"2026-04-10T00:00:00.000Z"}]|0xc9c5de5
15:48:52.967 (1077281714)|STATEMENT_EXECUTE|[12]
15:48:52.967 (1077657660)|VARIABLE_ASSIGNMENT|[12]|this.newRecordsMap|{"801g8000009VivjAAC":{"Status":"Draft","LastModifiedDate":"2026-04-10T18:48:52.000Z","Country__c":"a03g80000084tcUAAQ","IsDeleted":false,"AccountId":"001g8000009VivhAAC","OrderNumber":"00100116","TotalAmount":380385.50,"StatusCode":"Draft","IsReductionOrder":false,"SystemModstamp":"2026-04-10T18:48:53.000Z","City__c":"a05g8000002BgdtAAC","OwnerId":"005g80000010N45AAE","CreatedById":"005g80000010N45AAE","DistributionCenter__c":"a06g8000001gZKDAA2","CreatedDate":"2026-04-10T18:48:52.000Z","Pricebook2Id":"01sg8000000h7xWAAQ","Id":"801g8000009VivjAAC","LastModifiedById":"005g80000010N45AAE","State__c":"a04g8000000b5VNAAY","EffectiveDate":"2026-04-10T00:00:00.000Z"}}|0xc9c5de5
15:48:52.967 (1077665525)|STATEMENT_EXECUTE|[13]
15:48:52.967 (1078001520)|VARIABLE_ASSIGNMENT|[13]|this.oldRecordsMap|{"801g8000009VivjAAC":{"Status":"Draft","LastModifiedDate":"2026-04-10T18:48:52.000Z","Country__c":"a03g80000084tcUAAQ","IsDeleted":false,"AccountId":"001g8000009VivhAAC","OrderNumber":"00100116","TotalAmount":0.00,"StatusCode":"Draft","IsReductionOrder":false,"SystemModstamp":"2026-04-10T18:48:52.000Z","City__c":"a05g8000002BgdtAAC","OwnerId":"005g80000010N45AAE","CreatedById":"005g80000010N45AAE","DistributionCenter__c":"a06g8000001gZKDAA2","CreatedDate":"2026-04-10T18:48:52.000Z","Pricebook2Id":"01sg8000000h7xWAAQ","Id":"801g8000009VivjAAC","LastModifiedById":"005g80000010N45AAE","State__c":"a04g8000000b5VNAAY","EffectiveDate":"2026-04-10T00:00:00.000Z"}}|0xc9c5de5
15:48:52.967 (1078014403)|CONSTRUCTOR_EXIT|[2]|01pg8000001LXzh|<init>()|OrderHandler
15:48:52.967 (1078035522)|METHOD_ENTRY|[2]|01pg80000019iSf|TriggerHandler.run()
15:48:52.967 (1078041638)|VARIABLE_SCOPE_BEGIN|[120]|this|TriggerHandler|true|false
15:48:52.967 (1078075730)|VARIABLE_ASSIGNMENT|[120]|this|{"newRecords":"0x776cf053","newRecordsMap":"0x3cc75cae","oldRecords":"0x31f03bdb","oldRecordsMap":"0x5f6d2b75","handlerName":"OrderHandler","isTriggerExecuting":true,"triggerEvent":"0x8e381db"}|0xc9c5de5
15:48:52.967 (1078086209)|STATEMENT_EXECUTE|[120]
15:48:52.967 (1078089997)|METHOD_ENTRY|[121]|01pg80000019iSf|TriggerHandler.validateRun()
15:48:52.967 (1078093929)|VARIABLE_SCOPE_BEGIN|[661]|this|TriggerHandler|true|false
15:48:52.967 (1078104518)|VARIABLE_ASSIGNMENT|[661]|this|{"newRecords":"0x776cf053","newRecordsMap":"0x3cc75cae","oldRecords":"0x31f03bdb","oldRecordsMap":"0x5f6d2b75","handlerName":"OrderHandler","isTriggerExecuting":true,"triggerEvent":"0x8e381db"}|0xc9c5de5
15:48:52.967 (1078109978)|STATEMENT_EXECUTE|[661]
15:48:52.967 (1078115672)|STATEMENT_EXECUTE|[662]
15:48:52.967 (1078116741)|STATEMENT_EXECUTE|[665]
15:48:52.967 (1078121788)|METHOD_ENTRY|[665]|01pg80000019iSf|TriggerHandler.getHandlerName()
15:48:52.967 (1078124536)|VARIABLE_SCOPE_BEGIN|[680]|this|TriggerHandler|true|false
15:48:52.967 (1078133654)|VARIABLE_ASSIGNMENT|[680]|this|{"newRecords":"0x776cf053","newRecordsMap":"0x3cc75cae","oldRecords":"0x31f03bdb","oldRecordsMap":"0x5f6d2b75","handlerName":"OrderHandler","isTriggerExecuting":true,"triggerEvent":"0x8e381db"}|0xc9c5de5
15:48:52.967 (1078138408)|STATEMENT_EXECUTE|[680]
15:48:52.967 (1078158323)|STATEMENT_EXECUTE|[681]
15:48:52.967 (1078159354)|STATEMENT_EXECUTE|[684]
15:48:52.967 (1078161616)|METHOD_EXIT|[665]|01pg80000019iSf|TriggerHandler.getHandlerName()
15:48:52.967 (1078180397)|METHOD_EXIT|[121]|01pg80000019iSf|TriggerHandler.validateRun()
15:48:52.967 (1078183409)|STATEMENT_EXECUTE|[121]
15:48:52.967 (1078185778)|METHOD_ENTRY|[126]|01pg80000019iSf|TriggerHandler.incrementCheckLoopCount()
15:48:52.967 (1078189021)|VARIABLE_SCOPE_BEGIN|[634]|this|TriggerHandler|true|false
15:48:52.967 (1078198863)|VARIABLE_ASSIGNMENT|[634]|this|{"newRecords":"0x776cf053","newRecordsMap":"0x3cc75cae","oldRecords":"0x31f03bdb","oldRecordsMap":"0x5f6d2b75","handlerName":"OrderHandler","isTriggerExecuting":true,"triggerEvent":"0x8e381db"}|0xc9c5de5
15:48:52.967 (1078204597)|STATEMENT_EXECUTE|[634]
15:48:52.967 (1078205462)|STATEMENT_EXECUTE|[635]
15:48:52.967 (1078207814)|METHOD_ENTRY|[635]|01pg80000019iSf|TriggerHandler.getHandlerName()
15:48:52.967 (1078209969)|VARIABLE_SCOPE_BEGIN|[680]|this|TriggerHandler|true|false
15:48:52.967 (1078218780)|VARIABLE_ASSIGNMENT|[680]|this|{"newRecords":"0x776cf053","newRecordsMap":"0x3cc75cae","oldRecords":"0x31f03bdb","oldRecordsMap":"0x5f6d2b75","handlerName":"OrderHandler","isTriggerExecuting":true,"triggerEvent":"0x8e381db"}|0xc9c5de5
15:48:52.967 (1078222532)|STATEMENT_EXECUTE|[680]
15:48:52.967 (1078228930)|STATEMENT_EXECUTE|[681]
15:48:52.967 (1078229858)|STATEMENT_EXECUTE|[684]
15:48:52.967 (1078231333)|METHOD_EXIT|[635]|01pg80000019iSf|TriggerHandler.getHandlerName()
15:48:52.967 (1078234620)|VARIABLE_SCOPE_BEGIN|[635]|handlerName|String|false|false
15:48:52.967 (1078239931)|VARIABLE_ASSIGNMENT|[635]|handlerName|"OrderHandler"
15:48:52.967 (1078250999)|STATEMENT_EXECUTE|[636]
15:48:52.967 (1078252289)|STATEMENT_EXECUTE|[649]
15:48:52.967 (1078254001)|METHOD_EXIT|[126]|01pg80000019iSf|TriggerHandler.incrementCheckLoopCount()
15:48:52.967 (1078256630)|STATEMENT_EXECUTE|[126]
15:48:52.967 (1078258875)|STATEMENT_EXECUTE|[130]
15:48:52.967 (1078259750)|STATEMENT_EXECUTE|[135]
15:48:52.967 (1078308906)|STATEMENT_EXECUTE|[139]
15:48:52.967 (1078310144)|STATEMENT_EXECUTE|[140]
15:48:52.967 (1078316070)|METHOD_ENTRY|[140]|01pg8000001LXzh|OrderHandler.beforeUpdate()
15:48:52.967 (1078320369)|VARIABLE_SCOPE_BEGIN|[16]|this|OrderHandler|true|false
15:48:52.967 (1078387981)|VARIABLE_ASSIGNMENT|[16]|this|{"newRecords":"0x776cf053","newRecordsMap":"0x3cc75cae","oldRecords":"0x31f03bdb","oldRecordsMap":"0x5f6d2b75","handlerName":"OrderHandler","isTriggerExecuting":true,"triggerEvent":"0x8e381db"}|0xc9c5de5
15:48:52.967 (1078394834)|STATEMENT_EXECUTE|[16]
15:48:52.967 (1078395912)|STATEMENT_EXECUTE|[17]
15:48:52.967 (1078401319)|METHOD_ENTRY|[17]|01pg8000001LXzh|OrderHandler.checkActiveOrder()
15:48:52.967 (1078405040)|VARIABLE_SCOPE_BEGIN|[30]|this|OrderHandler|true|false
15:48:52.967 (1078414420)|VARIABLE_ASSIGNMENT|[30]|this|{"newRecords":"0x776cf053","newRecordsMap":"0x3cc75cae","oldRecords":"0x31f03bdb","oldRecordsMap":"0x5f6d2b75","handlerName":"OrderHandler","isTriggerExecuting":true,"triggerEvent":"0x8e381db"}|0xc9c5de5
15:48:52.967 (1078419523)|STATEMENT_EXECUTE|[30]
15:48:52.967 (1078420471)|STATEMENT_EXECUTE|[31]
15:48:52.967 (1078423593)|VARIABLE_SCOPE_BEGIN|[31]|listaParaValidar|List<Order>|true|false
15:48:52.967 (1078428844)|VARIABLE_ASSIGNMENT|[31]|listaParaValidar|null|
15:48:52.967 (1078436348)|STATEMENT_EXECUTE|[35]
15:48:52.967 (1078437518)|STATEMENT_EXECUTE|[36]
15:48:52.967 (1078863558)|VARIABLE_ASSIGNMENT|[36]|listaParaValidar|[{"Status":"Draft","LastModifiedDate":"2026-04-10T18:48:52.000Z","Country__c":"a03g80000084tcUAAQ","IsDeleted":false,"AccountId":"001g8000009VivhAAC","OrderNumber":"00100116","TotalAmount":380385.50,"StatusCode":"Draft","IsReductionOrder":false,"SystemModstamp":"2026-04-10T18:48:53.000Z","City__c":"a05g8000002BgdtAAC","OwnerId":"005g80000010N45AAE","CreatedById":"005g80000010N45AAE","DistributionCenter__c":"a06g8000001gZKDAA2","CreatedDate":"2026-04-10T18:48:52.000Z","Pricebook2Id":"01sg8000000h7xWAAQ","Id":"801g8000009VivjAAC","LastModifiedById":"005g80000010N45AAE","State__c":"a04g8000000b5VNAAY","EffectiveDate":"2026-04-10T00:00:00.000Z"}]|0x776cf053
15:48:52.967 (1078904658)|HEAP_ALLOCATE|[40]|Bytes:5
15:48:52.967 (1078923252)|HEAP_ALLOCATE|[40]|Bytes:4
15:48:52.967 (1078933467)|VARIABLE_SCOPE_BEGIN|[40]|pedido|Order|true|false
15:48:52.967 (1079281806)|VARIABLE_ASSIGNMENT|[40]|pedido|{"Status":"Draft","LastModifiedDate":"2026-04-10T18:48:52.000Z","Country__c":"a03g80000084tcUAAQ","IsDeleted":false,"AccountId":"001g8000009VivhAAC","OrderNumber":"00100116","TotalAmount":380385.50,"StatusCode":"Draft","IsReductionOrder":false,"SystemModstamp":"2026-04-10T18:48:53.000Z","City__c":"a05g8000002BgdtAAC","OwnerId":"005g80000010N45AAE","CreatedById":"005g80000010N45AAE","DistributionCenter__c":"a06g8000001gZKDAA2","CreatedDate":"2026-04-10T18:48:52.000Z","Pricebook2Id":"01sg8000000h7xWAAQ","Id":"801g8000009VivjAAC","LastModifiedById":"005g80000010N45AAE","State__c":"a04g8000000b5VNAAY","EffectiveDate":"2026-04-10T00:00:00.000Z"}|0x4f93a6a3
15:48:52.967 (1079292356)|STATEMENT_EXECUTE|[40]
15:48:52.967 (1079293303)|STATEMENT_EXECUTE|[42]
15:48:52.967 (1079321263)|VARIABLE_SCOPE_BEGIN|[42]|pedidoAntigo|Order|true|false
15:48:52.967 (1079649915)|VARIABLE_ASSIGNMENT|[42]|pedidoAntigo|{"Status":"Draft","LastModifiedDate":"2026-04-10T18:48:52.000Z","Country__c":"a03g80000084tcUAAQ","IsDeleted":false,"AccountId":"001g8000009VivhAAC","OrderNumber":"00100116","TotalAmount":0.00,"StatusCode":"Draft","IsReductionOrder":false,"SystemModstamp":"2026-04-10T18:48:52.000Z","City__c":"a05g8000002BgdtAAC","OwnerId":"005g80000010N45AAE","CreatedById":"005g80000010N45AAE","DistributionCenter__c":"a06g8000001gZKDAA2","CreatedDate":"2026-04-10T18:48:52.000Z","Pricebook2Id":"01sg8000000h7xWAAQ","Id":"801g8000009VivjAAC","LastModifiedById":"005g80000010N45AAE","State__c":"a04g8000000b5VNAAY","EffectiveDate":"2026-04-10T00:00:00.000Z"}|0x4937a1d3
15:48:52.967 (1079657059)|STATEMENT_EXECUTE|[45]
15:48:52.967 (1079663494)|VARIABLE_SCOPE_BEGIN|[45]|validacaoStatus|String|false|false
15:48:52.967 (1079668268)|VARIABLE_ASSIGNMENT|[45]|validacaoStatus|"Draft"
15:48:52.967 (1079682873)|STATEMENT_EXECUTE|[47]
15:48:52.967 (1079689038)|HEAP_ALLOCATE|[40]|Bytes:5
15:48:52.967 (1079694944)|VARIABLE_ASSIGNMENT|[40]|pedido|null|
15:48:52.967 (1079700824)|METHOD_EXIT|[17]|01pg8000001LXzh|OrderHandler.checkActiveOrder()
15:48:52.967 (1079704652)|METHOD_EXIT|[140]|01pg8000001LXzh|OrderHandler.beforeUpdate()
15:48:52.967 (1079707712)|STATEMENT_EXECUTE|[158]
15:48:52.967 (1079712163)|METHOD_ENTRY|[158]|01pg80000019iSf|TriggerHandler.andFinally()
15:48:52.967 (1079715923)|VARIABLE_SCOPE_BEGIN|[746]|this|TriggerHandler|true|false
15:48:52.967 (1079738773)|VARIABLE_ASSIGNMENT|[746]|this|{"newRecords":"0x776cf053","newRecordsMap":"0x3cc75cae","oldRecords":"0x31f03bdb","oldRecordsMap":"0x5f6d2b75","handlerName":"OrderHandler","isTriggerExecuting":true,"triggerEvent":"0x8e381db"}|0xc9c5de5
15:48:52.967 (1079746241)|STATEMENT_EXECUTE|[746]
15:48:52.967 (1079747853)|METHOD_EXIT|[158]|01pg80000019iSf|TriggerHandler.andFinally()
15:48:52.967 (1079751272)|STATEMENT_EXECUTE|[160]
15:48:52.967 (1079753233)|STATEMENT_EXECUTE|[176]
15:48:52.967 (1079755445)|METHOD_EXIT|[2]|01pg80000019iSf|TriggerHandler.run()
15:48:53.79 (1079762304)|CUMULATIVE_LIMIT_USAGE
15:48:53.79 (1079762304)|LIMIT_USAGE_FOR_NS|(default)|
  Number of SOQL queries: 11 out of 100
  Number of query rows: 10 out of 50000
  Number of SOSL queries: 0 out of 20
  Number of DML statements: 14 out of 150
  Number of Publish Immediate DML: 0 out of 150
  Number of DML rows: 14 out of 10000
  Maximum CPU time: 91 out of 10000
  Maximum heap size: 0 out of 6000000
  Number of callouts: 0 out of 100
  Number of Email Invocations: 0 out of 10
  Number of future calls: 0 out of 50
  Number of queueable jobs added to the queue: 0 out of 50
  Number of Mobile Apex push calls: 0 out of 10

15:48:53.79 (1079762304)|CUMULATIVE_LIMIT_USAGE_END

15:48:52.967 (1079938386)|CODE_UNIT_FINISHED|OrderTrigger on Order trigger event BeforeUpdate|__sfdc_trigger/OrderTrigger
15:48:52.967 (1081738662)|CODE_UNIT_STARTED|[EXTERNAL]|Validation:Order:801g8000009Vivj
15:48:52.967 (1081754057)|VALIDATION_RULE|03dg8000000aS4D|Bloquear_Alteracao_Conta_Pedido
15:48:52.967 (1081888542)|VALIDATION_FORMULA|ISCHANGED(AccountId) && NOT(ISNEW())|AccountId=001g8000009Vivh
15:48:52.967 (1081892407)|VALIDATION_PASS
15:48:52.967 (1081896950)|CODE_UNIT_FINISHED|Validation:Order:801g8000009Vivj
15:48:52.967 (1092562321)|CODE_UNIT_STARTED|[EXTERNAL]|01qg8000000GdOn|OrderTrigger on Order trigger event AfterUpdate|__sfdc_trigger/OrderTrigger
15:48:52.967 (1092632368)|HEAP_ALLOCATE|[EXTERNAL]|Bytes:8
15:48:52.967 (1092694227)|HEAP_ALLOCATE|[EXTERNAL]|Bytes:8
15:48:52.967 (1092777372)|HEAP_ALLOCATE|[EXTERNAL]|Bytes:4
15:48:52.967 (1092787516)|VARIABLE_SCOPE_BEGIN|[1]|this|OrderTrigger|true|false
15:48:52.967 (1092821679)|VARIABLE_ASSIGNMENT|[1]|this|{}|0x463eed21
15:48:52.967 (1092855432)|HEAP_ALLOCATE|[EXTERNAL]|Bytes:4
15:48:52.967 (1092860550)|VARIABLE_SCOPE_BEGIN|[1]|this|OrderTrigger|true|false
15:48:52.967 (1092866257)|VARIABLE_ASSIGNMENT|[1]|this|{}|0x463eed21
15:48:52.967 (1092875696)|STATEMENT_EXECUTE|[1]
15:48:52.967 (1092877263)|STATEMENT_EXECUTE|[2]
15:48:52.967 (1092889568)|HEAP_ALLOCATE|[2]|Bytes:32
15:48:52.967 (1092902178)|CONSTRUCTOR_ENTRY|[2]|01pg8000001LXzh|<init>()|OrderHandler
15:48:52.967 (1092910142)|VARIABLE_SCOPE_BEGIN|[8]|this|OrderHandler|true|false
15:48:52.967 (1092930908)|VARIABLE_ASSIGNMENT|[8]|this|{}|0x37b87051
15:48:52.967 (1092935094)|STATEMENT_EXECUTE|[1]
15:48:52.967 (1092936301)|STATEMENT_EXECUTE|[3]
15:48:52.967 (1092937396)|STATEMENT_EXECUTE|[4]
15:48:52.967 (1092938190)|STATEMENT_EXECUTE|[5]
15:48:52.967 (1092939038)|STATEMENT_EXECUTE|[6]
15:48:52.967 (1092939884)|STATEMENT_EXECUTE|[9]
15:48:52.967 (1092951198)|CONSTRUCTOR_ENTRY|[9]|01pg80000019iSf|<init>(String)|TriggerHandler
15:48:52.967 (1092955593)|VARIABLE_SCOPE_BEGIN|[107]|this|TriggerHandler|true|false
15:48:52.967 (1092962638)|VARIABLE_ASSIGNMENT|[107]|this|{}|0x37b87051
15:48:52.967 (1092965459)|VARIABLE_SCOPE_BEGIN|[107]|handlerName|String|false|false
15:48:52.967 (1092974713)|VARIABLE_ASSIGNMENT|[107]|handlerName|"OrderHandler"
15:48:52.967 (1092978170)|STATEMENT_EXECUTE|[15]
15:48:52.967 (1092979320)|STATEMENT_EXECUTE|[50]
15:48:52.967 (1092980419)|STATEMENT_EXECUTE|[57]
15:48:52.967 (1092981776)|STATEMENT_EXECUTE|[671]
15:48:52.967 (1093001156)|STATEMENT_EXECUTE|[107]
15:48:52.967 (1093003024)|STATEMENT_EXECUTE|[108]
15:48:52.967 (1093007542)|STATEMENT_EXECUTE|[109]
15:48:52.967 (1093015586)|METHOD_ENTRY|[109]|01pg80000019iSf|TriggerHandler.setTriggerContext()
15:48:52.967 (1093019736)|VARIABLE_SCOPE_BEGIN|[565]|this|TriggerHandler|true|false
15:48:52.967 (1093029351)|VARIABLE_ASSIGNMENT|[565]|this|{"handlerName":"OrderHandler"}|0x37b87051
15:48:52.967 (1093041505)|STATEMENT_EXECUTE|[565]
15:48:52.967 (1093042522)|STATEMENT_EXECUTE|[566]
15:48:52.967 (1093100417)|HEAP_ALLOCATE|[566]|Bytes:16
15:48:52.967 (1093110972)|METHOD_ENTRY|[566]|01pg80000019iSf|TriggerHandler.setTriggerContext(System.TriggerOperation, Boolean)
15:48:52.967 (1093114576)|VARIABLE_SCOPE_BEGIN|[582]|this|TriggerHandler|true|false
15:48:52.967 (1093122677)|VARIABLE_ASSIGNMENT|[582]|this|{"handlerName":"OrderHandler"}|0x37b87051
15:48:52.967 (1093125981)|VARIABLE_SCOPE_BEGIN|[582]|opType|System.TriggerOperation|true|false
15:48:52.967 (1093139097)|VARIABLE_ASSIGNMENT|[582]|opType|"AFTER_UPDATE"|0x3d052ac1
15:48:52.967 (1093147237)|VARIABLE_SCOPE_BEGIN|[582]|testMode|Boolean|false|false
15:48:52.967 (1093152917)|VARIABLE_ASSIGNMENT|[582]|testMode|false
15:48:52.967 (1093157087)|STATEMENT_EXECUTE|[582]
15:48:52.967 (1093165078)|STATEMENT_EXECUTE|[586]
15:48:52.967 (1093165953)|STATEMENT_EXECUTE|[587]
15:48:52.967 (1093168877)|HEAP_ALLOCATE|[587]|Bytes:5
15:48:52.967 (1093174510)|STATEMENT_EXECUTE|[590]
15:48:52.967 (1093175376)|STATEMENT_EXECUTE|[592]
15:48:52.967 (1093185003)|HEAP_ALLOCATE|[592]|Bytes:16
15:48:52.967 (1093189706)|STATEMENT_EXECUTE|[595]
15:48:52.967 (1093197366)|VARIABLE_SCOPE_BEGIN|[595]|context|String|false|false
15:48:52.967 (1093204056)|VARIABLE_ASSIGNMENT|[595]|context|"AFTER_UPDATE"
15:48:52.967 (1093206398)|STATEMENT_EXECUTE|[597]
15:48:52.967 (1093235931)|HEAP_ALLOCATE|[604]|Bytes:13
15:48:52.967 (1093247526)|HEAP_ALLOCATE|[607]|Bytes:12
15:48:52.967 (1093255548)|HEAP_ALLOCATE|[610]|Bytes:12
15:48:52.967 (1093263012)|STATEMENT_EXECUTE|[610]
15:48:52.967 (1093264135)|STATEMENT_EXECUTE|[611]
15:48:52.967 (1093270327)|METHOD_EXIT|[566]|01pg80000019iSf|TriggerHandler.setTriggerContext(System.TriggerOperation, Boolean)
15:48:52.967 (1093273397)|METHOD_EXIT|[109]|01pg80000019iSf|TriggerHandler.setTriggerContext()
15:48:52.967 (1093278722)|CONSTRUCTOR_EXIT|[9]|01pg80000019iSf|<init>(String)|TriggerHandler
15:48:52.967 (1093281952)|STATEMENT_EXECUTE|[8]
15:48:52.967 (1093283050)|STATEMENT_EXECUTE|[10]
15:48:52.967 (1094058705)|VARIABLE_ASSIGNMENT|[10]|this.newRecords|[{"Status":"Draft","LastModifiedDate":"2026-04-10T18:48:53.000Z","Country__c":"a03g80000084tcUAAQ","IsDeleted":false,"AccountId":"001g8000009VivhAAC","OrderNumber":"00100116","TotalAmount":380385.50,"StatusCode":"Draft","IsReductionOrder":false,"SystemModstamp":"2026-04-10T18:48:53.000Z","City__c":"a05g8000002BgdtAAC","OwnerId":"005g80000010N45AAE","CreatedById":"005g80000010N45AAE","DistributionCenter__c":"a06g8000001gZKDAA2","CreatedDate":"2026-04-10T18:48:52.000Z","Pricebook2Id":"01sg8000000h7xWAAQ","Id":"801g8000009VivjAAC","LastModifiedById":"005g80000010N45AAE","State__c":"a04g8000000b5VNAAY","EffectiveDate":"2026-04-10T00:00:00.000Z"}]|0x37b87051
15:48:52.967 (1094073116)|STATEMENT_EXECUTE|[11]
15:48:52.967 (1094547370)|VARIABLE_ASSIGNMENT|[11]|this.oldRecords|[{"Status":"Draft","LastModifiedDate":"2026-04-10T18:48:52.000Z","Country__c":"a03g80000084tcUAAQ","IsDeleted":false,"AccountId":"001g8000009VivhAAC","OrderNumber":"00100116","TotalAmount":0.00,"StatusCode":"Draft","IsReductionOrder":false,"SystemModstamp":"2026-04-10T18:48:52.000Z","City__c":"a05g8000002BgdtAAC","OwnerId":"005g80000010N45AAE","CreatedById":"005g80000010N45AAE","DistributionCenter__c":"a06g8000001gZKDAA2","CreatedDate":"2026-04-10T18:48:52.000Z","Pricebook2Id":"01sg8000000h7xWAAQ","Id":"801g8000009VivjAAC","LastModifiedById":"005g80000010N45AAE","State__c":"a04g8000000b5VNAAY","EffectiveDate":"2026-04-10T00:00:00.000Z"}]|0x37b87051
15:48:52.967 (1094555901)|STATEMENT_EXECUTE|[12]
15:48:52.967 (1094943343)|VARIABLE_ASSIGNMENT|[12]|this.newRecordsMap|{"801g8000009VivjAAC":{"Status":"Draft","LastModifiedDate":"2026-04-10T18:48:53.000Z","Country__c":"a03g80000084tcUAAQ","IsDeleted":false,"AccountId":"001g8000009VivhAAC","OrderNumber":"00100116","TotalAmount":380385.50,"StatusCode":"Draft","IsReductionOrder":false,"SystemModstamp":"2026-04-10T18:48:53.000Z","City__c":"a05g8000002BgdtAAC","OwnerId":"005g80000010N45AAE","CreatedById":"005g80000010N45AAE","DistributionCenter__c":"a06g8000001gZKDAA2","CreatedDate":"2026-04-10T18:48:52.000Z","Pricebook2Id":"01sg8000000h7xWAAQ","Id":"801g8000009VivjAAC","LastModifiedById":"005g80000010N45AAE","State__c":"a04g8000000b5VNAAY","EffectiveDate":"2026-04-10T00:00:00.000Z"}}|0x37b87051
15:48:52.967 (1094951231)|STATEMENT_EXECUTE|[13]
15:48:52.967 (1095290553)|VARIABLE_ASSIGNMENT|[13]|this.oldRecordsMap|{"801g8000009VivjAAC":{"Status":"Draft","LastModifiedDate":"2026-04-10T18:48:52.000Z","Country__c":"a03g80000084tcUAAQ","IsDeleted":false,"AccountId":"001g8000009VivhAAC","OrderNumber":"00100116","TotalAmount":0.00,"StatusCode":"Draft","IsReductionOrder":false,"SystemModstamp":"2026-04-10T18:48:52.000Z","City__c":"a05g8000002BgdtAAC","OwnerId":"005g80000010N45AAE","CreatedById":"005g80000010N45AAE","DistributionCenter__c":"a06g8000001gZKDAA2","CreatedDate":"2026-04-10T18:48:52.000Z","Pricebook2Id":"01sg8000000h7xWAAQ","Id":"801g8000009VivjAAC","LastModifiedById":"005g80000010N45AAE","State__c":"a04g8000000b5VNAAY","EffectiveDate":"2026-04-10T00:00:00.000Z"}}|0x37b87051
15:48:52.967 (1095304313)|CONSTRUCTOR_EXIT|[2]|01pg8000001LXzh|<init>()|OrderHandler
15:48:52.967 (1095313075)|METHOD_ENTRY|[2]|01pg80000019iSf|TriggerHandler.run()
15:48:52.967 (1095319251)|VARIABLE_SCOPE_BEGIN|[120]|this|TriggerHandler|true|false
15:48:52.967 (1095351864)|VARIABLE_ASSIGNMENT|[120]|this|{"newRecords":"0x4042c409","newRecordsMap":"0xea23297","oldRecords":"0x3f449187","oldRecordsMap":"0x4b0a54c6","handlerName":"OrderHandler","isTriggerExecuting":true,"triggerEvent":"0x3d052ac1"}|0x37b87051
15:48:52.967 (1095362086)|STATEMENT_EXECUTE|[120]
15:48:52.967 (1095366207)|METHOD_ENTRY|[121]|01pg80000019iSf|TriggerHandler.validateRun()
15:48:52.967 (1095369969)|VARIABLE_SCOPE_BEGIN|[661]|this|TriggerHandler|true|false
15:48:52.967 (1095380584)|VARIABLE_ASSIGNMENT|[661]|this|{"newRecords":"0x4042c409","newRecordsMap":"0xea23297","oldRecords":"0x3f449187","oldRecordsMap":"0x4b0a54c6","handlerName":"OrderHandler","isTriggerExecuting":true,"triggerEvent":"0x3d052ac1"}|0x37b87051
15:48:52.967 (1095385495)|STATEMENT_EXECUTE|[661]
15:48:52.967 (1095391215)|STATEMENT_EXECUTE|[662]
15:48:52.967 (1095392315)|STATEMENT_EXECUTE|[665]
15:48:52.967 (1095397245)|METHOD_ENTRY|[665]|01pg80000019iSf|TriggerHandler.getHandlerName()
15:48:52.967 (1095400128)|VARIABLE_SCOPE_BEGIN|[680]|this|TriggerHandler|true|false
15:48:52.967 (1095409336)|VARIABLE_ASSIGNMENT|[680]|this|{"newRecords":"0x4042c409","newRecordsMap":"0xea23297","oldRecords":"0x3f449187","oldRecordsMap":"0x4b0a54c6","handlerName":"OrderHandler","isTriggerExecuting":true,"triggerEvent":"0x3d052ac1"}|0x37b87051
15:48:52.967 (1095414162)|STATEMENT_EXECUTE|[680]
15:48:52.967 (1095435146)|STATEMENT_EXECUTE|[681]
15:48:52.967 (1095436215)|STATEMENT_EXECUTE|[684]
15:48:52.967 (1095438754)|METHOD_EXIT|[665]|01pg80000019iSf|TriggerHandler.getHandlerName()
15:48:52.967 (1095456624)|METHOD_EXIT|[121]|01pg80000019iSf|TriggerHandler.validateRun()
15:48:52.967 (1095459493)|STATEMENT_EXECUTE|[121]
15:48:52.967 (1095462183)|METHOD_ENTRY|[126]|01pg80000019iSf|TriggerHandler.incrementCheckLoopCount()
15:48:52.967 (1095465570)|VARIABLE_SCOPE_BEGIN|[634]|this|TriggerHandler|true|false
15:48:52.967 (1095475130)|VARIABLE_ASSIGNMENT|[634]|this|{"newRecords":"0x4042c409","newRecordsMap":"0xea23297","oldRecords":"0x3f449187","oldRecordsMap":"0x4b0a54c6","handlerName":"OrderHandler","isTriggerExecuting":true,"triggerEvent":"0x3d052ac1"}|0x37b87051
15:48:52.967 (1095481330)|STATEMENT_EXECUTE|[634]
15:48:52.967 (1095482311)|STATEMENT_EXECUTE|[635]
15:48:52.967 (1095484554)|METHOD_ENTRY|[635]|01pg80000019iSf|TriggerHandler.getHandlerName()
15:48:52.967 (1095486721)|VARIABLE_SCOPE_BEGIN|[680]|this|TriggerHandler|true|false
15:48:52.967 (1095495265)|VARIABLE_ASSIGNMENT|[680]|this|{"newRecords":"0x4042c409","newRecordsMap":"0xea23297","oldRecords":"0x3f449187","oldRecordsMap":"0x4b0a54c6","handlerName":"OrderHandler","isTriggerExecuting":true,"triggerEvent":"0x3d052ac1"}|0x37b87051
15:48:52.967 (1095498975)|STATEMENT_EXECUTE|[680]
15:48:52.967 (1095505105)|STATEMENT_EXECUTE|[681]
15:48:52.967 (1095506039)|STATEMENT_EXECUTE|[684]
15:48:52.967 (1095507575)|METHOD_EXIT|[635]|01pg80000019iSf|TriggerHandler.getHandlerName()
15:48:52.967 (1095516974)|VARIABLE_SCOPE_BEGIN|[635]|handlerName|String|false|false
15:48:52.967 (1095522352)|VARIABLE_ASSIGNMENT|[635]|handlerName|"OrderHandler"
15:48:52.967 (1095533319)|STATEMENT_EXECUTE|[636]
15:48:52.967 (1095534550)|STATEMENT_EXECUTE|[649]
15:48:52.967 (1095536243)|METHOD_EXIT|[126]|01pg80000019iSf|TriggerHandler.incrementCheckLoopCount()
15:48:52.967 (1095539431)|STATEMENT_EXECUTE|[126]
15:48:52.967 (1095541629)|STATEMENT_EXECUTE|[130]
15:48:52.967 (1095542493)|STATEMENT_EXECUTE|[135]
15:48:52.967 (1095609921)|STATEMENT_EXECUTE|[148]
15:48:52.967 (1095611054)|STATEMENT_EXECUTE|[149]
15:48:52.967 (1095624602)|METHOD_ENTRY|[149]|01pg8000001LXzh|OrderHandler.afterUpdate()
15:48:52.967 (1095629324)|VARIABLE_SCOPE_BEGIN|[20]|this|OrderHandler|true|false
15:48:52.967 (1095639833)|VARIABLE_ASSIGNMENT|[20]|this|{"newRecords":"0x4042c409","newRecordsMap":"0xea23297","oldRecords":"0x3f449187","oldRecordsMap":"0x4b0a54c6","handlerName":"OrderHandler","isTriggerExecuting":true,"triggerEvent":"0x3d052ac1"}|0x37b87051
15:48:52.967 (1095646438)|STATEMENT_EXECUTE|[20]
15:48:52.967 (1095647981)|STATEMENT_EXECUTE|[21]
15:48:52.967 (1095654093)|METHOD_ENTRY|[21]|01pg8000001LXzh|OrderHandler.checkActiveOrder()
15:48:52.967 (1095657399)|VARIABLE_SCOPE_BEGIN|[30]|this|OrderHandler|true|false
15:48:52.967 (1095666166)|VARIABLE_ASSIGNMENT|[30]|this|{"newRecords":"0x4042c409","newRecordsMap":"0xea23297","oldRecords":"0x3f449187","oldRecordsMap":"0x4b0a54c6","handlerName":"OrderHandler","isTriggerExecuting":true,"triggerEvent":"0x3d052ac1"}|0x37b87051
15:48:52.967 (1095671156)|STATEMENT_EXECUTE|[30]
15:48:52.967 (1095672143)|STATEMENT_EXECUTE|[31]
15:48:52.967 (1095674674)|VARIABLE_SCOPE_BEGIN|[31]|listaParaValidar|List<Order>|true|false
15:48:52.967 (1095679750)|VARIABLE_ASSIGNMENT|[31]|listaParaValidar|null|
15:48:52.967 (1095686124)|STATEMENT_EXECUTE|[35]
15:48:52.967 (1095687146)|STATEMENT_EXECUTE|[36]
15:48:52.967 (1096075705)|VARIABLE_ASSIGNMENT|[36]|listaParaValidar|[{"Status":"Draft","LastModifiedDate":"2026-04-10T18:48:53.000Z","Country__c":"a03g80000084tcUAAQ","IsDeleted":false,"AccountId":"001g8000009VivhAAC","OrderNumber":"00100116","TotalAmount":380385.50,"StatusCode":"Draft","IsReductionOrder":false,"SystemModstamp":"2026-04-10T18:48:53.000Z","City__c":"a05g8000002BgdtAAC","OwnerId":"005g80000010N45AAE","CreatedById":"005g80000010N45AAE","DistributionCenter__c":"a06g8000001gZKDAA2","CreatedDate":"2026-04-10T18:48:52.000Z","Pricebook2Id":"01sg8000000h7xWAAQ","Id":"801g8000009VivjAAC","LastModifiedById":"005g80000010N45AAE","State__c":"a04g8000000b5VNAAY","EffectiveDate":"2026-04-10T00:00:00.000Z"}]|0x4042c409
15:48:52.967 (1096110998)|HEAP_ALLOCATE|[40]|Bytes:5
15:48:52.967 (1096134454)|VARIABLE_SCOPE_BEGIN|[40]|pedido|Order|true|false
15:48:52.967 (1096474907)|VARIABLE_ASSIGNMENT|[40]|pedido|{"Status":"Draft","LastModifiedDate":"2026-04-10T18:48:53.000Z","Country__c":"a03g80000084tcUAAQ","IsDeleted":false,"AccountId":"001g8000009VivhAAC","OrderNumber":"00100116","TotalAmount":380385.50,"StatusCode":"Draft","IsReductionOrder":false,"SystemModstamp":"2026-04-10T18:48:53.000Z","City__c":"a05g8000002BgdtAAC","OwnerId":"005g80000010N45AAE","CreatedById":"005g80000010N45AAE","DistributionCenter__c":"a06g8000001gZKDAA2","CreatedDate":"2026-04-10T18:48:52.000Z","Pricebook2Id":"01sg8000000h7xWAAQ","Id":"801g8000009VivjAAC","LastModifiedById":"005g80000010N45AAE","State__c":"a04g8000000b5VNAAY","EffectiveDate":"2026-04-10T00:00:00.000Z"}|0x1d3eb322
15:48:52.967 (1096483568)|STATEMENT_EXECUTE|[40]
15:48:52.967 (1096484613)|STATEMENT_EXECUTE|[42]
15:48:52.967 (1096510139)|VARIABLE_SCOPE_BEGIN|[42]|pedidoAntigo|Order|true|false
15:48:52.967 (1096889993)|VARIABLE_ASSIGNMENT|[42]|pedidoAntigo|{"Status":"Draft","LastModifiedDate":"2026-04-10T18:48:52.000Z","Country__c":"a03g80000084tcUAAQ","IsDeleted":false,"AccountId":"001g8000009VivhAAC","OrderNumber":"00100116","TotalAmount":0.00,"StatusCode":"Draft","IsReductionOrder":false,"SystemModstamp":"2026-04-10T18:48:52.000Z","City__c":"a05g8000002BgdtAAC","OwnerId":"005g80000010N45AAE","CreatedById":"005g80000010N45AAE","DistributionCenter__c":"a06g8000001gZKDAA2","CreatedDate":"2026-04-10T18:48:52.000Z","Pricebook2Id":"01sg8000000h7xWAAQ","Id":"801g8000009VivjAAC","LastModifiedById":"005g80000010N45AAE","State__c":"a04g8000000b5VNAAY","EffectiveDate":"2026-04-10T00:00:00.000Z"}|0x2970c98
15:48:52.967 (1096898274)|STATEMENT_EXECUTE|[45]
15:48:52.967 (1096905422)|VARIABLE_SCOPE_BEGIN|[45]|validacaoStatus|String|false|false
15:48:52.967 (1096910175)|VARIABLE_ASSIGNMENT|[45]|validacaoStatus|"Draft"
15:48:52.967 (1096924292)|STATEMENT_EXECUTE|[47]
15:48:52.967 (1096932972)|HEAP_ALLOCATE|[40]|Bytes:5
15:48:52.967 (1096940340)|VARIABLE_ASSIGNMENT|[40]|pedido|null|
15:48:52.967 (1096946465)|METHOD_EXIT|[21]|01pg8000001LXzh|OrderHandler.checkActiveOrder()
15:48:52.967 (1096949517)|STATEMENT_EXECUTE|[22]
15:48:52.967 (1096956118)|METHOD_ENTRY|[22]|01pg8000001LXzh|OrderHandler.itemsRecalculation()
15:48:52.967 (1096959784)|VARIABLE_SCOPE_BEGIN|[54]|this|OrderHandler|true|false
15:48:52.967 (1096982384)|VARIABLE_ASSIGNMENT|[54]|this|{"newRecords":"0x4042c409","newRecordsMap":"0xea23297","oldRecords":"0x3f449187","oldRecordsMap":"0x4b0a54c6","handlerName":"OrderHandler","isTriggerExecuting":true,"triggerEvent":"0x3d052ac1"}|0x37b87051
15:48:52.967 (1096990542)|STATEMENT_EXECUTE|[54]
15:48:52.967 (1096991547)|STATEMENT_EXECUTE|[55]
15:48:52.967 (1097005716)|HEAP_ALLOCATE|[55]|Bytes:4
15:48:52.967 (1097019589)|VARIABLE_SCOPE_BEGIN|[55]|ordersToRecalculate|Set<Id>|true|false
15:48:52.967 (1097047255)|VARIABLE_ASSIGNMENT|[55]|ordersToRecalculate|[]|0x19447de4
15:48:52.967 (1097064608)|HEAP_ALLOCATE|[57]|Bytes:5
15:48:52.967 (1097072545)|VARIABLE_SCOPE_BEGIN|[57]|pedido|Order|true|false
15:48:52.967 (1097427118)|VARIABLE_ASSIGNMENT|[57]|pedido|{"Status":"Draft","LastModifiedDate":"2026-04-10T18:48:53.000Z","Country__c":"a03g80000084tcUAAQ","IsDeleted":false,"AccountId":"001g8000009VivhAAC","OrderNumber":"00100116","TotalAmount":380385.50,"StatusCode":"Draft","IsReductionOrder":false,"SystemModstamp":"2026-04-10T18:48:53.000Z","City__c":"a05g8000002BgdtAAC","OwnerId":"005g80000010N45AAE","CreatedById":"005g80000010N45AAE","DistributionCenter__c":"a06g8000001gZKDAA2","CreatedDate":"2026-04-10T18:48:52.000Z","Pricebook2Id":"01sg8000000h7xWAAQ","Id":"801g8000009VivjAAC","LastModifiedById":"005g80000010N45AAE","State__c":"a04g8000000b5VNAAY","EffectiveDate":"2026-04-10T00:00:00.000Z"}|0x1d3eb322
15:48:52.967 (1097434897)|STATEMENT_EXECUTE|[57]
15:48:52.967 (1097435787)|STATEMENT_EXECUTE|[58]
15:48:52.967 (1097450986)|VARIABLE_SCOPE_BEGIN|[58]|pedidoAntigo|Order|true|false
15:48:52.967 (1097778579)|VARIABLE_ASSIGNMENT|[58]|pedidoAntigo|{"Status":"Draft","LastModifiedDate":"2026-04-10T18:48:52.000Z","Country__c":"a03g80000084tcUAAQ","IsDeleted":false,"AccountId":"001g8000009VivhAAC","OrderNumber":"00100116","TotalAmount":0.00,"StatusCode":"Draft","IsReductionOrder":false,"SystemModstamp":"2026-04-10T18:48:52.000Z","City__c":"a05g8000002BgdtAAC","OwnerId":"005g80000010N45AAE","CreatedById":"005g80000010N45AAE","DistributionCenter__c":"a06g8000001gZKDAA2","CreatedDate":"2026-04-10T18:48:52.000Z","Pricebook2Id":"01sg8000000h7xWAAQ","Id":"801g8000009VivjAAC","LastModifiedById":"005g80000010N45AAE","State__c":"a04g8000000b5VNAAY","EffectiveDate":"2026-04-10T00:00:00.000Z"}|0x2970c98
15:48:52.967 (1097841461)|STATEMENT_EXECUTE|[60]
15:48:52.967 (1097848106)|HEAP_ALLOCATE|[57]|Bytes:5
15:48:52.967 (1097854938)|VARIABLE_ASSIGNMENT|[57]|pedido|null|
15:48:52.967 (1097865528)|STATEMENT_EXECUTE|[67]
15:48:52.967 (1097868619)|METHOD_EXIT|[22]|01pg8000001LXzh|OrderHandler.itemsRecalculation()
15:48:52.967 (1097872917)|METHOD_EXIT|[149]|01pg8000001LXzh|OrderHandler.afterUpdate()
15:48:52.967 (1097875766)|STATEMENT_EXECUTE|[158]
15:48:52.967 (1097880220)|METHOD_ENTRY|[158]|01pg80000019iSf|TriggerHandler.andFinally()
15:48:52.967 (1097883576)|VARIABLE_SCOPE_BEGIN|[746]|this|TriggerHandler|true|false
15:48:52.967 (1097903446)|VARIABLE_ASSIGNMENT|[746]|this|{"newRecords":"0x4042c409","newRecordsMap":"0xea23297","oldRecords":"0x3f449187","oldRecordsMap":"0x4b0a54c6","handlerName":"OrderHandler","isTriggerExecuting":true,"triggerEvent":"0x3d052ac1"}|0x37b87051
15:48:52.967 (1097910446)|STATEMENT_EXECUTE|[746]
15:48:52.967 (1097912217)|METHOD_EXIT|[158]|01pg80000019iSf|TriggerHandler.andFinally()
15:48:52.967 (1097916017)|STATEMENT_EXECUTE|[160]
15:48:52.967 (1097918026)|STATEMENT_EXECUTE|[176]
15:48:52.967 (1097920701)|METHOD_EXIT|[2]|01pg80000019iSf|TriggerHandler.run()
15:48:53.97 (1097928078)|CUMULATIVE_LIMIT_USAGE
15:48:53.97 (1097928078)|LIMIT_USAGE_FOR_NS|(default)|
  Number of SOQL queries: 11 out of 100
  Number of query rows: 10 out of 50000
  Number of SOSL queries: 0 out of 20
  Number of DML statements: 14 out of 150
  Number of Publish Immediate DML: 0 out of 150
  Number of DML rows: 14 out of 10000
  Maximum CPU time: 91 out of 10000
  Maximum heap size: 0 out of 6000000
  Number of callouts: 0 out of 100
  Number of Email Invocations: 0 out of 10
  Number of future calls: 0 out of 50
  Number of queueable jobs added to the queue: 0 out of 50
  Number of Mobile Apex push calls: 0 out of 10

15:48:53.97 (1097928078)|CUMULATIVE_LIMIT_USAGE_END

15:48:52.967 (1098111874)|CODE_UNIT_FINISHED|OrderTrigger on Order trigger event AfterUpdate|__sfdc_trigger/OrderTrigger
15:48:52.967 (1101257798)|DML_END|[230]
15:48:52.967 (1101588350)|STATEMENT_EXECUTE|[232]
15:48:52.967 (1101617731)|HEAP_ALLOCATE|[232]|Bytes:118
15:48:52.967 (1101643123)|SYSTEM_METHOD_ENTRY|[1]|Test.Test()
15:48:52.967 (1101647364)|STATEMENT_EXECUTE|[1]
15:48:52.967 (1101656393)|SYSTEM_METHOD_EXIT|[1]|Test
15:48:52.967 (1101665477)|METHOD_ENTRY|[232]||System.Test.startTest()
15:48:52.967 (1102885497)|METHOD_EXIT|[232]||System.Test.startTest()
15:48:52.967 (1102892403)|STATEMENT_EXECUTE|[233]
15:48:52.967 (1102932355)|HEAP_ALLOCATE|[233]|Bytes:8
15:48:52.967 (1102955024)|HEAP_ALLOCATE|[233]|Bytes:8
15:48:52.967 (1102963897)|DML_BEGIN|[233]|Op:Delete|Type:OrderItem|Rows:1
15:48:52.967 (1102991038)|HEAP_ALLOCATE|[EXTERNAL]|Bytes:8
15:48:52.967 (1109207956)|CODE_UNIT_STARTED|[EXTERNAL]|01qg8000000Fou9|OrdemItemTrigger on OrderItem trigger event BeforeDelete|__sfdc_trigger/OrdemItemTrigger
15:48:52.967 (1109263737)|HEAP_ALLOCATE|[EXTERNAL]|Bytes:8
15:48:52.967 (1109389270)|HEAP_ALLOCATE|[EXTERNAL]|Bytes:4
15:48:52.967 (1109396724)|VARIABLE_SCOPE_BEGIN|[1]|this|OrdemItemTrigger|true|false
15:48:52.967 (1109427302)|VARIABLE_ASSIGNMENT|[1]|this|{}|0x6e8aa1f7
15:48:52.967 (1109454994)|HEAP_ALLOCATE|[EXTERNAL]|Bytes:4
15:48:52.967 (1109458982)|VARIABLE_SCOPE_BEGIN|[1]|this|OrdemItemTrigger|true|false
15:48:52.967 (1109464392)|VARIABLE_ASSIGNMENT|[1]|this|{}|0x6e8aa1f7
15:48:52.967 (1109471669)|STATEMENT_EXECUTE|[1]
15:48:52.967 (1109473241)|STATEMENT_EXECUTE|[2]
15:48:52.967 (1109484543)|HEAP_ALLOCATE|[2]|Bytes:32
15:48:52.967 (1109495656)|CONSTRUCTOR_ENTRY|[2]|01pg8000001EZwd|<init>()|OrdemItemHandler
15:48:52.967 (1109502202)|VARIABLE_SCOPE_BEGIN|[9]|this|OrdemItemHandler|true|false
15:48:52.967 (1109520530)|VARIABLE_ASSIGNMENT|[9]|this|{}|0x55406064
15:48:52.967 (1109525397)|STATEMENT_EXECUTE|[1]
15:48:52.967 (1109526743)|STATEMENT_EXECUTE|[3]
15:48:52.967 (1109527729)|STATEMENT_EXECUTE|[4]
15:48:52.967 (1109528653)|STATEMENT_EXECUTE|[5]
15:48:52.967 (1109529571)|STATEMENT_EXECUTE|[6]
15:48:52.967 (1109530713)|STATEMENT_EXECUTE|[10]
15:48:52.967 (1109540531)|CONSTRUCTOR_ENTRY|[10]|01pg80000019iSf|<init>(String)|TriggerHandler
15:48:52.967 (1109544623)|VARIABLE_SCOPE_BEGIN|[107]|this|TriggerHandler|true|false
15:48:52.967 (1109551564)|VARIABLE_ASSIGNMENT|[107]|this|{}|0x55406064
15:48:52.967 (1109554762)|VARIABLE_SCOPE_BEGIN|[107]|handlerName|String|false|false
15:48:52.967 (1109564802)|VARIABLE_ASSIGNMENT|[107]|handlerName|"OrderItemHandler"
15:48:52.967 (1109567775)|STATEMENT_EXECUTE|[15]
15:48:52.967 (1109568802)|STATEMENT_EXECUTE|[50]
15:48:52.967 (1109569835)|STATEMENT_EXECUTE|[57]
15:48:52.967 (1109571101)|STATEMENT_EXECUTE|[671]
15:48:52.967 (1109588362)|STATEMENT_EXECUTE|[107]
15:48:52.967 (1109589526)|STATEMENT_EXECUTE|[108]
15:48:52.967 (1109594272)|STATEMENT_EXECUTE|[109]
15:48:52.967 (1109600719)|METHOD_ENTRY|[109]|01pg80000019iSf|TriggerHandler.setTriggerContext()
15:48:52.967 (1109604596)|VARIABLE_SCOPE_BEGIN|[565]|this|TriggerHandler|true|false
15:48:52.967 (1109613701)|VARIABLE_ASSIGNMENT|[565]|this|{"handlerName":"OrderItemHandler"}|0x55406064
15:48:52.967 (1109622036)|STATEMENT_EXECUTE|[565]
15:48:52.967 (1109623054)|STATEMENT_EXECUTE|[566]
15:48:52.967 (1109679752)|HEAP_ALLOCATE|[566]|Bytes:16
15:48:52.967 (1109689722)|METHOD_ENTRY|[566]|01pg80000019iSf|TriggerHandler.setTriggerContext(System.TriggerOperation, Boolean)
15:48:52.967 (1109692891)|VARIABLE_SCOPE_BEGIN|[582]|this|TriggerHandler|true|false
15:48:52.967 (1109700897)|VARIABLE_ASSIGNMENT|[582]|this|{"handlerName":"OrderItemHandler"}|0x55406064
15:48:52.967 (1109703967)|VARIABLE_SCOPE_BEGIN|[582]|opType|System.TriggerOperation|true|false
15:48:52.967 (1109717004)|VARIABLE_ASSIGNMENT|[582]|opType|"BEFORE_DELETE"|0x7002908f
15:48:52.967 (1109723167)|VARIABLE_SCOPE_BEGIN|[582]|testMode|Boolean|false|false
15:48:52.967 (1109728807)|VARIABLE_ASSIGNMENT|[582]|testMode|false
15:48:52.967 (1109733045)|STATEMENT_EXECUTE|[582]
15:48:52.967 (1109741198)|STATEMENT_EXECUTE|[586]
15:48:52.967 (1109742088)|STATEMENT_EXECUTE|[587]
15:48:52.967 (1109744665)|HEAP_ALLOCATE|[587]|Bytes:5
15:48:52.967 (1109749912)|STATEMENT_EXECUTE|[590]
15:48:52.967 (1109750905)|STATEMENT_EXECUTE|[592]
15:48:52.967 (1109760633)|HEAP_ALLOCATE|[592]|Bytes:16
15:48:52.967 (1109765485)|STATEMENT_EXECUTE|[595]
15:48:52.967 (1109772968)|VARIABLE_SCOPE_BEGIN|[595]|context|String|false|false
15:48:52.967 (1109779932)|VARIABLE_ASSIGNMENT|[595]|context|"BEFORE_DELETE"
15:48:52.967 (1109782167)|STATEMENT_EXECUTE|[597]
15:48:52.967 (1109814362)|STATEMENT_EXECUTE|[604]
15:48:52.967 (1109815636)|STATEMENT_EXECUTE|[605]
15:48:52.967 (1109825128)|METHOD_EXIT|[566]|01pg80000019iSf|TriggerHandler.setTriggerContext(System.TriggerOperation, Boolean)
15:48:52.967 (1109828258)|METHOD_EXIT|[109]|01pg80000019iSf|TriggerHandler.setTriggerContext()
15:48:52.967 (1109832740)|CONSTRUCTOR_EXIT|[10]|01pg80000019iSf|<init>(String)|TriggerHandler
15:48:52.967 (1109836058)|STATEMENT_EXECUTE|[9]
15:48:52.967 (1109837106)|STATEMENT_EXECUTE|[11]
15:48:52.967 (1109846992)|VARIABLE_ASSIGNMENT|[11]|this.newRecords|null|0x55406064
15:48:52.967 (1109849682)|STATEMENT_EXECUTE|[12]
15:48:52.967 (1110924491)|VARIABLE_ASSIGNMENT|[12]|this.oldRecords|[{"LastModifiedDate":"2026-04-10T18:48:53.000Z","DiscountPercentage__c":0.999737108801465881323026245742806,"DiscountValue__c":380285.50,"FinalPrice__c":380385.50,"ListPrice":1000.00,"AvailableQuantity":1.00,"PriceWithoutMargin__c":330770.00,"FreightValue__c":700.00,"CreatedById":"005g80000010N45AAE","MarginPercentage__c":15.00,"Product_Code_Display__c":"TRT 7","IsDeleted":false,"Quantity":1.00,"TaxPercentage__c":10.00,"OrderId":"801g8000009VivjAAC","OrderItemNumber":"0000100113","SystemModstamp":"2026-04-10T18:48:53.000Z","UnitPrice":380385.50,"Product2Id":"01tg8000001RQyjAAG","ProductionCost__c":300000.00,"PricebookEntryId":"01ug8000000gTiLAAU","TotalPrice":380385.50,"CreatedDate":"2026-04-10T18:48:53.000Z","Id":"802g8000002mQYZAA2","LastModifiedById":"005g80000010N45AAE"}]|0x55406064
15:48:52.967 (1110943650)|STATEMENT_EXECUTE|[13]
15:48:52.967 (1110960227)|VARIABLE_ASSIGNMENT|[13]|this.newRecordsMap|null|0x55406064
15:48:52.967 (1110963186)|STATEMENT_EXECUTE|[14]
15:48:52.967 (1111370382)|VARIABLE_ASSIGNMENT|[14]|this.oldRecordsMap|{"802g8000002mQYZAA2":{"LastModifiedDate":"2026-04-10T18:48:53.000Z","DiscountPercentage__c":0.999737108801465881323026245742806,"DiscountValue__c":380285.50,"FinalPrice__c":380385.50,"ListPrice":1000.00,"AvailableQuantity":1.00,"PriceWithoutMargin__c":330770.00,"FreightValue__c":700.00,"CreatedById":"005g80000010N45AAE","MarginPercentage__c":15.00,"Product_Code_Display__c":"TRT 7","IsDeleted":false,"Quantity":1.00,"TaxPercentage__c":10.00,"OrderId":"801g8000009VivjAAC","OrderItemNumber":"0000100113","SystemModstamp":"2026-04-10T18:48:53.000Z","UnitPrice":380385.50,"Product2Id":"01tg8000001RQyjAAG","ProductionCost__c":300000.00,"PricebookEntryId":"01ug8000000gTiLAAU","TotalPrice":380385.50,"CreatedDate":"2026-04-10T18:48:53.000Z","Id":"802g8000002mQYZAA2","LastModifiedById":"005g80000010N45AAE"}}|0x55406064
15:48:52.967 (1111384785)|CONSTRUCTOR_EXIT|[2]|01pg8000001EZwd|<init>()|OrdemItemHandler
15:48:52.967 (1111392895)|METHOD_ENTRY|[2]|01pg80000019iSf|TriggerHandler.run()
15:48:52.967 (1111397700)|VARIABLE_SCOPE_BEGIN|[120]|this|TriggerHandler|true|false
15:48:52.967 (1111489931)|VARIABLE_ASSIGNMENT|[120]|this|{"oldRecords":"0x10e0400b","oldRecordsMap":"0x2bdedef9","handlerName":"OrderItemHandler","isTriggerExecuting":true,"triggerEvent":"0x7002908f"}|0x55406064
15:48:52.967 (1111499528)|STATEMENT_EXECUTE|[120]
15:48:52.967 (1111503462)|METHOD_ENTRY|[121]|01pg80000019iSf|TriggerHandler.validateRun()
15:48:52.967 (1111507387)|VARIABLE_SCOPE_BEGIN|[661]|this|TriggerHandler|true|false
15:48:52.967 (1111516782)|VARIABLE_ASSIGNMENT|[661]|this|{"oldRecords":"0x10e0400b","oldRecordsMap":"0x2bdedef9","handlerName":"OrderItemHandler","isTriggerExecuting":true,"triggerEvent":"0x7002908f"}|0x55406064
15:48:52.967 (1111521361)|STATEMENT_EXECUTE|[661]
15:48:52.967 (1111527192)|STATEMENT_EXECUTE|[662]
15:48:52.967 (1111528422)|STATEMENT_EXECUTE|[665]
15:48:52.967 (1111533890)|METHOD_ENTRY|[665]|01pg80000019iSf|TriggerHandler.getHandlerName()
15:48:52.967 (1111536685)|VARIABLE_SCOPE_BEGIN|[680]|this|TriggerHandler|true|false
15:48:52.967 (1111544865)|VARIABLE_ASSIGNMENT|[680]|this|{"oldRecords":"0x10e0400b","oldRecordsMap":"0x2bdedef9","handlerName":"OrderItemHandler","isTriggerExecuting":true,"triggerEvent":"0x7002908f"}|0x55406064
15:48:52.967 (1111549041)|STATEMENT_EXECUTE|[680]
15:48:52.967 (1111568880)|STATEMENT_EXECUTE|[681]
15:48:52.967 (1111569945)|STATEMENT_EXECUTE|[684]
15:48:52.967 (1111572660)|METHOD_EXIT|[665]|01pg80000019iSf|TriggerHandler.getHandlerName()
15:48:52.967 (1111589874)|METHOD_EXIT|[121]|01pg80000019iSf|TriggerHandler.validateRun()
15:48:52.967 (1111592736)|STATEMENT_EXECUTE|[121]
15:48:52.967 (1111595360)|METHOD_ENTRY|[126]|01pg80000019iSf|TriggerHandler.incrementCheckLoopCount()
15:48:52.967 (1111598611)|VARIABLE_SCOPE_BEGIN|[634]|this|TriggerHandler|true|false
15:48:52.967 (1111607661)|VARIABLE_ASSIGNMENT|[634]|this|{"oldRecords":"0x10e0400b","oldRecordsMap":"0x2bdedef9","handlerName":"OrderItemHandler","isTriggerExecuting":true,"triggerEvent":"0x7002908f"}|0x55406064
15:48:52.967 (1111612766)|STATEMENT_EXECUTE|[634]
15:48:52.967 (1111613735)|STATEMENT_EXECUTE|[635]
15:48:52.967 (1111615980)|METHOD_ENTRY|[635]|01pg80000019iSf|TriggerHandler.getHandlerName()
15:48:52.967 (1111618436)|VARIABLE_SCOPE_BEGIN|[680]|this|TriggerHandler|true|false
15:48:52.967 (1111626250)|VARIABLE_ASSIGNMENT|[680]|this|{"oldRecords":"0x10e0400b","oldRecordsMap":"0x2bdedef9","handlerName":"OrderItemHandler","isTriggerExecuting":true,"triggerEvent":"0x7002908f"}|0x55406064
15:48:52.967 (1111629452)|STATEMENT_EXECUTE|[680]
15:48:52.967 (1111635809)|STATEMENT_EXECUTE|[681]
15:48:52.967 (1111636695)|STATEMENT_EXECUTE|[684]
15:48:52.967 (1111638227)|METHOD_EXIT|[635]|01pg80000019iSf|TriggerHandler.getHandlerName()
15:48:52.967 (1111641539)|VARIABLE_SCOPE_BEGIN|[635]|handlerName|String|false|false
15:48:52.967 (1111647265)|VARIABLE_ASSIGNMENT|[635]|handlerName|"OrderItemHandler"
15:48:52.967 (1111657163)|STATEMENT_EXECUTE|[636]
15:48:52.967 (1111658245)|STATEMENT_EXECUTE|[649]
15:48:52.967 (1111659902)|METHOD_EXIT|[126]|01pg80000019iSf|TriggerHandler.incrementCheckLoopCount()
15:48:52.967 (1111662586)|STATEMENT_EXECUTE|[126]
15:48:52.967 (1111664892)|STATEMENT_EXECUTE|[130]
15:48:52.967 (1111665800)|STATEMENT_EXECUTE|[135]
15:48:52.967 (1111718107)|STATEMENT_EXECUTE|[142]
15:48:52.967 (1111719146)|STATEMENT_EXECUTE|[143]
15:48:52.967 (1111733101)|METHOD_ENTRY|[143]|01pg8000001EZwd|OrdemItemHandler.beforeDelete()
15:48:52.967 (1111765077)|VARIABLE_SCOPE_BEGIN|[30]|this|OrdemItemHandler|true|false
15:48:52.967 (1111776430)|VARIABLE_ASSIGNMENT|[30]|this|{"oldRecords":"0x10e0400b","oldRecordsMap":"0x2bdedef9","handlerName":"OrderItemHandler","isTriggerExecuting":true,"triggerEvent":"0x7002908f"}|0x55406064
15:48:52.967 (1111782034)|STATEMENT_EXECUTE|[30]
15:48:52.967 (1111783180)|STATEMENT_EXECUTE|[31]
15:48:52.967 (1111787994)|METHOD_ENTRY|[31]|01pg8000001EZwd|OrdemItemHandler.checkActiveOrderItem()
15:48:52.967 (1111794729)|VARIABLE_SCOPE_BEGIN|[176]|this|OrdemItemHandler|true|false
15:48:52.967 (1111803215)|VARIABLE_ASSIGNMENT|[176]|this|{"oldRecords":"0x10e0400b","oldRecordsMap":"0x2bdedef9","handlerName":"OrderItemHandler","isTriggerExecuting":true,"triggerEvent":"0x7002908f"}|0x55406064
15:48:52.967 (1111807807)|STATEMENT_EXECUTE|[176]
15:48:52.967 (1111808938)|STATEMENT_EXECUTE|[177]
15:48:52.967 (1111812601)|VARIABLE_SCOPE_BEGIN|[177]|listaParaValidar|List<OrderItem>|true|false
15:48:52.967 (1111817476)|VARIABLE_ASSIGNMENT|[177]|listaParaValidar|null|
15:48:52.967 (1111819900)|STATEMENT_EXECUTE|[178]
15:48:52.967 (1111831624)|HEAP_ALLOCATE|[178]|Bytes:4
15:48:52.967 (1111843039)|VARIABLE_SCOPE_BEGIN|[178]|idOrders|Set<Id>|true|false
15:48:52.967 (1111868200)|VARIABLE_ASSIGNMENT|[178]|idOrders|[]|0xc6fdb35
15:48:52.967 (1111870959)|STATEMENT_EXECUTE|[179]
15:48:52.967 (1111879884)|HEAP_ALLOCATE|[179]|Bytes:4
15:48:52.967 (1111884730)|VARIABLE_SCOPE_BEGIN|[179]|idMapOrders|Map<Id,Order>|true|false
15:48:52.967 (1111892526)|VARIABLE_ASSIGNMENT|[179]|idMapOrders|{}|0x1e9d22ab
15:48:52.967 (1111899987)|STATEMENT_EXECUTE|[181]
15:48:52.967 (1111901112)|STATEMENT_EXECUTE|[182]
15:48:52.967 (1112320622)|VARIABLE_ASSIGNMENT|[182]|listaParaValidar|[{"LastModifiedDate":"2026-04-10T18:48:53.000Z","DiscountPercentage__c":0.999737108801465881323026245742806,"DiscountValue__c":380285.50,"FinalPrice__c":380385.50,"ListPrice":1000.00,"AvailableQuantity":1.00,"PriceWithoutMargin__c":330770.00,"FreightValue__c":700.00,"CreatedById":"005g80000010N45AAE","MarginPercentage__c":15.00,"Product_Code_Display__c":"TRT 7","IsDeleted":false,"Quantity":1.00,"TaxPercentage__c":10.00,"OrderId":"801g8000009VivjAAC","OrderItemNumber":"0000100113","SystemModstamp":"2026-04-10T18:48:53.000Z","UnitPrice":380385.50,"Product2Id":"01tg8000001RQyjAAG","ProductionCost__c":300000.00,"PricebookEntryId":"01ug8000000gTiLAAU","TotalPrice":380385.50,"CreatedDate":"2026-04-10T18:48:53.000Z","Id":"802g8000002mQYZAA2","LastModifiedById":"005g80000010N45AAE"}]|0x10e0400b
15:48:52.967 (1112356665)|HEAP_ALLOCATE|[187]|Bytes:5
15:48:52.967 (1112377241)|VARIABLE_SCOPE_BEGIN|[187]|ot|OrderItem|true|false
15:48:52.967 (1112783910)|VARIABLE_ASSIGNMENT|[187]|ot|{"LastModifiedDate":"2026-04-10T18:48:53.000Z","DiscountPercentage__c":0.999737108801465881323026245742806,"DiscountValue__c":380285.50,"FinalPrice__c":380385.50,"ListPrice":1000.00,"AvailableQuantity":1.00,"PriceWithoutMargin__c":330770.00,"FreightValue__c":700.00,"CreatedById":"005g80000010N45AAE","MarginPercentage__c":15.00,"Product_Code_Display__c":"TRT 7","IsDeleted":false,"Quantity":1.00,"TaxPercentage__c":10.00,"OrderId":"801g8000009VivjAAC","OrderItemNumber":"0000100113","SystemModstamp":"2026-04-10T18:48:53.000Z","UnitPrice":380385.50,"Product2Id":"01tg8000001RQyjAAG","ProductionCost__c":300000.00,"PricebookEntryId":"01ug8000000gTiLAAU","TotalPrice":380385.50,"CreatedDate":"2026-04-10T18:48:53.000Z","Id":"802g8000002mQYZAA2","LastModifiedById":"005g80000010N45AAE"}|0x43e91e97
15:48:52.967 (1112795027)|STATEMENT_EXECUTE|[187]
15:48:52.967 (1112796048)|STATEMENT_EXECUTE|[188]
15:48:52.967 (1112816563)|HEAP_ALLOCATE|[EXTERNAL]|Bytes:4
15:48:52.967 (1112826673)|HEAP_ALLOCATE|[187]|Bytes:5
15:48:52.967 (1112833614)|VARIABLE_ASSIGNMENT|[187]|ot|null|
15:48:52.967 (1112837683)|STATEMENT_EXECUTE|[191]
15:48:52.967 (1112844483)|METHOD_ENTRY|[191]|01pg8000001w1Md|OrderSelector.getOrdersByIds(Set<Id>)
15:48:52.967 (1112849534)|VARIABLE_SCOPE_BEGIN|[2]|ids|Set<Id>|true|false
15:48:52.967 (1112857062)|VARIABLE_ASSIGNMENT|[2]|ids|["801g8000009VivjAAC"]|0xc6fdb35
15:48:52.967 (1112863990)|STATEMENT_EXECUTE|[2]
15:48:52.967 (1112864941)|STATEMENT_EXECUTE|[3]
15:48:52.967 (1112872770)|HEAP_ALLOCATE|[3]|Bytes:4
15:48:52.967 (1112881435)|HEAP_ALLOCATE|[3]|Bytes:4
15:48:52.967 (1113311377)|SOQL_EXECUTE_BEGIN|[3]|Aggregations:0|SELECT Id, DistributionCenter__c, State__c, City__c, Country__c, AccountId, Status FROM Order WHERE Id = :tmpVar1
15:48:52.967 (1117296961)|SOQL_EXECUTE_END|[3]|Rows:1
15:48:52.967 (1117327059)|HEAP_ALLOCATE|[3]|Bytes:8
15:48:52.967 (1117347862)|HEAP_ALLOCATE|[3]|Bytes:209
15:48:52.967 (1117388616)|HEAP_ALLOCATE|[3]|Bytes:8
15:48:52.967 (1117414963)|HEAP_ALLOCATE|[3]|Bytes:32
15:48:52.967 (1117435330)|HEAP_ALLOCATE|[3]|Bytes:4
15:48:52.967 (1117449402)|METHOD_EXIT|[191]|01pg8000001w1Md|OrderSelector.getOrdersByIds(Set<Id>)
15:48:52.967 (1117568706)|VARIABLE_ASSIGNMENT|[191]|idMapOrders|{"801g8000009VivjAAC":{"Status":"Draft","City__c":"a05g8000002BgdtAAC","Country__c":"a03g80000084tcUAAQ","AccountId":"001g8000009VivhAAC","DistributionCenter__c":"a06g8000001gZKDAA2","Id":"801g8000009VivjAAC","State__c":"a04g8000000b5VNAAY"}}|0x61e2cc76
15:48:52.967 (1117603221)|HEAP_ALLOCATE|[193]|Bytes:5
15:48:52.967 (1117622934)|VARIABLE_SCOPE_BEGIN|[193]|ot|OrderItem|true|false
15:48:52.967 (1118121570)|VARIABLE_ASSIGNMENT|[193]|ot|{"LastModifiedDate":"2026-04-10T18:48:53.000Z","DiscountPercentage__c":0.999737108801465881323026245742806,"DiscountValue__c":380285.50,"FinalPrice__c":380385.50,"ListPrice":1000.00,"AvailableQuantity":1.00,"PriceWithoutMargin__c":330770.00,"FreightValue__c":700.00,"CreatedById":"005g80000010N45AAE","MarginPercentage__c":15.00,"Product_Code_Display__c":"TRT 7","IsDeleted":false,"Quantity":1.00,"TaxPercentage__c":10.00,"OrderId":"801g8000009VivjAAC","OrderItemNumber":"0000100113","SystemModstamp":"2026-04-10T18:48:53.000Z","UnitPrice":380385.50,"Product2Id":"01tg8000001RQyjAAG","ProductionCost__c":300000.00,"PricebookEntryId":"01ug8000000gTiLAAU","TotalPrice":380385.50,"CreatedDate":"2026-04-10T18:48:53.000Z","Id":"802g8000002mQYZAA2","LastModifiedById":"005g80000010N45AAE"}|0x43e91e97
15:48:52.967 (1118136996)|STATEMENT_EXECUTE|[193]
15:48:52.967 (1118138526)|STATEMENT_EXECUTE|[194]
15:48:52.967 (1118161263)|VARIABLE_SCOPE_BEGIN|[194]|pedido|Order|true|false
15:48:52.967 (1118203891)|VARIABLE_ASSIGNMENT|[194]|pedido|{"Status":"Draft","City__c":"a05g8000002BgdtAAC","Country__c":"a03g80000084tcUAAQ","AccountId":"001g8000009VivhAAC","DistributionCenter__c":"a06g8000001gZKDAA2","Id":"801g8000009VivjAAC","State__c":"a04g8000000b5VNAAY"}|0x751e1b64
15:48:52.967 (1118230036)|STATEMENT_EXECUTE|[195]
15:48:52.967 (1118237505)|HEAP_ALLOCATE|[193]|Bytes:5
15:48:52.967 (1118244544)|VARIABLE_ASSIGNMENT|[193]|ot|null|
15:48:52.967 (1118251801)|METHOD_EXIT|[31]|01pg8000001EZwd|OrdemItemHandler.checkActiveOrderItem()
15:48:52.967 (1118257945)|METHOD_EXIT|[143]|01pg8000001EZwd|OrdemItemHandler.beforeDelete()
15:48:52.967 (1118261194)|STATEMENT_EXECUTE|[158]
15:48:52.967 (1118267170)|METHOD_ENTRY|[158]|01pg80000019iSf|TriggerHandler.andFinally()
15:48:52.967 (1118271436)|VARIABLE_SCOPE_BEGIN|[746]|this|TriggerHandler|true|false
15:48:52.967 (1118306856)|VARIABLE_ASSIGNMENT|[746]|this|{"oldRecords":"0x10e0400b","oldRecordsMap":"0x2bdedef9","handlerName":"OrderItemHandler","isTriggerExecuting":true,"triggerEvent":"0x7002908f"}|0x55406064
15:48:52.967 (1118317065)|STATEMENT_EXECUTE|[746]
15:48:52.967 (1118318670)|METHOD_EXIT|[158]|01pg80000019iSf|TriggerHandler.andFinally()
15:48:52.967 (1118322207)|STATEMENT_EXECUTE|[160]
15:48:52.967 (1118324454)|STATEMENT_EXECUTE|[176]
15:48:52.967 (1118327546)|METHOD_EXIT|[2]|01pg80000019iSf|TriggerHandler.run()
15:48:53.118 (1118334786)|CUMULATIVE_LIMIT_USAGE
15:48:53.118 (1118334786)|LIMIT_USAGE_FOR_NS|(default)|
  Number of SOQL queries: 11 out of 100
  Number of query rows: 10 out of 50000
  Number of SOSL queries: 0 out of 20
  Number of DML statements: 14 out of 150
  Number of Publish Immediate DML: 0 out of 150
  Number of DML rows: 14 out of 10000
  Maximum CPU time: 91 out of 10000
  Maximum heap size: 0 out of 6000000
  Number of callouts: 0 out of 100
  Number of Email Invocations: 0 out of 10
  Number of future calls: 0 out of 50
  Number of queueable jobs added to the queue: 0 out of 50
  Number of Mobile Apex push calls: 0 out of 10

15:48:53.118 (1118334786)|TESTING_LIMITS
15:48:53.118 (1118334786)|LIMIT_USAGE_FOR_NS|(default)|
  Number of SOQL queries: 1 out of 100
  Number of query rows: 1 out of 50000
  Number of SOSL queries: 0 out of 20
  Number of DML statements: 1 out of 150
  Number of Publish Immediate DML: 0 out of 150
  Number of DML rows: 1 out of 10000
  Maximum CPU time: 0 out of 10000
  Maximum heap size: 0 out of 6000000
  Number of callouts: 0 out of 100
  Number of Email Invocations: 0 out of 10
  Number of future calls: 0 out of 50
  Number of queueable jobs added to the queue: 0 out of 50
  Number of Mobile Apex push calls: 0 out of 10

15:48:53.118 (1118334786)|CUMULATIVE_LIMIT_USAGE_END

15:48:52.967 (1118502456)|CODE_UNIT_FINISHED|OrdemItemTrigger on OrderItem trigger event BeforeDelete|__sfdc_trigger/OrdemItemTrigger
15:48:52.967 (1335606119)|CODE_UNIT_STARTED|[EXTERNAL]|01qg8000000GdOn|OrderTrigger on Order trigger event BeforeUpdate|__sfdc_trigger/OrderTrigger
15:48:52.967 (1335703378)|HEAP_ALLOCATE|[EXTERNAL]|Bytes:8
15:48:52.967 (1335789343)|HEAP_ALLOCATE|[EXTERNAL]|Bytes:8
15:48:52.967 (1335887981)|HEAP_ALLOCATE|[EXTERNAL]|Bytes:4
15:48:52.967 (1335902385)|VARIABLE_SCOPE_BEGIN|[1]|this|OrderTrigger|true|false
15:48:52.967 (1335947565)|VARIABLE_ASSIGNMENT|[1]|this|{}|0x59a42ba2
15:48:52.967 (1335992558)|HEAP_ALLOCATE|[EXTERNAL]|Bytes:4
15:48:52.967 (1335999261)|VARIABLE_SCOPE_BEGIN|[1]|this|OrderTrigger|true|false
15:48:52.967 (1336009896)|VARIABLE_ASSIGNMENT|[1]|this|{}|0x59a42ba2
15:48:52.967 (1336024858)|STATEMENT_EXECUTE|[1]
15:48:52.967 (1336027244)|STATEMENT_EXECUTE|[2]
15:48:52.967 (1336042311)|HEAP_ALLOCATE|[2]|Bytes:32
15:48:52.967 (1336059144)|CONSTRUCTOR_ENTRY|[2]|01pg8000001LXzh|<init>()|OrderHandler
15:48:52.967 (1336069832)|VARIABLE_SCOPE_BEGIN|[8]|this|OrderHandler|true|false
15:48:52.967 (1336099989)|VARIABLE_ASSIGNMENT|[8]|this|{}|0x1b70e837
15:48:52.967 (1336107069)|STATEMENT_EXECUTE|[1]
15:48:52.967 (1336108974)|STATEMENT_EXECUTE|[3]
15:48:52.967 (1336110973)|STATEMENT_EXECUTE|[4]
15:48:52.967 (1336112554)|STATEMENT_EXECUTE|[5]
15:48:52.967 (1336113978)|STATEMENT_EXECUTE|[6]
15:48:52.967 (1336115659)|STATEMENT_EXECUTE|[9]
15:48:52.967 (1336129102)|CONSTRUCTOR_ENTRY|[9]|01pg80000019iSf|<init>(String)|TriggerHandler
15:48:52.967 (1336135770)|VARIABLE_SCOPE_BEGIN|[107]|this|TriggerHandler|true|false
15:48:52.967 (1336148498)|VARIABLE_ASSIGNMENT|[107]|this|{}|0x1b70e837
15:48:52.967 (1336153295)|VARIABLE_SCOPE_BEGIN|[107]|handlerName|String|false|false
15:48:52.967 (1336166424)|VARIABLE_ASSIGNMENT|[107]|handlerName|"OrderHandler"
15:48:52.967 (1336172053)|STATEMENT_EXECUTE|[15]
15:48:52.967 (1336173626)|STATEMENT_EXECUTE|[50]
15:48:52.967 (1336175279)|STATEMENT_EXECUTE|[57]
15:48:52.967 (1336177144)|STATEMENT_EXECUTE|[671]
15:48:52.967 (1336203278)|STATEMENT_EXECUTE|[107]
15:48:52.967 (1336205280)|STATEMENT_EXECUTE|[108]
15:48:52.967 (1336212160)|STATEMENT_EXECUTE|[109]
15:48:52.967 (1336223029)|METHOD_ENTRY|[109]|01pg80000019iSf|TriggerHandler.setTriggerContext()
15:48:52.967 (1336229389)|VARIABLE_SCOPE_BEGIN|[565]|this|TriggerHandler|true|false
15:48:52.967 (1336245924)|VARIABLE_ASSIGNMENT|[565]|this|{"handlerName":"OrderHandler"}|0x1b70e837
15:48:52.967 (1336262775)|STATEMENT_EXECUTE|[565]
15:48:52.967 (1336264562)|STATEMENT_EXECUTE|[566]
15:48:52.967 (1336341353)|HEAP_ALLOCATE|[566]|Bytes:16
15:48:52.967 (1336356824)|METHOD_ENTRY|[566]|01pg80000019iSf|TriggerHandler.setTriggerContext(System.TriggerOperation, Boolean)
15:48:52.967 (1336362045)|VARIABLE_SCOPE_BEGIN|[582]|this|TriggerHandler|true|false
15:48:52.967 (1336376194)|VARIABLE_ASSIGNMENT|[582]|this|{"handlerName":"OrderHandler"}|0x1b70e837
15:48:52.967 (1336380861)|VARIABLE_SCOPE_BEGIN|[582]|opType|System.TriggerOperation|true|false
15:48:52.967 (1336398297)|VARIABLE_ASSIGNMENT|[582]|opType|"BEFORE_UPDATE"|0x8e381db
15:48:52.967 (1336409049)|VARIABLE_SCOPE_BEGIN|[582]|testMode|Boolean|false|false
15:48:52.967 (1336418543)|VARIABLE_ASSIGNMENT|[582]|testMode|false
15:48:52.967 (1336425750)|STATEMENT_EXECUTE|[582]
15:48:52.967 (1336436737)|STATEMENT_EXECUTE|[586]
15:48:52.967 (1336438488)|STATEMENT_EXECUTE|[587]
15:48:52.967 (1336443073)|HEAP_ALLOCATE|[587]|Bytes:5
15:48:52.967 (1336451743)|STATEMENT_EXECUTE|[590]
15:48:52.967 (1336453239)|STATEMENT_EXECUTE|[592]
15:48:52.967 (1336470158)|HEAP_ALLOCATE|[592]|Bytes:16
15:48:52.967 (1336477724)|STATEMENT_EXECUTE|[595]
15:48:52.967 (1336488779)|VARIABLE_SCOPE_BEGIN|[595]|context|String|false|false
15:48:52.967 (1336499937)|VARIABLE_ASSIGNMENT|[595]|context|"BEFORE_UPDATE"
15:48:52.967 (1336504347)|STATEMENT_EXECUTE|[597]
15:48:52.967 (1336578218)|STATEMENT_EXECUTE|[601]
15:48:52.967 (1336579738)|STATEMENT_EXECUTE|[602]
15:48:52.967 (1336587466)|METHOD_EXIT|[566]|01pg80000019iSf|TriggerHandler.setTriggerContext(System.TriggerOperation, Boolean)
15:48:52.967 (1336593437)|METHOD_EXIT|[109]|01pg80000019iSf|TriggerHandler.setTriggerContext()
15:48:52.967 (1336602403)|CONSTRUCTOR_EXIT|[9]|01pg80000019iSf|<init>(String)|TriggerHandler
15:48:52.967 (1336607797)|STATEMENT_EXECUTE|[8]
15:48:52.967 (1336609629)|STATEMENT_EXECUTE|[10]
15:48:52.967 (1337812657)|VARIABLE_ASSIGNMENT|[10]|this.newRecords|[{"Status":"Draft","LastModifiedDate":"2026-04-10T18:48:53.000Z","Country__c":"a03g80000084tcUAAQ","IsDeleted":false,"AccountId":"001g8000009VivhAAC","OrderNumber":"00100116","TotalAmount":0.00,"StatusCode":"Draft","IsReductionOrder":false,"SystemModstamp":"2026-04-10T18:48:53.000Z","City__c":"a05g8000002BgdtAAC","OwnerId":"005g80000010N45AAE","CreatedById":"005g80000010N45AAE","DistributionCenter__c":"a06g8000001gZKDAA2","CreatedDate":"2026-04-10T18:48:52.000Z","Pricebook2Id":"01sg8000000h7xWAAQ","Id":"801g8000009VivjAAC","LastModifiedById":"005g80000010N45AAE","State__c":"a04g8000000b5VNAAY","EffectiveDate":"2026-04-10T00:00:00.000Z"}]|0x1b70e837
15:48:52.967 (1337835677)|STATEMENT_EXECUTE|[11]
15:48:52.967 (1338696294)|VARIABLE_ASSIGNMENT|[11]|this.oldRecords|[{"Status":"Draft","LastModifiedDate":"2026-04-10T18:48:53.000Z","Country__c":"a03g80000084tcUAAQ","IsDeleted":false,"AccountId":"001g8000009VivhAAC","OrderNumber":"00100116","TotalAmount":380385.50,"StatusCode":"Draft","IsReductionOrder":false,"SystemModstamp":"2026-04-10T18:48:53.000Z","City__c":"a05g8000002BgdtAAC","OwnerId":"005g80000010N45AAE","CreatedById":"005g80000010N45AAE","DistributionCenter__c":"a06g8000001gZKDAA2","CreatedDate":"2026-04-10T18:48:52.000Z","Pricebook2Id":"01sg8000000h7xWAAQ","Id":"801g8000009VivjAAC","LastModifiedById":"005g80000010N45AAE","State__c":"a04g8000000b5VNAAY","EffectiveDate":"2026-04-10T00:00:00.000Z"}]|0x1b70e837
15:48:52.967 (1338713691)|STATEMENT_EXECUTE|[12]
15:48:52.967 (1339460085)|VARIABLE_ASSIGNMENT|[12]|this.newRecordsMap|{"801g8000009VivjAAC":{"Status":"Draft","LastModifiedDate":"2026-04-10T18:48:53.000Z","Country__c":"a03g80000084tcUAAQ","IsDeleted":false,"AccountId":"001g8000009VivhAAC","OrderNumber":"00100116","TotalAmount":0.00,"StatusCode":"Draft","IsReductionOrder":false,"SystemModstamp":"2026-04-10T18:48:53.000Z","City__c":"a05g8000002BgdtAAC","OwnerId":"005g80000010N45AAE","CreatedById":"005g80000010N45AAE","DistributionCenter__c":"a06g8000001gZKDAA2","CreatedDate":"2026-04-10T18:48:52.000Z","Pricebook2Id":"01sg8000000h7xWAAQ","Id":"801g8000009VivjAAC","LastModifiedById":"005g80000010N45AAE","State__c":"a04g8000000b5VNAAY","EffectiveDate":"2026-04-10T00:00:00.000Z"}}|0x1b70e837
15:48:52.967 (1339476910)|STATEMENT_EXECUTE|[13]
15:48:52.967 (1340144042)|VARIABLE_ASSIGNMENT|[13]|this.oldRecordsMap|{"801g8000009VivjAAC":{"Status":"Draft","LastModifiedDate":"2026-04-10T18:48:53.000Z","Country__c":"a03g80000084tcUAAQ","IsDeleted":false,"AccountId":"001g8000009VivhAAC","OrderNumber":"00100116","TotalAmount":380385.50,"StatusCode":"Draft","IsReductionOrder":false,"SystemModstamp":"2026-04-10T18:48:53.000Z","City__c":"a05g8000002BgdtAAC","OwnerId":"005g80000010N45AAE","CreatedById":"005g80000010N45AAE","DistributionCenter__c":"a06g8000001gZKDAA2","CreatedDate":"2026-04-10T18:48:52.000Z","Pricebook2Id":"01sg8000000h7xWAAQ","Id":"801g8000009VivjAAC","LastModifiedById":"005g80000010N45AAE","State__c":"a04g8000000b5VNAAY","EffectiveDate":"2026-04-10T00:00:00.000Z"}}|0x1b70e837
15:48:52.967 (1340166223)|CONSTRUCTOR_EXIT|[2]|01pg8000001LXzh|<init>()|OrderHandler
15:48:52.967 (1340179975)|METHOD_ENTRY|[2]|01pg80000019iSf|TriggerHandler.run()
15:48:52.967 (1340187886)|VARIABLE_SCOPE_BEGIN|[120]|this|TriggerHandler|true|false
15:48:52.967 (1340237385)|VARIABLE_ASSIGNMENT|[120]|this|{"newRecords":"0x39c99af5","newRecordsMap":"0x6aa5de95","oldRecords":"0x12240158","oldRecordsMap":"0xe09727b","handlerName":"OrderHandler","isTriggerExecuting":true,"triggerEvent":"0x8e381db"}|0x1b70e837
15:48:52.967 (1340253026)|STATEMENT_EXECUTE|[120]
15:48:52.967 (1340259304)|METHOD_ENTRY|[121]|01pg80000019iSf|TriggerHandler.validateRun()
15:48:52.967 (1340264959)|VARIABLE_SCOPE_BEGIN|[661]|this|TriggerHandler|true|false
15:48:52.967 (1340284364)|VARIABLE_ASSIGNMENT|[661]|this|{"newRecords":"0x39c99af5","newRecordsMap":"0x6aa5de95","oldRecords":"0x12240158","oldRecordsMap":"0xe09727b","handlerName":"OrderHandler","isTriggerExecuting":true,"triggerEvent":"0x8e381db"}|0x1b70e837
15:48:52.967 (1340293036)|STATEMENT_EXECUTE|[661]
15:48:52.967 (1340301055)|STATEMENT_EXECUTE|[662]
15:48:52.967 (1340302864)|STATEMENT_EXECUTE|[665]
15:48:52.967 (1340310464)|METHOD_ENTRY|[665]|01pg80000019iSf|TriggerHandler.getHandlerName()
15:48:52.967 (1340315830)|VARIABLE_SCOPE_BEGIN|[680]|this|TriggerHandler|true|false
15:48:52.967 (1340333005)|VARIABLE_ASSIGNMENT|[680]|this|{"newRecords":"0x39c99af5","newRecordsMap":"0x6aa5de95","oldRecords":"0x12240158","oldRecordsMap":"0xe09727b","handlerName":"OrderHandler","isTriggerExecuting":true,"triggerEvent":"0x8e381db"}|0x1b70e837
15:48:52.967 (1340341660)|STATEMENT_EXECUTE|[680]
15:48:52.967 (1340370001)|STATEMENT_EXECUTE|[681]
15:48:52.967 (1340371721)|STATEMENT_EXECUTE|[684]
15:48:52.967 (1340375954)|METHOD_EXIT|[665]|01pg80000019iSf|TriggerHandler.getHandlerName()
15:48:52.967 (1340399363)|METHOD_EXIT|[121]|01pg80000019iSf|TriggerHandler.validateRun()
15:48:52.967 (1340404484)|STATEMENT_EXECUTE|[121]
15:48:52.967 (1340407990)|METHOD_ENTRY|[126]|01pg80000019iSf|TriggerHandler.incrementCheckLoopCount()
15:48:52.967 (1340413410)|VARIABLE_SCOPE_BEGIN|[634]|this|TriggerHandler|true|false
15:48:52.967 (1340431830)|VARIABLE_ASSIGNMENT|[634]|this|{"newRecords":"0x39c99af5","newRecordsMap":"0x6aa5de95","oldRecords":"0x12240158","oldRecordsMap":"0xe09727b","handlerName":"OrderHandler","isTriggerExecuting":true,"triggerEvent":"0x8e381db"}|0x1b70e837
15:48:52.967 (1340440897)|STATEMENT_EXECUTE|[634]
15:48:52.967 (1340442616)|STATEMENT_EXECUTE|[635]
15:48:52.967 (1340446105)|METHOD_ENTRY|[635]|01pg80000019iSf|TriggerHandler.getHandlerName()
15:48:52.967 (1340449851)|VARIABLE_SCOPE_BEGIN|[680]|this|TriggerHandler|true|false
15:48:52.967 (1340466474)|VARIABLE_ASSIGNMENT|[680]|this|{"newRecords":"0x39c99af5","newRecordsMap":"0x6aa5de95","oldRecords":"0x12240158","oldRecordsMap":"0xe09727b","handlerName":"OrderHandler","isTriggerExecuting":true,"triggerEvent":"0x8e381db"}|0x1b70e837
15:48:52.967 (1340473782)|STATEMENT_EXECUTE|[680]
15:48:52.967 (1340485455)|STATEMENT_EXECUTE|[681]
15:48:52.967 (1340487130)|STATEMENT_EXECUTE|[684]
15:48:52.967 (1340489794)|METHOD_EXIT|[635]|01pg80000019iSf|TriggerHandler.getHandlerName()
15:48:52.967 (1340495670)|VARIABLE_SCOPE_BEGIN|[635]|handlerName|String|false|false
15:48:52.967 (1340504085)|VARIABLE_ASSIGNMENT|[635]|handlerName|"OrderHandler"
15:48:52.967 (1340520042)|STATEMENT_EXECUTE|[636]
15:48:52.967 (1340521781)|STATEMENT_EXECUTE|[649]
15:48:52.967 (1340524620)|METHOD_EXIT|[126]|01pg80000019iSf|TriggerHandler.incrementCheckLoopCount()
15:48:52.967 (1340529302)|STATEMENT_EXECUTE|[126]
15:48:52.967 (1340532637)|STATEMENT_EXECUTE|[130]
15:48:52.967 (1340534311)|STATEMENT_EXECUTE|[135]
15:48:52.967 (1340618709)|STATEMENT_EXECUTE|[139]
15:48:52.967 (1340620608)|STATEMENT_EXECUTE|[140]
15:48:52.967 (1340625150)|METHOD_ENTRY|[140]|01pg8000001LXzh|OrderHandler.beforeUpdate()
15:48:52.967 (1340631472)|VARIABLE_SCOPE_BEGIN|[16]|this|OrderHandler|true|false
15:48:52.967 (1340650844)|VARIABLE_ASSIGNMENT|[16]|this|{"newRecords":"0x39c99af5","newRecordsMap":"0x6aa5de95","oldRecords":"0x12240158","oldRecordsMap":"0xe09727b","handlerName":"OrderHandler","isTriggerExecuting":true,"triggerEvent":"0x8e381db"}|0x1b70e837
15:48:52.967 (1340659526)|STATEMENT_EXECUTE|[16]
15:48:52.967 (1340661620)|STATEMENT_EXECUTE|[17]
15:48:52.967 (1340666312)|METHOD_ENTRY|[17]|01pg8000001LXzh|OrderHandler.checkActiveOrder()
15:48:52.967 (1340671545)|VARIABLE_SCOPE_BEGIN|[30]|this|OrderHandler|true|false
15:48:52.967 (1340688621)|VARIABLE_ASSIGNMENT|[30]|this|{"newRecords":"0x39c99af5","newRecordsMap":"0x6aa5de95","oldRecords":"0x12240158","oldRecordsMap":"0xe09727b","handlerName":"OrderHandler","isTriggerExecuting":true,"triggerEvent":"0x8e381db"}|0x1b70e837
15:48:52.967 (1340696576)|STATEMENT_EXECUTE|[30]
15:48:52.967 (1340698349)|STATEMENT_EXECUTE|[31]
15:48:52.967 (1340702217)|VARIABLE_SCOPE_BEGIN|[31]|listaParaValidar|List<Order>|true|false
15:48:52.967 (1340710429)|VARIABLE_ASSIGNMENT|[31]|listaParaValidar|null|
15:48:52.967 (1340720627)|STATEMENT_EXECUTE|[35]
15:48:52.967 (1340722329)|STATEMENT_EXECUTE|[36]
15:48:52.967 (1341644110)|VARIABLE_ASSIGNMENT|[36]|listaParaValidar|[{"Status":"Draft","LastModifiedDate":"2026-04-10T18:48:53.000Z","Country__c":"a03g80000084tcUAAQ","IsDeleted":false,"AccountId":"001g8000009VivhAAC","OrderNumber":"00100116","TotalAmount":0.00,"StatusCode":"Draft","IsReductionOrder":false,"SystemModstamp":"2026-04-10T18:48:53.000Z","City__c":"a05g8000002BgdtAAC","OwnerId":"005g80000010N45AAE","CreatedById":"005g80000010N45AAE","DistributionCenter__c":"a06g8000001gZKDAA2","CreatedDate":"2026-04-10T18:48:52.000Z","Pricebook2Id":"01sg8000000h7xWAAQ","Id":"801g8000009VivjAAC","LastModifiedById":"005g80000010N45AAE","State__c":"a04g8000000b5VNAAY","EffectiveDate":"2026-04-10T00:00:00.000Z"}]|0x39c99af5
15:48:52.967 (1341700064)|HEAP_ALLOCATE|[40]|Bytes:5
15:48:52.967 (1341728239)|HEAP_ALLOCATE|[40]|Bytes:4
15:48:52.967 (1341741638)|VARIABLE_SCOPE_BEGIN|[40]|pedido|Order|true|false
15:48:52.967 (1342416937)|VARIABLE_ASSIGNMENT|[40]|pedido|{"Status":"Draft","LastModifiedDate":"2026-04-10T18:48:53.000Z","Country__c":"a03g80000084tcUAAQ","IsDeleted":false,"AccountId":"001g8000009VivhAAC","OrderNumber":"00100116","TotalAmount":0.00,"StatusCode":"Draft","IsReductionOrder":false,"SystemModstamp":"2026-04-10T18:48:53.000Z","City__c":"a05g8000002BgdtAAC","OwnerId":"005g80000010N45AAE","CreatedById":"005g80000010N45AAE","DistributionCenter__c":"a06g8000001gZKDAA2","CreatedDate":"2026-04-10T18:48:52.000Z","Pricebook2Id":"01sg8000000h7xWAAQ","Id":"801g8000009VivjAAC","LastModifiedById":"005g80000010N45AAE","State__c":"a04g8000000b5VNAAY","EffectiveDate":"2026-04-10T00:00:00.000Z"}|0x7b624f7d
15:48:52.967 (1342433486)|STATEMENT_EXECUTE|[40]
15:48:52.967 (1342435265)|STATEMENT_EXECUTE|[42]
15:48:52.967 (1342473799)|VARIABLE_SCOPE_BEGIN|[42]|pedidoAntigo|Order|true|false
15:48:52.967 (1343144885)|VARIABLE_ASSIGNMENT|[42]|pedidoAntigo|{"Status":"Draft","LastModifiedDate":"2026-04-10T18:48:53.000Z","Country__c":"a03g80000084tcUAAQ","IsDeleted":false,"AccountId":"001g8000009VivhAAC","OrderNumber":"00100116","TotalAmount":380385.50,"StatusCode":"Draft","IsReductionOrder":false,"SystemModstamp":"2026-04-10T18:48:53.000Z","City__c":"a05g8000002BgdtAAC","OwnerId":"005g80000010N45AAE","CreatedById":"005g80000010N45AAE","DistributionCenter__c":"a06g8000001gZKDAA2","CreatedDate":"2026-04-10T18:48:52.000Z","Pricebook2Id":"01sg8000000h7xWAAQ","Id":"801g8000009VivjAAC","LastModifiedById":"005g80000010N45AAE","State__c":"a04g8000000b5VNAAY","EffectiveDate":"2026-04-10T00:00:00.000Z"}|0x3ff777f2
15:48:52.967 (1343160178)|STATEMENT_EXECUTE|[45]
15:48:52.967 (1343172743)|VARIABLE_SCOPE_BEGIN|[45]|validacaoStatus|String|false|false
15:48:52.967 (1343181807)|VARIABLE_ASSIGNMENT|[45]|validacaoStatus|"Draft"
15:48:52.967 (1343203280)|STATEMENT_EXECUTE|[47]
15:48:52.967 (1343220107)|HEAP_ALLOCATE|[40]|Bytes:5
15:48:52.967 (1343233761)|VARIABLE_ASSIGNMENT|[40]|pedido|null|
15:48:52.967 (1343243668)|METHOD_EXIT|[17]|01pg8000001LXzh|OrderHandler.checkActiveOrder()
15:48:52.967 (1343251717)|METHOD_EXIT|[140]|01pg8000001LXzh|OrderHandler.beforeUpdate()
15:48:52.967 (1343257170)|STATEMENT_EXECUTE|[158]
15:48:52.967 (1343263656)|METHOD_ENTRY|[158]|01pg80000019iSf|TriggerHandler.andFinally()
15:48:52.967 (1343269228)|VARIABLE_SCOPE_BEGIN|[746]|this|TriggerHandler|true|false
15:48:52.967 (1343312025)|VARIABLE_ASSIGNMENT|[746]|this|{"newRecords":"0x39c99af5","newRecordsMap":"0x6aa5de95","oldRecords":"0x12240158","oldRecordsMap":"0xe09727b","handlerName":"OrderHandler","isTriggerExecuting":true,"triggerEvent":"0x8e381db"}|0x1b70e837
15:48:52.967 (1343324757)|STATEMENT_EXECUTE|[746]
15:48:52.967 (1343327810)|METHOD_EXIT|[158]|01pg80000019iSf|TriggerHandler.andFinally()
15:48:52.967 (1343333791)|STATEMENT_EXECUTE|[160]
15:48:52.967 (1343336932)|STATEMENT_EXECUTE|[176]
15:48:52.967 (1343340502)|METHOD_EXIT|[2]|01pg80000019iSf|TriggerHandler.run()
15:48:53.343 (1343350092)|CUMULATIVE_LIMIT_USAGE
15:48:53.343 (1343350092)|LIMIT_USAGE_FOR_NS|(default)|
  Number of SOQL queries: 11 out of 100
  Number of query rows: 10 out of 50000
  Number of SOSL queries: 0 out of 20
  Number of DML statements: 14 out of 150
  Number of Publish Immediate DML: 0 out of 150
  Number of DML rows: 14 out of 10000
  Maximum CPU time: 91 out of 10000
  Maximum heap size: 0 out of 6000000
  Number of callouts: 0 out of 100
  Number of Email Invocations: 0 out of 10
  Number of future calls: 0 out of 50
  Number of queueable jobs added to the queue: 0 out of 50
  Number of Mobile Apex push calls: 0 out of 10

15:48:53.343 (1343350092)|TESTING_LIMITS
15:48:53.343 (1343350092)|LIMIT_USAGE_FOR_NS|(default)|
  Number of SOQL queries: 1 out of 100
  Number of query rows: 1 out of 50000
  Number of SOSL queries: 0 out of 20
  Number of DML statements: 1 out of 150
  Number of Publish Immediate DML: 0 out of 150
  Number of DML rows: 1 out of 10000
  Maximum CPU time: 0 out of 10000
  Maximum heap size: 0 out of 6000000
  Number of callouts: 0 out of 100
  Number of Email Invocations: 0 out of 10
  Number of future calls: 0 out of 50
  Number of queueable jobs added to the queue: 0 out of 50
  Number of Mobile Apex push calls: 0 out of 10

15:48:53.343 (1343350092)|CUMULATIVE_LIMIT_USAGE_END

15:48:52.967 (1343546432)|CODE_UNIT_FINISHED|OrderTrigger on Order trigger event BeforeUpdate|__sfdc_trigger/OrderTrigger
15:48:52.967 (1345492785)|CODE_UNIT_STARTED|[EXTERNAL]|Validation:Order:801g8000009Vivj
15:48:52.967 (1345511485)|VALIDATION_RULE|03dg8000000aS4D|Bloquear_Alteracao_Conta_Pedido
15:48:52.967 (1345675495)|VALIDATION_FORMULA|ISCHANGED(AccountId) && NOT(ISNEW())|AccountId=001g8000009Vivh
15:48:52.967 (1345681856)|VALIDATION_PASS
15:48:52.967 (1345687157)|CODE_UNIT_FINISHED|Validation:Order:801g8000009Vivj
15:48:52.967 (1358744050)|CODE_UNIT_STARTED|[EXTERNAL]|01qg8000000GdOn|OrderTrigger on Order trigger event AfterUpdate|__sfdc_trigger/OrderTrigger
15:48:52.967 (1358828005)|HEAP_ALLOCATE|[EXTERNAL]|Bytes:8
15:48:52.967 (1358908349)|HEAP_ALLOCATE|[EXTERNAL]|Bytes:8
15:48:52.967 (1358999020)|HEAP_ALLOCATE|[EXTERNAL]|Bytes:4
15:48:52.967 (1359009239)|VARIABLE_SCOPE_BEGIN|[1]|this|OrderTrigger|true|false
15:48:52.967 (1359043580)|VARIABLE_ASSIGNMENT|[1]|this|{}|0x7894eb52
15:48:52.967 (1359080940)|HEAP_ALLOCATE|[EXTERNAL]|Bytes:4
15:48:52.967 (1359087451)|VARIABLE_SCOPE_BEGIN|[1]|this|OrderTrigger|true|false
15:48:52.967 (1359097587)|VARIABLE_ASSIGNMENT|[1]|this|{}|0x7894eb52
15:48:52.967 (1359108255)|STATEMENT_EXECUTE|[1]
15:48:52.967 (1359110390)|STATEMENT_EXECUTE|[2]
15:48:52.967 (1359123319)|HEAP_ALLOCATE|[2]|Bytes:32
15:48:52.967 (1359137623)|CONSTRUCTOR_ENTRY|[2]|01pg8000001LXzh|<init>()|OrderHandler
15:48:52.967 (1359146508)|VARIABLE_SCOPE_BEGIN|[8]|this|OrderHandler|true|false
15:48:52.967 (1359170950)|VARIABLE_ASSIGNMENT|[8]|this|{}|0x7ceec495
15:48:52.967 (1359178015)|STATEMENT_EXECUTE|[1]
15:48:52.967 (1359179683)|STATEMENT_EXECUTE|[3]
15:48:52.967 (1359181426)|STATEMENT_EXECUTE|[4]
15:48:52.967 (1359182820)|STATEMENT_EXECUTE|[5]
15:48:52.967 (1359184210)|STATEMENT_EXECUTE|[6]
15:48:52.967 (1359185544)|STATEMENT_EXECUTE|[9]
15:48:52.967 (1359196049)|CONSTRUCTOR_ENTRY|[9]|01pg80000019iSf|<init>(String)|TriggerHandler
15:48:52.967 (1359202310)|VARIABLE_SCOPE_BEGIN|[107]|this|TriggerHandler|true|false
15:48:52.967 (1359214988)|VARIABLE_ASSIGNMENT|[107]|this|{}|0x7ceec495
15:48:52.967 (1359219638)|VARIABLE_SCOPE_BEGIN|[107]|handlerName|String|false|false
15:48:52.967 (1359231070)|VARIABLE_ASSIGNMENT|[107]|handlerName|"OrderHandler"
15:48:52.967 (1359236216)|STATEMENT_EXECUTE|[15]
15:48:52.967 (1359237901)|STATEMENT_EXECUTE|[50]
15:48:52.967 (1359239569)|STATEMENT_EXECUTE|[57]
15:48:52.967 (1359241356)|STATEMENT_EXECUTE|[671]
15:48:52.967 (1359265243)|STATEMENT_EXECUTE|[107]
15:48:52.967 (1359267037)|STATEMENT_EXECUTE|[108]
15:48:52.967 (1359272939)|STATEMENT_EXECUTE|[109]
15:48:52.967 (1359280684)|METHOD_ENTRY|[109]|01pg80000019iSf|TriggerHandler.setTriggerContext()
15:48:52.967 (1359286884)|VARIABLE_SCOPE_BEGIN|[565]|this|TriggerHandler|true|false
15:48:52.967 (1359302369)|VARIABLE_ASSIGNMENT|[565]|this|{"handlerName":"OrderHandler"}|0x7ceec495
15:48:52.967 (1359314783)|STATEMENT_EXECUTE|[565]
15:48:52.967 (1359316432)|STATEMENT_EXECUTE|[566]
15:48:52.967 (1359383588)|HEAP_ALLOCATE|[566]|Bytes:16
15:48:52.967 (1359397042)|METHOD_ENTRY|[566]|01pg80000019iSf|TriggerHandler.setTriggerContext(System.TriggerOperation, Boolean)
15:48:52.967 (1359403062)|VARIABLE_SCOPE_BEGIN|[582]|this|TriggerHandler|true|false
15:48:52.967 (1359417167)|VARIABLE_ASSIGNMENT|[582]|this|{"handlerName":"OrderHandler"}|0x7ceec495
15:48:52.967 (1359422318)|VARIABLE_SCOPE_BEGIN|[582]|opType|System.TriggerOperation|true|false
15:48:52.967 (1359438602)|VARIABLE_ASSIGNMENT|[582]|opType|"AFTER_UPDATE"|0x3d052ac1
15:48:52.967 (1359447220)|VARIABLE_SCOPE_BEGIN|[582]|testMode|Boolean|false|false
15:48:52.967 (1359455143)|VARIABLE_ASSIGNMENT|[582]|testMode|false
15:48:52.967 (1359461678)|STATEMENT_EXECUTE|[582]
15:48:52.967 (1359470291)|STATEMENT_EXECUTE|[586]
15:48:52.967 (1359472081)|STATEMENT_EXECUTE|[587]
15:48:52.967 (1359475805)|HEAP_ALLOCATE|[587]|Bytes:5
15:48:52.967 (1359483996)|STATEMENT_EXECUTE|[590]
15:48:52.967 (1359485674)|STATEMENT_EXECUTE|[592]
15:48:52.967 (1359502485)|HEAP_ALLOCATE|[592]|Bytes:16
15:48:52.967 (1359510005)|STATEMENT_EXECUTE|[595]
15:48:52.967 (1359518330)|VARIABLE_SCOPE_BEGIN|[595]|context|String|false|false
15:48:52.967 (1359529054)|VARIABLE_ASSIGNMENT|[595]|context|"AFTER_UPDATE"
15:48:52.967 (1359533457)|STATEMENT_EXECUTE|[597]
15:48:52.967 (1359597232)|STATEMENT_EXECUTE|[610]
15:48:52.967 (1359598952)|STATEMENT_EXECUTE|[611]
15:48:52.967 (1359605035)|METHOD_EXIT|[566]|01pg80000019iSf|TriggerHandler.setTriggerContext(System.TriggerOperation, Boolean)
15:48:52.967 (1359610287)|METHOD_EXIT|[109]|01pg80000019iSf|TriggerHandler.setTriggerContext()
15:48:52.967 (1359617728)|CONSTRUCTOR_EXIT|[9]|01pg80000019iSf|<init>(String)|TriggerHandler
15:48:52.967 (1359623283)|STATEMENT_EXECUTE|[8]
15:48:52.967 (1359624904)|STATEMENT_EXECUTE|[10]
15:48:52.967 (1360729366)|VARIABLE_ASSIGNMENT|[10]|this.newRecords|[{"Status":"Draft","LastModifiedDate":"2026-04-10T18:48:53.000Z","Country__c":"a03g80000084tcUAAQ","IsDeleted":false,"AccountId":"001g8000009VivhAAC","OrderNumber":"00100116","TotalAmount":0.00,"StatusCode":"Draft","IsReductionOrder":false,"SystemModstamp":"2026-04-10T18:48:53.000Z","City__c":"a05g8000002BgdtAAC","OwnerId":"005g80000010N45AAE","CreatedById":"005g80000010N45AAE","DistributionCenter__c":"a06g8000001gZKDAA2","CreatedDate":"2026-04-10T18:48:52.000Z","Pricebook2Id":"01sg8000000h7xWAAQ","Id":"801g8000009VivjAAC","LastModifiedById":"005g80000010N45AAE","State__c":"a04g8000000b5VNAAY","EffectiveDate":"2026-04-10T00:00:00.000Z"}]|0x7ceec495
15:48:52.967 (1360751540)|STATEMENT_EXECUTE|[11]
15:48:52.967 (1361607475)|VARIABLE_ASSIGNMENT|[11]|this.oldRecords|[{"Status":"Draft","LastModifiedDate":"2026-04-10T18:48:53.000Z","Country__c":"a03g80000084tcUAAQ","IsDeleted":false,"AccountId":"001g8000009VivhAAC","OrderNumber":"00100116","TotalAmount":380385.50,"StatusCode":"Draft","IsReductionOrder":false,"SystemModstamp":"2026-04-10T18:48:53.000Z","City__c":"a05g8000002BgdtAAC","OwnerId":"005g80000010N45AAE","CreatedById":"005g80000010N45AAE","DistributionCenter__c":"a06g8000001gZKDAA2","CreatedDate":"2026-04-10T18:48:52.000Z","Pricebook2Id":"01sg8000000h7xWAAQ","Id":"801g8000009VivjAAC","LastModifiedById":"005g80000010N45AAE","State__c":"a04g8000000b5VNAAY","EffectiveDate":"2026-04-10T00:00:00.000Z"}]|0x7ceec495
15:48:52.967 (1361625227)|STATEMENT_EXECUTE|[12]
15:48:52.967 (1362309865)|VARIABLE_ASSIGNMENT|[12]|this.newRecordsMap|{"801g8000009VivjAAC":{"Status":"Draft","LastModifiedDate":"2026-04-10T18:48:53.000Z","Country__c":"a03g80000084tcUAAQ","IsDeleted":false,"AccountId":"001g8000009VivhAAC","OrderNumber":"00100116","TotalAmount":0.00,"StatusCode":"Draft","IsReductionOrder":false,"SystemModstamp":"2026-04-10T18:48:53.000Z","City__c":"a05g8000002BgdtAAC","OwnerId":"005g80000010N45AAE","CreatedById":"005g80000010N45AAE","DistributionCenter__c":"a06g8000001gZKDAA2","CreatedDate":"2026-04-10T18:48:52.000Z","Pricebook2Id":"01sg8000000h7xWAAQ","Id":"801g8000009VivjAAC","LastModifiedById":"005g80000010N45AAE","State__c":"a04g8000000b5VNAAY","EffectiveDate":"2026-04-10T00:00:00.000Z"}}|0x7ceec495
15:48:52.967 (1362324889)|STATEMENT_EXECUTE|[13]
15:48:52.967 (1363040810)|VARIABLE_ASSIGNMENT|[13]|this.oldRecordsMap|{"801g8000009VivjAAC":{"Status":"Draft","LastModifiedDate":"2026-04-10T18:48:53.000Z","Country__c":"a03g80000084tcUAAQ","IsDeleted":false,"AccountId":"001g8000009VivhAAC","OrderNumber":"00100116","TotalAmount":380385.50,"StatusCode":"Draft","IsReductionOrder":false,"SystemModstamp":"2026-04-10T18:48:53.000Z","City__c":"a05g8000002BgdtAAC","OwnerId":"005g80000010N45AAE","CreatedById":"005g80000010N45AAE","DistributionCenter__c":"a06g8000001gZKDAA2","CreatedDate":"2026-04-10T18:48:52.000Z","Pricebook2Id":"01sg8000000h7xWAAQ","Id":"801g8000009VivjAAC","LastModifiedById":"005g80000010N45AAE","State__c":"a04g8000000b5VNAAY","EffectiveDate":"2026-04-10T00:00:00.000Z"}}|0x7ceec495
15:48:52.967 (1363064080)|CONSTRUCTOR_EXIT|[2]|01pg8000001LXzh|<init>()|OrderHandler
15:48:52.967 (1363077781)|METHOD_ENTRY|[2]|01pg80000019iSf|TriggerHandler.run()
15:48:52.967 (1363085381)|VARIABLE_SCOPE_BEGIN|[120]|this|TriggerHandler|true|false
15:48:52.967 (1363133389)|VARIABLE_ASSIGNMENT|[120]|this|{"newRecords":"0x647a12d0","newRecordsMap":"0x1c7f59d0","oldRecords":"0x43eeff76","oldRecordsMap":"0x492e41f2","handlerName":"OrderHandler","isTriggerExecuting":true,"triggerEvent":"0x3d052ac1"}|0x7ceec495
15:48:52.967 (1363148036)|STATEMENT_EXECUTE|[120]
15:48:52.967 (1363154065)|METHOD_ENTRY|[121]|01pg80000019iSf|TriggerHandler.validateRun()
15:48:52.967 (1363159995)|VARIABLE_SCOPE_BEGIN|[661]|this|TriggerHandler|true|false
15:48:52.967 (1363186450)|VARIABLE_ASSIGNMENT|[661]|this|{"newRecords":"0x647a12d0","newRecordsMap":"0x1c7f59d0","oldRecords":"0x43eeff76","oldRecordsMap":"0x492e41f2","handlerName":"OrderHandler","isTriggerExecuting":true,"triggerEvent":"0x3d052ac1"}|0x7ceec495
15:48:52.967 (1363195215)|STATEMENT_EXECUTE|[661]
15:48:52.967 (1363203370)|STATEMENT_EXECUTE|[662]
15:48:52.967 (1363205029)|STATEMENT_EXECUTE|[665]
15:48:52.967 (1363212725)|METHOD_ENTRY|[665]|01pg80000019iSf|TriggerHandler.getHandlerName()
15:48:52.967 (1363218084)|VARIABLE_SCOPE_BEGIN|[680]|this|TriggerHandler|true|false
15:48:52.967 (1363236731)|VARIABLE_ASSIGNMENT|[680]|this|{"newRecords":"0x647a12d0","newRecordsMap":"0x1c7f59d0","oldRecords":"0x43eeff76","oldRecordsMap":"0x492e41f2","handlerName":"OrderHandler","isTriggerExecuting":true,"triggerEvent":"0x3d052ac1"}|0x7ceec495
15:48:52.967 (1363245187)|STATEMENT_EXECUTE|[680]
15:48:52.967 (1363272381)|STATEMENT_EXECUTE|[681]
15:48:52.967 (1363274015)|STATEMENT_EXECUTE|[684]
15:48:52.967 (1363278120)|METHOD_EXIT|[665]|01pg80000019iSf|TriggerHandler.getHandlerName()
15:48:52.967 (1363300966)|METHOD_EXIT|[121]|01pg80000019iSf|TriggerHandler.validateRun()
15:48:52.967 (1363306276)|STATEMENT_EXECUTE|[121]
15:48:52.967 (1363310200)|METHOD_ENTRY|[126]|01pg80000019iSf|TriggerHandler.incrementCheckLoopCount()
15:48:52.967 (1363315466)|VARIABLE_SCOPE_BEGIN|[634]|this|TriggerHandler|true|false
15:48:52.967 (1363334171)|VARIABLE_ASSIGNMENT|[634]|this|{"newRecords":"0x647a12d0","newRecordsMap":"0x1c7f59d0","oldRecords":"0x43eeff76","oldRecordsMap":"0x492e41f2","handlerName":"OrderHandler","isTriggerExecuting":true,"triggerEvent":"0x3d052ac1"}|0x7ceec495
15:48:52.967 (1363343667)|STATEMENT_EXECUTE|[634]
15:48:52.967 (1363345566)|STATEMENT_EXECUTE|[635]
15:48:52.967 (1363349353)|METHOD_ENTRY|[635]|01pg80000019iSf|TriggerHandler.getHandlerName()
15:48:52.967 (1363353546)|VARIABLE_SCOPE_BEGIN|[680]|this|TriggerHandler|true|false
15:48:52.967 (1363370691)|VARIABLE_ASSIGNMENT|[680]|this|{"newRecords":"0x647a12d0","newRecordsMap":"0x1c7f59d0","oldRecords":"0x43eeff76","oldRecordsMap":"0x492e41f2","handlerName":"OrderHandler","isTriggerExecuting":true,"triggerEvent":"0x3d052ac1"}|0x7ceec495
15:48:52.967 (1363377784)|STATEMENT_EXECUTE|[680]
15:48:52.967 (1363389360)|STATEMENT_EXECUTE|[681]
15:48:52.967 (1363390892)|STATEMENT_EXECUTE|[684]
15:48:52.967 (1363393782)|METHOD_EXIT|[635]|01pg80000019iSf|TriggerHandler.getHandlerName()
15:48:52.967 (1363399257)|VARIABLE_SCOPE_BEGIN|[635]|handlerName|String|false|false
15:48:52.967 (1363408150)|VARIABLE_ASSIGNMENT|[635]|handlerName|"OrderHandler"
15:48:52.967 (1363423389)|STATEMENT_EXECUTE|[636]
15:48:52.967 (1363425160)|STATEMENT_EXECUTE|[649]
15:48:52.967 (1363428448)|METHOD_EXIT|[126]|01pg80000019iSf|TriggerHandler.incrementCheckLoopCount()
15:48:52.967 (1363433162)|STATEMENT_EXECUTE|[126]
15:48:52.967 (1363436389)|STATEMENT_EXECUTE|[130]
15:48:52.967 (1363437822)|STATEMENT_EXECUTE|[135]
15:48:52.967 (1363528494)|STATEMENT_EXECUTE|[148]
15:48:52.967 (1363530240)|STATEMENT_EXECUTE|[149]
15:48:52.967 (1363533946)|METHOD_ENTRY|[149]|01pg8000001LXzh|OrderHandler.afterUpdate()
15:48:52.967 (1363538844)|VARIABLE_SCOPE_BEGIN|[20]|this|OrderHandler|true|false
15:48:52.967 (1363558275)|VARIABLE_ASSIGNMENT|[20]|this|{"newRecords":"0x647a12d0","newRecordsMap":"0x1c7f59d0","oldRecords":"0x43eeff76","oldRecordsMap":"0x492e41f2","handlerName":"OrderHandler","isTriggerExecuting":true,"triggerEvent":"0x3d052ac1"}|0x7ceec495
15:48:52.967 (1363567830)|STATEMENT_EXECUTE|[20]
15:48:52.967 (1363569777)|STATEMENT_EXECUTE|[21]
15:48:52.967 (1363574196)|METHOD_ENTRY|[21]|01pg8000001LXzh|OrderHandler.checkActiveOrder()
15:48:52.967 (1363579090)|VARIABLE_SCOPE_BEGIN|[30]|this|OrderHandler|true|false
15:48:52.967 (1363596091)|VARIABLE_ASSIGNMENT|[30]|this|{"newRecords":"0x647a12d0","newRecordsMap":"0x1c7f59d0","oldRecords":"0x43eeff76","oldRecordsMap":"0x492e41f2","handlerName":"OrderHandler","isTriggerExecuting":true,"triggerEvent":"0x3d052ac1"}|0x7ceec495
15:48:52.967 (1363604651)|STATEMENT_EXECUTE|[30]
15:48:52.967 (1363606496)|STATEMENT_EXECUTE|[31]
15:48:52.967 (1363610458)|VARIABLE_SCOPE_BEGIN|[31]|listaParaValidar|List<Order>|true|false
15:48:52.967 (1363618443)|VARIABLE_ASSIGNMENT|[31]|listaParaValidar|null|
15:48:52.967 (1363628189)|STATEMENT_EXECUTE|[35]
15:48:52.967 (1363630040)|STATEMENT_EXECUTE|[36]
15:48:52.967 (1364359790)|VARIABLE_ASSIGNMENT|[36]|listaParaValidar|[{"Status":"Draft","LastModifiedDate":"2026-04-10T18:48:53.000Z","Country__c":"a03g80000084tcUAAQ","IsDeleted":false,"AccountId":"001g8000009VivhAAC","OrderNumber":"00100116","TotalAmount":0.00,"StatusCode":"Draft","IsReductionOrder":false,"SystemModstamp":"2026-04-10T18:48:53.000Z","City__c":"a05g8000002BgdtAAC","OwnerId":"005g80000010N45AAE","CreatedById":"005g80000010N45AAE","DistributionCenter__c":"a06g8000001gZKDAA2","CreatedDate":"2026-04-10T18:48:52.000Z","Pricebook2Id":"01sg8000000h7xWAAQ","Id":"801g8000009VivjAAC","LastModifiedById":"005g80000010N45AAE","State__c":"a04g8000000b5VNAAY","EffectiveDate":"2026-04-10T00:00:00.000Z"}]|0x647a12d0
15:48:52.967 (1364407585)|HEAP_ALLOCATE|[40]|Bytes:5
15:48:52.967 (1364435780)|VARIABLE_SCOPE_BEGIN|[40]|pedido|Order|true|false
15:48:52.967 (1365138763)|VARIABLE_ASSIGNMENT|[40]|pedido|{"Status":"Draft","LastModifiedDate":"2026-04-10T18:48:53.000Z","Country__c":"a03g80000084tcUAAQ","IsDeleted":false,"AccountId":"001g8000009VivhAAC","OrderNumber":"00100116","TotalAmount":0.00,"StatusCode":"Draft","IsReductionOrder":false,"SystemModstamp":"2026-04-10T18:48:53.000Z","City__c":"a05g8000002BgdtAAC","OwnerId":"005g80000010N45AAE","CreatedById":"005g80000010N45AAE","DistributionCenter__c":"a06g8000001gZKDAA2","CreatedDate":"2026-04-10T18:48:52.000Z","Pricebook2Id":"01sg8000000h7xWAAQ","Id":"801g8000009VivjAAC","LastModifiedById":"005g80000010N45AAE","State__c":"a04g8000000b5VNAAY","EffectiveDate":"2026-04-10T00:00:00.000Z"}|0x7d762695
15:48:52.967 (1365157350)|STATEMENT_EXECUTE|[40]
15:48:52.967 (1365159100)|STATEMENT_EXECUTE|[42]
15:48:52.967 (1365196734)|VARIABLE_SCOPE_BEGIN|[42]|pedidoAntigo|Order|true|false
15:48:52.967 (1365839648)|VARIABLE_ASSIGNMENT|[42]|pedidoAntigo|{"Status":"Draft","LastModifiedDate":"2026-04-10T18:48:53.000Z","Country__c":"a03g80000084tcUAAQ","IsDeleted":false,"AccountId":"001g8000009VivhAAC","OrderNumber":"00100116","TotalAmount":380385.50,"StatusCode":"Draft","IsReductionOrder":false,"SystemModstamp":"2026-04-10T18:48:53.000Z","City__c":"a05g8000002BgdtAAC","OwnerId":"005g80000010N45AAE","CreatedById":"005g80000010N45AAE","DistributionCenter__c":"a06g8000001gZKDAA2","CreatedDate":"2026-04-10T18:48:52.000Z","Pricebook2Id":"01sg8000000h7xWAAQ","Id":"801g8000009VivjAAC","LastModifiedById":"005g80000010N45AAE","State__c":"a04g8000000b5VNAAY","EffectiveDate":"2026-04-10T00:00:00.000Z"}|0x1ba14132
15:48:52.967 (1365853442)|STATEMENT_EXECUTE|[45]
15:48:52.967 (1365863452)|VARIABLE_SCOPE_BEGIN|[45]|validacaoStatus|String|false|false
15:48:52.967 (1365871584)|VARIABLE_ASSIGNMENT|[45]|validacaoStatus|"Draft"
15:48:52.967 (1365890867)|STATEMENT_EXECUTE|[47]
15:48:52.967 (1365907788)|HEAP_ALLOCATE|[40]|Bytes:5
15:48:52.967 (1365919853)|VARIABLE_ASSIGNMENT|[40]|pedido|null|
15:48:52.967 (1365929651)|METHOD_EXIT|[21]|01pg8000001LXzh|OrderHandler.checkActiveOrder()
15:48:52.967 (1365934265)|STATEMENT_EXECUTE|[22]
15:48:52.967 (1365938826)|METHOD_ENTRY|[22]|01pg8000001LXzh|OrderHandler.itemsRecalculation()
15:48:52.967 (1365944260)|VARIABLE_SCOPE_BEGIN|[54]|this|OrderHandler|true|false
15:48:52.967 (1365975751)|VARIABLE_ASSIGNMENT|[54]|this|{"newRecords":"0x647a12d0","newRecordsMap":"0x1c7f59d0","oldRecords":"0x43eeff76","oldRecordsMap":"0x492e41f2","handlerName":"OrderHandler","isTriggerExecuting":true,"triggerEvent":"0x3d052ac1"}|0x7ceec495
15:48:52.967 (1365985230)|STATEMENT_EXECUTE|[54]
15:48:52.967 (1365986200)|STATEMENT_EXECUTE|[55]
15:48:52.967 (1366000566)|HEAP_ALLOCATE|[55]|Bytes:4
15:48:52.967 (1366013801)|VARIABLE_SCOPE_BEGIN|[55]|ordersToRecalculate|Set<Id>|true|false
15:48:52.967 (1366042760)|VARIABLE_ASSIGNMENT|[55]|ordersToRecalculate|[]|0x2f00187f
15:48:52.967 (1366060526)|HEAP_ALLOCATE|[57]|Bytes:5
15:48:52.967 (1366074472)|VARIABLE_SCOPE_BEGIN|[57]|pedido|Order|true|false
15:48:52.967 (1366780993)|VARIABLE_ASSIGNMENT|[57]|pedido|{"Status":"Draft","LastModifiedDate":"2026-04-10T18:48:53.000Z","Country__c":"a03g80000084tcUAAQ","IsDeleted":false,"AccountId":"001g8000009VivhAAC","OrderNumber":"00100116","TotalAmount":0.00,"StatusCode":"Draft","IsReductionOrder":false,"SystemModstamp":"2026-04-10T18:48:53.000Z","City__c":"a05g8000002BgdtAAC","OwnerId":"005g80000010N45AAE","CreatedById":"005g80000010N45AAE","DistributionCenter__c":"a06g8000001gZKDAA2","CreatedDate":"2026-04-10T18:48:52.000Z","Pricebook2Id":"01sg8000000h7xWAAQ","Id":"801g8000009VivjAAC","LastModifiedById":"005g80000010N45AAE","State__c":"a04g8000000b5VNAAY","EffectiveDate":"2026-04-10T00:00:00.000Z"}|0x7d762695
15:48:52.967 (1366796694)|STATEMENT_EXECUTE|[57]
15:48:52.967 (1366798634)|STATEMENT_EXECUTE|[58]
15:48:52.967 (1366823075)|VARIABLE_SCOPE_BEGIN|[58]|pedidoAntigo|Order|true|false
15:48:52.967 (1367463172)|VARIABLE_ASSIGNMENT|[58]|pedidoAntigo|{"Status":"Draft","LastModifiedDate":"2026-04-10T18:48:53.000Z","Country__c":"a03g80000084tcUAAQ","IsDeleted":false,"AccountId":"001g8000009VivhAAC","OrderNumber":"00100116","TotalAmount":380385.50,"StatusCode":"Draft","IsReductionOrder":false,"SystemModstamp":"2026-04-10T18:48:53.000Z","City__c":"a05g8000002BgdtAAC","OwnerId":"005g80000010N45AAE","CreatedById":"005g80000010N45AAE","DistributionCenter__c":"a06g8000001gZKDAA2","CreatedDate":"2026-04-10T18:48:52.000Z","Pricebook2Id":"01sg8000000h7xWAAQ","Id":"801g8000009VivjAAC","LastModifiedById":"005g80000010N45AAE","State__c":"a04g8000000b5VNAAY","EffectiveDate":"2026-04-10T00:00:00.000Z"}|0x1ba14132
15:48:52.967 (1367541851)|STATEMENT_EXECUTE|[60]
15:48:52.967 (1367555187)|HEAP_ALLOCATE|[57]|Bytes:5
15:48:52.967 (1367567367)|VARIABLE_ASSIGNMENT|[57]|pedido|null|
15:48:52.967 (1367582171)|STATEMENT_EXECUTE|[67]
15:48:52.967 (1367586833)|METHOD_EXIT|[22]|01pg8000001LXzh|OrderHandler.itemsRecalculation()
15:48:52.967 (1367593763)|METHOD_EXIT|[149]|01pg8000001LXzh|OrderHandler.afterUpdate()
15:48:52.967 (1367599126)|STATEMENT_EXECUTE|[158]
15:48:52.967 (1367605821)|METHOD_ENTRY|[158]|01pg80000019iSf|TriggerHandler.andFinally()
15:48:52.967 (1367611486)|VARIABLE_SCOPE_BEGIN|[746]|this|TriggerHandler|true|false
15:48:52.967 (1367648664)|VARIABLE_ASSIGNMENT|[746]|this|{"newRecords":"0x647a12d0","newRecordsMap":"0x1c7f59d0","oldRecords":"0x43eeff76","oldRecordsMap":"0x492e41f2","handlerName":"OrderHandler","isTriggerExecuting":true,"triggerEvent":"0x3d052ac1"}|0x7ceec495
15:48:52.967 (1367660396)|STATEMENT_EXECUTE|[746]
15:48:52.967 (1367663482)|METHOD_EXIT|[158]|01pg80000019iSf|TriggerHandler.andFinally()
15:48:52.967 (1367670545)|STATEMENT_EXECUTE|[160]
15:48:52.967 (1367673821)|STATEMENT_EXECUTE|[176]
15:48:52.967 (1367676998)|METHOD_EXIT|[2]|01pg80000019iSf|TriggerHandler.run()
15:48:53.367 (1367685977)|CUMULATIVE_LIMIT_USAGE
15:48:53.367 (1367685977)|LIMIT_USAGE_FOR_NS|(default)|
  Number of SOQL queries: 11 out of 100
  Number of query rows: 10 out of 50000
  Number of SOSL queries: 0 out of 20
  Number of DML statements: 14 out of 150
  Number of Publish Immediate DML: 0 out of 150
  Number of DML rows: 14 out of 10000
  Maximum CPU time: 91 out of 10000
  Maximum heap size: 0 out of 6000000
  Number of callouts: 0 out of 100
  Number of Email Invocations: 0 out of 10
  Number of future calls: 0 out of 50
  Number of queueable jobs added to the queue: 0 out of 50
  Number of Mobile Apex push calls: 0 out of 10

15:48:53.367 (1367685977)|TESTING_LIMITS
15:48:53.367 (1367685977)|LIMIT_USAGE_FOR_NS|(default)|
  Number of SOQL queries: 1 out of 100
  Number of query rows: 1 out of 50000
  Number of SOSL queries: 0 out of 20
  Number of DML statements: 1 out of 150
  Number of Publish Immediate DML: 0 out of 150
  Number of DML rows: 1 out of 10000
  Maximum CPU time: 0 out of 10000
  Maximum heap size: 0 out of 6000000
  Number of callouts: 0 out of 100
  Number of Email Invocations: 0 out of 10
  Number of future calls: 0 out of 50
  Number of queueable jobs added to the queue: 0 out of 50
  Number of Mobile Apex push calls: 0 out of 10

15:48:53.367 (1367685977)|CUMULATIVE_LIMIT_USAGE_END

15:48:52.967 (1367901396)|CODE_UNIT_FINISHED|OrderTrigger on Order trigger event AfterUpdate|__sfdc_trigger/OrderTrigger
15:48:52.967 (1372109229)|DML_END|[233]
15:48:52.967 (1372467848)|STATEMENT_EXECUTE|[234]
15:48:52.967 (1372491646)|METHOD_ENTRY|[234]||System.Test.stopTest()
15:48:52.967 (1372746891)|METHOD_EXIT|[234]||System.Test.stopTest()
15:48:52.967 (1372755222)|STATEMENT_EXECUTE|[236]
15:48:52.967 (1372761977)|HEAP_ALLOCATE|[236]|Bytes:49
15:48:52.967 (1372786050)|HEAP_ALLOCATE|[236]|Bytes:4
15:48:52.967 (1373180023)|SOQL_EXECUTE_BEGIN|[236]|Aggregations:0|SELECT COUNT() FROM OrderItem WHERE Id = :tmpVar1
15:48:52.967 (1378138411)|SOQL_EXECUTE_END|[236]|Rows:0
15:48:52.967 (1378234053)|HEAP_ALLOCATE|[236]|Bytes:4
15:48:52.967 (1378256723)|VARIABLE_SCOPE_BEGIN|[236]|countItem|Integer|false|false
15:48:52.967 (1378266060)|HEAP_ALLOCATE|[236]|Bytes:4
15:48:52.967 (1378283117)|VARIABLE_ASSIGNMENT|[236]|countItem|0
15:48:52.967 (1378290996)|STATEMENT_EXECUTE|[237]
15:48:52.967 (1378300079)|HEAP_ALLOCATE|[237]|Bytes:45
15:48:53.378 (1378384424)|CUMULATIVE_LIMIT_USAGE
15:48:53.378 (1378384424)|LIMIT_USAGE_FOR_NS|(default)|
  Number of SOQL queries: 12 out of 100
  Number of query rows: 11 out of 50000
  Number of SOSL queries: 0 out of 20
  Number of DML statements: 14 out of 150
  Number of Publish Immediate DML: 0 out of 150
  Number of DML rows: 14 out of 10000
  Maximum CPU time: 91 out of 10000
  Maximum heap size: 0 out of 6000000
  Number of callouts: 0 out of 100
  Number of Email Invocations: 0 out of 10
  Number of future calls: 0 out of 50
  Number of queueable jobs added to the queue: 0 out of 50
  Number of Mobile Apex push calls: 0 out of 10

15:48:53.378 (1378384424)|TESTING_LIMITS
15:48:53.378 (1378384424)|LIMIT_USAGE_FOR_NS|(default)|
  Number of SOQL queries: 1 out of 100
  Number of query rows: 1 out of 50000
  Number of SOSL queries: 0 out of 20
  Number of DML statements: 1 out of 150
  Number of Publish Immediate DML: 0 out of 150
  Number of DML rows: 1 out of 10000
  Maximum CPU time: 0 out of 10000
  Maximum heap size: 0 out of 6000000
  Number of callouts: 0 out of 100
  Number of Email Invocations: 0 out of 10
  Number of future calls: 0 out of 50
  Number of queueable jobs added to the queue: 0 out of 50
  Number of Mobile Apex push calls: 0 out of 10

15:48:53.378 (1378384424)|CUMULATIVE_LIMIT_USAGE_END

15:48:52.967 (1378441573)|CODE_UNIT_FINISHED|OrderItemHandlerTest.deleteOrderItemDraft()
15:48:52.967 (1378452737)|EXECUTION_FINISHED
15:48:53.398 (1398308754)|USER_INFO|[EXTERNAL]|005g80000010N45|sabrina.jesus@resourceful-moose-fmmd11.com|(GMT-03:00) Brasilia Standard Time (America/Sao_Paulo)|GMT-03:00
15:48:53.398 (1398336705)|EXECUTION_STARTED
15:48:53.398 (1398352406)|CODE_UNIT_STARTED|[EXTERNAL]|01pg8000001w1Mb|OrderItemHandlerTest.pricingOrderItemTest()
15:48:53.398 (1398546124)|HEAP_ALLOCATE|[95]|Bytes:3
15:48:53.398 (1398600425)|HEAP_ALLOCATE|[100]|Bytes:152
15:48:53.398 (1398620410)|HEAP_ALLOCATE|[417]|Bytes:408
15:48:53.398 (1398648015)|HEAP_ALLOCATE|[430]|Bytes:408
15:48:53.398 (1398689690)|HEAP_ALLOCATE|[317]|Bytes:6
15:48:53.398 (1398706982)|HEAP_ALLOCATE|[EXTERNAL]|Bytes:413
15:48:53.398 (1398720494)|METHOD_ENTRY|[2]|01pg8000001w1Mb|OrderItemHandlerTest.OrderItemHandlerTest()
15:48:53.398 (1398729892)|STATEMENT_EXECUTE|[2]
15:48:53.398 (1398739208)|STATEMENT_EXECUTE|[2]
15:48:53.398 (1398743856)|METHOD_EXIT|[2]|OrderItemHandlerTest
15:48:53.398 (1398793773)|HEAP_ALLOCATE|[68]|Bytes:5
15:48:53.398 (1398825388)|HEAP_ALLOCATE|[74]|Bytes:5
15:48:53.398 (1398833668)|HEAP_ALLOCATE|[82]|Bytes:7
15:48:53.398 (1398872632)|STATEMENT_EXECUTE|[87]
15:48:53.398 (1398874288)|STATEMENT_EXECUTE|[88]
15:48:53.398 (1398877525)|HEAP_ALLOCATE|[88]|Bytes:30
15:48:53.398 (1398901039)|HEAP_ALLOCATE|[88]|Bytes:4
15:48:53.398 (1399260684)|SOQL_EXECUTE_BEGIN|[88]|Aggregations:0|SELECT Id FROM Account LIMIT 1
15:48:53.398 (1404271063)|SOQL_EXECUTE_END|[88]|Rows:1
15:48:53.398 (1404312396)|HEAP_ALLOCATE|[88]|Bytes:8
15:48:53.398 (1404340107)|HEAP_ALLOCATE|[88]|Bytes:29
15:48:53.398 (1404425591)|HEAP_ALLOCATE|[88]|Bytes:8
15:48:53.398 (1404451114)|HEAP_ALLOCATE|[88]|Bytes:33
15:48:53.398 (1404579933)|HEAP_ALLOCATE|[88]|Bytes:8
15:48:53.398 (1404594570)|VARIABLE_SCOPE_BEGIN|[88]|acc|Account|true|false
15:48:53.398 (1404693688)|VARIABLE_ASSIGNMENT|[88]|acc|{"Id":"001g8000009VivhAAC"}|0x6cc6e330
15:48:53.398 (1404706822)|STATEMENT_EXECUTE|[89]
15:48:53.398 (1404710428)|HEAP_ALLOCATE|[89]|Bytes:31
15:48:53.398 (1404727422)|HEAP_ALLOCATE|[89]|Bytes:4
15:48:53.398 (1405041644)|SOQL_EXECUTE_BEGIN|[89]|Aggregations:0|SELECT Id FROM Product2 LIMIT 1
15:48:53.398 (1452944169)|SOQL_EXECUTE_END|[89]|Rows:1
15:48:53.398 (1452993665)|HEAP_ALLOCATE|[89]|Bytes:8
15:48:53.398 (1453025861)|HEAP_ALLOCATE|[89]|Bytes:29
15:48:53.398 (1453115339)|HEAP_ALLOCATE|[89]|Bytes:8
15:48:53.398 (1453146160)|HEAP_ALLOCATE|[89]|Bytes:34
15:48:53.398 (1453198321)|HEAP_ALLOCATE|[89]|Bytes:8
15:48:53.398 (1453212883)|VARIABLE_SCOPE_BEGIN|[89]|produto|Product2|true|false
15:48:53.398 (1453297419)|VARIABLE_ASSIGNMENT|[89]|produto|{"Id":"01tg8000001RQyjAAG"}|0x5b6eecdc
15:48:53.398 (1453313567)|STATEMENT_EXECUTE|[90]
15:48:53.398 (1453317420)|HEAP_ALLOCATE|[90]|Bytes:75
15:48:53.398 (1453337186)|HEAP_ALLOCATE|[90]|Bytes:4
15:48:53.398 (1453842336)|SOQL_EXECUTE_BEGIN|[90]|Aggregations:0|SELECT Id, State__c, City__c, Country__c FROM DistributionCenter__c LIMIT 1
15:48:53.398 (1464136283)|SOQL_EXECUTE_END|[90]|Rows:1
15:48:53.398 (1464179023)|HEAP_ALLOCATE|[90]|Bytes:8
15:48:53.398 (1464214898)|HEAP_ALLOCATE|[90]|Bytes:120
15:48:53.398 (1464330541)|HEAP_ALLOCATE|[90]|Bytes:8
15:48:53.398 (1464360410)|HEAP_ALLOCATE|[90]|Bytes:47
15:48:53.398 (1464445925)|HEAP_ALLOCATE|[90]|Bytes:20
15:48:53.398 (1464458191)|VARIABLE_SCOPE_BEGIN|[90]|dc|DistributionCenter__c|true|false
15:48:53.398 (1464628706)|VARIABLE_ASSIGNMENT|[90]|dc|{"City__c":"a05g8000002BgdtAAC","Country__c":"a03g80000084tcUAAQ","Id":"a06g8000001gZKDAA2","State__c":"a04g8000000b5VNAAY"}|0x1d774219
15:48:53.398 (1464644961)|STATEMENT_EXECUTE|[91]
15:48:53.398 (1464649446)|HEAP_ALLOCATE|[91]|Bytes:37
15:48:53.398 (1464670406)|HEAP_ALLOCATE|[91]|Bytes:4
15:48:53.398 (1465061330)|SOQL_EXECUTE_BEGIN|[91]|Aggregations:0|SELECT Id FROM PricebookEntry LIMIT 1
15:48:53.398 (1469841009)|SOQL_EXECUTE_END|[91]|Rows:1
15:48:53.398 (1469877626)|HEAP_ALLOCATE|[91]|Bytes:8
15:48:53.398 (1469904095)|HEAP_ALLOCATE|[91]|Bytes:29
15:48:53.398 (1469980234)|HEAP_ALLOCATE|[91]|Bytes:8
15:48:53.398 (1470010552)|HEAP_ALLOCATE|[91]|Bytes:40
15:48:53.398 (1470057132)|HEAP_ALLOCATE|[91]|Bytes:8
15:48:53.398 (1470069132)|VARIABLE_SCOPE_BEGIN|[91]|pbe|PricebookEntry|true|false
15:48:53.398 (1470144140)|VARIABLE_ASSIGNMENT|[91]|pbe|{"Id":"01ug8000000gTiLAAU"}|0x59a4fd34
15:48:53.398 (1470156928)|STATEMENT_EXECUTE|[93]
15:48:53.398 (1470185387)|HEAP_ALLOCATE|[93]|Bytes:118
15:48:53.398 (1470207075)|SYSTEM_METHOD_ENTRY|[1]|Test.Test()
15:48:53.398 (1470212781)|STATEMENT_EXECUTE|[1]
15:48:53.398 (1470228021)|SYSTEM_METHOD_EXIT|[1]|Test
15:48:53.398 (1470242997)|METHOD_ENTRY|[93]||System.Test.getStandardPricebookId()
15:48:53.398 (1470907428)|METHOD_EXIT|[93]||System.Test.getStandardPricebookId()
15:48:53.398 (1470918941)|VARIABLE_SCOPE_BEGIN|[93]|stdPricebookId|Id|false|false
15:48:53.398 (1471105636)|VARIABLE_ASSIGNMENT|[93]|stdPricebookId|"01sg8000000h7xWAAQ"
15:48:53.398 (1471114535)|STATEMENT_EXECUTE|[95]
15:48:53.398 (1471148451)|HEAP_ALLOCATE|[95]|Bytes:4
15:48:53.398 (1471262339)|VARIABLE_ASSIGNMENT|[95]|this.AccountId|"001g8000009VivhAAC"|0x4dd09493
15:48:53.398 (1471268198)|HEAP_ALLOCATE|[97]|Bytes:5
15:48:53.398 (1471283974)|VARIABLE_ASSIGNMENT|[95]|this.Status|"Draft"|0x4dd09493
15:48:53.398 (1471376706)|HEAP_ALLOCATE|[98]|Bytes:4
15:48:53.398 (1471432054)|VARIABLE_ASSIGNMENT|[95]|this.EffectiveDate|"2026-04-10T00:00:00.000Z"|0x4dd09493
15:48:53.398 (1471464658)|VARIABLE_ASSIGNMENT|[95]|this.Pricebook2Id|"01sg8000000h7xWAAQ"|0x4dd09493
15:48:53.398 (1471512833)|VARIABLE_ASSIGNMENT|[95]|this.DistributionCenter__c|"a06g8000001gZKDAA2"|0x4dd09493
15:48:53.398 (1471553240)|VARIABLE_ASSIGNMENT|[95]|this.State__c|"a04g8000000b5VNAAY"|0x4dd09493
15:48:53.398 (1471583180)|VARIABLE_ASSIGNMENT|[95]|this.City__c|"a05g8000002BgdtAAC"|0x4dd09493
15:48:53.398 (1471613084)|VARIABLE_ASSIGNMENT|[95]|this.Country__c|"a03g80000084tcUAAQ"|0x4dd09493
15:48:53.398 (1471648533)|VARIABLE_SCOPE_BEGIN|[95]|pedido|Order|true|false
15:48:53.398 (1471680361)|VARIABLE_ASSIGNMENT|[95]|pedido|{"AccountId":"001g8000009VivhAAC","Status":"Draft","EffectiveDate":"2026-04-10T00:00:00.000Z","Pricebook2Id":"01sg8000000h7xWAAQ","DistributionCenter__c":"a06g8000001gZKDAA2","State__c":"a04g8000000b5VNAAY","City__c":"a05g8000002BgdtAAC","Country__c":"a03g80000084tcUAAQ"}|0x4dd09493
15:48:53.398 (1471690556)|STATEMENT_EXECUTE|[105]
15:48:53.398 (1471722334)|HEAP_ALLOCATE|[105]|Bytes:8
15:48:53.398 (1471734101)|DML_BEGIN|[105]|Op:Insert|Type:Order|Rows:1
15:48:53.398 (1471769556)|HEAP_ALLOCATE|[EXTERNAL]|Bytes:8
15:48:53.398 (1480466703)|CODE_UNIT_STARTED|[EXTERNAL]|Validation:Order:new
15:48:53.398 (1480494041)|VALIDATION_RULE|03dg8000000aS4D|Bloquear_Alteracao_Conta_Pedido
15:48:53.398 (1480729418)|VALIDATION_FORMULA|ISCHANGED(AccountId) && NOT(ISNEW())|AccountId=001g8000009Vivh
15:48:53.398 (1480735861)|VALIDATION_PASS
15:48:53.398 (1480743540)|CODE_UNIT_FINISHED|Validation:Order:new
15:48:53.398 (1494973111)|DML_END|[105]
15:48:53.398 (1495341775)|STATEMENT_EXECUTE|[107]
15:48:53.398 (1495404068)|HEAP_ALLOCATE|[107]|Bytes:4
15:48:53.398 (1495584935)|VARIABLE_ASSIGNMENT|[107]|this.OrderId|"801g8000009VivkAAC"|0x5c5861b3
15:48:53.398 (1495618073)|VARIABLE_ASSIGNMENT|[107]|this.Product2Id|"01tg8000001RQyjAAG"|0x5c5861b3
15:48:53.398 (1495635450)|VARIABLE_ASSIGNMENT|[107]|this.PricebookEntryId|"01ug8000000gTiLAAU"|0x5c5861b3
15:48:53.398 (1495699428)|HEAP_ALLOCATE|[107]|Bytes:28
15:48:53.398 (1495702658)|HEAP_ALLOCATE|[107]|Bytes:28
15:48:53.398 (1495723897)|VARIABLE_ASSIGNMENT|[107]|this.Quantity|1|0x5c5861b3
15:48:53.398 (1495731469)|HEAP_ALLOCATE|[107]|Bytes:28
15:48:53.398 (1495744614)|VARIABLE_ASSIGNMENT|[107]|this.UnitPrice|100|0x5c5861b3
15:48:53.398 (1495783439)|VARIABLE_SCOPE_BEGIN|[107]|item|OrderItem|true|false
15:48:53.398 (1495814620)|VARIABLE_ASSIGNMENT|[107]|item|{"OrderId":"801g8000009VivkAAC","Product2Id":"01tg8000001RQyjAAG","PricebookEntryId":"01ug8000000gTiLAAU","Quantity":1,"UnitPrice":100}|0x5c5861b3
15:48:53.398 (1495821007)|STATEMENT_EXECUTE|[115]
15:48:53.398 (1495839815)|METHOD_ENTRY|[115]||System.Test.startTest()
15:48:53.398 (1496883489)|METHOD_EXIT|[115]||System.Test.startTest()
15:48:53.398 (1496902766)|STATEMENT_EXECUTE|[116]
15:48:53.398 (1496955173)|HEAP_ALLOCATE|[116]|Bytes:8
15:48:53.398 (1496967049)|DML_BEGIN|[116]|Op:Insert|Type:OrderItem|Rows:1
15:48:53.398 (1497005043)|HEAP_ALLOCATE|[EXTERNAL]|Bytes:8
15:48:53.398 (1509298026)|CODE_UNIT_STARTED|[EXTERNAL]|01qg8000000Fou9|OrdemItemTrigger on OrderItem trigger event BeforeInsert|__sfdc_trigger/OrdemItemTrigger
15:48:53.398 (1509396282)|HEAP_ALLOCATE|[EXTERNAL]|Bytes:8
15:48:53.398 (1509506573)|HEAP_ALLOCATE|[EXTERNAL]|Bytes:4
15:48:53.398 (1509521722)|VARIABLE_SCOPE_BEGIN|[1]|this|OrdemItemTrigger|true|false
15:48:53.398 (1509567871)|VARIABLE_ASSIGNMENT|[1]|this|{}|0x6e02837f
15:48:53.398 (1509613231)|HEAP_ALLOCATE|[EXTERNAL]|Bytes:4
15:48:53.398 (1509620895)|VARIABLE_SCOPE_BEGIN|[1]|this|OrdemItemTrigger|true|false
15:48:53.398 (1509631006)|VARIABLE_ASSIGNMENT|[1]|this|{}|0x6e02837f
15:48:53.398 (1509644617)|STATEMENT_EXECUTE|[1]
15:48:53.398 (1509646916)|STATEMENT_EXECUTE|[2]
15:48:53.398 (1509673655)|VARIABLE_SCOPE_BEGIN|[63]|TriggerHandler.BYPASS_ALL_ALIAS|String|false|true
15:48:53.398 (1509680288)|VARIABLE_SCOPE_BEGIN|[839]|TriggerHandler.ERROR_TRIGGERCONTEXT|String|false|true
15:48:53.398 (1509687078)|VARIABLE_SCOPE_BEGIN|[26]|TriggerHandler.bypassedHandlers|Set<String>|true|true
15:48:53.398 (1509693118)|VARIABLE_SCOPE_BEGIN|[32]|TriggerHandler.globalBypass|Boolean|false|true
15:48:53.398 (1509699658)|VARIABLE_SCOPE_BEGIN|[20]|TriggerHandler.loopCountMap|Map<String,TriggerHandler.LoopCount>|true|true
15:48:53.398 (1509705136)|VARIABLE_SCOPE_BEGIN|[44]|TriggerHandler.showDebug|Boolean|false|true
15:48:53.398 (1509710522)|VARIABLE_SCOPE_BEGIN|[38]|TriggerHandler.showLimits|Boolean|false|true
15:48:53.398 (1509726944)|HEAP_ALLOCATE|[2]|Bytes:21
15:48:53.398 (1509735523)|HEAP_ALLOCATE|[2]|Bytes:6
15:48:53.398 (1509749112)|METHOD_ENTRY|[1]|01pg8000001EZwd|OrdemItemHandler.OrdemItemHandler()
15:48:53.398 (1509757410)|STATEMENT_EXECUTE|[1]
15:48:53.398 (1509761725)|STATEMENT_EXECUTE|[1]
15:48:53.398 (1509767978)|METHOD_EXIT|[1]|OrdemItemHandler
15:48:53.398 (1509780776)|HEAP_ALLOCATE|[2]|Bytes:32
15:48:53.398 (1509800548)|CONSTRUCTOR_ENTRY|[2]|01pg8000001EZwd|<init>()|OrdemItemHandler
15:48:53.398 (1509808852)|VARIABLE_SCOPE_BEGIN|[9]|this|OrdemItemHandler|true|false
15:48:53.398 (1509833696)|VARIABLE_ASSIGNMENT|[9]|this|{}|0x2f389df7
15:48:53.398 (1509843131)|STATEMENT_EXECUTE|[1]
15:48:53.398 (1509845406)|STATEMENT_EXECUTE|[3]
15:48:53.398 (1509847505)|STATEMENT_EXECUTE|[4]
15:48:53.398 (1509849231)|STATEMENT_EXECUTE|[5]
15:48:53.398 (1509851175)|STATEMENT_EXECUTE|[6]
15:48:53.398 (1509853137)|STATEMENT_EXECUTE|[10]
15:48:53.398 (1509858783)|HEAP_ALLOCATE|[10]|Bytes:16
15:48:53.398 (1509867407)|HEAP_ALLOCATE|[10]|Bytes:33
15:48:53.398 (1509872102)|HEAP_ALLOCATE|[10]|Bytes:166
15:48:53.398 (1509875867)|HEAP_ALLOCATE|[10]|Bytes:55
15:48:53.398 (1509879258)|HEAP_ALLOCATE|[10]|Bytes:9
15:48:53.398 (1509895541)|VARIABLE_ASSIGNMENT|[10]|TriggerHandler.BYPASS_ALL_ALIAS|"BypassAll"
15:48:53.398 (1509899372)|HEAP_ALLOCATE|[10]|Bytes:51
15:48:53.398 (1509907995)|VARIABLE_ASSIGNMENT|[10]|TriggerHandler.ERROR_TRIGGERCONTEXT|"Trigger handler call (31 more) ..."
15:48:53.398 (1509925033)|METHOD_ENTRY|[15]|01pg80000019iSf|TriggerHandler.TriggerHandler()
15:48:53.398 (1509929081)|STATEMENT_EXECUTE|[15]
15:48:53.398 (1509932471)|STATEMENT_EXECUTE|[15]
15:48:53.398 (1509934009)|STATEMENT_EXECUTE|[66]
15:48:53.398 (1509935469)|STATEMENT_EXECUTE|[67]
15:48:53.398 (1509953384)|HEAP_ALLOCATE|[67]|Bytes:4
15:48:53.398 (1509983141)|VARIABLE_ASSIGNMENT|[67]|TriggerHandler.loopCountMap|{}|0x6c6884b2
15:48:53.398 (1509988095)|STATEMENT_EXECUTE|[68]
15:48:53.398 (1509997807)|HEAP_ALLOCATE|[68]|Bytes:4
15:48:53.398 (1510051507)|VARIABLE_ASSIGNMENT|[68]|TriggerHandler.bypassedHandlers|[]|0x30ed6ce3
15:48:53.398 (1510058177)|STATEMENT_EXECUTE|[69]
15:48:53.398 (1510076477)|HEAP_ALLOCATE|[69]|Bytes:5
15:48:53.398 (1510084081)|VARIABLE_ASSIGNMENT|[69]|TriggerHandler.globalBypass|false
15:48:53.398 (1510087896)|STATEMENT_EXECUTE|[70]
15:48:53.398 (1510090976)|HEAP_ALLOCATE|[70]|Bytes:5
15:48:53.398 (1510096016)|VARIABLE_ASSIGNMENT|[70]|TriggerHandler.showLimits|false
15:48:53.398 (1510099596)|STATEMENT_EXECUTE|[71]
15:48:53.398 (1510101860)|HEAP_ALLOCATE|[71]|Bytes:5
15:48:53.398 (1510107693)|VARIABLE_ASSIGNMENT|[71]|TriggerHandler.showDebug|false
15:48:53.398 (1510110915)|STATEMENT_EXECUTE|[755]
15:48:53.398 (1510112622)|STATEMENT_EXECUTE|[832]
15:48:53.398 (1510117201)|METHOD_EXIT|[15]|TriggerHandler
15:48:53.398 (1510126941)|CONSTRUCTOR_ENTRY|[10]|01pg80000019iSf|<init>(String)|TriggerHandler
15:48:53.398 (1510133050)|VARIABLE_SCOPE_BEGIN|[107]|this|TriggerHandler|true|false
15:48:53.398 (1510148857)|VARIABLE_ASSIGNMENT|[107]|this|{}|0x2f389df7
15:48:53.398 (1510154243)|VARIABLE_SCOPE_BEGIN|[107]|handlerName|String|false|false
15:48:53.398 (1510162181)|VARIABLE_ASSIGNMENT|[107]|handlerName|"OrderItemHandler"
15:48:53.398 (1510168488)|STATEMENT_EXECUTE|[15]
15:48:53.398 (1510170020)|STATEMENT_EXECUTE|[50]
15:48:53.398 (1510171652)|STATEMENT_EXECUTE|[57]
15:48:53.398 (1510173317)|STATEMENT_EXECUTE|[671]
15:48:53.398 (1510178370)|HEAP_ALLOCATE|[108]|Bytes:6
15:48:53.398 (1510207922)|STATEMENT_EXECUTE|[107]
15:48:53.398 (1510210006)|STATEMENT_EXECUTE|[108]
15:48:53.398 (1510217898)|STATEMENT_EXECUTE|[109]
15:48:53.398 (1510234415)|METHOD_ENTRY|[109]|01pg80000019iSf|TriggerHandler.setTriggerContext()
15:48:53.398 (1510240254)|VARIABLE_SCOPE_BEGIN|[565]|this|TriggerHandler|true|false
15:48:53.398 (1510258126)|VARIABLE_ASSIGNMENT|[565]|this|{"handlerName":"OrderItemHandler"}|0x2f389df7
15:48:53.398 (1510275310)|STATEMENT_EXECUTE|[565]
15:48:53.398 (1510276861)|STATEMENT_EXECUTE|[566]
15:48:53.398 (1510371471)|HEAP_ALLOCATE|[566]|Bytes:16
15:48:53.398 (1510390541)|METHOD_ENTRY|[566]|01pg80000019iSf|TriggerHandler.setTriggerContext(System.TriggerOperation, Boolean)
15:48:53.398 (1510395872)|VARIABLE_SCOPE_BEGIN|[582]|this|TriggerHandler|true|false
15:48:53.398 (1510412241)|VARIABLE_ASSIGNMENT|[582]|this|{"handlerName":"OrderItemHandler"}|0x2f389df7
15:48:53.398 (1510417442)|VARIABLE_SCOPE_BEGIN|[582]|opType|System.TriggerOperation|true|false
15:48:53.398 (1510433867)|VARIABLE_ASSIGNMENT|[582]|opType|"BEFORE_INSERT"|0x461e9db9
15:48:53.398 (1510439990)|VARIABLE_SCOPE_BEGIN|[582]|testMode|Boolean|false|false
15:48:53.398 (1510446926)|VARIABLE_ASSIGNMENT|[582]|testMode|false
15:48:53.398 (1510454244)|STATEMENT_EXECUTE|[582]
15:48:53.398 (1510467482)|STATEMENT_EXECUTE|[586]
15:48:53.398 (1510469331)|STATEMENT_EXECUTE|[587]
15:48:53.398 (1510474115)|HEAP_ALLOCATE|[587]|Bytes:5
15:48:53.398 (1510483201)|STATEMENT_EXECUTE|[590]
15:48:53.398 (1510484663)|STATEMENT_EXECUTE|[592]
15:48:53.398 (1510504040)|HEAP_ALLOCATE|[592]|Bytes:16
15:48:53.398 (1510511547)|STATEMENT_EXECUTE|[595]
15:48:53.398 (1510529616)|VARIABLE_SCOPE_BEGIN|[595]|context|String|false|false
15:48:53.398 (1510540245)|VARIABLE_ASSIGNMENT|[595]|context|"BEFORE_INSERT"
15:48:53.398 (1510544536)|STATEMENT_EXECUTE|[597]
15:48:53.398 (1510549113)|HEAP_ALLOCATE|[598]|Bytes:13
15:48:53.398 (1510584729)|STATEMENT_EXECUTE|[598]
15:48:53.398 (1510586234)|STATEMENT_EXECUTE|[599]
15:48:53.398 (1510594018)|METHOD_EXIT|[566]|01pg80000019iSf|TriggerHandler.setTriggerContext(System.TriggerOperation, Boolean)
15:48:53.398 (1510599183)|METHOD_EXIT|[109]|01pg80000019iSf|TriggerHandler.setTriggerContext()
15:48:53.398 (1510606034)|CONSTRUCTOR_EXIT|[10]|01pg80000019iSf|<init>(String)|TriggerHandler
15:48:53.398 (1510611690)|STATEMENT_EXECUTE|[9]
15:48:53.398 (1510613220)|STATEMENT_EXECUTE|[11]
15:48:53.398 (1512066985)|VARIABLE_ASSIGNMENT|[11]|this.newRecords|[{"Product_Code_Display__c":"TRT 7","IsDeleted":false,"UnitPrice":100.00,"Product2Id":"01tg8000001RQyjAAG","PricebookEntryId":"01ug8000000gTiLAAU","TotalPrice":100.00,"Quantity":1.00,"ListPrice":1000.00,"OrderId":"801g8000009VivkAAC"}]|0x2f389df7
15:48:53.398 (1512092622)|STATEMENT_EXECUTE|[12]
15:48:53.398 (1512130135)|VARIABLE_ASSIGNMENT|[12]|this.oldRecords|null|0x2f389df7
15:48:53.398 (1512135574)|STATEMENT_EXECUTE|[13]
15:48:53.398 (1512152228)|VARIABLE_ASSIGNMENT|[13]|this.newRecordsMap|null|0x2f389df7
15:48:53.398 (1512157100)|STATEMENT_EXECUTE|[14]
15:48:53.398 (1512166585)|VARIABLE_ASSIGNMENT|[14]|this.oldRecordsMap|null|0x2f389df7
15:48:53.398 (1512178674)|CONSTRUCTOR_EXIT|[2]|01pg8000001EZwd|<init>()|OrdemItemHandler
15:48:53.398 (1512206658)|METHOD_ENTRY|[2]|01pg80000019iSf|TriggerHandler.run()
15:48:53.398 (1512216637)|VARIABLE_SCOPE_BEGIN|[120]|this|TriggerHandler|true|false
15:48:53.398 (1512266230)|VARIABLE_ASSIGNMENT|[120]|this|{"newRecords":"0x21b2e369","handlerName":"OrderItemHandler","isTriggerExecuting":true,"triggerEvent":"0x461e9db9"}|0x2f389df7
15:48:53.398 (1512284411)|STATEMENT_EXECUTE|[120]
15:48:53.398 (1512292261)|METHOD_ENTRY|[121]|01pg80000019iSf|TriggerHandler.validateRun()
15:48:53.398 (1512297593)|VARIABLE_SCOPE_BEGIN|[661]|this|TriggerHandler|true|false
15:48:53.398 (1512314122)|VARIABLE_ASSIGNMENT|[661]|this|{"newRecords":"0x21b2e369","handlerName":"OrderItemHandler","isTriggerExecuting":true,"triggerEvent":"0x461e9db9"}|0x2f389df7
15:48:53.398 (1512321206)|STATEMENT_EXECUTE|[661]
15:48:53.398 (1512331844)|STATEMENT_EXECUTE|[662]
15:48:53.398 (1512333688)|STATEMENT_EXECUTE|[665]
15:48:53.398 (1512344348)|METHOD_ENTRY|[665]|01pg80000019iSf|TriggerHandler.getHandlerName()
15:48:53.398 (1512349740)|VARIABLE_SCOPE_BEGIN|[680]|this|TriggerHandler|true|false
15:48:53.398 (1512373238)|VARIABLE_ASSIGNMENT|[680]|this|{"newRecords":"0x21b2e369","handlerName":"OrderItemHandler","isTriggerExecuting":true,"triggerEvent":"0x461e9db9"}|0x2f389df7
15:48:53.398 (1512380869)|STATEMENT_EXECUTE|[680]
15:48:53.398 (1512415263)|STATEMENT_EXECUTE|[681]
15:48:53.398 (1512417112)|STATEMENT_EXECUTE|[684]
15:48:53.398 (1512422036)|METHOD_EXIT|[665]|01pg80000019iSf|TriggerHandler.getHandlerName()
15:48:53.398 (1512447970)|METHOD_EXIT|[121]|01pg80000019iSf|TriggerHandler.validateRun()
15:48:53.398 (1512453592)|STATEMENT_EXECUTE|[121]
15:48:53.398 (1512458344)|METHOD_ENTRY|[126]|01pg80000019iSf|TriggerHandler.incrementCheckLoopCount()
15:48:53.398 (1512463610)|VARIABLE_SCOPE_BEGIN|[634]|this|TriggerHandler|true|false
15:48:53.398 (1512481058)|VARIABLE_ASSIGNMENT|[634]|this|{"newRecords":"0x21b2e369","handlerName":"OrderItemHandler","isTriggerExecuting":true,"triggerEvent":"0x461e9db9"}|0x2f389df7
15:48:53.398 (1512489566)|STATEMENT_EXECUTE|[634]
15:48:53.398 (1512491110)|STATEMENT_EXECUTE|[635]
15:48:53.398 (1512495530)|METHOD_ENTRY|[635]|01pg80000019iSf|TriggerHandler.getHandlerName()
15:48:53.398 (1512499526)|VARIABLE_SCOPE_BEGIN|[680]|this|TriggerHandler|true|false
15:48:53.398 (1512515268)|VARIABLE_ASSIGNMENT|[680]|this|{"newRecords":"0x21b2e369","handlerName":"OrderItemHandler","isTriggerExecuting":true,"triggerEvent":"0x461e9db9"}|0x2f389df7
15:48:53.398 (1512521863)|STATEMENT_EXECUTE|[680]
15:48:53.398 (1512533519)|STATEMENT_EXECUTE|[681]
15:48:53.398 (1512566081)|STATEMENT_EXECUTE|[684]
15:48:53.398 (1512569239)|METHOD_EXIT|[635]|01pg80000019iSf|TriggerHandler.getHandlerName()
15:48:53.398 (1512575052)|VARIABLE_SCOPE_BEGIN|[635]|handlerName|String|false|false
15:48:53.398 (1512585126)|VARIABLE_ASSIGNMENT|[635]|handlerName|"OrderItemHandler"
15:48:53.398 (1512604626)|STATEMENT_EXECUTE|[636]
15:48:53.398 (1512606678)|STATEMENT_EXECUTE|[649]
15:48:53.398 (1512609874)|METHOD_EXIT|[126]|01pg80000019iSf|TriggerHandler.incrementCheckLoopCount()
15:48:53.398 (1512614928)|STATEMENT_EXECUTE|[126]
15:48:53.398 (1512617886)|STATEMENT_EXECUTE|[130]
15:48:53.398 (1512619249)|STATEMENT_EXECUTE|[135]
15:48:53.398 (1512656409)|STATEMENT_EXECUTE|[136]
15:48:53.398 (1512657858)|STATEMENT_EXECUTE|[137]
15:48:53.398 (1512666325)|METHOD_ENTRY|[137]|01pg8000001EZwd|OrdemItemHandler.beforeInsert()
15:48:53.398 (1512671585)|VARIABLE_SCOPE_BEGIN|[18]|this|OrdemItemHandler|true|false
15:48:53.398 (1512690360)|VARIABLE_ASSIGNMENT|[18]|this|{"newRecords":"0x21b2e369","handlerName":"OrderItemHandler","isTriggerExecuting":true,"triggerEvent":"0x461e9db9"}|0x2f389df7
15:48:53.398 (1512699502)|STATEMENT_EXECUTE|[18]
15:48:53.398 (1512701245)|STATEMENT_EXECUTE|[19]
15:48:53.398 (1512706726)|METHOD_ENTRY|[19]|01pg8000001EZwd|OrdemItemHandler.checkActiveOrderItem()
15:48:53.398 (1512711669)|VARIABLE_SCOPE_BEGIN|[176]|this|OrdemItemHandler|true|false
15:48:53.398 (1512727788)|VARIABLE_ASSIGNMENT|[176]|this|{"newRecords":"0x21b2e369","handlerName":"OrderItemHandler","isTriggerExecuting":true,"triggerEvent":"0x461e9db9"}|0x2f389df7
15:48:53.398 (1512735885)|STATEMENT_EXECUTE|[176]
15:48:53.398 (1512737968)|STATEMENT_EXECUTE|[177]
15:48:53.398 (1512741995)|VARIABLE_SCOPE_BEGIN|[177]|listaParaValidar|List<OrderItem>|true|false
15:48:53.398 (1512749706)|VARIABLE_ASSIGNMENT|[177]|listaParaValidar|null|
15:48:53.398 (1512753847)|STATEMENT_EXECUTE|[178]
15:48:53.398 (1512772600)|HEAP_ALLOCATE|[178]|Bytes:4
15:48:53.398 (1512790688)|VARIABLE_SCOPE_BEGIN|[178]|idOrders|Set<Id>|true|false
15:48:53.398 (1512825301)|VARIABLE_ASSIGNMENT|[178]|idOrders|[]|0x957bef9
15:48:53.398 (1512830249)|STATEMENT_EXECUTE|[179]
15:48:53.398 (1512844419)|HEAP_ALLOCATE|[179]|Bytes:4
15:48:53.398 (1512854416)|VARIABLE_SCOPE_BEGIN|[179]|idMapOrders|Map<Id,Order>|true|false
15:48:53.398 (1512867526)|VARIABLE_ASSIGNMENT|[179]|idMapOrders|{}|0x52065144
15:48:53.398 (1512881293)|STATEMENT_EXECUTE|[183]
15:48:53.398 (1512883013)|STATEMENT_EXECUTE|[184]
15:48:53.398 (1513800453)|VARIABLE_ASSIGNMENT|[184]|listaParaValidar|[{"Product_Code_Display__c":"TRT 7","IsDeleted":false,"UnitPrice":100.00,"Product2Id":"01tg8000001RQyjAAG","PricebookEntryId":"01ug8000000gTiLAAU","TotalPrice":100.00,"Quantity":1.00,"ListPrice":1000.00,"OrderId":"801g8000009VivkAAC"}]|0x21b2e369
15:48:53.398 (1513862604)|HEAP_ALLOCATE|[187]|Bytes:5
15:48:53.398 (1513885964)|HEAP_ALLOCATE|[187]|Bytes:4
15:48:53.398 (1513898804)|VARIABLE_SCOPE_BEGIN|[187]|ot|OrderItem|true|false
15:48:53.398 (1514656941)|VARIABLE_ASSIGNMENT|[187]|ot|{"Product_Code_Display__c":"TRT 7","IsDeleted":false,"UnitPrice":100.00,"Product2Id":"01tg8000001RQyjAAG","PricebookEntryId":"01ug8000000gTiLAAU","TotalPrice":100.00,"Quantity":1.00,"ListPrice":1000.00,"OrderId":"801g8000009VivkAAC"}|0x68f55a36
15:48:53.398 (1514672499)|STATEMENT_EXECUTE|[187]
15:48:53.398 (1514674456)|STATEMENT_EXECUTE|[188]
15:48:53.398 (1514705487)|HEAP_ALLOCATE|[EXTERNAL]|Bytes:4
15:48:53.398 (1514723322)|HEAP_ALLOCATE|[187]|Bytes:5
15:48:53.398 (1514736220)|VARIABLE_ASSIGNMENT|[187]|ot|null|
15:48:53.398 (1514742743)|STATEMENT_EXECUTE|[191]
15:48:53.398 (1514770588)|HEAP_ALLOCATE|[191]|Bytes:1
15:48:53.398 (1514785848)|METHOD_ENTRY|[1]|01pg8000001w1Md|OrderSelector.OrderSelector()
15:48:53.398 (1514792372)|STATEMENT_EXECUTE|[1]
15:48:53.398 (1514796848)|STATEMENT_EXECUTE|[1]
15:48:53.398 (1514802953)|METHOD_EXIT|[1]|OrderSelector
15:48:53.398 (1514812184)|METHOD_ENTRY|[191]|01pg8000001w1Md|OrderSelector.getOrdersByIds(Set<Id>)
15:48:53.398 (1514818898)|VARIABLE_SCOPE_BEGIN|[2]|ids|Set<Id>|true|false
15:48:53.398 (1514832198)|VARIABLE_ASSIGNMENT|[2]|ids|["801g8000009VivkAAC"]|0x957bef9
15:48:53.398 (1514845207)|STATEMENT_EXECUTE|[2]
15:48:53.398 (1514846643)|STATEMENT_EXECUTE|[3]
15:48:53.398 (1514859433)|HEAP_ALLOCATE|[3]|Bytes:4
15:48:53.398 (1514865912)|HEAP_ALLOCATE|[3]|Bytes:113
15:48:53.398 (1514874952)|HEAP_ALLOCATE|[3]|Bytes:4
15:48:53.398 (1514883030)|HEAP_ALLOCATE|[3]|Bytes:7
15:48:53.398 (1515556192)|SOQL_EXECUTE_BEGIN|[3]|Aggregations:0|SELECT Id, DistributionCenter__c, State__c, City__c, Country__c, AccountId, Status FROM Order WHERE Id = :tmpVar1
15:48:53.398 (1520673242)|SOQL_EXECUTE_END|[3]|Rows:1
15:48:53.398 (1520713148)|HEAP_ALLOCATE|[3]|Bytes:8
15:48:53.398 (1520738336)|HEAP_ALLOCATE|[3]|Bytes:209
15:48:53.398 (1520801843)|HEAP_ALLOCATE|[3]|Bytes:8
15:48:53.398 (1520839873)|HEAP_ALLOCATE|[3]|Bytes:32
15:48:53.398 (1520864847)|HEAP_ALLOCATE|[3]|Bytes:4
15:48:53.398 (1520883531)|METHOD_EXIT|[191]|01pg8000001w1Md|OrderSelector.getOrdersByIds(Set<Id>)
15:48:53.398 (1521037194)|VARIABLE_ASSIGNMENT|[191]|idMapOrders|{"801g8000009VivkAAC":{"Status":"Draft","City__c":"a05g8000002BgdtAAC","Country__c":"a03g80000084tcUAAQ","AccountId":"001g8000009VivhAAC","DistributionCenter__c":"a06g8000001gZKDAA2","Id":"801g8000009VivkAAC","State__c":"a04g8000000b5VNAAY"}}|0x78e8a820
15:48:53.398 (1521091550)|HEAP_ALLOCATE|[193]|Bytes:5
15:48:53.398 (1521112262)|HEAP_ALLOCATE|[193]|Bytes:4
15:48:53.398 (1521122390)|VARIABLE_SCOPE_BEGIN|[193]|ot|OrderItem|true|false
15:48:53.398 (1522033600)|VARIABLE_ASSIGNMENT|[193]|ot|{"Product_Code_Display__c":"TRT 7","IsDeleted":false,"UnitPrice":100.00,"Product2Id":"01tg8000001RQyjAAG","PricebookEntryId":"01ug8000000gTiLAAU","TotalPrice":100.00,"Quantity":1.00,"ListPrice":1000.00,"OrderId":"801g8000009VivkAAC"}|0x68f55a36
15:48:53.398 (1522050824)|STATEMENT_EXECUTE|[193]
15:48:53.398 (1522053197)|STATEMENT_EXECUTE|[194]
15:48:53.398 (1522093111)|VARIABLE_SCOPE_BEGIN|[194]|pedido|Order|true|false
15:48:53.398 (1522173252)|VARIABLE_ASSIGNMENT|[194]|pedido|{"Status":"Draft","City__c":"a05g8000002BgdtAAC","Country__c":"a03g80000084tcUAAQ","AccountId":"001g8000009VivhAAC","DistributionCenter__c":"a06g8000001gZKDAA2","Id":"801g8000009VivkAAC","State__c":"a04g8000000b5VNAAY"}|0x4d781b19
15:48:53.398 (1522218335)|STATEMENT_EXECUTE|[195]
15:48:53.398 (1522234115)|HEAP_ALLOCATE|[193]|Bytes:5
15:48:53.398 (1522247338)|VARIABLE_ASSIGNMENT|[193]|ot|null|
15:48:53.398 (1522258521)|METHOD_EXIT|[19]|01pg8000001EZwd|OrdemItemHandler.checkActiveOrderItem()
15:48:53.398 (1522264986)|STATEMENT_EXECUTE|[20]
15:48:53.398 (1522278337)|METHOD_ENTRY|[20]|01pg8000001EZwd|OrdemItemHandler.executePricingLogic()
15:48:53.398 (1522286542)|VARIABLE_SCOPE_BEGIN|[35]|this|OrdemItemHandler|true|false
15:48:53.398 (1522342693)|VARIABLE_ASSIGNMENT|[35]|this|{"newRecords":"0x21b2e369","handlerName":"OrderItemHandler","isTriggerExecuting":true,"triggerEvent":"0x461e9db9"}|0x2f389df7
15:48:53.398 (1522359862)|STATEMENT_EXECUTE|[35]
15:48:53.398 (1522361818)|STATEMENT_EXECUTE|[37]
15:48:53.398 (1522376339)|HEAP_ALLOCATE|[37]|Bytes:4
15:48:53.398 (1522393349)|VARIABLE_SCOPE_BEGIN|[37]|setOrderIds|Set<Id>|true|false
15:48:53.398 (1522430750)|VARIABLE_ASSIGNMENT|[37]|setOrderIds|[]|0x6774e9f7
15:48:53.398 (1522436356)|STATEMENT_EXECUTE|[38]
15:48:53.398 (1522440873)|HEAP_ALLOCATE|[38]|Bytes:4
15:48:53.398 (1522450154)|VARIABLE_SCOPE_BEGIN|[38]|setProductIds|Set<Id>|true|false
15:48:53.398 (1522462314)|VARIABLE_ASSIGNMENT|[38]|setProductIds|[]|0x795cf12e
15:48:53.398 (1522467952)|STATEMENT_EXECUTE|[39]
15:48:53.398 (1522471990)|HEAP_ALLOCATE|[39]|Bytes:4
15:48:53.398 (1522480642)|VARIABLE_SCOPE_BEGIN|[39]|setAccountIds|Set<Id>|true|false
15:48:53.398 (1522491362)|VARIABLE_ASSIGNMENT|[39]|setAccountIds|[]|0x44c8ff8d
15:48:53.398 (1522496099)|STATEMENT_EXECUTE|[42]
15:48:53.398 (1522513590)|HEAP_ALLOCATE|[42]|Bytes:4
15:48:53.398 (1522522462)|VARIABLE_SCOPE_BEGIN|[42]|itemsByOrderId|Map<Id,List<OrderItem>>|true|false
15:48:53.398 (1522534633)|VARIABLE_ASSIGNMENT|[42]|itemsByOrderId|{}|0x49e584de
15:48:53.398 (1522561154)|HEAP_ALLOCATE|[45]|Bytes:5
15:48:53.398 (1522574241)|HEAP_ALLOCATE|[45]|Bytes:4
15:48:53.398 (1522580792)|VARIABLE_SCOPE_BEGIN|[45]|item|OrderItem|true|false
15:48:53.398 (1523429136)|VARIABLE_ASSIGNMENT|[45]|item|{"Product_Code_Display__c":"TRT 7","IsDeleted":false,"UnitPrice":100.00,"Product2Id":"01tg8000001RQyjAAG","PricebookEntryId":"01ug8000000gTiLAAU","TotalPrice":100.00,"Quantity":1.00,"ListPrice":1000.00,"OrderId":"801g8000009VivkAAC"}|0x68f55a36
15:48:53.398 (1523443098)|STATEMENT_EXECUTE|[45]
15:48:53.398 (1523453511)|STATEMENT_EXECUTE|[46]
15:48:53.398 (1523455299)|STATEMENT_EXECUTE|[47]
15:48:53.398 (1523470349)|HEAP_ALLOCATE|[EXTERNAL]|Bytes:4
15:48:53.398 (1523495290)|STATEMENT_EXECUTE|[49]
15:48:53.398 (1523507744)|HEAP_ALLOCATE|[49]|Bytes:4
15:48:53.398 (1523530989)|HEAP_ALLOCATE|[EXTERNAL]|Bytes:4
15:48:53.398 (1523536869)|HEAP_ALLOCATE|[EXTERNAL]|Bytes:-4
15:48:53.398 (1523542432)|STATEMENT_EXECUTE|[50]
15:48:53.398 (1523583269)|HEAP_ALLOCATE|[EXTERNAL]|Bytes:4
15:48:53.398 (1523593404)|STATEMENT_EXECUTE|[52]
15:48:53.398 (1523600432)|HEAP_ALLOCATE|[EXTERNAL]|Bytes:4
15:48:53.398 (1523618488)|HEAP_ALLOCATE|[45]|Bytes:5
15:48:53.398 (1523630783)|VARIABLE_ASSIGNMENT|[45]|item|null|
15:48:53.398 (1523636092)|STATEMENT_EXECUTE|[56]
15:48:53.398 (1523646342)|METHOD_ENTRY|[56]|01pg8000001w1Md|OrderSelector.getOrdersByIds(Set<Id>)
15:48:53.398 (1523653863)|VARIABLE_SCOPE_BEGIN|[2]|ids|Set<Id>|true|false
15:48:53.398 (1523666668)|VARIABLE_ASSIGNMENT|[2]|ids|["801g8000009VivkAAC"]|0x6774e9f7
15:48:53.398 (1523677789)|STATEMENT_EXECUTE|[2]
15:48:53.398 (1523679363)|STATEMENT_EXECUTE|[3]
15:48:53.398 (1523688002)|HEAP_ALLOCATE|[3]|Bytes:4
15:48:53.398 (1523697995)|HEAP_ALLOCATE|[3]|Bytes:4
15:48:53.398 (1524309213)|SOQL_EXECUTE_BEGIN|[3]|Aggregations:0|SELECT Id, DistributionCenter__c, State__c, City__c, Country__c, AccountId, Status FROM Order WHERE Id = :tmpVar1
15:48:53.398 (1529370547)|SOQL_EXECUTE_END|[3]|Rows:1
15:48:53.398 (1529399488)|HEAP_ALLOCATE|[3]|Bytes:8
15:48:53.398 (1529419566)|HEAP_ALLOCATE|[3]|Bytes:209
15:48:53.398 (1529461533)|HEAP_ALLOCATE|[3]|Bytes:8
15:48:53.398 (1529489493)|HEAP_ALLOCATE|[3]|Bytes:32
15:48:53.398 (1529511610)|HEAP_ALLOCATE|[3]|Bytes:4
15:48:53.398 (1529527993)|METHOD_EXIT|[56]|01pg8000001w1Md|OrderSelector.getOrdersByIds(Set<Id>)
15:48:53.398 (1529537858)|VARIABLE_SCOPE_BEGIN|[56]|mapOrders|Map<Id,Order>|true|false
15:48:53.398 (1529668078)|VARIABLE_ASSIGNMENT|[56]|mapOrders|{"801g8000009VivkAAC":{"Status":"Draft","City__c":"a05g8000002BgdtAAC","Country__c":"a03g80000084tcUAAQ","AccountId":"001g8000009VivhAAC","DistributionCenter__c":"a06g8000001gZKDAA2","Id":"801g8000009VivkAAC","State__c":"a04g8000000b5VNAAY"}}|0x53fdb304
15:48:53.398 (1529695468)|HEAP_ALLOCATE|[EXTERNAL]|Bytes:8
15:48:53.398 (1529706293)|HEAP_ALLOCATE|[58]|Bytes:216
15:48:53.398 (1529750265)|HEAP_ALLOCATE|[58]|Bytes:5
15:48:53.398 (1529765182)|HEAP_ALLOCATE|[58]|Bytes:32
15:48:53.398 (1529921418)|VARIABLE_SCOPE_BEGIN|[58]|o|Order|true|false
15:48:53.398 (1529985193)|VARIABLE_ASSIGNMENT|[58]|o|{"Status":"Draft","City__c":"a05g8000002BgdtAAC","Country__c":"a03g80000084tcUAAQ","AccountId":"001g8000009VivhAAC","DistributionCenter__c":"a06g8000001gZKDAA2","Id":"801g8000009VivkAAC","State__c":"a04g8000000b5VNAAY"}|0x64259ca7
15:48:53.398 (1529998514)|STATEMENT_EXECUTE|[58]
15:48:53.398 (1530023750)|HEAP_ALLOCATE|[EXTERNAL]|Bytes:4
15:48:53.398 (1530037768)|HEAP_ALLOCATE|[58]|Bytes:5
15:48:53.398 (1530049591)|VARIABLE_ASSIGNMENT|[58]|o|null|
15:48:53.398 (1530055374)|STATEMENT_EXECUTE|[60]
15:48:53.398 (1530076294)|HEAP_ALLOCATE|[60]|Bytes:1
15:48:53.398 (1530094048)|METHOD_ENTRY|[1]|01pg8000001w1MX|AccountSelector.AccountSelector()
15:48:53.398 (1530101477)|STATEMENT_EXECUTE|[1]
15:48:53.398 (1530105570)|STATEMENT_EXECUTE|[1]
15:48:53.398 (1530111983)|METHOD_EXIT|[1]|AccountSelector
15:48:53.398 (1530120329)|METHOD_ENTRY|[60]|01pg8000001w1MX|AccountSelector.getAccountByIds(Set<Id>)
15:48:53.398 (1530127849)|VARIABLE_SCOPE_BEGIN|[2]|ids|Set<Id>|true|false
15:48:53.398 (1530141974)|VARIABLE_ASSIGNMENT|[2]|ids|["001g8000009VivhAAC"]|0x44c8ff8d
15:48:53.398 (1530156704)|STATEMENT_EXECUTE|[2]
15:48:53.398 (1530158359)|STATEMENT_EXECUTE|[3]
15:48:53.398 (1530172482)|HEAP_ALLOCATE|[3]|Bytes:4
15:48:53.398 (1530177365)|HEAP_ALLOCATE|[3]|Bytes:59
15:48:53.398 (1530186679)|HEAP_ALLOCATE|[3]|Bytes:4
15:48:53.398 (1530644310)|SOQL_EXECUTE_BEGIN|[3]|Aggregations:0|SELECT Id, AccountGroup__c FROM Account WHERE Id = :tmpVar1
15:48:53.398 (1534891137)|SOQL_EXECUTE_END|[3]|Rows:1
15:48:53.398 (1534924372)|HEAP_ALLOCATE|[3]|Bytes:8
15:48:53.398 (1534949296)|HEAP_ALLOCATE|[3]|Bytes:66
15:48:53.398 (1534996809)|HEAP_ALLOCATE|[3]|Bytes:8
15:48:53.398 (1535031137)|HEAP_ALLOCATE|[3]|Bytes:12
15:48:53.398 (1535055939)|HEAP_ALLOCATE|[3]|Bytes:4
15:48:53.398 (1535073079)|METHOD_EXIT|[60]|01pg8000001w1MX|AccountSelector.getAccountByIds(Set<Id>)
15:48:53.398 (1535082297)|VARIABLE_SCOPE_BEGIN|[60]|mapAccounts|Map<Id,Account>|true|false
15:48:53.398 (1535173113)|VARIABLE_ASSIGNMENT|[60]|mapAccounts|{"001g8000009VivhAAC":{"AccountGroup__c":"a02g8000002mQYXAA2","Id":"001g8000009VivhAAC"}}|0x7c50fedc
15:48:53.398 (1535184262)|STATEMENT_EXECUTE|[62]
15:48:53.398 (1535206595)|HEAP_ALLOCATE|[62]|Bytes:1
15:48:53.398 (1535222992)|METHOD_ENTRY|[1]|01pg8000001w1Mf|ProductSelector.ProductSelector()
15:48:53.398 (1535229739)|STATEMENT_EXECUTE|[1]
15:48:53.398 (1535234102)|STATEMENT_EXECUTE|[1]
15:48:53.398 (1535240784)|METHOD_EXIT|[1]|ProductSelector
15:48:53.398 (1535249901)|METHOD_ENTRY|[62]|01pg8000001w1Mf|ProductSelector.getProductByIds(Set<Id>)
15:48:53.398 (1535257438)|VARIABLE_SCOPE_BEGIN|[2]|ids|Set<Id>|true|false
15:48:53.398 (1535272828)|VARIABLE_ASSIGNMENT|[2]|ids|["01tg8000001RQyjAAG"]|0x795cf12e
15:48:53.398 (1535286212)|STATEMENT_EXECUTE|[2]
15:48:53.398 (1535287770)|STATEMENT_EXECUTE|[3]
15:48:53.398 (1535302900)|HEAP_ALLOCATE|[3]|Bytes:4
15:48:53.398 (1535308543)|HEAP_ALLOCATE|[3]|Bytes:83
15:48:53.398 (1535317025)|HEAP_ALLOCATE|[3]|Bytes:4
15:48:53.398 (1535779234)|SOQL_EXECUTE_BEGIN|[3]|Aggregations:0|SELECT Id, ProductionCost__c, ProductHierarchy__c FROM Product2 WHERE Id = :tmpVar1
15:48:53.398 (1539426580)|SOQL_EXECUTE_END|[3]|Rows:1
15:48:53.398 (1539457657)|HEAP_ALLOCATE|[3]|Bytes:8
15:48:53.398 (1539482218)|HEAP_ALLOCATE|[3]|Bytes:127
15:48:53.398 (1539528879)|HEAP_ALLOCATE|[3]|Bytes:8
15:48:53.398 (1539563259)|HEAP_ALLOCATE|[3]|Bytes:16
15:48:53.398 (1539585490)|HEAP_ALLOCATE|[3]|Bytes:4
15:48:53.398 (1539602232)|METHOD_EXIT|[62]|01pg8000001w1Mf|ProductSelector.getProductByIds(Set<Id>)
15:48:53.398 (1539611570)|VARIABLE_SCOPE_BEGIN|[62]|mapProducts|Map<Id,Product2>|true|false
15:48:53.398 (1539714074)|VARIABLE_ASSIGNMENT|[62]|mapProducts|{"01tg8000001RQyjAAG":{"ProductionCost__c":300000.00,"ProductHierarchy__c":"a01g8000009ViviAAC","Id":"01tg8000001RQyjAAG"}}|0x468bf19a
15:48:53.398 (1539725986)|STATEMENT_EXECUTE|[65]
15:48:53.398 (1539747078)|HEAP_ALLOCATE|[65]|Bytes:1
15:48:53.398 (1539762555)|METHOD_ENTRY|[1]|01pg8000001w1MZ|MargemSelector.MargemSelector()
15:48:53.398 (1539768880)|STATEMENT_EXECUTE|[1]
15:48:53.398 (1539773143)|STATEMENT_EXECUTE|[1]
15:48:53.398 (1539778856)|METHOD_EXIT|[1]|MargemSelector
15:48:53.398 (1539787765)|METHOD_ENTRY|[65]|01pg8000001w1MZ|MargemSelector.getMargemApproved()
15:48:53.398 (1539802916)|STATEMENT_EXECUTE|[2]
15:48:53.398 (1539804331)|STATEMENT_EXECUTE|[3]
15:48:53.398 (1539807495)|HEAP_ALLOCATE|[3]|Bytes:165
15:48:53.398 (1539822359)|HEAP_ALLOCATE|[3]|Bytes:4
15:48:53.398 (1540327485)|SOQL_EXECUTE_BEGIN|[3]|Aggregations:0|SELECT Product__c, ProductHierarchy__c, Account__c, AccountGroup__c, City__c, State__c, Country__c, MarginValuePercent__c FROM Margem__c WHERE Status__c = 'Approved'
15:48:53.398 (1544506757)|SOQL_EXECUTE_END|[3]|Rows:1
15:48:53.398 (1544570730)|HEAP_ALLOCATE|[3]|Bytes:8
15:48:53.398 (1544603053)|HEAP_ALLOCATE|[3]|Bytes:184
15:48:53.398 (1544657636)|HEAP_ALLOCATE|[3]|Bytes:8
15:48:53.398 (1544680681)|METHOD_EXIT|[65]|01pg8000001w1MZ|MargemSelector.getMargemApproved()
15:48:53.398 (1544691485)|VARIABLE_SCOPE_BEGIN|[65]|listMargins|List<Margem__c>|true|false
15:48:53.398 (1544821301)|VARIABLE_ASSIGNMENT|[65]|listMargins|[{"Account__c":"001g8000009VivhAAC","Product__c":"01tg8000001RQyjAAG","Id":"a00g800000PiDJ6AAN","State__c":"a04g8000000b5VNAAY","MarginValuePercent__c":15.00}]|0xd35dfcc
15:48:53.398 (1544833852)|STATEMENT_EXECUTE|[68]
15:48:53.398 (1544852112)|HEAP_ALLOCATE|[68]|Bytes:4
15:48:53.398 (1544869290)|VARIABLE_SCOPE_BEGIN|[68]|mapMargin|Map<String,Margem__c>|true|false
15:48:53.398 (1544884025)|VARIABLE_ASSIGNMENT|[68]|mapMargin|{}|0x42850e63
15:48:53.398 (1544942116)|HEAP_ALLOCATE|[69]|Bytes:5
15:48:53.398 (1544967142)|HEAP_ALLOCATE|[69]|Bytes:24
15:48:53.398 (1544979404)|VARIABLE_SCOPE_BEGIN|[69]|m|Margem__c|true|false
15:48:53.398 (1545026640)|VARIABLE_ASSIGNMENT|[69]|m|{"Account__c":"001g8000009VivhAAC","Product__c":"01tg8000001RQyjAAG","Id":"a00g800000PiDJ6AAN","State__c":"a04g8000000b5VNAAY","MarginValuePercent__c":15.00}|0x39484748
15:48:53.398 (1545036881)|STATEMENT_EXECUTE|[69]
15:48:53.398 (1545039070)|STATEMENT_EXECUTE|[70]
15:48:53.398 (1545093857)|HEAP_ALLOCATE|[70]|Bytes:18
15:48:53.398 (1545105892)|VARIABLE_SCOPE_BEGIN|[70]|p|String|false|false
15:48:53.398 (1545115042)|VARIABLE_ASSIGNMENT|[70]|p|"01tg8000001RQyjAAG"
15:48:53.398 (1545119742)|STATEMENT_EXECUTE|[71]
15:48:53.398 (1545132233)|HEAP_ALLOCATE|[71]|Bytes:18
15:48:53.398 (1545140531)|VARIABLE_SCOPE_BEGIN|[71]|a|String|false|false
15:48:53.398 (1545148868)|VARIABLE_ASSIGNMENT|[71]|a|"001g8000009VivhAAC"
15:48:53.398 (1545152835)|STATEMENT_EXECUTE|[72]
15:48:53.398 (1545166760)|HEAP_ALLOCATE|[72]|Bytes:18
15:48:53.398 (1545174451)|VARIABLE_SCOPE_BEGIN|[72]|l|String|false|false
15:48:53.398 (1545182637)|VARIABLE_ASSIGNMENT|[72]|l|"a04g8000000b5VNAAY"
15:48:53.398 (1545186866)|STATEMENT_EXECUTE|[75]
15:48:53.398 (1545189935)|HEAP_ALLOCATE|[75]|Bytes:1
15:48:53.398 (1545203390)|HEAP_ALLOCATE|[75]|Bytes:56
15:48:53.398 (1545207191)|VARIABLE_SCOPE_BEGIN|[75]|compositeKey|String|false|false
15:48:53.398 (1545216478)|VARIABLE_ASSIGNMENT|[75]|compositeKey|"01tg8000001RQyjAAG_0 (36 more) ..."
15:48:53.398 (1545220646)|STATEMENT_EXECUTE|[76]
15:48:53.398 (1545236113)|HEAP_ALLOCATE|[EXTERNAL]|Bytes:-4
15:48:53.398 (1545243649)|STATEMENT_EXECUTE|[77]
15:48:53.398 (1545245831)|HEAP_ALLOCATE|[77]|Bytes:28
15:48:53.398 (1545254655)|HEAP_ALLOCATE|[77]|Bytes:84
15:48:53.398 (1545279348)|USER_DEBUG|[77]|DEBUG|MAPA MARGEM - Chave Gerada: 01tg8000001RQyjAAG_001g8000009VivhAAC_a04g8000000b5VNAAY
15:48:53.398 (1545292737)|HEAP_ALLOCATE|[69]|Bytes:5
15:48:53.398 (1545303685)|VARIABLE_ASSIGNMENT|[69]|m|null|
15:48:53.398 (1545309969)|STATEMENT_EXECUTE|[81]
15:48:53.398 (1545325072)|HEAP_ALLOCATE|[81]|Bytes:1
15:48:53.398 (1545337377)|METHOD_ENTRY|[1]|01pg8000001w1Mg|TaxSelector.TaxSelector()
15:48:53.398 (1545343697)|STATEMENT_EXECUTE|[1]
15:48:53.398 (1545347290)|STATEMENT_EXECUTE|[1]
15:48:53.398 (1545352903)|METHOD_EXIT|[1]|TaxSelector
15:48:53.398 (1545360350)|METHOD_ENTRY|[81]|01pg8000001w1Mg|TaxSelector.getTaxApproved()
15:48:53.398 (1545375174)|STATEMENT_EXECUTE|[2]
15:48:53.398 (1545376814)|STATEMENT_EXECUTE|[3]
15:48:53.398 (1545378814)|HEAP_ALLOCATE|[3]|Bytes:103
15:48:53.398 (1545389793)|HEAP_ALLOCATE|[3]|Bytes:4
15:48:53.398 (1545789864)|SOQL_EXECUTE_BEGIN|[3]|Aggregations:0|SELECT Product__c, State__c, DistributionCenter__c, TaxRate__c FROM Tax__c WHERE Status__c = 'Approved'
15:48:53.398 (1549554158)|SOQL_EXECUTE_END|[3]|Rows:1
15:48:53.398 (1549583358)|HEAP_ALLOCATE|[3]|Bytes:8
15:48:53.398 (1549612586)|HEAP_ALLOCATE|[3]|Bytes:184
15:48:53.398 (1549668495)|HEAP_ALLOCATE|[3]|Bytes:8
15:48:53.398 (1549689704)|METHOD_EXIT|[81]|01pg8000001w1Mg|TaxSelector.getTaxApproved()
15:48:53.398 (1549698630)|VARIABLE_SCOPE_BEGIN|[81]|listTaxes|List<Tax__c>|true|false
15:48:53.398 (1549821542)|VARIABLE_ASSIGNMENT|[81]|listTaxes|[{"DistributionCenter__c":"a06g8000001gZKDAA2","Product__c":"01tg8000001RQyjAAG","TaxRate__c":10.00,"Id":"a09g8000002D2vhAAC","State__c":"a04g8000000b5VNAAY"}]|0x66a3c356
15:48:53.398 (1549834266)|STATEMENT_EXECUTE|[83]
15:48:53.398 (1549852559)|HEAP_ALLOCATE|[83]|Bytes:4
15:48:53.398 (1549867273)|VARIABLE_SCOPE_BEGIN|[83]|mapTaxByCompositeKey|Map<String,Tax__c>|true|false
15:48:53.398 (1549883640)|VARIABLE_ASSIGNMENT|[83]|mapTaxByCompositeKey|{}|0x4ec17acb
15:48:53.398 (1549936620)|HEAP_ALLOCATE|[84]|Bytes:5
15:48:53.398 (1549959312)|HEAP_ALLOCATE|[84]|Bytes:24
15:48:53.398 (1549970427)|VARIABLE_SCOPE_BEGIN|[84]|t|Tax__c|true|false
15:48:53.398 (1550015586)|VARIABLE_ASSIGNMENT|[84]|t|{"DistributionCenter__c":"a06g8000001gZKDAA2","Product__c":"01tg8000001RQyjAAG","TaxRate__c":10.00,"Id":"a09g8000002D2vhAAC","State__c":"a04g8000000b5VNAAY"}|0x1d32fc5a
15:48:53.398 (1550025150)|STATEMENT_EXECUTE|[84]
15:48:53.398 (1550027327)|STATEMENT_EXECUTE|[85]
15:48:53.398 (1550068288)|HEAP_ALLOCATE|[85]|Bytes:18
15:48:53.398 (1550086082)|HEAP_ALLOCATE|[86]|Bytes:18
15:48:53.398 (1550101398)|HEAP_ALLOCATE|[87]|Bytes:18
15:48:53.398 (1550117122)|HEAP_ALLOCATE|[85]|Bytes:54
15:48:53.398 (1550122438)|VARIABLE_SCOPE_BEGIN|[85]|key|String|false|false
15:48:53.398 (1550133039)|VARIABLE_ASSIGNMENT|[85]|key|"01tg8000001RQyjAAGa0 (34 more) ..."
15:48:53.398 (1550138061)|STATEMENT_EXECUTE|[88]
15:48:53.398 (1550151985)|HEAP_ALLOCATE|[EXTERNAL]|Bytes:-4
15:48:53.398 (1550165985)|HEAP_ALLOCATE|[84]|Bytes:5
15:48:53.398 (1550176041)|VARIABLE_ASSIGNMENT|[84]|t|null|
15:48:53.398 (1550182211)|STATEMENT_EXECUTE|[92]
15:48:53.398 (1550195832)|HEAP_ALLOCATE|[92]|Bytes:1
15:48:53.398 (1550209261)|METHOD_ENTRY|[1]|01pg8000001w1MY|FreightSelector.FreightSelector()
15:48:53.398 (1550215262)|STATEMENT_EXECUTE|[1]
15:48:53.398 (1550219057)|STATEMENT_EXECUTE|[1]
15:48:53.398 (1550224472)|METHOD_EXIT|[1]|FreightSelector
15:48:53.398 (1550232321)|METHOD_ENTRY|[92]|01pg8000001w1MY|FreightSelector.getFreightApproved()
15:48:53.398 (1550248451)|STATEMENT_EXECUTE|[2]
15:48:53.398 (1550250110)|STATEMENT_EXECUTE|[3]
15:48:53.398 (1550252795)|HEAP_ALLOCATE|[3]|Bytes:154
15:48:53.398 (1550263545)|HEAP_ALLOCATE|[3]|Bytes:4
15:48:53.398 (1550708431)|SOQL_EXECUTE_BEGIN|[3]|Aggregations:0|SELECT Product__c, City__c, State__c, Country__c, DistributionCenter__c, FreightValue__c, ProductHierarchy__c FROM Freight__c WHERE Status__c = 'Approved'
15:48:53.398 (1554700463)|SOQL_EXECUTE_END|[3]|Rows:1
15:48:53.398 (1554730752)|HEAP_ALLOCATE|[3]|Bytes:8
15:48:53.398 (1554773263)|HEAP_ALLOCATE|[3]|Bytes:189
15:48:53.398 (1554825711)|HEAP_ALLOCATE|[3]|Bytes:8
15:48:53.398 (1554847068)|METHOD_EXIT|[92]|01pg8000001w1MY|FreightSelector.getFreightApproved()
15:48:53.398 (1554857171)|VARIABLE_SCOPE_BEGIN|[92]|listFreights|List<Freight__c>|true|false
15:48:53.398 (1554979811)|VARIABLE_ASSIGNMENT|[92]|listFreights|[{"DistributionCenter__c":"a06g8000001gZKDAA2","Product__c":"01tg8000001RQyjAAG","Id":"a0Ag8000000gGrZEAU","State__c":"a04g8000000b5VNAAY","FreightValue__c":700.00}]|0x675399bc
15:48:53.398 (1554992014)|STATEMENT_EXECUTE|[94]
15:48:53.398 (1555008637)|HEAP_ALLOCATE|[94]|Bytes:4
15:48:53.398 (1555023742)|VARIABLE_SCOPE_BEGIN|[94]|mapFreight|Map<String,Freight__c>|true|false
15:48:53.398 (1555038309)|VARIABLE_ASSIGNMENT|[94]|mapFreight|{}|0x6350a353
15:48:53.398 (1555086827)|HEAP_ALLOCATE|[95]|Bytes:5
15:48:53.398 (1555111026)|HEAP_ALLOCATE|[95]|Bytes:24
15:48:53.398 (1555120765)|VARIABLE_SCOPE_BEGIN|[95]|f|Freight__c|true|false
15:48:53.398 (1555165548)|VARIABLE_ASSIGNMENT|[95]|f|{"DistributionCenter__c":"a06g8000001gZKDAA2","Product__c":"01tg8000001RQyjAAG","Id":"a0Ag8000000gGrZEAU","State__c":"a04g8000000b5VNAAY","FreightValue__c":700.00}|0x2d37756d
15:48:53.398 (1555174078)|STATEMENT_EXECUTE|[95]
15:48:53.398 (1555176188)|STATEMENT_EXECUTE|[96]
15:48:53.398 (1555216822)|HEAP_ALLOCATE|[96]|Bytes:18
15:48:53.398 (1555227807)|VARIABLE_SCOPE_BEGIN|[96]|quem|String|false|false
15:48:53.398 (1555236824)|VARIABLE_ASSIGNMENT|[96]|quem|"01tg8000001RQyjAAG"
15:48:53.398 (1555241332)|STATEMENT_EXECUTE|[97]
15:48:53.398 (1555255963)|HEAP_ALLOCATE|[97]|Bytes:18
15:48:53.398 (1555264035)|VARIABLE_SCOPE_BEGIN|[97]|onde|String|false|false
15:48:53.398 (1555271417)|VARIABLE_ASSIGNMENT|[97]|onde|"a04g8000000b5VNAAY"
15:48:53.398 (1555275839)|STATEMENT_EXECUTE|[99]
15:48:53.398 (1555284620)|HEAP_ALLOCATE|[99]|Bytes:37
15:48:53.398 (1555288698)|VARIABLE_SCOPE_BEGIN|[99]|key|String|false|false
15:48:53.398 (1555297692)|VARIABLE_ASSIGNMENT|[99]|key|"01tg8000001RQyjAAG_a (17 more) ..."
15:48:53.398 (1555302120)|STATEMENT_EXECUTE|[101]
15:48:53.398 (1555317031)|HEAP_ALLOCATE|[EXTERNAL]|Bytes:-4
15:48:53.398 (1555324628)|STATEMENT_EXECUTE|[102]
15:48:53.398 (1555327176)|HEAP_ALLOCATE|[102]|Bytes:27
15:48:53.398 (1555334414)|HEAP_ALLOCATE|[102]|Bytes:64
15:48:53.398 (1555352312)|USER_DEBUG|[102]|DEBUG|MAPA FRETE - Chave Gerada: 01tg8000001RQyjAAG_a04g8000000b5VNAAY
15:48:53.398 (1555365353)|HEAP_ALLOCATE|[95]|Bytes:5
15:48:53.398 (1555375534)|VARIABLE_ASSIGNMENT|[95]|f|null|
15:48:53.398 (1555400465)|HEAP_ALLOCATE|[106]|Bytes:5
15:48:53.398 (1555417569)|HEAP_ALLOCATE|[106]|Bytes:4
15:48:53.398 (1555423856)|VARIABLE_SCOPE_BEGIN|[106]|item|OrderItem|true|false
15:48:53.398 (1556435665)|VARIABLE_ASSIGNMENT|[106]|item|{"Product_Code_Display__c":"TRT 7","IsDeleted":false,"UnitPrice":100.00,"Product2Id":"01tg8000001RQyjAAG","PricebookEntryId":"01ug8000000gTiLAAU","TotalPrice":100.00,"Quantity":1.00,"ListPrice":1000.00,"OrderId":"801g8000009VivkAAC"}|0x68f55a36
15:48:53.398 (1556449111)|STATEMENT_EXECUTE|[106]
15:48:53.398 (1556451080)|STATEMENT_EXECUTE|[107]
15:48:53.398 (1556488578)|VARIABLE_SCOPE_BEGIN|[107]|pedido|Order|true|false
15:48:53.398 (1556624967)|VARIABLE_ASSIGNMENT|[107]|pedido|{"Status":"Draft","City__c":"a05g8000002BgdtAAC","Country__c":"a03g80000084tcUAAQ","AccountId":"001g8000009VivhAAC","DistributionCenter__c":"a06g8000001gZKDAA2","Id":"801g8000009VivkAAC","State__c":"a04g8000000b5VNAAY"}|0x64259ca7
15:48:53.398 (1556633756)|STATEMENT_EXECUTE|[108]
15:48:53.398 (1556656514)|VARIABLE_SCOPE_BEGIN|[108]|produto|Product2|true|false
15:48:53.398 (1556707466)|VARIABLE_ASSIGNMENT|[108]|produto|{"ProductionCost__c":300000.00,"ProductHierarchy__c":"a01g8000009ViviAAC","Id":"01tg8000001RQyjAAG"}|0x763d0353
15:48:53.398 (1556713389)|STATEMENT_EXECUTE|[109]
15:48:53.398 (1556735547)|VARIABLE_SCOPE_BEGIN|[109]|cliente|Account|true|false
15:48:53.398 (1556776308)|VARIABLE_ASSIGNMENT|[109]|cliente|{"AccountGroup__c":"a02g8000002mQYXAA2","Id":"001g8000009VivhAAC"}|0xdd8ea51
15:48:53.398 (1556819209)|HEAP_ALLOCATE|[113]|Bytes:28
15:48:53.398 (1556824146)|HEAP_ALLOCATE|[113]|Bytes:28
15:48:53.398 (1556871875)|HEAP_ALLOCATE|[113]|Bytes:28
15:48:53.398 (1556875064)|HEAP_ALLOCATE|[113]|Bytes:28
15:48:53.398 (1556893237)|STATEMENT_EXECUTE|[113]
15:48:53.398 (1556898126)|STATEMENT_EXECUTE|[119]
15:48:53.398 (1556899789)|STATEMENT_EXECUTE|[121]
15:48:53.398 (1556912045)|HEAP_ALLOCATE|[121]|Bytes:18
15:48:53.398 (1556927546)|HEAP_ALLOCATE|[122]|Bytes:18
15:48:53.398 (1556941625)|HEAP_ALLOCATE|[123]|Bytes:18
15:48:53.398 (1556951956)|HEAP_ALLOCATE|[121]|Bytes:54
15:48:53.398 (1556956185)|VARIABLE_SCOPE_BEGIN|[121]|keyOrderItemImposto|String|false|false
15:48:53.398 (1556966326)|VARIABLE_ASSIGNMENT|[121]|keyOrderItemImposto|"01tg8000001RQyjAAGa0 (34 more) ..."
15:48:53.398 (1556970822)|STATEMENT_EXECUTE|[125]
15:48:53.398 (1556987027)|VARIABLE_SCOPE_BEGIN|[125]|impostoEncontrado|Tax__c|true|false
15:48:53.398 (1557045038)|VARIABLE_ASSIGNMENT|[125]|impostoEncontrado|{"DistributionCenter__c":"a06g8000001gZKDAA2","Product__c":"01tg8000001RQyjAAG","TaxRate__c":10.00,"Id":"a09g8000002D2vhAAC","State__c":"a04g8000000b5VNAAY"}|0x1d32fc5a
15:48:53.398 (1557052650)|STATEMENT_EXECUTE|[127]
15:48:53.398 (1557964828)|VARIABLE_ASSIGNMENT|[127]|this.TaxPercentage__c|10.00|0x68f55a36
15:48:53.398 (1557974359)|STATEMENT_EXECUTE|[130]
15:48:53.398 (1558002523)|HEAP_ALLOCATE|[130]|Bytes:7
15:48:53.398 (1558019729)|METHOD_ENTRY|[1]|01pg8000001F8kf|PricingService.PricingService()
15:48:53.398 (1558026840)|STATEMENT_EXECUTE|[1]
15:48:53.398 (1558031709)|STATEMENT_EXECUTE|[1]
15:48:53.398 (1558038228)|METHOD_EXIT|[1]|PricingService
15:48:53.398 (1558052123)|METHOD_ENTRY|[130]|01pg8000001F8kf|PricingService.findMargin(OrderItem, Order, Map<String,Margem__c>, Id, Account)
15:48:53.398 (1558060470)|VARIABLE_SCOPE_BEGIN|[21]|item|OrderItem|true|false
15:48:53.398 (1558837030)|VARIABLE_ASSIGNMENT|[21]|item|{"Product_Code_Display__c":"TRT 7","IsDeleted":false,"UnitPrice":100.00,"Product2Id":"01tg8000001RQyjAAG","PricebookEntryId":"01ug8000000gTiLAAU","TotalPrice":100.00,"Quantity":1.00,"TaxPercentage__c":10.00,"ListPrice":1000.00,"OrderId":"801g8000009VivkAAC"}|0x68f55a36
15:48:53.398 (1558848957)|VARIABLE_SCOPE_BEGIN|[21]|pedido|Order|true|false
15:48:53.398 (1558932406)|VARIABLE_ASSIGNMENT|[21]|pedido|{"Status":"Draft","City__c":"a05g8000002BgdtAAC","Country__c":"a03g80000084tcUAAQ","AccountId":"001g8000009VivhAAC","DistributionCenter__c":"a06g8000001gZKDAA2","Id":"801g8000009VivkAAC","State__c":"a04g8000000b5VNAAY"}|0x64259ca7
15:48:53.398 (1558939517)|VARIABLE_SCOPE_BEGIN|[21]|mapMargin|Map<String,Margem__c>|true|false
15:48:53.398 (1559008482)|VARIABLE_ASSIGNMENT|[21]|mapMargin|{"01tg8000001RQyjAAG_001g8000009VivhAAC_a04g8000000b5VNAAY":{"Account__c":"001g8000009VivhAAC","Product__c":"01tg8000001RQyjAAG","Id":"a00g800000PiDJ6AAN","State__c":"a04g8000000b5VNAAY","MarginValuePercent__c":15.00}}|0x42850e63
15:48:53.398 (1559016826)|VARIABLE_SCOPE_BEGIN|[21]|h|Id|false|false
15:48:53.398 (1559144094)|VARIABLE_ASSIGNMENT|[21]|h|"a01g8000009ViviAAC"
15:48:53.398 (1559148982)|VARIABLE_SCOPE_BEGIN|[21]|cliente|Account|true|false
15:48:53.398 (1559181687)|VARIABLE_ASSIGNMENT|[21]|cliente|{"AccountGroup__c":"a02g8000002mQYXAA2","Id":"001g8000009VivhAAC"}|0xdd8ea51
15:48:53.398 (1559203078)|STATEMENT_EXECUTE|[21]
15:48:53.398 (1559205348)|STATEMENT_EXECUTE|[22]
15:48:53.398 (1559217873)|VARIABLE_SCOPE_BEGIN|[22]|p|Id|false|false
15:48:53.398 (1559262668)|VARIABLE_ASSIGNMENT|[22]|p|"01tg8000001RQyjAAG"
15:48:53.398 (1559267975)|STATEMENT_EXECUTE|[23]
15:48:53.398 (1559274252)|VARIABLE_SCOPE_BEGIN|[23]|a|Id|false|false
15:48:53.398 (1559310717)|VARIABLE_ASSIGNMENT|[23]|a|"001g8000009VivhAAC"
15:48:53.398 (1559315654)|STATEMENT_EXECUTE|[24]
15:48:53.398 (1559322819)|VARIABLE_SCOPE_BEGIN|[24]|g|Id|false|false
15:48:53.398 (1559357779)|VARIABLE_ASSIGNMENT|[24]|g|"a02g8000002mQYXAA2"
15:48:53.398 (1559362697)|STATEMENT_EXECUTE|[25]
15:48:53.398 (1559367815)|VARIABLE_SCOPE_BEGIN|[25]|c|Id|false|false
15:48:53.398 (1559402435)|VARIABLE_ASSIGNMENT|[25]|c|"a05g8000002BgdtAAC"
15:48:53.398 (1559407398)|STATEMENT_EXECUTE|[26]
15:48:53.398 (1559412229)|VARIABLE_SCOPE_BEGIN|[26]|e|Id|false|false
15:48:53.398 (1559446162)|VARIABLE_ASSIGNMENT|[26]|e|"a04g8000000b5VNAAY"
15:48:53.398 (1559451007)|STATEMENT_EXECUTE|[27]
15:48:53.398 (1559456259)|VARIABLE_SCOPE_BEGIN|[27]|pa|Id|false|false
15:48:53.398 (1559489632)|VARIABLE_ASSIGNMENT|[27]|pa|"a03g80000084tcUAAQ"
15:48:53.398 (1559517017)|HEAP_ALLOCATE|[30]|Bytes:18
15:48:53.398 (1559535867)|HEAP_ALLOCATE|[30]|Bytes:18
15:48:53.398 (1559548003)|HEAP_ALLOCATE|[30]|Bytes:18
15:48:53.398 (1559559168)|HEAP_ALLOCATE|[30]|Bytes:56
15:48:53.398 (1559577544)|STATEMENT_EXECUTE|[30]
15:48:53.398 (1559584688)|HEAP_ALLOCATE|[31]|Bytes:18
15:48:53.398 (1559596518)|HEAP_ALLOCATE|[31]|Bytes:18
15:48:53.398 (1559607258)|HEAP_ALLOCATE|[31]|Bytes:18
15:48:53.398 (1559615018)|HEAP_ALLOCATE|[31]|Bytes:56
15:48:53.398 (1559623869)|STATEMENT_EXECUTE|[31]
15:48:53.398 (1559630308)|HEAP_ALLOCATE|[31]|Bytes:18
15:48:53.398 (1559641158)|HEAP_ALLOCATE|[31]|Bytes:18
15:48:53.398 (1559651689)|HEAP_ALLOCATE|[31]|Bytes:18
15:48:53.398 (1559659123)|HEAP_ALLOCATE|[31]|Bytes:56
15:48:53.398 (1559681672)|METHOD_EXIT|[130]|01pg8000001F8kf|PricingService.findMargin(OrderItem, Order, Map<String,Margem__c>, Id, Account)
15:48:53.398 (1559689661)|VARIABLE_SCOPE_BEGIN|[130]|margem|Margem__c|true|false
15:48:53.398 (1559752509)|VARIABLE_ASSIGNMENT|[130]|margem|{"Account__c":"001g8000009VivhAAC","Product__c":"01tg8000001RQyjAAG","Id":"a00g800000PiDJ6AAN","State__c":"a04g8000000b5VNAAY","MarginValuePercent__c":15.00}|0x39484748
15:48:53.398 (1559760436)|STATEMENT_EXECUTE|[131]
15:48:53.398 (1560644387)|VARIABLE_ASSIGNMENT|[131]|this.MarginPercentage__c|15.00|0x68f55a36
15:48:53.398 (1560655355)|STATEMENT_EXECUTE|[134]
15:48:53.398 (1560681367)|METHOD_ENTRY|[134]|01pg8000001F8kf|PricingService.findFreightValue(OrderItem, Order, Map<String,Freight__c>, Id)
15:48:53.398 (1560690826)|VARIABLE_SCOPE_BEGIN|[4]|item|OrderItem|true|false
15:48:53.398 (1561415030)|VARIABLE_ASSIGNMENT|[4]|item|{"Product_Code_Display__c":"TRT 7","IsDeleted":false,"UnitPrice":100.00,"Product2Id":"01tg8000001RQyjAAG","PricebookEntryId":"01ug8000000gTiLAAU","TotalPrice":100.00,"Quantity":1.00,"MarginPercentage__c":15.00,"TaxPercentage__c":10.00,"ListPrice":1000.00,"OrderId":"801g8000009VivkAAC"}|0x68f55a36
15:48:53.398 (1561424707)|VARIABLE_SCOPE_BEGIN|[4]|pedido|Order|true|false
15:48:53.398 (1561497857)|VARIABLE_ASSIGNMENT|[4]|pedido|{"Status":"Draft","City__c":"a05g8000002BgdtAAC","Country__c":"a03g80000084tcUAAQ","AccountId":"001g8000009VivhAAC","DistributionCenter__c":"a06g8000001gZKDAA2","Id":"801g8000009VivkAAC","State__c":"a04g8000000b5VNAAY"}|0x64259ca7
15:48:53.398 (1561505017)|VARIABLE_SCOPE_BEGIN|[4]|mapFrete|Map<String,Freight__c>|true|false
15:48:53.398 (1561562206)|VARIABLE_ASSIGNMENT|[4]|mapFrete|{"01tg8000001RQyjAAG_a04g8000000b5VNAAY":{"DistributionCenter__c":"a06g8000001gZKDAA2","Product__c":"01tg8000001RQyjAAG","Id":"a0Ag8000000gGrZEAU","State__c":"a04g8000000b5VNAAY","FreightValue__c":700.00}}|0x6350a353
15:48:53.398 (1561569142)|VARIABLE_SCOPE_BEGIN|[4]|h|Id|false|false
15:48:53.398 (1561666341)|VARIABLE_ASSIGNMENT|[4]|h|"a01g8000009ViviAAC"
15:48:53.398 (1561682896)|STATEMENT_EXECUTE|[4]
15:48:53.398 (1561685010)|STATEMENT_EXECUTE|[5]
15:48:53.398 (1561694793)|VARIABLE_SCOPE_BEGIN|[5]|p|Id|false|false
15:48:53.398 (1561734142)|VARIABLE_ASSIGNMENT|[5]|p|"01tg8000001RQyjAAG"
15:48:53.398 (1561739081)|STATEMENT_EXECUTE|[6]
15:48:53.398 (1561745201)|VARIABLE_SCOPE_BEGIN|[6]|c|Id|false|false
15:48:53.398 (1561781169)|VARIABLE_ASSIGNMENT|[6]|c|"a05g8000002BgdtAAC"
15:48:53.398 (1561786094)|STATEMENT_EXECUTE|[7]
15:48:53.398 (1561790817)|VARIABLE_SCOPE_BEGIN|[7]|e|Id|false|false
15:48:53.398 (1561825775)|VARIABLE_ASSIGNMENT|[7]|e|"a04g8000000b5VNAAY"
15:48:53.398 (1561830577)|STATEMENT_EXECUTE|[8]
15:48:53.398 (1561835120)|VARIABLE_SCOPE_BEGIN|[8]|pa|Id|false|false
15:48:53.398 (1561869529)|VARIABLE_ASSIGNMENT|[8]|pa|"a03g80000084tcUAAQ"
15:48:53.398 (1561893016)|HEAP_ALLOCATE|[10]|Bytes:18
15:48:53.398 (1561910850)|HEAP_ALLOCATE|[10]|Bytes:18
15:48:53.398 (1561921036)|HEAP_ALLOCATE|[10]|Bytes:37
15:48:53.398 (1561938663)|STATEMENT_EXECUTE|[10]
15:48:53.398 (1561946430)|HEAP_ALLOCATE|[11]|Bytes:18
15:48:53.398 (1561958512)|HEAP_ALLOCATE|[11]|Bytes:18
15:48:53.398 (1561965986)|HEAP_ALLOCATE|[11]|Bytes:37
15:48:53.398 (1561975766)|STATEMENT_EXECUTE|[11]
15:48:53.398 (1561982142)|HEAP_ALLOCATE|[11]|Bytes:18
15:48:53.398 (1561993183)|HEAP_ALLOCATE|[11]|Bytes:18
15:48:53.398 (1562000357)|HEAP_ALLOCATE|[11]|Bytes:37
15:48:53.398 (1562033215)|METHOD_EXIT|[134]|01pg8000001F8kf|PricingService.findFreightValue(OrderItem, Order, Map<String,Freight__c>, Id)
15:48:53.398 (1562855221)|VARIABLE_ASSIGNMENT|[134]|this.FreightValue__c|700.00|0x68f55a36
15:48:53.398 (1562867331)|STATEMENT_EXECUTE|[137]
15:48:53.398 (1562887084)|VARIABLE_SCOPE_BEGIN|[137]|custoUnitario|Decimal|false|false
15:48:53.398 (1562897259)|VARIABLE_ASSIGNMENT|[137]|custoUnitario|300000.00
15:48:53.398 (1562901670)|STATEMENT_EXECUTE|[140]
15:48:53.398 (1562915379)|HEAP_ALLOCATE|[140]|Bytes:28
15:48:53.398 (1562923440)|HEAP_ALLOCATE|[140]|Bytes:28
15:48:53.398 (1562938816)|METHOD_ENTRY|[140]|01pg8000001F8kf|PricingService.calculateFinalPrice(OrderItem, Decimal, Margem__c, Decimal, Decimal)
15:48:53.398 (1562946731)|VARIABLE_SCOPE_BEGIN|[47]|item|OrderItem|true|false
15:48:53.398 (1563676903)|VARIABLE_ASSIGNMENT|[47]|item|{"Product_Code_Display__c":"TRT 7","IsDeleted":false,"UnitPrice":100.00,"Product2Id":"01tg8000001RQyjAAG","PricebookEntryId":"01ug8000000gTiLAAU","TotalPrice":100.00,"Quantity":1.00,"MarginPercentage__c":15.00,"TaxPercentage__c":10.00,"ListPrice":1000.00,"OrderId":"801g8000009VivkAAC","FreightValue__c":700.00}|0x68f55a36
15:48:53.398 (1563687235)|VARIABLE_SCOPE_BEGIN|[47]|frete|Decimal|false|false
15:48:53.398 (1563696129)|VARIABLE_ASSIGNMENT|[47]|frete|700.00
15:48:53.398 (1563699859)|VARIABLE_SCOPE_BEGIN|[47]|margem|Margem__c|true|false
15:48:53.398 (1563765098)|VARIABLE_ASSIGNMENT|[47]|margem|{"Account__c":"001g8000009VivhAAC","Product__c":"01tg8000001RQyjAAG","Id":"a00g800000PiDJ6AAN","State__c":"a04g8000000b5VNAAY","MarginValuePercent__c":15.00}|0x39484748
15:48:53.398 (1563771044)|VARIABLE_SCOPE_BEGIN|[47]|impostoPercent|Decimal|false|false
15:48:53.398 (1563778000)|VARIABLE_ASSIGNMENT|[47]|impostoPercent|10.00
15:48:53.398 (1563856978)|VARIABLE_SCOPE_BEGIN|[47]|custo|Decimal|false|false
15:48:53.398 (1563864654)|VARIABLE_ASSIGNMENT|[47]|custo|300000.00
15:48:53.398 (1563879389)|STATEMENT_EXECUTE|[47]
15:48:53.398 (1563881194)|STATEMENT_EXECUTE|[48]
15:48:53.398 (1563901574)|VARIABLE_SCOPE_BEGIN|[48]|mPerc|Decimal|false|false
15:48:53.398 (1563909544)|VARIABLE_ASSIGNMENT|[48]|mPerc|15.00
15:48:53.398 (1563913940)|STATEMENT_EXECUTE|[49]
15:48:53.398 (1563916231)|VARIABLE_SCOPE_BEGIN|[49]|iPerc|Decimal|false|false
15:48:53.398 (1563922657)|VARIABLE_ASSIGNMENT|[49]|iPerc|10.00
15:48:53.398 (1563925875)|STATEMENT_EXECUTE|[50]
15:48:53.398 (1563928442)|VARIABLE_SCOPE_BEGIN|[50]|custoProd|Decimal|false|false
15:48:53.398 (1563934854)|VARIABLE_ASSIGNMENT|[50]|custoProd|300000.00
15:48:53.398 (1563938588)|STATEMENT_EXECUTE|[51]
15:48:53.398 (1563941090)|VARIABLE_SCOPE_BEGIN|[51]|freteVal|Decimal|false|false
15:48:53.398 (1563947430)|VARIABLE_ASSIGNMENT|[51]|freteVal|700.00
15:48:53.398 (1563951324)|STATEMENT_EXECUTE|[54]
15:48:53.398 (1563991735)|HEAP_ALLOCATE|[54]|Bytes:28
15:48:53.398 (1564003209)|VARIABLE_SCOPE_BEGIN|[54]|precoBase|Decimal|false|false
15:48:53.398 (1564010689)|VARIABLE_ASSIGNMENT|[54]|precoBase|300700.00
15:48:53.398 (1564014430)|STATEMENT_EXECUTE|[57]
15:48:53.398 (1564024683)|HEAP_ALLOCATE|[57]|Bytes:28
15:48:53.398 (1564027688)|HEAP_ALLOCATE|[57]|Bytes:28
15:48:53.398 (1564034183)|HEAP_ALLOCATE|[57]|Bytes:28
15:48:53.398 (1564091435)|HEAP_ALLOCATE|[57]|Bytes:28
15:48:53.398 (1564094920)|HEAP_ALLOCATE|[57]|Bytes:28
15:48:53.398 (1564111420)|HEAP_ALLOCATE|[57]|Bytes:28
15:48:53.398 (1564127662)|HEAP_ALLOCATE|[57]|Bytes:28
15:48:53.398 (1564134763)|VARIABLE_SCOPE_BEGIN|[57]|precoSemMargem|Decimal|false|false
15:48:53.398 (1564143427)|VARIABLE_ASSIGNMENT|[57]|precoSemMargem|330770.0000
15:48:53.398 (1564147164)|STATEMENT_EXECUTE|[60]
15:48:53.398 (1564151072)|HEAP_ALLOCATE|[60]|Bytes:28
15:48:53.398 (1564153776)|HEAP_ALLOCATE|[60]|Bytes:28
15:48:53.398 (1564158333)|HEAP_ALLOCATE|[60]|Bytes:28
15:48:53.398 (1564176619)|HEAP_ALLOCATE|[60]|Bytes:28
15:48:53.398 (1564179676)|HEAP_ALLOCATE|[60]|Bytes:28
15:48:53.398 (1564193217)|HEAP_ALLOCATE|[60]|Bytes:28
15:48:53.398 (1564205748)|HEAP_ALLOCATE|[60]|Bytes:28
15:48:53.398 (1564213317)|VARIABLE_SCOPE_BEGIN|[60]|precoCalculado|Decimal|false|false
15:48:53.398 (1564221069)|VARIABLE_ASSIGNMENT|[60]|precoCalculado|380385.500000
15:48:53.398 (1564224648)|STATEMENT_EXECUTE|[63]
15:48:53.398 (1564928169)|VARIABLE_ASSIGNMENT|[63]|this.ProductionCost__c|300000.00|0x68f55a36
15:48:53.398 (1564936765)|STATEMENT_EXECUTE|[64]
15:48:53.398 (1565651100)|VARIABLE_ASSIGNMENT|[64]|this.MarginPercentage__c|15.00|0x68f55a36
15:48:53.398 (1565659493)|STATEMENT_EXECUTE|[65]
15:48:53.398 (1566354827)|VARIABLE_ASSIGNMENT|[65]|this.FreightValue__c|700.00|0x68f55a36
15:48:53.398 (1566362233)|STATEMENT_EXECUTE|[66]
15:48:53.398 (1567069701)|VARIABLE_ASSIGNMENT|[66]|this.TaxPercentage__c|10.00|0x68f55a36
15:48:53.398 (1567077148)|STATEMENT_EXECUTE|[67]
15:48:53.398 (1567776292)|VARIABLE_ASSIGNMENT|[67]|this.PriceWithoutMargin__c|330770.0000|0x68f55a36
15:48:53.398 (1567783899)|STATEMENT_EXECUTE|[68]
15:48:53.398 (1568475591)|VARIABLE_ASSIGNMENT|[68]|this.FinalPrice__c|380385.500000|0x68f55a36
15:48:53.398 (1568483156)|STATEMENT_EXECUTE|[71]
15:48:53.398 (1568509934)|VARIABLE_SCOPE_BEGIN|[71]|unitPriceDigitado|Decimal|false|false
15:48:53.398 (1568521267)|VARIABLE_ASSIGNMENT|[71]|unitPriceDigitado|100.00
15:48:53.398 (1568562865)|HEAP_ALLOCATE|[74]|Bytes:28
15:48:53.398 (1568567788)|HEAP_ALLOCATE|[74]|Bytes:28
15:48:53.398 (1568609011)|STATEMENT_EXECUTE|[74]
15:48:53.398 (1568610818)|STATEMENT_EXECUTE|[75]
15:48:53.398 (1568630525)|HEAP_ALLOCATE|[75]|Bytes:28
15:48:53.398 (1568680207)|HEAP_ALLOCATE|[75]|Bytes:28
15:48:53.398 (1568683503)|HEAP_ALLOCATE|[75]|Bytes:28
15:48:53.398 (1569445974)|VARIABLE_ASSIGNMENT|[75]|this.DiscountPercentage__c|0.999737108801465881323026245742806|0x68f55a36
15:48:53.398 (1569455226)|STATEMENT_EXECUTE|[76]
15:48:53.398 (1569473695)|HEAP_ALLOCATE|[76]|Bytes:28
15:48:53.398 (1570181523)|VARIABLE_ASSIGNMENT|[76]|this.DiscountValue__c|380285.500000|0x68f55a36
15:48:53.398 (1570190578)|STATEMENT_EXECUTE|[79]
15:48:53.398 (1570204958)|HEAP_ALLOCATE|[79]|Bytes:28
15:48:53.398 (1570954542)|VARIABLE_ASSIGNMENT|[79]|this.UnitPrice|380385.500000|0x68f55a36
15:48:53.398 (1570975072)|METHOD_EXIT|[140]|01pg8000001F8kf|PricingService.calculateFinalPrice(OrderItem, Decimal, Margem__c, Decimal, Decimal)
15:48:53.398 (1571010727)|HEAP_ALLOCATE|[106]|Bytes:5
15:48:53.398 (1571033629)|VARIABLE_ASSIGNMENT|[106]|item|null|
15:48:53.398 (1571042542)|METHOD_EXIT|[20]|01pg8000001EZwd|OrdemItemHandler.executePricingLogic()
15:48:53.398 (1571050669)|STATEMENT_EXECUTE|[21]
15:48:53.398 (1571063944)|METHOD_ENTRY|[21]|01pg8000001EZwd|OrdemItemHandler.checkDuplicateProducts()
15:48:53.398 (1571073741)|VARIABLE_SCOPE_BEGIN|[145]|this|OrdemItemHandler|true|false
15:48:53.398 (1571141678)|VARIABLE_ASSIGNMENT|[145]|this|{"newRecords":"0x21b2e369","handlerName":"OrderItemHandler","isTriggerExecuting":true,"triggerEvent":"0x461e9db9"}|0x2f389df7
15:48:53.398 (1571158279)|STATEMENT_EXECUTE|[145]
15:48:53.398 (1571161016)|STATEMENT_EXECUTE|[146]
15:48:53.398 (1571179974)|HEAP_ALLOCATE|[146]|Bytes:4
15:48:53.398 (1571201321)|VARIABLE_SCOPE_BEGIN|[146]|setOrderIds|Set<Id>|true|false
15:48:53.398 (1571241938)|VARIABLE_ASSIGNMENT|[146]|setOrderIds|[]|0x7dfe069c
15:48:53.398 (1571248052)|STATEMENT_EXECUTE|[147]
15:48:53.398 (1571252245)|HEAP_ALLOCATE|[147]|Bytes:4
15:48:53.398 (1571261180)|VARIABLE_SCOPE_BEGIN|[147]|setProductIds|Set<Id>|true|false
15:48:53.398 (1571272500)|VARIABLE_ASSIGNMENT|[147]|setProductIds|[]|0x6347a5eb
15:48:53.398 (1571301851)|HEAP_ALLOCATE|[149]|Bytes:5
15:48:53.398 (1571323139)|HEAP_ALLOCATE|[149]|Bytes:40
15:48:53.398 (1571331444)|VARIABLE_SCOPE_BEGIN|[149]|ot|OrderItem|true|false
15:48:53.398 (1572129890)|VARIABLE_ASSIGNMENT|[149]|ot|{"Product_Code_Display__c":"TRT 7","DiscountPercentage__c":0.999737108801465881323026245742806,"IsDeleted":false,"DiscountValue__c":380285.500000,"Quantity":1.00,"FinalPrice__c":380385.500000,"TaxPercentage__c":10.00,"ListPrice":1000.00,"OrderId":"801g8000009VivkAAC","PriceWithoutMargin__c":330770.0000,"FreightValue__c":700.00,"UnitPrice":380385.500000,"Product2Id":"01tg8000001RQyjAAG","ProductionCost__c":300000.00,"PricebookEntryId":"01ug8000000gTiLAAU","TotalPrice":100.00,"MarginPercentage__c":15.00}|0x68f55a36
15:48:53.398 (1572146609)|STATEMENT_EXECUTE|[149]
15:48:53.398 (1572148607)|STATEMENT_EXECUTE|[150]
15:48:53.398 (1572173477)|HEAP_ALLOCATE|[EXTERNAL]|Bytes:4
15:48:53.398 (1572182834)|STATEMENT_EXECUTE|[151]
15:48:53.398 (1572189372)|HEAP_ALLOCATE|[EXTERNAL]|Bytes:4
15:48:53.398 (1572203836)|HEAP_ALLOCATE|[149]|Bytes:5
15:48:53.398 (1572215602)|VARIABLE_ASSIGNMENT|[149]|ot|null|
15:48:53.398 (1572221276)|STATEMENT_EXECUTE|[154]
15:48:53.398 (1572242188)|HEAP_ALLOCATE|[154]|Bytes:4
15:48:53.398 (1572257767)|METHOD_ENTRY|[1]|01pg8000001w1Mc|OrderItemSelector.OrderItemSelector()
15:48:53.398 (1572264438)|STATEMENT_EXECUTE|[1]
15:48:53.398 (1572268093)|STATEMENT_EXECUTE|[1]
15:48:53.398 (1572274333)|METHOD_EXIT|[1]|OrderItemSelector
15:48:53.398 (1572283367)|METHOD_ENTRY|[154]|01pg8000001w1Mc|OrderItemSelector.getOrderItemByIds(Set<Id>, Set<Id>)
15:48:53.398 (1572290136)|VARIABLE_SCOPE_BEGIN|[2]|orderIds|Set<Id>|true|false
15:48:53.398 (1572303209)|VARIABLE_ASSIGNMENT|[2]|orderIds|["801g8000009VivkAAC"]|0x7dfe069c
15:48:53.398 (1572308061)|VARIABLE_SCOPE_BEGIN|[2]|productIds|Set<Id>|true|false
15:48:53.398 (1572315723)|VARIABLE_ASSIGNMENT|[2]|productIds|["01tg8000001RQyjAAG"]|0x6347a5eb
15:48:53.398 (1572327027)|STATEMENT_EXECUTE|[2]
15:48:53.398 (1572328872)|STATEMENT_EXECUTE|[3]
15:48:53.398 (1572332298)|HEAP_ALLOCATE|[3]|Bytes:98
15:48:53.398 (1572349797)|HEAP_ALLOCATE|[3]|Bytes:4
15:48:53.398 (1572369771)|HEAP_ALLOCATE|[3]|Bytes:7
15:48:53.398 (1572994145)|SOQL_EXECUTE_BEGIN|[3]|Aggregations:0|SELECT Id, OrderId, Product2Id FROM OrderItem WHERE (OrderId = :tmpVar1 AND Product2Id = :tmpVar2)
15:48:53.398 (1575238960)|SOQL_EXECUTE_END|[3]|Rows:0
15:48:53.398 (1575277278)|HEAP_ALLOCATE|[3]|Bytes:4
15:48:53.398 (1575300284)|HEAP_ALLOCATE|[3]|Bytes:0
15:48:53.398 (1575348385)|HEAP_ALLOCATE|[3]|Bytes:4
15:48:53.398 (1575373344)|METHOD_EXIT|[154]|01pg8000001w1Mc|OrderItemSelector.getOrderItemByIds(Set<Id>, Set<Id>)
15:48:53.398 (1575382768)|VARIABLE_SCOPE_BEGIN|[154]|existingItens|List<OrderItem>|true|false
15:48:53.398 (1575405107)|VARIABLE_ASSIGNMENT|[154]|existingItens|[]|0x2f96c55d
15:48:53.398 (1575414610)|STATEMENT_EXECUTE|[156]
15:48:53.398 (1575428363)|HEAP_ALLOCATE|[156]|Bytes:4
15:48:53.398 (1575449124)|VARIABLE_SCOPE_BEGIN|[156]|comparacao|Set<String>|true|false
15:48:53.398 (1575472757)|VARIABLE_ASSIGNMENT|[156]|comparacao|[]|0x10b077bc
15:48:53.398 (1575513401)|HEAP_ALLOCATE|[157]|Bytes:5
15:48:53.398 (1575529933)|VARIABLE_ASSIGNMENT|[157]|it|null|
15:48:53.398 (1575535814)|STATEMENT_EXECUTE|[157]
15:48:53.398 (1575550559)|HEAP_ALLOCATE|[161]|Bytes:5
15:48:53.398 (1575570964)|HEAP_ALLOCATE|[161]|Bytes:40
15:48:53.398 (1575579233)|VARIABLE_SCOPE_BEGIN|[161]|newItem|OrderItem|true|false
15:48:53.398 (1576371753)|VARIABLE_ASSIGNMENT|[161]|newItem|{"Product_Code_Display__c":"TRT 7","DiscountPercentage__c":0.999737108801465881323026245742806,"IsDeleted":false,"DiscountValue__c":380285.500000,"Quantity":1.00,"FinalPrice__c":380385.500000,"TaxPercentage__c":10.00,"ListPrice":1000.00,"OrderId":"801g8000009VivkAAC","PriceWithoutMargin__c":330770.0000,"FreightValue__c":700.00,"UnitPrice":380385.500000,"Product2Id":"01tg8000001RQyjAAG","ProductionCost__c":300000.00,"PricebookEntryId":"01ug8000000gTiLAAU","TotalPrice":100.00,"MarginPercentage__c":15.00}|0x68f55a36
15:48:53.398 (1576390470)|STATEMENT_EXECUTE|[161]
15:48:53.398 (1576392190)|STATEMENT_EXECUTE|[162]
15:48:53.398 (1576433181)|HEAP_ALLOCATE|[162]|Bytes:18
15:48:53.398 (1576445777)|HEAP_ALLOCATE|[162]|Bytes:1
15:48:53.398 (1576456764)|HEAP_ALLOCATE|[162]|Bytes:18
15:48:53.398 (1576469878)|HEAP_ALLOCATE|[162]|Bytes:37
15:48:53.398 (1576475899)|VARIABLE_SCOPE_BEGIN|[162]|keyCombo|String|false|false
15:48:53.398 (1576487811)|VARIABLE_ASSIGNMENT|[162]|keyCombo|"801g8000009VivkAAC-0 (17 more) ..."
15:48:53.398 (1576508273)|STATEMENT_EXECUTE|[166]
15:48:53.398 (1576509999)|STATEMENT_EXECUTE|[168]
15:48:53.398 (1576516237)|HEAP_ALLOCATE|[EXTERNAL]|Bytes:4
15:48:53.398 (1576535030)|HEAP_ALLOCATE|[161]|Bytes:5
15:48:53.398 (1576579357)|VARIABLE_ASSIGNMENT|[161]|newItem|null|
15:48:53.398 (1576589472)|METHOD_EXIT|[21]|01pg8000001EZwd|OrdemItemHandler.checkDuplicateProducts()
15:48:53.398 (1576598172)|METHOD_EXIT|[137]|01pg8000001EZwd|OrdemItemHandler.beforeInsert()
15:48:53.398 (1576603725)|STATEMENT_EXECUTE|[158]
15:48:53.398 (1576625617)|METHOD_ENTRY|[158]|01pg80000019iSf|TriggerHandler.andFinally()
15:48:53.398 (1576632536)|VARIABLE_SCOPE_BEGIN|[746]|this|TriggerHandler|true|false
15:48:53.398 (1576688482)|VARIABLE_ASSIGNMENT|[746]|this|{"newRecords":"0x21b2e369","handlerName":"OrderItemHandler","isTriggerExecuting":true,"triggerEvent":"0x461e9db9"}|0x2f389df7
15:48:53.398 (1576704495)|STATEMENT_EXECUTE|[746]
15:48:53.398 (1576707614)|METHOD_EXIT|[158]|01pg80000019iSf|TriggerHandler.andFinally()
15:48:53.398 (1576717345)|STATEMENT_EXECUTE|[160]
15:48:53.398 (1576721054)|STATEMENT_EXECUTE|[176]
15:48:53.398 (1576725869)|METHOD_EXIT|[2]|01pg80000019iSf|TriggerHandler.run()
15:48:53.576 (1576737540)|CUMULATIVE_LIMIT_USAGE
15:48:53.576 (1576737540)|LIMIT_USAGE_FOR_NS|(default)|
  Number of SOQL queries: 4 out of 100
  Number of query rows: 4 out of 50000
  Number of SOSL queries: 0 out of 20
  Number of DML statements: 14 out of 150
  Number of Publish Immediate DML: 0 out of 150
  Number of DML rows: 14 out of 10000
  Maximum CPU time: 91 out of 10000
  Maximum heap size: 0 out of 6000000
  Number of callouts: 0 out of 100
  Number of Email Invocations: 0 out of 10
  Number of future calls: 0 out of 50
  Number of queueable jobs added to the queue: 0 out of 50
  Number of Mobile Apex push calls: 0 out of 10

15:48:53.576 (1576737540)|TESTING_LIMITS
15:48:53.576 (1576737540)|LIMIT_USAGE_FOR_NS|(default)|
  Number of SOQL queries: 8 out of 100
  Number of query rows: 7 out of 50000
  Number of SOSL queries: 0 out of 20
  Number of DML statements: 1 out of 150
  Number of Publish Immediate DML: 0 out of 150
  Number of DML rows: 1 out of 10000
  Maximum CPU time: 0 out of 10000
  Maximum heap size: 0 out of 6000000
  Number of callouts: 0 out of 100
  Number of Email Invocations: 0 out of 10
  Number of future calls: 0 out of 50
  Number of queueable jobs added to the queue: 0 out of 50
  Number of Mobile Apex push calls: 0 out of 10

15:48:53.576 (1576737540)|CUMULATIVE_LIMIT_USAGE_END

15:48:53.398 (1577224122)|CODE_UNIT_FINISHED|OrdemItemTrigger on OrderItem trigger event BeforeInsert|__sfdc_trigger/OrdemItemTrigger
15:48:53.398 (1614443230)|CODE_UNIT_STARTED|[EXTERNAL]|01qg8000000GdOn|OrderTrigger on Order trigger event BeforeUpdate|__sfdc_trigger/OrderTrigger
15:48:53.398 (1614514160)|HEAP_ALLOCATE|[EXTERNAL]|Bytes:8
15:48:53.398 (1614579942)|HEAP_ALLOCATE|[EXTERNAL]|Bytes:8
15:48:53.398 (1614676607)|HEAP_ALLOCATE|[EXTERNAL]|Bytes:4
15:48:53.398 (1614689628)|VARIABLE_SCOPE_BEGIN|[1]|this|OrderTrigger|true|false
15:48:53.398 (1614734553)|VARIABLE_ASSIGNMENT|[1]|this|{}|0x1e2dba0e
15:48:53.398 (1614798021)|HEAP_ALLOCATE|[EXTERNAL]|Bytes:4
15:48:53.398 (1614807387)|VARIABLE_SCOPE_BEGIN|[1]|this|OrderTrigger|true|false
15:48:53.398 (1614818034)|VARIABLE_ASSIGNMENT|[1]|this|{}|0x1e2dba0e
15:48:53.398 (1614829984)|STATEMENT_EXECUTE|[1]
15:48:53.398 (1614831913)|STATEMENT_EXECUTE|[2]
15:48:53.398 (1614852043)|HEAP_ALLOCATE|[2]|Bytes:16
15:48:53.398 (1614867023)|METHOD_ENTRY|[1]|01pg8000001LXzh|OrderHandler.OrderHandler()
15:48:53.398 (1614872939)|STATEMENT_EXECUTE|[1]
15:48:53.398 (1614875911)|STATEMENT_EXECUTE|[1]
15:48:53.398 (1614880116)|METHOD_EXIT|[1]|OrderHandler
15:48:53.398 (1614912183)|HEAP_ALLOCATE|[2]|Bytes:32
15:48:53.398 (1614927194)|CONSTRUCTOR_ENTRY|[2]|01pg8000001LXzh|<init>()|OrderHandler
15:48:53.398 (1614933214)|VARIABLE_SCOPE_BEGIN|[8]|this|OrderHandler|true|false
15:48:53.398 (1614954878)|VARIABLE_ASSIGNMENT|[8]|this|{}|0x2c5e006f
15:48:53.398 (1614960252)|STATEMENT_EXECUTE|[1]
15:48:53.398 (1614961714)|STATEMENT_EXECUTE|[3]
15:48:53.398 (1614962886)|STATEMENT_EXECUTE|[4]
15:48:53.398 (1614963807)|STATEMENT_EXECUTE|[5]
15:48:53.398 (1614964616)|STATEMENT_EXECUTE|[6]
15:48:53.398 (1614965513)|STATEMENT_EXECUTE|[9]
15:48:53.398 (1614968580)|HEAP_ALLOCATE|[9]|Bytes:12
15:48:53.398 (1614978254)|CONSTRUCTOR_ENTRY|[9]|01pg80000019iSf|<init>(String)|TriggerHandler
15:48:53.398 (1614982852)|VARIABLE_SCOPE_BEGIN|[107]|this|TriggerHandler|true|false
15:48:53.398 (1614989853)|VARIABLE_ASSIGNMENT|[107]|this|{}|0x2c5e006f
15:48:53.398 (1614992877)|VARIABLE_SCOPE_BEGIN|[107]|handlerName|String|false|false
15:48:53.398 (1615001459)|VARIABLE_ASSIGNMENT|[107]|handlerName|"OrderHandler"
15:48:53.398 (1615006053)|STATEMENT_EXECUTE|[15]
15:48:53.398 (1615007265)|STATEMENT_EXECUTE|[50]
15:48:53.398 (1615008270)|STATEMENT_EXECUTE|[57]
15:48:53.398 (1615009403)|STATEMENT_EXECUTE|[671]
15:48:53.398 (1615026060)|STATEMENT_EXECUTE|[107]
15:48:53.398 (1615027095)|STATEMENT_EXECUTE|[108]
15:48:53.398 (1615031720)|STATEMENT_EXECUTE|[109]
15:48:53.398 (1615040805)|METHOD_ENTRY|[109]|01pg80000019iSf|TriggerHandler.setTriggerContext()
15:48:53.398 (1615044604)|VARIABLE_SCOPE_BEGIN|[565]|this|TriggerHandler|true|false
15:48:53.398 (1615054504)|VARIABLE_ASSIGNMENT|[565]|this|{"handlerName":"OrderHandler"}|0x2c5e006f
15:48:53.398 (1615065673)|STATEMENT_EXECUTE|[565]
15:48:53.398 (1615066815)|STATEMENT_EXECUTE|[566]
15:48:53.398 (1615122090)|HEAP_ALLOCATE|[566]|Bytes:16
15:48:53.398 (1615133117)|METHOD_ENTRY|[566]|01pg80000019iSf|TriggerHandler.setTriggerContext(System.TriggerOperation, Boolean)
15:48:53.398 (1615136726)|VARIABLE_SCOPE_BEGIN|[582]|this|TriggerHandler|true|false
15:48:53.398 (1615144220)|VARIABLE_ASSIGNMENT|[582]|this|{"handlerName":"OrderHandler"}|0x2c5e006f
15:48:53.398 (1615147162)|VARIABLE_SCOPE_BEGIN|[582]|opType|System.TriggerOperation|true|false
15:48:53.398 (1615161743)|VARIABLE_ASSIGNMENT|[582]|opType|"BEFORE_UPDATE"|0x8e381db
15:48:53.398 (1615170689)|VARIABLE_SCOPE_BEGIN|[582]|testMode|Boolean|false|false
15:48:53.398 (1615178013)|VARIABLE_ASSIGNMENT|[582]|testMode|false
15:48:53.398 (1615183993)|STATEMENT_EXECUTE|[582]
15:48:53.398 (1615193943)|STATEMENT_EXECUTE|[586]
15:48:53.398 (1615195335)|STATEMENT_EXECUTE|[587]
15:48:53.398 (1615198783)|HEAP_ALLOCATE|[587]|Bytes:5
15:48:53.398 (1615206404)|STATEMENT_EXECUTE|[590]
15:48:53.398 (1615207744)|STATEMENT_EXECUTE|[592]
15:48:53.398 (1615225957)|HEAP_ALLOCATE|[592]|Bytes:16
15:48:53.398 (1615232725)|STATEMENT_EXECUTE|[595]
15:48:53.398 (1615243185)|VARIABLE_SCOPE_BEGIN|[595]|context|String|false|false
15:48:53.398 (1615252374)|VARIABLE_ASSIGNMENT|[595]|context|"BEFORE_UPDATE"
15:48:53.398 (1615256205)|STATEMENT_EXECUTE|[597]
15:48:53.398 (1615283754)|HEAP_ALLOCATE|[601]|Bytes:13
15:48:53.398 (1615297477)|STATEMENT_EXECUTE|[601]
15:48:53.398 (1615298648)|STATEMENT_EXECUTE|[602]
15:48:53.398 (1615307734)|METHOD_EXIT|[566]|01pg80000019iSf|TriggerHandler.setTriggerContext(System.TriggerOperation, Boolean)
15:48:53.398 (1615312825)|METHOD_EXIT|[109]|01pg80000019iSf|TriggerHandler.setTriggerContext()
15:48:53.398 (1615318615)|CONSTRUCTOR_EXIT|[9]|01pg80000019iSf|<init>(String)|TriggerHandler
15:48:53.398 (1615321895)|STATEMENT_EXECUTE|[8]
15:48:53.398 (1615323139)|STATEMENT_EXECUTE|[10]
15:48:53.398 (1616111245)|VARIABLE_ASSIGNMENT|[10]|this.newRecords|[{"Status":"Draft","LastModifiedDate":"2026-04-10T18:48:53.000Z","Country__c":"a03g80000084tcUAAQ","IsDeleted":false,"AccountId":"001g8000009VivhAAC","OrderNumber":"00100116","TotalAmount":380385.50,"StatusCode":"Draft","IsReductionOrder":false,"SystemModstamp":"2026-04-10T18:48:53.000Z","City__c":"a05g8000002BgdtAAC","OwnerId":"005g80000010N45AAE","CreatedById":"005g80000010N45AAE","DistributionCenter__c":"a06g8000001gZKDAA2","CreatedDate":"2026-04-10T18:48:53.000Z","Pricebook2Id":"01sg8000000h7xWAAQ","Id":"801g8000009VivkAAC","LastModifiedById":"005g80000010N45AAE","State__c":"a04g8000000b5VNAAY","EffectiveDate":"2026-04-10T00:00:00.000Z"}]|0x2c5e006f
15:48:53.398 (1616123332)|STATEMENT_EXECUTE|[11]
15:48:53.398 (1616691078)|VARIABLE_ASSIGNMENT|[11]|this.oldRecords|[{"Status":"Draft","LastModifiedDate":"2026-04-10T18:48:53.000Z","Country__c":"a03g80000084tcUAAQ","IsDeleted":false,"AccountId":"001g8000009VivhAAC","OrderNumber":"00100116","TotalAmount":0.00,"StatusCode":"Draft","IsReductionOrder":false,"SystemModstamp":"2026-04-10T18:48:53.000Z","City__c":"a05g8000002BgdtAAC","OwnerId":"005g80000010N45AAE","CreatedById":"005g80000010N45AAE","DistributionCenter__c":"a06g8000001gZKDAA2","CreatedDate":"2026-04-10T18:48:53.000Z","Pricebook2Id":"01sg8000000h7xWAAQ","Id":"801g8000009VivkAAC","LastModifiedById":"005g80000010N45AAE","State__c":"a04g8000000b5VNAAY","EffectiveDate":"2026-04-10T00:00:00.000Z"}]|0x2c5e006f
15:48:53.398 (1616703499)|STATEMENT_EXECUTE|[12]
15:48:53.398 (1617093417)|VARIABLE_ASSIGNMENT|[12]|this.newRecordsMap|{"801g8000009VivkAAC":{"Status":"Draft","LastModifiedDate":"2026-04-10T18:48:53.000Z","Country__c":"a03g80000084tcUAAQ","IsDeleted":false,"AccountId":"001g8000009VivhAAC","OrderNumber":"00100116","TotalAmount":380385.50,"StatusCode":"Draft","IsReductionOrder":false,"SystemModstamp":"2026-04-10T18:48:53.000Z","City__c":"a05g8000002BgdtAAC","OwnerId":"005g80000010N45AAE","CreatedById":"005g80000010N45AAE","DistributionCenter__c":"a06g8000001gZKDAA2","CreatedDate":"2026-04-10T18:48:53.000Z","Pricebook2Id":"01sg8000000h7xWAAQ","Id":"801g8000009VivkAAC","LastModifiedById":"005g80000010N45AAE","State__c":"a04g8000000b5VNAAY","EffectiveDate":"2026-04-10T00:00:00.000Z"}}|0x2c5e006f
15:48:53.398 (1617102334)|STATEMENT_EXECUTE|[13]
15:48:53.398 (1617513073)|VARIABLE_ASSIGNMENT|[13]|this.oldRecordsMap|{"801g8000009VivkAAC":{"Status":"Draft","LastModifiedDate":"2026-04-10T18:48:53.000Z","Country__c":"a03g80000084tcUAAQ","IsDeleted":false,"AccountId":"001g8000009VivhAAC","OrderNumber":"00100116","TotalAmount":0.00,"StatusCode":"Draft","IsReductionOrder":false,"SystemModstamp":"2026-04-10T18:48:53.000Z","City__c":"a05g8000002BgdtAAC","OwnerId":"005g80000010N45AAE","CreatedById":"005g80000010N45AAE","DistributionCenter__c":"a06g8000001gZKDAA2","CreatedDate":"2026-04-10T18:48:53.000Z","Pricebook2Id":"01sg8000000h7xWAAQ","Id":"801g8000009VivkAAC","LastModifiedById":"005g80000010N45AAE","State__c":"a04g8000000b5VNAAY","EffectiveDate":"2026-04-10T00:00:00.000Z"}}|0x2c5e006f
15:48:53.398 (1617529162)|CONSTRUCTOR_EXIT|[2]|01pg8000001LXzh|<init>()|OrderHandler
15:48:53.398 (1617552621)|METHOD_ENTRY|[2]|01pg80000019iSf|TriggerHandler.run()
15:48:53.398 (1617558152)|VARIABLE_SCOPE_BEGIN|[120]|this|TriggerHandler|true|false
15:48:53.398 (1617597977)|VARIABLE_ASSIGNMENT|[120]|this|{"newRecords":"0x507f4914","newRecordsMap":"0x5eedb996","oldRecords":"0x2de3958f","oldRecordsMap":"0x7162b524","handlerName":"OrderHandler","isTriggerExecuting":true,"triggerEvent":"0x8e381db"}|0x2c5e006f
15:48:53.398 (1617610082)|STATEMENT_EXECUTE|[120]
15:48:53.398 (1617614729)|METHOD_ENTRY|[121]|01pg80000019iSf|TriggerHandler.validateRun()
15:48:53.398 (1617620207)|VARIABLE_SCOPE_BEGIN|[661]|this|TriggerHandler|true|false
15:48:53.398 (1617630873)|VARIABLE_ASSIGNMENT|[661]|this|{"newRecords":"0x507f4914","newRecordsMap":"0x5eedb996","oldRecords":"0x2de3958f","oldRecordsMap":"0x7162b524","handlerName":"OrderHandler","isTriggerExecuting":true,"triggerEvent":"0x8e381db"}|0x2c5e006f
15:48:53.398 (1617635843)|STATEMENT_EXECUTE|[661]
15:48:53.398 (1617642265)|STATEMENT_EXECUTE|[662]
15:48:53.398 (1617643568)|STATEMENT_EXECUTE|[665]
15:48:53.398 (1617649260)|METHOD_ENTRY|[665]|01pg80000019iSf|TriggerHandler.getHandlerName()
15:48:53.398 (1617652362)|VARIABLE_SCOPE_BEGIN|[680]|this|TriggerHandler|true|false
15:48:53.398 (1617661376)|VARIABLE_ASSIGNMENT|[680]|this|{"newRecords":"0x507f4914","newRecordsMap":"0x5eedb996","oldRecords":"0x2de3958f","oldRecordsMap":"0x7162b524","handlerName":"OrderHandler","isTriggerExecuting":true,"triggerEvent":"0x8e381db"}|0x2c5e006f
15:48:53.398 (1617666543)|STATEMENT_EXECUTE|[680]
15:48:53.398 (1617688670)|STATEMENT_EXECUTE|[681]
15:48:53.398 (1617689907)|STATEMENT_EXECUTE|[684]
15:48:53.398 (1617693000)|METHOD_EXIT|[665]|01pg80000019iSf|TriggerHandler.getHandlerName()
15:48:53.398 (1617711103)|METHOD_EXIT|[121]|01pg80000019iSf|TriggerHandler.validateRun()
15:48:53.398 (1617715130)|STATEMENT_EXECUTE|[121]
15:48:53.398 (1617717622)|METHOD_ENTRY|[126]|01pg80000019iSf|TriggerHandler.incrementCheckLoopCount()
15:48:53.398 (1617720890)|VARIABLE_SCOPE_BEGIN|[634]|this|TriggerHandler|true|false
15:48:53.398 (1617730948)|VARIABLE_ASSIGNMENT|[634]|this|{"newRecords":"0x507f4914","newRecordsMap":"0x5eedb996","oldRecords":"0x2de3958f","oldRecordsMap":"0x7162b524","handlerName":"OrderHandler","isTriggerExecuting":true,"triggerEvent":"0x8e381db"}|0x2c5e006f
15:48:53.398 (1617736398)|STATEMENT_EXECUTE|[634]
15:48:53.398 (1617737371)|STATEMENT_EXECUTE|[635]
15:48:53.398 (1617739658)|METHOD_ENTRY|[635]|01pg80000019iSf|TriggerHandler.getHandlerName()
15:48:53.398 (1617742026)|VARIABLE_SCOPE_BEGIN|[680]|this|TriggerHandler|true|false
15:48:53.398 (1617750668)|VARIABLE_ASSIGNMENT|[680]|this|{"newRecords":"0x507f4914","newRecordsMap":"0x5eedb996","oldRecords":"0x2de3958f","oldRecordsMap":"0x7162b524","handlerName":"OrderHandler","isTriggerExecuting":true,"triggerEvent":"0x8e381db"}|0x2c5e006f
15:48:53.398 (1617754308)|STATEMENT_EXECUTE|[680]
15:48:53.398 (1617760867)|STATEMENT_EXECUTE|[681]
15:48:53.398 (1617761791)|STATEMENT_EXECUTE|[684]
15:48:53.398 (1617763269)|METHOD_EXIT|[635]|01pg80000019iSf|TriggerHandler.getHandlerName()
15:48:53.398 (1617766823)|VARIABLE_SCOPE_BEGIN|[635]|handlerName|String|false|false
15:48:53.398 (1617772102)|VARIABLE_ASSIGNMENT|[635]|handlerName|"OrderHandler"
15:48:53.398 (1617782884)|STATEMENT_EXECUTE|[636]
15:48:53.398 (1617784181)|STATEMENT_EXECUTE|[649]
15:48:53.398 (1617785957)|METHOD_EXIT|[126]|01pg80000019iSf|TriggerHandler.incrementCheckLoopCount()
15:48:53.398 (1617788530)|STATEMENT_EXECUTE|[126]
15:48:53.398 (1617790770)|STATEMENT_EXECUTE|[130]
15:48:53.398 (1617791611)|STATEMENT_EXECUTE|[135]
15:48:53.398 (1617839653)|STATEMENT_EXECUTE|[139]
15:48:53.398 (1617840867)|STATEMENT_EXECUTE|[140]
15:48:53.398 (1617846429)|METHOD_ENTRY|[140]|01pg8000001LXzh|OrderHandler.beforeUpdate()
15:48:53.398 (1617851031)|VARIABLE_SCOPE_BEGIN|[16]|this|OrderHandler|true|false
15:48:53.398 (1617861437)|VARIABLE_ASSIGNMENT|[16]|this|{"newRecords":"0x507f4914","newRecordsMap":"0x5eedb996","oldRecords":"0x2de3958f","oldRecordsMap":"0x7162b524","handlerName":"OrderHandler","isTriggerExecuting":true,"triggerEvent":"0x8e381db"}|0x2c5e006f
15:48:53.398 (1617867208)|STATEMENT_EXECUTE|[16]
15:48:53.398 (1617868271)|STATEMENT_EXECUTE|[17]
15:48:53.398 (1617872874)|METHOD_ENTRY|[17]|01pg8000001LXzh|OrderHandler.checkActiveOrder()
15:48:53.398 (1617877796)|VARIABLE_SCOPE_BEGIN|[30]|this|OrderHandler|true|false
15:48:53.398 (1617886331)|VARIABLE_ASSIGNMENT|[30]|this|{"newRecords":"0x507f4914","newRecordsMap":"0x5eedb996","oldRecords":"0x2de3958f","oldRecordsMap":"0x7162b524","handlerName":"OrderHandler","isTriggerExecuting":true,"triggerEvent":"0x8e381db"}|0x2c5e006f
15:48:53.398 (1617891106)|STATEMENT_EXECUTE|[30]
15:48:53.398 (1617892127)|STATEMENT_EXECUTE|[31]
15:48:53.398 (1617895206)|VARIABLE_SCOPE_BEGIN|[31]|listaParaValidar|List<Order>|true|false
15:48:53.398 (1617900213)|VARIABLE_ASSIGNMENT|[31]|listaParaValidar|null|
15:48:53.398 (1617908461)|STATEMENT_EXECUTE|[35]
15:48:53.398 (1617909577)|STATEMENT_EXECUTE|[36]
15:48:53.398 (1618400810)|VARIABLE_ASSIGNMENT|[36]|listaParaValidar|[{"Status":"Draft","LastModifiedDate":"2026-04-10T18:48:53.000Z","Country__c":"a03g80000084tcUAAQ","IsDeleted":false,"AccountId":"001g8000009VivhAAC","OrderNumber":"00100116","TotalAmount":380385.50,"StatusCode":"Draft","IsReductionOrder":false,"SystemModstamp":"2026-04-10T18:48:53.000Z","City__c":"a05g8000002BgdtAAC","OwnerId":"005g80000010N45AAE","CreatedById":"005g80000010N45AAE","DistributionCenter__c":"a06g8000001gZKDAA2","CreatedDate":"2026-04-10T18:48:53.000Z","Pricebook2Id":"01sg8000000h7xWAAQ","Id":"801g8000009VivkAAC","LastModifiedById":"005g80000010N45AAE","State__c":"a04g8000000b5VNAAY","EffectiveDate":"2026-04-10T00:00:00.000Z"}]|0x507f4914
15:48:53.398 (1618449052)|HEAP_ALLOCATE|[40]|Bytes:5
15:48:53.398 (1618468834)|HEAP_ALLOCATE|[40]|Bytes:4
15:48:53.398 (1618478092)|VARIABLE_SCOPE_BEGIN|[40]|pedido|Order|true|false
15:48:53.398 (1618868027)|VARIABLE_ASSIGNMENT|[40]|pedido|{"Status":"Draft","LastModifiedDate":"2026-04-10T18:48:53.000Z","Country__c":"a03g80000084tcUAAQ","IsDeleted":false,"AccountId":"001g8000009VivhAAC","OrderNumber":"00100116","TotalAmount":380385.50,"StatusCode":"Draft","IsReductionOrder":false,"SystemModstamp":"2026-04-10T18:48:53.000Z","City__c":"a05g8000002BgdtAAC","OwnerId":"005g80000010N45AAE","CreatedById":"005g80000010N45AAE","DistributionCenter__c":"a06g8000001gZKDAA2","CreatedDate":"2026-04-10T18:48:53.000Z","Pricebook2Id":"01sg8000000h7xWAAQ","Id":"801g8000009VivkAAC","LastModifiedById":"005g80000010N45AAE","State__c":"a04g8000000b5VNAAY","EffectiveDate":"2026-04-10T00:00:00.000Z"}|0x5bff75f5
15:48:53.398 (1618878320)|STATEMENT_EXECUTE|[40]
15:48:53.398 (1618879351)|STATEMENT_EXECUTE|[42]
15:48:53.398 (1618910748)|VARIABLE_SCOPE_BEGIN|[42]|pedidoAntigo|Order|true|false
15:48:53.398 (1619251731)|VARIABLE_ASSIGNMENT|[42]|pedidoAntigo|{"Status":"Draft","LastModifiedDate":"2026-04-10T18:48:53.000Z","Country__c":"a03g80000084tcUAAQ","IsDeleted":false,"AccountId":"001g8000009VivhAAC","OrderNumber":"00100116","TotalAmount":0.00,"StatusCode":"Draft","IsReductionOrder":false,"SystemModstamp":"2026-04-10T18:48:53.000Z","City__c":"a05g8000002BgdtAAC","OwnerId":"005g80000010N45AAE","CreatedById":"005g80000010N45AAE","DistributionCenter__c":"a06g8000001gZKDAA2","CreatedDate":"2026-04-10T18:48:53.000Z","Pricebook2Id":"01sg8000000h7xWAAQ","Id":"801g8000009VivkAAC","LastModifiedById":"005g80000010N45AAE","State__c":"a04g8000000b5VNAAY","EffectiveDate":"2026-04-10T00:00:00.000Z"}|0x686d5615
15:48:53.398 (1619259934)|STATEMENT_EXECUTE|[45]
15:48:53.398 (1619265799)|VARIABLE_SCOPE_BEGIN|[45]|validacaoStatus|String|false|false
15:48:53.398 (1619270472)|VARIABLE_ASSIGNMENT|[45]|validacaoStatus|"Draft"
15:48:53.398 (1619286723)|STATEMENT_EXECUTE|[47]
15:48:53.398 (1619294054)|HEAP_ALLOCATE|[40]|Bytes:5
15:48:53.398 (1619300852)|VARIABLE_ASSIGNMENT|[40]|pedido|null|
15:48:53.398 (1619307751)|METHOD_EXIT|[17]|01pg8000001LXzh|OrderHandler.checkActiveOrder()
15:48:53.398 (1619311873)|METHOD_EXIT|[140]|01pg8000001LXzh|OrderHandler.beforeUpdate()
15:48:53.398 (1619314729)|STATEMENT_EXECUTE|[158]
15:48:53.398 (1619319810)|METHOD_ENTRY|[158]|01pg80000019iSf|TriggerHandler.andFinally()
15:48:53.398 (1619323398)|VARIABLE_SCOPE_BEGIN|[746]|this|TriggerHandler|true|false
15:48:53.398 (1619349174)|VARIABLE_ASSIGNMENT|[746]|this|{"newRecords":"0x507f4914","newRecordsMap":"0x5eedb996","oldRecords":"0x2de3958f","oldRecordsMap":"0x7162b524","handlerName":"OrderHandler","isTriggerExecuting":true,"triggerEvent":"0x8e381db"}|0x2c5e006f
15:48:53.398 (1619357671)|STATEMENT_EXECUTE|[746]
15:48:53.398 (1619359301)|METHOD_EXIT|[158]|01pg80000019iSf|TriggerHandler.andFinally()
15:48:53.398 (1619363077)|STATEMENT_EXECUTE|[160]
15:48:53.398 (1619365516)|STATEMENT_EXECUTE|[176]
15:48:53.398 (1619367669)|METHOD_EXIT|[2]|01pg80000019iSf|TriggerHandler.run()
15:48:53.619 (1619374477)|CUMULATIVE_LIMIT_USAGE
15:48:53.619 (1619374477)|LIMIT_USAGE_FOR_NS|(default)|
  Number of SOQL queries: 4 out of 100
  Number of query rows: 4 out of 50000
  Number of SOSL queries: 0 out of 20
  Number of DML statements: 14 out of 150
  Number of Publish Immediate DML: 0 out of 150
  Number of DML rows: 14 out of 10000
  Maximum CPU time: 91 out of 10000
  Maximum heap size: 0 out of 6000000
  Number of callouts: 0 out of 100
  Number of Email Invocations: 0 out of 10
  Number of future calls: 0 out of 50
  Number of queueable jobs added to the queue: 0 out of 50
  Number of Mobile Apex push calls: 0 out of 10

15:48:53.619 (1619374477)|TESTING_LIMITS
15:48:53.619 (1619374477)|LIMIT_USAGE_FOR_NS|(default)|
  Number of SOQL queries: 8 out of 100
  Number of query rows: 7 out of 50000
  Number of SOSL queries: 0 out of 20
  Number of DML statements: 1 out of 150
  Number of Publish Immediate DML: 0 out of 150
  Number of DML rows: 1 out of 10000
  Maximum CPU time: 0 out of 10000
  Maximum heap size: 0 out of 6000000
  Number of callouts: 0 out of 100
  Number of Email Invocations: 0 out of 10
  Number of future calls: 0 out of 50
  Number of queueable jobs added to the queue: 0 out of 50
  Number of Mobile Apex push calls: 0 out of 10

15:48:53.619 (1619374477)|CUMULATIVE_LIMIT_USAGE_END

15:48:53.398 (1619540733)|CODE_UNIT_FINISHED|OrderTrigger on Order trigger event BeforeUpdate|__sfdc_trigger/OrderTrigger
15:48:53.398 (1621197399)|CODE_UNIT_STARTED|[EXTERNAL]|Validation:Order:801g8000009Vivk
15:48:53.398 (1621218459)|VALIDATION_RULE|03dg8000000aS4D|Bloquear_Alteracao_Conta_Pedido
15:48:53.398 (1621364045)|VALIDATION_FORMULA|ISCHANGED(AccountId) && NOT(ISNEW())|AccountId=001g8000009Vivh
15:48:53.398 (1621369501)|VALIDATION_PASS
15:48:53.398 (1621374516)|CODE_UNIT_FINISHED|Validation:Order:801g8000009Vivk
15:48:53.398 (1631866058)|CODE_UNIT_STARTED|[EXTERNAL]|01qg8000000GdOn|OrderTrigger on Order trigger event AfterUpdate|__sfdc_trigger/OrderTrigger
15:48:53.398 (1631934143)|HEAP_ALLOCATE|[EXTERNAL]|Bytes:8
15:48:53.398 (1632005670)|HEAP_ALLOCATE|[EXTERNAL]|Bytes:8
15:48:53.398 (1632100832)|HEAP_ALLOCATE|[EXTERNAL]|Bytes:4
15:48:53.398 (1632111930)|VARIABLE_SCOPE_BEGIN|[1]|this|OrderTrigger|true|false
15:48:53.398 (1632148598)|VARIABLE_ASSIGNMENT|[1]|this|{}|0x7aa8a2cb
15:48:53.398 (1632181315)|HEAP_ALLOCATE|[EXTERNAL]|Bytes:4
15:48:53.398 (1632186498)|VARIABLE_SCOPE_BEGIN|[1]|this|OrderTrigger|true|false
15:48:53.398 (1632192406)|VARIABLE_ASSIGNMENT|[1]|this|{}|0x7aa8a2cb
15:48:53.398 (1632200839)|STATEMENT_EXECUTE|[1]
15:48:53.398 (1632201914)|STATEMENT_EXECUTE|[2]
15:48:53.398 (1632236358)|HEAP_ALLOCATE|[2]|Bytes:32
15:48:53.398 (1632247890)|CONSTRUCTOR_ENTRY|[2]|01pg8000001LXzh|<init>()|OrderHandler
15:48:53.398 (1632256062)|VARIABLE_SCOPE_BEGIN|[8]|this|OrderHandler|true|false
15:48:53.398 (1632275745)|VARIABLE_ASSIGNMENT|[8]|this|{}|0x48b3c847
15:48:53.398 (1632279815)|STATEMENT_EXECUTE|[1]
15:48:53.398 (1632281008)|STATEMENT_EXECUTE|[3]
15:48:53.398 (1632282045)|STATEMENT_EXECUTE|[4]
15:48:53.398 (1632282850)|STATEMENT_EXECUTE|[5]
15:48:53.398 (1632283645)|STATEMENT_EXECUTE|[6]
15:48:53.398 (1632284480)|STATEMENT_EXECUTE|[9]
15:48:53.398 (1632294768)|CONSTRUCTOR_ENTRY|[9]|01pg80000019iSf|<init>(String)|TriggerHandler
15:48:53.398 (1632299360)|VARIABLE_SCOPE_BEGIN|[107]|this|TriggerHandler|true|false
15:48:53.398 (1632306561)|VARIABLE_ASSIGNMENT|[107]|this|{}|0x48b3c847
15:48:53.398 (1632309372)|VARIABLE_SCOPE_BEGIN|[107]|handlerName|String|false|false
15:48:53.398 (1632318710)|VARIABLE_ASSIGNMENT|[107]|handlerName|"OrderHandler"
15:48:53.398 (1632321881)|STATEMENT_EXECUTE|[15]
15:48:53.398 (1632323011)|STATEMENT_EXECUTE|[50]
15:48:53.398 (1632324129)|STATEMENT_EXECUTE|[57]
15:48:53.398 (1632325205)|STATEMENT_EXECUTE|[671]
15:48:53.398 (1632341754)|STATEMENT_EXECUTE|[107]
15:48:53.398 (1632342915)|STATEMENT_EXECUTE|[108]
15:48:53.398 (1632346778)|STATEMENT_EXECUTE|[109]
15:48:53.398 (1632354343)|METHOD_ENTRY|[109]|01pg80000019iSf|TriggerHandler.setTriggerContext()
15:48:53.398 (1632358345)|VARIABLE_SCOPE_BEGIN|[565]|this|TriggerHandler|true|false
15:48:53.398 (1632367409)|VARIABLE_ASSIGNMENT|[565]|this|{"handlerName":"OrderHandler"}|0x48b3c847
15:48:53.398 (1632378470)|STATEMENT_EXECUTE|[565]
15:48:53.398 (1632379563)|STATEMENT_EXECUTE|[566]
15:48:53.398 (1632435512)|HEAP_ALLOCATE|[566]|Bytes:16
15:48:53.398 (1632446281)|METHOD_ENTRY|[566]|01pg80000019iSf|TriggerHandler.setTriggerContext(System.TriggerOperation, Boolean)
15:48:53.398 (1632449503)|VARIABLE_SCOPE_BEGIN|[582]|this|TriggerHandler|true|false
15:48:53.398 (1632457564)|VARIABLE_ASSIGNMENT|[582]|this|{"handlerName":"OrderHandler"}|0x48b3c847
15:48:53.398 (1632460503)|VARIABLE_SCOPE_BEGIN|[582]|opType|System.TriggerOperation|true|false
15:48:53.398 (1632473400)|VARIABLE_ASSIGNMENT|[582]|opType|"AFTER_UPDATE"|0x3d052ac1
15:48:53.398 (1632480404)|VARIABLE_SCOPE_BEGIN|[582]|testMode|Boolean|false|false
15:48:53.398 (1632486084)|VARIABLE_ASSIGNMENT|[582]|testMode|false
15:48:53.398 (1632490038)|STATEMENT_EXECUTE|[582]
15:48:53.398 (1632497925)|STATEMENT_EXECUTE|[586]
15:48:53.398 (1632498796)|STATEMENT_EXECUTE|[587]
15:48:53.398 (1632501324)|HEAP_ALLOCATE|[587]|Bytes:5
15:48:53.398 (1632506569)|STATEMENT_EXECUTE|[590]
15:48:53.398 (1632507439)|STATEMENT_EXECUTE|[592]
15:48:53.398 (1632516938)|HEAP_ALLOCATE|[592]|Bytes:16
15:48:53.398 (1632521854)|STATEMENT_EXECUTE|[595]
15:48:53.398 (1632528949)|VARIABLE_SCOPE_BEGIN|[595]|context|String|false|false
15:48:53.398 (1632566595)|VARIABLE_ASSIGNMENT|[595]|context|"AFTER_UPDATE"
15:48:53.398 (1632570208)|STATEMENT_EXECUTE|[597]
15:48:53.398 (1632600379)|HEAP_ALLOCATE|[604]|Bytes:13
15:48:53.398 (1632611190)|HEAP_ALLOCATE|[607]|Bytes:12
15:48:53.398 (1632618809)|HEAP_ALLOCATE|[610]|Bytes:12
15:48:53.398 (1632626224)|STATEMENT_EXECUTE|[610]
15:48:53.398 (1632627339)|STATEMENT_EXECUTE|[611]
15:48:53.398 (1632634063)|METHOD_EXIT|[566]|01pg80000019iSf|TriggerHandler.setTriggerContext(System.TriggerOperation, Boolean)
15:48:53.398 (1632637449)|METHOD_EXIT|[109]|01pg80000019iSf|TriggerHandler.setTriggerContext()
15:48:53.398 (1632642635)|CONSTRUCTOR_EXIT|[9]|01pg80000019iSf|<init>(String)|TriggerHandler
15:48:53.398 (1632645881)|STATEMENT_EXECUTE|[8]
15:48:53.398 (1632646934)|STATEMENT_EXECUTE|[10]
15:48:53.398 (1633365777)|VARIABLE_ASSIGNMENT|[10]|this.newRecords|[{"Status":"Draft","LastModifiedDate":"2026-04-10T18:48:53.000Z","Country__c":"a03g80000084tcUAAQ","IsDeleted":false,"AccountId":"001g8000009VivhAAC","OrderNumber":"00100116","TotalAmount":380385.50,"StatusCode":"Draft","IsReductionOrder":false,"SystemModstamp":"2026-04-10T18:48:53.000Z","City__c":"a05g8000002BgdtAAC","OwnerId":"005g80000010N45AAE","CreatedById":"005g80000010N45AAE","DistributionCenter__c":"a06g8000001gZKDAA2","CreatedDate":"2026-04-10T18:48:53.000Z","Pricebook2Id":"01sg8000000h7xWAAQ","Id":"801g8000009VivkAAC","LastModifiedById":"005g80000010N45AAE","State__c":"a04g8000000b5VNAAY","EffectiveDate":"2026-04-10T00:00:00.000Z"}]|0x48b3c847
15:48:53.398 (1633377699)|STATEMENT_EXECUTE|[11]
15:48:53.398 (1633824822)|VARIABLE_ASSIGNMENT|[11]|this.oldRecords|[{"Status":"Draft","LastModifiedDate":"2026-04-10T18:48:53.000Z","Country__c":"a03g80000084tcUAAQ","IsDeleted":false,"AccountId":"001g8000009VivhAAC","OrderNumber":"00100116","TotalAmount":0.00,"StatusCode":"Draft","IsReductionOrder":false,"SystemModstamp":"2026-04-10T18:48:53.000Z","City__c":"a05g8000002BgdtAAC","OwnerId":"005g80000010N45AAE","CreatedById":"005g80000010N45AAE","DistributionCenter__c":"a06g8000001gZKDAA2","CreatedDate":"2026-04-10T18:48:53.000Z","Pricebook2Id":"01sg8000000h7xWAAQ","Id":"801g8000009VivkAAC","LastModifiedById":"005g80000010N45AAE","State__c":"a04g8000000b5VNAAY","EffectiveDate":"2026-04-10T00:00:00.000Z"}]|0x48b3c847
15:48:53.398 (1633833308)|STATEMENT_EXECUTE|[12]
15:48:53.398 (1634208207)|VARIABLE_ASSIGNMENT|[12]|this.newRecordsMap|{"801g8000009VivkAAC":{"Status":"Draft","LastModifiedDate":"2026-04-10T18:48:53.000Z","Country__c":"a03g80000084tcUAAQ","IsDeleted":false,"AccountId":"001g8000009VivhAAC","OrderNumber":"00100116","TotalAmount":380385.50,"StatusCode":"Draft","IsReductionOrder":false,"SystemModstamp":"2026-04-10T18:48:53.000Z","City__c":"a05g8000002BgdtAAC","OwnerId":"005g80000010N45AAE","CreatedById":"005g80000010N45AAE","DistributionCenter__c":"a06g8000001gZKDAA2","CreatedDate":"2026-04-10T18:48:53.000Z","Pricebook2Id":"01sg8000000h7xWAAQ","Id":"801g8000009VivkAAC","LastModifiedById":"005g80000010N45AAE","State__c":"a04g8000000b5VNAAY","EffectiveDate":"2026-04-10T00:00:00.000Z"}}|0x48b3c847
15:48:53.398 (1634216046)|STATEMENT_EXECUTE|[13]
15:48:53.398 (1634557581)|VARIABLE_ASSIGNMENT|[13]|this.oldRecordsMap|{"801g8000009VivkAAC":{"Status":"Draft","LastModifiedDate":"2026-04-10T18:48:53.000Z","Country__c":"a03g80000084tcUAAQ","IsDeleted":false,"AccountId":"001g8000009VivhAAC","OrderNumber":"00100116","TotalAmount":0.00,"StatusCode":"Draft","IsReductionOrder":false,"SystemModstamp":"2026-04-10T18:48:53.000Z","City__c":"a05g8000002BgdtAAC","OwnerId":"005g80000010N45AAE","CreatedById":"005g80000010N45AAE","DistributionCenter__c":"a06g8000001gZKDAA2","CreatedDate":"2026-04-10T18:48:53.000Z","Pricebook2Id":"01sg8000000h7xWAAQ","Id":"801g8000009VivkAAC","LastModifiedById":"005g80000010N45AAE","State__c":"a04g8000000b5VNAAY","EffectiveDate":"2026-04-10T00:00:00.000Z"}}|0x48b3c847
15:48:53.398 (1634569334)|CONSTRUCTOR_EXIT|[2]|01pg8000001LXzh|<init>()|OrderHandler
15:48:53.398 (1634576772)|METHOD_ENTRY|[2]|01pg80000019iSf|TriggerHandler.run()
15:48:53.398 (1634581354)|VARIABLE_SCOPE_BEGIN|[120]|this|TriggerHandler|true|false
15:48:53.398 (1634609307)|VARIABLE_ASSIGNMENT|[120]|this|{"newRecords":"0x3f4fd2e0","newRecordsMap":"0x2b996e98","oldRecords":"0x14982fda","oldRecordsMap":"0x423f3cfe","handlerName":"OrderHandler","isTriggerExecuting":true,"triggerEvent":"0x3d052ac1"}|0x48b3c847
15:48:53.398 (1634618608)|STATEMENT_EXECUTE|[120]
15:48:53.398 (1634622937)|METHOD_ENTRY|[121]|01pg80000019iSf|TriggerHandler.validateRun()
15:48:53.398 (1634626378)|VARIABLE_SCOPE_BEGIN|[661]|this|TriggerHandler|true|false
15:48:53.398 (1634637442)|VARIABLE_ASSIGNMENT|[661]|this|{"newRecords":"0x3f4fd2e0","newRecordsMap":"0x2b996e98","oldRecords":"0x14982fda","oldRecordsMap":"0x423f3cfe","handlerName":"OrderHandler","isTriggerExecuting":true,"triggerEvent":"0x3d052ac1"}|0x48b3c847
15:48:53.398 (1634642457)|STATEMENT_EXECUTE|[661]
15:48:53.398 (1634647397)|STATEMENT_EXECUTE|[662]
15:48:53.398 (1634648447)|STATEMENT_EXECUTE|[665]
15:48:53.398 (1634653468)|METHOD_ENTRY|[665]|01pg80000019iSf|TriggerHandler.getHandlerName()
15:48:53.398 (1634656403)|VARIABLE_SCOPE_BEGIN|[680]|this|TriggerHandler|true|false
15:48:53.398 (1634665401)|VARIABLE_ASSIGNMENT|[680]|this|{"newRecords":"0x3f4fd2e0","newRecordsMap":"0x2b996e98","oldRecords":"0x14982fda","oldRecordsMap":"0x423f3cfe","handlerName":"OrderHandler","isTriggerExecuting":true,"triggerEvent":"0x3d052ac1"}|0x48b3c847
15:48:53.398 (1634670224)|STATEMENT_EXECUTE|[680]
15:48:53.398 (1634688556)|STATEMENT_EXECUTE|[681]
15:48:53.398 (1634689572)|STATEMENT_EXECUTE|[684]
15:48:53.398 (1634691684)|METHOD_EXIT|[665]|01pg80000019iSf|TriggerHandler.getHandlerName()
15:48:53.398 (1634708396)|METHOD_EXIT|[121]|01pg80000019iSf|TriggerHandler.validateRun()
15:48:53.398 (1634711487)|STATEMENT_EXECUTE|[121]
15:48:53.398 (1634714412)|METHOD_ENTRY|[126]|01pg80000019iSf|TriggerHandler.incrementCheckLoopCount()
15:48:53.398 (1634717580)|VARIABLE_SCOPE_BEGIN|[634]|this|TriggerHandler|true|false
15:48:53.398 (1634727148)|VARIABLE_ASSIGNMENT|[634]|this|{"newRecords":"0x3f4fd2e0","newRecordsMap":"0x2b996e98","oldRecords":"0x14982fda","oldRecordsMap":"0x423f3cfe","handlerName":"OrderHandler","isTriggerExecuting":true,"triggerEvent":"0x3d052ac1"}|0x48b3c847
15:48:53.398 (1634732442)|STATEMENT_EXECUTE|[634]
15:48:53.398 (1634733396)|STATEMENT_EXECUTE|[635]
15:48:53.398 (1634735656)|METHOD_ENTRY|[635]|01pg80000019iSf|TriggerHandler.getHandlerName()
15:48:53.398 (1634737907)|VARIABLE_SCOPE_BEGIN|[680]|this|TriggerHandler|true|false
15:48:53.398 (1634746575)|VARIABLE_ASSIGNMENT|[680]|this|{"newRecords":"0x3f4fd2e0","newRecordsMap":"0x2b996e98","oldRecords":"0x14982fda","oldRecordsMap":"0x423f3cfe","handlerName":"OrderHandler","isTriggerExecuting":true,"triggerEvent":"0x3d052ac1"}|0x48b3c847
15:48:53.398 (1634750341)|STATEMENT_EXECUTE|[680]
15:48:53.398 (1634772463)|STATEMENT_EXECUTE|[681]
15:48:53.398 (1634773488)|STATEMENT_EXECUTE|[684]
15:48:53.398 (1634775432)|METHOD_EXIT|[635]|01pg80000019iSf|TriggerHandler.getHandlerName()
15:48:53.398 (1634778756)|VARIABLE_SCOPE_BEGIN|[635]|handlerName|String|false|false
15:48:53.398 (1634784412)|VARIABLE_ASSIGNMENT|[635]|handlerName|"OrderHandler"
15:48:53.398 (1634795833)|STATEMENT_EXECUTE|[636]
15:48:53.398 (1634796947)|STATEMENT_EXECUTE|[649]
15:48:53.398 (1634798499)|METHOD_EXIT|[126]|01pg80000019iSf|TriggerHandler.incrementCheckLoopCount()
15:48:53.398 (1634801049)|STATEMENT_EXECUTE|[126]
15:48:53.398 (1634803600)|STATEMENT_EXECUTE|[130]
15:48:53.398 (1634804452)|STATEMENT_EXECUTE|[135]
15:48:53.398 (1634871590)|STATEMENT_EXECUTE|[148]
15:48:53.398 (1634872621)|STATEMENT_EXECUTE|[149]
15:48:53.398 (1634885557)|METHOD_ENTRY|[149]|01pg8000001LXzh|OrderHandler.afterUpdate()
15:48:53.398 (1634889562)|VARIABLE_SCOPE_BEGIN|[20]|this|OrderHandler|true|false
15:48:53.398 (1634900652)|VARIABLE_ASSIGNMENT|[20]|this|{"newRecords":"0x3f4fd2e0","newRecordsMap":"0x2b996e98","oldRecords":"0x14982fda","oldRecordsMap":"0x423f3cfe","handlerName":"OrderHandler","isTriggerExecuting":true,"triggerEvent":"0x3d052ac1"}|0x48b3c847
15:48:53.398 (1634907692)|STATEMENT_EXECUTE|[20]
15:48:53.398 (1634909086)|STATEMENT_EXECUTE|[21]
15:48:53.398 (1634914857)|METHOD_ENTRY|[21]|01pg8000001LXzh|OrderHandler.checkActiveOrder()
15:48:53.398 (1634918466)|VARIABLE_SCOPE_BEGIN|[30]|this|OrderHandler|true|false
15:48:53.398 (1634927105)|VARIABLE_ASSIGNMENT|[30]|this|{"newRecords":"0x3f4fd2e0","newRecordsMap":"0x2b996e98","oldRecords":"0x14982fda","oldRecordsMap":"0x423f3cfe","handlerName":"OrderHandler","isTriggerExecuting":true,"triggerEvent":"0x3d052ac1"}|0x48b3c847
15:48:53.398 (1634932266)|STATEMENT_EXECUTE|[30]
15:48:53.398 (1634933246)|STATEMENT_EXECUTE|[31]
15:48:53.398 (1634936301)|VARIABLE_SCOPE_BEGIN|[31]|listaParaValidar|List<Order>|true|false
15:48:53.398 (1634941567)|VARIABLE_ASSIGNMENT|[31]|listaParaValidar|null|
15:48:53.398 (1634948067)|STATEMENT_EXECUTE|[35]
15:48:53.398 (1634949040)|STATEMENT_EXECUTE|[36]
15:48:53.398 (1635349590)|VARIABLE_ASSIGNMENT|[36]|listaParaValidar|[{"Status":"Draft","LastModifiedDate":"2026-04-10T18:48:53.000Z","Country__c":"a03g80000084tcUAAQ","IsDeleted":false,"AccountId":"001g8000009VivhAAC","OrderNumber":"00100116","TotalAmount":380385.50,"StatusCode":"Draft","IsReductionOrder":false,"SystemModstamp":"2026-04-10T18:48:53.000Z","City__c":"a05g8000002BgdtAAC","OwnerId":"005g80000010N45AAE","CreatedById":"005g80000010N45AAE","DistributionCenter__c":"a06g8000001gZKDAA2","CreatedDate":"2026-04-10T18:48:53.000Z","Pricebook2Id":"01sg8000000h7xWAAQ","Id":"801g8000009VivkAAC","LastModifiedById":"005g80000010N45AAE","State__c":"a04g8000000b5VNAAY","EffectiveDate":"2026-04-10T00:00:00.000Z"}]|0x3f4fd2e0
15:48:53.398 (1635383339)|HEAP_ALLOCATE|[40]|Bytes:5
15:48:53.398 (1635404510)|VARIABLE_SCOPE_BEGIN|[40]|pedido|Order|true|false
15:48:53.398 (1635746332)|VARIABLE_ASSIGNMENT|[40]|pedido|{"Status":"Draft","LastModifiedDate":"2026-04-10T18:48:53.000Z","Country__c":"a03g80000084tcUAAQ","IsDeleted":false,"AccountId":"001g8000009VivhAAC","OrderNumber":"00100116","TotalAmount":380385.50,"StatusCode":"Draft","IsReductionOrder":false,"SystemModstamp":"2026-04-10T18:48:53.000Z","City__c":"a05g8000002BgdtAAC","OwnerId":"005g80000010N45AAE","CreatedById":"005g80000010N45AAE","DistributionCenter__c":"a06g8000001gZKDAA2","CreatedDate":"2026-04-10T18:48:53.000Z","Pricebook2Id":"01sg8000000h7xWAAQ","Id":"801g8000009VivkAAC","LastModifiedById":"005g80000010N45AAE","State__c":"a04g8000000b5VNAAY","EffectiveDate":"2026-04-10T00:00:00.000Z"}|0x3a62e8b
15:48:53.398 (1635754895)|STATEMENT_EXECUTE|[40]
15:48:53.398 (1635755876)|STATEMENT_EXECUTE|[42]
15:48:53.398 (1635780097)|VARIABLE_SCOPE_BEGIN|[42]|pedidoAntigo|Order|true|false
15:48:53.398 (1636111911)|VARIABLE_ASSIGNMENT|[42]|pedidoAntigo|{"Status":"Draft","LastModifiedDate":"2026-04-10T18:48:53.000Z","Country__c":"a03g80000084tcUAAQ","IsDeleted":false,"AccountId":"001g8000009VivhAAC","OrderNumber":"00100116","TotalAmount":0.00,"StatusCode":"Draft","IsReductionOrder":false,"SystemModstamp":"2026-04-10T18:48:53.000Z","City__c":"a05g8000002BgdtAAC","OwnerId":"005g80000010N45AAE","CreatedById":"005g80000010N45AAE","DistributionCenter__c":"a06g8000001gZKDAA2","CreatedDate":"2026-04-10T18:48:53.000Z","Pricebook2Id":"01sg8000000h7xWAAQ","Id":"801g8000009VivkAAC","LastModifiedById":"005g80000010N45AAE","State__c":"a04g8000000b5VNAAY","EffectiveDate":"2026-04-10T00:00:00.000Z"}|0x63ab7dc9
15:48:53.398 (1636119480)|STATEMENT_EXECUTE|[45]
15:48:53.398 (1636125001)|VARIABLE_SCOPE_BEGIN|[45]|validacaoStatus|String|false|false
15:48:53.398 (1636129487)|VARIABLE_ASSIGNMENT|[45]|validacaoStatus|"Draft"
15:48:53.398 (1636142080)|STATEMENT_EXECUTE|[47]
15:48:53.398 (1636147390)|HEAP_ALLOCATE|[40]|Bytes:5
15:48:53.398 (1636153566)|VARIABLE_ASSIGNMENT|[40]|pedido|null|
15:48:53.398 (1636158661)|METHOD_EXIT|[21]|01pg8000001LXzh|OrderHandler.checkActiveOrder()
15:48:53.398 (1636161227)|STATEMENT_EXECUTE|[22]
15:48:53.398 (1636166676)|METHOD_ENTRY|[22]|01pg8000001LXzh|OrderHandler.itemsRecalculation()
15:48:53.398 (1636170237)|VARIABLE_SCOPE_BEGIN|[54]|this|OrderHandler|true|false
15:48:53.398 (1636188645)|VARIABLE_ASSIGNMENT|[54]|this|{"newRecords":"0x3f4fd2e0","newRecordsMap":"0x2b996e98","oldRecords":"0x14982fda","oldRecordsMap":"0x423f3cfe","handlerName":"OrderHandler","isTriggerExecuting":true,"triggerEvent":"0x3d052ac1"}|0x48b3c847
15:48:53.398 (1636195428)|STATEMENT_EXECUTE|[54]
15:48:53.398 (1636196460)|STATEMENT_EXECUTE|[55]
15:48:53.398 (1636212497)|HEAP_ALLOCATE|[55]|Bytes:4
15:48:53.398 (1636225747)|VARIABLE_SCOPE_BEGIN|[55]|ordersToRecalculate|Set<Id>|true|false
15:48:53.398 (1636251802)|VARIABLE_ASSIGNMENT|[55]|ordersToRecalculate|[]|0x36186899
15:48:53.398 (1636267740)|HEAP_ALLOCATE|[57]|Bytes:5
15:48:53.398 (1636274755)|VARIABLE_SCOPE_BEGIN|[57]|pedido|Order|true|false
15:48:53.398 (1636661146)|VARIABLE_ASSIGNMENT|[57]|pedido|{"Status":"Draft","LastModifiedDate":"2026-04-10T18:48:53.000Z","Country__c":"a03g80000084tcUAAQ","IsDeleted":false,"AccountId":"001g8000009VivhAAC","OrderNumber":"00100116","TotalAmount":380385.50,"StatusCode":"Draft","IsReductionOrder":false,"SystemModstamp":"2026-04-10T18:48:53.000Z","City__c":"a05g8000002BgdtAAC","OwnerId":"005g80000010N45AAE","CreatedById":"005g80000010N45AAE","DistributionCenter__c":"a06g8000001gZKDAA2","CreatedDate":"2026-04-10T18:48:53.000Z","Pricebook2Id":"01sg8000000h7xWAAQ","Id":"801g8000009VivkAAC","LastModifiedById":"005g80000010N45AAE","State__c":"a04g8000000b5VNAAY","EffectiveDate":"2026-04-10T00:00:00.000Z"}|0x3a62e8b
15:48:53.398 (1636670152)|STATEMENT_EXECUTE|[57]
15:48:53.398 (1636671118)|STATEMENT_EXECUTE|[58]
15:48:53.398 (1636686512)|VARIABLE_SCOPE_BEGIN|[58]|pedidoAntigo|Order|true|false
15:48:53.398 (1637013175)|VARIABLE_ASSIGNMENT|[58]|pedidoAntigo|{"Status":"Draft","LastModifiedDate":"2026-04-10T18:48:53.000Z","Country__c":"a03g80000084tcUAAQ","IsDeleted":false,"AccountId":"001g8000009VivhAAC","OrderNumber":"00100116","TotalAmount":0.00,"StatusCode":"Draft","IsReductionOrder":false,"SystemModstamp":"2026-04-10T18:48:53.000Z","City__c":"a05g8000002BgdtAAC","OwnerId":"005g80000010N45AAE","CreatedById":"005g80000010N45AAE","DistributionCenter__c":"a06g8000001gZKDAA2","CreatedDate":"2026-04-10T18:48:53.000Z","Pricebook2Id":"01sg8000000h7xWAAQ","Id":"801g8000009VivkAAC","LastModifiedById":"005g80000010N45AAE","State__c":"a04g8000000b5VNAAY","EffectiveDate":"2026-04-10T00:00:00.000Z"}|0x63ab7dc9
15:48:53.398 (1637065609)|STATEMENT_EXECUTE|[60]
15:48:53.398 (1637072097)|HEAP_ALLOCATE|[57]|Bytes:5
15:48:53.398 (1637079154)|VARIABLE_ASSIGNMENT|[57]|pedido|null|
15:48:53.398 (1637089506)|STATEMENT_EXECUTE|[67]
15:48:53.398 (1637092419)|METHOD_EXIT|[22]|01pg8000001LXzh|OrderHandler.itemsRecalculation()
15:48:53.398 (1637096796)|METHOD_EXIT|[149]|01pg8000001LXzh|OrderHandler.afterUpdate()
15:48:53.398 (1637099574)|STATEMENT_EXECUTE|[158]
15:48:53.398 (1637103932)|METHOD_ENTRY|[158]|01pg80000019iSf|TriggerHandler.andFinally()
15:48:53.398 (1637107483)|VARIABLE_SCOPE_BEGIN|[746]|this|TriggerHandler|true|false
15:48:53.398 (1637127975)|VARIABLE_ASSIGNMENT|[746]|this|{"newRecords":"0x3f4fd2e0","newRecordsMap":"0x2b996e98","oldRecords":"0x14982fda","oldRecordsMap":"0x423f3cfe","handlerName":"OrderHandler","isTriggerExecuting":true,"triggerEvent":"0x3d052ac1"}|0x48b3c847
15:48:53.398 (1637134962)|STATEMENT_EXECUTE|[746]
15:48:53.398 (1637136530)|METHOD_EXIT|[158]|01pg80000019iSf|TriggerHandler.andFinally()
15:48:53.398 (1637140268)|STATEMENT_EXECUTE|[160]
15:48:53.398 (1637141899)|STATEMENT_EXECUTE|[176]
15:48:53.398 (1637144082)|METHOD_EXIT|[2]|01pg80000019iSf|TriggerHandler.run()
15:48:53.637 (1637150544)|CUMULATIVE_LIMIT_USAGE
15:48:53.637 (1637150544)|LIMIT_USAGE_FOR_NS|(default)|
  Number of SOQL queries: 4 out of 100
  Number of query rows: 4 out of 50000
  Number of SOSL queries: 0 out of 20
  Number of DML statements: 14 out of 150
  Number of Publish Immediate DML: 0 out of 150
  Number of DML rows: 14 out of 10000
  Maximum CPU time: 91 out of 10000
  Maximum heap size: 0 out of 6000000
  Number of callouts: 0 out of 100
  Number of Email Invocations: 0 out of 10
  Number of future calls: 0 out of 50
  Number of queueable jobs added to the queue: 0 out of 50
  Number of Mobile Apex push calls: 0 out of 10

15:48:53.637 (1637150544)|TESTING_LIMITS
15:48:53.637 (1637150544)|LIMIT_USAGE_FOR_NS|(default)|
  Number of SOQL queries: 8 out of 100
  Number of query rows: 7 out of 50000
  Number of SOSL queries: 0 out of 20
  Number of DML statements: 1 out of 150
  Number of Publish Immediate DML: 0 out of 150
  Number of DML rows: 1 out of 10000
  Maximum CPU time: 0 out of 10000
  Maximum heap size: 0 out of 6000000
  Number of callouts: 0 out of 100
  Number of Email Invocations: 0 out of 10
  Number of future calls: 0 out of 50
  Number of queueable jobs added to the queue: 0 out of 50
  Number of Mobile Apex push calls: 0 out of 10

15:48:53.637 (1637150544)|CUMULATIVE_LIMIT_USAGE_END

15:48:53.398 (1637322902)|CODE_UNIT_FINISHED|OrderTrigger on Order trigger event AfterUpdate|__sfdc_trigger/OrderTrigger
15:48:53.398 (1640127466)|DML_END|[116]
15:48:53.398 (1640497047)|STATEMENT_EXECUTE|[117]
15:48:53.398 (1640526880)|METHOD_ENTRY|[117]||System.Test.stopTest()
15:48:53.398 (1640776057)|METHOD_EXIT|[117]||System.Test.stopTest()
15:48:53.398 (1640785169)|STATEMENT_EXECUTE|[119]
15:48:53.398 (1640792794)|HEAP_ALLOCATE|[119]|Bytes:107
15:48:53.398 (1640811332)|HEAP_ALLOCATE|[119]|Bytes:4
15:48:53.398 (1641340628)|SOQL_EXECUTE_BEGIN|[119]|Aggregations:0|SELECT UnitPrice, MarginPercentage__c, TaxPercentage__c, FreightValue__c FROM OrderItem WHERE Id = :tmpVar1
15:48:53.398 (1649807289)|SOQL_EXECUTE_END|[119]|Rows:1
15:48:53.398 (1649842241)|HEAP_ALLOCATE|[119]|Bytes:8
15:48:53.398 (1649868399)|HEAP_ALLOCATE|[119]|Bytes:248
15:48:53.398 (1649924264)|HEAP_ALLOCATE|[119]|Bytes:8
15:48:53.398 (1649944974)|HEAP_ALLOCATE|[119]|Bytes:35
15:48:53.398 (1649971189)|HEAP_ALLOCATE|[119]|Bytes:24
15:48:53.398 (1649980258)|VARIABLE_SCOPE_BEGIN|[119]|itemResult|OrderItem|true|false
15:48:53.398 (1650089130)|VARIABLE_ASSIGNMENT|[119]|itemResult|{"UnitPrice":380385.50,"MarginPercentage__c":15.00,"Id":"802g8000002mQYaAAM","TaxPercentage__c":10.00,"FreightValue__c":700.00}|0x63d81893
15:48:53.398 (1650104429)|STATEMENT_EXECUTE|[121]
15:48:53.398 (1650137214)|HEAP_ALLOCATE|[121]|Bytes:42
15:48:53.398 (1650220844)|STATEMENT_EXECUTE|[122]
15:48:53.398 (1650222428)|HEAP_ALLOCATE|[122]|Bytes:4
15:48:53.398 (1650242244)|HEAP_ALLOCATE|[122]|Bytes:28
15:48:53.398 (1650254973)|HEAP_ALLOCATE|[122]|Bytes:41
15:48:53.398 (1650304254)|STATEMENT_EXECUTE|[123]
15:48:53.398 (1650306103)|HEAP_ALLOCATE|[123]|Bytes:4
15:48:53.398 (1650310373)|HEAP_ALLOCATE|[123]|Bytes:28
15:48:53.398 (1650327189)|HEAP_ALLOCATE|[123]|Bytes:39
15:48:53.650 (1650354126)|CUMULATIVE_LIMIT_USAGE
15:48:53.650 (1650354126)|LIMIT_USAGE_FOR_NS|(default)|
  Number of SOQL queries: 5 out of 100
  Number of query rows: 5 out of 50000
  Number of SOSL queries: 0 out of 20
  Number of DML statements: 14 out of 150
  Number of Publish Immediate DML: 0 out of 150
  Number of DML rows: 14 out of 10000
  Maximum CPU time: 91 out of 10000
  Maximum heap size: 0 out of 6000000
  Number of callouts: 0 out of 100
  Number of Email Invocations: 0 out of 10
  Number of future calls: 0 out of 50
  Number of queueable jobs added to the queue: 0 out of 50
  Number of Mobile Apex push calls: 0 out of 10

15:48:53.650 (1650354126)|TESTING_LIMITS
15:48:53.650 (1650354126)|LIMIT_USAGE_FOR_NS|(default)|
  Number of SOQL queries: 8 out of 100
  Number of query rows: 7 out of 50000
  Number of SOSL queries: 0 out of 20
  Number of DML statements: 1 out of 150
  Number of Publish Immediate DML: 0 out of 150
  Number of DML rows: 1 out of 10000
  Maximum CPU time: 0 out of 10000
  Maximum heap size: 0 out of 6000000
  Number of callouts: 0 out of 100
  Number of Email Invocations: 0 out of 10
  Number of future calls: 0 out of 50
  Number of queueable jobs added to the queue: 0 out of 50
  Number of Mobile Apex push calls: 0 out of 10

15:48:53.650 (1650354126)|CUMULATIVE_LIMIT_USAGE_END

15:48:53.398 (1650415513)|CODE_UNIT_FINISHED|OrderItemHandlerTest.pricingOrderItemTest()
15:48:53.398 (1650449447)|EXECUTION_FINISHED
15:48:53.669 (1669383214)|USER_INFO|[EXTERNAL]|005g80000010N45|sabrina.jesus@resourceful-moose-fmmd11.com|(GMT-03:00) Brasilia Standard Time (America/Sao_Paulo)|GMT-03:00
15:48:53.669 (1669412823)|EXECUTION_STARTED
15:48:53.669 (1669430560)|CODE_UNIT_STARTED|[EXTERNAL]|01pg8000001w1Mb|OrderItemHandlerTest.shouldNotAllowChangesOnActiveOrder()
15:48:53.669 (1669640739)|HEAP_ALLOCATE|[95]|Bytes:3
15:48:53.669 (1669739363)|HEAP_ALLOCATE|[100]|Bytes:152
15:48:53.669 (1669761416)|HEAP_ALLOCATE|[417]|Bytes:408
15:48:53.669 (1669781903)|HEAP_ALLOCATE|[430]|Bytes:408
15:48:53.669 (1669817646)|HEAP_ALLOCATE|[317]|Bytes:6
15:48:53.669 (1669836436)|HEAP_ALLOCATE|[EXTERNAL]|Bytes:413
15:48:53.669 (1669850173)|METHOD_ENTRY|[2]|01pg8000001w1Mb|OrderItemHandlerTest.OrderItemHandlerTest()
15:48:53.669 (1669861327)|STATEMENT_EXECUTE|[2]
15:48:53.669 (1669871983)|STATEMENT_EXECUTE|[2]
15:48:53.669 (1669877466)|METHOD_EXIT|[2]|OrderItemHandlerTest
15:48:53.669 (1669973745)|HEAP_ALLOCATE|[68]|Bytes:5
15:48:53.669 (1670011685)|HEAP_ALLOCATE|[74]|Bytes:5
15:48:53.669 (1670021926)|HEAP_ALLOCATE|[82]|Bytes:7
15:48:53.669 (1670065706)|STATEMENT_EXECUTE|[186]
15:48:53.669 (1670067507)|STATEMENT_EXECUTE|[187]
15:48:53.669 (1670070562)|HEAP_ALLOCATE|[187]|Bytes:28
15:48:53.669 (1670095281)|HEAP_ALLOCATE|[187]|Bytes:4
15:48:53.669 (1670611077)|SOQL_EXECUTE_BEGIN|[187]|Aggregations:0|SELECT Id FROM Order LIMIT 1
15:48:53.669 (1676578773)|SOQL_EXECUTE_END|[187]|Rows:1
15:48:53.669 (1676645680)|HEAP_ALLOCATE|[187]|Bytes:8
15:48:53.669 (1676675610)|HEAP_ALLOCATE|[187]|Bytes:29
15:48:53.669 (1676762819)|HEAP_ALLOCATE|[187]|Bytes:8
15:48:53.669 (1676790851)|HEAP_ALLOCATE|[187]|Bytes:31
15:48:53.669 (1676843371)|HEAP_ALLOCATE|[187]|Bytes:8
15:48:53.669 (1676855505)|VARIABLE_SCOPE_BEGIN|[187]|pedido|Order|true|false
15:48:53.669 (1676961907)|VARIABLE_ASSIGNMENT|[187]|pedido|{"Id":"801g8000009VivjAAC"}|0x477f0e54
15:48:53.669 (1676974969)|STATEMENT_EXECUTE|[188]
15:48:53.669 (1676978856)|HEAP_ALLOCATE|[188]|Bytes:37
15:48:53.669 (1676998436)|HEAP_ALLOCATE|[188]|Bytes:4
15:48:53.669 (1677369641)|SOQL_EXECUTE_BEGIN|[188]|Aggregations:0|SELECT Id FROM PricebookEntry LIMIT 1
15:48:53.669 (1723217099)|SOQL_EXECUTE_END|[188]|Rows:1
15:48:53.669 (1723254860)|HEAP_ALLOCATE|[188]|Bytes:8
15:48:53.669 (1723280155)|HEAP_ALLOCATE|[188]|Bytes:29
15:48:53.669 (1723353634)|HEAP_ALLOCATE|[188]|Bytes:8
15:48:53.669 (1723379025)|HEAP_ALLOCATE|[188]|Bytes:40
15:48:53.669 (1723419770)|HEAP_ALLOCATE|[188]|Bytes:8
15:48:53.669 (1723429283)|VARIABLE_SCOPE_BEGIN|[188]|pbe|PricebookEntry|true|false
15:48:53.669 (1723499416)|VARIABLE_ASSIGNMENT|[188]|pbe|{"Id":"01ug8000000gTiLAAU"}|0x2d639e5d
15:48:53.669 (1723510903)|STATEMENT_EXECUTE|[189]
15:48:53.669 (1723513308)|HEAP_ALLOCATE|[189]|Bytes:31
15:48:53.669 (1723529421)|HEAP_ALLOCATE|[189]|Bytes:4
15:48:53.669 (1723815660)|SOQL_EXECUTE_BEGIN|[189]|Aggregations:0|SELECT Id FROM Product2 LIMIT 1
15:48:53.669 (1728523360)|SOQL_EXECUTE_END|[189]|Rows:1
15:48:53.669 (1728582928)|HEAP_ALLOCATE|[189]|Bytes:8
15:48:53.669 (1728604707)|HEAP_ALLOCATE|[189]|Bytes:29
15:48:53.669 (1728666480)|HEAP_ALLOCATE|[189]|Bytes:8
15:48:53.669 (1728687626)|HEAP_ALLOCATE|[189]|Bytes:34
15:48:53.669 (1728722378)|HEAP_ALLOCATE|[189]|Bytes:8
15:48:53.669 (1728731694)|VARIABLE_SCOPE_BEGIN|[189]|produto|Product2|true|false
15:48:53.669 (1728793314)|VARIABLE_ASSIGNMENT|[189]|produto|{"Id":"01tg8000001RQyjAAG"}|0x684e87f4
15:48:53.669 (1728803056)|STATEMENT_EXECUTE|[191]
15:48:53.669 (1728823655)|HEAP_ALLOCATE|[191]|Bytes:4
15:48:53.669 (1728905243)|VARIABLE_ASSIGNMENT|[191]|this.OrderId|"801g8000009VivjAAC"|0x1705afcc
15:48:53.669 (1728925570)|VARIABLE_ASSIGNMENT|[191]|this.Product2Id|"01tg8000001RQyjAAG"|0x1705afcc
15:48:53.669 (1728943211)|VARIABLE_ASSIGNMENT|[191]|this.PricebookEntryId|"01ug8000000gTiLAAU"|0x1705afcc
15:48:53.669 (1728998341)|HEAP_ALLOCATE|[191]|Bytes:28
15:48:53.669 (1729000883)|HEAP_ALLOCATE|[191]|Bytes:28
15:48:53.669 (1729021875)|VARIABLE_ASSIGNMENT|[191]|this.Quantity|1|0x1705afcc
15:48:53.669 (1729029526)|HEAP_ALLOCATE|[191]|Bytes:28
15:48:53.669 (1729042322)|VARIABLE_ASSIGNMENT|[191]|this.UnitPrice|100|0x1705afcc
15:48:53.669 (1729069602)|VARIABLE_SCOPE_BEGIN|[191]|item|OrderItem|true|false
15:48:53.669 (1729085488)|VARIABLE_ASSIGNMENT|[191]|item|{"OrderId":"801g8000009VivjAAC","Product2Id":"01tg8000001RQyjAAG","PricebookEntryId":"01ug8000000gTiLAAU","Quantity":1,"UnitPrice":100}|0x1705afcc
15:48:53.669 (1729090244)|STATEMENT_EXECUTE|[198]
15:48:53.669 (1729122053)|HEAP_ALLOCATE|[198]|Bytes:8
15:48:53.669 (1729131304)|DML_BEGIN|[198]|Op:Insert|Type:OrderItem|Rows:1
15:48:53.669 (1729157695)|HEAP_ALLOCATE|[EXTERNAL]|Bytes:8
15:48:53.669 (1741550968)|CODE_UNIT_STARTED|[EXTERNAL]|01qg8000000Fou9|OrdemItemTrigger on OrderItem trigger event BeforeInsert|__sfdc_trigger/OrdemItemTrigger
15:48:53.669 (1741673209)|HEAP_ALLOCATE|[EXTERNAL]|Bytes:8
15:48:53.669 (1741745384)|HEAP_ALLOCATE|[EXTERNAL]|Bytes:4
15:48:53.669 (1741755358)|VARIABLE_SCOPE_BEGIN|[1]|this|OrdemItemTrigger|true|false
15:48:53.669 (1741786998)|VARIABLE_ASSIGNMENT|[1]|this|{}|0x6653afa7
15:48:53.669 (1741815777)|HEAP_ALLOCATE|[EXTERNAL]|Bytes:4
15:48:53.669 (1741820760)|VARIABLE_SCOPE_BEGIN|[1]|this|OrdemItemTrigger|true|false
15:48:53.669 (1741826239)|VARIABLE_ASSIGNMENT|[1]|this|{}|0x6653afa7
15:48:53.669 (1741835619)|STATEMENT_EXECUTE|[1]
15:48:53.669 (1741837476)|STATEMENT_EXECUTE|[2]
15:48:53.669 (1741857245)|VARIABLE_SCOPE_BEGIN|[63]|TriggerHandler.BYPASS_ALL_ALIAS|String|false|true
15:48:53.669 (1741860780)|VARIABLE_SCOPE_BEGIN|[839]|TriggerHandler.ERROR_TRIGGERCONTEXT|String|false|true
15:48:53.669 (1741865053)|VARIABLE_SCOPE_BEGIN|[26]|TriggerHandler.bypassedHandlers|Set<String>|true|true
15:48:53.669 (1741868459)|VARIABLE_SCOPE_BEGIN|[32]|TriggerHandler.globalBypass|Boolean|false|true
15:48:53.669 (1741872480)|VARIABLE_SCOPE_BEGIN|[20]|TriggerHandler.loopCountMap|Map<String,TriggerHandler.LoopCount>|true|true
15:48:53.669 (1741875691)|VARIABLE_SCOPE_BEGIN|[44]|TriggerHandler.showDebug|Boolean|false|true
15:48:53.669 (1741878660)|VARIABLE_SCOPE_BEGIN|[38]|TriggerHandler.showLimits|Boolean|false|true
15:48:53.669 (1741886364)|HEAP_ALLOCATE|[2]|Bytes:21
15:48:53.669 (1741890445)|HEAP_ALLOCATE|[2]|Bytes:6
15:48:53.669 (1741900698)|METHOD_ENTRY|[1]|01pg8000001EZwd|OrdemItemHandler.OrdemItemHandler()
15:48:53.669 (1741907316)|STATEMENT_EXECUTE|[1]
15:48:53.669 (1741910128)|STATEMENT_EXECUTE|[1]
15:48:53.669 (1741914017)|METHOD_EXIT|[1]|OrdemItemHandler
15:48:53.669 (1741923110)|HEAP_ALLOCATE|[2]|Bytes:32
15:48:53.669 (1741936009)|CONSTRUCTOR_ENTRY|[2]|01pg8000001EZwd|<init>()|OrdemItemHandler
15:48:53.669 (1741941723)|VARIABLE_SCOPE_BEGIN|[9]|this|OrdemItemHandler|true|false
15:48:53.669 (1741957854)|VARIABLE_ASSIGNMENT|[9]|this|{}|0x21a31721
15:48:53.669 (1741963410)|STATEMENT_EXECUTE|[1]
15:48:53.669 (1741964708)|STATEMENT_EXECUTE|[3]
15:48:53.669 (1741965908)|STATEMENT_EXECUTE|[4]
15:48:53.669 (1741966838)|STATEMENT_EXECUTE|[5]
15:48:53.669 (1741967746)|STATEMENT_EXECUTE|[6]
15:48:53.669 (1741968972)|STATEMENT_EXECUTE|[10]
15:48:53.669 (1741972084)|HEAP_ALLOCATE|[10]|Bytes:16
15:48:53.669 (1741977353)|HEAP_ALLOCATE|[10]|Bytes:33
15:48:53.669 (1741979974)|HEAP_ALLOCATE|[10]|Bytes:166
15:48:53.669 (1741981976)|HEAP_ALLOCATE|[10]|Bytes:55
15:48:53.669 (1741983829)|HEAP_ALLOCATE|[10]|Bytes:9
15:48:53.669 (1741995227)|VARIABLE_ASSIGNMENT|[10]|TriggerHandler.BYPASS_ALL_ALIAS|"BypassAll"
15:48:53.669 (1741997533)|HEAP_ALLOCATE|[10]|Bytes:51
15:48:53.669 (1742002738)|VARIABLE_ASSIGNMENT|[10]|TriggerHandler.ERROR_TRIGGERCONTEXT|"Trigger handler call (31 more) ..."
15:48:53.669 (1742015308)|METHOD_ENTRY|[15]|01pg80000019iSf|TriggerHandler.TriggerHandler()
15:48:53.669 (1742017858)|STATEMENT_EXECUTE|[15]
15:48:53.669 (1742020079)|STATEMENT_EXECUTE|[15]
15:48:53.669 (1742021070)|STATEMENT_EXECUTE|[66]
15:48:53.669 (1742022065)|STATEMENT_EXECUTE|[67]
15:48:53.669 (1742033677)|HEAP_ALLOCATE|[67]|Bytes:4
15:48:53.669 (1742054871)|VARIABLE_ASSIGNMENT|[67]|TriggerHandler.loopCountMap|{}|0x61faac1
15:48:53.669 (1742057650)|STATEMENT_EXECUTE|[68]
15:48:53.669 (1742064992)|HEAP_ALLOCATE|[68]|Bytes:4
15:48:53.669 (1742101312)|VARIABLE_ASSIGNMENT|[68]|TriggerHandler.bypassedHandlers|[]|0x3dfda9e2
15:48:53.669 (1742104518)|STATEMENT_EXECUTE|[69]
15:48:53.669 (1742117664)|HEAP_ALLOCATE|[69]|Bytes:5
15:48:53.669 (1742123469)|VARIABLE_ASSIGNMENT|[69]|TriggerHandler.globalBypass|false
15:48:53.669 (1742125767)|STATEMENT_EXECUTE|[70]
15:48:53.669 (1742127602)|HEAP_ALLOCATE|[70]|Bytes:5
15:48:53.669 (1742130642)|VARIABLE_ASSIGNMENT|[70]|TriggerHandler.showLimits|false
15:48:53.669 (1742132800)|STATEMENT_EXECUTE|[71]
15:48:53.669 (1742134226)|HEAP_ALLOCATE|[71]|Bytes:5
15:48:53.669 (1742137348)|VARIABLE_ASSIGNMENT|[71]|TriggerHandler.showDebug|false
15:48:53.669 (1742139403)|STATEMENT_EXECUTE|[755]
15:48:53.669 (1742140637)|STATEMENT_EXECUTE|[832]
15:48:53.669 (1742142877)|METHOD_EXIT|[15]|TriggerHandler
15:48:53.669 (1742148998)|CONSTRUCTOR_ENTRY|[10]|01pg80000019iSf|<init>(String)|TriggerHandler
15:48:53.669 (1742152615)|VARIABLE_SCOPE_BEGIN|[107]|this|TriggerHandler|true|false
15:48:53.669 (1742161410)|VARIABLE_ASSIGNMENT|[107]|this|{}|0x21a31721
15:48:53.669 (1742164471)|VARIABLE_SCOPE_BEGIN|[107]|handlerName|String|false|false
15:48:53.669 (1742169062)|VARIABLE_ASSIGNMENT|[107]|handlerName|"OrderItemHandler"
15:48:53.669 (1742172508)|STATEMENT_EXECUTE|[15]
15:48:53.669 (1742173504)|STATEMENT_EXECUTE|[50]
15:48:53.669 (1742174809)|STATEMENT_EXECUTE|[57]
15:48:53.669 (1742176037)|STATEMENT_EXECUTE|[671]
15:48:53.669 (1742178682)|HEAP_ALLOCATE|[108]|Bytes:6
15:48:53.669 (1742195948)|STATEMENT_EXECUTE|[107]
15:48:53.669 (1742197003)|STATEMENT_EXECUTE|[108]
15:48:53.669 (1742201413)|STATEMENT_EXECUTE|[109]
15:48:53.669 (1742214147)|METHOD_ENTRY|[109]|01pg80000019iSf|TriggerHandler.setTriggerContext()
15:48:53.669 (1742218029)|VARIABLE_SCOPE_BEGIN|[565]|this|TriggerHandler|true|false
15:48:53.669 (1742227673)|VARIABLE_ASSIGNMENT|[565]|this|{"handlerName":"OrderItemHandler"}|0x21a31721
15:48:53.669 (1742239250)|STATEMENT_EXECUTE|[565]
15:48:53.669 (1742240388)|STATEMENT_EXECUTE|[566]
15:48:53.669 (1742301500)|HEAP_ALLOCATE|[566]|Bytes:16
15:48:53.669 (1742311263)|METHOD_ENTRY|[566]|01pg80000019iSf|TriggerHandler.setTriggerContext(System.TriggerOperation, Boolean)
15:48:53.669 (1742314342)|VARIABLE_SCOPE_BEGIN|[582]|this|TriggerHandler|true|false
15:48:53.669 (1742322114)|VARIABLE_ASSIGNMENT|[582]|this|{"handlerName":"OrderItemHandler"}|0x21a31721
15:48:53.669 (1742325307)|VARIABLE_SCOPE_BEGIN|[582]|opType|System.TriggerOperation|true|false
15:48:53.669 (1742337979)|VARIABLE_ASSIGNMENT|[582]|opType|"BEFORE_INSERT"|0x461e9db9
15:48:53.669 (1742341198)|VARIABLE_SCOPE_BEGIN|[582]|testMode|Boolean|false|false
15:48:53.669 (1742344904)|VARIABLE_ASSIGNMENT|[582]|testMode|false
15:48:53.669 (1742349008)|STATEMENT_EXECUTE|[582]
15:48:53.669 (1742359191)|STATEMENT_EXECUTE|[586]
15:48:53.669 (1742360113)|STATEMENT_EXECUTE|[587]
15:48:53.669 (1742362670)|HEAP_ALLOCATE|[587]|Bytes:5
15:48:53.669 (1742368135)|STATEMENT_EXECUTE|[590]
15:48:53.669 (1742368992)|STATEMENT_EXECUTE|[592]
15:48:53.669 (1742378910)|HEAP_ALLOCATE|[592]|Bytes:16
15:48:53.669 (1742383439)|STATEMENT_EXECUTE|[595]
15:48:53.669 (1742396473)|VARIABLE_SCOPE_BEGIN|[595]|context|String|false|false
15:48:53.669 (1742403789)|VARIABLE_ASSIGNMENT|[595]|context|"BEFORE_INSERT"
15:48:53.669 (1742405897)|STATEMENT_EXECUTE|[597]
15:48:53.669 (1742408098)|HEAP_ALLOCATE|[598]|Bytes:13
15:48:53.669 (1742433221)|STATEMENT_EXECUTE|[598]
15:48:53.669 (1742434313)|STATEMENT_EXECUTE|[599]
15:48:53.669 (1742440018)|METHOD_EXIT|[566]|01pg80000019iSf|TriggerHandler.setTriggerContext(System.TriggerOperation, Boolean)
15:48:53.669 (1742443214)|METHOD_EXIT|[109]|01pg80000019iSf|TriggerHandler.setTriggerContext()
15:48:53.669 (1742447064)|CONSTRUCTOR_EXIT|[10]|01pg80000019iSf|<init>(String)|TriggerHandler
15:48:53.669 (1742450187)|STATEMENT_EXECUTE|[9]
15:48:53.669 (1742451217)|STATEMENT_EXECUTE|[11]
15:48:53.669 (1743414295)|VARIABLE_ASSIGNMENT|[11]|this.newRecords|[{"Product_Code_Display__c":"TRT 7","IsDeleted":false,"UnitPrice":100.00,"Product2Id":"01tg8000001RQyjAAG","PricebookEntryId":"01ug8000000gTiLAAU","TotalPrice":100.00,"Quantity":1.00,"ListPrice":1000.00,"OrderId":"801g8000009VivjAAC"}]|0x21a31721
15:48:53.669 (1743426040)|STATEMENT_EXECUTE|[12]
15:48:53.669 (1743443378)|VARIABLE_ASSIGNMENT|[12]|this.oldRecords|null|0x21a31721
15:48:53.669 (1743446617)|STATEMENT_EXECUTE|[13]
15:48:53.669 (1743456734)|VARIABLE_ASSIGNMENT|[13]|this.newRecordsMap|null|0x21a31721
15:48:53.669 (1743459572)|STATEMENT_EXECUTE|[14]
15:48:53.669 (1743466101)|VARIABLE_ASSIGNMENT|[14]|this.oldRecordsMap|null|0x21a31721
15:48:53.669 (1743472696)|CONSTRUCTOR_EXIT|[2]|01pg8000001EZwd|<init>()|OrdemItemHandler
15:48:53.669 (1743487720)|METHOD_ENTRY|[2]|01pg80000019iSf|TriggerHandler.run()
15:48:53.669 (1743492015)|VARIABLE_SCOPE_BEGIN|[120]|this|TriggerHandler|true|false
15:48:53.669 (1743518045)|VARIABLE_ASSIGNMENT|[120]|this|{"newRecords":"0x7f8b0a96","handlerName":"OrderItemHandler","isTriggerExecuting":true,"triggerEvent":"0x461e9db9"}|0x21a31721
15:48:53.669 (1743527659)|STATEMENT_EXECUTE|[120]
15:48:53.669 (1743532022)|METHOD_ENTRY|[121]|01pg80000019iSf|TriggerHandler.validateRun()
15:48:53.669 (1743535147)|VARIABLE_SCOPE_BEGIN|[661]|this|TriggerHandler|true|false
15:48:53.669 (1743543778)|VARIABLE_ASSIGNMENT|[661]|this|{"newRecords":"0x7f8b0a96","handlerName":"OrderItemHandler","isTriggerExecuting":true,"triggerEvent":"0x461e9db9"}|0x21a31721
15:48:53.669 (1743548086)|STATEMENT_EXECUTE|[661]
15:48:53.669 (1743554378)|STATEMENT_EXECUTE|[662]
15:48:53.669 (1743555387)|STATEMENT_EXECUTE|[665]
15:48:53.669 (1743561656)|METHOD_ENTRY|[665]|01pg80000019iSf|TriggerHandler.getHandlerName()
15:48:53.669 (1743564662)|VARIABLE_SCOPE_BEGIN|[680]|this|TriggerHandler|true|false
15:48:53.669 (1743572384)|VARIABLE_ASSIGNMENT|[680]|this|{"newRecords":"0x7f8b0a96","handlerName":"OrderItemHandler","isTriggerExecuting":true,"triggerEvent":"0x461e9db9"}|0x21a31721
15:48:53.669 (1743576632)|STATEMENT_EXECUTE|[680]
15:48:53.669 (1743597091)|STATEMENT_EXECUTE|[681]
15:48:53.669 (1743598138)|STATEMENT_EXECUTE|[684]
15:48:53.669 (1743600653)|METHOD_EXIT|[665]|01pg80000019iSf|TriggerHandler.getHandlerName()
15:48:53.669 (1743618993)|METHOD_EXIT|[121]|01pg80000019iSf|TriggerHandler.validateRun()
15:48:53.669 (1743622136)|STATEMENT_EXECUTE|[121]
15:48:53.669 (1743625246)|METHOD_ENTRY|[126]|01pg80000019iSf|TriggerHandler.incrementCheckLoopCount()
15:48:53.669 (1743628468)|VARIABLE_SCOPE_BEGIN|[634]|this|TriggerHandler|true|false
15:48:53.669 (1743636757)|VARIABLE_ASSIGNMENT|[634]|this|{"newRecords":"0x7f8b0a96","handlerName":"OrderItemHandler","isTriggerExecuting":true,"triggerEvent":"0x461e9db9"}|0x21a31721
15:48:53.669 (1743641403)|STATEMENT_EXECUTE|[634]
15:48:53.669 (1743642408)|STATEMENT_EXECUTE|[635]
15:48:53.669 (1743644973)|METHOD_ENTRY|[635]|01pg80000019iSf|TriggerHandler.getHandlerName()
15:48:53.669 (1743647186)|VARIABLE_SCOPE_BEGIN|[680]|this|TriggerHandler|true|false
15:48:53.669 (1743654698)|VARIABLE_ASSIGNMENT|[680]|this|{"newRecords":"0x7f8b0a96","handlerName":"OrderItemHandler","isTriggerExecuting":true,"triggerEvent":"0x461e9db9"}|0x21a31721
15:48:53.669 (1743658141)|STATEMENT_EXECUTE|[680]
15:48:53.669 (1743664403)|STATEMENT_EXECUTE|[681]
15:48:53.669 (1743665312)|STATEMENT_EXECUTE|[684]
15:48:53.669 (1743666920)|METHOD_EXIT|[635]|01pg80000019iSf|TriggerHandler.getHandlerName()
15:48:53.669 (1743670328)|VARIABLE_SCOPE_BEGIN|[635]|handlerName|String|false|false
15:48:53.669 (1743675751)|VARIABLE_ASSIGNMENT|[635]|handlerName|"OrderItemHandler"
15:48:53.669 (1743686726)|STATEMENT_EXECUTE|[636]
15:48:53.669 (1743687987)|STATEMENT_EXECUTE|[649]
15:48:53.669 (1743689554)|METHOD_EXIT|[126]|01pg80000019iSf|TriggerHandler.incrementCheckLoopCount()
15:48:53.669 (1743692117)|STATEMENT_EXECUTE|[126]
15:48:53.669 (1743694416)|STATEMENT_EXECUTE|[130]
15:48:53.669 (1743695296)|STATEMENT_EXECUTE|[135]
15:48:53.669 (1743719376)|STATEMENT_EXECUTE|[136]
15:48:53.669 (1743720272)|STATEMENT_EXECUTE|[137]
15:48:53.669 (1743724113)|METHOD_ENTRY|[137]|01pg8000001EZwd|OrdemItemHandler.beforeInsert()
15:48:53.669 (1743727017)|VARIABLE_SCOPE_BEGIN|[18]|this|OrdemItemHandler|true|false
15:48:53.669 (1743735790)|VARIABLE_ASSIGNMENT|[18]|this|{"newRecords":"0x7f8b0a96","handlerName":"OrderItemHandler","isTriggerExecuting":true,"triggerEvent":"0x461e9db9"}|0x21a31721
15:48:53.669 (1743740997)|STATEMENT_EXECUTE|[18]
15:48:53.669 (1743742202)|STATEMENT_EXECUTE|[19]
15:48:53.669 (1743745439)|METHOD_ENTRY|[19]|01pg8000001EZwd|OrdemItemHandler.checkActiveOrderItem()
15:48:53.669 (1743748542)|VARIABLE_SCOPE_BEGIN|[176]|this|OrdemItemHandler|true|false
15:48:53.669 (1743756423)|VARIABLE_ASSIGNMENT|[176]|this|{"newRecords":"0x7f8b0a96","handlerName":"OrderItemHandler","isTriggerExecuting":true,"triggerEvent":"0x461e9db9"}|0x21a31721
15:48:53.669 (1743761090)|STATEMENT_EXECUTE|[176]
15:48:53.669 (1743762210)|STATEMENT_EXECUTE|[177]
15:48:53.669 (1743765359)|VARIABLE_SCOPE_BEGIN|[177]|listaParaValidar|List<OrderItem>|true|false
15:48:53.669 (1743769836)|VARIABLE_ASSIGNMENT|[177]|listaParaValidar|null|
15:48:53.669 (1743772112)|STATEMENT_EXECUTE|[178]
15:48:53.669 (1743782686)|HEAP_ALLOCATE|[178]|Bytes:4
15:48:53.669 (1743793337)|VARIABLE_SCOPE_BEGIN|[178]|idOrders|Set<Id>|true|false
15:48:53.669 (1743811652)|VARIABLE_ASSIGNMENT|[178]|idOrders|[]|0x439ee04
15:48:53.669 (1743814452)|STATEMENT_EXECUTE|[179]
15:48:53.669 (1743823868)|HEAP_ALLOCATE|[179]|Bytes:4
15:48:53.669 (1743829672)|VARIABLE_SCOPE_BEGIN|[179]|idMapOrders|Map<Id,Order>|true|false
15:48:53.669 (1743838128)|VARIABLE_ASSIGNMENT|[179]|idMapOrders|{}|0x545bf5d8
15:48:53.669 (1743846763)|STATEMENT_EXECUTE|[183]
15:48:53.669 (1743847884)|STATEMENT_EXECUTE|[184]
15:48:53.669 (1744311306)|VARIABLE_ASSIGNMENT|[184]|listaParaValidar|[{"Product_Code_Display__c":"TRT 7","IsDeleted":false,"UnitPrice":100.00,"Product2Id":"01tg8000001RQyjAAG","PricebookEntryId":"01ug8000000gTiLAAU","TotalPrice":100.00,"Quantity":1.00,"ListPrice":1000.00,"OrderId":"801g8000009VivjAAC"}]|0x7f8b0a96
15:48:53.669 (1744349981)|HEAP_ALLOCATE|[187]|Bytes:5
15:48:53.669 (1744366240)|HEAP_ALLOCATE|[187]|Bytes:4
15:48:53.669 (1744374326)|VARIABLE_SCOPE_BEGIN|[187]|ot|OrderItem|true|false
15:48:53.669 (1744801582)|VARIABLE_ASSIGNMENT|[187]|ot|{"Product_Code_Display__c":"TRT 7","IsDeleted":false,"UnitPrice":100.00,"Product2Id":"01tg8000001RQyjAAG","PricebookEntryId":"01ug8000000gTiLAAU","TotalPrice":100.00,"Quantity":1.00,"ListPrice":1000.00,"OrderId":"801g8000009VivjAAC"}|0x524e1341
15:48:53.669 (1744809380)|STATEMENT_EXECUTE|[187]
15:48:53.669 (1744810535)|STATEMENT_EXECUTE|[188]
15:48:53.669 (1744831001)|HEAP_ALLOCATE|[EXTERNAL]|Bytes:4
15:48:53.669 (1744841389)|HEAP_ALLOCATE|[187]|Bytes:5
15:48:53.669 (1744848222)|VARIABLE_ASSIGNMENT|[187]|ot|null|
15:48:53.669 (1744852236)|STATEMENT_EXECUTE|[191]
15:48:53.669 (1744861984)|HEAP_ALLOCATE|[191]|Bytes:1
15:48:53.669 (1744869890)|METHOD_ENTRY|[1]|01pg8000001w1Md|OrderSelector.OrderSelector()
15:48:53.669 (1744873866)|STATEMENT_EXECUTE|[1]
15:48:53.669 (1744876649)|STATEMENT_EXECUTE|[1]
15:48:53.669 (1744879953)|METHOD_EXIT|[1]|OrderSelector
15:48:53.669 (1744885720)|METHOD_ENTRY|[191]|01pg8000001w1Md|OrderSelector.getOrdersByIds(Set<Id>)
15:48:53.669 (1744889806)|VARIABLE_SCOPE_BEGIN|[2]|ids|Set<Id>|true|false
15:48:53.669 (1744897484)|VARIABLE_ASSIGNMENT|[2]|ids|["801g8000009VivjAAC"]|0x439ee04
15:48:53.669 (1744904699)|STATEMENT_EXECUTE|[2]
15:48:53.669 (1744905671)|STATEMENT_EXECUTE|[3]
15:48:53.669 (1744912343)|HEAP_ALLOCATE|[3]|Bytes:4
15:48:53.669 (1744915395)|HEAP_ALLOCATE|[3]|Bytes:113
15:48:53.669 (1744920786)|HEAP_ALLOCATE|[3]|Bytes:4
15:48:53.669 (1744925044)|HEAP_ALLOCATE|[3]|Bytes:7
15:48:53.669 (1745423666)|SOQL_EXECUTE_BEGIN|[3]|Aggregations:0|SELECT Id, DistributionCenter__c, State__c, City__c, Country__c, AccountId, Status FROM Order WHERE Id = :tmpVar1
15:48:53.669 (1748981261)|SOQL_EXECUTE_END|[3]|Rows:1
15:48:53.669 (1749007542)|HEAP_ALLOCATE|[3]|Bytes:8
15:48:53.669 (1749026228)|HEAP_ALLOCATE|[3]|Bytes:209
15:48:53.669 (1749062247)|HEAP_ALLOCATE|[3]|Bytes:8
15:48:53.669 (1749092728)|HEAP_ALLOCATE|[3]|Bytes:32
15:48:53.669 (1749111681)|HEAP_ALLOCATE|[3]|Bytes:4
15:48:53.669 (1749125331)|METHOD_EXIT|[191]|01pg8000001w1Md|OrderSelector.getOrdersByIds(Set<Id>)
15:48:53.669 (1749241926)|VARIABLE_ASSIGNMENT|[191]|idMapOrders|{"801g8000009VivjAAC":{"Status":"Draft","City__c":"a05g8000002BgdtAAC","Country__c":"a03g80000084tcUAAQ","AccountId":"001g8000009VivhAAC","DistributionCenter__c":"a06g8000001gZKDAA2","Id":"801g8000009VivjAAC","State__c":"a04g8000000b5VNAAY"}}|0x4f6e447f
15:48:53.669 (1749280666)|HEAP_ALLOCATE|[193]|Bytes:5
15:48:53.669 (1749295897)|HEAP_ALLOCATE|[193]|Bytes:4
15:48:53.669 (1749303677)|VARIABLE_SCOPE_BEGIN|[193]|ot|OrderItem|true|false
15:48:53.669 (1749830767)|VARIABLE_ASSIGNMENT|[193]|ot|{"Product_Code_Display__c":"TRT 7","IsDeleted":false,"UnitPrice":100.00,"Product2Id":"01tg8000001RQyjAAG","PricebookEntryId":"01ug8000000gTiLAAU","TotalPrice":100.00,"Quantity":1.00,"ListPrice":1000.00,"OrderId":"801g8000009VivjAAC"}|0x524e1341
15:48:53.669 (1749841597)|STATEMENT_EXECUTE|[193]
15:48:53.669 (1749843034)|STATEMENT_EXECUTE|[194]
15:48:53.669 (1749866305)|VARIABLE_SCOPE_BEGIN|[194]|pedido|Order|true|false
15:48:53.669 (1749906987)|VARIABLE_ASSIGNMENT|[194]|pedido|{"Status":"Draft","City__c":"a05g8000002BgdtAAC","Country__c":"a03g80000084tcUAAQ","AccountId":"001g8000009VivhAAC","DistributionCenter__c":"a06g8000001gZKDAA2","Id":"801g8000009VivjAAC","State__c":"a04g8000000b5VNAAY"}|0x7c651d2e
15:48:53.669 (1749919675)|HEAP_ALLOCATE|[195]|Bytes:5
15:48:53.669 (1749939886)|STATEMENT_EXECUTE|[195]
15:48:53.669 (1749946813)|HEAP_ALLOCATE|[193]|Bytes:5
15:48:53.669 (1749953900)|VARIABLE_ASSIGNMENT|[193]|ot|null|
15:48:53.669 (1749960611)|METHOD_EXIT|[19]|01pg8000001EZwd|OrdemItemHandler.checkActiveOrderItem()
15:48:53.669 (1749964537)|STATEMENT_EXECUTE|[20]
15:48:53.669 (1749971994)|METHOD_ENTRY|[20]|01pg8000001EZwd|OrdemItemHandler.executePricingLogic()
15:48:53.669 (1749977128)|VARIABLE_SCOPE_BEGIN|[35]|this|OrdemItemHandler|true|false
15:48:53.669 (1750010026)|VARIABLE_ASSIGNMENT|[35]|this|{"newRecords":"0x7f8b0a96","handlerName":"OrderItemHandler","isTriggerExecuting":true,"triggerEvent":"0x461e9db9"}|0x21a31721
15:48:53.669 (1750021390)|STATEMENT_EXECUTE|[35]
15:48:53.669 (1750022588)|STATEMENT_EXECUTE|[37]
15:48:53.669 (1750031909)|HEAP_ALLOCATE|[37]|Bytes:4
15:48:53.669 (1750042597)|VARIABLE_SCOPE_BEGIN|[37]|setOrderIds|Set<Id>|true|false
15:48:53.669 (1750062597)|VARIABLE_ASSIGNMENT|[37]|setOrderIds|[]|0x64511e74
15:48:53.669 (1750065838)|STATEMENT_EXECUTE|[38]
15:48:53.669 (1750068287)|HEAP_ALLOCATE|[38]|Bytes:4
15:48:53.669 (1750073287)|VARIABLE_SCOPE_BEGIN|[38]|setProductIds|Set<Id>|true|false
15:48:53.669 (1750079216)|VARIABLE_ASSIGNMENT|[38]|setProductIds|[]|0x26831567
15:48:53.669 (1750082045)|STATEMENT_EXECUTE|[39]
15:48:53.669 (1750083963)|HEAP_ALLOCATE|[39]|Bytes:4
15:48:53.669 (1750088675)|VARIABLE_SCOPE_BEGIN|[39]|setAccountIds|Set<Id>|true|false
15:48:53.669 (1750094291)|VARIABLE_ASSIGNMENT|[39]|setAccountIds|[]|0x1bf3e074
15:48:53.669 (1750096991)|STATEMENT_EXECUTE|[42]
15:48:53.669 (1750110126)|HEAP_ALLOCATE|[42]|Bytes:4
15:48:53.669 (1750115834)|VARIABLE_SCOPE_BEGIN|[42]|itemsByOrderId|Map<Id,List<OrderItem>>|true|false
15:48:53.669 (1750122609)|VARIABLE_ASSIGNMENT|[42]|itemsByOrderId|{}|0x4fab0249
15:48:53.669 (1750137275)|HEAP_ALLOCATE|[45]|Bytes:5
15:48:53.669 (1750144443)|HEAP_ALLOCATE|[45]|Bytes:4
15:48:53.669 (1750148892)|VARIABLE_SCOPE_BEGIN|[45]|item|OrderItem|true|false
15:48:53.669 (1750581589)|VARIABLE_ASSIGNMENT|[45]|item|{"Product_Code_Display__c":"TRT 7","IsDeleted":false,"UnitPrice":100.00,"Product2Id":"01tg8000001RQyjAAG","PricebookEntryId":"01ug8000000gTiLAAU","TotalPrice":100.00,"Quantity":1.00,"ListPrice":1000.00,"OrderId":"801g8000009VivjAAC"}|0x524e1341
15:48:53.669 (1750587231)|STATEMENT_EXECUTE|[45]
15:48:53.669 (1750592144)|STATEMENT_EXECUTE|[46]
15:48:53.669 (1750593177)|STATEMENT_EXECUTE|[47]
15:48:53.669 (1750601845)|HEAP_ALLOCATE|[EXTERNAL]|Bytes:4
15:48:53.669 (1750617400)|STATEMENT_EXECUTE|[49]
15:48:53.669 (1750625019)|HEAP_ALLOCATE|[49]|Bytes:4
15:48:53.669 (1750639648)|HEAP_ALLOCATE|[EXTERNAL]|Bytes:4
15:48:53.669 (1750643700)|HEAP_ALLOCATE|[EXTERNAL]|Bytes:-4
15:48:53.669 (1750647021)|STATEMENT_EXECUTE|[50]
15:48:53.669 (1750669496)|HEAP_ALLOCATE|[EXTERNAL]|Bytes:4
15:48:53.669 (1750675806)|STATEMENT_EXECUTE|[52]
15:48:53.669 (1750679855)|HEAP_ALLOCATE|[EXTERNAL]|Bytes:4
15:48:53.669 (1750687088)|HEAP_ALLOCATE|[45]|Bytes:5
15:48:53.669 (1750693206)|VARIABLE_ASSIGNMENT|[45]|item|null|
15:48:53.669 (1750696250)|STATEMENT_EXECUTE|[56]
15:48:53.669 (1750702082)|METHOD_ENTRY|[56]|01pg8000001w1Md|OrderSelector.getOrdersByIds(Set<Id>)
15:48:53.669 (1750706605)|VARIABLE_SCOPE_BEGIN|[2]|ids|Set<Id>|true|false
15:48:53.669 (1750713086)|VARIABLE_ASSIGNMENT|[2]|ids|["801g8000009VivjAAC"]|0x64511e74
15:48:53.669 (1750718889)|STATEMENT_EXECUTE|[2]
15:48:53.669 (1750719907)|STATEMENT_EXECUTE|[3]
15:48:53.669 (1750724679)|HEAP_ALLOCATE|[3]|Bytes:4
15:48:53.669 (1750730466)|HEAP_ALLOCATE|[3]|Bytes:4
15:48:53.669 (1751121820)|SOQL_EXECUTE_BEGIN|[3]|Aggregations:0|SELECT Id, DistributionCenter__c, State__c, City__c, Country__c, AccountId, Status FROM Order WHERE Id = :tmpVar1
15:48:53.669 (1754145437)|SOQL_EXECUTE_END|[3]|Rows:1
15:48:53.669 (1754168375)|HEAP_ALLOCATE|[3]|Bytes:8
15:48:53.669 (1754182432)|HEAP_ALLOCATE|[3]|Bytes:209
15:48:53.669 (1754214051)|HEAP_ALLOCATE|[3]|Bytes:8
15:48:53.669 (1754233885)|HEAP_ALLOCATE|[3]|Bytes:32
15:48:53.669 (1754250777)|HEAP_ALLOCATE|[3]|Bytes:4
15:48:53.669 (1754262987)|METHOD_EXIT|[56]|01pg8000001w1Md|OrderSelector.getOrdersByIds(Set<Id>)
15:48:53.669 (1754269918)|VARIABLE_SCOPE_BEGIN|[56]|mapOrders|Map<Id,Order>|true|false
15:48:53.669 (1754363988)|VARIABLE_ASSIGNMENT|[56]|mapOrders|{"801g8000009VivjAAC":{"Status":"Draft","City__c":"a05g8000002BgdtAAC","Country__c":"a03g80000084tcUAAQ","AccountId":"001g8000009VivhAAC","DistributionCenter__c":"a06g8000001gZKDAA2","Id":"801g8000009VivjAAC","State__c":"a04g8000000b5VNAAY"}}|0x5f3a7546
15:48:53.669 (1754382318)|HEAP_ALLOCATE|[EXTERNAL]|Bytes:8
15:48:53.669 (1754390224)|HEAP_ALLOCATE|[58]|Bytes:216
15:48:53.669 (1754423027)|HEAP_ALLOCATE|[58]|Bytes:5
15:48:53.669 (1754432483)|HEAP_ALLOCATE|[58]|Bytes:32
15:48:53.669 (1754439223)|VARIABLE_SCOPE_BEGIN|[58]|o|Order|true|false
15:48:53.669 (1754471705)|VARIABLE_ASSIGNMENT|[58]|o|{"Status":"Draft","City__c":"a05g8000002BgdtAAC","Country__c":"a03g80000084tcUAAQ","AccountId":"001g8000009VivhAAC","DistributionCenter__c":"a06g8000001gZKDAA2","Id":"801g8000009VivjAAC","State__c":"a04g8000000b5VNAAY"}|0x65b971cd
15:48:53.669 (1754480334)|STATEMENT_EXECUTE|[58]
15:48:53.669 (1754496323)|HEAP_ALLOCATE|[EXTERNAL]|Bytes:4
15:48:53.669 (1754504171)|HEAP_ALLOCATE|[58]|Bytes:5
15:48:53.669 (1754510582)|VARIABLE_ASSIGNMENT|[58]|o|null|
15:48:53.669 (1754514204)|STATEMENT_EXECUTE|[60]
15:48:53.669 (1754526133)|HEAP_ALLOCATE|[60]|Bytes:1
15:48:53.669 (1754534988)|METHOD_ENTRY|[1]|01pg8000001w1MX|AccountSelector.AccountSelector()
15:48:53.669 (1754539040)|STATEMENT_EXECUTE|[1]
15:48:53.669 (1754541958)|STATEMENT_EXECUTE|[1]
15:48:53.669 (1754545737)|METHOD_EXIT|[1]|AccountSelector
15:48:53.669 (1754551102)|METHOD_ENTRY|[60]|01pg8000001w1MX|AccountSelector.getAccountByIds(Set<Id>)
15:48:53.669 (1754555598)|VARIABLE_SCOPE_BEGIN|[2]|ids|Set<Id>|true|false
15:48:53.669 (1754564515)|VARIABLE_ASSIGNMENT|[2]|ids|["001g8000009VivhAAC"]|0x1bf3e074
15:48:53.669 (1754573827)|STATEMENT_EXECUTE|[2]
15:48:53.669 (1754575003)|STATEMENT_EXECUTE|[3]
15:48:53.669 (1754585500)|HEAP_ALLOCATE|[3]|Bytes:4
15:48:53.669 (1754588926)|HEAP_ALLOCATE|[3]|Bytes:59
15:48:53.669 (1754593923)|HEAP_ALLOCATE|[3]|Bytes:4
15:48:53.669 (1754888131)|SOQL_EXECUTE_BEGIN|[3]|Aggregations:0|SELECT Id, AccountGroup__c FROM Account WHERE Id = :tmpVar1
15:48:53.669 (1757734869)|SOQL_EXECUTE_END|[3]|Rows:1
15:48:53.669 (1757757121)|HEAP_ALLOCATE|[3]|Bytes:8
15:48:53.669 (1757775954)|HEAP_ALLOCATE|[3]|Bytes:66
15:48:53.669 (1757812768)|HEAP_ALLOCATE|[3]|Bytes:8
15:48:53.669 (1757847373)|HEAP_ALLOCATE|[3]|Bytes:12
15:48:53.669 (1757857977)|HEAP_ALLOCATE|[3]|Bytes:4
15:48:53.669 (1757869214)|METHOD_EXIT|[60]|01pg8000001w1MX|AccountSelector.getAccountByIds(Set<Id>)
15:48:53.669 (1757874978)|VARIABLE_SCOPE_BEGIN|[60]|mapAccounts|Map<Id,Account>|true|false
15:48:53.669 (1757942682)|VARIABLE_ASSIGNMENT|[60]|mapAccounts|{"001g8000009VivhAAC":{"AccountGroup__c":"a02g8000002mQYXAA2","Id":"001g8000009VivhAAC"}}|0x41c64179
15:48:53.669 (1757950085)|STATEMENT_EXECUTE|[62]
15:48:53.669 (1757961655)|HEAP_ALLOCATE|[62]|Bytes:1
15:48:53.669 (1757970732)|METHOD_ENTRY|[1]|01pg8000001w1Mf|ProductSelector.ProductSelector()
15:48:53.669 (1757974542)|STATEMENT_EXECUTE|[1]
15:48:53.669 (1757977305)|STATEMENT_EXECUTE|[1]
15:48:53.669 (1757980992)|METHOD_EXIT|[1]|ProductSelector
15:48:53.669 (1757987300)|METHOD_ENTRY|[62]|01pg8000001w1Mf|ProductSelector.getProductByIds(Set<Id>)
15:48:53.669 (1757992068)|VARIABLE_SCOPE_BEGIN|[2]|ids|Set<Id>|true|false
15:48:53.669 (1758002283)|VARIABLE_ASSIGNMENT|[2]|ids|["01tg8000001RQyjAAG"]|0x26831567
15:48:53.669 (1758012535)|STATEMENT_EXECUTE|[2]
15:48:53.669 (1758013441)|STATEMENT_EXECUTE|[3]
15:48:53.669 (1758024524)|HEAP_ALLOCATE|[3]|Bytes:4
15:48:53.669 (1758028232)|HEAP_ALLOCATE|[3]|Bytes:83
15:48:53.669 (1758033115)|HEAP_ALLOCATE|[3]|Bytes:4
15:48:53.669 (1758299069)|SOQL_EXECUTE_BEGIN|[3]|Aggregations:0|SELECT Id, ProductionCost__c, ProductHierarchy__c FROM Product2 WHERE Id = :tmpVar1
15:48:53.669 (1760652375)|SOQL_EXECUTE_END|[3]|Rows:1
15:48:53.669 (1760672984)|HEAP_ALLOCATE|[3]|Bytes:8
15:48:53.669 (1760693777)|HEAP_ALLOCATE|[3]|Bytes:127
15:48:53.669 (1760725968)|HEAP_ALLOCATE|[3]|Bytes:8
15:48:53.669 (1760750413)|HEAP_ALLOCATE|[3]|Bytes:16
15:48:53.669 (1760767089)|HEAP_ALLOCATE|[3]|Bytes:4
15:48:53.669 (1760777889)|METHOD_EXIT|[62]|01pg8000001w1Mf|ProductSelector.getProductByIds(Set<Id>)
15:48:53.669 (1760783699)|VARIABLE_SCOPE_BEGIN|[62]|mapProducts|Map<Id,Product2>|true|false
15:48:53.669 (1760861789)|VARIABLE_ASSIGNMENT|[62]|mapProducts|{"01tg8000001RQyjAAG":{"ProductionCost__c":300000.00,"ProductHierarchy__c":"a01g8000009ViviAAC","Id":"01tg8000001RQyjAAG"}}|0x2b4d7fe0
15:48:53.669 (1760872058)|STATEMENT_EXECUTE|[65]
15:48:53.669 (1760887437)|HEAP_ALLOCATE|[65]|Bytes:1
15:48:53.669 (1760898692)|METHOD_ENTRY|[1]|01pg8000001w1MZ|MargemSelector.MargemSelector()
15:48:53.669 (1760902949)|STATEMENT_EXECUTE|[1]
15:48:53.669 (1760905968)|STATEMENT_EXECUTE|[1]
15:48:53.669 (1760909553)|METHOD_EXIT|[1]|MargemSelector
15:48:53.669 (1760916438)|METHOD_ENTRY|[65]|01pg8000001w1MZ|MargemSelector.getMargemApproved()
15:48:53.669 (1760927969)|STATEMENT_EXECUTE|[2]
15:48:53.669 (1760928898)|STATEMENT_EXECUTE|[3]
15:48:53.669 (1760931102)|HEAP_ALLOCATE|[3]|Bytes:165
15:48:53.669 (1760941129)|HEAP_ALLOCATE|[3]|Bytes:4
15:48:53.669 (1761260541)|SOQL_EXECUTE_BEGIN|[3]|Aggregations:0|SELECT Product__c, ProductHierarchy__c, Account__c, AccountGroup__c, City__c, State__c, Country__c, MarginValuePercent__c FROM Margem__c WHERE Status__c = 'Approved'
15:48:53.669 (1763888532)|SOQL_EXECUTE_END|[3]|Rows:1
15:48:53.669 (1763909273)|HEAP_ALLOCATE|[3]|Bytes:8
15:48:53.669 (1763929561)|HEAP_ALLOCATE|[3]|Bytes:184
15:48:53.669 (1763965330)|HEAP_ALLOCATE|[3]|Bytes:8
15:48:53.669 (1763980688)|METHOD_EXIT|[65]|01pg8000001w1MZ|MargemSelector.getMargemApproved()
15:48:53.669 (1763987299)|VARIABLE_SCOPE_BEGIN|[65]|listMargins|List<Margem__c>|true|false
15:48:53.669 (1764071504)|VARIABLE_ASSIGNMENT|[65]|listMargins|[{"Account__c":"001g8000009VivhAAC","Product__c":"01tg8000001RQyjAAG","Id":"a00g800000PiDJ6AAN","State__c":"a04g8000000b5VNAAY","MarginValuePercent__c":15.00}]|0x3e207a76
15:48:53.669 (1764080223)|STATEMENT_EXECUTE|[68]
15:48:53.669 (1764092857)|HEAP_ALLOCATE|[68]|Bytes:4
15:48:53.669 (1764103403)|VARIABLE_SCOPE_BEGIN|[68]|mapMargin|Map<String,Margem__c>|true|false
15:48:53.669 (1764112830)|VARIABLE_ASSIGNMENT|[68]|mapMargin|{}|0x3d57163d
15:48:53.669 (1764152340)|HEAP_ALLOCATE|[69]|Bytes:5
15:48:53.669 (1764168267)|HEAP_ALLOCATE|[69]|Bytes:24
15:48:53.669 (1764175409)|VARIABLE_SCOPE_BEGIN|[69]|m|Margem__c|true|false
15:48:53.669 (1764202599)|VARIABLE_ASSIGNMENT|[69]|m|{"Account__c":"001g8000009VivhAAC","Product__c":"01tg8000001RQyjAAG","Id":"a00g800000PiDJ6AAN","State__c":"a04g8000000b5VNAAY","MarginValuePercent__c":15.00}|0x564ec8fd
15:48:53.669 (1764207856)|STATEMENT_EXECUTE|[69]
15:48:53.669 (1764209162)|STATEMENT_EXECUTE|[70]
15:48:53.669 (1764247247)|HEAP_ALLOCATE|[70]|Bytes:18
15:48:53.669 (1764254171)|VARIABLE_SCOPE_BEGIN|[70]|p|String|false|false
15:48:53.669 (1764259266)|VARIABLE_ASSIGNMENT|[70]|p|"01tg8000001RQyjAAG"
15:48:53.669 (1764261808)|STATEMENT_EXECUTE|[71]
15:48:53.669 (1764268539)|HEAP_ALLOCATE|[71]|Bytes:18
15:48:53.669 (1764273333)|VARIABLE_SCOPE_BEGIN|[71]|a|String|false|false
15:48:53.669 (1764277792)|VARIABLE_ASSIGNMENT|[71]|a|"001g8000009VivhAAC"
15:48:53.669 (1764279978)|STATEMENT_EXECUTE|[72]
15:48:53.669 (1764288584)|HEAP_ALLOCATE|[72]|Bytes:18
15:48:53.669 (1764292658)|VARIABLE_SCOPE_BEGIN|[72]|l|String|false|false
15:48:53.669 (1764297049)|VARIABLE_ASSIGNMENT|[72]|l|"a04g8000000b5VNAAY"
15:48:53.669 (1764299261)|STATEMENT_EXECUTE|[75]
15:48:53.669 (1764301250)|HEAP_ALLOCATE|[75]|Bytes:1
15:48:53.669 (1764309479)|HEAP_ALLOCATE|[75]|Bytes:56
15:48:53.669 (1764311421)|VARIABLE_SCOPE_BEGIN|[75]|compositeKey|String|false|false
15:48:53.669 (1764316954)|VARIABLE_ASSIGNMENT|[75]|compositeKey|"01tg8000001RQyjAAG_0 (36 more) ..."
15:48:53.669 (1764319264)|STATEMENT_EXECUTE|[76]
15:48:53.669 (1764329473)|HEAP_ALLOCATE|[EXTERNAL]|Bytes:-4
15:48:53.669 (1764334026)|STATEMENT_EXECUTE|[77]
15:48:53.669 (1764335350)|HEAP_ALLOCATE|[77]|Bytes:28
15:48:53.669 (1764340712)|HEAP_ALLOCATE|[77]|Bytes:84
15:48:53.669 (1764358379)|USER_DEBUG|[77]|DEBUG|MAPA MARGEM - Chave Gerada: 01tg8000001RQyjAAG_001g8000009VivhAAC_a04g8000000b5VNAAY
15:48:53.669 (1764366393)|HEAP_ALLOCATE|[69]|Bytes:5
15:48:53.669 (1764372900)|VARIABLE_ASSIGNMENT|[69]|m|null|
15:48:53.669 (1764376436)|STATEMENT_EXECUTE|[81]
15:48:53.669 (1764386389)|HEAP_ALLOCATE|[81]|Bytes:1
15:48:53.669 (1764394624)|METHOD_ENTRY|[1]|01pg8000001w1Mg|TaxSelector.TaxSelector()
15:48:53.669 (1764398312)|STATEMENT_EXECUTE|[1]
15:48:53.669 (1764400636)|STATEMENT_EXECUTE|[1]
15:48:53.669 (1764403998)|METHOD_EXIT|[1]|TaxSelector
15:48:53.669 (1764408710)|METHOD_ENTRY|[81]|01pg8000001w1Mg|TaxSelector.getTaxApproved()
15:48:53.669 (1764418441)|STATEMENT_EXECUTE|[2]
15:48:53.669 (1764419385)|STATEMENT_EXECUTE|[3]
15:48:53.669 (1764420798)|HEAP_ALLOCATE|[3]|Bytes:103
15:48:53.669 (1764427554)|HEAP_ALLOCATE|[3]|Bytes:4
15:48:53.669 (1764703043)|SOQL_EXECUTE_BEGIN|[3]|Aggregations:0|SELECT Product__c, State__c, DistributionCenter__c, TaxRate__c FROM Tax__c WHERE Status__c = 'Approved'
15:48:53.669 (1767103088)|SOQL_EXECUTE_END|[3]|Rows:1
15:48:53.669 (1767126746)|HEAP_ALLOCATE|[3]|Bytes:8
15:48:53.669 (1767145912)|HEAP_ALLOCATE|[3]|Bytes:184
15:48:53.669 (1767183412)|HEAP_ALLOCATE|[3]|Bytes:8
15:48:53.669 (1767198342)|METHOD_EXIT|[81]|01pg8000001w1Mg|TaxSelector.getTaxApproved()
15:48:53.669 (1767204339)|VARIABLE_SCOPE_BEGIN|[81]|listTaxes|List<Tax__c>|true|false
15:48:53.669 (1767283605)|VARIABLE_ASSIGNMENT|[81]|listTaxes|[{"DistributionCenter__c":"a06g8000001gZKDAA2","Product__c":"01tg8000001RQyjAAG","TaxRate__c":10.00,"Id":"a09g8000002D2vhAAC","State__c":"a04g8000000b5VNAAY"}]|0x45c8cd2a
15:48:53.669 (1767291420)|STATEMENT_EXECUTE|[83]
15:48:53.669 (1767303957)|HEAP_ALLOCATE|[83]|Bytes:4
15:48:53.669 (1767315141)|VARIABLE_SCOPE_BEGIN|[83]|mapTaxByCompositeKey|Map<String,Tax__c>|true|false
15:48:53.669 (1767324702)|VARIABLE_ASSIGNMENT|[83]|mapTaxByCompositeKey|{}|0x6cc28154
15:48:53.669 (1767358912)|HEAP_ALLOCATE|[84]|Bytes:5
15:48:53.669 (1767372376)|HEAP_ALLOCATE|[84]|Bytes:24
15:48:53.669 (1767378152)|VARIABLE_SCOPE_BEGIN|[84]|t|Tax__c|true|false
15:48:53.669 (1767404516)|VARIABLE_ASSIGNMENT|[84]|t|{"DistributionCenter__c":"a06g8000001gZKDAA2","Product__c":"01tg8000001RQyjAAG","TaxRate__c":10.00,"Id":"a09g8000002D2vhAAC","State__c":"a04g8000000b5VNAAY"}|0x3079acfe
15:48:53.669 (1767409856)|STATEMENT_EXECUTE|[84]
15:48:53.669 (1767411202)|STATEMENT_EXECUTE|[85]
15:48:53.669 (1767437551)|HEAP_ALLOCATE|[85]|Bytes:18
15:48:53.669 (1767448017)|HEAP_ALLOCATE|[86]|Bytes:18
15:48:53.669 (1767456558)|HEAP_ALLOCATE|[87]|Bytes:18
15:48:53.669 (1767466610)|HEAP_ALLOCATE|[85]|Bytes:54
15:48:53.669 (1767469625)|VARIABLE_SCOPE_BEGIN|[85]|key|String|false|false
15:48:53.669 (1767476340)|VARIABLE_ASSIGNMENT|[85]|key|"01tg8000001RQyjAAGa0 (34 more) ..."
15:48:53.669 (1767479226)|STATEMENT_EXECUTE|[88]
15:48:53.669 (1767488355)|HEAP_ALLOCATE|[EXTERNAL]|Bytes:-4
15:48:53.669 (1767496682)|HEAP_ALLOCATE|[84]|Bytes:5
15:48:53.669 (1767502658)|VARIABLE_ASSIGNMENT|[84]|t|null|
15:48:53.669 (1767506554)|STATEMENT_EXECUTE|[92]
15:48:53.669 (1767515621)|HEAP_ALLOCATE|[92]|Bytes:1
15:48:53.669 (1767524054)|METHOD_ENTRY|[1]|01pg8000001w1MY|FreightSelector.FreightSelector()
15:48:53.669 (1767527959)|STATEMENT_EXECUTE|[1]
15:48:53.669 (1767530256)|STATEMENT_EXECUTE|[1]
15:48:53.669 (1767533506)|METHOD_EXIT|[1]|FreightSelector
15:48:53.669 (1767538220)|METHOD_ENTRY|[92]|01pg8000001w1MY|FreightSelector.getFreightApproved()
15:48:53.669 (1767547705)|STATEMENT_EXECUTE|[2]
15:48:53.669 (1767548760)|STATEMENT_EXECUTE|[3]
15:48:53.669 (1767550765)|HEAP_ALLOCATE|[3]|Bytes:154
15:48:53.669 (1767557270)|HEAP_ALLOCATE|[3]|Bytes:4
15:48:53.669 (1767819025)|SOQL_EXECUTE_BEGIN|[3]|Aggregations:0|SELECT Product__c, City__c, State__c, Country__c, DistributionCenter__c, FreightValue__c, ProductHierarchy__c FROM Freight__c WHERE Status__c = 'Approved'
15:48:53.669 (1770272413)|SOQL_EXECUTE_END|[3]|Rows:1
15:48:53.669 (1770292593)|HEAP_ALLOCATE|[3]|Bytes:8
15:48:53.669 (1770311514)|HEAP_ALLOCATE|[3]|Bytes:189
15:48:53.669 (1770347003)|HEAP_ALLOCATE|[3]|Bytes:8
15:48:53.669 (1770361077)|METHOD_EXIT|[92]|01pg8000001w1MY|FreightSelector.getFreightApproved()
15:48:53.669 (1770366887)|VARIABLE_SCOPE_BEGIN|[92]|listFreights|List<Freight__c>|true|false
15:48:53.669 (1770444288)|VARIABLE_ASSIGNMENT|[92]|listFreights|[{"DistributionCenter__c":"a06g8000001gZKDAA2","Product__c":"01tg8000001RQyjAAG","Id":"a0Ag8000000gGrZEAU","State__c":"a04g8000000b5VNAAY","FreightValue__c":700.00}]|0x56334c87
15:48:53.669 (1770452782)|STATEMENT_EXECUTE|[94]
15:48:53.669 (1770463855)|HEAP_ALLOCATE|[94]|Bytes:4
15:48:53.669 (1770473936)|VARIABLE_SCOPE_BEGIN|[94]|mapFreight|Map<String,Freight__c>|true|false
15:48:53.669 (1770483287)|VARIABLE_ASSIGNMENT|[94]|mapFreight|{}|0x4fcf68ef
15:48:53.669 (1770514917)|HEAP_ALLOCATE|[95]|Bytes:5
15:48:53.669 (1770528235)|HEAP_ALLOCATE|[95]|Bytes:24
15:48:53.669 (1770533877)|VARIABLE_SCOPE_BEGIN|[95]|f|Freight__c|true|false
15:48:53.669 (1770560553)|VARIABLE_ASSIGNMENT|[95]|f|{"DistributionCenter__c":"a06g8000001gZKDAA2","Product__c":"01tg8000001RQyjAAG","Id":"a0Ag8000000gGrZEAU","State__c":"a04g8000000b5VNAAY","FreightValue__c":700.00}|0x4ab3b4ed
15:48:53.669 (1770565392)|STATEMENT_EXECUTE|[95]
15:48:53.669 (1770566642)|STATEMENT_EXECUTE|[96]
15:48:53.669 (1770591997)|HEAP_ALLOCATE|[96]|Bytes:18
15:48:53.669 (1770598898)|VARIABLE_SCOPE_BEGIN|[96]|quem|String|false|false
15:48:53.669 (1770604379)|VARIABLE_ASSIGNMENT|[96]|quem|"01tg8000001RQyjAAG"
15:48:53.669 (1770607074)|STATEMENT_EXECUTE|[97]
15:48:53.669 (1770616175)|HEAP_ALLOCATE|[97]|Bytes:18
15:48:53.669 (1770620534)|VARIABLE_SCOPE_BEGIN|[97]|onde|String|false|false
15:48:53.669 (1770624586)|VARIABLE_ASSIGNMENT|[97]|onde|"a04g8000000b5VNAAY"
15:48:53.669 (1770626741)|STATEMENT_EXECUTE|[99]
15:48:53.669 (1770633093)|HEAP_ALLOCATE|[99]|Bytes:37
15:48:53.669 (1770635282)|VARIABLE_SCOPE_BEGIN|[99]|key|String|false|false
15:48:53.669 (1770640913)|VARIABLE_ASSIGNMENT|[99]|key|"01tg8000001RQyjAAG_a (17 more) ..."
15:48:53.669 (1770643223)|STATEMENT_EXECUTE|[101]
15:48:53.669 (1770651801)|HEAP_ALLOCATE|[EXTERNAL]|Bytes:-4
15:48:53.669 (1770656138)|STATEMENT_EXECUTE|[102]
15:48:53.669 (1770657847)|HEAP_ALLOCATE|[102]|Bytes:27
15:48:53.669 (1770662869)|HEAP_ALLOCATE|[102]|Bytes:64
15:48:53.669 (1770675275)|USER_DEBUG|[102]|DEBUG|MAPA FRETE - Chave Gerada: 01tg8000001RQyjAAG_a04g8000000b5VNAAY
15:48:53.669 (1770683615)|HEAP_ALLOCATE|[95]|Bytes:5
15:48:53.669 (1770689517)|VARIABLE_ASSIGNMENT|[95]|f|null|
15:48:53.669 (1770706551)|HEAP_ALLOCATE|[106]|Bytes:5
15:48:53.669 (1770718245)|HEAP_ALLOCATE|[106]|Bytes:4
15:48:53.669 (1770722134)|VARIABLE_SCOPE_BEGIN|[106]|item|OrderItem|true|false
15:48:53.669 (1771328052)|VARIABLE_ASSIGNMENT|[106]|item|{"Product_Code_Display__c":"TRT 7","IsDeleted":false,"UnitPrice":100.00,"Product2Id":"01tg8000001RQyjAAG","PricebookEntryId":"01ug8000000gTiLAAU","TotalPrice":100.00,"Quantity":1.00,"ListPrice":1000.00,"OrderId":"801g8000009VivjAAC"}|0x524e1341
15:48:53.669 (1771335286)|STATEMENT_EXECUTE|[106]
15:48:53.669 (1771336903)|STATEMENT_EXECUTE|[107]
15:48:53.669 (1771359167)|VARIABLE_SCOPE_BEGIN|[107]|pedido|Order|true|false
15:48:53.669 (1771424228)|VARIABLE_ASSIGNMENT|[107]|pedido|{"Status":"Draft","City__c":"a05g8000002BgdtAAC","Country__c":"a03g80000084tcUAAQ","AccountId":"001g8000009VivhAAC","DistributionCenter__c":"a06g8000001gZKDAA2","Id":"801g8000009VivjAAC","State__c":"a04g8000000b5VNAAY"}|0x65b971cd
15:48:53.669 (1771428970)|STATEMENT_EXECUTE|[108]
15:48:53.669 (1771442068)|VARIABLE_SCOPE_BEGIN|[108]|produto|Product2|true|false
15:48:53.669 (1771469754)|VARIABLE_ASSIGNMENT|[108]|produto|{"ProductionCost__c":300000.00,"ProductHierarchy__c":"a01g8000009ViviAAC","Id":"01tg8000001RQyjAAG"}|0x73db8d53
15:48:53.669 (1771473098)|STATEMENT_EXECUTE|[109]
15:48:53.669 (1771488431)|VARIABLE_SCOPE_BEGIN|[109]|cliente|Account|true|false
15:48:53.669 (1771518627)|VARIABLE_ASSIGNMENT|[109]|cliente|{"AccountGroup__c":"a02g8000002mQYXAA2","Id":"001g8000009VivhAAC"}|0x3fc0a0db
15:48:53.669 (1771552070)|HEAP_ALLOCATE|[113]|Bytes:28
15:48:53.669 (1771555442)|HEAP_ALLOCATE|[113]|Bytes:28
15:48:53.669 (1771590264)|HEAP_ALLOCATE|[113]|Bytes:28
15:48:53.669 (1771592230)|HEAP_ALLOCATE|[113]|Bytes:28
15:48:53.669 (1771602503)|STATEMENT_EXECUTE|[113]
15:48:53.669 (1771605783)|STATEMENT_EXECUTE|[119]
15:48:53.669 (1771606825)|STATEMENT_EXECUTE|[121]
15:48:53.669 (1771613652)|HEAP_ALLOCATE|[121]|Bytes:18
15:48:53.669 (1771622772)|HEAP_ALLOCATE|[122]|Bytes:18
15:48:53.669 (1771630569)|HEAP_ALLOCATE|[123]|Bytes:18
15:48:53.669 (1771636797)|HEAP_ALLOCATE|[121]|Bytes:54
15:48:53.669 (1771639415)|VARIABLE_SCOPE_BEGIN|[121]|keyOrderItemImposto|String|false|false
15:48:53.669 (1771645546)|VARIABLE_ASSIGNMENT|[121]|keyOrderItemImposto|"01tg8000001RQyjAAGa0 (34 more) ..."
15:48:53.669 (1771647948)|STATEMENT_EXECUTE|[125]
15:48:53.669 (1771658614)|VARIABLE_SCOPE_BEGIN|[125]|impostoEncontrado|Tax__c|true|false
15:48:53.669 (1771693143)|VARIABLE_ASSIGNMENT|[125]|impostoEncontrado|{"DistributionCenter__c":"a06g8000001gZKDAA2","Product__c":"01tg8000001RQyjAAG","TaxRate__c":10.00,"Id":"a09g8000002D2vhAAC","State__c":"a04g8000000b5VNAAY"}|0x3079acfe
15:48:53.669 (1771696841)|STATEMENT_EXECUTE|[127]
15:48:53.669 (1772201052)|VARIABLE_ASSIGNMENT|[127]|this.TaxPercentage__c|10.00|0x524e1341
15:48:53.669 (1772206769)|STATEMENT_EXECUTE|[130]
15:48:53.669 (1772225446)|HEAP_ALLOCATE|[130]|Bytes:7
15:48:53.669 (1772235086)|METHOD_ENTRY|[1]|01pg8000001F8kf|PricingService.PricingService()
15:48:53.669 (1772239586)|STATEMENT_EXECUTE|[1]
15:48:53.669 (1772242509)|STATEMENT_EXECUTE|[1]
15:48:53.669 (1772246119)|METHOD_EXIT|[1]|PricingService
15:48:53.669 (1772256020)|METHOD_ENTRY|[130]|01pg8000001F8kf|PricingService.findMargin(OrderItem, Order, Map<String,Margem__c>, Id, Account)
15:48:53.669 (1772261338)|VARIABLE_SCOPE_BEGIN|[21]|item|OrderItem|true|false
15:48:53.669 (1772691787)|VARIABLE_ASSIGNMENT|[21]|item|{"Product_Code_Display__c":"TRT 7","IsDeleted":false,"UnitPrice":100.00,"Product2Id":"01tg8000001RQyjAAG","PricebookEntryId":"01ug8000000gTiLAAU","TotalPrice":100.00,"Quantity":1.00,"TaxPercentage__c":10.00,"ListPrice":1000.00,"OrderId":"801g8000009VivjAAC"}|0x524e1341
15:48:53.669 (1772697631)|VARIABLE_SCOPE_BEGIN|[21]|pedido|Order|true|false
15:48:53.669 (1772745678)|VARIABLE_ASSIGNMENT|[21]|pedido|{"Status":"Draft","City__c":"a05g8000002BgdtAAC","Country__c":"a03g80000084tcUAAQ","AccountId":"001g8000009VivhAAC","DistributionCenter__c":"a06g8000001gZKDAA2","Id":"801g8000009VivjAAC","State__c":"a04g8000000b5VNAAY"}|0x65b971cd
15:48:53.669 (1772750066)|VARIABLE_SCOPE_BEGIN|[21]|mapMargin|Map<String,Margem__c>|true|false
15:48:53.669 (1772788561)|VARIABLE_ASSIGNMENT|[21]|mapMargin|{"01tg8000001RQyjAAG_001g8000009VivhAAC_a04g8000000b5VNAAY":{"Account__c":"001g8000009VivhAAC","Product__c":"01tg8000001RQyjAAG","Id":"a00g800000PiDJ6AAN","State__c":"a04g8000000b5VNAAY","MarginValuePercent__c":15.00}}|0x3d57163d
15:48:53.669 (1772792641)|VARIABLE_SCOPE_BEGIN|[21]|h|Id|false|false
15:48:53.669 (1772941795)|VARIABLE_ASSIGNMENT|[21]|h|"a01g8000009ViviAAC"
15:48:53.669 (1772945171)|VARIABLE_SCOPE_BEGIN|[21]|cliente|Account|true|false
15:48:53.669 (1772968042)|VARIABLE_ASSIGNMENT|[21]|cliente|{"AccountGroup__c":"a02g8000002mQYXAA2","Id":"001g8000009VivhAAC"}|0x3fc0a0db
15:48:53.669 (1772982913)|STATEMENT_EXECUTE|[21]
15:48:53.669 (1772984152)|STATEMENT_EXECUTE|[22]
15:48:53.669 (1772993564)|VARIABLE_SCOPE_BEGIN|[22]|p|Id|false|false
15:48:53.669 (1773029101)|VARIABLE_ASSIGNMENT|[22]|p|"01tg8000001RQyjAAG"
15:48:53.669 (1773032612)|STATEMENT_EXECUTE|[23]
15:48:53.669 (1773037110)|VARIABLE_SCOPE_BEGIN|[23]|a|Id|false|false
15:48:53.669 (1773056534)|VARIABLE_ASSIGNMENT|[23]|a|"001g8000009VivhAAC"
15:48:53.669 (1773059247)|STATEMENT_EXECUTE|[24]
15:48:53.669 (1773063736)|VARIABLE_SCOPE_BEGIN|[24]|g|Id|false|false
15:48:53.669 (1773082569)|VARIABLE_ASSIGNMENT|[24]|g|"a02g8000002mQYXAA2"
15:48:53.669 (1773085436)|STATEMENT_EXECUTE|[25]
15:48:53.669 (1773088742)|VARIABLE_SCOPE_BEGIN|[25]|c|Id|false|false
15:48:53.669 (1773106994)|VARIABLE_ASSIGNMENT|[25]|c|"a05g8000002BgdtAAC"
15:48:53.669 (1773109361)|STATEMENT_EXECUTE|[26]
15:48:53.669 (1773111973)|VARIABLE_SCOPE_BEGIN|[26]|e|Id|false|false
15:48:53.669 (1773129581)|VARIABLE_ASSIGNMENT|[26]|e|"a04g8000000b5VNAAY"
15:48:53.669 (1773132109)|STATEMENT_EXECUTE|[27]
15:48:53.669 (1773135541)|VARIABLE_SCOPE_BEGIN|[27]|pa|Id|false|false
15:48:53.669 (1773153603)|VARIABLE_ASSIGNMENT|[27]|pa|"a03g80000084tcUAAQ"
15:48:53.669 (1773172322)|HEAP_ALLOCATE|[30]|Bytes:18
15:48:53.669 (1773183640)|HEAP_ALLOCATE|[30]|Bytes:18
15:48:53.669 (1773190132)|HEAP_ALLOCATE|[30]|Bytes:18
15:48:53.669 (1773197337)|HEAP_ALLOCATE|[30]|Bytes:56
15:48:53.669 (1773210416)|STATEMENT_EXECUTE|[30]
15:48:53.669 (1773214670)|HEAP_ALLOCATE|[31]|Bytes:18
15:48:53.669 (1773221122)|HEAP_ALLOCATE|[31]|Bytes:18
15:48:53.669 (1773227122)|HEAP_ALLOCATE|[31]|Bytes:18
15:48:53.669 (1773231455)|HEAP_ALLOCATE|[31]|Bytes:56
15:48:53.669 (1773236867)|STATEMENT_EXECUTE|[31]
15:48:53.669 (1773240073)|HEAP_ALLOCATE|[31]|Bytes:18
15:48:53.669 (1773246036)|HEAP_ALLOCATE|[31]|Bytes:18
15:48:53.669 (1773251916)|HEAP_ALLOCATE|[31]|Bytes:18
15:48:53.669 (1773255945)|HEAP_ALLOCATE|[31]|Bytes:56
15:48:53.669 (1773271546)|METHOD_EXIT|[130]|01pg8000001F8kf|PricingService.findMargin(OrderItem, Order, Map<String,Margem__c>, Id, Account)
15:48:53.669 (1773276627)|VARIABLE_SCOPE_BEGIN|[130]|margem|Margem__c|true|false
15:48:53.669 (1773309336)|VARIABLE_ASSIGNMENT|[130]|margem|{"Account__c":"001g8000009VivhAAC","Product__c":"01tg8000001RQyjAAG","Id":"a00g800000PiDJ6AAN","State__c":"a04g8000000b5VNAAY","MarginValuePercent__c":15.00}|0x564ec8fd
15:48:53.669 (1773313979)|STATEMENT_EXECUTE|[131]
15:48:53.669 (1773792256)|VARIABLE_ASSIGNMENT|[131]|this.MarginPercentage__c|15.00|0x524e1341
15:48:53.669 (1773797028)|STATEMENT_EXECUTE|[134]
15:48:53.669 (1773811989)|METHOD_ENTRY|[134]|01pg8000001F8kf|PricingService.findFreightValue(OrderItem, Order, Map<String,Freight__c>, Id)
15:48:53.669 (1773817023)|VARIABLE_SCOPE_BEGIN|[4]|item|OrderItem|true|false
15:48:53.669 (1774189087)|VARIABLE_ASSIGNMENT|[4]|item|{"Product_Code_Display__c":"TRT 7","IsDeleted":false,"UnitPrice":100.00,"Product2Id":"01tg8000001RQyjAAG","PricebookEntryId":"01ug8000000gTiLAAU","TotalPrice":100.00,"Quantity":1.00,"MarginPercentage__c":15.00,"TaxPercentage__c":10.00,"ListPrice":1000.00,"OrderId":"801g8000009VivjAAC"}|0x524e1341
15:48:53.669 (1774194330)|VARIABLE_SCOPE_BEGIN|[4]|pedido|Order|true|false
15:48:53.669 (1774235564)|VARIABLE_ASSIGNMENT|[4]|pedido|{"Status":"Draft","City__c":"a05g8000002BgdtAAC","Country__c":"a03g80000084tcUAAQ","AccountId":"001g8000009VivhAAC","DistributionCenter__c":"a06g8000001gZKDAA2","Id":"801g8000009VivjAAC","State__c":"a04g8000000b5VNAAY"}|0x65b971cd
15:48:53.669 (1774239494)|VARIABLE_SCOPE_BEGIN|[4]|mapFrete|Map<String,Freight__c>|true|false
15:48:53.669 (1774270849)|VARIABLE_ASSIGNMENT|[4]|mapFrete|{"01tg8000001RQyjAAG_a04g8000000b5VNAAY":{"DistributionCenter__c":"a06g8000001gZKDAA2","Product__c":"01tg8000001RQyjAAG","Id":"a0Ag8000000gGrZEAU","State__c":"a04g8000000b5VNAAY","FreightValue__c":700.00}}|0x4fcf68ef
15:48:53.669 (1774274759)|VARIABLE_SCOPE_BEGIN|[4]|h|Id|false|false
15:48:53.669 (1774314566)|VARIABLE_ASSIGNMENT|[4]|h|"a01g8000009ViviAAC"
15:48:53.669 (1774323470)|STATEMENT_EXECUTE|[4]
15:48:53.669 (1774324539)|STATEMENT_EXECUTE|[5]
15:48:53.669 (1774329455)|VARIABLE_SCOPE_BEGIN|[5]|p|Id|false|false
15:48:53.669 (1774350519)|VARIABLE_ASSIGNMENT|[5]|p|"01tg8000001RQyjAAG"
15:48:53.669 (1774353256)|STATEMENT_EXECUTE|[6]
15:48:53.669 (1774356637)|VARIABLE_SCOPE_BEGIN|[6]|c|Id|false|false
15:48:53.669 (1774374852)|VARIABLE_ASSIGNMENT|[6]|c|"a05g8000002BgdtAAC"
15:48:53.669 (1774377416)|STATEMENT_EXECUTE|[7]
15:48:53.669 (1774379975)|VARIABLE_SCOPE_BEGIN|[7]|e|Id|false|false
15:48:53.669 (1774397821)|VARIABLE_ASSIGNMENT|[7]|e|"a04g8000000b5VNAAY"
15:48:53.669 (1774400321)|STATEMENT_EXECUTE|[8]
15:48:53.669 (1774402951)|VARIABLE_SCOPE_BEGIN|[8]|pa|Id|false|false
15:48:53.669 (1774420079)|VARIABLE_ASSIGNMENT|[8]|pa|"a03g80000084tcUAAQ"
15:48:53.669 (1774432504)|HEAP_ALLOCATE|[10]|Bytes:18
15:48:53.669 (1774442445)|HEAP_ALLOCATE|[10]|Bytes:18
15:48:53.669 (1774448914)|HEAP_ALLOCATE|[10]|Bytes:37
15:48:53.669 (1774458664)|STATEMENT_EXECUTE|[10]
15:48:53.669 (1774462966)|HEAP_ALLOCATE|[11]|Bytes:18
15:48:53.669 (1774469260)|HEAP_ALLOCATE|[11]|Bytes:18
15:48:53.669 (1774473605)|HEAP_ALLOCATE|[11]|Bytes:37
15:48:53.669 (1774478827)|STATEMENT_EXECUTE|[11]
15:48:53.669 (1774482231)|HEAP_ALLOCATE|[11]|Bytes:18
15:48:53.669 (1774488270)|HEAP_ALLOCATE|[11]|Bytes:18
15:48:53.669 (1774492640)|HEAP_ALLOCATE|[11]|Bytes:37
15:48:53.669 (1774510080)|METHOD_EXIT|[134]|01pg8000001F8kf|PricingService.findFreightValue(OrderItem, Order, Map<String,Freight__c>, Id)
15:48:53.669 (1775012251)|VARIABLE_ASSIGNMENT|[134]|this.FreightValue__c|700.00|0x524e1341
15:48:53.669 (1775018028)|STATEMENT_EXECUTE|[137]
15:48:53.669 (1775028620)|VARIABLE_SCOPE_BEGIN|[137]|custoUnitario|Decimal|false|false
15:48:53.669 (1775034018)|VARIABLE_ASSIGNMENT|[137]|custoUnitario|300000.00
15:48:53.669 (1775036444)|STATEMENT_EXECUTE|[140]
15:48:53.669 (1775045380)|HEAP_ALLOCATE|[140]|Bytes:28
15:48:53.669 (1775050145)|HEAP_ALLOCATE|[140]|Bytes:28
15:48:53.669 (1775060309)|METHOD_ENTRY|[140]|01pg8000001F8kf|PricingService.calculateFinalPrice(OrderItem, Decimal, Margem__c, Decimal, Decimal)
15:48:53.669 (1775064990)|VARIABLE_SCOPE_BEGIN|[47]|item|OrderItem|true|false
15:48:53.669 (1775447512)|VARIABLE_ASSIGNMENT|[47]|item|{"Product_Code_Display__c":"TRT 7","IsDeleted":false,"UnitPrice":100.00,"Product2Id":"01tg8000001RQyjAAG","PricebookEntryId":"01ug8000000gTiLAAU","TotalPrice":100.00,"Quantity":1.00,"MarginPercentage__c":15.00,"TaxPercentage__c":10.00,"ListPrice":1000.00,"OrderId":"801g8000009VivjAAC","FreightValue__c":700.00}|0x524e1341
15:48:53.669 (1775452820)|VARIABLE_SCOPE_BEGIN|[47]|frete|Decimal|false|false
15:48:53.669 (1775458524)|VARIABLE_ASSIGNMENT|[47]|frete|700.00
15:48:53.669 (1775461200)|VARIABLE_SCOPE_BEGIN|[47]|margem|Margem__c|true|false
15:48:53.669 (1775496565)|VARIABLE_ASSIGNMENT|[47]|margem|{"Account__c":"001g8000009VivhAAC","Product__c":"01tg8000001RQyjAAG","Id":"a00g800000PiDJ6AAN","State__c":"a04g8000000b5VNAAY","MarginValuePercent__c":15.00}|0x564ec8fd
15:48:53.669 (1775500060)|VARIABLE_SCOPE_BEGIN|[47]|impostoPercent|Decimal|false|false
15:48:53.669 (1775504170)|VARIABLE_ASSIGNMENT|[47]|impostoPercent|10.00
15:48:53.669 (1775506240)|VARIABLE_SCOPE_BEGIN|[47]|custo|Decimal|false|false
15:48:53.669 (1775509594)|VARIABLE_ASSIGNMENT|[47]|custo|300000.00
15:48:53.669 (1775517223)|STATEMENT_EXECUTE|[47]
15:48:53.669 (1775518286)|STATEMENT_EXECUTE|[48]
15:48:53.669 (1775528080)|VARIABLE_SCOPE_BEGIN|[48]|mPerc|Decimal|false|false
15:48:53.669 (1775532166)|VARIABLE_ASSIGNMENT|[48]|mPerc|15.00
15:48:53.669 (1775534337)|STATEMENT_EXECUTE|[49]
15:48:53.669 (1775535971)|VARIABLE_SCOPE_BEGIN|[49]|iPerc|Decimal|false|false
15:48:53.669 (1775540018)|VARIABLE_ASSIGNMENT|[49]|iPerc|10.00
15:48:53.669 (1775542005)|STATEMENT_EXECUTE|[50]
15:48:53.669 (1775543546)|VARIABLE_SCOPE_BEGIN|[50]|custoProd|Decimal|false|false
15:48:53.669 (1775547108)|VARIABLE_ASSIGNMENT|[50]|custoProd|300000.00
15:48:53.669 (1775548998)|STATEMENT_EXECUTE|[51]
15:48:53.669 (1775550305)|VARIABLE_SCOPE_BEGIN|[51]|freteVal|Decimal|false|false
15:48:53.669 (1775553897)|VARIABLE_ASSIGNMENT|[51]|freteVal|700.00
15:48:53.669 (1775555983)|STATEMENT_EXECUTE|[54]
15:48:53.669 (1775578653)|HEAP_ALLOCATE|[54]|Bytes:28
15:48:53.669 (1775584379)|VARIABLE_SCOPE_BEGIN|[54]|precoBase|Decimal|false|false
15:48:53.669 (1775588344)|VARIABLE_ASSIGNMENT|[54]|precoBase|300700.00
15:48:53.669 (1775590665)|STATEMENT_EXECUTE|[57]
15:48:53.669 (1775596636)|HEAP_ALLOCATE|[57]|Bytes:28
15:48:53.669 (1775598405)|HEAP_ALLOCATE|[57]|Bytes:28
15:48:53.669 (1775602438)|HEAP_ALLOCATE|[57]|Bytes:28
15:48:53.669 (1775645344)|HEAP_ALLOCATE|[57]|Bytes:28
15:48:53.669 (1775647119)|HEAP_ALLOCATE|[57]|Bytes:28
15:48:53.669 (1775655684)|HEAP_ALLOCATE|[57]|Bytes:28
15:48:53.669 (1775665483)|HEAP_ALLOCATE|[57]|Bytes:28
15:48:53.669 (1775669513)|VARIABLE_SCOPE_BEGIN|[57]|precoSemMargem|Decimal|false|false
15:48:53.669 (1775674507)|VARIABLE_ASSIGNMENT|[57]|precoSemMargem|330770.0000
15:48:53.669 (1775676808)|STATEMENT_EXECUTE|[60]
15:48:53.669 (1775679201)|HEAP_ALLOCATE|[60]|Bytes:28
15:48:53.669 (1775680776)|HEAP_ALLOCATE|[60]|Bytes:28
15:48:53.669 (1775683347)|HEAP_ALLOCATE|[60]|Bytes:28
15:48:53.669 (1775693532)|HEAP_ALLOCATE|[60]|Bytes:28
15:48:53.669 (1775695143)|HEAP_ALLOCATE|[60]|Bytes:28
15:48:53.669 (1775702233)|HEAP_ALLOCATE|[60]|Bytes:28
15:48:53.669 (1775709177)|HEAP_ALLOCATE|[60]|Bytes:28
15:48:53.669 (1775713048)|VARIABLE_SCOPE_BEGIN|[60]|precoCalculado|Decimal|false|false
15:48:53.669 (1775717616)|VARIABLE_ASSIGNMENT|[60]|precoCalculado|380385.500000
15:48:53.669 (1775719728)|STATEMENT_EXECUTE|[63]
15:48:53.669 (1776111781)|VARIABLE_ASSIGNMENT|[63]|this.ProductionCost__c|300000.00|0x524e1341
15:48:53.669 (1776116333)|STATEMENT_EXECUTE|[64]
15:48:53.669 (1776478474)|VARIABLE_ASSIGNMENT|[64]|this.MarginPercentage__c|15.00|0x524e1341
15:48:53.669 (1776482149)|STATEMENT_EXECUTE|[65]
15:48:53.669 (1776874329)|VARIABLE_ASSIGNMENT|[65]|this.FreightValue__c|700.00|0x524e1341
15:48:53.669 (1776878622)|STATEMENT_EXECUTE|[66]
15:48:53.669 (1777239727)|VARIABLE_ASSIGNMENT|[66]|this.TaxPercentage__c|10.00|0x524e1341
15:48:53.669 (1777243416)|STATEMENT_EXECUTE|[67]
15:48:53.669 (1777598033)|VARIABLE_ASSIGNMENT|[67]|this.PriceWithoutMargin__c|330770.0000|0x524e1341
15:48:53.669 (1777601543)|STATEMENT_EXECUTE|[68]
15:48:53.669 (1777954627)|VARIABLE_ASSIGNMENT|[68]|this.FinalPrice__c|380385.500000|0x524e1341
15:48:53.669 (1777958085)|STATEMENT_EXECUTE|[71]
15:48:53.669 (1777970255)|VARIABLE_SCOPE_BEGIN|[71]|unitPriceDigitado|Decimal|false|false
15:48:53.669 (1777975567)|VARIABLE_ASSIGNMENT|[71]|unitPriceDigitado|100.00
15:48:53.669 (1777983738)|HEAP_ALLOCATE|[74]|Bytes:28
15:48:53.669 (1777986062)|HEAP_ALLOCATE|[74]|Bytes:28
15:48:53.669 (1778006233)|STATEMENT_EXECUTE|[74]
15:48:53.669 (1778007627)|STATEMENT_EXECUTE|[75]
15:48:53.669 (1778018172)|HEAP_ALLOCATE|[75]|Bytes:28
15:48:53.669 (1778045078)|HEAP_ALLOCATE|[75]|Bytes:28
15:48:53.669 (1778046886)|HEAP_ALLOCATE|[75]|Bytes:28
15:48:53.669 (1778432813)|VARIABLE_ASSIGNMENT|[75]|this.DiscountPercentage__c|0.999737108801465881323026245742806|0x524e1341
15:48:53.669 (1778436893)|STATEMENT_EXECUTE|[76]
15:48:53.669 (1778444627)|HEAP_ALLOCATE|[76]|Bytes:28
15:48:53.669 (1778813127)|VARIABLE_ASSIGNMENT|[76]|this.DiscountValue__c|380285.500000|0x524e1341
15:48:53.669 (1778817750)|STATEMENT_EXECUTE|[79]
15:48:53.669 (1778823712)|HEAP_ALLOCATE|[79]|Bytes:28
15:48:53.669 (1779199826)|VARIABLE_ASSIGNMENT|[79]|this.UnitPrice|380385.500000|0x524e1341
15:48:53.669 (1779210546)|METHOD_EXIT|[140]|01pg8000001F8kf|PricingService.calculateFinalPrice(OrderItem, Decimal, Margem__c, Decimal, Decimal)
15:48:53.669 (1779228784)|HEAP_ALLOCATE|[106]|Bytes:5
15:48:53.669 (1779241234)|VARIABLE_ASSIGNMENT|[106]|item|null|
15:48:53.669 (1779246796)|METHOD_EXIT|[20]|01pg8000001EZwd|OrdemItemHandler.executePricingLogic()
15:48:53.669 (1779251415)|STATEMENT_EXECUTE|[21]
15:48:53.669 (1779262695)|METHOD_ENTRY|[21]|01pg8000001EZwd|OrdemItemHandler.checkDuplicateProducts()
15:48:53.669 (1779267575)|VARIABLE_SCOPE_BEGIN|[145]|this|OrdemItemHandler|true|false
15:48:53.669 (1779321370)|VARIABLE_ASSIGNMENT|[145]|this|{"newRecords":"0x7f8b0a96","handlerName":"OrderItemHandler","isTriggerExecuting":true,"triggerEvent":"0x461e9db9"}|0x21a31721
15:48:53.669 (1779331424)|STATEMENT_EXECUTE|[145]
15:48:53.669 (1779332750)|STATEMENT_EXECUTE|[146]
15:48:53.669 (1779348152)|HEAP_ALLOCATE|[146]|Bytes:4
15:48:53.669 (1779361276)|VARIABLE_SCOPE_BEGIN|[146]|setOrderIds|Set<Id>|true|false
15:48:53.669 (1779393578)|VARIABLE_ASSIGNMENT|[146]|setOrderIds|[]|0x5c3fe692
15:48:53.669 (1779396618)|STATEMENT_EXECUTE|[147]
15:48:53.669 (1779399278)|HEAP_ALLOCATE|[147]|Bytes:4
15:48:53.669 (1779404361)|VARIABLE_SCOPE_BEGIN|[147]|setProductIds|Set<Id>|true|false
15:48:53.669 (1779410819)|VARIABLE_ASSIGNMENT|[147]|setProductIds|[]|0x73214953
15:48:53.669 (1779431224)|HEAP_ALLOCATE|[149]|Bytes:5
15:48:53.669 (1779445325)|HEAP_ALLOCATE|[149]|Bytes:40
15:48:53.669 (1779450774)|VARIABLE_SCOPE_BEGIN|[149]|ot|OrderItem|true|false
15:48:53.669 (1779841398)|VARIABLE_ASSIGNMENT|[149]|ot|{"Product_Code_Display__c":"TRT 7","DiscountPercentage__c":0.999737108801465881323026245742806,"IsDeleted":false,"DiscountValue__c":380285.500000,"Quantity":1.00,"FinalPrice__c":380385.500000,"TaxPercentage__c":10.00,"ListPrice":1000.00,"OrderId":"801g8000009VivjAAC","PriceWithoutMargin__c":330770.0000,"FreightValue__c":700.00,"UnitPrice":380385.500000,"Product2Id":"01tg8000001RQyjAAG","ProductionCost__c":300000.00,"PricebookEntryId":"01ug8000000gTiLAAU","TotalPrice":100.00,"MarginPercentage__c":15.00}|0x524e1341
15:48:53.669 (1779849757)|STATEMENT_EXECUTE|[149]
15:48:53.669 (1779850708)|STATEMENT_EXECUTE|[150]
15:48:53.669 (1779864760)|HEAP_ALLOCATE|[EXTERNAL]|Bytes:4
15:48:53.669 (1779869911)|STATEMENT_EXECUTE|[151]
15:48:53.669 (1779874399)|HEAP_ALLOCATE|[EXTERNAL]|Bytes:4
15:48:53.669 (1779881276)|HEAP_ALLOCATE|[149]|Bytes:5
15:48:53.669 (1779887226)|VARIABLE_ASSIGNMENT|[149]|ot|null|
15:48:53.669 (1779890344)|STATEMENT_EXECUTE|[154]
15:48:53.669 (1779904282)|HEAP_ALLOCATE|[154]|Bytes:4
15:48:53.669 (1779912989)|METHOD_ENTRY|[1]|01pg8000001w1Mc|OrderItemSelector.OrderItemSelector()
15:48:53.669 (1779916701)|STATEMENT_EXECUTE|[1]
15:48:53.669 (1779918820)|STATEMENT_EXECUTE|[1]
15:48:53.669 (1779923032)|METHOD_EXIT|[1]|OrderItemSelector
15:48:53.669 (1779928061)|METHOD_ENTRY|[154]|01pg8000001w1Mc|OrderItemSelector.getOrderItemByIds(Set<Id>, Set<Id>)
15:48:53.669 (1779931600)|VARIABLE_SCOPE_BEGIN|[2]|orderIds|Set<Id>|true|false
15:48:53.669 (1779938276)|VARIABLE_ASSIGNMENT|[2]|orderIds|["801g8000009VivjAAC"]|0x5c3fe692
15:48:53.669 (1779940992)|VARIABLE_SCOPE_BEGIN|[2]|productIds|Set<Id>|true|false
15:48:53.669 (1779945184)|VARIABLE_ASSIGNMENT|[2]|productIds|["01tg8000001RQyjAAG"]|0x73214953
15:48:53.669 (1779951260)|STATEMENT_EXECUTE|[2]
15:48:53.669 (1779952202)|STATEMENT_EXECUTE|[3]
15:48:53.669 (1779954018)|HEAP_ALLOCATE|[3]|Bytes:98
15:48:53.669 (1779964349)|HEAP_ALLOCATE|[3]|Bytes:4
15:48:53.669 (1779975945)|HEAP_ALLOCATE|[3]|Bytes:7
15:48:53.669 (1780397440)|SOQL_EXECUTE_BEGIN|[3]|Aggregations:0|SELECT Id, OrderId, Product2Id FROM OrderItem WHERE (OrderId = :tmpVar1 AND Product2Id = :tmpVar2)
15:48:53.669 (1781973788)|SOQL_EXECUTE_END|[3]|Rows:0
15:48:53.669 (1782000511)|HEAP_ALLOCATE|[3]|Bytes:4
15:48:53.669 (1782015361)|HEAP_ALLOCATE|[3]|Bytes:0
15:48:53.669 (1782053175)|HEAP_ALLOCATE|[3]|Bytes:4
15:48:53.669 (1782071817)|METHOD_EXIT|[154]|01pg8000001w1Mc|OrderItemSelector.getOrderItemByIds(Set<Id>, Set<Id>)
15:48:53.669 (1782078091)|VARIABLE_SCOPE_BEGIN|[154]|existingItens|List<OrderItem>|true|false
15:48:53.669 (1782093256)|VARIABLE_ASSIGNMENT|[154]|existingItens|[]|0x34beb325
15:48:53.669 (1782099330)|STATEMENT_EXECUTE|[156]
15:48:53.669 (1782109514)|HEAP_ALLOCATE|[156]|Bytes:4
15:48:53.669 (1782124094)|VARIABLE_SCOPE_BEGIN|[156]|comparacao|Set<String>|true|false
15:48:53.669 (1782139310)|VARIABLE_ASSIGNMENT|[156]|comparacao|[]|0x674bfee1
15:48:53.669 (1782166756)|HEAP_ALLOCATE|[157]|Bytes:5
15:48:53.669 (1782176931)|VARIABLE_ASSIGNMENT|[157]|it|null|
15:48:53.669 (1782180752)|STATEMENT_EXECUTE|[157]
15:48:53.669 (1782190297)|HEAP_ALLOCATE|[161]|Bytes:5
15:48:53.669 (1782204936)|HEAP_ALLOCATE|[161]|Bytes:40
15:48:53.669 (1782210132)|VARIABLE_SCOPE_BEGIN|[161]|newItem|OrderItem|true|false
15:48:53.669 (1782737390)|VARIABLE_ASSIGNMENT|[161]|newItem|{"Product_Code_Display__c":"TRT 7","DiscountPercentage__c":0.999737108801465881323026245742806,"IsDeleted":false,"DiscountValue__c":380285.500000,"Quantity":1.00,"FinalPrice__c":380385.500000,"TaxPercentage__c":10.00,"ListPrice":1000.00,"OrderId":"801g8000009VivjAAC","PriceWithoutMargin__c":330770.0000,"FreightValue__c":700.00,"UnitPrice":380385.500000,"Product2Id":"01tg8000001RQyjAAG","ProductionCost__c":300000.00,"PricebookEntryId":"01ug8000000gTiLAAU","TotalPrice":100.00,"MarginPercentage__c":15.00}|0x524e1341
15:48:53.669 (1782746388)|STATEMENT_EXECUTE|[161]
15:48:53.669 (1782747557)|STATEMENT_EXECUTE|[162]
15:48:53.669 (1782786986)|HEAP_ALLOCATE|[162]|Bytes:18
15:48:53.669 (1782793818)|HEAP_ALLOCATE|[162]|Bytes:1
15:48:53.669 (1782801202)|HEAP_ALLOCATE|[162]|Bytes:18
15:48:53.669 (1782808196)|HEAP_ALLOCATE|[162]|Bytes:37
15:48:53.669 (1782811351)|VARIABLE_SCOPE_BEGIN|[162]|keyCombo|String|false|false
15:48:53.669 (1782818333)|VARIABLE_ASSIGNMENT|[162]|keyCombo|"801g8000009VivjAAC-0 (17 more) ..."
15:48:53.669 (1782831340)|STATEMENT_EXECUTE|[166]
15:48:53.669 (1782832404)|STATEMENT_EXECUTE|[168]
15:48:53.669 (1782836693)|HEAP_ALLOCATE|[EXTERNAL]|Bytes:4
15:48:53.669 (1782846674)|HEAP_ALLOCATE|[161]|Bytes:5
15:48:53.669 (1782853059)|VARIABLE_ASSIGNMENT|[161]|newItem|null|
15:48:53.669 (1782859522)|METHOD_EXIT|[21]|01pg8000001EZwd|OrdemItemHandler.checkDuplicateProducts()
15:48:53.669 (1782866651)|METHOD_EXIT|[137]|01pg8000001EZwd|OrdemItemHandler.beforeInsert()
15:48:53.669 (1782870220)|STATEMENT_EXECUTE|[158]
15:48:53.669 (1782886118)|METHOD_ENTRY|[158]|01pg80000019iSf|TriggerHandler.andFinally()
15:48:53.669 (1782890322)|VARIABLE_SCOPE_BEGIN|[746]|this|TriggerHandler|true|false
15:48:53.669 (1782927776)|VARIABLE_ASSIGNMENT|[746]|this|{"newRecords":"0x7f8b0a96","handlerName":"OrderItemHandler","isTriggerExecuting":true,"triggerEvent":"0x461e9db9"}|0x21a31721
15:48:53.669 (1782937790)|STATEMENT_EXECUTE|[746]
15:48:53.669 (1782939312)|METHOD_EXIT|[158]|01pg80000019iSf|TriggerHandler.andFinally()
15:48:53.669 (1782945009)|STATEMENT_EXECUTE|[160]
15:48:53.669 (1782947933)|STATEMENT_EXECUTE|[176]
15:48:53.669 (1782951132)|METHOD_EXIT|[2]|01pg80000019iSf|TriggerHandler.run()
15:48:53.782 (1782959006)|CUMULATIVE_LIMIT_USAGE
15:48:53.782 (1782959006)|LIMIT_USAGE_FOR_NS|(default)|
  Number of SOQL queries: 11 out of 100
  Number of query rows: 10 out of 50000
  Number of SOSL queries: 0 out of 20
  Number of DML statements: 14 out of 150
  Number of Publish Immediate DML: 0 out of 150
  Number of DML rows: 14 out of 10000
  Maximum CPU time: 91 out of 10000
  Maximum heap size: 0 out of 6000000
  Number of callouts: 0 out of 100
  Number of Email Invocations: 0 out of 10
  Number of future calls: 0 out of 50
  Number of queueable jobs added to the queue: 0 out of 50
  Number of Mobile Apex push calls: 0 out of 10

15:48:53.782 (1782959006)|CUMULATIVE_LIMIT_USAGE_END

15:48:53.669 (1783277906)|CODE_UNIT_FINISHED|OrdemItemTrigger on OrderItem trigger event BeforeInsert|__sfdc_trigger/OrdemItemTrigger
15:48:53.669 (1818142915)|CODE_UNIT_STARTED|[EXTERNAL]|01qg8000000GdOn|OrderTrigger on Order trigger event BeforeUpdate|__sfdc_trigger/OrderTrigger
15:48:53.669 (1818221277)|HEAP_ALLOCATE|[EXTERNAL]|Bytes:8
15:48:53.669 (1818298400)|HEAP_ALLOCATE|[EXTERNAL]|Bytes:8
15:48:53.669 (1818382397)|HEAP_ALLOCATE|[EXTERNAL]|Bytes:4
15:48:53.669 (1818393613)|VARIABLE_SCOPE_BEGIN|[1]|this|OrderTrigger|true|false
15:48:53.669 (1818433311)|VARIABLE_ASSIGNMENT|[1]|this|{}|0x7376195a
15:48:53.669 (1818468654)|HEAP_ALLOCATE|[EXTERNAL]|Bytes:4
15:48:53.669 (1818474742)|VARIABLE_SCOPE_BEGIN|[1]|this|OrderTrigger|true|false
15:48:53.669 (1818480410)|VARIABLE_ASSIGNMENT|[1]|this|{}|0x7376195a
15:48:53.669 (1818491017)|STATEMENT_EXECUTE|[1]
15:48:53.669 (1818492266)|STATEMENT_EXECUTE|[2]
15:48:53.669 (1818510353)|HEAP_ALLOCATE|[2]|Bytes:16
15:48:53.669 (1818524740)|METHOD_ENTRY|[1]|01pg8000001LXzh|OrderHandler.OrderHandler()
15:48:53.669 (1818529831)|STATEMENT_EXECUTE|[1]
15:48:53.669 (1818533114)|STATEMENT_EXECUTE|[1]
15:48:53.669 (1818538020)|METHOD_EXIT|[1]|OrderHandler
15:48:53.669 (1818549587)|HEAP_ALLOCATE|[2]|Bytes:32
15:48:53.669 (1818565934)|CONSTRUCTOR_ENTRY|[2]|01pg8000001LXzh|<init>()|OrderHandler
15:48:53.669 (1818572200)|VARIABLE_SCOPE_BEGIN|[8]|this|OrderHandler|true|false
15:48:53.669 (1818592153)|VARIABLE_ASSIGNMENT|[8]|this|{}|0x5c1d510d
15:48:53.669 (1818598254)|STATEMENT_EXECUTE|[1]
15:48:53.669 (1818599334)|STATEMENT_EXECUTE|[3]
15:48:53.669 (1818600567)|STATEMENT_EXECUTE|[4]
15:48:53.669 (1818601361)|STATEMENT_EXECUTE|[5]
15:48:53.669 (1818602182)|STATEMENT_EXECUTE|[6]
15:48:53.669 (1818603082)|STATEMENT_EXECUTE|[9]
15:48:53.669 (1818607325)|HEAP_ALLOCATE|[9]|Bytes:12
15:48:53.669 (1818617455)|CONSTRUCTOR_ENTRY|[9]|01pg80000019iSf|<init>(String)|TriggerHandler
15:48:53.669 (1818621865)|VARIABLE_SCOPE_BEGIN|[107]|this|TriggerHandler|true|false
15:48:53.669 (1818628954)|VARIABLE_ASSIGNMENT|[107]|this|{}|0x5c1d510d
15:48:53.669 (1818631895)|VARIABLE_SCOPE_BEGIN|[107]|handlerName|String|false|false
15:48:53.669 (1818641951)|VARIABLE_ASSIGNMENT|[107]|handlerName|"OrderHandler"
15:48:53.669 (1818645356)|STATEMENT_EXECUTE|[15]
15:48:53.669 (1818646482)|STATEMENT_EXECUTE|[50]
15:48:53.669 (1818647827)|STATEMENT_EXECUTE|[57]
15:48:53.669 (1818648993)|STATEMENT_EXECUTE|[671]
15:48:53.669 (1818667968)|STATEMENT_EXECUTE|[107]
15:48:53.669 (1818668973)|STATEMENT_EXECUTE|[108]
15:48:53.669 (1818673917)|STATEMENT_EXECUTE|[109]
15:48:53.669 (1818681951)|METHOD_ENTRY|[109]|01pg80000019iSf|TriggerHandler.setTriggerContext()
15:48:53.669 (1818685830)|VARIABLE_SCOPE_BEGIN|[565]|this|TriggerHandler|true|false
15:48:53.669 (1818695729)|VARIABLE_ASSIGNMENT|[565]|this|{"handlerName":"OrderHandler"}|0x5c1d510d
15:48:53.669 (1818709126)|STATEMENT_EXECUTE|[565]
15:48:53.669 (1818710144)|STATEMENT_EXECUTE|[566]
15:48:53.669 (1818785812)|HEAP_ALLOCATE|[566]|Bytes:16
15:48:53.669 (1818797811)|METHOD_ENTRY|[566]|01pg80000019iSf|TriggerHandler.setTriggerContext(System.TriggerOperation, Boolean)
15:48:53.669 (1818801092)|VARIABLE_SCOPE_BEGIN|[582]|this|TriggerHandler|true|false
15:48:53.669 (1818809915)|VARIABLE_ASSIGNMENT|[582]|this|{"handlerName":"OrderHandler"}|0x5c1d510d
15:48:53.669 (1818813001)|VARIABLE_SCOPE_BEGIN|[582]|opType|System.TriggerOperation|true|false
15:48:53.669 (1818826715)|VARIABLE_ASSIGNMENT|[582]|opType|"BEFORE_UPDATE"|0x8e381db
15:48:53.669 (1818834177)|VARIABLE_SCOPE_BEGIN|[582]|testMode|Boolean|false|false
15:48:53.669 (1818840870)|VARIABLE_ASSIGNMENT|[582]|testMode|false
15:48:53.669 (1818845585)|STATEMENT_EXECUTE|[582]
15:48:53.669 (1818853871)|STATEMENT_EXECUTE|[586]
15:48:53.669 (1818854758)|STATEMENT_EXECUTE|[587]
15:48:53.669 (1818857743)|HEAP_ALLOCATE|[587]|Bytes:5
15:48:53.669 (1818863288)|STATEMENT_EXECUTE|[590]
15:48:53.669 (1818864246)|STATEMENT_EXECUTE|[592]
15:48:53.669 (1818875747)|HEAP_ALLOCATE|[592]|Bytes:16
15:48:53.669 (1818880459)|STATEMENT_EXECUTE|[595]
15:48:53.669 (1818888967)|VARIABLE_SCOPE_BEGIN|[595]|context|String|false|false
15:48:53.669 (1818895947)|VARIABLE_ASSIGNMENT|[595]|context|"BEFORE_UPDATE"
15:48:53.669 (1818898055)|STATEMENT_EXECUTE|[597]
15:48:53.669 (1818921299)|HEAP_ALLOCATE|[601]|Bytes:13
15:48:53.669 (1818930568)|STATEMENT_EXECUTE|[601]
15:48:53.669 (1818931474)|STATEMENT_EXECUTE|[602]
15:48:53.669 (1818938346)|METHOD_EXIT|[566]|01pg80000019iSf|TriggerHandler.setTriggerContext(System.TriggerOperation, Boolean)
15:48:53.669 (1818941348)|METHOD_EXIT|[109]|01pg80000019iSf|TriggerHandler.setTriggerContext()
15:48:53.669 (1818946645)|CONSTRUCTOR_EXIT|[9]|01pg80000019iSf|<init>(String)|TriggerHandler
15:48:53.669 (1818950063)|STATEMENT_EXECUTE|[8]
15:48:53.669 (1818951477)|STATEMENT_EXECUTE|[10]
15:48:53.669 (1819922770)|VARIABLE_ASSIGNMENT|[10]|this.newRecords|[{"Status":"Draft","LastModifiedDate":"2026-04-10T18:48:52.000Z","Country__c":"a03g80000084tcUAAQ","IsDeleted":false,"AccountId":"001g8000009VivhAAC","OrderNumber":"00100116","TotalAmount":380385.50,"StatusCode":"Draft","IsReductionOrder":false,"SystemModstamp":"2026-04-10T18:48:53.000Z","City__c":"a05g8000002BgdtAAC","OwnerId":"005g80000010N45AAE","CreatedById":"005g80000010N45AAE","DistributionCenter__c":"a06g8000001gZKDAA2","CreatedDate":"2026-04-10T18:48:52.000Z","Pricebook2Id":"01sg8000000h7xWAAQ","Id":"801g8000009VivjAAC","LastModifiedById":"005g80000010N45AAE","State__c":"a04g8000000b5VNAAY","EffectiveDate":"2026-04-10T00:00:00.000Z"}]|0x5c1d510d
15:48:53.669 (1819936930)|STATEMENT_EXECUTE|[11]
15:48:53.669 (1820403299)|VARIABLE_ASSIGNMENT|[11]|this.oldRecords|[{"Status":"Draft","LastModifiedDate":"2026-04-10T18:48:52.000Z","Country__c":"a03g80000084tcUAAQ","IsDeleted":false,"AccountId":"001g8000009VivhAAC","OrderNumber":"00100116","TotalAmount":0.00,"StatusCode":"Draft","IsReductionOrder":false,"SystemModstamp":"2026-04-10T18:48:52.000Z","City__c":"a05g8000002BgdtAAC","OwnerId":"005g80000010N45AAE","CreatedById":"005g80000010N45AAE","DistributionCenter__c":"a06g8000001gZKDAA2","CreatedDate":"2026-04-10T18:48:52.000Z","Pricebook2Id":"01sg8000000h7xWAAQ","Id":"801g8000009VivjAAC","LastModifiedById":"005g80000010N45AAE","State__c":"a04g8000000b5VNAAY","EffectiveDate":"2026-04-10T00:00:00.000Z"}]|0x5c1d510d
15:48:53.669 (1820412062)|STATEMENT_EXECUTE|[12]
15:48:53.669 (1820855019)|VARIABLE_ASSIGNMENT|[12]|this.newRecordsMap|{"801g8000009VivjAAC":{"Status":"Draft","LastModifiedDate":"2026-04-10T18:48:52.000Z","Country__c":"a03g80000084tcUAAQ","IsDeleted":false,"AccountId":"001g8000009VivhAAC","OrderNumber":"00100116","TotalAmount":380385.50,"StatusCode":"Draft","IsReductionOrder":false,"SystemModstamp":"2026-04-10T18:48:53.000Z","City__c":"a05g8000002BgdtAAC","OwnerId":"005g80000010N45AAE","CreatedById":"005g80000010N45AAE","DistributionCenter__c":"a06g8000001gZKDAA2","CreatedDate":"2026-04-10T18:48:52.000Z","Pricebook2Id":"01sg8000000h7xWAAQ","Id":"801g8000009VivjAAC","LastModifiedById":"005g80000010N45AAE","State__c":"a04g8000000b5VNAAY","EffectiveDate":"2026-04-10T00:00:00.000Z"}}|0x5c1d510d
15:48:53.669 (1820863830)|STATEMENT_EXECUTE|[13]
15:48:53.669 (1821218022)|VARIABLE_ASSIGNMENT|[13]|this.oldRecordsMap|{"801g8000009VivjAAC":{"Status":"Draft","LastModifiedDate":"2026-04-10T18:48:52.000Z","Country__c":"a03g80000084tcUAAQ","IsDeleted":false,"AccountId":"001g8000009VivhAAC","OrderNumber":"00100116","TotalAmount":0.00,"StatusCode":"Draft","IsReductionOrder":false,"SystemModstamp":"2026-04-10T18:48:52.000Z","City__c":"a05g8000002BgdtAAC","OwnerId":"005g80000010N45AAE","CreatedById":"005g80000010N45AAE","DistributionCenter__c":"a06g8000001gZKDAA2","CreatedDate":"2026-04-10T18:48:52.000Z","Pricebook2Id":"01sg8000000h7xWAAQ","Id":"801g8000009VivjAAC","LastModifiedById":"005g80000010N45AAE","State__c":"a04g8000000b5VNAAY","EffectiveDate":"2026-04-10T00:00:00.000Z"}}|0x5c1d510d
15:48:53.669 (1821231879)|CONSTRUCTOR_EXIT|[2]|01pg8000001LXzh|<init>()|OrderHandler
15:48:53.669 (1821255225)|METHOD_ENTRY|[2]|01pg80000019iSf|TriggerHandler.run()
15:48:53.669 (1821261057)|VARIABLE_SCOPE_BEGIN|[120]|this|TriggerHandler|true|false
15:48:53.669 (1821297538)|VARIABLE_ASSIGNMENT|[120]|this|{"newRecords":"0x15c40074","newRecordsMap":"0x4d7d3207","oldRecords":"0xe824e3b","oldRecordsMap":"0x38a1e3df","handlerName":"OrderHandler","isTriggerExecuting":true,"triggerEvent":"0x8e381db"}|0x5c1d510d
15:48:53.669 (1821308877)|STATEMENT_EXECUTE|[120]
15:48:53.669 (1821312358)|METHOD_ENTRY|[121]|01pg80000019iSf|TriggerHandler.validateRun()
15:48:53.669 (1821315950)|VARIABLE_SCOPE_BEGIN|[661]|this|TriggerHandler|true|false
15:48:53.669 (1821327040)|VARIABLE_ASSIGNMENT|[661]|this|{"newRecords":"0x15c40074","newRecordsMap":"0x4d7d3207","oldRecords":"0xe824e3b","oldRecordsMap":"0x38a1e3df","handlerName":"OrderHandler","isTriggerExecuting":true,"triggerEvent":"0x8e381db"}|0x5c1d510d
15:48:53.669 (1821332183)|STATEMENT_EXECUTE|[661]
15:48:53.669 (1821338247)|STATEMENT_EXECUTE|[662]
15:48:53.669 (1821339493)|STATEMENT_EXECUTE|[665]
15:48:53.669 (1821344627)|METHOD_ENTRY|[665]|01pg80000019iSf|TriggerHandler.getHandlerName()
15:48:53.669 (1821347756)|VARIABLE_SCOPE_BEGIN|[680]|this|TriggerHandler|true|false
15:48:53.669 (1821356868)|VARIABLE_ASSIGNMENT|[680]|this|{"newRecords":"0x15c40074","newRecordsMap":"0x4d7d3207","oldRecords":"0xe824e3b","oldRecordsMap":"0x38a1e3df","handlerName":"OrderHandler","isTriggerExecuting":true,"triggerEvent":"0x8e381db"}|0x5c1d510d
15:48:53.669 (1821361650)|STATEMENT_EXECUTE|[680]
15:48:53.669 (1821382077)|STATEMENT_EXECUTE|[681]
15:48:53.669 (1821383104)|STATEMENT_EXECUTE|[684]
15:48:53.669 (1821385743)|METHOD_EXIT|[665]|01pg80000019iSf|TriggerHandler.getHandlerName()
15:48:53.669 (1821403273)|METHOD_EXIT|[121]|01pg80000019iSf|TriggerHandler.validateRun()
15:48:53.669 (1821406173)|STATEMENT_EXECUTE|[121]
15:48:53.669 (1821408975)|METHOD_ENTRY|[126]|01pg80000019iSf|TriggerHandler.incrementCheckLoopCount()
15:48:53.669 (1821412056)|VARIABLE_SCOPE_BEGIN|[634]|this|TriggerHandler|true|false
15:48:53.669 (1821421625)|VARIABLE_ASSIGNMENT|[634]|this|{"newRecords":"0x15c40074","newRecordsMap":"0x4d7d3207","oldRecords":"0xe824e3b","oldRecordsMap":"0x38a1e3df","handlerName":"OrderHandler","isTriggerExecuting":true,"triggerEvent":"0x8e381db"}|0x5c1d510d
15:48:53.669 (1821426925)|STATEMENT_EXECUTE|[634]
15:48:53.669 (1821427876)|STATEMENT_EXECUTE|[635]
15:48:53.669 (1821430643)|METHOD_ENTRY|[635]|01pg80000019iSf|TriggerHandler.getHandlerName()
15:48:53.669 (1821432835)|VARIABLE_SCOPE_BEGIN|[680]|this|TriggerHandler|true|false
15:48:53.669 (1821441302)|VARIABLE_ASSIGNMENT|[680]|this|{"newRecords":"0x15c40074","newRecordsMap":"0x4d7d3207","oldRecords":"0xe824e3b","oldRecordsMap":"0x38a1e3df","handlerName":"OrderHandler","isTriggerExecuting":true,"triggerEvent":"0x8e381db"}|0x5c1d510d
15:48:53.669 (1821445128)|STATEMENT_EXECUTE|[680]
15:48:53.669 (1821451467)|STATEMENT_EXECUTE|[681]
15:48:53.669 (1821452327)|STATEMENT_EXECUTE|[684]
15:48:53.669 (1821453857)|METHOD_EXIT|[635]|01pg80000019iSf|TriggerHandler.getHandlerName()
15:48:53.669 (1821457369)|VARIABLE_SCOPE_BEGIN|[635]|handlerName|String|false|false
15:48:53.669 (1821462634)|VARIABLE_ASSIGNMENT|[635]|handlerName|"OrderHandler"
15:48:53.669 (1821473401)|STATEMENT_EXECUTE|[636]
15:48:53.669 (1821474537)|STATEMENT_EXECUTE|[649]
15:48:53.669 (1821476193)|METHOD_EXIT|[126]|01pg80000019iSf|TriggerHandler.incrementCheckLoopCount()
15:48:53.669 (1821478895)|STATEMENT_EXECUTE|[126]
15:48:53.669 (1821481174)|STATEMENT_EXECUTE|[130]
15:48:53.669 (1821482015)|STATEMENT_EXECUTE|[135]
15:48:53.669 (1821530783)|STATEMENT_EXECUTE|[139]
15:48:53.669 (1821531999)|STATEMENT_EXECUTE|[140]
15:48:53.669 (1821537478)|METHOD_ENTRY|[140]|01pg8000001LXzh|OrderHandler.beforeUpdate()
15:48:53.669 (1821541309)|VARIABLE_SCOPE_BEGIN|[16]|this|OrderHandler|true|false
15:48:53.669 (1821551649)|VARIABLE_ASSIGNMENT|[16]|this|{"newRecords":"0x15c40074","newRecordsMap":"0x4d7d3207","oldRecords":"0xe824e3b","oldRecordsMap":"0x38a1e3df","handlerName":"OrderHandler","isTriggerExecuting":true,"triggerEvent":"0x8e381db"}|0x5c1d510d
15:48:53.669 (1821557788)|STATEMENT_EXECUTE|[16]
15:48:53.669 (1821558874)|STATEMENT_EXECUTE|[17]
15:48:53.669 (1821563489)|METHOD_ENTRY|[17]|01pg8000001LXzh|OrderHandler.checkActiveOrder()
15:48:53.669 (1821566705)|VARIABLE_SCOPE_BEGIN|[30]|this|OrderHandler|true|false
15:48:53.669 (1821575539)|VARIABLE_ASSIGNMENT|[30]|this|{"newRecords":"0x15c40074","newRecordsMap":"0x4d7d3207","oldRecords":"0xe824e3b","oldRecordsMap":"0x38a1e3df","handlerName":"OrderHandler","isTriggerExecuting":true,"triggerEvent":"0x8e381db"}|0x5c1d510d
15:48:53.669 (1821580360)|STATEMENT_EXECUTE|[30]
15:48:53.669 (1821581357)|STATEMENT_EXECUTE|[31]
15:48:53.669 (1821584064)|VARIABLE_SCOPE_BEGIN|[31]|listaParaValidar|List<Order>|true|false
15:48:53.669 (1821588915)|VARIABLE_ASSIGNMENT|[31]|listaParaValidar|null|
15:48:53.669 (1821596926)|STATEMENT_EXECUTE|[35]
15:48:53.669 (1821597927)|STATEMENT_EXECUTE|[36]
15:48:53.669 (1822002343)|VARIABLE_ASSIGNMENT|[36]|listaParaValidar|[{"Status":"Draft","LastModifiedDate":"2026-04-10T18:48:52.000Z","Country__c":"a03g80000084tcUAAQ","IsDeleted":false,"AccountId":"001g8000009VivhAAC","OrderNumber":"00100116","TotalAmount":380385.50,"StatusCode":"Draft","IsReductionOrder":false,"SystemModstamp":"2026-04-10T18:48:53.000Z","City__c":"a05g8000002BgdtAAC","OwnerId":"005g80000010N45AAE","CreatedById":"005g80000010N45AAE","DistributionCenter__c":"a06g8000001gZKDAA2","CreatedDate":"2026-04-10T18:48:52.000Z","Pricebook2Id":"01sg8000000h7xWAAQ","Id":"801g8000009VivjAAC","LastModifiedById":"005g80000010N45AAE","State__c":"a04g8000000b5VNAAY","EffectiveDate":"2026-04-10T00:00:00.000Z"}]|0x15c40074
15:48:53.669 (1822041997)|HEAP_ALLOCATE|[40]|Bytes:5
15:48:53.669 (1822059894)|HEAP_ALLOCATE|[40]|Bytes:4
15:48:53.669 (1822068824)|VARIABLE_SCOPE_BEGIN|[40]|pedido|Order|true|false
15:48:53.669 (1822415808)|VARIABLE_ASSIGNMENT|[40]|pedido|{"Status":"Draft","LastModifiedDate":"2026-04-10T18:48:52.000Z","Country__c":"a03g80000084tcUAAQ","IsDeleted":false,"AccountId":"001g8000009VivhAAC","OrderNumber":"00100116","TotalAmount":380385.50,"StatusCode":"Draft","IsReductionOrder":false,"SystemModstamp":"2026-04-10T18:48:53.000Z","City__c":"a05g8000002BgdtAAC","OwnerId":"005g80000010N45AAE","CreatedById":"005g80000010N45AAE","DistributionCenter__c":"a06g8000001gZKDAA2","CreatedDate":"2026-04-10T18:48:52.000Z","Pricebook2Id":"01sg8000000h7xWAAQ","Id":"801g8000009VivjAAC","LastModifiedById":"005g80000010N45AAE","State__c":"a04g8000000b5VNAAY","EffectiveDate":"2026-04-10T00:00:00.000Z"}|0xd53931f
15:48:53.669 (1822424387)|STATEMENT_EXECUTE|[40]
15:48:53.669 (1822425261)|STATEMENT_EXECUTE|[42]
15:48:53.669 (1822453323)|VARIABLE_SCOPE_BEGIN|[42]|pedidoAntigo|Order|true|false
15:48:53.669 (1822809060)|VARIABLE_ASSIGNMENT|[42]|pedidoAntigo|{"Status":"Draft","LastModifiedDate":"2026-04-10T18:48:52.000Z","Country__c":"a03g80000084tcUAAQ","IsDeleted":false,"AccountId":"001g8000009VivhAAC","OrderNumber":"00100116","TotalAmount":0.00,"StatusCode":"Draft","IsReductionOrder":false,"SystemModstamp":"2026-04-10T18:48:52.000Z","City__c":"a05g8000002BgdtAAC","OwnerId":"005g80000010N45AAE","CreatedById":"005g80000010N45AAE","DistributionCenter__c":"a06g8000001gZKDAA2","CreatedDate":"2026-04-10T18:48:52.000Z","Pricebook2Id":"01sg8000000h7xWAAQ","Id":"801g8000009VivjAAC","LastModifiedById":"005g80000010N45AAE","State__c":"a04g8000000b5VNAAY","EffectiveDate":"2026-04-10T00:00:00.000Z"}|0x291a65b8
15:48:53.669 (1822816993)|STATEMENT_EXECUTE|[45]
15:48:53.669 (1822823393)|VARIABLE_SCOPE_BEGIN|[45]|validacaoStatus|String|false|false
15:48:53.669 (1822828101)|VARIABLE_ASSIGNMENT|[45]|validacaoStatus|"Draft"
15:48:53.669 (1822845137)|STATEMENT_EXECUTE|[47]
15:48:53.669 (1822852604)|HEAP_ALLOCATE|[40]|Bytes:5
15:48:53.669 (1822859390)|VARIABLE_ASSIGNMENT|[40]|pedido|null|
15:48:53.669 (1822865549)|METHOD_EXIT|[17]|01pg8000001LXzh|OrderHandler.checkActiveOrder()
15:48:53.669 (1822869288)|METHOD_EXIT|[140]|01pg8000001LXzh|OrderHandler.beforeUpdate()
15:48:53.669 (1822876750)|STATEMENT_EXECUTE|[158]
15:48:53.669 (1822881448)|METHOD_ENTRY|[158]|01pg80000019iSf|TriggerHandler.andFinally()
15:48:53.669 (1822884997)|VARIABLE_SCOPE_BEGIN|[746]|this|TriggerHandler|true|false
15:48:53.669 (1822906187)|VARIABLE_ASSIGNMENT|[746]|this|{"newRecords":"0x15c40074","newRecordsMap":"0x4d7d3207","oldRecords":"0xe824e3b","oldRecordsMap":"0x38a1e3df","handlerName":"OrderHandler","isTriggerExecuting":true,"triggerEvent":"0x8e381db"}|0x5c1d510d
15:48:53.669 (1822913895)|STATEMENT_EXECUTE|[746]
15:48:53.669 (1822915525)|METHOD_EXIT|[158]|01pg80000019iSf|TriggerHandler.andFinally()
15:48:53.669 (1822918887)|STATEMENT_EXECUTE|[160]
15:48:53.669 (1822920607)|STATEMENT_EXECUTE|[176]
15:48:53.669 (1822923087)|METHOD_EXIT|[2]|01pg80000019iSf|TriggerHandler.run()
15:48:53.822 (1822929681)|CUMULATIVE_LIMIT_USAGE
15:48:53.822 (1822929681)|LIMIT_USAGE_FOR_NS|(default)|
  Number of SOQL queries: 11 out of 100
  Number of query rows: 10 out of 50000
  Number of SOSL queries: 0 out of 20
  Number of DML statements: 14 out of 150
  Number of Publish Immediate DML: 0 out of 150
  Number of DML rows: 14 out of 10000
  Maximum CPU time: 91 out of 10000
  Maximum heap size: 0 out of 6000000
  Number of callouts: 0 out of 100
  Number of Email Invocations: 0 out of 10
  Number of future calls: 0 out of 50
  Number of queueable jobs added to the queue: 0 out of 50
  Number of Mobile Apex push calls: 0 out of 10

15:48:53.822 (1822929681)|CUMULATIVE_LIMIT_USAGE_END

15:48:53.669 (1823093492)|CODE_UNIT_FINISHED|OrderTrigger on Order trigger event BeforeUpdate|__sfdc_trigger/OrderTrigger
15:48:53.669 (1824813704)|CODE_UNIT_STARTED|[EXTERNAL]|Validation:Order:801g8000009Vivj
15:48:53.669 (1824829706)|VALIDATION_RULE|03dg8000000aS4D|Bloquear_Alteracao_Conta_Pedido
15:48:53.669 (1824962301)|VALIDATION_FORMULA|ISCHANGED(AccountId) && NOT(ISNEW())|AccountId=001g8000009Vivh
15:48:53.669 (1824966465)|VALIDATION_PASS
15:48:53.669 (1824970645)|CODE_UNIT_FINISHED|Validation:Order:801g8000009Vivj
15:48:53.669 (1835484398)|CODE_UNIT_STARTED|[EXTERNAL]|01qg8000000GdOn|OrderTrigger on Order trigger event AfterUpdate|__sfdc_trigger/OrderTrigger
15:48:53.669 (1835546355)|HEAP_ALLOCATE|[EXTERNAL]|Bytes:8
15:48:53.669 (1835610499)|HEAP_ALLOCATE|[EXTERNAL]|Bytes:8
15:48:53.669 (1835685946)|HEAP_ALLOCATE|[EXTERNAL]|Bytes:4
15:48:53.669 (1835695358)|VARIABLE_SCOPE_BEGIN|[1]|this|OrderTrigger|true|false
15:48:53.669 (1835726030)|VARIABLE_ASSIGNMENT|[1]|this|{}|0xd5b7ee9
15:48:53.669 (1835757949)|HEAP_ALLOCATE|[EXTERNAL]|Bytes:4
15:48:53.669 (1835762242)|VARIABLE_SCOPE_BEGIN|[1]|this|OrderTrigger|true|false
15:48:53.669 (1835767730)|VARIABLE_ASSIGNMENT|[1]|this|{}|0xd5b7ee9
15:48:53.669 (1835776612)|STATEMENT_EXECUTE|[1]
15:48:53.669 (1835778007)|STATEMENT_EXECUTE|[2]
15:48:53.669 (1835790380)|HEAP_ALLOCATE|[2]|Bytes:32
15:48:53.669 (1835802085)|CONSTRUCTOR_ENTRY|[2]|01pg8000001LXzh|<init>()|OrderHandler
15:48:53.669 (1835809394)|VARIABLE_SCOPE_BEGIN|[8]|this|OrderHandler|true|false
15:48:53.669 (1835828210)|VARIABLE_ASSIGNMENT|[8]|this|{}|0x26c6ba11
15:48:53.669 (1835832344)|STATEMENT_EXECUTE|[1]
15:48:53.669 (1835833511)|STATEMENT_EXECUTE|[3]
15:48:53.669 (1835834620)|STATEMENT_EXECUTE|[4]
15:48:53.669 (1835835440)|STATEMENT_EXECUTE|[5]
15:48:53.669 (1835836240)|STATEMENT_EXECUTE|[6]
15:48:53.669 (1835837156)|STATEMENT_EXECUTE|[9]
15:48:53.669 (1835848161)|CONSTRUCTOR_ENTRY|[9]|01pg80000019iSf|<init>(String)|TriggerHandler
15:48:53.669 (1835852592)|VARIABLE_SCOPE_BEGIN|[107]|this|TriggerHandler|true|false
15:48:53.669 (1835859442)|VARIABLE_ASSIGNMENT|[107]|this|{}|0x26c6ba11
15:48:53.669 (1835862409)|VARIABLE_SCOPE_BEGIN|[107]|handlerName|String|false|false
15:48:53.669 (1835871159)|VARIABLE_ASSIGNMENT|[107]|handlerName|"OrderHandler"
15:48:53.669 (1835874141)|STATEMENT_EXECUTE|[15]
15:48:53.669 (1835875182)|STATEMENT_EXECUTE|[50]
15:48:53.669 (1835876423)|STATEMENT_EXECUTE|[57]
15:48:53.669 (1835877616)|STATEMENT_EXECUTE|[671]
15:48:53.669 (1835895261)|STATEMENT_EXECUTE|[107]
15:48:53.669 (1835896458)|STATEMENT_EXECUTE|[108]
15:48:53.669 (1835901147)|STATEMENT_EXECUTE|[109]
15:48:53.669 (1835908091)|METHOD_ENTRY|[109]|01pg80000019iSf|TriggerHandler.setTriggerContext()
15:48:53.669 (1835912095)|VARIABLE_SCOPE_BEGIN|[565]|this|TriggerHandler|true|false
15:48:53.669 (1835921537)|VARIABLE_ASSIGNMENT|[565]|this|{"handlerName":"OrderHandler"}|0x26c6ba11
15:48:53.669 (1835932000)|STATEMENT_EXECUTE|[565]
15:48:53.669 (1835933236)|STATEMENT_EXECUTE|[566]
15:48:53.669 (1835988619)|HEAP_ALLOCATE|[566]|Bytes:16
15:48:53.669 (1835999450)|METHOD_ENTRY|[566]|01pg80000019iSf|TriggerHandler.setTriggerContext(System.TriggerOperation, Boolean)
15:48:53.669 (1836002742)|VARIABLE_SCOPE_BEGIN|[582]|this|TriggerHandler|true|false
15:48:53.669 (1836010721)|VARIABLE_ASSIGNMENT|[582]|this|{"handlerName":"OrderHandler"}|0x26c6ba11
15:48:53.669 (1836013784)|VARIABLE_SCOPE_BEGIN|[582]|opType|System.TriggerOperation|true|false
15:48:53.669 (1836026597)|VARIABLE_ASSIGNMENT|[582]|opType|"AFTER_UPDATE"|0x3d052ac1
15:48:53.669 (1836033416)|VARIABLE_SCOPE_BEGIN|[582]|testMode|Boolean|false|false
15:48:53.669 (1836038999)|VARIABLE_ASSIGNMENT|[582]|testMode|false
15:48:53.669 (1836043442)|STATEMENT_EXECUTE|[582]
15:48:53.669 (1836050956)|STATEMENT_EXECUTE|[586]
15:48:53.669 (1836051847)|STATEMENT_EXECUTE|[587]
15:48:53.669 (1836054529)|HEAP_ALLOCATE|[587]|Bytes:5
15:48:53.669 (1836059482)|STATEMENT_EXECUTE|[590]
15:48:53.669 (1836060323)|STATEMENT_EXECUTE|[592]
15:48:53.669 (1836069876)|HEAP_ALLOCATE|[592]|Bytes:16
15:48:53.669 (1836074477)|STATEMENT_EXECUTE|[595]
15:48:53.669 (1836081464)|VARIABLE_SCOPE_BEGIN|[595]|context|String|false|false
15:48:53.669 (1836087887)|VARIABLE_ASSIGNMENT|[595]|context|"AFTER_UPDATE"
15:48:53.669 (1836090676)|STATEMENT_EXECUTE|[597]
15:48:53.669 (1836118066)|HEAP_ALLOCATE|[604]|Bytes:13
15:48:53.669 (1836128590)|HEAP_ALLOCATE|[607]|Bytes:12
15:48:53.669 (1836136663)|HEAP_ALLOCATE|[610]|Bytes:12
15:48:53.669 (1836143850)|STATEMENT_EXECUTE|[610]
15:48:53.669 (1836145001)|STATEMENT_EXECUTE|[611]
15:48:53.669 (1836150905)|METHOD_EXIT|[566]|01pg80000019iSf|TriggerHandler.setTriggerContext(System.TriggerOperation, Boolean)
15:48:53.669 (1836153761)|METHOD_EXIT|[109]|01pg80000019iSf|TriggerHandler.setTriggerContext()
15:48:53.669 (1836158628)|CONSTRUCTOR_EXIT|[9]|01pg80000019iSf|<init>(String)|TriggerHandler
15:48:53.669 (1836161732)|STATEMENT_EXECUTE|[8]
15:48:53.669 (1836163009)|STATEMENT_EXECUTE|[10]
15:48:53.669 (1836915752)|VARIABLE_ASSIGNMENT|[10]|this.newRecords|[{"Status":"Draft","LastModifiedDate":"2026-04-10T18:48:53.000Z","Country__c":"a03g80000084tcUAAQ","IsDeleted":false,"AccountId":"001g8000009VivhAAC","OrderNumber":"00100116","TotalAmount":380385.50,"StatusCode":"Draft","IsReductionOrder":false,"SystemModstamp":"2026-04-10T18:48:53.000Z","City__c":"a05g8000002BgdtAAC","OwnerId":"005g80000010N45AAE","CreatedById":"005g80000010N45AAE","DistributionCenter__c":"a06g8000001gZKDAA2","CreatedDate":"2026-04-10T18:48:52.000Z","Pricebook2Id":"01sg8000000h7xWAAQ","Id":"801g8000009VivjAAC","LastModifiedById":"005g80000010N45AAE","State__c":"a04g8000000b5VNAAY","EffectiveDate":"2026-04-10T00:00:00.000Z"}]|0x26c6ba11
15:48:53.669 (1836927215)|STATEMENT_EXECUTE|[11]
15:48:53.669 (1837391267)|VARIABLE_ASSIGNMENT|[11]|this.oldRecords|[{"Status":"Draft","LastModifiedDate":"2026-04-10T18:48:52.000Z","Country__c":"a03g80000084tcUAAQ","IsDeleted":false,"AccountId":"001g8000009VivhAAC","OrderNumber":"00100116","TotalAmount":0.00,"StatusCode":"Draft","IsReductionOrder":false,"SystemModstamp":"2026-04-10T18:48:52.000Z","City__c":"a05g8000002BgdtAAC","OwnerId":"005g80000010N45AAE","CreatedById":"005g80000010N45AAE","DistributionCenter__c":"a06g8000001gZKDAA2","CreatedDate":"2026-04-10T18:48:52.000Z","Pricebook2Id":"01sg8000000h7xWAAQ","Id":"801g8000009VivjAAC","LastModifiedById":"005g80000010N45AAE","State__c":"a04g8000000b5VNAAY","EffectiveDate":"2026-04-10T00:00:00.000Z"}]|0x26c6ba11
15:48:53.669 (1838060486)|STATEMENT_EXECUTE|[12]
15:48:53.669 (1838623166)|VARIABLE_ASSIGNMENT|[12]|this.newRecordsMap|{"801g8000009VivjAAC":{"Status":"Draft","LastModifiedDate":"2026-04-10T18:48:53.000Z","Country__c":"a03g80000084tcUAAQ","IsDeleted":false,"AccountId":"001g8000009VivhAAC","OrderNumber":"00100116","TotalAmount":380385.50,"StatusCode":"Draft","IsReductionOrder":false,"SystemModstamp":"2026-04-10T18:48:53.000Z","City__c":"a05g8000002BgdtAAC","OwnerId":"005g80000010N45AAE","CreatedById":"005g80000010N45AAE","DistributionCenter__c":"a06g8000001gZKDAA2","CreatedDate":"2026-04-10T18:48:52.000Z","Pricebook2Id":"01sg8000000h7xWAAQ","Id":"801g8000009VivjAAC","LastModifiedById":"005g80000010N45AAE","State__c":"a04g8000000b5VNAAY","EffectiveDate":"2026-04-10T00:00:00.000Z"}}|0x26c6ba11
15:48:53.669 (1838635584)|STATEMENT_EXECUTE|[13]
15:48:53.669 (1839013897)|VARIABLE_ASSIGNMENT|[13]|this.oldRecordsMap|{"801g8000009VivjAAC":{"Status":"Draft","LastModifiedDate":"2026-04-10T18:48:52.000Z","Country__c":"a03g80000084tcUAAQ","IsDeleted":false,"AccountId":"001g8000009VivhAAC","OrderNumber":"00100116","TotalAmount":0.00,"StatusCode":"Draft","IsReductionOrder":false,"SystemModstamp":"2026-04-10T18:48:52.000Z","City__c":"a05g8000002BgdtAAC","OwnerId":"005g80000010N45AAE","CreatedById":"005g80000010N45AAE","DistributionCenter__c":"a06g8000001gZKDAA2","CreatedDate":"2026-04-10T18:48:52.000Z","Pricebook2Id":"01sg8000000h7xWAAQ","Id":"801g8000009VivjAAC","LastModifiedById":"005g80000010N45AAE","State__c":"a04g8000000b5VNAAY","EffectiveDate":"2026-04-10T00:00:00.000Z"}}|0x26c6ba11
15:48:53.669 (1839042864)|CONSTRUCTOR_EXIT|[2]|01pg8000001LXzh|<init>()|OrderHandler
15:48:53.669 (1839054539)|METHOD_ENTRY|[2]|01pg80000019iSf|TriggerHandler.run()
15:48:53.669 (1839060424)|VARIABLE_SCOPE_BEGIN|[120]|this|TriggerHandler|true|false
15:48:53.669 (1839098474)|VARIABLE_ASSIGNMENT|[120]|this|{"newRecords":"0x222cdd6a","newRecordsMap":"0x30e67c44","oldRecords":"0x669cf087","oldRecordsMap":"0x7519d877","handlerName":"OrderHandler","isTriggerExecuting":true,"triggerEvent":"0x3d052ac1"}|0x26c6ba11
15:48:53.669 (1839109675)|STATEMENT_EXECUTE|[120]
15:48:53.669 (1839113883)|METHOD_ENTRY|[121]|01pg80000019iSf|TriggerHandler.validateRun()
15:48:53.669 (1839117784)|VARIABLE_SCOPE_BEGIN|[661]|this|TriggerHandler|true|false
15:48:53.669 (1839128188)|VARIABLE_ASSIGNMENT|[661]|this|{"newRecords":"0x222cdd6a","newRecordsMap":"0x30e67c44","oldRecords":"0x669cf087","oldRecordsMap":"0x7519d877","handlerName":"OrderHandler","isTriggerExecuting":true,"triggerEvent":"0x3d052ac1"}|0x26c6ba11
15:48:53.669 (1839133312)|STATEMENT_EXECUTE|[661]
15:48:53.669 (1839139823)|STATEMENT_EXECUTE|[662]
15:48:53.669 (1839140950)|STATEMENT_EXECUTE|[665]
15:48:53.669 (1839145717)|METHOD_ENTRY|[665]|01pg80000019iSf|TriggerHandler.getHandlerName()
15:48:53.669 (1839148940)|VARIABLE_SCOPE_BEGIN|[680]|this|TriggerHandler|true|false
15:48:53.669 (1839158148)|VARIABLE_ASSIGNMENT|[680]|this|{"newRecords":"0x222cdd6a","newRecordsMap":"0x30e67c44","oldRecords":"0x669cf087","oldRecordsMap":"0x7519d877","handlerName":"OrderHandler","isTriggerExecuting":true,"triggerEvent":"0x3d052ac1"}|0x26c6ba11
15:48:53.669 (1839162967)|STATEMENT_EXECUTE|[680]
15:48:53.669 (1839184018)|STATEMENT_EXECUTE|[681]
15:48:53.669 (1839185092)|STATEMENT_EXECUTE|[684]
15:48:53.669 (1839187806)|METHOD_EXIT|[665]|01pg80000019iSf|TriggerHandler.getHandlerName()
15:48:53.669 (1839205783)|METHOD_EXIT|[121]|01pg80000019iSf|TriggerHandler.validateRun()
15:48:53.669 (1839208957)|STATEMENT_EXECUTE|[121]
15:48:53.669 (1839211708)|METHOD_ENTRY|[126]|01pg80000019iSf|TriggerHandler.incrementCheckLoopCount()
15:48:53.669 (1839215128)|VARIABLE_SCOPE_BEGIN|[634]|this|TriggerHandler|true|false
15:48:53.669 (1839225098)|VARIABLE_ASSIGNMENT|[634]|this|{"newRecords":"0x222cdd6a","newRecordsMap":"0x30e67c44","oldRecords":"0x669cf087","oldRecordsMap":"0x7519d877","handlerName":"OrderHandler","isTriggerExecuting":true,"triggerEvent":"0x3d052ac1"}|0x26c6ba11
15:48:53.669 (1839230501)|STATEMENT_EXECUTE|[634]
15:48:53.669 (1839231507)|STATEMENT_EXECUTE|[635]
15:48:53.669 (1839233598)|METHOD_ENTRY|[635]|01pg80000019iSf|TriggerHandler.getHandlerName()
15:48:53.669 (1839235853)|VARIABLE_SCOPE_BEGIN|[680]|this|TriggerHandler|true|false
15:48:53.669 (1839244388)|VARIABLE_ASSIGNMENT|[680]|this|{"newRecords":"0x222cdd6a","newRecordsMap":"0x30e67c44","oldRecords":"0x669cf087","oldRecordsMap":"0x7519d877","handlerName":"OrderHandler","isTriggerExecuting":true,"triggerEvent":"0x3d052ac1"}|0x26c6ba11
15:48:53.669 (1839248291)|STATEMENT_EXECUTE|[680]
15:48:53.669 (1839254466)|STATEMENT_EXECUTE|[681]
15:48:53.669 (1839255388)|STATEMENT_EXECUTE|[684]
15:48:53.669 (1839256930)|METHOD_EXIT|[635]|01pg80000019iSf|TriggerHandler.getHandlerName()
15:48:53.669 (1839260240)|VARIABLE_SCOPE_BEGIN|[635]|handlerName|String|false|false
15:48:53.669 (1839265866)|VARIABLE_ASSIGNMENT|[635]|handlerName|"OrderHandler"
15:48:53.669 (1839276531)|STATEMENT_EXECUTE|[636]
15:48:53.669 (1839277706)|STATEMENT_EXECUTE|[649]
15:48:53.669 (1839279590)|METHOD_EXIT|[126]|01pg80000019iSf|TriggerHandler.incrementCheckLoopCount()
15:48:53.669 (1839282115)|STATEMENT_EXECUTE|[126]
15:48:53.669 (1839284292)|STATEMENT_EXECUTE|[130]
15:48:53.669 (1839285165)|STATEMENT_EXECUTE|[135]
15:48:53.669 (1839354251)|STATEMENT_EXECUTE|[148]
15:48:53.669 (1839355386)|STATEMENT_EXECUTE|[149]
15:48:53.669 (1839368518)|METHOD_ENTRY|[149]|01pg8000001LXzh|OrderHandler.afterUpdate()
15:48:53.669 (1839372684)|VARIABLE_SCOPE_BEGIN|[20]|this|OrderHandler|true|false
15:48:53.669 (1839383311)|VARIABLE_ASSIGNMENT|[20]|this|{"newRecords":"0x222cdd6a","newRecordsMap":"0x30e67c44","oldRecords":"0x669cf087","oldRecordsMap":"0x7519d877","handlerName":"OrderHandler","isTriggerExecuting":true,"triggerEvent":"0x3d052ac1"}|0x26c6ba11
15:48:53.669 (1839390232)|STATEMENT_EXECUTE|[20]
15:48:53.669 (1839391454)|STATEMENT_EXECUTE|[21]
15:48:53.669 (1839398088)|METHOD_ENTRY|[21]|01pg8000001LXzh|OrderHandler.checkActiveOrder()
15:48:53.669 (1839401288)|VARIABLE_SCOPE_BEGIN|[30]|this|OrderHandler|true|false
15:48:53.669 (1839409928)|VARIABLE_ASSIGNMENT|[30]|this|{"newRecords":"0x222cdd6a","newRecordsMap":"0x30e67c44","oldRecords":"0x669cf087","oldRecordsMap":"0x7519d877","handlerName":"OrderHandler","isTriggerExecuting":true,"triggerEvent":"0x3d052ac1"}|0x26c6ba11
15:48:53.669 (1839415002)|STATEMENT_EXECUTE|[30]
15:48:53.669 (1839416119)|STATEMENT_EXECUTE|[31]
15:48:53.669 (1839419248)|VARIABLE_SCOPE_BEGIN|[31]|listaParaValidar|List<Order>|true|false
15:48:53.669 (1839424433)|VARIABLE_ASSIGNMENT|[31]|listaParaValidar|null|
15:48:53.669 (1839431278)|STATEMENT_EXECUTE|[35]
15:48:53.669 (1839432283)|STATEMENT_EXECUTE|[36]
15:48:53.669 (1839867177)|VARIABLE_ASSIGNMENT|[36]|listaParaValidar|[{"Status":"Draft","LastModifiedDate":"2026-04-10T18:48:53.000Z","Country__c":"a03g80000084tcUAAQ","IsDeleted":false,"AccountId":"001g8000009VivhAAC","OrderNumber":"00100116","TotalAmount":380385.50,"StatusCode":"Draft","IsReductionOrder":false,"SystemModstamp":"2026-04-10T18:48:53.000Z","City__c":"a05g8000002BgdtAAC","OwnerId":"005g80000010N45AAE","CreatedById":"005g80000010N45AAE","DistributionCenter__c":"a06g8000001gZKDAA2","CreatedDate":"2026-04-10T18:48:52.000Z","Pricebook2Id":"01sg8000000h7xWAAQ","Id":"801g8000009VivjAAC","LastModifiedById":"005g80000010N45AAE","State__c":"a04g8000000b5VNAAY","EffectiveDate":"2026-04-10T00:00:00.000Z"}]|0x222cdd6a
15:48:53.669 (1839902405)|HEAP_ALLOCATE|[40]|Bytes:5
15:48:53.669 (1839925818)|VARIABLE_SCOPE_BEGIN|[40]|pedido|Order|true|false
15:48:53.669 (1840282150)|VARIABLE_ASSIGNMENT|[40]|pedido|{"Status":"Draft","LastModifiedDate":"2026-04-10T18:48:53.000Z","Country__c":"a03g80000084tcUAAQ","IsDeleted":false,"AccountId":"001g8000009VivhAAC","OrderNumber":"00100116","TotalAmount":380385.50,"StatusCode":"Draft","IsReductionOrder":false,"SystemModstamp":"2026-04-10T18:48:53.000Z","City__c":"a05g8000002BgdtAAC","OwnerId":"005g80000010N45AAE","CreatedById":"005g80000010N45AAE","DistributionCenter__c":"a06g8000001gZKDAA2","CreatedDate":"2026-04-10T18:48:52.000Z","Pricebook2Id":"01sg8000000h7xWAAQ","Id":"801g8000009VivjAAC","LastModifiedById":"005g80000010N45AAE","State__c":"a04g8000000b5VNAAY","EffectiveDate":"2026-04-10T00:00:00.000Z"}|0x319a8c33
15:48:53.669 (1840291056)|STATEMENT_EXECUTE|[40]
15:48:53.669 (1840292269)|STATEMENT_EXECUTE|[42]
15:48:53.669 (1840318822)|VARIABLE_SCOPE_BEGIN|[42]|pedidoAntigo|Order|true|false
15:48:53.669 (1840695256)|VARIABLE_ASSIGNMENT|[42]|pedidoAntigo|{"Status":"Draft","LastModifiedDate":"2026-04-10T18:48:52.000Z","Country__c":"a03g80000084tcUAAQ","IsDeleted":false,"AccountId":"001g8000009VivhAAC","OrderNumber":"00100116","TotalAmount":0.00,"StatusCode":"Draft","IsReductionOrder":false,"SystemModstamp":"2026-04-10T18:48:52.000Z","City__c":"a05g8000002BgdtAAC","OwnerId":"005g80000010N45AAE","CreatedById":"005g80000010N45AAE","DistributionCenter__c":"a06g8000001gZKDAA2","CreatedDate":"2026-04-10T18:48:52.000Z","Pricebook2Id":"01sg8000000h7xWAAQ","Id":"801g8000009VivjAAC","LastModifiedById":"005g80000010N45AAE","State__c":"a04g8000000b5VNAAY","EffectiveDate":"2026-04-10T00:00:00.000Z"}|0x321dc218
15:48:53.669 (1840703108)|STATEMENT_EXECUTE|[45]
15:48:53.669 (1840709305)|VARIABLE_SCOPE_BEGIN|[45]|validacaoStatus|String|false|false
15:48:53.669 (1840714082)|VARIABLE_ASSIGNMENT|[45]|validacaoStatus|"Draft"
15:48:53.669 (1840729042)|STATEMENT_EXECUTE|[47]
15:48:53.669 (1840736045)|HEAP_ALLOCATE|[40]|Bytes:5
15:48:53.669 (1840742866)|VARIABLE_ASSIGNMENT|[40]|pedido|null|
15:48:53.669 (1840749481)|METHOD_EXIT|[21]|01pg8000001LXzh|OrderHandler.checkActiveOrder()
15:48:53.669 (1840752205)|STATEMENT_EXECUTE|[22]
15:48:53.669 (1840758523)|METHOD_ENTRY|[22]|01pg8000001LXzh|OrderHandler.itemsRecalculation()
15:48:53.669 (1840762536)|VARIABLE_SCOPE_BEGIN|[54]|this|OrderHandler|true|false
15:48:53.669 (1840784918)|VARIABLE_ASSIGNMENT|[54]|this|{"newRecords":"0x222cdd6a","newRecordsMap":"0x30e67c44","oldRecords":"0x669cf087","oldRecordsMap":"0x7519d877","handlerName":"OrderHandler","isTriggerExecuting":true,"triggerEvent":"0x3d052ac1"}|0x26c6ba11
15:48:53.669 (1840793414)|STATEMENT_EXECUTE|[54]
15:48:53.669 (1840794288)|STATEMENT_EXECUTE|[55]
15:48:53.669 (1840808543)|HEAP_ALLOCATE|[55]|Bytes:4
15:48:53.669 (1840821599)|VARIABLE_SCOPE_BEGIN|[55]|ordersToRecalculate|Set<Id>|true|false
15:48:53.669 (1840875920)|VARIABLE_ASSIGNMENT|[55]|ordersToRecalculate|[]|0x33841414
15:48:53.669 (1840893613)|HEAP_ALLOCATE|[57]|Bytes:5
15:48:53.669 (1840903411)|VARIABLE_SCOPE_BEGIN|[57]|pedido|Order|true|false
15:48:53.669 (1841501247)|VARIABLE_ASSIGNMENT|[57]|pedido|{"Status":"Draft","LastModifiedDate":"2026-04-10T18:48:53.000Z","Country__c":"a03g80000084tcUAAQ","IsDeleted":false,"AccountId":"001g8000009VivhAAC","OrderNumber":"00100116","TotalAmount":380385.50,"StatusCode":"Draft","IsReductionOrder":false,"SystemModstamp":"2026-04-10T18:48:53.000Z","City__c":"a05g8000002BgdtAAC","OwnerId":"005g80000010N45AAE","CreatedById":"005g80000010N45AAE","DistributionCenter__c":"a06g8000001gZKDAA2","CreatedDate":"2026-04-10T18:48:52.000Z","Pricebook2Id":"01sg8000000h7xWAAQ","Id":"801g8000009VivjAAC","LastModifiedById":"005g80000010N45AAE","State__c":"a04g8000000b5VNAAY","EffectiveDate":"2026-04-10T00:00:00.000Z"}|0x319a8c33
15:48:53.669 (1841510105)|STATEMENT_EXECUTE|[57]
15:48:53.669 (1841511021)|STATEMENT_EXECUTE|[58]
15:48:53.669 (1841528775)|VARIABLE_SCOPE_BEGIN|[58]|pedidoAntigo|Order|true|false
15:48:53.669 (1841866559)|VARIABLE_ASSIGNMENT|[58]|pedidoAntigo|{"Status":"Draft","LastModifiedDate":"2026-04-10T18:48:52.000Z","Country__c":"a03g80000084tcUAAQ","IsDeleted":false,"AccountId":"001g8000009VivhAAC","OrderNumber":"00100116","TotalAmount":0.00,"StatusCode":"Draft","IsReductionOrder":false,"SystemModstamp":"2026-04-10T18:48:52.000Z","City__c":"a05g8000002BgdtAAC","OwnerId":"005g80000010N45AAE","CreatedById":"005g80000010N45AAE","DistributionCenter__c":"a06g8000001gZKDAA2","CreatedDate":"2026-04-10T18:48:52.000Z","Pricebook2Id":"01sg8000000h7xWAAQ","Id":"801g8000009VivjAAC","LastModifiedById":"005g80000010N45AAE","State__c":"a04g8000000b5VNAAY","EffectiveDate":"2026-04-10T00:00:00.000Z"}|0x321dc218
15:48:53.669 (1841927724)|STATEMENT_EXECUTE|[60]
15:48:53.669 (1841933661)|HEAP_ALLOCATE|[57]|Bytes:5
15:48:53.669 (1841939795)|VARIABLE_ASSIGNMENT|[57]|pedido|null|
15:48:53.669 (1841950355)|STATEMENT_EXECUTE|[67]
15:48:53.669 (1841953706)|METHOD_EXIT|[22]|01pg8000001LXzh|OrderHandler.itemsRecalculation()
15:48:53.669 (1841958086)|METHOD_EXIT|[149]|01pg8000001LXzh|OrderHandler.afterUpdate()
15:48:53.669 (1841961049)|STATEMENT_EXECUTE|[158]
15:48:53.669 (1841964732)|METHOD_ENTRY|[158]|01pg80000019iSf|TriggerHandler.andFinally()
15:48:53.669 (1841968278)|VARIABLE_SCOPE_BEGIN|[746]|this|TriggerHandler|true|false
15:48:53.669 (1841989892)|VARIABLE_ASSIGNMENT|[746]|this|{"newRecords":"0x222cdd6a","newRecordsMap":"0x30e67c44","oldRecords":"0x669cf087","oldRecordsMap":"0x7519d877","handlerName":"OrderHandler","isTriggerExecuting":true,"triggerEvent":"0x3d052ac1"}|0x26c6ba11
15:48:53.669 (1841997274)|STATEMENT_EXECUTE|[746]
15:48:53.669 (1841998851)|METHOD_EXIT|[158]|01pg80000019iSf|TriggerHandler.andFinally()
15:48:53.669 (1842002899)|STATEMENT_EXECUTE|[160]
15:48:53.669 (1842005382)|STATEMENT_EXECUTE|[176]
15:48:53.669 (1842007811)|METHOD_EXIT|[2]|01pg80000019iSf|TriggerHandler.run()
15:48:53.842 (1842014354)|CUMULATIVE_LIMIT_USAGE
15:48:53.842 (1842014354)|LIMIT_USAGE_FOR_NS|(default)|
  Number of SOQL queries: 11 out of 100
  Number of query rows: 10 out of 50000
  Number of SOSL queries: 0 out of 20
  Number of DML statements: 14 out of 150
  Number of Publish Immediate DML: 0 out of 150
  Number of DML rows: 14 out of 10000
  Maximum CPU time: 91 out of 10000
  Maximum heap size: 0 out of 6000000
  Number of callouts: 0 out of 100
  Number of Email Invocations: 0 out of 10
  Number of future calls: 0 out of 50
  Number of queueable jobs added to the queue: 0 out of 50
  Number of Mobile Apex push calls: 0 out of 10

15:48:53.842 (1842014354)|CUMULATIVE_LIMIT_USAGE_END

15:48:53.669 (1842175339)|CODE_UNIT_FINISHED|OrderTrigger on Order trigger event AfterUpdate|__sfdc_trigger/OrderTrigger
15:48:53.669 (1845167817)|DML_END|[198]
15:48:53.669 (1845465803)|STATEMENT_EXECUTE|[200]
15:48:53.669 (1845472091)|HEAP_ALLOCATE|[200]|Bytes:9
15:48:53.669 (1845573570)|HEAP_ALLOCATE|[200]|Bytes:-4
15:48:53.669 (1845601216)|VARIABLE_ASSIGNMENT|[200]|this.Status|"Activated"|0x477f0e54
15:48:53.669 (1845605621)|STATEMENT_EXECUTE|[201]
15:48:53.669 (1845650336)|HEAP_ALLOCATE|[201]|Bytes:8
15:48:53.669 (1845657775)|DML_BEGIN|[201]|Op:Update|Type:Order|Rows:1
15:48:53.669 (1845684405)|HEAP_ALLOCATE|[EXTERNAL]|Bytes:8
15:48:53.669 (1857739457)|CODE_UNIT_STARTED|[EXTERNAL]|01qg8000000GdOn|OrderTrigger on Order trigger event BeforeUpdate|__sfdc_trigger/OrderTrigger
15:48:53.669 (1857799101)|HEAP_ALLOCATE|[EXTERNAL]|Bytes:8
15:48:53.669 (1857860988)|HEAP_ALLOCATE|[EXTERNAL]|Bytes:8
15:48:53.669 (1857929776)|HEAP_ALLOCATE|[EXTERNAL]|Bytes:4
15:48:53.669 (1857938861)|VARIABLE_SCOPE_BEGIN|[1]|this|OrderTrigger|true|false
15:48:53.669 (1857969500)|VARIABLE_ASSIGNMENT|[1]|this|{}|0x2a4382c
15:48:53.669 (1858000451)|HEAP_ALLOCATE|[EXTERNAL]|Bytes:4
15:48:53.669 (1858005721)|VARIABLE_SCOPE_BEGIN|[1]|this|OrderTrigger|true|false
15:48:53.669 (1858011701)|VARIABLE_ASSIGNMENT|[1]|this|{}|0x2a4382c
15:48:53.669 (1858019943)|STATEMENT_EXECUTE|[1]
15:48:53.669 (1858021200)|STATEMENT_EXECUTE|[2]
15:48:53.669 (1858033320)|HEAP_ALLOCATE|[2]|Bytes:32
15:48:53.669 (1858045153)|CONSTRUCTOR_ENTRY|[2]|01pg8000001LXzh|<init>()|OrderHandler
15:48:53.669 (1858051898)|VARIABLE_SCOPE_BEGIN|[8]|this|OrderHandler|true|false
15:48:53.669 (1858071229)|VARIABLE_ASSIGNMENT|[8]|this|{}|0x49cb3cda
15:48:53.669 (1858075444)|STATEMENT_EXECUTE|[1]
15:48:53.669 (1858076512)|STATEMENT_EXECUTE|[3]
15:48:53.669 (1858077620)|STATEMENT_EXECUTE|[4]
15:48:53.669 (1858078723)|STATEMENT_EXECUTE|[5]
15:48:53.669 (1858079572)|STATEMENT_EXECUTE|[6]
15:48:53.669 (1858080530)|STATEMENT_EXECUTE|[9]
15:48:53.669 (1858089701)|CONSTRUCTOR_ENTRY|[9]|01pg80000019iSf|<init>(String)|TriggerHandler
15:48:53.669 (1858093778)|VARIABLE_SCOPE_BEGIN|[107]|this|TriggerHandler|true|false
15:48:53.669 (1858100856)|VARIABLE_ASSIGNMENT|[107]|this|{}|0x49cb3cda
15:48:53.669 (1858103680)|VARIABLE_SCOPE_BEGIN|[107]|handlerName|String|false|false
15:48:53.669 (1858111848)|VARIABLE_ASSIGNMENT|[107]|handlerName|"OrderHandler"
15:48:53.669 (1858114926)|STATEMENT_EXECUTE|[15]
15:48:53.669 (1858115992)|STATEMENT_EXECUTE|[50]
15:48:53.669 (1858117056)|STATEMENT_EXECUTE|[57]
15:48:53.669 (1858118166)|STATEMENT_EXECUTE|[671]
15:48:53.669 (1858136941)|STATEMENT_EXECUTE|[107]
15:48:53.669 (1858138153)|STATEMENT_EXECUTE|[108]
15:48:53.669 (1858143041)|STATEMENT_EXECUTE|[109]
15:48:53.669 (1858150522)|METHOD_ENTRY|[109]|01pg80000019iSf|TriggerHandler.setTriggerContext()
15:48:53.669 (1858154422)|VARIABLE_SCOPE_BEGIN|[565]|this|TriggerHandler|true|false
15:48:53.669 (1858163782)|VARIABLE_ASSIGNMENT|[565]|this|{"handlerName":"OrderHandler"}|0x49cb3cda
15:48:53.669 (1858173953)|STATEMENT_EXECUTE|[565]
15:48:53.669 (1858175141)|STATEMENT_EXECUTE|[566]
15:48:53.669 (1858232014)|HEAP_ALLOCATE|[566]|Bytes:16
15:48:53.669 (1858242406)|METHOD_ENTRY|[566]|01pg80000019iSf|TriggerHandler.setTriggerContext(System.TriggerOperation, Boolean)
15:48:53.669 (1858245640)|VARIABLE_SCOPE_BEGIN|[582]|this|TriggerHandler|true|false
15:48:53.669 (1858253802)|VARIABLE_ASSIGNMENT|[582]|this|{"handlerName":"OrderHandler"}|0x49cb3cda
15:48:53.669 (1858257151)|VARIABLE_SCOPE_BEGIN|[582]|opType|System.TriggerOperation|true|false
15:48:53.669 (1858270460)|VARIABLE_ASSIGNMENT|[582]|opType|"BEFORE_UPDATE"|0x8e381db
15:48:53.669 (1858278046)|VARIABLE_SCOPE_BEGIN|[582]|testMode|Boolean|false|false
15:48:53.669 (1858284171)|VARIABLE_ASSIGNMENT|[582]|testMode|false
15:48:53.669 (1858288261)|STATEMENT_EXECUTE|[582]
15:48:53.669 (1858296021)|STATEMENT_EXECUTE|[586]
15:48:53.669 (1858296942)|STATEMENT_EXECUTE|[587]
15:48:53.669 (1858299544)|HEAP_ALLOCATE|[587]|Bytes:5
15:48:53.669 (1858305191)|STATEMENT_EXECUTE|[590]
15:48:53.669 (1858306352)|STATEMENT_EXECUTE|[592]
15:48:53.669 (1858316094)|HEAP_ALLOCATE|[592]|Bytes:16
15:48:53.669 (1858320820)|STATEMENT_EXECUTE|[595]
15:48:53.669 (1858328782)|VARIABLE_SCOPE_BEGIN|[595]|context|String|false|false
15:48:53.669 (1858335888)|VARIABLE_ASSIGNMENT|[595]|context|"BEFORE_UPDATE"
15:48:53.669 (1858338252)|STATEMENT_EXECUTE|[597]
15:48:53.669 (1858365461)|STATEMENT_EXECUTE|[601]
15:48:53.669 (1858366352)|STATEMENT_EXECUTE|[602]
15:48:53.669 (1858370399)|METHOD_EXIT|[566]|01pg80000019iSf|TriggerHandler.setTriggerContext(System.TriggerOperation, Boolean)
15:48:53.669 (1858373740)|METHOD_EXIT|[109]|01pg80000019iSf|TriggerHandler.setTriggerContext()
15:48:53.669 (1858378447)|CONSTRUCTOR_EXIT|[9]|01pg80000019iSf|<init>(String)|TriggerHandler
15:48:53.669 (1858381501)|STATEMENT_EXECUTE|[8]
15:48:53.669 (1858382790)|STATEMENT_EXECUTE|[10]
15:48:53.669 (1859108149)|VARIABLE_ASSIGNMENT|[10]|this.newRecords|[{"Status":"Activated","LastModifiedDate":"2026-04-10T18:48:53.000Z","Country__c":"a03g80000084tcUAAQ","IsDeleted":false,"AccountId":"001g8000009VivhAAC","OrderNumber":"00100116","TotalAmount":380385.50,"StatusCode":"Activated","IsReductionOrder":false,"SystemModstamp":"2026-04-10T18:48:53.000Z","City__c":"a05g8000002BgdtAAC","OwnerId":"005g80000010N45AAE","CreatedById":"005g80000010N45AAE","DistributionCenter__c":"a06g8000001gZKDAA2","CreatedDate":"2026-04-10T18:48:52.000Z","Pricebook2Id":"01sg8000000h7xWAAQ","Id":"801g8000009VivjAAC","LastModifiedById":"005g80000010N45AAE","State__c":"a04g8000000b5VNAAY","EffectiveDate":"2026-04-10T00:00:00.000Z"}]|0x49cb3cda
15:48:53.669 (1859121196)|STATEMENT_EXECUTE|[11]
15:48:53.669 (1859581284)|VARIABLE_ASSIGNMENT|[11]|this.oldRecords|[{"Status":"Draft","LastModifiedDate":"2026-04-10T18:48:53.000Z","Country__c":"a03g80000084tcUAAQ","IsDeleted":false,"AccountId":"001g8000009VivhAAC","OrderNumber":"00100116","TotalAmount":380385.50,"StatusCode":"Draft","IsReductionOrder":false,"SystemModstamp":"2026-04-10T18:48:53.000Z","City__c":"a05g8000002BgdtAAC","OwnerId":"005g80000010N45AAE","CreatedById":"005g80000010N45AAE","DistributionCenter__c":"a06g8000001gZKDAA2","CreatedDate":"2026-04-10T18:48:52.000Z","Pricebook2Id":"01sg8000000h7xWAAQ","Id":"801g8000009VivjAAC","LastModifiedById":"005g80000010N45AAE","State__c":"a04g8000000b5VNAAY","EffectiveDate":"2026-04-10T00:00:00.000Z"}]|0x49cb3cda
15:48:53.669 (1859623759)|STATEMENT_EXECUTE|[12]
15:48:53.669 (1860002182)|VARIABLE_ASSIGNMENT|[12]|this.newRecordsMap|{"801g8000009VivjAAC":{"Status":"Activated","LastModifiedDate":"2026-04-10T18:48:53.000Z","Country__c":"a03g80000084tcUAAQ","IsDeleted":false,"AccountId":"001g8000009VivhAAC","OrderNumber":"00100116","TotalAmount":380385.50,"StatusCode":"Activated","IsReductionOrder":false,"SystemModstamp":"2026-04-10T18:48:53.000Z","City__c":"a05g8000002BgdtAAC","OwnerId":"005g80000010N45AAE","CreatedById":"005g80000010N45AAE","DistributionCenter__c":"a06g8000001gZKDAA2","CreatedDate":"2026-04-10T18:48:52.000Z","Pricebook2Id":"01sg8000000h7xWAAQ","Id":"801g8000009VivjAAC","LastModifiedById":"005g80000010N45AAE","State__c":"a04g8000000b5VNAAY","EffectiveDate":"2026-04-10T00:00:00.000Z"}}|0x49cb3cda
15:48:53.669 (1860010890)|STATEMENT_EXECUTE|[13]
15:48:53.669 (1860348163)|VARIABLE_ASSIGNMENT|[13]|this.oldRecordsMap|{"801g8000009VivjAAC":{"Status":"Draft","LastModifiedDate":"2026-04-10T18:48:53.000Z","Country__c":"a03g80000084tcUAAQ","IsDeleted":false,"AccountId":"001g8000009VivhAAC","OrderNumber":"00100116","TotalAmount":380385.50,"StatusCode":"Draft","IsReductionOrder":false,"SystemModstamp":"2026-04-10T18:48:53.000Z","City__c":"a05g8000002BgdtAAC","OwnerId":"005g80000010N45AAE","CreatedById":"005g80000010N45AAE","DistributionCenter__c":"a06g8000001gZKDAA2","CreatedDate":"2026-04-10T18:48:52.000Z","Pricebook2Id":"01sg8000000h7xWAAQ","Id":"801g8000009VivjAAC","LastModifiedById":"005g80000010N45AAE","State__c":"a04g8000000b5VNAAY","EffectiveDate":"2026-04-10T00:00:00.000Z"}}|0x49cb3cda
15:48:53.669 (1860360546)|CONSTRUCTOR_EXIT|[2]|01pg8000001LXzh|<init>()|OrderHandler
15:48:53.669 (1860369255)|METHOD_ENTRY|[2]|01pg80000019iSf|TriggerHandler.run()
15:48:53.669 (1860374689)|VARIABLE_SCOPE_BEGIN|[120]|this|TriggerHandler|true|false
15:48:53.669 (1860405267)|VARIABLE_ASSIGNMENT|[120]|this|{"newRecords":"0x63ea8e77","newRecordsMap":"0xa899d9a","oldRecords":"0x294fa1bf","oldRecordsMap":"0x397275a0","handlerName":"OrderHandler","isTriggerExecuting":true,"triggerEvent":"0x8e381db"}|0x49cb3cda
15:48:53.669 (1860414640)|STATEMENT_EXECUTE|[120]
15:48:53.669 (1860418770)|METHOD_ENTRY|[121]|01pg80000019iSf|TriggerHandler.validateRun()
15:48:53.669 (1860422319)|VARIABLE_SCOPE_BEGIN|[661]|this|TriggerHandler|true|false
15:48:53.669 (1860433033)|VARIABLE_ASSIGNMENT|[661]|this|{"newRecords":"0x63ea8e77","newRecordsMap":"0xa899d9a","oldRecords":"0x294fa1bf","oldRecordsMap":"0x397275a0","handlerName":"OrderHandler","isTriggerExecuting":true,"triggerEvent":"0x8e381db"}|0x49cb3cda
15:48:53.669 (1860437850)|STATEMENT_EXECUTE|[661]
15:48:53.669 (1860444610)|STATEMENT_EXECUTE|[662]
15:48:53.669 (1860445703)|STATEMENT_EXECUTE|[665]
15:48:53.669 (1860450891)|METHOD_ENTRY|[665]|01pg80000019iSf|TriggerHandler.getHandlerName()
15:48:53.669 (1860453886)|VARIABLE_SCOPE_BEGIN|[680]|this|TriggerHandler|true|false
15:48:53.669 (1860463093)|VARIABLE_ASSIGNMENT|[680]|this|{"newRecords":"0x63ea8e77","newRecordsMap":"0xa899d9a","oldRecords":"0x294fa1bf","oldRecordsMap":"0x397275a0","handlerName":"OrderHandler","isTriggerExecuting":true,"triggerEvent":"0x8e381db"}|0x49cb3cda
15:48:53.669 (1860467858)|STATEMENT_EXECUTE|[680]
15:48:53.669 (1860487021)|STATEMENT_EXECUTE|[681]
15:48:53.669 (1860488000)|STATEMENT_EXECUTE|[684]
15:48:53.669 (1860490453)|METHOD_EXIT|[665]|01pg80000019iSf|TriggerHandler.getHandlerName()
15:48:53.669 (1860507819)|METHOD_EXIT|[121]|01pg80000019iSf|TriggerHandler.validateRun()
15:48:53.669 (1860510730)|STATEMENT_EXECUTE|[121]
15:48:53.669 (1860513443)|METHOD_ENTRY|[126]|01pg80000019iSf|TriggerHandler.incrementCheckLoopCount()
15:48:53.669 (1860516633)|VARIABLE_SCOPE_BEGIN|[634]|this|TriggerHandler|true|false
15:48:53.669 (1860526075)|VARIABLE_ASSIGNMENT|[634]|this|{"newRecords":"0x63ea8e77","newRecordsMap":"0xa899d9a","oldRecords":"0x294fa1bf","oldRecordsMap":"0x397275a0","handlerName":"OrderHandler","isTriggerExecuting":true,"triggerEvent":"0x8e381db"}|0x49cb3cda
15:48:53.669 (1860531500)|STATEMENT_EXECUTE|[634]
15:48:53.669 (1860532520)|STATEMENT_EXECUTE|[635]
15:48:53.669 (1860565043)|METHOD_ENTRY|[635]|01pg80000019iSf|TriggerHandler.getHandlerName()
15:48:53.669 (1860569471)|VARIABLE_SCOPE_BEGIN|[680]|this|TriggerHandler|true|false
15:48:53.669 (1860580319)|VARIABLE_ASSIGNMENT|[680]|this|{"newRecords":"0x63ea8e77","newRecordsMap":"0xa899d9a","oldRecords":"0x294fa1bf","oldRecordsMap":"0x397275a0","handlerName":"OrderHandler","isTriggerExecuting":true,"triggerEvent":"0x8e381db"}|0x49cb3cda
15:48:53.669 (1860584637)|STATEMENT_EXECUTE|[680]
15:48:53.669 (1860591999)|STATEMENT_EXECUTE|[681]
15:48:53.669 (1860592941)|STATEMENT_EXECUTE|[684]
15:48:53.669 (1860594734)|METHOD_EXIT|[635]|01pg80000019iSf|TriggerHandler.getHandlerName()
15:48:53.669 (1860598448)|VARIABLE_SCOPE_BEGIN|[635]|handlerName|String|false|false
15:48:53.669 (1860603924)|VARIABLE_ASSIGNMENT|[635]|handlerName|"OrderHandler"
15:48:53.669 (1860615299)|STATEMENT_EXECUTE|[636]
15:48:53.669 (1860616447)|STATEMENT_EXECUTE|[649]
15:48:53.669 (1860618135)|METHOD_EXIT|[126]|01pg80000019iSf|TriggerHandler.incrementCheckLoopCount()
15:48:53.669 (1860621044)|STATEMENT_EXECUTE|[126]
15:48:53.669 (1860623057)|STATEMENT_EXECUTE|[130]
15:48:53.669 (1860623931)|STATEMENT_EXECUTE|[135]
15:48:53.669 (1860668977)|STATEMENT_EXECUTE|[139]
15:48:53.669 (1860669903)|STATEMENT_EXECUTE|[140]
15:48:53.669 (1860672449)|METHOD_ENTRY|[140]|01pg8000001LXzh|OrderHandler.beforeUpdate()
15:48:53.669 (1860675839)|VARIABLE_SCOPE_BEGIN|[16]|this|OrderHandler|true|false
15:48:53.669 (1860686051)|VARIABLE_ASSIGNMENT|[16]|this|{"newRecords":"0x63ea8e77","newRecordsMap":"0xa899d9a","oldRecords":"0x294fa1bf","oldRecordsMap":"0x397275a0","handlerName":"OrderHandler","isTriggerExecuting":true,"triggerEvent":"0x8e381db"}|0x49cb3cda
15:48:53.669 (1860690953)|STATEMENT_EXECUTE|[16]
15:48:53.669 (1860692019)|STATEMENT_EXECUTE|[17]
15:48:53.669 (1860695585)|METHOD_ENTRY|[17]|01pg8000001LXzh|OrderHandler.checkActiveOrder()
15:48:53.669 (1860698772)|VARIABLE_SCOPE_BEGIN|[30]|this|OrderHandler|true|false
15:48:53.669 (1860706994)|VARIABLE_ASSIGNMENT|[30]|this|{"newRecords":"0x63ea8e77","newRecordsMap":"0xa899d9a","oldRecords":"0x294fa1bf","oldRecordsMap":"0x397275a0","handlerName":"OrderHandler","isTriggerExecuting":true,"triggerEvent":"0x8e381db"}|0x49cb3cda
15:48:53.669 (1860712024)|STATEMENT_EXECUTE|[30]
15:48:53.669 (1860713169)|STATEMENT_EXECUTE|[31]
15:48:53.669 (1860716050)|VARIABLE_SCOPE_BEGIN|[31]|listaParaValidar|List<Order>|true|false
15:48:53.669 (1860721227)|VARIABLE_ASSIGNMENT|[31]|listaParaValidar|null|
15:48:53.669 (1860728062)|STATEMENT_EXECUTE|[35]
15:48:53.669 (1860729118)|STATEMENT_EXECUTE|[36]
15:48:53.669 (1861121984)|VARIABLE_ASSIGNMENT|[36]|listaParaValidar|[{"Status":"Activated","LastModifiedDate":"2026-04-10T18:48:53.000Z","Country__c":"a03g80000084tcUAAQ","IsDeleted":false,"AccountId":"001g8000009VivhAAC","OrderNumber":"00100116","TotalAmount":380385.50,"StatusCode":"Activated","IsReductionOrder":false,"SystemModstamp":"2026-04-10T18:48:53.000Z","City__c":"a05g8000002BgdtAAC","OwnerId":"005g80000010N45AAE","CreatedById":"005g80000010N45AAE","DistributionCenter__c":"a06g8000001gZKDAA2","CreatedDate":"2026-04-10T18:48:52.000Z","Pricebook2Id":"01sg8000000h7xWAAQ","Id":"801g8000009VivjAAC","LastModifiedById":"005g80000010N45AAE","State__c":"a04g8000000b5VNAAY","EffectiveDate":"2026-04-10T00:00:00.000Z"}]|0x63ea8e77
15:48:53.669 (1861155381)|HEAP_ALLOCATE|[40]|Bytes:5
15:48:53.669 (1861175335)|HEAP_ALLOCATE|[40]|Bytes:4
15:48:53.669 (1861183399)|VARIABLE_SCOPE_BEGIN|[40]|pedido|Order|true|false
15:48:53.669 (1861516562)|VARIABLE_ASSIGNMENT|[40]|pedido|{"Status":"Activated","LastModifiedDate":"2026-04-10T18:48:53.000Z","Country__c":"a03g80000084tcUAAQ","IsDeleted":false,"AccountId":"001g8000009VivhAAC","OrderNumber":"00100116","TotalAmount":380385.50,"StatusCode":"Activated","IsReductionOrder":false,"SystemModstamp":"2026-04-10T18:48:53.000Z","City__c":"a05g8000002BgdtAAC","OwnerId":"005g80000010N45AAE","CreatedById":"005g80000010N45AAE","DistributionCenter__c":"a06g8000001gZKDAA2","CreatedDate":"2026-04-10T18:48:52.000Z","Pricebook2Id":"01sg8000000h7xWAAQ","Id":"801g8000009VivjAAC","LastModifiedById":"005g80000010N45AAE","State__c":"a04g8000000b5VNAAY","EffectiveDate":"2026-04-10T00:00:00.000Z"}|0xe5ccdcf
15:48:53.669 (1861525148)|STATEMENT_EXECUTE|[40]
15:48:53.669 (1861526073)|STATEMENT_EXECUTE|[42]
15:48:53.669 (1861551377)|VARIABLE_SCOPE_BEGIN|[42]|pedidoAntigo|Order|true|false
15:48:53.669 (1861908268)|VARIABLE_ASSIGNMENT|[42]|pedidoAntigo|{"Status":"Draft","LastModifiedDate":"2026-04-10T18:48:53.000Z","Country__c":"a03g80000084tcUAAQ","IsDeleted":false,"AccountId":"001g8000009VivhAAC","OrderNumber":"00100116","TotalAmount":380385.50,"StatusCode":"Draft","IsReductionOrder":false,"SystemModstamp":"2026-04-10T18:48:53.000Z","City__c":"a05g8000002BgdtAAC","OwnerId":"005g80000010N45AAE","CreatedById":"005g80000010N45AAE","DistributionCenter__c":"a06g8000001gZKDAA2","CreatedDate":"2026-04-10T18:48:52.000Z","Pricebook2Id":"01sg8000000h7xWAAQ","Id":"801g8000009VivjAAC","LastModifiedById":"005g80000010N45AAE","State__c":"a04g8000000b5VNAAY","EffectiveDate":"2026-04-10T00:00:00.000Z"}|0x487fe4d3
15:48:53.669 (1861915573)|STATEMENT_EXECUTE|[45]
15:48:53.669 (1861921704)|VARIABLE_SCOPE_BEGIN|[45]|validacaoStatus|String|false|false
15:48:53.669 (1861926348)|VARIABLE_ASSIGNMENT|[45]|validacaoStatus|"Draft"
15:48:53.669 (1861940202)|STATEMENT_EXECUTE|[47]
15:48:53.669 (1861946854)|HEAP_ALLOCATE|[40]|Bytes:5
15:48:53.669 (1861953349)|VARIABLE_ASSIGNMENT|[40]|pedido|null|
15:48:53.669 (1861958988)|METHOD_EXIT|[17]|01pg8000001LXzh|OrderHandler.checkActiveOrder()
15:48:53.669 (1861962445)|METHOD_EXIT|[140]|01pg8000001LXzh|OrderHandler.beforeUpdate()
15:48:53.669 (1861965300)|STATEMENT_EXECUTE|[158]
15:48:53.669 (1861969199)|METHOD_ENTRY|[158]|01pg80000019iSf|TriggerHandler.andFinally()
15:48:53.669 (1861972544)|VARIABLE_SCOPE_BEGIN|[746]|this|TriggerHandler|true|false
15:48:53.669 (1861991127)|VARIABLE_ASSIGNMENT|[746]|this|{"newRecords":"0x63ea8e77","newRecordsMap":"0xa899d9a","oldRecords":"0x294fa1bf","oldRecordsMap":"0x397275a0","handlerName":"OrderHandler","isTriggerExecuting":true,"triggerEvent":"0x8e381db"}|0x49cb3cda
15:48:53.669 (1861998160)|STATEMENT_EXECUTE|[746]
15:48:53.669 (1861999821)|METHOD_EXIT|[158]|01pg80000019iSf|TriggerHandler.andFinally()
15:48:53.669 (1862003280)|STATEMENT_EXECUTE|[160]
15:48:53.669 (1862005744)|STATEMENT_EXECUTE|[176]
15:48:53.669 (1862007998)|METHOD_EXIT|[2]|01pg80000019iSf|TriggerHandler.run()
15:48:53.862 (1862014486)|CUMULATIVE_LIMIT_USAGE
15:48:53.862 (1862014486)|LIMIT_USAGE_FOR_NS|(default)|
  Number of SOQL queries: 11 out of 100
  Number of query rows: 10 out of 50000
  Number of SOSL queries: 0 out of 20
  Number of DML statements: 15 out of 150
  Number of Publish Immediate DML: 0 out of 150
  Number of DML rows: 15 out of 10000
  Maximum CPU time: 91 out of 10000
  Maximum heap size: 0 out of 6000000
  Number of callouts: 0 out of 100
  Number of Email Invocations: 0 out of 10
  Number of future calls: 0 out of 50
  Number of queueable jobs added to the queue: 0 out of 50
  Number of Mobile Apex push calls: 0 out of 10

15:48:53.862 (1862014486)|CUMULATIVE_LIMIT_USAGE_END

15:48:53.669 (1862178662)|CODE_UNIT_FINISHED|OrderTrigger on Order trigger event BeforeUpdate|__sfdc_trigger/OrderTrigger
15:48:53.669 (1865625790)|CODE_UNIT_STARTED|[EXTERNAL]|Validation:Order:801g8000009Vivj
15:48:53.669 (1865641284)|VALIDATION_RULE|03dg8000000aS4D|Bloquear_Alteracao_Conta_Pedido
15:48:53.669 (1865772710)|VALIDATION_FORMULA|ISCHANGED(AccountId) && NOT(ISNEW())|AccountId=001g8000009Vivh
15:48:53.669 (1865777041)|VALIDATION_PASS
15:48:53.669 (1865781697)|CODE_UNIT_FINISHED|Validation:Order:801g8000009Vivj
15:48:53.669 (1876381241)|CODE_UNIT_STARTED|[EXTERNAL]|01qg8000000GdOn|OrderTrigger on Order trigger event AfterUpdate|__sfdc_trigger/OrderTrigger
15:48:53.669 (1876440855)|HEAP_ALLOCATE|[EXTERNAL]|Bytes:8
15:48:53.669 (1876505961)|HEAP_ALLOCATE|[EXTERNAL]|Bytes:8
15:48:53.669 (1876614490)|HEAP_ALLOCATE|[EXTERNAL]|Bytes:4
15:48:53.669 (1876623838)|VARIABLE_SCOPE_BEGIN|[1]|this|OrderTrigger|true|false
15:48:53.669 (1876654475)|VARIABLE_ASSIGNMENT|[1]|this|{}|0x23fb618e
15:48:53.669 (1876683924)|HEAP_ALLOCATE|[EXTERNAL]|Bytes:4
15:48:53.669 (1876688258)|VARIABLE_SCOPE_BEGIN|[1]|this|OrderTrigger|true|false
15:48:53.669 (1876693900)|VARIABLE_ASSIGNMENT|[1]|this|{}|0x23fb618e
15:48:53.669 (1876701942)|STATEMENT_EXECUTE|[1]
15:48:53.669 (1876703465)|STATEMENT_EXECUTE|[2]
15:48:53.669 (1876714719)|HEAP_ALLOCATE|[2]|Bytes:32
15:48:53.669 (1876725413)|CONSTRUCTOR_ENTRY|[2]|01pg8000001LXzh|<init>()|OrderHandler
15:48:53.669 (1876732177)|VARIABLE_SCOPE_BEGIN|[8]|this|OrderHandler|true|false
15:48:53.669 (1876750490)|VARIABLE_ASSIGNMENT|[8]|this|{}|0x529560fd
15:48:53.669 (1876754366)|STATEMENT_EXECUTE|[1]
15:48:53.669 (1876755320)|STATEMENT_EXECUTE|[3]
15:48:53.669 (1876756515)|STATEMENT_EXECUTE|[4]
15:48:53.669 (1876757321)|STATEMENT_EXECUTE|[5]
15:48:53.669 (1876758141)|STATEMENT_EXECUTE|[6]
15:48:53.669 (1876759113)|STATEMENT_EXECUTE|[9]
15:48:53.669 (1876768899)|CONSTRUCTOR_ENTRY|[9]|01pg80000019iSf|<init>(String)|TriggerHandler
15:48:53.669 (1876773129)|VARIABLE_SCOPE_BEGIN|[107]|this|TriggerHandler|true|false
15:48:53.669 (1876780026)|VARIABLE_ASSIGNMENT|[107]|this|{}|0x529560fd
15:48:53.669 (1876782744)|VARIABLE_SCOPE_BEGIN|[107]|handlerName|String|false|false
15:48:53.669 (1876791479)|VARIABLE_ASSIGNMENT|[107]|handlerName|"OrderHandler"
15:48:53.669 (1876794864)|STATEMENT_EXECUTE|[15]
15:48:53.669 (1876795864)|STATEMENT_EXECUTE|[50]
15:48:53.669 (1876796882)|STATEMENT_EXECUTE|[57]
15:48:53.669 (1876797978)|STATEMENT_EXECUTE|[671]
15:48:53.669 (1876816036)|STATEMENT_EXECUTE|[107]
15:48:53.669 (1876817096)|STATEMENT_EXECUTE|[108]
15:48:53.669 (1876821517)|STATEMENT_EXECUTE|[109]
15:48:53.669 (1876828774)|METHOD_ENTRY|[109]|01pg80000019iSf|TriggerHandler.setTriggerContext()
15:48:53.669 (1876832633)|VARIABLE_SCOPE_BEGIN|[565]|this|TriggerHandler|true|false
15:48:53.669 (1876842124)|VARIABLE_ASSIGNMENT|[565]|this|{"handlerName":"OrderHandler"}|0x529560fd
15:48:53.669 (1876853193)|STATEMENT_EXECUTE|[565]
15:48:53.669 (1876854481)|STATEMENT_EXECUTE|[566]
15:48:53.669 (1876911355)|HEAP_ALLOCATE|[566]|Bytes:16
15:48:53.669 (1876921811)|METHOD_ENTRY|[566]|01pg80000019iSf|TriggerHandler.setTriggerContext(System.TriggerOperation, Boolean)
15:48:53.669 (1876925062)|VARIABLE_SCOPE_BEGIN|[582]|this|TriggerHandler|true|false
15:48:53.669 (1876932953)|VARIABLE_ASSIGNMENT|[582]|this|{"handlerName":"OrderHandler"}|0x529560fd
15:48:53.669 (1876936231)|VARIABLE_SCOPE_BEGIN|[582]|opType|System.TriggerOperation|true|false
15:48:53.669 (1876948926)|VARIABLE_ASSIGNMENT|[582]|opType|"AFTER_UPDATE"|0x3d052ac1
15:48:53.669 (1876955851)|VARIABLE_SCOPE_BEGIN|[582]|testMode|Boolean|false|false
15:48:53.669 (1876961875)|VARIABLE_ASSIGNMENT|[582]|testMode|false
15:48:53.669 (1876966261)|STATEMENT_EXECUTE|[582]
15:48:53.669 (1876973706)|STATEMENT_EXECUTE|[586]
15:48:53.669 (1876974627)|STATEMENT_EXECUTE|[587]
15:48:53.669 (1876977295)|HEAP_ALLOCATE|[587]|Bytes:5
15:48:53.669 (1876982621)|STATEMENT_EXECUTE|[590]
15:48:53.669 (1876983485)|STATEMENT_EXECUTE|[592]
15:48:53.669 (1876993093)|HEAP_ALLOCATE|[592]|Bytes:16
15:48:53.669 (1876998125)|STATEMENT_EXECUTE|[595]
15:48:53.669 (1877005922)|VARIABLE_SCOPE_BEGIN|[595]|context|String|false|false
15:48:53.669 (1877013181)|VARIABLE_ASSIGNMENT|[595]|context|"AFTER_UPDATE"
15:48:53.669 (1877015546)|STATEMENT_EXECUTE|[597]
15:48:53.669 (1877058516)|STATEMENT_EXECUTE|[610]
15:48:53.669 (1877059736)|STATEMENT_EXECUTE|[611]
15:48:53.669 (1877063941)|METHOD_EXIT|[566]|01pg80000019iSf|TriggerHandler.setTriggerContext(System.TriggerOperation, Boolean)
15:48:53.669 (1877067121)|METHOD_EXIT|[109]|01pg80000019iSf|TriggerHandler.setTriggerContext()
15:48:53.669 (1877071739)|CONSTRUCTOR_EXIT|[9]|01pg80000019iSf|<init>(String)|TriggerHandler
15:48:53.669 (1877074907)|STATEMENT_EXECUTE|[8]
15:48:53.669 (1877076073)|STATEMENT_EXECUTE|[10]
15:48:53.669 (1877743454)|VARIABLE_ASSIGNMENT|[10]|this.newRecords|[{"Status":"Activated","LastModifiedDate":"2026-04-10T18:48:53.000Z","Country__c":"a03g80000084tcUAAQ","ActivatedById":"005g80000010N45AAE","IsDeleted":false,"AccountId":"001g8000009VivhAAC","OrderNumber":"00100116","TotalAmount":380385.50,"StatusCode":"Activated","IsReductionOrder":false,"SystemModstamp":"2026-04-10T18:48:53.000Z","City__c":"a05g8000002BgdtAAC","OwnerId":"005g80000010N45AAE","CreatedById":"005g80000010N45AAE","DistributionCenter__c":"a06g8000001gZKDAA2","CreatedDate":"2026-04-10T18:48:52.000Z","Pricebook2Id":"01sg8000000h7xWAAQ","Id":"801g8000009VivjAAC","ActivatedDate":"2026-04-10T18:48:53.000Z","LastModifiedById":"005g80000010N45AAE","State__c":"a04g8000000b5VNAAY","EffectiveDate":"2026-04-10T00:00:00.000Z"}]|0x529560fd
15:48:53.669 (1877755285)|STATEMENT_EXECUTE|[11]
15:48:53.669 (1878207290)|VARIABLE_ASSIGNMENT|[11]|this.oldRecords|[{"Status":"Draft","LastModifiedDate":"2026-04-10T18:48:53.000Z","Country__c":"a03g80000084tcUAAQ","IsDeleted":false,"AccountId":"001g8000009VivhAAC","OrderNumber":"00100116","TotalAmount":380385.50,"StatusCode":"Draft","IsReductionOrder":false,"SystemModstamp":"2026-04-10T18:48:53.000Z","City__c":"a05g8000002BgdtAAC","OwnerId":"005g80000010N45AAE","CreatedById":"005g80000010N45AAE","DistributionCenter__c":"a06g8000001gZKDAA2","CreatedDate":"2026-04-10T18:48:52.000Z","Pricebook2Id":"01sg8000000h7xWAAQ","Id":"801g8000009VivjAAC","LastModifiedById":"005g80000010N45AAE","State__c":"a04g8000000b5VNAAY","EffectiveDate":"2026-04-10T00:00:00.000Z"}]|0x529560fd
15:48:53.669 (1878216684)|STATEMENT_EXECUTE|[12]
15:48:53.669 (1878587271)|VARIABLE_ASSIGNMENT|[12]|this.newRecordsMap|{"801g8000009VivjAAC":{"Status":"Activated","LastModifiedDate":"2026-04-10T18:48:53.000Z","Country__c":"a03g80000084tcUAAQ","ActivatedById":"005g80000010N45AAE","IsDeleted":false,"AccountId":"001g8000009VivhAAC","OrderNumber":"00100116","TotalAmount":380385.50,"StatusCode":"Activated","IsReductionOrder":false,"SystemModstamp":"2026-04-10T18:48:53.000Z","City__c":"a05g8000002BgdtAAC","OwnerId":"005g80000010N45AAE","CreatedById":"005g80000010N45AAE","DistributionCenter__c":"a06g8000001gZKDAA2","CreatedDate":"2026-04-10T18:48:52.000Z","Pricebook2Id":"01sg8000000h7xWAAQ","Id":"801g8000009VivjAAC","ActivatedDate":"2026-04-10T18:48:53.000Z","LastModifiedById":"005g80000010N45AAE","State__c":"a04g8000000b5VNAAY","EffectiveDate":"2026-04-10T00:00:00.000Z"}}|0x529560fd
15:48:53.669 (1878625477)|STATEMENT_EXECUTE|[13]
15:48:53.669 (1878996479)|VARIABLE_ASSIGNMENT|[13]|this.oldRecordsMap|{"801g8000009VivjAAC":{"Status":"Draft","LastModifiedDate":"2026-04-10T18:48:53.000Z","Country__c":"a03g80000084tcUAAQ","IsDeleted":false,"AccountId":"001g8000009VivhAAC","OrderNumber":"00100116","TotalAmount":380385.50,"StatusCode":"Draft","IsReductionOrder":false,"SystemModstamp":"2026-04-10T18:48:53.000Z","City__c":"a05g8000002BgdtAAC","OwnerId":"005g80000010N45AAE","CreatedById":"005g80000010N45AAE","DistributionCenter__c":"a06g8000001gZKDAA2","CreatedDate":"2026-04-10T18:48:52.000Z","Pricebook2Id":"01sg8000000h7xWAAQ","Id":"801g8000009VivjAAC","LastModifiedById":"005g80000010N45AAE","State__c":"a04g8000000b5VNAAY","EffectiveDate":"2026-04-10T00:00:00.000Z"}}|0x529560fd
15:48:53.669 (1879009853)|CONSTRUCTOR_EXIT|[2]|01pg8000001LXzh|<init>()|OrderHandler
15:48:53.669 (1879018641)|METHOD_ENTRY|[2]|01pg80000019iSf|TriggerHandler.run()
15:48:53.669 (1879023900)|VARIABLE_SCOPE_BEGIN|[120]|this|TriggerHandler|true|false
15:48:53.669 (1879055192)|VARIABLE_ASSIGNMENT|[120]|this|{"newRecords":"0x4981462d","newRecordsMap":"0x5cf4728b","oldRecords":"0x24fb8f8a","oldRecordsMap":"0x5d109160","handlerName":"OrderHandler","isTriggerExecuting":true,"triggerEvent":"0x3d052ac1"}|0x529560fd
15:48:53.669 (1879065034)|STATEMENT_EXECUTE|[120]
15:48:53.669 (1879069302)|METHOD_ENTRY|[121]|01pg80000019iSf|TriggerHandler.validateRun()
15:48:53.669 (1879072886)|VARIABLE_SCOPE_BEGIN|[661]|this|TriggerHandler|true|false
15:48:53.669 (1879083333)|VARIABLE_ASSIGNMENT|[661]|this|{"newRecords":"0x4981462d","newRecordsMap":"0x5cf4728b","oldRecords":"0x24fb8f8a","oldRecordsMap":"0x5d109160","handlerName":"OrderHandler","isTriggerExecuting":true,"triggerEvent":"0x3d052ac1"}|0x529560fd
15:48:53.669 (1879088375)|STATEMENT_EXECUTE|[661]
15:48:53.669 (1879094294)|STATEMENT_EXECUTE|[662]
15:48:53.669 (1879095605)|STATEMENT_EXECUTE|[665]
15:48:53.669 (1879100729)|METHOD_ENTRY|[665]|01pg80000019iSf|TriggerHandler.getHandlerName()
15:48:53.669 (1879104087)|VARIABLE_SCOPE_BEGIN|[680]|this|TriggerHandler|true|false
15:48:53.669 (1879113301)|VARIABLE_ASSIGNMENT|[680]|this|{"newRecords":"0x4981462d","newRecordsMap":"0x5cf4728b","oldRecords":"0x24fb8f8a","oldRecordsMap":"0x5d109160","handlerName":"OrderHandler","isTriggerExecuting":true,"triggerEvent":"0x3d052ac1"}|0x529560fd
15:48:53.669 (1879118102)|STATEMENT_EXECUTE|[680]
15:48:53.669 (1879137164)|STATEMENT_EXECUTE|[681]
15:48:53.669 (1879138140)|STATEMENT_EXECUTE|[684]
15:48:53.669 (1879140659)|METHOD_EXIT|[665]|01pg80000019iSf|TriggerHandler.getHandlerName()
15:48:53.669 (1879157037)|METHOD_EXIT|[121]|01pg80000019iSf|TriggerHandler.validateRun()
15:48:53.669 (1879159825)|STATEMENT_EXECUTE|[121]
15:48:53.669 (1879162590)|METHOD_ENTRY|[126]|01pg80000019iSf|TriggerHandler.incrementCheckLoopCount()
15:48:53.669 (1879165744)|VARIABLE_SCOPE_BEGIN|[634]|this|TriggerHandler|true|false
15:48:53.669 (1879175039)|VARIABLE_ASSIGNMENT|[634]|this|{"newRecords":"0x4981462d","newRecordsMap":"0x5cf4728b","oldRecords":"0x24fb8f8a","oldRecordsMap":"0x5d109160","handlerName":"OrderHandler","isTriggerExecuting":true,"triggerEvent":"0x3d052ac1"}|0x529560fd
15:48:53.669 (1879180494)|STATEMENT_EXECUTE|[634]
15:48:53.669 (1879181363)|STATEMENT_EXECUTE|[635]
15:48:53.669 (1879183545)|METHOD_ENTRY|[635]|01pg80000019iSf|TriggerHandler.getHandlerName()
15:48:53.669 (1879185674)|VARIABLE_SCOPE_BEGIN|[680]|this|TriggerHandler|true|false
15:48:53.669 (1879194367)|VARIABLE_ASSIGNMENT|[680]|this|{"newRecords":"0x4981462d","newRecordsMap":"0x5cf4728b","oldRecords":"0x24fb8f8a","oldRecordsMap":"0x5d109160","handlerName":"OrderHandler","isTriggerExecuting":true,"triggerEvent":"0x3d052ac1"}|0x529560fd
15:48:53.669 (1879198223)|STATEMENT_EXECUTE|[680]
15:48:53.669 (1879204485)|STATEMENT_EXECUTE|[681]
15:48:53.669 (1879205543)|STATEMENT_EXECUTE|[684]
15:48:53.669 (1879207017)|METHOD_EXIT|[635]|01pg80000019iSf|TriggerHandler.getHandlerName()
15:48:53.669 (1879210185)|VARIABLE_SCOPE_BEGIN|[635]|handlerName|String|false|false
15:48:53.669 (1879215204)|VARIABLE_ASSIGNMENT|[635]|handlerName|"OrderHandler"
15:48:53.669 (1879224844)|STATEMENT_EXECUTE|[636]
15:48:53.669 (1879225969)|STATEMENT_EXECUTE|[649]
15:48:53.669 (1879227633)|METHOD_EXIT|[126]|01pg80000019iSf|TriggerHandler.incrementCheckLoopCount()
15:48:53.669 (1879230281)|STATEMENT_EXECUTE|[126]
15:48:53.669 (1879232290)|STATEMENT_EXECUTE|[130]
15:48:53.669 (1879233154)|STATEMENT_EXECUTE|[135]
15:48:53.669 (1879294509)|STATEMENT_EXECUTE|[148]
15:48:53.669 (1879295684)|STATEMENT_EXECUTE|[149]
15:48:53.669 (1879298614)|METHOD_ENTRY|[149]|01pg8000001LXzh|OrderHandler.afterUpdate()
15:48:53.669 (1879301827)|VARIABLE_SCOPE_BEGIN|[20]|this|OrderHandler|true|false
15:48:53.669 (1879312159)|VARIABLE_ASSIGNMENT|[20]|this|{"newRecords":"0x4981462d","newRecordsMap":"0x5cf4728b","oldRecords":"0x24fb8f8a","oldRecordsMap":"0x5d109160","handlerName":"OrderHandler","isTriggerExecuting":true,"triggerEvent":"0x3d052ac1"}|0x529560fd
15:48:53.669 (1879317100)|STATEMENT_EXECUTE|[20]
15:48:53.669 (1879318385)|STATEMENT_EXECUTE|[21]
15:48:53.669 (1879321601)|METHOD_ENTRY|[21]|01pg8000001LXzh|OrderHandler.checkActiveOrder()
15:48:53.669 (1879324820)|VARIABLE_SCOPE_BEGIN|[30]|this|OrderHandler|true|false
15:48:53.669 (1879333082)|VARIABLE_ASSIGNMENT|[30]|this|{"newRecords":"0x4981462d","newRecordsMap":"0x5cf4728b","oldRecords":"0x24fb8f8a","oldRecordsMap":"0x5d109160","handlerName":"OrderHandler","isTriggerExecuting":true,"triggerEvent":"0x3d052ac1"}|0x529560fd
15:48:53.669 (1879337976)|STATEMENT_EXECUTE|[30]
15:48:53.669 (1879339107)|STATEMENT_EXECUTE|[31]
15:48:53.669 (1879341903)|VARIABLE_SCOPE_BEGIN|[31]|listaParaValidar|List<Order>|true|false
15:48:53.669 (1879346529)|VARIABLE_ASSIGNMENT|[31]|listaParaValidar|null|
15:48:53.669 (1879352899)|STATEMENT_EXECUTE|[35]
15:48:53.669 (1879354087)|STATEMENT_EXECUTE|[36]
15:48:53.669 (1879729848)|VARIABLE_ASSIGNMENT|[36]|listaParaValidar|[{"Status":"Activated","LastModifiedDate":"2026-04-10T18:48:53.000Z","Country__c":"a03g80000084tcUAAQ","ActivatedById":"005g80000010N45AAE","IsDeleted":false,"AccountId":"001g8000009VivhAAC","OrderNumber":"00100116","TotalAmount":380385.50,"StatusCode":"Activated","IsReductionOrder":false,"SystemModstamp":"2026-04-10T18:48:53.000Z","City__c":"a05g8000002BgdtAAC","OwnerId":"005g80000010N45AAE","CreatedById":"005g80000010N45AAE","DistributionCenter__c":"a06g8000001gZKDAA2","CreatedDate":"2026-04-10T18:48:52.000Z","Pricebook2Id":"01sg8000000h7xWAAQ","Id":"801g8000009VivjAAC","ActivatedDate":"2026-04-10T18:48:53.000Z","LastModifiedById":"005g80000010N45AAE","State__c":"a04g8000000b5VNAAY","EffectiveDate":"2026-04-10T00:00:00.000Z"}]|0x4981462d
15:48:53.669 (1879763076)|HEAP_ALLOCATE|[40]|Bytes:5
15:48:53.669 (1879785092)|VARIABLE_SCOPE_BEGIN|[40]|pedido|Order|true|false
15:48:53.669 (1880121928)|VARIABLE_ASSIGNMENT|[40]|pedido|{"Status":"Activated","LastModifiedDate":"2026-04-10T18:48:53.000Z","Country__c":"a03g80000084tcUAAQ","ActivatedById":"005g80000010N45AAE","IsDeleted":false,"AccountId":"001g8000009VivhAAC","OrderNumber":"00100116","TotalAmount":380385.50,"StatusCode":"Activated","IsReductionOrder":false,"SystemModstamp":"2026-04-10T18:48:53.000Z","City__c":"a05g8000002BgdtAAC","OwnerId":"005g80000010N45AAE","CreatedById":"005g80000010N45AAE","DistributionCenter__c":"a06g8000001gZKDAA2","CreatedDate":"2026-04-10T18:48:52.000Z","Pricebook2Id":"01sg8000000h7xWAAQ","Id":"801g8000009VivjAAC","ActivatedDate":"2026-04-10T18:48:53.000Z","LastModifiedById":"005g80000010N45AAE","State__c":"a04g8000000b5VNAAY","EffectiveDate":"2026-04-10T00:00:00.000Z"}|0x1e6304c1
15:48:53.669 (1880132523)|STATEMENT_EXECUTE|[40]
15:48:53.669 (1880133761)|STATEMENT_EXECUTE|[42]
15:48:53.669 (1880157982)|VARIABLE_SCOPE_BEGIN|[42]|pedidoAntigo|Order|true|false
15:48:53.669 (1880490178)|VARIABLE_ASSIGNMENT|[42]|pedidoAntigo|{"Status":"Draft","LastModifiedDate":"2026-04-10T18:48:53.000Z","Country__c":"a03g80000084tcUAAQ","IsDeleted":false,"AccountId":"001g8000009VivhAAC","OrderNumber":"00100116","TotalAmount":380385.50,"StatusCode":"Draft","IsReductionOrder":false,"SystemModstamp":"2026-04-10T18:48:53.000Z","City__c":"a05g8000002BgdtAAC","OwnerId":"005g80000010N45AAE","CreatedById":"005g80000010N45AAE","DistributionCenter__c":"a06g8000001gZKDAA2","CreatedDate":"2026-04-10T18:48:52.000Z","Pricebook2Id":"01sg8000000h7xWAAQ","Id":"801g8000009VivjAAC","LastModifiedById":"005g80000010N45AAE","State__c":"a04g8000000b5VNAAY","EffectiveDate":"2026-04-10T00:00:00.000Z"}|0x617c5dac
15:48:53.669 (1880517448)|STATEMENT_EXECUTE|[45]
15:48:53.669 (1880522905)|VARIABLE_SCOPE_BEGIN|[45]|validacaoStatus|String|false|false
15:48:53.669 (1880527693)|VARIABLE_ASSIGNMENT|[45]|validacaoStatus|"Draft"
15:48:53.669 (1880565316)|STATEMENT_EXECUTE|[47]
15:48:53.669 (1880575257)|HEAP_ALLOCATE|[40]|Bytes:5
15:48:53.669 (1880582806)|VARIABLE_ASSIGNMENT|[40]|pedido|null|
15:48:53.669 (1880589191)|METHOD_EXIT|[21]|01pg8000001LXzh|OrderHandler.checkActiveOrder()
15:48:53.669 (1880592223)|STATEMENT_EXECUTE|[22]
15:48:53.669 (1880595733)|METHOD_ENTRY|[22]|01pg8000001LXzh|OrderHandler.itemsRecalculation()
15:48:53.669 (1880599208)|VARIABLE_SCOPE_BEGIN|[54]|this|OrderHandler|true|false
15:48:53.669 (1880621546)|VARIABLE_ASSIGNMENT|[54]|this|{"newRecords":"0x4981462d","newRecordsMap":"0x5cf4728b","oldRecords":"0x24fb8f8a","oldRecordsMap":"0x5d109160","handlerName":"OrderHandler","isTriggerExecuting":true,"triggerEvent":"0x3d052ac1"}|0x529560fd
15:48:53.669 (1880629902)|STATEMENT_EXECUTE|[54]
15:48:53.669 (1880630883)|STATEMENT_EXECUTE|[55]
15:48:53.669 (1880642885)|HEAP_ALLOCATE|[55]|Bytes:4
15:48:53.669 (1880654327)|VARIABLE_SCOPE_BEGIN|[55]|ordersToRecalculate|Set<Id>|true|false
15:48:53.669 (1880681155)|VARIABLE_ASSIGNMENT|[55]|ordersToRecalculate|[]|0x190319d6
15:48:53.669 (1880691525)|HEAP_ALLOCATE|[57]|Bytes:5
15:48:53.669 (1880699362)|VARIABLE_SCOPE_BEGIN|[57]|pedido|Order|true|false
15:48:53.669 (1881063719)|VARIABLE_ASSIGNMENT|[57]|pedido|{"Status":"Activated","LastModifiedDate":"2026-04-10T18:48:53.000Z","Country__c":"a03g80000084tcUAAQ","ActivatedById":"005g80000010N45AAE","IsDeleted":false,"AccountId":"001g8000009VivhAAC","OrderNumber":"00100116","TotalAmount":380385.50,"StatusCode":"Activated","IsReductionOrder":false,"SystemModstamp":"2026-04-10T18:48:53.000Z","City__c":"a05g8000002BgdtAAC","OwnerId":"005g80000010N45AAE","CreatedById":"005g80000010N45AAE","DistributionCenter__c":"a06g8000001gZKDAA2","CreatedDate":"2026-04-10T18:48:52.000Z","Pricebook2Id":"01sg8000000h7xWAAQ","Id":"801g8000009VivjAAC","ActivatedDate":"2026-04-10T18:48:53.000Z","LastModifiedById":"005g80000010N45AAE","State__c":"a04g8000000b5VNAAY","EffectiveDate":"2026-04-10T00:00:00.000Z"}|0x1e6304c1
15:48:53.669 (1881072600)|STATEMENT_EXECUTE|[57]
15:48:53.669 (1881073527)|STATEMENT_EXECUTE|[58]
15:48:53.669 (1881086304)|VARIABLE_SCOPE_BEGIN|[58]|pedidoAntigo|Order|true|false
15:48:53.669 (1881415416)|VARIABLE_ASSIGNMENT|[58]|pedidoAntigo|{"Status":"Draft","LastModifiedDate":"2026-04-10T18:48:53.000Z","Country__c":"a03g80000084tcUAAQ","IsDeleted":false,"AccountId":"001g8000009VivhAAC","OrderNumber":"00100116","TotalAmount":380385.50,"StatusCode":"Draft","IsReductionOrder":false,"SystemModstamp":"2026-04-10T18:48:53.000Z","City__c":"a05g8000002BgdtAAC","OwnerId":"005g80000010N45AAE","CreatedById":"005g80000010N45AAE","DistributionCenter__c":"a06g8000001gZKDAA2","CreatedDate":"2026-04-10T18:48:52.000Z","Pricebook2Id":"01sg8000000h7xWAAQ","Id":"801g8000009VivjAAC","LastModifiedById":"005g80000010N45AAE","State__c":"a04g8000000b5VNAAY","EffectiveDate":"2026-04-10T00:00:00.000Z"}|0x617c5dac
15:48:53.669 (1881460876)|STATEMENT_EXECUTE|[60]
15:48:53.669 (1881466283)|HEAP_ALLOCATE|[57]|Bytes:5
15:48:53.669 (1881472254)|VARIABLE_ASSIGNMENT|[57]|pedido|null|
15:48:53.669 (1881481198)|STATEMENT_EXECUTE|[67]
15:48:53.669 (1881483646)|METHOD_EXIT|[22]|01pg8000001LXzh|OrderHandler.itemsRecalculation()
15:48:53.669 (1881487683)|METHOD_EXIT|[149]|01pg8000001LXzh|OrderHandler.afterUpdate()
15:48:53.669 (1881490586)|STATEMENT_EXECUTE|[158]
15:48:53.669 (1881494785)|METHOD_ENTRY|[158]|01pg80000019iSf|TriggerHandler.andFinally()
15:48:53.669 (1881498020)|VARIABLE_SCOPE_BEGIN|[746]|this|TriggerHandler|true|false
15:48:53.669 (1881515572)|VARIABLE_ASSIGNMENT|[746]|this|{"newRecords":"0x4981462d","newRecordsMap":"0x5cf4728b","oldRecords":"0x24fb8f8a","oldRecordsMap":"0x5d109160","handlerName":"OrderHandler","isTriggerExecuting":true,"triggerEvent":"0x3d052ac1"}|0x529560fd
15:48:53.669 (1881522076)|STATEMENT_EXECUTE|[746]
15:48:53.669 (1881528414)|METHOD_EXIT|[158]|01pg80000019iSf|TriggerHandler.andFinally()
15:48:53.669 (1881531628)|STATEMENT_EXECUTE|[160]
15:48:53.669 (1881533691)|STATEMENT_EXECUTE|[176]
15:48:53.669 (1881535846)|METHOD_EXIT|[2]|01pg80000019iSf|TriggerHandler.run()
15:48:53.881 (1881542490)|CUMULATIVE_LIMIT_USAGE
15:48:53.881 (1881542490)|LIMIT_USAGE_FOR_NS|(default)|
  Number of SOQL queries: 11 out of 100
  Number of query rows: 10 out of 50000
  Number of SOSL queries: 0 out of 20
  Number of DML statements: 15 out of 150
  Number of Publish Immediate DML: 0 out of 150
  Number of DML rows: 15 out of 10000
  Maximum CPU time: 91 out of 10000
  Maximum heap size: 0 out of 6000000
  Number of callouts: 0 out of 100
  Number of Email Invocations: 0 out of 10
  Number of future calls: 0 out of 50
  Number of queueable jobs added to the queue: 0 out of 50
  Number of Mobile Apex push calls: 0 out of 10

15:48:53.881 (1881542490)|CUMULATIVE_LIMIT_USAGE_END

15:48:53.669 (1881707959)|CODE_UNIT_FINISHED|OrderTrigger on Order trigger event AfterUpdate|__sfdc_trigger/OrderTrigger
15:48:53.669 (1883734332)|DML_END|[201]
15:48:53.669 (1884044613)|STATEMENT_EXECUTE|[202]
15:48:53.669 (1884080594)|HEAP_ALLOCATE|[202]|Bytes:28
15:48:53.669 (1884090405)|HEAP_ALLOCATE|[202]|Bytes:28
15:48:53.669 (1884219767)|VARIABLE_ASSIGNMENT|[202]|this.Quantity|10|0x1705afcc
15:48:53.669 (1884224169)|STATEMENT_EXECUTE|[204]
15:48:53.669 (1884249718)|HEAP_ALLOCATE|[204]|Bytes:118
15:48:53.669 (1884265188)|SYSTEM_METHOD_ENTRY|[1]|Test.Test()
15:48:53.669 (1884268814)|STATEMENT_EXECUTE|[1]
15:48:53.669 (1884277888)|SYSTEM_METHOD_EXIT|[1]|Test
15:48:53.669 (1884285928)|METHOD_ENTRY|[204]||System.Test.startTest()
15:48:53.669 (1885335266)|METHOD_EXIT|[204]||System.Test.startTest()
15:48:53.669 (1885341462)|STATEMENT_EXECUTE|[205]
15:48:53.669 (1885342722)|STATEMENT_EXECUTE|[205]
15:48:53.669 (1885343743)|STATEMENT_EXECUTE|[206]
15:48:53.669 (1885372779)|HEAP_ALLOCATE|[206]|Bytes:8
15:48:53.669 (1885380496)|DML_BEGIN|[206]|Op:Update|Type:OrderItem|Rows:1
15:48:53.669 (1885406433)|HEAP_ALLOCATE|[EXTERNAL]|Bytes:8
15:48:53.669 (1898749488)|CODE_UNIT_STARTED|[EXTERNAL]|01qg8000000Fou9|OrdemItemTrigger on OrderItem trigger event BeforeUpdate|__sfdc_trigger/OrdemItemTrigger
15:48:53.669 (1898819635)|HEAP_ALLOCATE|[EXTERNAL]|Bytes:8
15:48:53.669 (1898885991)|HEAP_ALLOCATE|[EXTERNAL]|Bytes:8
15:48:53.669 (1898952126)|HEAP_ALLOCATE|[EXTERNAL]|Bytes:4
15:48:53.669 (1898960724)|VARIABLE_SCOPE_BEGIN|[1]|this|OrdemItemTrigger|true|false
15:48:53.669 (1898991401)|VARIABLE_ASSIGNMENT|[1]|this|{}|0x166998f8
15:48:53.669 (1899018886)|HEAP_ALLOCATE|[EXTERNAL]|Bytes:4
15:48:53.669 (1899023849)|VARIABLE_SCOPE_BEGIN|[1]|this|OrdemItemTrigger|true|false
15:48:53.669 (1899029611)|VARIABLE_ASSIGNMENT|[1]|this|{}|0x166998f8
15:48:53.669 (1899036731)|STATEMENT_EXECUTE|[1]
15:48:53.669 (1899038461)|STATEMENT_EXECUTE|[2]
15:48:53.669 (1899050498)|HEAP_ALLOCATE|[2]|Bytes:32
15:48:53.669 (1899062056)|CONSTRUCTOR_ENTRY|[2]|01pg8000001EZwd|<init>()|OrdemItemHandler
15:48:53.669 (1899068563)|VARIABLE_SCOPE_BEGIN|[9]|this|OrdemItemHandler|true|false
15:48:53.669 (1899088446)|VARIABLE_ASSIGNMENT|[9]|this|{}|0x47ca2b95
15:48:53.669 (1899093244)|STATEMENT_EXECUTE|[1]
15:48:53.669 (1899094366)|STATEMENT_EXECUTE|[3]
15:48:53.669 (1899095751)|STATEMENT_EXECUTE|[4]
15:48:53.669 (1899096733)|STATEMENT_EXECUTE|[5]
15:48:53.669 (1899097769)|STATEMENT_EXECUTE|[6]
15:48:53.669 (1899099091)|STATEMENT_EXECUTE|[10]
15:48:53.669 (1899110056)|CONSTRUCTOR_ENTRY|[10]|01pg80000019iSf|<init>(String)|TriggerHandler
15:48:53.669 (1899113828)|VARIABLE_SCOPE_BEGIN|[107]|this|TriggerHandler|true|false
15:48:53.669 (1899121364)|VARIABLE_ASSIGNMENT|[107]|this|{}|0x47ca2b95
15:48:53.669 (1899124350)|VARIABLE_SCOPE_BEGIN|[107]|handlerName|String|false|false
15:48:53.669 (1899133319)|VARIABLE_ASSIGNMENT|[107]|handlerName|"OrderItemHandler"
15:48:53.669 (1899136484)|STATEMENT_EXECUTE|[15]
15:48:53.669 (1899137642)|STATEMENT_EXECUTE|[50]
15:48:53.669 (1899138780)|STATEMENT_EXECUTE|[57]
15:48:53.669 (1899139910)|STATEMENT_EXECUTE|[671]
15:48:53.669 (1899158041)|STATEMENT_EXECUTE|[107]
15:48:53.669 (1899159236)|STATEMENT_EXECUTE|[108]
15:48:53.669 (1899163494)|STATEMENT_EXECUTE|[109]
15:48:53.669 (1899170332)|METHOD_ENTRY|[109]|01pg80000019iSf|TriggerHandler.setTriggerContext()
15:48:53.669 (1899174390)|VARIABLE_SCOPE_BEGIN|[565]|this|TriggerHandler|true|false
15:48:53.669 (1899184202)|VARIABLE_ASSIGNMENT|[565]|this|{"handlerName":"OrderItemHandler"}|0x47ca2b95
15:48:53.669 (1899193042)|STATEMENT_EXECUTE|[565]
15:48:53.669 (1899194223)|STATEMENT_EXECUTE|[566]
15:48:53.669 (1899245561)|HEAP_ALLOCATE|[566]|Bytes:16
15:48:53.669 (1899256300)|METHOD_ENTRY|[566]|01pg80000019iSf|TriggerHandler.setTriggerContext(System.TriggerOperation, Boolean)
15:48:53.669 (1899259565)|VARIABLE_SCOPE_BEGIN|[582]|this|TriggerHandler|true|false
15:48:53.669 (1899267906)|VARIABLE_ASSIGNMENT|[582]|this|{"handlerName":"OrderItemHandler"}|0x47ca2b95
15:48:53.669 (1899301846)|VARIABLE_SCOPE_BEGIN|[582]|opType|System.TriggerOperation|true|false
15:48:53.669 (1899314150)|VARIABLE_ASSIGNMENT|[582]|opType|"BEFORE_UPDATE"|0x8e381db
15:48:53.669 (1899321640)|VARIABLE_SCOPE_BEGIN|[582]|testMode|Boolean|false|false
15:48:53.669 (1899327116)|VARIABLE_ASSIGNMENT|[582]|testMode|false
15:48:53.669 (1899331911)|STATEMENT_EXECUTE|[582]
15:48:53.669 (1899339763)|STATEMENT_EXECUTE|[586]
15:48:53.669 (1899340685)|STATEMENT_EXECUTE|[587]
15:48:53.669 (1899343679)|HEAP_ALLOCATE|[587]|Bytes:5
15:48:53.669 (1899349226)|STATEMENT_EXECUTE|[590]
15:48:53.669 (1899350095)|STATEMENT_EXECUTE|[592]
15:48:53.669 (1899362724)|HEAP_ALLOCATE|[592]|Bytes:16
15:48:53.669 (1899367549)|STATEMENT_EXECUTE|[595]
15:48:53.669 (1899375663)|VARIABLE_SCOPE_BEGIN|[595]|context|String|false|false
15:48:53.669 (1899381814)|VARIABLE_ASSIGNMENT|[595]|context|"BEFORE_UPDATE"
15:48:53.669 (1899384021)|STATEMENT_EXECUTE|[597]
15:48:53.669 (1899410275)|STATEMENT_EXECUTE|[601]
15:48:53.669 (1899411211)|STATEMENT_EXECUTE|[602]
15:48:53.669 (1899415465)|METHOD_EXIT|[566]|01pg80000019iSf|TriggerHandler.setTriggerContext(System.TriggerOperation, Boolean)
15:48:53.669 (1899418654)|METHOD_EXIT|[109]|01pg80000019iSf|TriggerHandler.setTriggerContext()
15:48:53.669 (1899423883)|CONSTRUCTOR_EXIT|[10]|01pg80000019iSf|<init>(String)|TriggerHandler
15:48:53.669 (1899427675)|STATEMENT_EXECUTE|[9]
15:48:53.669 (1899428993)|STATEMENT_EXECUTE|[11]
15:48:53.669 (1900506871)|VARIABLE_ASSIGNMENT|[11]|this.newRecords|[{"LastModifiedDate":"2026-04-10T18:48:53.000Z","DiscountPercentage__c":0.999737108801465881323026245742806,"DiscountValue__c":380285.50,"FinalPrice__c":380385.50,"ListPrice":1000.00,"AvailableQuantity":1.00,"PriceWithoutMargin__c":330770.00,"FreightValue__c":700.00,"CreatedById":"005g80000010N45AAE","MarginPercentage__c":15.00,"Product_Code_Display__c":"TRT 7","IsDeleted":false,"Quantity":10.00,"TaxPercentage__c":10.00,"OrderId":"801g8000009VivjAAC","OrderItemNumber":"0000100113","SystemModstamp":"2026-04-10T18:48:53.000Z","UnitPrice":100.00,"Product2Id":"01tg8000001RQyjAAG","ProductionCost__c":300000.00,"PricebookEntryId":"01ug8000000gTiLAAU","TotalPrice":1000.00,"CreatedDate":"2026-04-10T18:48:53.000Z","Id":"802g8000002mQYbAAM","LastModifiedById":"005g80000010N45AAE"}]|0x47ca2b95
15:48:53.669 (1900523879)|STATEMENT_EXECUTE|[12]
15:48:53.669 (1901264036)|VARIABLE_ASSIGNMENT|[12]|this.oldRecords|[{"LastModifiedDate":"2026-04-10T18:48:53.000Z","DiscountPercentage__c":0.999737108801465881323026245742806,"DiscountValue__c":380285.50,"FinalPrice__c":380385.50,"ListPrice":1000.00,"AvailableQuantity":1.00,"PriceWithoutMargin__c":330770.00,"FreightValue__c":700.00,"CreatedById":"005g80000010N45AAE","MarginPercentage__c":15.00,"Product_Code_Display__c":"TRT 7","IsDeleted":false,"Quantity":1.00,"TaxPercentage__c":10.00,"OrderId":"801g8000009VivjAAC","OrderItemNumber":"0000100113","SystemModstamp":"2026-04-10T18:48:53.000Z","UnitPrice":380385.50,"Product2Id":"01tg8000001RQyjAAG","ProductionCost__c":300000.00,"PricebookEntryId":"01ug8000000gTiLAAU","TotalPrice":380385.50,"CreatedDate":"2026-04-10T18:48:53.000Z","Id":"802g8000002mQYbAAM","LastModifiedById":"005g80000010N45AAE"}]|0x47ca2b95
15:48:53.669 (1901278773)|STATEMENT_EXECUTE|[13]
15:48:53.669 (1901673243)|VARIABLE_ASSIGNMENT|[13]|this.newRecordsMap|{"802g8000002mQYbAAM":{"LastModifiedDate":"2026-04-10T18:48:53.000Z","DiscountPercentage__c":0.999737108801465881323026245742806,"DiscountValue__c":380285.50,"FinalPrice__c":380385.50,"ListPrice":1000.00,"AvailableQuantity":1.00,"PriceWithoutMargin__c":330770.00,"FreightValue__c":700.00,"CreatedById":"005g80000010N45AAE","MarginPercentage__c":15.00,"Product_Code_Display__c":"TRT 7","IsDeleted":false,"Quantity":10.00,"TaxPercentage__c":10.00,"OrderId":"801g8000009VivjAAC","OrderItemNumber":"0000100113","SystemModstamp":"2026-04-10T18:48:53.000Z","UnitPrice":100.00,"Product2Id":"01tg8000001RQyjAAG","ProductionCost__c":300000.00,"PricebookEntryId":"01ug8000000gTiLAAU","TotalPrice":1000.00,"CreatedDate":"2026-04-10T18:48:53.000Z","Id":"802g8000002mQYbAAM","LastModifiedById":"005g80000010N45AAE"}}|0x47ca2b95
15:48:53.669 (1901682971)|STATEMENT_EXECUTE|[14]
15:48:53.669 (1902030274)|VARIABLE_ASSIGNMENT|[14]|this.oldRecordsMap|{"802g8000002mQYbAAM":{"LastModifiedDate":"2026-04-10T18:48:53.000Z","DiscountPercentage__c":0.999737108801465881323026245742806,"DiscountValue__c":380285.50,"FinalPrice__c":380385.50,"ListPrice":1000.00,"AvailableQuantity":1.00,"PriceWithoutMargin__c":330770.00,"FreightValue__c":700.00,"CreatedById":"005g80000010N45AAE","MarginPercentage__c":15.00,"Product_Code_Display__c":"TRT 7","IsDeleted":false,"Quantity":1.00,"TaxPercentage__c":10.00,"OrderId":"801g8000009VivjAAC","OrderItemNumber":"0000100113","SystemModstamp":"2026-04-10T18:48:53.000Z","UnitPrice":380385.50,"Product2Id":"01tg8000001RQyjAAG","ProductionCost__c":300000.00,"PricebookEntryId":"01ug8000000gTiLAAU","TotalPrice":380385.50,"CreatedDate":"2026-04-10T18:48:53.000Z","Id":"802g8000002mQYbAAM","LastModifiedById":"005g80000010N45AAE"}}|0x47ca2b95
15:48:53.669 (1902045208)|CONSTRUCTOR_EXIT|[2]|01pg8000001EZwd|<init>()|OrdemItemHandler
15:48:53.669 (1902054722)|METHOD_ENTRY|[2]|01pg80000019iSf|TriggerHandler.run()
15:48:53.669 (1902059736)|VARIABLE_SCOPE_BEGIN|[120]|this|TriggerHandler|true|false
15:48:53.669 (1902092198)|VARIABLE_ASSIGNMENT|[120]|this|{"newRecords":"0x3f5f61a7","newRecordsMap":"0x295f735a","oldRecords":"0x2a1bd9bb","oldRecordsMap":"0x13d421c1","handlerName":"OrderItemHandler","isTriggerExecuting":true,"triggerEvent":"0x8e381db"}|0x47ca2b95
15:48:53.669 (1902101404)|STATEMENT_EXECUTE|[120]
15:48:53.669 (1902105795)|METHOD_ENTRY|[121]|01pg80000019iSf|TriggerHandler.validateRun()
15:48:53.669 (1902109859)|VARIABLE_SCOPE_BEGIN|[661]|this|TriggerHandler|true|false
15:48:53.669 (1902120619)|VARIABLE_ASSIGNMENT|[661]|this|{"newRecords":"0x3f5f61a7","newRecordsMap":"0x295f735a","oldRecords":"0x2a1bd9bb","oldRecordsMap":"0x13d421c1","handlerName":"OrderItemHandler","isTriggerExecuting":true,"triggerEvent":"0x8e381db"}|0x47ca2b95
15:48:53.669 (1902125739)|STATEMENT_EXECUTE|[661]
15:48:53.669 (1902131382)|STATEMENT_EXECUTE|[662]
15:48:53.669 (1902132587)|STATEMENT_EXECUTE|[665]
15:48:53.669 (1902138584)|METHOD_ENTRY|[665]|01pg80000019iSf|TriggerHandler.getHandlerName()
15:48:53.669 (1902141659)|VARIABLE_SCOPE_BEGIN|[680]|this|TriggerHandler|true|false
15:48:53.669 (1902150718)|VARIABLE_ASSIGNMENT|[680]|this|{"newRecords":"0x3f5f61a7","newRecordsMap":"0x295f735a","oldRecords":"0x2a1bd9bb","oldRecordsMap":"0x13d421c1","handlerName":"OrderItemHandler","isTriggerExecuting":true,"triggerEvent":"0x8e381db"}|0x47ca2b95
15:48:53.669 (1902155893)|STATEMENT_EXECUTE|[680]
15:48:53.669 (1902175653)|STATEMENT_EXECUTE|[681]
15:48:53.669 (1902176632)|STATEMENT_EXECUTE|[684]
15:48:53.669 (1902179403)|METHOD_EXIT|[665]|01pg80000019iSf|TriggerHandler.getHandlerName()
15:48:53.669 (1902196496)|METHOD_EXIT|[121]|01pg80000019iSf|TriggerHandler.validateRun()
15:48:53.669 (1902199478)|STATEMENT_EXECUTE|[121]
15:48:53.669 (1902202101)|METHOD_ENTRY|[126]|01pg80000019iSf|TriggerHandler.incrementCheckLoopCount()
15:48:53.669 (1902205688)|VARIABLE_SCOPE_BEGIN|[634]|this|TriggerHandler|true|false
15:48:53.669 (1902215253)|VARIABLE_ASSIGNMENT|[634]|this|{"newRecords":"0x3f5f61a7","newRecordsMap":"0x295f735a","oldRecords":"0x2a1bd9bb","oldRecordsMap":"0x13d421c1","handlerName":"OrderItemHandler","isTriggerExecuting":true,"triggerEvent":"0x8e381db"}|0x47ca2b95
15:48:53.669 (1902220902)|STATEMENT_EXECUTE|[634]
15:48:53.669 (1902221906)|STATEMENT_EXECUTE|[635]
15:48:53.669 (1902224173)|METHOD_ENTRY|[635]|01pg80000019iSf|TriggerHandler.getHandlerName()
15:48:53.669 (1902226410)|VARIABLE_SCOPE_BEGIN|[680]|this|TriggerHandler|true|false
15:48:53.669 (1902235089)|VARIABLE_ASSIGNMENT|[680]|this|{"newRecords":"0x3f5f61a7","newRecordsMap":"0x295f735a","oldRecords":"0x2a1bd9bb","oldRecordsMap":"0x13d421c1","handlerName":"OrderItemHandler","isTriggerExecuting":true,"triggerEvent":"0x8e381db"}|0x47ca2b95
15:48:53.669 (1902239343)|STATEMENT_EXECUTE|[680]
15:48:53.669 (1902246199)|STATEMENT_EXECUTE|[681]
15:48:53.669 (1902247168)|STATEMENT_EXECUTE|[684]
15:48:53.669 (1902248704)|METHOD_EXIT|[635]|01pg80000019iSf|TriggerHandler.getHandlerName()
15:48:53.669 (1902252164)|VARIABLE_SCOPE_BEGIN|[635]|handlerName|String|false|false
15:48:53.669 (1902258056)|VARIABLE_ASSIGNMENT|[635]|handlerName|"OrderItemHandler"
15:48:53.669 (1902269490)|STATEMENT_EXECUTE|[636]
15:48:53.669 (1902270553)|STATEMENT_EXECUTE|[649]
15:48:53.669 (1902272213)|METHOD_EXIT|[126]|01pg80000019iSf|TriggerHandler.incrementCheckLoopCount()
15:48:53.669 (1902274765)|STATEMENT_EXECUTE|[126]
15:48:53.669 (1902277022)|STATEMENT_EXECUTE|[130]
15:48:53.669 (1902277887)|STATEMENT_EXECUTE|[135]
15:48:53.669 (1902324448)|STATEMENT_EXECUTE|[139]
15:48:53.669 (1902325669)|STATEMENT_EXECUTE|[140]
15:48:53.669 (1902331212)|METHOD_ENTRY|[140]|01pg8000001EZwd|OrdemItemHandler.beforeUpdate()
15:48:53.669 (1902337200)|VARIABLE_SCOPE_BEGIN|[25]|this|OrdemItemHandler|true|false
15:48:53.669 (1902347680)|VARIABLE_ASSIGNMENT|[25]|this|{"newRecords":"0x3f5f61a7","newRecordsMap":"0x295f735a","oldRecords":"0x2a1bd9bb","oldRecordsMap":"0x13d421c1","handlerName":"OrderItemHandler","isTriggerExecuting":true,"triggerEvent":"0x8e381db"}|0x47ca2b95
15:48:53.669 (1902354826)|STATEMENT_EXECUTE|[25]
15:48:53.669 (1902386212)|STATEMENT_EXECUTE|[26]
15:48:53.669 (1902395956)|METHOD_ENTRY|[26]|01pg8000001EZwd|OrdemItemHandler.checkActiveOrderItem()
15:48:53.669 (1902415004)|VARIABLE_SCOPE_BEGIN|[176]|this|OrdemItemHandler|true|false
15:48:53.669 (1902425326)|VARIABLE_ASSIGNMENT|[176]|this|{"newRecords":"0x3f5f61a7","newRecordsMap":"0x295f735a","oldRecords":"0x2a1bd9bb","oldRecordsMap":"0x13d421c1","handlerName":"OrderItemHandler","isTriggerExecuting":true,"triggerEvent":"0x8e381db"}|0x47ca2b95
15:48:53.669 (1902430607)|STATEMENT_EXECUTE|[176]
15:48:53.669 (1902431780)|STATEMENT_EXECUTE|[177]
15:48:53.669 (1902434940)|VARIABLE_SCOPE_BEGIN|[177]|listaParaValidar|List<OrderItem>|true|false
15:48:53.669 (1902439988)|VARIABLE_ASSIGNMENT|[177]|listaParaValidar|null|
15:48:53.669 (1902442377)|STATEMENT_EXECUTE|[178]
15:48:53.669 (1902453429)|HEAP_ALLOCATE|[178]|Bytes:4
15:48:53.669 (1902465801)|VARIABLE_SCOPE_BEGIN|[178]|idOrders|Set<Id>|true|false
15:48:53.669 (1902496430)|VARIABLE_ASSIGNMENT|[178]|idOrders|[]|0x5d55454
15:48:53.669 (1902499407)|STATEMENT_EXECUTE|[179]
15:48:53.669 (1902507839)|HEAP_ALLOCATE|[179]|Bytes:4
15:48:53.669 (1902512358)|VARIABLE_SCOPE_BEGIN|[179]|idMapOrders|Map<Id,Order>|true|false
15:48:53.669 (1902520538)|VARIABLE_ASSIGNMENT|[179]|idMapOrders|{}|0x71779354
15:48:53.669 (1902528139)|STATEMENT_EXECUTE|[183]
15:48:53.669 (1902529244)|STATEMENT_EXECUTE|[184]
15:48:53.669 (1902978594)|VARIABLE_ASSIGNMENT|[184]|listaParaValidar|[{"LastModifiedDate":"2026-04-10T18:48:53.000Z","DiscountPercentage__c":0.999737108801465881323026245742806,"DiscountValue__c":380285.50,"FinalPrice__c":380385.50,"ListPrice":1000.00,"AvailableQuantity":1.00,"PriceWithoutMargin__c":330770.00,"FreightValue__c":700.00,"CreatedById":"005g80000010N45AAE","MarginPercentage__c":15.00,"Product_Code_Display__c":"TRT 7","IsDeleted":false,"Quantity":10.00,"TaxPercentage__c":10.00,"OrderId":"801g8000009VivjAAC","OrderItemNumber":"0000100113","SystemModstamp":"2026-04-10T18:48:53.000Z","UnitPrice":100.00,"Product2Id":"01tg8000001RQyjAAG","ProductionCost__c":300000.00,"PricebookEntryId":"01ug8000000gTiLAAU","TotalPrice":1000.00,"CreatedDate":"2026-04-10T18:48:53.000Z","Id":"802g8000002mQYbAAM","LastModifiedById":"005g80000010N45AAE"}]|0x3f5f61a7
15:48:53.669 (1903014875)|HEAP_ALLOCATE|[187]|Bytes:5
15:48:53.669 (1903033236)|HEAP_ALLOCATE|[187]|Bytes:4
15:48:53.669 (1903042107)|VARIABLE_SCOPE_BEGIN|[187]|ot|OrderItem|true|false
15:48:53.669 (1903550756)|VARIABLE_ASSIGNMENT|[187]|ot|{"LastModifiedDate":"2026-04-10T18:48:53.000Z","DiscountPercentage__c":0.999737108801465881323026245742806,"DiscountValue__c":380285.50,"FinalPrice__c":380385.50,"ListPrice":1000.00,"AvailableQuantity":1.00,"PriceWithoutMargin__c":330770.00,"FreightValue__c":700.00,"CreatedById":"005g80000010N45AAE","MarginPercentage__c":15.00,"Product_Code_Display__c":"TRT 7","IsDeleted":false,"Quantity":10.00,"TaxPercentage__c":10.00,"OrderId":"801g8000009VivjAAC","OrderItemNumber":"0000100113","SystemModstamp":"2026-04-10T18:48:53.000Z","UnitPrice":100.00,"Product2Id":"01tg8000001RQyjAAG","ProductionCost__c":300000.00,"PricebookEntryId":"01ug8000000gTiLAAU","TotalPrice":1000.00,"CreatedDate":"2026-04-10T18:48:53.000Z","Id":"802g8000002mQYbAAM","LastModifiedById":"005g80000010N45AAE"}|0x431f7e92
15:48:53.669 (1903566499)|STATEMENT_EXECUTE|[187]
15:48:53.669 (1903569141)|STATEMENT_EXECUTE|[188]
15:48:53.669 (1903595358)|HEAP_ALLOCATE|[EXTERNAL]|Bytes:4
15:48:53.669 (1903612441)|HEAP_ALLOCATE|[187]|Bytes:5
15:48:53.669 (1903624448)|VARIABLE_ASSIGNMENT|[187]|ot|null|
15:48:53.669 (1903629980)|STATEMENT_EXECUTE|[191]
15:48:53.669 (1903637771)|METHOD_ENTRY|[191]|01pg8000001w1Md|OrderSelector.getOrdersByIds(Set<Id>)
15:48:53.669 (1903644632)|VARIABLE_SCOPE_BEGIN|[2]|ids|Set<Id>|true|false
15:48:53.669 (1903656897)|VARIABLE_ASSIGNMENT|[2]|ids|["801g8000009VivjAAC"]|0x5d55454
15:48:53.669 (1903667101)|STATEMENT_EXECUTE|[2]
15:48:53.669 (1903668490)|STATEMENT_EXECUTE|[3]
15:48:53.669 (1903680134)|HEAP_ALLOCATE|[3]|Bytes:4
15:48:53.669 (1903689392)|HEAP_ALLOCATE|[3]|Bytes:4
15:48:53.669 (1904332670)|SOQL_EXECUTE_BEGIN|[3]|Aggregations:0|SELECT Id, DistributionCenter__c, State__c, City__c, Country__c, AccountId, Status FROM Order WHERE Id = :tmpVar1
15:48:53.669 (1908636832)|SOQL_EXECUTE_END|[3]|Rows:1
15:48:53.669 (1908664492)|HEAP_ALLOCATE|[3]|Bytes:8
15:48:53.669 (1908684945)|HEAP_ALLOCATE|[3]|Bytes:213
15:48:53.669 (1908718112)|HEAP_ALLOCATE|[3]|Bytes:8
15:48:53.669 (1908740837)|HEAP_ALLOCATE|[3]|Bytes:32
15:48:53.669 (1908759872)|HEAP_ALLOCATE|[3]|Bytes:4
15:48:53.669 (1908772386)|METHOD_EXIT|[191]|01pg8000001w1Md|OrderSelector.getOrdersByIds(Set<Id>)
15:48:53.669 (1908883332)|VARIABLE_ASSIGNMENT|[191]|idMapOrders|{"801g8000009VivjAAC":{"Status":"Activated","City__c":"a05g8000002BgdtAAC","Country__c":"a03g80000084tcUAAQ","AccountId":"001g8000009VivhAAC","DistributionCenter__c":"a06g8000001gZKDAA2","Id":"801g8000009VivjAAC","State__c":"a04g8000000b5VNAAY"}}|0x7aed175
15:48:53.669 (1908915021)|HEAP_ALLOCATE|[193]|Bytes:5
15:48:53.669 (1908929641)|HEAP_ALLOCATE|[193]|Bytes:4
15:48:53.669 (1908937416)|VARIABLE_SCOPE_BEGIN|[193]|ot|OrderItem|true|false
15:48:53.669 (1909521874)|VARIABLE_ASSIGNMENT|[193]|ot|{"LastModifiedDate":"2026-04-10T18:48:53.000Z","DiscountPercentage__c":0.999737108801465881323026245742806,"DiscountValue__c":380285.50,"FinalPrice__c":380385.50,"ListPrice":1000.00,"AvailableQuantity":1.00,"PriceWithoutMargin__c":330770.00,"FreightValue__c":700.00,"CreatedById":"005g80000010N45AAE","MarginPercentage__c":15.00,"Product_Code_Display__c":"TRT 7","IsDeleted":false,"Quantity":10.00,"TaxPercentage__c":10.00,"OrderId":"801g8000009VivjAAC","OrderItemNumber":"0000100113","SystemModstamp":"2026-04-10T18:48:53.000Z","UnitPrice":100.00,"Product2Id":"01tg8000001RQyjAAG","ProductionCost__c":300000.00,"PricebookEntryId":"01ug8000000gTiLAAU","TotalPrice":1000.00,"CreatedDate":"2026-04-10T18:48:53.000Z","Id":"802g8000002mQYbAAM","LastModifiedById":"005g80000010N45AAE"}|0x431f7e92
15:48:53.669 (1909537715)|STATEMENT_EXECUTE|[193]
15:48:53.669 (1909539272)|STATEMENT_EXECUTE|[194]
15:48:53.669 (1909568153)|VARIABLE_SCOPE_BEGIN|[194]|pedido|Order|true|false
15:48:53.669 (1909625936)|VARIABLE_ASSIGNMENT|[194]|pedido|{"Status":"Activated","City__c":"a05g8000002BgdtAAC","Country__c":"a03g80000084tcUAAQ","AccountId":"001g8000009VivhAAC","DistributionCenter__c":"a06g8000001gZKDAA2","Id":"801g8000009VivjAAC","State__c":"a04g8000000b5VNAAY"}|0x64253463
15:48:53.669 (1909656191)|STATEMENT_EXECUTE|[195]
15:48:53.669 (1909657272)|STATEMENT_EXECUTE|[196]
15:48:53.669 (1909660521)|HEAP_ALLOCATE|[196]|Bytes:86
15:48:53.669 (1909806102)|VF_PAGE_MESSAGE|Não é possivel fazer qualquer alteração dos ITENS após o pedido ser marcado como Ativo
15:48:53.669 (1909826975)|HEAP_ALLOCATE|[193]|Bytes:5
15:48:53.669 (1909835143)|VARIABLE_ASSIGNMENT|[193]|ot|null|
15:48:53.669 (1909842648)|METHOD_EXIT|[26]|01pg8000001EZwd|OrdemItemHandler.checkActiveOrderItem()
15:48:53.669 (1909847612)|STATEMENT_EXECUTE|[27]
15:48:53.669 (1909856095)|METHOD_ENTRY|[27]|01pg8000001EZwd|OrdemItemHandler.executePricingLogic()
15:48:53.669 (1909866335)|VARIABLE_SCOPE_BEGIN|[35]|this|OrdemItemHandler|true|false
15:48:53.669 (1909900579)|VARIABLE_ASSIGNMENT|[35]|this|{"newRecords":"0x3f5f61a7","newRecordsMap":"0x295f735a","oldRecords":"0x2a1bd9bb","oldRecordsMap":"0x13d421c1","handlerName":"OrderItemHandler","isTriggerExecuting":true,"triggerEvent":"0x8e381db"}|0x47ca2b95
15:48:53.669 (1909911123)|STATEMENT_EXECUTE|[35]
15:48:53.669 (1909912320)|STATEMENT_EXECUTE|[37]
15:48:53.669 (1909923536)|HEAP_ALLOCATE|[37]|Bytes:4
15:48:53.669 (1909935726)|VARIABLE_SCOPE_BEGIN|[37]|setOrderIds|Set<Id>|true|false
15:48:53.669 (1909958518)|VARIABLE_ASSIGNMENT|[37]|setOrderIds|[]|0x6eb71c8f
15:48:53.669 (1909961892)|STATEMENT_EXECUTE|[38]
15:48:53.669 (1909964620)|HEAP_ALLOCATE|[38]|Bytes:4
15:48:53.669 (1909969756)|VARIABLE_SCOPE_BEGIN|[38]|setProductIds|Set<Id>|true|false
15:48:53.669 (1909976471)|VARIABLE_ASSIGNMENT|[38]|setProductIds|[]|0x1f634d55
15:48:53.669 (1909979247)|STATEMENT_EXECUTE|[39]
15:48:53.669 (1909981309)|HEAP_ALLOCATE|[39]|Bytes:4
15:48:53.669 (1909986215)|VARIABLE_SCOPE_BEGIN|[39]|setAccountIds|Set<Id>|true|false
15:48:53.669 (1909992119)|VARIABLE_ASSIGNMENT|[39]|setAccountIds|[]|0x52a8f4f6
15:48:53.669 (1909994788)|STATEMENT_EXECUTE|[42]
15:48:53.669 (1910005764)|HEAP_ALLOCATE|[42]|Bytes:4
15:48:53.669 (1910010957)|VARIABLE_SCOPE_BEGIN|[42]|itemsByOrderId|Map<Id,List<OrderItem>>|true|false
15:48:53.669 (1910019382)|VARIABLE_ASSIGNMENT|[42]|itemsByOrderId|{}|0x7634fc5b
15:48:53.669 (1910033196)|HEAP_ALLOCATE|[45]|Bytes:5
15:48:53.669 (1910042441)|HEAP_ALLOCATE|[45]|Bytes:4
15:48:53.669 (1910046805)|VARIABLE_SCOPE_BEGIN|[45]|item|OrderItem|true|false
15:48:53.669 (1910492842)|VARIABLE_ASSIGNMENT|[45]|item|{"LastModifiedDate":"2026-04-10T18:48:53.000Z","DiscountPercentage__c":0.999737108801465881323026245742806,"DiscountValue__c":380285.50,"FinalPrice__c":380385.50,"ListPrice":1000.00,"AvailableQuantity":1.00,"PriceWithoutMargin__c":330770.00,"FreightValue__c":700.00,"CreatedById":"005g80000010N45AAE","MarginPercentage__c":15.00,"Product_Code_Display__c":"TRT 7","IsDeleted":false,"Quantity":10.00,"TaxPercentage__c":10.00,"OrderId":"801g8000009VivjAAC","OrderItemNumber":"0000100113","SystemModstamp":"2026-04-10T18:48:53.000Z","UnitPrice":100.00,"Product2Id":"01tg8000001RQyjAAG","ProductionCost__c":300000.00,"PricebookEntryId":"01ug8000000gTiLAAU","TotalPrice":1000.00,"CreatedDate":"2026-04-10T18:48:53.000Z","Id":"802g8000002mQYbAAM","LastModifiedById":"005g80000010N45AAE"}|0x431f7e92
15:48:53.669 (1910532324)|STATEMENT_EXECUTE|[45]
15:48:53.669 (1910539484)|STATEMENT_EXECUTE|[46]
15:48:53.669 (1910540679)|STATEMENT_EXECUTE|[47]
15:48:53.669 (1910549404)|HEAP_ALLOCATE|[EXTERNAL]|Bytes:4
15:48:53.669 (1910565425)|STATEMENT_EXECUTE|[49]
15:48:53.669 (1910573536)|HEAP_ALLOCATE|[49]|Bytes:4
15:48:53.669 (1910584940)|HEAP_ALLOCATE|[EXTERNAL]|Bytes:4
15:48:53.669 (1910588226)|HEAP_ALLOCATE|[EXTERNAL]|Bytes:-4
15:48:53.669 (1910591450)|STATEMENT_EXECUTE|[50]
15:48:53.669 (1910615755)|HEAP_ALLOCATE|[EXTERNAL]|Bytes:4
15:48:53.669 (1910622050)|STATEMENT_EXECUTE|[52]
15:48:53.669 (1910625809)|HEAP_ALLOCATE|[EXTERNAL]|Bytes:4
15:48:53.669 (1910633987)|HEAP_ALLOCATE|[45]|Bytes:5
15:48:53.669 (1910640652)|VARIABLE_ASSIGNMENT|[45]|item|null|
15:48:53.669 (1910643854)|STATEMENT_EXECUTE|[56]
15:48:53.669 (1910649440)|METHOD_ENTRY|[56]|01pg8000001w1Md|OrderSelector.getOrdersByIds(Set<Id>)
15:48:53.669 (1910654001)|VARIABLE_SCOPE_BEGIN|[2]|ids|Set<Id>|true|false
15:48:53.669 (1910662130)|VARIABLE_ASSIGNMENT|[2]|ids|["801g8000009VivjAAC"]|0x6eb71c8f
15:48:53.669 (1910668561)|STATEMENT_EXECUTE|[2]
15:48:53.669 (1910669525)|STATEMENT_EXECUTE|[3]
15:48:53.669 (1910675339)|HEAP_ALLOCATE|[3]|Bytes:4
15:48:53.669 (1910681384)|HEAP_ALLOCATE|[3]|Bytes:4
15:48:53.669 (1911107763)|SOQL_EXECUTE_BEGIN|[3]|Aggregations:0|SELECT Id, DistributionCenter__c, State__c, City__c, Country__c, AccountId, Status FROM Order WHERE Id = :tmpVar1
15:48:53.669 (1914266258)|SOQL_EXECUTE_END|[3]|Rows:1
15:48:53.669 (1914290797)|HEAP_ALLOCATE|[3]|Bytes:8
15:48:53.669 (1914307939)|HEAP_ALLOCATE|[3]|Bytes:213
15:48:53.669 (1914339083)|HEAP_ALLOCATE|[3]|Bytes:8
15:48:53.669 (1914358874)|HEAP_ALLOCATE|[3]|Bytes:32
15:48:53.669 (1914375715)|HEAP_ALLOCATE|[3]|Bytes:4
15:48:53.669 (1914386967)|METHOD_EXIT|[56]|01pg8000001w1Md|OrderSelector.getOrdersByIds(Set<Id>)
15:48:53.669 (1914393837)|VARIABLE_SCOPE_BEGIN|[56]|mapOrders|Map<Id,Order>|true|false
15:48:53.669 (1914486785)|VARIABLE_ASSIGNMENT|[56]|mapOrders|{"801g8000009VivjAAC":{"Status":"Activated","City__c":"a05g8000002BgdtAAC","Country__c":"a03g80000084tcUAAQ","AccountId":"001g8000009VivhAAC","DistributionCenter__c":"a06g8000001gZKDAA2","Id":"801g8000009VivjAAC","State__c":"a04g8000000b5VNAAY"}}|0xbf3f06d
15:48:53.669 (1914504064)|HEAP_ALLOCATE|[EXTERNAL]|Bytes:8
15:48:53.669 (1914511638)|HEAP_ALLOCATE|[58]|Bytes:220
15:48:53.669 (1914535736)|HEAP_ALLOCATE|[58]|Bytes:5
15:48:53.669 (1914544424)|HEAP_ALLOCATE|[58]|Bytes:32
15:48:53.669 (1914550304)|VARIABLE_SCOPE_BEGIN|[58]|o|Order|true|false
15:48:53.669 (1914582236)|VARIABLE_ASSIGNMENT|[58]|o|{"Status":"Activated","City__c":"a05g8000002BgdtAAC","Country__c":"a03g80000084tcUAAQ","AccountId":"001g8000009VivhAAC","DistributionCenter__c":"a06g8000001gZKDAA2","Id":"801g8000009VivjAAC","State__c":"a04g8000000b5VNAAY"}|0x4cbc60cd
15:48:53.669 (1914590542)|STATEMENT_EXECUTE|[58]
15:48:53.669 (1914607820)|HEAP_ALLOCATE|[EXTERNAL]|Bytes:4
15:48:53.669 (1914615667)|HEAP_ALLOCATE|[58]|Bytes:5
15:48:53.669 (1914622151)|VARIABLE_ASSIGNMENT|[58]|o|null|
15:48:53.669 (1914625761)|STATEMENT_EXECUTE|[60]
15:48:53.669 (1914631257)|METHOD_ENTRY|[60]|01pg8000001w1MX|AccountSelector.getAccountByIds(Set<Id>)
15:48:53.669 (1914636735)|VARIABLE_SCOPE_BEGIN|[2]|ids|Set<Id>|true|false
15:48:53.669 (1914645807)|VARIABLE_ASSIGNMENT|[2]|ids|["001g8000009VivhAAC"]|0x52a8f4f6
15:48:53.669 (1914653954)|STATEMENT_EXECUTE|[2]
15:48:53.669 (1914655032)|STATEMENT_EXECUTE|[3]
15:48:53.669 (1914663285)|HEAP_ALLOCATE|[3]|Bytes:4
15:48:53.669 (1914669999)|HEAP_ALLOCATE|[3]|Bytes:4
15:48:53.669 (1914978420)|SOQL_EXECUTE_BEGIN|[3]|Aggregations:0|SELECT Id, AccountGroup__c FROM Account WHERE Id = :tmpVar1
15:48:53.669 (1917993556)|SOQL_EXECUTE_END|[3]|Rows:1
15:48:53.669 (1918016282)|HEAP_ALLOCATE|[3]|Bytes:8
15:48:53.669 (1918034028)|HEAP_ALLOCATE|[3]|Bytes:66
15:48:53.669 (1918066360)|HEAP_ALLOCATE|[3]|Bytes:8
15:48:53.669 (1918084362)|HEAP_ALLOCATE|[3]|Bytes:12
15:48:53.669 (1918100815)|HEAP_ALLOCATE|[3]|Bytes:4
15:48:53.669 (1918112110)|METHOD_EXIT|[60]|01pg8000001w1MX|AccountSelector.getAccountByIds(Set<Id>)
15:48:53.669 (1918119097)|VARIABLE_SCOPE_BEGIN|[60]|mapAccounts|Map<Id,Account>|true|false
15:48:53.669 (1918186389)|VARIABLE_ASSIGNMENT|[60]|mapAccounts|{"001g8000009VivhAAC":{"AccountGroup__c":"a02g8000002mQYXAA2","Id":"001g8000009VivhAAC"}}|0x6ed69e6c
15:48:53.669 (1918193649)|STATEMENT_EXECUTE|[62]
15:48:53.669 (1918201159)|METHOD_ENTRY|[62]|01pg8000001w1Mf|ProductSelector.getProductByIds(Set<Id>)
15:48:53.669 (1918206614)|VARIABLE_SCOPE_BEGIN|[2]|ids|Set<Id>|true|false
15:48:53.669 (1918216784)|VARIABLE_ASSIGNMENT|[2]|ids|["01tg8000001RQyjAAG"]|0x1f634d55
15:48:53.669 (1918225284)|STATEMENT_EXECUTE|[2]
15:48:53.669 (1918226230)|STATEMENT_EXECUTE|[3]
15:48:53.669 (1918235854)|HEAP_ALLOCATE|[3]|Bytes:4
15:48:53.669 (1918242200)|HEAP_ALLOCATE|[3]|Bytes:4
15:48:53.669 (1918511965)|SOQL_EXECUTE_BEGIN|[3]|Aggregations:0|SELECT Id, ProductionCost__c, ProductHierarchy__c FROM Product2 WHERE Id = :tmpVar1
15:48:53.669 (1920947841)|SOQL_EXECUTE_END|[3]|Rows:1
15:48:53.669 (1920970145)|HEAP_ALLOCATE|[3]|Bytes:8
15:48:53.669 (1920988735)|HEAP_ALLOCATE|[3]|Bytes:127
15:48:53.669 (1921019679)|HEAP_ALLOCATE|[3]|Bytes:8
15:48:53.669 (1921037010)|HEAP_ALLOCATE|[3]|Bytes:16
15:48:53.669 (1921052725)|HEAP_ALLOCATE|[3]|Bytes:4
15:48:53.669 (1921063810)|METHOD_EXIT|[62]|01pg8000001w1Mf|ProductSelector.getProductByIds(Set<Id>)
15:48:53.669 (1921069973)|VARIABLE_SCOPE_BEGIN|[62]|mapProducts|Map<Id,Product2>|true|false
15:48:53.669 (1921143632)|VARIABLE_ASSIGNMENT|[62]|mapProducts|{"01tg8000001RQyjAAG":{"ProductionCost__c":300000.00,"ProductHierarchy__c":"a01g8000009ViviAAC","Id":"01tg8000001RQyjAAG"}}|0x71dd7935
15:48:53.669 (1921151407)|STATEMENT_EXECUTE|[65]
15:48:53.669 (1921158705)|METHOD_ENTRY|[65]|01pg8000001w1MZ|MargemSelector.getMargemApproved()
15:48:53.669 (1921168722)|STATEMENT_EXECUTE|[2]
15:48:53.669 (1921169726)|STATEMENT_EXECUTE|[3]
15:48:53.669 (1921178082)|HEAP_ALLOCATE|[3]|Bytes:4
15:48:53.669 (1921487701)|SOQL_EXECUTE_BEGIN|[3]|Aggregations:0|SELECT Product__c, ProductHierarchy__c, Account__c, AccountGroup__c, City__c, State__c, Country__c, MarginValuePercent__c FROM Margem__c WHERE Status__c = 'Approved'
15:48:53.669 (1924025486)|SOQL_EXECUTE_END|[3]|Rows:1
15:48:53.669 (1924047688)|HEAP_ALLOCATE|[3]|Bytes:8
15:48:53.669 (1924068461)|HEAP_ALLOCATE|[3]|Bytes:184
15:48:53.669 (1924100323)|HEAP_ALLOCATE|[3]|Bytes:8
15:48:53.669 (1924115118)|METHOD_EXIT|[65]|01pg8000001w1MZ|MargemSelector.getMargemApproved()
15:48:53.669 (1924121733)|VARIABLE_SCOPE_BEGIN|[65]|listMargins|List<Margem__c>|true|false
15:48:53.669 (1924205198)|VARIABLE_ASSIGNMENT|[65]|listMargins|[{"Account__c":"001g8000009VivhAAC","Product__c":"01tg8000001RQyjAAG","Id":"a00g800000PiDJ6AAN","State__c":"a04g8000000b5VNAAY","MarginValuePercent__c":15.00}]|0x38ff8446
15:48:53.669 (1924213800)|STATEMENT_EXECUTE|[68]
15:48:53.669 (1924223523)|HEAP_ALLOCATE|[68]|Bytes:4
15:48:53.669 (1924230218)|VARIABLE_SCOPE_BEGIN|[68]|mapMargin|Map<String,Margem__c>|true|false
15:48:53.669 (1924240004)|VARIABLE_ASSIGNMENT|[68]|mapMargin|{}|0x7b804473
15:48:53.669 (1924270490)|HEAP_ALLOCATE|[69]|Bytes:5
15:48:53.669 (1924282930)|HEAP_ALLOCATE|[69]|Bytes:24
15:48:53.669 (1924289083)|VARIABLE_SCOPE_BEGIN|[69]|m|Margem__c|true|false
15:48:53.669 (1924315072)|VARIABLE_ASSIGNMENT|[69]|m|{"Account__c":"001g8000009VivhAAC","Product__c":"01tg8000001RQyjAAG","Id":"a00g800000PiDJ6AAN","State__c":"a04g8000000b5VNAAY","MarginValuePercent__c":15.00}|0x42ceab10
15:48:53.669 (1924320273)|STATEMENT_EXECUTE|[69]
15:48:53.669 (1924321807)|STATEMENT_EXECUTE|[70]
15:48:53.669 (1924352143)|HEAP_ALLOCATE|[70]|Bytes:18
15:48:53.669 (1924359114)|VARIABLE_SCOPE_BEGIN|[70]|p|String|false|false
15:48:53.669 (1924364598)|VARIABLE_ASSIGNMENT|[70]|p|"01tg8000001RQyjAAG"
15:48:53.669 (1924367278)|STATEMENT_EXECUTE|[71]
15:48:53.669 (1924374032)|HEAP_ALLOCATE|[71]|Bytes:18
15:48:53.669 (1924378468)|VARIABLE_SCOPE_BEGIN|[71]|a|String|false|false
15:48:53.669 (1924383125)|VARIABLE_ASSIGNMENT|[71]|a|"001g8000009VivhAAC"
15:48:53.669 (1924385382)|STATEMENT_EXECUTE|[72]
15:48:53.669 (1924394049)|HEAP_ALLOCATE|[72]|Bytes:18
15:48:53.669 (1924398174)|VARIABLE_SCOPE_BEGIN|[72]|l|String|false|false
15:48:53.669 (1924402579)|VARIABLE_ASSIGNMENT|[72]|l|"a04g8000000b5VNAAY"
15:48:53.669 (1924404886)|STATEMENT_EXECUTE|[75]
15:48:53.669 (1924412489)|HEAP_ALLOCATE|[75]|Bytes:56
15:48:53.669 (1924414612)|VARIABLE_SCOPE_BEGIN|[75]|compositeKey|String|false|false
15:48:53.669 (1924420239)|VARIABLE_ASSIGNMENT|[75]|compositeKey|"01tg8000001RQyjAAG_0 (36 more) ..."
15:48:53.669 (1924422562)|STATEMENT_EXECUTE|[76]
15:48:53.669 (1924431142)|HEAP_ALLOCATE|[EXTERNAL]|Bytes:-4
15:48:53.669 (1924435803)|STATEMENT_EXECUTE|[77]
15:48:53.669 (1924440380)|HEAP_ALLOCATE|[77]|Bytes:84
15:48:53.669 (1924453491)|USER_DEBUG|[77]|DEBUG|MAPA MARGEM - Chave Gerada: 01tg8000001RQyjAAG_001g8000009VivhAAC_a04g8000000b5VNAAY
15:48:53.669 (1924461478)|HEAP_ALLOCATE|[69]|Bytes:5
15:48:53.669 (1924500316)|VARIABLE_ASSIGNMENT|[69]|m|null|
15:48:53.669 (1924504352)|STATEMENT_EXECUTE|[81]
15:48:53.669 (1924510267)|METHOD_ENTRY|[81]|01pg8000001w1Mg|TaxSelector.getTaxApproved()
15:48:53.669 (1924519102)|STATEMENT_EXECUTE|[2]
15:48:53.669 (1924520124)|STATEMENT_EXECUTE|[3]
15:48:53.669 (1924526041)|HEAP_ALLOCATE|[3]|Bytes:4
15:48:53.669 (1924799899)|SOQL_EXECUTE_BEGIN|[3]|Aggregations:0|SELECT Product__c, State__c, DistributionCenter__c, TaxRate__c FROM Tax__c WHERE Status__c = 'Approved'
15:48:53.669 (1927241352)|SOQL_EXECUTE_END|[3]|Rows:1
15:48:53.669 (1927262940)|HEAP_ALLOCATE|[3]|Bytes:8
15:48:53.669 (1927283881)|HEAP_ALLOCATE|[3]|Bytes:184
15:48:53.669 (1927315970)|HEAP_ALLOCATE|[3]|Bytes:8
15:48:53.669 (1927330115)|METHOD_EXIT|[81]|01pg8000001w1Mg|TaxSelector.getTaxApproved()
15:48:53.669 (1927336353)|VARIABLE_SCOPE_BEGIN|[81]|listTaxes|List<Tax__c>|true|false
15:48:53.669 (1927413919)|VARIABLE_ASSIGNMENT|[81]|listTaxes|[{"DistributionCenter__c":"a06g8000001gZKDAA2","Product__c":"01tg8000001RQyjAAG","TaxRate__c":10.00,"Id":"a09g8000002D2vhAAC","State__c":"a04g8000000b5VNAAY"}]|0x1f0f1a1c
15:48:53.669 (1927421771)|STATEMENT_EXECUTE|[83]
15:48:53.669 (1927431228)|HEAP_ALLOCATE|[83]|Bytes:4
15:48:53.669 (1927437577)|VARIABLE_SCOPE_BEGIN|[83]|mapTaxByCompositeKey|Map<String,Tax__c>|true|false
15:48:53.669 (1927447317)|VARIABLE_ASSIGNMENT|[83]|mapTaxByCompositeKey|{}|0x25075d7a
15:48:53.669 (1927473939)|HEAP_ALLOCATE|[84]|Bytes:5
15:48:53.669 (1927485595)|HEAP_ALLOCATE|[84]|Bytes:24
15:48:53.669 (1927491099)|VARIABLE_SCOPE_BEGIN|[84]|t|Tax__c|true|false
15:48:53.669 (1927515734)|VARIABLE_ASSIGNMENT|[84]|t|{"DistributionCenter__c":"a06g8000001gZKDAA2","Product__c":"01tg8000001RQyjAAG","TaxRate__c":10.00,"Id":"a09g8000002D2vhAAC","State__c":"a04g8000000b5VNAAY"}|0x56492a8c
15:48:53.669 (1927520826)|STATEMENT_EXECUTE|[84]
15:48:53.669 (1927521954)|STATEMENT_EXECUTE|[85]
15:48:53.669 (1927546158)|HEAP_ALLOCATE|[85]|Bytes:18
15:48:53.669 (1927556301)|HEAP_ALLOCATE|[86]|Bytes:18
15:48:53.669 (1927564764)|HEAP_ALLOCATE|[87]|Bytes:18
15:48:53.669 (1927572955)|HEAP_ALLOCATE|[85]|Bytes:54
15:48:53.669 (1927575991)|VARIABLE_SCOPE_BEGIN|[85]|key|String|false|false
15:48:53.669 (1927582528)|VARIABLE_ASSIGNMENT|[85]|key|"01tg8000001RQyjAAGa0 (34 more) ..."
15:48:53.669 (1927585424)|STATEMENT_EXECUTE|[88]
15:48:53.669 (1927592099)|HEAP_ALLOCATE|[EXTERNAL]|Bytes:-4
15:48:53.669 (1927599726)|HEAP_ALLOCATE|[84]|Bytes:5
15:48:53.669 (1927605378)|VARIABLE_ASSIGNMENT|[84]|t|null|
15:48:53.669 (1927609154)|STATEMENT_EXECUTE|[92]
15:48:53.669 (1927614273)|METHOD_ENTRY|[92]|01pg8000001w1MY|FreightSelector.getFreightApproved()
15:48:53.669 (1927623075)|STATEMENT_EXECUTE|[2]
15:48:53.669 (1927624133)|STATEMENT_EXECUTE|[3]
15:48:53.669 (1927630274)|HEAP_ALLOCATE|[3]|Bytes:4
15:48:53.669 (1928030369)|SOQL_EXECUTE_BEGIN|[3]|Aggregations:0|SELECT Product__c, City__c, State__c, Country__c, DistributionCenter__c, FreightValue__c, ProductHierarchy__c FROM Freight__c WHERE Status__c = 'Approved'
15:48:53.669 (1930564942)|SOQL_EXECUTE_END|[3]|Rows:1
15:48:53.669 (1930586117)|HEAP_ALLOCATE|[3]|Bytes:8
15:48:53.669 (1930606618)|HEAP_ALLOCATE|[3]|Bytes:189
15:48:53.669 (1930637368)|HEAP_ALLOCATE|[3]|Bytes:8
15:48:53.669 (1930651567)|METHOD_EXIT|[92]|01pg8000001w1MY|FreightSelector.getFreightApproved()
15:48:53.669 (1930657972)|VARIABLE_SCOPE_BEGIN|[92]|listFreights|List<Freight__c>|true|false
15:48:53.669 (1930775886)|VARIABLE_ASSIGNMENT|[92]|listFreights|[{"DistributionCenter__c":"a06g8000001gZKDAA2","Product__c":"01tg8000001RQyjAAG","Id":"a0Ag8000000gGrZEAU","State__c":"a04g8000000b5VNAAY","FreightValue__c":700.00}]|0x743eebbd
15:48:53.669 (1930784965)|STATEMENT_EXECUTE|[94]
15:48:53.669 (1930794631)|HEAP_ALLOCATE|[94]|Bytes:4
15:48:53.669 (1930801581)|VARIABLE_SCOPE_BEGIN|[94]|mapFreight|Map<String,Freight__c>|true|false
15:48:53.669 (1930811407)|VARIABLE_ASSIGNMENT|[94]|mapFreight|{}|0x49790b5
15:48:53.669 (1930837535)|HEAP_ALLOCATE|[95]|Bytes:5
15:48:53.669 (1930849223)|HEAP_ALLOCATE|[95]|Bytes:24
15:48:53.669 (1930855418)|VARIABLE_SCOPE_BEGIN|[95]|f|Freight__c|true|false
15:48:53.669 (1930883590)|VARIABLE_ASSIGNMENT|[95]|f|{"DistributionCenter__c":"a06g8000001gZKDAA2","Product__c":"01tg8000001RQyjAAG","Id":"a0Ag8000000gGrZEAU","State__c":"a04g8000000b5VNAAY","FreightValue__c":700.00}|0xd666305
15:48:53.669 (1930888559)|STATEMENT_EXECUTE|[95]
15:48:53.669 (1930889947)|STATEMENT_EXECUTE|[96]
15:48:53.669 (1930914490)|HEAP_ALLOCATE|[96]|Bytes:18
15:48:53.669 (1930920953)|VARIABLE_SCOPE_BEGIN|[96]|quem|String|false|false
15:48:53.669 (1930926178)|VARIABLE_ASSIGNMENT|[96]|quem|"01tg8000001RQyjAAG"
15:48:53.669 (1930928907)|STATEMENT_EXECUTE|[97]
15:48:53.669 (1930937835)|HEAP_ALLOCATE|[97]|Bytes:18
15:48:53.669 (1930942443)|VARIABLE_SCOPE_BEGIN|[97]|onde|String|false|false
15:48:53.669 (1930946629)|VARIABLE_ASSIGNMENT|[97]|onde|"a04g8000000b5VNAAY"
15:48:53.669 (1930948827)|STATEMENT_EXECUTE|[99]
15:48:53.669 (1930954076)|HEAP_ALLOCATE|[99]|Bytes:37
15:48:53.669 (1930956280)|VARIABLE_SCOPE_BEGIN|[99]|key|String|false|false
15:48:53.669 (1930961832)|VARIABLE_ASSIGNMENT|[99]|key|"01tg8000001RQyjAAG_a (17 more) ..."
15:48:53.669 (1930964126)|STATEMENT_EXECUTE|[101]
15:48:53.669 (1930971437)|HEAP_ALLOCATE|[EXTERNAL]|Bytes:-4
15:48:53.669 (1930975520)|STATEMENT_EXECUTE|[102]
15:48:53.669 (1930979468)|HEAP_ALLOCATE|[102]|Bytes:64
15:48:53.669 (1930990458)|USER_DEBUG|[102]|DEBUG|MAPA FRETE - Chave Gerada: 01tg8000001RQyjAAG_a04g8000000b5VNAAY
15:48:53.669 (1930998310)|HEAP_ALLOCATE|[95]|Bytes:5
15:48:53.669 (1931004257)|VARIABLE_ASSIGNMENT|[95]|f|null|
15:48:53.669 (1931019000)|HEAP_ALLOCATE|[106]|Bytes:5
15:48:53.669 (1931030324)|HEAP_ALLOCATE|[106]|Bytes:4
15:48:53.669 (1931033774)|VARIABLE_SCOPE_BEGIN|[106]|item|OrderItem|true|false
15:48:53.669 (1931615178)|VARIABLE_ASSIGNMENT|[106]|item|{"LastModifiedDate":"2026-04-10T18:48:53.000Z","DiscountPercentage__c":0.999737108801465881323026245742806,"DiscountValue__c":380285.50,"FinalPrice__c":380385.50,"ListPrice":1000.00,"AvailableQuantity":1.00,"PriceWithoutMargin__c":330770.00,"FreightValue__c":700.00,"CreatedById":"005g80000010N45AAE","MarginPercentage__c":15.00,"Product_Code_Display__c":"TRT 7","IsDeleted":false,"Quantity":10.00,"TaxPercentage__c":10.00,"OrderId":"801g8000009VivjAAC","OrderItemNumber":"0000100113","SystemModstamp":"2026-04-10T18:48:53.000Z","UnitPrice":100.00,"Product2Id":"01tg8000001RQyjAAG","ProductionCost__c":300000.00,"PricebookEntryId":"01ug8000000gTiLAAU","TotalPrice":1000.00,"CreatedDate":"2026-04-10T18:48:53.000Z","Id":"802g8000002mQYbAAM","LastModifiedById":"005g80000010N45AAE"}|0x431f7e92
15:48:53.669 (1931626667)|STATEMENT_EXECUTE|[106]
15:48:53.669 (1931628119)|STATEMENT_EXECUTE|[107]
15:48:53.669 (1931649154)|VARIABLE_SCOPE_BEGIN|[107]|pedido|Order|true|false
15:48:53.669 (1931711155)|VARIABLE_ASSIGNMENT|[107]|pedido|{"Status":"Activated","City__c":"a05g8000002BgdtAAC","Country__c":"a03g80000084tcUAAQ","AccountId":"001g8000009VivhAAC","DistributionCenter__c":"a06g8000001gZKDAA2","Id":"801g8000009VivjAAC","State__c":"a04g8000000b5VNAAY"}|0x4cbc60cd
15:48:53.669 (1931716042)|STATEMENT_EXECUTE|[108]
15:48:53.669 (1931728317)|VARIABLE_SCOPE_BEGIN|[108]|produto|Product2|true|false
15:48:53.669 (1931760042)|VARIABLE_ASSIGNMENT|[108]|produto|{"ProductionCost__c":300000.00,"ProductHierarchy__c":"a01g8000009ViviAAC","Id":"01tg8000001RQyjAAG"}|0x416dd421
15:48:53.669 (1931763294)|STATEMENT_EXECUTE|[109]
15:48:53.669 (1931778282)|VARIABLE_SCOPE_BEGIN|[109]|cliente|Account|true|false
15:48:53.669 (1931800065)|VARIABLE_ASSIGNMENT|[109]|cliente|{"AccountGroup__c":"a02g8000002mQYXAA2","Id":"001g8000009VivhAAC"}|0x420dacb2
15:48:53.669 (1931828683)|HEAP_ALLOCATE|[113]|Bytes:28
15:48:53.669 (1931831414)|HEAP_ALLOCATE|[113]|Bytes:28
15:48:53.669 (1931859362)|HEAP_ALLOCATE|[113]|Bytes:28
15:48:53.669 (1931861197)|HEAP_ALLOCATE|[113]|Bytes:28
15:48:53.669 (1931870736)|STATEMENT_EXECUTE|[113]
15:48:53.669 (1931873858)|STATEMENT_EXECUTE|[119]
15:48:53.669 (1931874976)|STATEMENT_EXECUTE|[121]
15:48:53.669 (1931880931)|HEAP_ALLOCATE|[121]|Bytes:18
15:48:53.669 (1931890259)|HEAP_ALLOCATE|[122]|Bytes:18
15:48:53.669 (1931898457)|HEAP_ALLOCATE|[123]|Bytes:18
15:48:53.669 (1931903874)|HEAP_ALLOCATE|[121]|Bytes:54
15:48:53.669 (1931906350)|VARIABLE_SCOPE_BEGIN|[121]|keyOrderItemImposto|String|false|false
15:48:53.669 (1931912328)|VARIABLE_ASSIGNMENT|[121]|keyOrderItemImposto|"01tg8000001RQyjAAGa0 (34 more) ..."
15:48:53.669 (1931914763)|STATEMENT_EXECUTE|[125]
15:48:53.669 (1931925806)|VARIABLE_SCOPE_BEGIN|[125]|impostoEncontrado|Tax__c|true|false
15:48:53.669 (1931956929)|VARIABLE_ASSIGNMENT|[125]|impostoEncontrado|{"DistributionCenter__c":"a06g8000001gZKDAA2","Product__c":"01tg8000001RQyjAAG","TaxRate__c":10.00,"Id":"a09g8000002D2vhAAC","State__c":"a04g8000000b5VNAAY"}|0x56492a8c
15:48:53.669 (1931960711)|STATEMENT_EXECUTE|[127]
15:48:53.669 (1932416283)|VARIABLE_ASSIGNMENT|[127]|this.TaxPercentage__c|10.00|0x431f7e92
15:48:53.669 (1932466551)|STATEMENT_EXECUTE|[130]
15:48:53.669 (1932482086)|METHOD_ENTRY|[130]|01pg8000001F8kf|PricingService.findMargin(OrderItem, Order, Map<String,Margem__c>, Id, Account)
15:48:53.669 (1932488193)|VARIABLE_SCOPE_BEGIN|[21]|item|OrderItem|true|false
15:48:53.669 (1932911797)|VARIABLE_ASSIGNMENT|[21]|item|{"LastModifiedDate":"2026-04-10T18:48:53.000Z","DiscountPercentage__c":0.999737108801465881323026245742806,"DiscountValue__c":380285.50,"FinalPrice__c":380385.50,"ListPrice":1000.00,"AvailableQuantity":1.00,"PriceWithoutMargin__c":330770.00,"FreightValue__c":700.00,"CreatedById":"005g80000010N45AAE","MarginPercentage__c":15.00,"Product_Code_Display__c":"TRT 7","IsDeleted":false,"Quantity":10.00,"TaxPercentage__c":10.00,"OrderId":"801g8000009VivjAAC","OrderItemNumber":"0000100113","SystemModstamp":"2026-04-10T18:48:53.000Z","UnitPrice":100.00,"Product2Id":"01tg8000001RQyjAAG","ProductionCost__c":300000.00,"PricebookEntryId":"01ug8000000gTiLAAU","TotalPrice":1000.00,"CreatedDate":"2026-04-10T18:48:53.000Z","Id":"802g8000002mQYbAAM","LastModifiedById":"005g80000010N45AAE"}|0x431f7e92
15:48:53.669 (1932921031)|VARIABLE_SCOPE_BEGIN|[21]|pedido|Order|true|false
15:48:53.669 (1932968522)|VARIABLE_ASSIGNMENT|[21]|pedido|{"Status":"Activated","City__c":"a05g8000002BgdtAAC","Country__c":"a03g80000084tcUAAQ","AccountId":"001g8000009VivhAAC","DistributionCenter__c":"a06g8000001gZKDAA2","Id":"801g8000009VivjAAC","State__c":"a04g8000000b5VNAAY"}|0x4cbc60cd
15:48:53.669 (1932972936)|VARIABLE_SCOPE_BEGIN|[21]|mapMargin|Map<String,Margem__c>|true|false
15:48:53.669 (1933011945)|VARIABLE_ASSIGNMENT|[21]|mapMargin|{"01tg8000001RQyjAAG_001g8000009VivhAAC_a04g8000000b5VNAAY":{"Account__c":"001g8000009VivhAAC","Product__c":"01tg8000001RQyjAAG","Id":"a00g800000PiDJ6AAN","State__c":"a04g8000000b5VNAAY","MarginValuePercent__c":15.00}}|0x7b804473
15:48:53.669 (1933016705)|VARIABLE_SCOPE_BEGIN|[21]|h|Id|false|false
15:48:53.669 (1933089660)|VARIABLE_ASSIGNMENT|[21]|h|"a01g8000009ViviAAC"
15:48:53.669 (1933092401)|VARIABLE_SCOPE_BEGIN|[21]|cliente|Account|true|false
15:48:53.669 (1933113237)|VARIABLE_ASSIGNMENT|[21]|cliente|{"AccountGroup__c":"a02g8000002mQYXAA2","Id":"001g8000009VivhAAC"}|0x420dacb2
15:48:53.669 (1933124962)|STATEMENT_EXECUTE|[21]
15:48:53.669 (1933126164)|STATEMENT_EXECUTE|[22]
15:48:53.669 (1933133510)|VARIABLE_SCOPE_BEGIN|[22]|p|Id|false|false
15:48:53.669 (1933160322)|VARIABLE_ASSIGNMENT|[22]|p|"01tg8000001RQyjAAG"
15:48:53.669 (1933163410)|STATEMENT_EXECUTE|[23]
15:48:53.669 (1933167462)|VARIABLE_SCOPE_BEGIN|[23]|a|Id|false|false
15:48:53.669 (1933187063)|VARIABLE_ASSIGNMENT|[23]|a|"001g8000009VivhAAC"
15:48:53.669 (1933189833)|STATEMENT_EXECUTE|[24]
15:48:53.669 (1933194127)|VARIABLE_SCOPE_BEGIN|[24]|g|Id|false|false
15:48:53.669 (1933212227)|VARIABLE_ASSIGNMENT|[24]|g|"a02g8000002mQYXAA2"
15:48:53.669 (1933214783)|STATEMENT_EXECUTE|[25]
15:48:53.669 (1933217842)|VARIABLE_SCOPE_BEGIN|[25]|c|Id|false|false
15:48:53.669 (1933235170)|VARIABLE_ASSIGNMENT|[25]|c|"a05g8000002BgdtAAC"
15:48:53.669 (1933237637)|STATEMENT_EXECUTE|[26]
15:48:53.669 (1933240265)|VARIABLE_SCOPE_BEGIN|[26]|e|Id|false|false
15:48:53.669 (1933258036)|VARIABLE_ASSIGNMENT|[26]|e|"a04g8000000b5VNAAY"
15:48:53.669 (1933260665)|STATEMENT_EXECUTE|[27]
15:48:53.669 (1933264457)|VARIABLE_SCOPE_BEGIN|[27]|pa|Id|false|false
15:48:53.669 (1933282614)|VARIABLE_ASSIGNMENT|[27]|pa|"a03g80000084tcUAAQ"
15:48:53.669 (1933297306)|HEAP_ALLOCATE|[30]|Bytes:18
15:48:53.669 (1933308536)|HEAP_ALLOCATE|[30]|Bytes:18
15:48:53.669 (1933314972)|HEAP_ALLOCATE|[30]|Bytes:18
15:48:53.669 (1933321796)|HEAP_ALLOCATE|[30]|Bytes:56
15:48:53.669 (1933334008)|STATEMENT_EXECUTE|[30]
15:48:53.669 (1933337990)|HEAP_ALLOCATE|[31]|Bytes:18
15:48:53.669 (1933344263)|HEAP_ALLOCATE|[31]|Bytes:18
15:48:53.669 (1933350330)|HEAP_ALLOCATE|[31]|Bytes:18
15:48:53.669 (1933354472)|HEAP_ALLOCATE|[31]|Bytes:56
15:48:53.669 (1933359156)|STATEMENT_EXECUTE|[31]
15:48:53.669 (1933362536)|HEAP_ALLOCATE|[31]|Bytes:18
15:48:53.669 (1933368395)|HEAP_ALLOCATE|[31]|Bytes:18
15:48:53.669 (1933374295)|HEAP_ALLOCATE|[31]|Bytes:18
15:48:53.669 (1933378650)|HEAP_ALLOCATE|[31]|Bytes:56
15:48:53.669 (1933392196)|METHOD_EXIT|[130]|01pg8000001F8kf|PricingService.findMargin(OrderItem, Order, Map<String,Margem__c>, Id, Account)
15:48:53.669 (1933397429)|VARIABLE_SCOPE_BEGIN|[130]|margem|Margem__c|true|false
15:48:53.669 (1933426379)|VARIABLE_ASSIGNMENT|[130]|margem|{"Account__c":"001g8000009VivhAAC","Product__c":"01tg8000001RQyjAAG","Id":"a00g800000PiDJ6AAN","State__c":"a04g8000000b5VNAAY","MarginValuePercent__c":15.00}|0x42ceab10
15:48:53.669 (1933430910)|STATEMENT_EXECUTE|[131]
15:48:53.669 (1933846374)|VARIABLE_ASSIGNMENT|[131]|this.MarginPercentage__c|15.00|0x431f7e92
15:48:53.669 (1933850979)|STATEMENT_EXECUTE|[134]
15:48:53.669 (1933861966)|METHOD_ENTRY|[134]|01pg8000001F8kf|PricingService.findFreightValue(OrderItem, Order, Map<String,Freight__c>, Id)
15:48:53.669 (1933866471)|VARIABLE_SCOPE_BEGIN|[4]|item|OrderItem|true|false
15:48:53.669 (1934224345)|VARIABLE_ASSIGNMENT|[4]|item|{"LastModifiedDate":"2026-04-10T18:48:53.000Z","DiscountPercentage__c":0.999737108801465881323026245742806,"DiscountValue__c":380285.50,"FinalPrice__c":380385.50,"ListPrice":1000.00,"AvailableQuantity":1.00,"PriceWithoutMargin__c":330770.00,"FreightValue__c":700.00,"CreatedById":"005g80000010N45AAE","MarginPercentage__c":15.00,"Product_Code_Display__c":"TRT 7","IsDeleted":false,"Quantity":10.00,"TaxPercentage__c":10.00,"OrderId":"801g8000009VivjAAC","OrderItemNumber":"0000100113","SystemModstamp":"2026-04-10T18:48:53.000Z","UnitPrice":100.00,"Product2Id":"01tg8000001RQyjAAG","ProductionCost__c":300000.00,"PricebookEntryId":"01ug8000000gTiLAAU","TotalPrice":1000.00,"CreatedDate":"2026-04-10T18:48:53.000Z","Id":"802g8000002mQYbAAM","LastModifiedById":"005g80000010N45AAE"}|0x431f7e92
15:48:53.669 (1934233864)|VARIABLE_SCOPE_BEGIN|[4]|pedido|Order|true|false
15:48:53.669 (1934272806)|VARIABLE_ASSIGNMENT|[4]|pedido|{"Status":"Activated","City__c":"a05g8000002BgdtAAC","Country__c":"a03g80000084tcUAAQ","AccountId":"001g8000009VivhAAC","DistributionCenter__c":"a06g8000001gZKDAA2","Id":"801g8000009VivjAAC","State__c":"a04g8000000b5VNAAY"}|0x4cbc60cd
15:48:53.669 (1934276999)|VARIABLE_SCOPE_BEGIN|[4]|mapFrete|Map<String,Freight__c>|true|false
15:48:53.669 (1934308122)|VARIABLE_ASSIGNMENT|[4]|mapFrete|{"01tg8000001RQyjAAG_a04g8000000b5VNAAY":{"DistributionCenter__c":"a06g8000001gZKDAA2","Product__c":"01tg8000001RQyjAAG","Id":"a0Ag8000000gGrZEAU","State__c":"a04g8000000b5VNAAY","FreightValue__c":700.00}}|0x49790b5
15:48:53.669 (1934312006)|VARIABLE_SCOPE_BEGIN|[4]|h|Id|false|false
15:48:53.669 (1934352395)|VARIABLE_ASSIGNMENT|[4]|h|"a01g8000009ViviAAC"
15:48:53.669 (1934359839)|STATEMENT_EXECUTE|[4]
15:48:53.669 (1934360862)|STATEMENT_EXECUTE|[5]
15:48:53.669 (1934365616)|VARIABLE_SCOPE_BEGIN|[5]|p|Id|false|false
15:48:53.669 (1934386449)|VARIABLE_ASSIGNMENT|[5]|p|"01tg8000001RQyjAAG"
15:48:53.669 (1934389030)|STATEMENT_EXECUTE|[6]
15:48:53.669 (1934392010)|VARIABLE_SCOPE_BEGIN|[6]|c|Id|false|false
15:48:53.669 (1934410219)|VARIABLE_ASSIGNMENT|[6]|c|"a05g8000002BgdtAAC"
15:48:53.669 (1934412706)|STATEMENT_EXECUTE|[7]
15:48:53.669 (1934415177)|VARIABLE_SCOPE_BEGIN|[7]|e|Id|false|false
15:48:53.669 (1934432687)|VARIABLE_ASSIGNMENT|[7]|e|"a04g8000000b5VNAAY"
15:48:53.669 (1934435098)|STATEMENT_EXECUTE|[8]
15:48:53.669 (1934437623)|VARIABLE_SCOPE_BEGIN|[8]|pa|Id|false|false
15:48:53.669 (1934455462)|VARIABLE_ASSIGNMENT|[8]|pa|"a03g80000084tcUAAQ"
15:48:53.669 (1934465989)|HEAP_ALLOCATE|[10]|Bytes:18
15:48:53.669 (1934474649)|HEAP_ALLOCATE|[10]|Bytes:18
15:48:53.669 (1934480203)|HEAP_ALLOCATE|[10]|Bytes:37
15:48:53.669 (1934489287)|STATEMENT_EXECUTE|[10]
15:48:53.669 (1934493419)|HEAP_ALLOCATE|[11]|Bytes:18
15:48:53.669 (1934499803)|HEAP_ALLOCATE|[11]|Bytes:18
15:48:53.669 (1934503893)|HEAP_ALLOCATE|[11]|Bytes:37
15:48:53.669 (1934508831)|STATEMENT_EXECUTE|[11]
15:48:53.669 (1934512309)|HEAP_ALLOCATE|[11]|Bytes:18
15:48:53.669 (1934518495)|HEAP_ALLOCATE|[11]|Bytes:18
15:48:53.669 (1934522697)|HEAP_ALLOCATE|[11]|Bytes:37
15:48:53.669 (1934541018)|METHOD_EXIT|[134]|01pg8000001F8kf|PricingService.findFreightValue(OrderItem, Order, Map<String,Freight__c>, Id)
15:48:53.669 (1934929995)|VARIABLE_ASSIGNMENT|[134]|this.FreightValue__c|700.00|0x431f7e92
15:48:53.669 (1934935333)|STATEMENT_EXECUTE|[137]
15:48:53.669 (1934945420)|VARIABLE_SCOPE_BEGIN|[137]|custoUnitario|Decimal|false|false
15:48:53.669 (1934950668)|VARIABLE_ASSIGNMENT|[137]|custoUnitario|300000.00
15:48:53.669 (1934953055)|STATEMENT_EXECUTE|[140]
15:48:53.669 (1934962135)|HEAP_ALLOCATE|[140]|Bytes:28
15:48:53.669 (1934996063)|HEAP_ALLOCATE|[140]|Bytes:28
15:48:53.669 (1935002932)|METHOD_ENTRY|[140]|01pg8000001F8kf|PricingService.calculateFinalPrice(OrderItem, Decimal, Margem__c, Decimal, Decimal)
15:48:53.669 (1935008124)|VARIABLE_SCOPE_BEGIN|[47]|item|OrderItem|true|false
15:48:53.669 (1935367424)|VARIABLE_ASSIGNMENT|[47]|item|{"LastModifiedDate":"2026-04-10T18:48:53.000Z","DiscountPercentage__c":0.999737108801465881323026245742806,"DiscountValue__c":380285.50,"FinalPrice__c":380385.50,"ListPrice":1000.00,"AvailableQuantity":1.00,"PriceWithoutMargin__c":330770.00,"FreightValue__c":700.00,"CreatedById":"005g80000010N45AAE","MarginPercentage__c":15.00,"Product_Code_Display__c":"TRT 7","IsDeleted":false,"Quantity":10.00,"TaxPercentage__c":10.00,"OrderId":"801g8000009VivjAAC","OrderItemNumber":"0000100113","SystemModstamp":"2026-04-10T18:48:53.000Z","UnitPrice":100.00,"Product2Id":"01tg8000001RQyjAAG","ProductionCost__c":300000.00,"PricebookEntryId":"01ug8000000gTiLAAU","TotalPrice":1000.00,"CreatedDate":"2026-04-10T18:48:53.000Z","Id":"802g8000002mQYbAAM","LastModifiedById":"005g80000010N45AAE"}|0x431f7e92
15:48:53.669 (1935375634)|VARIABLE_SCOPE_BEGIN|[47]|frete|Decimal|false|false
15:48:53.669 (1935381206)|VARIABLE_ASSIGNMENT|[47]|frete|700.00
15:48:53.669 (1935383580)|VARIABLE_SCOPE_BEGIN|[47]|margem|Margem__c|true|false
15:48:53.669 (1935419415)|VARIABLE_ASSIGNMENT|[47]|margem|{"Account__c":"001g8000009VivhAAC","Product__c":"01tg8000001RQyjAAG","Id":"a00g800000PiDJ6AAN","State__c":"a04g8000000b5VNAAY","MarginValuePercent__c":15.00}|0x42ceab10
15:48:53.669 (1935422995)|VARIABLE_SCOPE_BEGIN|[47]|impostoPercent|Decimal|false|false
15:48:53.669 (1935427039)|VARIABLE_ASSIGNMENT|[47]|impostoPercent|10.00
15:48:53.669 (1935429214)|VARIABLE_SCOPE_BEGIN|[47]|custo|Decimal|false|false
15:48:53.669 (1935432572)|VARIABLE_ASSIGNMENT|[47]|custo|300000.00
15:48:53.669 (1935439866)|STATEMENT_EXECUTE|[47]
15:48:53.669 (1935440879)|STATEMENT_EXECUTE|[48]
15:48:53.669 (1935450408)|VARIABLE_SCOPE_BEGIN|[48]|mPerc|Decimal|false|false
15:48:53.669 (1935454673)|VARIABLE_ASSIGNMENT|[48]|mPerc|15.00
15:48:53.669 (1935456893)|STATEMENT_EXECUTE|[49]
15:48:53.669 (1935458341)|VARIABLE_SCOPE_BEGIN|[49]|iPerc|Decimal|false|false
15:48:53.669 (1935462023)|VARIABLE_ASSIGNMENT|[49]|iPerc|10.00
15:48:53.669 (1935464026)|STATEMENT_EXECUTE|[50]
15:48:53.669 (1935465691)|VARIABLE_SCOPE_BEGIN|[50]|custoProd|Decimal|false|false
15:48:53.669 (1935469284)|VARIABLE_ASSIGNMENT|[50]|custoProd|300000.00
15:48:53.669 (1935471160)|STATEMENT_EXECUTE|[51]
15:48:53.669 (1935472514)|VARIABLE_SCOPE_BEGIN|[51]|freteVal|Decimal|false|false
15:48:53.669 (1935476137)|VARIABLE_ASSIGNMENT|[51]|freteVal|700.00
15:48:53.669 (1935478266)|STATEMENT_EXECUTE|[54]
15:48:53.669 (1935495119)|HEAP_ALLOCATE|[54]|Bytes:28
15:48:53.669 (1935500462)|VARIABLE_SCOPE_BEGIN|[54]|precoBase|Decimal|false|false
15:48:53.669 (1935504424)|VARIABLE_ASSIGNMENT|[54]|precoBase|300700.00
15:48:53.669 (1935506634)|STATEMENT_EXECUTE|[57]
15:48:53.669 (1935512307)|HEAP_ALLOCATE|[57]|Bytes:28
15:48:53.669 (1935514025)|HEAP_ALLOCATE|[57]|Bytes:28
15:48:53.669 (1935518176)|HEAP_ALLOCATE|[57]|Bytes:28
15:48:53.669 (1935555568)|HEAP_ALLOCATE|[57]|Bytes:28
15:48:53.669 (1935557298)|HEAP_ALLOCATE|[57]|Bytes:28
15:48:53.669 (1935565513)|HEAP_ALLOCATE|[57]|Bytes:28
15:48:53.669 (1935575064)|HEAP_ALLOCATE|[57]|Bytes:28
15:48:53.669 (1935578925)|VARIABLE_SCOPE_BEGIN|[57]|precoSemMargem|Decimal|false|false
15:48:53.669 (1935584024)|VARIABLE_ASSIGNMENT|[57]|precoSemMargem|330770.0000
15:48:53.669 (1935586287)|STATEMENT_EXECUTE|[60]
15:48:53.669 (1935588634)|HEAP_ALLOCATE|[60]|Bytes:28
15:48:53.669 (1935590350)|HEAP_ALLOCATE|[60]|Bytes:28
15:48:53.669 (1935593119)|HEAP_ALLOCATE|[60]|Bytes:28
15:48:53.669 (1935603264)|HEAP_ALLOCATE|[60]|Bytes:28
15:48:53.669 (1935604891)|HEAP_ALLOCATE|[60]|Bytes:28
15:48:53.669 (1935611916)|HEAP_ALLOCATE|[60]|Bytes:28
15:48:53.669 (1935618857)|HEAP_ALLOCATE|[60]|Bytes:28
15:48:53.669 (1935622646)|VARIABLE_SCOPE_BEGIN|[60]|precoCalculado|Decimal|false|false
15:48:53.669 (1935626767)|VARIABLE_ASSIGNMENT|[60]|precoCalculado|380385.500000
15:48:53.669 (1935628895)|STATEMENT_EXECUTE|[63]
15:48:53.669 (1936001076)|VARIABLE_ASSIGNMENT|[63]|this.ProductionCost__c|300000.00|0x431f7e92
15:48:53.669 (1936005748)|STATEMENT_EXECUTE|[64]
15:48:53.669 (1936340548)|VARIABLE_ASSIGNMENT|[64]|this.MarginPercentage__c|15.00|0x431f7e92
15:48:53.669 (1936343944)|STATEMENT_EXECUTE|[65]
15:48:53.669 (1936702492)|VARIABLE_ASSIGNMENT|[65]|this.FreightValue__c|700.00|0x431f7e92
15:48:53.669 (1936706445)|STATEMENT_EXECUTE|[66]
15:48:53.669 (1937038027)|VARIABLE_ASSIGNMENT|[66]|this.TaxPercentage__c|10.00|0x431f7e92
15:48:53.669 (1937041513)|STATEMENT_EXECUTE|[67]
15:48:53.669 (1937365976)|VARIABLE_ASSIGNMENT|[67]|this.PriceWithoutMargin__c|330770.0000|0x431f7e92
15:48:53.669 (1937369319)|STATEMENT_EXECUTE|[68]
15:48:53.669 (1937689148)|VARIABLE_ASSIGNMENT|[68]|this.FinalPrice__c|380385.500000|0x431f7e92
15:48:53.669 (1937692061)|STATEMENT_EXECUTE|[71]
15:48:53.669 (1937703214)|VARIABLE_SCOPE_BEGIN|[71]|unitPriceDigitado|Decimal|false|false
15:48:53.669 (1937708482)|VARIABLE_ASSIGNMENT|[71]|unitPriceDigitado|100.00
15:48:53.669 (1937716515)|HEAP_ALLOCATE|[74]|Bytes:28
15:48:53.669 (1937718721)|HEAP_ALLOCATE|[74]|Bytes:28
15:48:53.669 (1937735916)|STATEMENT_EXECUTE|[74]
15:48:53.669 (1937736906)|STATEMENT_EXECUTE|[75]
15:48:53.669 (1937745382)|HEAP_ALLOCATE|[75]|Bytes:28
15:48:53.669 (1937767992)|HEAP_ALLOCATE|[75]|Bytes:28
15:48:53.669 (1937769968)|HEAP_ALLOCATE|[75]|Bytes:28
15:48:53.669 (1938113325)|VARIABLE_ASSIGNMENT|[75]|this.DiscountPercentage__c|0.999737108801465881323026245742806|0x431f7e92
15:48:53.669 (1938117402)|STATEMENT_EXECUTE|[76]
15:48:53.669 (1938124490)|HEAP_ALLOCATE|[76]|Bytes:28
15:48:53.669 (1938453435)|VARIABLE_ASSIGNMENT|[76]|this.DiscountValue__c|380285.500000|0x431f7e92
15:48:53.669 (1938458328)|STATEMENT_EXECUTE|[79]
15:48:53.669 (1938465032)|HEAP_ALLOCATE|[79]|Bytes:28
15:48:53.669 (1939164981)|VARIABLE_ASSIGNMENT|[79]|this.UnitPrice|380385.500000|0x431f7e92
15:48:53.669 (1939200533)|METHOD_EXIT|[140]|01pg8000001F8kf|PricingService.calculateFinalPrice(OrderItem, Decimal, Margem__c, Decimal, Decimal)
15:48:53.669 (1939239021)|HEAP_ALLOCATE|[106]|Bytes:5
15:48:53.669 (1939256979)|VARIABLE_ASSIGNMENT|[106]|item|null|
15:48:53.669 (1939262987)|METHOD_EXIT|[27]|01pg8000001EZwd|OrdemItemHandler.executePricingLogic()
15:48:53.669 (1939269752)|METHOD_EXIT|[140]|01pg8000001EZwd|OrdemItemHandler.beforeUpdate()
15:48:53.669 (1939276515)|STATEMENT_EXECUTE|[158]
15:48:53.669 (1939284765)|METHOD_ENTRY|[158]|01pg80000019iSf|TriggerHandler.andFinally()
15:48:53.669 (1939289119)|VARIABLE_SCOPE_BEGIN|[746]|this|TriggerHandler|true|false
15:48:53.669 (1939352601)|VARIABLE_ASSIGNMENT|[746]|this|{"newRecords":"0x3f5f61a7","newRecordsMap":"0x295f735a","oldRecords":"0x2a1bd9bb","oldRecordsMap":"0x13d421c1","handlerName":"OrderItemHandler","isTriggerExecuting":true,"triggerEvent":"0x8e381db"}|0x47ca2b95
15:48:53.669 (1939366448)|STATEMENT_EXECUTE|[746]
15:48:53.669 (1939369194)|METHOD_EXIT|[158]|01pg80000019iSf|TriggerHandler.andFinally()
15:48:53.669 (1939375255)|STATEMENT_EXECUTE|[160]
15:48:53.669 (1939378051)|STATEMENT_EXECUTE|[176]
15:48:53.669 (1939382598)|METHOD_EXIT|[2]|01pg80000019iSf|TriggerHandler.run()
15:48:53.939 (1939394551)|CUMULATIVE_LIMIT_USAGE
15:48:53.939 (1939394551)|LIMIT_USAGE_FOR_NS|(default)|
  Number of SOQL queries: 11 out of 100
  Number of query rows: 10 out of 50000
  Number of SOSL queries: 0 out of 20
  Number of DML statements: 15 out of 150
  Number of Publish Immediate DML: 0 out of 150
  Number of DML rows: 15 out of 10000
  Maximum CPU time: 91 out of 10000
  Maximum heap size: 0 out of 6000000
  Number of callouts: 0 out of 100
  Number of Email Invocations: 0 out of 10
  Number of future calls: 0 out of 50
  Number of queueable jobs added to the queue: 0 out of 50
  Number of Mobile Apex push calls: 0 out of 10

15:48:53.939 (1939394551)|TESTING_LIMITS
15:48:53.939 (1939394551)|LIMIT_USAGE_FOR_NS|(default)|
  Number of SOQL queries: 7 out of 100
  Number of query rows: 7 out of 50000
  Number of SOSL queries: 0 out of 20
  Number of DML statements: 1 out of 150
  Number of Publish Immediate DML: 0 out of 150
  Number of DML rows: 1 out of 10000
  Maximum CPU time: 0 out of 10000
  Maximum heap size: 0 out of 6000000
  Number of callouts: 0 out of 100
  Number of Email Invocations: 0 out of 10
  Number of future calls: 0 out of 50
  Number of queueable jobs added to the queue: 0 out of 50
  Number of Mobile Apex push calls: 0 out of 10

15:48:53.939 (1939394551)|CUMULATIVE_LIMIT_USAGE_END

15:48:53.669 (1939576460)|CODE_UNIT_FINISHED|OrdemItemTrigger on OrderItem trigger event BeforeUpdate|__sfdc_trigger/OrdemItemTrigger
15:48:53.669 (1941714034)|DML_END|[206]
15:48:53.669 (1941780081)|EXCEPTION_THROWN|[206]|System.DmlException: Update failed. First exception on row 0 with id 802g8000002mQYbAAM; first error: FIELD_CUSTOM_VALIDATION_EXCEPTION, Não é possivel fazer qualquer alteração dos ITENS após o pedido ser marcado como Ativo: []
15:48:53.669 (1942616694)|HEAP_ALLOCATE|[206]|Bytes:210
15:48:53.669 (1942660740)|VARIABLE_SCOPE_BEGIN|[208]|e|System.DmlException|true|false
15:48:53.669 (1942704542)|VARIABLE_ASSIGNMENT|[208]|e|"common.apex.runtime.impl.DmlExecutionException: Update failed. First exception on row 0 with id 802g8000002mQYbAAM; first error: FIELD_CUSTOM_VALIDATION_EXCEPTION, Não é possivel fazer qualquer alteração dos ITENS após o pedido ser marcado como Ativo: []"|0x44c3f5fb
15:48:53.669 (1942714099)|STATEMENT_EXECUTE|[208]
15:48:53.669 (1942715515)|STATEMENT_EXECUTE|[209]
15:48:53.669 (1942776379)|HEAP_ALLOCATE|[209]|Bytes:206
15:48:53.669 (1942783345)|VARIABLE_SCOPE_BEGIN|[209]|mensagem|String|false|false
15:48:53.669 (1942791813)|VARIABLE_ASSIGNMENT|[209]|mensagem|"Update failed. First (186 more) ..."
15:48:53.669 (1942794231)|STATEMENT_EXECUTE|[210]
15:48:53.669 (1942839852)|HEAP_ALLOCATE|[211]|Bytes:34
15:48:53.669 (1942846904)|HEAP_ALLOCATE|[211]|Bytes:240
15:48:53.669 (1942861225)|HEAP_ALLOCATE|[210]|Bytes:51
15:48:53.669 (1942876016)|SYSTEM_METHOD_ENTRY|[4]|Assert.Assert()
15:48:53.669 (1942879187)|STATEMENT_EXECUTE|[4]
15:48:53.669 (1942888348)|SYSTEM_METHOD_EXIT|[4]|Assert
15:48:53.669 (1942894388)|METHOD_ENTRY|[210]||System.Assert.isTrue(Boolean, String)
15:48:53.669 (1942932953)|METHOD_EXIT|[210]||System.Assert.isTrue(Boolean, String)
15:48:53.669 (1942935921)|STATEMENT_EXECUTE|[213]
15:48:53.669 (1942942198)|METHOD_ENTRY|[213]||System.Test.stopTest()
15:48:53.669 (1943055321)|METHOD_EXIT|[213]||System.Test.stopTest()
15:48:53.943 (1943064118)|CUMULATIVE_LIMIT_USAGE
15:48:53.943 (1943064118)|LIMIT_USAGE_FOR_NS|(default)|
  Number of SOQL queries: 11 out of 100
  Number of query rows: 10 out of 50000
  Number of SOSL queries: 0 out of 20
  Number of DML statements: 15 out of 150
  Number of Publish Immediate DML: 0 out of 150
  Number of DML rows: 15 out of 10000
  Maximum CPU time: 91 out of 10000
  Maximum heap size: 0 out of 6000000
  Number of callouts: 0 out of 100
  Number of Email Invocations: 0 out of 10
  Number of future calls: 0 out of 50
  Number of queueable jobs added to the queue: 0 out of 50
  Number of Mobile Apex push calls: 0 out of 10

15:48:53.943 (1943064118)|TESTING_LIMITS
15:48:53.943 (1943064118)|LIMIT_USAGE_FOR_NS|(default)|
  Number of SOQL queries: 0 out of 100
  Number of query rows: 0 out of 50000
  Number of SOSL queries: 0 out of 20
  Number of DML statements: 1 out of 150
  Number of Publish Immediate DML: 0 out of 150
  Number of DML rows: 1 out of 10000
  Maximum CPU time: 0 out of 10000
  Maximum heap size: 0 out of 6000000
  Number of callouts: 0 out of 100
  Number of Email Invocations: 0 out of 10
  Number of future calls: 0 out of 50
  Number of queueable jobs added to the queue: 0 out of 50
  Number of Mobile Apex push calls: 0 out of 10

15:48:53.943 (1943064118)|CUMULATIVE_LIMIT_USAGE_END

15:48:53.669 (1943101894)|CODE_UNIT_FINISHED|OrderItemHandlerTest.shouldNotAllowChangesOnActiveOrder()
15:48:53.669 (1943109483)|EXECUTION_FINISHED
15:48:53.959 (1959952198)|USER_INFO|[EXTERNAL]|005g80000010N45|sabrina.jesus@resourceful-moose-fmmd11.com|(GMT-03:00) Brasilia Standard Time (America/Sao_Paulo)|GMT-03:00
15:48:53.959 (1959980672)|EXECUTION_STARTED
15:48:53.959 (1959996280)|CODE_UNIT_STARTED|[EXTERNAL]|01pg8000001w1Mb|OrderItemHandlerTest.shouldNotAllowZeroQuantity()
15:48:53.959 (1960187618)|HEAP_ALLOCATE|[95]|Bytes:3
15:48:53.959 (1960239174)|HEAP_ALLOCATE|[100]|Bytes:152
15:48:53.959 (1960259325)|HEAP_ALLOCATE|[417]|Bytes:408
15:48:53.959 (1960278552)|HEAP_ALLOCATE|[430]|Bytes:408
15:48:53.959 (1960308205)|HEAP_ALLOCATE|[317]|Bytes:6
15:48:53.959 (1960322727)|HEAP_ALLOCATE|[EXTERNAL]|Bytes:413
15:48:53.959 (1960334960)|METHOD_ENTRY|[2]|01pg8000001w1Mb|OrderItemHandlerTest.OrderItemHandlerTest()
15:48:53.959 (1960344738)|STATEMENT_EXECUTE|[2]
15:48:53.959 (1960353083)|STATEMENT_EXECUTE|[2]
15:48:53.959 (1960357716)|METHOD_EXIT|[2]|OrderItemHandlerTest
15:48:53.959 (1960392661)|HEAP_ALLOCATE|[68]|Bytes:5
15:48:53.959 (1960422897)|HEAP_ALLOCATE|[74]|Bytes:5
15:48:53.959 (1960430433)|HEAP_ALLOCATE|[82]|Bytes:7
15:48:53.959 (1960467715)|STATEMENT_EXECUTE|[127]
15:48:53.959 (1960469636)|STATEMENT_EXECUTE|[128]
15:48:53.959 (1960472872)|HEAP_ALLOCATE|[128]|Bytes:28
15:48:53.959 (1960496212)|HEAP_ALLOCATE|[128]|Bytes:4
15:48:53.959 (1961077404)|SOQL_EXECUTE_BEGIN|[128]|Aggregations:0|SELECT Id FROM Order LIMIT 1
15:48:53.959 (1966022007)|SOQL_EXECUTE_END|[128]|Rows:1
15:48:53.959 (1966061244)|HEAP_ALLOCATE|[128]|Bytes:8
15:48:53.959 (1966090039)|HEAP_ALLOCATE|[128]|Bytes:29
15:48:53.959 (1966173378)|HEAP_ALLOCATE|[128]|Bytes:8
15:48:53.959 (1966197445)|HEAP_ALLOCATE|[128]|Bytes:31
15:48:53.959 (1966244945)|HEAP_ALLOCATE|[128]|Bytes:8
15:48:53.959 (1966256720)|VARIABLE_SCOPE_BEGIN|[128]|pedido|Order|true|false
15:48:53.959 (1966353766)|VARIABLE_ASSIGNMENT|[128]|pedido|{"Id":"801g8000009VivjAAC"}|0x2afaf0e6
15:48:53.959 (1966365731)|STATEMENT_EXECUTE|[129]
15:48:53.959 (1966369357)|HEAP_ALLOCATE|[129]|Bytes:37
15:48:53.959 (1966387482)|HEAP_ALLOCATE|[129]|Bytes:4
15:48:53.959 (1966727411)|SOQL_EXECUTE_BEGIN|[129]|Aggregations:0|SELECT Id FROM PricebookEntry LIMIT 1
15:48:53.959 (2013485309)|SOQL_EXECUTE_END|[129]|Rows:1
15:48:53.959 (2013523285)|HEAP_ALLOCATE|[129]|Bytes:8
15:48:53.959 (2013548252)|HEAP_ALLOCATE|[129]|Bytes:29
15:48:53.959 (2013618129)|HEAP_ALLOCATE|[129]|Bytes:8
15:48:53.959 (2013644846)|HEAP_ALLOCATE|[129]|Bytes:40
15:48:53.959 (2013686643)|HEAP_ALLOCATE|[129]|Bytes:8
15:48:53.959 (2013696694)|VARIABLE_SCOPE_BEGIN|[129]|pbe|PricebookEntry|true|false
15:48:53.959 (2013766022)|VARIABLE_ASSIGNMENT|[129]|pbe|{"Id":"01ug8000000gTiLAAU"}|0x5aa7e0e2
15:48:53.959 (2013776212)|STATEMENT_EXECUTE|[130]
15:48:53.959 (2013779007)|HEAP_ALLOCATE|[130]|Bytes:31
15:48:53.959 (2013793336)|HEAP_ALLOCATE|[130]|Bytes:4
15:48:53.959 (2014067180)|SOQL_EXECUTE_BEGIN|[130]|Aggregations:0|SELECT Id FROM Product2 LIMIT 1
15:48:53.959 (2018439803)|SOQL_EXECUTE_END|[130]|Rows:1
15:48:53.959 (2018466801)|HEAP_ALLOCATE|[130]|Bytes:8
15:48:53.959 (2018487252)|HEAP_ALLOCATE|[130]|Bytes:29
15:48:53.959 (2018545541)|HEAP_ALLOCATE|[130]|Bytes:8
15:48:53.959 (2018565088)|HEAP_ALLOCATE|[130]|Bytes:34
15:48:53.959 (2018596271)|HEAP_ALLOCATE|[130]|Bytes:8
15:48:53.959 (2018603322)|VARIABLE_SCOPE_BEGIN|[130]|prod|Product2|true|false
15:48:53.959 (2018657156)|VARIABLE_ASSIGNMENT|[130]|prod|{"Id":"01tg8000001RQyjAAG"}|0x15a09067
15:48:53.959 (2018667016)|STATEMENT_EXECUTE|[132]
15:48:53.959 (2018686587)|HEAP_ALLOCATE|[132]|Bytes:4
15:48:53.959 (2018782910)|VARIABLE_ASSIGNMENT|[132]|this.OrderId|"801g8000009VivjAAC"|0x2d3eac24
15:48:53.959 (2018803498)|VARIABLE_ASSIGNMENT|[132]|this.Product2Id|"01tg8000001RQyjAAG"|0x2d3eac24
15:48:53.959 (2018820922)|VARIABLE_ASSIGNMENT|[132]|this.PricebookEntryId|"01ug8000000gTiLAAU"|0x2d3eac24
15:48:53.959 (2018876631)|HEAP_ALLOCATE|[132]|Bytes:28
15:48:53.959 (2018879436)|HEAP_ALLOCATE|[132]|Bytes:28
15:48:53.959 (2018899173)|VARIABLE_ASSIGNMENT|[132]|this.Quantity|0|0x2d3eac24
15:48:53.959 (2018903924)|HEAP_ALLOCATE|[132]|Bytes:28
15:48:53.959 (2018905771)|HEAP_ALLOCATE|[132]|Bytes:28
15:48:53.959 (2018918362)|VARIABLE_ASSIGNMENT|[132]|this.UnitPrice|0|0x2d3eac24
15:48:53.959 (2018940781)|VARIABLE_SCOPE_BEGIN|[132]|itemErro|OrderItem|true|false
15:48:53.959 (2018956358)|VARIABLE_ASSIGNMENT|[132]|itemErro|{"OrderId":"801g8000009VivjAAC","Product2Id":"01tg8000001RQyjAAG","PricebookEntryId":"01ug8000000gTiLAAU","Quantity":0,"UnitPrice":0}|0x2d3eac24
15:48:53.959 (2018960622)|STATEMENT_EXECUTE|[140]
15:48:53.959 (2018975356)|HEAP_ALLOCATE|[140]|Bytes:118
15:48:53.959 (2018989889)|SYSTEM_METHOD_ENTRY|[1]|Test.Test()
15:48:53.959 (2018993336)|STATEMENT_EXECUTE|[1]
15:48:53.959 (2019003766)|SYSTEM_METHOD_EXIT|[1]|Test
15:48:53.959 (2019015551)|METHOD_ENTRY|[140]||System.Test.startTest()
15:48:53.959 (2019967535)|METHOD_EXIT|[140]||System.Test.startTest()
15:48:53.959 (2019973033)|STATEMENT_EXECUTE|[141]
15:48:53.959 (2019974101)|STATEMENT_EXECUTE|[141]
15:48:53.959 (2019975254)|STATEMENT_EXECUTE|[142]
15:48:53.959 (2019999921)|HEAP_ALLOCATE|[142]|Bytes:8
15:48:53.959 (2020009058)|DML_BEGIN|[142]|Op:Insert|Type:OrderItem|Rows:1
15:48:53.959 (2020030809)|HEAP_ALLOCATE|[EXTERNAL]|Bytes:8
15:48:53.959 (2032409644)|CODE_UNIT_STARTED|[EXTERNAL]|01qg8000000Fou9|OrdemItemTrigger on OrderItem trigger event BeforeInsert|__sfdc_trigger/OrdemItemTrigger
15:48:53.959 (2032489236)|HEAP_ALLOCATE|[EXTERNAL]|Bytes:8
15:48:53.959 (2032654703)|HEAP_ALLOCATE|[EXTERNAL]|Bytes:4
15:48:53.959 (2032667673)|VARIABLE_SCOPE_BEGIN|[1]|this|OrdemItemTrigger|true|false
15:48:53.959 (2032710663)|VARIABLE_ASSIGNMENT|[1]|this|{}|0x673b0b14
15:48:53.959 (2032753068)|HEAP_ALLOCATE|[EXTERNAL]|Bytes:4
15:48:53.959 (2032759988)|VARIABLE_SCOPE_BEGIN|[1]|this|OrdemItemTrigger|true|false
15:48:53.959 (2032769394)|VARIABLE_ASSIGNMENT|[1]|this|{}|0x673b0b14
15:48:53.959 (2032781089)|STATEMENT_EXECUTE|[1]
15:48:53.959 (2032783221)|STATEMENT_EXECUTE|[2]
15:48:53.959 (2032805620)|VARIABLE_SCOPE_BEGIN|[63]|TriggerHandler.BYPASS_ALL_ALIAS|String|false|true
15:48:53.959 (2032811646)|VARIABLE_SCOPE_BEGIN|[839]|TriggerHandler.ERROR_TRIGGERCONTEXT|String|false|true
15:48:53.959 (2032822547)|VARIABLE_SCOPE_BEGIN|[26]|TriggerHandler.bypassedHandlers|Set<String>|true|true
15:48:53.959 (2032827991)|VARIABLE_SCOPE_BEGIN|[32]|TriggerHandler.globalBypass|Boolean|false|true
15:48:53.959 (2032834703)|VARIABLE_SCOPE_BEGIN|[20]|TriggerHandler.loopCountMap|Map<String,TriggerHandler.LoopCount>|true|true
15:48:53.959 (2032840138)|VARIABLE_SCOPE_BEGIN|[44]|TriggerHandler.showDebug|Boolean|false|true
15:48:53.959 (2032845432)|VARIABLE_SCOPE_BEGIN|[38]|TriggerHandler.showLimits|Boolean|false|true
15:48:53.959 (2032897283)|HEAP_ALLOCATE|[2]|Bytes:21
15:48:53.959 (2032903798)|HEAP_ALLOCATE|[2]|Bytes:6
15:48:53.959 (2032916812)|METHOD_ENTRY|[1]|01pg8000001EZwd|OrdemItemHandler.OrdemItemHandler()
15:48:53.959 (2032924686)|STATEMENT_EXECUTE|[1]
15:48:53.959 (2032928900)|STATEMENT_EXECUTE|[1]
15:48:53.959 (2032935268)|METHOD_EXIT|[1]|OrdemItemHandler
15:48:53.959 (2032948008)|HEAP_ALLOCATE|[2]|Bytes:32
15:48:53.959 (2032966004)|CONSTRUCTOR_ENTRY|[2]|01pg8000001EZwd|<init>()|OrdemItemHandler
15:48:53.959 (2032974171)|VARIABLE_SCOPE_BEGIN|[9]|this|OrdemItemHandler|true|false
15:48:53.959 (2032999287)|VARIABLE_ASSIGNMENT|[9]|this|{}|0x373597be
15:48:53.959 (2033008169)|STATEMENT_EXECUTE|[1]
15:48:53.959 (2033011071)|STATEMENT_EXECUTE|[3]
15:48:53.959 (2033013184)|STATEMENT_EXECUTE|[4]
15:48:53.959 (2033014660)|STATEMENT_EXECUTE|[5]
15:48:53.959 (2033016123)|STATEMENT_EXECUTE|[6]
15:48:53.959 (2033017867)|STATEMENT_EXECUTE|[10]
15:48:53.959 (2033022483)|HEAP_ALLOCATE|[10]|Bytes:16
15:48:53.959 (2033030552)|HEAP_ALLOCATE|[10]|Bytes:33
15:48:53.959 (2033034635)|HEAP_ALLOCATE|[10]|Bytes:166
15:48:53.959 (2033038210)|HEAP_ALLOCATE|[10]|Bytes:55
15:48:53.959 (2033041790)|HEAP_ALLOCATE|[10]|Bytes:9
15:48:53.959 (2033056040)|VARIABLE_ASSIGNMENT|[10]|TriggerHandler.BYPASS_ALL_ALIAS|"BypassAll"
15:48:53.959 (2033059792)|HEAP_ALLOCATE|[10]|Bytes:51
15:48:53.959 (2033067644)|VARIABLE_ASSIGNMENT|[10]|TriggerHandler.ERROR_TRIGGERCONTEXT|"Trigger handler call (31 more) ..."
15:48:53.959 (2033084560)|METHOD_ENTRY|[15]|01pg80000019iSf|TriggerHandler.TriggerHandler()
15:48:53.959 (2033088355)|STATEMENT_EXECUTE|[15]
15:48:53.959 (2033091289)|STATEMENT_EXECUTE|[15]
15:48:53.959 (2033092788)|STATEMENT_EXECUTE|[66]
15:48:53.959 (2033094371)|STATEMENT_EXECUTE|[67]
15:48:53.959 (2033110190)|HEAP_ALLOCATE|[67]|Bytes:4
15:48:53.959 (2033137793)|VARIABLE_ASSIGNMENT|[67]|TriggerHandler.loopCountMap|{}|0x10b7410f
15:48:53.959 (2033142808)|STATEMENT_EXECUTE|[68]
15:48:53.959 (2033152134)|HEAP_ALLOCATE|[68]|Bytes:4
15:48:53.959 (2033204889)|VARIABLE_ASSIGNMENT|[68]|TriggerHandler.bypassedHandlers|[]|0x5bc564e7
15:48:53.959 (2033210233)|STATEMENT_EXECUTE|[69]
15:48:53.959 (2033227841)|HEAP_ALLOCATE|[69]|Bytes:5
15:48:53.959 (2033235026)|VARIABLE_ASSIGNMENT|[69]|TriggerHandler.globalBypass|false
15:48:53.959 (2033239109)|STATEMENT_EXECUTE|[70]
15:48:53.959 (2033241834)|HEAP_ALLOCATE|[70]|Bytes:5
15:48:53.959 (2033246522)|VARIABLE_ASSIGNMENT|[70]|TriggerHandler.showLimits|false
15:48:53.959 (2033249935)|STATEMENT_EXECUTE|[71]
15:48:53.959 (2033251985)|HEAP_ALLOCATE|[71]|Bytes:5
15:48:53.959 (2033256777)|VARIABLE_ASSIGNMENT|[71]|TriggerHandler.showDebug|false
15:48:53.959 (2033260179)|STATEMENT_EXECUTE|[755]
15:48:53.959 (2033262071)|STATEMENT_EXECUTE|[832]
15:48:53.959 (2033266118)|METHOD_EXIT|[15]|TriggerHandler
15:48:53.959 (2033275024)|CONSTRUCTOR_ENTRY|[10]|01pg80000019iSf|<init>(String)|TriggerHandler
15:48:53.959 (2033280730)|VARIABLE_SCOPE_BEGIN|[107]|this|TriggerHandler|true|false
15:48:53.959 (2033296670)|VARIABLE_ASSIGNMENT|[107]|this|{}|0x373597be
15:48:53.959 (2033301561)|VARIABLE_SCOPE_BEGIN|[107]|handlerName|String|false|false
15:48:53.959 (2033308658)|VARIABLE_ASSIGNMENT|[107]|handlerName|"OrderItemHandler"
15:48:53.959 (2033314903)|STATEMENT_EXECUTE|[15]
15:48:53.959 (2033316572)|STATEMENT_EXECUTE|[50]
15:48:53.959 (2033318344)|STATEMENT_EXECUTE|[57]
15:48:53.959 (2033320144)|STATEMENT_EXECUTE|[671]
15:48:53.959 (2033324523)|HEAP_ALLOCATE|[108]|Bytes:6
15:48:53.959 (2033350812)|STATEMENT_EXECUTE|[107]
15:48:53.959 (2033352534)|STATEMENT_EXECUTE|[108]
15:48:53.959 (2033359504)|STATEMENT_EXECUTE|[109]
15:48:53.959 (2033375447)|METHOD_ENTRY|[109]|01pg80000019iSf|TriggerHandler.setTriggerContext()
15:48:53.959 (2033381017)|VARIABLE_SCOPE_BEGIN|[565]|this|TriggerHandler|true|false
15:48:53.959 (2033396478)|VARIABLE_ASSIGNMENT|[565]|this|{"handlerName":"OrderItemHandler"}|0x373597be
15:48:53.959 (2033412969)|STATEMENT_EXECUTE|[565]
15:48:53.959 (2033414567)|STATEMENT_EXECUTE|[566]
15:48:53.959 (2033504802)|HEAP_ALLOCATE|[566]|Bytes:16
15:48:53.959 (2033519915)|METHOD_ENTRY|[566]|01pg80000019iSf|TriggerHandler.setTriggerContext(System.TriggerOperation, Boolean)
15:48:53.959 (2033524774)|VARIABLE_SCOPE_BEGIN|[582]|this|TriggerHandler|true|false
15:48:53.959 (2033539657)|VARIABLE_ASSIGNMENT|[582]|this|{"handlerName":"OrderItemHandler"}|0x373597be
15:48:53.959 (2033544749)|VARIABLE_SCOPE_BEGIN|[582]|opType|System.TriggerOperation|true|false
15:48:53.959 (2033560127)|VARIABLE_ASSIGNMENT|[582]|opType|"BEFORE_INSERT"|0x461e9db9
15:48:53.959 (2033566144)|VARIABLE_SCOPE_BEGIN|[582]|testMode|Boolean|false|false
15:48:53.959 (2033572609)|VARIABLE_ASSIGNMENT|[582]|testMode|false
15:48:53.959 (2033579399)|STATEMENT_EXECUTE|[582]
15:48:53.959 (2033591446)|STATEMENT_EXECUTE|[586]
15:48:53.959 (2033593024)|STATEMENT_EXECUTE|[587]
15:48:53.959 (2033598100)|HEAP_ALLOCATE|[587]|Bytes:5
15:48:53.959 (2033606527)|STATEMENT_EXECUTE|[590]
15:48:53.959 (2033607976)|STATEMENT_EXECUTE|[592]
15:48:53.959 (2033627072)|HEAP_ALLOCATE|[592]|Bytes:16
15:48:53.959 (2033634377)|STATEMENT_EXECUTE|[595]
15:48:53.959 (2033652015)|VARIABLE_SCOPE_BEGIN|[595]|context|String|false|false
15:48:53.959 (2033661972)|VARIABLE_ASSIGNMENT|[595]|context|"BEFORE_INSERT"
15:48:53.959 (2033665895)|STATEMENT_EXECUTE|[597]
15:48:53.959 (2033669903)|HEAP_ALLOCATE|[598]|Bytes:13
15:48:53.959 (2033701983)|STATEMENT_EXECUTE|[598]
15:48:53.959 (2033703692)|STATEMENT_EXECUTE|[599]
15:48:53.959 (2033712421)|METHOD_EXIT|[566]|01pg80000019iSf|TriggerHandler.setTriggerContext(System.TriggerOperation, Boolean)
15:48:53.959 (2033717431)|METHOD_EXIT|[109]|01pg80000019iSf|TriggerHandler.setTriggerContext()
15:48:53.959 (2033724803)|CONSTRUCTOR_EXIT|[10]|01pg80000019iSf|<init>(String)|TriggerHandler
15:48:53.959 (2033730007)|STATEMENT_EXECUTE|[9]
15:48:53.959 (2033731718)|STATEMENT_EXECUTE|[11]
15:48:53.959 (2035239461)|VARIABLE_ASSIGNMENT|[11]|this.newRecords|[{"Product_Code_Display__c":"TRT 7","IsDeleted":false,"UnitPrice":0.00,"Product2Id":"01tg8000001RQyjAAG","PricebookEntryId":"01ug8000000gTiLAAU","TotalPrice":0.00,"Quantity":0.00,"ListPrice":1000.00,"OrderId":"801g8000009VivjAAC"}]|0x373597be
15:48:53.959 (2035258575)|STATEMENT_EXECUTE|[12]
15:48:53.959 (2035291977)|VARIABLE_ASSIGNMENT|[12]|this.oldRecords|null|0x373597be
15:48:53.959 (2035296848)|STATEMENT_EXECUTE|[13]
15:48:53.959 (2035309982)|VARIABLE_ASSIGNMENT|[13]|this.newRecordsMap|null|0x373597be
15:48:53.959 (2035314496)|STATEMENT_EXECUTE|[14]
15:48:53.959 (2035322647)|VARIABLE_ASSIGNMENT|[14]|this.oldRecordsMap|null|0x373597be
15:48:53.959 (2035333415)|CONSTRUCTOR_EXIT|[2]|01pg8000001EZwd|<init>()|OrdemItemHandler
15:48:53.959 (2035358247)|METHOD_ENTRY|[2]|01pg80000019iSf|TriggerHandler.run()
15:48:53.959 (2035365716)|VARIABLE_SCOPE_BEGIN|[120]|this|TriggerHandler|true|false
15:48:53.959 (2035408492)|VARIABLE_ASSIGNMENT|[120]|this|{"newRecords":"0x7f8a547a","handlerName":"OrderItemHandler","isTriggerExecuting":true,"triggerEvent":"0x461e9db9"}|0x373597be
15:48:53.959 (2035424184)|STATEMENT_EXECUTE|[120]
15:48:53.959 (2035430590)|METHOD_ENTRY|[121]|01pg80000019iSf|TriggerHandler.validateRun()
15:48:53.959 (2035435500)|VARIABLE_SCOPE_BEGIN|[661]|this|TriggerHandler|true|false
15:48:53.959 (2035450602)|VARIABLE_ASSIGNMENT|[661]|this|{"newRecords":"0x7f8a547a","handlerName":"OrderItemHandler","isTriggerExecuting":true,"triggerEvent":"0x461e9db9"}|0x373597be
15:48:53.959 (2035457320)|STATEMENT_EXECUTE|[661]
15:48:53.959 (2035465896)|STATEMENT_EXECUTE|[662]
15:48:53.959 (2035467584)|STATEMENT_EXECUTE|[665]
15:48:53.959 (2035477436)|METHOD_ENTRY|[665]|01pg80000019iSf|TriggerHandler.getHandlerName()
15:48:53.959 (2035481850)|VARIABLE_SCOPE_BEGIN|[680]|this|TriggerHandler|true|false
15:48:53.959 (2035495654)|VARIABLE_ASSIGNMENT|[680]|this|{"newRecords":"0x7f8a547a","handlerName":"OrderItemHandler","isTriggerExecuting":true,"triggerEvent":"0x461e9db9"}|0x373597be
15:48:53.959 (2035502432)|STATEMENT_EXECUTE|[680]
15:48:53.959 (2035532041)|STATEMENT_EXECUTE|[681]
15:48:53.959 (2035533741)|STATEMENT_EXECUTE|[684]
15:48:53.959 (2035537386)|METHOD_EXIT|[665]|01pg80000019iSf|TriggerHandler.getHandlerName()
15:48:53.959 (2035559605)|METHOD_EXIT|[121]|01pg80000019iSf|TriggerHandler.validateRun()
15:48:53.959 (2035564469)|STATEMENT_EXECUTE|[121]
15:48:53.959 (2035568542)|METHOD_ENTRY|[126]|01pg80000019iSf|TriggerHandler.incrementCheckLoopCount()
15:48:53.959 (2035573206)|VARIABLE_SCOPE_BEGIN|[634]|this|TriggerHandler|true|false
15:48:53.959 (2035587721)|VARIABLE_ASSIGNMENT|[634]|this|{"newRecords":"0x7f8a547a","handlerName":"OrderItemHandler","isTriggerExecuting":true,"triggerEvent":"0x461e9db9"}|0x373597be
15:48:53.959 (2035595206)|STATEMENT_EXECUTE|[634]
15:48:53.959 (2035596827)|STATEMENT_EXECUTE|[635]
15:48:53.959 (2035600461)|METHOD_ENTRY|[635]|01pg80000019iSf|TriggerHandler.getHandlerName()
15:48:53.959 (2035604125)|VARIABLE_SCOPE_BEGIN|[680]|this|TriggerHandler|true|false
15:48:53.959 (2035616661)|VARIABLE_ASSIGNMENT|[680]|this|{"newRecords":"0x7f8a547a","handlerName":"OrderItemHandler","isTriggerExecuting":true,"triggerEvent":"0x461e9db9"}|0x373597be
15:48:53.959 (2035622317)|STATEMENT_EXECUTE|[680]
15:48:53.959 (2035633273)|STATEMENT_EXECUTE|[681]
15:48:53.959 (2035634855)|STATEMENT_EXECUTE|[684]
15:48:53.959 (2035637579)|METHOD_EXIT|[635]|01pg80000019iSf|TriggerHandler.getHandlerName()
15:48:53.959 (2035642970)|VARIABLE_SCOPE_BEGIN|[635]|handlerName|String|false|false
15:48:53.959 (2035651483)|VARIABLE_ASSIGNMENT|[635]|handlerName|"OrderItemHandler"
15:48:53.959 (2035667285)|STATEMENT_EXECUTE|[636]
15:48:53.959 (2035668945)|STATEMENT_EXECUTE|[649]
15:48:53.959 (2035671569)|METHOD_EXIT|[126]|01pg80000019iSf|TriggerHandler.incrementCheckLoopCount()
15:48:53.959 (2035676310)|STATEMENT_EXECUTE|[126]
15:48:53.959 (2035679421)|STATEMENT_EXECUTE|[130]
15:48:53.959 (2035681010)|STATEMENT_EXECUTE|[135]
15:48:53.959 (2035714373)|STATEMENT_EXECUTE|[136]
15:48:53.959 (2035715796)|STATEMENT_EXECUTE|[137]
15:48:53.959 (2035810795)|METHOD_ENTRY|[137]|01pg8000001EZwd|OrdemItemHandler.beforeInsert()
15:48:53.959 (2035817846)|VARIABLE_SCOPE_BEGIN|[18]|this|OrdemItemHandler|true|false
15:48:53.959 (2035840899)|VARIABLE_ASSIGNMENT|[18]|this|{"newRecords":"0x7f8a547a","handlerName":"OrderItemHandler","isTriggerExecuting":true,"triggerEvent":"0x461e9db9"}|0x373597be
15:48:53.959 (2035851537)|STATEMENT_EXECUTE|[18]
15:48:53.959 (2035853265)|STATEMENT_EXECUTE|[19]
15:48:53.959 (2035858792)|METHOD_ENTRY|[19]|01pg8000001EZwd|OrdemItemHandler.checkActiveOrderItem()
15:48:53.959 (2035863599)|VARIABLE_SCOPE_BEGIN|[176]|this|OrdemItemHandler|true|false
15:48:53.959 (2035877183)|VARIABLE_ASSIGNMENT|[176]|this|{"newRecords":"0x7f8a547a","handlerName":"OrderItemHandler","isTriggerExecuting":true,"triggerEvent":"0x461e9db9"}|0x373597be
15:48:53.959 (2035884037)|STATEMENT_EXECUTE|[176]
15:48:53.959 (2035885670)|STATEMENT_EXECUTE|[177]
15:48:53.959 (2035889717)|VARIABLE_SCOPE_BEGIN|[177]|listaParaValidar|List<OrderItem>|true|false
15:48:53.959 (2035897202)|VARIABLE_ASSIGNMENT|[177]|listaParaValidar|null|
15:48:53.959 (2035901171)|STATEMENT_EXECUTE|[178]
15:48:53.959 (2035917844)|HEAP_ALLOCATE|[178]|Bytes:4
15:48:53.959 (2035944033)|VARIABLE_SCOPE_BEGIN|[178]|idOrders|Set<Id>|true|false
15:48:53.959 (2035973546)|VARIABLE_ASSIGNMENT|[178]|idOrders|[]|0x559fddbd
15:48:53.959 (2035978501)|STATEMENT_EXECUTE|[179]
15:48:53.959 (2035992021)|HEAP_ALLOCATE|[179]|Bytes:4
15:48:53.959 (2036000083)|VARIABLE_SCOPE_BEGIN|[179]|idMapOrders|Map<Id,Order>|true|false
15:48:53.959 (2036013395)|VARIABLE_ASSIGNMENT|[179]|idMapOrders|{}|0x258d79b5
15:48:53.959 (2036027964)|STATEMENT_EXECUTE|[183]
15:48:53.959 (2036029702)|STATEMENT_EXECUTE|[184]
15:48:53.959 (2036989114)|VARIABLE_ASSIGNMENT|[184]|listaParaValidar|[{"Product_Code_Display__c":"TRT 7","IsDeleted":false,"UnitPrice":0.00,"Product2Id":"01tg8000001RQyjAAG","PricebookEntryId":"01ug8000000gTiLAAU","TotalPrice":0.00,"Quantity":0.00,"ListPrice":1000.00,"OrderId":"801g8000009VivjAAC"}]|0x7f8a547a
15:48:53.959 (2037060048)|HEAP_ALLOCATE|[187]|Bytes:5
15:48:53.959 (2037083369)|HEAP_ALLOCATE|[187]|Bytes:4
15:48:53.959 (2037095129)|VARIABLE_SCOPE_BEGIN|[187]|ot|OrderItem|true|false
15:48:53.959 (2037980093)|VARIABLE_ASSIGNMENT|[187]|ot|{"Product_Code_Display__c":"TRT 7","IsDeleted":false,"UnitPrice":0.00,"Product2Id":"01tg8000001RQyjAAG","PricebookEntryId":"01ug8000000gTiLAAU","TotalPrice":0.00,"Quantity":0.00,"ListPrice":1000.00,"OrderId":"801g8000009VivjAAC"}|0xc846a93
15:48:53.959 (2037996234)|STATEMENT_EXECUTE|[187]
15:48:53.959 (2037998467)|STATEMENT_EXECUTE|[188]
15:48:53.959 (2038030769)|HEAP_ALLOCATE|[EXTERNAL]|Bytes:4
15:48:53.959 (2038056534)|HEAP_ALLOCATE|[187]|Bytes:5
15:48:53.959 (2038071134)|VARIABLE_ASSIGNMENT|[187]|ot|null|
15:48:53.959 (2038076788)|STATEMENT_EXECUTE|[191]
15:48:53.959 (2038093141)|HEAP_ALLOCATE|[191]|Bytes:1
15:48:53.959 (2038105147)|METHOD_ENTRY|[1]|01pg8000001w1Md|OrderSelector.OrderSelector()
15:48:53.959 (2038111399)|STATEMENT_EXECUTE|[1]
15:48:53.959 (2038114695)|STATEMENT_EXECUTE|[1]
15:48:53.959 (2038119319)|METHOD_EXIT|[1]|OrderSelector
15:48:53.959 (2038127814)|METHOD_ENTRY|[191]|01pg8000001w1Md|OrderSelector.getOrdersByIds(Set<Id>)
15:48:53.959 (2038134248)|VARIABLE_SCOPE_BEGIN|[2]|ids|Set<Id>|true|false
15:48:53.959 (2038146623)|VARIABLE_ASSIGNMENT|[2]|ids|["801g8000009VivjAAC"]|0x559fddbd
15:48:53.959 (2038159458)|STATEMENT_EXECUTE|[2]
15:48:53.959 (2038160867)|STATEMENT_EXECUTE|[3]
15:48:53.959 (2038172849)|HEAP_ALLOCATE|[3]|Bytes:4
15:48:53.959 (2038177849)|HEAP_ALLOCATE|[3]|Bytes:113
15:48:53.959 (2038185572)|HEAP_ALLOCATE|[3]|Bytes:4
15:48:53.959 (2038191925)|HEAP_ALLOCATE|[3]|Bytes:7
15:48:53.959 (2038913447)|SOQL_EXECUTE_BEGIN|[3]|Aggregations:0|SELECT Id, DistributionCenter__c, State__c, City__c, Country__c, AccountId, Status FROM Order WHERE Id = :tmpVar1
15:48:53.959 (2043664036)|SOQL_EXECUTE_END|[3]|Rows:1
15:48:53.959 (2043691063)|HEAP_ALLOCATE|[3]|Bytes:8
15:48:53.959 (2043710718)|HEAP_ALLOCATE|[3]|Bytes:209
15:48:53.959 (2043748609)|HEAP_ALLOCATE|[3]|Bytes:8
15:48:53.959 (2043776985)|HEAP_ALLOCATE|[3]|Bytes:32
15:48:53.959 (2043796985)|HEAP_ALLOCATE|[3]|Bytes:4
15:48:53.959 (2043809455)|METHOD_EXIT|[191]|01pg8000001w1Md|OrderSelector.getOrdersByIds(Set<Id>)
15:48:53.959 (2043920287)|VARIABLE_ASSIGNMENT|[191]|idMapOrders|{"801g8000009VivjAAC":{"Status":"Draft","City__c":"a05g8000002BgdtAAC","Country__c":"a03g80000084tcUAAQ","AccountId":"001g8000009VivhAAC","DistributionCenter__c":"a06g8000001gZKDAA2","Id":"801g8000009VivjAAC","State__c":"a04g8000000b5VNAAY"}}|0x398a28c7
15:48:53.959 (2043956364)|HEAP_ALLOCATE|[193]|Bytes:5
15:48:53.959 (2043970885)|HEAP_ALLOCATE|[193]|Bytes:4
15:48:53.959 (2043978751)|VARIABLE_SCOPE_BEGIN|[193]|ot|OrderItem|true|false
15:48:53.959 (2044619214)|VARIABLE_ASSIGNMENT|[193]|ot|{"Product_Code_Display__c":"TRT 7","IsDeleted":false,"UnitPrice":0.00,"Product2Id":"01tg8000001RQyjAAG","PricebookEntryId":"01ug8000000gTiLAAU","TotalPrice":0.00,"Quantity":0.00,"ListPrice":1000.00,"OrderId":"801g8000009VivjAAC"}|0xc846a93
15:48:53.959 (2044644031)|STATEMENT_EXECUTE|[193]
15:48:53.959 (2044646030)|STATEMENT_EXECUTE|[194]
15:48:53.959 (2044687781)|VARIABLE_SCOPE_BEGIN|[194]|pedido|Order|true|false
15:48:53.959 (2044785129)|VARIABLE_ASSIGNMENT|[194]|pedido|{"Status":"Draft","City__c":"a05g8000002BgdtAAC","Country__c":"a03g80000084tcUAAQ","AccountId":"001g8000009VivhAAC","DistributionCenter__c":"a06g8000001gZKDAA2","Id":"801g8000009VivjAAC","State__c":"a04g8000000b5VNAAY"}|0xcf766b8
15:48:53.959 (2044810655)|HEAP_ALLOCATE|[195]|Bytes:5
15:48:53.959 (2044840309)|STATEMENT_EXECUTE|[195]
15:48:53.959 (2044854998)|HEAP_ALLOCATE|[193]|Bytes:5
15:48:53.959 (2044866942)|VARIABLE_ASSIGNMENT|[193]|ot|null|
15:48:53.959 (2044899875)|METHOD_EXIT|[19]|01pg8000001EZwd|OrdemItemHandler.checkActiveOrderItem()
15:48:53.959 (2044907604)|STATEMENT_EXECUTE|[20]
15:48:53.959 (2044918869)|METHOD_ENTRY|[20]|01pg8000001EZwd|OrdemItemHandler.executePricingLogic()
15:48:53.959 (2044925859)|VARIABLE_SCOPE_BEGIN|[35]|this|OrdemItemHandler|true|false
15:48:53.959 (2044976728)|VARIABLE_ASSIGNMENT|[35]|this|{"newRecords":"0x7f8a547a","handlerName":"OrderItemHandler","isTriggerExecuting":true,"triggerEvent":"0x461e9db9"}|0x373597be
15:48:53.959 (2044992679)|STATEMENT_EXECUTE|[35]
15:48:53.959 (2044994776)|STATEMENT_EXECUTE|[37]
15:48:53.959 (2045007467)|HEAP_ALLOCATE|[37]|Bytes:4
15:48:53.959 (2045023512)|VARIABLE_SCOPE_BEGIN|[37]|setOrderIds|Set<Id>|true|false
15:48:53.959 (2045053750)|VARIABLE_ASSIGNMENT|[37]|setOrderIds|[]|0xcbcb0bd
15:48:53.959 (2045059582)|STATEMENT_EXECUTE|[38]
15:48:53.959 (2045063852)|HEAP_ALLOCATE|[38]|Bytes:4
15:48:53.959 (2045071960)|VARIABLE_SCOPE_BEGIN|[38]|setProductIds|Set<Id>|true|false
15:48:53.959 (2045090866)|VARIABLE_ASSIGNMENT|[38]|setProductIds|[]|0x375de3a0
15:48:53.959 (2045095928)|STATEMENT_EXECUTE|[39]
15:48:53.959 (2045099207)|HEAP_ALLOCATE|[39]|Bytes:4
15:48:53.959 (2045106808)|VARIABLE_SCOPE_BEGIN|[39]|setAccountIds|Set<Id>|true|false
15:48:53.959 (2045115849)|VARIABLE_ASSIGNMENT|[39]|setAccountIds|[]|0x5ff9399c
15:48:53.959 (2045119974)|STATEMENT_EXECUTE|[42]
15:48:53.959 (2045137849)|HEAP_ALLOCATE|[42]|Bytes:4
15:48:53.959 (2045146109)|VARIABLE_SCOPE_BEGIN|[42]|itemsByOrderId|Map<Id,List<OrderItem>>|true|false
15:48:53.959 (2045157414)|VARIABLE_ASSIGNMENT|[42]|itemsByOrderId|{}|0x688c567d
15:48:53.959 (2045185436)|HEAP_ALLOCATE|[45]|Bytes:5
15:48:53.959 (2045199267)|HEAP_ALLOCATE|[45]|Bytes:4
15:48:53.959 (2045206127)|VARIABLE_SCOPE_BEGIN|[45]|item|OrderItem|true|false
15:48:53.959 (2045820553)|VARIABLE_ASSIGNMENT|[45]|item|{"Product_Code_Display__c":"TRT 7","IsDeleted":false,"UnitPrice":0.00,"Product2Id":"01tg8000001RQyjAAG","PricebookEntryId":"01ug8000000gTiLAAU","TotalPrice":0.00,"Quantity":0.00,"ListPrice":1000.00,"OrderId":"801g8000009VivjAAC"}|0xc846a93
15:48:53.959 (2045832067)|STATEMENT_EXECUTE|[45]
15:48:53.959 (2045846861)|STATEMENT_EXECUTE|[46]
15:48:53.959 (2045848279)|STATEMENT_EXECUTE|[47]
15:48:53.959 (2045862172)|HEAP_ALLOCATE|[EXTERNAL]|Bytes:4
15:48:53.959 (2045881466)|STATEMENT_EXECUTE|[49]
15:48:53.959 (2045891769)|HEAP_ALLOCATE|[49]|Bytes:4
15:48:53.959 (2045911050)|HEAP_ALLOCATE|[EXTERNAL]|Bytes:4
15:48:53.959 (2045914781)|HEAP_ALLOCATE|[EXTERNAL]|Bytes:-4
15:48:53.959 (2045918321)|STATEMENT_EXECUTE|[50]
15:48:53.959 (2045948304)|HEAP_ALLOCATE|[EXTERNAL]|Bytes:4
15:48:53.959 (2045955382)|STATEMENT_EXECUTE|[52]
15:48:53.959 (2045959451)|HEAP_ALLOCATE|[EXTERNAL]|Bytes:4
15:48:53.959 (2045971491)|HEAP_ALLOCATE|[45]|Bytes:5
15:48:53.959 (2045981276)|VARIABLE_ASSIGNMENT|[45]|item|null|
15:48:53.959 (2045984694)|STATEMENT_EXECUTE|[56]
15:48:53.959 (2045993173)|METHOD_ENTRY|[56]|01pg8000001w1Md|OrderSelector.getOrdersByIds(Set<Id>)
15:48:53.959 (2045998588)|VARIABLE_SCOPE_BEGIN|[2]|ids|Set<Id>|true|false
15:48:53.959 (2046007288)|VARIABLE_ASSIGNMENT|[2]|ids|["801g8000009VivjAAC"]|0xcbcb0bd
15:48:53.959 (2046016731)|STATEMENT_EXECUTE|[2]
15:48:53.959 (2046017880)|STATEMENT_EXECUTE|[3]
15:48:53.959 (2046023831)|HEAP_ALLOCATE|[3]|Bytes:4
15:48:53.959 (2046030201)|HEAP_ALLOCATE|[3]|Bytes:4
15:48:53.959 (2046507680)|SOQL_EXECUTE_BEGIN|[3]|Aggregations:0|SELECT Id, DistributionCenter__c, State__c, City__c, Country__c, AccountId, Status FROM Order WHERE Id = :tmpVar1
15:48:53.959 (2051202958)|SOQL_EXECUTE_END|[3]|Rows:1
15:48:53.959 (2051257986)|HEAP_ALLOCATE|[3]|Bytes:8
15:48:53.959 (2051347739)|HEAP_ALLOCATE|[3]|Bytes:209
15:48:53.959 (2051415041)|HEAP_ALLOCATE|[3]|Bytes:8
15:48:53.959 (2051440767)|HEAP_ALLOCATE|[3]|Bytes:32
15:48:53.959 (2051463717)|HEAP_ALLOCATE|[3]|Bytes:4
15:48:53.959 (2051507847)|METHOD_EXIT|[56]|01pg8000001w1Md|OrderSelector.getOrdersByIds(Set<Id>)
15:48:53.959 (2051522252)|VARIABLE_SCOPE_BEGIN|[56]|mapOrders|Map<Id,Order>|true|false
15:48:53.959 (2051839437)|VARIABLE_ASSIGNMENT|[56]|mapOrders|{"801g8000009VivjAAC":{"Status":"Draft","City__c":"a05g8000002BgdtAAC","Country__c":"a03g80000084tcUAAQ","AccountId":"001g8000009VivhAAC","DistributionCenter__c":"a06g8000001gZKDAA2","Id":"801g8000009VivjAAC","State__c":"a04g8000000b5VNAAY"}}|0x60d7c726
15:48:53.959 (2051905082)|HEAP_ALLOCATE|[EXTERNAL]|Bytes:8
15:48:53.959 (2051919600)|HEAP_ALLOCATE|[58]|Bytes:216
15:48:53.959 (2052002846)|HEAP_ALLOCATE|[58]|Bytes:5
15:48:53.959 (2052027506)|HEAP_ALLOCATE|[58]|Bytes:32
15:48:53.959 (2052046765)|VARIABLE_SCOPE_BEGIN|[58]|o|Order|true|false
15:48:53.959 (2052161982)|VARIABLE_ASSIGNMENT|[58]|o|{"Status":"Draft","City__c":"a05g8000002BgdtAAC","Country__c":"a03g80000084tcUAAQ","AccountId":"001g8000009VivhAAC","DistributionCenter__c":"a06g8000001gZKDAA2","Id":"801g8000009VivjAAC","State__c":"a04g8000000b5VNAAY"}|0x40d9d593
15:48:53.959 (2052188575)|STATEMENT_EXECUTE|[58]
15:48:53.959 (2052222491)|HEAP_ALLOCATE|[EXTERNAL]|Bytes:4
15:48:53.959 (2052235690)|HEAP_ALLOCATE|[58]|Bytes:5
15:48:53.959 (2052245760)|VARIABLE_ASSIGNMENT|[58]|o|null|
15:48:53.959 (2052250659)|STATEMENT_EXECUTE|[60]
15:48:53.959 (2052296554)|HEAP_ALLOCATE|[60]|Bytes:1
15:48:53.959 (2052333541)|METHOD_ENTRY|[1]|01pg8000001w1MX|AccountSelector.AccountSelector()
15:48:53.959 (2052339774)|STATEMENT_EXECUTE|[1]
15:48:53.959 (2052343671)|STATEMENT_EXECUTE|[1]
15:48:53.959 (2052349543)|METHOD_EXIT|[1]|AccountSelector
15:48:53.959 (2052363006)|METHOD_ENTRY|[60]|01pg8000001w1MX|AccountSelector.getAccountByIds(Set<Id>)
15:48:53.959 (2052370194)|VARIABLE_SCOPE_BEGIN|[2]|ids|Set<Id>|true|false
15:48:53.959 (2052383271)|VARIABLE_ASSIGNMENT|[2]|ids|["001g8000009VivhAAC"]|0x5ff9399c
15:48:53.959 (2052415878)|STATEMENT_EXECUTE|[2]
15:48:53.959 (2052417229)|STATEMENT_EXECUTE|[3]
15:48:53.959 (2052432470)|HEAP_ALLOCATE|[3]|Bytes:4
15:48:53.959 (2052437503)|HEAP_ALLOCATE|[3]|Bytes:59
15:48:53.959 (2052454920)|HEAP_ALLOCATE|[3]|Bytes:4
15:48:53.959 (2053020775)|SOQL_EXECUTE_BEGIN|[3]|Aggregations:0|SELECT Id, AccountGroup__c FROM Account WHERE Id = :tmpVar1
15:48:53.959 (2057212324)|SOQL_EXECUTE_END|[3]|Rows:1
15:48:53.959 (2057239511)|HEAP_ALLOCATE|[3]|Bytes:8
15:48:53.959 (2057267407)|HEAP_ALLOCATE|[3]|Bytes:66
15:48:53.959 (2057316133)|HEAP_ALLOCATE|[3]|Bytes:8
15:48:53.959 (2057370588)|HEAP_ALLOCATE|[3]|Bytes:12
15:48:53.959 (2057385265)|HEAP_ALLOCATE|[3]|Bytes:4
15:48:53.959 (2057398688)|METHOD_EXIT|[60]|01pg8000001w1MX|AccountSelector.getAccountByIds(Set<Id>)
15:48:53.959 (2057407436)|VARIABLE_SCOPE_BEGIN|[60]|mapAccounts|Map<Id,Account>|true|false
15:48:53.959 (2057550777)|VARIABLE_ASSIGNMENT|[60]|mapAccounts|{"001g8000009VivhAAC":{"AccountGroup__c":"a02g8000002mQYXAA2","Id":"001g8000009VivhAAC"}}|0x689253da
15:48:53.959 (2057561153)|STATEMENT_EXECUTE|[62]
15:48:53.959 (2057581136)|HEAP_ALLOCATE|[62]|Bytes:1
15:48:53.959 (2057600951)|METHOD_ENTRY|[1]|01pg8000001w1Mf|ProductSelector.ProductSelector()
15:48:53.959 (2057607180)|STATEMENT_EXECUTE|[1]
15:48:53.959 (2057611091)|STATEMENT_EXECUTE|[1]
15:48:53.959 (2057617429)|METHOD_EXIT|[1]|ProductSelector
15:48:53.959 (2057626566)|METHOD_ENTRY|[62]|01pg8000001w1Mf|ProductSelector.getProductByIds(Set<Id>)
15:48:53.959 (2057633213)|VARIABLE_SCOPE_BEGIN|[2]|ids|Set<Id>|true|false
15:48:53.959 (2057651617)|VARIABLE_ASSIGNMENT|[2]|ids|["01tg8000001RQyjAAG"]|0x375de3a0
15:48:53.959 (2057664463)|STATEMENT_EXECUTE|[2]
15:48:53.959 (2057665702)|STATEMENT_EXECUTE|[3]
15:48:53.959 (2057680463)|HEAP_ALLOCATE|[3]|Bytes:4
15:48:53.959 (2057685356)|HEAP_ALLOCATE|[3]|Bytes:83
15:48:53.959 (2057692748)|HEAP_ALLOCATE|[3]|Bytes:4
15:48:53.959 (2058152446)|SOQL_EXECUTE_BEGIN|[3]|Aggregations:0|SELECT Id, ProductionCost__c, ProductHierarchy__c FROM Product2 WHERE Id = :tmpVar1
15:48:53.959 (2061890353)|SOQL_EXECUTE_END|[3]|Rows:1
15:48:53.959 (2061916818)|HEAP_ALLOCATE|[3]|Bytes:8
15:48:53.959 (2061939831)|HEAP_ALLOCATE|[3]|Bytes:127
15:48:53.959 (2061979685)|HEAP_ALLOCATE|[3]|Bytes:8
15:48:53.959 (2062008009)|HEAP_ALLOCATE|[3]|Bytes:16
15:48:53.959 (2062029079)|HEAP_ALLOCATE|[3]|Bytes:4
15:48:53.959 (2062042855)|METHOD_EXIT|[62]|01pg8000001w1Mf|ProductSelector.getProductByIds(Set<Id>)
15:48:53.959 (2062051168)|VARIABLE_SCOPE_BEGIN|[62]|mapProducts|Map<Id,Product2>|true|false
15:48:53.959 (2062142018)|VARIABLE_ASSIGNMENT|[62]|mapProducts|{"01tg8000001RQyjAAG":{"ProductionCost__c":300000.00,"ProductHierarchy__c":"a01g8000009ViviAAC","Id":"01tg8000001RQyjAAG"}}|0x2e315077
15:48:53.959 (2062152017)|STATEMENT_EXECUTE|[65]
15:48:53.959 (2062169767)|HEAP_ALLOCATE|[65]|Bytes:1
15:48:53.959 (2062182843)|METHOD_ENTRY|[1]|01pg8000001w1MZ|MargemSelector.MargemSelector()
15:48:53.959 (2062188034)|STATEMENT_EXECUTE|[1]
15:48:53.959 (2062191587)|STATEMENT_EXECUTE|[1]
15:48:53.959 (2062196958)|METHOD_EXIT|[1]|MargemSelector
15:48:53.959 (2062205538)|METHOD_ENTRY|[65]|01pg8000001w1MZ|MargemSelector.getMargemApproved()
15:48:53.959 (2062218663)|STATEMENT_EXECUTE|[2]
15:48:53.959 (2062219935)|STATEMENT_EXECUTE|[3]
15:48:53.959 (2062222765)|HEAP_ALLOCATE|[3]|Bytes:165
15:48:53.959 (2062235892)|HEAP_ALLOCATE|[3]|Bytes:4
15:48:53.959 (2062703157)|SOQL_EXECUTE_BEGIN|[3]|Aggregations:0|SELECT Product__c, ProductHierarchy__c, Account__c, AccountGroup__c, City__c, State__c, Country__c, MarginValuePercent__c FROM Margem__c WHERE Status__c = 'Approved'
15:48:53.959 (2067014683)|SOQL_EXECUTE_END|[3]|Rows:1
15:48:53.959 (2067065520)|HEAP_ALLOCATE|[3]|Bytes:8
15:48:53.959 (2067129548)|HEAP_ALLOCATE|[3]|Bytes:184
15:48:53.959 (2067222176)|HEAP_ALLOCATE|[3]|Bytes:8
15:48:53.959 (2067245974)|METHOD_EXIT|[65]|01pg8000001w1MZ|MargemSelector.getMargemApproved()
15:48:53.959 (2067255944)|VARIABLE_SCOPE_BEGIN|[65]|listMargins|List<Margem__c>|true|false
15:48:53.959 (2067393697)|VARIABLE_ASSIGNMENT|[65]|listMargins|[{"Account__c":"001g8000009VivhAAC","Product__c":"01tg8000001RQyjAAG","Id":"a00g800000PiDJ6AAN","State__c":"a04g8000000b5VNAAY","MarginValuePercent__c":15.00}]|0x252ea48d
15:48:53.959 (2067428527)|STATEMENT_EXECUTE|[68]
15:48:53.959 (2067456032)|HEAP_ALLOCATE|[68]|Bytes:4
15:48:53.959 (2067479004)|VARIABLE_SCOPE_BEGIN|[68]|mapMargin|Map<String,Margem__c>|true|false
15:48:53.959 (2067495845)|VARIABLE_ASSIGNMENT|[68]|mapMargin|{}|0x102c3292
15:48:53.959 (2067567881)|HEAP_ALLOCATE|[69]|Bytes:5
15:48:53.959 (2067598096)|HEAP_ALLOCATE|[69]|Bytes:24
15:48:53.959 (2067607913)|VARIABLE_SCOPE_BEGIN|[69]|m|Margem__c|true|false
15:48:53.959 (2067678283)|VARIABLE_ASSIGNMENT|[69]|m|{"Account__c":"001g8000009VivhAAC","Product__c":"01tg8000001RQyjAAG","Id":"a00g800000PiDJ6AAN","State__c":"a04g8000000b5VNAAY","MarginValuePercent__c":15.00}|0x360976f6
15:48:53.959 (2067687836)|STATEMENT_EXECUTE|[69]
15:48:53.959 (2067690169)|STATEMENT_EXECUTE|[70]
15:48:53.959 (2067785824)|HEAP_ALLOCATE|[70]|Bytes:18
15:48:53.959 (2067799422)|VARIABLE_SCOPE_BEGIN|[70]|p|String|false|false
15:48:53.959 (2067808774)|VARIABLE_ASSIGNMENT|[70]|p|"01tg8000001RQyjAAG"
15:48:53.959 (2067821860)|STATEMENT_EXECUTE|[71]
15:48:53.959 (2067839759)|HEAP_ALLOCATE|[71]|Bytes:18
15:48:53.959 (2067846773)|VARIABLE_SCOPE_BEGIN|[71]|a|String|false|false
15:48:53.959 (2067862138)|VARIABLE_ASSIGNMENT|[71]|a|"001g8000009VivhAAC"
15:48:53.959 (2067868574)|STATEMENT_EXECUTE|[72]
15:48:53.959 (2067882569)|HEAP_ALLOCATE|[72]|Bytes:18
15:48:53.959 (2067901463)|VARIABLE_SCOPE_BEGIN|[72]|l|String|false|false
15:48:53.959 (2067914347)|VARIABLE_ASSIGNMENT|[72]|l|"a04g8000000b5VNAAY"
15:48:53.959 (2067927070)|STATEMENT_EXECUTE|[75]
15:48:53.959 (2067932962)|HEAP_ALLOCATE|[75]|Bytes:1
15:48:53.959 (2067950422)|HEAP_ALLOCATE|[75]|Bytes:56
15:48:53.959 (2067963864)|VARIABLE_SCOPE_BEGIN|[75]|compositeKey|String|false|false
15:48:53.959 (2068000961)|VARIABLE_ASSIGNMENT|[75]|compositeKey|"01tg8000001RQyjAAG_0 (36 more) ..."
15:48:53.959 (2068018722)|STATEMENT_EXECUTE|[76]
15:48:53.959 (2068070548)|HEAP_ALLOCATE|[EXTERNAL]|Bytes:-4
15:48:53.959 (2068077148)|STATEMENT_EXECUTE|[77]
15:48:53.959 (2068079673)|HEAP_ALLOCATE|[77]|Bytes:28
15:48:53.959 (2068087734)|HEAP_ALLOCATE|[77]|Bytes:84
15:48:53.959 (2068112827)|USER_DEBUG|[77]|DEBUG|MAPA MARGEM - Chave Gerada: 01tg8000001RQyjAAG_001g8000009VivhAAC_a04g8000000b5VNAAY
15:48:53.959 (2068123017)|HEAP_ALLOCATE|[69]|Bytes:5
15:48:53.959 (2068132065)|VARIABLE_ASSIGNMENT|[69]|m|null|
15:48:53.959 (2068137717)|STATEMENT_EXECUTE|[81]
15:48:53.959 (2068153229)|HEAP_ALLOCATE|[81]|Bytes:1
15:48:53.959 (2068164658)|METHOD_ENTRY|[1]|01pg8000001w1Mg|TaxSelector.TaxSelector()
15:48:53.959 (2068170398)|STATEMENT_EXECUTE|[1]
15:48:53.959 (2068174750)|STATEMENT_EXECUTE|[1]
15:48:53.959 (2068179647)|METHOD_EXIT|[1]|TaxSelector
15:48:53.959 (2068188893)|METHOD_ENTRY|[81]|01pg8000001w1Mg|TaxSelector.getTaxApproved()
15:48:53.959 (2068202489)|STATEMENT_EXECUTE|[2]
15:48:53.959 (2068205221)|STATEMENT_EXECUTE|[3]
15:48:53.959 (2068207711)|HEAP_ALLOCATE|[3]|Bytes:103
15:48:53.959 (2068216866)|HEAP_ALLOCATE|[3]|Bytes:4
15:48:53.959 (2068646711)|SOQL_EXECUTE_BEGIN|[3]|Aggregations:0|SELECT Product__c, State__c, DistributionCenter__c, TaxRate__c FROM Tax__c WHERE Status__c = 'Approved'
15:48:53.959 (2071439167)|SOQL_EXECUTE_END|[3]|Rows:1
15:48:53.959 (2071460786)|HEAP_ALLOCATE|[3]|Bytes:8
15:48:53.959 (2071484186)|HEAP_ALLOCATE|[3]|Bytes:184
15:48:53.959 (2071524582)|HEAP_ALLOCATE|[3]|Bytes:8
15:48:53.959 (2071539460)|METHOD_EXIT|[81]|01pg8000001w1Mg|TaxSelector.getTaxApproved()
15:48:53.959 (2071546049)|VARIABLE_SCOPE_BEGIN|[81]|listTaxes|List<Tax__c>|true|false
15:48:53.959 (2071634086)|VARIABLE_ASSIGNMENT|[81]|listTaxes|[{"DistributionCenter__c":"a06g8000001gZKDAA2","Product__c":"01tg8000001RQyjAAG","TaxRate__c":10.00,"Id":"a09g8000002D2vhAAC","State__c":"a04g8000000b5VNAAY"}]|0x7ecc40b1
15:48:53.959 (2071642729)|STATEMENT_EXECUTE|[83]
15:48:53.959 (2071655678)|HEAP_ALLOCATE|[83]|Bytes:4
15:48:53.959 (2071666875)|VARIABLE_SCOPE_BEGIN|[83]|mapTaxByCompositeKey|Map<String,Tax__c>|true|false
15:48:53.959 (2071676670)|VARIABLE_ASSIGNMENT|[83]|mapTaxByCompositeKey|{}|0x45550426
15:48:53.959 (2071714503)|HEAP_ALLOCATE|[84]|Bytes:5
15:48:53.959 (2071730879)|HEAP_ALLOCATE|[84]|Bytes:24
15:48:53.959 (2071768331)|VARIABLE_SCOPE_BEGIN|[84]|t|Tax__c|true|false
15:48:53.959 (2071798740)|VARIABLE_ASSIGNMENT|[84]|t|{"DistributionCenter__c":"a06g8000001gZKDAA2","Product__c":"01tg8000001RQyjAAG","TaxRate__c":10.00,"Id":"a09g8000002D2vhAAC","State__c":"a04g8000000b5VNAAY"}|0x6849c272
15:48:53.959 (2071804602)|STATEMENT_EXECUTE|[84]
15:48:53.959 (2071805974)|STATEMENT_EXECUTE|[85]
15:48:53.959 (2071836260)|HEAP_ALLOCATE|[85]|Bytes:18
15:48:53.959 (2071847023)|HEAP_ALLOCATE|[86]|Bytes:18
15:48:53.959 (2071855997)|HEAP_ALLOCATE|[87]|Bytes:18
15:48:53.959 (2071866632)|HEAP_ALLOCATE|[85]|Bytes:54
15:48:53.959 (2071869877)|VARIABLE_SCOPE_BEGIN|[85]|key|String|false|false
15:48:53.959 (2071876784)|VARIABLE_ASSIGNMENT|[85]|key|"01tg8000001RQyjAAGa0 (34 more) ..."
15:48:53.959 (2071879835)|STATEMENT_EXECUTE|[88]
15:48:53.959 (2071889793)|HEAP_ALLOCATE|[EXTERNAL]|Bytes:-4
15:48:53.959 (2071898350)|HEAP_ALLOCATE|[84]|Bytes:5
15:48:53.959 (2071904724)|VARIABLE_ASSIGNMENT|[84]|t|null|
15:48:53.959 (2071908148)|STATEMENT_EXECUTE|[92]
15:48:53.959 (2071919589)|HEAP_ALLOCATE|[92]|Bytes:1
15:48:53.959 (2071928698)|METHOD_ENTRY|[1]|01pg8000001w1MY|FreightSelector.FreightSelector()
15:48:53.959 (2071932654)|STATEMENT_EXECUTE|[1]
15:48:53.959 (2071934999)|STATEMENT_EXECUTE|[1]
15:48:53.959 (2071939174)|METHOD_EXIT|[1]|FreightSelector
15:48:53.959 (2071944414)|METHOD_ENTRY|[92]|01pg8000001w1MY|FreightSelector.getFreightApproved()
15:48:53.959 (2071954789)|STATEMENT_EXECUTE|[2]
15:48:53.959 (2071955838)|STATEMENT_EXECUTE|[3]
15:48:53.959 (2071957720)|HEAP_ALLOCATE|[3]|Bytes:154
15:48:53.959 (2071966158)|HEAP_ALLOCATE|[3]|Bytes:4
15:48:53.959 (2072270807)|SOQL_EXECUTE_BEGIN|[3]|Aggregations:0|SELECT Product__c, City__c, State__c, Country__c, DistributionCenter__c, FreightValue__c, ProductHierarchy__c FROM Freight__c WHERE Status__c = 'Approved'
15:48:53.959 (2075057176)|SOQL_EXECUTE_END|[3]|Rows:1
15:48:53.959 (2075082842)|HEAP_ALLOCATE|[3]|Bytes:8
15:48:53.959 (2075107685)|HEAP_ALLOCATE|[3]|Bytes:189
15:48:53.959 (2075149873)|HEAP_ALLOCATE|[3]|Bytes:8
15:48:53.959 (2075167540)|METHOD_EXIT|[92]|01pg8000001w1MY|FreightSelector.getFreightApproved()
15:48:53.959 (2075175166)|VARIABLE_SCOPE_BEGIN|[92]|listFreights|List<Freight__c>|true|false
15:48:53.959 (2075310624)|VARIABLE_ASSIGNMENT|[92]|listFreights|[{"DistributionCenter__c":"a06g8000001gZKDAA2","Product__c":"01tg8000001RQyjAAG","Id":"a0Ag8000000gGrZEAU","State__c":"a04g8000000b5VNAAY","FreightValue__c":700.00}]|0x4820d5ee
15:48:53.959 (2075322392)|STATEMENT_EXECUTE|[94]
15:48:53.959 (2075337740)|HEAP_ALLOCATE|[94]|Bytes:4
15:48:53.959 (2075350582)|VARIABLE_SCOPE_BEGIN|[94]|mapFreight|Map<String,Freight__c>|true|false
15:48:53.959 (2075363727)|VARIABLE_ASSIGNMENT|[94]|mapFreight|{}|0x6efcbcdf
15:48:53.959 (2075403837)|HEAP_ALLOCATE|[95]|Bytes:5
15:48:53.959 (2075420831)|HEAP_ALLOCATE|[95]|Bytes:24
15:48:53.959 (2075428547)|VARIABLE_SCOPE_BEGIN|[95]|f|Freight__c|true|false
15:48:53.959 (2075471670)|VARIABLE_ASSIGNMENT|[95]|f|{"DistributionCenter__c":"a06g8000001gZKDAA2","Product__c":"01tg8000001RQyjAAG","Id":"a0Ag8000000gGrZEAU","State__c":"a04g8000000b5VNAAY","FreightValue__c":700.00}|0x25c95bac
15:48:53.959 (2075478652)|STATEMENT_EXECUTE|[95]
15:48:53.959 (2075480431)|STATEMENT_EXECUTE|[96]
15:48:53.959 (2075514655)|HEAP_ALLOCATE|[96]|Bytes:18
15:48:53.959 (2075523792)|VARIABLE_SCOPE_BEGIN|[96]|quem|String|false|false
15:48:53.959 (2075531081)|VARIABLE_ASSIGNMENT|[96]|quem|"01tg8000001RQyjAAG"
15:48:53.959 (2075534847)|STATEMENT_EXECUTE|[97]
15:48:53.959 (2075546035)|HEAP_ALLOCATE|[97]|Bytes:18
15:48:53.959 (2075552311)|VARIABLE_SCOPE_BEGIN|[97]|onde|String|false|false
15:48:53.959 (2075558426)|VARIABLE_ASSIGNMENT|[97]|onde|"a04g8000000b5VNAAY"
15:48:53.959 (2075561645)|STATEMENT_EXECUTE|[99]
15:48:53.959 (2075568620)|HEAP_ALLOCATE|[99]|Bytes:37
15:48:53.959 (2075571701)|VARIABLE_SCOPE_BEGIN|[99]|key|String|false|false
15:48:53.959 (2075579283)|VARIABLE_ASSIGNMENT|[99]|key|"01tg8000001RQyjAAG_a (17 more) ..."
15:48:53.959 (2075582787)|STATEMENT_EXECUTE|[101]
15:48:53.959 (2075594385)|HEAP_ALLOCATE|[EXTERNAL]|Bytes:-4
15:48:53.959 (2075600382)|STATEMENT_EXECUTE|[102]
15:48:53.959 (2075602346)|HEAP_ALLOCATE|[102]|Bytes:27
15:48:53.959 (2075608787)|HEAP_ALLOCATE|[102]|Bytes:64
15:48:53.959 (2075625496)|USER_DEBUG|[102]|DEBUG|MAPA FRETE - Chave Gerada: 01tg8000001RQyjAAG_a04g8000000b5VNAAY
15:48:53.959 (2075637101)|HEAP_ALLOCATE|[95]|Bytes:5
15:48:53.959 (2075646026)|VARIABLE_ASSIGNMENT|[95]|f|null|
15:48:53.959 (2075668511)|HEAP_ALLOCATE|[106]|Bytes:5
15:48:53.959 (2075682737)|HEAP_ALLOCATE|[106]|Bytes:4
15:48:53.959 (2075687957)|VARIABLE_SCOPE_BEGIN|[106]|item|OrderItem|true|false
15:48:53.959 (2076739358)|VARIABLE_ASSIGNMENT|[106]|item|{"Product_Code_Display__c":"TRT 7","IsDeleted":false,"UnitPrice":0.00,"Product2Id":"01tg8000001RQyjAAG","PricebookEntryId":"01ug8000000gTiLAAU","TotalPrice":0.00,"Quantity":0.00,"ListPrice":1000.00,"OrderId":"801g8000009VivjAAC"}|0xc846a93
15:48:53.959 (2076761880)|STATEMENT_EXECUTE|[106]
15:48:53.959 (2076763758)|STATEMENT_EXECUTE|[107]
15:48:53.959 (2076804149)|VARIABLE_SCOPE_BEGIN|[107]|pedido|Order|true|false
15:48:53.959 (2076905130)|VARIABLE_ASSIGNMENT|[107]|pedido|{"Status":"Draft","City__c":"a05g8000002BgdtAAC","Country__c":"a03g80000084tcUAAQ","AccountId":"001g8000009VivhAAC","DistributionCenter__c":"a06g8000001gZKDAA2","Id":"801g8000009VivjAAC","State__c":"a04g8000000b5VNAAY"}|0x40d9d593
15:48:53.959 (2076912069)|STATEMENT_EXECUTE|[108]
15:48:53.959 (2076930936)|VARIABLE_SCOPE_BEGIN|[108]|produto|Product2|true|false
15:48:53.959 (2076972896)|VARIABLE_ASSIGNMENT|[108]|produto|{"ProductionCost__c":300000.00,"ProductHierarchy__c":"a01g8000009ViviAAC","Id":"01tg8000001RQyjAAG"}|0x2a4e9f5f
15:48:53.959 (2076977936)|STATEMENT_EXECUTE|[109]
15:48:53.959 (2077004545)|VARIABLE_SCOPE_BEGIN|[109]|cliente|Account|true|false
15:48:53.959 (2077092767)|VARIABLE_ASSIGNMENT|[109]|cliente|{"AccountGroup__c":"a02g8000002mQYXAA2","Id":"001g8000009VivhAAC"}|0x640fb05d
15:48:53.959 (2077147484)|HEAP_ALLOCATE|[113]|Bytes:28
15:48:53.959 (2077169925)|HEAP_ALLOCATE|[113]|Bytes:28
15:48:53.959 (2077172724)|HEAP_ALLOCATE|[113]|Bytes:28
15:48:53.959 (2077217569)|STATEMENT_EXECUTE|[113]
15:48:53.959 (2077219493)|STATEMENT_EXECUTE|[114]
15:48:53.959 (2077223024)|HEAP_ALLOCATE|[114]|Bytes:76
15:48:53.959 (2077402026)|VF_PAGE_MESSAGE|Não é possível cadastrar produtos do pedido com quantidade ou preço zerados.
15:48:53.959 (2077416443)|STATEMENT_EXECUTE|[115]
15:48:53.959 (2077429870)|HEAP_ALLOCATE|[106]|Bytes:5
15:48:53.959 (2077443467)|VARIABLE_ASSIGNMENT|[106]|item|null|
15:48:53.959 (2077452308)|METHOD_EXIT|[20]|01pg8000001EZwd|OrdemItemHandler.executePricingLogic()
15:48:53.959 (2077458554)|STATEMENT_EXECUTE|[21]
15:48:53.959 (2077472249)|METHOD_ENTRY|[21]|01pg8000001EZwd|OrdemItemHandler.checkDuplicateProducts()
15:48:53.959 (2077479981)|VARIABLE_SCOPE_BEGIN|[145]|this|OrdemItemHandler|true|false
15:48:53.959 (2077565419)|VARIABLE_ASSIGNMENT|[145]|this|{"newRecords":"0x7f8a547a","handlerName":"OrderItemHandler","isTriggerExecuting":true,"triggerEvent":"0x461e9db9"}|0x373597be
15:48:53.959 (2077579529)|STATEMENT_EXECUTE|[145]
15:48:53.959 (2077581508)|STATEMENT_EXECUTE|[146]
15:48:53.959 (2077602311)|HEAP_ALLOCATE|[146]|Bytes:4
15:48:53.959 (2077620237)|VARIABLE_SCOPE_BEGIN|[146]|setOrderIds|Set<Id>|true|false
15:48:53.959 (2077660398)|VARIABLE_ASSIGNMENT|[146]|setOrderIds|[]|0xe5c033
15:48:53.959 (2077665272)|STATEMENT_EXECUTE|[147]
15:48:53.959 (2077669111)|HEAP_ALLOCATE|[147]|Bytes:4
15:48:53.959 (2077676811)|VARIABLE_SCOPE_BEGIN|[147]|setProductIds|Set<Id>|true|false
15:48:53.959 (2077686440)|VARIABLE_ASSIGNMENT|[147]|setProductIds|[]|0x5e0f1317
15:48:53.959 (2077710640)|HEAP_ALLOCATE|[149]|Bytes:5
15:48:53.959 (2077731604)|HEAP_ALLOCATE|[149]|Bytes:4
15:48:53.959 (2077738688)|VARIABLE_SCOPE_BEGIN|[149]|ot|OrderItem|true|false
15:48:53.959 (2078788074)|VARIABLE_ASSIGNMENT|[149]|ot|{"Product_Code_Display__c":"TRT 7","IsDeleted":false,"UnitPrice":0.00,"Product2Id":"01tg8000001RQyjAAG","PricebookEntryId":"01ug8000000gTiLAAU","TotalPrice":0.00,"Quantity":0.00,"ListPrice":1000.00,"OrderId":"801g8000009VivjAAC"}|0xc846a93
15:48:53.959 (2078804315)|STATEMENT_EXECUTE|[149]
15:48:53.959 (2078805998)|STATEMENT_EXECUTE|[150]
15:48:53.959 (2078838232)|HEAP_ALLOCATE|[EXTERNAL]|Bytes:4
15:48:53.959 (2078847248)|STATEMENT_EXECUTE|[151]
15:48:53.959 (2078853808)|HEAP_ALLOCATE|[EXTERNAL]|Bytes:4
15:48:53.959 (2078869276)|HEAP_ALLOCATE|[149]|Bytes:5
15:48:53.959 (2078883475)|VARIABLE_ASSIGNMENT|[149]|ot|null|
15:48:53.959 (2078887834)|STATEMENT_EXECUTE|[154]
15:48:53.959 (2078905842)|HEAP_ALLOCATE|[154]|Bytes:4
15:48:53.959 (2078918169)|METHOD_ENTRY|[1]|01pg8000001w1Mc|OrderItemSelector.OrderItemSelector()
15:48:53.959 (2078923464)|STATEMENT_EXECUTE|[1]
15:48:53.959 (2078926818)|STATEMENT_EXECUTE|[1]
15:48:53.959 (2078931878)|METHOD_EXIT|[1]|OrderItemSelector
15:48:53.959 (2078940582)|METHOD_ENTRY|[154]|01pg8000001w1Mc|OrderItemSelector.getOrderItemByIds(Set<Id>, Set<Id>)
15:48:53.959 (2078946411)|VARIABLE_SCOPE_BEGIN|[2]|orderIds|Set<Id>|true|false
15:48:53.959 (2078957759)|VARIABLE_ASSIGNMENT|[2]|orderIds|["801g8000009VivjAAC"]|0xe5c033
15:48:53.959 (2079017649)|VARIABLE_SCOPE_BEGIN|[2]|productIds|Set<Id>|true|false
15:48:53.959 (2079025896)|VARIABLE_ASSIGNMENT|[2]|productIds|["01tg8000001RQyjAAG"]|0x5e0f1317
15:48:53.959 (2079043754)|STATEMENT_EXECUTE|[2]
15:48:53.959 (2079045284)|STATEMENT_EXECUTE|[3]
15:48:53.959 (2079048297)|HEAP_ALLOCATE|[3]|Bytes:98
15:48:53.959 (2079061950)|HEAP_ALLOCATE|[3]|Bytes:4
15:48:53.959 (2079076972)|HEAP_ALLOCATE|[3]|Bytes:7
15:48:53.959 (2079617771)|SOQL_EXECUTE_BEGIN|[3]|Aggregations:0|SELECT Id, OrderId, Product2Id FROM OrderItem WHERE (OrderId = :tmpVar1 AND Product2Id = :tmpVar2)
15:48:53.959 (2082344860)|SOQL_EXECUTE_END|[3]|Rows:0
15:48:53.959 (2082380113)|HEAP_ALLOCATE|[3]|Bytes:4
15:48:53.959 (2082396266)|HEAP_ALLOCATE|[3]|Bytes:0
15:48:53.959 (2082435385)|HEAP_ALLOCATE|[3]|Bytes:4
15:48:53.959 (2082455680)|METHOD_EXIT|[154]|01pg8000001w1Mc|OrderItemSelector.getOrderItemByIds(Set<Id>, Set<Id>)
15:48:53.959 (2082463512)|VARIABLE_SCOPE_BEGIN|[154]|existingItens|List<OrderItem>|true|false
15:48:53.959 (2082486371)|VARIABLE_ASSIGNMENT|[154]|existingItens|[]|0x35ab5e93
15:48:53.959 (2082494356)|STATEMENT_EXECUTE|[156]
15:48:53.959 (2082504612)|HEAP_ALLOCATE|[156]|Bytes:4
15:48:53.959 (2082519850)|VARIABLE_SCOPE_BEGIN|[156]|comparacao|Set<String>|true|false
15:48:53.959 (2082537707)|VARIABLE_ASSIGNMENT|[156]|comparacao|[]|0x69cbafe7
15:48:53.959 (2082569100)|HEAP_ALLOCATE|[157]|Bytes:5
15:48:53.959 (2082594914)|VARIABLE_ASSIGNMENT|[157]|it|null|
15:48:53.959 (2082598679)|STATEMENT_EXECUTE|[157]
15:48:53.959 (2082609356)|HEAP_ALLOCATE|[161]|Bytes:5
15:48:53.959 (2082625384)|HEAP_ALLOCATE|[161]|Bytes:4
15:48:53.959 (2082630546)|VARIABLE_SCOPE_BEGIN|[161]|newItem|OrderItem|true|false
15:48:53.959 (2083264209)|VARIABLE_ASSIGNMENT|[161]|newItem|{"Product_Code_Display__c":"TRT 7","IsDeleted":false,"UnitPrice":0.00,"Product2Id":"01tg8000001RQyjAAG","PricebookEntryId":"01ug8000000gTiLAAU","TotalPrice":0.00,"Quantity":0.00,"ListPrice":1000.00,"OrderId":"801g8000009VivjAAC"}|0xc846a93
15:48:53.959 (2083273284)|STATEMENT_EXECUTE|[161]
15:48:53.959 (2083274639)|STATEMENT_EXECUTE|[162]
15:48:53.959 (2083305091)|HEAP_ALLOCATE|[162]|Bytes:18
15:48:53.959 (2083312021)|HEAP_ALLOCATE|[162]|Bytes:1
15:48:53.959 (2083318705)|HEAP_ALLOCATE|[162]|Bytes:18
15:48:53.959 (2083326618)|HEAP_ALLOCATE|[162]|Bytes:37
15:48:53.959 (2083329964)|VARIABLE_SCOPE_BEGIN|[162]|keyCombo|String|false|false
15:48:53.959 (2083353254)|VARIABLE_ASSIGNMENT|[162]|keyCombo|"801g8000009VivjAAC-0 (17 more) ..."
15:48:53.959 (2083367983)|STATEMENT_EXECUTE|[166]
15:48:53.959 (2083369084)|STATEMENT_EXECUTE|[168]
15:48:53.959 (2083373609)|HEAP_ALLOCATE|[EXTERNAL]|Bytes:4
15:48:53.959 (2083384975)|HEAP_ALLOCATE|[161]|Bytes:5
15:48:53.959 (2083391315)|VARIABLE_ASSIGNMENT|[161]|newItem|null|
15:48:53.959 (2083397408)|METHOD_EXIT|[21]|01pg8000001EZwd|OrdemItemHandler.checkDuplicateProducts()
15:48:53.959 (2083405485)|METHOD_EXIT|[137]|01pg8000001EZwd|OrdemItemHandler.beforeInsert()
15:48:53.959 (2083409128)|STATEMENT_EXECUTE|[158]
15:48:53.959 (2083426359)|METHOD_ENTRY|[158]|01pg80000019iSf|TriggerHandler.andFinally()
15:48:53.959 (2083430870)|VARIABLE_SCOPE_BEGIN|[746]|this|TriggerHandler|true|false
15:48:53.959 (2083479969)|VARIABLE_ASSIGNMENT|[746]|this|{"newRecords":"0x7f8a547a","handlerName":"OrderItemHandler","isTriggerExecuting":true,"triggerEvent":"0x461e9db9"}|0x373597be
15:48:53.959 (2083490834)|STATEMENT_EXECUTE|[746]
15:48:53.959 (2083492647)|METHOD_EXIT|[158]|01pg80000019iSf|TriggerHandler.andFinally()
15:48:53.959 (2083519100)|STATEMENT_EXECUTE|[160]
15:48:53.959 (2083522155)|STATEMENT_EXECUTE|[176]
15:48:53.959 (2083525950)|METHOD_EXIT|[2]|01pg80000019iSf|TriggerHandler.run()
15:48:54.83 (2083535297)|CUMULATIVE_LIMIT_USAGE
15:48:54.83 (2083535297)|LIMIT_USAGE_FOR_NS|(default)|
  Number of SOQL queries: 3 out of 100
  Number of query rows: 3 out of 50000
  Number of SOSL queries: 0 out of 20
  Number of DML statements: 13 out of 150
  Number of Publish Immediate DML: 0 out of 150
  Number of DML rows: 13 out of 10000
  Maximum CPU time: 91 out of 10000
  Maximum heap size: 0 out of 6000000
  Number of callouts: 0 out of 100
  Number of Email Invocations: 0 out of 10
  Number of future calls: 0 out of 50
  Number of queueable jobs added to the queue: 0 out of 50
  Number of Mobile Apex push calls: 0 out of 10

15:48:54.83 (2083535297)|TESTING_LIMITS
15:48:54.83 (2083535297)|LIMIT_USAGE_FOR_NS|(default)|
  Number of SOQL queries: 8 out of 100
  Number of query rows: 7 out of 50000
  Number of SOSL queries: 0 out of 20
  Number of DML statements: 1 out of 150
  Number of Publish Immediate DML: 0 out of 150
  Number of DML rows: 1 out of 10000
  Maximum CPU time: 0 out of 10000
  Maximum heap size: 0 out of 6000000
  Number of callouts: 0 out of 100
  Number of Email Invocations: 0 out of 10
  Number of future calls: 0 out of 50
  Number of queueable jobs added to the queue: 0 out of 50
  Number of Mobile Apex push calls: 0 out of 10

15:48:54.83 (2083535297)|CUMULATIVE_LIMIT_USAGE_END

15:48:53.959 (2083730510)|CODE_UNIT_FINISHED|OrdemItemTrigger on OrderItem trigger event BeforeInsert|__sfdc_trigger/OrdemItemTrigger
15:48:53.959 (2085993311)|DML_END|[142]
15:48:53.959 (2086053395)|EXCEPTION_THROWN|[142]|System.DmlException: Insert failed. First exception on row 0; first error: FIELD_CUSTOM_VALIDATION_EXCEPTION, Não é possível cadastrar produtos do pedido com quantidade ou preço zerados.: []
15:48:53.959 (2086996287)|HEAP_ALLOCATE|[142]|Bytes:173
15:48:53.959 (2087039067)|VARIABLE_SCOPE_BEGIN|[144]|e|System.DmlException|true|false
15:48:53.959 (2087174407)|VARIABLE_ASSIGNMENT|[144]|e|"common.apex.runtime.impl.DmlExecutionException: Insert failed. First exception on row 0; first error: FIELD_CUSTOM_VALIDATION_EXCEPTION, Não é possível cadastrar produtos do pedido com quantidade ou preço zerados.: []"|0x7afbff9e
15:48:53.959 (2087183543)|STATEMENT_EXECUTE|[144]
15:48:53.959 (2087185152)|STATEMENT_EXECUTE|[145]
15:48:53.959 (2087233786)|HEAP_ALLOCATE|[145]|Bytes:169
15:48:53.959 (2087239873)|HEAP_ALLOCATE|[145]|Bytes:33
15:48:53.959 (2087264426)|HEAP_ALLOCATE|[145]|Bytes:26
15:48:53.959 (2087277394)|HEAP_ALLOCATE|[145]|Bytes:51
15:48:53.959 (2087293066)|SYSTEM_METHOD_ENTRY|[4]|Assert.Assert()
15:48:53.959 (2087296709)|STATEMENT_EXECUTE|[4]
15:48:53.959 (2087307642)|SYSTEM_METHOD_EXIT|[4]|Assert
15:48:53.959 (2087318509)|METHOD_ENTRY|[145]||System.Assert.isTrue(Boolean, String)
15:48:53.959 (2087367468)|METHOD_EXIT|[145]||System.Assert.isTrue(Boolean, String)
15:48:53.959 (2087371207)|STATEMENT_EXECUTE|[147]
15:48:53.959 (2087378525)|METHOD_ENTRY|[147]||System.Test.stopTest()
15:48:53.959 (2087507136)|METHOD_EXIT|[147]||System.Test.stopTest()
15:48:54.87 (2087517379)|CUMULATIVE_LIMIT_USAGE
15:48:54.87 (2087517379)|LIMIT_USAGE_FOR_NS|(default)|
  Number of SOQL queries: 3 out of 100
  Number of query rows: 3 out of 50000
  Number of SOSL queries: 0 out of 20
  Number of DML statements: 13 out of 150
  Number of Publish Immediate DML: 0 out of 150
  Number of DML rows: 13 out of 10000
  Maximum CPU time: 91 out of 10000
  Maximum heap size: 0 out of 6000000
  Number of callouts: 0 out of 100
  Number of Email Invocations: 0 out of 10
  Number of future calls: 0 out of 50
  Number of queueable jobs added to the queue: 0 out of 50
  Number of Mobile Apex push calls: 0 out of 10

15:48:54.87 (2087517379)|TESTING_LIMITS
15:48:54.87 (2087517379)|LIMIT_USAGE_FOR_NS|(default)|
  Number of SOQL queries: 0 out of 100
  Number of query rows: 0 out of 50000
  Number of SOSL queries: 0 out of 20
  Number of DML statements: 1 out of 150
  Number of Publish Immediate DML: 0 out of 150
  Number of DML rows: 1 out of 10000
  Maximum CPU time: 0 out of 10000
  Maximum heap size: 0 out of 6000000
  Number of callouts: 0 out of 100
  Number of Email Invocations: 0 out of 10
  Number of future calls: 0 out of 50
  Number of queueable jobs added to the queue: 0 out of 50
  Number of Mobile Apex push calls: 0 out of 10

15:48:54.87 (2087517379)|CUMULATIVE_LIMIT_USAGE_END

15:48:53.959 (2087554620)|CODE_UNIT_FINISHED|OrderItemHandlerTest.shouldNotAllowZeroQuantity()
15:48:53.959 (2087563410)|EXECUTION_FINISHED
