66.0 APEX_CODE,FINEST;APEX_PROFILING,INFO;CALLOUT,INFO;DATA_ACCESS,INFO;DB,INFO;NBA,INFO;SYSTEM,DEBUG;VALIDATION,INFO;VISUALFORCE,INFO;WAVE,INFO;WORKFLOW,INFO
11:21:56.0 (255523)|USER_INFO|[EXTERNAL]|005g80000010N45|sabrina.jesus@resourceful-moose-fmmd11.com|(GMT-03:00) Brasilia Standard Time (America/Sao_Paulo)|GMT-03:00
11:21:56.0 (335684)|EXECUTION_STARTED
11:21:56.0 (349501)|CODE_UNIT_STARTED|[EXTERNAL]|TRIGGERS
11:21:56.0 (390127)|CODE_UNIT_STARTED|[EXTERNAL]|01qg8000000Fou9|OrdemItemTrigger on OrderItem trigger event BeforeInsert|__sfdc_trigger/OrdemItemTrigger
11:21:56.0 (488122)|HEAP_ALLOCATE|[EXTERNAL]|Bytes:12
11:21:56.0 (1263402)|HEAP_ALLOCATE|[95]|Bytes:3
11:21:56.0 (1326477)|HEAP_ALLOCATE|[100]|Bytes:152
11:21:56.0 (1341293)|HEAP_ALLOCATE|[417]|Bytes:408
11:21:56.0 (1353419)|HEAP_ALLOCATE|[430]|Bytes:408
11:21:56.0 (1376223)|HEAP_ALLOCATE|[317]|Bytes:6
11:21:56.0 (1405039)|HEAP_ALLOCATE|[EXTERNAL]|Bytes:4
11:21:56.0 (1435914)|VARIABLE_SCOPE_BEGIN|[1]|this|OrdemItemTrigger|true|false
11:21:56.0 (1588001)|VARIABLE_ASSIGNMENT|[1]|this|{}|0x49c7cf96
11:21:56.0 (1648159)|HEAP_ALLOCATE|[EXTERNAL]|Bytes:4
11:21:56.0 (1653093)|VARIABLE_SCOPE_BEGIN|[1]|this|OrdemItemTrigger|true|false
11:21:56.0 (1663421)|VARIABLE_ASSIGNMENT|[1]|this|{}|0x49c7cf96
11:21:56.0 (1710850)|STATEMENT_EXECUTE|[1]
11:21:56.0 (1713232)|STATEMENT_EXECUTE|[2]
11:21:56.0 (25015964)|VARIABLE_SCOPE_BEGIN|[63]|TriggerHandler.BYPASS_ALL_ALIAS|String|false|true
11:21:56.0 (25035225)|VARIABLE_SCOPE_BEGIN|[839]|TriggerHandler.ERROR_TRIGGERCONTEXT|String|false|true
11:21:56.0 (25097959)|VARIABLE_SCOPE_BEGIN|[26]|TriggerHandler.bypassedHandlers|Set<String>|true|true
11:21:56.0 (25108726)|VARIABLE_SCOPE_BEGIN|[32]|TriggerHandler.globalBypass|Boolean|false|true
11:21:56.0 (25297710)|VARIABLE_SCOPE_BEGIN|[20]|TriggerHandler.loopCountMap|Map<String,TriggerHandler.LoopCount>|true|true
11:21:56.0 (25303144)|VARIABLE_SCOPE_BEGIN|[44]|TriggerHandler.showDebug|Boolean|false|true
11:21:56.0 (25306536)|VARIABLE_SCOPE_BEGIN|[38]|TriggerHandler.showLimits|Boolean|false|true
11:21:56.0 (25339689)|HEAP_ALLOCATE|[2]|Bytes:21
11:21:56.0 (25350974)|HEAP_ALLOCATE|[2]|Bytes:6
11:21:56.0 (25390436)|METHOD_ENTRY|[1]|01pg8000001EZwd|OrdemItemHandler.OrdemItemHandler()
11:21:56.0 (25409974)|STATEMENT_EXECUTE|[1]
11:21:56.0 (25424486)|STATEMENT_EXECUTE|[1]
11:21:56.0 (25433711)|METHOD_EXIT|[1]|OrdemItemHandler
11:21:56.0 (25575945)|HEAP_ALLOCATE|[2]|Bytes:32
11:21:56.0 (25608533)|CONSTRUCTOR_ENTRY|[2]|01pg8000001EZwd|<init>()|OrdemItemHandler
11:21:56.0 (25657548)|VARIABLE_SCOPE_BEGIN|[9]|this|OrdemItemHandler|true|false
11:21:56.0 (25720190)|VARIABLE_ASSIGNMENT|[9]|this|{}|0x58c29212
11:21:56.0 (25726718)|STATEMENT_EXECUTE|[1]
11:21:56.0 (25728060)|STATEMENT_EXECUTE|[3]
11:21:56.0 (25730198)|STATEMENT_EXECUTE|[4]
11:21:56.0 (25731376)|STATEMENT_EXECUTE|[5]
11:21:56.0 (25732689)|STATEMENT_EXECUTE|[6]
11:21:56.0 (25734358)|STATEMENT_EXECUTE|[10]
11:21:56.0 (25738399)|HEAP_ALLOCATE|[10]|Bytes:16
11:21:56.0 (25745306)|HEAP_ALLOCATE|[10]|Bytes:33
11:21:56.0 (25750093)|HEAP_ALLOCATE|[10]|Bytes:166
11:21:56.0 (25752168)|HEAP_ALLOCATE|[10]|Bytes:55
11:21:56.0 (25754128)|HEAP_ALLOCATE|[10]|Bytes:9
11:21:56.0 (25777761)|VARIABLE_ASSIGNMENT|[10]|TriggerHandler.BYPASS_ALL_ALIAS|"BypassAll"
11:21:56.0 (25779971)|HEAP_ALLOCATE|[10]|Bytes:51
11:21:56.0 (25785384)|VARIABLE_ASSIGNMENT|[10]|TriggerHandler.ERROR_TRIGGERCONTEXT|"Trigger handler call (31 more) ..."
11:21:56.0 (25794850)|METHOD_ENTRY|[15]|01pg80000019iSf|TriggerHandler.TriggerHandler()
11:21:56.0 (25797395)|STATEMENT_EXECUTE|[15]
11:21:56.0 (25800020)|STATEMENT_EXECUTE|[15]
11:21:56.0 (25801380)|STATEMENT_EXECUTE|[66]
11:21:56.0 (25802688)|STATEMENT_EXECUTE|[67]
11:21:56.0 (25814470)|HEAP_ALLOCATE|[67]|Bytes:4
11:21:56.0 (25856883)|VARIABLE_ASSIGNMENT|[67]|TriggerHandler.loopCountMap|{}|0xa8867f3
11:21:56.0 (25860076)|STATEMENT_EXECUTE|[68]
11:21:56.0 (25868032)|HEAP_ALLOCATE|[68]|Bytes:4
11:21:56.0 (25941163)|VARIABLE_ASSIGNMENT|[68]|TriggerHandler.bypassedHandlers|[]|0x461626b2
11:21:56.0 (25944844)|STATEMENT_EXECUTE|[69]
11:21:56.0 (25960624)|HEAP_ALLOCATE|[68]|Bytes:5
11:21:56.0 (25982522)|HEAP_ALLOCATE|[74]|Bytes:5
11:21:56.0 (25988032)|HEAP_ALLOCATE|[82]|Bytes:7
11:21:56.0 (26418827)|HEAP_ALLOCATE|[69]|Bytes:5
11:21:56.0 (26430932)|VARIABLE_ASSIGNMENT|[69]|TriggerHandler.globalBypass|false
11:21:56.0 (26435834)|STATEMENT_EXECUTE|[70]
11:21:56.0 (26438944)|HEAP_ALLOCATE|[70]|Bytes:5
11:21:56.0 (26442884)|VARIABLE_ASSIGNMENT|[70]|TriggerHandler.showLimits|false
11:21:56.0 (26445248)|STATEMENT_EXECUTE|[71]
11:21:56.0 (26447064)|HEAP_ALLOCATE|[71]|Bytes:5
11:21:56.0 (26450277)|VARIABLE_ASSIGNMENT|[71]|TriggerHandler.showDebug|false
11:21:56.0 (26453095)|STATEMENT_EXECUTE|[755]
11:21:56.0 (26454578)|STATEMENT_EXECUTE|[832]
11:21:56.0 (26459919)|METHOD_EXIT|[15]|TriggerHandler
11:21:56.0 (26468517)|CONSTRUCTOR_ENTRY|[10]|01pg80000019iSf|<init>(String)|TriggerHandler
11:21:56.0 (26563574)|VARIABLE_SCOPE_BEGIN|[107]|this|TriggerHandler|true|false
11:21:56.0 (26590211)|VARIABLE_ASSIGNMENT|[107]|this|{}|0x58c29212
11:21:56.0 (26593296)|VARIABLE_SCOPE_BEGIN|[107]|handlerName|String|false|false
11:21:56.0 (26599278)|VARIABLE_ASSIGNMENT|[107]|handlerName|"OrderItemHandler"
11:21:56.0 (26603638)|STATEMENT_EXECUTE|[15]
11:21:56.0 (26604906)|STATEMENT_EXECUTE|[50]
11:21:56.0 (26606238)|STATEMENT_EXECUTE|[57]
11:21:56.0 (26607581)|STATEMENT_EXECUTE|[671]
11:21:56.0 (26612712)|HEAP_ALLOCATE|[108]|Bytes:6
11:21:56.0 (27852829)|STATEMENT_EXECUTE|[107]
11:21:56.0 (27855986)|STATEMENT_EXECUTE|[108]
11:21:56.0 (27869911)|STATEMENT_EXECUTE|[109]
11:21:56.0 (27897636)|METHOD_ENTRY|[109]|01pg80000019iSf|TriggerHandler.setTriggerContext()
11:21:56.0 (27936272)|VARIABLE_SCOPE_BEGIN|[565]|this|TriggerHandler|true|false
11:21:56.0 (27964197)|VARIABLE_ASSIGNMENT|[565]|this|{"handlerName":"OrderItemHandler"}|0x58c29212
11:21:56.0 (27971101)|STATEMENT_EXECUTE|[565]
11:21:56.0 (27972547)|STATEMENT_EXECUTE|[566]
11:21:56.0 (28101492)|HEAP_ALLOCATE|[566]|Bytes:16
11:21:56.0 (28124798)|METHOD_ENTRY|[566]|01pg80000019iSf|TriggerHandler.setTriggerContext(System.TriggerOperation, Boolean)
11:21:56.0 (28128433)|VARIABLE_SCOPE_BEGIN|[582]|this|TriggerHandler|true|false
11:21:56.0 (28139814)|VARIABLE_ASSIGNMENT|[582]|this|{"handlerName":"OrderItemHandler"}|0x58c29212
11:21:56.0 (28142965)|VARIABLE_SCOPE_BEGIN|[582]|opType|System.TriggerOperation|true|false
11:21:56.0 (28165305)|VARIABLE_ASSIGNMENT|[582]|opType|"BEFORE_INSERT"|0x57029859
11:21:56.0 (28170613)|VARIABLE_SCOPE_BEGIN|[582]|testMode|Boolean|false|false
11:21:56.0 (28175494)|VARIABLE_ASSIGNMENT|[582]|testMode|false
11:21:56.0 (28179873)|STATEMENT_EXECUTE|[582]
11:21:56.0 (28193779)|STATEMENT_EXECUTE|[586]
11:21:56.0 (28195115)|STATEMENT_EXECUTE|[587]
11:21:56.0 (28197822)|HEAP_ALLOCATE|[587]|Bytes:5
11:21:56.0 (28203454)|STATEMENT_EXECUTE|[590]
11:21:56.0 (28204730)|STATEMENT_EXECUTE|[592]
11:21:56.0 (28221858)|HEAP_ALLOCATE|[592]|Bytes:16
11:21:56.0 (28227378)|STATEMENT_EXECUTE|[595]
11:21:56.0 (28241368)|VARIABLE_SCOPE_BEGIN|[595]|context|String|false|false
11:21:56.0 (28248518)|VARIABLE_ASSIGNMENT|[595]|context|"BEFORE_INSERT"
11:21:56.0 (28250913)|STATEMENT_EXECUTE|[597]
11:21:56.0 (28254403)|HEAP_ALLOCATE|[598]|Bytes:13
11:21:56.0 (28310021)|STATEMENT_EXECUTE|[598]
11:21:56.0 (28311183)|STATEMENT_EXECUTE|[599]
11:21:56.0 (28318839)|METHOD_EXIT|[566]|01pg80000019iSf|TriggerHandler.setTriggerContext(System.TriggerOperation, Boolean)
11:21:56.0 (28322093)|METHOD_EXIT|[109]|01pg80000019iSf|TriggerHandler.setTriggerContext()
11:21:56.0 (28327038)|CONSTRUCTOR_EXIT|[10]|01pg80000019iSf|<init>(String)|TriggerHandler
11:21:56.0 (28332370)|STATEMENT_EXECUTE|[9]
11:21:56.0 (28334006)|STATEMENT_EXECUTE|[11]
11:21:56.0 (46179831)|VARIABLE_ASSIGNMENT|[11]|this.newRecords|[{"Product_Code_Display__c":"P003","IsDeleted":false,"UnitPrice":1350000.00,"Product2Id":"01tg8000001BArVAAW","PricebookEntryId":"01ug8000000XnbRAAS","TotalPrice":2700000.00,"Quantity":2.00,"ListPrice":1350000.00,"OrderId":"801g800000DSicwAAD"},{"Product_Code_Display__c":"P010","IsDeleted":false,"UnitPrice":19500.00,"Product2Id":"01tg8000001BArcAAG","PricebookEntryId":"01ug8000000XoZ7AAK","TotalPrice":19500.00,"Quantity":1.00,"ListPrice":19500.00,"OrderId":"801g800000DSicwAAD"}]|0x58c29212
11:21:56.0 (46233233)|STATEMENT_EXECUTE|[12]
11:21:56.0 (46328483)|VARIABLE_ASSIGNMENT|[12]|this.oldRecords|null|0x58c29212
11:21:56.0 (46334374)|STATEMENT_EXECUTE|[13]
11:21:56.0 (46347404)|VARIABLE_ASSIGNMENT|[13]|this.newRecordsMap|null|0x58c29212
11:21:56.0 (46350344)|STATEMENT_EXECUTE|[14]
11:21:56.0 (46357854)|VARIABLE_ASSIGNMENT|[14]|this.oldRecordsMap|null|0x58c29212
11:21:56.0 (46374084)|CONSTRUCTOR_EXIT|[2]|01pg8000001EZwd|<init>()|OrdemItemHandler
11:21:56.0 (46425403)|METHOD_ENTRY|[2]|01pg80000019iSf|TriggerHandler.run()
11:21:56.0 (46438743)|VARIABLE_SCOPE_BEGIN|[120]|this|TriggerHandler|true|false
11:21:56.0 (46496798)|VARIABLE_ASSIGNMENT|[120]|this|{"newRecords":"0x4b73d251","handlerName":"OrderItemHandler","isTriggerExecuting":true,"triggerEvent":"0x57029859"}|0x58c29212
11:21:56.0 (46503900)|STATEMENT_EXECUTE|[120]
11:21:56.0 (46509624)|METHOD_ENTRY|[121]|01pg80000019iSf|TriggerHandler.validateRun()
11:21:56.0 (46536063)|VARIABLE_SCOPE_BEGIN|[661]|this|TriggerHandler|true|false
11:21:56.0 (46547444)|VARIABLE_ASSIGNMENT|[661]|this|{"newRecords":"0x4b73d251","handlerName":"OrderItemHandler","isTriggerExecuting":true,"triggerEvent":"0x57029859"}|0x58c29212
11:21:56.0 (46551696)|STATEMENT_EXECUTE|[661]
11:21:56.0 (46562632)|STATEMENT_EXECUTE|[662]
11:21:56.0 (46564135)|STATEMENT_EXECUTE|[665]
11:21:56.0 (46575188)|METHOD_ENTRY|[665]|01pg80000019iSf|TriggerHandler.getHandlerName()
11:21:56.0 (46584576)|VARIABLE_SCOPE_BEGIN|[680]|this|TriggerHandler|true|false
11:21:56.0 (46599744)|VARIABLE_ASSIGNMENT|[680]|this|{"newRecords":"0x4b73d251","handlerName":"OrderItemHandler","isTriggerExecuting":true,"triggerEvent":"0x57029859"}|0x58c29212
11:21:56.0 (46605346)|STATEMENT_EXECUTE|[680]
11:21:56.0 (46693779)|STATEMENT_EXECUTE|[681]
11:21:56.0 (46695276)|STATEMENT_EXECUTE|[684]
11:21:56.0 (46713618)|METHOD_EXIT|[665]|01pg80000019iSf|TriggerHandler.getHandlerName()
11:21:56.0 (46754499)|METHOD_EXIT|[121]|01pg80000019iSf|TriggerHandler.validateRun()
11:21:56.0 (46759997)|STATEMENT_EXECUTE|[121]
11:21:56.0 (46765294)|METHOD_ENTRY|[126]|01pg80000019iSf|TriggerHandler.incrementCheckLoopCount()
11:21:56.0 (46773362)|VARIABLE_SCOPE_BEGIN|[634]|this|TriggerHandler|true|false
11:21:56.0 (46791955)|VARIABLE_ASSIGNMENT|[634]|this|{"newRecords":"0x4b73d251","handlerName":"OrderItemHandler","isTriggerExecuting":true,"triggerEvent":"0x57029859"}|0x58c29212
11:21:56.0 (46797505)|STATEMENT_EXECUTE|[634]
11:21:56.0 (46799322)|STATEMENT_EXECUTE|[635]
11:21:56.0 (46803397)|METHOD_ENTRY|[635]|01pg80000019iSf|TriggerHandler.getHandlerName()
11:21:56.0 (46816262)|VARIABLE_SCOPE_BEGIN|[680]|this|TriggerHandler|true|false
11:21:56.0 (46830069)|VARIABLE_ASSIGNMENT|[680]|this|{"newRecords":"0x4b73d251","handlerName":"OrderItemHandler","isTriggerExecuting":true,"triggerEvent":"0x57029859"}|0x58c29212
11:21:56.0 (46834758)|STATEMENT_EXECUTE|[680]
11:21:56.0 (46847621)|STATEMENT_EXECUTE|[681]
11:21:56.0 (46849580)|STATEMENT_EXECUTE|[684]
11:21:56.0 (46852327)|METHOD_EXIT|[635]|01pg80000019iSf|TriggerHandler.getHandlerName()
11:21:56.0 (46857743)|VARIABLE_SCOPE_BEGIN|[635]|handlerName|String|false|false
11:21:56.0 (46867627)|VARIABLE_ASSIGNMENT|[635]|handlerName|"OrderItemHandler"
11:21:56.0 (46908081)|STATEMENT_EXECUTE|[636]
11:21:56.0 (46909722)|STATEMENT_EXECUTE|[649]
11:21:56.0 (46911663)|METHOD_EXIT|[126]|01pg80000019iSf|TriggerHandler.incrementCheckLoopCount()
11:21:56.0 (46915799)|STATEMENT_EXECUTE|[126]
11:21:56.0 (46919667)|STATEMENT_EXECUTE|[130]
11:21:56.0 (46921532)|STATEMENT_EXECUTE|[135]
11:21:56.0 (47035368)|STATEMENT_EXECUTE|[136]
11:21:56.0 (47038015)|STATEMENT_EXECUTE|[137]
11:21:56.0 (47050473)|METHOD_ENTRY|[137]|01pg8000001EZwd|OrdemItemHandler.beforeInsert()
11:21:56.0 (47066728)|VARIABLE_SCOPE_BEGIN|[18]|this|OrdemItemHandler|true|false
11:21:56.0 (47086417)|VARIABLE_ASSIGNMENT|[18]|this|{"newRecords":"0x4b73d251","handlerName":"OrderItemHandler","isTriggerExecuting":true,"triggerEvent":"0x57029859"}|0x58c29212
11:21:56.0 (47092078)|STATEMENT_EXECUTE|[18]
11:21:56.0 (47093610)|STATEMENT_EXECUTE|[19]
11:21:56.0 (47097466)|METHOD_ENTRY|[19]|01pg8000001EZwd|OrdemItemHandler.checkActiveOrderItem()
11:21:56.0 (47104482)|VARIABLE_SCOPE_BEGIN|[181]|this|OrdemItemHandler|true|false
11:21:56.0 (47113102)|VARIABLE_ASSIGNMENT|[181]|this|{"newRecords":"0x4b73d251","handlerName":"OrderItemHandler","isTriggerExecuting":true,"triggerEvent":"0x57029859"}|0x58c29212
11:21:56.0 (47117557)|STATEMENT_EXECUTE|[181]
11:21:56.0 (47118871)|STATEMENT_EXECUTE|[182]
11:21:56.0 (47126427)|VARIABLE_SCOPE_BEGIN|[182]|listaParaValidar|List<OrderItem>|true|false
11:21:56.0 (47134060)|VARIABLE_ASSIGNMENT|[182]|listaParaValidar|null|
11:21:56.0 (47138066)|STATEMENT_EXECUTE|[183]
11:21:56.0 (47199605)|HEAP_ALLOCATE|[183]|Bytes:4
11:21:56.0 (47227905)|VARIABLE_SCOPE_BEGIN|[183]|idOrders|Set<Id>|true|false
11:21:56.0 (47270752)|VARIABLE_ASSIGNMENT|[183]|idOrders|[]|0x7c3a4694
11:21:56.0 (47275908)|STATEMENT_EXECUTE|[184]
11:21:56.0 (47352705)|HEAP_ALLOCATE|[184]|Bytes:4
11:21:56.0 (47403335)|VARIABLE_SCOPE_BEGIN|[184]|idMapOrders|Map<Id,Order>|true|false
11:21:56.0 (47416498)|VARIABLE_ASSIGNMENT|[184]|idMapOrders|{}|0x6f8fa503
11:21:56.0 (47437187)|STATEMENT_EXECUTE|[188]
11:21:56.0 (47439159)|STATEMENT_EXECUTE|[189]
11:21:56.0 (48812079)|VARIABLE_ASSIGNMENT|[189]|listaParaValidar|[{"Product_Code_Display__c":"P003","IsDeleted":false,"UnitPrice":1350000.00,"Product2Id":"01tg8000001BArVAAW","PricebookEntryId":"01ug8000000XnbRAAS","TotalPrice":2700000.00,"Quantity":2.00,"ListPrice":1350000.00,"OrderId":"801g800000DSicwAAD"},{"Product_Code_Display__c":"P010","IsDeleted":false,"UnitPrice":19500.00,"Product2Id":"01tg8000001BArcAAG","PricebookEntryId":"01ug8000000XoZ7AAK","TotalPrice":19500.00,"Quantity":1.00,"ListPrice":19500.00,"OrderId":"801g800000DSicwAAD"}]|0x4b73d251
11:21:56.0 (49095098)|HEAP_ALLOCATE|[192]|Bytes:5
11:21:56.0 (49142631)|HEAP_ALLOCATE|[192]|Bytes:4
11:21:56.0 (49151501)|VARIABLE_SCOPE_BEGIN|[192]|ot|OrderItem|true|false
11:21:56.0 (49800548)|VARIABLE_ASSIGNMENT|[192]|ot|{"Product_Code_Display__c":"P003","IsDeleted":false,"UnitPrice":1350000.00,"Product2Id":"01tg8000001BArVAAW","PricebookEntryId":"01ug8000000XnbRAAS","TotalPrice":2700000.00,"Quantity":2.00,"ListPrice":1350000.00,"OrderId":"801g800000DSicwAAD"}|0x7b3c6818
11:21:56.0 (49822031)|STATEMENT_EXECUTE|[192]
11:21:56.0 (49824450)|STATEMENT_EXECUTE|[193]
11:21:56.0 (49897316)|HEAP_ALLOCATE|[EXTERNAL]|Bytes:4
11:21:56.0 (49915653)|HEAP_ALLOCATE|[192]|Bytes:5
11:21:56.0 (49926582)|HEAP_ALLOCATE|[192]|Bytes:4
11:21:56.0 (49932761)|VARIABLE_SCOPE_BEGIN|[192]|ot|OrderItem|true|false
11:21:56.0 (50573845)|VARIABLE_ASSIGNMENT|[192]|ot|{"Product_Code_Display__c":"P010","IsDeleted":false,"UnitPrice":19500.00,"Product2Id":"01tg8000001BArcAAG","PricebookEntryId":"01ug8000000XoZ7AAK","TotalPrice":19500.00,"Quantity":1.00,"ListPrice":19500.00,"OrderId":"801g800000DSicwAAD"}|0x4f463950
11:21:56.0 (50589609)|STATEMENT_EXECUTE|[192]
11:21:56.0 (50591920)|STATEMENT_EXECUTE|[193]
11:21:56.0 (50604976)|HEAP_ALLOCATE|[EXTERNAL]|Bytes:4
11:21:56.0 (50618144)|HEAP_ALLOCATE|[192]|Bytes:5
11:21:56.0 (50626895)|VARIABLE_ASSIGNMENT|[192]|ot|null|
11:21:56.0 (50630596)|STATEMENT_EXECUTE|[196]
11:21:56.0 (61803676)|HEAP_ALLOCATE|[196]|Bytes:1
11:21:56.0 (61847633)|METHOD_ENTRY|[1]|01pg8000001w1Md|OrderSelector.OrderSelector()
11:21:56.0 (61860260)|STATEMENT_EXECUTE|[1]
11:21:56.0 (61872654)|STATEMENT_EXECUTE|[1]
11:21:56.0 (61879917)|METHOD_EXIT|[1]|OrderSelector
11:21:56.0 (61915447)|METHOD_ENTRY|[196]|01pg8000001w1Md|OrderSelector.getOrdersByIds(Set<Id>)
11:21:56.0 (61942360)|VARIABLE_SCOPE_BEGIN|[2]|ids|Set<Id>|true|false
11:21:56.0 (61969517)|VARIABLE_ASSIGNMENT|[2]|ids|["801g800000DSicwAAD"]|0x7c3a4694
11:21:56.0 (61976336)|STATEMENT_EXECUTE|[2]
11:21:56.0 (61977552)|STATEMENT_EXECUTE|[3]
11:21:56.0 (61994897)|HEAP_ALLOCATE|[3]|Bytes:4
11:21:56.0 (62000051)|HEAP_ALLOCATE|[3]|Bytes:113
11:21:56.0 (62009444)|HEAP_ALLOCATE|[3]|Bytes:4
11:21:56.0 (62019338)|HEAP_ALLOCATE|[3]|Bytes:7
11:21:56.0 (62861958)|SOQL_EXECUTE_BEGIN|[3]|Aggregations:0|SELECT Id, DistributionCenter__c, State__c, City__c, Country__c, AccountId, Status FROM Order WHERE Id = :tmpVar1
11:21:56.0 (77482201)|SOQL_EXECUTE_END|[3]|Rows:1
11:21:56.0 (77524415)|HEAP_ALLOCATE|[3]|Bytes:8
11:21:56.0 (77547585)|HEAP_ALLOCATE|[3]|Bytes:209
11:21:56.0 (77638153)|HEAP_ALLOCATE|[3]|Bytes:8
11:21:56.0 (77689692)|HEAP_ALLOCATE|[3]|Bytes:32
11:21:56.0 (77706124)|HEAP_ALLOCATE|[3]|Bytes:4
11:21:56.0 (77721117)|METHOD_EXIT|[196]|01pg8000001w1Md|OrderSelector.getOrdersByIds(Set<Id>)
11:21:56.0 (77880895)|VARIABLE_ASSIGNMENT|[196]|idMapOrders|{"801g800000DSicwAAD":{"Status":"Draft","City__c":"a05g8000001KAc9AAG","Country__c":"a03g8000004x8aeAAA","AccountId":"001g800000DSicvAAD","DistributionCenter__c":"a06g8000000wkLpAAI","Id":"801g800000DSicwAAD","State__c":"a04g8000000QmaTAAS"}}|0x513170f5
11:21:56.0 (77955945)|HEAP_ALLOCATE|[198]|Bytes:5
11:21:56.0 (77974429)|HEAP_ALLOCATE|[198]|Bytes:4
11:21:56.0 (77984710)|VARIABLE_SCOPE_BEGIN|[198]|ot|OrderItem|true|false
11:21:56.0 (78697280)|VARIABLE_ASSIGNMENT|[198]|ot|{"Product_Code_Display__c":"P003","IsDeleted":false,"UnitPrice":1350000.00,"Product2Id":"01tg8000001BArVAAW","PricebookEntryId":"01ug8000000XnbRAAS","TotalPrice":2700000.00,"Quantity":2.00,"ListPrice":1350000.00,"OrderId":"801g800000DSicwAAD"}|0x7b3c6818
11:21:56.0 (78732882)|STATEMENT_EXECUTE|[198]
11:21:56.0 (78735807)|STATEMENT_EXECUTE|[199]
11:21:56.0 (78797301)|VARIABLE_SCOPE_BEGIN|[199]|pedido|Order|true|false
11:21:56.0 (78849903)|VARIABLE_ASSIGNMENT|[199]|pedido|{"Status":"Draft","City__c":"a05g8000001KAc9AAG","Country__c":"a03g8000004x8aeAAA","AccountId":"001g800000DSicvAAD","DistributionCenter__c":"a06g8000000wkLpAAI","Id":"801g800000DSicwAAD","State__c":"a04g8000000QmaTAAS"}|0x747c2fdf
11:21:56.0 (78874616)|HEAP_ALLOCATE|[200]|Bytes:5
11:21:56.0 (78906076)|STATEMENT_EXECUTE|[200]
11:21:56.0 (78915929)|HEAP_ALLOCATE|[198]|Bytes:5
11:21:56.0 (78923332)|HEAP_ALLOCATE|[198]|Bytes:4
11:21:56.0 (78926749)|VARIABLE_SCOPE_BEGIN|[198]|ot|OrderItem|true|false
11:21:56.0 (79435167)|VARIABLE_ASSIGNMENT|[198]|ot|{"Product_Code_Display__c":"P010","IsDeleted":false,"UnitPrice":19500.00,"Product2Id":"01tg8000001BArcAAG","PricebookEntryId":"01ug8000000XoZ7AAK","TotalPrice":19500.00,"Quantity":1.00,"ListPrice":19500.00,"OrderId":"801g800000DSicwAAD"}|0x4f463950
11:21:56.0 (79442180)|STATEMENT_EXECUTE|[198]
11:21:56.0 (79443433)|STATEMENT_EXECUTE|[199]
11:21:56.0 (79453787)|VARIABLE_SCOPE_BEGIN|[199]|pedido|Order|true|false
11:21:56.0 (79489064)|VARIABLE_ASSIGNMENT|[199]|pedido|{"Status":"Draft","City__c":"a05g8000001KAc9AAG","Country__c":"a03g8000004x8aeAAA","AccountId":"001g800000DSicvAAD","DistributionCenter__c":"a06g8000000wkLpAAI","Id":"801g800000DSicwAAD","State__c":"a04g8000000QmaTAAS"}|0x747c2fdf
11:21:56.0 (79499904)|STATEMENT_EXECUTE|[200]
11:21:56.0 (79505421)|HEAP_ALLOCATE|[198]|Bytes:5
11:21:56.0 (79511945)|VARIABLE_ASSIGNMENT|[198]|ot|null|
11:21:56.0 (79519284)|METHOD_EXIT|[19]|01pg8000001EZwd|OrdemItemHandler.checkActiveOrderItem()
11:21:56.0 (79522795)|STATEMENT_EXECUTE|[20]
11:21:56.0 (79536899)|METHOD_ENTRY|[20]|01pg8000001EZwd|OrdemItemHandler.executePricingLogic()
11:21:56.0 (79559531)|VARIABLE_SCOPE_BEGIN|[35]|this|OrdemItemHandler|true|false
11:21:56.0 (79608355)|VARIABLE_ASSIGNMENT|[35]|this|{"newRecords":"0x4b73d251","handlerName":"OrderItemHandler","isTriggerExecuting":true,"triggerEvent":"0x57029859"}|0x58c29212
11:21:56.0 (79616165)|STATEMENT_EXECUTE|[35]
11:21:56.0 (79617813)|STATEMENT_EXECUTE|[37]
11:21:56.0 (79631840)|HEAP_ALLOCATE|[37]|Bytes:4
11:21:56.0 (79657694)|VARIABLE_SCOPE_BEGIN|[37]|setOrderIds|Set<Id>|true|false
11:21:56.0 (79687620)|VARIABLE_ASSIGNMENT|[37]|setOrderIds|[]|0x42221781
11:21:56.0 (79690961)|STATEMENT_EXECUTE|[38]
11:21:56.0 (79693733)|HEAP_ALLOCATE|[38]|Bytes:4
11:21:56.0 (79700780)|VARIABLE_SCOPE_BEGIN|[38]|setProductIds|Set<Id>|true|false
11:21:56.0 (79707868)|VARIABLE_ASSIGNMENT|[38]|setProductIds|[]|0x5a40fc6c
11:21:56.0 (79711200)|STATEMENT_EXECUTE|[39]
11:21:56.0 (79713173)|HEAP_ALLOCATE|[39]|Bytes:4
11:21:56.0 (79719445)|VARIABLE_SCOPE_BEGIN|[39]|setAccountIds|Set<Id>|true|false
11:21:56.0 (79725653)|VARIABLE_ASSIGNMENT|[39]|setAccountIds|[]|0x4fd7222c
11:21:56.0 (79728650)|STATEMENT_EXECUTE|[42]
11:21:56.0 (79773524)|HEAP_ALLOCATE|[42]|Bytes:4
11:21:56.0 (79804514)|VARIABLE_SCOPE_BEGIN|[42]|itemsByOrderId|Map<Id,List<OrderItem>>|true|false
11:21:56.0 (79812402)|VARIABLE_ASSIGNMENT|[42]|itemsByOrderId|{}|0x24a7f2b1
11:21:56.0 (79836682)|HEAP_ALLOCATE|[45]|Bytes:5
11:21:56.0 (79844439)|HEAP_ALLOCATE|[45]|Bytes:4
11:21:56.0 (79848911)|VARIABLE_SCOPE_BEGIN|[45]|item|OrderItem|true|false
11:21:56.0 (80372010)|VARIABLE_ASSIGNMENT|[45]|item|{"Product_Code_Display__c":"P003","IsDeleted":false,"UnitPrice":1350000.00,"Product2Id":"01tg8000001BArVAAW","PricebookEntryId":"01ug8000000XnbRAAS","TotalPrice":2700000.00,"Quantity":2.00,"ListPrice":1350000.00,"OrderId":"801g800000DSicwAAD"}|0x7b3c6818
11:21:56.0 (80380440)|STATEMENT_EXECUTE|[45]
11:21:56.0 (80385959)|STATEMENT_EXECUTE|[46]
11:21:56.0 (80387379)|STATEMENT_EXECUTE|[47]
11:21:56.0 (80407929)|HEAP_ALLOCATE|[EXTERNAL]|Bytes:4
11:21:56.0 (80432138)|STATEMENT_EXECUTE|[49]
11:21:56.0 (80440595)|HEAP_ALLOCATE|[49]|Bytes:4
11:21:56.0 (80486760)|HEAP_ALLOCATE|[EXTERNAL]|Bytes:4
11:21:56.0 (80491392)|HEAP_ALLOCATE|[EXTERNAL]|Bytes:-4
11:21:56.0 (80497388)|STATEMENT_EXECUTE|[50]
11:21:56.0 (80529950)|HEAP_ALLOCATE|[EXTERNAL]|Bytes:4
11:21:56.0 (80551547)|STATEMENT_EXECUTE|[52]
11:21:56.0 (80560521)|HEAP_ALLOCATE|[EXTERNAL]|Bytes:4
11:21:56.0 (80570225)|HEAP_ALLOCATE|[45]|Bytes:5
11:21:56.0 (80576901)|HEAP_ALLOCATE|[45]|Bytes:4
11:21:56.0 (80580847)|VARIABLE_SCOPE_BEGIN|[45]|item|OrderItem|true|false
11:21:56.0 (81080048)|VARIABLE_ASSIGNMENT|[45]|item|{"Product_Code_Display__c":"P010","IsDeleted":false,"UnitPrice":19500.00,"Product2Id":"01tg8000001BArcAAG","PricebookEntryId":"01ug8000000XoZ7AAK","TotalPrice":19500.00,"Quantity":1.00,"ListPrice":19500.00,"OrderId":"801g800000DSicwAAD"}|0x4f463950
11:21:56.0 (81086701)|STATEMENT_EXECUTE|[45]
11:21:56.0 (81089793)|STATEMENT_EXECUTE|[46]
11:21:56.0 (81091150)|STATEMENT_EXECUTE|[47]
11:21:56.0 (81095463)|HEAP_ALLOCATE|[EXTERNAL]|Bytes:4
11:21:56.0 (81105633)|STATEMENT_EXECUTE|[49]
11:21:56.0 (81107016)|STATEMENT_EXECUTE|[50]
11:21:56.0 (81120383)|HEAP_ALLOCATE|[EXTERNAL]|Bytes:4
11:21:56.0 (81125125)|STATEMENT_EXECUTE|[52]
11:21:56.0 (81128523)|HEAP_ALLOCATE|[EXTERNAL]|Bytes:4
11:21:56.0 (81135260)|HEAP_ALLOCATE|[45]|Bytes:5
11:21:56.0 (81141154)|VARIABLE_ASSIGNMENT|[45]|item|null|
11:21:56.0 (81144594)|STATEMENT_EXECUTE|[56]
11:21:56.0 (81151775)|METHOD_ENTRY|[56]|01pg8000001w1Md|OrderSelector.getOrdersByIds(Set<Id>)
11:21:56.0 (81160635)|VARIABLE_SCOPE_BEGIN|[2]|ids|Set<Id>|true|false
11:21:56.0 (81170111)|VARIABLE_ASSIGNMENT|[2]|ids|["801g800000DSicwAAD"]|0x42221781
11:21:56.0 (81174526)|STATEMENT_EXECUTE|[2]
11:21:56.0 (81175734)|STATEMENT_EXECUTE|[3]
11:21:56.0 (81182039)|HEAP_ALLOCATE|[3]|Bytes:4
11:21:56.0 (81188369)|HEAP_ALLOCATE|[3]|Bytes:4
11:21:56.0 (81630633)|SOQL_EXECUTE_BEGIN|[3]|Aggregations:0|SELECT Id, DistributionCenter__c, State__c, City__c, Country__c, AccountId, Status FROM Order WHERE Id = :tmpVar1
11:21:56.0 (86502860)|SOQL_EXECUTE_END|[3]|Rows:1
11:21:56.0 (86541265)|HEAP_ALLOCATE|[3]|Bytes:8
11:21:56.0 (86565736)|HEAP_ALLOCATE|[3]|Bytes:209
11:21:56.0 (86615334)|HEAP_ALLOCATE|[3]|Bytes:8
11:21:56.0 (86645299)|HEAP_ALLOCATE|[3]|Bytes:32
11:21:56.0 (86665746)|HEAP_ALLOCATE|[3]|Bytes:4
11:21:56.0 (86683066)|METHOD_EXIT|[56]|01pg8000001w1Md|OrderSelector.getOrdersByIds(Set<Id>)
11:21:56.0 (86694722)|VARIABLE_SCOPE_BEGIN|[56]|mapOrders|Map<Id,Order>|true|false
11:21:56.0 (86860054)|VARIABLE_ASSIGNMENT|[56]|mapOrders|{"801g800000DSicwAAD":{"Status":"Draft","City__c":"a05g8000001KAc9AAG","Country__c":"a03g8000004x8aeAAA","AccountId":"001g800000DSicvAAD","DistributionCenter__c":"a06g8000000wkLpAAI","Id":"801g800000DSicwAAD","State__c":"a04g8000000QmaTAAS"}}|0x7b4f38c
11:21:56.0 (86919693)|HEAP_ALLOCATE|[EXTERNAL]|Bytes:8
11:21:56.0 (86930153)|HEAP_ALLOCATE|[58]|Bytes:216
11:21:56.0 (87126262)|HEAP_ALLOCATE|[58]|Bytes:5
11:21:56.0 (87144217)|HEAP_ALLOCATE|[58]|Bytes:32
11:21:56.0 (87153492)|VARIABLE_SCOPE_BEGIN|[58]|o|Order|true|false
11:21:56.0 (87234259)|VARIABLE_ASSIGNMENT|[58]|o|{"Status":"Draft","City__c":"a05g8000001KAc9AAG","Country__c":"a03g8000004x8aeAAA","AccountId":"001g800000DSicvAAD","DistributionCenter__c":"a06g8000000wkLpAAI","Id":"801g800000DSicwAAD","State__c":"a04g8000000QmaTAAS"}|0x22e71656
11:21:56.0 (87258275)|STATEMENT_EXECUTE|[58]
11:21:56.0 (87298566)|HEAP_ALLOCATE|[EXTERNAL]|Bytes:4
11:21:56.0 (87311328)|HEAP_ALLOCATE|[58]|Bytes:5
11:21:56.0 (87321970)|VARIABLE_ASSIGNMENT|[58]|o|null|
11:21:56.0 (87328975)|STATEMENT_EXECUTE|[60]
11:21:56.0 (96370481)|HEAP_ALLOCATE|[60]|Bytes:1
11:21:56.0 (96417708)|METHOD_ENTRY|[1]|01pg8000001w1MX|AccountSelector.AccountSelector()
11:21:56.0 (96433339)|STATEMENT_EXECUTE|[1]
11:21:56.0 (96475444)|STATEMENT_EXECUTE|[1]
11:21:56.0 (96485136)|METHOD_EXIT|[1]|AccountSelector
11:21:56.0 (96527370)|METHOD_ENTRY|[60]|01pg8000001w1MX|AccountSelector.getAccountByIds(Set<Id>)
11:21:56.0 (96654351)|VARIABLE_SCOPE_BEGIN|[2]|ids|Set<Id>|true|false
11:21:56.0 (96689560)|VARIABLE_ASSIGNMENT|[2]|ids|["001g800000DSicvAAD"]|0x4fd7222c
11:21:56.0 (96702230)|STATEMENT_EXECUTE|[2]
11:21:56.0 (96704726)|STATEMENT_EXECUTE|[3]
11:21:56.0 (96721700)|HEAP_ALLOCATE|[3]|Bytes:4
11:21:56.0 (96729553)|HEAP_ALLOCATE|[3]|Bytes:59
11:21:56.0 (96739639)|HEAP_ALLOCATE|[3]|Bytes:4
11:21:56.0 (97398479)|SOQL_EXECUTE_BEGIN|[3]|Aggregations:0|SELECT Id, AccountGroup__c FROM Account WHERE Id = :tmpVar1
11:21:56.0 (110134639)|SOQL_EXECUTE_END|[3]|Rows:1
11:21:56.0 (110170864)|HEAP_ALLOCATE|[3]|Bytes:8
11:21:56.0 (110188156)|HEAP_ALLOCATE|[3]|Bytes:66
11:21:56.0 (110270754)|HEAP_ALLOCATE|[3]|Bytes:8
11:21:56.0 (110341308)|HEAP_ALLOCATE|[3]|Bytes:12
11:21:56.0 (110355845)|HEAP_ALLOCATE|[3]|Bytes:4
11:21:56.0 (110369663)|METHOD_EXIT|[60]|01pg8000001w1MX|AccountSelector.getAccountByIds(Set<Id>)
11:21:56.0 (110379876)|VARIABLE_SCOPE_BEGIN|[60]|mapAccounts|Map<Id,Account>|true|false
11:21:56.0 (110475027)|VARIABLE_ASSIGNMENT|[60]|mapAccounts|{"001g800000DSicvAAD":{"AccountGroup__c":"a02g8000002871ZAAQ","Id":"001g800000DSicvAAD"}}|0x2e36c3cb
11:21:56.0 (110493044)|STATEMENT_EXECUTE|[62]
11:21:56.0 (122094249)|HEAP_ALLOCATE|[62]|Bytes:1
11:21:56.0 (122145310)|METHOD_ENTRY|[1]|01pg8000001w1Mf|ProductSelector.ProductSelector()
11:21:56.0 (122159118)|STATEMENT_EXECUTE|[1]
11:21:56.0 (122171738)|STATEMENT_EXECUTE|[1]
11:21:56.0 (122178614)|METHOD_EXIT|[1]|ProductSelector
11:21:56.0 (122214845)|METHOD_ENTRY|[62]|01pg8000001w1Mf|ProductSelector.getProductByIds(Set<Id>)
11:21:56.0 (122352473)|VARIABLE_SCOPE_BEGIN|[2]|ids|Set<Id>|true|false
11:21:56.0 (122381704)|VARIABLE_ASSIGNMENT|[2]|ids|["01tg8000001BArVAAW","01tg8000001BArcAAG"]|0x5a40fc6c
11:21:56.0 (122389506)|STATEMENT_EXECUTE|[2]
11:21:56.0 (122390779)|STATEMENT_EXECUTE|[3]
11:21:56.0 (122404480)|HEAP_ALLOCATE|[3]|Bytes:4
11:21:56.0 (122409836)|HEAP_ALLOCATE|[3]|Bytes:83
11:21:56.0 (122416279)|HEAP_ALLOCATE|[3]|Bytes:4
11:21:56.0 (123046373)|SOQL_EXECUTE_BEGIN|[3]|Aggregations:0|SELECT Id, ProductionCost__c, ProductHierarchy__c FROM Product2 WHERE Id = :tmpVar1
11:21:56.0 (137279144)|SOQL_EXECUTE_END|[3]|Rows:2
11:21:56.0 (137328211)|HEAP_ALLOCATE|[3]|Bytes:12
11:21:56.0 (137359297)|HEAP_ALLOCATE|[3]|Bytes:254
11:21:56.0 (137467302)|HEAP_ALLOCATE|[3]|Bytes:12
11:21:56.0 (137561944)|HEAP_ALLOCATE|[3]|Bytes:16
11:21:56.0 (137584431)|HEAP_ALLOCATE|[3]|Bytes:4
11:21:56.0 (137591744)|HEAP_ALLOCATE|[3]|Bytes:16
11:21:56.0 (137599757)|HEAP_ALLOCATE|[3]|Bytes:4
11:21:56.0 (137619225)|METHOD_EXIT|[62]|01pg8000001w1Mf|ProductSelector.getProductByIds(Set<Id>)
11:21:56.0 (137633225)|VARIABLE_SCOPE_BEGIN|[62]|mapProducts|Map<Id,Product2>|true|false
11:21:56.0 (137811093)|VARIABLE_ASSIGNMENT|[62]|mapProducts|{"01tg8000001BArVAAW":{"ProductionCost__c":900000.00,"ProductHierarchy__c":"a01g8000007otrhAAA","Id":"01tg8000001BArVAAW"},"01tg8000001BArcAAG":{"ProductionCost__c":12000.00,"ProductHierarchy__c":"a01g8000007otrpAAA","Id":"01tg8000001BArcAAG"}}|0x1a4f7e61
11:21:56.0 (137839912)|STATEMENT_EXECUTE|[65]
11:21:56.0 (147738334)|HEAP_ALLOCATE|[65]|Bytes:1
11:21:56.0 (147786084)|METHOD_ENTRY|[1]|01pg8000001w1MZ|MargemSelector.MargemSelector()
11:21:56.0 (147799690)|STATEMENT_EXECUTE|[1]
11:21:56.0 (147814064)|STATEMENT_EXECUTE|[1]
11:21:56.0 (147821585)|METHOD_EXIT|[1]|MargemSelector
11:21:56.0 (147856375)|METHOD_ENTRY|[65]|01pg8000001w1MZ|MargemSelector.getMargemApproved()
11:21:56.0 (147990056)|STATEMENT_EXECUTE|[2]
11:21:56.0 (147991529)|STATEMENT_EXECUTE|[3]
11:21:56.0 (147995292)|HEAP_ALLOCATE|[3]|Bytes:165
11:21:56.0 (148014260)|HEAP_ALLOCATE|[3]|Bytes:4
11:21:56.0 (150606799)|SOQL_EXECUTE_BEGIN|[3]|Aggregations:0|SELECT Product__c, ProductHierarchy__c, Account__c, AccountGroup__c, City__c, State__c, Country__c, MarginValuePercent__c FROM Margem__c WHERE Status__c = 'Approved'
11:21:56.0 (179097497)|SOQL_EXECUTE_END|[3]|Rows:7
11:21:56.0 (179140060)|HEAP_ALLOCATE|[3]|Bytes:32
11:21:56.0 (179177968)|HEAP_ALLOCATE|[3]|Bytes:1354
11:21:56.0 (179244021)|HEAP_ALLOCATE|[3]|Bytes:32
11:21:56.0 (179269919)|METHOD_EXIT|[65]|01pg8000001w1MZ|MargemSelector.getMargemApproved()
11:21:56.0 (179282064)|VARIABLE_SCOPE_BEGIN|[65]|listMargins|List<Margem__c>|true|false
11:21:56.0 (179310631)|VARIABLE_ASSIGNMENT|[65]|listMargins|"List of size 7 too large to display"|0x1a1672f9
11:21:56.0 (179560506)|STATEMENT_EXECUTE|[68]
11:21:56.0 (179624058)|HEAP_ALLOCATE|[68]|Bytes:4
11:21:56.0 (179669047)|VARIABLE_SCOPE_BEGIN|[68]|mapMargin|Map<String,Margem__c>|true|false
11:21:56.0 (179688509)|VARIABLE_ASSIGNMENT|[68]|mapMargin|{}|0x2c81898e
11:21:56.0 (179866538)|HEAP_ALLOCATE|[69]|Bytes:5
11:21:56.0 (179890483)|HEAP_ALLOCATE|[69]|Bytes:24
11:21:56.0 (179898340)|VARIABLE_SCOPE_BEGIN|[69]|m|Margem__c|true|false
11:21:56.0 (180035361)|VARIABLE_ASSIGNMENT|[69]|m|{"Id":"a00g800000JZjxxAAD","AccountGroup__c":"a02g8000002871ZAAQ","ProductHierarchy__c":"a01g8000007otrhAAA","State__c":"a04g8000000QmaTAAS","MarginValuePercent__c":15.00}|0x7725ed54
11:21:56.0 (180046221)|STATEMENT_EXECUTE|[69]
11:21:56.0 (180069935)|STATEMENT_EXECUTE|[70]
11:21:56.0 (180152508)|HEAP_ALLOCATE|[70]|Bytes:18
11:21:56.0 (180160044)|VARIABLE_SCOPE_BEGIN|[70]|p|String|false|false
11:21:56.0 (180165742)|VARIABLE_ASSIGNMENT|[70]|p|"a01g8000007otrhAAA"
11:21:56.0 (180169056)|STATEMENT_EXECUTE|[71]
11:21:56.0 (180189695)|HEAP_ALLOCATE|[71]|Bytes:18
11:21:56.0 (180194686)|VARIABLE_SCOPE_BEGIN|[71]|a|String|false|false
11:21:56.0 (180199847)|VARIABLE_ASSIGNMENT|[71]|a|"a02g8000002871ZAAQ"
11:21:56.0 (180202541)|STATEMENT_EXECUTE|[72]
11:21:56.0 (180219181)|HEAP_ALLOCATE|[72]|Bytes:18
11:21:56.0 (180224151)|VARIABLE_SCOPE_BEGIN|[72]|l|String|false|false
11:21:56.0 (180228818)|VARIABLE_ASSIGNMENT|[72]|l|"a04g8000000QmaTAAS"
11:21:56.0 (180231606)|STATEMENT_EXECUTE|[75]
11:21:56.0 (180234346)|HEAP_ALLOCATE|[75]|Bytes:1
11:21:56.0 (180252569)|HEAP_ALLOCATE|[75]|Bytes:56
11:21:56.0 (180254799)|VARIABLE_SCOPE_BEGIN|[75]|compositeKey|String|false|false
11:21:56.0 (180260544)|VARIABLE_ASSIGNMENT|[75]|compositeKey|"a01g8000007otrhAAA_a (36 more) ..."
11:21:56.0 (180263392)|STATEMENT_EXECUTE|[76]
11:21:56.0 (180283920)|HEAP_ALLOCATE|[EXTERNAL]|Bytes:-4
11:21:56.0 (180289025)|STATEMENT_EXECUTE|[77]
11:21:56.0 (180290846)|HEAP_ALLOCATE|[77]|Bytes:28
11:21:56.0 (180296251)|HEAP_ALLOCATE|[77]|Bytes:84
11:21:56.0 (180326179)|USER_DEBUG|[77]|DEBUG|MAPA MARGEM - Chave Gerada: a01g8000007otrhAAA_a02g8000002871ZAAQ_a04g8000000QmaTAAS
11:21:56.0 (180337971)|HEAP_ALLOCATE|[69]|Bytes:5
11:21:56.0 (180344875)|HEAP_ALLOCATE|[69]|Bytes:24
11:21:56.0 (180348742)|VARIABLE_SCOPE_BEGIN|[69]|m|Margem__c|true|false
11:21:56.0 (180397818)|VARIABLE_ASSIGNMENT|[69]|m|{"Account__c":"001g8000005VaOHAA0","City__c":"a05g8000001KAc9AAG","Id":"a00g800000JZjxyAAD","ProductHierarchy__c":"a01g8000007otrjAAA","MarginValuePercent__c":25.00}|0x668abd4d
11:21:56.0 (180402994)|STATEMENT_EXECUTE|[69]
11:21:56.0 (180404290)|STATEMENT_EXECUTE|[70]
11:21:56.0 (180413356)|HEAP_ALLOCATE|[70]|Bytes:18
11:21:56.0 (180418318)|VARIABLE_SCOPE_BEGIN|[70]|p|String|false|false
11:21:56.0 (180422567)|VARIABLE_ASSIGNMENT|[70]|p|"a01g8000007otrjAAA"
11:21:56.0 (180484041)|STATEMENT_EXECUTE|[71]
11:21:56.0 (180500328)|HEAP_ALLOCATE|[71]|Bytes:18
11:21:56.0 (180505463)|VARIABLE_SCOPE_BEGIN|[71]|a|String|false|false
11:21:56.0 (180510043)|VARIABLE_ASSIGNMENT|[71]|a|"001g8000005VaOHAA0"
11:21:56.0 (180512598)|STATEMENT_EXECUTE|[72]
11:21:56.0 (180521601)|HEAP_ALLOCATE|[72]|Bytes:18
11:21:56.0 (180525973)|VARIABLE_SCOPE_BEGIN|[72]|l|String|false|false
11:21:56.0 (180530086)|VARIABLE_ASSIGNMENT|[72]|l|"a05g8000001KAc9AAG"
11:21:56.0 (180532510)|STATEMENT_EXECUTE|[75]
11:21:56.0 (180534961)|HEAP_ALLOCATE|[75]|Bytes:56
11:21:56.0 (180537128)|VARIABLE_SCOPE_BEGIN|[75]|compositeKey|String|false|false
11:21:56.0 (180542133)|VARIABLE_ASSIGNMENT|[75]|compositeKey|"a01g8000007otrjAAA_0 (36 more) ..."
11:21:56.0 (180544481)|STATEMENT_EXECUTE|[76]
11:21:56.0 (180548922)|HEAP_ALLOCATE|[EXTERNAL]|Bytes:-4
11:21:56.0 (180552561)|STATEMENT_EXECUTE|[77]
11:21:56.0 (180554649)|HEAP_ALLOCATE|[77]|Bytes:84
11:21:56.0 (180559532)|USER_DEBUG|[77]|DEBUG|MAPA MARGEM - Chave Gerada: a01g8000007otrjAAA_001g8000005VaOHAA0_a05g8000001KAc9AAG
11:21:56.0 (180566814)|HEAP_ALLOCATE|[69]|Bytes:5
11:21:56.0 (180572386)|HEAP_ALLOCATE|[69]|Bytes:24
11:21:56.0 (180575652)|VARIABLE_SCOPE_BEGIN|[69]|m|Margem__c|true|false
11:21:56.0 (180611836)|VARIABLE_ASSIGNMENT|[69]|m|{"Account__c":"001g8000005VaOHAA0","Product__c":"01tg8000001BArcAAG","Id":"a00g800000JZjxzAAD","State__c":"a04g8000000QmaTAAS","MarginValuePercent__c":5.00}|0x5e2466cc
11:21:56.0 (180616676)|STATEMENT_EXECUTE|[69]
11:21:56.0 (180617929)|STATEMENT_EXECUTE|[70]
11:21:56.0 (180629687)|HEAP_ALLOCATE|[70]|Bytes:18
11:21:56.0 (180634300)|VARIABLE_SCOPE_BEGIN|[70]|p|String|false|false
11:21:56.0 (180638629)|VARIABLE_ASSIGNMENT|[70]|p|"01tg8000001BArcAAG"
11:21:56.0 (180641119)|STATEMENT_EXECUTE|[71]
11:21:56.0 (180645934)|HEAP_ALLOCATE|[71]|Bytes:18
11:21:56.0 (180649906)|VARIABLE_SCOPE_BEGIN|[71]|a|String|false|false
11:21:56.0 (180653770)|VARIABLE_ASSIGNMENT|[71]|a|"001g8000005VaOHAA0"
11:21:56.0 (180656029)|STATEMENT_EXECUTE|[72]
11:21:56.0 (180661732)|HEAP_ALLOCATE|[72]|Bytes:18
11:21:56.0 (180665519)|VARIABLE_SCOPE_BEGIN|[72]|l|String|false|false
11:21:56.0 (180669363)|VARIABLE_ASSIGNMENT|[72]|l|"a04g8000000QmaTAAS"
11:21:56.0 (180671600)|STATEMENT_EXECUTE|[75]
11:21:56.0 (180673540)|HEAP_ALLOCATE|[75]|Bytes:56
11:21:56.0 (180675457)|VARIABLE_SCOPE_BEGIN|[75]|compositeKey|String|false|false
11:21:56.0 (180680007)|VARIABLE_ASSIGNMENT|[75]|compositeKey|"01tg8000001BArcAAG_0 (36 more) ..."
11:21:56.0 (180682459)|STATEMENT_EXECUTE|[76]
11:21:56.0 (180685535)|HEAP_ALLOCATE|[EXTERNAL]|Bytes:-4
11:21:56.0 (180688638)|STATEMENT_EXECUTE|[77]
11:21:56.0 (180690456)|HEAP_ALLOCATE|[77]|Bytes:84
11:21:56.0 (180694121)|USER_DEBUG|[77]|DEBUG|MAPA MARGEM - Chave Gerada: 01tg8000001BArcAAG_001g8000005VaOHAA0_a04g8000000QmaTAAS
11:21:56.0 (180699799)|HEAP_ALLOCATE|[69]|Bytes:5
11:21:56.0 (180704068)|HEAP_ALLOCATE|[69]|Bytes:24
11:21:56.0 (180706773)|VARIABLE_SCOPE_BEGIN|[69]|m|Margem__c|true|false
11:21:56.0 (180735677)|VARIABLE_ASSIGNMENT|[69]|m|{"Country__c":"a03g8000004x8aeAAA","Id":"a00g800000JZjy0AAD","AccountGroup__c":"a02g8000002871ZAAQ","ProductHierarchy__c":"a01g8000007otrqAAA","MarginValuePercent__c":30.00}|0x4b7628dd
11:21:56.0 (180740357)|STATEMENT_EXECUTE|[69]
11:21:56.0 (180741630)|STATEMENT_EXECUTE|[70]
11:21:56.0 (180748504)|HEAP_ALLOCATE|[70]|Bytes:18
11:21:56.0 (180753113)|VARIABLE_SCOPE_BEGIN|[70]|p|String|false|false
11:21:56.0 (180757114)|VARIABLE_ASSIGNMENT|[70]|p|"a01g8000007otrqAAA"
11:21:56.0 (180759417)|STATEMENT_EXECUTE|[71]
11:21:56.0 (180764870)|HEAP_ALLOCATE|[71]|Bytes:18
11:21:56.0 (180768674)|VARIABLE_SCOPE_BEGIN|[71]|a|String|false|false
11:21:56.0 (180772481)|VARIABLE_ASSIGNMENT|[71]|a|"a02g8000002871ZAAQ"
11:21:56.0 (180774781)|STATEMENT_EXECUTE|[72]
11:21:56.0 (180785892)|HEAP_ALLOCATE|[72]|Bytes:18
11:21:56.0 (180789959)|VARIABLE_SCOPE_BEGIN|[72]|l|String|false|false
11:21:56.0 (180793883)|VARIABLE_ASSIGNMENT|[72]|l|"a03g8000004x8aeAAA"
11:21:56.0 (180796235)|STATEMENT_EXECUTE|[75]
11:21:56.0 (180797987)|HEAP_ALLOCATE|[75]|Bytes:56
11:21:56.0 (180799992)|VARIABLE_SCOPE_BEGIN|[75]|compositeKey|String|false|false
11:21:56.0 (180804415)|VARIABLE_ASSIGNMENT|[75]|compositeKey|"a01g8000007otrqAAA_a (36 more) ..."
11:21:56.0 (180806777)|STATEMENT_EXECUTE|[76]
11:21:56.0 (180809866)|HEAP_ALLOCATE|[EXTERNAL]|Bytes:-4
11:21:56.0 (180812870)|STATEMENT_EXECUTE|[77]
11:21:56.0 (180814478)|HEAP_ALLOCATE|[77]|Bytes:84
11:21:56.0 (180817728)|USER_DEBUG|[77]|DEBUG|MAPA MARGEM - Chave Gerada: a01g8000007otrqAAA_a02g8000002871ZAAQ_a03g8000004x8aeAAA
11:21:56.0 (180823411)|HEAP_ALLOCATE|[69]|Bytes:5
11:21:56.0 (180827349)|HEAP_ALLOCATE|[69]|Bytes:24
11:21:56.0 (180829789)|VARIABLE_SCOPE_BEGIN|[69]|m|Margem__c|true|false
11:21:56.0 (180853027)|VARIABLE_ASSIGNMENT|[69]|m|{"Id":"a00g800000JiEZdAAN","AccountGroup__c":"a02g8000002871ZAAQ","ProductHierarchy__c":"a01g8000007otrhAAA","State__c":"a04g8000000VkhhAAC","MarginValuePercent__c":15.00}|0x136133aa
11:21:56.0 (180857173)|STATEMENT_EXECUTE|[69]
11:21:56.0 (180858448)|STATEMENT_EXECUTE|[70]
11:21:56.0 (180865095)|HEAP_ALLOCATE|[70]|Bytes:18
11:21:56.0 (180869336)|VARIABLE_SCOPE_BEGIN|[70]|p|String|false|false
11:21:56.0 (180877200)|VARIABLE_ASSIGNMENT|[70]|p|"a01g8000007otrhAAA"
11:21:56.0 (180879471)|STATEMENT_EXECUTE|[71]
11:21:56.0 (180884520)|HEAP_ALLOCATE|[71]|Bytes:18
11:21:56.0 (180888437)|VARIABLE_SCOPE_BEGIN|[71]|a|String|false|false
11:21:56.0 (180892258)|VARIABLE_ASSIGNMENT|[71]|a|"a02g8000002871ZAAQ"
11:21:56.0 (180894527)|STATEMENT_EXECUTE|[72]
11:21:56.0 (180899745)|HEAP_ALLOCATE|[72]|Bytes:18
11:21:56.0 (180903610)|VARIABLE_SCOPE_BEGIN|[72]|l|String|false|false
11:21:56.0 (180907358)|VARIABLE_ASSIGNMENT|[72]|l|"a04g8000000VkhhAAC"
11:21:56.0 (180909541)|STATEMENT_EXECUTE|[75]
11:21:56.0 (180911398)|HEAP_ALLOCATE|[75]|Bytes:56
11:21:56.0 (180913293)|VARIABLE_SCOPE_BEGIN|[75]|compositeKey|String|false|false
11:21:56.0 (180917468)|VARIABLE_ASSIGNMENT|[75]|compositeKey|"a01g8000007otrhAAA_a (36 more) ..."
11:21:56.0 (180919696)|STATEMENT_EXECUTE|[76]
11:21:56.0 (180922643)|HEAP_ALLOCATE|[EXTERNAL]|Bytes:-4
11:21:56.0 (180925683)|STATEMENT_EXECUTE|[77]
11:21:56.0 (180927288)|HEAP_ALLOCATE|[77]|Bytes:84
11:21:56.0 (180930573)|USER_DEBUG|[77]|DEBUG|MAPA MARGEM - Chave Gerada: a01g8000007otrhAAA_a02g8000002871ZAAQ_a04g8000000VkhhAAC
11:21:56.0 (180935957)|HEAP_ALLOCATE|[69]|Bytes:5
11:21:56.0 (180939871)|HEAP_ALLOCATE|[69]|Bytes:24
11:21:56.0 (180942629)|VARIABLE_SCOPE_BEGIN|[69]|m|Margem__c|true|false
11:21:56.0 (180966290)|VARIABLE_ASSIGNMENT|[69]|m|{"Product__c":"01tg8000001BArcAAG","Id":"a00g800000OgMOPAA3","AccountGroup__c":"a02g8000002871ZAAQ","State__c":"a04g8000000QmaTAAS","MarginValuePercent__c":10.00}|0x20b2945e
11:21:56.0 (180970659)|STATEMENT_EXECUTE|[69]
11:21:56.0 (180971911)|STATEMENT_EXECUTE|[70]
11:21:56.0 (180977984)|HEAP_ALLOCATE|[70]|Bytes:18
11:21:56.0 (180982159)|VARIABLE_SCOPE_BEGIN|[70]|p|String|false|false
11:21:56.0 (180985981)|VARIABLE_ASSIGNMENT|[70]|p|"01tg8000001BArcAAG"
11:21:56.0 (180988315)|STATEMENT_EXECUTE|[71]
11:21:56.0 (180993339)|HEAP_ALLOCATE|[71]|Bytes:18
11:21:56.0 (180997139)|VARIABLE_SCOPE_BEGIN|[71]|a|String|false|false
11:21:56.0 (181001353)|VARIABLE_ASSIGNMENT|[71]|a|"a02g8000002871ZAAQ"
11:21:56.0 (181004644)|STATEMENT_EXECUTE|[72]
11:21:56.0 (181009558)|HEAP_ALLOCATE|[72]|Bytes:18
11:21:56.0 (181013406)|VARIABLE_SCOPE_BEGIN|[72]|l|String|false|false
11:21:56.0 (181017264)|VARIABLE_ASSIGNMENT|[72]|l|"a04g8000000QmaTAAS"
11:21:56.0 (181019548)|STATEMENT_EXECUTE|[75]
11:21:56.0 (181021386)|HEAP_ALLOCATE|[75]|Bytes:56
11:21:56.0 (181023261)|VARIABLE_SCOPE_BEGIN|[75]|compositeKey|String|false|false
11:21:56.0 (181027373)|VARIABLE_ASSIGNMENT|[75]|compositeKey|"01tg8000001BArcAAG_a (36 more) ..."
11:21:56.0 (181029589)|STATEMENT_EXECUTE|[76]
11:21:56.0 (181032354)|HEAP_ALLOCATE|[EXTERNAL]|Bytes:-4
11:21:56.0 (181035331)|STATEMENT_EXECUTE|[77]
11:21:56.0 (181036929)|HEAP_ALLOCATE|[77]|Bytes:84
11:21:56.0 (181040185)|USER_DEBUG|[77]|DEBUG|MAPA MARGEM - Chave Gerada: 01tg8000001BArcAAG_a02g8000002871ZAAQ_a04g8000000QmaTAAS
11:21:56.0 (181045421)|HEAP_ALLOCATE|[69]|Bytes:5
11:21:56.0 (181049179)|HEAP_ALLOCATE|[69]|Bytes:24
11:21:56.0 (181051612)|VARIABLE_SCOPE_BEGIN|[69]|m|Margem__c|true|false
11:21:56.0 (181074761)|VARIABLE_ASSIGNMENT|[69]|m|{"Account__c":"001g8000005VaOHAA0","Id":"a00g800000Y90MLAAZ","ProductHierarchy__c":"a01g8000007otrhAAA","State__c":"a04g8000000Vm3ZAAS","MarginValuePercent__c":15.00}|0x5d5d8482
11:21:56.0 (181079041)|STATEMENT_EXECUTE|[69]
11:21:56.0 (181080228)|STATEMENT_EXECUTE|[70]
11:21:56.0 (181086796)|HEAP_ALLOCATE|[70]|Bytes:18
11:21:56.0 (181090994)|VARIABLE_SCOPE_BEGIN|[70]|p|String|false|false
11:21:56.0 (181094822)|VARIABLE_ASSIGNMENT|[70]|p|"a01g8000007otrhAAA"
11:21:56.0 (181097154)|STATEMENT_EXECUTE|[71]
11:21:56.0 (181101666)|HEAP_ALLOCATE|[71]|Bytes:18
11:21:56.0 (181105409)|VARIABLE_SCOPE_BEGIN|[71]|a|String|false|false
11:21:56.0 (181109151)|VARIABLE_ASSIGNMENT|[71]|a|"001g8000005VaOHAA0"
11:21:56.0 (181111484)|STATEMENT_EXECUTE|[72]
11:21:56.0 (181116271)|HEAP_ALLOCATE|[72]|Bytes:18
11:21:56.0 (181120018)|VARIABLE_SCOPE_BEGIN|[72]|l|String|false|false
11:21:56.0 (181123969)|VARIABLE_ASSIGNMENT|[72]|l|"a04g8000000Vm3ZAAS"
11:21:56.0 (181126169)|STATEMENT_EXECUTE|[75]
11:21:56.0 (181127896)|HEAP_ALLOCATE|[75]|Bytes:56
11:21:56.0 (181129760)|VARIABLE_SCOPE_BEGIN|[75]|compositeKey|String|false|false
11:21:56.0 (181133889)|VARIABLE_ASSIGNMENT|[75]|compositeKey|"a01g8000007otrhAAA_0 (36 more) ..."
11:21:56.0 (181136207)|STATEMENT_EXECUTE|[76]
11:21:56.0 (181138989)|HEAP_ALLOCATE|[EXTERNAL]|Bytes:-4
11:21:56.0 (181142112)|STATEMENT_EXECUTE|[77]
11:21:56.0 (181143642)|HEAP_ALLOCATE|[77]|Bytes:84
11:21:56.0 (181146777)|USER_DEBUG|[77]|DEBUG|MAPA MARGEM - Chave Gerada: a01g8000007otrhAAA_001g8000005VaOHAA0_a04g8000000Vm3ZAAS
11:21:56.0 (181152035)|HEAP_ALLOCATE|[69]|Bytes:5
11:21:56.0 (181157984)|VARIABLE_ASSIGNMENT|[69]|m|null|
11:21:56.0 (181162433)|STATEMENT_EXECUTE|[81]
11:21:56.0 (191659346)|HEAP_ALLOCATE|[81]|Bytes:1
11:21:56.0 (191706169)|METHOD_ENTRY|[1]|01pg8000001w1Mg|TaxSelector.TaxSelector()
11:21:56.0 (191725357)|STATEMENT_EXECUTE|[1]
11:21:56.0 (191761349)|STATEMENT_EXECUTE|[1]
11:21:56.0 (191768379)|METHOD_EXIT|[1]|TaxSelector
11:21:56.0 (191797034)|METHOD_ENTRY|[81]|01pg8000001w1Mg|TaxSelector.getTaxApproved()
11:21:56.0 (191948010)|STATEMENT_EXECUTE|[2]
11:21:56.0 (191949271)|STATEMENT_EXECUTE|[3]
11:21:56.0 (191953522)|HEAP_ALLOCATE|[3]|Bytes:103
11:21:56.0 (191972325)|HEAP_ALLOCATE|[3]|Bytes:4
11:21:56.0 (197678974)|SOQL_EXECUTE_BEGIN|[3]|Aggregations:0|SELECT Product__c, State__c, DistributionCenter__c, TaxRate__c FROM Tax__c WHERE Status__c = 'Approved'
11:21:56.0 (229172402)|SOQL_EXECUTE_END|[3]|Rows:7
11:21:56.0 (229216514)|HEAP_ALLOCATE|[3]|Bytes:32
11:21:56.0 (229254435)|HEAP_ALLOCATE|[3]|Bytes:1288
11:21:56.0 (229319954)|HEAP_ALLOCATE|[3]|Bytes:32
11:21:56.0 (229345427)|METHOD_EXIT|[81]|01pg8000001w1Mg|TaxSelector.getTaxApproved()
11:21:56.0 (229357001)|VARIABLE_SCOPE_BEGIN|[81]|listTaxes|List<Tax__c>|true|false
11:21:56.0 (229384485)|VARIABLE_ASSIGNMENT|[81]|listTaxes|"List of size 7 too large to display"|0x3e2b00b7
11:21:56.0 (229419499)|STATEMENT_EXECUTE|[83]
11:21:56.0 (229482851)|HEAP_ALLOCATE|[83]|Bytes:4
11:21:56.0 (229527902)|VARIABLE_SCOPE_BEGIN|[83]|mapTaxByCompositeKey|Map<String,Tax__c>|true|false
11:21:56.0 (229543076)|VARIABLE_ASSIGNMENT|[83]|mapTaxByCompositeKey|{}|0x5607fcbb
11:21:56.0 (229725937)|HEAP_ALLOCATE|[84]|Bytes:5
11:21:56.0 (229748802)|HEAP_ALLOCATE|[84]|Bytes:24
11:21:56.0 (229757080)|VARIABLE_SCOPE_BEGIN|[84]|t|Tax__c|true|false
11:21:56.0 (229900003)|VARIABLE_ASSIGNMENT|[84]|t|{"DistributionCenter__c":"a06g8000000wkLpAAI","Product__c":"01tg8000001BArVAAW","TaxRate__c":18.00,"Id":"a09g8000001l5i1AAA","State__c":"a04g8000000QmaTAAS"}|0x63514edb
11:21:56.0 (229909468)|STATEMENT_EXECUTE|[84]
11:21:56.0 (229910929)|STATEMENT_EXECUTE|[85]
11:21:56.0 (229982445)|HEAP_ALLOCATE|[85]|Bytes:18
11:21:56.0 (230002427)|HEAP_ALLOCATE|[86]|Bytes:18
11:21:56.0 (230018581)|HEAP_ALLOCATE|[87]|Bytes:18
11:21:56.0 (230030084)|HEAP_ALLOCATE|[85]|Bytes:54
11:21:56.0 (230032922)|VARIABLE_SCOPE_BEGIN|[85]|key|String|false|false
11:21:56.0 (230039794)|VARIABLE_ASSIGNMENT|[85]|key|"01tg8000001BArVAAWa0 (34 more) ..."
11:21:56.0 (230042181)|STATEMENT_EXECUTE|[88]
11:21:56.0 (230060722)|HEAP_ALLOCATE|[EXTERNAL]|Bytes:-4
11:21:56.0 (230070119)|HEAP_ALLOCATE|[84]|Bytes:5
11:21:56.0 (230075389)|HEAP_ALLOCATE|[84]|Bytes:24
11:21:56.0 (230078536)|VARIABLE_SCOPE_BEGIN|[84]|t|Tax__c|true|false
11:21:56.0 (230107435)|VARIABLE_ASSIGNMENT|[84]|t|{"DistributionCenter__c":"a06g8000000wkLpAAI","Product__c":"01tg8000001BArXAAW","TaxRate__c":18.00,"Id":"a09g8000001l5i2AAA","State__c":"a04g8000000QmaTAAS"}|0x7b5c1cc0
11:21:56.0 (230111640)|STATEMENT_EXECUTE|[84]
11:21:56.0 (230112656)|STATEMENT_EXECUTE|[85]
11:21:56.0 (230119148)|HEAP_ALLOCATE|[85]|Bytes:18
11:21:56.0 (230126384)|HEAP_ALLOCATE|[86]|Bytes:18
11:21:56.0 (230132920)|HEAP_ALLOCATE|[87]|Bytes:18
11:21:56.0 (230137408)|HEAP_ALLOCATE|[85]|Bytes:54
11:21:56.0 (230139440)|VARIABLE_SCOPE_BEGIN|[85]|key|String|false|false
11:21:56.0 (230144468)|VARIABLE_ASSIGNMENT|[85]|key|"01tg8000001BArXAAWa0 (34 more) ..."
11:21:56.0 (230146549)|STATEMENT_EXECUTE|[88]
11:21:56.0 (230150117)|HEAP_ALLOCATE|[EXTERNAL]|Bytes:-4
11:21:56.0 (230155665)|HEAP_ALLOCATE|[84]|Bytes:5
11:21:56.0 (230159642)|HEAP_ALLOCATE|[84]|Bytes:24
11:21:56.0 (230162264)|VARIABLE_SCOPE_BEGIN|[84]|t|Tax__c|true|false
11:21:56.0 (230185161)|VARIABLE_ASSIGNMENT|[84]|t|{"DistributionCenter__c":"a06g8000000wkLpAAI","Product__c":"01tg8000001BArcAAG","TaxRate__c":18.00,"Id":"a09g8000001l5i3AAA","State__c":"a04g8000000QmaTAAS"}|0x610b6bf8
11:21:56.0 (230188996)|STATEMENT_EXECUTE|[84]
11:21:56.0 (230189955)|STATEMENT_EXECUTE|[85]
11:21:56.0 (230195022)|HEAP_ALLOCATE|[85]|Bytes:18
11:21:56.0 (230201912)|HEAP_ALLOCATE|[86]|Bytes:18
11:21:56.0 (230208245)|HEAP_ALLOCATE|[87]|Bytes:18
11:21:56.0 (230212297)|HEAP_ALLOCATE|[85]|Bytes:54
11:21:56.0 (230214316)|VARIABLE_SCOPE_BEGIN|[85]|key|String|false|false
11:21:56.0 (230218997)|VARIABLE_ASSIGNMENT|[85]|key|"01tg8000001BArcAAGa0 (34 more) ..."
11:21:56.0 (230220998)|STATEMENT_EXECUTE|[88]
11:21:56.0 (230223795)|HEAP_ALLOCATE|[EXTERNAL]|Bytes:-4
11:21:56.0 (230228821)|HEAP_ALLOCATE|[84]|Bytes:5
11:21:56.0 (230232523)|HEAP_ALLOCATE|[84]|Bytes:24
11:21:56.0 (230234918)|VARIABLE_SCOPE_BEGIN|[84]|t|Tax__c|true|false
11:21:56.0 (230256076)|VARIABLE_ASSIGNMENT|[84]|t|{"DistributionCenter__c":"a06g8000000wkLpAAI","Product__c":"01tg8000001BArWAAW","TaxRate__c":10.00,"Id":"a09g8000001l5i4AAA","State__c":"a04g8000000Vm3ZAAS"}|0x6d36e976
11:21:56.0 (230259566)|STATEMENT_EXECUTE|[84]
11:21:56.0 (230260521)|STATEMENT_EXECUTE|[85]
11:21:56.0 (230265570)|HEAP_ALLOCATE|[85]|Bytes:18
11:21:56.0 (230272151)|HEAP_ALLOCATE|[86]|Bytes:18
11:21:56.0 (230278516)|HEAP_ALLOCATE|[87]|Bytes:18
11:21:56.0 (230282547)|HEAP_ALLOCATE|[85]|Bytes:54
11:21:56.0 (230284491)|VARIABLE_SCOPE_BEGIN|[85]|key|String|false|false
11:21:56.0 (230288871)|VARIABLE_ASSIGNMENT|[85]|key|"01tg8000001BArWAAWa0 (34 more) ..."
11:21:56.0 (230290958)|STATEMENT_EXECUTE|[88]
11:21:56.0 (230293616)|HEAP_ALLOCATE|[EXTERNAL]|Bytes:-4
11:21:56.0 (230298566)|HEAP_ALLOCATE|[84]|Bytes:5
11:21:56.0 (230302346)|HEAP_ALLOCATE|[84]|Bytes:24
11:21:56.0 (230304871)|VARIABLE_SCOPE_BEGIN|[84]|t|Tax__c|true|false
11:21:56.0 (230325698)|VARIABLE_ASSIGNMENT|[84]|t|{"DistributionCenter__c":"a06g8000000wkLpAAI","Product__c":"01tg8000001BArWAAW","TaxRate__c":18.00,"Id":"a09g8000001lvJXAAY","State__c":"a04g8000000VkhhAAC"}|0x4f8459d
11:21:56.0 (230329041)|STATEMENT_EXECUTE|[84]
11:21:56.0 (230329974)|STATEMENT_EXECUTE|[85]
11:21:56.0 (230334929)|HEAP_ALLOCATE|[85]|Bytes:18
11:21:56.0 (230341449)|HEAP_ALLOCATE|[86]|Bytes:18
11:21:56.0 (230348040)|HEAP_ALLOCATE|[87]|Bytes:18
11:21:56.0 (230352076)|HEAP_ALLOCATE|[85]|Bytes:54
11:21:56.0 (230353949)|VARIABLE_SCOPE_BEGIN|[85]|key|String|false|false
11:21:56.0 (230358048)|VARIABLE_ASSIGNMENT|[85]|key|"01tg8000001BArWAAWa0 (34 more) ..."
11:21:56.0 (230360135)|STATEMENT_EXECUTE|[88]
11:21:56.0 (230362889)|HEAP_ALLOCATE|[EXTERNAL]|Bytes:-4
11:21:56.0 (230367746)|HEAP_ALLOCATE|[84]|Bytes:5
11:21:56.0 (230371478)|HEAP_ALLOCATE|[84]|Bytes:24
11:21:56.0 (230373868)|VARIABLE_SCOPE_BEGIN|[84]|t|Tax__c|true|false
11:21:56.0 (230394112)|VARIABLE_ASSIGNMENT|[84]|t|{"DistributionCenter__c":"a06g8000000wkLpAAI","Product__c":"01tg8000001BArcAAG","TaxRate__c":18.00,"Id":"a09g8000001mWeXAAU","State__c":"a04g8000000VkhhAAC"}|0x1f59e3de
11:21:56.0 (230397610)|STATEMENT_EXECUTE|[84]
11:21:56.0 (230398549)|STATEMENT_EXECUTE|[85]
11:21:56.0 (230403332)|HEAP_ALLOCATE|[85]|Bytes:18
11:21:56.0 (230409829)|HEAP_ALLOCATE|[86]|Bytes:18
11:21:56.0 (230416352)|HEAP_ALLOCATE|[87]|Bytes:18
11:21:56.0 (230420409)|HEAP_ALLOCATE|[85]|Bytes:54
11:21:56.0 (230422356)|VARIABLE_SCOPE_BEGIN|[85]|key|String|false|false
11:21:56.0 (230426540)|VARIABLE_ASSIGNMENT|[85]|key|"01tg8000001BArcAAGa0 (34 more) ..."
11:21:56.0 (230428550)|STATEMENT_EXECUTE|[88]
11:21:56.0 (230431022)|HEAP_ALLOCATE|[EXTERNAL]|Bytes:-4
11:21:56.0 (230436195)|HEAP_ALLOCATE|[84]|Bytes:5
11:21:56.0 (230439844)|HEAP_ALLOCATE|[84]|Bytes:24
11:21:56.0 (230442190)|VARIABLE_SCOPE_BEGIN|[84]|t|Tax__c|true|false
11:21:56.0 (230462122)|VARIABLE_ASSIGNMENT|[84]|t|{"DistributionCenter__c":"a06g8000000wkLpAAI","Product__c":"01tg8000001BArdAAG","TaxRate__c":18.00,"Id":"a09g8000001mYgLAAU","State__c":"a04g8000000VkhhAAC"}|0x25371f66
11:21:56.0 (230465597)|STATEMENT_EXECUTE|[84]
11:21:56.0 (230466586)|STATEMENT_EXECUTE|[85]
11:21:56.0 (230471475)|HEAP_ALLOCATE|[85]|Bytes:18
11:21:56.0 (230478091)|HEAP_ALLOCATE|[86]|Bytes:18
11:21:56.0 (230484498)|HEAP_ALLOCATE|[87]|Bytes:18
11:21:56.0 (230488710)|HEAP_ALLOCATE|[85]|Bytes:54
11:21:56.0 (230490624)|VARIABLE_SCOPE_BEGIN|[85]|key|String|false|false
11:21:56.0 (230494669)|VARIABLE_ASSIGNMENT|[85]|key|"01tg8000001BArdAAGa0 (34 more) ..."
11:21:56.0 (230496812)|STATEMENT_EXECUTE|[88]
11:21:56.0 (230499229)|HEAP_ALLOCATE|[EXTERNAL]|Bytes:-4
11:21:56.0 (230504002)|HEAP_ALLOCATE|[84]|Bytes:5
11:21:56.0 (230509517)|VARIABLE_ASSIGNMENT|[84]|t|null|
11:21:56.0 (230513227)|STATEMENT_EXECUTE|[92]
11:21:56.0 (239767204)|HEAP_ALLOCATE|[92]|Bytes:1
11:21:56.0 (239811392)|METHOD_ENTRY|[1]|01pg8000001w1MY|FreightSelector.FreightSelector()
11:21:56.0 (239818098)|STATEMENT_EXECUTE|[1]
11:21:56.0 (239826165)|STATEMENT_EXECUTE|[1]
11:21:56.0 (239832292)|METHOD_EXIT|[1]|FreightSelector
11:21:56.0 (239857889)|METHOD_ENTRY|[92]|01pg8000001w1MY|FreightSelector.getFreightApproved()
11:21:56.0 (239988510)|STATEMENT_EXECUTE|[2]
11:21:56.0 (239989546)|STATEMENT_EXECUTE|[3]
11:21:56.0 (239992906)|HEAP_ALLOCATE|[3]|Bytes:154
11:21:56.0 (240010854)|HEAP_ALLOCATE|[3]|Bytes:4
11:21:56.0 (245757032)|SOQL_EXECUTE_BEGIN|[3]|Aggregations:0|SELECT Product__c, City__c, State__c, Country__c, DistributionCenter__c, FreightValue__c, ProductHierarchy__c FROM Freight__c WHERE Status__c = 'Approved'
11:21:56.0 (275312972)|SOQL_EXECUTE_END|[3]|Rows:7
11:21:56.0 (275355576)|HEAP_ALLOCATE|[3]|Bytes:32
11:21:56.0 (275391864)|HEAP_ALLOCATE|[3]|Bytes:1371
11:21:56.0 (275457914)|HEAP_ALLOCATE|[3]|Bytes:32
11:21:56.0 (275484591)|METHOD_EXIT|[92]|01pg8000001w1MY|FreightSelector.getFreightApproved()
11:21:56.0 (275497094)|VARIABLE_SCOPE_BEGIN|[92]|listFreights|List<Freight__c>|true|false
11:21:56.0 (275525654)|VARIABLE_ASSIGNMENT|[92]|listFreights|"List of size 7 too large to display"|0x46244894
11:21:56.0 (275535655)|STATEMENT_EXECUTE|[94]
11:21:56.0 (275598793)|HEAP_ALLOCATE|[94]|Bytes:4
11:21:56.0 (275641416)|VARIABLE_SCOPE_BEGIN|[94]|mapFreight|Map<String,Freight__c>|true|false
11:21:56.0 (275656083)|VARIABLE_ASSIGNMENT|[94]|mapFreight|{}|0x1ea5f383
11:21:56.0 (275836318)|HEAP_ALLOCATE|[95]|Bytes:5
11:21:56.0 (275859629)|HEAP_ALLOCATE|[95]|Bytes:24
11:21:56.0 (275867221)|VARIABLE_SCOPE_BEGIN|[95]|f|Freight__c|true|false
11:21:56.0 (275988418)|VARIABLE_ASSIGNMENT|[95]|f|{"DistributionCenter__c":"a06g8000000wkLpAAI","Id":"a0Ag8000000XacwEAC","State__c":"a04g8000000QmaTAAS","ProductHierarchy__c":"a01g8000007otrhAAA","FreightValue__c":800.00}|0x61e34c1e
11:21:56.0 (275995482)|STATEMENT_EXECUTE|[95]
11:21:56.0 (275996759)|STATEMENT_EXECUTE|[96]
11:21:56.0 (276073666)|HEAP_ALLOCATE|[96]|Bytes:18
11:21:56.0 (276081943)|VARIABLE_SCOPE_BEGIN|[96]|quem|String|false|false
11:21:56.0 (276087349)|VARIABLE_ASSIGNMENT|[96]|quem|"a01g8000007otrhAAA"
11:21:56.0 (276089826)|STATEMENT_EXECUTE|[97]
11:21:56.0 (276108887)|HEAP_ALLOCATE|[97]|Bytes:18
11:21:56.0 (276114057)|VARIABLE_SCOPE_BEGIN|[97]|onde|String|false|false
11:21:56.0 (276118466)|VARIABLE_ASSIGNMENT|[97]|onde|"a04g8000000QmaTAAS"
11:21:56.0 (276120986)|STATEMENT_EXECUTE|[99]
11:21:56.0 (276129140)|HEAP_ALLOCATE|[99]|Bytes:37
11:21:56.0 (276131410)|VARIABLE_SCOPE_BEGIN|[99]|key|String|false|false
11:21:56.0 (276137396)|VARIABLE_ASSIGNMENT|[99]|key|"a01g8000007otrhAAA_a (17 more) ..."
11:21:56.0 (276139413)|STATEMENT_EXECUTE|[101]
11:21:56.0 (276158959)|HEAP_ALLOCATE|[EXTERNAL]|Bytes:-4
11:21:56.0 (276163503)|STATEMENT_EXECUTE|[102]
11:21:56.0 (276165291)|HEAP_ALLOCATE|[102]|Bytes:27
11:21:56.0 (276171868)|HEAP_ALLOCATE|[102]|Bytes:64
11:21:56.0 (276195209)|USER_DEBUG|[102]|DEBUG|MAPA FRETE - Chave Gerada: a01g8000007otrhAAA_a04g8000000QmaTAAS
11:21:56.0 (276205249)|HEAP_ALLOCATE|[95]|Bytes:5
11:21:56.0 (276211012)|HEAP_ALLOCATE|[95]|Bytes:24
11:21:56.0 (276214640)|VARIABLE_SCOPE_BEGIN|[95]|f|Freight__c|true|false
11:21:56.0 (276250934)|VARIABLE_ASSIGNMENT|[95]|f|{"DistributionCenter__c":"a06g8000000wkLpAAI","City__c":"a05g8000001KAc9AAG","Id":"a0Ag8000000XacxEAC","ProductHierarchy__c":"a01g8000007otrjAAA","FreightValue__c":500.00}|0x5de1a267
11:21:56.0 (276255331)|STATEMENT_EXECUTE|[95]
11:21:56.0 (276256349)|STATEMENT_EXECUTE|[96]
11:21:56.0 (276265053)|HEAP_ALLOCATE|[96]|Bytes:18
11:21:56.0 (276269859)|VARIABLE_SCOPE_BEGIN|[96]|quem|String|false|false
11:21:56.0 (276274071)|VARIABLE_ASSIGNMENT|[96]|quem|"a01g8000007otrjAAA"
11:21:56.0 (276276277)|STATEMENT_EXECUTE|[97]
11:21:56.0 (276286484)|HEAP_ALLOCATE|[97]|Bytes:18
11:21:56.0 (276290639)|VARIABLE_SCOPE_BEGIN|[97]|onde|String|false|false
11:21:56.0 (276294596)|VARIABLE_ASSIGNMENT|[97]|onde|"a05g8000001KAc9AAG"
11:21:56.0 (276296564)|STATEMENT_EXECUTE|[99]
11:21:56.0 (276298501)|HEAP_ALLOCATE|[99]|Bytes:37
11:21:56.0 (276300394)|VARIABLE_SCOPE_BEGIN|[99]|key|String|false|false
11:21:56.0 (276304621)|VARIABLE_ASSIGNMENT|[99]|key|"a01g8000007otrjAAA_a (17 more) ..."
11:21:56.0 (276306575)|STATEMENT_EXECUTE|[101]
11:21:56.0 (276310659)|HEAP_ALLOCATE|[EXTERNAL]|Bytes:-4
11:21:56.0 (276313463)|STATEMENT_EXECUTE|[102]
11:21:56.0 (276315101)|HEAP_ALLOCATE|[102]|Bytes:64
11:21:56.0 (276318931)|USER_DEBUG|[102]|DEBUG|MAPA FRETE - Chave Gerada: a01g8000007otrjAAA_a05g8000001KAc9AAG
11:21:56.0 (276325429)|HEAP_ALLOCATE|[95]|Bytes:5
11:21:56.0 (276329983)|HEAP_ALLOCATE|[95]|Bytes:24
11:21:56.0 (276332754)|VARIABLE_SCOPE_BEGIN|[95]|f|Freight__c|true|false
11:21:56.0 (276365790)|VARIABLE_ASSIGNMENT|[95]|f|{"DistributionCenter__c":"a06g8000000wkLpAAI","Product__c":"01tg8000001BArcAAG","Id":"a0Ag8000000XacyEAC","State__c":"a04g8000000QmaTAAS","FreightValue__c":150.00}|0x6409a971
11:21:56.0 (276369907)|STATEMENT_EXECUTE|[95]
11:21:56.0 (276370872)|STATEMENT_EXECUTE|[96]
11:21:56.0 (276381301)|HEAP_ALLOCATE|[96]|Bytes:18
11:21:56.0 (276385807)|VARIABLE_SCOPE_BEGIN|[96]|quem|String|false|false
11:21:56.0 (276389687)|VARIABLE_ASSIGNMENT|[96]|quem|"01tg8000001BArcAAG"
11:21:56.0 (276391642)|STATEMENT_EXECUTE|[97]
11:21:56.0 (276397032)|HEAP_ALLOCATE|[97]|Bytes:18
11:21:56.0 (276401107)|VARIABLE_SCOPE_BEGIN|[97]|onde|String|false|false
11:21:56.0 (276404962)|VARIABLE_ASSIGNMENT|[97]|onde|"a04g8000000QmaTAAS"
11:21:56.0 (276406933)|STATEMENT_EXECUTE|[99]
11:21:56.0 (276408596)|HEAP_ALLOCATE|[99]|Bytes:37
11:21:56.0 (276410696)|VARIABLE_SCOPE_BEGIN|[99]|key|String|false|false
11:21:56.0 (276414802)|VARIABLE_ASSIGNMENT|[99]|key|"01tg8000001BArcAAG_a (17 more) ..."
11:21:56.0 (276416947)|STATEMENT_EXECUTE|[101]
11:21:56.0 (276420030)|HEAP_ALLOCATE|[EXTERNAL]|Bytes:-4
11:21:56.0 (276422892)|STATEMENT_EXECUTE|[102]
11:21:56.0 (276424422)|HEAP_ALLOCATE|[102]|Bytes:64
11:21:56.0 (276427870)|USER_DEBUG|[102]|DEBUG|MAPA FRETE - Chave Gerada: 01tg8000001BArcAAG_a04g8000000QmaTAAS
11:21:56.0 (276433590)|HEAP_ALLOCATE|[95]|Bytes:5
11:21:56.0 (276437515)|HEAP_ALLOCATE|[95]|Bytes:24
11:21:56.0 (276440037)|VARIABLE_SCOPE_BEGIN|[95]|f|Freight__c|true|false
11:21:56.0 (276501930)|VARIABLE_ASSIGNMENT|[95]|f|{"DistributionCenter__c":"a06g8000000wkLpAAI","Country__c":"a03g8000004x8aeAAA","Id":"a0Ag8000000XaczEAC","ProductHierarchy__c":"a01g8000007otrqAAA","FreightValue__c":50.00}|0x5a0bb13c
11:21:56.0 (276506397)|STATEMENT_EXECUTE|[95]
11:21:56.0 (276507397)|STATEMENT_EXECUTE|[96]
11:21:56.0 (276514917)|HEAP_ALLOCATE|[96]|Bytes:18
11:21:56.0 (276519671)|VARIABLE_SCOPE_BEGIN|[96]|quem|String|false|false
11:21:56.0 (276523612)|VARIABLE_ASSIGNMENT|[96]|quem|"a01g8000007otrqAAA"
11:21:56.0 (276525632)|STATEMENT_EXECUTE|[97]
11:21:56.0 (276537366)|HEAP_ALLOCATE|[97]|Bytes:18
11:21:56.0 (276541568)|VARIABLE_SCOPE_BEGIN|[97]|onde|String|false|false
11:21:56.0 (276549768)|VARIABLE_ASSIGNMENT|[97]|onde|"a03g8000004x8aeAAA"
11:21:56.0 (276551783)|STATEMENT_EXECUTE|[99]
11:21:56.0 (276553681)|HEAP_ALLOCATE|[99]|Bytes:37
11:21:56.0 (276555663)|VARIABLE_SCOPE_BEGIN|[99]|key|String|false|false
11:21:56.0 (276559799)|VARIABLE_ASSIGNMENT|[99]|key|"a01g8000007otrqAAA_a (17 more) ..."
11:21:56.0 (276561750)|STATEMENT_EXECUTE|[101]
11:21:56.0 (276565037)|HEAP_ALLOCATE|[EXTERNAL]|Bytes:-4
11:21:56.0 (276567906)|STATEMENT_EXECUTE|[102]
11:21:56.0 (276569343)|HEAP_ALLOCATE|[102]|Bytes:64
11:21:56.0 (276573200)|USER_DEBUG|[102]|DEBUG|MAPA FRETE - Chave Gerada: a01g8000007otrqAAA_a03g8000004x8aeAAA
11:21:56.0 (276579067)|HEAP_ALLOCATE|[95]|Bytes:5
11:21:56.0 (276583481)|HEAP_ALLOCATE|[95]|Bytes:24
11:21:56.0 (276586021)|VARIABLE_SCOPE_BEGIN|[95]|f|Freight__c|true|false
11:21:56.0 (276608856)|VARIABLE_ASSIGNMENT|[95]|f|{"DistributionCenter__c":"a06g8000000wkLpAAI","Id":"a0Ag8000000Y0NNEA0","State__c":"a04g8000000VkhhAAC","ProductHierarchy__c":"a01g8000007otrhAAA","FreightValue__c":800.00}|0x21f385df
11:21:56.0 (276612715)|STATEMENT_EXECUTE|[95]
11:21:56.0 (276613761)|STATEMENT_EXECUTE|[96]
11:21:56.0 (276620324)|HEAP_ALLOCATE|[96]|Bytes:18
11:21:56.0 (276624516)|VARIABLE_SCOPE_BEGIN|[96]|quem|String|false|false
11:21:56.0 (276628478)|VARIABLE_ASSIGNMENT|[96]|quem|"a01g8000007otrhAAA"
11:21:56.0 (276630404)|STATEMENT_EXECUTE|[97]
11:21:56.0 (276635488)|HEAP_ALLOCATE|[97]|Bytes:18
11:21:56.0 (276639409)|VARIABLE_SCOPE_BEGIN|[97]|onde|String|false|false
11:21:56.0 (276643173)|VARIABLE_ASSIGNMENT|[97]|onde|"a04g8000000VkhhAAC"
11:21:56.0 (276645045)|STATEMENT_EXECUTE|[99]
11:21:56.0 (276646759)|HEAP_ALLOCATE|[99]|Bytes:37
11:21:56.0 (276648651)|VARIABLE_SCOPE_BEGIN|[99]|key|String|false|false
11:21:56.0 (276652756)|VARIABLE_ASSIGNMENT|[99]|key|"a01g8000007otrhAAA_a (17 more) ..."
11:21:56.0 (276654683)|STATEMENT_EXECUTE|[101]
11:21:56.0 (276657403)|HEAP_ALLOCATE|[EXTERNAL]|Bytes:-4
11:21:56.0 (276660159)|STATEMENT_EXECUTE|[102]
11:21:56.0 (276661551)|HEAP_ALLOCATE|[102]|Bytes:64
11:21:56.0 (276664804)|USER_DEBUG|[102]|DEBUG|MAPA FRETE - Chave Gerada: a01g8000007otrhAAA_a04g8000000VkhhAAC
11:21:56.0 (276670151)|HEAP_ALLOCATE|[95]|Bytes:5
11:21:56.0 (276674053)|HEAP_ALLOCATE|[95]|Bytes:24
11:21:56.0 (276676551)|VARIABLE_SCOPE_BEGIN|[95]|f|Freight__c|true|false
11:21:56.0 (276697422)|VARIABLE_ASSIGNMENT|[95]|f|{"DistributionCenter__c":"a06g8000000wkLpAAI","Id":"a0Ag8000000Y25pEAC","State__c":"a04g8000000Vm3ZAAS","ProductHierarchy__c":"a01g8000007otrhAAA","FreightValue__c":800.00}|0x71d1e91c
11:21:56.0 (276701029)|STATEMENT_EXECUTE|[95]
11:21:56.0 (276702040)|STATEMENT_EXECUTE|[96]
11:21:56.0 (276708243)|HEAP_ALLOCATE|[96]|Bytes:18
11:21:56.0 (276712334)|VARIABLE_SCOPE_BEGIN|[96]|quem|String|false|false
11:21:56.0 (276716301)|VARIABLE_ASSIGNMENT|[96]|quem|"a01g8000007otrhAAA"
11:21:56.0 (276718297)|STATEMENT_EXECUTE|[97]
11:21:56.0 (276723125)|HEAP_ALLOCATE|[97]|Bytes:18
11:21:56.0 (276726942)|VARIABLE_SCOPE_BEGIN|[97]|onde|String|false|false
11:21:56.0 (276730722)|VARIABLE_ASSIGNMENT|[97]|onde|"a04g8000000Vm3ZAAS"
11:21:56.0 (276732784)|STATEMENT_EXECUTE|[99]
11:21:56.0 (276734419)|HEAP_ALLOCATE|[99]|Bytes:37
11:21:56.0 (276736260)|VARIABLE_SCOPE_BEGIN|[99]|key|String|false|false
11:21:56.0 (276740219)|VARIABLE_ASSIGNMENT|[99]|key|"a01g8000007otrhAAA_a (17 more) ..."
11:21:56.0 (276742201)|STATEMENT_EXECUTE|[101]
11:21:56.0 (276744792)|HEAP_ALLOCATE|[EXTERNAL]|Bytes:-4
11:21:56.0 (276747444)|STATEMENT_EXECUTE|[102]
11:21:56.0 (276748851)|HEAP_ALLOCATE|[102]|Bytes:64
11:21:56.0 (276752009)|USER_DEBUG|[102]|DEBUG|MAPA FRETE - Chave Gerada: a01g8000007otrhAAA_a04g8000000Vm3ZAAS
11:21:56.0 (276757438)|HEAP_ALLOCATE|[95]|Bytes:5
11:21:56.0 (276761509)|HEAP_ALLOCATE|[95]|Bytes:24
11:21:56.0 (276764106)|VARIABLE_SCOPE_BEGIN|[95]|f|Freight__c|true|false
11:21:56.0 (276786349)|VARIABLE_ASSIGNMENT|[95]|f|{"DistributionCenter__c":"a06g8000000wkLpAAI","Country__c":"a03g8000004x8aeAAA","Product__c":"01tg8000001BArcAAG","Id":"a0Ag8000000ej3FEAQ","FreightValue__c":900.00}|0x583a9476
11:21:56.0 (276790114)|STATEMENT_EXECUTE|[95]
11:21:56.0 (276791090)|STATEMENT_EXECUTE|[96]
11:21:56.0 (276796847)|HEAP_ALLOCATE|[96]|Bytes:18
11:21:56.0 (276801034)|VARIABLE_SCOPE_BEGIN|[96]|quem|String|false|false
11:21:56.0 (276804884)|VARIABLE_ASSIGNMENT|[96]|quem|"01tg8000001BArcAAG"
11:21:56.0 (276806920)|STATEMENT_EXECUTE|[97]
11:21:56.0 (276812263)|HEAP_ALLOCATE|[97]|Bytes:18
11:21:56.0 (276816116)|VARIABLE_SCOPE_BEGIN|[97]|onde|String|false|false
11:21:56.0 (276819849)|VARIABLE_ASSIGNMENT|[97]|onde|"a03g8000004x8aeAAA"
11:21:56.0 (276821769)|STATEMENT_EXECUTE|[99]
11:21:56.0 (276823441)|HEAP_ALLOCATE|[99]|Bytes:37
11:21:56.0 (276825397)|VARIABLE_SCOPE_BEGIN|[99]|key|String|false|false
11:21:56.0 (276829468)|VARIABLE_ASSIGNMENT|[99]|key|"01tg8000001BArcAAG_a (17 more) ..."
11:21:56.0 (276831426)|STATEMENT_EXECUTE|[101]
11:21:56.0 (276834182)|HEAP_ALLOCATE|[EXTERNAL]|Bytes:-4
11:21:56.0 (276836868)|STATEMENT_EXECUTE|[102]
11:21:56.0 (276838279)|HEAP_ALLOCATE|[102]|Bytes:64
11:21:56.0 (276841464)|USER_DEBUG|[102]|DEBUG|MAPA FRETE - Chave Gerada: 01tg8000001BArcAAG_a03g8000004x8aeAAA
11:21:56.0 (276846725)|HEAP_ALLOCATE|[95]|Bytes:5
11:21:56.0 (276852409)|VARIABLE_ASSIGNMENT|[95]|f|null|
11:21:56.0 (276884368)|HEAP_ALLOCATE|[106]|Bytes:5
11:21:56.0 (276895800)|HEAP_ALLOCATE|[106]|Bytes:4
11:21:56.0 (276899432)|VARIABLE_SCOPE_BEGIN|[106]|item|OrderItem|true|false
11:21:56.0 (277768225)|VARIABLE_ASSIGNMENT|[106]|item|{"Product_Code_Display__c":"P003","IsDeleted":false,"UnitPrice":1350000.00,"Product2Id":"01tg8000001BArVAAW","PricebookEntryId":"01ug8000000XnbRAAS","TotalPrice":2700000.00,"Quantity":2.00,"ListPrice":1350000.00,"OrderId":"801g800000DSicwAAD"}|0x7b3c6818
11:21:56.0 (277777883)|STATEMENT_EXECUTE|[106]
11:21:56.0 (277779311)|STATEMENT_EXECUTE|[107]
11:21:56.0 (277817675)|VARIABLE_SCOPE_BEGIN|[107]|pedido|Order|true|false
11:21:56.0 (277891246)|VARIABLE_ASSIGNMENT|[107]|pedido|{"Status":"Draft","City__c":"a05g8000001KAc9AAG","Country__c":"a03g8000004x8aeAAA","AccountId":"001g800000DSicvAAD","DistributionCenter__c":"a06g8000000wkLpAAI","Id":"801g800000DSicwAAD","State__c":"a04g8000000QmaTAAS"}|0x22e71656
11:21:56.0 (277897844)|STATEMENT_EXECUTE|[108]
11:21:56.0 (277919651)|VARIABLE_SCOPE_BEGIN|[108]|produto|Product2|true|false
11:21:56.0 (277953496)|VARIABLE_ASSIGNMENT|[108]|produto|{"ProductionCost__c":900000.00,"ProductHierarchy__c":"a01g8000007otrhAAA","Id":"01tg8000001BArVAAW"}|0xf20ec1c
11:21:56.0 (277956939)|STATEMENT_EXECUTE|[109]
11:21:56.0 (277975024)|VARIABLE_SCOPE_BEGIN|[109]|cliente|Account|true|false
11:21:56.0 (278008542)|VARIABLE_ASSIGNMENT|[109]|cliente|{"AccountGroup__c":"a02g8000002871ZAAQ","Id":"001g800000DSicvAAD"}|0x571a3ec9
11:21:56.0 (278076064)|HEAP_ALLOCATE|[113]|Bytes:28
11:21:56.0 (278079332)|HEAP_ALLOCATE|[113]|Bytes:28
11:21:56.0 (278134406)|HEAP_ALLOCATE|[113]|Bytes:28
11:21:56.0 (278136365)|HEAP_ALLOCATE|[113]|Bytes:28
11:21:56.0 (278147122)|STATEMENT_EXECUTE|[113]
11:21:56.0 (278150357)|STATEMENT_EXECUTE|[119]
11:21:56.0 (278151563)|STATEMENT_EXECUTE|[121]
11:21:56.0 (278163897)|HEAP_ALLOCATE|[121]|Bytes:18
11:21:56.0 (278181230)|HEAP_ALLOCATE|[122]|Bytes:18
11:21:56.0 (278195327)|HEAP_ALLOCATE|[123]|Bytes:18
11:21:56.0 (278201827)|HEAP_ALLOCATE|[121]|Bytes:54
11:21:56.0 (278204283)|VARIABLE_SCOPE_BEGIN|[121]|keyOrderItemImposto|String|false|false
11:21:56.0 (278210232)|VARIABLE_ASSIGNMENT|[121]|keyOrderItemImposto|"01tg8000001BArVAAWa0 (34 more) ..."
11:21:56.0 (278212638)|STATEMENT_EXECUTE|[125]
11:21:56.0 (278231007)|VARIABLE_SCOPE_BEGIN|[125]|impostoEncontrado|Tax__c|true|false
11:21:56.0 (278269623)|VARIABLE_ASSIGNMENT|[125]|impostoEncontrado|{"DistributionCenter__c":"a06g8000000wkLpAAI","Product__c":"01tg8000001BArVAAW","TaxRate__c":18.00,"Id":"a09g8000001l5i1AAA","State__c":"a04g8000000QmaTAAS"}|0x63514edb
11:21:56.0 (278273639)|STATEMENT_EXECUTE|[127]
11:21:56.0 (278944708)|VARIABLE_ASSIGNMENT|[127]|this.TaxPercentage__c|18.00|0x7b3c6818
11:21:56.0 (278950340)|STATEMENT_EXECUTE|[130]
11:21:56.0 (289093228)|HEAP_ALLOCATE|[130]|Bytes:7
11:21:56.0 (289137589)|METHOD_ENTRY|[1]|01pg8000001F8kf|PricingService.PricingService()
11:21:56.0 (289144772)|STATEMENT_EXECUTE|[1]
11:21:56.0 (289152751)|STATEMENT_EXECUTE|[1]
11:21:56.0 (289159584)|METHOD_EXIT|[1]|PricingService
11:21:56.0 (289205957)|METHOD_ENTRY|[130]|01pg8000001F8kf|PricingService.findMargin(OrderItem, Order, Map<String,Margem__c>, Id, Account)
11:21:56.0 (289236475)|VARIABLE_SCOPE_BEGIN|[21]|item|OrderItem|true|false
11:21:56.0 (289960135)|VARIABLE_ASSIGNMENT|[21]|item|{"Product_Code_Display__c":"P003","IsDeleted":false,"UnitPrice":1350000.00,"Product2Id":"01tg8000001BArVAAW","PricebookEntryId":"01ug8000000XnbRAAS","TotalPrice":2700000.00,"Quantity":2.00,"TaxPercentage__c":18.00,"ListPrice":1350000.00,"OrderId":"801g800000DSicwAAD"}|0x7b3c6818
11:21:56.0 (289967597)|VARIABLE_SCOPE_BEGIN|[21]|pedido|Order|true|false
11:21:56.0 (290059472)|VARIABLE_ASSIGNMENT|[21]|pedido|{"Status":"Draft","City__c":"a05g8000001KAc9AAG","Country__c":"a03g8000004x8aeAAA","AccountId":"001g800000DSicvAAD","DistributionCenter__c":"a06g8000000wkLpAAI","Id":"801g800000DSicwAAD","State__c":"a04g8000000QmaTAAS"}|0x22e71656
11:21:56.0 (290069338)|VARIABLE_SCOPE_BEGIN|[21]|mapMargin|Map<String,Margem__c>|true|false
11:21:56.0 (290079963)|VARIABLE_ASSIGNMENT|[21]|mapMargin|"Map of size 7 too large to display"|0x2c81898e
11:21:56.0 (290083636)|VARIABLE_SCOPE_BEGIN|[21]|h|Id|false|false
11:21:56.0 (290288948)|VARIABLE_ASSIGNMENT|[21]|h|"a01g8000007otrhAAA"
11:21:56.0 (290294217)|VARIABLE_SCOPE_BEGIN|[21]|cliente|Account|true|false
11:21:56.0 (290330665)|VARIABLE_ASSIGNMENT|[21]|cliente|{"AccountGroup__c":"a02g8000002871ZAAQ","Id":"001g800000DSicvAAD"}|0x571a3ec9
11:21:56.0 (290341289)|STATEMENT_EXECUTE|[21]
11:21:56.0 (290342674)|STATEMENT_EXECUTE|[22]
11:21:56.0 (290359008)|VARIABLE_SCOPE_BEGIN|[22]|p|Id|false|false
11:21:56.0 (290393173)|VARIABLE_ASSIGNMENT|[22]|p|"01tg8000001BArVAAW"
11:21:56.0 (290395757)|STATEMENT_EXECUTE|[23]
11:21:56.0 (290402613)|VARIABLE_SCOPE_BEGIN|[23]|a|Id|false|false
11:21:56.0 (290421622)|VARIABLE_ASSIGNMENT|[23]|a|"001g800000DSicvAAD"
11:21:56.0 (290424054)|STATEMENT_EXECUTE|[24]
11:21:56.0 (290440742)|VARIABLE_SCOPE_BEGIN|[24]|g|Id|false|false
11:21:56.0 (290459947)|VARIABLE_ASSIGNMENT|[24]|g|"a02g8000002871ZAAQ"
11:21:56.0 (290462496)|STATEMENT_EXECUTE|[25]
11:21:56.0 (290471693)|VARIABLE_SCOPE_BEGIN|[25]|c|Id|false|false
11:21:56.0 (290490378)|VARIABLE_ASSIGNMENT|[25]|c|"a05g8000001KAc9AAG"
11:21:56.0 (290492944)|STATEMENT_EXECUTE|[26]
11:21:56.0 (290496245)|VARIABLE_SCOPE_BEGIN|[26]|e|Id|false|false
11:21:56.0 (290513217)|VARIABLE_ASSIGNMENT|[26]|e|"a04g8000000QmaTAAS"
11:21:56.0 (290515304)|STATEMENT_EXECUTE|[27]
11:21:56.0 (290523315)|VARIABLE_SCOPE_BEGIN|[27]|pa|Id|false|false
11:21:56.0 (290541979)|VARIABLE_ASSIGNMENT|[27]|pa|"a03g8000004x8aeAAA"
11:21:56.0 (290622745)|HEAP_ALLOCATE|[30]|Bytes:18
11:21:56.0 (290638175)|HEAP_ALLOCATE|[30]|Bytes:18
11:21:56.0 (290644808)|HEAP_ALLOCATE|[30]|Bytes:18
11:21:56.0 (290653405)|HEAP_ALLOCATE|[30]|Bytes:56
11:21:56.0 (290671050)|STATEMENT_EXECUTE|[30]
11:21:56.0 (290679714)|HEAP_ALLOCATE|[31]|Bytes:18
11:21:56.0 (290686401)|HEAP_ALLOCATE|[31]|Bytes:18
11:21:56.0 (290692226)|HEAP_ALLOCATE|[31]|Bytes:18
11:21:56.0 (290696632)|HEAP_ALLOCATE|[31]|Bytes:56
11:21:56.0 (290702687)|STATEMENT_EXECUTE|[31]
11:21:56.0 (290708862)|HEAP_ALLOCATE|[32]|Bytes:18
11:21:56.0 (290715036)|HEAP_ALLOCATE|[32]|Bytes:18
11:21:56.0 (290737527)|HEAP_ALLOCATE|[32]|Bytes:18
11:21:56.0 (290741764)|HEAP_ALLOCATE|[32]|Bytes:56
11:21:56.0 (290746817)|STATEMENT_EXECUTE|[32]
11:21:56.0 (290753494)|HEAP_ALLOCATE|[33]|Bytes:18
11:21:56.0 (290763193)|HEAP_ALLOCATE|[33]|Bytes:18
11:21:56.0 (290768916)|HEAP_ALLOCATE|[33]|Bytes:18
11:21:56.0 (290772979)|HEAP_ALLOCATE|[33]|Bytes:56
11:21:56.0 (290777801)|STATEMENT_EXECUTE|[33]
11:21:56.0 (290783626)|HEAP_ALLOCATE|[34]|Bytes:18
11:21:56.0 (290789852)|HEAP_ALLOCATE|[34]|Bytes:18
11:21:56.0 (290795697)|HEAP_ALLOCATE|[34]|Bytes:18
11:21:56.0 (290799864)|HEAP_ALLOCATE|[34]|Bytes:56
11:21:56.0 (290804197)|STATEMENT_EXECUTE|[34]
11:21:56.0 (290809926)|HEAP_ALLOCATE|[35]|Bytes:18
11:21:56.0 (290816011)|HEAP_ALLOCATE|[35]|Bytes:18
11:21:56.0 (290821731)|HEAP_ALLOCATE|[35]|Bytes:18
11:21:56.0 (290825695)|HEAP_ALLOCATE|[35]|Bytes:56
11:21:56.0 (290829978)|STATEMENT_EXECUTE|[35]
11:21:56.0 (290835703)|HEAP_ALLOCATE|[37]|Bytes:18
11:21:56.0 (290841622)|HEAP_ALLOCATE|[37]|Bytes:18
11:21:56.0 (290847290)|HEAP_ALLOCATE|[37]|Bytes:18
11:21:56.0 (290851287)|HEAP_ALLOCATE|[37]|Bytes:56
11:21:56.0 (290855622)|STATEMENT_EXECUTE|[37]
11:21:56.0 (290861074)|HEAP_ALLOCATE|[38]|Bytes:18
11:21:56.0 (290867043)|HEAP_ALLOCATE|[38]|Bytes:18
11:21:56.0 (290872682)|HEAP_ALLOCATE|[38]|Bytes:18
11:21:56.0 (290876609)|HEAP_ALLOCATE|[38]|Bytes:56
11:21:56.0 (290880778)|STATEMENT_EXECUTE|[38]
11:21:56.0 (290886259)|HEAP_ALLOCATE|[39]|Bytes:18
11:21:56.0 (290892307)|HEAP_ALLOCATE|[39]|Bytes:18
11:21:56.0 (290897997)|HEAP_ALLOCATE|[39]|Bytes:18
11:21:56.0 (290902017)|HEAP_ALLOCATE|[39]|Bytes:56
11:21:56.0 (290906202)|STATEMENT_EXECUTE|[39]
11:21:56.0 (290911675)|HEAP_ALLOCATE|[40]|Bytes:18
11:21:56.0 (290917757)|HEAP_ALLOCATE|[40]|Bytes:18
11:21:56.0 (290923587)|HEAP_ALLOCATE|[40]|Bytes:18
11:21:56.0 (290927567)|HEAP_ALLOCATE|[40]|Bytes:56
11:21:56.0 (290931996)|STATEMENT_EXECUTE|[40]
11:21:56.0 (290937472)|HEAP_ALLOCATE|[41]|Bytes:18
11:21:56.0 (290943601)|HEAP_ALLOCATE|[41]|Bytes:18
11:21:56.0 (290949319)|HEAP_ALLOCATE|[41]|Bytes:18
11:21:56.0 (290953255)|HEAP_ALLOCATE|[41]|Bytes:56
11:21:56.0 (290957989)|STATEMENT_EXECUTE|[41]
11:21:56.0 (290961183)|HEAP_ALLOCATE|[41]|Bytes:18
11:21:56.0 (290967053)|HEAP_ALLOCATE|[41]|Bytes:18
11:21:56.0 (290972746)|HEAP_ALLOCATE|[41]|Bytes:18
11:21:56.0 (290976690)|HEAP_ALLOCATE|[41]|Bytes:56
11:21:56.0 (290995971)|METHOD_EXIT|[130]|01pg8000001F8kf|PricingService.findMargin(OrderItem, Order, Map<String,Margem__c>, Id, Account)
11:21:56.0 (291002084)|VARIABLE_SCOPE_BEGIN|[130]|margem|Margem__c|true|false
11:21:56.0 (291065843)|VARIABLE_ASSIGNMENT|[130]|margem|{"Id":"a00g800000JZjxxAAD","AccountGroup__c":"a02g8000002871ZAAQ","ProductHierarchy__c":"a01g8000007otrhAAA","State__c":"a04g8000000QmaTAAS","MarginValuePercent__c":15.00}|0x7725ed54
11:21:56.0 (291072132)|STATEMENT_EXECUTE|[131]
11:21:56.0 (291718865)|VARIABLE_ASSIGNMENT|[131]|this.MarginPercentage__c|15.00|0x7b3c6818
11:21:56.0 (291723284)|STATEMENT_EXECUTE|[134]
11:21:56.0 (291744757)|METHOD_ENTRY|[134]|01pg8000001F8kf|PricingService.findFreightValue(OrderItem, Order, Map<String,Freight__c>, Id)
11:21:56.0 (291757492)|VARIABLE_SCOPE_BEGIN|[4]|item|OrderItem|true|false
11:21:56.0 (292226270)|VARIABLE_ASSIGNMENT|[4]|item|{"Product_Code_Display__c":"P003","IsDeleted":false,"UnitPrice":1350000.00,"Product2Id":"01tg8000001BArVAAW","PricebookEntryId":"01ug8000000XnbRAAS","TotalPrice":2700000.00,"Quantity":2.00,"MarginPercentage__c":15.00,"TaxPercentage__c":18.00,"ListPrice":1350000.00,"OrderId":"801g800000DSicwAAD"}|0x7b3c6818
11:21:56.0 (292232098)|VARIABLE_SCOPE_BEGIN|[4]|pedido|Order|true|false
11:21:56.0 (292285402)|VARIABLE_ASSIGNMENT|[4]|pedido|{"Status":"Draft","City__c":"a05g8000001KAc9AAG","Country__c":"a03g8000004x8aeAAA","AccountId":"001g800000DSicvAAD","DistributionCenter__c":"a06g8000000wkLpAAI","Id":"801g800000DSicwAAD","State__c":"a04g8000000QmaTAAS"}|0x22e71656
11:21:56.0 (292291220)|VARIABLE_SCOPE_BEGIN|[4]|mapFrete|Map<String,Freight__c>|true|false
11:21:56.0 (292298662)|VARIABLE_ASSIGNMENT|[4]|mapFrete|"Map of size 7 too large to display"|0x1ea5f383
11:21:56.0 (292302096)|VARIABLE_SCOPE_BEGIN|[4]|h|Id|false|false
11:21:56.0 (292364774)|VARIABLE_ASSIGNMENT|[4]|h|"a01g8000007otrhAAA"
11:21:56.0 (292372746)|STATEMENT_EXECUTE|[4]
11:21:56.0 (292373850)|STATEMENT_EXECUTE|[5]
11:21:56.0 (292379221)|VARIABLE_SCOPE_BEGIN|[5]|p|Id|false|false
11:21:56.0 (292399392)|VARIABLE_ASSIGNMENT|[5]|p|"01tg8000001BArVAAW"
11:21:56.0 (292402141)|STATEMENT_EXECUTE|[6]
11:21:56.0 (292405574)|VARIABLE_SCOPE_BEGIN|[6]|c|Id|false|false
11:21:56.0 (292422867)|VARIABLE_ASSIGNMENT|[6]|c|"a05g8000001KAc9AAG"
11:21:56.0 (292425079)|STATEMENT_EXECUTE|[7]
11:21:56.0 (292427774)|VARIABLE_SCOPE_BEGIN|[7]|e|Id|false|false
11:21:56.0 (292444691)|VARIABLE_ASSIGNMENT|[7]|e|"a04g8000000QmaTAAS"
11:21:56.0 (292446891)|STATEMENT_EXECUTE|[8]
11:21:56.0 (292480107)|VARIABLE_SCOPE_BEGIN|[8]|pa|Id|false|false
11:21:56.0 (292509717)|VARIABLE_ASSIGNMENT|[8]|pa|"a03g8000004x8aeAAA"
11:21:56.0 (292543663)|HEAP_ALLOCATE|[10]|Bytes:18
11:21:56.0 (292554416)|HEAP_ALLOCATE|[10]|Bytes:18
11:21:56.0 (292561966)|HEAP_ALLOCATE|[10]|Bytes:37
11:21:56.0 (292572592)|STATEMENT_EXECUTE|[10]
11:21:56.0 (292579748)|HEAP_ALLOCATE|[11]|Bytes:18
11:21:56.0 (292586197)|HEAP_ALLOCATE|[11]|Bytes:18
11:21:56.0 (292590520)|HEAP_ALLOCATE|[11]|Bytes:37
11:21:56.0 (292595192)|STATEMENT_EXECUTE|[11]
11:21:56.0 (292601233)|HEAP_ALLOCATE|[12]|Bytes:18
11:21:56.0 (292607346)|HEAP_ALLOCATE|[12]|Bytes:18
11:21:56.0 (292611299)|HEAP_ALLOCATE|[12]|Bytes:37
11:21:56.0 (292615614)|STATEMENT_EXECUTE|[12]
11:21:56.0 (292621391)|HEAP_ALLOCATE|[13]|Bytes:18
11:21:56.0 (292627402)|HEAP_ALLOCATE|[13]|Bytes:18
11:21:56.0 (292631463)|HEAP_ALLOCATE|[13]|Bytes:37
11:21:56.0 (292636191)|STATEMENT_EXECUTE|[13]
11:21:56.0 (292641699)|HEAP_ALLOCATE|[14]|Bytes:18
11:21:56.0 (292647682)|HEAP_ALLOCATE|[14]|Bytes:18
11:21:56.0 (292651592)|HEAP_ALLOCATE|[14]|Bytes:37
11:21:56.0 (292656387)|STATEMENT_EXECUTE|[14]
11:21:56.0 (292659535)|HEAP_ALLOCATE|[14]|Bytes:18
11:21:56.0 (292665390)|HEAP_ALLOCATE|[14]|Bytes:18
11:21:56.0 (292669358)|HEAP_ALLOCATE|[14]|Bytes:37
11:21:56.0 (292707125)|METHOD_EXIT|[134]|01pg8000001F8kf|PricingService.findFreightValue(OrderItem, Order, Map<String,Freight__c>, Id)
11:21:56.0 (293266681)|VARIABLE_ASSIGNMENT|[134]|this.FreightValue__c|800.00|0x7b3c6818
11:21:56.0 (293272232)|STATEMENT_EXECUTE|[137]
11:21:56.0 (293290146)|VARIABLE_SCOPE_BEGIN|[137]|custoUnitario|Decimal|false|false
11:21:56.0 (293295726)|VARIABLE_ASSIGNMENT|[137]|custoUnitario|900000.00
11:21:56.0 (293312296)|HEAP_ALLOCATE|[139]|Bytes:28
11:21:56.0 (293314436)|HEAP_ALLOCATE|[139]|Bytes:28
11:21:56.0 (293350484)|HEAP_ALLOCATE|[139]|Bytes:28
11:21:56.0 (293358862)|HEAP_ALLOCATE|[139]|Bytes:28
11:21:56.0 (293362393)|HEAP_ALLOCATE|[139]|Bytes:28
11:21:56.0 (293363925)|HEAP_ALLOCATE|[139]|Bytes:28
11:21:56.0 (293374188)|STATEMENT_EXECUTE|[139]
11:21:56.0 (293375306)|STATEMENT_EXECUTE|[145]
11:21:56.0 (293377889)|HEAP_ALLOCATE|[145]|Bytes:28
11:21:56.0 (293384532)|HEAP_ALLOCATE|[145]|Bytes:28
11:21:56.0 (293397911)|METHOD_ENTRY|[145]|01pg8000001F8kf|PricingService.calculateFinalPrice(OrderItem, Decimal, Margem__c, Decimal, Decimal)
11:21:56.0 (293411453)|VARIABLE_SCOPE_BEGIN|[47]|item|OrderItem|true|false
11:21:56.0 (293930377)|VARIABLE_ASSIGNMENT|[47]|item|{"Product_Code_Display__c":"P003","IsDeleted":false,"UnitPrice":1350000.00,"Product2Id":"01tg8000001BArVAAW","PricebookEntryId":"01ug8000000XnbRAAS","TotalPrice":2700000.00,"Quantity":2.00,"MarginPercentage__c":15.00,"TaxPercentage__c":18.00,"ListPrice":1350000.00,"OrderId":"801g800000DSicwAAD","FreightValue__c":800.00}|0x7b3c6818
11:21:56.0 (293937758)|VARIABLE_SCOPE_BEGIN|[47]|frete|Decimal|false|false
11:21:56.0 (293942830)|VARIABLE_ASSIGNMENT|[47]|frete|800.00
11:21:56.0 (293945335)|VARIABLE_SCOPE_BEGIN|[47]|margem|Margem__c|true|false
11:21:56.0 (294012015)|VARIABLE_ASSIGNMENT|[47]|margem|{"Id":"a00g800000JZjxxAAD","AccountGroup__c":"a02g8000002871ZAAQ","ProductHierarchy__c":"a01g8000007otrhAAA","State__c":"a04g8000000QmaTAAS","MarginValuePercent__c":15.00}|0x7725ed54
11:21:56.0 (294016426)|VARIABLE_SCOPE_BEGIN|[47]|impostoPercent|Decimal|false|false
11:21:56.0 (294020635)|VARIABLE_ASSIGNMENT|[47]|impostoPercent|18.00
11:21:56.0 (294022601)|VARIABLE_SCOPE_BEGIN|[47]|custo|Decimal|false|false
11:21:56.0 (294026187)|VARIABLE_ASSIGNMENT|[47]|custo|900000.00
11:21:56.0 (294031264)|STATEMENT_EXECUTE|[47]
11:21:56.0 (294032516)|STATEMENT_EXECUTE|[48]
11:21:56.0 (294053004)|VARIABLE_SCOPE_BEGIN|[48]|mPerc|Decimal|false|false
11:21:56.0 (294057551)|VARIABLE_ASSIGNMENT|[48]|mPerc|15.00
11:21:56.0 (294059723)|STATEMENT_EXECUTE|[49]
11:21:56.0 (294061450)|VARIABLE_SCOPE_BEGIN|[49]|iPerc|Decimal|false|false
11:21:56.0 (294064909)|VARIABLE_ASSIGNMENT|[49]|iPerc|18.00
11:21:56.0 (294066812)|STATEMENT_EXECUTE|[50]
11:21:56.0 (294068231)|VARIABLE_SCOPE_BEGIN|[50]|custoProd|Decimal|false|false
11:21:56.0 (294071819)|VARIABLE_ASSIGNMENT|[50]|custoProd|900000.00
11:21:56.0 (294073771)|STATEMENT_EXECUTE|[51]
11:21:56.0 (294075086)|VARIABLE_SCOPE_BEGIN|[51]|freteVal|Decimal|false|false
11:21:56.0 (294078886)|VARIABLE_ASSIGNMENT|[51]|freteVal|800.00
11:21:56.0 (294081157)|STATEMENT_EXECUTE|[54]
11:21:56.0 (294114080)|HEAP_ALLOCATE|[54]|Bytes:28
11:21:56.0 (294119831)|VARIABLE_SCOPE_BEGIN|[54]|precoBase|Decimal|false|false
11:21:56.0 (294123930)|VARIABLE_ASSIGNMENT|[54]|precoBase|900800.00
11:21:56.0 (294126247)|STATEMENT_EXECUTE|[57]
11:21:56.0 (294130516)|HEAP_ALLOCATE|[57]|Bytes:28
11:21:56.0 (294132229)|HEAP_ALLOCATE|[57]|Bytes:28
11:21:56.0 (294136368)|HEAP_ALLOCATE|[57]|Bytes:28
11:21:56.0 (294277129)|HEAP_ALLOCATE|[57]|Bytes:28
11:21:56.0 (294279109)|HEAP_ALLOCATE|[57]|Bytes:28
11:21:56.0 (294288842)|HEAP_ALLOCATE|[57]|Bytes:28
11:21:56.0 (294299575)|HEAP_ALLOCATE|[57]|Bytes:28
11:21:56.0 (294303531)|VARIABLE_SCOPE_BEGIN|[57]|precoSemMargem|Decimal|false|false
11:21:56.0 (294309545)|VARIABLE_ASSIGNMENT|[57]|precoSemMargem|1062944.0000
11:21:56.0 (294311550)|STATEMENT_EXECUTE|[60]
11:21:56.0 (294314006)|HEAP_ALLOCATE|[60]|Bytes:28
11:21:56.0 (294315815)|HEAP_ALLOCATE|[60]|Bytes:28
11:21:56.0 (294318287)|HEAP_ALLOCATE|[60]|Bytes:28
11:21:56.0 (294331148)|HEAP_ALLOCATE|[60]|Bytes:28
11:21:56.0 (294332853)|HEAP_ALLOCATE|[60]|Bytes:28
11:21:56.0 (294340413)|HEAP_ALLOCATE|[60]|Bytes:28
11:21:56.0 (294347836)|HEAP_ALLOCATE|[60]|Bytes:28
11:21:56.0 (294351962)|VARIABLE_SCOPE_BEGIN|[60]|precoCalculado|Decimal|false|false
11:21:56.0 (294356178)|VARIABLE_ASSIGNMENT|[60]|precoCalculado|1222385.600000
11:21:56.0 (294358417)|STATEMENT_EXECUTE|[63]
11:21:56.0 (294951480)|VARIABLE_ASSIGNMENT|[63]|this.ProductionCost__c|900000.00|0x7b3c6818
11:21:56.0 (294958308)|STATEMENT_EXECUTE|[64]
11:21:56.0 (295653635)|VARIABLE_ASSIGNMENT|[64]|this.MarginPercentage__c|15.00|0x7b3c6818
11:21:56.0 (295663633)|STATEMENT_EXECUTE|[65]
11:21:56.0 (296168753)|VARIABLE_ASSIGNMENT|[65]|this.FreightValue__c|800.00|0x7b3c6818
11:21:56.0 (296173503)|STATEMENT_EXECUTE|[66]
11:21:56.0 (296735860)|VARIABLE_ASSIGNMENT|[66]|this.TaxPercentage__c|18.00|0x7b3c6818
11:21:56.0 (296743925)|STATEMENT_EXECUTE|[67]
11:21:56.0 (297281389)|VARIABLE_ASSIGNMENT|[67]|this.PriceWithoutMargin__c|1062944.0000|0x7b3c6818
11:21:56.0 (297286345)|STATEMENT_EXECUTE|[68]
11:21:56.0 (297730575)|VARIABLE_ASSIGNMENT|[68]|this.FinalPrice__c|1222385.600000|0x7b3c6818
11:21:56.0 (297733707)|STATEMENT_EXECUTE|[71]
11:21:56.0 (297758004)|VARIABLE_SCOPE_BEGIN|[71]|unitPriceDigitado|Decimal|false|false
11:21:56.0 (297765674)|VARIABLE_ASSIGNMENT|[71]|unitPriceDigitado|1350000.00
11:21:56.0 (297782367)|HEAP_ALLOCATE|[74]|Bytes:28
11:21:56.0 (297785462)|HEAP_ALLOCATE|[74]|Bytes:28
11:21:56.0 (297835208)|STATEMENT_EXECUTE|[74]
11:21:56.0 (297836153)|STATEMENT_EXECUTE|[75]
11:21:56.0 (297855935)|HEAP_ALLOCATE|[75]|Bytes:28
11:21:56.0 (297997176)|HEAP_ALLOCATE|[75]|Bytes:28
11:21:56.0 (297999493)|HEAP_ALLOCATE|[75]|Bytes:28
11:21:56.0 (298487760)|VARIABLE_ASSIGNMENT|[75]|this.DiscountPercentage__c|-0.104397826675968695966313739297976|0x7b3c6818
11:21:56.0 (298492425)|STATEMENT_EXECUTE|[76]
11:21:56.0 (298507802)|HEAP_ALLOCATE|[76]|Bytes:28
11:21:56.0 (298975625)|VARIABLE_ASSIGNMENT|[76]|this.DiscountValue__c|-127614.400000|0x7b3c6818
11:21:56.0 (298980048)|STATEMENT_EXECUTE|[79]
11:21:56.0 (298992884)|HEAP_ALLOCATE|[79]|Bytes:28
11:21:56.0 (299479703)|VARIABLE_ASSIGNMENT|[79]|this.UnitPrice|1222385.600000|0x7b3c6818
11:21:56.0 (299493256)|METHOD_EXIT|[145]|01pg8000001F8kf|PricingService.calculateFinalPrice(OrderItem, Decimal, Margem__c, Decimal, Decimal)
11:21:56.0 (299514978)|HEAP_ALLOCATE|[106]|Bytes:5
11:21:56.0 (299533994)|HEAP_ALLOCATE|[106]|Bytes:4
11:21:56.0 (299543379)|VARIABLE_SCOPE_BEGIN|[106]|item|OrderItem|true|false
11:21:56.0 (300166842)|VARIABLE_ASSIGNMENT|[106]|item|{"Product_Code_Display__c":"P010","IsDeleted":false,"UnitPrice":19500.00,"Product2Id":"01tg8000001BArcAAG","PricebookEntryId":"01ug8000000XoZ7AAK","TotalPrice":19500.00,"Quantity":1.00,"ListPrice":19500.00,"OrderId":"801g800000DSicwAAD"}|0x4f463950
11:21:56.0 (300176005)|STATEMENT_EXECUTE|[106]
11:21:56.0 (300177558)|STATEMENT_EXECUTE|[107]
11:21:56.0 (300201907)|VARIABLE_SCOPE_BEGIN|[107]|pedido|Order|true|false
11:21:56.0 (300281767)|VARIABLE_ASSIGNMENT|[107]|pedido|{"Status":"Draft","City__c":"a05g8000001KAc9AAG","Country__c":"a03g8000004x8aeAAA","AccountId":"001g800000DSicvAAD","DistributionCenter__c":"a06g8000000wkLpAAI","Id":"801g800000DSicwAAD","State__c":"a04g8000000QmaTAAS"}|0x22e71656
11:21:56.0 (300287757)|STATEMENT_EXECUTE|[108]
11:21:56.0 (300299833)|VARIABLE_SCOPE_BEGIN|[108]|produto|Product2|true|false
11:21:56.0 (300334355)|VARIABLE_ASSIGNMENT|[108]|produto|{"ProductionCost__c":12000.00,"ProductHierarchy__c":"a01g8000007otrpAAA","Id":"01tg8000001BArcAAG"}|0x48543306
11:21:56.0 (300337862)|STATEMENT_EXECUTE|[109]
11:21:56.0 (300351460)|VARIABLE_SCOPE_BEGIN|[109]|cliente|Account|true|false
11:21:56.0 (300378356)|VARIABLE_ASSIGNMENT|[109]|cliente|{"AccountGroup__c":"a02g8000002871ZAAQ","Id":"001g800000DSicvAAD"}|0x571a3ec9
11:21:56.0 (300394693)|HEAP_ALLOCATE|[113]|Bytes:28
11:21:56.0 (300396954)|HEAP_ALLOCATE|[113]|Bytes:28
11:21:56.0 (300419465)|HEAP_ALLOCATE|[113]|Bytes:28
11:21:56.0 (300421219)|HEAP_ALLOCATE|[113]|Bytes:28
11:21:56.0 (300430544)|STATEMENT_EXECUTE|[113]
11:21:56.0 (300434001)|STATEMENT_EXECUTE|[119]
11:21:56.0 (300435168)|STATEMENT_EXECUTE|[121]
11:21:56.0 (300444207)|HEAP_ALLOCATE|[121]|Bytes:18
11:21:56.0 (300482938)|HEAP_ALLOCATE|[122]|Bytes:18
11:21:56.0 (300492020)|HEAP_ALLOCATE|[123]|Bytes:18
11:21:56.0 (300499129)|HEAP_ALLOCATE|[121]|Bytes:54
11:21:56.0 (300502738)|VARIABLE_SCOPE_BEGIN|[121]|keyOrderItemImposto|String|false|false
11:21:56.0 (300510149)|VARIABLE_ASSIGNMENT|[121]|keyOrderItemImposto|"01tg8000001BArcAAGa0 (34 more) ..."
11:21:56.0 (300512919)|STATEMENT_EXECUTE|[125]
11:21:56.0 (300524059)|VARIABLE_SCOPE_BEGIN|[125]|impostoEncontrado|Tax__c|true|false
11:21:56.0 (300571458)|VARIABLE_ASSIGNMENT|[125]|impostoEncontrado|{"DistributionCenter__c":"a06g8000000wkLpAAI","Product__c":"01tg8000001BArcAAG","TaxRate__c":18.00,"Id":"a09g8000001l5i3AAA","State__c":"a04g8000000QmaTAAS"}|0x610b6bf8
11:21:56.0 (300575294)|STATEMENT_EXECUTE|[127]
11:21:56.0 (301134507)|VARIABLE_ASSIGNMENT|[127]|this.TaxPercentage__c|18.00|0x4f463950
11:21:56.0 (301140687)|STATEMENT_EXECUTE|[130]
11:21:56.0 (301156900)|METHOD_ENTRY|[130]|01pg8000001F8kf|PricingService.findMargin(OrderItem, Order, Map<String,Margem__c>, Id, Account)
11:21:56.0 (301163124)|VARIABLE_SCOPE_BEGIN|[21]|item|OrderItem|true|false
11:21:56.0 (301649559)|VARIABLE_ASSIGNMENT|[21]|item|{"Product_Code_Display__c":"P010","IsDeleted":false,"UnitPrice":19500.00,"Product2Id":"01tg8000001BArcAAG","PricebookEntryId":"01ug8000000XoZ7AAK","TotalPrice":19500.00,"Quantity":1.00,"TaxPercentage__c":18.00,"ListPrice":19500.00,"OrderId":"801g800000DSicwAAD"}|0x4f463950
11:21:56.0 (301658024)|VARIABLE_SCOPE_BEGIN|[21]|pedido|Order|true|false
11:21:56.0 (301731894)|VARIABLE_ASSIGNMENT|[21]|pedido|{"Status":"Draft","City__c":"a05g8000001KAc9AAG","Country__c":"a03g8000004x8aeAAA","AccountId":"001g800000DSicvAAD","DistributionCenter__c":"a06g8000000wkLpAAI","Id":"801g800000DSicwAAD","State__c":"a04g8000000QmaTAAS"}|0x22e71656
11:21:56.0 (301743636)|VARIABLE_SCOPE_BEGIN|[21]|mapMargin|Map<String,Margem__c>|true|false
11:21:56.0 (301754163)|VARIABLE_ASSIGNMENT|[21]|mapMargin|"Map of size 7 too large to display"|0x2c81898e
11:21:56.0 (301758109)|VARIABLE_SCOPE_BEGIN|[21]|h|Id|false|false
11:21:56.0 (301863485)|VARIABLE_ASSIGNMENT|[21]|h|"a01g8000007otrpAAA"
11:21:56.0 (301868420)|VARIABLE_SCOPE_BEGIN|[21]|cliente|Account|true|false
11:21:56.0 (301909808)|VARIABLE_ASSIGNMENT|[21]|cliente|{"AccountGroup__c":"a02g8000002871ZAAQ","Id":"001g800000DSicvAAD"}|0x571a3ec9
11:21:56.0 (301920737)|STATEMENT_EXECUTE|[21]
11:21:56.0 (301922679)|STATEMENT_EXECUTE|[22]
11:21:56.0 (301934083)|VARIABLE_SCOPE_BEGIN|[22]|p|Id|false|false
11:21:56.0 (301980219)|VARIABLE_ASSIGNMENT|[22]|p|"01tg8000001BArcAAG"
11:21:56.0 (301983930)|STATEMENT_EXECUTE|[23]
11:21:56.0 (301988964)|VARIABLE_SCOPE_BEGIN|[23]|a|Id|false|false
11:21:56.0 (302016993)|VARIABLE_ASSIGNMENT|[23]|a|"001g800000DSicvAAD"
11:21:56.0 (302021364)|STATEMENT_EXECUTE|[24]
11:21:56.0 (302027160)|VARIABLE_SCOPE_BEGIN|[24]|g|Id|false|false
11:21:56.0 (302056648)|VARIABLE_ASSIGNMENT|[24]|g|"a02g8000002871ZAAQ"
11:21:56.0 (302060496)|STATEMENT_EXECUTE|[25]
11:21:56.0 (302064583)|VARIABLE_SCOPE_BEGIN|[25]|c|Id|false|false
11:21:56.0 (302093426)|VARIABLE_ASSIGNMENT|[25]|c|"a05g8000001KAc9AAG"
11:21:56.0 (302097364)|STATEMENT_EXECUTE|[26]
11:21:56.0 (302101334)|VARIABLE_SCOPE_BEGIN|[26]|e|Id|false|false
11:21:56.0 (302134924)|VARIABLE_ASSIGNMENT|[26]|e|"a04g8000000QmaTAAS"
11:21:56.0 (302139083)|STATEMENT_EXECUTE|[27]
11:21:56.0 (302144241)|VARIABLE_SCOPE_BEGIN|[27]|pa|Id|false|false
11:21:56.0 (302170583)|VARIABLE_ASSIGNMENT|[27]|pa|"a03g8000004x8aeAAA"
11:21:56.0 (302189755)|HEAP_ALLOCATE|[30]|Bytes:18
11:21:56.0 (302201767)|HEAP_ALLOCATE|[30]|Bytes:18
11:21:56.0 (302207866)|HEAP_ALLOCATE|[30]|Bytes:18
11:21:56.0 (302215156)|HEAP_ALLOCATE|[30]|Bytes:56
11:21:56.0 (302227324)|STATEMENT_EXECUTE|[30]
11:21:56.0 (302231273)|HEAP_ALLOCATE|[31]|Bytes:18
11:21:56.0 (302237538)|HEAP_ALLOCATE|[31]|Bytes:18
11:21:56.0 (302243219)|HEAP_ALLOCATE|[31]|Bytes:18
11:21:56.0 (302247501)|HEAP_ALLOCATE|[31]|Bytes:56
11:21:56.0 (302252565)|STATEMENT_EXECUTE|[31]
11:21:56.0 (302256199)|HEAP_ALLOCATE|[32]|Bytes:18
11:21:56.0 (302262129)|HEAP_ALLOCATE|[32]|Bytes:18
11:21:56.0 (302267897)|HEAP_ALLOCATE|[32]|Bytes:18
11:21:56.0 (302271857)|HEAP_ALLOCATE|[32]|Bytes:56
11:21:56.0 (302276154)|STATEMENT_EXECUTE|[32]
11:21:56.0 (302279514)|HEAP_ALLOCATE|[33]|Bytes:18
11:21:56.0 (302285596)|HEAP_ALLOCATE|[33]|Bytes:18
11:21:56.0 (302291204)|HEAP_ALLOCATE|[33]|Bytes:18
11:21:56.0 (302295339)|HEAP_ALLOCATE|[33]|Bytes:56
11:21:56.0 (302299698)|STATEMENT_EXECUTE|[33]
11:21:56.0 (302302897)|HEAP_ALLOCATE|[34]|Bytes:18
11:21:56.0 (302308737)|HEAP_ALLOCATE|[34]|Bytes:18
11:21:56.0 (302314457)|HEAP_ALLOCATE|[34]|Bytes:18
11:21:56.0 (302318414)|HEAP_ALLOCATE|[34]|Bytes:56
11:21:56.0 (302323649)|STATEMENT_EXECUTE|[34]
11:21:56.0 (302328977)|HEAP_ALLOCATE|[34]|Bytes:18
11:21:56.0 (302334921)|HEAP_ALLOCATE|[34]|Bytes:18
11:21:56.0 (302340609)|HEAP_ALLOCATE|[34]|Bytes:18
11:21:56.0 (302344813)|HEAP_ALLOCATE|[34]|Bytes:56
11:21:56.0 (302363087)|METHOD_EXIT|[130]|01pg8000001F8kf|PricingService.findMargin(OrderItem, Order, Map<String,Margem__c>, Id, Account)
11:21:56.0 (302369167)|VARIABLE_SCOPE_BEGIN|[130]|margem|Margem__c|true|false
11:21:56.0 (302422377)|VARIABLE_ASSIGNMENT|[130]|margem|{"Product__c":"01tg8000001BArcAAG","Id":"a00g800000OgMOPAA3","AccountGroup__c":"a02g8000002871ZAAQ","State__c":"a04g8000000QmaTAAS","MarginValuePercent__c":10.00}|0x20b2945e
11:21:56.0 (302426915)|STATEMENT_EXECUTE|[131]
11:21:56.0 (303035344)|VARIABLE_ASSIGNMENT|[131]|this.MarginPercentage__c|10.00|0x4f463950
11:21:56.0 (303043497)|STATEMENT_EXECUTE|[134]
11:21:56.0 (303058247)|METHOD_ENTRY|[134]|01pg8000001F8kf|PricingService.findFreightValue(OrderItem, Order, Map<String,Freight__c>, Id)
11:21:56.0 (303063316)|VARIABLE_SCOPE_BEGIN|[4]|item|OrderItem|true|false
11:21:56.0 (303564813)|VARIABLE_ASSIGNMENT|[4]|item|{"Product_Code_Display__c":"P010","IsDeleted":false,"UnitPrice":19500.00,"Product2Id":"01tg8000001BArcAAG","PricebookEntryId":"01ug8000000XoZ7AAK","TotalPrice":19500.00,"Quantity":1.00,"MarginPercentage__c":10.00,"TaxPercentage__c":18.00,"ListPrice":19500.00,"OrderId":"801g800000DSicwAAD"}|0x4f463950
11:21:56.0 (303570906)|VARIABLE_SCOPE_BEGIN|[4]|pedido|Order|true|false
11:21:56.0 (303624139)|VARIABLE_ASSIGNMENT|[4]|pedido|{"Status":"Draft","City__c":"a05g8000001KAc9AAG","Country__c":"a03g8000004x8aeAAA","AccountId":"001g800000DSicvAAD","DistributionCenter__c":"a06g8000000wkLpAAI","Id":"801g800000DSicwAAD","State__c":"a04g8000000QmaTAAS"}|0x22e71656
11:21:56.0 (303629524)|VARIABLE_SCOPE_BEGIN|[4]|mapFrete|Map<String,Freight__c>|true|false
11:21:56.0 (303636849)|VARIABLE_ASSIGNMENT|[4]|mapFrete|"Map of size 7 too large to display"|0x1ea5f383
11:21:56.0 (303640315)|VARIABLE_SCOPE_BEGIN|[4]|h|Id|false|false
11:21:56.0 (303698216)|VARIABLE_ASSIGNMENT|[4]|h|"a01g8000007otrpAAA"
11:21:56.0 (303703644)|STATEMENT_EXECUTE|[4]
11:21:56.0 (303704671)|STATEMENT_EXECUTE|[5]
11:21:56.0 (303711293)|VARIABLE_SCOPE_BEGIN|[5]|p|Id|false|false
11:21:56.0 (303732654)|VARIABLE_ASSIGNMENT|[5]|p|"01tg8000001BArcAAG"
11:21:56.0 (303735343)|STATEMENT_EXECUTE|[6]
11:21:56.0 (303739254)|VARIABLE_SCOPE_BEGIN|[6]|c|Id|false|false
11:21:56.0 (303756829)|VARIABLE_ASSIGNMENT|[6]|c|"a05g8000001KAc9AAG"
11:21:56.0 (303758920)|STATEMENT_EXECUTE|[7]
11:21:56.0 (303761546)|VARIABLE_SCOPE_BEGIN|[7]|e|Id|false|false
11:21:56.0 (303778486)|VARIABLE_ASSIGNMENT|[7]|e|"a04g8000000QmaTAAS"
11:21:56.0 (303780786)|STATEMENT_EXECUTE|[8]
11:21:56.0 (303783441)|VARIABLE_SCOPE_BEGIN|[8]|pa|Id|false|false
11:21:56.0 (303800031)|VARIABLE_ASSIGNMENT|[8]|pa|"a03g8000004x8aeAAA"
11:21:56.0 (303814414)|HEAP_ALLOCATE|[10]|Bytes:18
11:21:56.0 (303824278)|HEAP_ALLOCATE|[10]|Bytes:18
11:21:56.0 (303830858)|HEAP_ALLOCATE|[10]|Bytes:37
11:21:56.0 (303840316)|STATEMENT_EXECUTE|[10]
11:21:56.0 (303843974)|HEAP_ALLOCATE|[11]|Bytes:18
11:21:56.0 (303850218)|HEAP_ALLOCATE|[11]|Bytes:18
11:21:56.0 (303854477)|HEAP_ALLOCATE|[11]|Bytes:37
11:21:56.0 (303859768)|STATEMENT_EXECUTE|[11]
11:21:56.0 (303864369)|HEAP_ALLOCATE|[11]|Bytes:18
11:21:56.0 (303870269)|HEAP_ALLOCATE|[11]|Bytes:18
11:21:56.0 (303874626)|HEAP_ALLOCATE|[11]|Bytes:37
11:21:56.0 (303898833)|METHOD_EXIT|[134]|01pg8000001F8kf|PricingService.findFreightValue(OrderItem, Order, Map<String,Freight__c>, Id)
11:21:56.0 (304411914)|VARIABLE_ASSIGNMENT|[134]|this.FreightValue__c|150.00|0x4f463950
11:21:56.0 (304417375)|STATEMENT_EXECUTE|[137]
11:21:56.0 (304425507)|VARIABLE_SCOPE_BEGIN|[137]|custoUnitario|Decimal|false|false
11:21:56.0 (304430314)|VARIABLE_ASSIGNMENT|[137]|custoUnitario|12000.00
11:21:56.0 (304442162)|HEAP_ALLOCATE|[139]|Bytes:28
11:21:56.0 (304444081)|HEAP_ALLOCATE|[139]|Bytes:28
11:21:56.0 (304490395)|HEAP_ALLOCATE|[139]|Bytes:28
11:21:56.0 (304496816)|HEAP_ALLOCATE|[139]|Bytes:28
11:21:56.0 (304500624)|HEAP_ALLOCATE|[139]|Bytes:28
11:21:56.0 (304502183)|HEAP_ALLOCATE|[139]|Bytes:28
11:21:56.0 (304512607)|STATEMENT_EXECUTE|[139]
11:21:56.0 (304513621)|STATEMENT_EXECUTE|[145]
11:21:56.0 (304516237)|HEAP_ALLOCATE|[145]|Bytes:28
11:21:56.0 (304520424)|HEAP_ALLOCATE|[145]|Bytes:28
11:21:56.0 (304526115)|METHOD_ENTRY|[145]|01pg8000001F8kf|PricingService.calculateFinalPrice(OrderItem, Decimal, Margem__c, Decimal, Decimal)
11:21:56.0 (304529869)|VARIABLE_SCOPE_BEGIN|[47]|item|OrderItem|true|false
11:21:56.0 (305003823)|VARIABLE_ASSIGNMENT|[47]|item|{"Product_Code_Display__c":"P010","IsDeleted":false,"UnitPrice":19500.00,"Product2Id":"01tg8000001BArcAAG","PricebookEntryId":"01ug8000000XoZ7AAK","TotalPrice":19500.00,"Quantity":1.00,"MarginPercentage__c":10.00,"TaxPercentage__c":18.00,"ListPrice":19500.00,"OrderId":"801g800000DSicwAAD","FreightValue__c":150.00}|0x4f463950
11:21:56.0 (305010539)|VARIABLE_SCOPE_BEGIN|[47]|frete|Decimal|false|false
11:21:56.0 (305015050)|VARIABLE_ASSIGNMENT|[47]|frete|150.00
11:21:56.0 (305017399)|VARIABLE_SCOPE_BEGIN|[47]|margem|Margem__c|true|false
11:21:56.0 (305062574)|VARIABLE_ASSIGNMENT|[47]|margem|{"Product__c":"01tg8000001BArcAAG","Id":"a00g800000OgMOPAA3","AccountGroup__c":"a02g8000002871ZAAQ","State__c":"a04g8000000QmaTAAS","MarginValuePercent__c":10.00}|0x20b2945e
11:21:56.0 (305066656)|VARIABLE_SCOPE_BEGIN|[47]|impostoPercent|Decimal|false|false
11:21:56.0 (305070271)|VARIABLE_ASSIGNMENT|[47]|impostoPercent|18.00
11:21:56.0 (305072466)|VARIABLE_SCOPE_BEGIN|[47]|custo|Decimal|false|false
11:21:56.0 (305076060)|VARIABLE_ASSIGNMENT|[47]|custo|12000.00
11:21:56.0 (305080221)|STATEMENT_EXECUTE|[47]
11:21:56.0 (305081480)|STATEMENT_EXECUTE|[48]
11:21:56.0 (305090726)|VARIABLE_SCOPE_BEGIN|[48]|mPerc|Decimal|false|false
11:21:56.0 (305094985)|VARIABLE_ASSIGNMENT|[48]|mPerc|10.00
11:21:56.0 (305096916)|STATEMENT_EXECUTE|[49]
11:21:56.0 (305098526)|VARIABLE_SCOPE_BEGIN|[49]|iPerc|Decimal|false|false
11:21:56.0 (305102039)|VARIABLE_ASSIGNMENT|[49]|iPerc|18.00
11:21:56.0 (305104116)|STATEMENT_EXECUTE|[50]
11:21:56.0 (305105514)|VARIABLE_SCOPE_BEGIN|[50]|custoProd|Decimal|false|false
11:21:56.0 (305108993)|VARIABLE_ASSIGNMENT|[50]|custoProd|12000.00
11:21:56.0 (305110858)|STATEMENT_EXECUTE|[51]
11:21:56.0 (305112441)|VARIABLE_SCOPE_BEGIN|[51]|freteVal|Decimal|false|false
11:21:56.0 (305115973)|VARIABLE_ASSIGNMENT|[51]|freteVal|150.00
11:21:56.0 (305118248)|STATEMENT_EXECUTE|[54]
11:21:56.0 (305131169)|HEAP_ALLOCATE|[54]|Bytes:28
11:21:56.0 (305136018)|VARIABLE_SCOPE_BEGIN|[54]|precoBase|Decimal|false|false
11:21:56.0 (305139651)|VARIABLE_ASSIGNMENT|[54]|precoBase|12150.00
11:21:56.0 (305141884)|STATEMENT_EXECUTE|[57]
11:21:56.0 (305145198)|HEAP_ALLOCATE|[57]|Bytes:28
11:21:56.0 (305146831)|HEAP_ALLOCATE|[57]|Bytes:28
11:21:56.0 (305150601)|HEAP_ALLOCATE|[57]|Bytes:28
11:21:56.0 (305192276)|HEAP_ALLOCATE|[57]|Bytes:28
11:21:56.0 (305194105)|HEAP_ALLOCATE|[57]|Bytes:28
11:21:56.0 (305202984)|HEAP_ALLOCATE|[57]|Bytes:28
11:21:56.0 (305212552)|HEAP_ALLOCATE|[57]|Bytes:28
11:21:56.0 (305216521)|VARIABLE_SCOPE_BEGIN|[57]|precoSemMargem|Decimal|false|false
11:21:56.0 (305221431)|VARIABLE_ASSIGNMENT|[57]|precoSemMargem|14337.0000
11:21:56.0 (305223278)|STATEMENT_EXECUTE|[60]
11:21:56.0 (305225680)|HEAP_ALLOCATE|[60]|Bytes:28
11:21:56.0 (305227332)|HEAP_ALLOCATE|[60]|Bytes:28
11:21:56.0 (305229786)|HEAP_ALLOCATE|[60]|Bytes:28
11:21:56.0 (305240616)|HEAP_ALLOCATE|[60]|Bytes:28
11:21:56.0 (305242222)|HEAP_ALLOCATE|[60]|Bytes:28
11:21:56.0 (305249338)|HEAP_ALLOCATE|[60]|Bytes:28
11:21:56.0 (305255935)|HEAP_ALLOCATE|[60]|Bytes:28
11:21:56.0 (305259695)|VARIABLE_SCOPE_BEGIN|[60]|precoCalculado|Decimal|false|false
11:21:56.0 (305263762)|VARIABLE_ASSIGNMENT|[60]|precoCalculado|15770.700000
11:21:56.0 (305265940)|STATEMENT_EXECUTE|[63]
11:21:56.0 (305826608)|VARIABLE_ASSIGNMENT|[63]|this.ProductionCost__c|12000.00|0x4f463950
11:21:56.0 (305832868)|STATEMENT_EXECUTE|[64]
11:21:56.0 (306349851)|VARIABLE_ASSIGNMENT|[64]|this.MarginPercentage__c|10.00|0x4f463950
11:21:56.0 (306357970)|STATEMENT_EXECUTE|[65]
11:21:56.0 (306853631)|VARIABLE_ASSIGNMENT|[65]|this.FreightValue__c|150.00|0x4f463950
11:21:56.0 (306858521)|STATEMENT_EXECUTE|[66]
11:21:56.0 (307336449)|VARIABLE_ASSIGNMENT|[66]|this.TaxPercentage__c|18.00|0x4f463950
11:21:56.0 (307341449)|STATEMENT_EXECUTE|[67]
11:21:56.0 (307805212)|VARIABLE_ASSIGNMENT|[67]|this.PriceWithoutMargin__c|14337.0000|0x4f463950
11:21:56.0 (307809416)|STATEMENT_EXECUTE|[68]
11:21:56.0 (308307983)|VARIABLE_ASSIGNMENT|[68]|this.FinalPrice__c|15770.700000|0x4f463950
11:21:56.0 (308312425)|STATEMENT_EXECUTE|[71]
11:21:56.0 (308329658)|VARIABLE_SCOPE_BEGIN|[71]|unitPriceDigitado|Decimal|false|false
11:21:56.0 (308336211)|VARIABLE_ASSIGNMENT|[71]|unitPriceDigitado|19500.00
11:21:56.0 (308348035)|HEAP_ALLOCATE|[74]|Bytes:28
11:21:56.0 (308351010)|HEAP_ALLOCATE|[74]|Bytes:28
11:21:56.0 (308374863)|STATEMENT_EXECUTE|[74]
11:21:56.0 (308375803)|STATEMENT_EXECUTE|[75]
11:21:56.0 (308385964)|HEAP_ALLOCATE|[75]|Bytes:28
11:21:56.0 (308442145)|HEAP_ALLOCATE|[75]|Bytes:28
11:21:56.0 (308443988)|HEAP_ALLOCATE|[75]|Bytes:28
11:21:56.0 (308957773)|VARIABLE_ASSIGNMENT|[75]|this.DiscountPercentage__c|-0.236470163023835340219521010481462|0x4f463950
11:21:56.0 (308962616)|STATEMENT_EXECUTE|[76]
11:21:56.0 (308972293)|HEAP_ALLOCATE|[76]|Bytes:28
11:21:56.0 (309416449)|VARIABLE_ASSIGNMENT|[76]|this.DiscountValue__c|-3729.300000|0x4f463950
11:21:56.0 (309420636)|STATEMENT_EXECUTE|[79]
11:21:56.0 (309427681)|HEAP_ALLOCATE|[79]|Bytes:28
11:21:56.0 (309891624)|VARIABLE_ASSIGNMENT|[79]|this.UnitPrice|15770.700000|0x4f463950
11:21:56.0 (309903234)|METHOD_EXIT|[145]|01pg8000001F8kf|PricingService.calculateFinalPrice(OrderItem, Decimal, Margem__c, Decimal, Decimal)
11:21:56.0 (309924844)|HEAP_ALLOCATE|[106]|Bytes:5
11:21:56.0 (309940125)|VARIABLE_ASSIGNMENT|[106]|item|null|
11:21:56.0 (309946759)|METHOD_EXIT|[20]|01pg8000001EZwd|OrdemItemHandler.executePricingLogic()
11:21:56.0 (309950794)|STATEMENT_EXECUTE|[21]
11:21:56.0 (309967259)|METHOD_ENTRY|[21]|01pg8000001EZwd|OrdemItemHandler.checkDuplicateProducts()
11:21:56.0 (310004031)|VARIABLE_SCOPE_BEGIN|[150]|this|OrdemItemHandler|true|false
11:21:56.0 (310062077)|VARIABLE_ASSIGNMENT|[150]|this|{"newRecords":"0x4b73d251","handlerName":"OrderItemHandler","isTriggerExecuting":true,"triggerEvent":"0x57029859"}|0x58c29212
11:21:56.0 (310068465)|STATEMENT_EXECUTE|[150]
11:21:56.0 (310069878)|STATEMENT_EXECUTE|[151]
11:21:56.0 (310086809)|HEAP_ALLOCATE|[151]|Bytes:4
11:21:56.0 (310116610)|VARIABLE_SCOPE_BEGIN|[151]|setOrderIds|Set<Id>|true|false
11:21:56.0 (310154183)|VARIABLE_ASSIGNMENT|[151]|setOrderIds|[]|0x703832eb
11:21:56.0 (310158000)|STATEMENT_EXECUTE|[152]
11:21:56.0 (310160730)|HEAP_ALLOCATE|[152]|Bytes:4
11:21:56.0 (310170556)|VARIABLE_SCOPE_BEGIN|[152]|setProductIds|Set<Id>|true|false
11:21:56.0 (310177305)|VARIABLE_ASSIGNMENT|[152]|setProductIds|[]|0x191de3e9
11:21:56.0 (310207144)|HEAP_ALLOCATE|[154]|Bytes:5
11:21:56.0 (310226535)|HEAP_ALLOCATE|[154]|Bytes:40
11:21:56.0 (310233661)|VARIABLE_SCOPE_BEGIN|[154]|ot|OrderItem|true|false
11:21:56.0 (310761777)|VARIABLE_ASSIGNMENT|[154]|ot|{"Product_Code_Display__c":"P003","DiscountPercentage__c":-0.104397826675968695966313739297976,"IsDeleted":false,"DiscountValue__c":-127614.400000,"Quantity":2.00,"FinalPrice__c":1222385.600000,"TaxPercentage__c":18.00,"ListPrice":1350000.00,"OrderId":"801g800000DSicwAAD","PriceWithoutMargin__c":1062944.0000,"FreightValue__c":800.00,"UnitPrice":1222385.600000,"Product2Id":"01tg8000001BArVAAW","ProductionCost__c":900000.00,"PricebookEntryId":"01ug8000000XnbRAAS","TotalPrice":2700000.00,"MarginPercentage__c":15.00}|0x7b3c6818
11:21:56.0 (310773880)|STATEMENT_EXECUTE|[154]
11:21:56.0 (310774954)|STATEMENT_EXECUTE|[155]
11:21:56.0 (310808024)|HEAP_ALLOCATE|[EXTERNAL]|Bytes:4
11:21:56.0 (310815467)|STATEMENT_EXECUTE|[156]
11:21:56.0 (310822835)|HEAP_ALLOCATE|[EXTERNAL]|Bytes:4
11:21:56.0 (310830381)|HEAP_ALLOCATE|[154]|Bytes:5
11:21:56.0 (310839932)|HEAP_ALLOCATE|[154]|Bytes:40
11:21:56.0 (310844469)|VARIABLE_SCOPE_BEGIN|[154]|ot|OrderItem|true|false
11:21:56.0 (311294272)|VARIABLE_ASSIGNMENT|[154]|ot|{"Product_Code_Display__c":"P010","DiscountPercentage__c":-0.236470163023835340219521010481462,"IsDeleted":false,"DiscountValue__c":-3729.300000,"Quantity":1.00,"FinalPrice__c":15770.700000,"TaxPercentage__c":18.00,"ListPrice":19500.00,"OrderId":"801g800000DSicwAAD","PriceWithoutMargin__c":14337.0000,"FreightValue__c":150.00,"UnitPrice":15770.700000,"Product2Id":"01tg8000001BArcAAG","ProductionCost__c":12000.00,"PricebookEntryId":"01ug8000000XoZ7AAK","TotalPrice":19500.00,"MarginPercentage__c":10.00}|0x4f463950
11:21:56.0 (311302522)|STATEMENT_EXECUTE|[154]
11:21:56.0 (311303607)|STATEMENT_EXECUTE|[155]
11:21:56.0 (311308308)|HEAP_ALLOCATE|[EXTERNAL]|Bytes:4
11:21:56.0 (311312205)|STATEMENT_EXECUTE|[156]
11:21:56.0 (311316027)|HEAP_ALLOCATE|[EXTERNAL]|Bytes:4
11:21:56.0 (311325101)|HEAP_ALLOCATE|[154]|Bytes:5
11:21:56.0 (311332778)|VARIABLE_ASSIGNMENT|[154]|ot|null|
11:21:56.0 (311337510)|STATEMENT_EXECUTE|[159]
11:21:56.0 (321784848)|HEAP_ALLOCATE|[159]|Bytes:4
11:21:56.0 (321829289)|METHOD_ENTRY|[1]|01pg8000001w1Mc|OrderItemSelector.OrderItemSelector()
11:21:56.0 (321836519)|STATEMENT_EXECUTE|[1]
11:21:56.0 (321844189)|STATEMENT_EXECUTE|[1]
11:21:56.0 (321850377)|METHOD_EXIT|[1]|OrderItemSelector
11:21:56.0 (321889457)|METHOD_ENTRY|[159]|01pg8000001w1Mc|OrderItemSelector.getOrderItemByIds(Set<Id>, Set<Id>)
11:21:56.0 (321922723)|VARIABLE_SCOPE_BEGIN|[2]|orderIds|Set<Id>|true|false
11:21:56.0 (321949013)|VARIABLE_ASSIGNMENT|[2]|orderIds|["801g800000DSicwAAD"]|0x703832eb
11:21:56.0 (321952261)|VARIABLE_SCOPE_BEGIN|[2]|productIds|Set<Id>|true|false
11:21:56.0 (321959110)|VARIABLE_ASSIGNMENT|[2]|productIds|["01tg8000001BArVAAW","01tg8000001BArcAAG"]|0x191de3e9
11:21:56.0 (321964750)|STATEMENT_EXECUTE|[2]
11:21:56.0 (321965699)|STATEMENT_EXECUTE|[3]
11:21:56.0 (321968874)|HEAP_ALLOCATE|[3]|Bytes:98
11:21:56.0 (321989390)|HEAP_ALLOCATE|[3]|Bytes:4
11:21:56.0 (322009161)|HEAP_ALLOCATE|[3]|Bytes:7
11:21:56.0 (322877325)|SOQL_EXECUTE_BEGIN|[3]|Aggregations:0|SELECT Id, OrderId, Product2Id FROM OrderItem WHERE (OrderId = :tmpVar1 AND Product2Id = :tmpVar2)
11:21:56.0 (345005855)|SOQL_EXECUTE_END|[3]|Rows:0
11:21:56.0 (345056254)|HEAP_ALLOCATE|[3]|Bytes:4
11:21:56.0 (345072855)|HEAP_ALLOCATE|[3]|Bytes:0
11:21:56.0 (345139271)|HEAP_ALLOCATE|[3]|Bytes:4
11:21:56.0 (345166376)|METHOD_EXIT|[159]|01pg8000001w1Mc|OrderItemSelector.getOrderItemByIds(Set<Id>, Set<Id>)
11:21:56.0 (345177819)|VARIABLE_SCOPE_BEGIN|[159]|existingItens|List<OrderItem>|true|false
11:21:56.0 (345204067)|VARIABLE_ASSIGNMENT|[159]|existingItens|[]|0x95c8182
11:21:56.0 (345213997)|STATEMENT_EXECUTE|[161]
11:21:56.0 (345378520)|HEAP_ALLOCATE|[161]|Bytes:4
11:21:56.0 (345432771)|VARIABLE_SCOPE_BEGIN|[161]|comparacao|Set<String>|true|false
11:21:56.0 (345454059)|VARIABLE_ASSIGNMENT|[161]|comparacao|[]|0x34744870
11:21:56.0 (345504915)|HEAP_ALLOCATE|[162]|Bytes:5
11:21:56.0 (345521235)|VARIABLE_ASSIGNMENT|[162]|it|null|
11:21:56.0 (345525671)|STATEMENT_EXECUTE|[162]
11:21:56.0 (345540013)|HEAP_ALLOCATE|[166]|Bytes:5
11:21:56.0 (345562159)|HEAP_ALLOCATE|[166]|Bytes:40
11:21:56.0 (345569524)|VARIABLE_SCOPE_BEGIN|[166]|newItem|OrderItem|true|false
11:21:56.0 (346325108)|VARIABLE_ASSIGNMENT|[166]|newItem|{"Product_Code_Display__c":"P003","DiscountPercentage__c":-0.104397826675968695966313739297976,"IsDeleted":false,"DiscountValue__c":-127614.400000,"Quantity":2.00,"FinalPrice__c":1222385.600000,"TaxPercentage__c":18.00,"ListPrice":1350000.00,"OrderId":"801g800000DSicwAAD","PriceWithoutMargin__c":1062944.0000,"FreightValue__c":800.00,"UnitPrice":1222385.600000,"Product2Id":"01tg8000001BArVAAW","ProductionCost__c":900000.00,"PricebookEntryId":"01ug8000000XnbRAAS","TotalPrice":2700000.00,"MarginPercentage__c":15.00}|0x7b3c6818
11:21:56.0 (346340387)|STATEMENT_EXECUTE|[166]
11:21:56.0 (346341619)|STATEMENT_EXECUTE|[167]
11:21:56.0 (346401815)|HEAP_ALLOCATE|[167]|Bytes:18
11:21:56.0 (346410080)|HEAP_ALLOCATE|[167]|Bytes:1
11:21:56.0 (346418649)|HEAP_ALLOCATE|[167]|Bytes:18
11:21:56.0 (346427170)|HEAP_ALLOCATE|[167]|Bytes:37
11:21:56.0 (346429735)|VARIABLE_SCOPE_BEGIN|[167]|keyCombo|String|false|false
11:21:56.0 (346437162)|VARIABLE_ASSIGNMENT|[167]|keyCombo|"801g800000DSicwAAD-0 (17 more) ..."
11:21:56.0 (346456846)|STATEMENT_EXECUTE|[171]
11:21:56.0 (346458061)|STATEMENT_EXECUTE|[173]
11:21:56.0 (346467389)|HEAP_ALLOCATE|[EXTERNAL]|Bytes:4
11:21:56.0 (346479884)|HEAP_ALLOCATE|[166]|Bytes:5
11:21:56.0 (346492238)|HEAP_ALLOCATE|[166]|Bytes:40
11:21:56.0 (346496334)|VARIABLE_SCOPE_BEGIN|[166]|newItem|OrderItem|true|false
11:21:56.0 (347067767)|VARIABLE_ASSIGNMENT|[166]|newItem|{"Product_Code_Display__c":"P010","DiscountPercentage__c":-0.236470163023835340219521010481462,"IsDeleted":false,"DiscountValue__c":-3729.300000,"Quantity":1.00,"FinalPrice__c":15770.700000,"TaxPercentage__c":18.00,"ListPrice":19500.00,"OrderId":"801g800000DSicwAAD","PriceWithoutMargin__c":14337.0000,"FreightValue__c":150.00,"UnitPrice":15770.700000,"Product2Id":"01tg8000001BArcAAG","ProductionCost__c":12000.00,"PricebookEntryId":"01ug8000000XoZ7AAK","TotalPrice":19500.00,"MarginPercentage__c":10.00}|0x4f463950
11:21:56.0 (347079188)|STATEMENT_EXECUTE|[166]
11:21:56.0 (347080367)|STATEMENT_EXECUTE|[167]
11:21:56.0 (347093593)|HEAP_ALLOCATE|[167]|Bytes:18
11:21:56.0 (347103372)|HEAP_ALLOCATE|[167]|Bytes:18
11:21:56.0 (347108223)|HEAP_ALLOCATE|[167]|Bytes:37
11:21:56.0 (347111289)|VARIABLE_SCOPE_BEGIN|[167]|keyCombo|String|false|false
11:21:56.0 (347121345)|VARIABLE_ASSIGNMENT|[167]|keyCombo|"801g800000DSicwAAD-0 (17 more) ..."
11:21:56.0 (347129196)|STATEMENT_EXECUTE|[171]
11:21:56.0 (347130143)|STATEMENT_EXECUTE|[173]
11:21:56.0 (347133285)|HEAP_ALLOCATE|[EXTERNAL]|Bytes:4
11:21:56.0 (347142472)|HEAP_ALLOCATE|[166]|Bytes:5
11:21:56.0 (347149206)|VARIABLE_ASSIGNMENT|[166]|newItem|null|
11:21:56.0 (347156160)|METHOD_EXIT|[21]|01pg8000001EZwd|OrdemItemHandler.checkDuplicateProducts()
11:21:56.0 (347162621)|METHOD_EXIT|[137]|01pg8000001EZwd|OrdemItemHandler.beforeInsert()
11:21:56.0 (347165687)|STATEMENT_EXECUTE|[158]
11:21:56.0 (347185340)|METHOD_ENTRY|[158]|01pg80000019iSf|TriggerHandler.andFinally()
11:21:56.0 (347208820)|VARIABLE_SCOPE_BEGIN|[746]|this|TriggerHandler|true|false
11:21:56.0 (347258990)|VARIABLE_ASSIGNMENT|[746]|this|{"newRecords":"0x4b73d251","handlerName":"OrderItemHandler","isTriggerExecuting":true,"triggerEvent":"0x57029859"}|0x58c29212
11:21:56.0 (347264824)|STATEMENT_EXECUTE|[746]
11:21:56.0 (347266554)|METHOD_EXIT|[158]|01pg80000019iSf|TriggerHandler.andFinally()
11:21:56.0 (347272799)|STATEMENT_EXECUTE|[160]
11:21:56.0 (347275725)|STATEMENT_EXECUTE|[176]
11:21:56.0 (347278464)|METHOD_EXIT|[2]|01pg80000019iSf|TriggerHandler.run()
11:21:56.347 (347295787)|CUMULATIVE_LIMIT_USAGE
11:21:56.347 (347295787)|LIMIT_USAGE_FOR_NS|(default)|
  Number of SOQL queries: 8 out of 100
  Number of query rows: 26 out of 50000
  Number of SOSL queries: 0 out of 20
  Number of DML statements: 0 out of 150
  Number of Publish Immediate DML: 0 out of 150
  Number of DML rows: 0 out of 10000
  Maximum CPU time: 0 out of 10000
  Maximum heap size: 0 out of 6000000
  Number of callouts: 0 out of 100
  Number of Email Invocations: 0 out of 10
  Number of future calls: 0 out of 50
  Number of queueable jobs added to the queue: 0 out of 50
  Number of Mobile Apex push calls: 0 out of 10

11:21:56.347 (347295787)|CUMULATIVE_LIMIT_USAGE_END

11:21:56.0 (347782290)|CODE_UNIT_FINISHED|OrdemItemTrigger on OrderItem trigger event BeforeInsert|__sfdc_trigger/OrdemItemTrigger
11:21:56.0 (463911333)|CODE_UNIT_STARTED|[EXTERNAL]|01qg8000000GdOn|OrderTrigger on Order trigger event BeforeUpdate|__sfdc_trigger/OrderTrigger
11:21:56.0 (464012290)|HEAP_ALLOCATE|[EXTERNAL]|Bytes:8
11:21:56.0 (464138367)|HEAP_ALLOCATE|[EXTERNAL]|Bytes:8
11:21:56.0 (464323529)|HEAP_ALLOCATE|[EXTERNAL]|Bytes:4
11:21:56.0 (464340631)|VARIABLE_SCOPE_BEGIN|[1]|this|OrderTrigger|true|false
11:21:56.0 (464407152)|VARIABLE_ASSIGNMENT|[1]|this|{}|0x20276d4e
11:21:56.0 (464498108)|HEAP_ALLOCATE|[EXTERNAL]|Bytes:4
11:21:56.0 (464507119)|VARIABLE_SCOPE_BEGIN|[1]|this|OrderTrigger|true|false
11:21:56.0 (464520758)|VARIABLE_ASSIGNMENT|[1]|this|{}|0x20276d4e
11:21:56.0 (464530567)|STATEMENT_EXECUTE|[1]
11:21:56.0 (464532426)|STATEMENT_EXECUTE|[2]
11:21:56.0 (474903613)|HEAP_ALLOCATE|[2]|Bytes:16
11:21:56.0 (474953732)|METHOD_ENTRY|[1]|01pg8000001LXzh|OrderHandler.OrderHandler()
11:21:56.0 (474961398)|STATEMENT_EXECUTE|[1]
11:21:56.0 (474970165)|STATEMENT_EXECUTE|[1]
11:21:56.0 (474977560)|METHOD_EXIT|[1]|OrderHandler
11:21:56.0 (475002997)|HEAP_ALLOCATE|[2]|Bytes:32
11:21:56.0 (475023080)|CONSTRUCTOR_ENTRY|[2]|01pg8000001LXzh|<init>()|OrderHandler
11:21:56.0 (475059218)|VARIABLE_SCOPE_BEGIN|[8]|this|OrderHandler|true|false
11:21:56.0 (475128368)|VARIABLE_ASSIGNMENT|[8]|this|{}|0x1784f03b
11:21:56.0 (475132619)|STATEMENT_EXECUTE|[1]
11:21:56.0 (475133684)|STATEMENT_EXECUTE|[3]
11:21:56.0 (475135564)|STATEMENT_EXECUTE|[4]
11:21:56.0 (475136534)|STATEMENT_EXECUTE|[5]
11:21:56.0 (475137389)|STATEMENT_EXECUTE|[6]
11:21:56.0 (475138211)|STATEMENT_EXECUTE|[9]
11:21:56.0 (475141692)|HEAP_ALLOCATE|[9]|Bytes:12
11:21:56.0 (475150411)|CONSTRUCTOR_ENTRY|[9]|01pg80000019iSf|<init>(String)|TriggerHandler
11:21:56.0 (475177032)|VARIABLE_SCOPE_BEGIN|[107]|this|TriggerHandler|true|false
11:21:56.0 (475186526)|VARIABLE_ASSIGNMENT|[107]|this|{}|0x1784f03b
11:21:56.0 (475190739)|VARIABLE_SCOPE_BEGIN|[107]|handlerName|String|false|false
11:21:56.0 (475200422)|VARIABLE_ASSIGNMENT|[107]|handlerName|"OrderHandler"
11:21:56.0 (475203422)|STATEMENT_EXECUTE|[15]
11:21:56.0 (475204578)|STATEMENT_EXECUTE|[50]
11:21:56.0 (475205477)|STATEMENT_EXECUTE|[57]
11:21:56.0 (475206650)|STATEMENT_EXECUTE|[671]
11:21:56.0 (475229749)|STATEMENT_EXECUTE|[107]
11:21:56.0 (475231023)|STATEMENT_EXECUTE|[108]
11:21:56.0 (475235599)|STATEMENT_EXECUTE|[109]
11:21:56.0 (475244407)|METHOD_ENTRY|[109]|01pg80000019iSf|TriggerHandler.setTriggerContext()
11:21:56.0 (475247966)|VARIABLE_SCOPE_BEGIN|[565]|this|TriggerHandler|true|false
11:21:56.0 (475263881)|VARIABLE_ASSIGNMENT|[565]|this|{"handlerName":"OrderHandler"}|0x1784f03b
11:21:56.0 (475268594)|STATEMENT_EXECUTE|[565]
11:21:56.0 (475269426)|STATEMENT_EXECUTE|[566]
11:21:56.0 (475348703)|HEAP_ALLOCATE|[566]|Bytes:16
11:21:56.0 (475360303)|METHOD_ENTRY|[566]|01pg80000019iSf|TriggerHandler.setTriggerContext(System.TriggerOperation, Boolean)
11:21:56.0 (475364211)|VARIABLE_SCOPE_BEGIN|[582]|this|TriggerHandler|true|false
11:21:56.0 (475372322)|VARIABLE_ASSIGNMENT|[582]|this|{"handlerName":"OrderHandler"}|0x1784f03b
11:21:56.0 (475375625)|VARIABLE_SCOPE_BEGIN|[582]|opType|System.TriggerOperation|true|false
11:21:56.0 (475393880)|VARIABLE_ASSIGNMENT|[582]|opType|"BEFORE_UPDATE"|0x4e4d013f
11:21:56.0 (475401567)|VARIABLE_SCOPE_BEGIN|[582]|testMode|Boolean|false|false
11:21:56.0 (475407822)|VARIABLE_ASSIGNMENT|[582]|testMode|false
11:21:56.0 (475411206)|STATEMENT_EXECUTE|[582]
11:21:56.0 (475419082)|STATEMENT_EXECUTE|[586]
11:21:56.0 (475419950)|STATEMENT_EXECUTE|[587]
11:21:56.0 (475422769)|HEAP_ALLOCATE|[587]|Bytes:5
11:21:56.0 (475427394)|STATEMENT_EXECUTE|[590]
11:21:56.0 (475428488)|STATEMENT_EXECUTE|[592]
11:21:56.0 (475439545)|HEAP_ALLOCATE|[592]|Bytes:16
11:21:56.0 (475443687)|STATEMENT_EXECUTE|[595]
11:21:56.0 (475452486)|VARIABLE_SCOPE_BEGIN|[595]|context|String|false|false
11:21:56.0 (475459543)|VARIABLE_ASSIGNMENT|[595]|context|"BEFORE_UPDATE"
11:21:56.0 (475461925)|STATEMENT_EXECUTE|[597]
11:21:56.0 (475483561)|HEAP_ALLOCATE|[601]|Bytes:13
11:21:56.0 (475508163)|STATEMENT_EXECUTE|[601]
11:21:56.0 (475509073)|STATEMENT_EXECUTE|[602]
11:21:56.0 (475518253)|METHOD_EXIT|[566]|01pg80000019iSf|TriggerHandler.setTriggerContext(System.TriggerOperation, Boolean)
11:21:56.0 (475521280)|METHOD_EXIT|[109]|01pg80000019iSf|TriggerHandler.setTriggerContext()
11:21:56.0 (475526197)|CONSTRUCTOR_EXIT|[9]|01pg80000019iSf|<init>(String)|TriggerHandler
11:21:56.0 (475529347)|STATEMENT_EXECUTE|[8]
11:21:56.0 (475530266)|STATEMENT_EXECUTE|[10]
11:21:56.0 (477495311)|VARIABLE_ASSIGNMENT|[10]|this.newRecords|[{"Status":"Draft","LastModifiedDate":"2026-04-30T14:21:56.000Z","Country__c":"a03g8000004x8aeAAA","IsDeleted":false,"AccountId":"001g800000DSicvAAD","FreightType__c":"CIF","OrderNumber":"00000132","TotalAmount":2460541.90,"StatusCode":"Draft","PaymentCondition__c":"a07g8000004MONnAAO","IsReductionOrder":false,"SystemModstamp":"2026-04-30T14:21:56.000Z","City__c":"a05g8000001KAc9AAG","OwnerId":"005g80000010N45AAE","CreatedById":"005g80000010N45AAE","DistributionCenter__c":"a06g8000000wkLpAAI","CreatedDate":"2026-04-30T14:21:56.000Z","Pricebook2Id":"01sg80000015mKTAAY","Id":"801g800000DSicwAAD","LastModifiedById":"005g80000010N45AAE","State__c":"a04g8000000QmaTAAS","EffectiveDate":"2026-04-27T00:00:00.000Z"}]|0x1784f03b
11:21:56.0 (477530585)|STATEMENT_EXECUTE|[11]
11:21:56.0 (478334013)|VARIABLE_ASSIGNMENT|[11]|this.oldRecords|[{"Status":"Draft","LastModifiedDate":"2026-04-30T14:21:56.000Z","Country__c":"a03g8000004x8aeAAA","IsDeleted":false,"AccountId":"001g800000DSicvAAD","FreightType__c":"CIF","OrderNumber":"00000132","TotalAmount":0.00,"StatusCode":"Draft","PaymentCondition__c":"a07g8000004MONnAAO","IsReductionOrder":false,"SystemModstamp":"2026-04-30T14:21:56.000Z","City__c":"a05g8000001KAc9AAG","OwnerId":"005g80000010N45AAE","CreatedById":"005g80000010N45AAE","DistributionCenter__c":"a06g8000000wkLpAAI","CreatedDate":"2026-04-30T14:21:56.000Z","Pricebook2Id":"01sg80000015mKTAAY","Id":"801g800000DSicwAAD","LastModifiedById":"005g80000010N45AAE","State__c":"a04g8000000QmaTAAS","EffectiveDate":"2026-04-27T00:00:00.000Z"}]|0x1784f03b
11:21:56.0 (478356318)|STATEMENT_EXECUTE|[12]
11:21:56.0 (479551542)|VARIABLE_ASSIGNMENT|[12]|this.newRecordsMap|{"801g800000DSicwAAD":{"Status":"Draft","LastModifiedDate":"2026-04-30T14:21:56.000Z","Country__c":"a03g8000004x8aeAAA","IsDeleted":false,"AccountId":"001g800000DSicvAAD","FreightType__c":"CIF","OrderNumber":"00000132","TotalAmount":2460541.90,"StatusCode":"Draft","PaymentCondition__c":"a07g8000004MONnAAO","IsReductionOrder":false,"SystemModstamp":"2026-04-30T14:21:56.000Z","City__c":"a05g8000001KAc9AAG","OwnerId":"005g80000010N45AAE","CreatedById":"005g80000010N45AAE","DistributionCenter__c":"a06g8000000wkLpAAI","CreatedDate":"2026-04-30T14:21:56.000Z","Pricebook2Id":"01sg80000015mKTAAY","Id":"801g800000DSicwAAD","LastModifiedById":"005g80000010N45AAE","State__c":"a04g8000000QmaTAAS","EffectiveDate":"2026-04-27T00:00:00.000Z"}}|0x1784f03b
11:21:56.0 (479576168)|STATEMENT_EXECUTE|[13]
11:21:56.0 (480384442)|VARIABLE_ASSIGNMENT|[13]|this.oldRecordsMap|{"801g800000DSicwAAD":{"Status":"Draft","LastModifiedDate":"2026-04-30T14:21:56.000Z","Country__c":"a03g8000004x8aeAAA","IsDeleted":false,"AccountId":"001g800000DSicvAAD","FreightType__c":"CIF","OrderNumber":"00000132","TotalAmount":0.00,"StatusCode":"Draft","PaymentCondition__c":"a07g8000004MONnAAO","IsReductionOrder":false,"SystemModstamp":"2026-04-30T14:21:56.000Z","City__c":"a05g8000001KAc9AAG","OwnerId":"005g80000010N45AAE","CreatedById":"005g80000010N45AAE","DistributionCenter__c":"a06g8000000wkLpAAI","CreatedDate":"2026-04-30T14:21:56.000Z","Pricebook2Id":"01sg80000015mKTAAY","Id":"801g800000DSicwAAD","LastModifiedById":"005g80000010N45AAE","State__c":"a04g8000000QmaTAAS","EffectiveDate":"2026-04-27T00:00:00.000Z"}}|0x1784f03b
11:21:56.0 (480420972)|CONSTRUCTOR_EXIT|[2]|01pg8000001LXzh|<init>()|OrderHandler
11:21:56.0 (480501919)|METHOD_ENTRY|[2]|01pg80000019iSf|TriggerHandler.run()
11:21:56.0 (480514451)|VARIABLE_SCOPE_BEGIN|[120]|this|TriggerHandler|true|false
11:21:56.0 (480601003)|VARIABLE_ASSIGNMENT|[120]|this|{"newRecords":"0x4bcff6c1","newRecordsMap":"0x3c6a1ff4","oldRecords":"0x1a88b5bf","oldRecordsMap":"0x37fac57f","handlerName":"OrderHandler","isTriggerExecuting":true,"triggerEvent":"0x4e4d013f"}|0x1784f03b
11:21:56.0 (480612746)|STATEMENT_EXECUTE|[120]
11:21:56.0 (480619740)|METHOD_ENTRY|[121]|01pg80000019iSf|TriggerHandler.validateRun()
11:21:56.0 (480625040)|VARIABLE_SCOPE_BEGIN|[661]|this|TriggerHandler|true|false
11:21:56.0 (480644573)|VARIABLE_ASSIGNMENT|[661]|this|{"newRecords":"0x4bcff6c1","newRecordsMap":"0x3c6a1ff4","oldRecords":"0x1a88b5bf","oldRecordsMap":"0x37fac57f","handlerName":"OrderHandler","isTriggerExecuting":true,"triggerEvent":"0x4e4d013f"}|0x1784f03b
11:21:56.0 (480652104)|STATEMENT_EXECUTE|[661]
11:21:56.0 (480664444)|STATEMENT_EXECUTE|[662]
11:21:56.0 (480666557)|STATEMENT_EXECUTE|[665]
11:21:56.0 (480674582)|METHOD_ENTRY|[665]|01pg80000019iSf|TriggerHandler.getHandlerName()
11:21:56.0 (480679298)|VARIABLE_SCOPE_BEGIN|[680]|this|TriggerHandler|true|false
11:21:56.0 (480696458)|VARIABLE_ASSIGNMENT|[680]|this|{"newRecords":"0x4bcff6c1","newRecordsMap":"0x3c6a1ff4","oldRecords":"0x1a88b5bf","oldRecordsMap":"0x37fac57f","handlerName":"OrderHandler","isTriggerExecuting":true,"triggerEvent":"0x4e4d013f"}|0x1784f03b
11:21:56.0 (480703132)|STATEMENT_EXECUTE|[680]
11:21:56.0 (480742623)|STATEMENT_EXECUTE|[681]
11:21:56.0 (480744263)|STATEMENT_EXECUTE|[684]
11:21:56.0 (480773293)|METHOD_EXIT|[665]|01pg80000019iSf|TriggerHandler.getHandlerName()
11:21:56.0 (480796339)|METHOD_EXIT|[121]|01pg80000019iSf|TriggerHandler.validateRun()
11:21:56.0 (480801392)|STATEMENT_EXECUTE|[121]
11:21:56.0 (480804889)|METHOD_ENTRY|[126]|01pg80000019iSf|TriggerHandler.incrementCheckLoopCount()
11:21:56.0 (480809847)|VARIABLE_SCOPE_BEGIN|[634]|this|TriggerHandler|true|false
11:21:56.0 (480828794)|VARIABLE_ASSIGNMENT|[634]|this|{"newRecords":"0x4bcff6c1","newRecordsMap":"0x3c6a1ff4","oldRecords":"0x1a88b5bf","oldRecordsMap":"0x37fac57f","handlerName":"OrderHandler","isTriggerExecuting":true,"triggerEvent":"0x4e4d013f"}|0x1784f03b
11:21:56.0 (480836812)|STATEMENT_EXECUTE|[634]
11:21:56.0 (480838456)|STATEMENT_EXECUTE|[635]
11:21:56.0 (480841896)|METHOD_ENTRY|[635]|01pg80000019iSf|TriggerHandler.getHandlerName()
11:21:56.0 (480845584)|VARIABLE_SCOPE_BEGIN|[680]|this|TriggerHandler|true|false
11:21:56.0 (480861504)|VARIABLE_ASSIGNMENT|[680]|this|{"newRecords":"0x4bcff6c1","newRecordsMap":"0x3c6a1ff4","oldRecords":"0x1a88b5bf","oldRecordsMap":"0x37fac57f","handlerName":"OrderHandler","isTriggerExecuting":true,"triggerEvent":"0x4e4d013f"}|0x1784f03b
11:21:56.0 (480867130)|STATEMENT_EXECUTE|[680]
11:21:56.0 (480878769)|STATEMENT_EXECUTE|[681]
11:21:56.0 (480880274)|STATEMENT_EXECUTE|[684]
11:21:56.0 (480882871)|METHOD_EXIT|[635]|01pg80000019iSf|TriggerHandler.getHandlerName()
11:21:56.0 (480888829)|VARIABLE_SCOPE_BEGIN|[635]|handlerName|String|false|false
11:21:56.0 (480898735)|VARIABLE_ASSIGNMENT|[635]|handlerName|"OrderHandler"
11:21:56.0 (480913670)|STATEMENT_EXECUTE|[636]
11:21:56.0 (480915516)|STATEMENT_EXECUTE|[649]
11:21:56.0 (480918496)|METHOD_EXIT|[126]|01pg80000019iSf|TriggerHandler.incrementCheckLoopCount()
11:21:56.0 (480922713)|STATEMENT_EXECUTE|[126]
11:21:56.0 (480926045)|STATEMENT_EXECUTE|[130]
11:21:56.0 (480927494)|STATEMENT_EXECUTE|[135]
11:21:56.0 (481078968)|STATEMENT_EXECUTE|[139]
11:21:56.0 (481081659)|STATEMENT_EXECUTE|[140]
11:21:56.0 (481101006)|METHOD_ENTRY|[140]|01pg8000001LXzh|OrderHandler.beforeUpdate()
11:21:56.0 (481124309)|VARIABLE_SCOPE_BEGIN|[16]|this|OrderHandler|true|false
11:21:56.0 (481146236)|VARIABLE_ASSIGNMENT|[16]|this|{"newRecords":"0x4bcff6c1","newRecordsMap":"0x3c6a1ff4","oldRecords":"0x1a88b5bf","oldRecordsMap":"0x37fac57f","handlerName":"OrderHandler","isTriggerExecuting":true,"triggerEvent":"0x4e4d013f"}|0x1784f03b
11:21:56.0 (481153889)|STATEMENT_EXECUTE|[16]
11:21:56.0 (481155587)|STATEMENT_EXECUTE|[17]
11:21:56.0 (481162926)|METHOD_ENTRY|[17]|01pg8000001LXzh|OrderHandler.checkActiveOrder()
11:21:56.0 (481175208)|VARIABLE_SCOPE_BEGIN|[30]|this|OrderHandler|true|false
11:21:56.0 (481193026)|VARIABLE_ASSIGNMENT|[30]|this|{"newRecords":"0x4bcff6c1","newRecordsMap":"0x3c6a1ff4","oldRecords":"0x1a88b5bf","oldRecordsMap":"0x37fac57f","handlerName":"OrderHandler","isTriggerExecuting":true,"triggerEvent":"0x4e4d013f"}|0x1784f03b
11:21:56.0 (481200200)|STATEMENT_EXECUTE|[30]
11:21:56.0 (481202213)|STATEMENT_EXECUTE|[31]
11:21:56.0 (481209525)|VARIABLE_SCOPE_BEGIN|[31]|listaParaValidar|List<Order>|true|false
11:21:56.0 (481218156)|VARIABLE_ASSIGNMENT|[31]|listaParaValidar|null|
11:21:56.0 (481231343)|STATEMENT_EXECUTE|[35]
11:21:56.0 (481232923)|STATEMENT_EXECUTE|[36]
11:21:56.0 (482207715)|VARIABLE_ASSIGNMENT|[36]|listaParaValidar|[{"Status":"Draft","LastModifiedDate":"2026-04-30T14:21:56.000Z","Country__c":"a03g8000004x8aeAAA","IsDeleted":false,"AccountId":"001g800000DSicvAAD","FreightType__c":"CIF","OrderNumber":"00000132","TotalAmount":2460541.90,"StatusCode":"Draft","PaymentCondition__c":"a07g8000004MONnAAO","IsReductionOrder":false,"SystemModstamp":"2026-04-30T14:21:56.000Z","City__c":"a05g8000001KAc9AAG","OwnerId":"005g80000010N45AAE","CreatedById":"005g80000010N45AAE","DistributionCenter__c":"a06g8000000wkLpAAI","CreatedDate":"2026-04-30T14:21:56.000Z","Pricebook2Id":"01sg80000015mKTAAY","Id":"801g800000DSicwAAD","LastModifiedById":"005g80000010N45AAE","State__c":"a04g8000000QmaTAAS","EffectiveDate":"2026-04-27T00:00:00.000Z"}]|0x4bcff6c1
11:21:56.0 (482298378)|HEAP_ALLOCATE|[40]|Bytes:5
11:21:56.0 (482325914)|HEAP_ALLOCATE|[40]|Bytes:4
11:21:56.0 (482340711)|VARIABLE_SCOPE_BEGIN|[40]|pedido|Order|true|false
11:21:56.0 (483194793)|VARIABLE_ASSIGNMENT|[40]|pedido|{"Status":"Draft","LastModifiedDate":"2026-04-30T14:21:56.000Z","Country__c":"a03g8000004x8aeAAA","IsDeleted":false,"AccountId":"001g800000DSicvAAD","FreightType__c":"CIF","OrderNumber":"00000132","TotalAmount":2460541.90,"StatusCode":"Draft","PaymentCondition__c":"a07g8000004MONnAAO","IsReductionOrder":false,"SystemModstamp":"2026-04-30T14:21:56.000Z","City__c":"a05g8000001KAc9AAG","OwnerId":"005g80000010N45AAE","CreatedById":"005g80000010N45AAE","DistributionCenter__c":"a06g8000000wkLpAAI","CreatedDate":"2026-04-30T14:21:56.000Z","Pricebook2Id":"01sg80000015mKTAAY","Id":"801g800000DSicwAAD","LastModifiedById":"005g80000010N45AAE","State__c":"a04g8000000QmaTAAS","EffectiveDate":"2026-04-27T00:00:00.000Z"}|0x5184e1dd
11:21:56.0 (483216342)|STATEMENT_EXECUTE|[40]
11:21:56.0 (483218033)|STATEMENT_EXECUTE|[42]
11:21:56.0 (483322800)|VARIABLE_SCOPE_BEGIN|[42]|pedidoAntigo|Order|true|false
11:21:56.0 (483791840)|VARIABLE_ASSIGNMENT|[42]|pedidoAntigo|{"Status":"Draft","LastModifiedDate":"2026-04-30T14:21:56.000Z","Country__c":"a03g8000004x8aeAAA","IsDeleted":false,"AccountId":"001g800000DSicvAAD","FreightType__c":"CIF","OrderNumber":"00000132","TotalAmount":0.00,"StatusCode":"Draft","PaymentCondition__c":"a07g8000004MONnAAO","IsReductionOrder":false,"SystemModstamp":"2026-04-30T14:21:56.000Z","City__c":"a05g8000001KAc9AAG","OwnerId":"005g80000010N45AAE","CreatedById":"005g80000010N45AAE","DistributionCenter__c":"a06g8000000wkLpAAI","CreatedDate":"2026-04-30T14:21:56.000Z","Pricebook2Id":"01sg80000015mKTAAY","Id":"801g800000DSicwAAD","LastModifiedById":"005g80000010N45AAE","State__c":"a04g8000000QmaTAAS","EffectiveDate":"2026-04-27T00:00:00.000Z"}|0x68afc5ee
11:21:56.0 (483802822)|STATEMENT_EXECUTE|[45]
11:21:56.0 (483817618)|VARIABLE_SCOPE_BEGIN|[45]|validacaoStatus|String|false|false
11:21:56.0 (483823737)|VARIABLE_ASSIGNMENT|[45]|validacaoStatus|"Draft"
11:21:56.0 (483844089)|HEAP_ALLOCATE|[40]|Bytes:5
11:21:56.0 (483854567)|VARIABLE_ASSIGNMENT|[40]|pedido|null|
11:21:56.0 (483863147)|METHOD_EXIT|[17]|01pg8000001LXzh|OrderHandler.checkActiveOrder()
11:21:56.0 (483868047)|METHOD_EXIT|[140]|01pg8000001LXzh|OrderHandler.beforeUpdate()
11:21:56.0 (483870887)|STATEMENT_EXECUTE|[158]
11:21:56.0 (483877510)|METHOD_ENTRY|[158]|01pg80000019iSf|TriggerHandler.andFinally()
11:21:56.0 (483881982)|VARIABLE_SCOPE_BEGIN|[746]|this|TriggerHandler|true|false
11:21:56.0 (483921960)|VARIABLE_ASSIGNMENT|[746]|this|{"newRecords":"0x4bcff6c1","newRecordsMap":"0x3c6a1ff4","oldRecords":"0x1a88b5bf","oldRecordsMap":"0x37fac57f","handlerName":"OrderHandler","isTriggerExecuting":true,"triggerEvent":"0x4e4d013f"}|0x1784f03b
11:21:56.0 (483927867)|STATEMENT_EXECUTE|[746]
11:21:56.0 (483929375)|METHOD_EXIT|[158]|01pg80000019iSf|TriggerHandler.andFinally()
11:21:56.0 (483932968)|STATEMENT_EXECUTE|[160]
11:21:56.0 (483935168)|STATEMENT_EXECUTE|[176]
11:21:56.0 (483938531)|METHOD_EXIT|[2]|01pg80000019iSf|TriggerHandler.run()
11:21:56.483 (483947775)|CUMULATIVE_LIMIT_USAGE
11:21:56.483 (483947775)|LIMIT_USAGE_FOR_NS|(default)|
  Number of SOQL queries: 8 out of 100
  Number of query rows: 26 out of 50000
  Number of SOSL queries: 0 out of 20
  Number of DML statements: 0 out of 150
  Number of Publish Immediate DML: 0 out of 150
  Number of DML rows: 0 out of 10000
  Maximum CPU time: 123 out of 10000
  Maximum heap size: 0 out of 6000000
  Number of callouts: 0 out of 100
  Number of Email Invocations: 0 out of 10
  Number of future calls: 0 out of 50
  Number of queueable jobs added to the queue: 0 out of 50
  Number of Mobile Apex push calls: 0 out of 10

11:21:56.483 (483947775)|CUMULATIVE_LIMIT_USAGE_END

11:21:56.0 (484208975)|CODE_UNIT_FINISHED|OrderTrigger on Order trigger event BeforeUpdate|__sfdc_trigger/OrderTrigger
11:21:56.0 (487073991)|CODE_UNIT_STARTED|[EXTERNAL]|Validation:Order:801g800000DSicw
11:21:56.0 (487099370)|VALIDATION_RULE|03dg8000000aS4D|Bloquear_Alteracao_Conta_Pedido
11:21:56.0 (487303404)|VALIDATION_FORMULA|ISCHANGED(AccountId) && NOT(ISNEW())|AccountId=001g800000DSicv
11:21:56.0 (487309233)|VALIDATION_PASS
11:21:56.0 (487314601)|CODE_UNIT_FINISHED|Validation:Order:801g800000DSicw
11:21:56.0 (501928506)|CODE_UNIT_STARTED|[EXTERNAL]|01qg8000000GdOn|OrderTrigger on Order trigger event AfterUpdate|__sfdc_trigger/OrderTrigger
11:21:56.0 (502006761)|HEAP_ALLOCATE|[EXTERNAL]|Bytes:8
11:21:56.0 (502101857)|HEAP_ALLOCATE|[EXTERNAL]|Bytes:8
11:21:56.0 (502193994)|HEAP_ALLOCATE|[EXTERNAL]|Bytes:4
11:21:56.0 (502207461)|VARIABLE_SCOPE_BEGIN|[1]|this|OrderTrigger|true|false
11:21:56.0 (502249322)|VARIABLE_ASSIGNMENT|[1]|this|{}|0x72916fa5
11:21:56.0 (502279666)|HEAP_ALLOCATE|[EXTERNAL]|Bytes:4
11:21:56.0 (502283691)|VARIABLE_SCOPE_BEGIN|[1]|this|OrderTrigger|true|false
11:21:56.0 (502290436)|VARIABLE_ASSIGNMENT|[1]|this|{}|0x72916fa5
11:21:56.0 (502299168)|STATEMENT_EXECUTE|[1]
11:21:56.0 (502300770)|STATEMENT_EXECUTE|[2]
11:21:56.0 (502306710)|HEAP_ALLOCATE|[2]|Bytes:32
11:21:56.0 (502323882)|CONSTRUCTOR_ENTRY|[2]|01pg8000001LXzh|<init>()|OrderHandler
11:21:56.0 (502331236)|VARIABLE_SCOPE_BEGIN|[8]|this|OrderHandler|true|false
11:21:56.0 (502354755)|VARIABLE_ASSIGNMENT|[8]|this|{}|0x3c746667
11:21:56.0 (502358559)|STATEMENT_EXECUTE|[1]
11:21:56.0 (502359451)|STATEMENT_EXECUTE|[3]
11:21:56.0 (502360455)|STATEMENT_EXECUTE|[4]
11:21:56.0 (502361412)|STATEMENT_EXECUTE|[5]
11:21:56.0 (502362546)|STATEMENT_EXECUTE|[6]
11:21:56.0 (502363459)|STATEMENT_EXECUTE|[9]
11:21:56.0 (502373860)|CONSTRUCTOR_ENTRY|[9]|01pg80000019iSf|<init>(String)|TriggerHandler
11:21:56.0 (502377594)|VARIABLE_SCOPE_BEGIN|[107]|this|TriggerHandler|true|false
11:21:56.0 (502384896)|VARIABLE_ASSIGNMENT|[107]|this|{}|0x3c746667
11:21:56.0 (502387824)|VARIABLE_SCOPE_BEGIN|[107]|handlerName|String|false|false
11:21:56.0 (502397326)|VARIABLE_ASSIGNMENT|[107]|handlerName|"OrderHandler"
11:21:56.0 (502400240)|STATEMENT_EXECUTE|[15]
11:21:56.0 (502401493)|STATEMENT_EXECUTE|[50]
11:21:56.0 (502402778)|STATEMENT_EXECUTE|[57]
11:21:56.0 (502404046)|STATEMENT_EXECUTE|[671]
11:21:56.0 (502424432)|STATEMENT_EXECUTE|[107]
11:21:56.0 (502425623)|STATEMENT_EXECUTE|[108]
11:21:56.0 (502430990)|STATEMENT_EXECUTE|[109]
11:21:56.0 (502437119)|METHOD_ENTRY|[109]|01pg80000019iSf|TriggerHandler.setTriggerContext()
11:21:56.0 (502440829)|VARIABLE_SCOPE_BEGIN|[565]|this|TriggerHandler|true|false
11:21:56.0 (502451495)|VARIABLE_ASSIGNMENT|[565]|this|{"handlerName":"OrderHandler"}|0x3c746667
11:21:56.0 (502456049)|STATEMENT_EXECUTE|[565]
11:21:56.0 (502457058)|STATEMENT_EXECUTE|[566]
11:21:56.0 (502544409)|HEAP_ALLOCATE|[566]|Bytes:16
11:21:56.0 (502556798)|METHOD_ENTRY|[566]|01pg80000019iSf|TriggerHandler.setTriggerContext(System.TriggerOperation, Boolean)
11:21:56.0 (502560252)|VARIABLE_SCOPE_BEGIN|[582]|this|TriggerHandler|true|false
11:21:56.0 (502572766)|VARIABLE_ASSIGNMENT|[582]|this|{"handlerName":"OrderHandler"}|0x3c746667
11:21:56.0 (502577327)|VARIABLE_SCOPE_BEGIN|[582]|opType|System.TriggerOperation|true|false
11:21:56.0 (502598250)|VARIABLE_ASSIGNMENT|[582]|opType|"AFTER_UPDATE"|0x28b58df0
11:21:56.0 (502605599)|VARIABLE_SCOPE_BEGIN|[582]|testMode|Boolean|false|false
11:21:56.0 (502611572)|VARIABLE_ASSIGNMENT|[582]|testMode|false
11:21:56.0 (502615477)|STATEMENT_EXECUTE|[582]
11:21:56.0 (502624691)|STATEMENT_EXECUTE|[586]
11:21:56.0 (502625571)|STATEMENT_EXECUTE|[587]
11:21:56.0 (502628535)|HEAP_ALLOCATE|[587]|Bytes:5
11:21:56.0 (502633718)|STATEMENT_EXECUTE|[590]
11:21:56.0 (502634831)|STATEMENT_EXECUTE|[592]
11:21:56.0 (502648220)|HEAP_ALLOCATE|[592]|Bytes:16
11:21:56.0 (502652798)|STATEMENT_EXECUTE|[595]
11:21:56.0 (502661357)|VARIABLE_SCOPE_BEGIN|[595]|context|String|false|false
11:21:56.0 (502668084)|VARIABLE_ASSIGNMENT|[595]|context|"AFTER_UPDATE"
11:21:56.0 (502670172)|STATEMENT_EXECUTE|[597]
11:21:56.0 (502699800)|HEAP_ALLOCATE|[604]|Bytes:13
11:21:56.0 (502756982)|HEAP_ALLOCATE|[607]|Bytes:12
11:21:56.0 (502773516)|HEAP_ALLOCATE|[610]|Bytes:12
11:21:56.0 (502786911)|STATEMENT_EXECUTE|[610]
11:21:56.0 (502788348)|STATEMENT_EXECUTE|[611]
11:21:56.0 (502800686)|METHOD_EXIT|[566]|01pg80000019iSf|TriggerHandler.setTriggerContext(System.TriggerOperation, Boolean)
11:21:56.0 (502805918)|METHOD_EXIT|[109]|01pg80000019iSf|TriggerHandler.setTriggerContext()
11:21:56.0 (502813243)|CONSTRUCTOR_EXIT|[9]|01pg80000019iSf|<init>(String)|TriggerHandler
11:21:56.0 (502817871)|STATEMENT_EXECUTE|[8]
11:21:56.0 (502819056)|STATEMENT_EXECUTE|[10]
11:21:56.0 (503885919)|VARIABLE_ASSIGNMENT|[10]|this.newRecords|[{"Status":"Draft","LastModifiedDate":"2026-04-30T14:21:56.000Z","Country__c":"a03g8000004x8aeAAA","IsDeleted":false,"AccountId":"001g800000DSicvAAD","FreightType__c":"CIF","OrderNumber":"00000132","TotalAmount":2460541.90,"StatusCode":"Draft","PaymentCondition__c":"a07g8000004MONnAAO","IsReductionOrder":false,"SystemModstamp":"2026-04-30T14:21:56.000Z","City__c":"a05g8000001KAc9AAG","OwnerId":"005g80000010N45AAE","CreatedById":"005g80000010N45AAE","DistributionCenter__c":"a06g8000000wkLpAAI","CreatedDate":"2026-04-30T14:21:56.000Z","Pricebook2Id":"01sg80000015mKTAAY","Id":"801g800000DSicwAAD","LastModifiedById":"005g80000010N45AAE","State__c":"a04g8000000QmaTAAS","EffectiveDate":"2026-04-27T00:00:00.000Z"}]|0x3c746667
11:21:56.0 (503905385)|STATEMENT_EXECUTE|[11]
11:21:56.0 (504541550)|VARIABLE_ASSIGNMENT|[11]|this.oldRecords|[{"Status":"Draft","LastModifiedDate":"2026-04-30T14:21:56.000Z","Country__c":"a03g8000004x8aeAAA","IsDeleted":false,"AccountId":"001g800000DSicvAAD","FreightType__c":"CIF","OrderNumber":"00000132","TotalAmount":0.00,"StatusCode":"Draft","PaymentCondition__c":"a07g8000004MONnAAO","IsReductionOrder":false,"SystemModstamp":"2026-04-30T14:21:56.000Z","City__c":"a05g8000001KAc9AAG","OwnerId":"005g80000010N45AAE","CreatedById":"005g80000010N45AAE","DistributionCenter__c":"a06g8000000wkLpAAI","CreatedDate":"2026-04-30T14:21:56.000Z","Pricebook2Id":"01sg80000015mKTAAY","Id":"801g800000DSicwAAD","LastModifiedById":"005g80000010N45AAE","State__c":"a04g8000000QmaTAAS","EffectiveDate":"2026-04-27T00:00:00.000Z"}]|0x3c746667
11:21:56.0 (504553309)|STATEMENT_EXECUTE|[12]
11:21:56.0 (505010141)|VARIABLE_ASSIGNMENT|[12]|this.newRecordsMap|{"801g800000DSicwAAD":{"Status":"Draft","LastModifiedDate":"2026-04-30T14:21:56.000Z","Country__c":"a03g8000004x8aeAAA","IsDeleted":false,"AccountId":"001g800000DSicvAAD","FreightType__c":"CIF","OrderNumber":"00000132","TotalAmount":2460541.90,"StatusCode":"Draft","PaymentCondition__c":"a07g8000004MONnAAO","IsReductionOrder":false,"SystemModstamp":"2026-04-30T14:21:56.000Z","City__c":"a05g8000001KAc9AAG","OwnerId":"005g80000010N45AAE","CreatedById":"005g80000010N45AAE","DistributionCenter__c":"a06g8000000wkLpAAI","CreatedDate":"2026-04-30T14:21:56.000Z","Pricebook2Id":"01sg80000015mKTAAY","Id":"801g800000DSicwAAD","LastModifiedById":"005g80000010N45AAE","State__c":"a04g8000000QmaTAAS","EffectiveDate":"2026-04-27T00:00:00.000Z"}}|0x3c746667
11:21:56.0 (505019366)|STATEMENT_EXECUTE|[13]
11:21:56.0 (505430259)|VARIABLE_ASSIGNMENT|[13]|this.oldRecordsMap|{"801g800000DSicwAAD":{"Status":"Draft","LastModifiedDate":"2026-04-30T14:21:56.000Z","Country__c":"a03g8000004x8aeAAA","IsDeleted":false,"AccountId":"001g800000DSicvAAD","FreightType__c":"CIF","OrderNumber":"00000132","TotalAmount":0.00,"StatusCode":"Draft","PaymentCondition__c":"a07g8000004MONnAAO","IsReductionOrder":false,"SystemModstamp":"2026-04-30T14:21:56.000Z","City__c":"a05g8000001KAc9AAG","OwnerId":"005g80000010N45AAE","CreatedById":"005g80000010N45AAE","DistributionCenter__c":"a06g8000000wkLpAAI","CreatedDate":"2026-04-30T14:21:56.000Z","Pricebook2Id":"01sg80000015mKTAAY","Id":"801g800000DSicwAAD","LastModifiedById":"005g80000010N45AAE","State__c":"a04g8000000QmaTAAS","EffectiveDate":"2026-04-27T00:00:00.000Z"}}|0x3c746667
11:21:56.0 (505445387)|CONSTRUCTOR_EXIT|[2]|01pg8000001LXzh|<init>()|OrderHandler
11:21:56.0 (505456019)|METHOD_ENTRY|[2]|01pg80000019iSf|TriggerHandler.run()
11:21:56.0 (505462103)|VARIABLE_SCOPE_BEGIN|[120]|this|TriggerHandler|true|false
11:21:56.0 (505521576)|VARIABLE_ASSIGNMENT|[120]|this|{"newRecords":"0x34467af2","newRecordsMap":"0x4a5aa021","oldRecords":"0x608e18e8","oldRecordsMap":"0x153b8f3e","handlerName":"OrderHandler","isTriggerExecuting":true,"triggerEvent":"0x28b58df0"}|0x3c746667
11:21:56.0 (505528148)|STATEMENT_EXECUTE|[120]
11:21:56.0 (505532486)|METHOD_ENTRY|[121]|01pg80000019iSf|TriggerHandler.validateRun()
11:21:56.0 (505535724)|VARIABLE_SCOPE_BEGIN|[661]|this|TriggerHandler|true|false
11:21:56.0 (505547266)|VARIABLE_ASSIGNMENT|[661]|this|{"newRecords":"0x34467af2","newRecordsMap":"0x4a5aa021","oldRecords":"0x608e18e8","oldRecordsMap":"0x153b8f3e","handlerName":"OrderHandler","isTriggerExecuting":true,"triggerEvent":"0x28b58df0"}|0x3c746667
11:21:56.0 (505551662)|STATEMENT_EXECUTE|[661]
11:21:56.0 (505556965)|STATEMENT_EXECUTE|[662]
11:21:56.0 (505558332)|STATEMENT_EXECUTE|[665]
11:21:56.0 (505563633)|METHOD_ENTRY|[665]|01pg80000019iSf|TriggerHandler.getHandlerName()
11:21:56.0 (505566290)|VARIABLE_SCOPE_BEGIN|[680]|this|TriggerHandler|true|false
11:21:56.0 (505575694)|VARIABLE_ASSIGNMENT|[680]|this|{"newRecords":"0x34467af2","newRecordsMap":"0x4a5aa021","oldRecords":"0x608e18e8","oldRecordsMap":"0x153b8f3e","handlerName":"OrderHandler","isTriggerExecuting":true,"triggerEvent":"0x28b58df0"}|0x3c746667
11:21:56.0 (505579699)|STATEMENT_EXECUTE|[680]
11:21:56.0 (505600180)|STATEMENT_EXECUTE|[681]
11:21:56.0 (505601206)|STATEMENT_EXECUTE|[684]
11:21:56.0 (505604770)|METHOD_EXIT|[665]|01pg80000019iSf|TriggerHandler.getHandlerName()
11:21:56.0 (505696365)|METHOD_EXIT|[121]|01pg80000019iSf|TriggerHandler.validateRun()
11:21:56.0 (505700063)|STATEMENT_EXECUTE|[121]
11:21:56.0 (505703110)|METHOD_ENTRY|[126]|01pg80000019iSf|TriggerHandler.incrementCheckLoopCount()
11:21:56.0 (505706327)|VARIABLE_SCOPE_BEGIN|[634]|this|TriggerHandler|true|false
11:21:56.0 (505716983)|VARIABLE_ASSIGNMENT|[634]|this|{"newRecords":"0x34467af2","newRecordsMap":"0x4a5aa021","oldRecords":"0x608e18e8","oldRecordsMap":"0x153b8f3e","handlerName":"OrderHandler","isTriggerExecuting":true,"triggerEvent":"0x28b58df0"}|0x3c746667
11:21:56.0 (505721883)|STATEMENT_EXECUTE|[634]
11:21:56.0 (505722760)|STATEMENT_EXECUTE|[635]
11:21:56.0 (505724870)|METHOD_ENTRY|[635]|01pg80000019iSf|TriggerHandler.getHandlerName()
11:21:56.0 (505726965)|VARIABLE_SCOPE_BEGIN|[680]|this|TriggerHandler|true|false
11:21:56.0 (505735381)|VARIABLE_ASSIGNMENT|[680]|this|{"newRecords":"0x34467af2","newRecordsMap":"0x4a5aa021","oldRecords":"0x608e18e8","oldRecordsMap":"0x153b8f3e","handlerName":"OrderHandler","isTriggerExecuting":true,"triggerEvent":"0x28b58df0"}|0x3c746667
11:21:56.0 (505738753)|STATEMENT_EXECUTE|[680]
11:21:56.0 (505745643)|STATEMENT_EXECUTE|[681]
11:21:56.0 (505746560)|STATEMENT_EXECUTE|[684]
11:21:56.0 (505748050)|METHOD_EXIT|[635]|01pg80000019iSf|TriggerHandler.getHandlerName()
11:21:56.0 (505751494)|VARIABLE_SCOPE_BEGIN|[635]|handlerName|String|false|false
11:21:56.0 (505757305)|VARIABLE_ASSIGNMENT|[635]|handlerName|"OrderHandler"
11:21:56.0 (505767216)|STATEMENT_EXECUTE|[636]
11:21:56.0 (505768434)|STATEMENT_EXECUTE|[649]
11:21:56.0 (505770081)|METHOD_EXIT|[126]|01pg80000019iSf|TriggerHandler.incrementCheckLoopCount()
11:21:56.0 (505772769)|STATEMENT_EXECUTE|[126]
11:21:56.0 (505774934)|STATEMENT_EXECUTE|[130]
11:21:56.0 (505776009)|STATEMENT_EXECUTE|[135]
11:21:56.0 (505887621)|STATEMENT_EXECUTE|[148]
11:21:56.0 (505888766)|STATEMENT_EXECUTE|[149]
11:21:56.0 (505904427)|METHOD_ENTRY|[149]|01pg8000001LXzh|OrderHandler.afterUpdate()
11:21:56.0 (505918633)|VARIABLE_SCOPE_BEGIN|[20]|this|OrderHandler|true|false
11:21:56.0 (505930497)|VARIABLE_ASSIGNMENT|[20]|this|{"newRecords":"0x34467af2","newRecordsMap":"0x4a5aa021","oldRecords":"0x608e18e8","oldRecordsMap":"0x153b8f3e","handlerName":"OrderHandler","isTriggerExecuting":true,"triggerEvent":"0x28b58df0"}|0x3c746667
11:21:56.0 (505935057)|STATEMENT_EXECUTE|[20]
11:21:56.0 (505936091)|STATEMENT_EXECUTE|[21]
11:21:56.0 (505941860)|METHOD_ENTRY|[21]|01pg8000001LXzh|OrderHandler.checkActiveOrder()
11:21:56.0 (505947477)|VARIABLE_SCOPE_BEGIN|[30]|this|OrderHandler|true|false
11:21:56.0 (505956767)|VARIABLE_ASSIGNMENT|[30]|this|{"newRecords":"0x34467af2","newRecordsMap":"0x4a5aa021","oldRecords":"0x608e18e8","oldRecordsMap":"0x153b8f3e","handlerName":"OrderHandler","isTriggerExecuting":true,"triggerEvent":"0x28b58df0"}|0x3c746667
11:21:56.0 (505960830)|STATEMENT_EXECUTE|[30]
11:21:56.0 (505961903)|STATEMENT_EXECUTE|[31]
11:21:56.0 (505964646)|VARIABLE_SCOPE_BEGIN|[31]|listaParaValidar|List<Order>|true|false
11:21:56.0 (505969557)|VARIABLE_ASSIGNMENT|[31]|listaParaValidar|null|
11:21:56.0 (505976422)|STATEMENT_EXECUTE|[35]
11:21:56.0 (505977407)|STATEMENT_EXECUTE|[36]
11:21:56.0 (506488035)|VARIABLE_ASSIGNMENT|[36]|listaParaValidar|[{"Status":"Draft","LastModifiedDate":"2026-04-30T14:21:56.000Z","Country__c":"a03g8000004x8aeAAA","IsDeleted":false,"AccountId":"001g800000DSicvAAD","FreightType__c":"CIF","OrderNumber":"00000132","TotalAmount":2460541.90,"StatusCode":"Draft","PaymentCondition__c":"a07g8000004MONnAAO","IsReductionOrder":false,"SystemModstamp":"2026-04-30T14:21:56.000Z","City__c":"a05g8000001KAc9AAG","OwnerId":"005g80000010N45AAE","CreatedById":"005g80000010N45AAE","DistributionCenter__c":"a06g8000000wkLpAAI","CreatedDate":"2026-04-30T14:21:56.000Z","Pricebook2Id":"01sg80000015mKTAAY","Id":"801g800000DSicwAAD","LastModifiedById":"005g80000010N45AAE","State__c":"a04g8000000QmaTAAS","EffectiveDate":"2026-04-27T00:00:00.000Z"}]|0x34467af2
11:21:56.0 (506524980)|HEAP_ALLOCATE|[40]|Bytes:5
11:21:56.0 (506547395)|VARIABLE_SCOPE_BEGIN|[40]|pedido|Order|true|false
11:21:56.0 (506987461)|VARIABLE_ASSIGNMENT|[40]|pedido|{"Status":"Draft","LastModifiedDate":"2026-04-30T14:21:56.000Z","Country__c":"a03g8000004x8aeAAA","IsDeleted":false,"AccountId":"001g800000DSicvAAD","FreightType__c":"CIF","OrderNumber":"00000132","TotalAmount":2460541.90,"StatusCode":"Draft","PaymentCondition__c":"a07g8000004MONnAAO","IsReductionOrder":false,"SystemModstamp":"2026-04-30T14:21:56.000Z","City__c":"a05g8000001KAc9AAG","OwnerId":"005g80000010N45AAE","CreatedById":"005g80000010N45AAE","DistributionCenter__c":"a06g8000000wkLpAAI","CreatedDate":"2026-04-30T14:21:56.000Z","Pricebook2Id":"01sg80000015mKTAAY","Id":"801g800000DSicwAAD","LastModifiedById":"005g80000010N45AAE","State__c":"a04g8000000QmaTAAS","EffectiveDate":"2026-04-27T00:00:00.000Z"}|0xd69174d
11:21:56.0 (506998013)|STATEMENT_EXECUTE|[40]
11:21:56.0 (506999011)|STATEMENT_EXECUTE|[42]
11:21:56.0 (507022049)|VARIABLE_SCOPE_BEGIN|[42]|pedidoAntigo|Order|true|false
11:21:56.0 (507435000)|VARIABLE_ASSIGNMENT|[42]|pedidoAntigo|{"Status":"Draft","LastModifiedDate":"2026-04-30T14:21:56.000Z","Country__c":"a03g8000004x8aeAAA","IsDeleted":false,"AccountId":"001g800000DSicvAAD","FreightType__c":"CIF","OrderNumber":"00000132","TotalAmount":0.00,"StatusCode":"Draft","PaymentCondition__c":"a07g8000004MONnAAO","IsReductionOrder":false,"SystemModstamp":"2026-04-30T14:21:56.000Z","City__c":"a05g8000001KAc9AAG","OwnerId":"005g80000010N45AAE","CreatedById":"005g80000010N45AAE","DistributionCenter__c":"a06g8000000wkLpAAI","CreatedDate":"2026-04-30T14:21:56.000Z","Pricebook2Id":"01sg80000015mKTAAY","Id":"801g800000DSicwAAD","LastModifiedById":"005g80000010N45AAE","State__c":"a04g8000000QmaTAAS","EffectiveDate":"2026-04-27T00:00:00.000Z"}|0x1db01750
11:21:56.0 (507443536)|STATEMENT_EXECUTE|[45]
11:21:56.0 (507450031)|VARIABLE_SCOPE_BEGIN|[45]|validacaoStatus|String|false|false
11:21:56.0 (507455229)|VARIABLE_ASSIGNMENT|[45]|validacaoStatus|"Draft"
11:21:56.0 (507463239)|HEAP_ALLOCATE|[40]|Bytes:5
11:21:56.0 (507469294)|VARIABLE_ASSIGNMENT|[40]|pedido|null|
11:21:56.0 (507475324)|METHOD_EXIT|[21]|01pg8000001LXzh|OrderHandler.checkActiveOrder()
11:21:56.0 (507478137)|STATEMENT_EXECUTE|[22]
11:21:56.0 (507485473)|METHOD_ENTRY|[22]|01pg8000001LXzh|OrderHandler.itemsRecalculation()
11:21:56.0 (507506315)|VARIABLE_SCOPE_BEGIN|[54]|this|OrderHandler|true|false
11:21:56.0 (507531306)|VARIABLE_ASSIGNMENT|[54]|this|{"newRecords":"0x34467af2","newRecordsMap":"0x4a5aa021","oldRecords":"0x608e18e8","oldRecordsMap":"0x153b8f3e","handlerName":"OrderHandler","isTriggerExecuting":true,"triggerEvent":"0x28b58df0"}|0x3c746667
11:21:56.0 (507536456)|STATEMENT_EXECUTE|[54]
11:21:56.0 (507537366)|STATEMENT_EXECUTE|[55]
11:21:56.0 (507550960)|HEAP_ALLOCATE|[55]|Bytes:4
11:21:56.0 (507576057)|VARIABLE_SCOPE_BEGIN|[55]|ordersToRecalculate|Set<Id>|true|false
11:21:56.0 (507602037)|VARIABLE_ASSIGNMENT|[55]|ordersToRecalculate|[]|0x295f545f
11:21:56.0 (507624455)|HEAP_ALLOCATE|[57]|Bytes:5
11:21:56.0 (507632014)|VARIABLE_SCOPE_BEGIN|[57]|pedido|Order|true|false
11:21:56.0 (508065104)|VARIABLE_ASSIGNMENT|[57]|pedido|{"Status":"Draft","LastModifiedDate":"2026-04-30T14:21:56.000Z","Country__c":"a03g8000004x8aeAAA","IsDeleted":false,"AccountId":"001g800000DSicvAAD","FreightType__c":"CIF","OrderNumber":"00000132","TotalAmount":2460541.90,"StatusCode":"Draft","PaymentCondition__c":"a07g8000004MONnAAO","IsReductionOrder":false,"SystemModstamp":"2026-04-30T14:21:56.000Z","City__c":"a05g8000001KAc9AAG","OwnerId":"005g80000010N45AAE","CreatedById":"005g80000010N45AAE","DistributionCenter__c":"a06g8000000wkLpAAI","CreatedDate":"2026-04-30T14:21:56.000Z","Pricebook2Id":"01sg80000015mKTAAY","Id":"801g800000DSicwAAD","LastModifiedById":"005g80000010N45AAE","State__c":"a04g8000000QmaTAAS","EffectiveDate":"2026-04-27T00:00:00.000Z"}|0xd69174d
11:21:56.0 (508074867)|STATEMENT_EXECUTE|[57]
11:21:56.0 (508075794)|STATEMENT_EXECUTE|[58]
11:21:56.0 (508100174)|VARIABLE_SCOPE_BEGIN|[58]|pedidoAntigo|Order|true|false
11:21:56.0 (508537819)|VARIABLE_ASSIGNMENT|[58]|pedidoAntigo|{"Status":"Draft","LastModifiedDate":"2026-04-30T14:21:56.000Z","Country__c":"a03g8000004x8aeAAA","IsDeleted":false,"AccountId":"001g800000DSicvAAD","FreightType__c":"CIF","OrderNumber":"00000132","TotalAmount":0.00,"StatusCode":"Draft","PaymentCondition__c":"a07g8000004MONnAAO","IsReductionOrder":false,"SystemModstamp":"2026-04-30T14:21:56.000Z","City__c":"a05g8000001KAc9AAG","OwnerId":"005g80000010N45AAE","CreatedById":"005g80000010N45AAE","DistributionCenter__c":"a06g8000000wkLpAAI","CreatedDate":"2026-04-30T14:21:56.000Z","Pricebook2Id":"01sg80000015mKTAAY","Id":"801g800000DSicwAAD","LastModifiedById":"005g80000010N45AAE","State__c":"a04g8000000QmaTAAS","EffectiveDate":"2026-04-27T00:00:00.000Z"}|0x1db01750
11:21:56.0 (508623173)|STATEMENT_EXECUTE|[60]
11:21:56.0 (508630653)|HEAP_ALLOCATE|[57]|Bytes:5
11:21:56.0 (508637583)|VARIABLE_ASSIGNMENT|[57]|pedido|null|
11:21:56.0 (508650902)|STATEMENT_EXECUTE|[67]
11:21:56.0 (508655835)|METHOD_EXIT|[22]|01pg8000001LXzh|OrderHandler.itemsRecalculation()
11:21:56.0 (508662916)|METHOD_EXIT|[149]|01pg8000001LXzh|OrderHandler.afterUpdate()
11:21:56.0 (508665964)|STATEMENT_EXECUTE|[158]
11:21:56.0 (508670520)|METHOD_ENTRY|[158]|01pg80000019iSf|TriggerHandler.andFinally()
11:21:56.0 (508673823)|VARIABLE_SCOPE_BEGIN|[746]|this|TriggerHandler|true|false
11:21:56.0 (508697111)|VARIABLE_ASSIGNMENT|[746]|this|{"newRecords":"0x34467af2","newRecordsMap":"0x4a5aa021","oldRecords":"0x608e18e8","oldRecordsMap":"0x153b8f3e","handlerName":"OrderHandler","isTriggerExecuting":true,"triggerEvent":"0x28b58df0"}|0x3c746667
11:21:56.0 (508702339)|STATEMENT_EXECUTE|[746]
11:21:56.0 (508704118)|METHOD_EXIT|[158]|01pg80000019iSf|TriggerHandler.andFinally()
11:21:56.0 (508707408)|STATEMENT_EXECUTE|[160]
11:21:56.0 (508709707)|STATEMENT_EXECUTE|[176]
11:21:56.0 (508711728)|METHOD_EXIT|[2]|01pg80000019iSf|TriggerHandler.run()
11:21:56.508 (508719563)|CUMULATIVE_LIMIT_USAGE
11:21:56.508 (508719563)|LIMIT_USAGE_FOR_NS|(default)|
  Number of SOQL queries: 8 out of 100
  Number of query rows: 26 out of 50000
  Number of SOSL queries: 0 out of 20
  Number of DML statements: 0 out of 150
  Number of Publish Immediate DML: 0 out of 150
  Number of DML rows: 0 out of 10000
  Maximum CPU time: 123 out of 10000
  Maximum heap size: 0 out of 6000000
  Number of callouts: 0 out of 100
  Number of Email Invocations: 0 out of 10
  Number of future calls: 0 out of 50
  Number of queueable jobs added to the queue: 0 out of 50
  Number of Mobile Apex push calls: 0 out of 10

11:21:56.508 (508719563)|CUMULATIVE_LIMIT_USAGE_END

11:21:56.0 (508934035)|CODE_UNIT_FINISHED|OrderTrigger on Order trigger event AfterUpdate|__sfdc_trigger/OrderTrigger
11:21:56.0 (514961239)|CODE_UNIT_FINISHED|TRIGGERS
11:21:56.0 (514979426)|EXECUTION_FINISHED
